<?xml version="1.0" encoding="utf-8"?>
<!-- Solvency II Taxonomy - 2011-06-30 -->
<!-- Copyright (C) 2011 European Insurance and Occupational Pensions Authority -->
<link:linkbase xmlns:xsi="http://www.w3.org/2001/XMLSchema-instance"
  xmlns:link="http://www.xbrl.org/2003/linkbase"
  xmlns:xbrli="http://www.xbrl.org/2003/instance"
  xmlns:xbrldt="http://xbrl.org/2005/xbrldt"
  xmlns:xlink="http://www.w3.org/1999/xlink"
  xmlns:generic="http://xbrl.org/2008/generic"
  xmlns:ref-surfi="http://www.eiopa.europa.eu/pr/solvencyii/reference-elements"
  xmlns:of-which="http://www.eiopa.europa.eu/pr/solvencyii/including-included"
  xsi:schemaLocation="http://www.xbrl.org/2003/linkbase http://www.xbrl.org/2003/xbrl-linkbase-2003-12-31.xsd"
  >
  <link:roleRef roleURI="http://www.eiopa.europa.eu/pr/solvencyii/role/code" xlink:type="simple" xlink:href="primary-types-2011-06-30.xsd#code"/>
  <link:labelLink xlink:type="extended" xlink:role="http://www.xbrl.org/2003/role/link">
    <link:loc xlink:type="locator" xlink:href="d-eiy-2011-06-30.xsd#d-eiy_ExpectedInflationYearsDimension" xlink:label="d-eiy_ExpectedInflationYearsDimension" xlink:title="d-eiy_ExpectedInflationYearsDimension"/>
    <link:label xlink:type="resource" xlink:role="http://www.xbrl.org/2003/role/label" xlink:label="label_d-eiy_ExpectedInflationYearsDimension_001" xlink:title="label_d-eiy_ExpectedInflationYearsDimension_001" id="label_d-eiy_ExpectedInflationYearsDimension_001" xml:lang="en">Expected inflation years (Dimension)</link:label>
    <link:labelArc xlink:type="arc" xlink:arcrole="http://www.xbrl.org/2003/arcrole/concept-label" xlink:from="d-eiy_ExpectedInflationYearsDimension" xlink:to="label_d-eiy_ExpectedInflationYearsDimension_001" xlink:title="d-eiy_ExpectedInflationYearsDimension to label_d-eiy_ExpectedInflationYearsDimension_001"/>
    <link:label xlink:type="resource" xlink:role="http://www.eiopa.europa.eu/pr/solvencyii/role/code" xlink:label="label_d-eiy_ExpectedInflationYearsDimension_002" xlink:title="label_d-eiy_ExpectedInflationYearsDimension_002" id="label_d-eiy_ExpectedInflationYearsDimension_002" xml:lang="en">EIY</link:label>
    <link:labelArc xlink:type="arc" xlink:arcrole="http://www.xbrl.org/2003/arcrole/concept-label" xlink:from="d-eiy_ExpectedInflationYearsDimension" xlink:to="label_d-eiy_ExpectedInflationYearsDimension_002" xlink:title="d-eiy_ExpectedInflationYearsDimension to label_d-eiy_ExpectedInflationYearsDimension_002"/>
    <link:loc xlink:type="locator" xlink:href="d-eiy-2011-06-30.xsd#d-eiy_ExpectedInflationYearsDomain" xlink:label="d-eiy_ExpectedInflationYearsDomain" xlink:title="d-eiy_ExpectedInflationYearsDomain"/>
    <link:label xlink:type="resource" xlink:role="http://www.xbrl.org/2003/role/label" xlink:label="label_d-eiy_ExpectedInflationYearsDomain_001" xlink:title="label_d-eiy_ExpectedInflationYearsDomain_001" id="label_d-eiy_ExpectedInflationYearsDomain_001" xml:lang="en">Expected inflation years (Domain)</link:label>
    <link:labelArc xlink:type="arc" xlink:arcrole="http://www.xbrl.org/2003/arcrole/concept-label" xlink:from="d-eiy_ExpectedInflationYearsDomain" xlink:to="label_d-eiy_ExpectedInflationYearsDomain_001" xlink:title="d-eiy_ExpectedInflationYearsDomain to label_d-eiy_ExpectedInflationYearsDomain_001"/>
    <link:loc xlink:type="locator" xlink:href="d-eiy-2011-06-30.xsd#d-eiy_YearN1" xlink:label="d-eiy_YearN1" xlink:title="d-eiy_YearN1"/>
    <link:label xlink:type="resource" xlink:role="http://www.xbrl.org/2003/role/label" xlink:label="label_d-eiy_YearN1_001" xlink:title="label_d-eiy_YearN1_001" id="label_d-eiy_YearN1_001" xml:lang="en">Year n+1</link:label>
    <link:labelArc xlink:type="arc" xlink:arcrole="http://www.xbrl.org/2003/arcrole/concept-label" xlink:from="d-eiy_YearN1" xlink:to="label_d-eiy_YearN1_001" xlink:title="d-eiy_YearN1 to label_d-eiy_YearN1_001"/>
    <link:label xlink:type="resource" xlink:role="http://www.eiopa.europa.eu/pr/solvencyii/role/code" xlink:label="label_d-eiy_YearN1_002" xlink:title="label_d-eiy_YearN1_002" id="label_d-eiy_YearN1_002" xml:lang="en">EIY1</link:label>
    <link:labelArc xlink:type="arc" xlink:arcrole="http://www.xbrl.org/2003/arcrole/concept-label" xlink:from="d-eiy_YearN1" xlink:to="label_d-eiy_YearN1_002" xlink:title="d-eiy_YearN1 to label_d-eiy_YearN1_002"/>
    <link:loc xlink:type="locator" xlink:href="d-eiy-2011-06-30.xsd#d-eiy_YearN2" xlink:label="d-eiy_YearN2" xlink:title="d-eiy_YearN2"/>
    <link:label xlink:type="resource" xlink:role="http://www.xbrl.org/2003/role/label" xlink:label="label_d-eiy_YearN2_001" xlink:title="label_d-eiy_YearN2_001" id="label_d-eiy_YearN2_001" xml:lang="en">Year n+2</link:label>
    <link:labelArc xlink:type="arc" xlink:arcrole="http://www.xbrl.org/2003/arcrole/concept-label" xlink:from="d-eiy_YearN2" xlink:to="label_d-eiy_YearN2_001" xlink:title="d-eiy_YearN2 to label_d-eiy_YearN2_001"/>
    <link:label xlink:type="resource" xlink:role="http://www.eiopa.europa.eu/pr/solvencyii/role/code" xlink:label="label_d-eiy_YearN2_002" xlink:title="label_d-eiy_YearN2_002" id="label_d-eiy_YearN2_002" xml:lang="en">EIY2</link:label>
    <link:labelArc xlink:type="arc" xlink:arcrole="http://www.xbrl.org/2003/arcrole/concept-label" xlink:from="d-eiy_YearN2" xlink:to="label_d-eiy_YearN2_002" xlink:title="d-eiy_YearN2 to label_d-eiy_YearN2_002"/>
    <link:loc xlink:type="locator" xlink:href="d-eiy-2011-06-30.xsd#d-eiy_YearN3" xlink:label="d-eiy_YearN3" xlink:title="d-eiy_YearN3"/>
    <link:label xlink:type="resource" xlink:role="http://www.xbrl.org/2003/role/label" xlink:label="label_d-eiy_YearN3_001" xlink:title="label_d-eiy_YearN3_001" id="label_d-eiy_YearN3_001" xml:lang="en">Year n+3</link:label>
    <link:labelArc xlink:type="arc" xlink:arcrole="http://www.xbrl.org/2003/arcrole/concept-label" xlink:from="d-eiy_YearN3" xlink:to="label_d-eiy_YearN3_001" xlink:title="d-eiy_YearN3 to label_d-eiy_YearN3_001"/>
    <link:label xlink:type="resource" xlink:role="http://www.eiopa.europa.eu/pr/solvencyii/role/code" xlink:label="label_d-eiy_YearN3_002" xlink:title="label_d-eiy_YearN3_002" id="label_d-eiy_YearN3_002" xml:lang="en">EIY3</link:label>
    <link:labelArc xlink:type="arc" xlink:arcrole="http://www.xbrl.org/2003/arcrole/concept-label" xlink:from="d-eiy_YearN3" xlink:to="label_d-eiy_YearN3_002" xlink:title="d-eiy_YearN3 to label_d-eiy_YearN3_002"/>
    <link:loc xlink:type="locator" xlink:href="d-eiy-2011-06-30.xsd#d-eiy_YearN4" xlink:label="d-eiy_YearN4" xlink:title="d-eiy_YearN4"/>
    <link:label xlink:type="resource" xlink:role="http://www.xbrl.org/2003/role/label" xlink:label="label_d-eiy_YearN4_001" xlink:title="label_d-eiy_YearN4_001" id="label_d-eiy_YearN4_001" xml:lang="en">Year n+4</link:label>
    <link:labelArc xlink:type="arc" xlink:arcrole="http://www.xbrl.org/2003/arcrole/concept-label" xlink:from="d-eiy_YearN4" xlink:to="label_d-eiy_YearN4_001" xlink:title="d-eiy_YearN4 to label_d-eiy_YearN4_001"/>
    <link:label xlink:type="resource" xlink:role="http://www.eiopa.europa.eu/pr/solvencyii/role/code" xlink:label="label_d-eiy_YearN4_002" xlink:title="label_d-eiy_YearN4_002" id="label_d-eiy_YearN4_002" xml:lang="en">EIY4</link:label>
    <link:labelArc xlink:type="arc" xlink:arcrole="http://www.xbrl.org/2003/arcrole/concept-label" xlink:from="d-eiy_YearN4" xlink:to="label_d-eiy_YearN4_002" xlink:title="d-eiy_YearN4 to label_d-eiy_YearN4_002"/>
    <link:loc xlink:type="locator" xlink:href="d-eiy-2011-06-30.xsd#d-eiy_YearN5" xlink:label="d-eiy_YearN5" xlink:title="d-eiy_YearN5"/>
    <link:label xlink:type="resource" xlink:role="http://www.xbrl.org/2003/role/label" xlink:label="label_d-eiy_YearN5_001" xlink:title="label_d-eiy_YearN5_001" id="label_d-eiy_YearN5_001" xml:lang="en">Year n+5</link:label>
    <link:labelArc xlink:type="arc" xlink:arcrole="http://www.xbrl.org/2003/arcrole/concept-label" xlink:from="d-eiy_YearN5" xlink:to="label_d-eiy_YearN5_001" xlink:title="d-eiy_YearN5 to label_d-eiy_YearN5_001"/>
    <link:label xlink:type="resource" xlink:role="http://www.eiopa.europa.eu/pr/solvencyii/role/code" xlink:label="label_d-eiy_YearN5_002" xlink:title="label_d-eiy_YearN5_002" id="label_d-eiy_YearN5_002" xml:lang="en">EIY5</link:label>
    <link:labelArc xlink:type="arc" xlink:arcrole="http://www.xbrl.org/2003/arcrole/concept-label" xlink:from="d-eiy_YearN5" xlink:to="label_d-eiy_YearN5_002" xlink:title="d-eiy_YearN5 to label_d-eiy_YearN5_002"/>
    <link:loc xlink:type="locator" xlink:href="d-eiy-2011-06-30.xsd#d-eiy_YearN6" xlink:label="d-eiy_YearN6" xlink:title="d-eiy_YearN6"/>
    <link:label xlink:type="resource" xlink:role="http://www.xbrl.org/2003/role/label" xlink:label="label_d-eiy_YearN6_001" xlink:title="label_d-eiy_YearN6_001" id="label_d-eiy_YearN6_001" xml:lang="en">Year n+6</link:label>
    <link:labelArc xlink:type="arc" xlink:arcrole="http://www.xbrl.org/2003/arcrole/concept-label" xlink:from="d-eiy_YearN6" xlink:to="label_d-eiy_YearN6_001" xlink:title="d-eiy_YearN6 to label_d-eiy_YearN6_001"/>
    <link:label xlink:type="resource" xlink:role="http://www.eiopa.europa.eu/pr/solvencyii/role/code" xlink:label="label_d-eiy_YearN6_002" xlink:title="label_d-eiy_YearN6_002" id="label_d-eiy_YearN6_002" xml:lang="en">EIY6</link:label>
    <link:labelArc xlink:type="arc" xlink:arcrole="http://www.xbrl.org/2003/arcrole/concept-label" xlink:from="d-eiy_YearN6" xlink:to="label_d-eiy_YearN6_002" xlink:title="d-eiy_YearN6 to label_d-eiy_YearN6_002"/>
    <link:loc xlink:type="locator" xlink:href="d-eiy-2011-06-30.xsd#d-eiy_YearN7" xlink:label="d-eiy_YearN7" xlink:title="d-eiy_YearN7"/>
    <link:label xlink:type="resource" xlink:role="http://www.xbrl.org/2003/role/label" xlink:label="label_d-eiy_YearN7_001" xlink:title="label_d-eiy_YearN7_001" id="label_d-eiy_YearN7_001" xml:lang="en">Year n+7</link:label>
    <link:labelArc xlink:type="arc" xlink:arcrole="http://www.xbrl.org/2003/arcrole/concept-label" xlink:from="d-eiy_YearN7" xlink:to="label_d-eiy_YearN7_001" xlink:title="d-eiy_YearN7 to label_d-eiy_YearN7_001"/>
    <link:label xlink:type="resource" xlink:role="http://www.eiopa.europa.eu/pr/solvencyii/role/code" xlink:label="label_d-eiy_YearN7_002" xlink:title="label_d-eiy_YearN7_002" id="label_d-eiy_YearN7_002" xml:lang="en">EIY7</link:label>
    <link:labelArc xlink:type="arc" xlink:arcrole="http://www.xbrl.org/2003/arcrole/concept-label" xlink:from="d-eiy_YearN7" xlink:to="label_d-eiy_YearN7_002" xlink:title="d-eiy_YearN7 to label_d-eiy_YearN7_002"/>
    <link:loc xlink:type="locator" xlink:href="d-eiy-2011-06-30.xsd#d-eiy_YearN8" xlink:label="d-eiy_YearN8" xlink:title="d-eiy_YearN8"/>
    <link:label xlink:type="resource" xlink:role="http://www.xbrl.org/2003/role/label" xlink:label="label_d-eiy_YearN8_001" xlink:title="label_d-eiy_YearN8_001" id="label_d-eiy_YearN8_001" xml:lang="en">Year n+8</link:label>
    <link:labelArc xlink:type="arc" xlink:arcrole="http://www.xbrl.org/2003/arcrole/concept-label" xlink:from="d-eiy_YearN8" xlink:to="label_d-eiy_YearN8_001" xlink:title="d-eiy_YearN8 to label_d-eiy_YearN8_001"/>
    <link:label xlink:type="resource" xlink:role="http://www.eiopa.europa.eu/pr/solvencyii/role/code" xlink:label="label_d-eiy_YearN8_002" xlink:title="label_d-eiy_YearN8_002" id="label_d-eiy_YearN8_002" xml:lang="en">EIY8</link:label>
    <link:labelArc xlink:type="arc" xlink:arcrole="http://www.xbrl.org/2003/arcrole/concept-label" xlink:from="d-eiy_YearN8" xlink:to="label_d-eiy_YearN8_002" xlink:title="d-eiy_YearN8 to label_d-eiy_YearN8_002"/>
    <link:loc xlink:type="locator" xlink:href="d-eiy-2011-06-30.xsd#d-eiy_YearN9" xlink:label="d-eiy_YearN9" xlink:title="d-eiy_YearN9"/>
    <link:label xlink:type="resource" xlink:role="http://www.xbrl.org/2003/role/label" xlink:label="label_d-eiy_YearN9_001" xlink:title="label_d-eiy_YearN9_001" id="label_d-eiy_YearN9_001" xml:lang="en">Year n+9</link:label>
    <link:labelArc xlink:type="arc" xlink:arcrole="http://www.xbrl.org/2003/arcrole/concept-label" xlink:from="d-eiy_YearN9" xlink:to="label_d-eiy_YearN9_001" xlink:title="d-eiy_YearN9 to label_d-eiy_YearN9_001"/>
    <link:label xlink:type="resource" xlink:role="http://www.eiopa.europa.eu/pr/solvencyii/role/code" xlink:label="label_d-eiy_YearN9_002" xlink:title="label_d-eiy_YearN9_002" id="label_d-eiy_YearN9_002" xml:lang="en">EIY9</link:label>
    <link:labelArc xlink:type="arc" xlink:arcrole="http://www.xbrl.org/2003/arcrole/concept-label" xlink:from="d-eiy_YearN9" xlink:to="label_d-eiy_YearN9_002" xlink:title="d-eiy_YearN9 to label_d-eiy_YearN9_002"/>
  </link:labelLink>
</link:linkbase>
