<?xml version="1.0" encoding="utf-8"?>
<!-- Solvency II Taxonomy - 2011-06-30 -->
<!-- Copyright (C) 2011 European Insurance and Occupational Pensions Authority -->
<link:linkbase xmlns:xsi="http://www.w3.org/2001/XMLSchema-instance"
  xmlns:link="http://www.xbrl.org/2003/linkbase"
  xmlns:xbrli="http://www.xbrl.org/2003/instance"
  xmlns:xbrldt="http://xbrl.org/2005/xbrldt"
  xmlns:xlink="http://www.w3.org/1999/xlink"
  xmlns:generic="http://xbrl.org/2008/generic"
  xmlns:ref-surfi="http://www.eiopa.europa.eu/pr/solvencyii/reference-elements"
  xmlns:of-which="http://www.eiopa.europa.eu/pr/solvencyii/including-included"
  xsi:schemaLocation="http://www.xbrl.org/2003/linkbase http://www.xbrl.org/2003/xbrl-linkbase-2003-12-31.xsd"
  >
  <link:roleRef roleURI="http://www.eiopa.europa.eu/pr/solvencyii/role/code" xlink:type="simple" xlink:href="primary-types-2011-06-30.xsd#code"/>
  <link:labelLink xlink:type="extended" xlink:role="http://www.xbrl.org/2003/role/link">
    <link:loc xlink:type="locator" xlink:href="d-hiy-2011-06-30.xsd#d-hiy_HistoricalInflationYearsDimension" xlink:label="d-hiy_HistoricalInflationYearsDimension" xlink:title="d-hiy_HistoricalInflationYearsDimension"/>
    <link:label xlink:type="resource" xlink:role="http://www.xbrl.org/2003/role/label" xlink:label="label_d-hiy_HistoricalInflationYearsDimension_001" xlink:title="label_d-hiy_HistoricalInflationYearsDimension_001" id="label_d-hiy_HistoricalInflationYearsDimension_001" xml:lang="en">Historical inflation years (Dimension)</link:label>
    <link:labelArc xlink:type="arc" xlink:arcrole="http://www.xbrl.org/2003/arcrole/concept-label" xlink:from="d-hiy_HistoricalInflationYearsDimension" xlink:to="label_d-hiy_HistoricalInflationYearsDimension_001" xlink:title="d-hiy_HistoricalInflationYearsDimension to label_d-hiy_HistoricalInflationYearsDimension_001"/>
    <link:label xlink:type="resource" xlink:role="http://www.eiopa.europa.eu/pr/solvencyii/role/code" xlink:label="label_d-hiy_HistoricalInflationYearsDimension_002" xlink:title="label_d-hiy_HistoricalInflationYearsDimension_002" id="label_d-hiy_HistoricalInflationYearsDimension_002" xml:lang="en">HIY</link:label>
    <link:labelArc xlink:type="arc" xlink:arcrole="http://www.xbrl.org/2003/arcrole/concept-label" xlink:from="d-hiy_HistoricalInflationYearsDimension" xlink:to="label_d-hiy_HistoricalInflationYearsDimension_002" xlink:title="d-hiy_HistoricalInflationYearsDimension to label_d-hiy_HistoricalInflationYearsDimension_002"/>
    <link:loc xlink:type="locator" xlink:href="d-hiy-2011-06-30.xsd#d-hiy_HistoricalInflationYearsDomain" xlink:label="d-hiy_HistoricalInflationYearsDomain" xlink:title="d-hiy_HistoricalInflationYearsDomain"/>
    <link:label xlink:type="resource" xlink:role="http://www.xbrl.org/2003/role/label" xlink:label="label_d-hiy_HistoricalInflationYearsDomain_001" xlink:title="label_d-hiy_HistoricalInflationYearsDomain_001" id="label_d-hiy_HistoricalInflationYearsDomain_001" xml:lang="en">Historical inflation years (Domain)</link:label>
    <link:labelArc xlink:type="arc" xlink:arcrole="http://www.xbrl.org/2003/arcrole/concept-label" xlink:from="d-hiy_HistoricalInflationYearsDomain" xlink:to="label_d-hiy_HistoricalInflationYearsDomain_001" xlink:title="d-hiy_HistoricalInflationYearsDomain to label_d-hiy_HistoricalInflationYearsDomain_001"/>
    <link:loc xlink:type="locator" xlink:href="d-hiy-2011-06-30.xsd#d-hiy_YearN" xlink:label="d-hiy_YearN" xlink:title="d-hiy_YearN"/>
    <link:label xlink:type="resource" xlink:role="http://www.xbrl.org/2003/role/label" xlink:label="label_d-hiy_YearN_001" xlink:title="label_d-hiy_YearN_001" id="label_d-hiy_YearN_001" xml:lang="en">Year n</link:label>
    <link:labelArc xlink:type="arc" xlink:arcrole="http://www.xbrl.org/2003/arcrole/concept-label" xlink:from="d-hiy_YearN" xlink:to="label_d-hiy_YearN_001" xlink:title="d-hiy_YearN to label_d-hiy_YearN_001"/>
    <link:label xlink:type="resource" xlink:role="http://www.eiopa.europa.eu/pr/solvencyii/role/code" xlink:label="label_d-hiy_YearN_002" xlink:title="label_d-hiy_YearN_002" id="label_d-hiy_YearN_002" xml:lang="en">HIY0</link:label>
    <link:labelArc xlink:type="arc" xlink:arcrole="http://www.xbrl.org/2003/arcrole/concept-label" xlink:from="d-hiy_YearN" xlink:to="label_d-hiy_YearN_002" xlink:title="d-hiy_YearN to label_d-hiy_YearN_002"/>
    <link:loc xlink:type="locator" xlink:href="d-hiy-2011-06-30.xsd#d-hiy_YearN1" xlink:label="d-hiy_YearN1" xlink:title="d-hiy_YearN1"/>
    <link:label xlink:type="resource" xlink:role="http://www.xbrl.org/2003/role/label" xlink:label="label_d-hiy_YearN1_001" xlink:title="label_d-hiy_YearN1_001" id="label_d-hiy_YearN1_001" xml:lang="en">Year n-1</link:label>
    <link:labelArc xlink:type="arc" xlink:arcrole="http://www.xbrl.org/2003/arcrole/concept-label" xlink:from="d-hiy_YearN1" xlink:to="label_d-hiy_YearN1_001" xlink:title="d-hiy_YearN1 to label_d-hiy_YearN1_001"/>
    <link:label xlink:type="resource" xlink:role="http://www.eiopa.europa.eu/pr/solvencyii/role/code" xlink:label="label_d-hiy_YearN1_002" xlink:title="label_d-hiy_YearN1_002" id="label_d-hiy_YearN1_002" xml:lang="en">HIY1</link:label>
    <link:labelArc xlink:type="arc" xlink:arcrole="http://www.xbrl.org/2003/arcrole/concept-label" xlink:from="d-hiy_YearN1" xlink:to="label_d-hiy_YearN1_002" xlink:title="d-hiy_YearN1 to label_d-hiy_YearN1_002"/>
    <link:loc xlink:type="locator" xlink:href="d-hiy-2011-06-30.xsd#d-hiy_YearN2" xlink:label="d-hiy_YearN2" xlink:title="d-hiy_YearN2"/>
    <link:label xlink:type="resource" xlink:role="http://www.xbrl.org/2003/role/label" xlink:label="label_d-hiy_YearN2_001" xlink:title="label_d-hiy_YearN2_001" id="label_d-hiy_YearN2_001" xml:lang="en">Year n-2</link:label>
    <link:labelArc xlink:type="arc" xlink:arcrole="http://www.xbrl.org/2003/arcrole/concept-label" xlink:from="d-hiy_YearN2" xlink:to="label_d-hiy_YearN2_001" xlink:title="d-hiy_YearN2 to label_d-hiy_YearN2_001"/>
    <link:label xlink:type="resource" xlink:role="http://www.eiopa.europa.eu/pr/solvencyii/role/code" xlink:label="label_d-hiy_YearN2_002" xlink:title="label_d-hiy_YearN2_002" id="label_d-hiy_YearN2_002" xml:lang="en">HIY2</link:label>
    <link:labelArc xlink:type="arc" xlink:arcrole="http://www.xbrl.org/2003/arcrole/concept-label" xlink:from="d-hiy_YearN2" xlink:to="label_d-hiy_YearN2_002" xlink:title="d-hiy_YearN2 to label_d-hiy_YearN2_002"/>
    <link:loc xlink:type="locator" xlink:href="d-hiy-2011-06-30.xsd#d-hiy_YearN3" xlink:label="d-hiy_YearN3" xlink:title="d-hiy_YearN3"/>
    <link:label xlink:type="resource" xlink:role="http://www.xbrl.org/2003/role/label" xlink:label="label_d-hiy_YearN3_001" xlink:title="label_d-hiy_YearN3_001" id="label_d-hiy_YearN3_001" xml:lang="en">Year n-3</link:label>
    <link:labelArc xlink:type="arc" xlink:arcrole="http://www.xbrl.org/2003/arcrole/concept-label" xlink:from="d-hiy_YearN3" xlink:to="label_d-hiy_YearN3_001" xlink:title="d-hiy_YearN3 to label_d-hiy_YearN3_001"/>
    <link:label xlink:type="resource" xlink:role="http://www.eiopa.europa.eu/pr/solvencyii/role/code" xlink:label="label_d-hiy_YearN3_002" xlink:title="label_d-hiy_YearN3_002" id="label_d-hiy_YearN3_002" xml:lang="en">HIY3</link:label>
    <link:labelArc xlink:type="arc" xlink:arcrole="http://www.xbrl.org/2003/arcrole/concept-label" xlink:from="d-hiy_YearN3" xlink:to="label_d-hiy_YearN3_002" xlink:title="d-hiy_YearN3 to label_d-hiy_YearN3_002"/>
    <link:loc xlink:type="locator" xlink:href="d-hiy-2011-06-30.xsd#d-hiy_YearN4" xlink:label="d-hiy_YearN4" xlink:title="d-hiy_YearN4"/>
    <link:label xlink:type="resource" xlink:role="http://www.xbrl.org/2003/role/label" xlink:label="label_d-hiy_YearN4_001" xlink:title="label_d-hiy_YearN4_001" id="label_d-hiy_YearN4_001" xml:lang="en">Year n-4</link:label>
    <link:labelArc xlink:type="arc" xlink:arcrole="http://www.xbrl.org/2003/arcrole/concept-label" xlink:from="d-hiy_YearN4" xlink:to="label_d-hiy_YearN4_001" xlink:title="d-hiy_YearN4 to label_d-hiy_YearN4_001"/>
    <link:label xlink:type="resource" xlink:role="http://www.eiopa.europa.eu/pr/solvencyii/role/code" xlink:label="label_d-hiy_YearN4_002" xlink:title="label_d-hiy_YearN4_002" id="label_d-hiy_YearN4_002" xml:lang="en">HIY4</link:label>
    <link:labelArc xlink:type="arc" xlink:arcrole="http://www.xbrl.org/2003/arcrole/concept-label" xlink:from="d-hiy_YearN4" xlink:to="label_d-hiy_YearN4_002" xlink:title="d-hiy_YearN4 to label_d-hiy_YearN4_002"/>
    <link:loc xlink:type="locator" xlink:href="d-hiy-2011-06-30.xsd#d-hiy_YearN5" xlink:label="d-hiy_YearN5" xlink:title="d-hiy_YearN5"/>
    <link:label xlink:type="resource" xlink:role="http://www.xbrl.org/2003/role/label" xlink:label="label_d-hiy_YearN5_001" xlink:title="label_d-hiy_YearN5_001" id="label_d-hiy_YearN5_001" xml:lang="en">Year n-5</link:label>
    <link:labelArc xlink:type="arc" xlink:arcrole="http://www.xbrl.org/2003/arcrole/concept-label" xlink:from="d-hiy_YearN5" xlink:to="label_d-hiy_YearN5_001" xlink:title="d-hiy_YearN5 to label_d-hiy_YearN5_001"/>
    <link:label xlink:type="resource" xlink:role="http://www.eiopa.europa.eu/pr/solvencyii/role/code" xlink:label="label_d-hiy_YearN5_002" xlink:title="label_d-hiy_YearN5_002" id="label_d-hiy_YearN5_002" xml:lang="en">HIY5</link:label>
    <link:labelArc xlink:type="arc" xlink:arcrole="http://www.xbrl.org/2003/arcrole/concept-label" xlink:from="d-hiy_YearN5" xlink:to="label_d-hiy_YearN5_002" xlink:title="d-hiy_YearN5 to label_d-hiy_YearN5_002"/>
    <link:loc xlink:type="locator" xlink:href="d-hiy-2011-06-30.xsd#d-hiy_YearN6" xlink:label="d-hiy_YearN6" xlink:title="d-hiy_YearN6"/>
    <link:label xlink:type="resource" xlink:role="http://www.xbrl.org/2003/role/label" xlink:label="label_d-hiy_YearN6_001" xlink:title="label_d-hiy_YearN6_001" id="label_d-hiy_YearN6_001" xml:lang="en">Year n-6</link:label>
    <link:labelArc xlink:type="arc" xlink:arcrole="http://www.xbrl.org/2003/arcrole/concept-label" xlink:from="d-hiy_YearN6" xlink:to="label_d-hiy_YearN6_001" xlink:title="d-hiy_YearN6 to label_d-hiy_YearN6_001"/>
    <link:label xlink:type="resource" xlink:role="http://www.eiopa.europa.eu/pr/solvencyii/role/code" xlink:label="label_d-hiy_YearN6_002" xlink:title="label_d-hiy_YearN6_002" id="label_d-hiy_YearN6_002" xml:lang="en">HIY6</link:label>
    <link:labelArc xlink:type="arc" xlink:arcrole="http://www.xbrl.org/2003/arcrole/concept-label" xlink:from="d-hiy_YearN6" xlink:to="label_d-hiy_YearN6_002" xlink:title="d-hiy_YearN6 to label_d-hiy_YearN6_002"/>
    <link:loc xlink:type="locator" xlink:href="d-hiy-2011-06-30.xsd#d-hiy_YearN7" xlink:label="d-hiy_YearN7" xlink:title="d-hiy_YearN7"/>
    <link:label xlink:type="resource" xlink:role="http://www.xbrl.org/2003/role/label" xlink:label="label_d-hiy_YearN7_001" xlink:title="label_d-hiy_YearN7_001" id="label_d-hiy_YearN7_001" xml:lang="en">Year n-7</link:label>
    <link:labelArc xlink:type="arc" xlink:arcrole="http://www.xbrl.org/2003/arcrole/concept-label" xlink:from="d-hiy_YearN7" xlink:to="label_d-hiy_YearN7_001" xlink:title="d-hiy_YearN7 to label_d-hiy_YearN7_001"/>
    <link:label xlink:type="resource" xlink:role="http://www.eiopa.europa.eu/pr/solvencyii/role/code" xlink:label="label_d-hiy_YearN7_002" xlink:title="label_d-hiy_YearN7_002" id="label_d-hiy_YearN7_002" xml:lang="en">HIY7</link:label>
    <link:labelArc xlink:type="arc" xlink:arcrole="http://www.xbrl.org/2003/arcrole/concept-label" xlink:from="d-hiy_YearN7" xlink:to="label_d-hiy_YearN7_002" xlink:title="d-hiy_YearN7 to label_d-hiy_YearN7_002"/>
    <link:loc xlink:type="locator" xlink:href="d-hiy-2011-06-30.xsd#d-hiy_YearN8" xlink:label="d-hiy_YearN8" xlink:title="d-hiy_YearN8"/>
    <link:label xlink:type="resource" xlink:role="http://www.xbrl.org/2003/role/label" xlink:label="label_d-hiy_YearN8_001" xlink:title="label_d-hiy_YearN8_001" id="label_d-hiy_YearN8_001" xml:lang="en">Year n-8</link:label>
    <link:labelArc xlink:type="arc" xlink:arcrole="http://www.xbrl.org/2003/arcrole/concept-label" xlink:from="d-hiy_YearN8" xlink:to="label_d-hiy_YearN8_001" xlink:title="d-hiy_YearN8 to label_d-hiy_YearN8_001"/>
    <link:label xlink:type="resource" xlink:role="http://www.eiopa.europa.eu/pr/solvencyii/role/code" xlink:label="label_d-hiy_YearN8_002" xlink:title="label_d-hiy_YearN8_002" id="label_d-hiy_YearN8_002" xml:lang="en">HIY8</link:label>
    <link:labelArc xlink:type="arc" xlink:arcrole="http://www.xbrl.org/2003/arcrole/concept-label" xlink:from="d-hiy_YearN8" xlink:to="label_d-hiy_YearN8_002" xlink:title="d-hiy_YearN8 to label_d-hiy_YearN8_002"/>
  </link:labelLink>
</link:linkbase>
