<?xml version="1.0" encoding="utf-8"?>
<!-- Solvency II Taxonomy - 2011-06-30 -->
<!-- Copyright (C) 2011 European Insurance and Occupational Pensions Authority -->
<link:linkbase xmlns:xsi="http://www.w3.org/2001/XMLSchema-instance"
  xmlns:link="http://www.xbrl.org/2003/linkbase"
  xmlns:xbrli="http://www.xbrl.org/2003/instance"
  xmlns:xbrldt="http://xbrl.org/2005/xbrldt"
  xmlns:xlink="http://www.w3.org/1999/xlink"
  xmlns:generic="http://xbrl.org/2008/generic"
  xmlns:ref-surfi="http://www.eiopa.europa.eu/pr/solvencyii/reference-elements"
  xmlns:of-which="http://www.eiopa.europa.eu/pr/solvencyii/including-included"
  xsi:schemaLocation="http://www.xbrl.org/2003/linkbase http://www.xbrl.org/2003/xbrl-linkbase-2003-12-31.xsd"
  >
  <link:roleRef roleURI="http://www.eiopa.europa.eu/pr/solvencyii/role/dimension-default" xlink:type="simple" xlink:href="d-per-2011-06-30.xsd#dimension-default"/>
  <link:arcroleRef arcroleURI="http://xbrl.org/int/dim/arcrole/dimension-domain" xlink:type="simple" xlink:href="http://www.xbrl.org/2005/xbrldt-2005.xsd#dimension-domain" />
  <link:arcroleRef arcroleURI="http://xbrl.org/int/dim/arcrole/domain-member" xlink:type="simple" xlink:href="http://www.xbrl.org/2005/xbrldt-2005.xsd#domain-member" />
  <link:arcroleRef arcroleURI="http://xbrl.org/int/dim/arcrole/dimension-default" xlink:type="simple" xlink:href="http://www.xbrl.org/2005/xbrldt-2005.xsd#dimension-default" />
  <link:definitionLink xlink:type="extended" xlink:role="http://www.xbrl.org/2003/role/link">
    <link:loc xlink:type="locator" xlink:href="d-per-2011-06-30.xsd#d-per_PeriodicityDimension" xlink:label="d-per_PeriodicityDimension" xlink:title="d-per_PeriodicityDimension"/>
    <link:loc xlink:type="locator" xlink:href="d-per-2011-06-30.xsd#d-per_PeriodicityDomain" xlink:label="d-per_PeriodicityDomain" xlink:title="d-per_PeriodicityDomain"/>
    <link:definitionArc xlink:type="arc" xlink:arcrole="http://xbrl.org/int/dim/arcrole/dimension-domain" xlink:from="d-per_PeriodicityDimension" xlink:to="d-per_PeriodicityDomain" xlink:title="d-per_PeriodicityDimension to d-per_PeriodicityDomain" order="1.0"/>
    <link:loc xlink:type="locator" xlink:href="d-per-2011-06-30.xsd#d-per_Annually" xlink:label="d-per_Annually" xlink:title="d-per_Annually"/>
    <link:definitionArc xlink:type="arc" xlink:arcrole="http://xbrl.org/int/dim/arcrole/domain-member" xlink:from="d-per_PeriodicityDomain" xlink:to="d-per_Annually" xlink:title="d-per_PeriodicityDomain to d-per_Annually" order="1.0"/>
    <link:loc xlink:type="locator" xlink:href="d-per-2011-06-30.xsd#d-per_Quarterly" xlink:label="d-per_Quarterly" xlink:title="d-per_Quarterly"/>
    <link:definitionArc xlink:type="arc" xlink:arcrole="http://xbrl.org/int/dim/arcrole/domain-member" xlink:from="d-per_PeriodicityDomain" xlink:to="d-per_Quarterly" xlink:title="d-per_PeriodicityDomain to d-per_Quarterly" order="2.0"/>
    <link:loc xlink:type="locator" xlink:href="d-per-2011-06-30.xsd#d-per_AdHoc" xlink:label="d-per_AdHoc" xlink:title="d-per_AdHoc"/>
    <link:definitionArc xlink:type="arc" xlink:arcrole="http://xbrl.org/int/dim/arcrole/domain-member" xlink:from="d-per_PeriodicityDomain" xlink:to="d-per_AdHoc" xlink:title="d-per_PeriodicityDomain to d-per_AdHoc" order="3.0"/>
  </link:definitionLink>
</link:linkbase>
