<?xml version="1.0" encoding="utf-8"?>
<!-- Solvency II Taxonomy - 2011-06-30 -->
<!-- Copyright (C) 2011 European Insurance and Occupational Pensions Authority -->
<link:linkbase xmlns:xsi="http://www.w3.org/2001/XMLSchema-instance"
  xmlns:link="http://www.xbrl.org/2003/linkbase"
  xmlns:xbrli="http://www.xbrl.org/2003/instance"
  xmlns:xbrldt="http://xbrl.org/2005/xbrldt"
  xmlns:xlink="http://www.w3.org/1999/xlink"
  xmlns:generic="http://xbrl.org/2008/generic"
  xmlns:ref-surfi="http://www.eiopa.europa.eu/pr/solvencyii/reference-elements"
  xmlns:of-which="http://www.eiopa.europa.eu/pr/solvencyii/including-included"
  xsi:schemaLocation="http://www.xbrl.org/2003/linkbase http://www.xbrl.org/2003/xbrl-linkbase-2003-12-31.xsd"
  >
  <link:roleRef roleURI="http://www.eiopa.europa.eu/pr/solvencyii/role/code" xlink:type="simple" xlink:href="primary-types-2011-06-30.xsd#code"/>
  <link:labelLink xlink:type="extended" xlink:role="http://www.xbrl.org/2003/role/link">
    <link:loc xlink:type="locator" xlink:href="d-per-2011-06-30.xsd#d-per_PeriodicityDimension" xlink:label="d-per_PeriodicityDimension" xlink:title="d-per_PeriodicityDimension"/>
    <link:label xlink:type="resource" xlink:role="http://www.xbrl.org/2003/role/label" xlink:label="label_d-per_PeriodicityDimension_001" xlink:title="label_d-per_PeriodicityDimension_001" id="label_d-per_PeriodicityDimension_001" xml:lang="en">Periodicity (Dimension)</link:label>
    <link:labelArc xlink:type="arc" xlink:arcrole="http://www.xbrl.org/2003/arcrole/concept-label" xlink:from="d-per_PeriodicityDimension" xlink:to="label_d-per_PeriodicityDimension_001" xlink:title="d-per_PeriodicityDimension to label_d-per_PeriodicityDimension_001"/>
    <link:label xlink:type="resource" xlink:role="http://www.eiopa.europa.eu/pr/solvencyii/role/code" xlink:label="label_d-per_PeriodicityDimension_002" xlink:title="label_d-per_PeriodicityDimension_002" id="label_d-per_PeriodicityDimension_002" xml:lang="en">PER</link:label>
    <link:labelArc xlink:type="arc" xlink:arcrole="http://www.xbrl.org/2003/arcrole/concept-label" xlink:from="d-per_PeriodicityDimension" xlink:to="label_d-per_PeriodicityDimension_002" xlink:title="d-per_PeriodicityDimension to label_d-per_PeriodicityDimension_002"/>
    <link:loc xlink:type="locator" xlink:href="d-per-2011-06-30.xsd#d-per_PeriodicityDomain" xlink:label="d-per_PeriodicityDomain" xlink:title="d-per_PeriodicityDomain"/>
    <link:label xlink:type="resource" xlink:role="http://www.xbrl.org/2003/role/label" xlink:label="label_d-per_PeriodicityDomain_001" xlink:title="label_d-per_PeriodicityDomain_001" id="label_d-per_PeriodicityDomain_001" xml:lang="en">Periodicity (Domain)</link:label>
    <link:labelArc xlink:type="arc" xlink:arcrole="http://www.xbrl.org/2003/arcrole/concept-label" xlink:from="d-per_PeriodicityDomain" xlink:to="label_d-per_PeriodicityDomain_001" xlink:title="d-per_PeriodicityDomain to label_d-per_PeriodicityDomain_001"/>
    <link:loc xlink:type="locator" xlink:href="d-per-2011-06-30.xsd#d-per_Annually" xlink:label="d-per_Annually" xlink:title="d-per_Annually"/>
    <link:label xlink:type="resource" xlink:role="http://www.xbrl.org/2003/role/label" xlink:label="label_d-per_Annually_001" xlink:title="label_d-per_Annually_001" id="label_d-per_Annually_001" xml:lang="en">Annually</link:label>
    <link:labelArc xlink:type="arc" xlink:arcrole="http://www.xbrl.org/2003/arcrole/concept-label" xlink:from="d-per_Annually" xlink:to="label_d-per_Annually_001" xlink:title="d-per_Annually to label_d-per_Annually_001"/>
    <link:label xlink:type="resource" xlink:role="http://www.eiopa.europa.eu/pr/solvencyii/role/code" xlink:label="label_d-per_Annually_002" xlink:title="label_d-per_Annually_002" id="label_d-per_Annually_002" xml:lang="en">PE1</link:label>
    <link:labelArc xlink:type="arc" xlink:arcrole="http://www.xbrl.org/2003/arcrole/concept-label" xlink:from="d-per_Annually" xlink:to="label_d-per_Annually_002" xlink:title="d-per_Annually to label_d-per_Annually_002"/>
    <link:loc xlink:type="locator" xlink:href="d-per-2011-06-30.xsd#d-per_Quarterly" xlink:label="d-per_Quarterly" xlink:title="d-per_Quarterly"/>
    <link:label xlink:type="resource" xlink:role="http://www.xbrl.org/2003/role/label" xlink:label="label_d-per_Quarterly_001" xlink:title="label_d-per_Quarterly_001" id="label_d-per_Quarterly_001" xml:lang="en">Quarterly</link:label>
    <link:labelArc xlink:type="arc" xlink:arcrole="http://www.xbrl.org/2003/arcrole/concept-label" xlink:from="d-per_Quarterly" xlink:to="label_d-per_Quarterly_001" xlink:title="d-per_Quarterly to label_d-per_Quarterly_001"/>
    <link:label xlink:type="resource" xlink:role="http://www.eiopa.europa.eu/pr/solvencyii/role/code" xlink:label="label_d-per_Quarterly_002" xlink:title="label_d-per_Quarterly_002" id="label_d-per_Quarterly_002" xml:lang="en">PE2</link:label>
    <link:labelArc xlink:type="arc" xlink:arcrole="http://www.xbrl.org/2003/arcrole/concept-label" xlink:from="d-per_Quarterly" xlink:to="label_d-per_Quarterly_002" xlink:title="d-per_Quarterly to label_d-per_Quarterly_002"/>
    <link:loc xlink:type="locator" xlink:href="d-per-2011-06-30.xsd#d-per_AdHoc" xlink:label="d-per_AdHoc" xlink:title="d-per_AdHoc"/>
    <link:label xlink:type="resource" xlink:role="http://www.xbrl.org/2003/role/label" xlink:label="label_d-per_AdHoc_001" xlink:title="label_d-per_AdHoc_001" id="label_d-per_AdHoc_001" xml:lang="en">Ad hoc</link:label>
    <link:labelArc xlink:type="arc" xlink:arcrole="http://www.xbrl.org/2003/arcrole/concept-label" xlink:from="d-per_AdHoc" xlink:to="label_d-per_AdHoc_001" xlink:title="d-per_AdHoc to label_d-per_AdHoc_001"/>
    <link:label xlink:type="resource" xlink:role="http://www.eiopa.europa.eu/pr/solvencyii/role/code" xlink:label="label_d-per_AdHoc_002" xlink:title="label_d-per_AdHoc_002" id="label_d-per_AdHoc_002" xml:lang="en">PE3</link:label>
    <link:labelArc xlink:type="arc" xlink:arcrole="http://www.xbrl.org/2003/arcrole/concept-label" xlink:from="d-per_AdHoc" xlink:to="label_d-per_AdHoc_002" xlink:title="d-per_AdHoc to label_d-per_AdHoc_002"/>
  </link:labelLink>
</link:linkbase>
