<?xml version="1.0" encoding="utf-8"?>
<!-- Solvency II Taxonomy - 2011-06-30 -->
<!-- Copyright (C) 2011 European Insurance and Occupational Pensions Authority -->
<link:linkbase xmlns:xsi="http://www.w3.org/2001/XMLSchema-instance"
  xmlns:link="http://www.xbrl.org/2003/linkbase"
  xmlns:xbrli="http://www.xbrl.org/2003/instance"
  xmlns:xbrldt="http://xbrl.org/2005/xbrldt"
  xmlns:xlink="http://www.w3.org/1999/xlink"
  xmlns:generic="http://xbrl.org/2008/generic"
  xmlns:ref-surfi="http://www.eiopa.europa.eu/pr/solvencyii/reference-elements"
  xmlns:of-which="http://www.eiopa.europa.eu/pr/solvencyii/including-included"
  xsi:schemaLocation="http://www.xbrl.org/2003/linkbase http://www.xbrl.org/2003/xbrl-linkbase-2003-12-31.xsd"
  >
  <link:roleRef roleURI="http://www.eiopa.europa.eu/pr/solvencyii/role/code" xlink:type="simple" xlink:href="primary-types-2011-06-30.xsd#code"/>
  <link:labelLink xlink:type="extended" xlink:role="http://www.xbrl.org/2003/role/link">
    <link:loc xlink:type="locator" xlink:href="d-rof-2011-06-30.xsd#d-rof_RunOffDimension" xlink:label="d-rof_RunOffDimension" xlink:title="d-rof_RunOffDimension"/>
    <link:label xlink:type="resource" xlink:role="http://www.xbrl.org/2003/role/label" xlink:label="label_d-rof_RunOffDimension_001" xlink:title="label_d-rof_RunOffDimension_001" id="label_d-rof_RunOffDimension_001" xml:lang="en">Run-off (Dimension)</link:label>
    <link:labelArc xlink:type="arc" xlink:arcrole="http://www.xbrl.org/2003/arcrole/concept-label" xlink:from="d-rof_RunOffDimension" xlink:to="label_d-rof_RunOffDimension_001" xlink:title="d-rof_RunOffDimension to label_d-rof_RunOffDimension_001"/>
    <link:label xlink:type="resource" xlink:role="http://www.eiopa.europa.eu/pr/solvencyii/role/code" xlink:label="label_d-rof_RunOffDimension_002" xlink:title="label_d-rof_RunOffDimension_002" id="label_d-rof_RunOffDimension_002" xml:lang="en">ROF</link:label>
    <link:labelArc xlink:type="arc" xlink:arcrole="http://www.xbrl.org/2003/arcrole/concept-label" xlink:from="d-rof_RunOffDimension" xlink:to="label_d-rof_RunOffDimension_002" xlink:title="d-rof_RunOffDimension to label_d-rof_RunOffDimension_002"/>
    <link:loc xlink:type="locator" xlink:href="d-rof-2011-06-30.xsd#d-rof_RunOffDomain" xlink:label="d-rof_RunOffDomain" xlink:title="d-rof_RunOffDomain"/>
    <link:label xlink:type="resource" xlink:role="http://www.xbrl.org/2003/role/label" xlink:label="label_d-rof_RunOffDomain_001" xlink:title="label_d-rof_RunOffDomain_001" id="label_d-rof_RunOffDomain_001" xml:lang="en">Run-off (Domain)</link:label>
    <link:labelArc xlink:type="arc" xlink:arcrole="http://www.xbrl.org/2003/arcrole/concept-label" xlink:from="d-rof_RunOffDomain" xlink:to="label_d-rof_RunOffDomain_001" xlink:title="d-rof_RunOffDomain to label_d-rof_RunOffDomain_001"/>
    <link:loc xlink:type="locator" xlink:href="d-rof-2011-06-30.xsd#d-rof_TotalRunOffYears" xlink:label="d-rof_TotalRunOffYears" xlink:title="d-rof_TotalRunOffYears"/>
    <link:label xlink:type="resource" xlink:role="http://www.xbrl.org/2003/role/label" xlink:label="label_d-rof_TotalRunOffYears_001" xlink:title="label_d-rof_TotalRunOffYears_001" id="label_d-rof_TotalRunOffYears_001" xml:lang="en">Total, run-off years</link:label>
    <link:labelArc xlink:type="arc" xlink:arcrole="http://www.xbrl.org/2003/arcrole/concept-label" xlink:from="d-rof_TotalRunOffYears" xlink:to="label_d-rof_TotalRunOffYears_001" xlink:title="d-rof_TotalRunOffYears to label_d-rof_TotalRunOffYears_001"/>
    <link:label xlink:type="resource" xlink:role="http://www.eiopa.europa.eu/pr/solvencyii/role/code" xlink:label="label_d-rof_TotalRunOffYears_002" xlink:title="label_d-rof_TotalRunOffYears_002" id="label_d-rof_TotalRunOffYears_002" xml:lang="en">RO_</link:label>
    <link:labelArc xlink:type="arc" xlink:arcrole="http://www.xbrl.org/2003/arcrole/concept-label" xlink:from="d-rof_TotalRunOffYears" xlink:to="label_d-rof_TotalRunOffYears_002" xlink:title="d-rof_TotalRunOffYears to label_d-rof_TotalRunOffYears_002"/>
    <link:loc xlink:type="locator" xlink:href="d-rof-2011-06-30.xsd#d-rof_YearN" xlink:label="d-rof_YearN" xlink:title="d-rof_YearN"/>
    <link:label xlink:type="resource" xlink:role="http://www.xbrl.org/2003/role/label" xlink:label="label_d-rof_YearN_001" xlink:title="label_d-rof_YearN_001" id="label_d-rof_YearN_001" xml:lang="en">Year n</link:label>
    <link:labelArc xlink:type="arc" xlink:arcrole="http://www.xbrl.org/2003/arcrole/concept-label" xlink:from="d-rof_YearN" xlink:to="label_d-rof_YearN_001" xlink:title="d-rof_YearN to label_d-rof_YearN_001"/>
    <link:label xlink:type="resource" xlink:role="http://www.eiopa.europa.eu/pr/solvencyii/role/code" xlink:label="label_d-rof_YearN_002" xlink:title="label_d-rof_YearN_002" id="label_d-rof_YearN_002" xml:lang="en">RO00</link:label>
    <link:labelArc xlink:type="arc" xlink:arcrole="http://www.xbrl.org/2003/arcrole/concept-label" xlink:from="d-rof_YearN" xlink:to="label_d-rof_YearN_002" xlink:title="d-rof_YearN to label_d-rof_YearN_002"/>
    <link:loc xlink:type="locator" xlink:href="d-rof-2011-06-30.xsd#d-rof_YearN1" xlink:label="d-rof_YearN1" xlink:title="d-rof_YearN1"/>
    <link:label xlink:type="resource" xlink:role="http://www.xbrl.org/2003/role/label" xlink:label="label_d-rof_YearN1_001" xlink:title="label_d-rof_YearN1_001" id="label_d-rof_YearN1_001" xml:lang="en">Year n-1</link:label>
    <link:labelArc xlink:type="arc" xlink:arcrole="http://www.xbrl.org/2003/arcrole/concept-label" xlink:from="d-rof_YearN1" xlink:to="label_d-rof_YearN1_001" xlink:title="d-rof_YearN1 to label_d-rof_YearN1_001"/>
    <link:label xlink:type="resource" xlink:role="http://www.eiopa.europa.eu/pr/solvencyii/role/code" xlink:label="label_d-rof_YearN1_002" xlink:title="label_d-rof_YearN1_002" id="label_d-rof_YearN1_002" xml:lang="en">RO01</link:label>
    <link:labelArc xlink:type="arc" xlink:arcrole="http://www.xbrl.org/2003/arcrole/concept-label" xlink:from="d-rof_YearN1" xlink:to="label_d-rof_YearN1_002" xlink:title="d-rof_YearN1 to label_d-rof_YearN1_002"/>
    <link:loc xlink:type="locator" xlink:href="d-rof-2011-06-30.xsd#d-rof_YearN2" xlink:label="d-rof_YearN2" xlink:title="d-rof_YearN2"/>
    <link:label xlink:type="resource" xlink:role="http://www.xbrl.org/2003/role/label" xlink:label="label_d-rof_YearN2_001" xlink:title="label_d-rof_YearN2_001" id="label_d-rof_YearN2_001" xml:lang="en">Year n-2</link:label>
    <link:labelArc xlink:type="arc" xlink:arcrole="http://www.xbrl.org/2003/arcrole/concept-label" xlink:from="d-rof_YearN2" xlink:to="label_d-rof_YearN2_001" xlink:title="d-rof_YearN2 to label_d-rof_YearN2_001"/>
    <link:label xlink:type="resource" xlink:role="http://www.eiopa.europa.eu/pr/solvencyii/role/code" xlink:label="label_d-rof_YearN2_002" xlink:title="label_d-rof_YearN2_002" id="label_d-rof_YearN2_002" xml:lang="en">RO02</link:label>
    <link:labelArc xlink:type="arc" xlink:arcrole="http://www.xbrl.org/2003/arcrole/concept-label" xlink:from="d-rof_YearN2" xlink:to="label_d-rof_YearN2_002" xlink:title="d-rof_YearN2 to label_d-rof_YearN2_002"/>
    <link:loc xlink:type="locator" xlink:href="d-rof-2011-06-30.xsd#d-rof_YearN3" xlink:label="d-rof_YearN3" xlink:title="d-rof_YearN3"/>
    <link:label xlink:type="resource" xlink:role="http://www.xbrl.org/2003/role/label" xlink:label="label_d-rof_YearN3_001" xlink:title="label_d-rof_YearN3_001" id="label_d-rof_YearN3_001" xml:lang="en">Year n-3</link:label>
    <link:labelArc xlink:type="arc" xlink:arcrole="http://www.xbrl.org/2003/arcrole/concept-label" xlink:from="d-rof_YearN3" xlink:to="label_d-rof_YearN3_001" xlink:title="d-rof_YearN3 to label_d-rof_YearN3_001"/>
    <link:label xlink:type="resource" xlink:role="http://www.eiopa.europa.eu/pr/solvencyii/role/code" xlink:label="label_d-rof_YearN3_002" xlink:title="label_d-rof_YearN3_002" id="label_d-rof_YearN3_002" xml:lang="en">RO03</link:label>
    <link:labelArc xlink:type="arc" xlink:arcrole="http://www.xbrl.org/2003/arcrole/concept-label" xlink:from="d-rof_YearN3" xlink:to="label_d-rof_YearN3_002" xlink:title="d-rof_YearN3 to label_d-rof_YearN3_002"/>
    <link:loc xlink:type="locator" xlink:href="d-rof-2011-06-30.xsd#d-rof_YearN4" xlink:label="d-rof_YearN4" xlink:title="d-rof_YearN4"/>
    <link:label xlink:type="resource" xlink:role="http://www.xbrl.org/2003/role/label" xlink:label="label_d-rof_YearN4_001" xlink:title="label_d-rof_YearN4_001" id="label_d-rof_YearN4_001" xml:lang="en">Year n-4</link:label>
    <link:labelArc xlink:type="arc" xlink:arcrole="http://www.xbrl.org/2003/arcrole/concept-label" xlink:from="d-rof_YearN4" xlink:to="label_d-rof_YearN4_001" xlink:title="d-rof_YearN4 to label_d-rof_YearN4_001"/>
    <link:label xlink:type="resource" xlink:role="http://www.eiopa.europa.eu/pr/solvencyii/role/code" xlink:label="label_d-rof_YearN4_002" xlink:title="label_d-rof_YearN4_002" id="label_d-rof_YearN4_002" xml:lang="en">RO04</link:label>
    <link:labelArc xlink:type="arc" xlink:arcrole="http://www.xbrl.org/2003/arcrole/concept-label" xlink:from="d-rof_YearN4" xlink:to="label_d-rof_YearN4_002" xlink:title="d-rof_YearN4 to label_d-rof_YearN4_002"/>
    <link:loc xlink:type="locator" xlink:href="d-rof-2011-06-30.xsd#d-rof_YearN5" xlink:label="d-rof_YearN5" xlink:title="d-rof_YearN5"/>
    <link:label xlink:type="resource" xlink:role="http://www.xbrl.org/2003/role/label" xlink:label="label_d-rof_YearN5_001" xlink:title="label_d-rof_YearN5_001" id="label_d-rof_YearN5_001" xml:lang="en">Year n-5</link:label>
    <link:labelArc xlink:type="arc" xlink:arcrole="http://www.xbrl.org/2003/arcrole/concept-label" xlink:from="d-rof_YearN5" xlink:to="label_d-rof_YearN5_001" xlink:title="d-rof_YearN5 to label_d-rof_YearN5_001"/>
    <link:label xlink:type="resource" xlink:role="http://www.eiopa.europa.eu/pr/solvencyii/role/code" xlink:label="label_d-rof_YearN5_002" xlink:title="label_d-rof_YearN5_002" id="label_d-rof_YearN5_002" xml:lang="en">RO05</link:label>
    <link:labelArc xlink:type="arc" xlink:arcrole="http://www.xbrl.org/2003/arcrole/concept-label" xlink:from="d-rof_YearN5" xlink:to="label_d-rof_YearN5_002" xlink:title="d-rof_YearN5 to label_d-rof_YearN5_002"/>
    <link:loc xlink:type="locator" xlink:href="d-rof-2011-06-30.xsd#d-rof_YearN6" xlink:label="d-rof_YearN6" xlink:title="d-rof_YearN6"/>
    <link:label xlink:type="resource" xlink:role="http://www.xbrl.org/2003/role/label" xlink:label="label_d-rof_YearN6_001" xlink:title="label_d-rof_YearN6_001" id="label_d-rof_YearN6_001" xml:lang="en">Year n-6</link:label>
    <link:labelArc xlink:type="arc" xlink:arcrole="http://www.xbrl.org/2003/arcrole/concept-label" xlink:from="d-rof_YearN6" xlink:to="label_d-rof_YearN6_001" xlink:title="d-rof_YearN6 to label_d-rof_YearN6_001"/>
    <link:label xlink:type="resource" xlink:role="http://www.eiopa.europa.eu/pr/solvencyii/role/code" xlink:label="label_d-rof_YearN6_002" xlink:title="label_d-rof_YearN6_002" id="label_d-rof_YearN6_002" xml:lang="en">RO06</link:label>
    <link:labelArc xlink:type="arc" xlink:arcrole="http://www.xbrl.org/2003/arcrole/concept-label" xlink:from="d-rof_YearN6" xlink:to="label_d-rof_YearN6_002" xlink:title="d-rof_YearN6 to label_d-rof_YearN6_002"/>
    <link:loc xlink:type="locator" xlink:href="d-rof-2011-06-30.xsd#d-rof_YearN7" xlink:label="d-rof_YearN7" xlink:title="d-rof_YearN7"/>
    <link:label xlink:type="resource" xlink:role="http://www.xbrl.org/2003/role/label" xlink:label="label_d-rof_YearN7_001" xlink:title="label_d-rof_YearN7_001" id="label_d-rof_YearN7_001" xml:lang="en">Year n-7</link:label>
    <link:labelArc xlink:type="arc" xlink:arcrole="http://www.xbrl.org/2003/arcrole/concept-label" xlink:from="d-rof_YearN7" xlink:to="label_d-rof_YearN7_001" xlink:title="d-rof_YearN7 to label_d-rof_YearN7_001"/>
    <link:label xlink:type="resource" xlink:role="http://www.eiopa.europa.eu/pr/solvencyii/role/code" xlink:label="label_d-rof_YearN7_002" xlink:title="label_d-rof_YearN7_002" id="label_d-rof_YearN7_002" xml:lang="en">RO07</link:label>
    <link:labelArc xlink:type="arc" xlink:arcrole="http://www.xbrl.org/2003/arcrole/concept-label" xlink:from="d-rof_YearN7" xlink:to="label_d-rof_YearN7_002" xlink:title="d-rof_YearN7 to label_d-rof_YearN7_002"/>
    <link:loc xlink:type="locator" xlink:href="d-rof-2011-06-30.xsd#d-rof_YearN8" xlink:label="d-rof_YearN8" xlink:title="d-rof_YearN8"/>
    <link:label xlink:type="resource" xlink:role="http://www.xbrl.org/2003/role/label" xlink:label="label_d-rof_YearN8_001" xlink:title="label_d-rof_YearN8_001" id="label_d-rof_YearN8_001" xml:lang="en">Year n-8</link:label>
    <link:labelArc xlink:type="arc" xlink:arcrole="http://www.xbrl.org/2003/arcrole/concept-label" xlink:from="d-rof_YearN8" xlink:to="label_d-rof_YearN8_001" xlink:title="d-rof_YearN8 to label_d-rof_YearN8_001"/>
    <link:label xlink:type="resource" xlink:role="http://www.eiopa.europa.eu/pr/solvencyii/role/code" xlink:label="label_d-rof_YearN8_002" xlink:title="label_d-rof_YearN8_002" id="label_d-rof_YearN8_002" xml:lang="en">RO08</link:label>
    <link:labelArc xlink:type="arc" xlink:arcrole="http://www.xbrl.org/2003/arcrole/concept-label" xlink:from="d-rof_YearN8" xlink:to="label_d-rof_YearN8_002" xlink:title="d-rof_YearN8 to label_d-rof_YearN8_002"/>
    <link:loc xlink:type="locator" xlink:href="d-rof-2011-06-30.xsd#d-rof_YearN9" xlink:label="d-rof_YearN9" xlink:title="d-rof_YearN9"/>
    <link:label xlink:type="resource" xlink:role="http://www.xbrl.org/2003/role/label" xlink:label="label_d-rof_YearN9_001" xlink:title="label_d-rof_YearN9_001" id="label_d-rof_YearN9_001" xml:lang="en">Year n-9</link:label>
    <link:labelArc xlink:type="arc" xlink:arcrole="http://www.xbrl.org/2003/arcrole/concept-label" xlink:from="d-rof_YearN9" xlink:to="label_d-rof_YearN9_001" xlink:title="d-rof_YearN9 to label_d-rof_YearN9_001"/>
    <link:label xlink:type="resource" xlink:role="http://www.eiopa.europa.eu/pr/solvencyii/role/code" xlink:label="label_d-rof_YearN9_002" xlink:title="label_d-rof_YearN9_002" id="label_d-rof_YearN9_002" xml:lang="en">RO09</link:label>
    <link:labelArc xlink:type="arc" xlink:arcrole="http://www.xbrl.org/2003/arcrole/concept-label" xlink:from="d-rof_YearN9" xlink:to="label_d-rof_YearN9_002" xlink:title="d-rof_YearN9 to label_d-rof_YearN9_002"/>
    <link:loc xlink:type="locator" xlink:href="d-rof-2011-06-30.xsd#d-rof_PriorYears" xlink:label="d-rof_PriorYears" xlink:title="d-rof_PriorYears"/>
    <link:label xlink:type="resource" xlink:role="http://www.xbrl.org/2003/role/label" xlink:label="label_d-rof_PriorYears_001" xlink:title="label_d-rof_PriorYears_001" id="label_d-rof_PriorYears_001" xml:lang="en">Prior years</link:label>
    <link:labelArc xlink:type="arc" xlink:arcrole="http://www.xbrl.org/2003/arcrole/concept-label" xlink:from="d-rof_PriorYears" xlink:to="label_d-rof_PriorYears_001" xlink:title="d-rof_PriorYears to label_d-rof_PriorYears_001"/>
    <link:label xlink:type="resource" xlink:role="http://www.eiopa.europa.eu/pr/solvencyii/role/code" xlink:label="label_d-rof_PriorYears_002" xlink:title="label_d-rof_PriorYears_002" id="label_d-rof_PriorYears_002" xml:lang="en">RO10</link:label>
    <link:labelArc xlink:type="arc" xlink:arcrole="http://www.xbrl.org/2003/arcrole/concept-label" xlink:from="d-rof_PriorYears" xlink:to="label_d-rof_PriorYears_002" xlink:title="d-rof_PriorYears to label_d-rof_PriorYears_002"/>
  </link:labelLink>
</link:linkbase>
