<?xml version="1.0" encoding="utf-8"?>
<!-- Solvency II Taxonomy - 2011-06-30 -->
<!-- Copyright (C) 2011 European Insurance and Occupational Pensions Authority -->
<link:linkbase xmlns:xsi="http://www.w3.org/2001/XMLSchema-instance"
  xmlns:link="http://www.xbrl.org/2003/linkbase"
  xmlns:xbrli="http://www.xbrl.org/2003/instance"
  xmlns:xbrldt="http://xbrl.org/2005/xbrldt"
  xmlns:xlink="http://www.w3.org/1999/xlink"
  xmlns:generic="http://xbrl.org/2008/generic"
  xmlns:ref-surfi="http://www.eiopa.europa.eu/pr/solvencyii/reference-elements"
  xmlns:of-which="http://www.eiopa.europa.eu/pr/solvencyii/including-included"
  xsi:schemaLocation="http://www.xbrl.org/2003/linkbase http://www.xbrl.org/2003/xbrl-linkbase-2003-12-31.xsd"
  >
  <link:roleRef roleURI="http://www.eiopa.europa.eu/pr/solvencyii/role/code" xlink:type="simple" xlink:href="primary-types-2011-06-30.xsd#code"/>
  <link:labelLink xlink:type="extended" xlink:role="http://www.xbrl.org/2003/role/link">
    <link:loc xlink:type="locator" xlink:href="p-TP_NL_E3-2011-06-30.xsd#p-TP_NL_E3_NonLifeInsuranceClaimsInformationTemplate" xlink:label="p-TP_NL_E3_NonLifeInsuranceClaimsInformationTemplate" xlink:title="p-TP_NL_E3_NonLifeInsuranceClaimsInformationTemplate"/>
    <link:label xlink:type="resource" xlink:role="http://www.xbrl.org/2003/role/label" xlink:label="label_p-TP_NL_E3_NonLifeInsuranceClaimsInformationTemplate_001" xlink:title="label_p-TP_NL_E3_NonLifeInsuranceClaimsInformationTemplate_001" id="label_p-TP_NL_E3_NonLifeInsuranceClaimsInformationTemplate_001" xml:lang="en">Non-life Insurance Claims Information (Template)</link:label>
    <link:labelArc xlink:type="arc" xlink:arcrole="http://www.xbrl.org/2003/arcrole/concept-label" xlink:from="p-TP_NL_E3_NonLifeInsuranceClaimsInformationTemplate" xlink:to="label_p-TP_NL_E3_NonLifeInsuranceClaimsInformationTemplate_001" xlink:title="p-TP_NL_E3_NonLifeInsuranceClaimsInformationTemplate to label_p-TP_NL_E3_NonLifeInsuranceClaimsInformationTemplate_001"/>
    <link:loc xlink:type="locator" xlink:href="p-TP_NL_E3-2011-06-30.xsd#p-TP_NL_E3_NonLifeInsuranceClaimsInformation" xlink:label="p-TP_NL_E3_NonLifeInsuranceClaimsInformation" xlink:title="p-TP_NL_E3_NonLifeInsuranceClaimsInformation"/>
    <link:label xlink:type="resource" xlink:role="http://www.xbrl.org/2003/role/label" xlink:label="label_p-TP_NL_E3_NonLifeInsuranceClaimsInformation_001" xlink:title="label_p-TP_NL_E3_NonLifeInsuranceClaimsInformation_001" id="label_p-TP_NL_E3_NonLifeInsuranceClaimsInformation_001" xml:lang="en">Non-life Insurance Claims Information</link:label>
    <link:labelArc xlink:type="arc" xlink:arcrole="http://www.xbrl.org/2003/arcrole/concept-label" xlink:from="p-TP_NL_E3_NonLifeInsuranceClaimsInformation" xlink:to="label_p-TP_NL_E3_NonLifeInsuranceClaimsInformation_001" xlink:title="p-TP_NL_E3_NonLifeInsuranceClaimsInformation to label_p-TP_NL_E3_NonLifeInsuranceClaimsInformation_001"/>
    <link:label xlink:type="resource" xlink:role="http://www.eiopa.europa.eu/pr/solvencyii/role/code" xlink:label="label_p-TP_NL_E3_NonLifeInsuranceClaimsInformation_002" xlink:title="label_p-TP_NL_E3_NonLifeInsuranceClaimsInformation_002" id="label_p-TP_NL_E3_NonLifeInsuranceClaimsInformation_002" xml:lang="en">TP_NL_E3_a1</link:label>
    <link:labelArc xlink:type="arc" xlink:arcrole="http://www.xbrl.org/2003/arcrole/concept-label" xlink:from="p-TP_NL_E3_NonLifeInsuranceClaimsInformation" xlink:to="label_p-TP_NL_E3_NonLifeInsuranceClaimsInformation_002" xlink:title="p-TP_NL_E3_NonLifeInsuranceClaimsInformation to label_p-TP_NL_E3_NonLifeInsuranceClaimsInformation_002"/>
    <link:loc xlink:type="locator" xlink:href="p-TP_NL_E3-2011-06-30.xsd#p-TP_NL_E3_DescriptionNonLifeInsuranceClaimsInformation" xlink:label="p-TP_NL_E3_DescriptionNonLifeInsuranceClaimsInformation" xlink:title="p-TP_NL_E3_DescriptionNonLifeInsuranceClaimsInformation"/>
    <link:label xlink:type="resource" xlink:role="http://www.xbrl.org/2003/role/label" xlink:label="label_p-TP_NL_E3_DescriptionNonLifeInsuranceClaimsInformation_001" xlink:title="label_p-TP_NL_E3_DescriptionNonLifeInsuranceClaimsInformation_001" id="label_p-TP_NL_E3_DescriptionNonLifeInsuranceClaimsInformation_001" xml:lang="en">Description, Non-life Insurance Claims Information</link:label>
    <link:labelArc xlink:type="arc" xlink:arcrole="http://www.xbrl.org/2003/arcrole/concept-label" xlink:from="p-TP_NL_E3_DescriptionNonLifeInsuranceClaimsInformation" xlink:to="label_p-TP_NL_E3_DescriptionNonLifeInsuranceClaimsInformation_001" xlink:title="p-TP_NL_E3_DescriptionNonLifeInsuranceClaimsInformation to label_p-TP_NL_E3_DescriptionNonLifeInsuranceClaimsInformation_001"/>
    <link:label xlink:type="resource" xlink:role="http://www.eiopa.europa.eu/pr/solvencyii/role/code" xlink:label="label_p-TP_NL_E3_DescriptionNonLifeInsuranceClaimsInformation_002" xlink:title="label_p-TP_NL_E3_DescriptionNonLifeInsuranceClaimsInformation_002" id="label_p-TP_NL_E3_DescriptionNonLifeInsuranceClaimsInformation_002" xml:lang="en">TP_NL_E3_a2</link:label>
    <link:labelArc xlink:type="arc" xlink:arcrole="http://www.xbrl.org/2003/arcrole/concept-label" xlink:from="p-TP_NL_E3_DescriptionNonLifeInsuranceClaimsInformation" xlink:to="label_p-TP_NL_E3_DescriptionNonLifeInsuranceClaimsInformation_002" xlink:title="p-TP_NL_E3_DescriptionNonLifeInsuranceClaimsInformation to label_p-TP_NL_E3_DescriptionNonLifeInsuranceClaimsInformation_002"/>
    <link:loc xlink:type="locator" xlink:href="p-TP_NL_E3-2011-06-30.xsd#p-TP_NL_E3_InflationRateUsedDescriptionNonLifeInsuranceClaimsInformation" xlink:label="p-TP_NL_E3_InflationRateUsedDescriptionNonLifeInsuranceClaimsInformation" xlink:title="p-TP_NL_E3_InflationRateUsedDescriptionNonLifeInsuranceClaimsInformation"/>
    <link:label xlink:type="resource" xlink:role="http://www.xbrl.org/2003/role/verboseLabel" xlink:label="label_p-TP_NL_E3_InflationRateUsedDescriptionNonLifeInsuranceClaimsInformation_001" xlink:title="label_p-TP_NL_E3_InflationRateUsedDescriptionNonLifeInsuranceClaimsInformation_001" id="label_p-TP_NL_E3_InflationRateUsedDescriptionNonLifeInsuranceClaimsInformation_001" xml:lang="en">Inflation rate used, Description, Non-life Insurance Claims Information</link:label>
    <link:labelArc xlink:type="arc" xlink:arcrole="http://www.xbrl.org/2003/arcrole/concept-label" xlink:from="p-TP_NL_E3_InflationRateUsedDescriptionNonLifeInsuranceClaimsInformation" xlink:to="label_p-TP_NL_E3_InflationRateUsedDescriptionNonLifeInsuranceClaimsInformation_001" xlink:title="p-TP_NL_E3_InflationRateUsedDescriptionNonLifeInsuranceClaimsInformation to label_p-TP_NL_E3_InflationRateUsedDescriptionNonLifeInsuranceClaimsInformation_001"/>
    <link:label xlink:type="resource" xlink:role="http://www.xbrl.org/2003/role/label" xlink:label="label_p-TP_NL_E3_InflationRateUsedDescriptionNonLifeInsuranceClaimsInformation_002" xlink:title="label_p-TP_NL_E3_InflationRateUsedDescriptionNonLifeInsuranceClaimsInformation_002" id="label_p-TP_NL_E3_InflationRateUsedDescriptionNonLifeInsuranceClaimsInformation_002" xml:lang="en">Inflation rate, Calculation method description</link:label>
    <link:labelArc xlink:type="arc" xlink:arcrole="http://www.xbrl.org/2003/arcrole/concept-label" xlink:from="p-TP_NL_E3_InflationRateUsedDescriptionNonLifeInsuranceClaimsInformation" xlink:to="label_p-TP_NL_E3_InflationRateUsedDescriptionNonLifeInsuranceClaimsInformation_002" xlink:title="p-TP_NL_E3_InflationRateUsedDescriptionNonLifeInsuranceClaimsInformation to label_p-TP_NL_E3_InflationRateUsedDescriptionNonLifeInsuranceClaimsInformation_002"/>
    <link:label xlink:type="resource" xlink:role="http://www.eiopa.europa.eu/pr/solvencyii/role/code" xlink:label="label_p-TP_NL_E3_InflationRateUsedDescriptionNonLifeInsuranceClaimsInformation_003" xlink:title="label_p-TP_NL_E3_InflationRateUsedDescriptionNonLifeInsuranceClaimsInformation_003" id="label_p-TP_NL_E3_InflationRateUsedDescriptionNonLifeInsuranceClaimsInformation_003" xml:lang="en">TP_NL_E3_XX7</link:label>
    <link:labelArc xlink:type="arc" xlink:arcrole="http://www.xbrl.org/2003/arcrole/concept-label" xlink:from="p-TP_NL_E3_InflationRateUsedDescriptionNonLifeInsuranceClaimsInformation" xlink:to="label_p-TP_NL_E3_InflationRateUsedDescriptionNonLifeInsuranceClaimsInformation_003" xlink:title="p-TP_NL_E3_InflationRateUsedDescriptionNonLifeInsuranceClaimsInformation to label_p-TP_NL_E3_InflationRateUsedDescriptionNonLifeInsuranceClaimsInformation_003"/>
    <link:loc xlink:type="locator" xlink:href="p-TP_NL_E3-2011-06-30.xsd#p-TP_NL_E3_HistoricInflationDescriptionNonLifeInsuranceClaimsInformation" xlink:label="p-TP_NL_E3_HistoricInflationDescriptionNonLifeInsuranceClaimsInformation" xlink:title="p-TP_NL_E3_HistoricInflationDescriptionNonLifeInsuranceClaimsInformation"/>
    <link:label xlink:type="resource" xlink:role="http://www.xbrl.org/2003/role/label" xlink:label="label_p-TP_NL_E3_HistoricInflationDescriptionNonLifeInsuranceClaimsInformation_001" xlink:title="label_p-TP_NL_E3_HistoricInflationDescriptionNonLifeInsuranceClaimsInformation_001" id="label_p-TP_NL_E3_HistoricInflationDescriptionNonLifeInsuranceClaimsInformation_001" xml:lang="en">Historic inflation, Description, Non-life Insurance Claims Information</link:label>
    <link:labelArc xlink:type="arc" xlink:arcrole="http://www.xbrl.org/2003/arcrole/concept-label" xlink:from="p-TP_NL_E3_HistoricInflationDescriptionNonLifeInsuranceClaimsInformation" xlink:to="label_p-TP_NL_E3_HistoricInflationDescriptionNonLifeInsuranceClaimsInformation_001" xlink:title="p-TP_NL_E3_HistoricInflationDescriptionNonLifeInsuranceClaimsInformation to label_p-TP_NL_E3_HistoricInflationDescriptionNonLifeInsuranceClaimsInformation_001"/>
    <link:label xlink:type="resource" xlink:role="http://www.eiopa.europa.eu/pr/solvencyii/role/code" xlink:label="label_p-TP_NL_E3_HistoricInflationDescriptionNonLifeInsuranceClaimsInformation_002" xlink:title="label_p-TP_NL_E3_HistoricInflationDescriptionNonLifeInsuranceClaimsInformation_002" id="label_p-TP_NL_E3_HistoricInflationDescriptionNonLifeInsuranceClaimsInformation_002" xml:lang="en">TP_NL_E3_a3</link:label>
    <link:labelArc xlink:type="arc" xlink:arcrole="http://www.xbrl.org/2003/arcrole/concept-label" xlink:from="p-TP_NL_E3_HistoricInflationDescriptionNonLifeInsuranceClaimsInformation" xlink:to="label_p-TP_NL_E3_HistoricInflationDescriptionNonLifeInsuranceClaimsInformation_002" xlink:title="p-TP_NL_E3_HistoricInflationDescriptionNonLifeInsuranceClaimsInformation to label_p-TP_NL_E3_HistoricInflationDescriptionNonLifeInsuranceClaimsInformation_002"/>
    <link:loc xlink:type="locator" xlink:href="p-TP_NL_E3-2011-06-30.xsd#p-TP_NL_E3_ExpectedInflationDescriptionNonLifeInsuranceClaimsInformation" xlink:label="p-TP_NL_E3_ExpectedInflationDescriptionNonLifeInsuranceClaimsInformation" xlink:title="p-TP_NL_E3_ExpectedInflationDescriptionNonLifeInsuranceClaimsInformation"/>
    <link:label xlink:type="resource" xlink:role="http://www.xbrl.org/2003/role/label" xlink:label="label_p-TP_NL_E3_ExpectedInflationDescriptionNonLifeInsuranceClaimsInformation_001" xlink:title="label_p-TP_NL_E3_ExpectedInflationDescriptionNonLifeInsuranceClaimsInformation_001" id="label_p-TP_NL_E3_ExpectedInflationDescriptionNonLifeInsuranceClaimsInformation_001" xml:lang="en">Expected inflation, Description, Non-life Insurance Claims Information</link:label>
    <link:labelArc xlink:type="arc" xlink:arcrole="http://www.xbrl.org/2003/arcrole/concept-label" xlink:from="p-TP_NL_E3_ExpectedInflationDescriptionNonLifeInsuranceClaimsInformation" xlink:to="label_p-TP_NL_E3_ExpectedInflationDescriptionNonLifeInsuranceClaimsInformation_001" xlink:title="p-TP_NL_E3_ExpectedInflationDescriptionNonLifeInsuranceClaimsInformation to label_p-TP_NL_E3_ExpectedInflationDescriptionNonLifeInsuranceClaimsInformation_001"/>
    <link:label xlink:type="resource" xlink:role="http://www.eiopa.europa.eu/pr/solvencyii/role/code" xlink:label="label_p-TP_NL_E3_ExpectedInflationDescriptionNonLifeInsuranceClaimsInformation_002" xlink:title="label_p-TP_NL_E3_ExpectedInflationDescriptionNonLifeInsuranceClaimsInformation_002" id="label_p-TP_NL_E3_ExpectedInflationDescriptionNonLifeInsuranceClaimsInformation_002" xml:lang="en">TP_NL_E3_a4</link:label>
    <link:labelArc xlink:type="arc" xlink:arcrole="http://www.xbrl.org/2003/arcrole/concept-label" xlink:from="p-TP_NL_E3_ExpectedInflationDescriptionNonLifeInsuranceClaimsInformation" xlink:to="label_p-TP_NL_E3_ExpectedInflationDescriptionNonLifeInsuranceClaimsInformation_002" xlink:title="p-TP_NL_E3_ExpectedInflationDescriptionNonLifeInsuranceClaimsInformation to label_p-TP_NL_E3_ExpectedInflationDescriptionNonLifeInsuranceClaimsInformation_002"/>
    <link:loc xlink:type="locator" xlink:href="p-TP_NL_E3-2011-06-30.xsd#p-TP_NL_E3_TotalNonLifeInsuranceClaimsInformation" xlink:label="p-TP_NL_E3_TotalNonLifeInsuranceClaimsInformation" xlink:title="p-TP_NL_E3_TotalNonLifeInsuranceClaimsInformation"/>
    <link:label xlink:type="resource" xlink:role="http://www.xbrl.org/2003/role/label" xlink:label="label_p-TP_NL_E3_TotalNonLifeInsuranceClaimsInformation_001" xlink:title="label_p-TP_NL_E3_TotalNonLifeInsuranceClaimsInformation_001" id="label_p-TP_NL_E3_TotalNonLifeInsuranceClaimsInformation_001" xml:lang="en">Total, Non-life Insurance Claims Information</link:label>
    <link:labelArc xlink:type="arc" xlink:arcrole="http://www.xbrl.org/2003/arcrole/concept-label" xlink:from="p-TP_NL_E3_TotalNonLifeInsuranceClaimsInformation" xlink:to="label_p-TP_NL_E3_TotalNonLifeInsuranceClaimsInformation_001" xlink:title="p-TP_NL_E3_TotalNonLifeInsuranceClaimsInformation to label_p-TP_NL_E3_TotalNonLifeInsuranceClaimsInformation_001"/>
    <link:label xlink:type="resource" xlink:role="http://www.eiopa.europa.eu/pr/solvencyii/role/code" xlink:label="label_p-TP_NL_E3_TotalNonLifeInsuranceClaimsInformation_002" xlink:title="label_p-TP_NL_E3_TotalNonLifeInsuranceClaimsInformation_002" id="label_p-TP_NL_E3_TotalNonLifeInsuranceClaimsInformation_002" xml:lang="en">TP_NL_E3_a5</link:label>
    <link:labelArc xlink:type="arc" xlink:arcrole="http://www.xbrl.org/2003/arcrole/concept-label" xlink:from="p-TP_NL_E3_TotalNonLifeInsuranceClaimsInformation" xlink:to="label_p-TP_NL_E3_TotalNonLifeInsuranceClaimsInformation_002" xlink:title="p-TP_NL_E3_TotalNonLifeInsuranceClaimsInformation to label_p-TP_NL_E3_TotalNonLifeInsuranceClaimsInformation_002"/>
    <link:loc xlink:type="locator" xlink:href="p-TP_NL_E3-2011-06-30.xsd#p-TP_NL_E3_HistoricInflationTotalNonLifeInsuranceClaimsInformation" xlink:label="p-TP_NL_E3_HistoricInflationTotalNonLifeInsuranceClaimsInformation" xlink:title="p-TP_NL_E3_HistoricInflationTotalNonLifeInsuranceClaimsInformation"/>
    <link:label xlink:type="resource" xlink:role="http://www.xbrl.org/2003/role/label" xlink:label="label_p-TP_NL_E3_HistoricInflationTotalNonLifeInsuranceClaimsInformation_001" xlink:title="label_p-TP_NL_E3_HistoricInflationTotalNonLifeInsuranceClaimsInformation_001" id="label_p-TP_NL_E3_HistoricInflationTotalNonLifeInsuranceClaimsInformation_001" xml:lang="en">Historic inflation, Total, Non-life Insurance Claims Information</link:label>
    <link:labelArc xlink:type="arc" xlink:arcrole="http://www.xbrl.org/2003/arcrole/concept-label" xlink:from="p-TP_NL_E3_HistoricInflationTotalNonLifeInsuranceClaimsInformation" xlink:to="label_p-TP_NL_E3_HistoricInflationTotalNonLifeInsuranceClaimsInformation_001" xlink:title="p-TP_NL_E3_HistoricInflationTotalNonLifeInsuranceClaimsInformation to label_p-TP_NL_E3_HistoricInflationTotalNonLifeInsuranceClaimsInformation_001"/>
    <link:label xlink:type="resource" xlink:role="http://www.eiopa.europa.eu/pr/solvencyii/role/code" xlink:label="label_p-TP_NL_E3_HistoricInflationTotalNonLifeInsuranceClaimsInformation_002" xlink:title="label_p-TP_NL_E3_HistoricInflationTotalNonLifeInsuranceClaimsInformation_002" id="label_p-TP_NL_E3_HistoricInflationTotalNonLifeInsuranceClaimsInformation_002" xml:lang="en">TP_NL_E3_a6</link:label>
    <link:labelArc xlink:type="arc" xlink:arcrole="http://www.xbrl.org/2003/arcrole/concept-label" xlink:from="p-TP_NL_E3_HistoricInflationTotalNonLifeInsuranceClaimsInformation" xlink:to="label_p-TP_NL_E3_HistoricInflationTotalNonLifeInsuranceClaimsInformation_002" xlink:title="p-TP_NL_E3_HistoricInflationTotalNonLifeInsuranceClaimsInformation to label_p-TP_NL_E3_HistoricInflationTotalNonLifeInsuranceClaimsInformation_002"/>
    <link:loc xlink:type="locator" xlink:href="p-TP_NL_E3-2011-06-30.xsd#p-TP_NL_E3_RateHistoricInflationTotalNonLifeInsuranceClaimsInformation" xlink:label="p-TP_NL_E3_RateHistoricInflationTotalNonLifeInsuranceClaimsInformation" xlink:title="p-TP_NL_E3_RateHistoricInflationTotalNonLifeInsuranceClaimsInformation"/>
    <link:label xlink:type="resource" xlink:role="http://www.xbrl.org/2003/role/verboseLabel" xlink:label="label_p-TP_NL_E3_RateHistoricInflationTotalNonLifeInsuranceClaimsInformation_001" xlink:title="label_p-TP_NL_E3_RateHistoricInflationTotalNonLifeInsuranceClaimsInformation_001" id="label_p-TP_NL_E3_RateHistoricInflationTotalNonLifeInsuranceClaimsInformation_001" xml:lang="en">Rate, Historic inflation, Total, Non-life Insurance Claims Information</link:label>
    <link:labelArc xlink:type="arc" xlink:arcrole="http://www.xbrl.org/2003/arcrole/concept-label" xlink:from="p-TP_NL_E3_RateHistoricInflationTotalNonLifeInsuranceClaimsInformation" xlink:to="label_p-TP_NL_E3_RateHistoricInflationTotalNonLifeInsuranceClaimsInformation_001" xlink:title="p-TP_NL_E3_RateHistoricInflationTotalNonLifeInsuranceClaimsInformation to label_p-TP_NL_E3_RateHistoricInflationTotalNonLifeInsuranceClaimsInformation_001"/>
    <link:label xlink:type="resource" xlink:role="http://www.xbrl.org/2003/role/label" xlink:label="label_p-TP_NL_E3_RateHistoricInflationTotalNonLifeInsuranceClaimsInformation_002" xlink:title="label_p-TP_NL_E3_RateHistoricInflationTotalNonLifeInsuranceClaimsInformation_002" id="label_p-TP_NL_E3_RateHistoricInflationTotalNonLifeInsuranceClaimsInformation_002" xml:lang="en">Inflation rate, Historic, Total, Percentage</link:label>
    <link:labelArc xlink:type="arc" xlink:arcrole="http://www.xbrl.org/2003/arcrole/concept-label" xlink:from="p-TP_NL_E3_RateHistoricInflationTotalNonLifeInsuranceClaimsInformation" xlink:to="label_p-TP_NL_E3_RateHistoricInflationTotalNonLifeInsuranceClaimsInformation_002" xlink:title="p-TP_NL_E3_RateHistoricInflationTotalNonLifeInsuranceClaimsInformation to label_p-TP_NL_E3_RateHistoricInflationTotalNonLifeInsuranceClaimsInformation_002"/>
    <link:label xlink:type="resource" xlink:role="http://www.eiopa.europa.eu/pr/solvencyii/role/code" xlink:label="label_p-TP_NL_E3_RateHistoricInflationTotalNonLifeInsuranceClaimsInformation_003" xlink:title="label_p-TP_NL_E3_RateHistoricInflationTotalNonLifeInsuranceClaimsInformation_003" id="label_p-TP_NL_E3_RateHistoricInflationTotalNonLifeInsuranceClaimsInformation_003" xml:lang="en">TP_NL_E3_XX1</link:label>
    <link:labelArc xlink:type="arc" xlink:arcrole="http://www.xbrl.org/2003/arcrole/concept-label" xlink:from="p-TP_NL_E3_RateHistoricInflationTotalNonLifeInsuranceClaimsInformation" xlink:to="label_p-TP_NL_E3_RateHistoricInflationTotalNonLifeInsuranceClaimsInformation_003" xlink:title="p-TP_NL_E3_RateHistoricInflationTotalNonLifeInsuranceClaimsInformation to label_p-TP_NL_E3_RateHistoricInflationTotalNonLifeInsuranceClaimsInformation_003"/>
    <link:loc xlink:type="locator" xlink:href="p-TP_NL_E3-2011-06-30.xsd#p-TP_NL_E3_ExpectedInflationTotalNonLifeInsuranceClaimsInformation" xlink:label="p-TP_NL_E3_ExpectedInflationTotalNonLifeInsuranceClaimsInformation" xlink:title="p-TP_NL_E3_ExpectedInflationTotalNonLifeInsuranceClaimsInformation"/>
    <link:label xlink:type="resource" xlink:role="http://www.xbrl.org/2003/role/label" xlink:label="label_p-TP_NL_E3_ExpectedInflationTotalNonLifeInsuranceClaimsInformation_001" xlink:title="label_p-TP_NL_E3_ExpectedInflationTotalNonLifeInsuranceClaimsInformation_001" id="label_p-TP_NL_E3_ExpectedInflationTotalNonLifeInsuranceClaimsInformation_001" xml:lang="en">Expected inflation, Total, Non-life Insurance Claims Information</link:label>
    <link:labelArc xlink:type="arc" xlink:arcrole="http://www.xbrl.org/2003/arcrole/concept-label" xlink:from="p-TP_NL_E3_ExpectedInflationTotalNonLifeInsuranceClaimsInformation" xlink:to="label_p-TP_NL_E3_ExpectedInflationTotalNonLifeInsuranceClaimsInformation_001" xlink:title="p-TP_NL_E3_ExpectedInflationTotalNonLifeInsuranceClaimsInformation to label_p-TP_NL_E3_ExpectedInflationTotalNonLifeInsuranceClaimsInformation_001"/>
    <link:label xlink:type="resource" xlink:role="http://www.eiopa.europa.eu/pr/solvencyii/role/code" xlink:label="label_p-TP_NL_E3_ExpectedInflationTotalNonLifeInsuranceClaimsInformation_002" xlink:title="label_p-TP_NL_E3_ExpectedInflationTotalNonLifeInsuranceClaimsInformation_002" id="label_p-TP_NL_E3_ExpectedInflationTotalNonLifeInsuranceClaimsInformation_002" xml:lang="en">TP_NL_E3_a7</link:label>
    <link:labelArc xlink:type="arc" xlink:arcrole="http://www.xbrl.org/2003/arcrole/concept-label" xlink:from="p-TP_NL_E3_ExpectedInflationTotalNonLifeInsuranceClaimsInformation" xlink:to="label_p-TP_NL_E3_ExpectedInflationTotalNonLifeInsuranceClaimsInformation_002" xlink:title="p-TP_NL_E3_ExpectedInflationTotalNonLifeInsuranceClaimsInformation to label_p-TP_NL_E3_ExpectedInflationTotalNonLifeInsuranceClaimsInformation_002"/>
    <link:loc xlink:type="locator" xlink:href="p-TP_NL_E3-2011-06-30.xsd#p-TP_NL_E3_RateExpectedInflationTotalNonLifeInsuranceClaimsInformation" xlink:label="p-TP_NL_E3_RateExpectedInflationTotalNonLifeInsuranceClaimsInformation" xlink:title="p-TP_NL_E3_RateExpectedInflationTotalNonLifeInsuranceClaimsInformation"/>
    <link:label xlink:type="resource" xlink:role="http://www.xbrl.org/2003/role/verboseLabel" xlink:label="label_p-TP_NL_E3_RateExpectedInflationTotalNonLifeInsuranceClaimsInformation_001" xlink:title="label_p-TP_NL_E3_RateExpectedInflationTotalNonLifeInsuranceClaimsInformation_001" id="label_p-TP_NL_E3_RateExpectedInflationTotalNonLifeInsuranceClaimsInformation_001" xml:lang="en">Rate, Expected inflation, Total, Non-life Insurance Claims Information</link:label>
    <link:labelArc xlink:type="arc" xlink:arcrole="http://www.xbrl.org/2003/arcrole/concept-label" xlink:from="p-TP_NL_E3_RateExpectedInflationTotalNonLifeInsuranceClaimsInformation" xlink:to="label_p-TP_NL_E3_RateExpectedInflationTotalNonLifeInsuranceClaimsInformation_001" xlink:title="p-TP_NL_E3_RateExpectedInflationTotalNonLifeInsuranceClaimsInformation to label_p-TP_NL_E3_RateExpectedInflationTotalNonLifeInsuranceClaimsInformation_001"/>
    <link:label xlink:type="resource" xlink:role="http://www.xbrl.org/2003/role/label" xlink:label="label_p-TP_NL_E3_RateExpectedInflationTotalNonLifeInsuranceClaimsInformation_002" xlink:title="label_p-TP_NL_E3_RateExpectedInflationTotalNonLifeInsuranceClaimsInformation_002" id="label_p-TP_NL_E3_RateExpectedInflationTotalNonLifeInsuranceClaimsInformation_002" xml:lang="en">Inflation rate, Expected, Total, Percentage</link:label>
    <link:labelArc xlink:type="arc" xlink:arcrole="http://www.xbrl.org/2003/arcrole/concept-label" xlink:from="p-TP_NL_E3_RateExpectedInflationTotalNonLifeInsuranceClaimsInformation" xlink:to="label_p-TP_NL_E3_RateExpectedInflationTotalNonLifeInsuranceClaimsInformation_002" xlink:title="p-TP_NL_E3_RateExpectedInflationTotalNonLifeInsuranceClaimsInformation to label_p-TP_NL_E3_RateExpectedInflationTotalNonLifeInsuranceClaimsInformation_002"/>
    <link:label xlink:type="resource" xlink:role="http://www.eiopa.europa.eu/pr/solvencyii/role/code" xlink:label="label_p-TP_NL_E3_RateExpectedInflationTotalNonLifeInsuranceClaimsInformation_003" xlink:title="label_p-TP_NL_E3_RateExpectedInflationTotalNonLifeInsuranceClaimsInformation_003" id="label_p-TP_NL_E3_RateExpectedInflationTotalNonLifeInsuranceClaimsInformation_003" xml:lang="en">TP_NL_E3_XX4</link:label>
    <link:labelArc xlink:type="arc" xlink:arcrole="http://www.xbrl.org/2003/arcrole/concept-label" xlink:from="p-TP_NL_E3_RateExpectedInflationTotalNonLifeInsuranceClaimsInformation" xlink:to="label_p-TP_NL_E3_RateExpectedInflationTotalNonLifeInsuranceClaimsInformation_003" xlink:title="p-TP_NL_E3_RateExpectedInflationTotalNonLifeInsuranceClaimsInformation to label_p-TP_NL_E3_RateExpectedInflationTotalNonLifeInsuranceClaimsInformation_003"/>
    <link:loc xlink:type="locator" xlink:href="p-TP_NL_E3-2011-06-30.xsd#p-TP_NL_E3_ExternalInflationNonLifeInsuranceClaimsInformation" xlink:label="p-TP_NL_E3_ExternalInflationNonLifeInsuranceClaimsInformation" xlink:title="p-TP_NL_E3_ExternalInflationNonLifeInsuranceClaimsInformation"/>
    <link:label xlink:type="resource" xlink:role="http://www.xbrl.org/2003/role/label" xlink:label="label_p-TP_NL_E3_ExternalInflationNonLifeInsuranceClaimsInformation_001" xlink:title="label_p-TP_NL_E3_ExternalInflationNonLifeInsuranceClaimsInformation_001" id="label_p-TP_NL_E3_ExternalInflationNonLifeInsuranceClaimsInformation_001" xml:lang="en">External inflation, Non-life Insurance Claims Information</link:label>
    <link:labelArc xlink:type="arc" xlink:arcrole="http://www.xbrl.org/2003/arcrole/concept-label" xlink:from="p-TP_NL_E3_ExternalInflationNonLifeInsuranceClaimsInformation" xlink:to="label_p-TP_NL_E3_ExternalInflationNonLifeInsuranceClaimsInformation_001" xlink:title="p-TP_NL_E3_ExternalInflationNonLifeInsuranceClaimsInformation to label_p-TP_NL_E3_ExternalInflationNonLifeInsuranceClaimsInformation_001"/>
    <link:label xlink:type="resource" xlink:role="http://www.eiopa.europa.eu/pr/solvencyii/role/code" xlink:label="label_p-TP_NL_E3_ExternalInflationNonLifeInsuranceClaimsInformation_002" xlink:title="label_p-TP_NL_E3_ExternalInflationNonLifeInsuranceClaimsInformation_002" id="label_p-TP_NL_E3_ExternalInflationNonLifeInsuranceClaimsInformation_002" xml:lang="en">TP_NL_E3_a8</link:label>
    <link:labelArc xlink:type="arc" xlink:arcrole="http://www.xbrl.org/2003/arcrole/concept-label" xlink:from="p-TP_NL_E3_ExternalInflationNonLifeInsuranceClaimsInformation" xlink:to="label_p-TP_NL_E3_ExternalInflationNonLifeInsuranceClaimsInformation_002" xlink:title="p-TP_NL_E3_ExternalInflationNonLifeInsuranceClaimsInformation to label_p-TP_NL_E3_ExternalInflationNonLifeInsuranceClaimsInformation_002"/>
    <link:loc xlink:type="locator" xlink:href="p-TP_NL_E3-2011-06-30.xsd#p-TP_NL_E3_HistoricInflationExternalInflationNonLifeInsuranceClaimsInformation" xlink:label="p-TP_NL_E3_HistoricInflationExternalInflationNonLifeInsuranceClaimsInformation" xlink:title="p-TP_NL_E3_HistoricInflationExternalInflationNonLifeInsuranceClaimsInformation"/>
    <link:label xlink:type="resource" xlink:role="http://www.xbrl.org/2003/role/label" xlink:label="label_p-TP_NL_E3_HistoricInflationExternalInflationNonLifeInsuranceClaimsInformation_001" xlink:title="label_p-TP_NL_E3_HistoricInflationExternalInflationNonLifeInsuranceClaimsInformation_001" id="label_p-TP_NL_E3_HistoricInflationExternalInflationNonLifeInsuranceClaimsInformation_001" xml:lang="en">Historic inflation, External inflation, Non-life Insurance Claims Information</link:label>
    <link:labelArc xlink:type="arc" xlink:arcrole="http://www.xbrl.org/2003/arcrole/concept-label" xlink:from="p-TP_NL_E3_HistoricInflationExternalInflationNonLifeInsuranceClaimsInformation" xlink:to="label_p-TP_NL_E3_HistoricInflationExternalInflationNonLifeInsuranceClaimsInformation_001" xlink:title="p-TP_NL_E3_HistoricInflationExternalInflationNonLifeInsuranceClaimsInformation to label_p-TP_NL_E3_HistoricInflationExternalInflationNonLifeInsuranceClaimsInformation_001"/>
    <link:label xlink:type="resource" xlink:role="http://www.eiopa.europa.eu/pr/solvencyii/role/code" xlink:label="label_p-TP_NL_E3_HistoricInflationExternalInflationNonLifeInsuranceClaimsInformation_002" xlink:title="label_p-TP_NL_E3_HistoricInflationExternalInflationNonLifeInsuranceClaimsInformation_002" id="label_p-TP_NL_E3_HistoricInflationExternalInflationNonLifeInsuranceClaimsInformation_002" xml:lang="en">TP_NL_E3_a9</link:label>
    <link:labelArc xlink:type="arc" xlink:arcrole="http://www.xbrl.org/2003/arcrole/concept-label" xlink:from="p-TP_NL_E3_HistoricInflationExternalInflationNonLifeInsuranceClaimsInformation" xlink:to="label_p-TP_NL_E3_HistoricInflationExternalInflationNonLifeInsuranceClaimsInformation_002" xlink:title="p-TP_NL_E3_HistoricInflationExternalInflationNonLifeInsuranceClaimsInformation to label_p-TP_NL_E3_HistoricInflationExternalInflationNonLifeInsuranceClaimsInformation_002"/>
    <link:loc xlink:type="locator" xlink:href="p-TP_NL_E3-2011-06-30.xsd#p-TP_NL_E3_RateHistoricInflationExternalInflationNonLifeInsuranceClaimsInformation" xlink:label="p-TP_NL_E3_RateHistoricInflationExternalInflationNonLifeInsuranceClaimsInformation" xlink:title="p-TP_NL_E3_RateHistoricInflationExternalInflationNonLifeInsuranceClaimsInformation"/>
    <link:label xlink:type="resource" xlink:role="http://www.xbrl.org/2003/role/verboseLabel" xlink:label="label_p-TP_NL_E3_RateHistoricInflationExternalInflationNonLifeInsuranceClaimsInformation_001" xlink:title="label_p-TP_NL_E3_RateHistoricInflationExternalInflationNonLifeInsuranceClaimsInformation_001" id="label_p-TP_NL_E3_RateHistoricInflationExternalInflationNonLifeInsuranceClaimsInformation_001" xml:lang="en">Rate, Historic inflation, External inflation, Non-life Insurance Claims Information</link:label>
    <link:labelArc xlink:type="arc" xlink:arcrole="http://www.xbrl.org/2003/arcrole/concept-label" xlink:from="p-TP_NL_E3_RateHistoricInflationExternalInflationNonLifeInsuranceClaimsInformation" xlink:to="label_p-TP_NL_E3_RateHistoricInflationExternalInflationNonLifeInsuranceClaimsInformation_001" xlink:title="p-TP_NL_E3_RateHistoricInflationExternalInflationNonLifeInsuranceClaimsInformation to label_p-TP_NL_E3_RateHistoricInflationExternalInflationNonLifeInsuranceClaimsInformation_001"/>
    <link:label xlink:type="resource" xlink:role="http://www.xbrl.org/2003/role/label" xlink:label="label_p-TP_NL_E3_RateHistoricInflationExternalInflationNonLifeInsuranceClaimsInformation_002" xlink:title="label_p-TP_NL_E3_RateHistoricInflationExternalInflationNonLifeInsuranceClaimsInformation_002" id="label_p-TP_NL_E3_RateHistoricInflationExternalInflationNonLifeInsuranceClaimsInformation_002" xml:lang="en">Inflation rate, Historic, External inflation, Percentage</link:label>
    <link:labelArc xlink:type="arc" xlink:arcrole="http://www.xbrl.org/2003/arcrole/concept-label" xlink:from="p-TP_NL_E3_RateHistoricInflationExternalInflationNonLifeInsuranceClaimsInformation" xlink:to="label_p-TP_NL_E3_RateHistoricInflationExternalInflationNonLifeInsuranceClaimsInformation_002" xlink:title="p-TP_NL_E3_RateHistoricInflationExternalInflationNonLifeInsuranceClaimsInformation to label_p-TP_NL_E3_RateHistoricInflationExternalInflationNonLifeInsuranceClaimsInformation_002"/>
    <link:label xlink:type="resource" xlink:role="http://www.eiopa.europa.eu/pr/solvencyii/role/code" xlink:label="label_p-TP_NL_E3_RateHistoricInflationExternalInflationNonLifeInsuranceClaimsInformation_003" xlink:title="label_p-TP_NL_E3_RateHistoricInflationExternalInflationNonLifeInsuranceClaimsInformation_003" id="label_p-TP_NL_E3_RateHistoricInflationExternalInflationNonLifeInsuranceClaimsInformation_003" xml:lang="en">TP_NL_E3_XX2</link:label>
    <link:labelArc xlink:type="arc" xlink:arcrole="http://www.xbrl.org/2003/arcrole/concept-label" xlink:from="p-TP_NL_E3_RateHistoricInflationExternalInflationNonLifeInsuranceClaimsInformation" xlink:to="label_p-TP_NL_E3_RateHistoricInflationExternalInflationNonLifeInsuranceClaimsInformation_003" xlink:title="p-TP_NL_E3_RateHistoricInflationExternalInflationNonLifeInsuranceClaimsInformation to label_p-TP_NL_E3_RateHistoricInflationExternalInflationNonLifeInsuranceClaimsInformation_003"/>
    <link:loc xlink:type="locator" xlink:href="p-TP_NL_E3-2011-06-30.xsd#p-TP_NL_E3_ExpectedInflationExternalInflationNonLifeInsuranceClaimsInformation" xlink:label="p-TP_NL_E3_ExpectedInflationExternalInflationNonLifeInsuranceClaimsInformation" xlink:title="p-TP_NL_E3_ExpectedInflationExternalInflationNonLifeInsuranceClaimsInformation"/>
    <link:label xlink:type="resource" xlink:role="http://www.xbrl.org/2003/role/label" xlink:label="label_p-TP_NL_E3_ExpectedInflationExternalInflationNonLifeInsuranceClaimsInformation_001" xlink:title="label_p-TP_NL_E3_ExpectedInflationExternalInflationNonLifeInsuranceClaimsInformation_001" id="label_p-TP_NL_E3_ExpectedInflationExternalInflationNonLifeInsuranceClaimsInformation_001" xml:lang="en">Expected inflation, External inflation, Non-life Insurance Claims Information</link:label>
    <link:labelArc xlink:type="arc" xlink:arcrole="http://www.xbrl.org/2003/arcrole/concept-label" xlink:from="p-TP_NL_E3_ExpectedInflationExternalInflationNonLifeInsuranceClaimsInformation" xlink:to="label_p-TP_NL_E3_ExpectedInflationExternalInflationNonLifeInsuranceClaimsInformation_001" xlink:title="p-TP_NL_E3_ExpectedInflationExternalInflationNonLifeInsuranceClaimsInformation to label_p-TP_NL_E3_ExpectedInflationExternalInflationNonLifeInsuranceClaimsInformation_001"/>
    <link:label xlink:type="resource" xlink:role="http://www.eiopa.europa.eu/pr/solvencyii/role/code" xlink:label="label_p-TP_NL_E3_ExpectedInflationExternalInflationNonLifeInsuranceClaimsInformation_002" xlink:title="label_p-TP_NL_E3_ExpectedInflationExternalInflationNonLifeInsuranceClaimsInformation_002" id="label_p-TP_NL_E3_ExpectedInflationExternalInflationNonLifeInsuranceClaimsInformation_002" xml:lang="en">TP_NL_E3_a10</link:label>
    <link:labelArc xlink:type="arc" xlink:arcrole="http://www.xbrl.org/2003/arcrole/concept-label" xlink:from="p-TP_NL_E3_ExpectedInflationExternalInflationNonLifeInsuranceClaimsInformation" xlink:to="label_p-TP_NL_E3_ExpectedInflationExternalInflationNonLifeInsuranceClaimsInformation_002" xlink:title="p-TP_NL_E3_ExpectedInflationExternalInflationNonLifeInsuranceClaimsInformation to label_p-TP_NL_E3_ExpectedInflationExternalInflationNonLifeInsuranceClaimsInformation_002"/>
    <link:loc xlink:type="locator" xlink:href="p-TP_NL_E3-2011-06-30.xsd#p-TP_NL_E3_RateExpectedInflationExternalInflationNonLifeInsuranceClaimsInformation" xlink:label="p-TP_NL_E3_RateExpectedInflationExternalInflationNonLifeInsuranceClaimsInformation" xlink:title="p-TP_NL_E3_RateExpectedInflationExternalInflationNonLifeInsuranceClaimsInformation"/>
    <link:label xlink:type="resource" xlink:role="http://www.xbrl.org/2003/role/verboseLabel" xlink:label="label_p-TP_NL_E3_RateExpectedInflationExternalInflationNonLifeInsuranceClaimsInformation_001" xlink:title="label_p-TP_NL_E3_RateExpectedInflationExternalInflationNonLifeInsuranceClaimsInformation_001" id="label_p-TP_NL_E3_RateExpectedInflationExternalInflationNonLifeInsuranceClaimsInformation_001" xml:lang="en">Rate, Expected inflation, External inflation, Non-life Insurance Claims Information</link:label>
    <link:labelArc xlink:type="arc" xlink:arcrole="http://www.xbrl.org/2003/arcrole/concept-label" xlink:from="p-TP_NL_E3_RateExpectedInflationExternalInflationNonLifeInsuranceClaimsInformation" xlink:to="label_p-TP_NL_E3_RateExpectedInflationExternalInflationNonLifeInsuranceClaimsInformation_001" xlink:title="p-TP_NL_E3_RateExpectedInflationExternalInflationNonLifeInsuranceClaimsInformation to label_p-TP_NL_E3_RateExpectedInflationExternalInflationNonLifeInsuranceClaimsInformation_001"/>
    <link:label xlink:type="resource" xlink:role="http://www.xbrl.org/2003/role/label" xlink:label="label_p-TP_NL_E3_RateExpectedInflationExternalInflationNonLifeInsuranceClaimsInformation_002" xlink:title="label_p-TP_NL_E3_RateExpectedInflationExternalInflationNonLifeInsuranceClaimsInformation_002" id="label_p-TP_NL_E3_RateExpectedInflationExternalInflationNonLifeInsuranceClaimsInformation_002" xml:lang="en">Inflation rate, Expected, External inflation, Percentage</link:label>
    <link:labelArc xlink:type="arc" xlink:arcrole="http://www.xbrl.org/2003/arcrole/concept-label" xlink:from="p-TP_NL_E3_RateExpectedInflationExternalInflationNonLifeInsuranceClaimsInformation" xlink:to="label_p-TP_NL_E3_RateExpectedInflationExternalInflationNonLifeInsuranceClaimsInformation_002" xlink:title="p-TP_NL_E3_RateExpectedInflationExternalInflationNonLifeInsuranceClaimsInformation to label_p-TP_NL_E3_RateExpectedInflationExternalInflationNonLifeInsuranceClaimsInformation_002"/>
    <link:label xlink:type="resource" xlink:role="http://www.eiopa.europa.eu/pr/solvencyii/role/code" xlink:label="label_p-TP_NL_E3_RateExpectedInflationExternalInflationNonLifeInsuranceClaimsInformation_003" xlink:title="label_p-TP_NL_E3_RateExpectedInflationExternalInflationNonLifeInsuranceClaimsInformation_003" id="label_p-TP_NL_E3_RateExpectedInflationExternalInflationNonLifeInsuranceClaimsInformation_003" xml:lang="en">TP_NL_E3_XX5</link:label>
    <link:labelArc xlink:type="arc" xlink:arcrole="http://www.xbrl.org/2003/arcrole/concept-label" xlink:from="p-TP_NL_E3_RateExpectedInflationExternalInflationNonLifeInsuranceClaimsInformation" xlink:to="label_p-TP_NL_E3_RateExpectedInflationExternalInflationNonLifeInsuranceClaimsInformation_003" xlink:title="p-TP_NL_E3_RateExpectedInflationExternalInflationNonLifeInsuranceClaimsInformation to label_p-TP_NL_E3_RateExpectedInflationExternalInflationNonLifeInsuranceClaimsInformation_003"/>
    <link:loc xlink:type="locator" xlink:href="p-TP_NL_E3-2011-06-30.xsd#p-TP_NL_E3_EndogeneousInflationNonLifeInsuranceClaimsInformation" xlink:label="p-TP_NL_E3_EndogeneousInflationNonLifeInsuranceClaimsInformation" xlink:title="p-TP_NL_E3_EndogeneousInflationNonLifeInsuranceClaimsInformation"/>
    <link:label xlink:type="resource" xlink:role="http://www.xbrl.org/2003/role/label" xlink:label="label_p-TP_NL_E3_EndogeneousInflationNonLifeInsuranceClaimsInformation_001" xlink:title="label_p-TP_NL_E3_EndogeneousInflationNonLifeInsuranceClaimsInformation_001" id="label_p-TP_NL_E3_EndogeneousInflationNonLifeInsuranceClaimsInformation_001" xml:lang="en">Endogeneous inflation, Non-life Insurance Claims Information</link:label>
    <link:labelArc xlink:type="arc" xlink:arcrole="http://www.xbrl.org/2003/arcrole/concept-label" xlink:from="p-TP_NL_E3_EndogeneousInflationNonLifeInsuranceClaimsInformation" xlink:to="label_p-TP_NL_E3_EndogeneousInflationNonLifeInsuranceClaimsInformation_001" xlink:title="p-TP_NL_E3_EndogeneousInflationNonLifeInsuranceClaimsInformation to label_p-TP_NL_E3_EndogeneousInflationNonLifeInsuranceClaimsInformation_001"/>
    <link:label xlink:type="resource" xlink:role="http://www.eiopa.europa.eu/pr/solvencyii/role/code" xlink:label="label_p-TP_NL_E3_EndogeneousInflationNonLifeInsuranceClaimsInformation_002" xlink:title="label_p-TP_NL_E3_EndogeneousInflationNonLifeInsuranceClaimsInformation_002" id="label_p-TP_NL_E3_EndogeneousInflationNonLifeInsuranceClaimsInformation_002" xml:lang="en">TP_NL_E3_a11</link:label>
    <link:labelArc xlink:type="arc" xlink:arcrole="http://www.xbrl.org/2003/arcrole/concept-label" xlink:from="p-TP_NL_E3_EndogeneousInflationNonLifeInsuranceClaimsInformation" xlink:to="label_p-TP_NL_E3_EndogeneousInflationNonLifeInsuranceClaimsInformation_002" xlink:title="p-TP_NL_E3_EndogeneousInflationNonLifeInsuranceClaimsInformation to label_p-TP_NL_E3_EndogeneousInflationNonLifeInsuranceClaimsInformation_002"/>
    <link:loc xlink:type="locator" xlink:href="p-TP_NL_E3-2011-06-30.xsd#p-TP_NL_E3_HistoricInflationEndogeneousInflationNonLifeInsuranceClaimsInformation" xlink:label="p-TP_NL_E3_HistoricInflationEndogeneousInflationNonLifeInsuranceClaimsInformation" xlink:title="p-TP_NL_E3_HistoricInflationEndogeneousInflationNonLifeInsuranceClaimsInformation"/>
    <link:label xlink:type="resource" xlink:role="http://www.xbrl.org/2003/role/label" xlink:label="label_p-TP_NL_E3_HistoricInflationEndogeneousInflationNonLifeInsuranceClaimsInformation_001" xlink:title="label_p-TP_NL_E3_HistoricInflationEndogeneousInflationNonLifeInsuranceClaimsInformation_001" id="label_p-TP_NL_E3_HistoricInflationEndogeneousInflationNonLifeInsuranceClaimsInformation_001" xml:lang="en">Historic inflation, Endogeneous inflation, Non-life Insurance Claims Information</link:label>
    <link:labelArc xlink:type="arc" xlink:arcrole="http://www.xbrl.org/2003/arcrole/concept-label" xlink:from="p-TP_NL_E3_HistoricInflationEndogeneousInflationNonLifeInsuranceClaimsInformation" xlink:to="label_p-TP_NL_E3_HistoricInflationEndogeneousInflationNonLifeInsuranceClaimsInformation_001" xlink:title="p-TP_NL_E3_HistoricInflationEndogeneousInflationNonLifeInsuranceClaimsInformation to label_p-TP_NL_E3_HistoricInflationEndogeneousInflationNonLifeInsuranceClaimsInformation_001"/>
    <link:label xlink:type="resource" xlink:role="http://www.eiopa.europa.eu/pr/solvencyii/role/code" xlink:label="label_p-TP_NL_E3_HistoricInflationEndogeneousInflationNonLifeInsuranceClaimsInformation_002" xlink:title="label_p-TP_NL_E3_HistoricInflationEndogeneousInflationNonLifeInsuranceClaimsInformation_002" id="label_p-TP_NL_E3_HistoricInflationEndogeneousInflationNonLifeInsuranceClaimsInformation_002" xml:lang="en">TP_NL_E3_a12</link:label>
    <link:labelArc xlink:type="arc" xlink:arcrole="http://www.xbrl.org/2003/arcrole/concept-label" xlink:from="p-TP_NL_E3_HistoricInflationEndogeneousInflationNonLifeInsuranceClaimsInformation" xlink:to="label_p-TP_NL_E3_HistoricInflationEndogeneousInflationNonLifeInsuranceClaimsInformation_002" xlink:title="p-TP_NL_E3_HistoricInflationEndogeneousInflationNonLifeInsuranceClaimsInformation to label_p-TP_NL_E3_HistoricInflationEndogeneousInflationNonLifeInsuranceClaimsInformation_002"/>
    <link:loc xlink:type="locator" xlink:href="p-TP_NL_E3-2011-06-30.xsd#p-TP_NL_E3_RateHistoricInflationEndogeneousInflationNonLifeInsuranceClaimsInformation" xlink:label="p-TP_NL_E3_RateHistoricInflationEndogeneousInflationNonLifeInsuranceClaimsInformation" xlink:title="p-TP_NL_E3_RateHistoricInflationEndogeneousInflationNonLifeInsuranceClaimsInformation"/>
    <link:label xlink:type="resource" xlink:role="http://www.xbrl.org/2003/role/verboseLabel" xlink:label="label_p-TP_NL_E3_RateHistoricInflationEndogeneousInflationNonLifeInsuranceClaimsInformation_001" xlink:title="label_p-TP_NL_E3_RateHistoricInflationEndogeneousInflationNonLifeInsuranceClaimsInformation_001" id="label_p-TP_NL_E3_RateHistoricInflationEndogeneousInflationNonLifeInsuranceClaimsInformation_001" xml:lang="en">Rate, Historic inflation, Endogeneous inflation, Non-life Insurance Claims Information</link:label>
    <link:labelArc xlink:type="arc" xlink:arcrole="http://www.xbrl.org/2003/arcrole/concept-label" xlink:from="p-TP_NL_E3_RateHistoricInflationEndogeneousInflationNonLifeInsuranceClaimsInformation" xlink:to="label_p-TP_NL_E3_RateHistoricInflationEndogeneousInflationNonLifeInsuranceClaimsInformation_001" xlink:title="p-TP_NL_E3_RateHistoricInflationEndogeneousInflationNonLifeInsuranceClaimsInformation to label_p-TP_NL_E3_RateHistoricInflationEndogeneousInflationNonLifeInsuranceClaimsInformation_001"/>
    <link:label xlink:type="resource" xlink:role="http://www.xbrl.org/2003/role/label" xlink:label="label_p-TP_NL_E3_RateHistoricInflationEndogeneousInflationNonLifeInsuranceClaimsInformation_002" xlink:title="label_p-TP_NL_E3_RateHistoricInflationEndogeneousInflationNonLifeInsuranceClaimsInformation_002" id="label_p-TP_NL_E3_RateHistoricInflationEndogeneousInflationNonLifeInsuranceClaimsInformation_002" xml:lang="en">Inflation rate, Historic, Endogeneous inflation, Percentage</link:label>
    <link:labelArc xlink:type="arc" xlink:arcrole="http://www.xbrl.org/2003/arcrole/concept-label" xlink:from="p-TP_NL_E3_RateHistoricInflationEndogeneousInflationNonLifeInsuranceClaimsInformation" xlink:to="label_p-TP_NL_E3_RateHistoricInflationEndogeneousInflationNonLifeInsuranceClaimsInformation_002" xlink:title="p-TP_NL_E3_RateHistoricInflationEndogeneousInflationNonLifeInsuranceClaimsInformation to label_p-TP_NL_E3_RateHistoricInflationEndogeneousInflationNonLifeInsuranceClaimsInformation_002"/>
    <link:label xlink:type="resource" xlink:role="http://www.eiopa.europa.eu/pr/solvencyii/role/code" xlink:label="label_p-TP_NL_E3_RateHistoricInflationEndogeneousInflationNonLifeInsuranceClaimsInformation_003" xlink:title="label_p-TP_NL_E3_RateHistoricInflationEndogeneousInflationNonLifeInsuranceClaimsInformation_003" id="label_p-TP_NL_E3_RateHistoricInflationEndogeneousInflationNonLifeInsuranceClaimsInformation_003" xml:lang="en">TP_NL_E3_XX3</link:label>
    <link:labelArc xlink:type="arc" xlink:arcrole="http://www.xbrl.org/2003/arcrole/concept-label" xlink:from="p-TP_NL_E3_RateHistoricInflationEndogeneousInflationNonLifeInsuranceClaimsInformation" xlink:to="label_p-TP_NL_E3_RateHistoricInflationEndogeneousInflationNonLifeInsuranceClaimsInformation_003" xlink:title="p-TP_NL_E3_RateHistoricInflationEndogeneousInflationNonLifeInsuranceClaimsInformation to label_p-TP_NL_E3_RateHistoricInflationEndogeneousInflationNonLifeInsuranceClaimsInformation_003"/>
    <link:loc xlink:type="locator" xlink:href="p-TP_NL_E3-2011-06-30.xsd#p-TP_NL_E3_ExpectedInflationEndogeneousInflationNonLifeInsuranceClaimsInformation" xlink:label="p-TP_NL_E3_ExpectedInflationEndogeneousInflationNonLifeInsuranceClaimsInformation" xlink:title="p-TP_NL_E3_ExpectedInflationEndogeneousInflationNonLifeInsuranceClaimsInformation"/>
    <link:label xlink:type="resource" xlink:role="http://www.xbrl.org/2003/role/label" xlink:label="label_p-TP_NL_E3_ExpectedInflationEndogeneousInflationNonLifeInsuranceClaimsInformation_001" xlink:title="label_p-TP_NL_E3_ExpectedInflationEndogeneousInflationNonLifeInsuranceClaimsInformation_001" id="label_p-TP_NL_E3_ExpectedInflationEndogeneousInflationNonLifeInsuranceClaimsInformation_001" xml:lang="en">Expected inflation, Endogeneous inflation, Non-life Insurance Claims Information</link:label>
    <link:labelArc xlink:type="arc" xlink:arcrole="http://www.xbrl.org/2003/arcrole/concept-label" xlink:from="p-TP_NL_E3_ExpectedInflationEndogeneousInflationNonLifeInsuranceClaimsInformation" xlink:to="label_p-TP_NL_E3_ExpectedInflationEndogeneousInflationNonLifeInsuranceClaimsInformation_001" xlink:title="p-TP_NL_E3_ExpectedInflationEndogeneousInflationNonLifeInsuranceClaimsInformation to label_p-TP_NL_E3_ExpectedInflationEndogeneousInflationNonLifeInsuranceClaimsInformation_001"/>
    <link:label xlink:type="resource" xlink:role="http://www.eiopa.europa.eu/pr/solvencyii/role/code" xlink:label="label_p-TP_NL_E3_ExpectedInflationEndogeneousInflationNonLifeInsuranceClaimsInformation_002" xlink:title="label_p-TP_NL_E3_ExpectedInflationEndogeneousInflationNonLifeInsuranceClaimsInformation_002" id="label_p-TP_NL_E3_ExpectedInflationEndogeneousInflationNonLifeInsuranceClaimsInformation_002" xml:lang="en">TP_NL_E3_a13</link:label>
    <link:labelArc xlink:type="arc" xlink:arcrole="http://www.xbrl.org/2003/arcrole/concept-label" xlink:from="p-TP_NL_E3_ExpectedInflationEndogeneousInflationNonLifeInsuranceClaimsInformation" xlink:to="label_p-TP_NL_E3_ExpectedInflationEndogeneousInflationNonLifeInsuranceClaimsInformation_002" xlink:title="p-TP_NL_E3_ExpectedInflationEndogeneousInflationNonLifeInsuranceClaimsInformation to label_p-TP_NL_E3_ExpectedInflationEndogeneousInflationNonLifeInsuranceClaimsInformation_002"/>
    <link:loc xlink:type="locator" xlink:href="p-TP_NL_E3-2011-06-30.xsd#p-TP_NL_E3_RateExpectedInflationEndogeneousInflationNonLifeInsuranceClaimsInformation" xlink:label="p-TP_NL_E3_RateExpectedInflationEndogeneousInflationNonLifeInsuranceClaimsInformation" xlink:title="p-TP_NL_E3_RateExpectedInflationEndogeneousInflationNonLifeInsuranceClaimsInformation"/>
    <link:label xlink:type="resource" xlink:role="http://www.xbrl.org/2003/role/verboseLabel" xlink:label="label_p-TP_NL_E3_RateExpectedInflationEndogeneousInflationNonLifeInsuranceClaimsInformation_001" xlink:title="label_p-TP_NL_E3_RateExpectedInflationEndogeneousInflationNonLifeInsuranceClaimsInformation_001" id="label_p-TP_NL_E3_RateExpectedInflationEndogeneousInflationNonLifeInsuranceClaimsInformation_001" xml:lang="en">Rate, Expected inflation, Endogeneous inflation, Non-life Insurance Claims Information</link:label>
    <link:labelArc xlink:type="arc" xlink:arcrole="http://www.xbrl.org/2003/arcrole/concept-label" xlink:from="p-TP_NL_E3_RateExpectedInflationEndogeneousInflationNonLifeInsuranceClaimsInformation" xlink:to="label_p-TP_NL_E3_RateExpectedInflationEndogeneousInflationNonLifeInsuranceClaimsInformation_001" xlink:title="p-TP_NL_E3_RateExpectedInflationEndogeneousInflationNonLifeInsuranceClaimsInformation to label_p-TP_NL_E3_RateExpectedInflationEndogeneousInflationNonLifeInsuranceClaimsInformation_001"/>
    <link:label xlink:type="resource" xlink:role="http://www.xbrl.org/2003/role/label" xlink:label="label_p-TP_NL_E3_RateExpectedInflationEndogeneousInflationNonLifeInsuranceClaimsInformation_002" xlink:title="label_p-TP_NL_E3_RateExpectedInflationEndogeneousInflationNonLifeInsuranceClaimsInformation_002" id="label_p-TP_NL_E3_RateExpectedInflationEndogeneousInflationNonLifeInsuranceClaimsInformation_002" xml:lang="en">Inflation rate, Expected, Endogeneous inflation, Percentage</link:label>
    <link:labelArc xlink:type="arc" xlink:arcrole="http://www.xbrl.org/2003/arcrole/concept-label" xlink:from="p-TP_NL_E3_RateExpectedInflationEndogeneousInflationNonLifeInsuranceClaimsInformation" xlink:to="label_p-TP_NL_E3_RateExpectedInflationEndogeneousInflationNonLifeInsuranceClaimsInformation_002" xlink:title="p-TP_NL_E3_RateExpectedInflationEndogeneousInflationNonLifeInsuranceClaimsInformation to label_p-TP_NL_E3_RateExpectedInflationEndogeneousInflationNonLifeInsuranceClaimsInformation_002"/>
    <link:label xlink:type="resource" xlink:role="http://www.eiopa.europa.eu/pr/solvencyii/role/code" xlink:label="label_p-TP_NL_E3_RateExpectedInflationEndogeneousInflationNonLifeInsuranceClaimsInformation_003" xlink:title="label_p-TP_NL_E3_RateExpectedInflationEndogeneousInflationNonLifeInsuranceClaimsInformation_003" id="label_p-TP_NL_E3_RateExpectedInflationEndogeneousInflationNonLifeInsuranceClaimsInformation_003" xml:lang="en">TP_NL_E3_XX6</link:label>
    <link:labelArc xlink:type="arc" xlink:arcrole="http://www.xbrl.org/2003/arcrole/concept-label" xlink:from="p-TP_NL_E3_RateExpectedInflationEndogeneousInflationNonLifeInsuranceClaimsInformation" xlink:to="label_p-TP_NL_E3_RateExpectedInflationEndogeneousInflationNonLifeInsuranceClaimsInformation_003" xlink:title="p-TP_NL_E3_RateExpectedInflationEndogeneousInflationNonLifeInsuranceClaimsInformation to label_p-TP_NL_E3_RateExpectedInflationEndogeneousInflationNonLifeInsuranceClaimsInformation_003"/>
    <link:loc xlink:type="locator" xlink:href="p-TP_NL_E3-2011-06-30.xsd#p-TP_NL_E3_ClaimsInformationNonLifeInsuranceClaimsInformation" xlink:label="p-TP_NL_E3_ClaimsInformationNonLifeInsuranceClaimsInformation" xlink:title="p-TP_NL_E3_ClaimsInformationNonLifeInsuranceClaimsInformation"/>
    <link:label xlink:type="resource" xlink:role="http://www.xbrl.org/2003/role/label" xlink:label="label_p-TP_NL_E3_ClaimsInformationNonLifeInsuranceClaimsInformation_001" xlink:title="label_p-TP_NL_E3_ClaimsInformationNonLifeInsuranceClaimsInformation_001" id="label_p-TP_NL_E3_ClaimsInformationNonLifeInsuranceClaimsInformation_001" xml:lang="en">Claims information, Non-life Insurance Claims Information</link:label>
    <link:labelArc xlink:type="arc" xlink:arcrole="http://www.xbrl.org/2003/arcrole/concept-label" xlink:from="p-TP_NL_E3_ClaimsInformationNonLifeInsuranceClaimsInformation" xlink:to="label_p-TP_NL_E3_ClaimsInformationNonLifeInsuranceClaimsInformation_001" xlink:title="p-TP_NL_E3_ClaimsInformationNonLifeInsuranceClaimsInformation to label_p-TP_NL_E3_ClaimsInformationNonLifeInsuranceClaimsInformation_001"/>
    <link:label xlink:type="resource" xlink:role="http://www.eiopa.europa.eu/pr/solvencyii/role/code" xlink:label="label_p-TP_NL_E3_ClaimsInformationNonLifeInsuranceClaimsInformation_002" xlink:title="label_p-TP_NL_E3_ClaimsInformationNonLifeInsuranceClaimsInformation_002" id="label_p-TP_NL_E3_ClaimsInformationNonLifeInsuranceClaimsInformation_002" xml:lang="en">TP_NL_E3_a14</link:label>
    <link:labelArc xlink:type="arc" xlink:arcrole="http://www.xbrl.org/2003/arcrole/concept-label" xlink:from="p-TP_NL_E3_ClaimsInformationNonLifeInsuranceClaimsInformation" xlink:to="label_p-TP_NL_E3_ClaimsInformationNonLifeInsuranceClaimsInformation_002" xlink:title="p-TP_NL_E3_ClaimsInformationNonLifeInsuranceClaimsInformation to label_p-TP_NL_E3_ClaimsInformationNonLifeInsuranceClaimsInformation_002"/>
    <link:loc xlink:type="locator" xlink:href="p-TP_NL_E3-2011-06-30.xsd#p-TP_NL_E3_GrossClaimsPaidClaimsInformationNonLifeInsuranceClaimsInformation" xlink:label="p-TP_NL_E3_GrossClaimsPaidClaimsInformationNonLifeInsuranceClaimsInformation" xlink:title="p-TP_NL_E3_GrossClaimsPaidClaimsInformationNonLifeInsuranceClaimsInformation"/>
    <link:label xlink:type="resource" xlink:role="http://www.xbrl.org/2003/role/verboseLabel" xlink:label="label_p-TP_NL_E3_GrossClaimsPaidClaimsInformationNonLifeInsuranceClaimsInformation_001" xlink:title="label_p-TP_NL_E3_GrossClaimsPaidClaimsInformationNonLifeInsuranceClaimsInformation_001" id="label_p-TP_NL_E3_GrossClaimsPaidClaimsInformationNonLifeInsuranceClaimsInformation_001" xml:lang="en">Gross Claims Paid, Claims information, Non-life Insurance Claims Information</link:label>
    <link:labelArc xlink:type="arc" xlink:arcrole="http://www.xbrl.org/2003/arcrole/concept-label" xlink:from="p-TP_NL_E3_GrossClaimsPaidClaimsInformationNonLifeInsuranceClaimsInformation" xlink:to="label_p-TP_NL_E3_GrossClaimsPaidClaimsInformationNonLifeInsuranceClaimsInformation_001" xlink:title="p-TP_NL_E3_GrossClaimsPaidClaimsInformationNonLifeInsuranceClaimsInformation to label_p-TP_NL_E3_GrossClaimsPaidClaimsInformationNonLifeInsuranceClaimsInformation_001"/>
    <link:label xlink:type="resource" xlink:role="http://www.xbrl.org/2003/role/label" xlink:label="label_p-TP_NL_E3_GrossClaimsPaidClaimsInformationNonLifeInsuranceClaimsInformation_002" xlink:title="label_p-TP_NL_E3_GrossClaimsPaidClaimsInformationNonLifeInsuranceClaimsInformation_002" id="label_p-TP_NL_E3_GrossClaimsPaidClaimsInformationNonLifeInsuranceClaimsInformation_002" xml:lang="en">Gross claims paid, Claims information , Non life insurance</link:label>
    <link:labelArc xlink:type="arc" xlink:arcrole="http://www.xbrl.org/2003/arcrole/concept-label" xlink:from="p-TP_NL_E3_GrossClaimsPaidClaimsInformationNonLifeInsuranceClaimsInformation" xlink:to="label_p-TP_NL_E3_GrossClaimsPaidClaimsInformationNonLifeInsuranceClaimsInformation_002" xlink:title="p-TP_NL_E3_GrossClaimsPaidClaimsInformationNonLifeInsuranceClaimsInformation to label_p-TP_NL_E3_GrossClaimsPaidClaimsInformationNonLifeInsuranceClaimsInformation_002"/>
    <link:label xlink:type="resource" xlink:role="http://www.eiopa.europa.eu/pr/solvencyii/role/code" xlink:label="label_p-TP_NL_E3_GrossClaimsPaidClaimsInformationNonLifeInsuranceClaimsInformation_003" xlink:title="label_p-TP_NL_E3_GrossClaimsPaidClaimsInformationNonLifeInsuranceClaimsInformation_003" id="label_p-TP_NL_E3_GrossClaimsPaidClaimsInformationNonLifeInsuranceClaimsInformation_003" xml:lang="en">TP_NL_E3_J0</link:label>
    <link:labelArc xlink:type="arc" xlink:arcrole="http://www.xbrl.org/2003/arcrole/concept-label" xlink:from="p-TP_NL_E3_GrossClaimsPaidClaimsInformationNonLifeInsuranceClaimsInformation" xlink:to="label_p-TP_NL_E3_GrossClaimsPaidClaimsInformationNonLifeInsuranceClaimsInformation_003" xlink:title="p-TP_NL_E3_GrossClaimsPaidClaimsInformationNonLifeInsuranceClaimsInformation to label_p-TP_NL_E3_GrossClaimsPaidClaimsInformationNonLifeInsuranceClaimsInformation_003"/>
    <link:loc xlink:type="locator" xlink:href="p-TP_NL_E3-2011-06-30.xsd#p-TP_NL_E3_GrossClaimsProvisionClaimsInformationNonLifeInsuranceClaimsInformation" xlink:label="p-TP_NL_E3_GrossClaimsProvisionClaimsInformationNonLifeInsuranceClaimsInformation" xlink:title="p-TP_NL_E3_GrossClaimsProvisionClaimsInformationNonLifeInsuranceClaimsInformation"/>
    <link:label xlink:type="resource" xlink:role="http://www.xbrl.org/2003/role/verboseLabel" xlink:label="label_p-TP_NL_E3_GrossClaimsProvisionClaimsInformationNonLifeInsuranceClaimsInformation_001" xlink:title="label_p-TP_NL_E3_GrossClaimsProvisionClaimsInformationNonLifeInsuranceClaimsInformation_001" id="label_p-TP_NL_E3_GrossClaimsProvisionClaimsInformationNonLifeInsuranceClaimsInformation_001" xml:lang="en">Gross Claims Provision, Claims information, Non-life Insurance Claims Information</link:label>
    <link:labelArc xlink:type="arc" xlink:arcrole="http://www.xbrl.org/2003/arcrole/concept-label" xlink:from="p-TP_NL_E3_GrossClaimsProvisionClaimsInformationNonLifeInsuranceClaimsInformation" xlink:to="label_p-TP_NL_E3_GrossClaimsProvisionClaimsInformationNonLifeInsuranceClaimsInformation_001" xlink:title="p-TP_NL_E3_GrossClaimsProvisionClaimsInformationNonLifeInsuranceClaimsInformation to label_p-TP_NL_E3_GrossClaimsProvisionClaimsInformationNonLifeInsuranceClaimsInformation_001"/>
    <link:label xlink:type="resource" xlink:role="http://www.xbrl.org/2003/role/label" xlink:label="label_p-TP_NL_E3_GrossClaimsProvisionClaimsInformationNonLifeInsuranceClaimsInformation_002" xlink:title="label_p-TP_NL_E3_GrossClaimsProvisionClaimsInformationNonLifeInsuranceClaimsInformation_002" id="label_p-TP_NL_E3_GrossClaimsProvisionClaimsInformationNonLifeInsuranceClaimsInformation_002" xml:lang="en">Gross claims provision, Claims information , Non life insurance</link:label>
    <link:labelArc xlink:type="arc" xlink:arcrole="http://www.xbrl.org/2003/arcrole/concept-label" xlink:from="p-TP_NL_E3_GrossClaimsProvisionClaimsInformationNonLifeInsuranceClaimsInformation" xlink:to="label_p-TP_NL_E3_GrossClaimsProvisionClaimsInformationNonLifeInsuranceClaimsInformation_002" xlink:title="p-TP_NL_E3_GrossClaimsProvisionClaimsInformationNonLifeInsuranceClaimsInformation to label_p-TP_NL_E3_GrossClaimsProvisionClaimsInformationNonLifeInsuranceClaimsInformation_002"/>
    <link:label xlink:type="resource" xlink:role="http://www.eiopa.europa.eu/pr/solvencyii/role/code" xlink:label="label_p-TP_NL_E3_GrossClaimsProvisionClaimsInformationNonLifeInsuranceClaimsInformation_003" xlink:title="label_p-TP_NL_E3_GrossClaimsProvisionClaimsInformationNonLifeInsuranceClaimsInformation_003" id="label_p-TP_NL_E3_GrossClaimsProvisionClaimsInformationNonLifeInsuranceClaimsInformation_003" xml:lang="en">TP_NL_E3_U0</link:label>
    <link:labelArc xlink:type="arc" xlink:arcrole="http://www.xbrl.org/2003/arcrole/concept-label" xlink:from="p-TP_NL_E3_GrossClaimsProvisionClaimsInformationNonLifeInsuranceClaimsInformation" xlink:to="label_p-TP_NL_E3_GrossClaimsProvisionClaimsInformationNonLifeInsuranceClaimsInformation_003" xlink:title="p-TP_NL_E3_GrossClaimsProvisionClaimsInformationNonLifeInsuranceClaimsInformation to label_p-TP_NL_E3_GrossClaimsProvisionClaimsInformationNonLifeInsuranceClaimsInformation_003"/>
    <link:loc xlink:type="locator" xlink:href="p-TP_NL_E3-2011-06-30.xsd#p-TP_NL_E3_GrossClaimsOutstandingClaimsInformationNonLifeInsuranceClaimsInformation" xlink:label="p-TP_NL_E3_GrossClaimsOutstandingClaimsInformationNonLifeInsuranceClaimsInformation" xlink:title="p-TP_NL_E3_GrossClaimsOutstandingClaimsInformationNonLifeInsuranceClaimsInformation"/>
    <link:label xlink:type="resource" xlink:role="http://www.xbrl.org/2003/role/verboseLabel" xlink:label="label_p-TP_NL_E3_GrossClaimsOutstandingClaimsInformationNonLifeInsuranceClaimsInformation_001" xlink:title="label_p-TP_NL_E3_GrossClaimsOutstandingClaimsInformationNonLifeInsuranceClaimsInformation_001" id="label_p-TP_NL_E3_GrossClaimsOutstandingClaimsInformationNonLifeInsuranceClaimsInformation_001" xml:lang="en">Gross Claims Outstanding, Claims information, Non-life Insurance Claims Information</link:label>
    <link:labelArc xlink:type="arc" xlink:arcrole="http://www.xbrl.org/2003/arcrole/concept-label" xlink:from="p-TP_NL_E3_GrossClaimsOutstandingClaimsInformationNonLifeInsuranceClaimsInformation" xlink:to="label_p-TP_NL_E3_GrossClaimsOutstandingClaimsInformationNonLifeInsuranceClaimsInformation_001" xlink:title="p-TP_NL_E3_GrossClaimsOutstandingClaimsInformationNonLifeInsuranceClaimsInformation to label_p-TP_NL_E3_GrossClaimsOutstandingClaimsInformationNonLifeInsuranceClaimsInformation_001"/>
    <link:label xlink:type="resource" xlink:role="http://www.xbrl.org/2003/role/label" xlink:label="label_p-TP_NL_E3_GrossClaimsOutstandingClaimsInformationNonLifeInsuranceClaimsInformation_002" xlink:title="label_p-TP_NL_E3_GrossClaimsOutstandingClaimsInformationNonLifeInsuranceClaimsInformation_002" id="label_p-TP_NL_E3_GrossClaimsOutstandingClaimsInformationNonLifeInsuranceClaimsInformation_002" xml:lang="en">Gross claims outstanding, Claims information ,Non life insurance</link:label>
    <link:labelArc xlink:type="arc" xlink:arcrole="http://www.xbrl.org/2003/arcrole/concept-label" xlink:from="p-TP_NL_E3_GrossClaimsOutstandingClaimsInformationNonLifeInsuranceClaimsInformation" xlink:to="label_p-TP_NL_E3_GrossClaimsOutstandingClaimsInformationNonLifeInsuranceClaimsInformation_002" xlink:title="p-TP_NL_E3_GrossClaimsOutstandingClaimsInformationNonLifeInsuranceClaimsInformation to label_p-TP_NL_E3_GrossClaimsOutstandingClaimsInformationNonLifeInsuranceClaimsInformation_002"/>
    <link:label xlink:type="resource" xlink:role="http://www.eiopa.europa.eu/pr/solvencyii/role/code" xlink:label="label_p-TP_NL_E3_GrossClaimsOutstandingClaimsInformationNonLifeInsuranceClaimsInformation_003" xlink:title="label_p-TP_NL_E3_GrossClaimsOutstandingClaimsInformationNonLifeInsuranceClaimsInformation_003" id="label_p-TP_NL_E3_GrossClaimsOutstandingClaimsInformationNonLifeInsuranceClaimsInformation_003" xml:lang="en">TP_NL_E3_AF0</link:label>
    <link:labelArc xlink:type="arc" xlink:arcrole="http://www.xbrl.org/2003/arcrole/concept-label" xlink:from="p-TP_NL_E3_GrossClaimsOutstandingClaimsInformationNonLifeInsuranceClaimsInformation" xlink:to="label_p-TP_NL_E3_GrossClaimsOutstandingClaimsInformationNonLifeInsuranceClaimsInformation_003" xlink:title="p-TP_NL_E3_GrossClaimsOutstandingClaimsInformationNonLifeInsuranceClaimsInformation to label_p-TP_NL_E3_GrossClaimsOutstandingClaimsInformationNonLifeInsuranceClaimsInformation_003"/>
    <link:loc xlink:type="locator" xlink:href="p-TP_NL_E3-2011-06-30.xsd#p-TP_NL_E3_SalvageAndSubrogationIncludedWithinGrossClaimsPaidClaimsInformationNonLifeInsuranceClaimsInformation" xlink:label="p-TP_NL_E3_SalvageAndSubrogationIncludedWithinGrossClaimsPaidClaimsInformationNonLifeInsuranceClaimsInformation" xlink:title="p-TP_NL_E3_SalvageAndSubrogationIncludedWithinGrossClaimsPaidClaimsInformationNonLifeInsuranceClaimsInformation"/>
    <link:label xlink:type="resource" xlink:role="http://www.xbrl.org/2003/role/verboseLabel" xlink:label="label_p-TP_NL_E3_SalvageAndSubrogationIncludedWithinGrossClaimsPaidClaimsInformationNonLifeInsuranceClaimsInformation_001" xlink:title="label_p-TP_NL_E3_SalvageAndSubrogationIncludedWithinGrossClaimsPaidClaimsInformationNonLifeInsuranceClaimsInformation_001" id="label_p-TP_NL_E3_SalvageAndSubrogationIncludedWithinGrossClaimsPaidClaimsInformationNonLifeInsuranceClaimsInformation_001" xml:lang="en">Salvage and subrogation included within Gross Claims Paid, Claims information, Non-life Insurance Claims Information</link:label>
    <link:labelArc xlink:type="arc" xlink:arcrole="http://www.xbrl.org/2003/arcrole/concept-label" xlink:from="p-TP_NL_E3_SalvageAndSubrogationIncludedWithinGrossClaimsPaidClaimsInformationNonLifeInsuranceClaimsInformation" xlink:to="label_p-TP_NL_E3_SalvageAndSubrogationIncludedWithinGrossClaimsPaidClaimsInformationNonLifeInsuranceClaimsInformation_001" xlink:title="p-TP_NL_E3_SalvageAndSubrogationIncludedWithinGrossClaimsPaidClaimsInformationNonLifeInsuranceClaimsInformation to label_p-TP_NL_E3_SalvageAndSubrogationIncludedWithinGrossClaimsPaidClaimsInformationNonLifeInsuranceClaimsInformation_001"/>
    <link:label xlink:type="resource" xlink:role="http://www.xbrl.org/2003/role/label" xlink:label="label_p-TP_NL_E3_SalvageAndSubrogationIncludedWithinGrossClaimsPaidClaimsInformationNonLifeInsuranceClaimsInformation_002" xlink:title="label_p-TP_NL_E3_SalvageAndSubrogationIncludedWithinGrossClaimsPaidClaimsInformationNonLifeInsuranceClaimsInformation_002" id="label_p-TP_NL_E3_SalvageAndSubrogationIncludedWithinGrossClaimsPaidClaimsInformationNonLifeInsuranceClaimsInformation_002" xml:lang="en">Salvage and subrogation included within gross claims paid, Claims information , Non life insurance</link:label>
    <link:labelArc xlink:type="arc" xlink:arcrole="http://www.xbrl.org/2003/arcrole/concept-label" xlink:from="p-TP_NL_E3_SalvageAndSubrogationIncludedWithinGrossClaimsPaidClaimsInformationNonLifeInsuranceClaimsInformation" xlink:to="label_p-TP_NL_E3_SalvageAndSubrogationIncludedWithinGrossClaimsPaidClaimsInformationNonLifeInsuranceClaimsInformation_002" xlink:title="p-TP_NL_E3_SalvageAndSubrogationIncludedWithinGrossClaimsPaidClaimsInformationNonLifeInsuranceClaimsInformation to label_p-TP_NL_E3_SalvageAndSubrogationIncludedWithinGrossClaimsPaidClaimsInformationNonLifeInsuranceClaimsInformation_002"/>
    <link:label xlink:type="resource" xlink:role="http://www.eiopa.europa.eu/pr/solvencyii/role/code" xlink:label="label_p-TP_NL_E3_SalvageAndSubrogationIncludedWithinGrossClaimsPaidClaimsInformationNonLifeInsuranceClaimsInformation_003" xlink:title="label_p-TP_NL_E3_SalvageAndSubrogationIncludedWithinGrossClaimsPaidClaimsInformationNonLifeInsuranceClaimsInformation_003" id="label_p-TP_NL_E3_SalvageAndSubrogationIncludedWithinGrossClaimsPaidClaimsInformationNonLifeInsuranceClaimsInformation_003" xml:lang="en">TP_NL_E3_J2</link:label>
    <link:labelArc xlink:type="arc" xlink:arcrole="http://www.xbrl.org/2003/arcrole/concept-label" xlink:from="p-TP_NL_E3_SalvageAndSubrogationIncludedWithinGrossClaimsPaidClaimsInformationNonLifeInsuranceClaimsInformation" xlink:to="label_p-TP_NL_E3_SalvageAndSubrogationIncludedWithinGrossClaimsPaidClaimsInformationNonLifeInsuranceClaimsInformation_003" xlink:title="p-TP_NL_E3_SalvageAndSubrogationIncludedWithinGrossClaimsPaidClaimsInformationNonLifeInsuranceClaimsInformation to label_p-TP_NL_E3_SalvageAndSubrogationIncludedWithinGrossClaimsPaidClaimsInformationNonLifeInsuranceClaimsInformation_003"/>
    <link:loc xlink:type="locator" xlink:href="p-TP_NL_E3-2011-06-30.xsd#p-TP_NL_E3_SalvageAndSubrogationIncludedWithinGrossClaimsOutstandingClaimsInformationNonLifeInsuranceClaimsInformation" xlink:label="p-TP_NL_E3_SalvageAndSubrogationIncludedWithinGrossClaimsOutstandingClaimsInformationNonLifeInsuranceClaimsInformation" xlink:title="p-TP_NL_E3_SalvageAndSubrogationIncludedWithinGrossClaimsOutstandingClaimsInformationNonLifeInsuranceClaimsInformation"/>
    <link:label xlink:type="resource" xlink:role="http://www.xbrl.org/2003/role/label" xlink:label="label_p-TP_NL_E3_SalvageAndSubrogationIncludedWithinGrossClaimsOutstandingClaimsInformationNonLifeInsuranceClaimsInformation_001" xlink:title="label_p-TP_NL_E3_SalvageAndSubrogationIncludedWithinGrossClaimsOutstandingClaimsInformationNonLifeInsuranceClaimsInformation_001" id="label_p-TP_NL_E3_SalvageAndSubrogationIncludedWithinGrossClaimsOutstandingClaimsInformationNonLifeInsuranceClaimsInformation_001" xml:lang="en">Salvage and subrogation included within Gross Claims Outstanding, Claims information, Non-life Insurance Claims Information</link:label>
    <link:labelArc xlink:type="arc" xlink:arcrole="http://www.xbrl.org/2003/arcrole/concept-label" xlink:from="p-TP_NL_E3_SalvageAndSubrogationIncludedWithinGrossClaimsOutstandingClaimsInformationNonLifeInsuranceClaimsInformation" xlink:to="label_p-TP_NL_E3_SalvageAndSubrogationIncludedWithinGrossClaimsOutstandingClaimsInformationNonLifeInsuranceClaimsInformation_001" xlink:title="p-TP_NL_E3_SalvageAndSubrogationIncludedWithinGrossClaimsOutstandingClaimsInformationNonLifeInsuranceClaimsInformation to label_p-TP_NL_E3_SalvageAndSubrogationIncludedWithinGrossClaimsOutstandingClaimsInformationNonLifeInsuranceClaimsInformation_001"/>
    <link:label xlink:type="resource" xlink:role="http://www.eiopa.europa.eu/pr/solvencyii/role/code" xlink:label="label_p-TP_NL_E3_SalvageAndSubrogationIncludedWithinGrossClaimsOutstandingClaimsInformationNonLifeInsuranceClaimsInformation_002" xlink:title="label_p-TP_NL_E3_SalvageAndSubrogationIncludedWithinGrossClaimsOutstandingClaimsInformationNonLifeInsuranceClaimsInformation_002" id="label_p-TP_NL_E3_SalvageAndSubrogationIncludedWithinGrossClaimsOutstandingClaimsInformationNonLifeInsuranceClaimsInformation_002" xml:lang="en">TP_NL_E3_AF2</link:label>
    <link:labelArc xlink:type="arc" xlink:arcrole="http://www.xbrl.org/2003/arcrole/concept-label" xlink:from="p-TP_NL_E3_SalvageAndSubrogationIncludedWithinGrossClaimsOutstandingClaimsInformationNonLifeInsuranceClaimsInformation" xlink:to="label_p-TP_NL_E3_SalvageAndSubrogationIncludedWithinGrossClaimsOutstandingClaimsInformationNonLifeInsuranceClaimsInformation_002" xlink:title="p-TP_NL_E3_SalvageAndSubrogationIncludedWithinGrossClaimsOutstandingClaimsInformationNonLifeInsuranceClaimsInformation to label_p-TP_NL_E3_SalvageAndSubrogationIncludedWithinGrossClaimsOutstandingClaimsInformationNonLifeInsuranceClaimsInformation_002"/>
    <link:loc xlink:type="locator" xlink:href="p-TP_NL_E3-2011-06-30.xsd#p-TP_NL_E3_ReinsuranceRecoveriesReceivedClaimsInformationNonLifeInsuranceClaimsInformation" xlink:label="p-TP_NL_E3_ReinsuranceRecoveriesReceivedClaimsInformationNonLifeInsuranceClaimsInformation" xlink:title="p-TP_NL_E3_ReinsuranceRecoveriesReceivedClaimsInformationNonLifeInsuranceClaimsInformation"/>
    <link:label xlink:type="resource" xlink:role="http://www.xbrl.org/2003/role/verboseLabel" xlink:label="label_p-TP_NL_E3_ReinsuranceRecoveriesReceivedClaimsInformationNonLifeInsuranceClaimsInformation_001" xlink:title="label_p-TP_NL_E3_ReinsuranceRecoveriesReceivedClaimsInformationNonLifeInsuranceClaimsInformation_001" id="label_p-TP_NL_E3_ReinsuranceRecoveriesReceivedClaimsInformationNonLifeInsuranceClaimsInformation_001" xml:lang="en">Reinsurance Recoveries received, Claims information, Non-life Insurance Claims Information</link:label>
    <link:labelArc xlink:type="arc" xlink:arcrole="http://www.xbrl.org/2003/arcrole/concept-label" xlink:from="p-TP_NL_E3_ReinsuranceRecoveriesReceivedClaimsInformationNonLifeInsuranceClaimsInformation" xlink:to="label_p-TP_NL_E3_ReinsuranceRecoveriesReceivedClaimsInformationNonLifeInsuranceClaimsInformation_001" xlink:title="p-TP_NL_E3_ReinsuranceRecoveriesReceivedClaimsInformationNonLifeInsuranceClaimsInformation to label_p-TP_NL_E3_ReinsuranceRecoveriesReceivedClaimsInformationNonLifeInsuranceClaimsInformation_001"/>
    <link:label xlink:type="resource" xlink:role="http://www.xbrl.org/2003/role/label" xlink:label="label_p-TP_NL_E3_ReinsuranceRecoveriesReceivedClaimsInformationNonLifeInsuranceClaimsInformation_002" xlink:title="label_p-TP_NL_E3_ReinsuranceRecoveriesReceivedClaimsInformationNonLifeInsuranceClaimsInformation_002" id="label_p-TP_NL_E3_ReinsuranceRecoveriesReceivedClaimsInformationNonLifeInsuranceClaimsInformation_002" xml:lang="en">Reinsurance recoveries received, Claims information , Non life insurance</link:label>
    <link:labelArc xlink:type="arc" xlink:arcrole="http://www.xbrl.org/2003/arcrole/concept-label" xlink:from="p-TP_NL_E3_ReinsuranceRecoveriesReceivedClaimsInformationNonLifeInsuranceClaimsInformation" xlink:to="label_p-TP_NL_E3_ReinsuranceRecoveriesReceivedClaimsInformationNonLifeInsuranceClaimsInformation_002" xlink:title="p-TP_NL_E3_ReinsuranceRecoveriesReceivedClaimsInformationNonLifeInsuranceClaimsInformation to label_p-TP_NL_E3_ReinsuranceRecoveriesReceivedClaimsInformationNonLifeInsuranceClaimsInformation_002"/>
    <link:label xlink:type="resource" xlink:role="http://www.eiopa.europa.eu/pr/solvencyii/role/code" xlink:label="label_p-TP_NL_E3_ReinsuranceRecoveriesReceivedClaimsInformationNonLifeInsuranceClaimsInformation_003" xlink:title="label_p-TP_NL_E3_ReinsuranceRecoveriesReceivedClaimsInformationNonLifeInsuranceClaimsInformation_003" id="label_p-TP_NL_E3_ReinsuranceRecoveriesReceivedClaimsInformationNonLifeInsuranceClaimsInformation_003" xml:lang="en">TP_NL_E3_J4</link:label>
    <link:labelArc xlink:type="arc" xlink:arcrole="http://www.xbrl.org/2003/arcrole/concept-label" xlink:from="p-TP_NL_E3_ReinsuranceRecoveriesReceivedClaimsInformationNonLifeInsuranceClaimsInformation" xlink:to="label_p-TP_NL_E3_ReinsuranceRecoveriesReceivedClaimsInformationNonLifeInsuranceClaimsInformation_003" xlink:title="p-TP_NL_E3_ReinsuranceRecoveriesReceivedClaimsInformationNonLifeInsuranceClaimsInformation to label_p-TP_NL_E3_ReinsuranceRecoveriesReceivedClaimsInformationNonLifeInsuranceClaimsInformation_003"/>
    <link:loc xlink:type="locator" xlink:href="p-TP_NL_E3-2011-06-30.xsd#p-TP_NL_E3_ReinsuranceRecoverablesClaimsInformationNonLifeInsuranceClaimsInformation" xlink:label="p-TP_NL_E3_ReinsuranceRecoverablesClaimsInformationNonLifeInsuranceClaimsInformation" xlink:title="p-TP_NL_E3_ReinsuranceRecoverablesClaimsInformationNonLifeInsuranceClaimsInformation"/>
    <link:label xlink:type="resource" xlink:role="http://www.xbrl.org/2003/role/verboseLabel" xlink:label="label_p-TP_NL_E3_ReinsuranceRecoverablesClaimsInformationNonLifeInsuranceClaimsInformation_001" xlink:title="label_p-TP_NL_E3_ReinsuranceRecoverablesClaimsInformationNonLifeInsuranceClaimsInformation_001" id="label_p-TP_NL_E3_ReinsuranceRecoverablesClaimsInformationNonLifeInsuranceClaimsInformation_001" xml:lang="en">Reinsurance Recoverables, Claims information, Non-life Insurance Claims Information</link:label>
    <link:labelArc xlink:type="arc" xlink:arcrole="http://www.xbrl.org/2003/arcrole/concept-label" xlink:from="p-TP_NL_E3_ReinsuranceRecoverablesClaimsInformationNonLifeInsuranceClaimsInformation" xlink:to="label_p-TP_NL_E3_ReinsuranceRecoverablesClaimsInformationNonLifeInsuranceClaimsInformation_001" xlink:title="p-TP_NL_E3_ReinsuranceRecoverablesClaimsInformationNonLifeInsuranceClaimsInformation to label_p-TP_NL_E3_ReinsuranceRecoverablesClaimsInformationNonLifeInsuranceClaimsInformation_001"/>
    <link:label xlink:type="resource" xlink:role="http://www.xbrl.org/2003/role/label" xlink:label="label_p-TP_NL_E3_ReinsuranceRecoverablesClaimsInformationNonLifeInsuranceClaimsInformation_002" xlink:title="label_p-TP_NL_E3_ReinsuranceRecoverablesClaimsInformationNonLifeInsuranceClaimsInformation_002" id="label_p-TP_NL_E3_ReinsuranceRecoverablesClaimsInformationNonLifeInsuranceClaimsInformation_002" xml:lang="en">Reinsurance recoverables, Claims information , Non life insurance</link:label>
    <link:labelArc xlink:type="arc" xlink:arcrole="http://www.xbrl.org/2003/arcrole/concept-label" xlink:from="p-TP_NL_E3_ReinsuranceRecoverablesClaimsInformationNonLifeInsuranceClaimsInformation" xlink:to="label_p-TP_NL_E3_ReinsuranceRecoverablesClaimsInformationNonLifeInsuranceClaimsInformation_002" xlink:title="p-TP_NL_E3_ReinsuranceRecoverablesClaimsInformationNonLifeInsuranceClaimsInformation to label_p-TP_NL_E3_ReinsuranceRecoverablesClaimsInformationNonLifeInsuranceClaimsInformation_002"/>
    <link:label xlink:type="resource" xlink:role="http://www.eiopa.europa.eu/pr/solvencyii/role/code" xlink:label="label_p-TP_NL_E3_ReinsuranceRecoverablesClaimsInformationNonLifeInsuranceClaimsInformation_003" xlink:title="label_p-TP_NL_E3_ReinsuranceRecoverablesClaimsInformationNonLifeInsuranceClaimsInformation_003" id="label_p-TP_NL_E3_ReinsuranceRecoverablesClaimsInformationNonLifeInsuranceClaimsInformation_003" xml:lang="en">TP_NL_E3_U4</link:label>
    <link:labelArc xlink:type="arc" xlink:arcrole="http://www.xbrl.org/2003/arcrole/concept-label" xlink:from="p-TP_NL_E3_ReinsuranceRecoverablesClaimsInformationNonLifeInsuranceClaimsInformation" xlink:to="label_p-TP_NL_E3_ReinsuranceRecoverablesClaimsInformationNonLifeInsuranceClaimsInformation_003" xlink:title="p-TP_NL_E3_ReinsuranceRecoverablesClaimsInformationNonLifeInsuranceClaimsInformation to label_p-TP_NL_E3_ReinsuranceRecoverablesClaimsInformationNonLifeInsuranceClaimsInformation_003"/>
    <link:loc xlink:type="locator" xlink:href="p-TP_NL_E3-2011-06-30.xsd#p-TP_NL_E3_ReinsuranceClaimsOutstandingClaimsInformationNonLifeInsuranceClaimsInformation" xlink:label="p-TP_NL_E3_ReinsuranceClaimsOutstandingClaimsInformationNonLifeInsuranceClaimsInformation" xlink:title="p-TP_NL_E3_ReinsuranceClaimsOutstandingClaimsInformationNonLifeInsuranceClaimsInformation"/>
    <link:label xlink:type="resource" xlink:role="http://www.xbrl.org/2003/role/verboseLabel" xlink:label="label_p-TP_NL_E3_ReinsuranceClaimsOutstandingClaimsInformationNonLifeInsuranceClaimsInformation_001" xlink:title="label_p-TP_NL_E3_ReinsuranceClaimsOutstandingClaimsInformationNonLifeInsuranceClaimsInformation_001" id="label_p-TP_NL_E3_ReinsuranceClaimsOutstandingClaimsInformationNonLifeInsuranceClaimsInformation_001" xml:lang="en">Reinsurance Claims Outstanding, Claims information, Non-life Insurance Claims Information</link:label>
    <link:labelArc xlink:type="arc" xlink:arcrole="http://www.xbrl.org/2003/arcrole/concept-label" xlink:from="p-TP_NL_E3_ReinsuranceClaimsOutstandingClaimsInformationNonLifeInsuranceClaimsInformation" xlink:to="label_p-TP_NL_E3_ReinsuranceClaimsOutstandingClaimsInformationNonLifeInsuranceClaimsInformation_001" xlink:title="p-TP_NL_E3_ReinsuranceClaimsOutstandingClaimsInformationNonLifeInsuranceClaimsInformation to label_p-TP_NL_E3_ReinsuranceClaimsOutstandingClaimsInformationNonLifeInsuranceClaimsInformation_001"/>
    <link:label xlink:type="resource" xlink:role="http://www.xbrl.org/2003/role/label" xlink:label="label_p-TP_NL_E3_ReinsuranceClaimsOutstandingClaimsInformationNonLifeInsuranceClaimsInformation_002" xlink:title="label_p-TP_NL_E3_ReinsuranceClaimsOutstandingClaimsInformationNonLifeInsuranceClaimsInformation_002" id="label_p-TP_NL_E3_ReinsuranceClaimsOutstandingClaimsInformationNonLifeInsuranceClaimsInformation_002" xml:lang="en">Reinsurance claims outstanding, Claims information , Non life insurance</link:label>
    <link:labelArc xlink:type="arc" xlink:arcrole="http://www.xbrl.org/2003/arcrole/concept-label" xlink:from="p-TP_NL_E3_ReinsuranceClaimsOutstandingClaimsInformationNonLifeInsuranceClaimsInformation" xlink:to="label_p-TP_NL_E3_ReinsuranceClaimsOutstandingClaimsInformationNonLifeInsuranceClaimsInformation_002" xlink:title="p-TP_NL_E3_ReinsuranceClaimsOutstandingClaimsInformationNonLifeInsuranceClaimsInformation to label_p-TP_NL_E3_ReinsuranceClaimsOutstandingClaimsInformationNonLifeInsuranceClaimsInformation_002"/>
    <link:label xlink:type="resource" xlink:role="http://www.eiopa.europa.eu/pr/solvencyii/role/code" xlink:label="label_p-TP_NL_E3_ReinsuranceClaimsOutstandingClaimsInformationNonLifeInsuranceClaimsInformation_003" xlink:title="label_p-TP_NL_E3_ReinsuranceClaimsOutstandingClaimsInformationNonLifeInsuranceClaimsInformation_003" id="label_p-TP_NL_E3_ReinsuranceClaimsOutstandingClaimsInformationNonLifeInsuranceClaimsInformation_003" xml:lang="en">TP_NL_E3_AF4</link:label>
    <link:labelArc xlink:type="arc" xlink:arcrole="http://www.xbrl.org/2003/arcrole/concept-label" xlink:from="p-TP_NL_E3_ReinsuranceClaimsOutstandingClaimsInformationNonLifeInsuranceClaimsInformation" xlink:to="label_p-TP_NL_E3_ReinsuranceClaimsOutstandingClaimsInformationNonLifeInsuranceClaimsInformation_003" xlink:title="p-TP_NL_E3_ReinsuranceClaimsOutstandingClaimsInformationNonLifeInsuranceClaimsInformation to label_p-TP_NL_E3_ReinsuranceClaimsOutstandingClaimsInformationNonLifeInsuranceClaimsInformation_003"/>
    <link:loc xlink:type="locator" xlink:href="p-TP_NL_E3-2011-06-30.xsd#p-TP_NL_E3_NetClaimsPaidClaimsInformationNonLifeInsuranceClaimsInformation" xlink:label="p-TP_NL_E3_NetClaimsPaidClaimsInformationNonLifeInsuranceClaimsInformation" xlink:title="p-TP_NL_E3_NetClaimsPaidClaimsInformationNonLifeInsuranceClaimsInformation"/>
    <link:label xlink:type="resource" xlink:role="http://www.xbrl.org/2003/role/verboseLabel" xlink:label="label_p-TP_NL_E3_NetClaimsPaidClaimsInformationNonLifeInsuranceClaimsInformation_001" xlink:title="label_p-TP_NL_E3_NetClaimsPaidClaimsInformationNonLifeInsuranceClaimsInformation_001" id="label_p-TP_NL_E3_NetClaimsPaidClaimsInformationNonLifeInsuranceClaimsInformation_001" xml:lang="en">Net Claims Paid, Claims information, Non-life Insurance Claims Information</link:label>
    <link:labelArc xlink:type="arc" xlink:arcrole="http://www.xbrl.org/2003/arcrole/concept-label" xlink:from="p-TP_NL_E3_NetClaimsPaidClaimsInformationNonLifeInsuranceClaimsInformation" xlink:to="label_p-TP_NL_E3_NetClaimsPaidClaimsInformationNonLifeInsuranceClaimsInformation_001" xlink:title="p-TP_NL_E3_NetClaimsPaidClaimsInformationNonLifeInsuranceClaimsInformation to label_p-TP_NL_E3_NetClaimsPaidClaimsInformationNonLifeInsuranceClaimsInformation_001"/>
    <link:label xlink:type="resource" xlink:role="http://www.xbrl.org/2003/role/label" xlink:label="label_p-TP_NL_E3_NetClaimsPaidClaimsInformationNonLifeInsuranceClaimsInformation_002" xlink:title="label_p-TP_NL_E3_NetClaimsPaidClaimsInformationNonLifeInsuranceClaimsInformation_002" id="label_p-TP_NL_E3_NetClaimsPaidClaimsInformationNonLifeInsuranceClaimsInformation_002" xml:lang="en">Net claims paid, Claims information , Non life insurance</link:label>
    <link:labelArc xlink:type="arc" xlink:arcrole="http://www.xbrl.org/2003/arcrole/concept-label" xlink:from="p-TP_NL_E3_NetClaimsPaidClaimsInformationNonLifeInsuranceClaimsInformation" xlink:to="label_p-TP_NL_E3_NetClaimsPaidClaimsInformationNonLifeInsuranceClaimsInformation_002" xlink:title="p-TP_NL_E3_NetClaimsPaidClaimsInformationNonLifeInsuranceClaimsInformation to label_p-TP_NL_E3_NetClaimsPaidClaimsInformationNonLifeInsuranceClaimsInformation_002"/>
    <link:label xlink:type="resource" xlink:role="http://www.eiopa.europa.eu/pr/solvencyii/role/code" xlink:label="label_p-TP_NL_E3_NetClaimsPaidClaimsInformationNonLifeInsuranceClaimsInformation_003" xlink:title="label_p-TP_NL_E3_NetClaimsPaidClaimsInformationNonLifeInsuranceClaimsInformation_003" id="label_p-TP_NL_E3_NetClaimsPaidClaimsInformationNonLifeInsuranceClaimsInformation_003" xml:lang="en">TP_NL_E3_J6</link:label>
    <link:labelArc xlink:type="arc" xlink:arcrole="http://www.xbrl.org/2003/arcrole/concept-label" xlink:from="p-TP_NL_E3_NetClaimsPaidClaimsInformationNonLifeInsuranceClaimsInformation" xlink:to="label_p-TP_NL_E3_NetClaimsPaidClaimsInformationNonLifeInsuranceClaimsInformation_003" xlink:title="p-TP_NL_E3_NetClaimsPaidClaimsInformationNonLifeInsuranceClaimsInformation to label_p-TP_NL_E3_NetClaimsPaidClaimsInformationNonLifeInsuranceClaimsInformation_003"/>
    <link:loc xlink:type="locator" xlink:href="p-TP_NL_E3-2011-06-30.xsd#p-TP_NL_E3_NetClaimsProvisionsClaimsInformationNonLifeInsuranceClaimsInformation" xlink:label="p-TP_NL_E3_NetClaimsProvisionsClaimsInformationNonLifeInsuranceClaimsInformation" xlink:title="p-TP_NL_E3_NetClaimsProvisionsClaimsInformationNonLifeInsuranceClaimsInformation"/>
    <link:label xlink:type="resource" xlink:role="http://www.xbrl.org/2003/role/verboseLabel" xlink:label="label_p-TP_NL_E3_NetClaimsProvisionsClaimsInformationNonLifeInsuranceClaimsInformation_001" xlink:title="label_p-TP_NL_E3_NetClaimsProvisionsClaimsInformationNonLifeInsuranceClaimsInformation_001" id="label_p-TP_NL_E3_NetClaimsProvisionsClaimsInformationNonLifeInsuranceClaimsInformation_001" xml:lang="en">Net Claims Provisions, Claims information, Non-life Insurance Claims Information</link:label>
    <link:labelArc xlink:type="arc" xlink:arcrole="http://www.xbrl.org/2003/arcrole/concept-label" xlink:from="p-TP_NL_E3_NetClaimsProvisionsClaimsInformationNonLifeInsuranceClaimsInformation" xlink:to="label_p-TP_NL_E3_NetClaimsProvisionsClaimsInformationNonLifeInsuranceClaimsInformation_001" xlink:title="p-TP_NL_E3_NetClaimsProvisionsClaimsInformationNonLifeInsuranceClaimsInformation to label_p-TP_NL_E3_NetClaimsProvisionsClaimsInformationNonLifeInsuranceClaimsInformation_001"/>
    <link:label xlink:type="resource" xlink:role="http://www.xbrl.org/2003/role/label" xlink:label="label_p-TP_NL_E3_NetClaimsProvisionsClaimsInformationNonLifeInsuranceClaimsInformation_002" xlink:title="label_p-TP_NL_E3_NetClaimsProvisionsClaimsInformationNonLifeInsuranceClaimsInformation_002" id="label_p-TP_NL_E3_NetClaimsProvisionsClaimsInformationNonLifeInsuranceClaimsInformation_002" xml:lang="en">Net claims provisions, Claims information , Non life insurance</link:label>
    <link:labelArc xlink:type="arc" xlink:arcrole="http://www.xbrl.org/2003/arcrole/concept-label" xlink:from="p-TP_NL_E3_NetClaimsProvisionsClaimsInformationNonLifeInsuranceClaimsInformation" xlink:to="label_p-TP_NL_E3_NetClaimsProvisionsClaimsInformationNonLifeInsuranceClaimsInformation_002" xlink:title="p-TP_NL_E3_NetClaimsProvisionsClaimsInformationNonLifeInsuranceClaimsInformation to label_p-TP_NL_E3_NetClaimsProvisionsClaimsInformationNonLifeInsuranceClaimsInformation_002"/>
    <link:label xlink:type="resource" xlink:role="http://www.eiopa.europa.eu/pr/solvencyii/role/code" xlink:label="label_p-TP_NL_E3_NetClaimsProvisionsClaimsInformationNonLifeInsuranceClaimsInformation_003" xlink:title="label_p-TP_NL_E3_NetClaimsProvisionsClaimsInformationNonLifeInsuranceClaimsInformation_003" id="label_p-TP_NL_E3_NetClaimsProvisionsClaimsInformationNonLifeInsuranceClaimsInformation_003" xml:lang="en">TP_NL_E3_U6</link:label>
    <link:labelArc xlink:type="arc" xlink:arcrole="http://www.xbrl.org/2003/arcrole/concept-label" xlink:from="p-TP_NL_E3_NetClaimsProvisionsClaimsInformationNonLifeInsuranceClaimsInformation" xlink:to="label_p-TP_NL_E3_NetClaimsProvisionsClaimsInformationNonLifeInsuranceClaimsInformation_003" xlink:title="p-TP_NL_E3_NetClaimsProvisionsClaimsInformationNonLifeInsuranceClaimsInformation to label_p-TP_NL_E3_NetClaimsProvisionsClaimsInformationNonLifeInsuranceClaimsInformation_003"/>
    <link:loc xlink:type="locator" xlink:href="p-TP_NL_E3-2011-06-30.xsd#p-TP_NL_E3_NetClaimsOutstandingClaimsInformationNonLifeInsuranceClaimsInformation" xlink:label="p-TP_NL_E3_NetClaimsOutstandingClaimsInformationNonLifeInsuranceClaimsInformation" xlink:title="p-TP_NL_E3_NetClaimsOutstandingClaimsInformationNonLifeInsuranceClaimsInformation"/>
    <link:label xlink:type="resource" xlink:role="http://www.xbrl.org/2003/role/verboseLabel" xlink:label="label_p-TP_NL_E3_NetClaimsOutstandingClaimsInformationNonLifeInsuranceClaimsInformation_001" xlink:title="label_p-TP_NL_E3_NetClaimsOutstandingClaimsInformationNonLifeInsuranceClaimsInformation_001" id="label_p-TP_NL_E3_NetClaimsOutstandingClaimsInformationNonLifeInsuranceClaimsInformation_001" xml:lang="en">Net Claims Outstanding, Claims information, Non-life Insurance Claims Information</link:label>
    <link:labelArc xlink:type="arc" xlink:arcrole="http://www.xbrl.org/2003/arcrole/concept-label" xlink:from="p-TP_NL_E3_NetClaimsOutstandingClaimsInformationNonLifeInsuranceClaimsInformation" xlink:to="label_p-TP_NL_E3_NetClaimsOutstandingClaimsInformationNonLifeInsuranceClaimsInformation_001" xlink:title="p-TP_NL_E3_NetClaimsOutstandingClaimsInformationNonLifeInsuranceClaimsInformation to label_p-TP_NL_E3_NetClaimsOutstandingClaimsInformationNonLifeInsuranceClaimsInformation_001"/>
    <link:label xlink:type="resource" xlink:role="http://www.xbrl.org/2003/role/label" xlink:label="label_p-TP_NL_E3_NetClaimsOutstandingClaimsInformationNonLifeInsuranceClaimsInformation_002" xlink:title="label_p-TP_NL_E3_NetClaimsOutstandingClaimsInformationNonLifeInsuranceClaimsInformation_002" id="label_p-TP_NL_E3_NetClaimsOutstandingClaimsInformationNonLifeInsuranceClaimsInformation_002" xml:lang="en">Net claims outstanding, Claims information , Non life insurance</link:label>
    <link:labelArc xlink:type="arc" xlink:arcrole="http://www.xbrl.org/2003/arcrole/concept-label" xlink:from="p-TP_NL_E3_NetClaimsOutstandingClaimsInformationNonLifeInsuranceClaimsInformation" xlink:to="label_p-TP_NL_E3_NetClaimsOutstandingClaimsInformationNonLifeInsuranceClaimsInformation_002" xlink:title="p-TP_NL_E3_NetClaimsOutstandingClaimsInformationNonLifeInsuranceClaimsInformation to label_p-TP_NL_E3_NetClaimsOutstandingClaimsInformationNonLifeInsuranceClaimsInformation_002"/>
    <link:label xlink:type="resource" xlink:role="http://www.eiopa.europa.eu/pr/solvencyii/role/code" xlink:label="label_p-TP_NL_E3_NetClaimsOutstandingClaimsInformationNonLifeInsuranceClaimsInformation_003" xlink:title="label_p-TP_NL_E3_NetClaimsOutstandingClaimsInformationNonLifeInsuranceClaimsInformation_003" id="label_p-TP_NL_E3_NetClaimsOutstandingClaimsInformationNonLifeInsuranceClaimsInformation_003" xml:lang="en">TP_NL_E3_AF6</link:label>
    <link:labelArc xlink:type="arc" xlink:arcrole="http://www.xbrl.org/2003/arcrole/concept-label" xlink:from="p-TP_NL_E3_NetClaimsOutstandingClaimsInformationNonLifeInsuranceClaimsInformation" xlink:to="label_p-TP_NL_E3_NetClaimsOutstandingClaimsInformationNonLifeInsuranceClaimsInformation_003" xlink:title="p-TP_NL_E3_NetClaimsOutstandingClaimsInformationNonLifeInsuranceClaimsInformation to label_p-TP_NL_E3_NetClaimsOutstandingClaimsInformationNonLifeInsuranceClaimsInformation_003"/>
  </link:labelLink>
</link:linkbase>
