<?xml version="1.0" encoding="utf-8"?>
<!-- Solvency II Taxonomy - 2011-06-30 -->
<!-- Copyright (C) 2011 European Insurance and Occupational Pensions Authority -->
<link:linkbase xmlns:xsi="http://www.w3.org/2001/XMLSchema-instance"
  xmlns:link="http://www.xbrl.org/2003/linkbase"
  xmlns:xbrli="http://www.xbrl.org/2003/instance"
  xmlns:xbrldt="http://xbrl.org/2005/xbrldt"
  xmlns:xlink="http://www.w3.org/1999/xlink"
  xmlns:generic="http://xbrl.org/2008/generic"
  xmlns:ref-surfi="http://www.eiopa.europa.eu/pr/solvencyii/reference-elements"
  xmlns:of-which="http://www.eiopa.europa.eu/pr/solvencyii/including-included"
  xsi:schemaLocation="http://www.xbrl.org/2003/linkbase http://www.xbrl.org/2003/xbrl-linkbase-2003-12-31.xsd"
  >
  <link:roleRef roleURI="http://www.eiopa.europa.eu/pr/solvencyii/role/code" xlink:type="simple" xlink:href="primary-types-2011-06-30.xsd#code"/>
  <link:labelLink xlink:type="extended" xlink:role="http://www.xbrl.org/2003/role/link">
    <link:loc xlink:type="locator" xlink:href="t-TP_NL_E3-2011-06-30.xsd#t-TP_NL_E3_H00003Hypercube" xlink:label="t-TP_NL_E3_H00003Hypercube" xlink:title="t-TP_NL_E3_H00003Hypercube"/>
    <link:label xlink:type="resource" xlink:role="http://www.xbrl.org/2003/role/label" xlink:label="label_t-TP_NL_E3_H00003Hypercube_001" xlink:title="label_t-TP_NL_E3_H00003Hypercube_001" id="label_t-TP_NL_E3_H00003Hypercube_001" xml:lang="en">H00003 (Hypercube)</link:label>
    <link:labelArc xlink:type="arc" xlink:arcrole="http://www.xbrl.org/2003/arcrole/concept-label" xlink:from="t-TP_NL_E3_H00003Hypercube" xlink:to="label_t-TP_NL_E3_H00003Hypercube_001" xlink:title="t-TP_NL_E3_H00003Hypercube to label_t-TP_NL_E3_H00003Hypercube_001"/>
    <link:label xlink:type="resource" xlink:role="http://www.eiopa.europa.eu/pr/solvencyii/role/code" xlink:label="label_t-TP_NL_E3_H00003Hypercube_002" xlink:title="label_t-TP_NL_E3_H00003Hypercube_002" id="label_t-TP_NL_E3_H00003Hypercube_002" xml:lang="en">H00003</link:label>
    <link:labelArc xlink:type="arc" xlink:arcrole="http://www.xbrl.org/2003/arcrole/concept-label" xlink:from="t-TP_NL_E3_H00003Hypercube" xlink:to="label_t-TP_NL_E3_H00003Hypercube_002" xlink:title="t-TP_NL_E3_H00003Hypercube to label_t-TP_NL_E3_H00003Hypercube_002"/>
    <link:loc xlink:type="locator" xlink:href="t-TP_NL_E3-2011-06-30.xsd#t-TP_NL_E3_H00042Hypercube" xlink:label="t-TP_NL_E3_H00042Hypercube" xlink:title="t-TP_NL_E3_H00042Hypercube"/>
    <link:label xlink:type="resource" xlink:role="http://www.xbrl.org/2003/role/label" xlink:label="label_t-TP_NL_E3_H00042Hypercube_001" xlink:title="label_t-TP_NL_E3_H00042Hypercube_001" id="label_t-TP_NL_E3_H00042Hypercube_001" xml:lang="en">H00042 (Hypercube)</link:label>
    <link:labelArc xlink:type="arc" xlink:arcrole="http://www.xbrl.org/2003/arcrole/concept-label" xlink:from="t-TP_NL_E3_H00042Hypercube" xlink:to="label_t-TP_NL_E3_H00042Hypercube_001" xlink:title="t-TP_NL_E3_H00042Hypercube to label_t-TP_NL_E3_H00042Hypercube_001"/>
    <link:label xlink:type="resource" xlink:role="http://www.eiopa.europa.eu/pr/solvencyii/role/code" xlink:label="label_t-TP_NL_E3_H00042Hypercube_002" xlink:title="label_t-TP_NL_E3_H00042Hypercube_002" id="label_t-TP_NL_E3_H00042Hypercube_002" xml:lang="en">H00042</link:label>
    <link:labelArc xlink:type="arc" xlink:arcrole="http://www.xbrl.org/2003/arcrole/concept-label" xlink:from="t-TP_NL_E3_H00042Hypercube" xlink:to="label_t-TP_NL_E3_H00042Hypercube_002" xlink:title="t-TP_NL_E3_H00042Hypercube to label_t-TP_NL_E3_H00042Hypercube_002"/>
    <link:loc xlink:type="locator" xlink:href="t-TP_NL_E3-2011-06-30.xsd#t-TP_NL_E3_H00043Hypercube" xlink:label="t-TP_NL_E3_H00043Hypercube" xlink:title="t-TP_NL_E3_H00043Hypercube"/>
    <link:label xlink:type="resource" xlink:role="http://www.xbrl.org/2003/role/label" xlink:label="label_t-TP_NL_E3_H00043Hypercube_001" xlink:title="label_t-TP_NL_E3_H00043Hypercube_001" id="label_t-TP_NL_E3_H00043Hypercube_001" xml:lang="en">H00043 (Hypercube)</link:label>
    <link:labelArc xlink:type="arc" xlink:arcrole="http://www.xbrl.org/2003/arcrole/concept-label" xlink:from="t-TP_NL_E3_H00043Hypercube" xlink:to="label_t-TP_NL_E3_H00043Hypercube_001" xlink:title="t-TP_NL_E3_H00043Hypercube to label_t-TP_NL_E3_H00043Hypercube_001"/>
    <link:label xlink:type="resource" xlink:role="http://www.eiopa.europa.eu/pr/solvencyii/role/code" xlink:label="label_t-TP_NL_E3_H00043Hypercube_002" xlink:title="label_t-TP_NL_E3_H00043Hypercube_002" id="label_t-TP_NL_E3_H00043Hypercube_002" xml:lang="en">H00043</link:label>
    <link:labelArc xlink:type="arc" xlink:arcrole="http://www.xbrl.org/2003/arcrole/concept-label" xlink:from="t-TP_NL_E3_H00043Hypercube" xlink:to="label_t-TP_NL_E3_H00043Hypercube_002" xlink:title="t-TP_NL_E3_H00043Hypercube to label_t-TP_NL_E3_H00043Hypercube_002"/>
    <link:loc xlink:type="locator" xlink:href="t-TP_NL_E3-2011-06-30.xsd#t-TP_NL_E3_H00085Hypercube" xlink:label="t-TP_NL_E3_H00085Hypercube" xlink:title="t-TP_NL_E3_H00085Hypercube"/>
    <link:label xlink:type="resource" xlink:role="http://www.xbrl.org/2003/role/label" xlink:label="label_t-TP_NL_E3_H00085Hypercube_001" xlink:title="label_t-TP_NL_E3_H00085Hypercube_001" id="label_t-TP_NL_E3_H00085Hypercube_001" xml:lang="en">H00085 (Hypercube)</link:label>
    <link:labelArc xlink:type="arc" xlink:arcrole="http://www.xbrl.org/2003/arcrole/concept-label" xlink:from="t-TP_NL_E3_H00085Hypercube" xlink:to="label_t-TP_NL_E3_H00085Hypercube_001" xlink:title="t-TP_NL_E3_H00085Hypercube to label_t-TP_NL_E3_H00085Hypercube_001"/>
    <link:label xlink:type="resource" xlink:role="http://www.eiopa.europa.eu/pr/solvencyii/role/code" xlink:label="label_t-TP_NL_E3_H00085Hypercube_002" xlink:title="label_t-TP_NL_E3_H00085Hypercube_002" id="label_t-TP_NL_E3_H00085Hypercube_002" xml:lang="en">H00085</link:label>
    <link:labelArc xlink:type="arc" xlink:arcrole="http://www.xbrl.org/2003/arcrole/concept-label" xlink:from="t-TP_NL_E3_H00085Hypercube" xlink:to="label_t-TP_NL_E3_H00085Hypercube_002" xlink:title="t-TP_NL_E3_H00085Hypercube to label_t-TP_NL_E3_H00085Hypercube_002"/>
    <link:loc xlink:type="locator" xlink:href="t-TP_NL_E3-2011-06-30.xsd#t-TP_NL_E3_H00047Hypercube" xlink:label="t-TP_NL_E3_H00047Hypercube" xlink:title="t-TP_NL_E3_H00047Hypercube"/>
    <link:label xlink:type="resource" xlink:role="http://www.xbrl.org/2003/role/label" xlink:label="label_t-TP_NL_E3_H00047Hypercube_001" xlink:title="label_t-TP_NL_E3_H00047Hypercube_001" id="label_t-TP_NL_E3_H00047Hypercube_001" xml:lang="en">H00047 (Hypercube)</link:label>
    <link:labelArc xlink:type="arc" xlink:arcrole="http://www.xbrl.org/2003/arcrole/concept-label" xlink:from="t-TP_NL_E3_H00047Hypercube" xlink:to="label_t-TP_NL_E3_H00047Hypercube_001" xlink:title="t-TP_NL_E3_H00047Hypercube to label_t-TP_NL_E3_H00047Hypercube_001"/>
    <link:label xlink:type="resource" xlink:role="http://www.eiopa.europa.eu/pr/solvencyii/role/code" xlink:label="label_t-TP_NL_E3_H00047Hypercube_002" xlink:title="label_t-TP_NL_E3_H00047Hypercube_002" id="label_t-TP_NL_E3_H00047Hypercube_002" xml:lang="en">H00047</link:label>
    <link:labelArc xlink:type="arc" xlink:arcrole="http://www.xbrl.org/2003/arcrole/concept-label" xlink:from="t-TP_NL_E3_H00047Hypercube" xlink:to="label_t-TP_NL_E3_H00047Hypercube_002" xlink:title="t-TP_NL_E3_H00047Hypercube to label_t-TP_NL_E3_H00047Hypercube_002"/>
    <link:loc xlink:type="locator" xlink:href="t-TP_NL_E3-2011-06-30.xsd#t-TP_NL_E3_H00048Hypercube" xlink:label="t-TP_NL_E3_H00048Hypercube" xlink:title="t-TP_NL_E3_H00048Hypercube"/>
    <link:label xlink:type="resource" xlink:role="http://www.xbrl.org/2003/role/label" xlink:label="label_t-TP_NL_E3_H00048Hypercube_001" xlink:title="label_t-TP_NL_E3_H00048Hypercube_001" id="label_t-TP_NL_E3_H00048Hypercube_001" xml:lang="en">H00048 (Hypercube)</link:label>
    <link:labelArc xlink:type="arc" xlink:arcrole="http://www.xbrl.org/2003/arcrole/concept-label" xlink:from="t-TP_NL_E3_H00048Hypercube" xlink:to="label_t-TP_NL_E3_H00048Hypercube_001" xlink:title="t-TP_NL_E3_H00048Hypercube to label_t-TP_NL_E3_H00048Hypercube_001"/>
    <link:label xlink:type="resource" xlink:role="http://www.eiopa.europa.eu/pr/solvencyii/role/code" xlink:label="label_t-TP_NL_E3_H00048Hypercube_002" xlink:title="label_t-TP_NL_E3_H00048Hypercube_002" id="label_t-TP_NL_E3_H00048Hypercube_002" xml:lang="en">H00048</link:label>
    <link:labelArc xlink:type="arc" xlink:arcrole="http://www.xbrl.org/2003/arcrole/concept-label" xlink:from="t-TP_NL_E3_H00048Hypercube" xlink:to="label_t-TP_NL_E3_H00048Hypercube_002" xlink:title="t-TP_NL_E3_H00048Hypercube to label_t-TP_NL_E3_H00048Hypercube_002"/>
    <link:loc xlink:type="locator" xlink:href="t-TP_NL_E3-2011-06-30.xsd#t-TP_NL_E3_H00049Hypercube" xlink:label="t-TP_NL_E3_H00049Hypercube" xlink:title="t-TP_NL_E3_H00049Hypercube"/>
    <link:label xlink:type="resource" xlink:role="http://www.xbrl.org/2003/role/label" xlink:label="label_t-TP_NL_E3_H00049Hypercube_001" xlink:title="label_t-TP_NL_E3_H00049Hypercube_001" id="label_t-TP_NL_E3_H00049Hypercube_001" xml:lang="en">H00049 (Hypercube)</link:label>
    <link:labelArc xlink:type="arc" xlink:arcrole="http://www.xbrl.org/2003/arcrole/concept-label" xlink:from="t-TP_NL_E3_H00049Hypercube" xlink:to="label_t-TP_NL_E3_H00049Hypercube_001" xlink:title="t-TP_NL_E3_H00049Hypercube to label_t-TP_NL_E3_H00049Hypercube_001"/>
    <link:label xlink:type="resource" xlink:role="http://www.eiopa.europa.eu/pr/solvencyii/role/code" xlink:label="label_t-TP_NL_E3_H00049Hypercube_002" xlink:title="label_t-TP_NL_E3_H00049Hypercube_002" id="label_t-TP_NL_E3_H00049Hypercube_002" xml:lang="en">H00049</link:label>
    <link:labelArc xlink:type="arc" xlink:arcrole="http://www.xbrl.org/2003/arcrole/concept-label" xlink:from="t-TP_NL_E3_H00049Hypercube" xlink:to="label_t-TP_NL_E3_H00049Hypercube_002" xlink:title="t-TP_NL_E3_H00049Hypercube to label_t-TP_NL_E3_H00049Hypercube_002"/>
    <link:loc xlink:type="locator" xlink:href="t-TP_NL_E3-2011-06-30.xsd#t-TP_NL_E3_H00050Hypercube" xlink:label="t-TP_NL_E3_H00050Hypercube" xlink:title="t-TP_NL_E3_H00050Hypercube"/>
    <link:label xlink:type="resource" xlink:role="http://www.xbrl.org/2003/role/label" xlink:label="label_t-TP_NL_E3_H00050Hypercube_001" xlink:title="label_t-TP_NL_E3_H00050Hypercube_001" id="label_t-TP_NL_E3_H00050Hypercube_001" xml:lang="en">H00050 (Hypercube)</link:label>
    <link:labelArc xlink:type="arc" xlink:arcrole="http://www.xbrl.org/2003/arcrole/concept-label" xlink:from="t-TP_NL_E3_H00050Hypercube" xlink:to="label_t-TP_NL_E3_H00050Hypercube_001" xlink:title="t-TP_NL_E3_H00050Hypercube to label_t-TP_NL_E3_H00050Hypercube_001"/>
    <link:label xlink:type="resource" xlink:role="http://www.eiopa.europa.eu/pr/solvencyii/role/code" xlink:label="label_t-TP_NL_E3_H00050Hypercube_002" xlink:title="label_t-TP_NL_E3_H00050Hypercube_002" id="label_t-TP_NL_E3_H00050Hypercube_002" xml:lang="en">H00050</link:label>
    <link:labelArc xlink:type="arc" xlink:arcrole="http://www.xbrl.org/2003/arcrole/concept-label" xlink:from="t-TP_NL_E3_H00050Hypercube" xlink:to="label_t-TP_NL_E3_H00050Hypercube_002" xlink:title="t-TP_NL_E3_H00050Hypercube to label_t-TP_NL_E3_H00050Hypercube_002"/>
    <link:loc xlink:type="locator" xlink:href="t-TP_NL_E3-2011-06-30.xsd#t-TP_NL_E3_H00051Hypercube" xlink:label="t-TP_NL_E3_H00051Hypercube" xlink:title="t-TP_NL_E3_H00051Hypercube"/>
    <link:label xlink:type="resource" xlink:role="http://www.xbrl.org/2003/role/label" xlink:label="label_t-TP_NL_E3_H00051Hypercube_001" xlink:title="label_t-TP_NL_E3_H00051Hypercube_001" id="label_t-TP_NL_E3_H00051Hypercube_001" xml:lang="en">H00051 (Hypercube)</link:label>
    <link:labelArc xlink:type="arc" xlink:arcrole="http://www.xbrl.org/2003/arcrole/concept-label" xlink:from="t-TP_NL_E3_H00051Hypercube" xlink:to="label_t-TP_NL_E3_H00051Hypercube_001" xlink:title="t-TP_NL_E3_H00051Hypercube to label_t-TP_NL_E3_H00051Hypercube_001"/>
    <link:label xlink:type="resource" xlink:role="http://www.eiopa.europa.eu/pr/solvencyii/role/code" xlink:label="label_t-TP_NL_E3_H00051Hypercube_002" xlink:title="label_t-TP_NL_E3_H00051Hypercube_002" id="label_t-TP_NL_E3_H00051Hypercube_002" xml:lang="en">H00051</link:label>
    <link:labelArc xlink:type="arc" xlink:arcrole="http://www.xbrl.org/2003/arcrole/concept-label" xlink:from="t-TP_NL_E3_H00051Hypercube" xlink:to="label_t-TP_NL_E3_H00051Hypercube_002" xlink:title="t-TP_NL_E3_H00051Hypercube to label_t-TP_NL_E3_H00051Hypercube_002"/>
    <link:loc xlink:type="locator" xlink:href="t-TP_NL_E3-2011-06-30.xsd#t-TP_NL_E3_H00052Hypercube" xlink:label="t-TP_NL_E3_H00052Hypercube" xlink:title="t-TP_NL_E3_H00052Hypercube"/>
    <link:label xlink:type="resource" xlink:role="http://www.xbrl.org/2003/role/label" xlink:label="label_t-TP_NL_E3_H00052Hypercube_001" xlink:title="label_t-TP_NL_E3_H00052Hypercube_001" id="label_t-TP_NL_E3_H00052Hypercube_001" xml:lang="en">H00052 (Hypercube)</link:label>
    <link:labelArc xlink:type="arc" xlink:arcrole="http://www.xbrl.org/2003/arcrole/concept-label" xlink:from="t-TP_NL_E3_H00052Hypercube" xlink:to="label_t-TP_NL_E3_H00052Hypercube_001" xlink:title="t-TP_NL_E3_H00052Hypercube to label_t-TP_NL_E3_H00052Hypercube_001"/>
    <link:label xlink:type="resource" xlink:role="http://www.eiopa.europa.eu/pr/solvencyii/role/code" xlink:label="label_t-TP_NL_E3_H00052Hypercube_002" xlink:title="label_t-TP_NL_E3_H00052Hypercube_002" id="label_t-TP_NL_E3_H00052Hypercube_002" xml:lang="en">H00052</link:label>
    <link:labelArc xlink:type="arc" xlink:arcrole="http://www.xbrl.org/2003/arcrole/concept-label" xlink:from="t-TP_NL_E3_H00052Hypercube" xlink:to="label_t-TP_NL_E3_H00052Hypercube_002" xlink:title="t-TP_NL_E3_H00052Hypercube to label_t-TP_NL_E3_H00052Hypercube_002"/>
    <link:loc xlink:type="locator" xlink:href="t-TP_NL_E3-2011-06-30.xsd#t-TP_NL_E3_H00053Hypercube" xlink:label="t-TP_NL_E3_H00053Hypercube" xlink:title="t-TP_NL_E3_H00053Hypercube"/>
    <link:label xlink:type="resource" xlink:role="http://www.xbrl.org/2003/role/label" xlink:label="label_t-TP_NL_E3_H00053Hypercube_001" xlink:title="label_t-TP_NL_E3_H00053Hypercube_001" id="label_t-TP_NL_E3_H00053Hypercube_001" xml:lang="en">H00053 (Hypercube)</link:label>
    <link:labelArc xlink:type="arc" xlink:arcrole="http://www.xbrl.org/2003/arcrole/concept-label" xlink:from="t-TP_NL_E3_H00053Hypercube" xlink:to="label_t-TP_NL_E3_H00053Hypercube_001" xlink:title="t-TP_NL_E3_H00053Hypercube to label_t-TP_NL_E3_H00053Hypercube_001"/>
    <link:label xlink:type="resource" xlink:role="http://www.eiopa.europa.eu/pr/solvencyii/role/code" xlink:label="label_t-TP_NL_E3_H00053Hypercube_002" xlink:title="label_t-TP_NL_E3_H00053Hypercube_002" id="label_t-TP_NL_E3_H00053Hypercube_002" xml:lang="en">H00053</link:label>
    <link:labelArc xlink:type="arc" xlink:arcrole="http://www.xbrl.org/2003/arcrole/concept-label" xlink:from="t-TP_NL_E3_H00053Hypercube" xlink:to="label_t-TP_NL_E3_H00053Hypercube_002" xlink:title="t-TP_NL_E3_H00053Hypercube to label_t-TP_NL_E3_H00053Hypercube_002"/>
    <link:loc xlink:type="locator" xlink:href="t-TP_NL_E3-2011-06-30.xsd#t-TP_NL_E3_H00054Hypercube" xlink:label="t-TP_NL_E3_H00054Hypercube" xlink:title="t-TP_NL_E3_H00054Hypercube"/>
    <link:label xlink:type="resource" xlink:role="http://www.xbrl.org/2003/role/label" xlink:label="label_t-TP_NL_E3_H00054Hypercube_001" xlink:title="label_t-TP_NL_E3_H00054Hypercube_001" id="label_t-TP_NL_E3_H00054Hypercube_001" xml:lang="en">H00054 (Hypercube)</link:label>
    <link:labelArc xlink:type="arc" xlink:arcrole="http://www.xbrl.org/2003/arcrole/concept-label" xlink:from="t-TP_NL_E3_H00054Hypercube" xlink:to="label_t-TP_NL_E3_H00054Hypercube_001" xlink:title="t-TP_NL_E3_H00054Hypercube to label_t-TP_NL_E3_H00054Hypercube_001"/>
    <link:label xlink:type="resource" xlink:role="http://www.eiopa.europa.eu/pr/solvencyii/role/code" xlink:label="label_t-TP_NL_E3_H00054Hypercube_002" xlink:title="label_t-TP_NL_E3_H00054Hypercube_002" id="label_t-TP_NL_E3_H00054Hypercube_002" xml:lang="en">H00054</link:label>
    <link:labelArc xlink:type="arc" xlink:arcrole="http://www.xbrl.org/2003/arcrole/concept-label" xlink:from="t-TP_NL_E3_H00054Hypercube" xlink:to="label_t-TP_NL_E3_H00054Hypercube_002" xlink:title="t-TP_NL_E3_H00054Hypercube to label_t-TP_NL_E3_H00054Hypercube_002"/>
    <link:loc xlink:type="locator" xlink:href="t-TP_NL_E3-2011-06-30.xsd#t-TP_NL_E3_H00055Hypercube" xlink:label="t-TP_NL_E3_H00055Hypercube" xlink:title="t-TP_NL_E3_H00055Hypercube"/>
    <link:label xlink:type="resource" xlink:role="http://www.xbrl.org/2003/role/label" xlink:label="label_t-TP_NL_E3_H00055Hypercube_001" xlink:title="label_t-TP_NL_E3_H00055Hypercube_001" id="label_t-TP_NL_E3_H00055Hypercube_001" xml:lang="en">H00055 (Hypercube)</link:label>
    <link:labelArc xlink:type="arc" xlink:arcrole="http://www.xbrl.org/2003/arcrole/concept-label" xlink:from="t-TP_NL_E3_H00055Hypercube" xlink:to="label_t-TP_NL_E3_H00055Hypercube_001" xlink:title="t-TP_NL_E3_H00055Hypercube to label_t-TP_NL_E3_H00055Hypercube_001"/>
    <link:label xlink:type="resource" xlink:role="http://www.eiopa.europa.eu/pr/solvencyii/role/code" xlink:label="label_t-TP_NL_E3_H00055Hypercube_002" xlink:title="label_t-TP_NL_E3_H00055Hypercube_002" id="label_t-TP_NL_E3_H00055Hypercube_002" xml:lang="en">H00055</link:label>
    <link:labelArc xlink:type="arc" xlink:arcrole="http://www.xbrl.org/2003/arcrole/concept-label" xlink:from="t-TP_NL_E3_H00055Hypercube" xlink:to="label_t-TP_NL_E3_H00055Hypercube_002" xlink:title="t-TP_NL_E3_H00055Hypercube to label_t-TP_NL_E3_H00055Hypercube_002"/>
    <link:loc xlink:type="locator" xlink:href="t-TP_NL_E3-2011-06-30.xsd#t-TP_NL_E3_H00056Hypercube" xlink:label="t-TP_NL_E3_H00056Hypercube" xlink:title="t-TP_NL_E3_H00056Hypercube"/>
    <link:label xlink:type="resource" xlink:role="http://www.xbrl.org/2003/role/label" xlink:label="label_t-TP_NL_E3_H00056Hypercube_001" xlink:title="label_t-TP_NL_E3_H00056Hypercube_001" id="label_t-TP_NL_E3_H00056Hypercube_001" xml:lang="en">H00056 (Hypercube)</link:label>
    <link:labelArc xlink:type="arc" xlink:arcrole="http://www.xbrl.org/2003/arcrole/concept-label" xlink:from="t-TP_NL_E3_H00056Hypercube" xlink:to="label_t-TP_NL_E3_H00056Hypercube_001" xlink:title="t-TP_NL_E3_H00056Hypercube to label_t-TP_NL_E3_H00056Hypercube_001"/>
    <link:label xlink:type="resource" xlink:role="http://www.eiopa.europa.eu/pr/solvencyii/role/code" xlink:label="label_t-TP_NL_E3_H00056Hypercube_002" xlink:title="label_t-TP_NL_E3_H00056Hypercube_002" id="label_t-TP_NL_E3_H00056Hypercube_002" xml:lang="en">H00056</link:label>
    <link:labelArc xlink:type="arc" xlink:arcrole="http://www.xbrl.org/2003/arcrole/concept-label" xlink:from="t-TP_NL_E3_H00056Hypercube" xlink:to="label_t-TP_NL_E3_H00056Hypercube_002" xlink:title="t-TP_NL_E3_H00056Hypercube to label_t-TP_NL_E3_H00056Hypercube_002"/>
    <link:loc xlink:type="locator" xlink:href="t-TP_NL_E3-2011-06-30.xsd#t-TP_NL_E3_H00057Hypercube" xlink:label="t-TP_NL_E3_H00057Hypercube" xlink:title="t-TP_NL_E3_H00057Hypercube"/>
    <link:label xlink:type="resource" xlink:role="http://www.xbrl.org/2003/role/label" xlink:label="label_t-TP_NL_E3_H00057Hypercube_001" xlink:title="label_t-TP_NL_E3_H00057Hypercube_001" id="label_t-TP_NL_E3_H00057Hypercube_001" xml:lang="en">H00057 (Hypercube)</link:label>
    <link:labelArc xlink:type="arc" xlink:arcrole="http://www.xbrl.org/2003/arcrole/concept-label" xlink:from="t-TP_NL_E3_H00057Hypercube" xlink:to="label_t-TP_NL_E3_H00057Hypercube_001" xlink:title="t-TP_NL_E3_H00057Hypercube to label_t-TP_NL_E3_H00057Hypercube_001"/>
    <link:label xlink:type="resource" xlink:role="http://www.eiopa.europa.eu/pr/solvencyii/role/code" xlink:label="label_t-TP_NL_E3_H00057Hypercube_002" xlink:title="label_t-TP_NL_E3_H00057Hypercube_002" id="label_t-TP_NL_E3_H00057Hypercube_002" xml:lang="en">H00057</link:label>
    <link:labelArc xlink:type="arc" xlink:arcrole="http://www.xbrl.org/2003/arcrole/concept-label" xlink:from="t-TP_NL_E3_H00057Hypercube" xlink:to="label_t-TP_NL_E3_H00057Hypercube_002" xlink:title="t-TP_NL_E3_H00057Hypercube to label_t-TP_NL_E3_H00057Hypercube_002"/>
    <link:loc xlink:type="locator" xlink:href="t-TP_NL_E3-2011-06-30.xsd#t-TP_NL_E3_H00058Hypercube" xlink:label="t-TP_NL_E3_H00058Hypercube" xlink:title="t-TP_NL_E3_H00058Hypercube"/>
    <link:label xlink:type="resource" xlink:role="http://www.xbrl.org/2003/role/label" xlink:label="label_t-TP_NL_E3_H00058Hypercube_001" xlink:title="label_t-TP_NL_E3_H00058Hypercube_001" id="label_t-TP_NL_E3_H00058Hypercube_001" xml:lang="en">H00058 (Hypercube)</link:label>
    <link:labelArc xlink:type="arc" xlink:arcrole="http://www.xbrl.org/2003/arcrole/concept-label" xlink:from="t-TP_NL_E3_H00058Hypercube" xlink:to="label_t-TP_NL_E3_H00058Hypercube_001" xlink:title="t-TP_NL_E3_H00058Hypercube to label_t-TP_NL_E3_H00058Hypercube_001"/>
    <link:label xlink:type="resource" xlink:role="http://www.eiopa.europa.eu/pr/solvencyii/role/code" xlink:label="label_t-TP_NL_E3_H00058Hypercube_002" xlink:title="label_t-TP_NL_E3_H00058Hypercube_002" id="label_t-TP_NL_E3_H00058Hypercube_002" xml:lang="en">H00058</link:label>
    <link:labelArc xlink:type="arc" xlink:arcrole="http://www.xbrl.org/2003/arcrole/concept-label" xlink:from="t-TP_NL_E3_H00058Hypercube" xlink:to="label_t-TP_NL_E3_H00058Hypercube_002" xlink:title="t-TP_NL_E3_H00058Hypercube to label_t-TP_NL_E3_H00058Hypercube_002"/>
    <link:loc xlink:type="locator" xlink:href="t-TP_NL_E3-2011-06-30.xsd#t-TP_NL_E3_H00059Hypercube" xlink:label="t-TP_NL_E3_H00059Hypercube" xlink:title="t-TP_NL_E3_H00059Hypercube"/>
    <link:label xlink:type="resource" xlink:role="http://www.xbrl.org/2003/role/label" xlink:label="label_t-TP_NL_E3_H00059Hypercube_001" xlink:title="label_t-TP_NL_E3_H00059Hypercube_001" id="label_t-TP_NL_E3_H00059Hypercube_001" xml:lang="en">H00059 (Hypercube)</link:label>
    <link:labelArc xlink:type="arc" xlink:arcrole="http://www.xbrl.org/2003/arcrole/concept-label" xlink:from="t-TP_NL_E3_H00059Hypercube" xlink:to="label_t-TP_NL_E3_H00059Hypercube_001" xlink:title="t-TP_NL_E3_H00059Hypercube to label_t-TP_NL_E3_H00059Hypercube_001"/>
    <link:label xlink:type="resource" xlink:role="http://www.eiopa.europa.eu/pr/solvencyii/role/code" xlink:label="label_t-TP_NL_E3_H00059Hypercube_002" xlink:title="label_t-TP_NL_E3_H00059Hypercube_002" id="label_t-TP_NL_E3_H00059Hypercube_002" xml:lang="en">H00059</link:label>
    <link:labelArc xlink:type="arc" xlink:arcrole="http://www.xbrl.org/2003/arcrole/concept-label" xlink:from="t-TP_NL_E3_H00059Hypercube" xlink:to="label_t-TP_NL_E3_H00059Hypercube_002" xlink:title="t-TP_NL_E3_H00059Hypercube to label_t-TP_NL_E3_H00059Hypercube_002"/>
    <link:loc xlink:type="locator" xlink:href="t-TP_NL_E3-2011-06-30.xsd#t-TP_NL_E3_H00060Hypercube" xlink:label="t-TP_NL_E3_H00060Hypercube" xlink:title="t-TP_NL_E3_H00060Hypercube"/>
    <link:label xlink:type="resource" xlink:role="http://www.xbrl.org/2003/role/label" xlink:label="label_t-TP_NL_E3_H00060Hypercube_001" xlink:title="label_t-TP_NL_E3_H00060Hypercube_001" id="label_t-TP_NL_E3_H00060Hypercube_001" xml:lang="en">H00060 (Hypercube)</link:label>
    <link:labelArc xlink:type="arc" xlink:arcrole="http://www.xbrl.org/2003/arcrole/concept-label" xlink:from="t-TP_NL_E3_H00060Hypercube" xlink:to="label_t-TP_NL_E3_H00060Hypercube_001" xlink:title="t-TP_NL_E3_H00060Hypercube to label_t-TP_NL_E3_H00060Hypercube_001"/>
    <link:label xlink:type="resource" xlink:role="http://www.eiopa.europa.eu/pr/solvencyii/role/code" xlink:label="label_t-TP_NL_E3_H00060Hypercube_002" xlink:title="label_t-TP_NL_E3_H00060Hypercube_002" id="label_t-TP_NL_E3_H00060Hypercube_002" xml:lang="en">H00060</link:label>
    <link:labelArc xlink:type="arc" xlink:arcrole="http://www.xbrl.org/2003/arcrole/concept-label" xlink:from="t-TP_NL_E3_H00060Hypercube" xlink:to="label_t-TP_NL_E3_H00060Hypercube_002" xlink:title="t-TP_NL_E3_H00060Hypercube to label_t-TP_NL_E3_H00060Hypercube_002"/>
    <link:loc xlink:type="locator" xlink:href="t-TP_NL_E3-2011-06-30.xsd#t-TP_NL_E3_H00061Hypercube" xlink:label="t-TP_NL_E3_H00061Hypercube" xlink:title="t-TP_NL_E3_H00061Hypercube"/>
    <link:label xlink:type="resource" xlink:role="http://www.xbrl.org/2003/role/label" xlink:label="label_t-TP_NL_E3_H00061Hypercube_001" xlink:title="label_t-TP_NL_E3_H00061Hypercube_001" id="label_t-TP_NL_E3_H00061Hypercube_001" xml:lang="en">H00061 (Hypercube)</link:label>
    <link:labelArc xlink:type="arc" xlink:arcrole="http://www.xbrl.org/2003/arcrole/concept-label" xlink:from="t-TP_NL_E3_H00061Hypercube" xlink:to="label_t-TP_NL_E3_H00061Hypercube_001" xlink:title="t-TP_NL_E3_H00061Hypercube to label_t-TP_NL_E3_H00061Hypercube_001"/>
    <link:label xlink:type="resource" xlink:role="http://www.eiopa.europa.eu/pr/solvencyii/role/code" xlink:label="label_t-TP_NL_E3_H00061Hypercube_002" xlink:title="label_t-TP_NL_E3_H00061Hypercube_002" id="label_t-TP_NL_E3_H00061Hypercube_002" xml:lang="en">H00061</link:label>
    <link:labelArc xlink:type="arc" xlink:arcrole="http://www.xbrl.org/2003/arcrole/concept-label" xlink:from="t-TP_NL_E3_H00061Hypercube" xlink:to="label_t-TP_NL_E3_H00061Hypercube_002" xlink:title="t-TP_NL_E3_H00061Hypercube to label_t-TP_NL_E3_H00061Hypercube_002"/>
    <link:loc xlink:type="locator" xlink:href="t-TP_NL_E3-2011-06-30.xsd#t-TP_NL_E3_H00062Hypercube" xlink:label="t-TP_NL_E3_H00062Hypercube" xlink:title="t-TP_NL_E3_H00062Hypercube"/>
    <link:label xlink:type="resource" xlink:role="http://www.xbrl.org/2003/role/label" xlink:label="label_t-TP_NL_E3_H00062Hypercube_001" xlink:title="label_t-TP_NL_E3_H00062Hypercube_001" id="label_t-TP_NL_E3_H00062Hypercube_001" xml:lang="en">H00062 (Hypercube)</link:label>
    <link:labelArc xlink:type="arc" xlink:arcrole="http://www.xbrl.org/2003/arcrole/concept-label" xlink:from="t-TP_NL_E3_H00062Hypercube" xlink:to="label_t-TP_NL_E3_H00062Hypercube_001" xlink:title="t-TP_NL_E3_H00062Hypercube to label_t-TP_NL_E3_H00062Hypercube_001"/>
    <link:label xlink:type="resource" xlink:role="http://www.eiopa.europa.eu/pr/solvencyii/role/code" xlink:label="label_t-TP_NL_E3_H00062Hypercube_002" xlink:title="label_t-TP_NL_E3_H00062Hypercube_002" id="label_t-TP_NL_E3_H00062Hypercube_002" xml:lang="en">H00062</link:label>
    <link:labelArc xlink:type="arc" xlink:arcrole="http://www.xbrl.org/2003/arcrole/concept-label" xlink:from="t-TP_NL_E3_H00062Hypercube" xlink:to="label_t-TP_NL_E3_H00062Hypercube_002" xlink:title="t-TP_NL_E3_H00062Hypercube to label_t-TP_NL_E3_H00062Hypercube_002"/>
    <link:loc xlink:type="locator" xlink:href="t-TP_NL_E3-2011-06-30.xsd#t-TP_NL_E3_H00063Hypercube" xlink:label="t-TP_NL_E3_H00063Hypercube" xlink:title="t-TP_NL_E3_H00063Hypercube"/>
    <link:label xlink:type="resource" xlink:role="http://www.xbrl.org/2003/role/label" xlink:label="label_t-TP_NL_E3_H00063Hypercube_001" xlink:title="label_t-TP_NL_E3_H00063Hypercube_001" id="label_t-TP_NL_E3_H00063Hypercube_001" xml:lang="en">H00063 (Hypercube)</link:label>
    <link:labelArc xlink:type="arc" xlink:arcrole="http://www.xbrl.org/2003/arcrole/concept-label" xlink:from="t-TP_NL_E3_H00063Hypercube" xlink:to="label_t-TP_NL_E3_H00063Hypercube_001" xlink:title="t-TP_NL_E3_H00063Hypercube to label_t-TP_NL_E3_H00063Hypercube_001"/>
    <link:label xlink:type="resource" xlink:role="http://www.eiopa.europa.eu/pr/solvencyii/role/code" xlink:label="label_t-TP_NL_E3_H00063Hypercube_002" xlink:title="label_t-TP_NL_E3_H00063Hypercube_002" id="label_t-TP_NL_E3_H00063Hypercube_002" xml:lang="en">H00063</link:label>
    <link:labelArc xlink:type="arc" xlink:arcrole="http://www.xbrl.org/2003/arcrole/concept-label" xlink:from="t-TP_NL_E3_H00063Hypercube" xlink:to="label_t-TP_NL_E3_H00063Hypercube_002" xlink:title="t-TP_NL_E3_H00063Hypercube to label_t-TP_NL_E3_H00063Hypercube_002"/>
    <link:loc xlink:type="locator" xlink:href="t-TP_NL_E3-2011-06-30.xsd#t-TP_NL_E3_H00064Hypercube" xlink:label="t-TP_NL_E3_H00064Hypercube" xlink:title="t-TP_NL_E3_H00064Hypercube"/>
    <link:label xlink:type="resource" xlink:role="http://www.xbrl.org/2003/role/label" xlink:label="label_t-TP_NL_E3_H00064Hypercube_001" xlink:title="label_t-TP_NL_E3_H00064Hypercube_001" id="label_t-TP_NL_E3_H00064Hypercube_001" xml:lang="en">H00064 (Hypercube)</link:label>
    <link:labelArc xlink:type="arc" xlink:arcrole="http://www.xbrl.org/2003/arcrole/concept-label" xlink:from="t-TP_NL_E3_H00064Hypercube" xlink:to="label_t-TP_NL_E3_H00064Hypercube_001" xlink:title="t-TP_NL_E3_H00064Hypercube to label_t-TP_NL_E3_H00064Hypercube_001"/>
    <link:label xlink:type="resource" xlink:role="http://www.eiopa.europa.eu/pr/solvencyii/role/code" xlink:label="label_t-TP_NL_E3_H00064Hypercube_002" xlink:title="label_t-TP_NL_E3_H00064Hypercube_002" id="label_t-TP_NL_E3_H00064Hypercube_002" xml:lang="en">H00064</link:label>
    <link:labelArc xlink:type="arc" xlink:arcrole="http://www.xbrl.org/2003/arcrole/concept-label" xlink:from="t-TP_NL_E3_H00064Hypercube" xlink:to="label_t-TP_NL_E3_H00064Hypercube_002" xlink:title="t-TP_NL_E3_H00064Hypercube to label_t-TP_NL_E3_H00064Hypercube_002"/>
    <link:loc xlink:type="locator" xlink:href="t-TP_NL_E3-2011-06-30.xsd#t-TP_NL_E3_H00086Hypercube" xlink:label="t-TP_NL_E3_H00086Hypercube" xlink:title="t-TP_NL_E3_H00086Hypercube"/>
    <link:label xlink:type="resource" xlink:role="http://www.xbrl.org/2003/role/label" xlink:label="label_t-TP_NL_E3_H00086Hypercube_001" xlink:title="label_t-TP_NL_E3_H00086Hypercube_001" id="label_t-TP_NL_E3_H00086Hypercube_001" xml:lang="en">H00086 (Hypercube)</link:label>
    <link:labelArc xlink:type="arc" xlink:arcrole="http://www.xbrl.org/2003/arcrole/concept-label" xlink:from="t-TP_NL_E3_H00086Hypercube" xlink:to="label_t-TP_NL_E3_H00086Hypercube_001" xlink:title="t-TP_NL_E3_H00086Hypercube to label_t-TP_NL_E3_H00086Hypercube_001"/>
    <link:label xlink:type="resource" xlink:role="http://www.eiopa.europa.eu/pr/solvencyii/role/code" xlink:label="label_t-TP_NL_E3_H00086Hypercube_002" xlink:title="label_t-TP_NL_E3_H00086Hypercube_002" id="label_t-TP_NL_E3_H00086Hypercube_002" xml:lang="en">H00086</link:label>
    <link:labelArc xlink:type="arc" xlink:arcrole="http://www.xbrl.org/2003/arcrole/concept-label" xlink:from="t-TP_NL_E3_H00086Hypercube" xlink:to="label_t-TP_NL_E3_H00086Hypercube_002" xlink:title="t-TP_NL_E3_H00086Hypercube to label_t-TP_NL_E3_H00086Hypercube_002"/>
    <link:loc xlink:type="locator" xlink:href="t-TP_NL_E3-2011-06-30.xsd#t-TP_NL_E3_H00066Hypercube" xlink:label="t-TP_NL_E3_H00066Hypercube" xlink:title="t-TP_NL_E3_H00066Hypercube"/>
    <link:label xlink:type="resource" xlink:role="http://www.xbrl.org/2003/role/label" xlink:label="label_t-TP_NL_E3_H00066Hypercube_001" xlink:title="label_t-TP_NL_E3_H00066Hypercube_001" id="label_t-TP_NL_E3_H00066Hypercube_001" xml:lang="en">H00066 (Hypercube)</link:label>
    <link:labelArc xlink:type="arc" xlink:arcrole="http://www.xbrl.org/2003/arcrole/concept-label" xlink:from="t-TP_NL_E3_H00066Hypercube" xlink:to="label_t-TP_NL_E3_H00066Hypercube_001" xlink:title="t-TP_NL_E3_H00066Hypercube to label_t-TP_NL_E3_H00066Hypercube_001"/>
    <link:label xlink:type="resource" xlink:role="http://www.eiopa.europa.eu/pr/solvencyii/role/code" xlink:label="label_t-TP_NL_E3_H00066Hypercube_002" xlink:title="label_t-TP_NL_E3_H00066Hypercube_002" id="label_t-TP_NL_E3_H00066Hypercube_002" xml:lang="en">H00066</link:label>
    <link:labelArc xlink:type="arc" xlink:arcrole="http://www.xbrl.org/2003/arcrole/concept-label" xlink:from="t-TP_NL_E3_H00066Hypercube" xlink:to="label_t-TP_NL_E3_H00066Hypercube_002" xlink:title="t-TP_NL_E3_H00066Hypercube to label_t-TP_NL_E3_H00066Hypercube_002"/>
    <link:loc xlink:type="locator" xlink:href="t-TP_NL_E3-2011-06-30.xsd#t-TP_NL_E3_H00067Hypercube" xlink:label="t-TP_NL_E3_H00067Hypercube" xlink:title="t-TP_NL_E3_H00067Hypercube"/>
    <link:label xlink:type="resource" xlink:role="http://www.xbrl.org/2003/role/label" xlink:label="label_t-TP_NL_E3_H00067Hypercube_001" xlink:title="label_t-TP_NL_E3_H00067Hypercube_001" id="label_t-TP_NL_E3_H00067Hypercube_001" xml:lang="en">H00067 (Hypercube)</link:label>
    <link:labelArc xlink:type="arc" xlink:arcrole="http://www.xbrl.org/2003/arcrole/concept-label" xlink:from="t-TP_NL_E3_H00067Hypercube" xlink:to="label_t-TP_NL_E3_H00067Hypercube_001" xlink:title="t-TP_NL_E3_H00067Hypercube to label_t-TP_NL_E3_H00067Hypercube_001"/>
    <link:label xlink:type="resource" xlink:role="http://www.eiopa.europa.eu/pr/solvencyii/role/code" xlink:label="label_t-TP_NL_E3_H00067Hypercube_002" xlink:title="label_t-TP_NL_E3_H00067Hypercube_002" id="label_t-TP_NL_E3_H00067Hypercube_002" xml:lang="en">H00067</link:label>
    <link:labelArc xlink:type="arc" xlink:arcrole="http://www.xbrl.org/2003/arcrole/concept-label" xlink:from="t-TP_NL_E3_H00067Hypercube" xlink:to="label_t-TP_NL_E3_H00067Hypercube_002" xlink:title="t-TP_NL_E3_H00067Hypercube to label_t-TP_NL_E3_H00067Hypercube_002"/>
    <link:loc xlink:type="locator" xlink:href="t-TP_NL_E3-2011-06-30.xsd#t-TP_NL_E3_H00068Hypercube" xlink:label="t-TP_NL_E3_H00068Hypercube" xlink:title="t-TP_NL_E3_H00068Hypercube"/>
    <link:label xlink:type="resource" xlink:role="http://www.xbrl.org/2003/role/label" xlink:label="label_t-TP_NL_E3_H00068Hypercube_001" xlink:title="label_t-TP_NL_E3_H00068Hypercube_001" id="label_t-TP_NL_E3_H00068Hypercube_001" xml:lang="en">H00068 (Hypercube)</link:label>
    <link:labelArc xlink:type="arc" xlink:arcrole="http://www.xbrl.org/2003/arcrole/concept-label" xlink:from="t-TP_NL_E3_H00068Hypercube" xlink:to="label_t-TP_NL_E3_H00068Hypercube_001" xlink:title="t-TP_NL_E3_H00068Hypercube to label_t-TP_NL_E3_H00068Hypercube_001"/>
    <link:label xlink:type="resource" xlink:role="http://www.eiopa.europa.eu/pr/solvencyii/role/code" xlink:label="label_t-TP_NL_E3_H00068Hypercube_002" xlink:title="label_t-TP_NL_E3_H00068Hypercube_002" id="label_t-TP_NL_E3_H00068Hypercube_002" xml:lang="en">H00068</link:label>
    <link:labelArc xlink:type="arc" xlink:arcrole="http://www.xbrl.org/2003/arcrole/concept-label" xlink:from="t-TP_NL_E3_H00068Hypercube" xlink:to="label_t-TP_NL_E3_H00068Hypercube_002" xlink:title="t-TP_NL_E3_H00068Hypercube to label_t-TP_NL_E3_H00068Hypercube_002"/>
    <link:loc xlink:type="locator" xlink:href="t-TP_NL_E3-2011-06-30.xsd#t-TP_NL_E3_H00069Hypercube" xlink:label="t-TP_NL_E3_H00069Hypercube" xlink:title="t-TP_NL_E3_H00069Hypercube"/>
    <link:label xlink:type="resource" xlink:role="http://www.xbrl.org/2003/role/label" xlink:label="label_t-TP_NL_E3_H00069Hypercube_001" xlink:title="label_t-TP_NL_E3_H00069Hypercube_001" id="label_t-TP_NL_E3_H00069Hypercube_001" xml:lang="en">H00069 (Hypercube)</link:label>
    <link:labelArc xlink:type="arc" xlink:arcrole="http://www.xbrl.org/2003/arcrole/concept-label" xlink:from="t-TP_NL_E3_H00069Hypercube" xlink:to="label_t-TP_NL_E3_H00069Hypercube_001" xlink:title="t-TP_NL_E3_H00069Hypercube to label_t-TP_NL_E3_H00069Hypercube_001"/>
    <link:label xlink:type="resource" xlink:role="http://www.eiopa.europa.eu/pr/solvencyii/role/code" xlink:label="label_t-TP_NL_E3_H00069Hypercube_002" xlink:title="label_t-TP_NL_E3_H00069Hypercube_002" id="label_t-TP_NL_E3_H00069Hypercube_002" xml:lang="en">H00069</link:label>
    <link:labelArc xlink:type="arc" xlink:arcrole="http://www.xbrl.org/2003/arcrole/concept-label" xlink:from="t-TP_NL_E3_H00069Hypercube" xlink:to="label_t-TP_NL_E3_H00069Hypercube_002" xlink:title="t-TP_NL_E3_H00069Hypercube to label_t-TP_NL_E3_H00069Hypercube_002"/>
    <link:loc xlink:type="locator" xlink:href="t-TP_NL_E3-2011-06-30.xsd#t-TP_NL_E3_H00070Hypercube" xlink:label="t-TP_NL_E3_H00070Hypercube" xlink:title="t-TP_NL_E3_H00070Hypercube"/>
    <link:label xlink:type="resource" xlink:role="http://www.xbrl.org/2003/role/label" xlink:label="label_t-TP_NL_E3_H00070Hypercube_001" xlink:title="label_t-TP_NL_E3_H00070Hypercube_001" id="label_t-TP_NL_E3_H00070Hypercube_001" xml:lang="en">H00070 (Hypercube)</link:label>
    <link:labelArc xlink:type="arc" xlink:arcrole="http://www.xbrl.org/2003/arcrole/concept-label" xlink:from="t-TP_NL_E3_H00070Hypercube" xlink:to="label_t-TP_NL_E3_H00070Hypercube_001" xlink:title="t-TP_NL_E3_H00070Hypercube to label_t-TP_NL_E3_H00070Hypercube_001"/>
    <link:label xlink:type="resource" xlink:role="http://www.eiopa.europa.eu/pr/solvencyii/role/code" xlink:label="label_t-TP_NL_E3_H00070Hypercube_002" xlink:title="label_t-TP_NL_E3_H00070Hypercube_002" id="label_t-TP_NL_E3_H00070Hypercube_002" xml:lang="en">H00070</link:label>
    <link:labelArc xlink:type="arc" xlink:arcrole="http://www.xbrl.org/2003/arcrole/concept-label" xlink:from="t-TP_NL_E3_H00070Hypercube" xlink:to="label_t-TP_NL_E3_H00070Hypercube_002" xlink:title="t-TP_NL_E3_H00070Hypercube to label_t-TP_NL_E3_H00070Hypercube_002"/>
    <link:loc xlink:type="locator" xlink:href="t-TP_NL_E3-2011-06-30.xsd#t-TP_NL_E3_H00071Hypercube" xlink:label="t-TP_NL_E3_H00071Hypercube" xlink:title="t-TP_NL_E3_H00071Hypercube"/>
    <link:label xlink:type="resource" xlink:role="http://www.xbrl.org/2003/role/label" xlink:label="label_t-TP_NL_E3_H00071Hypercube_001" xlink:title="label_t-TP_NL_E3_H00071Hypercube_001" id="label_t-TP_NL_E3_H00071Hypercube_001" xml:lang="en">H00071 (Hypercube)</link:label>
    <link:labelArc xlink:type="arc" xlink:arcrole="http://www.xbrl.org/2003/arcrole/concept-label" xlink:from="t-TP_NL_E3_H00071Hypercube" xlink:to="label_t-TP_NL_E3_H00071Hypercube_001" xlink:title="t-TP_NL_E3_H00071Hypercube to label_t-TP_NL_E3_H00071Hypercube_001"/>
    <link:label xlink:type="resource" xlink:role="http://www.eiopa.europa.eu/pr/solvencyii/role/code" xlink:label="label_t-TP_NL_E3_H00071Hypercube_002" xlink:title="label_t-TP_NL_E3_H00071Hypercube_002" id="label_t-TP_NL_E3_H00071Hypercube_002" xml:lang="en">H00071</link:label>
    <link:labelArc xlink:type="arc" xlink:arcrole="http://www.xbrl.org/2003/arcrole/concept-label" xlink:from="t-TP_NL_E3_H00071Hypercube" xlink:to="label_t-TP_NL_E3_H00071Hypercube_002" xlink:title="t-TP_NL_E3_H00071Hypercube to label_t-TP_NL_E3_H00071Hypercube_002"/>
    <link:loc xlink:type="locator" xlink:href="t-TP_NL_E3-2011-06-30.xsd#t-TP_NL_E3_H00072Hypercube" xlink:label="t-TP_NL_E3_H00072Hypercube" xlink:title="t-TP_NL_E3_H00072Hypercube"/>
    <link:label xlink:type="resource" xlink:role="http://www.xbrl.org/2003/role/label" xlink:label="label_t-TP_NL_E3_H00072Hypercube_001" xlink:title="label_t-TP_NL_E3_H00072Hypercube_001" id="label_t-TP_NL_E3_H00072Hypercube_001" xml:lang="en">H00072 (Hypercube)</link:label>
    <link:labelArc xlink:type="arc" xlink:arcrole="http://www.xbrl.org/2003/arcrole/concept-label" xlink:from="t-TP_NL_E3_H00072Hypercube" xlink:to="label_t-TP_NL_E3_H00072Hypercube_001" xlink:title="t-TP_NL_E3_H00072Hypercube to label_t-TP_NL_E3_H00072Hypercube_001"/>
    <link:label xlink:type="resource" xlink:role="http://www.eiopa.europa.eu/pr/solvencyii/role/code" xlink:label="label_t-TP_NL_E3_H00072Hypercube_002" xlink:title="label_t-TP_NL_E3_H00072Hypercube_002" id="label_t-TP_NL_E3_H00072Hypercube_002" xml:lang="en">H00072</link:label>
    <link:labelArc xlink:type="arc" xlink:arcrole="http://www.xbrl.org/2003/arcrole/concept-label" xlink:from="t-TP_NL_E3_H00072Hypercube" xlink:to="label_t-TP_NL_E3_H00072Hypercube_002" xlink:title="t-TP_NL_E3_H00072Hypercube to label_t-TP_NL_E3_H00072Hypercube_002"/>
    <link:loc xlink:type="locator" xlink:href="t-TP_NL_E3-2011-06-30.xsd#t-TP_NL_E3_H00073Hypercube" xlink:label="t-TP_NL_E3_H00073Hypercube" xlink:title="t-TP_NL_E3_H00073Hypercube"/>
    <link:label xlink:type="resource" xlink:role="http://www.xbrl.org/2003/role/label" xlink:label="label_t-TP_NL_E3_H00073Hypercube_001" xlink:title="label_t-TP_NL_E3_H00073Hypercube_001" id="label_t-TP_NL_E3_H00073Hypercube_001" xml:lang="en">H00073 (Hypercube)</link:label>
    <link:labelArc xlink:type="arc" xlink:arcrole="http://www.xbrl.org/2003/arcrole/concept-label" xlink:from="t-TP_NL_E3_H00073Hypercube" xlink:to="label_t-TP_NL_E3_H00073Hypercube_001" xlink:title="t-TP_NL_E3_H00073Hypercube to label_t-TP_NL_E3_H00073Hypercube_001"/>
    <link:label xlink:type="resource" xlink:role="http://www.eiopa.europa.eu/pr/solvencyii/role/code" xlink:label="label_t-TP_NL_E3_H00073Hypercube_002" xlink:title="label_t-TP_NL_E3_H00073Hypercube_002" id="label_t-TP_NL_E3_H00073Hypercube_002" xml:lang="en">H00073</link:label>
    <link:labelArc xlink:type="arc" xlink:arcrole="http://www.xbrl.org/2003/arcrole/concept-label" xlink:from="t-TP_NL_E3_H00073Hypercube" xlink:to="label_t-TP_NL_E3_H00073Hypercube_002" xlink:title="t-TP_NL_E3_H00073Hypercube to label_t-TP_NL_E3_H00073Hypercube_002"/>
    <link:loc xlink:type="locator" xlink:href="t-TP_NL_E3-2011-06-30.xsd#t-TP_NL_E3_H00074Hypercube" xlink:label="t-TP_NL_E3_H00074Hypercube" xlink:title="t-TP_NL_E3_H00074Hypercube"/>
    <link:label xlink:type="resource" xlink:role="http://www.xbrl.org/2003/role/label" xlink:label="label_t-TP_NL_E3_H00074Hypercube_001" xlink:title="label_t-TP_NL_E3_H00074Hypercube_001" id="label_t-TP_NL_E3_H00074Hypercube_001" xml:lang="en">H00074 (Hypercube)</link:label>
    <link:labelArc xlink:type="arc" xlink:arcrole="http://www.xbrl.org/2003/arcrole/concept-label" xlink:from="t-TP_NL_E3_H00074Hypercube" xlink:to="label_t-TP_NL_E3_H00074Hypercube_001" xlink:title="t-TP_NL_E3_H00074Hypercube to label_t-TP_NL_E3_H00074Hypercube_001"/>
    <link:label xlink:type="resource" xlink:role="http://www.eiopa.europa.eu/pr/solvencyii/role/code" xlink:label="label_t-TP_NL_E3_H00074Hypercube_002" xlink:title="label_t-TP_NL_E3_H00074Hypercube_002" id="label_t-TP_NL_E3_H00074Hypercube_002" xml:lang="en">H00074</link:label>
    <link:labelArc xlink:type="arc" xlink:arcrole="http://www.xbrl.org/2003/arcrole/concept-label" xlink:from="t-TP_NL_E3_H00074Hypercube" xlink:to="label_t-TP_NL_E3_H00074Hypercube_002" xlink:title="t-TP_NL_E3_H00074Hypercube to label_t-TP_NL_E3_H00074Hypercube_002"/>
    <link:loc xlink:type="locator" xlink:href="t-TP_NL_E3-2011-06-30.xsd#t-TP_NL_E3_H00075Hypercube" xlink:label="t-TP_NL_E3_H00075Hypercube" xlink:title="t-TP_NL_E3_H00075Hypercube"/>
    <link:label xlink:type="resource" xlink:role="http://www.xbrl.org/2003/role/label" xlink:label="label_t-TP_NL_E3_H00075Hypercube_001" xlink:title="label_t-TP_NL_E3_H00075Hypercube_001" id="label_t-TP_NL_E3_H00075Hypercube_001" xml:lang="en">H00075 (Hypercube)</link:label>
    <link:labelArc xlink:type="arc" xlink:arcrole="http://www.xbrl.org/2003/arcrole/concept-label" xlink:from="t-TP_NL_E3_H00075Hypercube" xlink:to="label_t-TP_NL_E3_H00075Hypercube_001" xlink:title="t-TP_NL_E3_H00075Hypercube to label_t-TP_NL_E3_H00075Hypercube_001"/>
    <link:label xlink:type="resource" xlink:role="http://www.eiopa.europa.eu/pr/solvencyii/role/code" xlink:label="label_t-TP_NL_E3_H00075Hypercube_002" xlink:title="label_t-TP_NL_E3_H00075Hypercube_002" id="label_t-TP_NL_E3_H00075Hypercube_002" xml:lang="en">H00075</link:label>
    <link:labelArc xlink:type="arc" xlink:arcrole="http://www.xbrl.org/2003/arcrole/concept-label" xlink:from="t-TP_NL_E3_H00075Hypercube" xlink:to="label_t-TP_NL_E3_H00075Hypercube_002" xlink:title="t-TP_NL_E3_H00075Hypercube to label_t-TP_NL_E3_H00075Hypercube_002"/>
    <link:loc xlink:type="locator" xlink:href="t-TP_NL_E3-2011-06-30.xsd#t-TP_NL_E3_H00076Hypercube" xlink:label="t-TP_NL_E3_H00076Hypercube" xlink:title="t-TP_NL_E3_H00076Hypercube"/>
    <link:label xlink:type="resource" xlink:role="http://www.xbrl.org/2003/role/label" xlink:label="label_t-TP_NL_E3_H00076Hypercube_001" xlink:title="label_t-TP_NL_E3_H00076Hypercube_001" id="label_t-TP_NL_E3_H00076Hypercube_001" xml:lang="en">H00076 (Hypercube)</link:label>
    <link:labelArc xlink:type="arc" xlink:arcrole="http://www.xbrl.org/2003/arcrole/concept-label" xlink:from="t-TP_NL_E3_H00076Hypercube" xlink:to="label_t-TP_NL_E3_H00076Hypercube_001" xlink:title="t-TP_NL_E3_H00076Hypercube to label_t-TP_NL_E3_H00076Hypercube_001"/>
    <link:label xlink:type="resource" xlink:role="http://www.eiopa.europa.eu/pr/solvencyii/role/code" xlink:label="label_t-TP_NL_E3_H00076Hypercube_002" xlink:title="label_t-TP_NL_E3_H00076Hypercube_002" id="label_t-TP_NL_E3_H00076Hypercube_002" xml:lang="en">H00076</link:label>
    <link:labelArc xlink:type="arc" xlink:arcrole="http://www.xbrl.org/2003/arcrole/concept-label" xlink:from="t-TP_NL_E3_H00076Hypercube" xlink:to="label_t-TP_NL_E3_H00076Hypercube_002" xlink:title="t-TP_NL_E3_H00076Hypercube to label_t-TP_NL_E3_H00076Hypercube_002"/>
    <link:loc xlink:type="locator" xlink:href="t-TP_NL_E3-2011-06-30.xsd#t-TP_NL_E3_H00087Hypercube" xlink:label="t-TP_NL_E3_H00087Hypercube" xlink:title="t-TP_NL_E3_H00087Hypercube"/>
    <link:label xlink:type="resource" xlink:role="http://www.xbrl.org/2003/role/label" xlink:label="label_t-TP_NL_E3_H00087Hypercube_001" xlink:title="label_t-TP_NL_E3_H00087Hypercube_001" id="label_t-TP_NL_E3_H00087Hypercube_001" xml:lang="en">H00087 (Hypercube)</link:label>
    <link:labelArc xlink:type="arc" xlink:arcrole="http://www.xbrl.org/2003/arcrole/concept-label" xlink:from="t-TP_NL_E3_H00087Hypercube" xlink:to="label_t-TP_NL_E3_H00087Hypercube_001" xlink:title="t-TP_NL_E3_H00087Hypercube to label_t-TP_NL_E3_H00087Hypercube_001"/>
    <link:label xlink:type="resource" xlink:role="http://www.eiopa.europa.eu/pr/solvencyii/role/code" xlink:label="label_t-TP_NL_E3_H00087Hypercube_002" xlink:title="label_t-TP_NL_E3_H00087Hypercube_002" id="label_t-TP_NL_E3_H00087Hypercube_002" xml:lang="en">H00087</link:label>
    <link:labelArc xlink:type="arc" xlink:arcrole="http://www.xbrl.org/2003/arcrole/concept-label" xlink:from="t-TP_NL_E3_H00087Hypercube" xlink:to="label_t-TP_NL_E3_H00087Hypercube_002" xlink:title="t-TP_NL_E3_H00087Hypercube to label_t-TP_NL_E3_H00087Hypercube_002"/>
    <link:loc xlink:type="locator" xlink:href="t-TP_NL_E3-2011-06-30.xsd#t-TP_NL_E3_H00077Hypercube" xlink:label="t-TP_NL_E3_H00077Hypercube" xlink:title="t-TP_NL_E3_H00077Hypercube"/>
    <link:label xlink:type="resource" xlink:role="http://www.xbrl.org/2003/role/label" xlink:label="label_t-TP_NL_E3_H00077Hypercube_001" xlink:title="label_t-TP_NL_E3_H00077Hypercube_001" id="label_t-TP_NL_E3_H00077Hypercube_001" xml:lang="en">H00077 (Hypercube)</link:label>
    <link:labelArc xlink:type="arc" xlink:arcrole="http://www.xbrl.org/2003/arcrole/concept-label" xlink:from="t-TP_NL_E3_H00077Hypercube" xlink:to="label_t-TP_NL_E3_H00077Hypercube_001" xlink:title="t-TP_NL_E3_H00077Hypercube to label_t-TP_NL_E3_H00077Hypercube_001"/>
    <link:label xlink:type="resource" xlink:role="http://www.eiopa.europa.eu/pr/solvencyii/role/code" xlink:label="label_t-TP_NL_E3_H00077Hypercube_002" xlink:title="label_t-TP_NL_E3_H00077Hypercube_002" id="label_t-TP_NL_E3_H00077Hypercube_002" xml:lang="en">H00077</link:label>
    <link:labelArc xlink:type="arc" xlink:arcrole="http://www.xbrl.org/2003/arcrole/concept-label" xlink:from="t-TP_NL_E3_H00077Hypercube" xlink:to="label_t-TP_NL_E3_H00077Hypercube_002" xlink:title="t-TP_NL_E3_H00077Hypercube to label_t-TP_NL_E3_H00077Hypercube_002"/>
    <link:loc xlink:type="locator" xlink:href="t-TP_NL_E3-2011-06-30.xsd#t-TP_NL_E3_H00078Hypercube" xlink:label="t-TP_NL_E3_H00078Hypercube" xlink:title="t-TP_NL_E3_H00078Hypercube"/>
    <link:label xlink:type="resource" xlink:role="http://www.xbrl.org/2003/role/label" xlink:label="label_t-TP_NL_E3_H00078Hypercube_001" xlink:title="label_t-TP_NL_E3_H00078Hypercube_001" id="label_t-TP_NL_E3_H00078Hypercube_001" xml:lang="en">H00078 (Hypercube)</link:label>
    <link:labelArc xlink:type="arc" xlink:arcrole="http://www.xbrl.org/2003/arcrole/concept-label" xlink:from="t-TP_NL_E3_H00078Hypercube" xlink:to="label_t-TP_NL_E3_H00078Hypercube_001" xlink:title="t-TP_NL_E3_H00078Hypercube to label_t-TP_NL_E3_H00078Hypercube_001"/>
    <link:label xlink:type="resource" xlink:role="http://www.eiopa.europa.eu/pr/solvencyii/role/code" xlink:label="label_t-TP_NL_E3_H00078Hypercube_002" xlink:title="label_t-TP_NL_E3_H00078Hypercube_002" id="label_t-TP_NL_E3_H00078Hypercube_002" xml:lang="en">H00078</link:label>
    <link:labelArc xlink:type="arc" xlink:arcrole="http://www.xbrl.org/2003/arcrole/concept-label" xlink:from="t-TP_NL_E3_H00078Hypercube" xlink:to="label_t-TP_NL_E3_H00078Hypercube_002" xlink:title="t-TP_NL_E3_H00078Hypercube to label_t-TP_NL_E3_H00078Hypercube_002"/>
    <link:loc xlink:type="locator" xlink:href="t-TP_NL_E3-2011-06-30.xsd#t-TP_NL_E3_H00079Hypercube" xlink:label="t-TP_NL_E3_H00079Hypercube" xlink:title="t-TP_NL_E3_H00079Hypercube"/>
       <link:label xlink:type="resource" xlink:role="http://www.xbrl.org/2003/role/label" xlink:label="label_t-TP_NL_E3_H00079Hypercube_001" xlink:title="label_t-TP_NL_E3_H00079Hypercube_001" id="label_t-TP_NL_E3_H00079Hypercube_001" xml:lang="en">H00079 (Hypercube)</link:label>
    <link:labelArc xlink:type="arc" xlink:arcrole="http://www.xbrl.org/2003/arcrole/concept-label" xlink:from="t-TP_NL_E3_H00079Hypercube" xlink:to="label_t-TP_NL_E3_H00079Hypercube_001" xlink:title="t-TP_NL_E3_H00079Hypercube to label_t-TP_NL_E3_H00079Hypercube_001"/>
    <link:label xlink:type="resource" xlink:role="http://www.eiopa.europa.eu/pr/solvencyii/role/code" xlink:label="label_t-TP_NL_E3_H00079Hypercube_002" xlink:title="label_t-TP_NL_E3_H00079Hypercube_002" id="label_t-TP_NL_E3_H00079Hypercube_002" xml:lang="en">H00079</link:label>
    <link:labelArc xlink:type="arc" xlink:arcrole="http://www.xbrl.org/2003/arcrole/concept-label" xlink:from="t-TP_NL_E3_H00079Hypercube" xlink:to="label_t-TP_NL_E3_H00079Hypercube_002" xlink:title="t-TP_NL_E3_H00079Hypercube to label_t-TP_NL_E3_H00079Hypercube_002"/>
    <link:loc xlink:type="locator" xlink:href="t-TP_NL_E3-2011-06-30.xsd#t-TP_NL_E3_H00080Hypercube" xlink:label="t-TP_NL_E3_H00080Hypercube" xlink:title="t-TP_NL_E3_H00080Hypercube"/>
    <link:label xlink:type="resource" xlink:role="http://www.xbrl.org/2003/role/label" xlink:label="label_t-TP_NL_E3_H00080Hypercube_001" xlink:title="label_t-TP_NL_E3_H00080Hypercube_001" id="label_t-TP_NL_E3_H00080Hypercube_001" xml:lang="en">H00080 (Hypercube)</link:label>
    <link:labelArc xlink:type="arc" xlink:arcrole="http://www.xbrl.org/2003/arcrole/concept-label" xlink:from="t-TP_NL_E3_H00080Hypercube" xlink:to="label_t-TP_NL_E3_H00080Hypercube_001" xlink:title="t-TP_NL_E3_H00080Hypercube to label_t-TP_NL_E3_H00080Hypercube_001"/>
    <link:label xlink:type="resource" xlink:role="http://www.eiopa.europa.eu/pr/solvencyii/role/code" xlink:label="label_t-TP_NL_E3_H00080Hypercube_002" xlink:title="label_t-TP_NL_E3_H00080Hypercube_002" id="label_t-TP_NL_E3_H00080Hypercube_002" xml:lang="en">H00080</link:label>
    <link:labelArc xlink:type="arc" xlink:arcrole="http://www.xbrl.org/2003/arcrole/concept-label" xlink:from="t-TP_NL_E3_H00080Hypercube" xlink:to="label_t-TP_NL_E3_H00080Hypercube_002" xlink:title="t-TP_NL_E3_H00080Hypercube to label_t-TP_NL_E3_H00080Hypercube_002"/>
    <link:loc xlink:type="locator" xlink:href="t-TP_NL_E3-2011-06-30.xsd#t-TP_NL_E3_H00081Hypercube" xlink:label="t-TP_NL_E3_H00081Hypercube" xlink:title="t-TP_NL_E3_H00081Hypercube"/>
    <link:label xlink:type="resource" xlink:role="http://www.xbrl.org/2003/role/label" xlink:label="label_t-TP_NL_E3_H00081Hypercube_001" xlink:title="label_t-TP_NL_E3_H00081Hypercube_001" id="label_t-TP_NL_E3_H00081Hypercube_001" xml:lang="en">H00081 (Hypercube)</link:label>
    <link:labelArc xlink:type="arc" xlink:arcrole="http://www.xbrl.org/2003/arcrole/concept-label" xlink:from="t-TP_NL_E3_H00081Hypercube" xlink:to="label_t-TP_NL_E3_H00081Hypercube_001" xlink:title="t-TP_NL_E3_H00081Hypercube to label_t-TP_NL_E3_H00081Hypercube_001"/>
    <link:label xlink:type="resource" xlink:role="http://www.eiopa.europa.eu/pr/solvencyii/role/code" xlink:label="label_t-TP_NL_E3_H00081Hypercube_002" xlink:title="label_t-TP_NL_E3_H00081Hypercube_002" id="label_t-TP_NL_E3_H00081Hypercube_002" xml:lang="en">H00081</link:label>
    <link:labelArc xlink:type="arc" xlink:arcrole="http://www.xbrl.org/2003/arcrole/concept-label" xlink:from="t-TP_NL_E3_H00081Hypercube" xlink:to="label_t-TP_NL_E3_H00081Hypercube_002" xlink:title="t-TP_NL_E3_H00081Hypercube to label_t-TP_NL_E3_H00081Hypercube_002"/>
    <link:loc xlink:type="locator" xlink:href="t-TP_NL_E3-2011-06-30.xsd#t-TP_NL_E3_H00082Hypercube" xlink:label="t-TP_NL_E3_H00082Hypercube" xlink:title="t-TP_NL_E3_H00082Hypercube"/>
    <link:label xlink:type="resource" xlink:role="http://www.xbrl.org/2003/role/label" xlink:label="label_t-TP_NL_E3_H00082Hypercube_001" xlink:title="label_t-TP_NL_E3_H00082Hypercube_001" id="label_t-TP_NL_E3_H00082Hypercube_001" xml:lang="en">H00082 (Hypercube)</link:label>
    <link:labelArc xlink:type="arc" xlink:arcrole="http://www.xbrl.org/2003/arcrole/concept-label" xlink:from="t-TP_NL_E3_H00082Hypercube" xlink:to="label_t-TP_NL_E3_H00082Hypercube_001" xlink:title="t-TP_NL_E3_H00082Hypercube to label_t-TP_NL_E3_H00082Hypercube_001"/>
    <link:label xlink:type="resource" xlink:role="http://www.eiopa.europa.eu/pr/solvencyii/role/code" xlink:label="label_t-TP_NL_E3_H00082Hypercube_002" xlink:title="label_t-TP_NL_E3_H00082Hypercube_002" id="label_t-TP_NL_E3_H00082Hypercube_002" xml:lang="en">H00082</link:label>
    <link:labelArc xlink:type="arc" xlink:arcrole="http://www.xbrl.org/2003/arcrole/concept-label" xlink:from="t-TP_NL_E3_H00082Hypercube" xlink:to="label_t-TP_NL_E3_H00082Hypercube_002" xlink:title="t-TP_NL_E3_H00082Hypercube to label_t-TP_NL_E3_H00082Hypercube_002"/>
    <link:loc xlink:type="locator" xlink:href="t-TP_NL_E3-2011-06-30.xsd#t-TP_NL_E3_H00083Hypercube" xlink:label="t-TP_NL_E3_H00083Hypercube" xlink:title="t-TP_NL_E3_H00083Hypercube"/>
    <link:label xlink:type="resource" xlink:role="http://www.xbrl.org/2003/role/label" xlink:label="label_t-TP_NL_E3_H00083Hypercube_001" xlink:title="label_t-TP_NL_E3_H00083Hypercube_001" id="label_t-TP_NL_E3_H00083Hypercube_001" xml:lang="en">H00083 (Hypercube)</link:label>
    <link:labelArc xlink:type="arc" xlink:arcrole="http://www.xbrl.org/2003/arcrole/concept-label" xlink:from="t-TP_NL_E3_H00083Hypercube" xlink:to="label_t-TP_NL_E3_H00083Hypercube_001" xlink:title="t-TP_NL_E3_H00083Hypercube to label_t-TP_NL_E3_H00083Hypercube_001"/>
    <link:label xlink:type="resource" xlink:role="http://www.eiopa.europa.eu/pr/solvencyii/role/code" xlink:label="label_t-TP_NL_E3_H00083Hypercube_002" xlink:title="label_t-TP_NL_E3_H00083Hypercube_002" id="label_t-TP_NL_E3_H00083Hypercube_002" xml:lang="en">H00083</link:label>
    <link:labelArc xlink:type="arc" xlink:arcrole="http://www.xbrl.org/2003/arcrole/concept-label" xlink:from="t-TP_NL_E3_H00083Hypercube" xlink:to="label_t-TP_NL_E3_H00083Hypercube_002" xlink:title="t-TP_NL_E3_H00083Hypercube to label_t-TP_NL_E3_H00083Hypercube_002"/>
    <link:loc xlink:type="locator" xlink:href="t-TP_NL_E3-2011-06-30.xsd#t-TP_NL_E3_H00084Hypercube" xlink:label="t-TP_NL_E3_H00084Hypercube" xlink:title="t-TP_NL_E3_H00084Hypercube"/>
    <link:label xlink:type="resource" xlink:role="http://www.xbrl.org/2003/role/label" xlink:label="label_t-TP_NL_E3_H00084Hypercube_001" xlink:title="label_t-TP_NL_E3_H00084Hypercube_001" id="label_t-TP_NL_E3_H00084Hypercube_001" xml:lang="en">H00084 (Hypercube)</link:label>
    <link:labelArc xlink:type="arc" xlink:arcrole="http://www.xbrl.org/2003/arcrole/concept-label" xlink:from="t-TP_NL_E3_H00084Hypercube" xlink:to="label_t-TP_NL_E3_H00084Hypercube_001" xlink:title="t-TP_NL_E3_H00084Hypercube to label_t-TP_NL_E3_H00084Hypercube_001"/>
    <link:label xlink:type="resource" xlink:role="http://www.eiopa.europa.eu/pr/solvencyii/role/code" xlink:label="label_t-TP_NL_E3_H00084Hypercube_002" xlink:title="label_t-TP_NL_E3_H00084Hypercube_002" id="label_t-TP_NL_E3_H00084Hypercube_002" xml:lang="en">H00084</link:label>
    <link:labelArc xlink:type="arc" xlink:arcrole="http://www.xbrl.org/2003/arcrole/concept-label" xlink:from="t-TP_NL_E3_H00084Hypercube" xlink:to="label_t-TP_NL_E3_H00084Hypercube_002" xlink:title="t-TP_NL_E3_H00084Hypercube to label_t-TP_NL_E3_H00084Hypercube_002"/>
  </link:labelLink>
</link:linkbase>
