<?xml version="1.0" encoding="UTF-8"?>
<?taxonomy-version 1.3.1?>
<!--Copyright (C) 2011 EBA - European Banking Authority, Tower 42, 25 Old Broad Street, London, EC2N 1HQ, United Kingdom.-->            
<link:linkbase xmlns:link="http://www.xbrl.org/2003/linkbase"
               xmlns:xbrli="http://www.xbrl.org/2003/instance"
               xmlns:xlink="http://www.w3.org/1999/xlink"
               xmlns:xsi="http://www.w3.org/2001/XMLSchema-instance"
               xmlns:d-ba="http://www.c-ebs.org/eu/fr/esrs/corep/2006-07-01/d-ba-2006-07-01"
               xsi:schemaLocation="http://www.xbrl.org/2003/linkbase http://www.xbrl.org/2003/xbrl-linkbase-2003-12-31.xsd">
  <link:labelLink xlink:type="extended" xlink:role="http://www.xbrl.org/2003/role/link">
      <link:loc xlink:type="locator"
                xlink:href="d-ba-2006-07-01.xsd#d-ba_BankingActivitiesDomain"
                xlink:label="BankingActivitiesDomain"
                xlink:title="BankingActivitiesDomain"/>
      <link:label xlink:type="resource" xlink:label="label_BankingActivitiesDomain"
                  xlink:role="http://www.xbrl.org/2003/role/label"
                  xlink:title="label_BankingActivitiesDomain"
                  xml:lang="en"
                  id="label_BankingActivitiesDomain">Banking Activities (Domain)</link:label>
      <link:labelArc xlink:type="arc" xlink:arcrole="http://www.xbrl.org/2003/arcrole/concept-label"
                     xlink:from="BankingActivitiesDomain"
                     xlink:to="label_BankingActivitiesDomain"
                     xlink:title="label: BankingActivitiesDomain to label_BankingActivitiesDomain"/>
      <link:loc xlink:type="locator"
                xlink:href="d-ba-2006-07-01.xsd#d-ba_TotalBankingActivitiesSubjectAMA"
                xlink:label="TotalBankingActivitiesSubjectAMA"
                xlink:title="TotalBankingActivitiesSubjectAMA"/>
      <link:label xlink:type="resource" xlink:label="label_TotalBankingActivitiesSubjectAMA_2"
                  xlink:role="http://www.xbrl.org/2003/role/label"
                  xlink:title="label_TotalBankingActivitiesSubjectAMA"
                  xml:lang="en"
                  id="label_TotalBankingActivitiesSubjectAMA_2">Total Banking Activities Subject to Advanced Measurement Approaches (AMA)</link:label>
      <link:labelArc xlink:type="arc" xlink:arcrole="http://www.xbrl.org/2003/arcrole/concept-label"
                     xlink:from="TotalBankingActivitiesSubjectAMA"
                     xlink:to="label_TotalBankingActivitiesSubjectAMA_2"
                     xlink:title="label: TotalBankingActivitiesSubjectAMA to label_TotalBankingActivitiesSubjectAMA"/>
      <link:label xlink:type="resource" xlink:label="label_TotalBankingActivitiesSubjectAMA"
                  xlink:role="http://www.xbrl.org/2003/role/documentation"
                  xlink:title="label_TotalBankingActivitiesSubjectAMA"
                  xml:lang="en"
                  id="label_TotalBankingActivitiesSubjectAMA">Core layer</link:label>
      <link:labelArc xlink:type="arc" xlink:arcrole="http://www.xbrl.org/2003/arcrole/concept-label"
                     xlink:from="TotalBankingActivitiesSubjectAMA"
                     xlink:to="label_TotalBankingActivitiesSubjectAMA"
                     xlink:title="label: TotalBankingActivitiesSubjectAMA to label_TotalBankingActivitiesSubjectAMA"/>
      <link:loc xlink:type="locator"
                xlink:href="d-ba-2006-07-01.xsd#d-ba_TotalBankingActivitiesSubjectASA"
                xlink:label="TotalBankingActivitiesSubjectASA"
                xlink:title="TotalBankingActivitiesSubjectASA"/>
      <link:label xlink:type="resource" xlink:label="label_TotalBankingActivitiesSubjectASA_2"
                  xlink:role="http://www.xbrl.org/2003/role/label"
                  xlink:title="label_TotalBankingActivitiesSubjectASA"
                  xml:lang="en"
                  id="label_TotalBankingActivitiesSubjectASA_2">Subject to ASA</link:label>
      <link:labelArc xlink:type="arc" xlink:arcrole="http://www.xbrl.org/2003/arcrole/concept-label"
                     xlink:from="TotalBankingActivitiesSubjectASA"
                     xlink:to="label_TotalBankingActivitiesSubjectASA_2"
                     xlink:title="label: TotalBankingActivitiesSubjectASA to label_TotalBankingActivitiesSubjectASA"/>
      <link:label xlink:type="resource" xlink:label="label_TotalBankingActivitiesSubjectASA"
                  xlink:role="http://www.xbrl.org/2003/role/documentation"
                  xlink:title="label_TotalBankingActivitiesSubjectASA"
                  xml:lang="en"
                  id="label_TotalBankingActivitiesSubjectASA">Detailed layer</link:label>
      <link:labelArc xlink:type="arc" xlink:arcrole="http://www.xbrl.org/2003/arcrole/concept-label"
                     xlink:from="TotalBankingActivitiesSubjectASA"
                     xlink:to="label_TotalBankingActivitiesSubjectASA"
                     xlink:title="label: TotalBankingActivitiesSubjectASA to label_TotalBankingActivitiesSubjectASA"/>
      <link:loc xlink:type="locator"
                xlink:href="d-ba-2006-07-01.xsd#d-ba_TotalBankingActivitiesSubjectBIA"
                xlink:label="TotalBankingActivitiesSubjectBIA"
                xlink:title="TotalBankingActivitiesSubjectBIA"/>
      <link:label xlink:type="resource" xlink:label="label_TotalBankingActivitiesSubjectBIA_2"
                  xlink:role="http://www.xbrl.org/2003/role/label"
                  xlink:title="label_TotalBankingActivitiesSubjectBIA"
                  xml:lang="en"
                  id="label_TotalBankingActivitiesSubjectBIA_2">Total Banking Activities Subject to Basic Indicator Approach (BIA)</link:label>
      <link:labelArc xlink:type="arc" xlink:arcrole="http://www.xbrl.org/2003/arcrole/concept-label"
                     xlink:from="TotalBankingActivitiesSubjectBIA"
                     xlink:to="label_TotalBankingActivitiesSubjectBIA_2"
                     xlink:title="label: TotalBankingActivitiesSubjectBIA to label_TotalBankingActivitiesSubjectBIA"/>
      <link:label xlink:type="resource" xlink:label="label_TotalBankingActivitiesSubjectBIA"
                  xlink:role="http://www.xbrl.org/2003/role/documentation"
                  xlink:title="label_TotalBankingActivitiesSubjectBIA"
                  xml:lang="en"
                  id="label_TotalBankingActivitiesSubjectBIA">Core layer</link:label>
      <link:labelArc xlink:type="arc" xlink:arcrole="http://www.xbrl.org/2003/arcrole/concept-label"
                     xlink:from="TotalBankingActivitiesSubjectBIA"
                     xlink:to="label_TotalBankingActivitiesSubjectBIA"
                     xlink:title="label: TotalBankingActivitiesSubjectBIA to label_TotalBankingActivitiesSubjectBIA"/>
      <link:loc xlink:type="locator"
                xlink:href="d-ba-2006-07-01.xsd#d-ba_TotalBankingActivitiesSubjectSTAAlternative"
                xlink:label="TotalBankingActivitiesSubjectSTAAlternative"
                xlink:title="TotalBankingActivitiesSubjectSTAAlternative"/>
      <link:label xlink:type="resource"
                  xlink:label="label_TotalBankingActivitiesSubjectSTAAlternative_2"
                  xlink:role="http://www.xbrl.org/2003/role/label"
                  xlink:title="label_TotalBankingActivitiesSubjectSTAAlternative"
                  xml:lang="en"
                  id="label_TotalBankingActivitiesSubjectSTAAlternative_2">Total Banking Activities Subject to Standardised (STA)/Alternative Standardised (ASA) Approaches</link:label>
      <link:labelArc xlink:type="arc" xlink:arcrole="http://www.xbrl.org/2003/arcrole/concept-label"
                     xlink:from="TotalBankingActivitiesSubjectSTAAlternative"
                     xlink:to="label_TotalBankingActivitiesSubjectSTAAlternative_2"
                     xlink:title="label: TotalBankingActivitiesSubjectSTAAlternative to label_TotalBankingActivitiesSubjectSTAAlternative"/>
      <link:label xlink:type="resource"
                  xlink:label="label_TotalBankingActivitiesSubjectSTAAlternative"
                  xlink:role="http://www.xbrl.org/2003/role/documentation"
                  xlink:title="label_TotalBankingActivitiesSubjectSTAAlternative"
                  xml:lang="en"
                  id="label_TotalBankingActivitiesSubjectSTAAlternative">Core layer</link:label>
      <link:labelArc xlink:type="arc" xlink:arcrole="http://www.xbrl.org/2003/arcrole/concept-label"
                     xlink:from="TotalBankingActivitiesSubjectSTAAlternative"
                     xlink:to="label_TotalBankingActivitiesSubjectSTAAlternative"
                     xlink:title="label: TotalBankingActivitiesSubjectSTAAlternative to label_TotalBankingActivitiesSubjectSTAAlternative"/>
      <link:loc xlink:type="locator"
                xlink:href="d-ba-2006-07-01.xsd#d-ba_TotalBankingActivitiesSubjectSTA"
                xlink:label="TotalBankingActivitiesSubjectSTA"
                xlink:title="TotalBankingActivitiesSubjectSTA"/>
      <link:label xlink:type="resource" xlink:label="label_TotalBankingActivitiesSubjectSTA_2"
                  xlink:role="http://www.xbrl.org/2003/role/label"
                  xlink:title="label_TotalBankingActivitiesSubjectSTA"
                  xml:lang="en"
                  id="label_TotalBankingActivitiesSubjectSTA_2">Subject to STA</link:label>
      <link:labelArc xlink:type="arc" xlink:arcrole="http://www.xbrl.org/2003/arcrole/concept-label"
                     xlink:from="TotalBankingActivitiesSubjectSTA"
                     xlink:to="label_TotalBankingActivitiesSubjectSTA_2"
                     xlink:title="label: TotalBankingActivitiesSubjectSTA to label_TotalBankingActivitiesSubjectSTA"/>
      <link:label xlink:type="resource" xlink:label="label_TotalBankingActivitiesSubjectSTA"
                  xlink:role="http://www.xbrl.org/2003/role/documentation"
                  xlink:title="label_TotalBankingActivitiesSubjectSTA"
                  xml:lang="en"
                  id="label_TotalBankingActivitiesSubjectSTA">Detailed layer</link:label>
      <link:labelArc xlink:type="arc" xlink:arcrole="http://www.xbrl.org/2003/arcrole/concept-label"
                     xlink:from="TotalBankingActivitiesSubjectSTA"
                     xlink:to="label_TotalBankingActivitiesSubjectSTA"
                     xlink:title="label: TotalBankingActivitiesSubjectSTA to label_TotalBankingActivitiesSubjectSTA"/>
      <link:loc xlink:type="locator"
                xlink:href="d-ba-2006-07-01.xsd#d-ba_TotalBankingActivities"
                xlink:label="TotalBankingActivities"
                xlink:title="TotalBankingActivities"/>
      <link:label xlink:type="resource" xlink:label="label_TotalBankingActivities"
                  xlink:role="http://www.xbrl.org/2003/role/label"
                  xlink:title="label_TotalBankingActivities"
                  xml:lang="en"
                  id="label_TotalBankingActivities">Total Banking Activities</link:label>
      <link:labelArc xlink:type="arc" xlink:arcrole="http://www.xbrl.org/2003/arcrole/concept-label"
                     xlink:from="TotalBankingActivities"
                     xlink:to="label_TotalBankingActivities"
                     xlink:title="label: TotalBankingActivities to label_TotalBankingActivities"/>
      <link:loc xlink:type="locator"
                xlink:href="d-ba-2006-07-01.xsd#d-ba_BankActivityDimension"
                xlink:label="BankActivityDimension"
                xlink:title="BankActivityDimension"/>
      <link:label xlink:type="resource" xlink:label="label_BankActivityDimension"
                  xlink:role="http://www.xbrl.org/2003/role/label"
                  xlink:title="label_BankActivityDimension"
                  xml:lang="en"
                  id="label_BankActivityDimension">Bank Activity (Dimension)</link:label>
      <link:labelArc xlink:type="arc" xlink:arcrole="http://www.xbrl.org/2003/arcrole/concept-label"
                     xlink:from="BankActivityDimension"
                     xlink:to="label_BankActivityDimension"
                     xlink:title="label: BankActivityDimension to label_BankActivityDimension"/>
  </link:labelLink>
</link:linkbase>