<?xml version="1.0" encoding="UTF-8"?>
<?taxonomy-version 1.3.1?>
<!--Copyright (C) 2011 EBA - European Banking Authority, Tower 42, 25 Old Broad Street, London, EC2N 1HQ, United Kingdom.-->            
<link:linkbase xmlns:link="http://www.xbrl.org/2003/linkbase"
               xmlns:xbrli="http://www.xbrl.org/2003/instance"
               xmlns:xlink="http://www.w3.org/1999/xlink"
               xmlns:xsi="http://www.w3.org/2001/XMLSchema-instance"
               xmlns:d-ba="http://www.c-ebs.org/eu/fr/esrs/corep/2006-07-01/d-ba-2006-07-01"
               xmlns:ref-corep="http://www.c-ebs.org/eu/fr/esrs/corep/2005-09-30/ref-corep-2005-09-30"
               xmlns:ref="http://www.xbrl.org/2004/ref"
               xsi:schemaLocation="http://www.xbrl.org/2003/linkbase http://www.xbrl.org/2003/xbrl-linkbase-2003-12-31.xsd http://www.c-ebs.org/eu/fr/esrs/corep/2006-07-01/d-ba-2006-07-01 d-ba-2006-07-01.xsd http://www.c-ebs.org/eu/fr/esrs/corep/2005-09-30/ref-corep-2005-09-30 ref-corep-2005-09-30.xsd http://www.xbrl.org/2004/ref http://www.xbrl.org/2004/ref-2004-08-10.xsd">
  <link:referenceLink xlink:type="extended" xlink:role="http://www.xbrl.org/2003/role/link">
      <link:loc xlink:type="locator"
                xlink:href="d-ba-2006-07-01.xsd#d-ba_TotalBankingActivitiesSubjectAMA"
                xlink:label="TotalBankingActivitiesSubjectAMA"
                xlink:title="TotalBankingActivitiesSubjectAMA"/>
      <link:reference xlink:type="resource" xlink:label="reference_TotalBankingActivitiesSubjectAMA"
                      xlink:role="http://www.xbrl.org/2003/role/reference"
                      xlink:title="reference_TotalBankingActivitiesSubjectAMA"
                      id="reference_TotalBankingActivitiesSubjectAMA">
         <ref-corep:Comment>Article 105 of Directive 2006/48/EC and annex X part 3 of Directive 2006/48/EC.</ref-corep:Comment>
      </link:reference>
      <link:referenceArc xlink:type="arc"
                         xlink:arcrole="http://www.xbrl.org/2003/arcrole/concept-reference"
                         xlink:from="TotalBankingActivitiesSubjectAMA"
                         xlink:to="reference_TotalBankingActivitiesSubjectAMA"
                         xlink:title="reference: TotalBankingActivitiesSubjectAMA to reference_TotalBankingActivitiesSubjectAMA"/>
      <link:loc xlink:type="locator"
                xlink:href="d-ba-2006-07-01.xsd#d-ba_TotalBankingActivitiesSubjectASA"
                xlink:label="TotalBankingActivitiesSubjectASA"
                xlink:title="TotalBankingActivitiesSubjectASA"/>
      <link:reference xlink:type="resource" xlink:label="reference_TotalBankingActivitiesSubjectASA"
                      xlink:role="http://www.xbrl.org/2003/role/reference"
                      xlink:title="reference_TotalBankingActivitiesSubjectASA"
                      id="reference_TotalBankingActivitiesSubjectASA">
         <ref-corep:Comment>Article 104 (3) of Directive 2006/48/EC and annex X part 2 points 5-11 of Directive 2006/48/EC.</ref-corep:Comment>
      </link:reference>
      <link:referenceArc xlink:type="arc"
                         xlink:arcrole="http://www.xbrl.org/2003/arcrole/concept-reference"
                         xlink:from="TotalBankingActivitiesSubjectASA"
                         xlink:to="reference_TotalBankingActivitiesSubjectASA"
                         xlink:title="reference: TotalBankingActivitiesSubjectASA to reference_TotalBankingActivitiesSubjectASA"/>
      <link:loc xlink:type="locator"
                xlink:href="d-ba-2006-07-01.xsd#d-ba_TotalBankingActivitiesSubjectBIA"
                xlink:label="TotalBankingActivitiesSubjectBIA"
                xlink:title="TotalBankingActivitiesSubjectBIA"/>
      <link:reference xlink:type="resource" xlink:label="reference_TotalBankingActivitiesSubjectBIA"
                      xlink:role="http://www.xbrl.org/2003/role/reference"
                      xlink:title="reference_TotalBankingActivitiesSubjectBIA"
                      id="reference_TotalBankingActivitiesSubjectBIA">
         <ref-corep:Comment>Article 103 of Directive 2006/48/EC and annex X part 1 of Directive 2006/48/EC.</ref-corep:Comment>
      </link:reference>
      <link:referenceArc xlink:type="arc"
                         xlink:arcrole="http://www.xbrl.org/2003/arcrole/concept-reference"
                         xlink:from="TotalBankingActivitiesSubjectBIA"
                         xlink:to="reference_TotalBankingActivitiesSubjectBIA"
                         xlink:title="reference: TotalBankingActivitiesSubjectBIA to reference_TotalBankingActivitiesSubjectBIA"/>
      <link:loc xlink:type="locator"
                xlink:href="d-ba-2006-07-01.xsd#d-ba_TotalBankingActivitiesSubjectSTAAlternative"
                xlink:label="TotalBankingActivitiesSubjectSTAAlternative"
                xlink:title="TotalBankingActivitiesSubjectSTAAlternative"/>
      <link:reference xlink:type="resource"
                      xlink:label="reference_TotalBankingActivitiesSubjectSTAAlternative"
                      xlink:role="http://www.xbrl.org/2003/role/reference"
                      xlink:title="reference_TotalBankingActivitiesSubjectSTAAlternative"
                      id="reference_TotalBankingActivitiesSubjectSTAAlternative">
         <ref-corep:Comment>Article 104 of Directive 2006/48/EC and annex X part 2 of Directive 2006/48/EC.</ref-corep:Comment>
      </link:reference>
      <link:referenceArc xlink:type="arc"
                         xlink:arcrole="http://www.xbrl.org/2003/arcrole/concept-reference"
                         xlink:from="TotalBankingActivitiesSubjectSTAAlternative"
                         xlink:to="reference_TotalBankingActivitiesSubjectSTAAlternative"
                         xlink:title="reference: TotalBankingActivitiesSubjectSTAAlternative to reference_TotalBankingActivitiesSubjectSTAAlternative"/>
      <link:loc xlink:type="locator"
                xlink:href="d-ba-2006-07-01.xsd#d-ba_TotalBankingActivitiesSubjectSTA"
                xlink:label="TotalBankingActivitiesSubjectSTA"
                xlink:title="TotalBankingActivitiesSubjectSTA"/>
      <link:reference xlink:type="resource" xlink:label="reference_TotalBankingActivitiesSubjectSTA"
                      xlink:role="http://www.xbrl.org/2003/role/reference"
                      xlink:title="reference_TotalBankingActivitiesSubjectSTA"
                      id="reference_TotalBankingActivitiesSubjectSTA">
         <ref-corep:Comment>Annex X part 2 table 2 of Directive 2006/48/EC. For business lines' mapping see annex X part 2, point 4 of Directive 2006/48/EC.</ref-corep:Comment>
      </link:reference>
      <link:referenceArc xlink:type="arc"
                         xlink:arcrole="http://www.xbrl.org/2003/arcrole/concept-reference"
                         xlink:from="TotalBankingActivitiesSubjectSTA"
                         xlink:to="reference_TotalBankingActivitiesSubjectSTA"
                         xlink:title="reference: TotalBankingActivitiesSubjectSTA to reference_TotalBankingActivitiesSubjectSTA"/>
  </link:referenceLink>
</link:linkbase>