<?xml version="1.0" encoding="UTF-8"?>
<?taxonomy-version 1.3.1?>
<!--Copyright (C) 2011 EBA - European Banking Authority, Tower 42, 25 Old Broad Street, London, EC2N 1HQ, United Kingdom.-->            
<link:linkbase xmlns:xsi="http://www.w3.org/2001/XMLSchema-instance"
               xmlns:d-bl="http://www.c-ebs.org/eu/fr/esrs/corep/2006-07-01/d-bl-2006-07-01"
               xmlns:ref-corep="http://www.c-ebs.org/eu/fr/esrs/corep/2005-09-30/ref-corep-2005-09-30"
               xmlns:link="http://www.xbrl.org/2003/linkbase"
               xmlns:ref="http://www.xbrl.org/2004/ref"
               xmlns:xbrli="http://www.xbrl.org/2003/instance"
               xmlns:xlink="http://www.w3.org/1999/xlink"
               xsi:schemaLocation="http://www.c-ebs.org/eu/fr/esrs/corep/2006-07-01/d-bl-2006-07-01 d-bl-2006-07-01.xsd http://www.xbrl.org/2003/linkbase http://www.xbrl.org/2003/xbrl-linkbase-2003-12-31.xsd http://www.c-ebs.org/eu/fr/esrs/corep/2005-09-30/ref-corep-2005-09-30 ref-corep-2005-09-30.xsd http://www.xbrl.org/2004/ref http://www.xbrl.org/2004/ref-2004-08-10.xsd">
  <link:referenceLink xlink:type="extended" xlink:role="http://www.xbrl.org/2003/role/link">
      <link:loc xlink:type="locator" xlink:href="d-bl-2006-07-01.xsd#d-bl_TotalBusinessLines"
                xlink:label="TotalBusinessLines"
                xlink:title="TotalBusinessLines"/>
      <link:reference xlink:type="resource" xlink:label="reference_TotalBusinessLines"
                      xlink:role="http://www.xbrl.org/2003/role/reference"
                      xlink:title="reference_TotalBusinessLines"
                      id="reference_TotalBusinessLines">
         <ref-corep:Comment>For each event type the figures are: - The number of events over the threshold by event type for the total business lines. This figure may be lower than the aggregation of the number of events by business lines since here those events with multiple impacts will be considered as just one. - The total loss amount is the simple aggregation of the total loss amount for each business line. - The maximum single loss is the maximum loss over the threshold for each event type and for the total business lines. This figure may be higher than the highest single loss recorded at each business line when an event impacts different business lines.</ref-corep:Comment>
      </link:reference>
      <link:referenceArc xlink:type="arc"
                         xlink:arcrole="http://www.xbrl.org/2003/arcrole/concept-reference"
                         xlink:from="TotalBusinessLines"
                         xlink:to="reference_TotalBusinessLines"
                         xlink:title="reference: TotalBusinessLines to reference_TotalBusinessLines"/>
  </link:referenceLink>
</link:linkbase>