<?xml version="1.0" encoding="UTF-8"?>
<?taxonomy-version 1.3.1?>
<!--Copyright (C) 2011 EBA - European Banking Authority, Tower 42, 25 Old Broad Street, London, EC2N 1HQ, United Kingdom.-->            
<link:linkbase xmlns:xsi="http://www.w3.org/2001/XMLSchema-instance"
               xmlns:d-bl="http://www.c-ebs.org/eu/fr/esrs/corep/2006-07-01/d-bl-2006-07-01"
               xmlns:link="http://www.xbrl.org/2003/linkbase"
               xmlns:xbrli="http://www.xbrl.org/2003/instance"
               xmlns:xlink="http://www.w3.org/1999/xlink"
               xsi:schemaLocation="http://www.xbrl.org/2003/linkbase http://www.xbrl.org/2003/xbrl-linkbase-2003-12-31.xsd">
  <link:roleRef roleURI="http://www.c-ebs.org/2006/corep/eu/bl" xlink:type="simple"
                 xlink:href="d-bl-2006-07-01.xsd#rt_bl"/>
  <link:labelLink xlink:type="extended" xlink:role="http://www.c-ebs.org/2006/corep/eu/bl">
      <link:loc xlink:type="locator" xlink:href="d-bl-2006-07-01.xsd#d-bl_AgencyServices"
                xlink:label="AgencyServices"
                xlink:title="AgencyServices"/>
      <link:label xlink:type="resource" xlink:label="label_AgencyServices"
                  xlink:role="http://www.xbrl.org/2003/role/documentation"
                  xlink:title="label_AgencyServices"
                  xml:lang="en"
                  id="label_AgencyServices">Detailed layer</link:label>
      <link:labelArc xlink:type="arc" xlink:arcrole="http://www.xbrl.org/2003/arcrole/concept-label"
                     xlink:from="AgencyServices"
                     xlink:to="label_AgencyServices"
                     xlink:title="label: AgencyServices to label_AgencyServices"/>
      <link:loc xlink:type="locator" xlink:href="d-bl-2006-07-01.xsd#d-bl_AssetManagement"
                xlink:label="AssetManagement"
                xlink:title="AssetManagement"/>
      <link:label xlink:type="resource" xlink:label="label_AssetManagement"
                  xlink:role="http://www.xbrl.org/2003/role/documentation"
                  xlink:title="label_AssetManagement"
                  xml:lang="en"
                  id="label_AssetManagement">Detailed layer</link:label>
      <link:labelArc xlink:type="arc" xlink:arcrole="http://www.xbrl.org/2003/arcrole/concept-label"
                     xlink:from="AssetManagement"
                     xlink:to="label_AssetManagement"
                     xlink:title="label: AssetManagement to label_AssetManagement"/>
      <link:loc xlink:type="locator" xlink:href="d-bl-2006-07-01.xsd#d-bl_BusinessLinesDomain"
                xlink:label="BusinessLinesDomain"
                xlink:title="BusinessLinesDomain"/>
      <link:label xlink:type="resource" xlink:label="label_BusinessLinesDomain"
                  xlink:role="http://www.xbrl.org/2003/role/documentation"
                  xlink:title="label_BusinessLinesDomain"
                  xml:lang="en"
                  id="label_BusinessLinesDomain">Detailed layer</link:label>
      <link:labelArc xlink:type="arc" xlink:arcrole="http://www.xbrl.org/2003/arcrole/concept-label"
                     xlink:from="BusinessLinesDomain"
                     xlink:to="label_BusinessLinesDomain"
                     xlink:title="label: BusinessLinesDomain to label_BusinessLinesDomain"/>
      <link:loc xlink:type="locator" xlink:href="d-bl-2006-07-01.xsd#d-bl_CommercialBanking"
                xlink:label="CommercialBanking"
                xlink:title="CommercialBanking"/>
      <link:label xlink:type="resource" xlink:label="label_CommercialBanking"
                  xlink:role="http://www.xbrl.org/2003/role/documentation"
                  xlink:title="label_CommercialBanking"
                  xml:lang="en"
                  id="label_CommercialBanking">Detailed layer</link:label>
      <link:labelArc xlink:type="arc" xlink:arcrole="http://www.xbrl.org/2003/arcrole/concept-label"
                     xlink:from="CommercialBanking"
                     xlink:to="label_CommercialBanking"
                     xlink:title="label: CommercialBanking to label_CommercialBanking"/>
      <link:loc xlink:type="locator" xlink:href="d-bl-2006-07-01.xsd#d-bl_CorporateFinance"
                xlink:label="CorporateFinance"
                xlink:title="CorporateFinance"/>
      <link:label xlink:type="resource" xlink:label="label_CorporateFinance"
                  xlink:role="http://www.xbrl.org/2003/role/documentation"
                  xlink:title="label_CorporateFinance"
                  xml:lang="en"
                  id="label_CorporateFinance">Detailed layer</link:label>
      <link:labelArc xlink:type="arc" xlink:arcrole="http://www.xbrl.org/2003/arcrole/concept-label"
                     xlink:from="CorporateFinance"
                     xlink:to="label_CorporateFinance"
                     xlink:title="label: CorporateFinance to label_CorporateFinance"/>
      <link:loc xlink:type="locator" xlink:href="d-bl-2006-07-01.xsd#d-bl_PaymentSettlement"
                xlink:label="PaymentSettlement"
                xlink:title="PaymentSettlement"/>
      <link:label xlink:type="resource" xlink:label="label_PaymentSettlement"
                  xlink:role="http://www.xbrl.org/2003/role/documentation"
                  xlink:title="label_PaymentSettlement"
                  xml:lang="en"
                  id="label_PaymentSettlement">Detailed layer</link:label>
      <link:labelArc xlink:type="arc" xlink:arcrole="http://www.xbrl.org/2003/arcrole/concept-label"
                     xlink:from="PaymentSettlement"
                     xlink:to="label_PaymentSettlement"
                     xlink:title="label: PaymentSettlement to label_PaymentSettlement"/>
      <link:loc xlink:type="locator" xlink:href="d-bl-2006-07-01.xsd#d-bl_RetailBanking"
                xlink:label="RetailBanking"
                xlink:title="RetailBanking"/>
      <link:label xlink:type="resource" xlink:label="label_RetailBanking"
                  xlink:role="http://www.xbrl.org/2003/role/documentation"
                  xlink:title="label_RetailBanking"
                  xml:lang="en"
                  id="label_RetailBanking">Detailed layer</link:label>
      <link:labelArc xlink:type="arc" xlink:arcrole="http://www.xbrl.org/2003/arcrole/concept-label"
                     xlink:from="RetailBanking"
                     xlink:to="label_RetailBanking"
                     xlink:title="label: RetailBanking to label_RetailBanking"/>
      <link:loc xlink:type="locator" xlink:href="d-bl-2006-07-01.xsd#d-bl_RetailBrokerage"
                xlink:label="RetailBrokerage"
                xlink:title="RetailBrokerage"/>
      <link:label xlink:type="resource" xlink:label="label_RetailBrokerage"
                  xlink:role="http://www.xbrl.org/2003/role/documentation"
                  xlink:title="label_RetailBrokerage"
                  xml:lang="en"
                  id="label_RetailBrokerage">Detailed layer</link:label>
      <link:labelArc xlink:type="arc" xlink:arcrole="http://www.xbrl.org/2003/arcrole/concept-label"
                     xlink:from="RetailBrokerage"
                     xlink:to="label_RetailBrokerage"
                     xlink:title="label: RetailBrokerage to label_RetailBrokerage"/>
      <link:loc xlink:type="locator" xlink:href="d-bl-2006-07-01.xsd#d-bl_TotalBusinessLines"
                xlink:label="TotalBusinessLines"
                xlink:title="TotalBusinessLines"/>
      <link:label xlink:type="resource" xlink:label="label_TotalBusinessLines"
                  xlink:role="http://www.xbrl.org/2003/role/documentation"
                  xlink:title="label_TotalBusinessLines"
                  xml:lang="en"
                  id="label_TotalBusinessLines">Detailed layer</link:label>
      <link:labelArc xlink:type="arc" xlink:arcrole="http://www.xbrl.org/2003/arcrole/concept-label"
                     xlink:from="TotalBusinessLines"
                     xlink:to="label_TotalBusinessLines"
                     xlink:title="label: TotalBusinessLines to label_TotalBusinessLines"/>
      <link:loc xlink:type="locator" xlink:href="d-bl-2006-07-01.xsd#d-bl_TradingSales"
                xlink:label="TradingSales"
                xlink:title="TradingSales"/>
      <link:label xlink:type="resource" xlink:label="label_TradingSales"
                  xlink:role="http://www.xbrl.org/2003/role/documentation"
                  xlink:title="label_TradingSales"
                  xml:lang="en"
                  id="label_TradingSales">Detailed layer</link:label>
      <link:labelArc xlink:type="arc" xlink:arcrole="http://www.xbrl.org/2003/arcrole/concept-label"
                     xlink:from="TradingSales"
                     xlink:to="label_TradingSales"
                     xlink:title="label: TradingSales to label_TradingSales"/>
      <link:loc xlink:type="locator" xlink:href="d-bl-2006-07-01.xsd#d-bl_CorporateItems"
                xlink:label="CorporateItems"
                xlink:title="CorporateItems"/>
      <link:label xlink:type="resource" xlink:label="label_CorporateItems"
                  xlink:role="http://www.xbrl.org/2003/role/documentation"
                  xlink:title="label_CorporateItems"
                  xml:lang="en"
                  id="label_CorporateItems_2">Detailed layer</link:label>
      <link:labelArc xlink:type="arc" xlink:arcrole="http://www.xbrl.org/2003/arcrole/concept-label"
                     xlink:from="CorporateItems"
                     xlink:to="label_CorporateItems"
                     xlink:title="label: CorporateItems to label_CorporateItems"/>
  </link:labelLink>
  <link:labelLink xlink:type="extended" xlink:role="http://www.xbrl.org/2003/role/link">
      <link:loc xlink:type="locator" xlink:href="d-bl-2006-07-01.xsd#d-bl_AgencyServices"
                xlink:label="AgencyServices"
                xlink:title="AgencyServices"/>
      <link:label xlink:type="resource" xlink:label="label_AgencyServices"
                  xlink:role="http://www.xbrl.org/2003/role/label"
                  xlink:title="label_AgencyServices"
                  xml:lang="en"
                  id="label_AgencyServices_2">Agency Services [AS]</link:label>
      <link:labelArc xlink:type="arc" xlink:arcrole="http://www.xbrl.org/2003/arcrole/concept-label"
                     xlink:from="AgencyServices"
                     xlink:to="label_AgencyServices"
                     xlink:title="label: AgencyServices to label_AgencyServices"/>
      <link:loc xlink:type="locator" xlink:href="d-bl-2006-07-01.xsd#d-bl_AssetManagement"
                xlink:label="AssetManagement"
                xlink:title="AssetManagement"/>
      <link:label xlink:type="resource" xlink:label="label_AssetManagement"
                  xlink:role="http://www.xbrl.org/2003/role/label"
                  xlink:title="label_AssetManagement"
                  xml:lang="en"
                  id="label_AssetManagement_2">Asset Management [AM]</link:label>
      <link:labelArc xlink:type="arc" xlink:arcrole="http://www.xbrl.org/2003/arcrole/concept-label"
                     xlink:from="AssetManagement"
                     xlink:to="label_AssetManagement"
                     xlink:title="label: AssetManagement to label_AssetManagement"/>
      <link:loc xlink:type="locator" xlink:href="d-bl-2006-07-01.xsd#d-bl_BusinessLinesDomain"
                xlink:label="BusinessLinesDomain"
                xlink:title="BusinessLinesDomain"/>
      <link:label xlink:type="resource" xlink:label="label_BusinessLinesDomain"
                  xlink:role="http://www.xbrl.org/2003/role/label"
                  xlink:title="label_BusinessLinesDomain"
                  xml:lang="en"
                  id="label_BusinessLinesDomain_2">Business Lines (Domain)</link:label>
      <link:labelArc xlink:type="arc" xlink:arcrole="http://www.xbrl.org/2003/arcrole/concept-label"
                     xlink:from="BusinessLinesDomain"
                     xlink:to="label_BusinessLinesDomain"
                     xlink:title="label: BusinessLinesDomain to label_BusinessLinesDomain"/>
      <link:loc xlink:type="locator" xlink:href="d-bl-2006-07-01.xsd#d-bl_CommercialBanking"
                xlink:label="CommercialBanking"
                xlink:title="CommercialBanking"/>
      <link:label xlink:type="resource" xlink:label="label_CommercialBanking"
                  xlink:role="http://www.xbrl.org/2003/role/label"
                  xlink:title="label_CommercialBanking"
                  xml:lang="en"
                  id="label_CommercialBanking_2">Commercial Banking [CB]</link:label>
      <link:labelArc xlink:type="arc" xlink:arcrole="http://www.xbrl.org/2003/arcrole/concept-label"
                     xlink:from="CommercialBanking"
                     xlink:to="label_CommercialBanking"
                     xlink:title="label: CommercialBanking to label_CommercialBanking"/>
      <link:loc xlink:type="locator" xlink:href="d-bl-2006-07-01.xsd#d-bl_CorporateFinance"
                xlink:label="CorporateFinance"
                xlink:title="CorporateFinance"/>
      <link:label xlink:type="resource" xlink:label="label_CorporateFinance"
                  xlink:role="http://www.xbrl.org/2003/role/label"
                  xlink:title="label_CorporateFinance"
                  xml:lang="en"
                  id="label_CorporateFinance_2">Corporate Finance [CF]</link:label>
      <link:labelArc xlink:type="arc" xlink:arcrole="http://www.xbrl.org/2003/arcrole/concept-label"
                     xlink:from="CorporateFinance"
                     xlink:to="label_CorporateFinance"
                     xlink:title="label: CorporateFinance to label_CorporateFinance"/>
      <link:loc xlink:type="locator" xlink:href="d-bl-2006-07-01.xsd#d-bl_PaymentSettlement"
                xlink:label="PaymentSettlement"
                xlink:title="PaymentSettlement"/>
      <link:label xlink:type="resource" xlink:label="label_PaymentSettlement"
                  xlink:role="http://www.xbrl.org/2003/role/label"
                  xlink:title="label_PaymentSettlement"
                  xml:lang="en"
                  id="label_PaymentSettlement_2">Payment and Settlement [PS]</link:label>
      <link:labelArc xlink:type="arc" xlink:arcrole="http://www.xbrl.org/2003/arcrole/concept-label"
                     xlink:from="PaymentSettlement"
                     xlink:to="label_PaymentSettlement"
                     xlink:title="label: PaymentSettlement to label_PaymentSettlement"/>
      <link:loc xlink:type="locator" xlink:href="d-bl-2006-07-01.xsd#d-bl_RetailBanking"
                xlink:label="RetailBanking"
                xlink:title="RetailBanking"/>
      <link:label xlink:type="resource" xlink:label="label_RetailBanking"
                  xlink:role="http://www.xbrl.org/2003/role/label"
                  xlink:title="label_RetailBanking"
                  xml:lang="en"
                  id="label_RetailBanking_2">Retail Banking [RB]</link:label>
      <link:labelArc xlink:type="arc" xlink:arcrole="http://www.xbrl.org/2003/arcrole/concept-label"
                     xlink:from="RetailBanking"
                     xlink:to="label_RetailBanking"
                     xlink:title="label: RetailBanking to label_RetailBanking"/>
      <link:loc xlink:type="locator" xlink:href="d-bl-2006-07-01.xsd#d-bl_RetailBrokerage"
                xlink:label="RetailBrokerage"
                xlink:title="RetailBrokerage"/>
      <link:label xlink:type="resource" xlink:label="label_RetailBrokerage"
                  xlink:role="http://www.xbrl.org/2003/role/label"
                  xlink:title="label_RetailBrokerage"
                  xml:lang="en"
                  id="label_RetailBrokerage_2">Retail Brokerage [RBr]</link:label>
      <link:labelArc xlink:type="arc" xlink:arcrole="http://www.xbrl.org/2003/arcrole/concept-label"
                     xlink:from="RetailBrokerage"
                     xlink:to="label_RetailBrokerage"
                     xlink:title="label: RetailBrokerage to label_RetailBrokerage"/>
      <link:loc xlink:type="locator" xlink:href="d-bl-2006-07-01.xsd#d-bl_TotalBusinessLines"
                xlink:label="TotalBusinessLines"
                xlink:title="TotalBusinessLines"/>
      <link:label xlink:type="resource" xlink:label="label_TotalBusinessLines"
                  xlink:role="http://www.xbrl.org/2003/role/label"
                  xlink:title="label_TotalBusinessLines"
                  xml:lang="en"
                  id="label_TotalBusinessLines_2">Total Business Lines</link:label>
      <link:labelArc xlink:type="arc" xlink:arcrole="http://www.xbrl.org/2003/arcrole/concept-label"
                     xlink:from="TotalBusinessLines"
                     xlink:to="label_TotalBusinessLines"
                     xlink:title="label: TotalBusinessLines to label_TotalBusinessLines"/>
      <link:loc xlink:type="locator" xlink:href="d-bl-2006-07-01.xsd#d-bl_TradingSales"
                xlink:label="TradingSales"
                xlink:title="TradingSales"/>
      <link:label xlink:type="resource" xlink:label="label_TradingSales"
                  xlink:role="http://www.xbrl.org/2003/role/label"
                  xlink:title="label_TradingSales"
                  xml:lang="en"
                  id="label_TradingSales_2">Trading and Sales [TS]</link:label>
      <link:labelArc xlink:type="arc" xlink:arcrole="http://www.xbrl.org/2003/arcrole/concept-label"
                     xlink:from="TradingSales"
                     xlink:to="label_TradingSales"
                     xlink:title="label: TradingSales to label_TradingSales"/>
      <link:loc xlink:type="locator" xlink:href="d-bl-2006-07-01.xsd#d-bl_CorporateItems"
                xlink:label="CorporateItems"
                xlink:title="CorporateItems"/>
      <link:label xlink:type="resource" xlink:label="label_CorporateItems"
                  xlink:role="http://www.xbrl.org/2003/role/label"
                  xlink:title="label_CorporateItems"
                  xml:lang="en"
                  id="label_CorporateItems">Corporate Items [CI]</link:label>
      <link:labelArc xlink:type="arc" xlink:arcrole="http://www.xbrl.org/2003/arcrole/concept-label"
                     xlink:from="CorporateItems"
                     xlink:to="label_CorporateItems"
                     xlink:title="label: CorporateItems to label_CorporateItems"/>
      <link:loc xlink:type="locator"
                xlink:href="d-bl-2006-07-01.xsd#d-bl_BusinessLinesDimension"
                xlink:label="BusinessLinesDimension"
                xlink:title="BusinessLinesDimension"/>
      <link:label xlink:type="resource" xlink:label="label_BusinessLinesDimension"
                  xlink:role="http://www.xbrl.org/2003/role/label"
                  xlink:title="label_BusinessLinesDimension"
                  xml:lang="en"
                  id="label_BusinessLinesDimension">Business Lines (Dimension)</link:label>
      <link:labelArc xlink:type="arc" xlink:arcrole="http://www.xbrl.org/2003/arcrole/concept-label"
                     xlink:from="BusinessLinesDimension"
                     xlink:to="label_BusinessLinesDimension"
                     xlink:title="label: BusinessLinesDimension to label_BusinessLinesDimension"/>
  </link:labelLink>
</link:linkbase>