<?xml version="1.0" encoding="UTF-8"?>
<?taxonomy-version 1.3.1?>
<!--Copyright (C) 2011 EBA - European Banking Authority, Tower 42, 25 Old Broad Street, London, EC2N 1HQ, United Kingdom.-->            
<link:linkbase xmlns:xsi="http://www.w3.org/2001/XMLSchema-instance"
               xmlns:d-bl="http://www.c-ebs.org/eu/fr/esrs/corep/2006-07-01/d-bl-2006-07-01"
               xmlns:link="http://www.xbrl.org/2003/linkbase"
               xmlns:xbrli="http://www.xbrl.org/2003/instance"
               xmlns:xlink="http://www.w3.org/1999/xlink"
               xsi:schemaLocation="http://www.xbrl.org/2003/linkbase http://www.xbrl.org/2003/xbrl-linkbase-2003-12-31.xsd">
  <link:presentationLink xlink:type="extended" xlink:role="http://www.xbrl.org/2003/role/link">
      <link:loc xlink:type="locator" xlink:href="d-bl-2006-07-01.xsd#d-bl_BusinessLinesDomain"
                xlink:label="BusinessLinesDomain"
                xlink:title="BusinessLinesDomain"/>
      <link:loc xlink:type="locator" xlink:href="d-bl-2006-07-01.xsd#d-bl_CorporateFinance"
                xlink:label="CorporateFinance"
                xlink:title="CorporateFinance"/>
      <link:presentationArc xlink:type="arc" xlink:arcrole="http://www.xbrl.org/2003/arcrole/parent-child"
                            xlink:from="BusinessLinesDomain"
                            xlink:to="CorporateFinance"
                            xlink:title="presentation: BusinessLinesDomain to CorporateFinance"
                            use="optional"
                            order="1.0"/>
      <link:loc xlink:type="locator" xlink:href="d-bl-2006-07-01.xsd#d-bl_TradingSales"
                xlink:label="TradingSales"
                xlink:title="TradingSales"/>
      <link:presentationArc xlink:type="arc" xlink:arcrole="http://www.xbrl.org/2003/arcrole/parent-child"
                            xlink:from="BusinessLinesDomain"
                            xlink:to="TradingSales"
                            xlink:title="presentation: BusinessLinesDomain to TradingSales"
                            use="optional"
                            order="2.0"/>
      <link:loc xlink:type="locator" xlink:href="d-bl-2006-07-01.xsd#d-bl_RetailBrokerage"
                xlink:label="RetailBrokerage"
                xlink:title="RetailBrokerage"/>
      <link:presentationArc xlink:type="arc" xlink:arcrole="http://www.xbrl.org/2003/arcrole/parent-child"
                            xlink:from="BusinessLinesDomain"
                            xlink:to="RetailBrokerage"
                            xlink:title="presentation: BusinessLinesDomain to RetailBrokerage"
                            use="optional"
                            order="3.0"/>
      <link:loc xlink:type="locator" xlink:href="d-bl-2006-07-01.xsd#d-bl_CommercialBanking"
                xlink:label="CommercialBanking"
                xlink:title="CommercialBanking"/>
      <link:presentationArc xlink:type="arc" xlink:arcrole="http://www.xbrl.org/2003/arcrole/parent-child"
                            xlink:from="BusinessLinesDomain"
                            xlink:to="CommercialBanking"
                            xlink:title="presentation: BusinessLinesDomain to CommercialBanking"
                            use="optional"
                            order="4.0"/>
      <link:loc xlink:type="locator" xlink:href="d-bl-2006-07-01.xsd#d-bl_RetailBanking"
                xlink:label="RetailBanking"
                xlink:title="RetailBanking"/>
      <link:presentationArc xlink:type="arc" xlink:arcrole="http://www.xbrl.org/2003/arcrole/parent-child"
                            xlink:from="BusinessLinesDomain"
                            xlink:to="RetailBanking"
                            xlink:title="presentation: BusinessLinesDomain to RetailBanking"
                            use="optional"
                            order="5.0"/>
      <link:loc xlink:type="locator" xlink:href="d-bl-2006-07-01.xsd#d-bl_PaymentSettlement"
                xlink:label="PaymentSettlement"
                xlink:title="PaymentSettlement"/>
      <link:presentationArc xlink:type="arc" xlink:arcrole="http://www.xbrl.org/2003/arcrole/parent-child"
                            xlink:from="BusinessLinesDomain"
                            xlink:to="PaymentSettlement"
                            xlink:title="presentation: BusinessLinesDomain to PaymentSettlement"
                            use="optional"
                            order="6.0"/>
      <link:loc xlink:type="locator" xlink:href="d-bl-2006-07-01.xsd#d-bl_AgencyServices"
                xlink:label="AgencyServices"
                xlink:title="AgencyServices"/>
      <link:presentationArc xlink:type="arc" xlink:arcrole="http://www.xbrl.org/2003/arcrole/parent-child"
                            xlink:from="BusinessLinesDomain"
                            xlink:to="AgencyServices"
                            xlink:title="presentation: BusinessLinesDomain to AgencyServices"
                            use="optional"
                            order="7.0"/>
      <link:loc xlink:type="locator" xlink:href="d-bl-2006-07-01.xsd#d-bl_AssetManagement"
                xlink:label="AssetManagement"
                xlink:title="AssetManagement"/>
      <link:presentationArc xlink:type="arc" xlink:arcrole="http://www.xbrl.org/2003/arcrole/parent-child"
                            xlink:from="BusinessLinesDomain"
                            xlink:to="AssetManagement"
                            xlink:title="presentation: BusinessLinesDomain to AssetManagement"
                            use="optional"
                            order="8.0"/>
      <link:loc xlink:type="locator" xlink:href="d-bl-2006-07-01.xsd#d-bl_TotalBusinessLines"
                xlink:label="TotalBusinessLines"
                xlink:title="TotalBusinessLines"/>
      <link:presentationArc xlink:type="arc" xlink:arcrole="http://www.xbrl.org/2003/arcrole/parent-child"
                            xlink:from="BusinessLinesDomain"
                            xlink:to="TotalBusinessLines"
                            xlink:title="presentation: BusinessLinesDomain to TotalBusinessLines"
                            use="optional"
                            order="10.0"/>
      <link:loc xlink:type="locator" xlink:href="d-bl-2006-07-01.xsd#d-bl_CorporateItems"
                xlink:label="CorporateItems"
                xlink:title="CorporateItems"/>
      <link:presentationArc xlink:type="arc" xlink:arcrole="http://www.xbrl.org/2003/arcrole/parent-child"
                            xlink:from="BusinessLinesDomain"
                            xlink:to="CorporateItems"
                            xlink:title="presentation: BusinessLinesDomain to CorporateItems"
                            order="9.0"/>
  </link:presentationLink>
</link:linkbase>