<?xml version="1.0" encoding="UTF-8"?>
<?taxonomy-version 1.3.1?>
<!--Copyright (C) 2011 EBA - European Banking Authority, Tower 42, 25 Old Broad Street, London, EC2N 1HQ, United Kingdom.-->            
<link:linkbase xmlns:xsi="http://www.w3.org/2001/XMLSchema-instance"
               xmlns:d-cr="http://www.c-ebs.org/eu/fr/esrs/corep/2006-07-01/d-cr-2006-07-01"
               xmlns:link="http://www.xbrl.org/2003/linkbase"
               xmlns:xlink="http://www.w3.org/1999/xlink"
               xmlns:xbrli="http://www.xbrl.org/2003/instance"
               xsi:schemaLocation="http://www.xbrl.org/2003/linkbase http://www.xbrl.org/2003/xbrl-linkbase-2003-12-31.xsd">
  <link:presentationLink xlink:type="extended" xlink:role="http://www.xbrl.org/2003/role/link">
      <link:loc xlink:type="locator" xlink:href="d-cr-2006-07-01.xsd#d-cr_CreditRiskDomain"
                xlink:label="ExposuresDomain"
                xlink:title="ExposuresDomain"/>
      <link:loc xlink:type="locator" xlink:href="d-cr-2006-07-01.xsd#d-cr_CreditRiskTotal"
                xlink:label="CreditRiskTotal"
                xlink:title="CreditRiskTotal"/>
      <link:presentationArc xlink:type="arc" xlink:arcrole="http://www.xbrl.org/2003/arcrole/parent-child"
                            xlink:from="ExposuresDomain"
                            xlink:to="CreditRiskTotal"
                            xlink:title="presentation: ExposuresDomain to CreditRiskTotal"
                            order="1.0"/>
      <link:loc xlink:type="locator" xlink:href="d-cr-2006-07-01.xsd#d-cr_CreditRiskSA"
                xlink:label="CreditRiskSA"
                xlink:title="CreditRiskSA"/>
      <link:presentationArc xlink:type="arc" xlink:arcrole="http://www.xbrl.org/2003/arcrole/parent-child"
                            xlink:from="CreditRiskTotal"
                            xlink:to="CreditRiskSA"
                            xlink:title="presentation: CreditRiskTotal to CreditRiskSA"
                            order="1.0"/>
      <link:loc xlink:type="locator"
                xlink:href="d-cr-2006-07-01.xsd#d-cr_CreditRiskSACreditCounterpartyCreditDelivery"
                xlink:label="CreditRiskSACreditCounterpartyCreditDelivery"
                xlink:title="CreditRiskSACreditCounterpartyCreditDelivery"/>
      <link:presentationArc xlink:type="arc" xlink:arcrole="http://www.xbrl.org/2003/arcrole/parent-child"
                            xlink:from="CreditRiskSA"
                            xlink:to="CreditRiskSACreditCounterpartyCreditDelivery"
                            xlink:title="presentation: CreditRiskSA to CreditRiskSACreditCounterpartyCreditDelivery"
                            order="1.0"/>
      <link:loc xlink:type="locator"
                xlink:href="d-cr-2006-07-01.xsd#d-cr_CreditRiskSASecuritization"
                xlink:label="CreditRiskSASecuritization"
                xlink:title="CreditRiskSASecuritization"/>
      <link:presentationArc xlink:type="arc" xlink:arcrole="http://www.xbrl.org/2003/arcrole/parent-child"
                            xlink:from="CreditRiskSA"
                            xlink:to="CreditRiskSASecuritization"
                            xlink:title="presentation: CreditRiskSA to CreditRiskSASecuritization"
                            order="2.0"/>
      <link:loc xlink:type="locator"
                xlink:href="d-cr-2006-07-01.xsd#d-cr_CreditRiskSASecutizationOriginator"
                xlink:label="CreditRiskSASecutizationOriginator"
                xlink:title="CreditRiskSASecutizationOriginator"/>
      <link:presentationArc xlink:type="arc" xlink:arcrole="http://www.xbrl.org/2003/arcrole/parent-child"
                            xlink:from="CreditRiskSASecuritization"
                            xlink:to="CreditRiskSASecutizationOriginator"
                            xlink:title="presentation: CreditRiskSASecuritization to CreditRiskSASecutizationOriginator"
                            order="1.0"/>
      <link:loc xlink:type="locator"
                xlink:href="d-cr-2006-07-01.xsd#d-cr_CreditRiskSASecutizationInvestor"
                xlink:label="CreditRiskSASecutizationInvestor"
                xlink:title="CreditRiskSASecutizationInvestor"/>
      <link:presentationArc xlink:type="arc" xlink:arcrole="http://www.xbrl.org/2003/arcrole/parent-child"
                            xlink:from="CreditRiskSASecuritization"
                            xlink:to="CreditRiskSASecutizationInvestor"
                            xlink:title="presentation: CreditRiskSASecuritization to CreditRiskSASecutizationInvestor"
                            order="2.0"/>
      <link:loc xlink:type="locator"
                xlink:href="d-cr-2006-07-01.xsd#d-cr_CreditRiskSASecuritizationInvestorOfWhichOriginatedSponsoredEntitiesNotSubjectCRD"
                xlink:label="CreditRiskSASecuritizationInvestorOfWhichOriginatedSponsoredEntitiesNotSubjectCRD"
                xlink:title="CreditRiskSASecuritizationInvestorOfWhichOriginatedSponsoredEntitiesNotSubjectCRD"/>
      <link:presentationArc xlink:type="arc" xlink:arcrole="http://www.xbrl.org/2003/arcrole/parent-child"
                            xlink:from="CreditRiskSASecutizationInvestor"
                            xlink:to="CreditRiskSASecuritizationInvestorOfWhichOriginatedSponsoredEntitiesNotSubjectCRD"
                            xlink:title="presentation: CreditRiskSASecutizationInvestor to CreditRiskSASecuritizationInvestorOfWhichOriginatedSponsoredEntitiesNotSubjectCRD"
                            order="1.0"/>
      <link:loc xlink:type="locator"
                xlink:href="d-cr-2006-07-01.xsd#d-cr_CreditRiskSASecutizationSponsor"
                xlink:label="CreditRiskSASecutizationSponsor"
                xlink:title="CreditRiskSASecutizationSponsor"/>
      <link:presentationArc xlink:type="arc" xlink:arcrole="http://www.xbrl.org/2003/arcrole/parent-child"
                            xlink:from="CreditRiskSASecuritization"
                            xlink:to="CreditRiskSASecutizationSponsor"
                            xlink:title="presentation: CreditRiskSASecuritization to CreditRiskSASecutizationSponsor"
                            order="3.0"/>
      <link:loc xlink:type="locator" xlink:href="d-cr-2006-07-01.xsd#d-cr_CreditRiskIRB"
                xlink:label="CreditRiskIRB"
                xlink:title="CreditRiskIRB"/>
      <link:presentationArc xlink:type="arc" xlink:arcrole="http://www.xbrl.org/2003/arcrole/parent-child"
                            xlink:from="CreditRiskTotal"
                            xlink:to="CreditRiskIRB"
                            xlink:title="presentation: CreditRiskTotal to CreditRiskIRB"
                            order="2.0"/>
      <link:loc xlink:type="locator"
                xlink:href="d-cr-2006-07-01.xsd#d-cr_CreditRiskIRBCreditCounterpartyCreditDelivery"
                xlink:label="CreditRiskIRBCreditCounterpartyCreditDelivery"
                xlink:title="CreditRiskIRBCreditCounterpartyCreditDelivery"/>
      <link:presentationArc xlink:type="arc" xlink:arcrole="http://www.xbrl.org/2003/arcrole/parent-child"
                            xlink:from="CreditRiskIRB"
                            xlink:to="CreditRiskIRBCreditCounterpartyCreditDelivery"
                            xlink:title="presentation: CreditRiskIRB to CreditRiskIRBCreditCounterpartyCreditDelivery"
                            order="1.0"/>
      <link:loc xlink:type="locator"
                xlink:href="d-cr-2006-07-01.xsd#d-cr_CreditRiskIRBCreditCounterpartyCreditDeliveryAssignedToObligorGradesPools"
                xlink:label="CreditRiskIRBCreditCounterpartyCreditDeliveryAssignedToObligorGrades"
                xlink:title="CreditRiskIRBCreditCounterpartyCreditDeliveryAssignedToObligorGrades"/>
      <link:presentationArc xlink:type="arc" xlink:arcrole="http://www.xbrl.org/2003/arcrole/parent-child"
                            xlink:from="CreditRiskIRBCreditCounterpartyCreditDelivery"
                            xlink:to="CreditRiskIRBCreditCounterpartyCreditDeliveryAssignedToObligorGrades"
                            xlink:title="presentation: CreditRiskIRBCreditCounterpartyCreditDelivery to CreditRiskIRBCreditCounterpartyCreditDeliveryAssignedToObligorGrades"
                            order="1.0"/>
      <link:loc xlink:type="locator"
                xlink:href="d-cr-2006-07-01.xsd#d-cr_CreditRiskIRBCreditCounterpartyCreditDeliverySpecializedLendingSlottingCriteria"
                xlink:label="CreditRiskIRBCreditCounterpartyCreditDeliverySpecializedLendingSlottingCriteria"
                xlink:title="CreditRiskIRBCreditCounterpartyCreditDeliverySpecializedLendingSlottingCriteria"/>
      <link:presentationArc xlink:type="arc" xlink:arcrole="http://www.xbrl.org/2003/arcrole/parent-child"
                            xlink:from="CreditRiskIRBCreditCounterpartyCreditDelivery"
                            xlink:to="CreditRiskIRBCreditCounterpartyCreditDeliverySpecializedLendingSlottingCriteria"
                            xlink:title="presentation: CreditRiskIRBCreditCounterpartyCreditDelivery to CreditRiskIRBCreditCounterpartyCreditDeliverySpecializedLendingSlottingCriteria"
                            order="2.0"/>
      <link:loc xlink:type="locator"
                xlink:href="d-cr-2006-07-01.xsd#d-cr_CreditRiskIRBCreditCounterpartyCreditDeliveryAlternativeTreatmentSecuredRealEstate"
                xlink:label="CreditRiskIRBCreditCounterpartyCreditDeliveryAlternativeTreatmentSecuredRealEstate"
                xlink:title="CreditRiskIRBCreditCounterpartyCreditDeliveryAlternativeTreatmentSecuredRealEstate"/>
      <link:presentationArc xlink:type="arc" xlink:arcrole="http://www.xbrl.org/2003/arcrole/parent-child"
                            xlink:from="CreditRiskIRBCreditCounterpartyCreditDelivery"
                            xlink:to="CreditRiskIRBCreditCounterpartyCreditDeliveryAlternativeTreatmentSecuredRealEstate"
                            xlink:title="presentation: CreditRiskIRBCreditCounterpartyCreditDelivery to CreditRiskIRBCreditCounterpartyCreditDeliveryAlternativeTreatmentSecuredRealEstate"
                            order="3.0"/>
      <link:loc xlink:type="locator"
                xlink:href="d-cr-2006-07-01.xsd#d-cr_CreditRiskIRBCreditCounterpartyCreditDeliveryFreeDeliveriesApplyingRiskWeights"
                xlink:label="CreditRiskIRBCreditCounterpartyCreditDeliveryFreeDeliveriesApplyingRiskWeights"
                xlink:title="CreditRiskIRBCreditCounterpartyCreditDeliveryFreeDeliveriesApplyingRiskWeights"/>
      <link:presentationArc xlink:type="arc" xlink:arcrole="http://www.xbrl.org/2003/arcrole/parent-child"
                            xlink:from="CreditRiskIRBCreditCounterpartyCreditDelivery"
                            xlink:to="CreditRiskIRBCreditCounterpartyCreditDeliveryFreeDeliveriesApplyingRiskWeights"
                            xlink:title="presentation: CreditRiskIRBCreditCounterpartyCreditDelivery to CreditRiskIRBCreditCounterpartyCreditDeliveryFreeDeliveriesApplyingRiskWeights"
                            order="4.0"/>
      <link:loc xlink:type="locator"
                xlink:href="d-cr-2006-07-01.xsd#d-cr_CreditRiskIRBCreditCounterpartyCreditDeliveryDilutionRiskTotalPurchasedReceivables"
                xlink:label="CreditRiskIRBCreditCounterpartyCreditDeliveryDilutionRiskTotalPurchasedReceivables"
                xlink:title="CreditRiskIRBCreditCounterpartyCreditDeliveryDilutionRiskTotalPurchasedReceivables"/>
      <link:presentationArc xlink:type="arc" xlink:arcrole="http://www.xbrl.org/2003/arcrole/parent-child"
                            xlink:from="CreditRiskIRBCreditCounterpartyCreditDelivery"
                            xlink:to="CreditRiskIRBCreditCounterpartyCreditDeliveryDilutionRiskTotalPurchasedReceivables"
                            xlink:title="presentation: CreditRiskIRBCreditCounterpartyCreditDelivery to CreditRiskIRBCreditCounterpartyCreditDeliveryDilutionRiskTotalPurchasedReceivables"
                            order="5.0"/>
      <link:loc xlink:type="locator" xlink:href="d-cr-2006-07-01.xsd#d-cr_CreditRiskIRBEquity"
                xlink:label="CreditRiskIRBEquity"
                xlink:title="CreditRiskIRBEquity"/>
      <link:presentationArc xlink:type="arc" xlink:arcrole="http://www.xbrl.org/2003/arcrole/parent-child"
                            xlink:from="CreditRiskIRB"
                            xlink:to="CreditRiskIRBEquity"
                            xlink:title="presentation: CreditRiskIRB to CreditRiskIRBEquity"
                            order="2.0"/>
      <link:loc xlink:type="locator"
                xlink:href="d-cr-2006-07-01.xsd#d-cr_CreditRiskIRBEquityPD-LGDApproach"
                xlink:label="CreditRiskIRBEquityPD-LGDApproach"
                xlink:title="CreditRiskIRBEquityPD-LGDApproach"/>
      <link:presentationArc xlink:type="arc" xlink:arcrole="http://www.xbrl.org/2003/arcrole/parent-child"
                            xlink:from="CreditRiskIRBEquity"
                            xlink:to="CreditRiskIRBEquityPD-LGDApproach"
                            xlink:title="presentation: CreditRiskIRBEquity to CreditRiskIRBEquityPD-LGDApproach"
                            order="1.0"/>
      <link:loc xlink:type="locator"
                xlink:href="d-cr-2006-07-01.xsd#d-cr_CreditRiskIRBEquitySimpleRiskWeightApproach"
                xlink:label="CreditRiskIRBEquitySimpleRiskWeightApproach"
                xlink:title="CreditRiskIRBEquitySimpleRiskWeightApproach"/>
      <link:presentationArc xlink:type="arc" xlink:arcrole="http://www.xbrl.org/2003/arcrole/parent-child"
                            xlink:from="CreditRiskIRBEquity"
                            xlink:to="CreditRiskIRBEquitySimpleRiskWeightApproach"
                            xlink:title="presentation: CreditRiskIRBEquity to CreditRiskIRBEquitySimpleRiskWeightApproach"
                            order="2.0"/>
      <link:loc xlink:type="locator"
                xlink:href="d-cr-2006-07-01.xsd#d-cr_CreditRiskIRBEquityInternalModelsApproach"
                xlink:label="CreditRiskIRBEquityInternalModelsApproach"
                xlink:title="CreditRiskIRBEquityInternalModelsApproach"/>
      <link:presentationArc xlink:type="arc" xlink:arcrole="http://www.xbrl.org/2003/arcrole/parent-child"
                            xlink:from="CreditRiskIRBEquity"
                            xlink:to="CreditRiskIRBEquityInternalModelsApproach"
                            xlink:title="presentation: CreditRiskIRBEquity to CreditRiskIRBEquityInternalModelsApproach"
                            order="3.0"/>
      <link:loc xlink:type="locator"
                xlink:href="d-cr-2006-07-01.xsd#d-cr_CreditRiskIRBSecuritization"
                xlink:label="CreditRiskIRBSecuritizations"
                xlink:title="CreditRiskIRBSecuritizations"/>
      <link:presentationArc xlink:type="arc" xlink:arcrole="http://www.xbrl.org/2003/arcrole/parent-child"
                            xlink:from="CreditRiskIRB"
                            xlink:to="CreditRiskIRBSecuritizations"
                            xlink:title="presentation: CreditRiskIRB to CreditRiskIRBSecuritizations"
                            order="3.0"/>
      <link:loc xlink:type="locator"
                xlink:href="d-cr-2006-07-01.xsd#d-cr_CreditRiskIRBSecuritizationOriginator"
                xlink:label="CreditRiskIRBSecuritizationOriginator"
                xlink:title="CreditRiskIRBSecuritizationOriginator"/>
      <link:presentationArc xlink:type="arc" xlink:arcrole="http://www.xbrl.org/2003/arcrole/parent-child"
                            xlink:from="CreditRiskIRBSecuritizations"
                            xlink:to="CreditRiskIRBSecuritizationOriginator"
                            xlink:title="presentation: CreditRiskIRBSecuritization to CreditRiskIRBSecuritizationOriginator"
                            order="1.0"/>
      <link:loc xlink:type="locator"
                xlink:href="d-cr-2006-07-01.xsd#d-cr_CreditRiskIRBSecuritizationInvestor"
                xlink:label="CreditRiskIRBSecuritizationInvestor"
                xlink:title="CreditRiskIRBSecuritizationInvestor"/>
      <link:presentationArc xlink:type="arc" xlink:arcrole="http://www.xbrl.org/2003/arcrole/parent-child"
                            xlink:from="CreditRiskIRBSecuritizations"
                            xlink:to="CreditRiskIRBSecuritizationInvestor"
                            xlink:title="presentation: CreditRiskIRBSecuritization to CreditRiskIRBSecuritizationInvestor"
                            order="2.0"/>
      <link:loc xlink:type="locator"
                xlink:href="d-cr-2006-07-01.xsd#d-cr_CreditRiskIRBSecuritizationInvestorOfWhichOriginatedSponsoredEntitiesNotSubjectCRD"
                xlink:label="CreditRiskIRBSecuritizationInvestorOfWhichOriginatedSponsoredEntitiesNotSubjectCRD"
                xlink:title="CreditRiskIRBSecuritizationInvestorOfWhichOriginatedSponsoredEntitiesNotSubjectCRD"/>
      <link:presentationArc xlink:type="arc" xlink:arcrole="http://www.xbrl.org/2003/arcrole/parent-child"
                            xlink:from="CreditRiskIRBSecuritizationInvestor"
                            xlink:to="CreditRiskIRBSecuritizationInvestorOfWhichOriginatedSponsoredEntitiesNotSubjectCRD"
                            xlink:title="presentation: CreditRiskIRBSecuritizationInvestor to CreditRiskIRBSecuritizationInvestorOfWhichOriginatedSponsoredEntitiesNotSubjectCRD"
                            order="1.0"/>
      <link:loc xlink:type="locator"
                xlink:href="d-cr-2006-07-01.xsd#d-cr_CreditRiskIRBSecuritizationSponsor"
                xlink:label="CreditRiskIRBSecuritizationSponsor"
                xlink:title="CreditRiskIRBSecuritizationSponsor"/>
      <link:presentationArc xlink:type="arc" xlink:arcrole="http://www.xbrl.org/2003/arcrole/parent-child"
                            xlink:from="CreditRiskIRBSecuritizations"
                            xlink:to="CreditRiskIRBSecuritizationSponsor"
                            xlink:title="presentation: CreditRiskIRBSecuritization to CreditRiskIRBSecuritizationSponsor"
                            order="3.0"/>
      <link:loc xlink:type="locator"
                xlink:href="d-cr-2006-07-01.xsd#d-cr_CreditRiskIRBOtherNonCreditObligationAssets"
                xlink:label="CreditRiskIRBOtherNonCreditObligationAssets"
                xlink:title="CreditRiskIRBOtherNonCreditObligationAssets"/>
      <link:presentationArc xlink:type="arc" xlink:arcrole="http://www.xbrl.org/2003/arcrole/parent-child"
                            xlink:from="CreditRiskIRB"
                            xlink:to="CreditRiskIRBOtherNonCreditObligationAssets"
                            xlink:title="presentation: CreditRiskIRB to CreditRiskIRBOtherNonCreditObligationAssets"
                            order="4.0"/>
  </link:presentationLink>
</link:linkbase>