<?xml version="1.0" encoding="UTF-8"?>
<?taxonomy-version 1.3.1?>
<!--Copyright (C) 2011 EBA - European Banking Authority, Tower 42, 25 Old Broad Street, London, EC2N 1HQ, United Kingdom.-->            
<link:linkbase xmlns:xsi="http://www.w3.org/2001/XMLSchema-instance"
               xmlns:d-cr="http://www.c-ebs.org/eu/fr/esrs/corep/2006-07-01/d-cr-2006-07-01"
               xmlns:link="http://www.xbrl.org/2003/linkbase"
               xmlns:xlink="http://www.w3.org/1999/xlink"
               xmlns:xbrli="http://www.xbrl.org/2003/instance"
               xsi:schemaLocation="http://www.xbrl.org/2003/linkbase http://www.xbrl.org/2003/xbrl-linkbase-2003-12-31.xsd">
  <link:arcroleRef arcroleURI="http://xbrl.org/int/dim/arcrole/domain-member" xlink:type="simple"
                    xlink:href="http://www.xbrl.org/2005/xbrldt-2005.xsd#domain-member"/>
  <link:arcroleRef arcroleURI="http://xbrl.org/int/dim/arcrole/dimension-domain"
                    xlink:type="simple"
                    xlink:href="http://www.xbrl.org/2005/xbrldt-2005.xsd#dimension-domain"/>
  <link:definitionLink xlink:type="extended" xlink:role="http://www.xbrl.org/2003/role/link">
      <link:loc xlink:type="locator" xlink:href="d-cr-2006-07-01.xsd#d-cr_CreditRiskDomain"
                xlink:label="d-ex_Exposures"
                xlink:title="definition: Exposures to TotalExposures"/>
      <link:loc xlink:type="locator" xlink:href="d-cr-2006-07-01.xsd#d-cr_CreditRiskTotal"
                xlink:label="CreditRiskTotal"
                xlink:title="CreditRiskTotal"/>
      <link:definitionArc xlink:type="arc" xlink:arcrole="http://xbrl.org/int/dim/arcrole/domain-member"
                          xlink:from="d-ex_Exposures"
                          xlink:to="CreditRiskTotal"
                          xlink:title="definition: ExposuresDomain to CreditRiskTotal"
                          order="2.0"/>
      <link:loc xlink:type="locator" xlink:href="d-cr-2006-07-01.xsd#d-cr_CreditRiskIRB"
                xlink:label="CreditRiskIRB"
                xlink:title="CreditRiskIRB"/>
      <link:definitionArc xlink:type="arc" xlink:arcrole="http://xbrl.org/int/dim/arcrole/domain-member"
                          xlink:from="CreditRiskTotal"
                          xlink:to="CreditRiskIRB"
                          xlink:title="definition: CreditRiskTotal to CreditRiskIRB"
                          order="2.0"/>
      <link:loc xlink:type="locator"
                xlink:href="d-cr-2006-07-01.xsd#d-cr_CreditRiskIRBCreditCounterpartyCreditDelivery"
                xlink:label="CreditRiskIRBCreditCounterpartyCreditDelivery"
                xlink:title="CreditRiskIRBCreditCounterpartyCreditDelivery"/>
      <link:definitionArc xlink:type="arc" xlink:arcrole="http://xbrl.org/int/dim/arcrole/domain-member"
                          xlink:from="CreditRiskIRB"
                          xlink:to="CreditRiskIRBCreditCounterpartyCreditDelivery"
                          xlink:title="definition: CreditRiskIRB to CreditRiskIRBCreditCounterpartyCreditDelivery"
                          order="1.0"/>
      <link:loc xlink:type="locator"
                xlink:href="d-cr-2006-07-01.xsd#d-cr_CreditRiskIRBCreditCounterpartyCreditDeliveryAssignedToObligorGradesPools"
                xlink:label="CreditRiskIRBCreditCounterpartyCreditDeliveryAssignedToObligorGrades"
                xlink:title="definition: TotalExposures to ExposuresAssignedObligorGradesTotal"/>
      <link:definitionArc xlink:type="arc" xlink:arcrole="http://xbrl.org/int/dim/arcrole/domain-member"
                          xlink:from="CreditRiskIRBCreditCounterpartyCreditDelivery"
                          xlink:to="CreditRiskIRBCreditCounterpartyCreditDeliveryAssignedToObligorGrades"
                          xlink:title="definition: CreditRiskIRBCreditCounterpartyCreditDelivery to CreditRiskIRBCreditCounterpartyCreditDeliveryAssignedToObligorGrades"
                          use="optional"
                          order="1.0"/>
      <link:loc xlink:type="locator"
                xlink:href="d-cr-2006-07-01.xsd#d-cr_CreditRiskIRBCreditCounterpartyCreditDeliverySpecializedLendingSlottingCriteria"
                xlink:label="CreditRiskIRBCreditCounterpartyCreditDeliverySpecializedLendingSlottingCriteria"
                xlink:title="definition: TotalExposures to SpecializedLendingSlottingCriteriaTotal"/>
      <link:definitionArc xlink:type="arc" xlink:arcrole="http://xbrl.org/int/dim/arcrole/domain-member"
                          xlink:from="CreditRiskIRBCreditCounterpartyCreditDelivery"
                          xlink:to="CreditRiskIRBCreditCounterpartyCreditDeliverySpecializedLendingSlottingCriteria"
                          xlink:title="definition: CreditRiskIRBCreditCounterpartyCreditDelivery to CreditRiskIRBCreditCounterpartyCreditDeliverySpecializedLendingSlottingCriteria"
                          use="optional"
                          order="2.0"/>
      <link:loc xlink:type="locator"
                xlink:href="d-cr-2006-07-01.xsd#d-cr_CreditRiskIRBCreditCounterpartyCreditDeliveryAlternativeTreatmentSecuredRealEstate"
                xlink:label="CreditRiskIRBCreditCounterpartyCreditDeliverySAlternativeTreatmentSecuredRealEstate"
                xlink:title="definition: TotalExposures to AlternativeTreatmentSecuredRealEstate"/>
      <link:definitionArc xlink:type="arc" xlink:arcrole="http://xbrl.org/int/dim/arcrole/domain-member"
                          xlink:from="CreditRiskIRBCreditCounterpartyCreditDelivery"
                          xlink:to="CreditRiskIRBCreditCounterpartyCreditDeliverySAlternativeTreatmentSecuredRealEstate"
                          xlink:title="definition: CreditRiskIRBCreditCounterpartyCreditDelivery to CreditRiskIRBCreditCounterpartyCreditDeliverySAlternativeTreatmentSecuredRealEstate"
                          use="optional"
                          order="3.0"/>
      <link:loc xlink:type="locator"
                xlink:href="d-cr-2006-07-01.xsd#d-cr_CreditRiskIRBCreditCounterpartyCreditDeliveryFreeDeliveriesApplyingRiskWeights"
                xlink:label="CreditRiskIRBCreditCounterpartyCreditDeliveryFreeDeliveriesApplyingRiskWeights"
                xlink:title="definition: TotalExposures to ExposuresFreeDeliveriesApplyingRiskWeights"/>
      <link:definitionArc xlink:type="arc" xlink:arcrole="http://xbrl.org/int/dim/arcrole/domain-member"
                          xlink:from="CreditRiskIRBCreditCounterpartyCreditDelivery"
                          xlink:to="CreditRiskIRBCreditCounterpartyCreditDeliveryFreeDeliveriesApplyingRiskWeights"
                          xlink:title="definition: CreditRiskIRBCreditCounterpartyCreditDelivery to CreditRiskIRBCreditCounterpartyCreditDeliveryFreeDeliveriesApplyingRiskWeights"
                          use="optional"
                          order="4.0"/>
      <link:loc xlink:type="locator"
                xlink:href="d-cr-2006-07-01.xsd#d-cr_CreditRiskIRBCreditCounterpartyCreditDeliveryDilutionRiskTotalPurchasedReceivables"
                xlink:label="CreditRiskIRBCreditCounterpartyCreditDeliveryDilutionRiskTotalPurchasedReceivables"
                xlink:title="definition: TotalExposures to DilutionRiskTotalPurchasedReceivables"/>
      <link:definitionArc xlink:type="arc" xlink:arcrole="http://xbrl.org/int/dim/arcrole/domain-member"
                          xlink:from="CreditRiskIRBCreditCounterpartyCreditDelivery"
                          xlink:to="CreditRiskIRBCreditCounterpartyCreditDeliveryDilutionRiskTotalPurchasedReceivables"
                          xlink:title="definition: CreditRiskIRBCreditCounterpartyCreditDelivery to CreditRiskIRBCreditCounterpartyCreditDeliveryDilutionRiskTotalPurchasedReceivables"
                          use="optional"
                          order="5.0"/>
      <link:loc xlink:type="locator" xlink:href="d-cr-2006-07-01.xsd#d-cr_CreditRiskIRBEquity"
                xlink:label="TotalIRBEquityExposures"
                xlink:title="TotalIRBEquityExposures"/>
      <link:definitionArc xlink:type="arc" xlink:arcrole="http://xbrl.org/int/dim/arcrole/domain-member"
                          xlink:from="CreditRiskIRB"
                          xlink:to="TotalIRBEquityExposures"
                          xlink:title="definition: CreditRiskIRB to CreditRiskIRBEquity"
                          use="optional"
                          order="2.0"/>
      <link:loc xlink:type="locator"
                xlink:href="d-cr-2006-07-01.xsd#d-cr_CreditRiskIRBEquityPD-LGDApproach"
                xlink:label="PD-LGDApproach"
                xlink:title="PD-LGDApproach"/>
      <link:definitionArc xlink:type="arc" xlink:arcrole="http://xbrl.org/int/dim/arcrole/domain-member"
                          xlink:from="TotalIRBEquityExposures"
                          xlink:to="PD-LGDApproach"
                          xlink:title="definition: TotalIRBEquityExposures to PD-LGDApproach"
                          order="1.0"/>
      <link:loc xlink:type="locator"
                xlink:href="d-cr-2006-07-01.xsd#d-cr_CreditRiskIRBEquitySimpleRiskWeightApproach"
                xlink:label="SimpleRiskWeightApproach"
                xlink:title="SimpleRiskWeightApproach"/>
      <link:definitionArc xlink:type="arc" xlink:arcrole="http://xbrl.org/int/dim/arcrole/domain-member"
                          xlink:from="TotalIRBEquityExposures"
                          xlink:to="SimpleRiskWeightApproach"
                          xlink:title="definition: TotalIRBEquityExposures to SimpleRiskWeightApproach"
                          order="2.0"/>
      <link:loc xlink:type="locator"
                xlink:href="d-cr-2006-07-01.xsd#d-cr_CreditRiskIRBEquityInternalModelsApproach"
                xlink:label="InternalModelsApproach"
                xlink:title="InternalModelsApproach"/>
      <link:definitionArc xlink:type="arc" xlink:arcrole="http://xbrl.org/int/dim/arcrole/domain-member"
                          xlink:from="TotalIRBEquityExposures"
                          xlink:to="InternalModelsApproach"
                          xlink:title="definition: TotalIRBEquityExposures to InternalModelsApproach"
                          order="3.0"/>
      <link:loc xlink:type="locator"
                xlink:href="d-cr-2006-07-01.xsd#d-cr_CreditRiskIRBSecuritization"
                xlink:label="CreditRiskIRBSecuritizations"
                xlink:title="CreditRiskIRBSecuritizations"/>
      <link:definitionArc xlink:type="arc" xlink:arcrole="http://xbrl.org/int/dim/arcrole/domain-member"
                          xlink:from="CreditRiskIRB"
                          xlink:to="CreditRiskIRBSecuritizations"
                          xlink:title="definition: CreditRiskIRB to CreditRiskIRBSecuritizations"
                          order="3.0"/>
      <link:loc xlink:type="locator"
                xlink:href="d-cr-2006-07-01.xsd#d-cr_CreditRiskIRBSecuritizationOriginator"
                xlink:label="CreditRiskIRBSecuritizationOriginator"
                xlink:title="CreditRiskIRBSecuritizationOriginator"/>
      <link:definitionArc xlink:type="arc" xlink:arcrole="http://xbrl.org/int/dim/arcrole/domain-member"
                          xlink:from="CreditRiskIRBSecuritizations"
                          xlink:to="CreditRiskIRBSecuritizationOriginator"
                          xlink:title="definition: CreditRiskIRBSecuritization to CreditRiskIRBSecuritizationOriginator"
                          order="1.0"/>
      <link:loc xlink:type="locator"
                xlink:href="d-cr-2006-07-01.xsd#d-cr_CreditRiskIRBSecuritizationInvestor"
                xlink:label="CreditRiskIRBSecuritizationInvestor"
                xlink:title="CreditRiskIRBSecuritizationInvestor"/>
      <link:definitionArc xlink:type="arc" xlink:arcrole="http://xbrl.org/int/dim/arcrole/domain-member"
                          xlink:from="CreditRiskIRBSecuritizations"
                          xlink:to="CreditRiskIRBSecuritizationInvestor"
                          xlink:title="definition: CreditRiskIRBSecuritization to CreditRiskIRBSecuritizationInvestor"
                          order="2.0"/>
      <link:loc xlink:type="locator"
                xlink:href="d-cr-2006-07-01.xsd#d-cr_CreditRiskIRBSecuritizationInvestorOfWhichOriginatedSponsoredEntitiesNotSubjectCRD"
                xlink:label="CreditRiskIRBSecuritizationInvestorOfWhichOriginatedSponsoredEntitiesNotSubjectCRD"
                xlink:title="CreditRiskIRBSecuritizationInvestorOfWhichOriginatedSponsoredEntitiesNotSubjectCRD"/>
      <link:definitionArc xlink:type="arc" xlink:arcrole="http://xbrl.org/int/dim/arcrole/domain-member"
                          xlink:from="CreditRiskIRBSecuritizationInvestor"
                          xlink:to="CreditRiskIRBSecuritizationInvestorOfWhichOriginatedSponsoredEntitiesNotSubjectCRD"
                          xlink:title="definition: CreditRiskIRBSecuritizationInvestor to CreditRiskIRBSecuritizationInvestorOfWhichOriginatedSponsoredEntitiesNotSubjectCRD"
                          order="1.0"/>
      <link:loc xlink:type="locator"
                xlink:href="d-cr-2006-07-01.xsd#d-cr_CreditRiskIRBSecuritizationSponsor"
                xlink:label="CreditRiskIRBSecuritizationSponsor"
                xlink:title="CreditRiskIRBSecuritizationSponsor"/>
      <link:definitionArc xlink:type="arc" xlink:arcrole="http://xbrl.org/int/dim/arcrole/domain-member"
                          xlink:from="CreditRiskIRBSecuritizations"
                          xlink:to="CreditRiskIRBSecuritizationSponsor"
                          xlink:title="definition: CreditRiskIRBSecuritization to CreditRiskIRBSecuritizationSponsor"
                          order="3.0"/>
      <link:loc xlink:type="locator"
                xlink:href="d-cr-2006-07-01.xsd#d-cr_CreditRiskIRBOtherNonCreditObligationAssets"
                xlink:label="CreditRiskIRBOtherNonCreditObligationAssets"
                xlink:title="CreditRiskIRBOtherNonCreditObligationAssets"/>
      <link:definitionArc xlink:type="arc" xlink:arcrole="http://xbrl.org/int/dim/arcrole/domain-member"
                          xlink:from="CreditRiskIRB"
                          xlink:to="CreditRiskIRBOtherNonCreditObligationAssets"
                          xlink:title="definition: CreditRiskIRB to CreditRiskIRBOtherNonCreditObligationAssets"
                          order="4.0"/>
      <link:loc xlink:type="locator" xlink:href="d-cr-2006-07-01.xsd#d-cr_CreditRiskSA"
                xlink:label="CreditRiskSA"
                xlink:title="CreditRiskSA"/>
      <link:definitionArc xlink:type="arc" xlink:arcrole="http://xbrl.org/int/dim/arcrole/domain-member"
                          xlink:from="CreditRiskTotal"
                          xlink:to="CreditRiskSA"
                          xlink:title="definition: CreditRiskTotal to CreditRiskSA"
                          order="1.0"/>
      <link:loc xlink:type="locator"
                xlink:href="d-cr-2006-07-01.xsd#d-cr_CreditRiskSASecuritization"
                xlink:label="CreditRiskSASecuritization"
                xlink:title="CreditRiskSASecuritization"/>
      <link:definitionArc xlink:type="arc" xlink:arcrole="http://xbrl.org/int/dim/arcrole/domain-member"
                          xlink:from="CreditRiskSA"
                          xlink:to="CreditRiskSASecuritization"
                          xlink:title="definition: CreditRiskSA to CreditRiskSASecuritization"
                          order="2.0"/>
      <link:loc xlink:type="locator"
                xlink:href="d-cr-2006-07-01.xsd#d-cr_CreditRiskSASecutizationOriginator"
                xlink:label="CreditRiskSASecutizationOriginator"
                xlink:title="definition: TotalExposures to OriginatorTotalExposures"/>
      <link:definitionArc xlink:type="arc" xlink:arcrole="http://xbrl.org/int/dim/arcrole/domain-member"
                          xlink:from="CreditRiskSASecuritization"
                          xlink:to="CreditRiskSASecutizationOriginator"
                          xlink:title="definition: CreditRiskSASecuritization to CreditRiskSASecutizationOriginator"
                          use="optional"
                          order="6.0"/>
      <link:loc xlink:type="locator"
                xlink:href="d-cr-2006-07-01.xsd#d-cr_CreditRiskSASecutizationInvestor"
                xlink:label="CreditRiskSASecutizationInvestor"
                xlink:title="CreditRiskSASecutizationInvestor"/>
      <link:definitionArc xlink:type="arc" xlink:arcrole="http://xbrl.org/int/dim/arcrole/domain-member"
                          xlink:from="CreditRiskSASecuritization"
                          xlink:to="CreditRiskSASecutizationInvestor"
                          xlink:title="definition: CreditRiskSASecuritization to CreditRiskSASecutizationInvestor"
                          use="optional"
                          order="7.0"/>
      <link:loc xlink:type="locator"
                xlink:href="d-cr-2006-07-01.xsd#d-cr_CreditRiskSASecuritizationInvestorOfWhichOriginatedSponsoredEntitiesNotSubjectCRD"
                xlink:label="CreditRiskSASecuritizationInvestorOfWhichOriginatedSponsoredEntitiesNotSubjectCRD"
                xlink:title="CreditRiskSASecuritizationInvestorOfWhichOriginatedSponsoredEntitiesNotSubjectCRD"/>
      <link:definitionArc xlink:type="arc" xlink:arcrole="http://xbrl.org/int/dim/arcrole/domain-member"
                          xlink:from="CreditRiskSASecutizationInvestor"
                          xlink:to="CreditRiskSASecuritizationInvestorOfWhichOriginatedSponsoredEntitiesNotSubjectCRD"
                          xlink:title="definition: CreditRiskSASecutizationInvestor to CreditRiskSASecuritizationInvestorOfWhichOriginatedSponsoredEntitiesNotSubjectCRD"
                          order="1.0"/>
      <link:loc xlink:type="locator"
                xlink:href="d-cr-2006-07-01.xsd#d-cr_CreditRiskSASecutizationSponsor"
                xlink:label="CreditRiskSASecutizationSponsor"
                xlink:title="definition: TotalExposures to SponsorTotalExposures"/>
      <link:definitionArc xlink:type="arc" xlink:arcrole="http://xbrl.org/int/dim/arcrole/domain-member"
                          xlink:from="CreditRiskSASecuritization"
                          xlink:to="CreditRiskSASecutizationSponsor"
                          xlink:title="definition: CreditRiskSASecuritization to CreditRiskSASecutizationSponsor"
                          use="optional"
                          order="8.0"/>
      <link:loc xlink:type="locator"
                xlink:href="d-cr-2006-07-01.xsd#d-cr_CreditRiskSACreditCounterpartyCreditDelivery"
                xlink:label="d-ex_TotalExposures"
                xlink:title="definition: Exposures to TotalExposures"/>
      <link:definitionArc xlink:type="arc" xlink:arcrole="http://xbrl.org/int/dim/arcrole/domain-member"
                          xlink:from="CreditRiskSA"
                          xlink:to="d-ex_TotalExposures"
                          xlink:title="definition: CreditRiskSA to CreditRiskSACreditCounterpartyCreditDelivery"
                          use="optional"
                          order="1.0"/>
  </link:definitionLink>
</link:linkbase>