<?xml version="1.0" encoding="UTF-8"?>
<?taxonomy-version 1.3.1?>
<!--Copyright (C) 2011 EBA - European Banking Authority, Tower 42, 25 Old Broad Street, London, EC2N 1HQ, United Kingdom.-->            
<link:linkbase xmlns:link="http://www.xbrl.org/2003/linkbase"
               xmlns:xbrli="http://www.xbrl.org/2003/instance"
               xmlns:xlink="http://www.w3.org/1999/xlink"
               xmlns:xsi="http://www.w3.org/2001/XMLSchema-instance"
               xmlns:d-cu="http://www.c-ebs.org/eu/fr/esrs/corep/2006-07-01/d-cu-2006-07-01"
               xsi:schemaLocation="http://www.xbrl.org/2003/linkbase http://www.xbrl.org/2003/xbrl-linkbase-2003-12-31.xsd">
  <link:presentationLink xlink:type="extended" xlink:role="http://www.xbrl.org/2003/role/link">
      <link:loc xlink:type="locator" xlink:href="d-cu-2006-07-01.xsd#d-cu_CurrencyCodeDomain"
                xlink:label="CurrencyCodeDomain"
                xlink:title="CurrencyCodeDomain"/>
      <link:loc xlink:type="locator" xlink:href="d-cu-2006-07-01.xsd#d-cu_AED"
                xlink:label="AED"
                xlink:title="AED"/>
      <link:presentationArc xlink:type="arc" xlink:arcrole="http://www.xbrl.org/2003/arcrole/parent-child"
                            xlink:from="CurrencyCodeDomain"
                            xlink:to="AED"
                            xlink:title="presentation: CurrencyCodeDomain to AED"
                            order="1.0"/>
      <link:loc xlink:type="locator" xlink:href="d-cu-2006-07-01.xsd#d-cu_AFN"
                xlink:label="AFN"
                xlink:title="AFN"/>
      <link:presentationArc xlink:type="arc" xlink:arcrole="http://www.xbrl.org/2003/arcrole/parent-child"
                            xlink:from="CurrencyCodeDomain"
                            xlink:to="AFN"
                            xlink:title="presentation: CurrencyCodeDomain to AFN"
                            order="2.0"/>
      <link:loc xlink:type="locator" xlink:href="d-cu-2006-07-01.xsd#d-cu_ALL"
                xlink:label="ALL"
                xlink:title="ALL"/>
      <link:presentationArc xlink:type="arc" xlink:arcrole="http://www.xbrl.org/2003/arcrole/parent-child"
                            xlink:from="CurrencyCodeDomain"
                            xlink:to="ALL"
                            xlink:title="presentation: CurrencyCodeDomain to ALL"
                            order="3.0"/>
      <link:loc xlink:type="locator" xlink:href="d-cu-2006-07-01.xsd#d-cu_AMD"
                xlink:label="AMD"
                xlink:title="AMD"/>
      <link:presentationArc xlink:type="arc" xlink:arcrole="http://www.xbrl.org/2003/arcrole/parent-child"
                            xlink:from="CurrencyCodeDomain"
                            xlink:to="AMD"
                            xlink:title="presentation: CurrencyCodeDomain to AMD"
                            order="4.0"/>
      <link:loc xlink:type="locator" xlink:href="d-cu-2006-07-01.xsd#d-cu_ANG"
                xlink:label="ANG"
                xlink:title="ANG"/>
      <link:presentationArc xlink:type="arc" xlink:arcrole="http://www.xbrl.org/2003/arcrole/parent-child"
                            xlink:from="CurrencyCodeDomain"
                            xlink:to="ANG"
                            xlink:title="presentation: CurrencyCodeDomain to ANG"
                            order="5.0"/>
      <link:loc xlink:type="locator" xlink:href="d-cu-2006-07-01.xsd#d-cu_AOA"
                xlink:label="AOA"
                xlink:title="AOA"/>
      <link:presentationArc xlink:type="arc" xlink:arcrole="http://www.xbrl.org/2003/arcrole/parent-child"
                            xlink:from="CurrencyCodeDomain"
                            xlink:to="AOA"
                            xlink:title="presentation: CurrencyCodeDomain to AOA"
                            order="6.0"/>
      <link:loc xlink:type="locator" xlink:href="d-cu-2006-07-01.xsd#d-cu_ARS"
                xlink:label="ARS"
                xlink:title="ARS"/>
      <link:presentationArc xlink:type="arc" xlink:arcrole="http://www.xbrl.org/2003/arcrole/parent-child"
                            xlink:from="CurrencyCodeDomain"
                            xlink:to="ARS"
                            xlink:title="presentation: CurrencyCodeDomain to ARS"
                            order="7.0"/>
      <link:loc xlink:type="locator" xlink:href="d-cu-2006-07-01.xsd#d-cu_AUD"
                xlink:label="AUD"
                xlink:title="AUD"/>
      <link:presentationArc xlink:type="arc" xlink:arcrole="http://www.xbrl.org/2003/arcrole/parent-child"
                            xlink:from="CurrencyCodeDomain"
                            xlink:to="AUD"
                            xlink:title="presentation: CurrencyCodeDomain to AUD"
                            order="8.0"/>
      <link:loc xlink:type="locator" xlink:href="d-cu-2006-07-01.xsd#d-cu_AWG"
                xlink:label="AWG"
                xlink:title="AWG"/>
      <link:presentationArc xlink:type="arc" xlink:arcrole="http://www.xbrl.org/2003/arcrole/parent-child"
                            xlink:from="CurrencyCodeDomain"
                            xlink:to="AWG"
                            xlink:title="presentation: CurrencyCodeDomain to AWG"
                            order="9.0"/>
      <link:loc xlink:type="locator" xlink:href="d-cu-2006-07-01.xsd#d-cu_AZM"
                xlink:label="AZM"
                xlink:title="AZM"/>
      <link:presentationArc xlink:type="arc" xlink:arcrole="http://www.xbrl.org/2003/arcrole/parent-child"
                            xlink:from="CurrencyCodeDomain"
                            xlink:to="AZM"
                            xlink:title="presentation: CurrencyCodeDomain to AZM"
                            order="10.0"/>
      <link:loc xlink:type="locator" xlink:href="d-cu-2006-07-01.xsd#d-cu_AZN"
                xlink:label="AZN"
                xlink:title="AZN"/>
      <link:presentationArc xlink:type="arc" xlink:arcrole="http://www.xbrl.org/2003/arcrole/parent-child"
                            xlink:from="CurrencyCodeDomain"
                            xlink:to="AZN"
                            xlink:title="presentation: CurrencyCodeDomain to AZN"
                            order="11.0"/>
      <link:loc xlink:type="locator" xlink:href="d-cu-2006-07-01.xsd#d-cu_BAM"
                xlink:label="BAM"
                xlink:title="BAM"/>
      <link:presentationArc xlink:type="arc" xlink:arcrole="http://www.xbrl.org/2003/arcrole/parent-child"
                            xlink:from="CurrencyCodeDomain"
                            xlink:to="BAM"
                            xlink:title="presentation: CurrencyCodeDomain to BAM"
                            order="12.0"/>
      <link:loc xlink:type="locator" xlink:href="d-cu-2006-07-01.xsd#d-cu_BBD"
                xlink:label="BBD"
                xlink:title="BBD"/>
      <link:presentationArc xlink:type="arc" xlink:arcrole="http://www.xbrl.org/2003/arcrole/parent-child"
                            xlink:from="CurrencyCodeDomain"
                            xlink:to="BBD"
                            xlink:title="presentation: CurrencyCodeDomain to BBD"
                            order="13.0"/>
      <link:loc xlink:type="locator" xlink:href="d-cu-2006-07-01.xsd#d-cu_BDT"
                xlink:label="BDT"
                xlink:title="BDT"/>
      <link:presentationArc xlink:type="arc" xlink:arcrole="http://www.xbrl.org/2003/arcrole/parent-child"
                            xlink:from="CurrencyCodeDomain"
                            xlink:to="BDT"
                            xlink:title="presentation: CurrencyCodeDomain to BDT"
                            order="14.0"/>
      <link:loc xlink:type="locator" xlink:href="d-cu-2006-07-01.xsd#d-cu_BGN"
                xlink:label="BGN"
                xlink:title="BGN"/>
      <link:presentationArc xlink:type="arc" xlink:arcrole="http://www.xbrl.org/2003/arcrole/parent-child"
                            xlink:from="CurrencyCodeDomain"
                            xlink:to="BGN"
                            xlink:title="presentation: CurrencyCodeDomain to BGN"
                            order="15.0"/>
      <link:loc xlink:type="locator" xlink:href="d-cu-2006-07-01.xsd#d-cu_BHD"
                xlink:label="BHD"
                xlink:title="BHD"/>
      <link:presentationArc xlink:type="arc" xlink:arcrole="http://www.xbrl.org/2003/arcrole/parent-child"
                            xlink:from="CurrencyCodeDomain"
                            xlink:to="BHD"
                            xlink:title="presentation: CurrencyCodeDomain to BHD"
                            order="16.0"/>
      <link:loc xlink:type="locator" xlink:href="d-cu-2006-07-01.xsd#d-cu_BIF"
                xlink:label="BIF"
                xlink:title="BIF"/>
      <link:presentationArc xlink:type="arc" xlink:arcrole="http://www.xbrl.org/2003/arcrole/parent-child"
                            xlink:from="CurrencyCodeDomain"
                            xlink:to="BIF"
                            xlink:title="presentation: CurrencyCodeDomain to BIF"
                            order="17.0"/>
      <link:loc xlink:type="locator" xlink:href="d-cu-2006-07-01.xsd#d-cu_BMD"
                xlink:label="BMD"
                xlink:title="BMD"/>
      <link:presentationArc xlink:type="arc" xlink:arcrole="http://www.xbrl.org/2003/arcrole/parent-child"
                            xlink:from="CurrencyCodeDomain"
                            xlink:to="BMD"
                            xlink:title="presentation: CurrencyCodeDomain to BMD"
                            order="18.0"/>
      <link:loc xlink:type="locator" xlink:href="d-cu-2006-07-01.xsd#d-cu_BND"
                xlink:label="BND"
                xlink:title="BND"/>
      <link:presentationArc xlink:type="arc" xlink:arcrole="http://www.xbrl.org/2003/arcrole/parent-child"
                            xlink:from="CurrencyCodeDomain"
                            xlink:to="BND"
                            xlink:title="presentation: CurrencyCodeDomain to BND"
                            order="19.0"/>
      <link:loc xlink:type="locator" xlink:href="d-cu-2006-07-01.xsd#d-cu_BOB"
                xlink:label="BOB"
                xlink:title="BOB"/>
      <link:presentationArc xlink:type="arc" xlink:arcrole="http://www.xbrl.org/2003/arcrole/parent-child"
                            xlink:from="CurrencyCodeDomain"
                            xlink:to="BOB"
                            xlink:title="presentation: CurrencyCodeDomain to BOB"
                            order="20.0"/>
      <link:loc xlink:type="locator" xlink:href="d-cu-2006-07-01.xsd#d-cu_BRL"
                xlink:label="BRL"
                xlink:title="BRL"/>
      <link:presentationArc xlink:type="arc" xlink:arcrole="http://www.xbrl.org/2003/arcrole/parent-child"
                            xlink:from="CurrencyCodeDomain"
                            xlink:to="BRL"
                            xlink:title="presentation: CurrencyCodeDomain to BRL"
                            order="21.0"/>
      <link:loc xlink:type="locator" xlink:href="d-cu-2006-07-01.xsd#d-cu_BSD"
                xlink:label="BSD"
                xlink:title="BSD"/>
      <link:presentationArc xlink:type="arc" xlink:arcrole="http://www.xbrl.org/2003/arcrole/parent-child"
                            xlink:from="CurrencyCodeDomain"
                            xlink:to="BSD"
                            xlink:title="presentation: CurrencyCodeDomain to BSD"
                            order="22.0"/>
      <link:loc xlink:type="locator" xlink:href="d-cu-2006-07-01.xsd#d-cu_BTN"
                xlink:label="BTN"
                xlink:title="BTN"/>
      <link:presentationArc xlink:type="arc" xlink:arcrole="http://www.xbrl.org/2003/arcrole/parent-child"
                            xlink:from="CurrencyCodeDomain"
                            xlink:to="BTN"
                            xlink:title="presentation: CurrencyCodeDomain to BTN"
                            order="23.0"/>
      <link:loc xlink:type="locator" xlink:href="d-cu-2006-07-01.xsd#d-cu_BWP"
                xlink:label="BWP"
                xlink:title="BWP"/>
      <link:presentationArc xlink:type="arc" xlink:arcrole="http://www.xbrl.org/2003/arcrole/parent-child"
                            xlink:from="CurrencyCodeDomain"
                            xlink:to="BWP"
                            xlink:title="presentation: CurrencyCodeDomain to BWP"
                            order="24.0"/>
      <link:loc xlink:type="locator" xlink:href="d-cu-2006-07-01.xsd#d-cu_BYR"
                xlink:label="BYR"
                xlink:title="BYR"/>
      <link:presentationArc xlink:type="arc" xlink:arcrole="http://www.xbrl.org/2003/arcrole/parent-child"
                            xlink:from="CurrencyCodeDomain"
                            xlink:to="BYR"
                            xlink:title="presentation: CurrencyCodeDomain to BYR"
                            order="25.0"/>
      <link:loc xlink:type="locator" xlink:href="d-cu-2006-07-01.xsd#d-cu_BZD"
                xlink:label="BZD"
                xlink:title="BZD"/>
      <link:presentationArc xlink:type="arc" xlink:arcrole="http://www.xbrl.org/2003/arcrole/parent-child"
                            xlink:from="CurrencyCodeDomain"
                            xlink:to="BZD"
                            xlink:title="presentation: CurrencyCodeDomain to BZD"
                            order="26.0"/>
      <link:loc xlink:type="locator" xlink:href="d-cu-2006-07-01.xsd#d-cu_CAD"
                xlink:label="CAD"
                xlink:title="CAD"/>
      <link:presentationArc xlink:type="arc" xlink:arcrole="http://www.xbrl.org/2003/arcrole/parent-child"
                            xlink:from="CurrencyCodeDomain"
                            xlink:to="CAD"
                            xlink:title="presentation: CurrencyCodeDomain to CAD"
                            order="27.0"/>
      <link:loc xlink:type="locator" xlink:href="d-cu-2006-07-01.xsd#d-cu_CDF"
                xlink:label="CDF"
                xlink:title="CDF"/>
      <link:presentationArc xlink:type="arc" xlink:arcrole="http://www.xbrl.org/2003/arcrole/parent-child"
                            xlink:from="CurrencyCodeDomain"
                            xlink:to="CDF"
                            xlink:title="presentation: CurrencyCodeDomain to CDF"
                            order="28.0"/>
      <link:loc xlink:type="locator" xlink:href="d-cu-2006-07-01.xsd#d-cu_CHF"
                xlink:label="CHF"
                xlink:title="CHF"/>
      <link:presentationArc xlink:type="arc" xlink:arcrole="http://www.xbrl.org/2003/arcrole/parent-child"
                            xlink:from="CurrencyCodeDomain"
                            xlink:to="CHF"
                            xlink:title="presentation: CurrencyCodeDomain to CHF"
                            order="29.0"/>
      <link:loc xlink:type="locator" xlink:href="d-cu-2006-07-01.xsd#d-cu_CLP"
                xlink:label="CLP"
                xlink:title="CLP"/>
      <link:presentationArc xlink:type="arc" xlink:arcrole="http://www.xbrl.org/2003/arcrole/parent-child"
                            xlink:from="CurrencyCodeDomain"
                            xlink:to="CLP"
                            xlink:title="presentation: CurrencyCodeDomain to CLP"
                            order="30.0"/>
      <link:loc xlink:type="locator" xlink:href="d-cu-2006-07-01.xsd#d-cu_CNY"
                xlink:label="CNY"
                xlink:title="CNY"/>
      <link:presentationArc xlink:type="arc" xlink:arcrole="http://www.xbrl.org/2003/arcrole/parent-child"
                            xlink:from="CurrencyCodeDomain"
                            xlink:to="CNY"
                            xlink:title="presentation: CurrencyCodeDomain to CNY"
                            order="31.0"/>
      <link:loc xlink:type="locator" xlink:href="d-cu-2006-07-01.xsd#d-cu_COP"
                xlink:label="COP"
                xlink:title="COP"/>
      <link:presentationArc xlink:type="arc" xlink:arcrole="http://www.xbrl.org/2003/arcrole/parent-child"
                            xlink:from="CurrencyCodeDomain"
                            xlink:to="COP"
                            xlink:title="presentation: CurrencyCodeDomain to COP"
                            order="32.0"/>
      <link:loc xlink:type="locator" xlink:href="d-cu-2006-07-01.xsd#d-cu_CRC"
                xlink:label="CRC"
                xlink:title="CRC"/>
      <link:presentationArc xlink:type="arc" xlink:arcrole="http://www.xbrl.org/2003/arcrole/parent-child"
                            xlink:from="CurrencyCodeDomain"
                            xlink:to="CRC"
                            xlink:title="presentation: CurrencyCodeDomain to CRC"
                            order="33.0"/>
      <link:loc xlink:type="locator" xlink:href="d-cu-2006-07-01.xsd#d-cu_CSD"
                xlink:label="CSD"
                xlink:title="CSD"/>
      <link:presentationArc xlink:type="arc" xlink:arcrole="http://www.xbrl.org/2003/arcrole/parent-child"
                            xlink:from="CurrencyCodeDomain"
                            xlink:to="CSD"
                            xlink:title="presentation: CurrencyCodeDomain to CSD"
                            order="34.0"/>
      <link:loc xlink:type="locator" xlink:href="d-cu-2006-07-01.xsd#d-cu_CUP"
                xlink:label="CUP"
                xlink:title="CUP"/>
      <link:presentationArc xlink:type="arc" xlink:arcrole="http://www.xbrl.org/2003/arcrole/parent-child"
                            xlink:from="CurrencyCodeDomain"
                            xlink:to="CUP"
                            xlink:title="presentation: CurrencyCodeDomain to CUP"
                            order="35.0"/>
      <link:loc xlink:type="locator" xlink:href="d-cu-2006-07-01.xsd#d-cu_CVE"
                xlink:label="CVE"
                xlink:title="CVE"/>
      <link:presentationArc xlink:type="arc" xlink:arcrole="http://www.xbrl.org/2003/arcrole/parent-child"
                            xlink:from="CurrencyCodeDomain"
                            xlink:to="CVE"
                            xlink:title="presentation: CurrencyCodeDomain to CVE"
                            order="36.0"/>
      <link:loc xlink:type="locator" xlink:href="d-cu-2006-07-01.xsd#d-cu_CYP"
                xlink:label="CYP"
                xlink:title="CYP"/>
      <link:presentationArc xlink:type="arc" xlink:arcrole="http://www.xbrl.org/2003/arcrole/parent-child"
                            xlink:from="CurrencyCodeDomain"
                            xlink:to="CYP"
                            xlink:title="presentation: CurrencyCodeDomain to CYP"
                            order="37.0"/>
      <link:loc xlink:type="locator" xlink:href="d-cu-2006-07-01.xsd#d-cu_CZK"
                xlink:label="CZK"
                xlink:title="CZK"/>
      <link:presentationArc xlink:type="arc" xlink:arcrole="http://www.xbrl.org/2003/arcrole/parent-child"
                            xlink:from="CurrencyCodeDomain"
                            xlink:to="CZK"
                            xlink:title="presentation: CurrencyCodeDomain to CZK"
                            order="38.0"/>
      <link:loc xlink:type="locator" xlink:href="d-cu-2006-07-01.xsd#d-cu_DJF"
                xlink:label="DJF"
                xlink:title="DJF"/>
      <link:presentationArc xlink:type="arc" xlink:arcrole="http://www.xbrl.org/2003/arcrole/parent-child"
                            xlink:from="CurrencyCodeDomain"
                            xlink:to="DJF"
                            xlink:title="presentation: CurrencyCodeDomain to DJF"
                            order="39.0"/>
      <link:loc xlink:type="locator" xlink:href="d-cu-2006-07-01.xsd#d-cu_DKK"
                xlink:label="DKK"
                xlink:title="DKK"/>
      <link:presentationArc xlink:type="arc" xlink:arcrole="http://www.xbrl.org/2003/arcrole/parent-child"
                            xlink:from="CurrencyCodeDomain"
                            xlink:to="DKK"
                            xlink:title="presentation: CurrencyCodeDomain to DKK"
                            order="40.0"/>
      <link:loc xlink:type="locator" xlink:href="d-cu-2006-07-01.xsd#d-cu_DOP"
                xlink:label="DOP"
                xlink:title="DOP"/>
      <link:presentationArc xlink:type="arc" xlink:arcrole="http://www.xbrl.org/2003/arcrole/parent-child"
                            xlink:from="CurrencyCodeDomain"
                            xlink:to="DOP"
                            xlink:title="presentation: CurrencyCodeDomain to DOP"
                            order="41.0"/>
      <link:loc xlink:type="locator" xlink:href="d-cu-2006-07-01.xsd#d-cu_DZD"
                xlink:label="DZD"
                xlink:title="DZD"/>
      <link:presentationArc xlink:type="arc" xlink:arcrole="http://www.xbrl.org/2003/arcrole/parent-child"
                            xlink:from="CurrencyCodeDomain"
                            xlink:to="DZD"
                            xlink:title="presentation: CurrencyCodeDomain to DZD"
                            order="42.0"/>
      <link:loc xlink:type="locator" xlink:href="d-cu-2006-07-01.xsd#d-cu_EEK"
                xlink:label="EEK"
                xlink:title="EEK"/>
      <link:presentationArc xlink:type="arc" xlink:arcrole="http://www.xbrl.org/2003/arcrole/parent-child"
                            xlink:from="CurrencyCodeDomain"
                            xlink:to="EEK"
                            xlink:title="presentation: CurrencyCodeDomain to EEK"
                            order="43.0"/>
      <link:loc xlink:type="locator" xlink:href="d-cu-2006-07-01.xsd#d-cu_EGP"
                xlink:label="EGP"
                xlink:title="EGP"/>
      <link:presentationArc xlink:type="arc" xlink:arcrole="http://www.xbrl.org/2003/arcrole/parent-child"
                            xlink:from="CurrencyCodeDomain"
                            xlink:to="EGP"
                            xlink:title="presentation: CurrencyCodeDomain to EGP"
                            order="44.0"/>
      <link:loc xlink:type="locator" xlink:href="d-cu-2006-07-01.xsd#d-cu_ERN"
                xlink:label="ERN"
                xlink:title="ERN"/>
      <link:presentationArc xlink:type="arc" xlink:arcrole="http://www.xbrl.org/2003/arcrole/parent-child"
                            xlink:from="CurrencyCodeDomain"
                            xlink:to="ERN"
                            xlink:title="presentation: CurrencyCodeDomain to ERN"
                            order="45.0"/>
      <link:loc xlink:type="locator" xlink:href="d-cu-2006-07-01.xsd#d-cu_ETB"
                xlink:label="ETB"
                xlink:title="ETB"/>
      <link:presentationArc xlink:type="arc" xlink:arcrole="http://www.xbrl.org/2003/arcrole/parent-child"
                            xlink:from="CurrencyCodeDomain"
                            xlink:to="ETB"
                            xlink:title="presentation: CurrencyCodeDomain to ETB"
                            order="46.0"/>
      <link:loc xlink:type="locator" xlink:href="d-cu-2006-07-01.xsd#d-cu_EUR"
                xlink:label="EUR"
                xlink:title="EUR"/>
      <link:presentationArc xlink:type="arc" xlink:arcrole="http://www.xbrl.org/2003/arcrole/parent-child"
                            xlink:from="CurrencyCodeDomain"
                            xlink:to="EUR"
                            xlink:title="presentation: CurrencyCodeDomain to EUR"
                            order="47.0"/>
      <link:loc xlink:type="locator" xlink:href="d-cu-2006-07-01.xsd#d-cu_FJD"
                xlink:label="FJD"
                xlink:title="FJD"/>
      <link:presentationArc xlink:type="arc" xlink:arcrole="http://www.xbrl.org/2003/arcrole/parent-child"
                            xlink:from="CurrencyCodeDomain"
                            xlink:to="FJD"
                            xlink:title="presentation: CurrencyCodeDomain to FJD"
                            order="48.0"/>
      <link:loc xlink:type="locator" xlink:href="d-cu-2006-07-01.xsd#d-cu_FKP"
                xlink:label="FKP"
                xlink:title="FKP"/>
      <link:presentationArc xlink:type="arc" xlink:arcrole="http://www.xbrl.org/2003/arcrole/parent-child"
                            xlink:from="CurrencyCodeDomain"
                            xlink:to="FKP"
                            xlink:title="presentation: CurrencyCodeDomain to FKP"
                            order="49.0"/>
      <link:loc xlink:type="locator" xlink:href="d-cu-2006-07-01.xsd#d-cu_GBP"
                xlink:label="GBP"
                xlink:title="GBP"/>
      <link:presentationArc xlink:type="arc" xlink:arcrole="http://www.xbrl.org/2003/arcrole/parent-child"
                            xlink:from="CurrencyCodeDomain"
                            xlink:to="GBP"
                            xlink:title="presentation: CurrencyCodeDomain to GBP"
                            order="50.0"/>
      <link:loc xlink:type="locator" xlink:href="d-cu-2006-07-01.xsd#d-cu_GEL"
                xlink:label="GEL"
                xlink:title="GEL"/>
      <link:presentationArc xlink:type="arc" xlink:arcrole="http://www.xbrl.org/2003/arcrole/parent-child"
                            xlink:from="CurrencyCodeDomain"
                            xlink:to="GEL"
                            xlink:title="presentation: CurrencyCodeDomain to GEL"
                            order="51.0"/>
      <link:loc xlink:type="locator" xlink:href="d-cu-2006-07-01.xsd#d-cu_GGP"
                xlink:label="GGP"
                xlink:title="GGP"/>
      <link:presentationArc xlink:type="arc" xlink:arcrole="http://www.xbrl.org/2003/arcrole/parent-child"
                            xlink:from="CurrencyCodeDomain"
                            xlink:to="GGP"
                            xlink:title="presentation: CurrencyCodeDomain to GGP"
                            order="52.0"/>
      <link:loc xlink:type="locator" xlink:href="d-cu-2006-07-01.xsd#d-cu_GHC"
                xlink:label="GHC"
                xlink:title="GHC"/>
      <link:presentationArc xlink:type="arc" xlink:arcrole="http://www.xbrl.org/2003/arcrole/parent-child"
                            xlink:from="CurrencyCodeDomain"
                            xlink:to="GHC"
                            xlink:title="presentation: CurrencyCodeDomain to GHC"
                            order="53.0"/>
      <link:loc xlink:type="locator" xlink:href="d-cu-2006-07-01.xsd#d-cu_GIP"
                xlink:label="GIP"
                xlink:title="GIP"/>
      <link:presentationArc xlink:type="arc" xlink:arcrole="http://www.xbrl.org/2003/arcrole/parent-child"
                            xlink:from="CurrencyCodeDomain"
                            xlink:to="GIP"
                            xlink:title="presentation: CurrencyCodeDomain to GIP"
                            order="54.0"/>
      <link:loc xlink:type="locator" xlink:href="d-cu-2006-07-01.xsd#d-cu_GMD"
                xlink:label="GMD"
                xlink:title="GMD"/>
      <link:presentationArc xlink:type="arc" xlink:arcrole="http://www.xbrl.org/2003/arcrole/parent-child"
                            xlink:from="CurrencyCodeDomain"
                            xlink:to="GMD"
                            xlink:title="presentation: CurrencyCodeDomain to GMD"
                            order="55.0"/>
      <link:loc xlink:type="locator" xlink:href="d-cu-2006-07-01.xsd#d-cu_GNF"
                xlink:label="GNF"
                xlink:title="GNF"/>
      <link:presentationArc xlink:type="arc" xlink:arcrole="http://www.xbrl.org/2003/arcrole/parent-child"
                            xlink:from="CurrencyCodeDomain"
                            xlink:to="GNF"
                            xlink:title="presentation: CurrencyCodeDomain to GNF"
                            order="56.0"/>
      <link:loc xlink:type="locator" xlink:href="d-cu-2006-07-01.xsd#d-cu_GTQ"
                xlink:label="GTQ"
                xlink:title="GTQ"/>
      <link:presentationArc xlink:type="arc" xlink:arcrole="http://www.xbrl.org/2003/arcrole/parent-child"
                            xlink:from="CurrencyCodeDomain"
                            xlink:to="GTQ"
                            xlink:title="presentation: CurrencyCodeDomain to GTQ"
                            order="57.0"/>
      <link:loc xlink:type="locator" xlink:href="d-cu-2006-07-01.xsd#d-cu_GYD"
                xlink:label="GYD"
                xlink:title="GYD"/>
      <link:presentationArc xlink:type="arc" xlink:arcrole="http://www.xbrl.org/2003/arcrole/parent-child"
                            xlink:from="CurrencyCodeDomain"
                            xlink:to="GYD"
                            xlink:title="presentation: CurrencyCodeDomain to GYD"
                            order="58.0"/>
      <link:loc xlink:type="locator" xlink:href="d-cu-2006-07-01.xsd#d-cu_HKD"
                xlink:label="HKD"
                xlink:title="HKD"/>
      <link:presentationArc xlink:type="arc" xlink:arcrole="http://www.xbrl.org/2003/arcrole/parent-child"
                            xlink:from="CurrencyCodeDomain"
                            xlink:to="HKD"
                            xlink:title="presentation: CurrencyCodeDomain to HKD"
                            order="59.0"/>
      <link:loc xlink:type="locator" xlink:href="d-cu-2006-07-01.xsd#d-cu_HNL"
                xlink:label="HNL"
                xlink:title="HNL"/>
      <link:presentationArc xlink:type="arc" xlink:arcrole="http://www.xbrl.org/2003/arcrole/parent-child"
                            xlink:from="CurrencyCodeDomain"
                            xlink:to="HNL"
                            xlink:title="presentation: CurrencyCodeDomain to HNL"
                            order="60.0"/>
      <link:loc xlink:type="locator" xlink:href="d-cu-2006-07-01.xsd#d-cu_HRK"
                xlink:label="HRK"
                xlink:title="HRK"/>
      <link:presentationArc xlink:type="arc" xlink:arcrole="http://www.xbrl.org/2003/arcrole/parent-child"
                            xlink:from="CurrencyCodeDomain"
                            xlink:to="HRK"
                            xlink:title="presentation: CurrencyCodeDomain to HRK"
                            order="61.0"/>
      <link:loc xlink:type="locator" xlink:href="d-cu-2006-07-01.xsd#d-cu_HTG"
                xlink:label="HTG"
                xlink:title="HTG"/>
      <link:presentationArc xlink:type="arc" xlink:arcrole="http://www.xbrl.org/2003/arcrole/parent-child"
                            xlink:from="CurrencyCodeDomain"
                            xlink:to="HTG"
                            xlink:title="presentation: CurrencyCodeDomain to HTG"
                            order="62.0"/>
      <link:loc xlink:type="locator" xlink:href="d-cu-2006-07-01.xsd#d-cu_HUF"
                xlink:label="HUF"
                xlink:title="HUF"/>
      <link:presentationArc xlink:type="arc" xlink:arcrole="http://www.xbrl.org/2003/arcrole/parent-child"
                            xlink:from="CurrencyCodeDomain"
                            xlink:to="HUF"
                            xlink:title="presentation: CurrencyCodeDomain to HUF"
                            order="63.0"/>
      <link:loc xlink:type="locator" xlink:href="d-cu-2006-07-01.xsd#d-cu_IDR"
                xlink:label="IDR"
                xlink:title="IDR"/>
      <link:presentationArc xlink:type="arc" xlink:arcrole="http://www.xbrl.org/2003/arcrole/parent-child"
                            xlink:from="CurrencyCodeDomain"
                            xlink:to="IDR"
                            xlink:title="presentation: CurrencyCodeDomain to IDR"
                            order="64.0"/>
      <link:loc xlink:type="locator" xlink:href="d-cu-2006-07-01.xsd#d-cu_ILS"
                xlink:label="ILS"
                xlink:title="ILS"/>
      <link:presentationArc xlink:type="arc" xlink:arcrole="http://www.xbrl.org/2003/arcrole/parent-child"
                            xlink:from="CurrencyCodeDomain"
                            xlink:to="ILS"
                            xlink:title="presentation: CurrencyCodeDomain to ILS"
                            order="65.0"/>
      <link:loc xlink:type="locator" xlink:href="d-cu-2006-07-01.xsd#d-cu_IMP"
                xlink:label="IMP"
                xlink:title="IMP"/>
      <link:presentationArc xlink:type="arc" xlink:arcrole="http://www.xbrl.org/2003/arcrole/parent-child"
                            xlink:from="CurrencyCodeDomain"
                            xlink:to="IMP"
                            xlink:title="presentation: CurrencyCodeDomain to IMP"
                            order="66.0"/>
      <link:loc xlink:type="locator" xlink:href="d-cu-2006-07-01.xsd#d-cu_INR"
                xlink:label="INR"
                xlink:title="INR"/>
      <link:presentationArc xlink:type="arc" xlink:arcrole="http://www.xbrl.org/2003/arcrole/parent-child"
                            xlink:from="CurrencyCodeDomain"
                            xlink:to="INR"
                            xlink:title="presentation: CurrencyCodeDomain to INR"
                            order="67.0"/>
      <link:loc xlink:type="locator" xlink:href="d-cu-2006-07-01.xsd#d-cu_IQD"
                xlink:label="IQD"
                xlink:title="IQD"/>
      <link:presentationArc xlink:type="arc" xlink:arcrole="http://www.xbrl.org/2003/arcrole/parent-child"
                            xlink:from="CurrencyCodeDomain"
                            xlink:to="IQD"
                            xlink:title="presentation: CurrencyCodeDomain to IQD"
                            order="68.0"/>
      <link:loc xlink:type="locator" xlink:href="d-cu-2006-07-01.xsd#d-cu_IRR"
                xlink:label="IRR"
                xlink:title="IRR"/>
      <link:presentationArc xlink:type="arc" xlink:arcrole="http://www.xbrl.org/2003/arcrole/parent-child"
                            xlink:from="CurrencyCodeDomain"
                            xlink:to="IRR"
                            xlink:title="presentation: CurrencyCodeDomain to IRR"
                            order="69.0"/>
      <link:loc xlink:type="locator" xlink:href="d-cu-2006-07-01.xsd#d-cu_ISK"
                xlink:label="ISK"
                xlink:title="ISK"/>
      <link:presentationArc xlink:type="arc" xlink:arcrole="http://www.xbrl.org/2003/arcrole/parent-child"
                            xlink:from="CurrencyCodeDomain"
                            xlink:to="ISK"
                            xlink:title="presentation: CurrencyCodeDomain to ISK"
                            order="70.0"/>
      <link:loc xlink:type="locator" xlink:href="d-cu-2006-07-01.xsd#d-cu_JEP"
                xlink:label="JEP"
                xlink:title="JEP"/>
      <link:presentationArc xlink:type="arc" xlink:arcrole="http://www.xbrl.org/2003/arcrole/parent-child"
                            xlink:from="CurrencyCodeDomain"
                            xlink:to="JEP"
                            xlink:title="presentation: CurrencyCodeDomain to JEP"
                            order="71.0"/>
      <link:loc xlink:type="locator" xlink:href="d-cu-2006-07-01.xsd#d-cu_JMD"
                xlink:label="JMD"
                xlink:title="JMD"/>
      <link:presentationArc xlink:type="arc" xlink:arcrole="http://www.xbrl.org/2003/arcrole/parent-child"
                            xlink:from="CurrencyCodeDomain"
                            xlink:to="JMD"
                            xlink:title="presentation: CurrencyCodeDomain to JMD"
                            order="72.0"/>
      <link:loc xlink:type="locator" xlink:href="d-cu-2006-07-01.xsd#d-cu_JOD"
                xlink:label="JOD"
                xlink:title="JOD"/>
      <link:presentationArc xlink:type="arc" xlink:arcrole="http://www.xbrl.org/2003/arcrole/parent-child"
                            xlink:from="CurrencyCodeDomain"
                            xlink:to="JOD"
                            xlink:title="presentation: CurrencyCodeDomain to JOD"
                            order="73.0"/>
      <link:loc xlink:type="locator" xlink:href="d-cu-2006-07-01.xsd#d-cu_JPY"
                xlink:label="JPY"
                xlink:title="JPY"/>
      <link:presentationArc xlink:type="arc" xlink:arcrole="http://www.xbrl.org/2003/arcrole/parent-child"
                            xlink:from="CurrencyCodeDomain"
                            xlink:to="JPY"
                            xlink:title="presentation: CurrencyCodeDomain to JPY"
                            order="74.0"/>
      <link:loc xlink:type="locator" xlink:href="d-cu-2006-07-01.xsd#d-cu_KES"
                xlink:label="KES"
                xlink:title="KES"/>
      <link:presentationArc xlink:type="arc" xlink:arcrole="http://www.xbrl.org/2003/arcrole/parent-child"
                            xlink:from="CurrencyCodeDomain"
                            xlink:to="KES"
                            xlink:title="presentation: CurrencyCodeDomain to KES"
                            order="75.0"/>
      <link:loc xlink:type="locator" xlink:href="d-cu-2006-07-01.xsd#d-cu_KGS"
                xlink:label="KGS"
                xlink:title="KGS"/>
      <link:presentationArc xlink:type="arc" xlink:arcrole="http://www.xbrl.org/2003/arcrole/parent-child"
                            xlink:from="CurrencyCodeDomain"
                            xlink:to="KGS"
                            xlink:title="presentation: CurrencyCodeDomain to KGS"
                            order="76.0"/>
      <link:loc xlink:type="locator" xlink:href="d-cu-2006-07-01.xsd#d-cu_KHR"
                xlink:label="KHR"
                xlink:title="KHR"/>
      <link:presentationArc xlink:type="arc" xlink:arcrole="http://www.xbrl.org/2003/arcrole/parent-child"
                            xlink:from="CurrencyCodeDomain"
                            xlink:to="KHR"
                            xlink:title="presentation: CurrencyCodeDomain to KHR"
                            order="77.0"/>
      <link:loc xlink:type="locator" xlink:href="d-cu-2006-07-01.xsd#d-cu_KMF"
                xlink:label="KMF"
                xlink:title="KMF"/>
      <link:presentationArc xlink:type="arc" xlink:arcrole="http://www.xbrl.org/2003/arcrole/parent-child"
                            xlink:from="CurrencyCodeDomain"
                            xlink:to="KMF"
                            xlink:title="presentation: CurrencyCodeDomain to KMF"
                            order="78.0"/>
      <link:loc xlink:type="locator" xlink:href="d-cu-2006-07-01.xsd#d-cu_KPW"
                xlink:label="KPW"
                xlink:title="KPW"/>
      <link:presentationArc xlink:type="arc" xlink:arcrole="http://www.xbrl.org/2003/arcrole/parent-child"
                            xlink:from="CurrencyCodeDomain"
                            xlink:to="KPW"
                            xlink:title="presentation: CurrencyCodeDomain to KPW"
                            order="79.0"/>
      <link:loc xlink:type="locator" xlink:href="d-cu-2006-07-01.xsd#d-cu_KRW"
                xlink:label="KRW"
                xlink:title="KRW"/>
      <link:presentationArc xlink:type="arc" xlink:arcrole="http://www.xbrl.org/2003/arcrole/parent-child"
                            xlink:from="CurrencyCodeDomain"
                            xlink:to="KRW"
                            xlink:title="presentation: CurrencyCodeDomain to KRW"
                            order="80.0"/>
      <link:loc xlink:type="locator" xlink:href="d-cu-2006-07-01.xsd#d-cu_KWD"
                xlink:label="KWD"
                xlink:title="KWD"/>
      <link:presentationArc xlink:type="arc" xlink:arcrole="http://www.xbrl.org/2003/arcrole/parent-child"
                            xlink:from="CurrencyCodeDomain"
                            xlink:to="KWD"
                            xlink:title="presentation: CurrencyCodeDomain to KWD"
                            order="81.0"/>
      <link:loc xlink:type="locator" xlink:href="d-cu-2006-07-01.xsd#d-cu_KYD"
                xlink:label="KYD"
                xlink:title="KYD"/>
      <link:presentationArc xlink:type="arc" xlink:arcrole="http://www.xbrl.org/2003/arcrole/parent-child"
                            xlink:from="CurrencyCodeDomain"
                            xlink:to="KYD"
                            xlink:title="presentation: CurrencyCodeDomain to KYD"
                            order="82.0"/>
      <link:loc xlink:type="locator" xlink:href="d-cu-2006-07-01.xsd#d-cu_KZT"
                xlink:label="KZT"
                xlink:title="KZT"/>
      <link:presentationArc xlink:type="arc" xlink:arcrole="http://www.xbrl.org/2003/arcrole/parent-child"
                            xlink:from="CurrencyCodeDomain"
                            xlink:to="KZT"
                            xlink:title="presentation: CurrencyCodeDomain to KZT"
                            order="83.0"/>
      <link:loc xlink:type="locator" xlink:href="d-cu-2006-07-01.xsd#d-cu_LAK"
                xlink:label="LAK"
                xlink:title="LAK"/>
      <link:presentationArc xlink:type="arc" xlink:arcrole="http://www.xbrl.org/2003/arcrole/parent-child"
                            xlink:from="CurrencyCodeDomain"
                            xlink:to="LAK"
                            xlink:title="presentation: CurrencyCodeDomain to LAK"
                            order="84.0"/>
      <link:loc xlink:type="locator" xlink:href="d-cu-2006-07-01.xsd#d-cu_LBP"
                xlink:label="LBP"
                xlink:title="LBP"/>
      <link:presentationArc xlink:type="arc" xlink:arcrole="http://www.xbrl.org/2003/arcrole/parent-child"
                            xlink:from="CurrencyCodeDomain"
                            xlink:to="LBP"
                            xlink:title="presentation: CurrencyCodeDomain to LBP"
                            order="85.0"/>
      <link:loc xlink:type="locator" xlink:href="d-cu-2006-07-01.xsd#d-cu_LKR"
                xlink:label="LKR"
                xlink:title="LKR"/>
      <link:presentationArc xlink:type="arc" xlink:arcrole="http://www.xbrl.org/2003/arcrole/parent-child"
                            xlink:from="CurrencyCodeDomain"
                            xlink:to="LKR"
                            xlink:title="presentation: CurrencyCodeDomain to LKR"
                            order="86.0"/>
      <link:loc xlink:type="locator" xlink:href="d-cu-2006-07-01.xsd#d-cu_LRD"
                xlink:label="LRD"
                xlink:title="LRD"/>
      <link:presentationArc xlink:type="arc" xlink:arcrole="http://www.xbrl.org/2003/arcrole/parent-child"
                            xlink:from="CurrencyCodeDomain"
                            xlink:to="LRD"
                            xlink:title="presentation: CurrencyCodeDomain to LRD"
                            order="87.0"/>
      <link:loc xlink:type="locator" xlink:href="d-cu-2006-07-01.xsd#d-cu_LSL"
                xlink:label="LSL"
                xlink:title="LSL"/>
      <link:presentationArc xlink:type="arc" xlink:arcrole="http://www.xbrl.org/2003/arcrole/parent-child"
                            xlink:from="CurrencyCodeDomain"
                            xlink:to="LSL"
                            xlink:title="presentation: CurrencyCodeDomain to LSL"
                            order="88.0"/>
      <link:loc xlink:type="locator" xlink:href="d-cu-2006-07-01.xsd#d-cu_LTL"
                xlink:label="LTL"
                xlink:title="LTL"/>
      <link:presentationArc xlink:type="arc" xlink:arcrole="http://www.xbrl.org/2003/arcrole/parent-child"
                            xlink:from="CurrencyCodeDomain"
                            xlink:to="LTL"
                            xlink:title="presentation: CurrencyCodeDomain to LTL"
                            order="89.0"/>
      <link:loc xlink:type="locator" xlink:href="d-cu-2006-07-01.xsd#d-cu_LVL"
                xlink:label="LVL"
                xlink:title="LVL"/>
      <link:presentationArc xlink:type="arc" xlink:arcrole="http://www.xbrl.org/2003/arcrole/parent-child"
                            xlink:from="CurrencyCodeDomain"
                            xlink:to="LVL"
                            xlink:title="presentation: CurrencyCodeDomain to LVL"
                            order="90.0"/>
      <link:loc xlink:type="locator" xlink:href="d-cu-2006-07-01.xsd#d-cu_LYD"
                xlink:label="LYD"
                xlink:title="LYD"/>
      <link:presentationArc xlink:type="arc" xlink:arcrole="http://www.xbrl.org/2003/arcrole/parent-child"
                            xlink:from="CurrencyCodeDomain"
                            xlink:to="LYD"
                            xlink:title="presentation: CurrencyCodeDomain to LYD"
                            order="91.0"/>
      <link:loc xlink:type="locator" xlink:href="d-cu-2006-07-01.xsd#d-cu_MAD"
                xlink:label="MAD"
                xlink:title="MAD"/>
      <link:presentationArc xlink:type="arc" xlink:arcrole="http://www.xbrl.org/2003/arcrole/parent-child"
                            xlink:from="CurrencyCodeDomain"
                            xlink:to="MAD"
                            xlink:title="presentation: CurrencyCodeDomain to MAD"
                            order="92.0"/>
      <link:loc xlink:type="locator" xlink:href="d-cu-2006-07-01.xsd#d-cu_MDL"
                xlink:label="MDL"
                xlink:title="MDL"/>
      <link:presentationArc xlink:type="arc" xlink:arcrole="http://www.xbrl.org/2003/arcrole/parent-child"
                            xlink:from="CurrencyCodeDomain"
                            xlink:to="MDL"
                            xlink:title="presentation: CurrencyCodeDomain to MDL"
                            order="93.0"/>
      <link:loc xlink:type="locator" xlink:href="d-cu-2006-07-01.xsd#d-cu_MGA"
                xlink:label="MGA"
                xlink:title="MGA"/>
      <link:presentationArc xlink:type="arc" xlink:arcrole="http://www.xbrl.org/2003/arcrole/parent-child"
                            xlink:from="CurrencyCodeDomain"
                            xlink:to="MGA"
                            xlink:title="presentation: CurrencyCodeDomain to MGA"
                            order="94.0"/>
      <link:loc xlink:type="locator" xlink:href="d-cu-2006-07-01.xsd#d-cu_MKD"
                xlink:label="MKD"
                xlink:title="MKD"/>
      <link:presentationArc xlink:type="arc" xlink:arcrole="http://www.xbrl.org/2003/arcrole/parent-child"
                            xlink:from="CurrencyCodeDomain"
                            xlink:to="MKD"
                            xlink:title="presentation: CurrencyCodeDomain to MKD"
                            order="95.0"/>
      <link:loc xlink:type="locator" xlink:href="d-cu-2006-07-01.xsd#d-cu_MMK"
                xlink:label="MMK"
                xlink:title="MMK"/>
      <link:presentationArc xlink:type="arc" xlink:arcrole="http://www.xbrl.org/2003/arcrole/parent-child"
                            xlink:from="CurrencyCodeDomain"
                            xlink:to="MMK"
                            xlink:title="presentation: CurrencyCodeDomain to MMK"
                            order="96.0"/>
      <link:loc xlink:type="locator" xlink:href="d-cu-2006-07-01.xsd#d-cu_MNT"
                xlink:label="MNT"
                xlink:title="MNT"/>
      <link:presentationArc xlink:type="arc" xlink:arcrole="http://www.xbrl.org/2003/arcrole/parent-child"
                            xlink:from="CurrencyCodeDomain"
                            xlink:to="MNT"
                            xlink:title="presentation: CurrencyCodeDomain to MNT"
                            order="97.0"/>
      <link:loc xlink:type="locator" xlink:href="d-cu-2006-07-01.xsd#d-cu_MOP"
                xlink:label="MOP"
                xlink:title="MOP"/>
      <link:presentationArc xlink:type="arc" xlink:arcrole="http://www.xbrl.org/2003/arcrole/parent-child"
                            xlink:from="CurrencyCodeDomain"
                            xlink:to="MOP"
                            xlink:title="presentation: CurrencyCodeDomain to MOP"
                            order="98.0"/>
      <link:loc xlink:type="locator" xlink:href="d-cu-2006-07-01.xsd#d-cu_MRO"
                xlink:label="MRO"
                xlink:title="MRO"/>
      <link:presentationArc xlink:type="arc" xlink:arcrole="http://www.xbrl.org/2003/arcrole/parent-child"
                            xlink:from="CurrencyCodeDomain"
                            xlink:to="MRO"
                            xlink:title="presentation: CurrencyCodeDomain to MRO"
                            order="99.0"/>
      <link:loc xlink:type="locator" xlink:href="d-cu-2006-07-01.xsd#d-cu_MTL"
                xlink:label="MTL"
                xlink:title="MTL"/>
      <link:presentationArc xlink:type="arc" xlink:arcrole="http://www.xbrl.org/2003/arcrole/parent-child"
                            xlink:from="CurrencyCodeDomain"
                            xlink:to="MTL"
                            xlink:title="presentation: CurrencyCodeDomain to MTL"
                            order="100.0"/>
      <link:loc xlink:type="locator" xlink:href="d-cu-2006-07-01.xsd#d-cu_MUR"
                xlink:label="MUR"
                xlink:title="MUR"/>
      <link:presentationArc xlink:type="arc" xlink:arcrole="http://www.xbrl.org/2003/arcrole/parent-child"
                            xlink:from="CurrencyCodeDomain"
                            xlink:to="MUR"
                            xlink:title="presentation: CurrencyCodeDomain to MUR"
                            order="101.0"/>
      <link:loc xlink:type="locator" xlink:href="d-cu-2006-07-01.xsd#d-cu_MVR"
                xlink:label="MVR"
                xlink:title="MVR"/>
      <link:presentationArc xlink:type="arc" xlink:arcrole="http://www.xbrl.org/2003/arcrole/parent-child"
                            xlink:from="CurrencyCodeDomain"
                            xlink:to="MVR"
                            xlink:title="presentation: CurrencyCodeDomain to MVR"
                            order="102.0"/>
      <link:loc xlink:type="locator" xlink:href="d-cu-2006-07-01.xsd#d-cu_MWK"
                xlink:label="MWK"
                xlink:title="MWK"/>
      <link:presentationArc xlink:type="arc" xlink:arcrole="http://www.xbrl.org/2003/arcrole/parent-child"
                            xlink:from="CurrencyCodeDomain"
                            xlink:to="MWK"
                            xlink:title="presentation: CurrencyCodeDomain to MWK"
                            order="103.0"/>
      <link:loc xlink:type="locator" xlink:href="d-cu-2006-07-01.xsd#d-cu_MXN"
                xlink:label="MXN"
                xlink:title="MXN"/>
      <link:presentationArc xlink:type="arc" xlink:arcrole="http://www.xbrl.org/2003/arcrole/parent-child"
                            xlink:from="CurrencyCodeDomain"
                            xlink:to="MXN"
                            xlink:title="presentation: CurrencyCodeDomain to MXN"
                            order="104.0"/>
      <link:loc xlink:type="locator" xlink:href="d-cu-2006-07-01.xsd#d-cu_MYR"
                xlink:label="MYR"
                xlink:title="MYR"/>
      <link:presentationArc xlink:type="arc" xlink:arcrole="http://www.xbrl.org/2003/arcrole/parent-child"
                            xlink:from="CurrencyCodeDomain"
                            xlink:to="MYR"
                            xlink:title="presentation: CurrencyCodeDomain to MYR"
                            order="105.0"/>
      <link:loc xlink:type="locator" xlink:href="d-cu-2006-07-01.xsd#d-cu_MZM"
                xlink:label="MZM"
                xlink:title="MZM"/>
      <link:presentationArc xlink:type="arc" xlink:arcrole="http://www.xbrl.org/2003/arcrole/parent-child"
                            xlink:from="CurrencyCodeDomain"
                            xlink:to="MZM"
                            xlink:title="presentation: CurrencyCodeDomain to MZM"
                            order="106.0"/>
      <link:loc xlink:type="locator" xlink:href="d-cu-2006-07-01.xsd#d-cu_NAD"
                xlink:label="NAD"
                xlink:title="NAD"/>
      <link:presentationArc xlink:type="arc" xlink:arcrole="http://www.xbrl.org/2003/arcrole/parent-child"
                            xlink:from="CurrencyCodeDomain"
                            xlink:to="NAD"
                            xlink:title="presentation: CurrencyCodeDomain to NAD"
                            order="107.0"/>
      <link:loc xlink:type="locator" xlink:href="d-cu-2006-07-01.xsd#d-cu_NGN"
                xlink:label="NGN"
                xlink:title="NGN"/>
      <link:presentationArc xlink:type="arc" xlink:arcrole="http://www.xbrl.org/2003/arcrole/parent-child"
                            xlink:from="CurrencyCodeDomain"
                            xlink:to="NGN"
                            xlink:title="presentation: CurrencyCodeDomain to NGN"
                            order="108.0"/>
      <link:loc xlink:type="locator" xlink:href="d-cu-2006-07-01.xsd#d-cu_NIO"
                xlink:label="NIO"
                xlink:title="NIO"/>
      <link:presentationArc xlink:type="arc" xlink:arcrole="http://www.xbrl.org/2003/arcrole/parent-child"
                            xlink:from="CurrencyCodeDomain"
                            xlink:to="NIO"
                            xlink:title="presentation: CurrencyCodeDomain to NIO"
                            order="109.0"/>
      <link:loc xlink:type="locator" xlink:href="d-cu-2006-07-01.xsd#d-cu_NOK"
                xlink:label="NOK"
                xlink:title="NOK"/>
      <link:presentationArc xlink:type="arc" xlink:arcrole="http://www.xbrl.org/2003/arcrole/parent-child"
                            xlink:from="CurrencyCodeDomain"
                            xlink:to="NOK"
                            xlink:title="presentation: CurrencyCodeDomain to NOK"
                            order="110.0"/>
      <link:loc xlink:type="locator" xlink:href="d-cu-2006-07-01.xsd#d-cu_NPR"
                xlink:label="NPR"
                xlink:title="NPR"/>
      <link:presentationArc xlink:type="arc" xlink:arcrole="http://www.xbrl.org/2003/arcrole/parent-child"
                            xlink:from="CurrencyCodeDomain"
                            xlink:to="NPR"
                            xlink:title="presentation: CurrencyCodeDomain to NPR"
                            order="111.0"/>
      <link:loc xlink:type="locator" xlink:href="d-cu-2006-07-01.xsd#d-cu_NZD"
                xlink:label="NZD"
                xlink:title="NZD"/>
      <link:presentationArc xlink:type="arc" xlink:arcrole="http://www.xbrl.org/2003/arcrole/parent-child"
                            xlink:from="CurrencyCodeDomain"
                            xlink:to="NZD"
                            xlink:title="presentation: CurrencyCodeDomain to NZD"
                            order="112.0"/>
      <link:loc xlink:type="locator" xlink:href="d-cu-2006-07-01.xsd#d-cu_OMR"
                xlink:label="OMR"
                xlink:title="OMR"/>
      <link:presentationArc xlink:type="arc" xlink:arcrole="http://www.xbrl.org/2003/arcrole/parent-child"
                            xlink:from="CurrencyCodeDomain"
                            xlink:to="OMR"
                            xlink:title="presentation: CurrencyCodeDomain to OMR"
                            order="113.0"/>
      <link:loc xlink:type="locator" xlink:href="d-cu-2006-07-01.xsd#d-cu_PAB"
                xlink:label="PAB"
                xlink:title="PAB"/>
      <link:presentationArc xlink:type="arc" xlink:arcrole="http://www.xbrl.org/2003/arcrole/parent-child"
                            xlink:from="CurrencyCodeDomain"
                            xlink:to="PAB"
                            xlink:title="presentation: CurrencyCodeDomain to PAB"
                            order="114.0"/>
      <link:loc xlink:type="locator" xlink:href="d-cu-2006-07-01.xsd#d-cu_PEN"
                xlink:label="PEN"
                xlink:title="PEN"/>
      <link:presentationArc xlink:type="arc" xlink:arcrole="http://www.xbrl.org/2003/arcrole/parent-child"
                            xlink:from="CurrencyCodeDomain"
                            xlink:to="PEN"
                            xlink:title="presentation: CurrencyCodeDomain to PEN"
                            order="115.0"/>
      <link:loc xlink:type="locator" xlink:href="d-cu-2006-07-01.xsd#d-cu_PGK"
                xlink:label="PGK"
                xlink:title="PGK"/>
      <link:presentationArc xlink:type="arc" xlink:arcrole="http://www.xbrl.org/2003/arcrole/parent-child"
                            xlink:from="CurrencyCodeDomain"
                            xlink:to="PGK"
                            xlink:title="presentation: CurrencyCodeDomain to PGK"
                            order="116.0"/>
      <link:loc xlink:type="locator" xlink:href="d-cu-2006-07-01.xsd#d-cu_PHP"
                xlink:label="PHP"
                xlink:title="PHP"/>
      <link:presentationArc xlink:type="arc" xlink:arcrole="http://www.xbrl.org/2003/arcrole/parent-child"
                            xlink:from="CurrencyCodeDomain"
                            xlink:to="PHP"
                            xlink:title="presentation: CurrencyCodeDomain to PHP"
                            order="117.0"/>
      <link:loc xlink:type="locator" xlink:href="d-cu-2006-07-01.xsd#d-cu_PKR"
                xlink:label="PKR"
                xlink:title="PKR"/>
      <link:presentationArc xlink:type="arc" xlink:arcrole="http://www.xbrl.org/2003/arcrole/parent-child"
                            xlink:from="CurrencyCodeDomain"
                            xlink:to="PKR"
                            xlink:title="presentation: CurrencyCodeDomain to PKR"
                            order="118.0"/>
      <link:loc xlink:type="locator" xlink:href="d-cu-2006-07-01.xsd#d-cu_PLN"
                xlink:label="PLN"
                xlink:title="PLN"/>
      <link:presentationArc xlink:type="arc" xlink:arcrole="http://www.xbrl.org/2003/arcrole/parent-child"
                            xlink:from="CurrencyCodeDomain"
                            xlink:to="PLN"
                            xlink:title="presentation: CurrencyCodeDomain to PLN"
                            order="119.0"/>
      <link:loc xlink:type="locator" xlink:href="d-cu-2006-07-01.xsd#d-cu_PYG"
                xlink:label="PYG"
                xlink:title="PYG"/>
      <link:presentationArc xlink:type="arc" xlink:arcrole="http://www.xbrl.org/2003/arcrole/parent-child"
                            xlink:from="CurrencyCodeDomain"
                            xlink:to="PYG"
                            xlink:title="presentation: CurrencyCodeDomain to PYG"
                            order="120.0"/>
      <link:loc xlink:type="locator" xlink:href="d-cu-2006-07-01.xsd#d-cu_QAR"
                xlink:label="QAR"
                xlink:title="QAR"/>
      <link:presentationArc xlink:type="arc" xlink:arcrole="http://www.xbrl.org/2003/arcrole/parent-child"
                            xlink:from="CurrencyCodeDomain"
                            xlink:to="QAR"
                            xlink:title="presentation: CurrencyCodeDomain to QAR"
                            order="121.0"/>
      <link:loc xlink:type="locator" xlink:href="d-cu-2006-07-01.xsd#d-cu_ROL"
                xlink:label="ROL"
                xlink:title="ROL"/>
      <link:presentationArc xlink:type="arc" xlink:arcrole="http://www.xbrl.org/2003/arcrole/parent-child"
                            xlink:from="CurrencyCodeDomain"
                            xlink:to="ROL"
                            xlink:title="presentation: CurrencyCodeDomain to ROL"
                            order="122.0"/>
      <link:loc xlink:type="locator" xlink:href="d-cu-2006-07-01.xsd#d-cu_RON"
                xlink:label="RON"
                xlink:title="RON"/>
      <link:presentationArc xlink:type="arc" xlink:arcrole="http://www.xbrl.org/2003/arcrole/parent-child"
                            xlink:from="CurrencyCodeDomain"
                            xlink:to="RON"
                            xlink:title="presentation: CurrencyCodeDomain to RON"
                            order="123.0"/>
      <link:loc xlink:type="locator" xlink:href="d-cu-2006-07-01.xsd#d-cu_RUB"
                xlink:label="RUB"
                xlink:title="RUB"/>
      <link:presentationArc xlink:type="arc" xlink:arcrole="http://www.xbrl.org/2003/arcrole/parent-child"
                            xlink:from="CurrencyCodeDomain"
                            xlink:to="RUB"
                            xlink:title="presentation: CurrencyCodeDomain to RUB"
                            order="124.0"/>
      <link:loc xlink:type="locator" xlink:href="d-cu-2006-07-01.xsd#d-cu_RWF"
                xlink:label="RWF"
                xlink:title="RWF"/>
      <link:presentationArc xlink:type="arc" xlink:arcrole="http://www.xbrl.org/2003/arcrole/parent-child"
                            xlink:from="CurrencyCodeDomain"
                            xlink:to="RWF"
                            xlink:title="presentation: CurrencyCodeDomain to RWF"
                            order="125.0"/>
      <link:loc xlink:type="locator" xlink:href="d-cu-2006-07-01.xsd#d-cu_SAR"
                xlink:label="SAR"
                xlink:title="SAR"/>
      <link:presentationArc xlink:type="arc" xlink:arcrole="http://www.xbrl.org/2003/arcrole/parent-child"
                            xlink:from="CurrencyCodeDomain"
                            xlink:to="SAR"
                            xlink:title="presentation: CurrencyCodeDomain to SAR"
                            order="126.0"/>
      <link:loc xlink:type="locator" xlink:href="d-cu-2006-07-01.xsd#d-cu_SBD"
                xlink:label="SBD"
                xlink:title="SBD"/>
      <link:presentationArc xlink:type="arc" xlink:arcrole="http://www.xbrl.org/2003/arcrole/parent-child"
                            xlink:from="CurrencyCodeDomain"
                            xlink:to="SBD"
                            xlink:title="presentation: CurrencyCodeDomain to SBD"
                            order="127.0"/>
      <link:loc xlink:type="locator" xlink:href="d-cu-2006-07-01.xsd#d-cu_SCR"
                xlink:label="SCR"
                xlink:title="SCR"/>
      <link:presentationArc xlink:type="arc" xlink:arcrole="http://www.xbrl.org/2003/arcrole/parent-child"
                            xlink:from="CurrencyCodeDomain"
                            xlink:to="SCR"
                            xlink:title="presentation: CurrencyCodeDomain to SCR"
                            order="128.0"/>
      <link:loc xlink:type="locator" xlink:href="d-cu-2006-07-01.xsd#d-cu_SDD"
                xlink:label="SDD"
                xlink:title="SDD"/>
      <link:presentationArc xlink:type="arc" xlink:arcrole="http://www.xbrl.org/2003/arcrole/parent-child"
                            xlink:from="CurrencyCodeDomain"
                            xlink:to="SDD"
                            xlink:title="presentation: CurrencyCodeDomain to SDD"
                            order="129.0"/>
      <link:loc xlink:type="locator" xlink:href="d-cu-2006-07-01.xsd#d-cu_SEK"
                xlink:label="SEK"
                xlink:title="SEK"/>
      <link:presentationArc xlink:type="arc" xlink:arcrole="http://www.xbrl.org/2003/arcrole/parent-child"
                            xlink:from="CurrencyCodeDomain"
                            xlink:to="SEK"
                            xlink:title="presentation: CurrencyCodeDomain to SEK"
                            order="130.0"/>
      <link:loc xlink:type="locator" xlink:href="d-cu-2006-07-01.xsd#d-cu_SGD"
                xlink:label="SGD"
                xlink:title="SGD"/>
      <link:presentationArc xlink:type="arc" xlink:arcrole="http://www.xbrl.org/2003/arcrole/parent-child"
                            xlink:from="CurrencyCodeDomain"
                            xlink:to="SGD"
                            xlink:title="presentation: CurrencyCodeDomain to SGD"
                            order="131.0"/>
      <link:loc xlink:type="locator" xlink:href="d-cu-2006-07-01.xsd#d-cu_SHP"
                xlink:label="SHP"
                xlink:title="SHP"/>
      <link:presentationArc xlink:type="arc" xlink:arcrole="http://www.xbrl.org/2003/arcrole/parent-child"
                            xlink:from="CurrencyCodeDomain"
                            xlink:to="SHP"
                            xlink:title="presentation: CurrencyCodeDomain to SHP"
                            order="132.0"/>
      <link:loc xlink:type="locator" xlink:href="d-cu-2006-07-01.xsd#d-cu_SIT"
                xlink:label="SIT"
                xlink:title="SIT"/>
      <link:presentationArc xlink:type="arc" xlink:arcrole="http://www.xbrl.org/2003/arcrole/parent-child"
                            xlink:from="CurrencyCodeDomain"
                            xlink:to="SIT"
                            xlink:title="presentation: CurrencyCodeDomain to SIT"
                            order="133.0"/>
      <link:loc xlink:type="locator" xlink:href="d-cu-2006-07-01.xsd#d-cu_SKK"
                xlink:label="SKK"
                xlink:title="SKK"/>
      <link:presentationArc xlink:type="arc" xlink:arcrole="http://www.xbrl.org/2003/arcrole/parent-child"
                            xlink:from="CurrencyCodeDomain"
                            xlink:to="SKK"
                            xlink:title="presentation: CurrencyCodeDomain to SKK"
                            order="134.0"/>
      <link:loc xlink:type="locator" xlink:href="d-cu-2006-07-01.xsd#d-cu_SLL"
                xlink:label="SLL"
                xlink:title="SLL"/>
      <link:presentationArc xlink:type="arc" xlink:arcrole="http://www.xbrl.org/2003/arcrole/parent-child"
                            xlink:from="CurrencyCodeDomain"
                            xlink:to="SLL"
                            xlink:title="presentation: CurrencyCodeDomain to SLL"
                            order="135.0"/>
      <link:loc xlink:type="locator" xlink:href="d-cu-2006-07-01.xsd#d-cu_SOS"
                xlink:label="SOS"
                xlink:title="SOS"/>
      <link:presentationArc xlink:type="arc" xlink:arcrole="http://www.xbrl.org/2003/arcrole/parent-child"
                            xlink:from="CurrencyCodeDomain"
                            xlink:to="SOS"
                            xlink:title="presentation: CurrencyCodeDomain to SOS"
                            order="136.0"/>
      <link:loc xlink:type="locator" xlink:href="d-cu-2006-07-01.xsd#d-cu_SPL"
                xlink:label="SPL"
                xlink:title="SPL"/>
      <link:presentationArc xlink:type="arc" xlink:arcrole="http://www.xbrl.org/2003/arcrole/parent-child"
                            xlink:from="CurrencyCodeDomain"
                            xlink:to="SPL"
                            xlink:title="presentation: CurrencyCodeDomain to SPL"
                            order="137.0"/>
      <link:loc xlink:type="locator" xlink:href="d-cu-2006-07-01.xsd#d-cu_SRD"
                xlink:label="SRD"
                xlink:title="SRD"/>
      <link:presentationArc xlink:type="arc" xlink:arcrole="http://www.xbrl.org/2003/arcrole/parent-child"
                            xlink:from="CurrencyCodeDomain"
                            xlink:to="SRD"
                            xlink:title="presentation: CurrencyCodeDomain to SRD"
                            order="138.0"/>
      <link:loc xlink:type="locator" xlink:href="d-cu-2006-07-01.xsd#d-cu_STD"
                xlink:label="STD"
                xlink:title="STD"/>
      <link:presentationArc xlink:type="arc" xlink:arcrole="http://www.xbrl.org/2003/arcrole/parent-child"
                            xlink:from="CurrencyCodeDomain"
                            xlink:to="STD"
                            xlink:title="presentation: CurrencyCodeDomain to STD"
                            order="139.0"/>
      <link:loc xlink:type="locator" xlink:href="d-cu-2006-07-01.xsd#d-cu_SVC"
                xlink:label="SVC"
                xlink:title="SVC"/>
      <link:presentationArc xlink:type="arc" xlink:arcrole="http://www.xbrl.org/2003/arcrole/parent-child"
                            xlink:from="CurrencyCodeDomain"
                            xlink:to="SVC"
                            xlink:title="presentation: CurrencyCodeDomain to SVC"
                            order="140.0"/>
      <link:loc xlink:type="locator" xlink:href="d-cu-2006-07-01.xsd#d-cu_SYP"
                xlink:label="SYP"
                xlink:title="SYP"/>
      <link:presentationArc xlink:type="arc" xlink:arcrole="http://www.xbrl.org/2003/arcrole/parent-child"
                            xlink:from="CurrencyCodeDomain"
                            xlink:to="SYP"
                            xlink:title="presentation: CurrencyCodeDomain to SYP"
                            order="141.0"/>
      <link:loc xlink:type="locator" xlink:href="d-cu-2006-07-01.xsd#d-cu_SZL"
                xlink:label="SZL"
                xlink:title="SZL"/>
      <link:presentationArc xlink:type="arc" xlink:arcrole="http://www.xbrl.org/2003/arcrole/parent-child"
                            xlink:from="CurrencyCodeDomain"
                            xlink:to="SZL"
                            xlink:title="presentation: CurrencyCodeDomain to SZL"
                            order="142.0"/>
      <link:loc xlink:type="locator" xlink:href="d-cu-2006-07-01.xsd#d-cu_THB"
                xlink:label="THB"
                xlink:title="THB"/>
      <link:presentationArc xlink:type="arc" xlink:arcrole="http://www.xbrl.org/2003/arcrole/parent-child"
                            xlink:from="CurrencyCodeDomain"
                            xlink:to="THB"
                            xlink:title="presentation: CurrencyCodeDomain to THB"
                            order="143.0"/>
      <link:loc xlink:type="locator" xlink:href="d-cu-2006-07-01.xsd#d-cu_TJS"
                xlink:label="TJS"
                xlink:title="TJS"/>
      <link:presentationArc xlink:type="arc" xlink:arcrole="http://www.xbrl.org/2003/arcrole/parent-child"
                            xlink:from="CurrencyCodeDomain"
                            xlink:to="TJS"
                            xlink:title="presentation: CurrencyCodeDomain to TJS"
                            order="144.0"/>
      <link:loc xlink:type="locator" xlink:href="d-cu-2006-07-01.xsd#d-cu_TMM"
                xlink:label="TMM"
                xlink:title="TMM"/>
      <link:presentationArc xlink:type="arc" xlink:arcrole="http://www.xbrl.org/2003/arcrole/parent-child"
                            xlink:from="CurrencyCodeDomain"
                            xlink:to="TMM"
                            xlink:title="presentation: CurrencyCodeDomain to TMM"
                            order="145.0"/>
      <link:loc xlink:type="locator" xlink:href="d-cu-2006-07-01.xsd#d-cu_TND"
                xlink:label="TND"
                xlink:title="TND"/>
      <link:presentationArc xlink:type="arc" xlink:arcrole="http://www.xbrl.org/2003/arcrole/parent-child"
                            xlink:from="CurrencyCodeDomain"
                            xlink:to="TND"
                            xlink:title="presentation: CurrencyCodeDomain to TND"
                            order="146.0"/>
      <link:loc xlink:type="locator" xlink:href="d-cu-2006-07-01.xsd#d-cu_TOP"
                xlink:label="TOP"
                xlink:title="TOP"/>
      <link:presentationArc xlink:type="arc" xlink:arcrole="http://www.xbrl.org/2003/arcrole/parent-child"
                            xlink:from="CurrencyCodeDomain"
                            xlink:to="TOP"
                            xlink:title="presentation: CurrencyCodeDomain to TOP"
                            order="147.0"/>
      <link:loc xlink:type="locator" xlink:href="d-cu-2006-07-01.xsd#d-cu_TRY"
                xlink:label="TRY"
                xlink:title="TRY"/>
      <link:presentationArc xlink:type="arc" xlink:arcrole="http://www.xbrl.org/2003/arcrole/parent-child"
                            xlink:from="CurrencyCodeDomain"
                            xlink:to="TRY"
                            xlink:title="presentation: CurrencyCodeDomain to TRY"
                            order="148.0"/>
      <link:loc xlink:type="locator" xlink:href="d-cu-2006-07-01.xsd#d-cu_TTD"
                xlink:label="TTD"
                xlink:title="TTD"/>
      <link:presentationArc xlink:type="arc" xlink:arcrole="http://www.xbrl.org/2003/arcrole/parent-child"
                            xlink:from="CurrencyCodeDomain"
                            xlink:to="TTD"
                            xlink:title="presentation: CurrencyCodeDomain to TTD"
                            order="149.0"/>
      <link:loc xlink:type="locator" xlink:href="d-cu-2006-07-01.xsd#d-cu_TVD"
                xlink:label="TVD"
                xlink:title="TVD"/>
      <link:presentationArc xlink:type="arc" xlink:arcrole="http://www.xbrl.org/2003/arcrole/parent-child"
                            xlink:from="CurrencyCodeDomain"
                            xlink:to="TVD"
                            xlink:title="presentation: CurrencyCodeDomain to TVD"
                            order="150.0"/>
      <link:loc xlink:type="locator" xlink:href="d-cu-2006-07-01.xsd#d-cu_TWD"
                xlink:label="TWD"
                xlink:title="TWD"/>
      <link:presentationArc xlink:type="arc" xlink:arcrole="http://www.xbrl.org/2003/arcrole/parent-child"
                            xlink:from="CurrencyCodeDomain"
                            xlink:to="TWD"
                            xlink:title="presentation: CurrencyCodeDomain to TWD"
                            order="151.0"/>
      <link:loc xlink:type="locator" xlink:href="d-cu-2006-07-01.xsd#d-cu_TZS"
                xlink:label="TZS"
                xlink:title="TZS"/>
      <link:presentationArc xlink:type="arc" xlink:arcrole="http://www.xbrl.org/2003/arcrole/parent-child"
                            xlink:from="CurrencyCodeDomain"
                            xlink:to="TZS"
                            xlink:title="presentation: CurrencyCodeDomain to TZS"
                            order="152.0"/>
      <link:loc xlink:type="locator" xlink:href="d-cu-2006-07-01.xsd#d-cu_UAH"
                xlink:label="UAH"
                xlink:title="UAH"/>
      <link:presentationArc xlink:type="arc" xlink:arcrole="http://www.xbrl.org/2003/arcrole/parent-child"
                            xlink:from="CurrencyCodeDomain"
                            xlink:to="UAH"
                            xlink:title="presentation: CurrencyCodeDomain to UAH"
                            order="153.0"/>
      <link:loc xlink:type="locator" xlink:href="d-cu-2006-07-01.xsd#d-cu_UGX"
                xlink:label="UGX"
                xlink:title="UGX"/>
      <link:presentationArc xlink:type="arc" xlink:arcrole="http://www.xbrl.org/2003/arcrole/parent-child"
                            xlink:from="CurrencyCodeDomain"
                            xlink:to="UGX"
                            xlink:title="presentation: CurrencyCodeDomain to UGX"
                            order="154.0"/>
      <link:loc xlink:type="locator" xlink:href="d-cu-2006-07-01.xsd#d-cu_USD"
                xlink:label="USD"
                xlink:title="USD"/>
      <link:presentationArc xlink:type="arc" xlink:arcrole="http://www.xbrl.org/2003/arcrole/parent-child"
                            xlink:from="CurrencyCodeDomain"
                            xlink:to="USD"
                            xlink:title="presentation: CurrencyCodeDomain to USD"
                            order="155.0"/>
      <link:loc xlink:type="locator" xlink:href="d-cu-2006-07-01.xsd#d-cu_UYU"
                xlink:label="UYU"
                xlink:title="UYU"/>
      <link:presentationArc xlink:type="arc" xlink:arcrole="http://www.xbrl.org/2003/arcrole/parent-child"
                            xlink:from="CurrencyCodeDomain"
                            xlink:to="UYU"
                            xlink:title="presentation: CurrencyCodeDomain to UYU"
                            order="156.0"/>
      <link:loc xlink:type="locator" xlink:href="d-cu-2006-07-01.xsd#d-cu_UZS"
                xlink:label="UZS"
                xlink:title="UZS"/>
      <link:presentationArc xlink:type="arc" xlink:arcrole="http://www.xbrl.org/2003/arcrole/parent-child"
                            xlink:from="CurrencyCodeDomain"
                            xlink:to="UZS"
                            xlink:title="presentation: CurrencyCodeDomain to UZS"
                            order="157.0"/>
      <link:loc xlink:type="locator" xlink:href="d-cu-2006-07-01.xsd#d-cu_VEB"
                xlink:label="VEB"
                xlink:title="VEB"/>
      <link:presentationArc xlink:type="arc" xlink:arcrole="http://www.xbrl.org/2003/arcrole/parent-child"
                            xlink:from="CurrencyCodeDomain"
                            xlink:to="VEB"
                            xlink:title="presentation: CurrencyCodeDomain to VEB"
                            order="158.0"/>
      <link:loc xlink:type="locator" xlink:href="d-cu-2006-07-01.xsd#d-cu_VND"
                xlink:label="VND"
                xlink:title="VND"/>
      <link:presentationArc xlink:type="arc" xlink:arcrole="http://www.xbrl.org/2003/arcrole/parent-child"
                            xlink:from="CurrencyCodeDomain"
                            xlink:to="VND"
                            xlink:title="presentation: CurrencyCodeDomain to VND"
                            order="159.0"/>
      <link:loc xlink:type="locator" xlink:href="d-cu-2006-07-01.xsd#d-cu_VUV"
                xlink:label="VUV"
                xlink:title="VUV"/>
      <link:presentationArc xlink:type="arc" xlink:arcrole="http://www.xbrl.org/2003/arcrole/parent-child"
                            xlink:from="CurrencyCodeDomain"
                            xlink:to="VUV"
                            xlink:title="presentation: CurrencyCodeDomain to VUV"
                            order="160.0"/>
      <link:loc xlink:type="locator" xlink:href="d-cu-2006-07-01.xsd#d-cu_WST"
                xlink:label="WST"
                xlink:title="WST"/>
      <link:presentationArc xlink:type="arc" xlink:arcrole="http://www.xbrl.org/2003/arcrole/parent-child"
                            xlink:from="CurrencyCodeDomain"
                            xlink:to="WST"
                            xlink:title="presentation: CurrencyCodeDomain to WST"
                            order="161.0"/>
      <link:loc xlink:type="locator" xlink:href="d-cu-2006-07-01.xsd#d-cu_XAF"
                xlink:label="XAF"
                xlink:title="XAF"/>
      <link:presentationArc xlink:type="arc" xlink:arcrole="http://www.xbrl.org/2003/arcrole/parent-child"
                            xlink:from="CurrencyCodeDomain"
                            xlink:to="XAF"
                            xlink:title="presentation: CurrencyCodeDomain to XAF"
                            order="162.0"/>
      <link:loc xlink:type="locator" xlink:href="d-cu-2006-07-01.xsd#d-cu_XAG"
                xlink:label="XAG"
                xlink:title="XAG"/>
      <link:presentationArc xlink:type="arc" xlink:arcrole="http://www.xbrl.org/2003/arcrole/parent-child"
                            xlink:from="CurrencyCodeDomain"
                            xlink:to="XAG"
                            xlink:title="presentation: CurrencyCodeDomain to XAG"
                            order="163.0"/>
      <link:loc xlink:type="locator" xlink:href="d-cu-2006-07-01.xsd#d-cu_XAU"
                xlink:label="XAU"
                xlink:title="XAU"/>
      <link:presentationArc xlink:type="arc" xlink:arcrole="http://www.xbrl.org/2003/arcrole/parent-child"
                            xlink:from="CurrencyCodeDomain"
                            xlink:to="XAU"
                            xlink:title="presentation: CurrencyCodeDomain to XAU"
                            order="164.0"/>
      <link:loc xlink:type="locator" xlink:href="d-cu-2006-07-01.xsd#d-cu_XCD"
                xlink:label="XCD"
                xlink:title="XCD"/>
      <link:presentationArc xlink:type="arc" xlink:arcrole="http://www.xbrl.org/2003/arcrole/parent-child"
                            xlink:from="CurrencyCodeDomain"
                            xlink:to="XCD"
                            xlink:title="presentation: CurrencyCodeDomain to XCD"
                            order="165.0"/>
      <link:loc xlink:type="locator" xlink:href="d-cu-2006-07-01.xsd#d-cu_XDR"
                xlink:label="XDR"
                xlink:title="XDR"/>
      <link:presentationArc xlink:type="arc" xlink:arcrole="http://www.xbrl.org/2003/arcrole/parent-child"
                            xlink:from="CurrencyCodeDomain"
                            xlink:to="XDR"
                            xlink:title="presentation: CurrencyCodeDomain to XDR"
                            order="166.0"/>
      <link:loc xlink:type="locator" xlink:href="d-cu-2006-07-01.xsd#d-cu_XOF"
                xlink:label="XOF"
                xlink:title="XOF"/>
      <link:presentationArc xlink:type="arc" xlink:arcrole="http://www.xbrl.org/2003/arcrole/parent-child"
                            xlink:from="CurrencyCodeDomain"
                            xlink:to="XOF"
                            xlink:title="presentation: CurrencyCodeDomain to XOF"
                            order="167.0"/>
      <link:loc xlink:type="locator" xlink:href="d-cu-2006-07-01.xsd#d-cu_XPD"
                xlink:label="XPD"
                xlink:title="XPD"/>
      <link:presentationArc xlink:type="arc" xlink:arcrole="http://www.xbrl.org/2003/arcrole/parent-child"
                            xlink:from="CurrencyCodeDomain"
                            xlink:to="XPD"
                            xlink:title="presentation: CurrencyCodeDomain to XPD"
                            order="168.0"/>
      <link:loc xlink:type="locator" xlink:href="d-cu-2006-07-01.xsd#d-cu_XPF"
                xlink:label="XPF"
                xlink:title="XPF"/>
      <link:presentationArc xlink:type="arc" xlink:arcrole="http://www.xbrl.org/2003/arcrole/parent-child"
                            xlink:from="CurrencyCodeDomain"
                            xlink:to="XPF"
                            xlink:title="presentation: CurrencyCodeDomain to XPF"
                            order="169.0"/>
      <link:loc xlink:type="locator" xlink:href="d-cu-2006-07-01.xsd#d-cu_XPT"
                xlink:label="XPT"
                xlink:title="XPT"/>
      <link:presentationArc xlink:type="arc" xlink:arcrole="http://www.xbrl.org/2003/arcrole/parent-child"
                            xlink:from="CurrencyCodeDomain"
                            xlink:to="XPT"
                            xlink:title="presentation: CurrencyCodeDomain to XPT"
                            order="170.0"/>
      <link:loc xlink:type="locator" xlink:href="d-cu-2006-07-01.xsd#d-cu_YER"
                xlink:label="YER"
                xlink:title="YER"/>
      <link:presentationArc xlink:type="arc" xlink:arcrole="http://www.xbrl.org/2003/arcrole/parent-child"
                            xlink:from="CurrencyCodeDomain"
                            xlink:to="YER"
                            xlink:title="presentation: CurrencyCodeDomain to YER"
                            order="171.0"/>
      <link:loc xlink:type="locator" xlink:href="d-cu-2006-07-01.xsd#d-cu_ZAR"
                xlink:label="ZAR"
                xlink:title="ZAR"/>
      <link:presentationArc xlink:type="arc" xlink:arcrole="http://www.xbrl.org/2003/arcrole/parent-child"
                            xlink:from="CurrencyCodeDomain"
                            xlink:to="ZAR"
                            xlink:title="presentation: CurrencyCodeDomain to ZAR"
                            order="172.0"/>
      <link:loc xlink:type="locator" xlink:href="d-cu-2006-07-01.xsd#d-cu_ZMK"
                xlink:label="ZMK"
                xlink:title="ZMK"/>
      <link:presentationArc xlink:type="arc" xlink:arcrole="http://www.xbrl.org/2003/arcrole/parent-child"
                            xlink:from="CurrencyCodeDomain"
                            xlink:to="ZMK"
                            xlink:title="presentation: CurrencyCodeDomain to ZMK"
                            order="173.0"/>
      <link:loc xlink:type="locator" xlink:href="d-cu-2006-07-01.xsd#d-cu_ZWD"
                xlink:label="ZWD"
                xlink:title="ZWD"/>
      <link:presentationArc xlink:type="arc" xlink:arcrole="http://www.xbrl.org/2003/arcrole/parent-child"
                            xlink:from="CurrencyCodeDomain"
                            xlink:to="ZWD"
                            xlink:title="presentation: CurrencyCodeDomain to ZWD"
                            order="174.0"/>
      <link:loc xlink:type="locator" xlink:href="d-cu-2006-07-01.xsd#d-cu_Total"
                xlink:label="Total"
                xlink:title="Total"/>
      <link:presentationArc xlink:type="arc" xlink:arcrole="http://www.xbrl.org/2003/arcrole/parent-child"
                            xlink:from="CurrencyCodeDomain"
                            xlink:to="Total"
                            xlink:title="presentation: CurrencyCodeDomain to Total"
                            order="175.0"/>
  </link:presentationLink>
</link:linkbase>