<?xml version="1.0" encoding="UTF-8"?>
<?taxonomy-version 1.3.1?>
<!--Copyright (C) 2011 EBA - European Banking Authority, Tower 42, 25 Old Broad Street, London, EC2N 1HQ, United Kingdom.-->            
<link:linkbase xmlns:xsi="http://www.w3.org/2001/XMLSchema-instance"
               xmlns:d-ec="http://www.c-ebs.org/eu/fr/esrs/corep/2006-07-01/d-ec-2006-07-01"
               xmlns:link="http://www.xbrl.org/2003/linkbase"
               xmlns:xlink="http://www.w3.org/1999/xlink"
               xmlns:xbrli="http://www.xbrl.org/2003/instance"
               xsi:schemaLocation="http://www.xbrl.org/2003/linkbase http://www.xbrl.org/2003/xbrl-linkbase-2003-12-31.xsd">
  <link:labelLink xlink:type="extended" xlink:role="http://www.xbrl.org/2003/role/link">
      <link:loc xlink:type="locator"
                xlink:href="d-ec-2006-07-01.xsd#d-ec_IRBECCentralGovernmentsAndCentralBanks"
                xlink:label="d-ic_CentralGovernmentsAndCentralBanks"
                xlink:title="IRBECCentralGovernmentsAndCentralBanks"/>
      <link:label xlink:type="resource" xlink:label="d-ic_CentralGovernmentsAndCentralBanks_lbl"
                  xlink:role="http://www.xbrl.org/2003/role/label"
                  xlink:title="label_IRBECCentralGovernmentsAndCentralBanks"
                  xml:lang="en"
                  id="label_CentralGovernmentsAndCentralBanks_1133259062686_1">Central Governments and Central Banks</link:label>
      <link:labelArc xlink:type="arc" xlink:arcrole="http://www.xbrl.org/2003/arcrole/concept-label"
                     xlink:from="d-ic_CentralGovernmentsAndCentralBanks"
                     xlink:to="d-ic_CentralGovernmentsAndCentralBanks_lbl"
                     xlink:title="label: IRBECCentralGovernmentsAndCentralBanks to label_IRBECCentralGovernmentsAndCentralBanks"/>
      <link:label xlink:type="resource" xlink:label="label_CentralGovernmentsAndCentralBanks"
                  xlink:role="http://www.xbrl.org/2003/role/documentation"
                  xlink:title="label_IRBECCentralGovernmentsAndCentralBanks"
                  xml:lang="en"
                  id="label_CentralGovernmentsAndCentralBanks">Detailed layer </link:label>
      <link:labelArc xlink:type="arc" xlink:arcrole="http://www.xbrl.org/2003/arcrole/concept-label"
                     xlink:from="d-ic_CentralGovernmentsAndCentralBanks"
                     xlink:to="label_CentralGovernmentsAndCentralBanks"
                     xlink:title="label: IRBECCentralGovernmentsAndCentralBanks to label_IRBECCentralGovernmentsAndCentralBanks"/>
      <link:loc xlink:type="locator" xlink:href="d-ec-2006-07-01.xsd#d-ec_IRBECCorporates"
                xlink:label="d-ic_Corporate"
                xlink:title="IRBECCorporates"/>
      <link:label xlink:type="resource" xlink:label="d-ic_Corporate_lbl"
                  xlink:role="http://www.xbrl.org/2003/role/label"
                  xlink:title="label_IRBECCorporates"
                  xml:lang="en"
                  id="label_Corporate_1133259098588_1">Corporates</link:label>
      <link:labelArc xlink:type="arc" xlink:arcrole="http://www.xbrl.org/2003/arcrole/concept-label"
                     xlink:from="d-ic_Corporate"
                     xlink:to="d-ic_Corporate_lbl"
                     xlink:title="label: IRBECCorporates to label_IRBECCorporates"/>
      <link:label xlink:type="resource" xlink:label="label_Corporate"
                  xlink:role="http://www.xbrl.org/2003/role/documentation"
                  xlink:title="label_IRBECCorporates"
                  xml:lang="en"
                  id="label_Corporate">Detailed layer </link:label>
      <link:labelArc xlink:type="arc" xlink:arcrole="http://www.xbrl.org/2003/arcrole/concept-label"
                     xlink:from="d-ic_Corporate"
                     xlink:to="label_Corporate"
                     xlink:title="label: IRBECCorporates to label_IRBECCorporates"/>
      <link:loc xlink:type="locator" xlink:href="d-ec-2006-07-01.xsd#d-ec_IRBECEquity"
                xlink:label="d-ic_Equity"
                xlink:title="IRBECEquity"/>
      <link:label xlink:type="resource" xlink:label="d-ic_Equity_lbl"
                  xlink:role="http://www.xbrl.org/2003/role/label"
                  xlink:title="label_IRBECEquity"
                  xml:lang="en"
                  id="label_Equity_1133259187285_1">Equity</link:label>
      <link:labelArc xlink:type="arc" xlink:arcrole="http://www.xbrl.org/2003/arcrole/concept-label"
                     xlink:from="d-ic_Equity"
                     xlink:to="d-ic_Equity_lbl"
                     xlink:title="label: IRBECEquity to label_IRBECEquity"/>
      <link:label xlink:type="resource" xlink:label="label_Equity"
                  xlink:role="http://www.xbrl.org/2003/role/documentation"
                  xlink:title="label_IRBECEquity"
                  xml:lang="en"
                  id="label_Equity">Detailed layer </link:label>
      <link:labelArc xlink:type="arc" xlink:arcrole="http://www.xbrl.org/2003/arcrole/concept-label"
                     xlink:from="d-ic_Equity"
                     xlink:to="label_Equity"
                     xlink:title="label: IRBECEquity to label_IRBECEquity"/>
      <link:loc xlink:type="locator" xlink:href="d-ec-2006-07-01.xsd#d-ec_IRBECInstitutions"
                xlink:label="d-ic_Institutions"
                xlink:title="IRBECInstitutions"/>
      <link:label xlink:type="resource" xlink:label="d-ic_Institutions_lbl"
                  xlink:role="http://www.xbrl.org/2003/role/label"
                  xlink:title="label_IRBECInstitutions"
                  xml:lang="en"
                  id="label_Institutions_1133259071429_1">Institutions</link:label>
      <link:labelArc xlink:type="arc" xlink:arcrole="http://www.xbrl.org/2003/arcrole/concept-label"
                     xlink:from="d-ic_Institutions"
                     xlink:to="d-ic_Institutions_lbl"
                     xlink:title="label: IRBECInstitutions to label_IRBECInstitutions"/>
      <link:label xlink:type="resource" xlink:label="label_Institutions"
                  xlink:role="http://www.xbrl.org/2003/role/documentation"
                  xlink:title="label_IRBECInstitutions"
                  xml:lang="en"
                  id="label_Institutions">Detailed layer </link:label>
      <link:labelArc xlink:type="arc" xlink:arcrole="http://www.xbrl.org/2003/arcrole/concept-label"
                     xlink:from="d-ic_Institutions"
                     xlink:to="label_Institutions"
                     xlink:title="label: IRBECInstitutions to label_IRBECInstitutions"/>
      <link:loc xlink:type="locator"
                xlink:href="d-ec-2006-07-01.xsd#d-ec_ExposureClassesDomain"
                xlink:label="d-ic_IRBExposureClass"
                xlink:title="IRBExposureClassesDomain"/>
      <link:label xlink:type="resource" xlink:label="d-ic_IRBExposureClass_lbl"
                  xlink:role="http://www.xbrl.org/2003/role/label"
                  xlink:title="label_IRBExposureClassesDomain"
                  xml:lang="en"
                  id="label_IRBExposureClass_1133259048616_1">Exposure Classes (Domain)</link:label>
      <link:labelArc xlink:type="arc" xlink:arcrole="http://www.xbrl.org/2003/arcrole/concept-label"
                     xlink:from="d-ic_IRBExposureClass"
                     xlink:to="d-ic_IRBExposureClass_lbl"
                     xlink:title="label: IRBExposureClassesDomain to label_IRBExposureClassesDomain"/>
      <link:label xlink:type="resource" xlink:label="label_IRBExposureClassDomain"
                  xlink:role="http://www.xbrl.org/2003/role/documentation"
                  xlink:title="label_IRBExposureClassesDomain"
                  xml:lang="en"
                  id="label_IRBExposureClassDomain">Detailed layer </link:label>
      <link:labelArc xlink:type="arc" xlink:arcrole="http://www.xbrl.org/2003/arcrole/concept-label"
                     xlink:from="d-ic_IRBExposureClass"
                     xlink:to="label_IRBExposureClassDomain"
                     xlink:title="label: IRBExposureClassesDomain to label_IRBExposureClassesDomain"/>
      <link:loc xlink:type="locator"
                xlink:href="d-ec-2006-07-01.xsd#d-ec_IRBECOfWhichCreditInstitutionsAndInvestmentFirms"
                xlink:label="d-ic_OfWhichCreditInstitutionsAndInvestmentFirms"
                xlink:title="IRBECOfWhichCreditInstitutionsAndInvestmentFirms"/>
      <link:label xlink:type="resource"
                  xlink:label="d-ic_OfWhichCreditInstitutionsAndInvestmentFirms_lbl"
                  xlink:role="http://www.xbrl.org/2003/role/label"
                  xlink:title="label_IRBECOfWhichCreditInstitutionsAndInvestmentFirms"
                  xml:lang="en"
                  id="label_OfWhichCreditInstitutionsAndInvestmentFirms_1133259088994_1">Of Which: Credit Institutions and Investment Firms</link:label>
      <link:labelArc xlink:type="arc" xlink:arcrole="http://www.xbrl.org/2003/arcrole/concept-label"
                     xlink:from="d-ic_OfWhichCreditInstitutionsAndInvestmentFirms"
                     xlink:to="d-ic_OfWhichCreditInstitutionsAndInvestmentFirms_lbl"
                     xlink:title="label: IRBECOfWhichCreditInstitutionsAndInvestmentFirms to label_IRBECOfWhichCreditInstitutionsAndInvestmentFirms"/>
      <link:label xlink:type="resource"
                  xlink:label="label_OfWhichCreditInstitutionsAndInvestmentFirms"
                  xlink:role="http://www.xbrl.org/2003/role/documentation"
                  xlink:title="label_IRBECOfWhichCreditInstitutionsAndInvestmentFirms"
                  xml:lang="en"
                  id="label_OfWhichCreditInstitutionsAndInvestmentFirms">Detailed layer </link:label>
      <link:labelArc xlink:type="arc" xlink:arcrole="http://www.xbrl.org/2003/arcrole/concept-label"
                     xlink:from="d-ic_OfWhichCreditInstitutionsAndInvestmentFirms"
                     xlink:to="label_OfWhichCreditInstitutionsAndInvestmentFirms"
                     xlink:title="label: IRBECOfWhichCreditInstitutionsAndInvestmentFirms to label_IRBECOfWhichCreditInstitutionsAndInvestmentFirms"/>
      <link:loc xlink:type="locator"
                xlink:href="d-ec-2006-07-01.xsd#d-ec_IRBECRetailOfWhichSME"
                xlink:label="d-ic_OfWhichSME"
                xlink:title="IRBECRetailOfWhichSME"/>
      <link:label xlink:type="resource" xlink:label="d-ic_OfWhichSME_lbl"
                  xlink:role="http://www.xbrl.org/2003/role/label"
                  xlink:title="label_IRBECRetailOfWhichSME"
                  xml:lang="en"
                  id="label_OfWhichSME_1133259179785_1">Of Which: SME</link:label>
      <link:labelArc xlink:type="arc" xlink:arcrole="http://www.xbrl.org/2003/arcrole/concept-label"
                     xlink:from="d-ic_OfWhichSME"
                     xlink:to="d-ic_OfWhichSME_lbl"
                     xlink:title="label: IRBECRetailOfWhichSME to label_IRBECRetailOfWhichSME"/>
      <link:label xlink:type="resource" xlink:label="label_OfWhichSME"
                  xlink:role="http://www.xbrl.org/2003/role/documentation"
                  xlink:title="label_IRBECRetailOfWhichSME"
                  xml:lang="en"
                  id="label_OfWhichSME">Detailed layer </link:label>
      <link:labelArc xlink:type="arc" xlink:arcrole="http://www.xbrl.org/2003/arcrole/concept-label"
                     xlink:from="d-ic_OfWhichSME"
                     xlink:to="label_OfWhichSME"
                     xlink:title="label: IRBECRetailOfWhichSME to label_IRBECRetailOfWhichSME"/>
      <link:loc xlink:type="locator"
                xlink:href="d-ec-2006-07-01.xsd#d-ec_IRBECOfWhichSpecialisedLending"
                xlink:label="d-ic_OfWhichSpecialisedLending"
                xlink:title="IRBECOfWhichSpecialisedLending"/>
      <link:label xlink:type="resource" xlink:label="d-ic_OfWhichSpecialisedLending_lbl"
                  xlink:role="http://www.xbrl.org/2003/role/label"
                  xlink:title="label_IRBECOfWhichSpecialisedLending"
                  xml:lang="en"
                  id="label_OfWhichSpecialisedLending_1133259110996_1">Of Which: Specialised Lending</link:label>
      <link:labelArc xlink:type="arc" xlink:arcrole="http://www.xbrl.org/2003/arcrole/concept-label"
                     xlink:from="d-ic_OfWhichSpecialisedLending"
                     xlink:to="d-ic_OfWhichSpecialisedLending_lbl"
                     xlink:title="label: IRBECOfWhichSpecialisedLending to label_IRBECOfWhichSpecialisedLending"/>
      <link:label xlink:type="resource" xlink:label="label_OfWhichSpecialisedLending"
                  xlink:role="http://www.xbrl.org/2003/role/documentation"
                  xlink:title="label_IRBECOfWhichSpecialisedLending"
                  xml:lang="en"
                  id="label_OfWhichSpecialisedLending">Detailed layer </link:label>
      <link:labelArc xlink:type="arc" xlink:arcrole="http://www.xbrl.org/2003/arcrole/concept-label"
                     xlink:from="d-ic_OfWhichSpecialisedLending"
                     xlink:to="label_OfWhichSpecialisedLending"
                     xlink:title="label: IRBECOfWhichSpecialisedLending to label_IRBECOfWhichSpecialisedLending"/>
      <link:loc xlink:type="locator" xlink:href="d-ec-2006-07-01.xsd#d-ec_IRBECOtherRetail"
                xlink:label="d-ic_OtherRetail"
                xlink:title="IRBECOtherRetail"/>
      <link:label xlink:type="resource" xlink:label="d-ic_OtherRetail_lbl"
                  xlink:role="http://www.xbrl.org/2003/role/label"
                  xlink:title="label_IRBECOtherRetail"
                  xml:lang="en"
                  id="label_OtherRetail_1133259170451_1">Other Retail</link:label>
      <link:labelArc xlink:type="arc" xlink:arcrole="http://www.xbrl.org/2003/arcrole/concept-label"
                     xlink:from="d-ic_OtherRetail"
                     xlink:to="d-ic_OtherRetail_lbl"
                     xlink:title="label: IRBECOtherRetail to label_IRBECOtherRetail"/>
      <link:label xlink:type="resource" xlink:label="label_OtherRetail"
                  xlink:role="http://www.xbrl.org/2003/role/documentation"
                  xlink:title="label_IRBECOtherRetail"
                  xml:lang="en"
                  id="label_OtherRetail">Detailed layer </link:label>
      <link:labelArc xlink:type="arc" xlink:arcrole="http://www.xbrl.org/2003/arcrole/concept-label"
                     xlink:from="d-ic_OtherRetail"
                     xlink:to="label_OtherRetail"
                     xlink:title="label: IRBECOtherRetail to label_IRBECOtherRetail"/>
      <link:loc xlink:type="locator"
                xlink:href="d-ec-2006-07-01.xsd#d-ec_IRBECQualifyingRevolving"
                xlink:label="d-ic_QualifyingRevolving"
                xlink:title="IRBECQualifyingRevolving"/>
      <link:label xlink:type="resource" xlink:label="d-ic_QualifyingRevolving_lbl"
                  xlink:role="http://www.xbrl.org/2003/role/label"
                  xlink:title="label_IRBECQualifyingRevolving"
                  xml:lang="en"
                  id="label_QualifyingRevolving_1133259160737_1">Qualifying Revolving</link:label>
      <link:labelArc xlink:type="arc" xlink:arcrole="http://www.xbrl.org/2003/arcrole/concept-label"
                     xlink:from="d-ic_QualifyingRevolving"
                     xlink:to="d-ic_QualifyingRevolving_lbl"
                     xlink:title="label: IRBECQualifyingRevolving to label_IRBECQualifyingRevolving"/>
      <link:label xlink:type="resource" xlink:label="label_QualifyingRevolving"
                  xlink:role="http://www.xbrl.org/2003/role/documentation"
                  xlink:title="label_IRBECQualifyingRevolving"
                  xml:lang="en"
                  id="label_QualifyingRevolving">Detailed layer </link:label>
      <link:labelArc xlink:type="arc" xlink:arcrole="http://www.xbrl.org/2003/arcrole/concept-label"
                     xlink:from="d-ic_QualifyingRevolving"
                     xlink:to="label_QualifyingRevolving"
                     xlink:title="label: IRBECQualifyingRevolving to label_IRBECQualifyingRevolving"/>
      <link:loc xlink:type="locator" xlink:href="d-ec-2006-07-01.xsd#d-ec_IRBECRetail"
                xlink:label="d-ic_Retail"
                xlink:title="IRBECRetail"/>
      <link:label xlink:type="resource" xlink:label="d-ic_Retail_lbl"
                  xlink:role="http://www.xbrl.org/2003/role/label"
                  xlink:title="label_IRBECRetail"
                  xml:lang="en"
                  id="label_Retail_1133259127349_1">Retail</link:label>
      <link:labelArc xlink:type="arc" xlink:arcrole="http://www.xbrl.org/2003/arcrole/concept-label"
                     xlink:from="d-ic_Retail"
                     xlink:to="d-ic_Retail_lbl"
                     xlink:title="label: IRBECRetail to label_IRBECRetail"/>
      <link:label xlink:type="resource" xlink:label="label_Retail"
                  xlink:role="http://www.xbrl.org/2003/role/documentation"
                  xlink:title="label_IRBECRetail"
                  xml:lang="en"
                  id="label_Retail">Detailed layer </link:label>
      <link:labelArc xlink:type="arc" xlink:arcrole="http://www.xbrl.org/2003/arcrole/concept-label"
                     xlink:from="d-ic_Retail"
                     xlink:to="label_Retail"
                     xlink:title="label: IRBECRetail to label_IRBECRetail"/>
      <link:loc xlink:type="locator"
                xlink:href="d-ec-2006-07-01.xsd#d-ec_IRBECSecuredByRealEstate"
                xlink:label="d-ic_SecuredByRealEstate"
                xlink:title="IRBECSecuredByRealEstate"/>
      <link:label xlink:type="resource" xlink:label="d-ic_SecuredByRealEstate_lbl"
                  xlink:role="http://www.xbrl.org/2003/role/label"
                  xlink:title="label_IRBECSecuredByRealEstate"
                  xml:lang="en"
                  id="label_SecuredByRealEstate_1133259139587_1">Secured by Real Estate</link:label>
      <link:labelArc xlink:type="arc" xlink:arcrole="http://www.xbrl.org/2003/arcrole/concept-label"
                     xlink:from="d-ic_SecuredByRealEstate"
                     xlink:to="d-ic_SecuredByRealEstate_lbl"
                     xlink:title="label: IRBECSecuredByRealEstate to label_IRBECSecuredByRealEstate"/>
      <link:label xlink:type="resource" xlink:label="label_SecuredByRealEstate"
                  xlink:role="http://www.xbrl.org/2003/role/documentation"
                  xlink:title="label_IRBECSecuredByRealEstate"
                  xml:lang="en"
                  id="label_SecuredByRealEstate">Detailed layer </link:label>
      <link:labelArc xlink:type="arc" xlink:arcrole="http://www.xbrl.org/2003/arcrole/concept-label"
                     xlink:from="d-ic_SecuredByRealEstate"
                     xlink:to="label_SecuredByRealEstate"
                     xlink:title="label: IRBECSecuredByRealEstate to label_IRBECSecuredByRealEstate"/>
      <link:loc xlink:type="locator"
                xlink:href="d-ec-2006-07-01.xsd#d-ec_IRBECCorporatesOfWhichSME"
                xlink:label="d-ic_SME"
                xlink:title="IRBECCorporatesOfWhichSME"/>
      <link:label xlink:type="resource" xlink:label="d-ic_SME_lbl"
                  xlink:role="http://www.xbrl.org/2003/role/label"
                  xlink:title="label_IRBECCorporatesOfWhichSME"
                  xml:lang="en"
                  id="label_SME_1133259118306_1">Of Which: SME</link:label>
      <link:labelArc xlink:type="arc" xlink:arcrole="http://www.xbrl.org/2003/arcrole/concept-label"
                     xlink:from="d-ic_SME"
                     xlink:to="d-ic_SME_lbl"
                     xlink:title="label: IRBECCorporatesOfWhichSME to label_IRBECCorporatesOfWhichSME"/>
      <link:label xlink:type="resource" xlink:label="label_SME"
                  xlink:role="http://www.xbrl.org/2003/role/documentation"
                  xlink:title="label_IRBECCorporatesOfWhichSME"
                  xml:lang="en"
                  id="label_SME">Detailed layer </link:label>
      <link:labelArc xlink:type="arc" xlink:arcrole="http://www.xbrl.org/2003/arcrole/concept-label"
                     xlink:from="d-ic_SME"
                     xlink:to="label_SME"
                     xlink:title="label: IRBECCorporatesOfWhichSME to label_IRBECCorporatesOfWhichSME"/>
      <link:loc xlink:type="locator"
                xlink:href="d-ec-2006-07-01.xsd#d-ec_TotalIRBExposureClass"
                xlink:label="TotalIRBExposureClass"
                xlink:title="TotalIRBExposureClass"/>
      <link:label xlink:type="resource" xlink:label="label_TotalIRBExposureClass"
                  xlink:role="http://www.xbrl.org/2003/role/documentation"
                  xlink:title="label_TotalIRBExposureClass"
                  xml:lang="en"
                  id="label_TotalIRBExposureClass">Core layer</link:label>
      <link:labelArc xlink:type="arc" xlink:arcrole="http://www.xbrl.org/2003/arcrole/concept-label"
                     xlink:from="TotalIRBExposureClass"
                     xlink:to="label_TotalIRBExposureClass"
                     xlink:title="label: TotalIRBExposureClass to label_TotalIRBExposureClass"/>
      <link:label xlink:type="resource" xlink:label="label_TotalIRBExposureClass_2"
                  xlink:role="http://www.xbrl.org/2003/role/label"
                  xlink:title="label_TotalIRBExposureClass"
                  xml:lang="en"
                  id="label_TotalIRBExposureClass_2">Total IRB Exposure Class</link:label>
      <link:labelArc xlink:type="arc" xlink:arcrole="http://www.xbrl.org/2003/arcrole/concept-label"
                     xlink:from="TotalIRBExposureClass"
                     xlink:to="label_TotalIRBExposureClass_2"
                     xlink:title="label: TotalIRBExposureClass to label_TotalIRBExposureClass"/>
      <link:loc xlink:type="locator"
                xlink:href="d-ec-2006-07-01.xsd#d-ec_SAECCentralGovernmentsCentralBanks"
                xlink:label="label_CentralGovernmentsCentralBanks_1133258607088_0"
                xlink:title="label_CentralGovernmentsCentralBanks"/>
      <link:label xlink:type="resource"
                  xlink:label="label_CentralGovernmentsCentralBanks_1133258607088_1"
                  xlink:role="http://www.xbrl.org/2003/role/label"
                  xlink:title="label_CentralGovernmentsCentralBanks"
                  xml:lang="en"
                  id="label_CentralGovernmentsCentralBanks_1133258607088_1_532">Central governments or central banks</link:label>
      <link:labelArc xlink:type="arc" xlink:arcrole="http://www.xbrl.org/2003/arcrole/concept-label"
                     xlink:from="label_CentralGovernmentsCentralBanks_1133258607088_0"
                     xlink:to="label_CentralGovernmentsCentralBanks_1133258607088_1"
                     xlink:title="label: CentralGovernmentsCentralBanks to label_CentralGovernmentsCentralBanks"
                     use="optional"
                     priority="0"
                     order="1.0"/>
      <link:label xlink:type="resource" xlink:label="label_CentralGovernmentsCentralBanks"
                  xlink:role="http://www.xbrl.org/2003/role/documentation"
                  xlink:title="label_CentralGovernmentsCentralBanks"
                  xml:lang="en"
                  id="label_CentralGovernmentsCentralBanks_534">Detailed layer</link:label>
      <link:labelArc xlink:type="arc" xlink:arcrole="http://www.xbrl.org/2003/arcrole/concept-label"
                     xlink:from="label_CentralGovernmentsCentralBanks_1133258607088_0"
                     xlink:to="label_CentralGovernmentsCentralBanks"
                     xlink:title="label: CentralGovernmentsCentralBanks to label_CentralGovernmentsCentralBanks"
                     use="optional"
                     priority="0"
                     order="1.0"/>
      <link:loc xlink:type="locator"
                xlink:href="d-ec-2006-07-01.xsd#d-ec_SAECRegionalGovernmentsLocalAuthorities"
                xlink:label="label_newItem2_1133258626345_0"
                xlink:title="label_newItem2"/>
      <link:label xlink:type="resource" xlink:label="label_newItem2_1133258626345_1"
                  xlink:role="http://www.xbrl.org/2003/role/label"
                  xlink:title="label_newItem2"
                  xml:lang="en"
                  id="label_newItem2_1133258626345_1_537">Regional governments or local authorities</link:label>
      <link:labelArc xlink:type="arc" xlink:arcrole="http://www.xbrl.org/2003/arcrole/concept-label"
                     xlink:from="label_newItem2_1133258626345_0"
                     xlink:to="label_newItem2_1133258626345_1"
                     xlink:title="label: newItem2 to label_newItem2"
                     use="optional"
                     priority="0"
                     order="1.0"/>
      <link:label xlink:type="resource" xlink:label="label_RegionalGovernmentsLocalAuthorities"
                  xlink:role="http://www.xbrl.org/2003/role/documentation"
                  xlink:title="label_RegionalGovernmentsLocalAuthorities"
                  xml:lang="en"
                  id="label_RegionalGovernmentsLocalAuthorities_539">Detailed layer</link:label>
      <link:labelArc xlink:type="arc" xlink:arcrole="http://www.xbrl.org/2003/arcrole/concept-label"
                     xlink:from="label_newItem2_1133258626345_0"
                     xlink:to="label_RegionalGovernmentsLocalAuthorities"
                     xlink:title="label: RegionalGovernmentsLocalAuthorities to label_RegionalGovernmentsLocalAuthorities"
                     use="optional"
                     priority="0"
                     order="1.0"/>
      <link:loc xlink:type="locator"
                xlink:href="d-ec-2006-07-01.xsd#d-ec_SAECAdministrativeBodiesNonCommercialUndertakings"
                xlink:label="label_newItem3_1133258634537_0"
                xlink:title="label_newItem3"/>
      <link:label xlink:type="resource" xlink:label="label_newItem3_1133258634537_1"
                  xlink:role="http://www.xbrl.org/2003/role/label"
                  xlink:title="label_newItem3"
                  xml:lang="en"
                  id="label_newItem3_1133258634537_1_542">Administrative bodies and non-comercial undertakings</link:label>
      <link:labelArc xlink:type="arc" xlink:arcrole="http://www.xbrl.org/2003/arcrole/concept-label"
                     xlink:from="label_newItem3_1133258634537_0"
                     xlink:to="label_newItem3_1133258634537_1"
                     xlink:title="label: newItem3 to label_newItem3"
                     use="optional"
                     priority="0"
                     order="1.0"/>
      <link:label xlink:type="resource"
                  xlink:label="label_AdministrativeBodiesNonCommercialUndertakings"
                  xlink:role="http://www.xbrl.org/2003/role/documentation"
                  xlink:title="label_AdministrativeBodiesNonCommercialUndertakings"
                  xml:lang="en"
                  id="label_AdministrativeBodiesNonCommercialUndertakings_544">Detailed layer</link:label>
      <link:labelArc xlink:type="arc" xlink:arcrole="http://www.xbrl.org/2003/arcrole/concept-label"
                     xlink:from="label_newItem3_1133258634537_0"
                     xlink:to="label_AdministrativeBodiesNonCommercialUndertakings"
                     xlink:title="label: AdministrativeBodiesNonCommercialUndertakings to label_AdministrativeBodiesNonCommercialUndertakings"
                     use="optional"
                     priority="0"
                     order="1.0"/>
      <link:loc xlink:type="locator"
                xlink:href="d-ec-2006-07-01.xsd#d-ec_SAECMultilateralDevelopmentBanks"
                xlink:label="label_newItem4_1133258642959_0"
                xlink:title="label_newItem4"/>
      <link:label xlink:type="resource" xlink:label="label_newItem4_1133258642959_1"
                  xlink:role="http://www.xbrl.org/2003/role/label"
                  xlink:title="label_newItem4"
                  xml:lang="en"
                  id="label_newItem4_1133258642959_1_547">Multilateral Development Banks</link:label>
      <link:labelArc xlink:type="arc" xlink:arcrole="http://www.xbrl.org/2003/arcrole/concept-label"
                     xlink:from="label_newItem4_1133258642959_0"
                     xlink:to="label_newItem4_1133258642959_1"
                     xlink:title="label: newItem4 to label_newItem4"
                     use="optional"
                     priority="0"
                     order="1.0"/>
      <link:label xlink:type="resource" xlink:label="label_MultilateralDevelopmentsBanks"
                  xlink:role="http://www.xbrl.org/2003/role/documentation"
                  xlink:title="label_MultilateralDevelopmentsBanks"
                  xml:lang="en"
                  id="label_MultilateralDevelopmentsBanks_549">Detailed layer</link:label>
      <link:labelArc xlink:type="arc" xlink:arcrole="http://www.xbrl.org/2003/arcrole/concept-label"
                     xlink:from="label_newItem4_1133258642959_0"
                     xlink:to="label_MultilateralDevelopmentsBanks"
                     xlink:title="label: MultilateralDevelopmentsBanks to label_MultilateralDevelopmentsBanks"
                     use="optional"
                     priority="0"
                     order="1.0"/>
      <link:loc xlink:type="locator"
                xlink:href="d-ec-2006-07-01.xsd#d-ec_SAECInternationalOrganisations"
                xlink:label="label_newItem5_1133258643440_0"
                xlink:title="label_newItem5"/>
      <link:label xlink:type="resource" xlink:label="label_newItem5_1133258643440_1"
                  xlink:role="http://www.xbrl.org/2003/role/label"
                  xlink:title="label_newItem5"
                  xml:lang="en"
                  id="label_newItem5_1133258643440_1_552">International Organisations</link:label>
      <link:labelArc xlink:type="arc" xlink:arcrole="http://www.xbrl.org/2003/arcrole/concept-label"
                     xlink:from="label_newItem5_1133258643440_0"
                     xlink:to="label_newItem5_1133258643440_1"
                     xlink:title="label: newItem5 to label_newItem5"
                     use="optional"
                     priority="0"
                     order="1.0"/>
      <link:label xlink:type="resource" xlink:label="label_InternationalOrganisations"
                  xlink:role="http://www.xbrl.org/2003/role/documentation"
                  xlink:title="label_InternationalOrganisations"
                  xml:lang="en"
                  id="label_InternationalOrganisations_554">Detailed layer</link:label>
      <link:labelArc xlink:type="arc" xlink:arcrole="http://www.xbrl.org/2003/arcrole/concept-label"
                     xlink:from="label_newItem5_1133258643440_0"
                     xlink:to="label_InternationalOrganisations"
                     xlink:title="label: InternationalOrganisations to label_InternationalOrganisations"
                     use="optional"
                     priority="0"
                     order="1.0"/>
      <link:loc xlink:type="locator" xlink:href="d-ec-2006-07-01.xsd#d-ec_SAECInstitutions"
                xlink:label="label_newItem6_1133258653194_0"
                xlink:title="label_newItem6"/>
      <link:label xlink:type="resource" xlink:label="label_newItem6_1133258653194_1"
                  xlink:role="http://www.xbrl.org/2003/role/label"
                  xlink:title="label_newItem6"
                  xml:lang="en"
                  id="label_newItem6_1133258653194_1_557">Institutions</link:label>
      <link:labelArc xlink:type="arc" xlink:arcrole="http://www.xbrl.org/2003/arcrole/concept-label"
                     xlink:from="label_newItem6_1133258653194_0"
                     xlink:to="label_newItem6_1133258653194_1"
                     xlink:title="label: newItem6 to label_newItem6"
                     use="optional"
                     priority="0"
                     order="1.0"/>
      <link:loc xlink:type="locator" xlink:href="d-ec-2006-07-01.xsd#d-ec_SAECCorporates"
                xlink:label="label_newItem7_1133258668847_0"
                xlink:title="label_newItem7"/>
      <link:label xlink:type="resource" xlink:label="label_newItem7_1133258668847_1"
                  xlink:role="http://www.xbrl.org/2003/role/label"
                  xlink:title="label_newItem7"
                  xml:lang="en"
                  id="label_newItem7_1133258668847_1_561">Corporates</link:label>
      <link:labelArc xlink:type="arc" xlink:arcrole="http://www.xbrl.org/2003/arcrole/concept-label"
                     xlink:from="label_newItem7_1133258668847_0"
                     xlink:to="label_newItem7_1133258668847_1"
                     xlink:title="label: newItem7 to label_newItem7"
                     use="optional"
                     priority="0"
                     order="1.0"/>
      <link:label xlink:type="resource" xlink:label="label_Corporates"
                  xlink:role="http://www.xbrl.org/2003/role/documentation"
                  xlink:title="label_Corporates"
                  xml:lang="en"
                  id="label_Corporates_563">Detailed layer</link:label>
      <link:labelArc xlink:type="arc" xlink:arcrole="http://www.xbrl.org/2003/arcrole/concept-label"
                     xlink:from="label_newItem7_1133258668847_0"
                     xlink:to="label_Corporates"
                     xlink:title="label: Corporates to label_Corporates"
                     use="optional"
                     priority="0"
                     order="1.0"/>
      <link:loc xlink:type="locator" xlink:href="d-ec-2006-07-01.xsd#d-ec_SAECRetail"
                xlink:label="label_newItem8_1133258669347_0"
                xlink:title="label_newItem8"/>
      <link:label xlink:type="resource" xlink:label="label_newItem8_1133258669347_1"
                  xlink:role="http://www.xbrl.org/2003/role/label"
                  xlink:title="label_newItem8"
                  xml:lang="en"
                  id="label_newItem8_1133258669347_1_566">Retail</link:label>
      <link:labelArc xlink:type="arc" xlink:arcrole="http://www.xbrl.org/2003/arcrole/concept-label"
                     xlink:from="label_newItem8_1133258669347_0"
                     xlink:to="label_newItem8_1133258669347_1"
                     xlink:title="label: newItem8 to label_newItem8"
                     use="optional"
                     priority="0"
                     order="1.0"/>
      <link:loc xlink:type="locator"
                xlink:href="d-ec-2006-07-01.xsd#d-ec_SAECSecuredOnRealEstateProperty"
                xlink:label="label_newItem9_1133258681815_0"
                xlink:title="label_newItem9"/>
      <link:label xlink:type="resource" xlink:label="label_newItem9_1133258681815_1"
                  xlink:role="http://www.xbrl.org/2003/role/label"
                  xlink:title="label_newItem9"
                  xml:lang="en"
                  id="label_newItem9_1133258681815_1_570">Secured on real estate property</link:label>
      <link:labelArc xlink:type="arc" xlink:arcrole="http://www.xbrl.org/2003/arcrole/concept-label"
                     xlink:from="label_newItem9_1133258681815_0"
                     xlink:to="label_newItem9_1133258681815_1"
                     xlink:title="label: newItem9 to label_newItem9"
                     use="optional"
                     priority="0"
                     order="1.0"/>
      <link:label xlink:type="resource" xlink:label="label_SecuredByRealEstateProperty"
                  xlink:role="http://www.xbrl.org/2003/role/documentation"
                  xlink:title="label_SecuredByRealEstateProperty"
                  xml:lang="en"
                  id="label_SecuredByRealEstateProperty_572">Detailed layer</link:label>
      <link:labelArc xlink:type="arc" xlink:arcrole="http://www.xbrl.org/2003/arcrole/concept-label"
                     xlink:from="label_newItem9_1133258681815_0"
                     xlink:to="label_SecuredByRealEstateProperty"
                     xlink:title="label: SecuredByRealEstateProperty to label_SecuredByRealEstateProperty"
                     use="optional"
                     priority="0"
                     order="1.0"/>
      <link:loc xlink:type="locator" xlink:href="d-ec-2006-07-01.xsd#d-ec_SAECPastDueItems"
                xlink:label="label_newItem_1133258703126_0"
                xlink:title="label_newItem"/>
      <link:label xlink:type="resource" xlink:label="label_newItem_1133258703126_1"
                  xlink:role="http://www.xbrl.org/2003/role/label"
                  xlink:title="label_newItem"
                  xml:lang="en"
                  id="label_newItem_1133258703126_1_575">Past due items</link:label>
      <link:labelArc xlink:type="arc" xlink:arcrole="http://www.xbrl.org/2003/arcrole/concept-label"
                     xlink:from="label_newItem_1133258703126_0"
                     xlink:to="label_newItem_1133258703126_1"
                     xlink:title="label: newItem to label_newItem"
                     use="optional"
                     priority="0"
                     order="1.0"/>
      <link:label xlink:type="resource" xlink:label="label_PastDueItems"
                  xlink:role="http://www.xbrl.org/2003/role/documentation"
                  xlink:title="label_PastDueItems"
                  xml:lang="en"
                  id="label_PastDueItems_577">Detailed layer</link:label>
      <link:labelArc xlink:type="arc" xlink:arcrole="http://www.xbrl.org/2003/arcrole/concept-label"
                     xlink:from="label_newItem_1133258703126_0"
                     xlink:to="label_PastDueItems"
                     xlink:title="label: PastDueItems to label_PastDueItems"
                     use="optional"
                     priority="0"
                     order="1.0"/>
      <link:loc xlink:type="locator"
                xlink:href="d-ec-2006-07-01.xsd#d-ec_SAECItemsBelongingRegulatoryHighRiskCategories"
                xlink:label="label_newItem10_1133258711268_0"
                xlink:title="label_newItem10"/>
      <link:label xlink:type="resource" xlink:label="label_newItem10_1133258711268_1"
                  xlink:role="http://www.xbrl.org/2003/role/label"
                  xlink:title="label_newItem10"
                  xml:lang="en"
                  id="label_newItem10_1133258711268_1_580">Items belonging to regulatory high-risk categories</link:label>
      <link:labelArc xlink:type="arc" xlink:arcrole="http://www.xbrl.org/2003/arcrole/concept-label"
                     xlink:from="label_newItem10_1133258711268_0"
                     xlink:to="label_newItem10_1133258711268_1"
                     xlink:title="label: newItem10 to label_newItem10"
                     use="optional"
                     priority="0"
                     order="1.0"/>
      <link:label xlink:type="resource"
                  xlink:label="label_ItemsBelongingRegulatoryHighRiskCategories"
                  xlink:role="http://www.xbrl.org/2003/role/documentation"
                  xlink:title="label_ItemsBelongingRegulatoryHighRiskCategories"
                  xml:lang="en"
                  id="label_ItemsBelongingRegulatoryHighRiskCategories_582">Detailed layer</link:label>
      <link:labelArc xlink:type="arc" xlink:arcrole="http://www.xbrl.org/2003/arcrole/concept-label"
                     xlink:from="label_newItem10_1133258711268_0"
                     xlink:to="label_ItemsBelongingRegulatoryHighRiskCategories"
                     xlink:title="label: ItemsBelongingRegulatoryHighRiskCategories to label_ItemsBelongingRegulatoryHighRiskCategories"
                     use="optional"
                     priority="0"
                     order="1.0"/>
      <link:loc xlink:type="locator" xlink:href="d-ec-2006-07-01.xsd#d-ec_SAECCoveredBonds"
                xlink:label="label_newItem11_1133258719419_0"
                xlink:title="label_newItem11"/>
      <link:label xlink:type="resource" xlink:label="label_newItem11_1133258719419_1"
                  xlink:role="http://www.xbrl.org/2003/role/label"
                  xlink:title="label_newItem11"
                  xml:lang="en"
                  id="label_newItem11_1133258719419_1_585">Covered bonds</link:label>
      <link:labelArc xlink:type="arc" xlink:arcrole="http://www.xbrl.org/2003/arcrole/concept-label"
                     xlink:from="label_newItem11_1133258719419_0"
                     xlink:to="label_newItem11_1133258719419_1"
                     xlink:title="label: newItem11 to label_newItem11"
                     use="optional"
                     priority="0"
                     order="1.0"/>
      <link:label xlink:type="resource" xlink:label="label_CoveredBonds"
                  xlink:role="http://www.xbrl.org/2003/role/documentation"
                  xlink:title="label_CoveredBonds"
                  xml:lang="en"
                  id="label_CoveredBonds_587">Detailed layer</link:label>
      <link:labelArc xlink:type="arc" xlink:arcrole="http://www.xbrl.org/2003/arcrole/concept-label"
                     xlink:from="label_newItem11_1133258719419_0"
                     xlink:to="label_CoveredBonds"
                     xlink:title="label: CoveredBonds to label_CoveredBonds"
                     use="optional"
                     priority="0"
                     order="1.0"/>
      <link:loc xlink:type="locator" xlink:href="d-ec-2006-07-01.xsd#d-ec_TotalSAExposureClass"
                xlink:label="TotalSAExposureClass"
                xlink:title="TotalSAExposureClass"/>
      <link:label xlink:type="resource" xlink:label="label_TotalSAExposureClass"
                  xlink:role="http://www.xbrl.org/2003/role/label"
                  xlink:title="label_TotalSAExposureClass"
                  xml:lang="en"
                  id="label_TotalSAExposureClass_590">Total SA Exposure Class</link:label>
      <link:labelArc xlink:type="arc" xlink:arcrole="http://www.xbrl.org/2003/arcrole/concept-label"
                     xlink:from="TotalSAExposureClass"
                     xlink:to="label_TotalSAExposureClass"
                     xlink:title="label: TotalSAExposureClass to label_TotalSAExposureClass"
                     use="optional"
                     priority="0"
                     order="1.0"/>
      <link:label xlink:type="resource" xlink:label="label_TotalSAExposureClass_2"
                  xlink:role="http://www.xbrl.org/2003/role/documentation"
                  xlink:title="label_TotalSAExposureClass"
                  xml:lang="en"
                  id="label_TotalSAExposureClass_2_592">Core layer</link:label>
      <link:labelArc xlink:type="arc" xlink:arcrole="http://www.xbrl.org/2003/arcrole/concept-label"
                     xlink:from="TotalSAExposureClass"
                     xlink:to="label_TotalSAExposureClass_2"
                     xlink:title="label: TotalSAExposureClass to label_TotalSAExposureClass"
                     use="optional"
                     priority="0"
                     order="1.0"/>
      <link:loc xlink:type="locator"
                xlink:href="d-ec-2006-07-01.xsd#d-ec_SAECShortTermClaimsInstitutionsCorporate"
                xlink:label="label_newItem12_1133258731156_0"
                xlink:title="label_newItem12"/>
      <link:label xlink:type="resource" xlink:label="label_newItem12_1133258731156_1"
                  xlink:role="http://www.xbrl.org/2003/role/label"
                  xlink:title="label_newItem12"
                  xml:lang="en"
                  id="label_newItem12_1133258731156_1_595">Short-term claims on institutions and corporate</link:label>
      <link:labelArc xlink:type="arc" xlink:arcrole="http://www.xbrl.org/2003/arcrole/concept-label"
                     xlink:from="label_newItem12_1133258731156_0"
                     xlink:to="label_newItem12_1133258731156_1"
                     xlink:title="label: newItem12 to label_newItem12"
                     use="optional"
                     priority="0"
                     order="1.0"/>
      <link:label xlink:type="resource" xlink:label="label_ShortTermClaimsInstitutionsCorporate"
                  xlink:role="http://www.xbrl.org/2003/role/documentation"
                  xlink:title="label_ShortTermClaimsInstitutionsCorporate"
                  xml:lang="en"
                  id="label_ShortTermClaimsInstitutionsCorporate_597">Detailed layer</link:label>
      <link:labelArc xlink:type="arc" xlink:arcrole="http://www.xbrl.org/2003/arcrole/concept-label"
                     xlink:from="label_newItem12_1133258731156_0"
                     xlink:to="label_ShortTermClaimsInstitutionsCorporate"
                     xlink:title="label: ShortTermClaimsInstitutionsCorporate to label_ShortTermClaimsInstitutionsCorporate"
                     use="optional"
                     priority="0"
                     order="1.0"/>
      <link:loc xlink:type="locator"
                xlink:href="d-ec-2006-07-01.xsd#d-ec_SAECCollectiveInvestmentsUndertakingsCIU"
                xlink:label="label_newItem13_1133258732708_0"
                xlink:title="label_newItem13"/>
      <link:label xlink:type="resource" xlink:label="label_newItem13_1133258732708_1"
                  xlink:role="http://www.xbrl.org/2003/role/label"
                  xlink:title="label_newItem13"
                  xml:lang="en"
                  id="label_newItem13_1133258732708_1_600">Collective investments undertakings (CIU)</link:label>
      <link:labelArc xlink:type="arc" xlink:arcrole="http://www.xbrl.org/2003/arcrole/concept-label"
                     xlink:from="label_newItem13_1133258732708_0"
                     xlink:to="label_newItem13_1133258732708_1"
                     xlink:title="label: newItem13 to label_newItem13"
                     use="optional"
                     priority="0"
                     order="1.0"/>
      <link:label xlink:type="resource" xlink:label="label_CollectiveInvestmentsUndertakingsCIU"
                  xlink:role="http://www.xbrl.org/2003/role/documentation"
                  xlink:title="label_CollectiveInvestmentsUndertakingsCIU"
                  xml:lang="en"
                  id="label_CollectiveInvestmentsUndertakingsCIU_602">Detailed layer</link:label>
      <link:labelArc xlink:type="arc" xlink:arcrole="http://www.xbrl.org/2003/arcrole/concept-label"
                     xlink:from="label_newItem13_1133258732708_0"
                     xlink:to="label_CollectiveInvestmentsUndertakingsCIU"
                     xlink:title="label: CollectiveInvestmentsUndertakingsCIU to label_CollectiveInvestmentsUndertakingsCIU"
                     use="optional"
                     priority="0"
                     order="1.0"/>
      <link:loc xlink:type="locator" xlink:href="d-ec-2006-07-01.xsd#d-ec_SAECOtherItems"
                xlink:label="label_newItem14_1133258746799_0"
                xlink:title="label_newItem14"/>
      <link:label xlink:type="resource" xlink:label="label_newItem14_1133258746799_1"
                  xlink:role="http://www.xbrl.org/2003/role/label"
                  xlink:title="label_newItem14"
                  xml:lang="en"
                  id="label_newItem14_1133258746799_1_605">Other items</link:label>
      <link:labelArc xlink:type="arc" xlink:arcrole="http://www.xbrl.org/2003/arcrole/concept-label"
                     xlink:from="label_newItem14_1133258746799_0"
                     xlink:to="label_newItem14_1133258746799_1"
                     xlink:title="label: newItem14 to label_newItem14"
                     use="optional"
                     priority="0"
                     order="1.0"/>
      <link:label xlink:type="resource" xlink:label="label_OtherItems"
                  xlink:role="http://www.xbrl.org/2003/role/documentation"
                  xlink:title="label_OtherItems"
                  xml:lang="en"
                  id="label_OtherItems_607">Detailed layer</link:label>
      <link:labelArc xlink:type="arc" xlink:arcrole="http://www.xbrl.org/2003/arcrole/concept-label"
                     xlink:from="label_newItem14_1133258746799_0"
                     xlink:to="label_OtherItems"
                     xlink:title="label: OtherItems to label_OtherItems"
                     use="optional"
                     priority="0"
                     order="1.0"/>
      <link:loc xlink:type="locator"
                xlink:href="d-ec-2006-07-01.xsd#d-ec_ExposureClassDimension"
                xlink:label="ExposureClassDimension"
                xlink:title="ExposureClassDimension"/>
      <link:label xlink:type="resource" xlink:label="label_ExposureClassDimension"
                  xlink:role="http://www.xbrl.org/2003/role/label"
                  xlink:title="label_ExposureClassDimension"
                  xml:lang="en"
                  id="label_ExposureClassDimension">Exposure Class (Dimension)</link:label>
      <link:labelArc xlink:type="arc" xlink:arcrole="http://www.xbrl.org/2003/arcrole/concept-label"
                     xlink:from="ExposureClassDimension"
                     xlink:to="label_ExposureClassDimension"
                     xlink:title="label: ExposureClassDimension to label_ExposureClassDimension"/>
      <link:loc xlink:type="locator"
                xlink:href="d-ec-2006-07-01.xsd#d-ec_IRBECOtherNonCreditObligationAssets"
                xlink:label="IRBECOtherNonCreditObligationAssets"
                xlink:title="IRBECOtherNonCreditObligationAssets"/>
      <link:label xlink:type="resource" xlink:label="label_IRBECOtherNonCreditObligationAssets"
                  xlink:role="http://www.xbrl.org/2003/role/label"
                  xlink:title="label_IRBECOtherNonCreditObligationAssets"
                  xml:lang="en"
                  id="label_IRBECOtherNonCreditObligationAssets">Other non-credit obligation assets</link:label>
      <link:labelArc xlink:type="arc" xlink:arcrole="http://www.xbrl.org/2003/arcrole/concept-label"
                     xlink:from="IRBECOtherNonCreditObligationAssets"
                     xlink:to="label_IRBECOtherNonCreditObligationAssets"
                     xlink:title="label: IRBECOtherNonCreditObligationAssets to label_IRBECOtherNonCreditObligationAssets"/>
      <link:label xlink:type="resource" xlink:label="label_IRBECOtherNonCreditObligationAssets_2"
                  xlink:role="http://www.xbrl.org/2003/role/documentation"
                  xlink:title="label_IRBECOtherNonCreditObligationAssets"
                  xml:lang="en"
                  id="label_IRBECOtherNonCreditObligationAssets_2">Core Layer</link:label>
      <link:labelArc xlink:type="arc" xlink:arcrole="http://www.xbrl.org/2003/arcrole/concept-label"
                     xlink:from="IRBECOtherNonCreditObligationAssets"
                     xlink:to="label_IRBECOtherNonCreditObligationAssets_2"
                     xlink:title="label: IRBECOtherNonCreditObligationAssets to label_IRBECOtherNonCreditObligationAssets"/>
  </link:labelLink>
</link:linkbase>