<?xml version="1.0" encoding="UTF-8"?>
<?taxonomy-version 1.3.1?>
<!--Copyright (C) 2011 EBA - European Banking Authority, Tower 42, 25 Old Broad Street, London, EC2N 1HQ, United Kingdom.-->            
<link:linkbase xmlns:xsi="http://www.w3.org/2001/XMLSchema-instance"
               xmlns:d-et="http://www.c-ebs.org/eu/fr/esrs/corep/2006-07-01/d-et-2006-07-01"
               xmlns:link="http://www.xbrl.org/2003/linkbase"
               xmlns:xlink="http://www.w3.org/1999/xlink"
               xmlns:xbrli="http://www.xbrl.org/2003/instance"
               xsi:schemaLocation="http://www.xbrl.org/2003/linkbase http://www.xbrl.org/2003/xbrl-linkbase-2003-12-31.xsd">
  <link:presentationLink xlink:type="extended" xlink:role="http://www.xbrl.org/2003/role/link">
      <link:loc xlink:type="locator" xlink:href="d-et-2006-07-01.xsd#d-et_ExposureTypeDomain"
                xlink:label="ExposureType_1134465053560_0"
                xlink:title="ExposureType"/>
      <link:loc xlink:type="locator" xlink:href="d-et-2006-07-01.xsd#d-et_OnBalanceSheetItems"
                xlink:label="OnBalanceSheetItems_1134465053560_1"
                xlink:title="OnBalanceSheetItems"/>
      <link:presentationArc xlink:type="arc" xlink:arcrole="http://www.xbrl.org/2003/arcrole/parent-child"
                            xlink:from="ExposureType_1134465053560_0"
                            xlink:to="OnBalanceSheetItems_1134465053560_1"
                            xlink:title="presentation: ExposureType to OnBalanceSheetItems"
                            order="1.0"/>
      <link:loc xlink:type="locator"
                xlink:href="d-et-2006-07-01.xsd#d-et_OnBalanceSheetItemsMostSenior"
                xlink:label="MostSenior_1134466785345_0"
                xlink:title="MostSenior"/>
      <link:presentationArc xlink:type="arc" xlink:arcrole="http://www.xbrl.org/2003/arcrole/parent-child"
                            xlink:from="OnBalanceSheetItems_1134465053560_1"
                            xlink:to="MostSenior_1134466785345_0"
                            xlink:title="presentation: OnBalanceSheetItems to MostSenior"
                            order="1.0"/>
      <link:loc xlink:type="locator"
                xlink:href="d-et-2006-07-01.xsd#d-et_OnBalanceSheetItemsMezzanine"
                xlink:label="Mezzanine_1134466785345_1"
                xlink:title="Mezzanine"/>
      <link:presentationArc xlink:type="arc" xlink:arcrole="http://www.xbrl.org/2003/arcrole/parent-child"
                            xlink:from="OnBalanceSheetItems_1134465053560_1"
                            xlink:to="Mezzanine_1134466785345_1"
                            xlink:title="presentation: OnBalanceSheetItems to Mezzanine"
                            order="2.0"/>
      <link:loc xlink:type="locator"
                xlink:href="d-et-2006-07-01.xsd#d-et_OnBalanceSheetItemsFirstLoss"
                xlink:label="FirstLoss_1134466785345_2"
                xlink:title="FirstLoss"/>
      <link:presentationArc xlink:type="arc" xlink:arcrole="http://www.xbrl.org/2003/arcrole/parent-child"
                            xlink:from="OnBalanceSheetItems_1134465053560_1"
                            xlink:to="FirstLoss_1134466785345_2"
                            xlink:title="presentation: OnBalanceSheetItems to FirstLoss"
                            order="3.0"/>
      <link:loc xlink:type="locator"
                xlink:href="d-et-2006-07-01.xsd#d-et_SecuritiesFinancingTransactionsLongSettlementTransactions"
                xlink:label="SecuritiesFinancingTransactionsLongSettlementTransactions_1134465053560_3"
                xlink:title="SecuritiesFinancingTransactionsLongSettlementTransactions"/>
      <link:presentationArc xlink:type="arc" xlink:arcrole="http://www.xbrl.org/2003/arcrole/parent-child"
                            xlink:from="ExposureType_1134465053560_0"
                            xlink:to="SecuritiesFinancingTransactionsLongSettlementTransactions_1134465053560_3"
                            xlink:title="presentation: ExposureType to SecuritiesFinancingTransactionsLongSettlementTransactions"
                            order="3.0"/>
      <link:loc xlink:type="locator"
                xlink:href="d-et-2006-07-01.xsd#d-et_FromContractualCrossProductNetting"
                xlink:label="FromContractualCrossProductNetting_1134465053560_5"
                xlink:title="FromContractualCrossProductNetting"/>
      <link:presentationArc xlink:type="arc" xlink:arcrole="http://www.xbrl.org/2003/arcrole/parent-child"
                            xlink:from="ExposureType_1134465053560_0"
                            xlink:to="FromContractualCrossProductNetting_1134465053560_5"
                            xlink:title="presentation: ExposureType to FromContractualCrossProductNetting"
                            order="4.0"/>
      <link:loc xlink:type="locator"
                xlink:href="d-et-2006-07-01.xsd#d-et_OffBalanceSheetItemsDerivatives"
                xlink:label="OffBalanceSheetItemsDerivatives_1134465053560_6"
                xlink:title="OffBalanceSheetItemsDerivatives"/>
      <link:presentationArc xlink:type="arc" xlink:arcrole="http://www.xbrl.org/2003/arcrole/parent-child"
                            xlink:from="ExposureType_1134465053560_0"
                            xlink:to="OffBalanceSheetItemsDerivatives_1134465053560_6"
                            xlink:title="presentation: ExposureType to OffBalanceSheetItemsDerivatives"
                            order="2.0"/>
      <link:loc xlink:type="locator" xlink:href="d-et-2006-07-01.xsd#d-et_OffBalanceSheetItems"
                xlink:label="OffBalanceSheetItems"
                xlink:title="OffBalanceSheetItems"/>
      <link:presentationArc xlink:type="arc" xlink:arcrole="http://www.xbrl.org/2003/arcrole/parent-child"
                            xlink:from="OffBalanceSheetItemsDerivatives_1134465053560_6"
                            xlink:to="OffBalanceSheetItems"
                            xlink:title="presentation: OffBalanceSheetItemsDerivatives to OffBalanceSheetItems"
                            use="optional"
                            order="1.0"/>
      <link:loc xlink:type="locator" xlink:href="d-et-2006-07-01.xsd#d-et_Derivatives"
                xlink:label="Derivatives"
                xlink:title="Derivatives"/>
      <link:presentationArc xlink:type="arc" xlink:arcrole="http://www.xbrl.org/2003/arcrole/parent-child"
                            xlink:from="OffBalanceSheetItemsDerivatives_1134465053560_6"
                            xlink:to="Derivatives"
                            xlink:title="presentation: OffBalanceSheetItemsDerivatives to Derivatives"
                            use="optional"
                            order="2.0"/>
      <link:loc xlink:type="locator" xlink:href="d-et-2006-07-01.xsd#d-et_EarlyAmortization"
                xlink:label="EarlyAmortization_1134465053570_0"
                xlink:title="EarlyAmortization"/>
      <link:presentationArc xlink:type="arc" xlink:arcrole="http://www.xbrl.org/2003/arcrole/parent-child"
                            xlink:from="ExposureType_1134465053560_0"
                            xlink:to="EarlyAmortization_1134465053570_0"
                            xlink:title="presentation: ExposureType to EarlyAmortization"
                            order="5.0"/>
  </link:presentationLink>
</link:linkbase>