<?xml version="1.0" encoding="UTF-8"?>
<?taxonomy-version 1.3.1?>
<!--Copyright (C) 2011 EBA - European Banking Authority, Tower 42, 25 Old Broad Street, London, EC2N 1HQ, United Kingdom.-->            
<link:linkbase xmlns:xsi="http://www.w3.org/2001/XMLSchema-instance"
               xmlns:d-et="http://www.c-ebs.org/eu/fr/esrs/corep/2006-07-01/d-et-2006-07-01"
               xmlns:link="http://www.xbrl.org/2003/linkbase"
               xmlns:xlink="http://www.w3.org/1999/xlink"
               xmlns:xbrli="http://www.xbrl.org/2003/instance"
               xsi:schemaLocation="http://www.xbrl.org/2003/linkbase http://www.xbrl.org/2003/xbrl-linkbase-2003-12-31.xsd">
  <link:arcroleRef arcroleURI="http://xbrl.org/int/dim/arcrole/domain-member" xlink:type="simple"
                    xlink:href="http://www.xbrl.org/2005/xbrldt-2005.xsd#domain-member"/>
  <link:definitionLink xlink:type="extended" xlink:role="http://www.xbrl.org/2003/role/link">
      <link:loc xlink:type="locator" xlink:href="d-et-2006-07-01.xsd#d-et_ExposureTypeDomain"
                xlink:label="d-et_ExposureTypeDomain"
                xlink:title="definition: ExposureType to OnBalanceSheetItems"/>
      <link:loc xlink:type="locator" xlink:href="d-et-2006-07-01.xsd#d-et_OnBalanceSheetItems"
                xlink:label="d-et_OnBalanceSheetItems"
                xlink:title="definition: ExposureType to OnBalanceSheetItems"/>
      <link:definitionArc xlink:type="arc" xlink:arcrole="http://xbrl.org/int/dim/arcrole/domain-member"
                          xlink:from="d-et_ExposureTypeDomain"
                          xlink:to="d-et_OnBalanceSheetItems"
                          xlink:title="definition: ExposureType to OnBalanceSheetItems"
                          use="optional"
                          order="1.0"/>
      <link:loc xlink:type="locator"
                xlink:href="d-et-2006-07-01.xsd#d-et_OnBalanceSheetItemsMostSenior"
                xlink:label="d-et_OnBalanceSheetItemsMostSenior"
                xlink:title="definition: OnBalanceSheetItems to MostSenior"/>
      <link:definitionArc xlink:type="arc" xlink:arcrole="http://xbrl.org/int/dim/arcrole/domain-member"
                          xlink:from="d-et_OnBalanceSheetItems"
                          xlink:to="d-et_OnBalanceSheetItemsMostSenior"
                          xlink:title="definition: OnBalanceSheetItems to MostSenior"
                          use="optional"
                          order="1.0"/>
      <link:loc xlink:type="locator"
                xlink:href="d-et-2006-07-01.xsd#d-et_OnBalanceSheetItemsMezzanine"
                xlink:label="d-et_OnBalanceSheetItemsMezzanine"
                xlink:title="definition: OnBalanceSheetItems to Mezzanine"/>
      <link:definitionArc xlink:type="arc" xlink:arcrole="http://xbrl.org/int/dim/arcrole/domain-member"
                          xlink:from="d-et_OnBalanceSheetItems"
                          xlink:to="d-et_OnBalanceSheetItemsMezzanine"
                          xlink:title="definition: OnBalanceSheetItems to Mezzanine"
                          use="optional"
                          order="2.0"/>
      <link:loc xlink:type="locator"
                xlink:href="d-et-2006-07-01.xsd#d-et_OnBalanceSheetItemsFirstLoss"
                xlink:label="d-et_OnBalanceSheetItemsFirstLoss"
                xlink:title="definition: OnBalanceSheetItems to FirstLoss"/>
      <link:definitionArc xlink:type="arc" xlink:arcrole="http://xbrl.org/int/dim/arcrole/domain-member"
                          xlink:from="d-et_OnBalanceSheetItems"
                          xlink:to="d-et_OnBalanceSheetItemsFirstLoss"
                          xlink:title="definition: OnBalanceSheetItems to FirstLoss"
                          use="optional"
                          order="3.0"/>
      <link:loc xlink:type="locator"
                xlink:href="d-et-2006-07-01.xsd#d-et_SecuritiesFinancingTransactionsLongSettlementTransactions"
                xlink:label="d-et_SecuritiesFinancingTransactionsLongSettlementTransactions"
                xlink:title="definition: ExposureType to SecuritiesFinancingTransactionsLongSettlementTransactions"/>
      <link:definitionArc xlink:type="arc" xlink:arcrole="http://xbrl.org/int/dim/arcrole/domain-member"
                          xlink:from="d-et_ExposureTypeDomain"
                          xlink:to="d-et_SecuritiesFinancingTransactionsLongSettlementTransactions"
                          xlink:title="definition: ExposureType to SecuritiesFinancingTransactionsLongSettlementTransactions"
                          use="optional"
                          order="3.0"/>
      <link:loc xlink:type="locator"
                xlink:href="d-et-2006-07-01.xsd#d-et_FromContractualCrossProductNetting"
                xlink:label="d-et_FromContractualCrossProductNetting"
                xlink:title="definition: ExposureType to FromContractualCrossProductNetting"/>
      <link:definitionArc xlink:type="arc" xlink:arcrole="http://xbrl.org/int/dim/arcrole/domain-member"
                          xlink:from="d-et_ExposureTypeDomain"
                          xlink:to="d-et_FromContractualCrossProductNetting"
                          xlink:title="definition: ExposureType to FromContractualCrossProductNetting"
                          use="optional"
                          order="4.0"/>
      <link:loc xlink:type="locator"
                xlink:href="d-et-2006-07-01.xsd#d-et_OffBalanceSheetItemsDerivatives"
                xlink:label="d-et_OffBalanceSheetItemsDerivatives"
                xlink:title="definition: ExposureType to OffBalanceSheetItemsDerivatives"/>
      <link:definitionArc xlink:type="arc" xlink:arcrole="http://xbrl.org/int/dim/arcrole/domain-member"
                          xlink:from="d-et_ExposureTypeDomain"
                          xlink:to="d-et_OffBalanceSheetItemsDerivatives"
                          xlink:title="definition: ExposureType to OffBalanceSheetItemsDerivatives"
                          use="optional"
                          order="2.0"/>
      <link:loc xlink:type="locator" xlink:href="d-et-2006-07-01.xsd#d-et_OffBalanceSheetItems"
                xlink:label="OffBalanceSheetItems"
                xlink:title="definition: ExposureType to OffBalanceSheetItems"/>
      <link:definitionArc xlink:type="arc" xlink:arcrole="http://xbrl.org/int/dim/arcrole/domain-member"
                          xlink:from="d-et_OffBalanceSheetItemsDerivatives"
                          xlink:to="OffBalanceSheetItems"
                          xlink:title="definition: OffBalanceSheetItemsDerivatives to OffBalanceSheetItems"
                          use="optional"
                          order="1.0"/>
      <link:loc xlink:type="locator" xlink:href="d-et-2006-07-01.xsd#d-et_Derivatives"
                xlink:label="Derivatives"
                xlink:title="definition: ExposureType to Derivatives"/>
      <link:definitionArc xlink:type="arc" xlink:arcrole="http://xbrl.org/int/dim/arcrole/domain-member"
                          xlink:from="d-et_OffBalanceSheetItemsDerivatives"
                          xlink:to="Derivatives"
                          xlink:title="definition: OffBalanceSheetItemsDerivatives to Derivatives"
                          use="optional"
                          order="2.0"/>
      <link:loc xlink:type="locator" xlink:href="d-et-2006-07-01.xsd#d-et_EarlyAmortization"
                xlink:label="d-et_EarlyAmortization"
                xlink:title="definition: ExposureType to EarlyAmortization"/>
      <link:definitionArc xlink:type="arc" xlink:arcrole="http://xbrl.org/int/dim/arcrole/domain-member"
                          xlink:from="d-et_ExposureTypeDomain"
                          xlink:to="d-et_EarlyAmortization"
                          xlink:title="definition: ExposureType to EarlyAmortization"
                          use="optional"
                          order="5.0"/>
  </link:definitionLink>
</link:linkbase>