<?xml version="1.0" encoding="UTF-8"?>
<?taxonomy-version 1.3.1?>
<!--Copyright (C) 2011 EBA - European Banking Authority, Tower 42, 25 Old Broad Street, London, EC2N 1HQ, United Kingdom.-->            
<link:linkbase xmlns:xsi="http://www.w3.org/2001/XMLSchema-instance"
               xmlns:d-et="http://www.c-ebs.org/eu/fr/esrs/corep/2006-07-01/d-et-2006-07-01"
               xmlns:link="http://www.xbrl.org/2003/linkbase"
               xmlns:xlink="http://www.w3.org/1999/xlink"
               xmlns:xbrli="http://www.xbrl.org/2003/instance"
               xsi:schemaLocation="http://www.xbrl.org/2003/linkbase http://www.xbrl.org/2003/xbrl-linkbase-2003-12-31.xsd">
  <link:labelLink xlink:type="extended" xlink:role="http://www.xbrl.org/2003/role/link">
      <link:loc xlink:type="locator" xlink:href="d-et-2006-07-01.xsd#d-et_Derivatives"
                xlink:label="d-et_Derivatives"/>
      <link:label xlink:type="resource" xlink:label="d-et_Derivatives_lbl"
                  xlink:role="http://www.xbrl.org/2003/role/label"
                  xlink:title="label_Derivatives"
                  xml:lang="en"
                  id="label_Derivatives_1133257343150_1">Derivatives</link:label>
      <link:labelArc xlink:type="arc" xlink:arcrole="http://www.xbrl.org/2003/arcrole/concept-label"
                     xlink:from="d-et_Derivatives"
                     xlink:to="d-et_Derivatives_lbl"/>
      <link:label xlink:type="resource" xlink:label="label_Derivatives"
                  xlink:role="http://www.xbrl.org/2003/role/documentation"
                  xlink:title="label_Derivatives"
                  xml:lang="en"
                  id="label_Derivatives">Detailed layer</link:label>
      <link:labelArc xlink:type="arc" xlink:arcrole="http://www.xbrl.org/2003/arcrole/concept-label"
                     xlink:from="d-et_Derivatives"
                     xlink:to="label_Derivatives"
                     xlink:title="label: Derivatives to label_Derivatives"/>
      <link:loc xlink:type="locator" xlink:href="d-et-2006-07-01.xsd#d-et_EarlyAmortization"
                xlink:label="d-et_EarlyAmortization"/>
      <link:label xlink:type="resource" xlink:label="d-et_EarlyAmortization_lbl"
                  xlink:role="http://www.xbrl.org/2003/role/label"
                  xlink:title="label_newItem2"
                  xml:lang="en"
                  id="label_newItem2_1134460615705_1">Early Amortization</link:label>
      <link:labelArc xlink:type="arc" xlink:arcrole="http://www.xbrl.org/2003/arcrole/concept-label"
                     xlink:from="d-et_EarlyAmortization"
                     xlink:to="d-et_EarlyAmortization_lbl"/>
      <link:label xlink:type="resource" xlink:label="label_EarlyAmortization"
                  xlink:role="http://www.xbrl.org/2003/role/documentation"
                  xlink:title="label_EarlyAmortization"
                  xml:lang="en"
                  id="label_EarlyAmortization">Detailed layer</link:label>
      <link:labelArc xlink:type="arc" xlink:arcrole="http://www.xbrl.org/2003/arcrole/concept-label"
                     xlink:from="d-et_EarlyAmortization"
                     xlink:to="label_EarlyAmortization"
                     xlink:title="label: EarlyAmortization to label_EarlyAmortization"/>
      <link:loc xlink:type="locator" xlink:href="d-et-2006-07-01.xsd#d-et_ExposureTypeDomain"
                xlink:label="d-et_ExposureTypeDomain"/>
      <link:label xlink:type="resource" xlink:label="d-et_ExposureTypeDomain_lbl"
                  xlink:role="http://www.xbrl.org/2003/role/label"
                  xlink:title="label_ExposureType"
                  xml:lang="en"
                  id="label_ExposureType_1133257514907_1">Exposure Type (Domain)</link:label>
      <link:labelArc xlink:type="arc" xlink:arcrole="http://www.xbrl.org/2003/arcrole/concept-label"
                     xlink:from="d-et_ExposureTypeDomain"
                     xlink:to="d-et_ExposureTypeDomain_lbl"/>
      <link:label xlink:type="resource" xlink:label="label_ExposureTypeDomain"
                  xlink:role="http://www.xbrl.org/2003/role/documentation"
                  xlink:title="label_ExposureTypeDomain"
                  xml:lang="en"
                  id="label_ExposureTypeDomain">Detailed layer</link:label>
      <link:labelArc xlink:type="arc" xlink:arcrole="http://www.xbrl.org/2003/arcrole/concept-label"
                     xlink:from="d-et_ExposureTypeDomain"
                     xlink:to="label_ExposureTypeDomain"
                     xlink:title="label: ExposureTypeDomain to label_ExposureTypeDomain"/>
      <link:loc xlink:type="locator"
                xlink:href="d-et-2006-07-01.xsd#d-et_FromContractualCrossProductNetting"
                xlink:label="d-et_FromContractualCrossProductNetting"/>
      <link:label xlink:type="resource" xlink:label="d-et_FromContractualCrossProductNetting_lbl"
                  xlink:role="http://www.xbrl.org/2003/role/label"
                  xlink:title="label_FromContractualCrossProductNetting"
                  xml:lang="en"
                  id="label_FromContractualCrossProductNetting_1133257389146_1">From Contractual Cross Product Netting</link:label>
      <link:labelArc xlink:type="arc" xlink:arcrole="http://www.xbrl.org/2003/arcrole/concept-label"
                     xlink:from="d-et_FromContractualCrossProductNetting"
                     xlink:to="d-et_FromContractualCrossProductNetting_lbl"/>
      <link:label xlink:type="resource" xlink:label="label_FromContractualCrossProductNetting"
                  xlink:role="http://www.xbrl.org/2003/role/documentation"
                  xlink:title="label_FromContractualCrossProductNetting"
                  xml:lang="en"
                  id="label_FromContractualCrossProductNetting">Detailed layer</link:label>
      <link:labelArc xlink:type="arc" xlink:arcrole="http://www.xbrl.org/2003/arcrole/concept-label"
                     xlink:from="d-et_FromContractualCrossProductNetting"
                     xlink:to="label_FromContractualCrossProductNetting"
                     xlink:title="label: FromContractualCrossProductNetting to label_FromContractualCrossProductNetting"/>
      <link:loc xlink:type="locator"
                xlink:href="d-et-2006-07-01.xsd#d-et_OffBalanceSheetItemsDerivatives"
                xlink:label="d-et_OffBalanceSheetItemsDerivatives"/>
      <link:label xlink:type="resource" xlink:label="d-et_OffBalanceSheetItemsDerivatives_lbl"
                  xlink:role="http://www.xbrl.org/2003/role/label"
                  xlink:title="label_newItem"
                  xml:lang="en"
                  id="label_newItem_1134460572003_1">Off Balance Sheet Items and Derivatives</link:label>
      <link:labelArc xlink:type="arc" xlink:arcrole="http://www.xbrl.org/2003/arcrole/concept-label"
                     xlink:from="d-et_OffBalanceSheetItemsDerivatives"
                     xlink:to="d-et_OffBalanceSheetItemsDerivatives_lbl"/>
      <link:label xlink:type="resource" xlink:label="label_OffBalanceSheetItemsDerivatives"
                  xlink:role="http://www.xbrl.org/2003/role/documentation"
                  xlink:title="label_OffBalanceSheetItemsDerivatives"
                  xml:lang="en"
                  id="label_OffBalanceSheetItemsDerivatives">Detailed layer</link:label>
      <link:labelArc xlink:type="arc" xlink:arcrole="http://www.xbrl.org/2003/arcrole/concept-label"
                     xlink:from="d-et_OffBalanceSheetItemsDerivatives"
                     xlink:to="label_OffBalanceSheetItemsDerivatives"
                     xlink:title="label: OffBalanceSheetItemsDerivatives to label_OffBalanceSheetItemsDerivatives"/>
      <link:loc xlink:type="locator" xlink:href="d-et-2006-07-01.xsd#d-et_OffBalanceSheetItems"
                xlink:label="d-et_OffBalanceSheetItems"/>
      <link:label xlink:type="resource" xlink:label="d-et_OffBalanceSheetItems_lbl"
                  xlink:role="http://www.xbrl.org/2003/role/label"
                  xlink:title="label_OffBalanceSheetItems"
                  xml:lang="en"
                  id="label_OffBalanceSheetItems_1133257255524_1">Off Balance Sheet Items</link:label>
      <link:labelArc xlink:type="arc" xlink:arcrole="http://www.xbrl.org/2003/arcrole/concept-label"
                     xlink:from="d-et_OffBalanceSheetItems"
                     xlink:to="d-et_OffBalanceSheetItems_lbl"/>
      <link:label xlink:type="resource" xlink:label="label_OffBalanceSheetItems"
                  xlink:role="http://www.xbrl.org/2003/role/documentation"
                  xlink:title="label_OffBalanceSheetItems"
                  xml:lang="en"
                  id="label_OffBalanceSheetItems">Detailed layer</link:label>
      <link:labelArc xlink:type="arc" xlink:arcrole="http://www.xbrl.org/2003/arcrole/concept-label"
                     xlink:from="d-et_OffBalanceSheetItems"
                     xlink:to="label_OffBalanceSheetItems"
                     xlink:title="label: OffBalanceSheetItems to label_OffBalanceSheetItems"/>
      <link:loc xlink:type="locator" xlink:href="d-et-2006-07-01.xsd#d-et_OnBalanceSheetItems"
                xlink:label="d-et_OnBalanceSheetItem"/>
      <link:label xlink:type="resource" xlink:label="d-et_OnBalanceSheetItem_lbl"
                  xlink:role="http://www.xbrl.org/2003/role/label"
                  xlink:title="label_OnBalanceSheetItems"
                  xml:lang="en"
                  id="label_OnBalanceSheetItems_1133257191672_2">On Balance Sheet Items</link:label>
      <link:labelArc xlink:type="arc" xlink:arcrole="http://www.xbrl.org/2003/arcrole/concept-label"
                     xlink:from="d-et_OnBalanceSheetItem"
                     xlink:to="d-et_OnBalanceSheetItem_lbl"/>
      <link:label xlink:type="resource" xlink:label="label_OnBalanceSheetItems"
                  xlink:role="http://www.xbrl.org/2003/role/documentation"
                  xlink:title="label_OnBalanceSheetItems"
                  xml:lang="en"
                  id="label_OnBalanceSheetItems">Detailed layer</link:label>
      <link:labelArc xlink:type="arc" xlink:arcrole="http://www.xbrl.org/2003/arcrole/concept-label"
                     xlink:from="d-et_OnBalanceSheetItem"
                     xlink:to="label_OnBalanceSheetItems"
                     xlink:title="label: OnBalanceSheetItems to label_OnBalanceSheetItems"/>
      <link:loc xlink:type="locator"
                xlink:href="d-et-2006-07-01.xsd#d-et_OnBalanceSheetItemsFirstLoss"
                xlink:label="d-et_OnBalanceSheetItemsFirstLoss"/>
      <link:label xlink:type="resource" xlink:label="d-et_OnBalanceSheetItemsFirstLoss_lbl"
                  xlink:role="http://www.xbrl.org/2003/role/label"
                  xlink:title="label_newItem3"
                  xml:lang="en"
                  id="label_newItem3_1134466425609_1">First Loss</link:label>
      <link:labelArc xlink:type="arc" xlink:arcrole="http://www.xbrl.org/2003/arcrole/concept-label"
                     xlink:from="d-et_OnBalanceSheetItemsFirstLoss"
                     xlink:to="d-et_OnBalanceSheetItemsFirstLoss_lbl"/>
      <link:label xlink:type="resource" xlink:label="label_OnBalanceSheetItemsFirstLoss"
                  xlink:role="http://www.xbrl.org/2003/role/documentation"
                  xlink:title="label_OnBalanceSheetItemsFirstLoss"
                  xml:lang="en"
                  id="label_OnBalanceSheetItemsFirstLoss">Detailed layer</link:label>
      <link:labelArc xlink:type="arc" xlink:arcrole="http://www.xbrl.org/2003/arcrole/concept-label"
                     xlink:from="d-et_OnBalanceSheetItemsFirstLoss"
                     xlink:to="label_OnBalanceSheetItemsFirstLoss"
                     xlink:title="label: OnBalanceSheetItemsFirstLoss to label_OnBalanceSheetItemsFirstLoss"/>
      <link:loc xlink:type="locator"
                xlink:href="d-et-2006-07-01.xsd#d-et_OnBalanceSheetItemsMezzanine"
                xlink:label="d-et_OnBalanceSheetItemsMezzanine"/>
      <link:label xlink:type="resource" xlink:label="d-et_OnBalanceSheetItemsMezzanine_lbl"
                  xlink:role="http://www.xbrl.org/2003/role/label"
                  xlink:title="label_newItem2"
                  xml:lang="en"
                  id="label_newItem2_1134466419660_1">Mezzanine</link:label>
      <link:labelArc xlink:type="arc" xlink:arcrole="http://www.xbrl.org/2003/arcrole/concept-label"
                     xlink:from="d-et_OnBalanceSheetItemsMezzanine"
                     xlink:to="d-et_OnBalanceSheetItemsMezzanine_lbl"/>
      <link:label xlink:type="resource" xlink:label="label_OnBalanceSheetItemsMezzanine"
                  xlink:role="http://www.xbrl.org/2003/role/documentation"
                  xlink:title="label_OnBalanceSheetItemsMezzanine"
                  xml:lang="en"
                  id="label_OnBalanceSheetItemsMezzanine">Detailed layer</link:label>
      <link:labelArc xlink:type="arc" xlink:arcrole="http://www.xbrl.org/2003/arcrole/concept-label"
                     xlink:from="d-et_OnBalanceSheetItemsMezzanine"
                     xlink:to="label_OnBalanceSheetItemsMezzanine"
                     xlink:title="label: OnBalanceSheetItemsMezzanine to label_OnBalanceSheetItemsMezzanine"/>
      <link:loc xlink:type="locator"
                xlink:href="d-et-2006-07-01.xsd#d-et_OnBalanceSheetItemsMostSenior"
                xlink:label="d-et_OnBalanceSheetItemsMostSenior"/>
      <link:label xlink:type="resource" xlink:label="d-et_OnBalanceSheetItemsMostSenior_lbl"
                  xlink:role="http://www.xbrl.org/2003/role/label"
                  xlink:title="label_newItem"
                  xml:lang="en"
                  id="label_newItem_1134466411158_1">Most Senior</link:label>
      <link:labelArc xlink:type="arc" xlink:arcrole="http://www.xbrl.org/2003/arcrole/concept-label"
                     xlink:from="d-et_OnBalanceSheetItemsMostSenior"
                     xlink:to="d-et_OnBalanceSheetItemsMostSenior_lbl"/>
      <link:label xlink:type="resource" xlink:label="label_OnBalanceSheetItemsMostSenior"
                  xlink:role="http://www.xbrl.org/2003/role/documentation"
                  xlink:title="label_OnBalanceSheetItemsMostSenior"
                  xml:lang="en"
                  id="label_OnBalanceSheetItemsMostSenior">Detailed layer</link:label>
      <link:labelArc xlink:type="arc" xlink:arcrole="http://www.xbrl.org/2003/arcrole/concept-label"
                     xlink:from="d-et_OnBalanceSheetItemsMostSenior"
                     xlink:to="label_OnBalanceSheetItemsMostSenior"
                     xlink:title="label: OnBalanceSheetItemsMostSenior to label_OnBalanceSheetItemsMostSenior"/>
      <link:loc xlink:type="locator"
                xlink:href="d-et-2006-07-01.xsd#d-et_SecurisationTranchesDomain"
                xlink:label="d-et_SecurisationTranchesDomain"/>
      <link:label xlink:type="resource" xlink:label="d-et_SecurisationTranchesDomain_lbl"
                  xlink:role="http://www.xbrl.org/2003/role/label"
                  xlink:title="label_newItem4"
                  xml:lang="en"
                  id="label_newItem4_1134466626171_1">Securisation Tranches (domain)</link:label>
      <link:labelArc xlink:type="arc" xlink:arcrole="http://www.xbrl.org/2003/arcrole/concept-label"
                     xlink:from="d-et_SecurisationTranchesDomain"
                     xlink:to="d-et_SecurisationTranchesDomain_lbl"/>
      <link:label xlink:type="resource" xlink:label="label_SecurisationTranchesDomain"
                  xlink:role="http://www.xbrl.org/2003/role/documentation"
                  xlink:title="label_SecurisationTranchesDomain"
                  xml:lang="en"
                  id="label_SecurisationTranchesDomain">Detailed layer</link:label>
      <link:labelArc xlink:type="arc" xlink:arcrole="http://www.xbrl.org/2003/arcrole/concept-label"
                     xlink:from="d-et_SecurisationTranchesDomain"
                     xlink:to="label_SecurisationTranchesDomain"
                     xlink:title="label: SecurisationTranchesDomain to label_SecurisationTranchesDomain"/>
      <link:loc xlink:type="locator"
                xlink:href="d-et-2006-07-01.xsd#d-et_SecuritiesFinancingTransactionsLongSettlementTransactions"
                xlink:label="d-et_SecuritiesFinancingTransactionsLongSettlementTransactions"/>
      <link:label xlink:type="resource"
                  xlink:label="d-et_SecuritiesFinancingTransactionsLongSettlementTransactions_lbl"
                  xlink:role="http://www.xbrl.org/2003/role/label"
                  xlink:title="label_SecuritiesFinancingTransactionsLongSettlementTransactions"
                  xml:lang="en"
                  id="label_SecuritiesFinancingTransactionsLongSettlementTransactions_1133257313558_1">Securities Financing Transactions &amp; Long Settlement Transactions</link:label>
      <link:labelArc xlink:type="arc" xlink:arcrole="http://www.xbrl.org/2003/arcrole/concept-label"
                     xlink:from="d-et_SecuritiesFinancingTransactionsLongSettlementTransactions"
                     xlink:to="d-et_SecuritiesFinancingTransactionsLongSettlementTransactions_lbl"/>
      <link:label xlink:type="resource"
                  xlink:label="label_SecuritiesFinancingTransactionsLongSettlementTransactions"
                  xlink:role="http://www.xbrl.org/2003/role/documentation"
                  xlink:title="label_SecuritiesFinancingTransactionsLongSettlementTransactions"
                  xml:lang="en"
                  id="label_SecuritiesFinancingTransactionsLongSettlementTransactions">Detailed layer</link:label>
      <link:labelArc xlink:type="arc" xlink:arcrole="http://www.xbrl.org/2003/arcrole/concept-label"
                     xlink:from="d-et_SecuritiesFinancingTransactionsLongSettlementTransactions"
                     xlink:to="label_SecuritiesFinancingTransactionsLongSettlementTransactions"
                     xlink:title="label: SecuritiesFinancingTransactionsLongSettlementTransactions to label_SecuritiesFinancingTransactionsLongSettlementTransactions"/>
      <link:loc xlink:type="locator"
                xlink:href="d-et-2006-07-01.xsd#d-et_ExposureTypeDimension"
                xlink:label="ExposureTypeDimension"
                xlink:title="ExposureTypeDimension"/>
      <link:label xlink:type="resource" xlink:label="label_ExposureTypeDimension"
                  xlink:role="http://www.xbrl.org/2003/role/label"
                  xlink:title="label_ExposureTypeDimension"
                  xml:lang="en"
                  id="label_ExposureTypeDimension">Exposure Type (Dimension)</link:label>
      <link:labelArc xlink:type="arc" xlink:arcrole="http://www.xbrl.org/2003/arcrole/concept-label"
                     xlink:from="ExposureTypeDimension"
                     xlink:to="label_ExposureTypeDimension"
                     xlink:title="label: ExposureTypeDimension to label_ExposureTypeDimension"/>
  </link:labelLink>
</link:linkbase>