<?xml version="1.0" encoding="UTF-8"?>
<?taxonomy-version 1.3.1?>
<!--Copyright (C) 2011 EBA - European Banking Authority, Tower 42, 25 Old Broad Street, London, EC2N 1HQ, United Kingdom.-->            
<link:linkbase xmlns:link="http://www.xbrl.org/2003/linkbase"
               xmlns:xbrli="http://www.xbrl.org/2003/instance"
               xmlns:xlink="http://www.w3.org/1999/xlink"
               xmlns:xsi="http://www.w3.org/2001/XMLSchema-instance"
               xmlns:d-ev="http://www.c-ebs.org/eu/fr/esrs/corep/2006-07-01/d-ev-2006-07-01"
               xmlns:ref-corep="http://www.c-ebs.org/eu/fr/esrs/corep/2005-09-30/ref-corep-2005-09-30"
               xsi:schemaLocation="http://www.xbrl.org/2003/linkbase http://www.xbrl.org/2003/xbrl-linkbase-2003-12-31.xsd http://www.c-ebs.org/eu/fr/esrs/corep/2006-07-01/d-ev-2006-07-01 d-ev-2006-07-01.xsd http://www.c-ebs.org/eu/fr/esrs/corep/2005-09-30/ref-corep-2005-09-30 ref-corep-2005-09-30.xsd">
  <link:referenceLink xlink:type="extended" xlink:role="http://www.xbrl.org/2003/role/link">
      <link:loc xlink:type="locator" xlink:href="d-ev-2006-07-01.xsd#d-ev_EventTypesDomain"
                xlink:label="d-ev_EventTypes"/>
      <link:reference xlink:type="resource" xlink:label="d-ev_EventTypes_ref"
                      xlink:role="http://www.xbrl.org/2003/role/reference"
                      xlink:title="reference_EventTypes"
                      id="reference_EventTypes_1136373361795_1">
         <ref-corep:Comment>Annex X part 5 of Directive 2006/48/EC.</ref-corep:Comment>
      </link:reference>
      <link:referenceArc xlink:type="arc"
                         xlink:arcrole="http://www.xbrl.org/2003/arcrole/concept-reference"
                         xlink:from="d-ev_EventTypes"
                         xlink:to="d-ev_EventTypes_ref"/>
      <link:loc xlink:type="locator" xlink:href="d-ev-2006-07-01.xsd#d-ev_TotalEventTypes"
                xlink:label="TotalEventTypes"
                xlink:title="TotalEventTypes"/>
      <link:reference xlink:type="resource" xlink:label="reference_TotalEventTypes"
                      xlink:role="http://www.xbrl.org/2003/role/reference"
                      xlink:title="reference_TotalEventTypes"
                      id="reference_TotalEventTypes">
         <ref-corep:Comment>For each business line the figures are the simple aggregation (number of events and total loss amount) or the maximum (maximum single loss) of the data by event types. But there is a particular case for the data on number of events and maximun single loss for the " Total business lines"  (see comments below)</ref-corep:Comment>
      </link:reference>
      <link:referenceArc xlink:type="arc"
                         xlink:arcrole="http://www.xbrl.org/2003/arcrole/concept-reference"
                         xlink:from="TotalEventTypes"
                         xlink:to="reference_TotalEventTypes"
                         xlink:title="reference: TotalEventTypes to reference_TotalEventTypes"/>
  </link:referenceLink>
</link:linkbase>