<?xml version="1.0" encoding="UTF-8"?>
<?taxonomy-version 1.3.1?>
<!--Copyright (C) 2011 EBA - European Banking Authority, Tower 42, 25 Old Broad Street, London, EC2N 1HQ, United Kingdom.-->            
<link:linkbase xmlns:link="http://www.xbrl.org/2003/linkbase"
               xmlns:xbrli="http://www.xbrl.org/2003/instance"
               xmlns:xlink="http://www.w3.org/1999/xlink"
               xmlns:xsi="http://www.w3.org/2001/XMLSchema-instance"
               xmlns:d-ev="http://www.c-ebs.org/eu/fr/esrs/corep/2006-07-01/d-ev-2006-07-01"
               xmlns:xbrldt="http://xbrl.org/2005/xbrldt"
               xsi:schemaLocation="http://www.xbrl.org/2003/linkbase http://www.xbrl.org/2003/xbrl-linkbase-2003-12-31.xsd">
  <link:arcroleRef arcroleURI="http://xbrl.org/int/dim/arcrole/domain-member" xlink:type="simple"
                    xlink:href="http://www.xbrl.org/2005/xbrldt-2005.xsd#domain-member"/>
  <link:definitionLink xlink:type="extended" xlink:role="http://www.xbrl.org/2003/role/link">
      <link:loc xlink:type="locator" xlink:href="d-ev-2006-07-01.xsd#d-ev_EventTypesDomain"
                xlink:label="d-ev_EventTypes"
                xlink:title="definition: EventTypes to InternalFraud"/>
      <link:loc xlink:type="locator" xlink:href="d-ev-2006-07-01.xsd#d-ev_TotalEventTypes"
                xlink:label="d-ev_Total"
                xlink:title="definition: EventTypes to Total"/>
      <link:definitionArc xlink:type="arc" xlink:arcrole="http://xbrl.org/int/dim/arcrole/domain-member"
                          xlink:from="d-ev_EventTypes"
                          xlink:to="d-ev_Total"
                          xlink:title="definition: EventTypes to Total"
                          use="optional"
                          order="8.0"/>
      <link:loc xlink:type="locator" xlink:href="d-ev-2006-07-01.xsd#d-ev_InternalFraud"
                xlink:label="InternalFraud"
                xlink:title="definition: EventTypes to InternalFraud"/>
      <link:definitionArc xlink:type="arc" xlink:arcrole="http://xbrl.org/int/dim/arcrole/domain-member"
                          xlink:from="d-ev_Total"
                          xlink:to="InternalFraud"
                          xlink:title="definition: Total to InternalFraud"
                          use="optional"
                          order="1.0"/>
      <link:loc xlink:type="locator" xlink:href="d-ev-2006-07-01.xsd#d-ev_ExternalFraud"
                xlink:label="ExternalFraud"
                xlink:title="definition: EventTypes to ExternalFraud"/>
      <link:definitionArc xlink:type="arc" xlink:arcrole="http://xbrl.org/int/dim/arcrole/domain-member"
                          xlink:from="d-ev_Total"
                          xlink:to="ExternalFraud"
                          xlink:title="definition: Total to ExternalFraud"
                          use="optional"
                          order="2.0"/>
      <link:loc xlink:type="locator"
                xlink:href="d-ev-2006-07-01.xsd#d-ev_EmploymentPracticesAndWorkplaceSafety"
                xlink:label="EmploymentPracticesAndWorkplaceSafety"
                xlink:title="definition: EventTypes to EmploymentPracticesAndWorkplaceSafety"/>
      <link:definitionArc xlink:type="arc" xlink:arcrole="http://xbrl.org/int/dim/arcrole/domain-member"
                          xlink:from="d-ev_Total"
                          xlink:to="EmploymentPracticesAndWorkplaceSafety"
                          xlink:title="definition: Total to EmploymentPracticesAndWorkplaceSafety"
                          use="optional"
                          order="3.0"/>
      <link:loc xlink:type="locator"
                xlink:href="d-ev-2006-07-01.xsd#d-ev_ClientsProductsBusinessPractices"
                xlink:label="ClientsProductsBusinessPractices"
                xlink:title="definition: EventTypes to ClientsProductsBusinessPractices"/>
      <link:definitionArc xlink:type="arc" xlink:arcrole="http://xbrl.org/int/dim/arcrole/domain-member"
                          xlink:from="d-ev_Total"
                          xlink:to="ClientsProductsBusinessPractices"
                          xlink:title="definition: Total to ClientsProductsBusinessPractices"
                          use="optional"
                          order="4.0"/>
      <link:loc xlink:type="locator"
                xlink:href="d-ev-2006-07-01.xsd#d-ev_DamageToPhysicalAssets"
                xlink:label="DamageToPhysicalAssets"
                xlink:title="definition: EventTypes to DamageToPhysicalAssets"/>
      <link:definitionArc xlink:type="arc" xlink:arcrole="http://xbrl.org/int/dim/arcrole/domain-member"
                          xlink:from="d-ev_Total"
                          xlink:to="DamageToPhysicalAssets"
                          xlink:title="definition: Total to DamageToPhysicalAssets"
                          use="optional"
                          order="5.0"/>
      <link:loc xlink:type="locator"
                xlink:href="d-ev-2006-07-01.xsd#d-ev_BusinessDisruptionAndSystemFailures"
                xlink:label="BusinessDisruptionAndSystemFailures"
                xlink:title="definition: EventTypes to BusinessDisruptionAndSystemFailures"/>
      <link:definitionArc xlink:type="arc" xlink:arcrole="http://xbrl.org/int/dim/arcrole/domain-member"
                          xlink:from="d-ev_Total"
                          xlink:to="BusinessDisruptionAndSystemFailures"
                          xlink:title="definition: Total to BusinessDisruptionAndSystemFailures"
                          use="optional"
                          order="6.0"/>
      <link:loc xlink:type="locator"
                xlink:href="d-ev-2006-07-01.xsd#d-ev_ExecutionDeliveryProcessManagement"
                xlink:label="ExecutionDeliveryProcessManagement"
                xlink:title="definition: EventTypes to ExecutionDeliveryProcessManagement"/>
      <link:definitionArc xlink:type="arc" xlink:arcrole="http://xbrl.org/int/dim/arcrole/domain-member"
                          xlink:from="d-ev_Total"
                          xlink:to="ExecutionDeliveryProcessManagement"
                          xlink:title="definition: Total to ExecutionDeliveryProcessManagement"
                          use="optional"
                          order="7.0"/>
  </link:definitionLink>
</link:linkbase>