<?xml version="1.0" encoding="UTF-8"?>
<?taxonomy-version 1.3.1?>
<!--Copyright (C) 2011 EBA - European Banking Authority, Tower 42, 25 Old Broad Street, London, EC2N 1HQ, United Kingdom.-->            
<link:linkbase xmlns:link="http://www.xbrl.org/2003/linkbase"
               xmlns:xbrli="http://www.xbrl.org/2003/instance"
               xmlns:xlink="http://www.w3.org/1999/xlink"
               xmlns:xsi="http://www.w3.org/2001/XMLSchema-instance"
               xmlns:d-ev="http://www.c-ebs.org/eu/fr/esrs/corep/2006-07-01/d-ev-2006-07-01"
               xsi:schemaLocation="http://www.xbrl.org/2003/linkbase http://www.xbrl.org/2003/xbrl-linkbase-2003-12-31.xsd">
  <link:presentationLink xlink:type="extended" xlink:role="http://www.xbrl.org/2003/role/link">
      <link:loc xlink:type="locator" xlink:href="d-ev-2006-07-01.xsd#d-ev_EventTypesDomain"
                xlink:label="d-ev_EventTypes"
                xlink:title="presentation: EventTypes to InternalFraud"/>
      <link:loc xlink:type="locator" xlink:href="d-ev-2006-07-01.xsd#d-ev_InternalFraud"
                xlink:label="d-ev_InternalFraud"
                xlink:title="presentation: EventTypes to InternalFraud"/>
      <link:presentationArc xlink:type="arc" xlink:arcrole="http://www.xbrl.org/2003/arcrole/parent-child"
                            xlink:from="d-ev_EventTypes"
                            xlink:to="d-ev_InternalFraud"
                            xlink:title="presentation: EventTypes to InternalFraud"
                            use="optional"
                            order="1.0"/>
      <link:loc xlink:type="locator" xlink:href="d-ev-2006-07-01.xsd#d-ev_ExternalFraud"
                xlink:label="d-ev_ExternalFraud"
                xlink:title="presentation: EventTypes to ExternalFraud"/>
      <link:presentationArc xlink:type="arc" xlink:arcrole="http://www.xbrl.org/2003/arcrole/parent-child"
                            xlink:from="d-ev_EventTypes"
                            xlink:to="d-ev_ExternalFraud"
                            xlink:title="presentation: EventTypes to ExternalFraud"
                            use="optional"
                            order="2.0"/>
      <link:loc xlink:type="locator"
                xlink:href="d-ev-2006-07-01.xsd#d-ev_EmploymentPracticesAndWorkplaceSafety"
                xlink:label="d-ev_EmploymentPracticesAndWorkplaceSafety"
                xlink:title="presentation: EventTypes to EmploymentPracticesAndWorkplaceSafety"/>
      <link:presentationArc xlink:type="arc" xlink:arcrole="http://www.xbrl.org/2003/arcrole/parent-child"
                            xlink:from="d-ev_EventTypes"
                            xlink:to="d-ev_EmploymentPracticesAndWorkplaceSafety"
                            xlink:title="presentation: EventTypes to EmploymentPracticesAndWorkplaceSafety"
                            use="optional"
                            order="3.0"/>
      <link:loc xlink:type="locator"
                xlink:href="d-ev-2006-07-01.xsd#d-ev_ClientsProductsBusinessPractices"
                xlink:label="d-ev_ClientsProductsBusinessPractices"
                xlink:title="presentation: EventTypes to ClientsProductsBusinessPractices"/>
      <link:presentationArc xlink:type="arc" xlink:arcrole="http://www.xbrl.org/2003/arcrole/parent-child"
                            xlink:from="d-ev_EventTypes"
                            xlink:to="d-ev_ClientsProductsBusinessPractices"
                            xlink:title="presentation: EventTypes to ClientsProductsBusinessPractices"
                            use="optional"
                            order="4.0"/>
      <link:loc xlink:type="locator"
                xlink:href="d-ev-2006-07-01.xsd#d-ev_DamageToPhysicalAssets"
                xlink:label="d-ev_DamageToPhysicalAssets"
                xlink:title="presentation: EventTypes to DamageToPhysicalAssets"/>
      <link:presentationArc xlink:type="arc" xlink:arcrole="http://www.xbrl.org/2003/arcrole/parent-child"
                            xlink:from="d-ev_EventTypes"
                            xlink:to="d-ev_DamageToPhysicalAssets"
                            xlink:title="presentation: EventTypes to DamageToPhysicalAssets"
                            use="optional"
                            order="5.0"/>
      <link:loc xlink:type="locator"
                xlink:href="d-ev-2006-07-01.xsd#d-ev_BusinessDisruptionAndSystemFailures"
                xlink:label="d-ev_BusinessDisruptionAndSystemFailures"
                xlink:title="presentation: EventTypes to BusinessDisruptionAndSystemFailures"/>
      <link:presentationArc xlink:type="arc" xlink:arcrole="http://www.xbrl.org/2003/arcrole/parent-child"
                            xlink:from="d-ev_EventTypes"
                            xlink:to="d-ev_BusinessDisruptionAndSystemFailures"
                            xlink:title="presentation: EventTypes to BusinessDisruptionAndSystemFailures"
                            use="optional"
                            order="6.0"/>
      <link:loc xlink:type="locator"
                xlink:href="d-ev-2006-07-01.xsd#d-ev_ExecutionDeliveryProcessManagement"
                xlink:label="d-ev_ExecutionDeliveryProcessManagement"
                xlink:title="presentation: EventTypes to ExecutionDeliveryProcessManagement"/>
      <link:presentationArc xlink:type="arc" xlink:arcrole="http://www.xbrl.org/2003/arcrole/parent-child"
                            xlink:from="d-ev_EventTypes"
                            xlink:to="d-ev_ExecutionDeliveryProcessManagement"
                            xlink:title="presentation: EventTypes to ExecutionDeliveryProcessManagement"
                            use="optional"
                            order="7.0"/>
  </link:presentationLink>
</link:linkbase>