<?xml version="1.0" encoding="UTF-8"?>
<?taxonomy-version 1.3.1?>
<!--Copyright (C) 2011 EBA - European Banking Authority, Tower 42, 25 Old Broad Street, London, EC2N 1HQ, United Kingdom.-->            
<link:linkbase xmlns:link="http://www.xbrl.org/2003/linkbase"
               xmlns:xbrli="http://www.xbrl.org/2003/instance"
               xmlns:xlink="http://www.w3.org/1999/xlink"
               xmlns:xsi="http://www.w3.org/2001/XMLSchema-instance"
               xmlns:d-ev="http://www.c-ebs.org/eu/fr/esrs/corep/2006-07-01/d-ev-2006-07-01"
               xsi:schemaLocation="http://www.xbrl.org/2003/linkbase http://www.xbrl.org/2003/xbrl-linkbase-2003-12-31.xsd">
  <link:roleRef roleURI="http://www.c-ebs.org/2006/corep/eu/ev" xlink:type="simple"
                 xlink:href="d-ev-2006-07-01.xsd#rt_ev"/>
  <link:labelLink xlink:type="extended" xlink:role="http://www.c-ebs.org/2006/corep/eu/ev">
      <link:loc xlink:type="locator"
                xlink:href="d-ev-2006-07-01.xsd#d-ev_BusinessDisruptionAndSystemFailures"
                xlink:label="BusinessDisruptionAndSystemFailures"
                xlink:title="BusinessDisruptionAndSystemFailures"/>
      <link:label xlink:type="resource" xlink:label="label_BusinessDisruptionAndSystemFailures"
                  xlink:role="http://www.xbrl.org/2003/role/documentation"
                  xlink:title="label_BusinessDisruptionAndSystemFailures"
                  xml:lang="en"
                  id="label_BusinessDisruptionAndSystemFailures">Detailed layer</link:label>
      <link:labelArc xlink:type="arc" xlink:arcrole="http://www.xbrl.org/2003/arcrole/concept-label"
                     xlink:from="BusinessDisruptionAndSystemFailures"
                     xlink:to="label_BusinessDisruptionAndSystemFailures"
                     xlink:title="label: BusinessDisruptionAndSystemFailures to label_BusinessDisruptionAndSystemFailures"/>
      <link:loc xlink:type="locator"
                xlink:href="d-ev-2006-07-01.xsd#d-ev_ClientsProductsBusinessPractices"
                xlink:label="ClientsProductsBusinessPractices"
                xlink:title="ClientsProductsBusinessPractices"/>
      <link:label xlink:type="resource" xlink:label="label_ClientsProductsBusinessPractices"
                  xlink:role="http://www.xbrl.org/2003/role/documentation"
                  xlink:title="label_ClientsProductsBusinessPractices"
                  xml:lang="en"
                  id="label_ClientsProductsBusinessPractices">Detailed layer</link:label>
      <link:labelArc xlink:type="arc" xlink:arcrole="http://www.xbrl.org/2003/arcrole/concept-label"
                     xlink:from="ClientsProductsBusinessPractices"
                     xlink:to="label_ClientsProductsBusinessPractices"
                     xlink:title="label: ClientsProductsBusinessPractices to label_ClientsProductsBusinessPractices"/>
      <link:loc xlink:type="locator"
                xlink:href="d-ev-2006-07-01.xsd#d-ev_DamageToPhysicalAssets"
                xlink:label="DamageToPhysicalAssets"
                xlink:title="DamageToPhysicalAssets"/>
      <link:label xlink:type="resource" xlink:label="label_DamageToPhysicalAssets"
                  xlink:role="http://www.xbrl.org/2003/role/documentation"
                  xlink:title="label_DamageToPhysicalAssets"
                  xml:lang="en"
                  id="label_DamageToPhysicalAssets">Detailed layer</link:label>
      <link:labelArc xlink:type="arc" xlink:arcrole="http://www.xbrl.org/2003/arcrole/concept-label"
                     xlink:from="DamageToPhysicalAssets"
                     xlink:to="label_DamageToPhysicalAssets"
                     xlink:title="label: DamageToPhysicalAssets to label_DamageToPhysicalAssets"/>
      <link:loc xlink:type="locator"
                xlink:href="d-ev-2006-07-01.xsd#d-ev_EmploymentPracticesAndWorkplaceSafety"
                xlink:label="EmploymentPracticesAndWorkplaceSafety"
                xlink:title="EmploymentPracticesAndWorkplaceSafety"/>
      <link:label xlink:type="resource" xlink:label="label_EmploymentPracticesAndWorkplaceSafety"
                  xlink:role="http://www.xbrl.org/2003/role/documentation"
                  xlink:title="label_EmploymentPracticesAndWorkplaceSafety"
                  xml:lang="en"
                  id="label_EmploymentPracticesAndWorkplaceSafety">Detailed layer</link:label>
      <link:labelArc xlink:type="arc" xlink:arcrole="http://www.xbrl.org/2003/arcrole/concept-label"
                     xlink:from="EmploymentPracticesAndWorkplaceSafety"
                     xlink:to="label_EmploymentPracticesAndWorkplaceSafety"
                     xlink:title="label: EmploymentPracticesAndWorkplaceSafety to label_EmploymentPracticesAndWorkplaceSafety"/>
      <link:loc xlink:type="locator" xlink:href="d-ev-2006-07-01.xsd#d-ev_EventTypesDomain"
                xlink:label="EventTypesDomain"
                xlink:title="EventTypesDomain"/>
      <link:label xlink:type="resource" xlink:label="label_EventTypesDomain"
                  xlink:role="http://www.xbrl.org/2003/role/documentation"
                  xlink:title="label_EventTypesDomain"
                  xml:lang="en"
                  id="label_EventTypesDomain">Detailed layer</link:label>
      <link:labelArc xlink:type="arc" xlink:arcrole="http://www.xbrl.org/2003/arcrole/concept-label"
                     xlink:from="EventTypesDomain"
                     xlink:to="label_EventTypesDomain"
                     xlink:title="label: EventTypesDomain to label_EventTypesDomain"/>
      <link:loc xlink:type="locator"
                xlink:href="d-ev-2006-07-01.xsd#d-ev_ExecutionDeliveryProcessManagement"
                xlink:label="ExecutionDeliveryProcessManagement"
                xlink:title="ExecutionDeliveryProcessManagement"/>
      <link:label xlink:type="resource" xlink:label="label_ExecutionDeliveryProcessManagement"
                  xlink:role="http://www.xbrl.org/2003/role/documentation"
                  xlink:title="label_ExecutionDeliveryProcessManagement"
                  xml:lang="en"
                  id="label_ExecutionDeliveryProcessManagement">Detailed layer</link:label>
      <link:labelArc xlink:type="arc" xlink:arcrole="http://www.xbrl.org/2003/arcrole/concept-label"
                     xlink:from="ExecutionDeliveryProcessManagement"
                     xlink:to="label_ExecutionDeliveryProcessManagement"
                     xlink:title="label: ExecutionDeliveryProcessManagement to label_ExecutionDeliveryProcessManagement"/>
      <link:loc xlink:type="locator" xlink:href="d-ev-2006-07-01.xsd#d-ev_ExternalFraud"
                xlink:label="ExternalFraud"
                xlink:title="ExternalFraud"/>
      <link:label xlink:type="resource" xlink:label="label_ExternalFraud"
                  xlink:role="http://www.xbrl.org/2003/role/documentation"
                  xlink:title="label_ExternalFraud"
                  xml:lang="en"
                  id="label_ExternalFraud">Detailed layer</link:label>
      <link:labelArc xlink:type="arc" xlink:arcrole="http://www.xbrl.org/2003/arcrole/concept-label"
                     xlink:from="ExternalFraud"
                     xlink:to="label_ExternalFraud"
                     xlink:title="label: ExternalFraud to label_ExternalFraud"/>
      <link:loc xlink:type="locator" xlink:href="d-ev-2006-07-01.xsd#d-ev_InternalFraud"
                xlink:label="InternalFraud"
                xlink:title="InternalFraud"/>
      <link:label xlink:type="resource" xlink:label="label_InternalFraud"
                  xlink:role="http://www.xbrl.org/2003/role/documentation"
                  xlink:title="label_InternalFraud"
                  xml:lang="en"
                  id="label_InternalFraud">Detailed layer</link:label>
      <link:labelArc xlink:type="arc" xlink:arcrole="http://www.xbrl.org/2003/arcrole/concept-label"
                     xlink:from="InternalFraud"
                     xlink:to="label_InternalFraud"
                     xlink:title="label: InternalFraud to label_InternalFraud"/>
      <link:loc xlink:type="locator" xlink:href="d-ev-2006-07-01.xsd#d-ev_TotalEventTypes"
                xlink:label="TotalEventTypes"
                xlink:title="TotalEventTypes"/>
      <link:label xlink:type="resource" xlink:label="label_TotalEventTypes"
                  xlink:role="http://www.xbrl.org/2003/role/documentation"
                  xlink:title="label_TotalEventTypes"
                  xml:lang="en"
                  id="label_TotalEventTypes">Detailed layer</link:label>
      <link:labelArc xlink:type="arc" xlink:arcrole="http://www.xbrl.org/2003/arcrole/concept-label"
                     xlink:from="TotalEventTypes"
                     xlink:to="label_TotalEventTypes"
                     xlink:title="label: TotalEventTypes to label_TotalEventTypes"/>
  </link:labelLink>
  <link:labelLink xlink:type="extended" xlink:role="http://www.xbrl.org/2003/role/link">
      <link:loc xlink:type="locator"
                xlink:href="d-ev-2006-07-01.xsd#d-ev_BusinessDisruptionAndSystemFailures"
                xlink:label="d-ev_BusinessDisruptionAndSystemFailures"/>
      <link:label xlink:type="resource"
                  xlink:label="d-ev_BusinessDisruptionAndSystemFailures_lbl"
                  xlink:role="http://www.xbrl.org/2003/role/label"
                  xlink:title="label_BusinessDisruptionAndSystemFailures"
                  xml:lang="en"
                  id="label_BusinessDisruptionAndSystemFailures_1136372963983_1">Business Disruption And System Failures</link:label>
      <link:labelArc xlink:type="arc" xlink:arcrole="http://www.xbrl.org/2003/arcrole/concept-label"
                     xlink:from="d-ev_BusinessDisruptionAndSystemFailures"
                     xlink:to="d-ev_BusinessDisruptionAndSystemFailures_lbl"/>
      <link:loc xlink:type="locator"
                xlink:href="d-ev-2006-07-01.xsd#d-ev_ClientsProductsBusinessPractices"
                xlink:label="d-ev_ClientsProductsBusinessPractices"/>
      <link:label xlink:type="resource" xlink:label="d-ev_ClientsProductsBusinessPractices_lbl"
                  xlink:role="http://www.xbrl.org/2003/role/label"
                  xlink:title="label_ClientsProductsBusinessPractices"
                  xml:lang="en"
                  id="label_ClientsProductsBusinessPractices_1136372930030_1">Clients, Products &amp; Business Practices</link:label>
      <link:labelArc xlink:type="arc" xlink:arcrole="http://www.xbrl.org/2003/arcrole/concept-label"
                     xlink:from="d-ev_ClientsProductsBusinessPractices"
                     xlink:to="d-ev_ClientsProductsBusinessPractices_lbl"/>
      <link:loc xlink:type="locator"
                xlink:href="d-ev-2006-07-01.xsd#d-ev_DamageToPhysicalAssets"
                xlink:label="d-ev_DamageToPhysicalAssets"/>
      <link:label xlink:type="resource" xlink:label="d-ev_DamageToPhysicalAssets_lbl"
                  xlink:role="http://www.xbrl.org/2003/role/label"
                  xlink:title="label_DamageToPhysicalAssets"
                  xml:lang="en"
                  id="label_DamageToPhysicalAssets_1136372943327_1">Damage To Physical Assets</link:label>
      <link:labelArc xlink:type="arc" xlink:arcrole="http://www.xbrl.org/2003/arcrole/concept-label"
                     xlink:from="d-ev_DamageToPhysicalAssets"
                     xlink:to="d-ev_DamageToPhysicalAssets_lbl"/>
      <link:loc xlink:type="locator"
                xlink:href="d-ev-2006-07-01.xsd#d-ev_EmploymentPracticesAndWorkplaceSafety"
                xlink:label="d-ev_EmploymentPracticesAndWorkplaceSafety"/>
      <link:label xlink:type="resource"
                  xlink:label="d-ev_EmploymentPracticesAndWorkplaceSafety_lbl"
                  xlink:role="http://www.xbrl.org/2003/role/label"
                  xlink:title="label_EmploymentPracticesAndWorkplaceSafety"
                  xml:lang="en"
                  id="label_EmploymentPracticesAndWorkplaceSafety_1136372915780_1">Employment Practices And Workplace Safety</link:label>
      <link:labelArc xlink:type="arc" xlink:arcrole="http://www.xbrl.org/2003/arcrole/concept-label"
                     xlink:from="d-ev_EmploymentPracticesAndWorkplaceSafety"
                     xlink:to="d-ev_EmploymentPracticesAndWorkplaceSafety_lbl"/>
      <link:loc xlink:type="locator" xlink:href="d-ev-2006-07-01.xsd#d-ev_EventTypesDomain"
                xlink:label="d-ev_EventTypes"/>
      <link:label xlink:type="resource" xlink:label="d-ev_EventTypes_lbl"
                  xlink:role="http://www.xbrl.org/2003/role/label"
                  xlink:title="label_EventTypes"
                  xml:lang="en"
                  id="label_EventTypes_1136372863030_1">Event Types (Domain)</link:label>
      <link:labelArc xlink:type="arc" xlink:arcrole="http://www.xbrl.org/2003/arcrole/concept-label"
                     xlink:from="d-ev_EventTypes"
                     xlink:to="d-ev_EventTypes_lbl"/>
      <link:loc xlink:type="locator"
                xlink:href="d-ev-2006-07-01.xsd#d-ev_ExecutionDeliveryProcessManagement"
                xlink:label="d-ev_ExecutionDeliveryProcessManagement"/>
      <link:label xlink:type="resource" xlink:label="d-ev_ExecutionDeliveryProcessManagement_lbl"
                  xlink:role="http://www.xbrl.org/2003/role/label"
                  xlink:title="label_ExecutionDeliveryProcessManagement"
                  xml:lang="en"
                  id="label_ExecutionDeliveryProcessManagement_1136372999124_1">Execution, Delivery &amp; Process Management</link:label>
      <link:labelArc xlink:type="arc" xlink:arcrole="http://www.xbrl.org/2003/arcrole/concept-label"
                     xlink:from="d-ev_ExecutionDeliveryProcessManagement"
                     xlink:to="d-ev_ExecutionDeliveryProcessManagement_lbl"/>
      <link:loc xlink:type="locator" xlink:href="d-ev-2006-07-01.xsd#d-ev_ExternalFraud"
                xlink:label="d-ev_ExternalFraud"/>
      <link:label xlink:type="resource" xlink:label="d-ev_ExternalFraud_lbl"
                  xlink:role="http://www.xbrl.org/2003/role/label"
                  xlink:title="label_ExternalFraud"
                  xml:lang="en"
                  id="label_ExternalFraud_1136372890249_1">External Fraud</link:label>
      <link:labelArc xlink:type="arc" xlink:arcrole="http://www.xbrl.org/2003/arcrole/concept-label"
                     xlink:from="d-ev_ExternalFraud"
                     xlink:to="d-ev_ExternalFraud_lbl"/>
      <link:loc xlink:type="locator" xlink:href="d-ev-2006-07-01.xsd#d-ev_InternalFraud"
                xlink:label="d-ev_InternalFraud"/>
      <link:label xlink:type="resource" xlink:label="d-ev_InternalFraud_lbl"
                  xlink:role="http://www.xbrl.org/2003/role/label"
                  xlink:title="label_InternalFraud"
                  xml:lang="en"
                  id="label_InternalFraud_1136372875374_1">Internal Fraud</link:label>
      <link:labelArc xlink:type="arc" xlink:arcrole="http://www.xbrl.org/2003/arcrole/concept-label"
                     xlink:from="d-ev_InternalFraud"
                     xlink:to="d-ev_InternalFraud_lbl"/>
      <link:loc xlink:type="locator" xlink:href="d-ev-2006-07-01.xsd#d-ev_TotalEventTypes"
                xlink:label="d-ev_Total"/>
      <link:label xlink:type="resource" xlink:label="d-ev_Total_lbl"
                  xlink:role="http://www.xbrl.org/2003/role/label"
                  xlink:title="label_Total"
                  xml:lang="en"
                  id="label_Total">Total Event Types</link:label>
      <link:labelArc xlink:type="arc" xlink:arcrole="http://www.xbrl.org/2003/arcrole/concept-label"
                     xlink:from="d-ev_Total"
                     xlink:to="d-ev_Total_lbl"/>
      <link:loc xlink:type="locator" xlink:href="d-ev-2006-07-01.xsd#d-ev_EventTypesDimension"
                xlink:label="EventTypesDimension"
                xlink:title="EventTypesDimension"/>
      <link:label xlink:type="resource" xlink:label="label_EventTypesDimension"
                  xlink:role="http://www.xbrl.org/2003/role/label"
                  xlink:title="label_EventTypesDimension"
                  xml:lang="en"
                  id="label_EventTypesDimension">Event Types (Dimension)</link:label>
      <link:labelArc xlink:type="arc" xlink:arcrole="http://www.xbrl.org/2003/arcrole/concept-label"
                     xlink:from="EventTypesDimension"
                     xlink:to="label_EventTypesDimension"
                     xlink:title="label: EventTypesDimension to label_EventTypesDimension"/>
  </link:labelLink>
</link:linkbase>