<?xml version="1.0" encoding="UTF-8"?>
<?taxonomy-version 1.3.1?>
<!--Copyright (C) 2011 EBA - European Banking Authority, Tower 42, 25 Old Broad Street, London, EC2N 1HQ, United Kingdom.-->            
<link:linkbase xmlns:link="http://www.xbrl.org/2003/linkbase"
               xmlns:xbrli="http://www.xbrl.org/2003/instance"
               xmlns:xlink="http://www.w3.org/1999/xlink"
               xmlns:xsi="http://www.w3.org/2001/XMLSchema-instance"
               xmlns:d-mr="http://www.c-ebs.org/eu/fr/esrs/corep/2006-07-01/d-mr-2006-07-01"
               xsi:schemaLocation="http://www.xbrl.org/2003/linkbase http://www.xbrl.org/2003/xbrl-linkbase-2003-12-31.xsd">
  <link:presentationLink xlink:type="extended" xlink:role="http://www.xbrl.org/2003/role/link">
      <link:loc xlink:type="locator" xlink:href="d-mr-2006-07-01.xsd#d-mr_MRiskDomain"
                xlink:label="MRiskDomain"
                xlink:title="MRiskDomain"/>
      <link:loc xlink:type="locator" xlink:href="d-mr-2006-07-01.xsd#d-mr_MRiskTotal"
                xlink:label="MRiskTotal"
                xlink:title="MRiskTotal"/>
      <link:presentationArc xlink:type="arc" xlink:arcrole="http://www.xbrl.org/2003/arcrole/parent-child"
                            xlink:from="MRiskDomain"
                            xlink:to="MRiskTotal"
                            xlink:title="presentation: MRiskDomain to MRiskTotal"
                            order="1.0"/>
      <link:loc xlink:type="locator" xlink:href="d-mr-2006-07-01.xsd#d-mr_MRiskSA"
                xlink:label="MRiskSA"
                xlink:title="MRiskSA"/>
      <link:presentationArc xlink:type="arc" xlink:arcrole="http://www.xbrl.org/2003/arcrole/parent-child"
                            xlink:from="MRiskTotal"
                            xlink:to="MRiskSA"
                            xlink:title="presentation: MRiskTotal to MRiskSA"
                            order="1.0"/>
      <link:loc xlink:type="locator" xlink:href="d-mr-2006-07-01.xsd#d-mr_MRiskSATDITotal"
                xlink:label="MRiskSATDITotal"
                xlink:title="MRiskSATDITotal"/>
      <link:presentationArc xlink:type="arc" xlink:arcrole="http://www.xbrl.org/2003/arcrole/parent-child"
                            xlink:from="MRiskSA"
                            xlink:to="MRiskSATDITotal"
                            xlink:title="presentation: MRiskSA to MRiskSATDITotal"
                            order="1.0"/>
      <link:loc xlink:type="locator"
                xlink:href="d-mr-2006-07-01.xsd#d-mr_MRiskSATDIGeneralRiskMaturityBasedApproach"
                xlink:label="MRiskSATDIGeneralRiskMaturityBasedApproach"
                xlink:title="MRiskSATDIGeneralRiskMaturityBasedApproach"/>
      <link:presentationArc xlink:type="arc" xlink:arcrole="http://www.xbrl.org/2003/arcrole/parent-child"
                            xlink:from="MRiskSATDITotal"
                            xlink:to="MRiskSATDIGeneralRiskMaturityBasedApproach"
                            xlink:title="presentation: MRiskSATDITotal to MRiskSATDIGeneralRiskMaturityBasedApproach"
                            order="2.0"/>
      <link:loc xlink:type="locator"
                xlink:href="d-mr-2006-07-01.xsd#d-mr_MRiskSATDIZone1GeneralRiskMaturityBased"
                xlink:label="MRiskSATDIZone1GeneralRiskMaturityBased"
                xlink:title="MRiskSATDIZone1GeneralRiskMaturityBased"/>
      <link:presentationArc xlink:type="arc" xlink:arcrole="http://www.xbrl.org/2003/arcrole/parent-child"
                            xlink:from="MRiskSATDIGeneralRiskMaturityBasedApproach"
                            xlink:to="MRiskSATDIZone1GeneralRiskMaturityBased"
                            xlink:title="presentation: MRiskSATDIGeneralRiskMaturityBasedApproach to MRiskSATDIZone1GeneralRiskMaturityBased"
                            order="1.0"/>
      <link:loc xlink:type="locator"
                xlink:href="d-mr-2006-07-01.xsd#d-mr_MRiskSATDIZone1Between0And1Month"
                xlink:label="MRiskSATDIZone1Between0And1Month"
                xlink:title="MRiskSATDIZone1Between0And1Month"/>
      <link:presentationArc xlink:type="arc" xlink:arcrole="http://www.xbrl.org/2003/arcrole/parent-child"
                            xlink:from="MRiskSATDIZone1GeneralRiskMaturityBased"
                            xlink:to="MRiskSATDIZone1Between0And1Month"
                            xlink:title="presentation: MRiskSATDIZone1GeneralRiskMaturityBased to MRiskSATDIZone1Between0And1Month"
                            order="1.0"/>
      <link:loc xlink:type="locator"
                xlink:href="d-mr-2006-07-01.xsd#d-mr_MRiskSATDIZone1Between1And3Months"
                xlink:label="MRiskSATDIZone1Between1And3Months"
                xlink:title="MRiskSATDIZone1Between1And3Months"/>
      <link:presentationArc xlink:type="arc" xlink:arcrole="http://www.xbrl.org/2003/arcrole/parent-child"
                            xlink:from="MRiskSATDIZone1GeneralRiskMaturityBased"
                            xlink:to="MRiskSATDIZone1Between1And3Months"
                            xlink:title="presentation: MRiskSATDIZone1GeneralRiskMaturityBased to MRiskSATDIZone1Between1And3Months"
                            order="2.0"/>
      <link:loc xlink:type="locator"
                xlink:href="d-mr-2006-07-01.xsd#d-mr_MRiskSATDIZone1Between3And6Months"
                xlink:label="MRiskSATDIZone1Between3And6Months"
                xlink:title="MRiskSATDIZone1Between3And6Months"/>
      <link:presentationArc xlink:type="arc" xlink:arcrole="http://www.xbrl.org/2003/arcrole/parent-child"
                            xlink:from="MRiskSATDIZone1GeneralRiskMaturityBased"
                            xlink:to="MRiskSATDIZone1Between3And6Months"
                            xlink:title="presentation: MRiskSATDIZone1GeneralRiskMaturityBased to MRiskSATDIZone1Between3And6Months"
                            order="3.0"/>
      <link:loc xlink:type="locator"
                xlink:href="d-mr-2006-07-01.xsd#d-mr_MRiskSATDIZone1Between6And12Months"
                xlink:label="MRiskSATDIZone1Between6And12Months"
                xlink:title="MRiskSATDIZone1Between6And12Months"/>
      <link:presentationArc xlink:type="arc" xlink:arcrole="http://www.xbrl.org/2003/arcrole/parent-child"
                            xlink:from="MRiskSATDIZone1GeneralRiskMaturityBased"
                            xlink:to="MRiskSATDIZone1Between6And12Months"
                            xlink:title="presentation: MRiskSATDIZone1GeneralRiskMaturityBased to MRiskSATDIZone1Between6And12Months"
                            order="4.0"/>
      <link:loc xlink:type="locator"
                xlink:href="d-mr-2006-07-01.xsd#d-mr_MRiskSATDIZone2GeneralRiskMaturityBased"
                xlink:label="MRiskSATDIZone2GeneralRiskMaturityBased"
                xlink:title="MRiskSATDIZone2GeneralRiskMaturityBased"/>
      <link:presentationArc xlink:type="arc" xlink:arcrole="http://www.xbrl.org/2003/arcrole/parent-child"
                            xlink:from="MRiskSATDIGeneralRiskMaturityBasedApproach"
                            xlink:to="MRiskSATDIZone2GeneralRiskMaturityBased"
                            xlink:title="presentation: MRiskSATDIGeneralRiskMaturityBasedApproach to MRiskSATDIZone2GeneralRiskMaturityBased"
                            order="2.0"/>
      <link:loc xlink:type="locator"
                xlink:href="d-mr-2006-07-01.xsd#d-mr_MRiskSATDIZone2Between1And2Years"
                xlink:label="MRiskSATDIZone2Between1And2Years"
                xlink:title="MRiskSATDIZone2Between1And2Years"/>
      <link:presentationArc xlink:type="arc" xlink:arcrole="http://www.xbrl.org/2003/arcrole/parent-child"
                            xlink:from="MRiskSATDIZone2GeneralRiskMaturityBased"
                            xlink:to="MRiskSATDIZone2Between1And2Years"
                            xlink:title="presentation: MRiskSATDIZone2GeneralRiskMaturityBased to MRiskSATDIZone2Between1And2Years"
                            order="4.0"/>
      <link:loc xlink:type="locator"
                xlink:href="d-mr-2006-07-01.xsd#d-mr_MRiskSATDIZone2Between2And3Years"
                xlink:label="MRiskSATDIZone2Between2And3Years"
                xlink:title="MRiskSATDIZone2Between2And3Years"/>
      <link:presentationArc xlink:type="arc" xlink:arcrole="http://www.xbrl.org/2003/arcrole/parent-child"
                            xlink:from="MRiskSATDIZone2GeneralRiskMaturityBased"
                            xlink:to="MRiskSATDIZone2Between2And3Years"
                            xlink:title="presentation: MRiskSATDIZone2GeneralRiskMaturityBased to MRiskSATDIZone2Between2And3Years"
                            order="5.0"/>
      <link:loc xlink:type="locator"
                xlink:href="d-mr-2006-07-01.xsd#d-mr_MRiskSATDIZone2Between3And4Years"
                xlink:label="MRiskSATDIZone2Between3And4Years"
                xlink:title="MRiskSATDIZone2Between3And4Years"/>
      <link:presentationArc xlink:type="arc" xlink:arcrole="http://www.xbrl.org/2003/arcrole/parent-child"
                            xlink:from="MRiskSATDIZone2GeneralRiskMaturityBased"
                            xlink:to="MRiskSATDIZone2Between3And4Years"
                            xlink:title="presentation: MRiskSATDIZone2GeneralRiskMaturityBased to MRiskSATDIZone2Between3And4Years"
                            order="6.0"/>
      <link:loc xlink:type="locator"
                xlink:href="d-mr-2006-07-01.xsd#d-mr_MRiskSATDIZone3GeneralRiskMaturityBased"
                xlink:label="MRiskSATDIZone3GeneralRiskMaturityBased"
                xlink:title="MRiskSATDIZone3GeneralRiskMaturityBased"/>
      <link:presentationArc xlink:type="arc" xlink:arcrole="http://www.xbrl.org/2003/arcrole/parent-child"
                            xlink:from="MRiskSATDIGeneralRiskMaturityBasedApproach"
                            xlink:to="MRiskSATDIZone3GeneralRiskMaturityBased"
                            xlink:title="presentation: MRiskSATDIGeneralRiskMaturityBasedApproach to MRiskSATDIZone3GeneralRiskMaturityBased"
                            order="3.0"/>
      <link:loc xlink:type="locator"
                xlink:href="d-mr-2006-07-01.xsd#d-mr_MRiskSATDIZone3Between4And5Years"
                xlink:label="MRiskSATDIZone3Between4And5Years"
                xlink:title="MRiskSATDIZone3Between4And5Years"/>
      <link:presentationArc xlink:type="arc" xlink:arcrole="http://www.xbrl.org/2003/arcrole/parent-child"
                            xlink:from="MRiskSATDIZone3GeneralRiskMaturityBased"
                            xlink:to="MRiskSATDIZone3Between4And5Years"
                            xlink:title="presentation: MRiskSATDIZone3GeneralRiskMaturityBased to MRiskSATDIZone3Between4And5Years"
                            order="9.0"/>
      <link:loc xlink:type="locator"
                xlink:href="d-mr-2006-07-01.xsd#d-mr_MRiskSATDIZone3Between5And7Years"
                xlink:label="MRiskSATDIZone3Between5And7Years"
                xlink:title="MRiskSATDIZone3Between5And7Years"/>
      <link:presentationArc xlink:type="arc" xlink:arcrole="http://www.xbrl.org/2003/arcrole/parent-child"
                            xlink:from="MRiskSATDIZone3GeneralRiskMaturityBased"
                            xlink:to="MRiskSATDIZone3Between5And7Years"
                            xlink:title="presentation: MRiskSATDIZone3GeneralRiskMaturityBased to MRiskSATDIZone3Between5And7Years"
                            order="10.0"/>
      <link:loc xlink:type="locator"
                xlink:href="d-mr-2006-07-01.xsd#d-mr_MRiskSATDIZone3Between7And10Years"
                xlink:label="MRiskSATDIZone3Between7And10Years"
                xlink:title="MRiskSATDIZone3Between7And10Years"/>
      <link:presentationArc xlink:type="arc" xlink:arcrole="http://www.xbrl.org/2003/arcrole/parent-child"
                            xlink:from="MRiskSATDIZone3GeneralRiskMaturityBased"
                            xlink:to="MRiskSATDIZone3Between7And10Years"
                            xlink:title="presentation: MRiskSATDIZone3GeneralRiskMaturityBased to MRiskSATDIZone3Between7And10Years"
                            order="11.0"/>
      <link:loc xlink:type="locator"
                xlink:href="d-mr-2006-07-01.xsd#d-mr_MRiskSATDIZone3Between10And15Years"
                xlink:label="MRiskSATDIZone3Between10And15Years"
                xlink:title="MRiskSATDIZone3Between10And15Years"/>
      <link:presentationArc xlink:type="arc" xlink:arcrole="http://www.xbrl.org/2003/arcrole/parent-child"
                            xlink:from="MRiskSATDIZone3GeneralRiskMaturityBased"
                            xlink:to="MRiskSATDIZone3Between10And15Years"
                            xlink:title="presentation: MRiskSATDIZone3GeneralRiskMaturityBased to MRiskSATDIZone3Between10And15Years"
                            order="12.0"/>
      <link:loc xlink:type="locator"
                xlink:href="d-mr-2006-07-01.xsd#d-mr_MRiskSATDIZone3Between15And20Years"
                xlink:label="MRiskSATDIZone3Between15And20Years"
                xlink:title="MRiskSATDIZone3Between15And20Years"/>
      <link:presentationArc xlink:type="arc" xlink:arcrole="http://www.xbrl.org/2003/arcrole/parent-child"
                            xlink:from="MRiskSATDIZone3GeneralRiskMaturityBased"
                            xlink:to="MRiskSATDIZone3Between15And20Years"
                            xlink:title="presentation: MRiskSATDIZone3GeneralRiskMaturityBased to MRiskSATDIZone3Between15And20Years"
                            order="13.0"/>
      <link:loc xlink:type="locator"
                xlink:href="d-mr-2006-07-01.xsd#d-mr_MRiskSATDIZone3Greater20YearsLess12ForCuponLess3Percent"
                xlink:label="MRiskSATDIZone3Greater20YearsLess12ForCuponLess3Percent"
                xlink:title="MRiskSATDIZone3Greater20YearsLess12ForCuponLess3Percent"/>
      <link:presentationArc xlink:type="arc" xlink:arcrole="http://www.xbrl.org/2003/arcrole/parent-child"
                            xlink:from="MRiskSATDIZone3GeneralRiskMaturityBased"
                            xlink:to="MRiskSATDIZone3Greater20YearsLess12ForCuponLess3Percent"
                            xlink:title="presentation: MRiskSATDIZone3GeneralRiskMaturityBased to MRiskSATDIZone3Greater20YearsLess12ForCuponLess3Percent"
                            order="14.0"/>
      <link:loc xlink:type="locator"
                xlink:href="d-mr-2006-07-01.xsd#d-mr_MRiskSATDIZone3Greater20YearsLess20ForCuponLess3Percent"
                xlink:label="MRiskSATDIZone3Greater20YearsLess20ForCuponLess3Percent"
                xlink:title="MRiskSATDIZone3Greater20YearsLess20ForCuponLess3Percent"/>
      <link:presentationArc xlink:type="arc" xlink:arcrole="http://www.xbrl.org/2003/arcrole/parent-child"
                            xlink:from="MRiskSATDIZone3GeneralRiskMaturityBased"
                            xlink:to="MRiskSATDIZone3Greater20YearsLess20ForCuponLess3Percent"
                            xlink:title="presentation: MRiskSATDIZone3GeneralRiskMaturityBased to MRiskSATDIZone3Greater20YearsLess20ForCuponLess3Percent"
                            order="15.0"/>
      <link:loc xlink:type="locator"
                xlink:href="d-mr-2006-07-01.xsd#d-mr_MRiskSATDIZone3Greater20YearsGreater20ForCuponLess3Percent"
                xlink:label="MRiskSATDIZone3Greater20YearsGreater20ForCuponLess3Percent"
                xlink:title="MRiskSATDIZone3Greater20YearsGreater20ForCuponLess3Percent"/>
      <link:presentationArc xlink:type="arc" xlink:arcrole="http://www.xbrl.org/2003/arcrole/parent-child"
                            xlink:from="MRiskSATDIZone3GeneralRiskMaturityBased"
                            xlink:to="MRiskSATDIZone3Greater20YearsGreater20ForCuponLess3Percent"
                            xlink:title="presentation: MRiskSATDIZone3GeneralRiskMaturityBased to MRiskSATDIZone3Greater20YearsGreater20ForCuponLess3Percent"
                            order="16.0"/>
      <link:loc xlink:type="locator"
                xlink:href="d-mr-2006-07-01.xsd#d-mr_MRiskSATDIMatchedWeightedPositionInAllMaturityBands"
                xlink:label="MRiskSATDIMatchedWeightedPositionInAllMaturityBands"
                xlink:title="MRiskSATDIMatchedWeightedPositionInAllMaturityBands"/>
      <link:presentationArc xlink:type="arc" xlink:arcrole="http://www.xbrl.org/2003/arcrole/parent-child"
                            xlink:from="MRiskSATDIGeneralRiskMaturityBasedApproach"
                            xlink:to="MRiskSATDIMatchedWeightedPositionInAllMaturityBands"
                            xlink:title="presentation: MRiskSATDIGeneralRiskMaturityBasedApproach to MRiskSATDIMatchedWeightedPositionInAllMaturityBands"
                            order="4.0"/>
      <link:loc xlink:type="locator"
                xlink:href="d-mr-2006-07-01.xsd#d-mr_MRiskSATDIMatchedWeightedPositionInZone1"
                xlink:label="MRiskSATDIMatchedWeightedPositionInZone1"
                xlink:title="MRiskSATDIMatchedWeightedPositionInZone1"/>
      <link:presentationArc xlink:type="arc" xlink:arcrole="http://www.xbrl.org/2003/arcrole/parent-child"
                            xlink:from="MRiskSATDIGeneralRiskMaturityBasedApproach"
                            xlink:to="MRiskSATDIMatchedWeightedPositionInZone1"
                            xlink:title="presentation: MRiskSATDIGeneralRiskMaturityBasedApproach to MRiskSATDIMatchedWeightedPositionInZone1"
                            order="5.0"/>
      <link:loc xlink:type="locator"
                xlink:href="d-mr-2006-07-01.xsd#d-mr_MRiskSATDIMatchedWeightedPositionInZone2"
                xlink:label="MRiskSATDIMatchedWeightedPositionInZone2"
                xlink:title="MRiskSATDIMatchedWeightedPositionInZone2"/>
      <link:presentationArc xlink:type="arc" xlink:arcrole="http://www.xbrl.org/2003/arcrole/parent-child"
                            xlink:from="MRiskSATDIGeneralRiskMaturityBasedApproach"
                            xlink:to="MRiskSATDIMatchedWeightedPositionInZone2"
                            xlink:title="presentation: MRiskSATDIGeneralRiskMaturityBasedApproach to MRiskSATDIMatchedWeightedPositionInZone2"
                            order="6.0"/>
      <link:loc xlink:type="locator"
                xlink:href="d-mr-2006-07-01.xsd#d-mr_MRiskSATDIMatchedWeightedPositionInZone3"
                xlink:label="MRiskSATDIMatchedWeightedPositionInZone3"
                xlink:title="MRiskSATDIMatchedWeightedPositionInZone3"/>
      <link:presentationArc xlink:type="arc" xlink:arcrole="http://www.xbrl.org/2003/arcrole/parent-child"
                            xlink:from="MRiskSATDIGeneralRiskMaturityBasedApproach"
                            xlink:to="MRiskSATDIMatchedWeightedPositionInZone3"
                            xlink:title="presentation: MRiskSATDIGeneralRiskMaturityBasedApproach to MRiskSATDIMatchedWeightedPositionInZone3"
                            order="7.0"/>
      <link:loc xlink:type="locator"
                xlink:href="d-mr-2006-07-01.xsd#d-mr_MRiskSATDIMatchedWeightedPositionBetweenZone1And2"
                xlink:label="MRiskSATDIMatchedWeightedPositionBetweenZone1And2"
                xlink:title="MRiskSATDIMatchedWeightedPositionBetweenZone1And2"/>
      <link:presentationArc xlink:type="arc" xlink:arcrole="http://www.xbrl.org/2003/arcrole/parent-child"
                            xlink:from="MRiskSATDIGeneralRiskMaturityBasedApproach"
                            xlink:to="MRiskSATDIMatchedWeightedPositionBetweenZone1And2"
                            xlink:title="presentation: MRiskSATDIGeneralRiskMaturityBasedApproach to MRiskSATDIMatchedWeightedPositionBetweenZone1And2"
                            order="8.0"/>
      <link:loc xlink:type="locator"
                xlink:href="d-mr-2006-07-01.xsd#d-mr_MRiskSATDIMatchedWeightedPositionBetweenZone2And3"
                xlink:label="MRiskSATDIMatchedWeightedPositionBetweenZone2And3"
                xlink:title="MRiskSATDIMatchedWeightedPositionBetweenZone2And3"/>
      <link:presentationArc xlink:type="arc" xlink:arcrole="http://www.xbrl.org/2003/arcrole/parent-child"
                            xlink:from="MRiskSATDIGeneralRiskMaturityBasedApproach"
                            xlink:to="MRiskSATDIMatchedWeightedPositionBetweenZone2And3"
                            xlink:title="presentation: MRiskSATDIGeneralRiskMaturityBasedApproach to MRiskSATDIMatchedWeightedPositionBetweenZone2And3"
                            order="9.0"/>
      <link:loc xlink:type="locator"
                xlink:href="d-mr-2006-07-01.xsd#d-mr_MRiskSATDIMatchedWeightedPositionBetweenZone1And3"
                xlink:label="MRiskSATDIMatchedWeightedPositionBetweenZone1And3"
                xlink:title="MRiskSATDIMatchedWeightedPositionBetweenZone1And3"/>
      <link:presentationArc xlink:type="arc" xlink:arcrole="http://www.xbrl.org/2003/arcrole/parent-child"
                            xlink:from="MRiskSATDIGeneralRiskMaturityBasedApproach"
                            xlink:to="MRiskSATDIMatchedWeightedPositionBetweenZone1And3"
                            xlink:title="presentation: MRiskSATDIGeneralRiskMaturityBasedApproach to MRiskSATDIMatchedWeightedPositionBetweenZone1And3"
                            order="10.0"/>
      <link:loc xlink:type="locator"
                xlink:href="d-mr-2006-07-01.xsd#d-mr_MRiskSATDIResidualUnmatchedWeightedPositions"
                xlink:label="MRiskSATDIResidualUnmatchedWeightedPositions"
                xlink:title="MRiskSATDIResidualUnmatchedWeightedPositions"/>
      <link:presentationArc xlink:type="arc" xlink:arcrole="http://www.xbrl.org/2003/arcrole/parent-child"
                            xlink:from="MRiskSATDIGeneralRiskMaturityBasedApproach"
                            xlink:to="MRiskSATDIResidualUnmatchedWeightedPositions"
                            xlink:title="presentation: MRiskSATDIGeneralRiskMaturityBasedApproach to MRiskSATDIResidualUnmatchedWeightedPositions"
                            order="11.0"/>
      <link:loc xlink:type="locator"
                xlink:href="d-mr-2006-07-01.xsd#d-mr_MRiskSATDIGeneralRiskDurationBasedApproach"
                xlink:label="MRiskSATDIGeneralRiskDurationBasedApproach"
                xlink:title="MRiskSATDIGeneralRiskDurationBasedApproach"/>
      <link:presentationArc xlink:type="arc" xlink:arcrole="http://www.xbrl.org/2003/arcrole/parent-child"
                            xlink:from="MRiskSATDITotal"
                            xlink:to="MRiskSATDIGeneralRiskDurationBasedApproach"
                            xlink:title="presentation: MRiskSATDITotal to MRiskSATDIGeneralRiskDurationBasedApproach"
                            order="3.0"/>
      <link:loc xlink:type="locator"
                xlink:href="d-mr-2006-07-01.xsd#d-mr_MRiskSATDIZone1GeneralRiskDurationBased"
                xlink:label="MRiskSATDIZone1GeneralRiskDurationBased"
                xlink:title="MRiskSATDIZone1GeneralRiskDurationBased"/>
      <link:presentationArc xlink:type="arc" xlink:arcrole="http://www.xbrl.org/2003/arcrole/parent-child"
                            xlink:from="MRiskSATDIGeneralRiskDurationBasedApproach"
                            xlink:to="MRiskSATDIZone1GeneralRiskDurationBased"
                            xlink:title="presentation: MRiskSATDIGeneralRiskDurationBasedApproach to MRiskSATDIZone1GeneralRiskDurationBased"
                            order="1.0"/>
      <link:loc xlink:type="locator"
                xlink:href="d-mr-2006-07-01.xsd#d-mr_MRiskSATDIZone2GeneralRiskDurationBased"
                xlink:label="MRiskSATDIZone2GeneralRiskDurationBased"
                xlink:title="MRiskSATDIZone2GeneralRiskDurationBased"/>
      <link:presentationArc xlink:type="arc" xlink:arcrole="http://www.xbrl.org/2003/arcrole/parent-child"
                            xlink:from="MRiskSATDIGeneralRiskDurationBasedApproach"
                            xlink:to="MRiskSATDIZone2GeneralRiskDurationBased"
                            xlink:title="presentation: MRiskSATDIGeneralRiskDurationBasedApproach to MRiskSATDIZone2GeneralRiskDurationBased"
                            order="2.0"/>
      <link:loc xlink:type="locator"
                xlink:href="d-mr-2006-07-01.xsd#d-mr_MRiskSATDIZone3GeneralRiskDurationBased"
                xlink:label="MRiskSATDIZone3GeneralRiskDurationBased"
                xlink:title="MRiskSATDIZone3GeneralRiskDurationBased"/>
      <link:presentationArc xlink:type="arc" xlink:arcrole="http://www.xbrl.org/2003/arcrole/parent-child"
                            xlink:from="MRiskSATDIGeneralRiskDurationBasedApproach"
                            xlink:to="MRiskSATDIZone3GeneralRiskDurationBased"
                            xlink:title="presentation: MRiskSATDIGeneralRiskDurationBasedApproach to MRiskSATDIZone3GeneralRiskDurationBased"
                            order="3.0"/>
      <link:loc xlink:type="locator"
                xlink:href="d-mr-2006-07-01.xsd#d-mr_MRiskSATDIMatchedDurationWeightedPositionInAllZones"
                xlink:label="MRiskSATDIMatchedDurationWeightedPositionInAllZones"
                xlink:title="MRiskSATDIMatchedDurationWeightedPositionInAllZones"/>
      <link:presentationArc xlink:type="arc" xlink:arcrole="http://www.xbrl.org/2003/arcrole/parent-child"
                            xlink:from="MRiskSATDIGeneralRiskDurationBasedApproach"
                            xlink:to="MRiskSATDIMatchedDurationWeightedPositionInAllZones"
                            xlink:title="presentation: MRiskSATDIGeneralRiskDurationBasedApproach to MRiskSATDIMatchedDurationWeightedPositionInAllZones"
                            order="4.0"/>
      <link:loc xlink:type="locator"
                xlink:href="d-mr-2006-07-01.xsd#d-mr_MRiskSATDIMatchedDurationWeightedPositionBetweenZone1And2"
                xlink:label="MRiskSATDIMatchedDurationWeightedPositionBetweenZone1And2"
                xlink:title="MRiskSATDIMatchedDurationWeightedPositionBetweenZone1And2"/>
      <link:presentationArc xlink:type="arc" xlink:arcrole="http://www.xbrl.org/2003/arcrole/parent-child"
                            xlink:from="MRiskSATDIGeneralRiskDurationBasedApproach"
                            xlink:to="MRiskSATDIMatchedDurationWeightedPositionBetweenZone1And2"
                            xlink:title="presentation: MRiskSATDIGeneralRiskDurationBasedApproach to MRiskSATDIMatchedDurationWeightedPositionBetweenZone1And2"
                            order="5.0"/>
      <link:loc xlink:type="locator"
                xlink:href="d-mr-2006-07-01.xsd#d-mr_MRiskSATDIMatchedDurationWeightedPositionBetweenZone2And3"
                xlink:label="MRiskSATDIMatchedDurationWeightedPositionBetweenZone2And3"
                xlink:title="MRiskSATDIMatchedDurationWeightedPositionBetweenZone2And3"/>
      <link:presentationArc xlink:type="arc" xlink:arcrole="http://www.xbrl.org/2003/arcrole/parent-child"
                            xlink:from="MRiskSATDIGeneralRiskDurationBasedApproach"
                            xlink:to="MRiskSATDIMatchedDurationWeightedPositionBetweenZone2And3"
                            xlink:title="presentation: MRiskSATDIGeneralRiskDurationBasedApproach to MRiskSATDIMatchedDurationWeightedPositionBetweenZone2And3"
                            order="6.0"/>
      <link:loc xlink:type="locator"
                xlink:href="d-mr-2006-07-01.xsd#d-mr_MRiskSATDIMatchedDurationWeightedPositionBetweenZone1And3"
                xlink:label="MRiskSATDIMatchedDurationWeightedPositionBetweenZone1And3"
                xlink:title="MRiskSATDIMatchedDurationWeightedPositionBetweenZone1And3"/>
      <link:presentationArc xlink:type="arc" xlink:arcrole="http://www.xbrl.org/2003/arcrole/parent-child"
                            xlink:from="MRiskSATDIGeneralRiskDurationBasedApproach"
                            xlink:to="MRiskSATDIMatchedDurationWeightedPositionBetweenZone1And3"
                            xlink:title="presentation: MRiskSATDIGeneralRiskDurationBasedApproach to MRiskSATDIMatchedDurationWeightedPositionBetweenZone1And3"
                            order="7.0"/>
      <link:loc xlink:type="locator"
                xlink:href="d-mr-2006-07-01.xsd#d-mr_MRiskSATDIResidualUnmatchedDurationWeightedPositions"
                xlink:label="MRiskSATDIResidualUnmatchedDurationWeightedPositions"
                xlink:title="MRiskSATDIResidualUnmatchedDurationWeightedPositions"/>
      <link:presentationArc xlink:type="arc" xlink:arcrole="http://www.xbrl.org/2003/arcrole/parent-child"
                            xlink:from="MRiskSATDIGeneralRiskDurationBasedApproach"
                            xlink:to="MRiskSATDIResidualUnmatchedDurationWeightedPositions"
                            xlink:title="presentation: MRiskSATDIGeneralRiskDurationBasedApproach to MRiskSATDIResidualUnmatchedDurationWeightedPositions"
                            order="8.0"/>
      <link:loc xlink:type="locator"
                xlink:href="d-mr-2006-07-01.xsd#d-mr_MRiskSATDISpecificRisk"
                xlink:label="MRiskSATDISpecificRisk"
                xlink:title="MRiskSATDISpecificRisk"/>
      <link:presentationArc xlink:type="arc" xlink:arcrole="http://www.xbrl.org/2003/arcrole/parent-child"
                            xlink:from="MRiskSATDITotal"
                            xlink:to="MRiskSATDISpecificRisk"
                            xlink:title="presentation: MRiskSATDITotal to MRiskSATDISpecificRisk"
                            order="4.0"/>
      <link:loc xlink:type="locator"
                xlink:href="d-mr-2006-07-01.xsd#d-mr_MRiskSATDIDebtSecuritiesUnderFirstCategoryTable1"
                xlink:label="MRiskSATDIDebtSecuritiesUnderFirstCategoryTable1"
                xlink:title="MRiskSATDIDebtSecuritiesUnderFirstCategoryTable1"/>
      <link:presentationArc xlink:type="arc" xlink:arcrole="http://www.xbrl.org/2003/arcrole/parent-child"
                            xlink:from="MRiskSATDISpecificRisk"
                            xlink:to="MRiskSATDIDebtSecuritiesUnderFirstCategoryTable1"
                            xlink:title="presentation: MRiskSATDISpecificRisk to MRiskSATDIDebtSecuritiesUnderFirstCategoryTable1"
                            order="1.0"/>
      <link:loc xlink:type="locator"
                xlink:href="d-mr-2006-07-01.xsd#d-mr_MRiskSATDIDebtSecuritiesUnderSecondCategoryTable1"
                xlink:label="MRiskSATDIDebtSecuritiesUnderSecondCategoryTable1"
                xlink:title="MRiskSATDIDebtSecuritiesUnderSecondCategoryTable1"/>
      <link:presentationArc xlink:type="arc" xlink:arcrole="http://www.xbrl.org/2003/arcrole/parent-child"
                            xlink:from="MRiskSATDISpecificRisk"
                            xlink:to="MRiskSATDIDebtSecuritiesUnderSecondCategoryTable1"
                            xlink:title="presentation: MRiskSATDISpecificRisk to MRiskSATDIDebtSecuritiesUnderSecondCategoryTable1"
                            order="2.0"/>
      <link:loc xlink:type="locator"
                xlink:href="d-mr-2006-07-01.xsd#d-mr_MRiskSATDIWithResidualTermLessThan6Months"
                xlink:label="MRiskSATDIWithResidualTermLessThan6Months"
                xlink:title="MRiskSATDIWithResidualTermLessThan6Months"/>
      <link:presentationArc xlink:type="arc" xlink:arcrole="http://www.xbrl.org/2003/arcrole/parent-child"
                            xlink:from="MRiskSATDIDebtSecuritiesUnderSecondCategoryTable1"
                            xlink:to="MRiskSATDIWithResidualTermLessThan6Months"
                            xlink:title="presentation: MRiskSATDIDebtSecuritiesUnderSecondCategoryTable1 to MRiskSATDIWithResidualTermLessThan6Months"
                            order="1.0"/>
      <link:loc xlink:type="locator"
                xlink:href="d-mr-2006-07-01.xsd#d-mr_MRiskSATDIWithResidualTermMoreThan6MonthsLessThan24Months"
                xlink:label="MRiskSATDIWithResidualTermMoreThan6MonthsLessThan24Months"
                xlink:title="MRiskSATDIWithResidualTermMoreThan6MonthsLessThan24Months"/>
      <link:presentationArc xlink:type="arc" xlink:arcrole="http://www.xbrl.org/2003/arcrole/parent-child"
                            xlink:from="MRiskSATDIDebtSecuritiesUnderSecondCategoryTable1"
                            xlink:to="MRiskSATDIWithResidualTermMoreThan6MonthsLessThan24Months"
                            xlink:title="presentation: MRiskSATDIDebtSecuritiesUnderSecondCategoryTable1 to MRiskSATDIWithResidualTermMoreThan6MonthsLessThan24Months"
                            order="2.0"/>
      <link:loc xlink:type="locator"
                xlink:href="d-mr-2006-07-01.xsd#d-mr_MRiskSATDIWithResidualTermMoreThan24Months"
                xlink:label="MRiskSATDIWithResidualTermMoreThan24Months"
                xlink:title="MRiskSATDIWithResidualTermMoreThan24Months"/>
      <link:presentationArc xlink:type="arc" xlink:arcrole="http://www.xbrl.org/2003/arcrole/parent-child"
                            xlink:from="MRiskSATDIDebtSecuritiesUnderSecondCategoryTable1"
                            xlink:to="MRiskSATDIWithResidualTermMoreThan24Months"
                            xlink:title="presentation: MRiskSATDIDebtSecuritiesUnderSecondCategoryTable1 to MRiskSATDIWithResidualTermMoreThan24Months"
                            order="3.0"/>
      <link:loc xlink:type="locator"
                xlink:href="d-mr-2006-07-01.xsd#d-mr_MRiskSATDIDebtSecuritiesUnderThirdCategoryTable1"
                xlink:label="MRiskSATDIDebtSecuritiesUnderThirdCategoryTable1"
                xlink:title="MRiskSATDIDebtSecuritiesUnderThirdCategoryTable1"/>
      <link:presentationArc xlink:type="arc" xlink:arcrole="http://www.xbrl.org/2003/arcrole/parent-child"
                            xlink:from="MRiskSATDISpecificRisk"
                            xlink:to="MRiskSATDIDebtSecuritiesUnderThirdCategoryTable1"
                            xlink:title="presentation: MRiskSATDISpecificRisk to MRiskSATDIDebtSecuritiesUnderThirdCategoryTable1"
                            order="3.0"/>
      <link:loc xlink:type="locator"
                xlink:href="d-mr-2006-07-01.xsd#d-mr_MRiskSATDIDebtSecuritiesUnderFourthCategoryTable1"
                xlink:label="MRiskSATDIDebtSecuritiesUnderFourthCategoryTable1"
                xlink:title="MRiskSATDIDebtSecuritiesUnderFourthCategoryTable1"/>
      <link:presentationArc xlink:type="arc" xlink:arcrole="http://www.xbrl.org/2003/arcrole/parent-child"
                            xlink:from="MRiskSATDISpecificRisk"
                            xlink:to="MRiskSATDIDebtSecuritiesUnderFourthCategoryTable1"
                            xlink:title="presentation: MRiskSATDISpecificRisk to MRiskSATDIDebtSecuritiesUnderFourthCategoryTable1"
                            order="4.0"/>
      <link:loc xlink:type="locator"
                xlink:href="d-mr-2006-07-01.xsd#d-mr_MRiskSATDISecuritisationExposuresSubject1250PercentRiskWeightingOrDeductionUnratedLiquidityFacilities"
                xlink:label="MRiskSATDISecuritisationExposuresSubject1250PercentRiskWeightingOrDeductionUnratedLiquidityFacilities"
                xlink:title="MRiskSATDISecuritisationExposuresSubject1250PercentRiskWeightingOrDeductionUnratedLiquidityFacilities"/>
      <link:presentationArc xlink:type="arc" xlink:arcrole="http://www.xbrl.org/2003/arcrole/parent-child"
                            xlink:from="MRiskSATDISpecificRisk"
                            xlink:to="MRiskSATDISecuritisationExposuresSubject1250PercentRiskWeightingOrDeductionUnratedLiquidityFacilities"
                            xlink:title="presentation: MRiskSATDISpecificRisk to MRiskSATDISecuritisationExposuresSubject1250PercentRiskWeightingOrDeductionUnratedLiquidityFacilities"
                            order="5.0"/>
      <link:loc xlink:type="locator"
                xlink:href="d-mr-2006-07-01.xsd#d-mr_MRiskSATDIParticularApproachPositionRiskInCIUs"
                xlink:label="MRiskSATDIParticularApproachPositionRiskInCIUs"
                xlink:title="MRiskSATDIParticularApproachPositionRiskInCIUs"/>
      <link:presentationArc xlink:type="arc" xlink:arcrole="http://www.xbrl.org/2003/arcrole/parent-child"
                            xlink:from="MRiskSATDITotal"
                            xlink:to="MRiskSATDIParticularApproachPositionRiskInCIUs"
                            xlink:title="presentation: MRiskSATDITotal to MRiskSATDIParticularApproachPositionRiskInCIUs"
                            order="5.0"/>
      <link:loc xlink:type="locator"
                xlink:href="d-mr-2006-07-01.xsd#d-mr_MRiskSATDIMarginBasedApproachExchangeTradedFuturesOptions"
                xlink:label="MRiskSATDIMarginBasedApproachExchangeTradedFuturesOptions"
                xlink:title="MRiskSATDIMarginBasedApproachExchangeTradedFuturesOptions"/>
      <link:presentationArc xlink:type="arc" xlink:arcrole="http://www.xbrl.org/2003/arcrole/parent-child"
                            xlink:from="MRiskSATDITotal"
                            xlink:to="MRiskSATDIMarginBasedApproachExchangeTradedFuturesOptions"
                            xlink:title="presentation: MRiskSATDITotal to MRiskSATDIMarginBasedApproachExchangeTradedFuturesOptions"
                            order="6.0"/>
      <link:loc xlink:type="locator"
                xlink:href="d-mr-2006-07-01.xsd#d-mr_MRiskSATDIMarginBasedApproachOTCFuturesOptions"
                xlink:label="MRiskSATDIMarginBasedApproachOTCFuturesOptions"
                xlink:title="MRiskSATDIMarginBasedApproachOTCFuturesOptions"/>
      <link:presentationArc xlink:type="arc" xlink:arcrole="http://www.xbrl.org/2003/arcrole/parent-child"
                            xlink:from="MRiskSATDITotal"
                            xlink:to="MRiskSATDIMarginBasedApproachOTCFuturesOptions"
                            xlink:title="presentation: MRiskSATDITotal to MRiskSATDIMarginBasedApproachOTCFuturesOptions"
                            order="7.0"/>
      <link:loc xlink:type="locator"
                xlink:href="d-mr-2006-07-01.xsd#d-mr_MRiskSATDIOtherNonDeltaRisksOptions"
                xlink:label="MRiskSATDIOtherNonDeltaRisksOptions"
                xlink:title="MRiskSATDIOtherNonDeltaRisksOptions"/>
      <link:presentationArc xlink:type="arc" xlink:arcrole="http://www.xbrl.org/2003/arcrole/parent-child"
                            xlink:from="MRiskSATDITotal"
                            xlink:to="MRiskSATDIOtherNonDeltaRisksOptions"
                            xlink:title="presentation: MRiskSATDITotal to MRiskSATDIOtherNonDeltaRisksOptions"
                            order="8.0"/>
      <link:loc xlink:type="locator" xlink:href="d-mr-2006-07-01.xsd#d-mr_MRiskSAEQUTotal"
                xlink:label="MRiskSAEQUTotal"
                xlink:title="MRiskSAEQUTotal"/>
      <link:presentationArc xlink:type="arc" xlink:arcrole="http://www.xbrl.org/2003/arcrole/parent-child"
                            xlink:from="MRiskSA"
                            xlink:to="MRiskSAEQUTotal"
                            xlink:title="presentation: MRiskSA to MRiskSAEQUTotal"
                            order="2.0"/>
      <link:loc xlink:type="locator"
                xlink:href="d-mr-2006-07-01.xsd#d-mr_MRiskSAEQUGeneralRisk"
                xlink:label="MRiskSAEQUGeneralRisk"
                xlink:title="MRiskSAEQUGeneralRisk"/>
      <link:presentationArc xlink:type="arc" xlink:arcrole="http://www.xbrl.org/2003/arcrole/parent-child"
                            xlink:from="MRiskSAEQUTotal"
                            xlink:to="MRiskSAEQUGeneralRisk"
                            xlink:title="presentation: MRiskSAEQUTotal to MRiskSAEQUGeneralRisk"
                            order="1.0"/>
      <link:loc xlink:type="locator"
                xlink:href="d-mr-2006-07-01.xsd#d-mr_MRiskSAEQUExchangeTradedStockIndexFuturesBroadlyDiversifiedSubjectParticularApproach"
                xlink:label="MRiskSAEQUExchangeTradedStockIndexFuturesBroadlyDiversifiedSubjectParticularApproach"
                xlink:title="MRiskSAEQUExchangeTradedStockIndexFuturesBroadlyDiversifiedSubjectParticularApproach"/>
      <link:presentationArc xlink:type="arc" xlink:arcrole="http://www.xbrl.org/2003/arcrole/parent-child"
                            xlink:from="MRiskSAEQUGeneralRisk"
                            xlink:to="MRiskSAEQUExchangeTradedStockIndexFuturesBroadlyDiversifiedSubjectParticularApproach"
                            xlink:title="presentation: MRiskSAEQUGeneralRisk to MRiskSAEQUExchangeTradedStockIndexFuturesBroadlyDiversifiedSubjectParticularApproach"
                            order="1.0"/>
      <link:loc xlink:type="locator"
                xlink:href="d-mr-2006-07-01.xsd#d-mr_MRiskSAEQUOtherEquitiesThanExchangeTradedStockIndexFuturesBroadlyDiversified"
                xlink:label="MRiskSAEQUOtherEquitiesThanExchangeTradedStockIndexFuturesBroadlyDiversified"
                xlink:title="MRiskSAEQUOtherEquitiesThanExchangeTradedStockIndexFuturesBroadlyDiversified"/>
      <link:presentationArc xlink:type="arc" xlink:arcrole="http://www.xbrl.org/2003/arcrole/parent-child"
                            xlink:from="MRiskSAEQUGeneralRisk"
                            xlink:to="MRiskSAEQUOtherEquitiesThanExchangeTradedStockIndexFuturesBroadlyDiversified"
                            xlink:title="presentation: MRiskSAEQUGeneralRisk to MRiskSAEQUOtherEquitiesThanExchangeTradedStockIndexFuturesBroadlyDiversified"
                            order="2.0"/>
      <link:loc xlink:type="locator"
                xlink:href="d-mr-2006-07-01.xsd#d-mr_MRiskSAEQUSpecificRisk"
                xlink:label="MRiskSAEQUSpecificRisk"
                xlink:title="MRiskSAEQUSpecificRisk"/>
      <link:presentationArc xlink:type="arc" xlink:arcrole="http://www.xbrl.org/2003/arcrole/parent-child"
                            xlink:from="MRiskSAEQUTotal"
                            xlink:to="MRiskSAEQUSpecificRisk"
                            xlink:title="presentation: MRiskSAEQUTotal to MRiskSAEQUSpecificRisk"
                            order="2.0"/>
      <link:loc xlink:type="locator"
                xlink:href="d-mr-2006-07-01.xsd#d-mr_MRiskSAEQUHighQualityLiquidDiversifiedPortfoliosSubjectLowerCapitalRequirements"
                xlink:label="MRiskSAEQUHighQualityLiquidDiversifiedPortfoliosSubjectLowerCapitalRequirements"
                xlink:title="MRiskSAEQUHighQualityLiquidDiversifiedPortfoliosSubjectLowerCapitalRequirements"/>
      <link:presentationArc xlink:type="arc" xlink:arcrole="http://www.xbrl.org/2003/arcrole/parent-child"
                            xlink:from="MRiskSAEQUSpecificRisk"
                            xlink:to="MRiskSAEQUHighQualityLiquidDiversifiedPortfoliosSubjectLowerCapitalRequirements"
                            xlink:title="presentation: MRiskSAEQUSpecificRisk to MRiskSAEQUHighQualityLiquidDiversifiedPortfoliosSubjectLowerCapitalRequirements"
                            order="1.0"/>
      <link:loc xlink:type="locator"
                xlink:href="d-mr-2006-07-01.xsd#d-mr_MRiskSAEQUOtherEquitiesThanHighQualityLiquidDiversifiedPortfolios"
                xlink:label="MRiskSAEQUOtherEquitiesThanHighQualityLiquidDiversifiedPortfolios"
                xlink:title="MRiskSAEQUOtherEquitiesThanHighQualityLiquidDiversifiedPortfolios"/>
      <link:presentationArc xlink:type="arc" xlink:arcrole="http://www.xbrl.org/2003/arcrole/parent-child"
                            xlink:from="MRiskSAEQUSpecificRisk"
                            xlink:to="MRiskSAEQUOtherEquitiesThanHighQualityLiquidDiversifiedPortfolios"
                            xlink:title="presentation: MRiskSAEQUSpecificRisk to MRiskSAEQUOtherEquitiesThanHighQualityLiquidDiversifiedPortfolios"
                            order="2.0"/>
      <link:loc xlink:type="locator"
                xlink:href="d-mr-2006-07-01.xsd#d-mr_MRiskSAEQUParticularApproachPositionRiskInCIUs"
                xlink:label="MRiskSAEQUParticularApproachPositionRiskInCIUs"
                xlink:title="MRiskSAEQUParticularApproachPositionRiskInCIUs"/>
      <link:presentationArc xlink:type="arc" xlink:arcrole="http://www.xbrl.org/2003/arcrole/parent-child"
                            xlink:from="MRiskSAEQUTotal"
                            xlink:to="MRiskSAEQUParticularApproachPositionRiskInCIUs"
                            xlink:title="presentation: MRiskSAEQUTotal to MRiskSAEQUParticularApproachPositionRiskInCIUs"
                            order="3.0"/>
      <link:loc xlink:type="locator"
                xlink:href="d-mr-2006-07-01.xsd#d-mr_MRiskSAEQUMarginBasedApproachExchangeTradedFuturesOptions"
                xlink:label="MRiskSAEQUMarginBasedApproachExchangeTradedFuturesOptions"
                xlink:title="MRiskSAEQUMarginBasedApproachExchangeTradedFuturesOptions"/>
      <link:presentationArc xlink:type="arc" xlink:arcrole="http://www.xbrl.org/2003/arcrole/parent-child"
                            xlink:from="MRiskSAEQUTotal"
                            xlink:to="MRiskSAEQUMarginBasedApproachExchangeTradedFuturesOptions"
                            xlink:title="presentation: MRiskSAEQUTotal to MRiskSAEQUMarginBasedApproachExchangeTradedFuturesOptions"
                            order="4.0"/>
      <link:loc xlink:type="locator"
                xlink:href="d-mr-2006-07-01.xsd#d-mr_MRiskSAEQUMarginBasedApproachOTCFuturesOptions"
                xlink:label="MRiskSAEQUMarginBasedApproachOTCFuturesOptions"
                xlink:title="MRiskSAEQUMarginBasedApproachOTCFuturesOptions"/>
      <link:presentationArc xlink:type="arc" xlink:arcrole="http://www.xbrl.org/2003/arcrole/parent-child"
                            xlink:from="MRiskSAEQUTotal"
                            xlink:to="MRiskSAEQUMarginBasedApproachOTCFuturesOptions"
                            xlink:title="presentation: MRiskSAEQUTotal to MRiskSAEQUMarginBasedApproachOTCFuturesOptions"
                            order="5.0"/>
      <link:loc xlink:type="locator"
                xlink:href="d-mr-2006-07-01.xsd#d-mr_MRiskSAEQUOtherNonDeltaRisksOptions"
                xlink:label="MRiskSAEQUOtherNonDeltaRisksOptions"
                xlink:title="MRiskSAEQUOtherNonDeltaRisksOptions"/>
      <link:presentationArc xlink:type="arc" xlink:arcrole="http://www.xbrl.org/2003/arcrole/parent-child"
                            xlink:from="MRiskSAEQUTotal"
                            xlink:to="MRiskSAEQUOtherNonDeltaRisksOptions"
                            xlink:title="presentation: MRiskSAEQUTotal to MRiskSAEQUOtherNonDeltaRisksOptions"
                            order="6.0"/>
      <link:loc xlink:type="locator"
                xlink:href="d-mr-2006-07-01.xsd#d-mr_MRiskSAFXTotalPositionsNonReportingCurrencies"
                xlink:label="MRiskSAFXTotalPositionsNonReportingCurrencies"
                xlink:title="MRiskSAFXTotalPositionsNonReportingCurrencies"/>
      <link:presentationArc xlink:type="arc" xlink:arcrole="http://www.xbrl.org/2003/arcrole/parent-child"
                            xlink:from="MRiskSA"
                            xlink:to="MRiskSAFXTotalPositionsNonReportingCurrencies"
                            xlink:title="presentation: MRiskSA to MRiskSAFXTotalPositionsNonReportingCurrencies"
                            order="3.0"/>
      <link:loc xlink:type="locator"
                xlink:href="d-mr-2006-07-01.xsd#d-mr_MRiskSAFXCurrenciesSecondStageEMU"
                xlink:label="MRiskSAFXCurrenciesSecondStageEMU"
                xlink:title="MRiskSAFXCurrenciesSecondStageEMU"/>
      <link:presentationArc xlink:type="arc" xlink:arcrole="http://www.xbrl.org/2003/arcrole/parent-child"
                            xlink:from="MRiskSAFXTotalPositionsNonReportingCurrencies"
                            xlink:to="MRiskSAFXCurrenciesSecondStageEMU"
                            xlink:title="presentation: MRiskSAFXTotalPositionsNonReportingCurrencies to MRiskSAFXCurrenciesSecondStageEMU"
                            order="1.0"/>
      <link:loc xlink:type="locator"
                xlink:href="d-mr-2006-07-01.xsd#d-mr_MRiskSAFXCurrenciesSubjectIntergovernmentalAgreements"
                xlink:label="MRiskSAFXCurrenciesSubjectIntergovernmentalAgreements"
                xlink:title="MRiskSAFXCurrenciesSubjectIntergovernmentalAgreements"/>
      <link:presentationArc xlink:type="arc" xlink:arcrole="http://www.xbrl.org/2003/arcrole/parent-child"
                            xlink:from="MRiskSAFXTotalPositionsNonReportingCurrencies"
                            xlink:to="MRiskSAFXCurrenciesSubjectIntergovernmentalAgreements"
                            xlink:title="presentation: MRiskSAFXTotalPositionsNonReportingCurrencies to MRiskSAFXCurrenciesSubjectIntergovernmentalAgreements"
                            order="2.0"/>
      <link:loc xlink:type="locator"
                xlink:href="d-mr-2006-07-01.xsd#d-mr_MRiskSAFXCurrenciesCloselyCorrelated"
                xlink:label="MRiskSAFXCurrenciesCloselyCorrelated"
                xlink:title="MRiskSAFXCurrenciesCloselyCorrelated"/>
      <link:presentationArc xlink:type="arc" xlink:arcrole="http://www.xbrl.org/2003/arcrole/parent-child"
                            xlink:from="MRiskSAFXTotalPositionsNonReportingCurrencies"
                            xlink:to="MRiskSAFXCurrenciesCloselyCorrelated"
                            xlink:title="presentation: MRiskSAFXTotalPositionsNonReportingCurrencies to MRiskSAFXCurrenciesCloselyCorrelated"
                            order="3.0"/>
      <link:loc xlink:type="locator"
                xlink:href="d-mr-2006-07-01.xsd#d-mr_MRiskSAFXAllOtherCurrenciesIncCIUsTratedDifferentCurrencies"
                xlink:label="MRiskSAFXAllOtherCurrenciesIncCIUsTratedDifferentCurrencies"
                xlink:title="MRiskSAFXAllOtherCurrenciesIncCIUsTratedDifferentCurrencies"/>
      <link:presentationArc xlink:type="arc" xlink:arcrole="http://www.xbrl.org/2003/arcrole/parent-child"
                            xlink:from="MRiskSAFXTotalPositionsNonReportingCurrencies"
                            xlink:to="MRiskSAFXAllOtherCurrenciesIncCIUsTratedDifferentCurrencies"
                            xlink:title="presentation: MRiskSAFXTotalPositionsNonReportingCurrencies to MRiskSAFXAllOtherCurrenciesIncCIUsTratedDifferentCurrencies"
                            order="4.0"/>
      <link:loc xlink:type="locator" xlink:href="d-mr-2006-07-01.xsd#d-mr_MRiskSAFXGold"
                xlink:label="MRiskSAFXGold"
                xlink:title="MRiskSAFXGold"/>
      <link:presentationArc xlink:type="arc" xlink:arcrole="http://www.xbrl.org/2003/arcrole/parent-child"
                            xlink:from="MRiskSAFXTotalPositionsNonReportingCurrencies"
                            xlink:to="MRiskSAFXGold"
                            xlink:title="presentation: MRiskSAFXTotalPositionsNonReportingCurrencies to MRiskSAFXGold"
                            order="5.0"/>
      <link:loc xlink:type="locator"
                xlink:href="d-mr-2006-07-01.xsd#d-mr_MRiskSAFXOtherNonDeltaRisksCurrencyOptions"
                xlink:label="MRiskSAFXOtherNonDeltaRisksCurrencyOptions"
                xlink:title="MRiskSAFXOtherNonDeltaRisksCurrencyOptions"/>
      <link:presentationArc xlink:type="arc" xlink:arcrole="http://www.xbrl.org/2003/arcrole/parent-child"
                            xlink:from="MRiskSAFXTotalPositionsNonReportingCurrencies"
                            xlink:to="MRiskSAFXOtherNonDeltaRisksCurrencyOptions"
                            xlink:title="presentation: MRiskSAFXTotalPositionsNonReportingCurrencies to MRiskSAFXOtherNonDeltaRisksCurrencyOptions"
                            order="6.0"/>
      <link:loc xlink:type="locator"
                xlink:href="d-mr-2006-07-01.xsd#d-mr_MRiskSAFXMemorandumItemsCurrencyPositions"
                xlink:label="MRiskSAFXMemorandumItemsCurrencyPositions"
                xlink:title="MRiskSAFXMemorandumItemsCurrencyPositions"/>
      <link:presentationArc xlink:type="arc" xlink:arcrole="http://www.xbrl.org/2003/arcrole/parent-child"
                            xlink:from="MRiskSAFXTotalPositionsNonReportingCurrencies"
                            xlink:to="MRiskSAFXMemorandumItemsCurrencyPositions"
                            xlink:title="presentation: MRiskSAFXTotalPositionsNonReportingCurrencies to MRiskSAFXMemorandumItemsCurrencyPositions"
                            order="7.0"/>
      <link:loc xlink:type="locator" xlink:href="d-mr-2006-07-01.xsd#d-mr_MRiskSAFXEuro"
                xlink:label="MRiskSAFXEuro"
                xlink:title="MRiskSAFXEuro"/>
      <link:presentationArc xlink:type="arc" xlink:arcrole="http://www.xbrl.org/2003/arcrole/parent-child"
                            xlink:from="MRiskSAFXMemorandumItemsCurrencyPositions"
                            xlink:to="MRiskSAFXEuro"
                            xlink:title="presentation: MRiskSAFXMemorandumItemsCurrencyPositions to MRiskSAFXEuro"
                            order="1.0"/>
      <link:loc xlink:type="locator"
                xlink:href="d-mr-2006-07-01.xsd#d-mr_MRiskSAFXERM2Currencies"
                xlink:label="MRiskSAFXERM2Currencies"
                xlink:title="MRiskSAFXERM2Currencies"/>
      <link:presentationArc xlink:type="arc" xlink:arcrole="http://www.xbrl.org/2003/arcrole/parent-child"
                            xlink:from="MRiskSAFXMemorandumItemsCurrencyPositions"
                            xlink:to="MRiskSAFXERM2Currencies"
                            xlink:title="presentation: MRiskSAFXMemorandumItemsCurrencyPositions to MRiskSAFXERM2Currencies"
                            order="2.0"/>
      <link:loc xlink:type="locator" xlink:href="d-mr-2006-07-01.xsd#d-mr_MRiskSAFXDKK"
                xlink:label="MRiskSAFXDKK"
                xlink:title="MRiskSAFXDKK"/>
      <link:presentationArc xlink:type="arc" xlink:arcrole="http://www.xbrl.org/2003/arcrole/parent-child"
                            xlink:from="MRiskSAFXERM2Currencies"
                            xlink:to="MRiskSAFXDKK"
                            xlink:title="presentation: MRiskSAFXERM2Currencies to MRiskSAFXDKK"
                            order="1.0"/>
      <link:loc xlink:type="locator" xlink:href="d-mr-2006-07-01.xsd#d-mr_MRiskSAFXEEK"
                xlink:label="MRiskSAFXEEK"
                xlink:title="MRiskSAFXEEK"/>
      <link:presentationArc xlink:type="arc" xlink:arcrole="http://www.xbrl.org/2003/arcrole/parent-child"
                            xlink:from="MRiskSAFXERM2Currencies"
                            xlink:to="MRiskSAFXEEK"
                            xlink:title="presentation: MRiskSAFXERM2Currencies to MRiskSAFXEEK"
                            order="2.0"/>
      <link:loc xlink:type="locator" xlink:href="d-mr-2006-07-01.xsd#d-mr_MRiskSAFXLTL"
                xlink:label="MRiskSAFXLTL"
                xlink:title="MRiskSAFXLTL"/>
      <link:presentationArc xlink:type="arc" xlink:arcrole="http://www.xbrl.org/2003/arcrole/parent-child"
                            xlink:from="MRiskSAFXERM2Currencies"
                            xlink:to="MRiskSAFXLTL"
                            xlink:title="presentation: MRiskSAFXERM2Currencies to MRiskSAFXLTL"
                            order="3.0"/>
      <link:loc xlink:type="locator" xlink:href="d-mr-2006-07-01.xsd#d-mr_MRiskSAFXSIT"
                xlink:label="MRiskSAFXSIT"
                xlink:title="MRiskSAFXSIT"/>
      <link:presentationArc xlink:type="arc" xlink:arcrole="http://www.xbrl.org/2003/arcrole/parent-child"
                            xlink:from="MRiskSAFXERM2Currencies"
                            xlink:to="MRiskSAFXSIT"
                            xlink:title="presentation: MRiskSAFXERM2Currencies to MRiskSAFXSIT"
                            order="4.0"/>
      <link:loc xlink:type="locator" xlink:href="d-mr-2006-07-01.xsd#d-mr_MRiskSAFXCYP"
                xlink:label="MRiskSAFXCYP"
                xlink:title="MRiskSAFXCYP"/>
      <link:presentationArc xlink:type="arc" xlink:arcrole="http://www.xbrl.org/2003/arcrole/parent-child"
                            xlink:from="MRiskSAFXERM2Currencies"
                            xlink:to="MRiskSAFXCYP"
                            xlink:title="presentation: MRiskSAFXERM2Currencies to MRiskSAFXCYP"
                            order="5.0"/>
      <link:loc xlink:type="locator" xlink:href="d-mr-2006-07-01.xsd#d-mr_MRiskSAFXLVL"
                xlink:label="MRiskSAFXLVL"
                xlink:title="MRiskSAFXLVL"/>
      <link:presentationArc xlink:type="arc" xlink:arcrole="http://www.xbrl.org/2003/arcrole/parent-child"
                            xlink:from="MRiskSAFXERM2Currencies"
                            xlink:to="MRiskSAFXLVL"
                            xlink:title="presentation: MRiskSAFXERM2Currencies to MRiskSAFXLVL"
                            order="6.0"/>
      <link:loc xlink:type="locator" xlink:href="d-mr-2006-07-01.xsd#d-mr_MRiskSAFXMTL"
                xlink:label="MRiskSAFXMTL"
                xlink:title="MRiskSAFXMTL"/>
      <link:presentationArc xlink:type="arc" xlink:arcrole="http://www.xbrl.org/2003/arcrole/parent-child"
                            xlink:from="MRiskSAFXERM2Currencies"
                            xlink:to="MRiskSAFXMTL"
                            xlink:title="presentation: MRiskSAFXERM2Currencies to MRiskSAFXMTL"
                            order="7.0"/>
      <link:loc xlink:type="locator" xlink:href="d-mr-2006-07-01.xsd#d-mr_MRiskSAFXSKK"
                xlink:label="MRiskSAFXSKK"
                xlink:title="MRiskSAFXSKK"/>
      <link:presentationArc xlink:type="arc" xlink:arcrole="http://www.xbrl.org/2003/arcrole/parent-child"
                            xlink:from="MRiskSAFXERM2Currencies"
                            xlink:to="MRiskSAFXSKK"
                            xlink:title="presentation: MRiskSAFXERM2Currencies to MRiskSAFXSKK"
                            order="8.0"/>
      <link:loc xlink:type="locator" xlink:href="d-mr-2006-07-01.xsd#d-mr_MRiskSAFXGBP"
                xlink:label="MRiskSAFXGBP"
                xlink:title="MRiskSAFXGBP"/>
      <link:presentationArc xlink:type="arc" xlink:arcrole="http://www.xbrl.org/2003/arcrole/parent-child"
                            xlink:from="MRiskSAFXMemorandumItemsCurrencyPositions"
                            xlink:to="MRiskSAFXGBP"
                            xlink:title="presentation: MRiskSAFXMemorandumItemsCurrencyPositions to MRiskSAFXGBP"
                            order="3.0"/>
      <link:loc xlink:type="locator" xlink:href="d-mr-2006-07-01.xsd#d-mr_MRiskSAFXSEK"
                xlink:label="MRiskSAFXSEK"
                xlink:title="MRiskSAFXSEK"/>
      <link:presentationArc xlink:type="arc" xlink:arcrole="http://www.xbrl.org/2003/arcrole/parent-child"
                            xlink:from="MRiskSAFXMemorandumItemsCurrencyPositions"
                            xlink:to="MRiskSAFXSEK"
                            xlink:title="presentation: MRiskSAFXMemorandumItemsCurrencyPositions to MRiskSAFXSEK"
                            order="4.0"/>
      <link:loc xlink:type="locator" xlink:href="d-mr-2006-07-01.xsd#d-mr_MRiskSAFXCHF"
                xlink:label="MRiskSAFXCHF"
                xlink:title="MRiskSAFXCHF"/>
      <link:presentationArc xlink:type="arc" xlink:arcrole="http://www.xbrl.org/2003/arcrole/parent-child"
                            xlink:from="MRiskSAFXMemorandumItemsCurrencyPositions"
                            xlink:to="MRiskSAFXCHF"
                            xlink:title="presentation: MRiskSAFXMemorandumItemsCurrencyPositions to MRiskSAFXCHF"
                            order="5.0"/>
      <link:loc xlink:type="locator"
                xlink:href="d-mr-2006-07-01.xsd#d-mr_MRiskSAFXOtherEEECurrencies"
                xlink:label="MRiskSAFXOtherEEECurrencies"
                xlink:title="MRiskSAFXOtherEEECurrencies"/>
      <link:presentationArc xlink:type="arc" xlink:arcrole="http://www.xbrl.org/2003/arcrole/parent-child"
                            xlink:from="MRiskSAFXMemorandumItemsCurrencyPositions"
                            xlink:to="MRiskSAFXOtherEEECurrencies"
                            xlink:title="presentation: MRiskSAFXMemorandumItemsCurrencyPositions to MRiskSAFXOtherEEECurrencies"
                            order="6.0"/>
      <link:loc xlink:type="locator" xlink:href="d-mr-2006-07-01.xsd#d-mr_MRiskSAFXUSD"
                xlink:label="MRiskSAFXUSD"
                xlink:title="MRiskSAFXUSD"/>
      <link:presentationArc xlink:type="arc" xlink:arcrole="http://www.xbrl.org/2003/arcrole/parent-child"
                            xlink:from="MRiskSAFXMemorandumItemsCurrencyPositions"
                            xlink:to="MRiskSAFXUSD"
                            xlink:title="presentation: MRiskSAFXMemorandumItemsCurrencyPositions to MRiskSAFXUSD"
                            order="7.0"/>
      <link:loc xlink:type="locator" xlink:href="d-mr-2006-07-01.xsd#d-mr_MRiskSAFXCAD"
                xlink:label="MRiskSAFXCAD"
                xlink:title="MRiskSAFXCAD"/>
      <link:presentationArc xlink:type="arc" xlink:arcrole="http://www.xbrl.org/2003/arcrole/parent-child"
                            xlink:from="MRiskSAFXMemorandumItemsCurrencyPositions"
                            xlink:to="MRiskSAFXCAD"
                            xlink:title="presentation: MRiskSAFXMemorandumItemsCurrencyPositions to MRiskSAFXCAD"
                            order="8.0"/>
      <link:loc xlink:type="locator" xlink:href="d-mr-2006-07-01.xsd#d-mr_MRiskSAFXAUD"
                xlink:label="MRiskSAFXAUD"
                xlink:title="MRiskSAFXAUD"/>
      <link:presentationArc xlink:type="arc" xlink:arcrole="http://www.xbrl.org/2003/arcrole/parent-child"
                            xlink:from="MRiskSAFXMemorandumItemsCurrencyPositions"
                            xlink:to="MRiskSAFXAUD"
                            xlink:title="presentation: MRiskSAFXMemorandumItemsCurrencyPositions to MRiskSAFXAUD"
                            order="9.0"/>
      <link:loc xlink:type="locator" xlink:href="d-mr-2006-07-01.xsd#d-mr_MRiskSAFXJPY"
                xlink:label="MRiskSAFXJPY"
                xlink:title="MRiskSAFXJPY"/>
      <link:presentationArc xlink:type="arc" xlink:arcrole="http://www.xbrl.org/2003/arcrole/parent-child"
                            xlink:from="MRiskSAFXMemorandumItemsCurrencyPositions"
                            xlink:to="MRiskSAFXJPY"
                            xlink:title="presentation: MRiskSAFXMemorandumItemsCurrencyPositions to MRiskSAFXJPY"
                            order="10.0"/>
      <link:loc xlink:type="locator"
                xlink:href="d-mr-2006-07-01.xsd#d-mr_MRiskSAFXOtherNonEEECurrencies"
                xlink:label="MRiskSAFXOtherNonEEECurrencies"
                xlink:title="MRiskSAFXOtherNonEEECurrencies"/>
      <link:presentationArc xlink:type="arc" xlink:arcrole="http://www.xbrl.org/2003/arcrole/parent-child"
                            xlink:from="MRiskSAFXMemorandumItemsCurrencyPositions"
                            xlink:to="MRiskSAFXOtherNonEEECurrencies"
                            xlink:title="presentation: MRiskSAFXMemorandumItemsCurrencyPositions to MRiskSAFXOtherNonEEECurrencies"
                            order="11.0"/>
      <link:loc xlink:type="locator"
                xlink:href="d-mr-2006-07-01.xsd#d-mr_MRiskSAFXCIUsTratedSeparateCurrencies"
                xlink:label="MRiskSAFXCIUsTratedSeparateCurrencies"
                xlink:title="MRiskSAFXCIUsTratedSeparateCurrencies"/>
      <link:presentationArc xlink:type="arc" xlink:arcrole="http://www.xbrl.org/2003/arcrole/parent-child"
                            xlink:from="MRiskSAFXMemorandumItemsCurrencyPositions"
                            xlink:to="MRiskSAFXCIUsTratedSeparateCurrencies"
                            xlink:title="presentation: MRiskSAFXMemorandumItemsCurrencyPositions to MRiskSAFXCIUsTratedSeparateCurrencies"
                            order="12.0"/>
      <link:loc xlink:type="locator" xlink:href="d-mr-2006-07-01.xsd#d-mr_MRiskSACOMTotal"
                xlink:label="MRiskSACOMTotal"
                xlink:title="MRiskSACOMTotal"/>
      <link:presentationArc xlink:type="arc" xlink:arcrole="http://www.xbrl.org/2003/arcrole/parent-child"
                            xlink:from="MRiskSA"
                            xlink:to="MRiskSACOMTotal"
                            xlink:title="presentation: MRiskSA to MRiskSACOMTotal"
                            order="4.0"/>
      <link:loc xlink:type="locator"
                xlink:href="d-mr-2006-07-01.xsd#d-mr_MRiskSACOMMaturityLadderApproach"
                xlink:label="MRiskSACOMMaturityLadderApproach"
                xlink:title="MRiskSACOMMaturityLadderApproach"/>
      <link:presentationArc xlink:type="arc" xlink:arcrole="http://www.xbrl.org/2003/arcrole/parent-child"
                            xlink:from="MRiskSACOMTotal"
                            xlink:to="MRiskSACOMMaturityLadderApproach"
                            xlink:title="presentation: MRiskSACOMTotal to MRiskSACOMMaturityLadderApproach"
                            order="1.0"/>
      <link:loc xlink:type="locator"
                xlink:href="d-mr-2006-07-01.xsd#d-mr_MRiskSACOMZoneLessEqual1Year"
                xlink:label="MRiskSACOMZoneLessEqual1Year"
                xlink:title="MRiskSACOMZoneLessEqual1Year"/>
      <link:presentationArc xlink:type="arc" xlink:arcrole="http://www.xbrl.org/2003/arcrole/parent-child"
                            xlink:from="MRiskSACOMMaturityLadderApproach"
                            xlink:to="MRiskSACOMZoneLessEqual1Year"
                            xlink:title="presentation: MRiskSACOMMaturityLadderApproach to MRiskSACOMZoneLessEqual1Year"
                            order="1.0"/>
      <link:loc xlink:type="locator"
                xlink:href="d-mr-2006-07-01.xsd#d-mr_MRiskSACOMZoneBetween0And1Month"
                xlink:label="MRiskSACOMZoneBetween0And1Month"
                xlink:title="MRiskSACOMZoneBetween0And1Month"/>
      <link:presentationArc xlink:type="arc" xlink:arcrole="http://www.xbrl.org/2003/arcrole/parent-child"
                            xlink:from="MRiskSACOMZoneLessEqual1Year"
                            xlink:to="MRiskSACOMZoneBetween0And1Month"
                            xlink:title="presentation: MRiskSACOMZoneLessEqual1Year to MRiskSACOMZoneBetween0And1Month"
                            order="1.0"/>
      <link:loc xlink:type="locator"
                xlink:href="d-mr-2006-07-01.xsd#d-mr_MRiskSACOMZoneBetween1And3Months"
                xlink:label="MRiskSACOMZoneBetween1And3Months"
                xlink:title="MRiskSACOMZoneBetween1And3Months"/>
      <link:presentationArc xlink:type="arc" xlink:arcrole="http://www.xbrl.org/2003/arcrole/parent-child"
                            xlink:from="MRiskSACOMZoneLessEqual1Year"
                            xlink:to="MRiskSACOMZoneBetween1And3Months"
                            xlink:title="presentation: MRiskSACOMZoneLessEqual1Year to MRiskSACOMZoneBetween1And3Months"
                            order="2.0"/>
      <link:loc xlink:type="locator"
                xlink:href="d-mr-2006-07-01.xsd#d-mr_MRiskSACOMZoneBetween3And6Months"
                xlink:label="MRiskSACOMZoneBetween3And6Months"
                xlink:title="MRiskSACOMZoneBetween3And6Months"/>
      <link:presentationArc xlink:type="arc" xlink:arcrole="http://www.xbrl.org/2003/arcrole/parent-child"
                            xlink:from="MRiskSACOMZoneLessEqual1Year"
                            xlink:to="MRiskSACOMZoneBetween3And6Months"
                            xlink:title="presentation: MRiskSACOMZoneLessEqual1Year to MRiskSACOMZoneBetween3And6Months"
                            order="3.0"/>
      <link:loc xlink:type="locator"
                xlink:href="d-mr-2006-07-01.xsd#d-mr_MRiskSACOMZoneBetween6And12Months"
                xlink:label="MRiskSACOMZoneBetween6And12Months"
                xlink:title="MRiskSACOMZoneBetween6And12Months"/>
      <link:presentationArc xlink:type="arc" xlink:arcrole="http://www.xbrl.org/2003/arcrole/parent-child"
                            xlink:from="MRiskSACOMZoneLessEqual1Year"
                            xlink:to="MRiskSACOMZoneBetween6And12Months"
                            xlink:title="presentation: MRiskSACOMZoneLessEqual1Year to MRiskSACOMZoneBetween6And12Months"
                            order="4.0"/>
      <link:loc xlink:type="locator"
                xlink:href="d-mr-2006-07-01.xsd#d-mr_MRiskSACOMZoneBetween1and3Years"
                xlink:label="MRiskSACOMZoneBetween1and3Years"
                xlink:title="MRiskSACOMZoneBetween1and3Years"/>
      <link:presentationArc xlink:type="arc" xlink:arcrole="http://www.xbrl.org/2003/arcrole/parent-child"
                            xlink:from="MRiskSACOMMaturityLadderApproach"
                            xlink:to="MRiskSACOMZoneBetween1and3Years"
                            xlink:title="presentation: MRiskSACOMMaturityLadderApproach to MRiskSACOMZoneBetween1and3Years"
                            order="2.0"/>
      <link:loc xlink:type="locator"
                xlink:href="d-mr-2006-07-01.xsd#d-mr_MRiskSACOMZoneBetween1And2Years"
                xlink:label="MRiskSACOMZoneBetween1And2Years"
                xlink:title="MRiskSACOMZoneBetween1And2Years"/>
      <link:presentationArc xlink:type="arc" xlink:arcrole="http://www.xbrl.org/2003/arcrole/parent-child"
                            xlink:from="MRiskSACOMZoneBetween1and3Years"
                            xlink:to="MRiskSACOMZoneBetween1And2Years"
                            xlink:title="presentation: MRiskSACOMZoneBetween1and3Years to MRiskSACOMZoneBetween1And2Years"
                            order="1.0"/>
      <link:loc xlink:type="locator"
                xlink:href="d-mr-2006-07-01.xsd#d-mr_MRiskSACOMZoneBetween2And3Years"
                xlink:label="MRiskSACOMZoneBetween2And3Years"
                xlink:title="MRiskSACOMZoneBetween2And3Years"/>
      <link:presentationArc xlink:type="arc" xlink:arcrole="http://www.xbrl.org/2003/arcrole/parent-child"
                            xlink:from="MRiskSACOMZoneBetween1and3Years"
                            xlink:to="MRiskSACOMZoneBetween2And3Years"
                            xlink:title="presentation: MRiskSACOMZoneBetween1and3Years to MRiskSACOMZoneBetween2And3Years"
                            order="2.0"/>
      <link:loc xlink:type="locator"
                xlink:href="d-mr-2006-07-01.xsd#d-mr_MRiskSACOMZoneGreaterThan3Years"
                xlink:label="MRiskSACOMZoneGreaterThan3Years"
                xlink:title="MRiskSACOMZoneGreaterThan3Years"/>
      <link:presentationArc xlink:type="arc" xlink:arcrole="http://www.xbrl.org/2003/arcrole/parent-child"
                            xlink:from="MRiskSACOMMaturityLadderApproach"
                            xlink:to="MRiskSACOMZoneGreaterThan3Years"
                            xlink:title="presentation: MRiskSACOMMaturityLadderApproach to MRiskSACOMZoneGreaterThan3Years"
                            order="3.0"/>
      <link:loc xlink:type="locator"
                xlink:href="d-mr-2006-07-01.xsd#d-mr_MRiskSACOMMatchedLongAndShortPositionsWithinMaturityBand"
                xlink:label="MRiskSACOMMatchedLongAndShortPositionsWithinMaturityBand"
                xlink:title="MRiskSACOMMatchedLongAndShortPositionsWithinMaturityBand"/>
      <link:presentationArc xlink:type="arc" xlink:arcrole="http://www.xbrl.org/2003/arcrole/parent-child"
                            xlink:from="MRiskSACOMMaturityLadderApproach"
                            xlink:to="MRiskSACOMMatchedLongAndShortPositionsWithinMaturityBand"
                            xlink:title="presentation: MRiskSACOMMaturityLadderApproach to MRiskSACOMMatchedLongAndShortPositionsWithinMaturityBand"
                            order="4.0"/>
      <link:loc xlink:type="locator"
                xlink:href="d-mr-2006-07-01.xsd#d-mr_MRiskSACOMMatchedPositionsBetweenTwoMaturityBands"
                xlink:label="MRiskSACOMMatchedPositionsBetweenTwoMaturityBands"
                xlink:title="MRiskSACOMMatchedPositionsBetweenTwoMaturityBands"/>
      <link:presentationArc xlink:type="arc" xlink:arcrole="http://www.xbrl.org/2003/arcrole/parent-child"
                            xlink:from="MRiskSACOMMaturityLadderApproach"
                            xlink:to="MRiskSACOMMatchedPositionsBetweenTwoMaturityBands"
                            xlink:title="presentation: MRiskSACOMMaturityLadderApproach to MRiskSACOMMatchedPositionsBetweenTwoMaturityBands"
                            order="5.0"/>
      <link:loc xlink:type="locator"
                xlink:href="d-mr-2006-07-01.xsd#d-mr_MRiskSACOMResidualUnmatchedPositions"
                xlink:label="MRiskSACOMResidualUnmatchedPositions"
                xlink:title="MRiskSACOMResidualUnmatchedPositions"/>
      <link:presentationArc xlink:type="arc" xlink:arcrole="http://www.xbrl.org/2003/arcrole/parent-child"
                            xlink:from="MRiskSACOMMaturityLadderApproach"
                            xlink:to="MRiskSACOMResidualUnmatchedPositions"
                            xlink:title="presentation: MRiskSACOMMaturityLadderApproach to MRiskSACOMResidualUnmatchedPositions"
                            order="6.0"/>
      <link:loc xlink:type="locator"
                xlink:href="d-mr-2006-07-01.xsd#d-mr_MRiskSACOMExtendedMaturityLadderApproach"
                xlink:label="MRiskSACOMExtendedMaturityLadderApproach"
                xlink:title="MRiskSACOMExtendedMaturityLadderApproach"/>
      <link:presentationArc xlink:type="arc" xlink:arcrole="http://www.xbrl.org/2003/arcrole/parent-child"
                            xlink:from="MRiskSACOMTotal"
                            xlink:to="MRiskSACOMExtendedMaturityLadderApproach"
                            xlink:title="presentation: MRiskSACOMTotal to MRiskSACOMExtendedMaturityLadderApproach"
                            order="2.0"/>
      <link:loc xlink:type="locator"
                xlink:href="d-mr-2006-07-01.xsd#d-mr_MRiskSACOMExtendedZoneLessEqual1Year"
                xlink:label="MRiskSACOMExtendedZoneLessEqual1Year"
                xlink:title="MRiskSACOMExtendedZoneLessEqual1Year"/>
      <link:presentationArc xlink:type="arc" xlink:arcrole="http://www.xbrl.org/2003/arcrole/parent-child"
                            xlink:from="MRiskSACOMExtendedMaturityLadderApproach"
                            xlink:to="MRiskSACOMExtendedZoneLessEqual1Year"
                            xlink:title="presentation: MRiskSACOMExtendedMaturityLadderApproach to MRiskSACOMExtendedZoneLessEqual1Year"
                            order="1.0"/>
      <link:loc xlink:type="locator"
                xlink:href="d-mr-2006-07-01.xsd#d-mr_MRiskSACOMExtendedZoneBetween0And1Month"
                xlink:label="MRiskSACOMExtendedZoneBetween0And1Month"
                xlink:title="MRiskSACOMExtendedZoneBetween0And1Month"/>
      <link:presentationArc xlink:type="arc" xlink:arcrole="http://www.xbrl.org/2003/arcrole/parent-child"
                            xlink:from="MRiskSACOMExtendedZoneLessEqual1Year"
                            xlink:to="MRiskSACOMExtendedZoneBetween0And1Month"
                            xlink:title="presentation: MRiskSACOMExtendedZoneLessEqual1Year to MRiskSACOMExtendedZoneBetween0And1Month"
                            order="1.0"/>
      <link:loc xlink:type="locator"
                xlink:href="d-mr-2006-07-01.xsd#d-mr_MRiskSACOMExtendedZoneBetween1And3Months"
                xlink:label="MRiskSACOMExtendedZoneBetween1And3Months"
                xlink:title="MRiskSACOMExtendedZoneBetween1And3Months"/>
      <link:presentationArc xlink:type="arc" xlink:arcrole="http://www.xbrl.org/2003/arcrole/parent-child"
                            xlink:from="MRiskSACOMExtendedZoneLessEqual1Year"
                            xlink:to="MRiskSACOMExtendedZoneBetween1And3Months"
                            xlink:title="presentation: MRiskSACOMExtendedZoneLessEqual1Year to MRiskSACOMExtendedZoneBetween1And3Months"
                            order="2.0"/>
      <link:loc xlink:type="locator"
                xlink:href="d-mr-2006-07-01.xsd#d-mr_MRiskSACOMExtendedZoneBetween3And6Months"
                xlink:label="MRiskSACOMExtendedZoneBetween3And6Months"
                xlink:title="MRiskSACOMExtendedZoneBetween3And6Months"/>
      <link:presentationArc xlink:type="arc" xlink:arcrole="http://www.xbrl.org/2003/arcrole/parent-child"
                            xlink:from="MRiskSACOMExtendedZoneLessEqual1Year"
                            xlink:to="MRiskSACOMExtendedZoneBetween3And6Months"
                            xlink:title="presentation: MRiskSACOMExtendedZoneLessEqual1Year to MRiskSACOMExtendedZoneBetween3And6Months"
                            order="3.0"/>
      <link:loc xlink:type="locator"
                xlink:href="d-mr-2006-07-01.xsd#d-mr_MRiskSACOMExtendedZoneBetween6And12Months"
                xlink:label="MRiskSACOMExtendedZoneBetween6And12Months"
                xlink:title="MRiskSACOMExtendedZoneBetween6And12Months"/>
      <link:presentationArc xlink:type="arc" xlink:arcrole="http://www.xbrl.org/2003/arcrole/parent-child"
                            xlink:from="MRiskSACOMExtendedZoneLessEqual1Year"
                            xlink:to="MRiskSACOMExtendedZoneBetween6And12Months"
                            xlink:title="presentation: MRiskSACOMExtendedZoneLessEqual1Year to MRiskSACOMExtendedZoneBetween6And12Months"
                            order="4.0"/>
      <link:loc xlink:type="locator"
                xlink:href="d-mr-2006-07-01.xsd#d-mr_MRiskSACOMExtendedZoneBetween1and3Years"
                xlink:label="MRiskSACOMExtendedZoneBetween1and3Years"
                xlink:title="MRiskSACOMExtendedZoneBetween1and3Years"/>
      <link:presentationArc xlink:type="arc" xlink:arcrole="http://www.xbrl.org/2003/arcrole/parent-child"
                            xlink:from="MRiskSACOMExtendedMaturityLadderApproach"
                            xlink:to="MRiskSACOMExtendedZoneBetween1and3Years"
                            xlink:title="presentation: MRiskSACOMExtendedMaturityLadderApproach to MRiskSACOMExtendedZoneBetween1and3Years"
                            order="2.0"/>
      <link:loc xlink:type="locator"
                xlink:href="d-mr-2006-07-01.xsd#d-mr_MRiskSACOMExtendedZoneBetween1And2Years"
                xlink:label="MRiskSACOMExtendedZoneBetween1And2Years"
                xlink:title="MRiskSACOMExtendedZoneBetween1And2Years"/>
      <link:presentationArc xlink:type="arc" xlink:arcrole="http://www.xbrl.org/2003/arcrole/parent-child"
                            xlink:from="MRiskSACOMExtendedZoneBetween1and3Years"
                            xlink:to="MRiskSACOMExtendedZoneBetween1And2Years"
                            xlink:title="presentation: MRiskSACOMExtendedZoneBetween1and3Years to MRiskSACOMExtendedZoneBetween1And2Years"
                            order="1.0"/>
      <link:loc xlink:type="locator"
                xlink:href="d-mr-2006-07-01.xsd#d-mr_MRiskSACOMExtendedZoneBetween2And3Years"
                xlink:label="MRiskSACOMExtendedZoneBetween2And3Years"
                xlink:title="MRiskSACOMExtendedZoneBetween2And3Years"/>
      <link:presentationArc xlink:type="arc" xlink:arcrole="http://www.xbrl.org/2003/arcrole/parent-child"
                            xlink:from="MRiskSACOMExtendedZoneBetween1and3Years"
                            xlink:to="MRiskSACOMExtendedZoneBetween2And3Years"
                            xlink:title="presentation: MRiskSACOMExtendedZoneBetween1and3Years to MRiskSACOMExtendedZoneBetween2And3Years"
                            order="2.0"/>
      <link:loc xlink:type="locator"
                xlink:href="d-mr-2006-07-01.xsd#d-mr_MRiskSACOMExtendedZoneGreaterThan3Years"
                xlink:label="MRiskSACOMExtendedZoneGreaterThan3Years"
                xlink:title="MRiskSACOMExtendedZoneGreaterThan3Years"/>
      <link:presentationArc xlink:type="arc" xlink:arcrole="http://www.xbrl.org/2003/arcrole/parent-child"
                            xlink:from="MRiskSACOMExtendedMaturityLadderApproach"
                            xlink:to="MRiskSACOMExtendedZoneGreaterThan3Years"
                            xlink:title="presentation: MRiskSACOMExtendedMaturityLadderApproach to MRiskSACOMExtendedZoneGreaterThan3Years"
                            order="3.0"/>
      <link:loc xlink:type="locator"
                xlink:href="d-mr-2006-07-01.xsd#d-mr_MRiskSACOMExtendedMatchedLongAndShortPositionsWithinMaturityBand"
                xlink:label="MRiskSACOMExtendedMatchedLongAndShortPositionsWithinMaturityBand"
                xlink:title="MRiskSACOMExtendedMatchedLongAndShortPositionsWithinMaturityBand"/>
      <link:presentationArc xlink:type="arc" xlink:arcrole="http://www.xbrl.org/2003/arcrole/parent-child"
                            xlink:from="MRiskSACOMExtendedMaturityLadderApproach"
                            xlink:to="MRiskSACOMExtendedMatchedLongAndShortPositionsWithinMaturityBand"
                            xlink:title="presentation: MRiskSACOMExtendedMaturityLadderApproach to MRiskSACOMExtendedMatchedLongAndShortPositionsWithinMaturityBand"
                            order="4.0"/>
      <link:loc xlink:type="locator"
                xlink:href="d-mr-2006-07-01.xsd#d-mr_MRiskSACOMExtendedMatchedPositionsBetweenTwoMaturityBands"
                xlink:label="MRiskSACOMExtendedMatchedPositionsBetweenTwoMaturityBands"
                xlink:title="MRiskSACOMExtendedMatchedPositionsBetweenTwoMaturityBands"/>
      <link:presentationArc xlink:type="arc" xlink:arcrole="http://www.xbrl.org/2003/arcrole/parent-child"
                            xlink:from="MRiskSACOMExtendedMaturityLadderApproach"
                            xlink:to="MRiskSACOMExtendedMatchedPositionsBetweenTwoMaturityBands"
                            xlink:title="presentation: MRiskSACOMExtendedMaturityLadderApproach to MRiskSACOMExtendedMatchedPositionsBetweenTwoMaturityBands"
                            order="5.0"/>
      <link:loc xlink:type="locator"
                xlink:href="d-mr-2006-07-01.xsd#d-mr_MRiskSACOMExtendedResidualUnmatchedPositions"
                xlink:label="MRiskSACOMExtendedResidualUnmatchedPositions"
                xlink:title="MRiskSACOMExtendedResidualUnmatchedPositions"/>
      <link:presentationArc xlink:type="arc" xlink:arcrole="http://www.xbrl.org/2003/arcrole/parent-child"
                            xlink:from="MRiskSACOMExtendedMaturityLadderApproach"
                            xlink:to="MRiskSACOMExtendedResidualUnmatchedPositions"
                            xlink:title="presentation: MRiskSACOMExtendedMaturityLadderApproach to MRiskSACOMExtendedResidualUnmatchedPositions"
                            order="6.0"/>
      <link:loc xlink:type="locator"
                xlink:href="d-mr-2006-07-01.xsd#d-mr_MRiskSACOMSimplifiedApproachAllPositions"
                xlink:label="MRiskSACOMSimplifiedApproachAllPositions"
                xlink:title="MRiskSACOMSimplifiedApproachAllPositions"/>
      <link:presentationArc xlink:type="arc" xlink:arcrole="http://www.xbrl.org/2003/arcrole/parent-child"
                            xlink:from="MRiskSACOMTotal"
                            xlink:to="MRiskSACOMSimplifiedApproachAllPositions"
                            xlink:title="presentation: MRiskSACOMTotal to MRiskSACOMSimplifiedApproachAllPositions"
                            order="3.0"/>
      <link:loc xlink:type="locator"
                xlink:href="d-mr-2006-07-01.xsd#d-mr_MRiskSACOMSimplifiedApproachNetPositions"
                xlink:label="MRiskSACOMSimplifiedApproachNetPositions"
                xlink:title="MRiskSACOMSimplifiedApproachNetPositions"/>
      <link:presentationArc xlink:type="arc" xlink:arcrole="http://www.xbrl.org/2003/arcrole/parent-child"
                            xlink:from="MRiskSACOMSimplifiedApproachAllPositions"
                            xlink:to="MRiskSACOMSimplifiedApproachNetPositions"
                            xlink:title="presentation: MRiskSACOMSimplifiedApproachAllPositions to MRiskSACOMSimplifiedApproachNetPositions"
                            order="1.0"/>
      <link:loc xlink:type="locator"
                xlink:href="d-mr-2006-07-01.xsd#d-mr_MRiskSACOMSimplifiedApproachGrossPositions"
                xlink:label="MRiskSACOMSimplifiedApproachGrossPositions"
                xlink:title="MRiskSACOMSimplifiedApproachGrossPositions"/>
      <link:presentationArc xlink:type="arc" xlink:arcrole="http://www.xbrl.org/2003/arcrole/parent-child"
                            xlink:from="MRiskSACOMSimplifiedApproachAllPositions"
                            xlink:to="MRiskSACOMSimplifiedApproachGrossPositions"
                            xlink:title="presentation: MRiskSACOMSimplifiedApproachAllPositions to MRiskSACOMSimplifiedApproachGrossPositions"
                            order="2.0"/>
      <link:loc xlink:type="locator"
                xlink:href="d-mr-2006-07-01.xsd#d-mr_MRiskSACOMMarginBasedApproachForExchangeTradedFuturesAndOptions"
                xlink:label="MRiskSACOMMarginBasedApproachForExchangeTradedFuturesAndOptions"
                xlink:title="MRiskSACOMMarginBasedApproachForExchangeTradedFuturesAndOptions"/>
      <link:presentationArc xlink:type="arc" xlink:arcrole="http://www.xbrl.org/2003/arcrole/parent-child"
                            xlink:from="MRiskSACOMTotal"
                            xlink:to="MRiskSACOMMarginBasedApproachForExchangeTradedFuturesAndOptions"
                            xlink:title="presentation: MRiskSACOMTotal to MRiskSACOMMarginBasedApproachForExchangeTradedFuturesAndOptions"
                            order="4.0"/>
      <link:loc xlink:type="locator"
                xlink:href="d-mr-2006-07-01.xsd#d-mr_MRiskSACOMMarginBasedApproachForOTCFuturesAndOptions"
                xlink:label="MRiskSACOMMarginBasedApproachForOTCFuturesAndOptions"
                xlink:title="MRiskSACOMMarginBasedApproachForOTCFuturesAndOptions"/>
      <link:presentationArc xlink:type="arc" xlink:arcrole="http://www.xbrl.org/2003/arcrole/parent-child"
                            xlink:from="MRiskSACOMTotal"
                            xlink:to="MRiskSACOMMarginBasedApproachForOTCFuturesAndOptions"
                            xlink:title="presentation: MRiskSACOMTotal to MRiskSACOMMarginBasedApproachForOTCFuturesAndOptions"
                            order="5.0"/>
      <link:loc xlink:type="locator"
                xlink:href="d-mr-2006-07-01.xsd#d-mr_MRiskSACOMOtherNonDeltaRisksForCommodityOptions"
                xlink:label="MRiskSACOMOtherNonDeltaRisksForCommodityOptions"
                xlink:title="MRiskSACOMOtherNonDeltaRisksForCommodityOptions"/>
      <link:presentationArc xlink:type="arc" xlink:arcrole="http://www.xbrl.org/2003/arcrole/parent-child"
                            xlink:from="MRiskSACOMTotal"
                            xlink:to="MRiskSACOMOtherNonDeltaRisksForCommodityOptions"
                            xlink:title="presentation: MRiskSACOMTotal to MRiskSACOMOtherNonDeltaRisksForCommodityOptions"
                            order="6.0"/>
      <link:loc xlink:type="locator"
                xlink:href="d-mr-2006-07-01.xsd#d-mr_MRiskSACOMRiskOfShortageOfLiquidity"
                xlink:label="MRiskSACOMRiskOfShortageOfLiquidity"
                xlink:title="MRiskSACOMRiskOfShortageOfLiquidity"/>
      <link:presentationArc xlink:type="arc" xlink:arcrole="http://www.xbrl.org/2003/arcrole/parent-child"
                            xlink:from="MRiskSACOMTotal"
                            xlink:to="MRiskSACOMRiskOfShortageOfLiquidity"
                            xlink:title="presentation: MRiskSACOMTotal to MRiskSACOMRiskOfShortageOfLiquidity"
                            order="7.0"/>
      <link:loc xlink:type="locator"
                xlink:href="d-mr-2006-07-01.xsd#d-mr_MRiskIMTotalPositions"
                xlink:label="MRiskIMTotalPositions"
                xlink:title="MRiskIMTotalPositions"/>
      <link:presentationArc xlink:type="arc" xlink:arcrole="http://www.xbrl.org/2003/arcrole/parent-child"
                            xlink:from="MRiskTotal"
                            xlink:to="MRiskIMTotalPositions"
                            xlink:title="presentation: MRiskTotal to MRiskIMTotalPositions"
                            order="2.0"/>
      <link:loc xlink:type="locator"
                xlink:href="d-mr-2006-07-01.xsd#d-mr_MRiskIMMemorandumItemsBreakdownOfMarketRisk"
                xlink:label="MRiskIMMemorandumItemsBreakdownOfMarketRisk"
                xlink:title="MRiskIMMemorandumItemsBreakdownOfMarketRisk"/>
      <link:presentationArc xlink:type="arc" xlink:arcrole="http://www.xbrl.org/2003/arcrole/parent-child"
                            xlink:from="MRiskIMTotalPositions"
                            xlink:to="MRiskIMMemorandumItemsBreakdownOfMarketRisk"
                            xlink:title="presentation: MRiskIMTotalPositions to MRiskIMMemorandumItemsBreakdownOfMarketRisk"
                            order="1.0"/>
      <link:loc xlink:type="locator"
                xlink:href="d-mr-2006-07-01.xsd#d-mr_MRiskIMTradedDebtInstruments"
                xlink:label="MRiskIMTradedDebtInstruments"
                xlink:title="MRiskIMTradedDebtInstruments"/>
      <link:presentationArc xlink:type="arc" xlink:arcrole="http://www.xbrl.org/2003/arcrole/parent-child"
                            xlink:from="MRiskIMMemorandumItemsBreakdownOfMarketRisk"
                            xlink:to="MRiskIMTradedDebtInstruments"
                            xlink:title="presentation: MRiskIMMemorandumItemsBreakdownOfMarketRisk to MRiskIMTradedDebtInstruments"
                            order="1.0"/>
      <link:loc xlink:type="locator"
                xlink:href="d-mr-2006-07-01.xsd#d-mr_MRiskIMTDIGeneralRisk"
                xlink:label="MRiskIMTDIGeneralRisk"
                xlink:title="MRiskIMTDIGeneralRisk"/>
      <link:presentationArc xlink:type="arc" xlink:arcrole="http://www.xbrl.org/2003/arcrole/parent-child"
                            xlink:from="MRiskIMTradedDebtInstruments"
                            xlink:to="MRiskIMTDIGeneralRisk"
                            xlink:title="presentation: MRiskIMTradedDebtInstruments to MRiskIMTDIGeneralRisk"
                            order="1.0"/>
      <link:loc xlink:type="locator"
                xlink:href="d-mr-2006-07-01.xsd#d-mr_MRiskIMTDISpecificRisk"
                xlink:label="MRiskIMTDISpecificRisk"
                xlink:title="MRiskIMTDISpecificRisk"/>
      <link:presentationArc xlink:type="arc" xlink:arcrole="http://www.xbrl.org/2003/arcrole/parent-child"
                            xlink:from="MRiskIMTradedDebtInstruments"
                            xlink:to="MRiskIMTDISpecificRisk"
                            xlink:title="presentation: MRiskIMTradedDebtInstruments to MRiskIMTDISpecificRisk"
                            order="2.0"/>
      <link:loc xlink:type="locator" xlink:href="d-mr-2006-07-01.xsd#d-mr_MRiskIMEquities"
                xlink:label="MRiskIMEquities"
                xlink:title="MRiskIMEquities"/>
      <link:presentationArc xlink:type="arc" xlink:arcrole="http://www.xbrl.org/2003/arcrole/parent-child"
                            xlink:from="MRiskIMMemorandumItemsBreakdownOfMarketRisk"
                            xlink:to="MRiskIMEquities"
                            xlink:title="presentation: MRiskIMMemorandumItemsBreakdownOfMarketRisk to MRiskIMEquities"
                            order="2.0"/>
      <link:loc xlink:type="locator"
                xlink:href="d-mr-2006-07-01.xsd#d-mr_MRiskIMEquitiesGeneralRisk"
                xlink:label="MRiskIMEquitiesGeneralRisk"
                xlink:title="MRiskIMEquitiesGeneralRisk"/>
      <link:presentationArc xlink:type="arc" xlink:arcrole="http://www.xbrl.org/2003/arcrole/parent-child"
                            xlink:from="MRiskIMEquities"
                            xlink:to="MRiskIMEquitiesGeneralRisk"
                            xlink:title="presentation: MRiskIMEquities to MRiskIMEquitiesGeneralRisk"
                            order="1.0"/>
      <link:loc xlink:type="locator"
                xlink:href="d-mr-2006-07-01.xsd#d-mr_MRiskIMEquitiesSpecificRisk"
                xlink:label="MRiskIMEquitiesSpecificRisk"
                xlink:title="MRiskIMEquitiesSpecificRisk"/>
      <link:presentationArc xlink:type="arc" xlink:arcrole="http://www.xbrl.org/2003/arcrole/parent-child"
                            xlink:from="MRiskIMEquities"
                            xlink:to="MRiskIMEquitiesSpecificRisk"
                            xlink:title="presentation: MRiskIMEquities to MRiskIMEquitiesSpecificRisk"
                            order="2.0"/>
      <link:loc xlink:type="locator"
                xlink:href="d-mr-2006-07-01.xsd#d-mr_MRiskIMForeignExchangeRisk"
                xlink:label="MRiskIMForeignExchangeRisk"
                xlink:title="MRiskIMForeignExchangeRisk"/>
      <link:presentationArc xlink:type="arc" xlink:arcrole="http://www.xbrl.org/2003/arcrole/parent-child"
                            xlink:from="MRiskIMMemorandumItemsBreakdownOfMarketRisk"
                            xlink:to="MRiskIMForeignExchangeRisk"
                            xlink:title="presentation: MRiskIMMemorandumItemsBreakdownOfMarketRisk to MRiskIMForeignExchangeRisk"
                            order="3.0"/>
      <link:loc xlink:type="locator" xlink:href="d-mr-2006-07-01.xsd#d-mr_MRiskIMCommodityRisk"
                xlink:label="MRiskIMCommodityRisk"
                xlink:title="MRiskIMCommodityRisk"/>
      <link:presentationArc xlink:type="arc" xlink:arcrole="http://www.xbrl.org/2003/arcrole/parent-child"
                            xlink:from="MRiskIMMemorandumItemsBreakdownOfMarketRisk"
                            xlink:to="MRiskIMCommodityRisk"
                            xlink:title="presentation: MRiskIMMemorandumItemsBreakdownOfMarketRisk to MRiskIMCommodityRisk"
                            order="4.0"/>
      <link:loc xlink:type="locator"
                xlink:href="d-mr-2006-07-01.xsd#d-mr_MRiskIMTotalAmountForGeneralRisk"
                xlink:label="MRiskIMTotalAmountForGeneralRisk"
                xlink:title="MRiskIMTotalAmountForGeneralRisk"/>
      <link:presentationArc xlink:type="arc" xlink:arcrole="http://www.xbrl.org/2003/arcrole/parent-child"
                            xlink:from="MRiskIMMemorandumItemsBreakdownOfMarketRisk"
                            xlink:to="MRiskIMTotalAmountForGeneralRisk"
                            xlink:title="presentation: MRiskIMMemorandumItemsBreakdownOfMarketRisk to MRiskIMTotalAmountForGeneralRisk"
                            order="5.0"/>
      <link:loc xlink:type="locator"
                xlink:href="d-mr-2006-07-01.xsd#d-mr_MRiskIMTotalAmountForSpecificRisk"
                xlink:label="MRiskIMTotalAmountForSpecificRisk"
                xlink:title="MRiskIMTotalAmountForSpecificRisk"/>
      <link:presentationArc xlink:type="arc" xlink:arcrole="http://www.xbrl.org/2003/arcrole/parent-child"
                            xlink:from="MRiskIMMemorandumItemsBreakdownOfMarketRisk"
                            xlink:to="MRiskIMTotalAmountForSpecificRisk"
                            xlink:title="presentation: MRiskIMMemorandumItemsBreakdownOfMarketRisk to MRiskIMTotalAmountForSpecificRisk"
                            order="6.0"/>
  </link:presentationLink>
</link:linkbase>