<?xml version="1.0" encoding="UTF-8"?>
<?taxonomy-version 1.3.1?>
<!--Copyright (C) 2011 EBA - European Banking Authority, Tower 42, 25 Old Broad Street, London, EC2N 1HQ, United Kingdom.-->            
<link:linkbase xmlns:link="http://www.xbrl.org/2003/linkbase"
               xmlns:xbrli="http://www.xbrl.org/2003/instance"
               xmlns:xlink="http://www.w3.org/1999/xlink"
               xmlns:xsi="http://www.w3.org/2001/XMLSchema-instance"
               xmlns:d-oe="http://www.c-ebs.org/eu/fr/esrs/corep/2006-07-01/d-oe-2006-07-01"
               xsi:schemaLocation="http://www.xbrl.org/2003/linkbase http://www.xbrl.org/2003/xbrl-linkbase-2003-12-31.xsd">
  <link:arcroleRef arcroleURI="http://xbrl.org/int/dim/arcrole/domain-member" xlink:type="simple"
                    xlink:href="http://www.xbrl.org/2005/xbrldt-2005.xsd#domain-member"/>
  <link:definitionLink xlink:type="extended" xlink:role="http://www.xbrl.org/2003/role/link">
      <link:loc xlink:type="locator"
                xlink:href="d-oe-2006-07-01.xsd#d-oe_OwnEstimatesLGDConversionFactorsDomain"
                xlink:label="d-oe_OwnEstimatesLGDConversionFactorsDomain"
                xlink:title="definition: OwnEstimatesLGDConversionFactorsDomain to OwnEstimatesLGDConversionFactors"/>
      <link:loc xlink:type="locator"
                xlink:href="d-oe-2006-07-01.xsd#d-oe_OwnEstimatesLGDConversionFactors"
                xlink:label="d-oe_OwnEstimatesLGDConversionFactors"
                xlink:title="definition: OwnEstimatesLGDConversionFactorsDomain to OwnEstimatesLGDConversionFactors"/>
      <link:definitionArc xlink:type="arc" xlink:arcrole="http://xbrl.org/int/dim/arcrole/domain-member"
                          xlink:from="d-oe_OwnEstimatesLGDConversionFactorsDomain"
                          xlink:to="d-oe_OwnEstimatesLGDConversionFactors"
                          xlink:title="definition: OwnEstimatesLGDConversionFactorsDomain to OwnEstimatesLGDConversionFactors"
                          use="optional"
                          order="1.0"/>
      <link:loc xlink:type="locator"
                xlink:href="d-oe-2006-07-01.xsd#d-oe_NotOwnEstimatesLGDConversionFactors"
                xlink:label="d-oe_NotOwnEstimatesLGDConversionFactors"
                xlink:title="definition: OwnEstimatesLGDConversionFactorsDomain to NotOwnEstimatesLGDConversionFactors"/>
      <link:definitionArc xlink:type="arc" xlink:arcrole="http://xbrl.org/int/dim/arcrole/domain-member"
                          xlink:from="d-oe_OwnEstimatesLGDConversionFactorsDomain"
                          xlink:to="d-oe_NotOwnEstimatesLGDConversionFactors"
                          xlink:title="definition: OwnEstimatesLGDConversionFactorsDomain to NotOwnEstimatesLGDConversionFactors"
                          use="optional"
                          order="2.0"/>
  </link:definitionLink>
</link:linkbase>