<?xml version="1.0" encoding="UTF-8"?>
<?taxonomy-version 1.3.1?>
<!--Copyright (C) 2011 EBA - European Banking Authority, Tower 42, 25 Old Broad Street, London, EC2N 1HQ, United Kingdom.-->            
<link:linkbase xmlns:link="http://www.xbrl.org/2003/linkbase"
               xmlns:xbrli="http://www.xbrl.org/2003/instance"
               xmlns:xlink="http://www.w3.org/1999/xlink"
               xmlns:xsi="http://www.w3.org/2001/XMLSchema-instance"
               xmlns:d-oe="http://www.c-ebs.org/eu/fr/esrs/corep/2006-07-01/d-oe-2006-07-01"
               xsi:schemaLocation="http://www.xbrl.org/2003/linkbase http://www.xbrl.org/2003/xbrl-linkbase-2003-12-31.xsd">
  <link:labelLink xlink:type="extended" xlink:role="http://www.xbrl.org/2003/role/link">
      <link:loc xlink:type="locator"
                xlink:href="d-oe-2006-07-01.xsd#d-oe_NotOwnEstimatesLGDConversionFactors"
                xlink:label="d-oe_NotOwnEstimatesLGDConversionFactors"/>
      <link:label xlink:type="resource"
                  xlink:label="d-oe_NotOwnEstimatesLGDConversionFactors_lbl"
                  xlink:role="http://www.xbrl.org/2003/role/label"
                  xlink:title="label_NotOwnEstimatesLGDConversionFactors"
                  xml:lang="en"
                  id="label_NotOwnEstimatesLGDConversionFactors_1130852387496_1">No</link:label>
      <link:labelArc xlink:type="arc" xlink:arcrole="http://www.xbrl.org/2003/arcrole/concept-label"
                     xlink:from="d-oe_NotOwnEstimatesLGDConversionFactors"
                     xlink:to="d-oe_NotOwnEstimatesLGDConversionFactors_lbl"/>
      <link:label xlink:type="resource" xlink:label="label_NotOwnEstimatesLGDConversionFactors"
                  xlink:role="http://www.xbrl.org/2003/role/documentation"
                  xlink:title="label_NotOwnEstimatesLGDConversionFactors"
                  xml:lang="en"
                  id="label_NotOwnEstimatesLGDConversionFactors">Core layer  </link:label>
      <link:labelArc xlink:type="arc" xlink:arcrole="http://www.xbrl.org/2003/arcrole/concept-label"
                     xlink:from="d-oe_NotOwnEstimatesLGDConversionFactors"
                     xlink:to="label_NotOwnEstimatesLGDConversionFactors"
                     xlink:title="label: NotOwnEstimatesLGDConversionFactors to label_NotOwnEstimatesLGDConversionFactors"/>
      <link:loc xlink:type="locator"
                xlink:href="d-oe-2006-07-01.xsd#d-oe_OwnEstimatesLGDConversionFactorsDomain"
                xlink:label="d-oe_OwnEstimatesLGDConversionFactorsDomain"/>
      <link:label xlink:type="resource"
                  xlink:label="d-oe_OwnEstimatesLGDConversionFactorsDomain_lbl"
                  xlink:role="http://www.xbrl.org/2003/role/label"
                  xlink:title="label_newItem"
                  xml:lang="en"
                  id="label_newItem_1130852197482_2">Own estimates of LGD And/Or Conversion factors (domain)</link:label>
      <link:labelArc xlink:type="arc" xlink:arcrole="http://www.xbrl.org/2003/arcrole/concept-label"
                     xlink:from="d-oe_OwnEstimatesLGDConversionFactorsDomain"
                     xlink:to="d-oe_OwnEstimatesLGDConversionFactorsDomain_lbl"/>
      <link:label xlink:type="resource"
                  xlink:label="label_OwnEstimatesLGDConversionFactorsDomain"
                  xlink:role="http://www.xbrl.org/2003/role/documentation"
                  xlink:title="label_OwnEstimatesLGDConversionFactorsDomain"
                  xml:lang="en"
                  id="label_OwnEstimatesLGDConversionFactorsDomain">Core layer  </link:label>
      <link:labelArc xlink:type="arc" xlink:arcrole="http://www.xbrl.org/2003/arcrole/concept-label"
                     xlink:from="d-oe_OwnEstimatesLGDConversionFactorsDomain"
                     xlink:to="label_OwnEstimatesLGDConversionFactorsDomain"
                     xlink:title="label: OwnEstimatesLGDConversionFactorsDomain to label_OwnEstimatesLGDConversionFactorsDomain"/>
      <link:loc xlink:type="locator"
                xlink:href="d-oe-2006-07-01.xsd#d-oe_OwnEstimatesLGDConversionFactors"
                xlink:label="d-oe_OwnEstimatesLGDConversionFactors"/>
      <link:label xlink:type="resource" xlink:label="d-oe_OwnEstimatesLGDConversionFactors_lbl"
                  xlink:role="http://www.xbrl.org/2003/role/label"
                  xlink:title="label_Yes"
                  xml:lang="en"
                  id="label_Yes_1130852291998_1">Yes</link:label>
      <link:labelArc xlink:type="arc" xlink:arcrole="http://www.xbrl.org/2003/arcrole/concept-label"
                     xlink:from="d-oe_OwnEstimatesLGDConversionFactors"
                     xlink:to="d-oe_OwnEstimatesLGDConversionFactors_lbl"/>
      <link:label xlink:type="resource" xlink:label="label_OwnEstimatesLGDConversionFactors"
                  xlink:role="http://www.xbrl.org/2003/role/documentation"
                  xlink:title="label_OwnEstimatesLGDConversionFactors"
                  xml:lang="en"
                  id="label_OwnEstimatesLGDConversionFactors">Core layer  </link:label>
      <link:labelArc xlink:type="arc" xlink:arcrole="http://www.xbrl.org/2003/arcrole/concept-label"
                     xlink:from="d-oe_OwnEstimatesLGDConversionFactors"
                     xlink:to="label_OwnEstimatesLGDConversionFactors"
                     xlink:title="label: OwnEstimatesLGDConversionFactors to label_OwnEstimatesLGDConversionFactors"/>
      <link:loc xlink:type="locator"
                xlink:href="d-oe-2006-07-01.xsd#d-oe_OwnEstimatesofLGDAndOrConversionFactorsDimension"
                xlink:label="OwnEstimatesofLGDAndOrConversionFactorsDimension"
                xlink:title="OwnEstimatesofLGDAndOrConversionFactorsDimension"/>
      <link:label xlink:type="resource"
                  xlink:label="label_OwnEstimatesofLGDAndOrConversionFactorsDimension"
                  xlink:role="http://www.xbrl.org/2003/role/label"
                  xlink:title="label_OwnEstimatesofLGDAndOrConversionFactorsDimension"
                  xml:lang="en"
                  id="label_OwnEstimatesofLGDAndOrConversionFactorsDimension">Own Estimates of LGD And/Or Conversion Factors (Dimension)</link:label>
      <link:labelArc xlink:type="arc" xlink:arcrole="http://www.xbrl.org/2003/arcrole/concept-label"
                     xlink:from="OwnEstimatesofLGDAndOrConversionFactorsDimension"
                     xlink:to="label_OwnEstimatesofLGDAndOrConversionFactorsDimension"
                     xlink:title="label: OwnEstimatesofLGDAndOrConversionFactorsDimension to label_OwnEstimatesofLGDAndOrConversionFactorsDimension"/>
  </link:labelLink>
</link:linkbase>