<?xml version="1.0" encoding="UTF-8"?>
<?taxonomy-version 1.3.1?>
<!--Copyright (C) 2011 EBA - European Banking Authority, Tower 42, 25 Old Broad Street, London, EC2N 1HQ, United Kingdom.-->            
<link:linkbase xmlns:link="http://www.xbrl.org/2003/linkbase"
               xmlns:xbrli="http://www.xbrl.org/2003/instance"
               xmlns:xlink="http://www.w3.org/1999/xlink"
               xmlns:xsi="http://www.w3.org/2001/XMLSchema-instance"
               xmlns:d-oe="http://www.c-ebs.org/eu/fr/esrs/corep/2006-07-01/d-oe-2006-07-01"
               xmlns:ref-corep="http://www.c-ebs.org/eu/fr/esrs/corep/2005-09-30/ref-corep-2005-09-30"
               xmlns:ref="http://www.xbrl.org/2004/ref"
               xsi:schemaLocation="http://www.c-ebs.org/eu/fr/esrs/corep/2006-07-01/d-oe-2006-07-01 d-oe-2006-07-01.xsd http://www.xbrl.org/2003/linkbase http://www.xbrl.org/2003/xbrl-linkbase-2003-12-31.xsd http://www.c-ebs.org/eu/fr/esrs/corep/2005-09-30/ref-corep-2005-09-30 ref-corep-2005-09-30.xsd http://www.xbrl.org/2004/ref http://www.xbrl.org/2004/ref-2004-08-10.xsd">
  <link:referenceLink xlink:type="extended" xlink:role="http://www.xbrl.org/2003/role/link">
      <link:loc xlink:type="locator"
                xlink:href="d-oe-2006-07-01.xsd#d-oe_OwnEstimatesLGDConversionFactorsDomain"
                xlink:label="d-oe_OwnEstimatesLGDConversionFactorsDomain"/>
      <link:reference xlink:type="resource"
                      xlink:label="d-oe_OwnEstimatesLGDConversionFactorsDomain_ref"
                      xlink:role="http://www.xbrl.org/2003/role/reference"
                      xlink:title="reference_OwnEstimatesLGDConversionFactorsDomain"
                      id="reference_OwnEstimatesLGDConversionFactorsDomain">
         <ref-corep:Comment>Article 86 of Directive 2006/48/EC. Yes shall be reported when the Institution has been approved to use own estimates for the corresponding exposure class. If an Institution or group uses a mix of approaches for the estimate of LGD's for certain exposure classes, different reportings should be provided for each approach. Therefore no mixed reporting of own estimates of LGD's and supervisory LGD's should be provided.</ref-corep:Comment>
      </link:reference>
      <link:referenceArc xlink:type="arc"
                         xlink:arcrole="http://www.xbrl.org/2003/arcrole/concept-reference"
                         xlink:from="d-oe_OwnEstimatesLGDConversionFactorsDomain"
                         xlink:to="d-oe_OwnEstimatesLGDConversionFactorsDomain_ref"/>
      <link:loc xlink:type="locator"
                xlink:href="d-oe-2006-07-01.xsd#d-oe_OwnEstimatesLGDConversionFactors"
                xlink:label="OwnEstimatesLGDConversionFactors"
                xlink:title="OwnEstimatesLGDConversionFactors"/>
      <link:reference xlink:type="resource" xlink:label="reference_OwnEstimatesLGDConversionFactors"
                      xlink:role="http://www.xbrl.org/2003/role/reference"
                      xlink:title="reference_OwnEstimatesLGDConversionFactors"
                      id="reference_OwnEstimatesLGDConversionFactors">
         <ref-corep:Comment>Article 86 of Directive 2000/12. Yes shall be reported when the Institution has been approved to use own estimates for the corresponding exposure class. If an Institution or group uses a mix of approaches for the estimate of LGD's for certain exposure classes, different reportings should be provided for each approach. Therefore no mixed reporting of own estimates of LGD's and supervisory LGD's should be provided.</ref-corep:Comment>
      </link:reference>
      <link:referenceArc xlink:type="arc"
                         xlink:arcrole="http://www.xbrl.org/2003/arcrole/concept-reference"
                         xlink:from="OwnEstimatesLGDConversionFactors"
                         xlink:to="reference_OwnEstimatesLGDConversionFactors"
                         xlink:title="reference: OwnEstimatesLGDConversionFactors to reference_OwnEstimatesLGDConversionFactors"/>
      <link:loc xlink:type="locator"
                xlink:href="d-oe-2006-07-01.xsd#d-oe_NotOwnEstimatesLGDConversionFactors"
                xlink:label="NotOwnEstimatesLGDConversionFactors"
                xlink:title="NotOwnEstimatesLGDConversionFactors"/>
      <link:reference xlink:type="resource"
                      xlink:label="reference_NotOwnEstimatesLGDConversionFactors"
                      xlink:role="http://www.xbrl.org/2003/role/reference"
                      xlink:title="reference_NotOwnEstimatesLGDConversionFactors"
                      id="reference_NotOwnEstimatesLGDConversionFactors">
         <ref-corep:Comment>Article 86 of Directive 2000/12. Yes shall be reported when the Institution has been approved to use own estimates for the corresponding exposure class. If an Institution or group uses a mix of approaches for the estimate of LGD's for certain exposure classes, different reportings should be provided for each approach. Therefore no mixed reporting of own estimates of LGD's and supervisory LGD's should be provided.</ref-corep:Comment>
      </link:reference>
      <link:referenceArc xlink:type="arc"
                         xlink:arcrole="http://www.xbrl.org/2003/arcrole/concept-reference"
                         xlink:from="NotOwnEstimatesLGDConversionFactors"
                         xlink:to="reference_NotOwnEstimatesLGDConversionFactors"
                         xlink:title="reference: NotOwnEstimatesLGDConversionFactors to reference_NotOwnEstimatesLGDConversionFactors"/>
  </link:referenceLink>
</link:linkbase>