<?xml version="1.0" encoding="UTF-8"?>
<?taxonomy-version 1.3.1?>
<!--Copyright (C) 2011 EBA - European Banking Authority, Tower 42, 25 Old Broad Street, London, EC2N 1HQ, United Kingdom.-->            
<link:linkbase xmlns:link="http://www.xbrl.org/2003/linkbase"
               xmlns:xbrli="http://www.xbrl.org/2003/instance"
               xmlns:xlink="http://www.w3.org/1999/xlink"
               xmlns:xsi="http://www.w3.org/2001/XMLSchema-instance"
               xmlns:d-rw="http://www.c-ebs.org/eu/fr/esrs/corep/2006-07-01/d-rw-2006-07-01"
               xsi:schemaLocation="http://www.xbrl.org/2003/linkbase http://www.xbrl.org/2003/xbrl-linkbase-2003-12-31.xsd">
  <link:presentationLink xlink:type="extended" xlink:role="http://www.xbrl.org/2003/role/link">
      <link:loc xlink:type="locator" xlink:href="d-rw-2006-07-01.xsd#d-rw_RiskWeightDomain"
                xlink:label="d-rw_RiskWeight"
                xlink:title="presentation: RiskWeight to RiskWeight0Percent"/>
      <link:loc xlink:type="locator" xlink:href="d-rw-2006-07-01.xsd#d-rw_RiskWeight0Percent"
                xlink:label="d-rw_RiskWeight0Percent"
                xlink:title="presentation: RiskWeight to RiskWeight0Percent"/>
      <link:presentationArc xlink:type="arc" xlink:arcrole="http://www.xbrl.org/2003/arcrole/parent-child"
                            xlink:from="d-rw_RiskWeight"
                            xlink:to="d-rw_RiskWeight0Percent"
                            xlink:title="presentation: RiskWeight to RiskWeight0Percent"
                            use="optional"
                            order="1.0"/>
      <link:loc xlink:type="locator" xlink:href="d-rw-2006-07-01.xsd#d-rw_RiskWeight10Percent"
                xlink:label="d-rw_RiskWeight10Percent"
                xlink:title="presentation: RiskWeight to RiskWeight10Percent"/>
      <link:presentationArc xlink:type="arc" xlink:arcrole="http://www.xbrl.org/2003/arcrole/parent-child"
                            xlink:from="d-rw_RiskWeight"
                            xlink:to="d-rw_RiskWeight10Percent"
                            xlink:title="presentation: RiskWeight to RiskWeight10Percent"
                            use="optional"
                            order="2.0"/>
      <link:loc xlink:type="locator" xlink:href="d-rw-2006-07-01.xsd#d-rw_RiskWeight20Percent"
                xlink:label="d-rw_RiskWeight20Percent"
                xlink:title="presentation: RiskWeight to RiskWeight20Percent"/>
      <link:presentationArc xlink:type="arc" xlink:arcrole="http://www.xbrl.org/2003/arcrole/parent-child"
                            xlink:from="d-rw_RiskWeight"
                            xlink:to="d-rw_RiskWeight20Percent"
                            xlink:title="presentation: RiskWeight to RiskWeight20Percent"
                            use="optional"
                            order="3.0"/>
      <link:loc xlink:type="locator" xlink:href="d-rw-2006-07-01.xsd#d-rw_RiskWeight35Percent"
                xlink:label="d-rw_RiskWeight35Percent"
                xlink:title="presentation: RiskWeight to RiskWeight35Percent"/>
      <link:presentationArc xlink:type="arc" xlink:arcrole="http://www.xbrl.org/2003/arcrole/parent-child"
                            xlink:from="d-rw_RiskWeight"
                            xlink:to="d-rw_RiskWeight35Percent"
                            xlink:title="presentation: RiskWeight to RiskWeight35Percent"
                            use="optional"
                            order="4.0"/>
      <link:loc xlink:type="locator" xlink:href="d-rw-2006-07-01.xsd#d-rw_RiskWeight50Percent"
                xlink:label="d-rw_RiskWeight50Percent"
                xlink:title="presentation: RiskWeight to RiskWeight50Percent"/>
      <link:presentationArc xlink:type="arc" xlink:arcrole="http://www.xbrl.org/2003/arcrole/parent-child"
                            xlink:from="d-rw_RiskWeight"
                            xlink:to="d-rw_RiskWeight50Percent"
                            xlink:title="presentation: RiskWeight to RiskWeight50Percent"
                            use="optional"
                            order="5.0"/>
      <link:loc xlink:type="locator"
                xlink:href="d-rw-2006-07-01.xsd#d-rw_RiskWeight50PercentOfWhichPastDue"
                xlink:label="d-rw_RiskWeight50PercentPastDue"
                xlink:title="presentation: RiskWeight50Percent to RiskWeight50PercentPastDue"/>
      <link:presentationArc xlink:type="arc" xlink:arcrole="http://www.xbrl.org/2003/arcrole/parent-child"
                            xlink:from="d-rw_RiskWeight50Percent"
                            xlink:to="d-rw_RiskWeight50PercentPastDue"
                            xlink:title="presentation: RiskWeight50Percent to RiskWeight50PercentPastDue"
                            use="optional"
                            order="1.0"/>
      <link:loc xlink:type="locator"
                xlink:href="d-rw-2006-07-01.xsd#d-rw_RiskWeight50PercentOfWhichWithoutCreditAssessment"
                xlink:label="d-rw_RiskWeight50PercentWithoutCreditAssessment"
                xlink:title="presentation: RiskWeight50Percent to RiskWeight50PercentWithoutCreditAssessment"/>
      <link:presentationArc xlink:type="arc" xlink:arcrole="http://www.xbrl.org/2003/arcrole/parent-child"
                            xlink:from="d-rw_RiskWeight50Percent"
                            xlink:to="d-rw_RiskWeight50PercentWithoutCreditAssessment"
                            xlink:title="presentation: RiskWeight50Percent to RiskWeight50PercentWithoutCreditAssessment"
                            use="optional"
                            order="2.0"/>
      <link:loc xlink:type="locator"
                xlink:href="d-rw-2006-07-01.xsd#d-rw_RiskWeight50PercentOfWhichSecuredByCommercialRealEstate"
                xlink:label="d-rw_RiskWeight50PercentSecuredByCommercialRealEstate"
                xlink:title="presentation: RiskWeight50Percent to RiskWeight50PercentSecuredByCommercialRealEstate"/>
      <link:presentationArc xlink:type="arc" xlink:arcrole="http://www.xbrl.org/2003/arcrole/parent-child"
                            xlink:from="d-rw_RiskWeight50Percent"
                            xlink:to="d-rw_RiskWeight50PercentSecuredByCommercialRealEstate"
                            xlink:title="presentation: RiskWeight50Percent to RiskWeight50PercentSecuredByCommercialRealEstate"
                            use="optional"
                            order="3.0"/>
      <link:loc xlink:type="locator" xlink:href="d-rw-2006-07-01.xsd#d-rw_RiskWeight70Percent"
                xlink:label="d-rw_RiskWeight70Percent"
                xlink:title="presentation: RiskWeight to RiskWeight70Percent"/>
      <link:presentationArc xlink:type="arc" xlink:arcrole="http://www.xbrl.org/2003/arcrole/parent-child"
                            xlink:from="d-rw_RiskWeight"
                            xlink:to="d-rw_RiskWeight70Percent"
                            xlink:title="presentation: RiskWeight to RiskWeight70Percent"
                            use="optional"
                            order="6.0"/>
      <link:loc xlink:type="locator"
                xlink:href="d-rw-2006-07-01.xsd#d-rw_RiskWeight70PercentOfWhichCategory1"
                xlink:label="d-rw_RiskWeight70PercentOfWhichCategory1"
                xlink:title="presentation: RiskWeight70Percent to RiskWeight70PercentOfWhichCategory1"/>
      <link:presentationArc xlink:type="arc" xlink:arcrole="http://www.xbrl.org/2003/arcrole/parent-child"
                            xlink:from="d-rw_RiskWeight70Percent"
                            xlink:to="d-rw_RiskWeight70PercentOfWhichCategory1"
                            xlink:title="presentation: RiskWeight70Percent to RiskWeight70PercentOfWhichCategory1"
                            use="optional"
                            order="1.0"/>
      <link:loc xlink:type="locator" xlink:href="d-rw-2006-07-01.xsd#d-rw_RiskWeight75Percent"
                xlink:label="d-rw_RiskWeight75Percent"
                xlink:title="presentation: RiskWeight to RiskWeight75Percent"/>
      <link:presentationArc xlink:type="arc" xlink:arcrole="http://www.xbrl.org/2003/arcrole/parent-child"
                            xlink:from="d-rw_RiskWeight"
                            xlink:to="d-rw_RiskWeight75Percent"
                            xlink:title="presentation: RiskWeight to RiskWeight75Percent"
                            use="optional"
                            order="7.0"/>
      <link:loc xlink:type="locator" xlink:href="d-rw-2006-07-01.xsd#d-rw_RiskWeight90Percent"
                xlink:label="d-rw_RiskWeight90Percent"
                xlink:title="presentation: RiskWeight to RiskWeight90Percent"/>
      <link:presentationArc xlink:type="arc" xlink:arcrole="http://www.xbrl.org/2003/arcrole/parent-child"
                            xlink:from="d-rw_RiskWeight"
                            xlink:to="d-rw_RiskWeight90Percent"
                            xlink:title="presentation: RiskWeight to RiskWeight90Percent"
                            use="optional"
                            order="8.0"/>
      <link:loc xlink:type="locator" xlink:href="d-rw-2006-07-01.xsd#d-rw_RiskWeight100Percent"
                xlink:label="d-rw_RiskWeight100Percent"
                xlink:title="presentation: RiskWeight to RiskWeight100Percent"/>
      <link:presentationArc xlink:type="arc" xlink:arcrole="http://www.xbrl.org/2003/arcrole/parent-child"
                            xlink:from="d-rw_RiskWeight"
                            xlink:to="d-rw_RiskWeight100Percent"
                            xlink:title="presentation: RiskWeight to RiskWeight100Percent"
                            use="optional"
                            order="9.0"/>
      <link:loc xlink:type="locator"
                xlink:href="d-rw-2006-07-01.xsd#d-rw_RiskWeight100PercentOfWhichPastDue"
                xlink:label="d-rw_RiskWeight100PercentPastDue"
                xlink:title="presentation: RiskWeight100Percent to RiskWeight100PercentPastDue"/>
      <link:presentationArc xlink:type="arc" xlink:arcrole="http://www.xbrl.org/2003/arcrole/parent-child"
                            xlink:from="d-rw_RiskWeight100Percent"
                            xlink:to="d-rw_RiskWeight100PercentPastDue"
                            xlink:title="presentation: RiskWeight100Percent to RiskWeight100PercentPastDue"
                            use="optional"
                            order="1.0"/>
      <link:loc xlink:type="locator"
                xlink:href="d-rw-2006-07-01.xsd#d-rw_RiskWeight100PercentOfWhichWithoutCreditAssessment"
                xlink:label="d-rw_RiskWeight100PercentWithoutCreditAssessment"
                xlink:title="presentation: RiskWeight100Percent to RiskWeight100PercentWithoutCreditAssessment"/>
      <link:presentationArc xlink:type="arc" xlink:arcrole="http://www.xbrl.org/2003/arcrole/parent-child"
                            xlink:from="d-rw_RiskWeight100Percent"
                            xlink:to="d-rw_RiskWeight100PercentWithoutCreditAssessment"
                            xlink:title="presentation: RiskWeight100Percent to RiskWeight100PercentWithoutCreditAssessment"
                            use="optional"
                            order="2.0"/>
      <link:loc xlink:type="locator"
                xlink:href="d-rw-2006-07-01.xsd#d-rw_RiskWeight100PercentOfWhichSecuredByCommercialRealEstate"
                xlink:label="d-rw_RiskWeight100PercentSecuredByCommercialRealEstate"
                xlink:title="presentation: RiskWeight100Percent to RiskWeight100PercentSecuredByCommercialRealEstate"/>
      <link:presentationArc xlink:type="arc" xlink:arcrole="http://www.xbrl.org/2003/arcrole/parent-child"
                            xlink:from="d-rw_RiskWeight100Percent"
                            xlink:to="d-rw_RiskWeight100PercentSecuredByCommercialRealEstate"
                            xlink:title="presentation: RiskWeight100Percent to RiskWeight100PercentSecuredByCommercialRealEstate"
                            use="optional"
                            order="3.0"/>
      <link:loc xlink:type="locator" xlink:href="d-rw-2006-07-01.xsd#d-rw_RiskWeight115Percent"
                xlink:label="d-rw_RiskWeight115Percent"
                xlink:title="presentation: RiskWeight to RiskWeight115Percent"/>
      <link:presentationArc xlink:type="arc" xlink:arcrole="http://www.xbrl.org/2003/arcrole/parent-child"
                            xlink:from="d-rw_RiskWeight"
                            xlink:to="d-rw_RiskWeight115Percent"
                            xlink:title="presentation: RiskWeight to RiskWeight115Percent"
                            use="optional"
                            order="10.0"/>
      <link:loc xlink:type="locator" xlink:href="d-rw-2006-07-01.xsd#d-rw_RiskWeight150Percent"
                xlink:label="d-rw_RiskWeight150Percent"
                xlink:title="presentation: RiskWeight to RiskWeight150Percent"/>
      <link:presentationArc xlink:type="arc" xlink:arcrole="http://www.xbrl.org/2003/arcrole/parent-child"
                            xlink:from="d-rw_RiskWeight"
                            xlink:to="d-rw_RiskWeight150Percent"
                            xlink:title="presentation: RiskWeight to RiskWeight150Percent"
                            use="optional"
                            order="11.0"/>
      <link:loc xlink:type="locator"
                xlink:href="d-rw-2006-07-01.xsd#d-rw_RiskWeight150PercentOfWhichPastDue"
                xlink:label="d-rw_RiskWeight150PercentPastDue"
                xlink:title="presentation: RiskWeight150Percent to RiskWeight150PercentPastDue"/>
      <link:presentationArc xlink:type="arc" xlink:arcrole="http://www.xbrl.org/2003/arcrole/parent-child"
                            xlink:from="d-rw_RiskWeight150Percent"
                            xlink:to="d-rw_RiskWeight150PercentPastDue"
                            xlink:title="presentation: RiskWeight150Percent to RiskWeight150PercentPastDue"
                            use="optional"
                            order="1.0"/>
      <link:loc xlink:type="locator" xlink:href="d-rw-2006-07-01.xsd#d-rw_RiskWeight190Percent"
                xlink:label="d-rw_RiskWeight190Percent"
                xlink:title="presentation: RiskWeight to RiskWeight190Percent"/>
      <link:presentationArc xlink:type="arc" xlink:arcrole="http://www.xbrl.org/2003/arcrole/parent-child"
                            xlink:from="d-rw_RiskWeight"
                            xlink:to="d-rw_RiskWeight190Percent"
                            xlink:title="presentation: RiskWeight to RiskWeight190Percent"
                            use="optional"
                            order="12.0"/>
      <link:loc xlink:type="locator" xlink:href="d-rw-2006-07-01.xsd#d-rw_RiskWeight250Percent"
                xlink:label="d-rw_RiskWeight250Percent"
                xlink:title="presentation: RiskWeight to RiskWeight250Percent"/>
      <link:presentationArc xlink:type="arc" xlink:arcrole="http://www.xbrl.org/2003/arcrole/parent-child"
                            xlink:from="d-rw_RiskWeight"
                            xlink:to="d-rw_RiskWeight250Percent"
                            xlink:title="presentation: RiskWeight to RiskWeight250Percent"
                            use="optional"
                            order="14.0"/>
      <link:loc xlink:type="locator" xlink:href="d-rw-2006-07-01.xsd#d-rw_RiskWeight290Percent"
                xlink:label="d-rw_RiskWeight290Percent"
                xlink:title="presentation: RiskWeight to RiskWeight290Percent"/>
      <link:presentationArc xlink:type="arc" xlink:arcrole="http://www.xbrl.org/2003/arcrole/parent-child"
                            xlink:from="d-rw_RiskWeight"
                            xlink:to="d-rw_RiskWeight290Percent"
                            xlink:title="presentation: RiskWeight to RiskWeight290Percent"
                            use="optional"
                            order="15.0"/>
      <link:loc xlink:type="locator" xlink:href="d-rw-2006-07-01.xsd#d-rw_RiskWeight370Percent"
                xlink:label="d-rw_RiskWeight370Percent"
                xlink:title="presentation: RiskWeight to RiskWeight370Percent"/>
      <link:presentationArc xlink:type="arc" xlink:arcrole="http://www.xbrl.org/2003/arcrole/parent-child"
                            xlink:from="d-rw_RiskWeight"
                            xlink:to="d-rw_RiskWeight370Percent"
                            xlink:title="presentation: RiskWeight to RiskWeight370Percent"
                            use="optional"
                            order="16.0"/>
      <link:loc xlink:type="locator" xlink:href="d-rw-2006-07-01.xsd#d-rw_OtherRiskWeights"
                xlink:label="d-rw_OtherRiskWeights"
                xlink:title="presentation: RiskWeight to OtherRiskWeights"/>
      <link:presentationArc xlink:type="arc" xlink:arcrole="http://www.xbrl.org/2003/arcrole/parent-child"
                            xlink:from="d-rw_RiskWeight"
                            xlink:to="d-rw_OtherRiskWeights"
                            xlink:title="presentation: RiskWeight to OtherRiskWeights"
                            use="optional"
                            order="17.0"/>
      <link:loc xlink:type="locator" xlink:href="d-rw-2006-07-01.xsd#d-rw_RiskWeight200Percent"
                xlink:label="RiskWeight200Percent"
                xlink:title="RiskWeight200Percent"/>
      <link:presentationArc xlink:type="arc" xlink:arcrole="http://www.xbrl.org/2003/arcrole/parent-child"
                            xlink:from="d-rw_RiskWeight"
                            xlink:to="RiskWeight200Percent"
                            xlink:title="presentation: RiskWeightDomain to RiskWeight200Percent"
                            order="13.0"/>
  </link:presentationLink>
</link:linkbase>