<?xml version="1.0" encoding="UTF-8"?>
<?taxonomy-version 1.3.1?>
<!--Copyright (C) 2011 EBA - European Banking Authority, Tower 42, 25 Old Broad Street, London, EC2N 1HQ, United Kingdom.-->            
<link:linkbase xmlns:link="http://www.xbrl.org/2003/linkbase"
               xmlns:xbrli="http://www.xbrl.org/2003/instance"
               xmlns:xlink="http://www.w3.org/1999/xlink"
               xmlns:xsi="http://www.w3.org/2001/XMLSchema-instance"
               xmlns:d-st="http://www.c-ebs.org/eu/fr/esrs/corep/2006-07-01/d-st-2006-07-01"
               xsi:schemaLocation="http://www.xbrl.org/2003/linkbase http://www.xbrl.org/2003/xbrl-linkbase-2003-12-31.xsd">
  <link:presentationLink xlink:type="extended" xlink:role="http://www.xbrl.org/2003/role/link">
      <link:loc xlink:type="locator"
                xlink:href="d-st-2006-07-01.xsd#d-st_SecuritisationTypeDomain"
                xlink:label="d-st_SecuritisationTypeDomain"
                xlink:title="presentation: SecuritisationTypeDomain to TotalSecuritisation"/>
      <link:loc xlink:type="locator" xlink:href="d-st-2006-07-01.xsd#d-st_TotalSecuritisation"
                xlink:label="d-st_TotalSecuritisation"
                xlink:title="presentation: SecuritisationTypeDomain to TotalSecuritisation"/>
      <link:presentationArc xlink:type="arc" xlink:arcrole="http://www.xbrl.org/2003/arcrole/parent-child"
                            xlink:from="d-st_SecuritisationTypeDomain"
                            xlink:to="d-st_TotalSecuritisation"
                            xlink:title="presentation: SecuritisationTypeDomain to TotalSecuritisation"
                            use="optional"
                            order="1.0"/>
      <link:loc xlink:type="locator"
                xlink:href="d-st-2006-07-01.xsd#d-st_TraditionalSecuritisation"
                xlink:label="d-st_TraditionalSecuritisation"
                xlink:title="presentation: TotalSecuritisation to TraditionalSecuritisation"/>
      <link:presentationArc xlink:type="arc" xlink:arcrole="http://www.xbrl.org/2003/arcrole/parent-child"
                            xlink:from="d-st_TotalSecuritisation"
                            xlink:to="d-st_TraditionalSecuritisation"
                            xlink:title="presentation: TotalSecuritisation to TraditionalSecuritisation"
                            use="optional"
                            order="1.0"/>
      <link:loc xlink:type="locator"
                xlink:href="d-st-2006-07-01.xsd#d-st_SyntheticSecuritisation"
                xlink:label="d-st_SyntheticSecuritisation"
                xlink:title="presentation: TotalSecuritisation to SyntheticSecuritisation"/>
      <link:presentationArc xlink:type="arc" xlink:arcrole="http://www.xbrl.org/2003/arcrole/parent-child"
                            xlink:from="d-st_TotalSecuritisation"
                            xlink:to="d-st_SyntheticSecuritisation"
                            xlink:title="presentation: TotalSecuritisation to SyntheticSecuritisation"
                            use="optional"
                            order="2.0"/>
  </link:presentationLink>
</link:linkbase>