<?xml version="1.0" encoding="UTF-8"?>
<?taxonomy-version 1.3.1?>
<!--Copyright (C) 2011 EBA - European Banking Authority, Tower 42, 25 Old Broad Street, London, EC2N 1HQ, United Kingdom.-->            
<link:linkbase xmlns:link="http://www.xbrl.org/2003/linkbase"
               xmlns:xbrli="http://www.xbrl.org/2003/instance"
               xmlns:xlink="http://www.w3.org/1999/xlink"
               xmlns:xsi="http://www.w3.org/2001/XMLSchema-instance"
               xmlns:d-ty="http://www.c-ebs.org/eu/fr/esrs/corep/2006-07-01/d-ty-2006-07-01"
               xsi:schemaLocation="http://www.xbrl.org/2003/linkbase http://www.xbrl.org/2003/xbrl-linkbase-2003-12-31.xsd">
  <link:labelLink xlink:type="extended" xlink:role="http://www.xbrl.org/2003/role/link">
      <link:loc xlink:type="locator"
                xlink:href="d-ty-2006-07-01.xsd#d-ty_NationalMarketDimension"
                xlink:label="NationalMarketDimension"
                xlink:title="NationalMarketDimension"/>
      <link:label xlink:type="resource" xlink:label="label_NationalMarketDimension"
                  xlink:role="http://www.xbrl.org/2003/role/label"
                  xlink:title="label_NationalMarketDimension"
                  xml:lang="en"
                  id="label_NationalMarketDimension">National Market (Dimension)</link:label>
      <link:labelArc xlink:type="arc" xlink:arcrole="http://www.xbrl.org/2003/arcrole/concept-label"
                     xlink:from="NationalMarketDimension"
                     xlink:to="label_NationalMarketDimension"
                     xlink:title="label: NationalMarketDimension to label_NationalMarketDimension"/>
      <link:loc xlink:type="locator" xlink:href="d-ty-2006-07-01.xsd#d-ty_CommodityDimension"
                xlink:label="CommodityDimension"
                xlink:title="CommodityDimension"/>
      <link:label xlink:type="resource" xlink:label="label_CommodityDimension"
                  xlink:role="http://www.xbrl.org/2003/role/label"
                  xlink:title="label_CommodityDimension"
                  xml:lang="en"
                  id="label_CommodityDimension">Commodity (Dimension)</link:label>
      <link:labelArc xlink:type="arc" xlink:arcrole="http://www.xbrl.org/2003/arcrole/concept-label"
                     xlink:from="CommodityDimension"
                     xlink:to="label_CommodityDimension"
                     xlink:title="label: CommodityDimension to label_CommodityDimension"/>
      <link:loc xlink:type="locator" xlink:href="d-ty-2006-07-01.xsd#d-ty_DayDimension"
                xlink:label="DayDimension"
                xlink:title="DayDimension"/>
      <link:label xlink:type="resource" xlink:label="label_DayDimension"
                  xlink:role="http://www.xbrl.org/2003/role/label"
                  xlink:title="label_DayDimension"
                  xml:lang="en"
                  id="label_DayDimension">Day (Dimension)</link:label>
      <link:labelArc xlink:type="arc" xlink:arcrole="http://www.xbrl.org/2003/arcrole/concept-label"
                     xlink:from="DayDimension"
                     xlink:to="label_DayDimension"
                     xlink:title="label: DayDimension to label_DayDimension"/>
      <link:loc xlink:type="locator"
                xlink:href="d-ty-2006-07-01.xsd#d-ty_BasicInformationDimension"
                xlink:label="BasicInformationDimension"
                xlink:title="BasicInformationDimension"/>
      <link:label xlink:type="resource" xlink:label="label_BasicInformationDimension"
                  xlink:role="http://www.xbrl.org/2003/role/label"
                  xlink:title="label_BasicInformationDimension"
                  xml:lang="en"
                  id="label_BasicInformationDimension">Basic Information (Dimension)</link:label>
      <link:labelArc xlink:type="arc" xlink:arcrole="http://www.xbrl.org/2003/arcrole/concept-label"
                     xlink:from="BasicInformationDimension"
                     xlink:to="label_BasicInformationDimension"
                     xlink:title="label: BasicInformationDimension to label_BasicInformationDimension"/>
      <link:loc xlink:type="locator"
                xlink:href="d-ty-2006-07-01.xsd#d-ty_ObligorGradeOrPoolDimension"
                xlink:label="ObligorGradeorPoolDimension"
                xlink:title="ObligorGradeorPoolDimension"/>
      <link:label xlink:type="resource" xlink:label="label_ObligorGradeorPoolDimension"
                  xlink:role="http://www.xbrl.org/2003/role/label"
                  xlink:title="label_ObligorGradeorPoolDimension"
                  xml:lang="en"
                  id="label_ObligorGradeorPoolDimension">Obligor Grade or Pool (Dimension)</link:label>
      <link:labelArc xlink:type="arc" xlink:arcrole="http://www.xbrl.org/2003/arcrole/concept-label"
                     xlink:from="ObligorGradeorPoolDimension"
                     xlink:to="label_ObligorGradeorPoolDimension"
                     xlink:title="label: ObligorGradeorPoolDimension to label_ObligorGradeorPoolDimension"/>
      <link:loc xlink:type="locator"
                xlink:href="d-ty-2006-07-01.xsd#d-ty_InternalReferenceNumberDimension"
                xlink:label="InternalReferenceNumberDimension"
                xlink:title="InternalReferenceNumberDimension"/>
      <link:label xlink:type="resource" xlink:label="label_InternalReferenceNumberDimension"
                  xlink:role="http://www.xbrl.org/2003/role/label"
                  xlink:title="label_InternalReferenceNumberDimension"
                  xml:lang="en"
                  id="label_InternalReferenceNumberDimension">Internal Reference Number (Dimension)</link:label>
      <link:labelArc xlink:type="arc" xlink:arcrole="http://www.xbrl.org/2003/arcrole/concept-label"
                     xlink:from="InternalReferenceNumberDimension"
                     xlink:to="label_InternalReferenceNumberDimension"
                     xlink:title="label: InternalReferenceNumberDimension to label_InternalReferenceNumberDimension"/>
      <link:loc xlink:type="locator"
                xlink:href="d-ty-2006-07-01.xsd#d-ty_ObligorGradeDimension"
                xlink:label="ObligorGradeDimension"
                xlink:title="ObligorGradeDimension"/>
      <link:label xlink:type="resource" xlink:label="label_ObligorGradeDimension"
                  xlink:role="http://www.xbrl.org/2003/role/label"
                  xlink:title="label_ObligorGradeDimension"
                  xml:lang="en"
                  id="label_ObligorGradeDimension">Obligor Grade (Dimension)</link:label>
      <link:labelArc xlink:type="arc" xlink:arcrole="http://www.xbrl.org/2003/arcrole/concept-label"
                     xlink:from="ObligorGradeDimension"
                     xlink:to="label_ObligorGradeDimension"
                     xlink:title="label: ObligorGradeDimension to label_ObligorGradeDimension"/>
      <link:loc xlink:type="locator"
                xlink:href="d-ty-2006-07-01.xsd#d-ty_SecuritizationInternalCodeDimension"
                xlink:label="SecuritizationInternalCodeDimension"
                xlink:title="SecuritizationInternalCodeDimension"/>
      <link:label xlink:type="resource" xlink:label="label_SecuritizationInternalCodeDimension"
                  xlink:role="http://www.xbrl.org/2003/role/label"
                  xlink:title="label_SecuritizationInternalCodeDimension"
                  xml:lang="en"
                  id="label_SecuritizationInternalCodeDimension">Securitization Internal Code (Dimension)</link:label>
      <link:labelArc xlink:type="arc" xlink:arcrole="http://www.xbrl.org/2003/arcrole/concept-label"
                     xlink:from="SecuritizationInternalCodeDimension"
                     xlink:to="label_SecuritizationInternalCodeDimension"
                     xlink:title="label: SecuritizationInternalCodeDimension to label_SecuritizationInternalCodeDimension"/>
      <link:loc xlink:type="locator"
                xlink:href="d-ty-2006-07-01.xsd#d-ty_ConsolidatedSubgroupsRegulatedEntitiesDimension"
                xlink:label="ConsolidatedSubgroupsRegulatedEntitiesDimension"
                xlink:title="ConsolidatedSubgroupsRegulatedEntitiesDimension"/>
      <link:label xlink:type="resource"
                  xlink:label="label_ConsolidatedSubgroupsRegulatedEntitiesDimension"
                  xlink:role="http://www.xbrl.org/2003/role/label"
                  xlink:title="label_ConsolidatedSubgroupsRegulatedEntitiesDimension"
                  xml:lang="en"
                  id="label_ConsolidatedSubgroupsRegulatedEntitiesDimension">CONSOLIDATED SUBGROUPS AND REGULATED ENTITIES (Dimension)</link:label>
      <link:labelArc xlink:type="arc" xlink:arcrole="http://www.xbrl.org/2003/arcrole/concept-label"
                     xlink:from="ConsolidatedSubgroupsRegulatedEntitiesDimension"
                     xlink:to="label_ConsolidatedSubgroupsRegulatedEntitiesDimension"
                     xlink:title="label: ConsolidatedSubgroupsRegulatedEntitiesDimension to label_ConsolidatedSubgroupsRegulatedEntitiesDimension"/>
  </link:labelLink>
</link:linkbase>