<?xml version="1.0" encoding="UTF-8"?>
<?taxonomy-version 1.3.1?>
<!--Copyright (C) 2011 EBA - European Banking Authority, Tower 42, 25 Old Broad Street, London, EC2N 1HQ, United Kingdom.-->            
<link:linkbase xmlns:link="http://www.xbrl.org/2003/linkbase"
               xmlns:xbrli="http://www.xbrl.org/2003/instance"
               xmlns:xlink="http://www.w3.org/1999/xlink"
               xmlns:xsi="http://www.w3.org/2001/XMLSchema-instance"
               xmlns:d-ut="http://www.c-ebs.org/eu/fr/esrs/corep/2006-07-01/d-ut-2006-07-01"
               xsi:schemaLocation="http://www.xbrl.org/2003/linkbase http://www.xbrl.org/2003/xbrl-linkbase-2003-12-31.xsd">
  <link:labelLink xlink:type="extended" xlink:role="http://www.xbrl.org/2003/role/link">
      <link:loc xlink:type="locator"
                xlink:href="d-ut-2006-07-01.xsd#d-ut_UnsettledTransactionsDomain"
                xlink:label="UnsettledTransactionsDomain"
                xlink:title="UnsettledTransactionsDomain"/>
      <link:label xlink:type="resource" xlink:label="label_UnsettledTransactionsDomain"
                  xlink:role="http://www.xbrl.org/2003/role/label"
                  xlink:title="label_UnsettledTransactionsDomain"
                  xml:lang="en"
                  id="label_UnsettledTransactionsDomain">Unsettled Transactions (Domain)</link:label>
      <link:labelArc xlink:type="arc" xlink:arcrole="http://www.xbrl.org/2003/arcrole/concept-label"
                     xlink:from="UnsettledTransactionsDomain"
                     xlink:to="label_UnsettledTransactionsDomain"
                     xlink:title="label: UnsettledTransactionsDomain to label_UnsettledTransactionsDomain"/>
      <link:loc xlink:type="locator"
                xlink:href="d-ut-2006-07-01.xsd#d-ut_TotalUnsettledTransactionsInTheTradingBook"
                xlink:label="TotalUnsettledTransactionsInTheTradingBook"
                xlink:title="TotalUnsettledTransactionsInTheTradingBook"/>
      <link:label xlink:type="resource"
                  xlink:label="label_TotalUnsettledTransactionsInTheTradingBook"
                  xlink:role="http://www.xbrl.org/2003/role/label"
                  xlink:title="label_TotalUnsettledTransactionsInTheTradingBook"
                  xml:lang="en"
                  id="label_TotalUnsettledTransactionsInTheTradingBook">Total unsettled transactions in the Trading Book</link:label>
      <link:labelArc xlink:type="arc" xlink:arcrole="http://www.xbrl.org/2003/arcrole/concept-label"
                     xlink:from="TotalUnsettledTransactionsInTheTradingBook"
                     xlink:to="label_TotalUnsettledTransactionsInTheTradingBook"
                     xlink:title="label: TotalUnsettledTransactionsInTheTradingBook to label_TotalUnsettledTransactionsInTheTradingBook"/>
      <link:loc xlink:type="locator"
                xlink:href="d-ut-2006-07-01.xsd#d-ut_TransactionsUnsettledUpTo4Days"
                xlink:label="TransactionsUnsettledUpTo4Days"
                xlink:title="TransactionsUnsettledUpTo4Days"/>
      <link:label xlink:type="resource" xlink:label="label_TransactionsUnsettledUpTo4Days"
                  xlink:role="http://www.xbrl.org/2003/role/label"
                  xlink:title="label_TransactionsUnsettledUpTo4Days"
                  xml:lang="en"
                  id="label_TransactionsUnsettledUpTo4Days">Transactions unsettled up to 4 days</link:label>
      <link:labelArc xlink:type="arc" xlink:arcrole="http://www.xbrl.org/2003/arcrole/concept-label"
                     xlink:from="TransactionsUnsettledUpTo4Days"
                     xlink:to="label_TransactionsUnsettledUpTo4Days"
                     xlink:title="label: TransactionsUnsettledUpTo4Days to label_TransactionsUnsettledUpTo4Days"/>
      <link:loc xlink:type="locator"
                xlink:href="d-ut-2006-07-01.xsd#d-ut_TransactionsUnsettledBetween5And15Days"
                xlink:label="TransactionsUnsettledBetween5And15Days"
                xlink:title="TransactionsUnsettledBetween5And15Days"/>
      <link:label xlink:type="resource"
                  xlink:label="label_TransactionsUnsettledBetween5And15Days"
                  xlink:role="http://www.xbrl.org/2003/role/label"
                  xlink:title="label_TransactionsUnsettledBetween5And15Days"
                  xml:lang="en"
                  id="label_TransactionsUnsettledBetween5And15Days">Transactions unsettled between 5 and 15 days</link:label>
      <link:labelArc xlink:type="arc" xlink:arcrole="http://www.xbrl.org/2003/arcrole/concept-label"
                     xlink:from="TransactionsUnsettledBetween5And15Days"
                     xlink:to="label_TransactionsUnsettledBetween5And15Days"
                     xlink:title="label: TransactionsUnsettledBetween5And15Days to label_TransactionsUnsettledBetween5And15Days"/>
      <link:loc xlink:type="locator"
                xlink:href="d-ut-2006-07-01.xsd#d-ut_TransactionsUnsettledBetween16And30Days"
                xlink:label="TransactionsUnsettledBetween16And30Days"
                xlink:title="TransactionsUnsettledBetween16And30Days"/>
      <link:label xlink:type="resource"
                  xlink:label="label_TransactionsUnsettledBetween16And30Days"
                  xlink:role="http://www.xbrl.org/2003/role/label"
                  xlink:title="label_TransactionsUnsettledBetween16And30Days"
                  xml:lang="en"
                  id="label_TransactionsUnsettledBetween16And30Days">Transactions unsettled between 16 and 30 days</link:label>
      <link:labelArc xlink:type="arc" xlink:arcrole="http://www.xbrl.org/2003/arcrole/concept-label"
                     xlink:from="TransactionsUnsettledBetween16And30Days"
                     xlink:to="label_TransactionsUnsettledBetween16And30Days"
                     xlink:title="label: TransactionsUnsettledBetween16And30Days to label_TransactionsUnsettledBetween16And30Days"/>
      <link:loc xlink:type="locator"
                xlink:href="d-ut-2006-07-01.xsd#d-ut_TransactionsUnsettledBetween31And45Days"
                xlink:label="TransactionsUnsettledBetween31And45Days"
                xlink:title="TransactionsUnsettledBetween31And45Days"/>
      <link:label xlink:type="resource"
                  xlink:label="label_TransactionsUnsettledBetween31And45Days"
                  xlink:role="http://www.xbrl.org/2003/role/label"
                  xlink:title="label_TransactionsUnsettledBetween31And45Days"
                  xml:lang="en"
                  id="label_TransactionsUnsettledBetween31And45Days">Transactions unsettled between 31 and 45 days</link:label>
      <link:labelArc xlink:type="arc" xlink:arcrole="http://www.xbrl.org/2003/arcrole/concept-label"
                     xlink:from="TransactionsUnsettledBetween31And45Days"
                     xlink:to="label_TransactionsUnsettledBetween31And45Days"
                     xlink:title="label: TransactionsUnsettledBetween31And45Days to label_TransactionsUnsettledBetween31And45Days"/>
      <link:loc xlink:type="locator"
                xlink:href="d-ut-2006-07-01.xsd#d-ut_TransactionsUnsettledFor46DaysOrMore"
                xlink:label="TransactionsUnsettledFor46DaysOrMore"
                xlink:title="TransactionsUnsettledFor46DaysOrMore"/>
      <link:label xlink:type="resource" xlink:label="label_TransactionsUnsettledFor46DaysOrMore"
                  xlink:role="http://www.xbrl.org/2003/role/label"
                  xlink:title="label_TransactionsUnsettledFor46DaysOrMore"
                  xml:lang="en"
                  id="label_TransactionsUnsettledFor46DaysOrMore">Transactions unsettled for 46 days or more</link:label>
      <link:labelArc xlink:type="arc" xlink:arcrole="http://www.xbrl.org/2003/arcrole/concept-label"
                     xlink:from="TransactionsUnsettledFor46DaysOrMore"
                     xlink:to="label_TransactionsUnsettledFor46DaysOrMore"
                     xlink:title="label: TransactionsUnsettledFor46DaysOrMore to label_TransactionsUnsettledFor46DaysOrMore"/>
      <link:loc xlink:type="locator"
                xlink:href="d-ut-2006-07-01.xsd#d-ut_UnsettledTransactionsDimension"
                xlink:label="UnsettledTransactionsDimension"
                xlink:title="UnsettledTransactionsDimension"/>
      <link:label xlink:type="resource" xlink:label="label_UnsettledTransactionsDimension"
                  xlink:role="http://www.xbrl.org/2003/role/label"
                  xlink:title="label_UnsettledTransactionsDimension"
                  xml:lang="en"
                  id="label_UnsettledTransactionsDimension">Unsettled Transactions (Dimension)</link:label>
      <link:labelArc xlink:type="arc" xlink:arcrole="http://www.xbrl.org/2003/arcrole/concept-label"
                     xlink:from="UnsettledTransactionsDimension"
                     xlink:to="label_UnsettledTransactionsDimension"
                     xlink:title="label: UnsettledTransactionsDimension to label_UnsettledTransactionsDimension"/>
  </link:labelLink>
</link:linkbase>