<?xml version="1.0" encoding="UTF-8"?>
<?taxonomy-version 1.3.1?>
<!--Copyright (C) 2011 EBA - European Banking Authority, Tower 42, 25 Old Broad Street, London, EC2N 1HQ, United Kingdom.-->            
<link:linkbase xmlns:link="http://www.xbrl.org/2003/linkbase"
               xmlns:xbrli="http://www.xbrl.org/2003/instance"
               xmlns:xlink="http://www.w3.org/1999/xlink"
               xmlns:xsi="http://www.w3.org/2001/XMLSchema-instance"
               xmlns:d-ut="http://www.c-ebs.org/eu/fr/esrs/corep/2006-07-01/d-ut-2006-07-01"
               xsi:schemaLocation="http://www.xbrl.org/2003/linkbase http://www.xbrl.org/2003/xbrl-linkbase-2003-12-31.xsd">
  <link:presentationLink xlink:type="extended" xlink:role="http://www.xbrl.org/2003/role/link">
      <link:loc xlink:type="locator"
                xlink:href="d-ut-2006-07-01.xsd#d-ut_UnsettledTransactionsDomain"
                xlink:label="d-ut_UnsettledTransactionsDomain"
                xlink:title="presentation: UnsettledTransactionsDomain to TotalUnsettledTransactionsInTheTradingBook"/>
      <link:loc xlink:type="locator"
                xlink:href="d-ut-2006-07-01.xsd#d-ut_TotalUnsettledTransactionsInTheTradingBook"
                xlink:label="d-ut_TotalUnsettledTransactionsInTheTradingBook"
                xlink:title="presentation: UnsettledTransactionsDomain to TotalUnsettledTransactionsInTheTradingBook"/>
      <link:presentationArc xlink:type="arc" xlink:arcrole="http://www.xbrl.org/2003/arcrole/parent-child"
                            xlink:from="d-ut_UnsettledTransactionsDomain"
                            xlink:to="d-ut_TotalUnsettledTransactionsInTheTradingBook"
                            xlink:title="presentation: UnsettledTransactionsDomain to TotalUnsettledTransactionsInTheTradingBook"
                            use="optional"
                            order="1.0"/>
      <link:loc xlink:type="locator"
                xlink:href="d-ut-2006-07-01.xsd#d-ut_TransactionsUnsettledUpTo4Days"
                xlink:label="d-ut_TransactionsUnsettledUpTo4Days"
                xlink:title="presentation: TotalUnsettledTransactionsInTheTradingBook to TransactionsUnsettledUpTo4Days"/>
      <link:presentationArc xlink:type="arc" xlink:arcrole="http://www.xbrl.org/2003/arcrole/parent-child"
                            xlink:from="d-ut_TotalUnsettledTransactionsInTheTradingBook"
                            xlink:to="d-ut_TransactionsUnsettledUpTo4Days"
                            xlink:title="presentation: TotalUnsettledTransactionsInTheTradingBook to TransactionsUnsettledUpTo4Days"
                            use="optional"
                            order="1.0"/>
      <link:loc xlink:type="locator"
                xlink:href="d-ut-2006-07-01.xsd#d-ut_TransactionsUnsettledBetween5And15Days"
                xlink:label="d-ut_TransactionsUnsettledBetween5And15Days"
                xlink:title="presentation: TotalUnsettledTransactionsInTheTradingBook to TransactionsUnsettledBetween5And15Days"/>
      <link:presentationArc xlink:type="arc" xlink:arcrole="http://www.xbrl.org/2003/arcrole/parent-child"
                            xlink:from="d-ut_TotalUnsettledTransactionsInTheTradingBook"
                            xlink:to="d-ut_TransactionsUnsettledBetween5And15Days"
                            xlink:title="presentation: TotalUnsettledTransactionsInTheTradingBook to TransactionsUnsettledBetween5And15Days"
                            use="optional"
                            order="2.0"/>
      <link:loc xlink:type="locator"
                xlink:href="d-ut-2006-07-01.xsd#d-ut_TransactionsUnsettledBetween16And30Days"
                xlink:label="d-ut_TransactionsUnsettledBetween16And30Days"
                xlink:title="presentation: TotalUnsettledTransactionsInTheTradingBook to TransactionsUnsettledBetween16And30Days"/>
      <link:presentationArc xlink:type="arc" xlink:arcrole="http://www.xbrl.org/2003/arcrole/parent-child"
                            xlink:from="d-ut_TotalUnsettledTransactionsInTheTradingBook"
                            xlink:to="d-ut_TransactionsUnsettledBetween16And30Days"
                            xlink:title="presentation: TotalUnsettledTransactionsInTheTradingBook to TransactionsUnsettledBetween16And30Days"
                            use="optional"
                            order="3.0"/>
      <link:loc xlink:type="locator"
                xlink:href="d-ut-2006-07-01.xsd#d-ut_TransactionsUnsettledBetween31And45Days"
                xlink:label="d-ut_TransactionsUnsettledBetween31And45Days"
                xlink:title="presentation: TotalUnsettledTransactionsInTheTradingBook to TransactionsUnsettledBetween31And45Days"/>
      <link:presentationArc xlink:type="arc" xlink:arcrole="http://www.xbrl.org/2003/arcrole/parent-child"
                            xlink:from="d-ut_TotalUnsettledTransactionsInTheTradingBook"
                            xlink:to="d-ut_TransactionsUnsettledBetween31And45Days"
                            xlink:title="presentation: TotalUnsettledTransactionsInTheTradingBook to TransactionsUnsettledBetween31And45Days"
                            use="optional"
                            order="4.0"/>
      <link:loc xlink:type="locator"
                xlink:href="d-ut-2006-07-01.xsd#d-ut_TransactionsUnsettledFor46DaysOrMore"
                xlink:label="d-ut_TransactionsUnsettledFor46DaysOrMore"
                xlink:title="presentation: TotalUnsettledTransactionsInTheTradingBook to TransactionsUnsettledFor46DaysOrMore"/>
      <link:presentationArc xlink:type="arc" xlink:arcrole="http://www.xbrl.org/2003/arcrole/parent-child"
                            xlink:from="d-ut_TotalUnsettledTransactionsInTheTradingBook"
                            xlink:to="d-ut_TransactionsUnsettledFor46DaysOrMore"
                            xlink:title="presentation: TotalUnsettledTransactionsInTheTradingBook to TransactionsUnsettledFor46DaysOrMore"
                            use="optional"
                            order="5.0"/>
  </link:presentationLink>
</link:linkbase>