<?xml version="1.0" encoding="UTF-8"?>
<?taxonomy-version 1.3.1?>
<!--Copyright (C) 2011 EBA - European Banking Authority, Tower 42, 25 Old Broad Street, London, EC2N 1HQ, United Kingdom.-->            
<link:linkbase xmlns:link="http://www.xbrl.org/2003/linkbase"
               xmlns:xbrli="http://www.xbrl.org/2003/instance"
               xmlns:xlink="http://www.w3.org/1999/xlink"
               xmlns:xsi="http://www.w3.org/2001/XMLSchema-instance"
               xsi:schemaLocation="http://www.xbrl.org/2003/linkbase http://www.xbrl.org/2003/xbrl-linkbase-2003-12-31.xsd">
  <link:roleRef roleURI="http://www.c-ebs.org/2006/corep/eu/ce" xlink:type="simple"
                 xlink:href="p-ce-2006-07-01.xsd#rt_ce"/>
  <link:arcroleRef arcroleURI="http://xbrl.org/int/dim/arcrole/domain-member" xlink:type="simple"
                    xlink:href="http://www.xbrl.org/2005/xbrldt-2005.xsd#domain-member"/>
  <link:definitionLink xlink:type="extended" xlink:role="http://www.c-ebs.org/2006/corep/eu/ce">
      <link:loc xlink:type="locator"
                xlink:href="p-cm-cr-2006-07-01.xsd#p-cm-cr_CreditRiskMitigationTechniquesSubstitutionEffectsExposure"
                xlink:label="CreditRiskMitigationTechniquesSubstitutionEffectsExposure"
                xlink:title="CreditRiskMitigationTechniquesSubstitutionEffectsExposure"/>
      <link:loc xlink:type="locator"
                xlink:href="p-cm-cr-2006-07-01.xsd#p-cm-cr_UnfundedCreditProtection"
                xlink:label="UnfundedCreditProtection"
                xlink:title="UnfundedCreditProtection"/>
      <link:definitionArc xlink:type="arc" xlink:arcrole="http://xbrl.org/int/dim/arcrole/domain-member"
                          xlink:from="CreditRiskMitigationTechniquesSubstitutionEffectsExposure"
                          xlink:to="UnfundedCreditProtection"
                          xlink:title="definition: CreditRiskMitigationTechniquesSubstitutionEffectsExposure to UnfundedCreditProtection"
                          use="optional"
                          order="1.0"/>
      <link:loc xlink:type="locator"
                xlink:href="p-cm-cr-2006-07-01.xsd#p-cm-cr_UnfundedCreditProtectionGuarantees"
                xlink:label="UnfundedCreditProtectionAdjustedValuesGuarantees"
                xlink:title="UnfundedCreditProtectionAdjustedValuesGuarantees"/>
      <link:definitionArc xlink:type="arc" xlink:arcrole="http://xbrl.org/int/dim/arcrole/domain-member"
                          xlink:from="UnfundedCreditProtection"
                          xlink:to="UnfundedCreditProtectionAdjustedValuesGuarantees"
                          xlink:title="definition: UnfundedCreditProtection to UnfundedCreditProtectionAdjustedValuesGuarantees"
                          use="optional"
                          order="1.0"/>
      <link:loc xlink:type="locator"
                xlink:href="p-cm-cr-2006-07-01.xsd#p-cm-cr_UnfundedCreditProtectionCreditDerivatives"
                xlink:label="CreditDerivatives"
                xlink:title="CreditDerivatives"/>
      <link:definitionArc xlink:type="arc" xlink:arcrole="http://xbrl.org/int/dim/arcrole/domain-member"
                          xlink:from="UnfundedCreditProtection"
                          xlink:to="CreditDerivatives"
                          xlink:title="definition: UnfundedCreditProtection to CreditDerivatives"
                          use="optional"
                          order="2.0"/>
      <link:loc xlink:type="locator"
                xlink:href="p-cm-cr-2006-07-01.xsd#p-cm-cr_SubstitutionExposureCRM"
                xlink:label="SubstitutionExposureCRM"
                xlink:title="SubstitutionExposureCRM"/>
      <link:definitionArc xlink:type="arc" xlink:arcrole="http://xbrl.org/int/dim/arcrole/domain-member"
                          xlink:from="CreditRiskMitigationTechniquesSubstitutionEffectsExposure"
                          xlink:to="SubstitutionExposureCRM"
                          xlink:title="definition: CreditRiskMitigationTechniquesSubstitutionEffectsExposure to SubstitutionExposureCRM"
                          use="optional"
                          order="2.0"/>
      <link:loc xlink:type="locator"
                xlink:href="p-cm-cr-2006-07-01.xsd#p-cm-cr_SubstitutionExposureCRMTotalOutflows"
                xlink:label="SubstitutionExposureCRMTotalOutflows"
                xlink:title="SubstitutionExposureCRMTotalOutflows"/>
      <link:definitionArc xlink:type="arc" xlink:arcrole="http://xbrl.org/int/dim/arcrole/domain-member"
                          xlink:from="SubstitutionExposureCRM"
                          xlink:to="SubstitutionExposureCRMTotalOutflows"
                          xlink:title="definition: SubstitutionExposureCRM to SubstitutionExposureCRMTotalOutflows"
                          use="optional"
                          order="1.0"/>
      <link:loc xlink:type="locator"
                xlink:href="p-cm-cr-2006-07-01.xsd#p-cm-cr_SubstitutionExposureCRMTotalInflows"
                xlink:label="SubstitutionExposureCRMTotalInflows"
                xlink:title="SubstitutionExposureCRMTotalInflows"/>
      <link:definitionArc xlink:type="arc" xlink:arcrole="http://xbrl.org/int/dim/arcrole/domain-member"
                          xlink:from="SubstitutionExposureCRM"
                          xlink:to="SubstitutionExposureCRMTotalInflows"
                          xlink:title="definition: SubstitutionExposureCRM to SubstitutionExposureCRMTotalInflows"
                          use="optional"
                          order="2.0"/>
      <link:loc xlink:type="locator"
                xlink:href="p-cm-cr-2006-07-01.xsd#p-cm-cr_ExposureCRMSubstitutionEffectsPreConversionFactors"
                xlink:label="ExposureCRMSubstitutionEffectsPreConversionFactors"
                xlink:title="ExposureCRMSubstitutionEffectsPreConversionFactors"/>
      <link:loc xlink:type="locator"
                xlink:href="p-cm-cr-2006-07-01.xsd#p-cm-cr_ExposureCRMSubstitutionEffectsPreConversionFactorsOfWhichOffBalanceSheetItems"
                xlink:label="ExposureCRMSubstitutionEffectsPreConversionFactorsOfWhichOffBalanceSheetItems"
                xlink:title="ExposureCRMSubstitutionEffectsPreConversionFactorsOfWhichOffBalanceSheetItems"/>
      <link:definitionArc xlink:type="arc" xlink:arcrole="http://xbrl.org/int/dim/arcrole/domain-member"
                          xlink:from="ExposureCRMSubstitutionEffectsPreConversionFactors"
                          xlink:to="ExposureCRMSubstitutionEffectsPreConversionFactorsOfWhichOffBalanceSheetItems"
                          xlink:title="definition: ExposureCRMSubstitutionEffectsPreConversionFactors to ExposureCRMSubstitutionEffectsPreConversionFactorsOfWhichOffBalanceSheetItems"
                          use="optional"
                          order="1.0"/>
      <link:loc xlink:type="locator" xlink:href="p-cm-cr-2006-07-01.xsd#p-cm-cr_ExposureValue"
                xlink:label="ExposureValue"
                xlink:title="ExposureValue"/>
      <link:loc xlink:type="locator"
                xlink:href="p-cm-cr-2006-07-01.xsd#p-cm-cr_ExposureValueOfWhichOffBalanceSheetItems"
                xlink:label="ExposureValueOfWhichOffBalanceSheetItems"
                xlink:title="ExposureValueOfWhichOffBalanceSheetItems"/>
      <link:definitionArc xlink:type="arc" xlink:arcrole="http://xbrl.org/int/dim/arcrole/domain-member"
                          xlink:from="ExposureValue"
                          xlink:to="ExposureValueOfWhichOffBalanceSheetItems"
                          xlink:title="definition: ExposureValue to ExposureValueOfWhichOffBalanceSheetItems"
                          use="optional"
                          order="1.0"/>
      <link:loc xlink:type="locator"
                xlink:href="p-cm-cr-2006-07-01.xsd#p-cm-cr_InternalRatingSystem"
                xlink:label="InternalRatingSystem"
                xlink:title="InternalRatingSystem"/>
      <link:loc xlink:type="locator"
                xlink:href="p-cm-cr-2006-07-01.xsd#p-cm-cr_PdAssignedObligorGradePool"
                xlink:label="PdAssignedObligorGradePool"
                xlink:title="PdAssignedObligorGradePool"/>
      <link:definitionArc xlink:type="arc" xlink:arcrole="http://xbrl.org/int/dim/arcrole/domain-member"
                          xlink:from="InternalRatingSystem"
                          xlink:to="PdAssignedObligorGradePool"
                          xlink:title="definition: InternalRatingSystem to PdAssignedObligorGradePool"
                          use="optional"
                          order="1.0"/>
      <link:loc xlink:type="locator"
                xlink:href="p-cm-cr-2006-07-01.xsd#p-cm-cr_MemorandumItems"
                xlink:label="MemorandumItems"
                xlink:title="MemorandumItems"/>
      <link:loc xlink:type="locator"
                xlink:href="p-cm-cr-2006-07-01.xsd#p-cm-cr_ExpectedLossAmount"
                xlink:label="ExpectedLossAmount"
                xlink:title="ExpectedLossAmount"/>
      <link:definitionArc xlink:type="arc" xlink:arcrole="http://xbrl.org/int/dim/arcrole/domain-member"
                          xlink:from="MemorandumItems"
                          xlink:to="ExpectedLossAmount"
                          xlink:title="definition: MemorandumItems to ExpectedLossAmount"
                          use="optional"
                          order="1.0"/>
      <link:loc xlink:type="locator"
                xlink:href="p-cm-cr-2006-07-01.xsd#p-cm-cr_MemorandumItemsValueAdjustmentsProvisions"
                xlink:label="MemorandumItemsValueAdjustmentsProvisions"
                xlink:title="MemorandumItemsValueAdjustmentsProvisions"/>
      <link:definitionArc xlink:type="arc" xlink:arcrole="http://xbrl.org/int/dim/arcrole/domain-member"
                          xlink:from="MemorandumItems"
                          xlink:to="MemorandumItemsValueAdjustmentsProvisions"
                          xlink:title="definition: MemorandumItems to MemorandumItemsValueAdjustmentsProvisions"
                          use="optional"
                          order="2.0"/>
      <link:loc xlink:type="locator" xlink:href="p-ce-2006-07-01.xsd#p-ce_CREQUIRBDomain"
                xlink:label="CREQUIRBDomain"
                xlink:title="CREQUIRBDomain"/>
      <link:loc xlink:type="locator"
                xlink:href="p-cm-cr-2006-07-01.xsd#p-cm-cr_OriginalExposurePreConversionFactors"
                xlink:label="OriginalExposurePreConversionFactors"
                xlink:title="OriginalExposurePreConversionFactors"/>
      <link:definitionArc xlink:type="arc" xlink:arcrole="http://xbrl.org/int/dim/arcrole/domain-member"
                          xlink:from="CREQUIRBDomain"
                          xlink:to="OriginalExposurePreConversionFactors"
                          xlink:title="definition: CREQUIRBDomain to OriginalExposurePreConversionFactors"
                          use="optional"
                          order="2.0"/>
      <link:definitionArc xlink:type="arc" xlink:arcrole="http://xbrl.org/int/dim/arcrole/domain-member"
                          xlink:from="CREQUIRBDomain"
                          xlink:to="CreditRiskMitigationTechniquesSubstitutionEffectsExposure"
                          xlink:title="definition: CREQUIRBDomain to CreditRiskMitigationTechniquesSubstitutionEffectsExposure"
                          use="optional"
                          order="3.0"/>
      <link:definitionArc xlink:type="arc" xlink:arcrole="http://xbrl.org/int/dim/arcrole/domain-member"
                          xlink:from="CREQUIRBDomain"
                          xlink:to="ExposureCRMSubstitutionEffectsPreConversionFactors"
                          xlink:title="definition: CREQUIRBDomain to ExposureCRMSubstitutionEffectsPreConversionFactors"
                          use="optional"
                          order="4.0"/>
      <link:definitionArc xlink:type="arc" xlink:arcrole="http://xbrl.org/int/dim/arcrole/domain-member"
                          xlink:from="CREQUIRBDomain"
                          xlink:to="ExposureValue"
                          xlink:title="definition: CREQUIRBDomain to ExposureValue"
                          use="optional"
                          order="5.0"/>
      <link:loc xlink:type="locator"
                xlink:href="p-cm-cr-2006-07-01.xsd#p-cm-cr_ExposureWeightedAverageLgd"
                xlink:label="ExposureWeightedAverageLgd"
                xlink:title="ExposureWeightedAverageLgd"/>
      <link:definitionArc xlink:type="arc" xlink:arcrole="http://xbrl.org/int/dim/arcrole/domain-member"
                          xlink:from="CREQUIRBDomain"
                          xlink:to="ExposureWeightedAverageLgd"
                          xlink:title="definition: CREQUIRBDomain to ExposureWeightedAverageLgd"
                          use="optional"
                          order="6.0"/>
      <link:loc xlink:type="locator"
                xlink:href="p-cm-cr-2006-07-01.xsd#p-cm-cr_RiskWeightedExposureAmounts"
                xlink:label="RiskWeightedExposureAmounts"
                xlink:title="RiskWeightedExposureAmounts"/>
      <link:definitionArc xlink:type="arc" xlink:arcrole="http://xbrl.org/int/dim/arcrole/domain-member"
                          xlink:from="CREQUIRBDomain"
                          xlink:to="RiskWeightedExposureAmounts"
                          xlink:title="definition: CREQUIRBDomain to RiskWeightedExposureAmounts"
                          use="optional"
                          order="7.0"/>
      <link:loc xlink:type="locator"
                xlink:href="p-cm-ca-2006-07-01.xsd#p-cm-ca_CreditRiskCapitalRequirements"
                xlink:label="CreditRiskCapitalRequirements"
                xlink:title="CreditRiskCapitalRequirements"/>
      <link:definitionArc xlink:type="arc" xlink:arcrole="http://xbrl.org/int/dim/arcrole/domain-member"
                          xlink:from="CREQUIRBDomain"
                          xlink:to="CreditRiskCapitalRequirements"
                          xlink:title="definition: CREQUIRBDomain to CreditRiskCapitalRequirements"
                          use="optional"
                          order="8.0"/>
      <link:definitionArc xlink:type="arc" xlink:arcrole="http://xbrl.org/int/dim/arcrole/domain-member"
                          xlink:from="CREQUIRBDomain"
                          xlink:to="MemorandumItems"
                          xlink:title="definition: CREQUIRBDomain to MemorandumItems"
                          use="optional"
                          order="9.0"/>
      <link:definitionArc xlink:type="arc" xlink:arcrole="http://xbrl.org/int/dim/arcrole/domain-member"
                          xlink:from="CREQUIRBDomain"
                          xlink:to="InternalRatingSystem"
                          xlink:title="definition: CREQUIRBDomain to InternalRatingSystem"
                          order="1.0"/>
  </link:definitionLink>
</link:linkbase>