<?xml version="1.0" encoding="UTF-8"?>
<?taxonomy-version 1.3.1?>
<!--Copyright (C) 2011 EBA - European Banking Authority, Tower 42, 25 Old Broad Street, London, EC2N 1HQ, United Kingdom.-->            
<link:linkbase xmlns:xsi="http://www.w3.org/2001/XMLSchema-instance"
               xmlns:link="http://www.xbrl.org/2003/linkbase"
               xmlns:xlink="http://www.w3.org/1999/xlink"
               xmlns:xbrli="http://www.xbrl.org/2003/instance"
               xsi:schemaLocation="http://www.xbrl.org/2003/linkbase http://www.xbrl.org/2003/xbrl-linkbase-2003-12-31.xsd">
  <link:roleRef roleURI="http://www.c-ebs.org/2006/corep/eu/ci" xlink:type="simple"
                 xlink:href="p-ci-2006-07-01.xsd#rt_ci"/>
  <link:labelLink xlink:type="extended" xlink:role="http://www.xbrl.org/2003/role/link">
      <link:loc xlink:type="locator" xlink:href="p-ci-2006-07-01.xsd#p-ci_CRIRBDomain"
                xlink:label="CRIRBDomain"
                xlink:title="CRIRBDomain"/>
      <link:label xlink:type="resource" xlink:label="label_CRIRBDomain"
                  xlink:role="http://www.xbrl.org/2003/role/label"
                  xlink:title="label_CRIRBDomain"
                  xml:lang="en"
                  id="label_CRIRBDomain">CR IRB (Domain)</link:label>
      <link:labelArc xlink:type="arc" xlink:arcrole="http://www.xbrl.org/2003/arcrole/concept-label"
                     xlink:from="CRIRBDomain"
                     xlink:to="label_CRIRBDomain"
                     xlink:title="label: CRIRBDomain to label_CRIRBDomain"/>
      <link:loc xlink:type="locator"
                xlink:href="p-ci-2006-07-01.xsd#p-ci_OtherFundedCreditProtection"
                xlink:label="OtherFundedCreditProtection"
                xlink:title="OtherFundedCreditProtection"/>
      <link:label xlink:type="resource" xlink:label="label_OtherFundedCreditProtection"
                  xlink:role="http://www.xbrl.org/2003/role/label"
                  xlink:title="label_OtherFundedCreditProtection"
                  xml:lang="en"
                  id="label_OtherFundedCreditProtection">Other Funded Credit Protection</link:label>
      <link:labelArc xlink:type="arc" xlink:arcrole="http://www.xbrl.org/2003/arcrole/concept-label"
                     xlink:from="OtherFundedCreditProtection"
                     xlink:to="label_OtherFundedCreditProtection"
                     xlink:title="label: OtherFundedCreditProtection to label_OtherFundedCreditProtection"/>
      <link:loc xlink:type="locator"
                xlink:href="p-ci-2006-07-01.xsd#p-ci_CreditRiskMitigationTechniquesLGDEstimatesExcludingDoubleDefaultTreatment"
                xlink:label="CreditRiskMitigationTechniquesLGDEstimatesExcludingDoubleDefaultTreatment"
                xlink:title="CreditRiskMitigationTechniquesLGDEstimatesExcludingDoubleDefaultTreatment"/>
      <link:label xlink:type="resource"
                  xlink:label="label_CreditRiskMitigationTechniquesLGDEstimatesExcludingDoubleDefaultTreatment"
                  xlink:role="http://www.xbrl.org/2003/role/label"
                  xlink:title="label_CreditRiskMitigationTechniquesLGDEstimatesExcludingDoubleDefaultTreatment"
                  xml:lang="en"
                  id="label_CreditRiskMitigationTechniquesLGDEstimatesExcludingDoubleDefaultTreatment">Credit Risk Mitigation Techniques Taken Into Account In LGD Estimates Excluding Double Default Treatment</link:label>
      <link:labelArc xlink:type="arc" xlink:arcrole="http://www.xbrl.org/2003/arcrole/concept-label"
                     xlink:from="CreditRiskMitigationTechniquesLGDEstimatesExcludingDoubleDefaultTreatment"
                     xlink:to="label_CreditRiskMitigationTechniquesLGDEstimatesExcludingDoubleDefaultTreatment"
                     xlink:title="label: CreditRiskMitigationTechniquesLGDEstimatesExcludingDoubleDefaultTreatment to label_CreditRiskMitigationTechniquesLGDEstimatesExcludingDoubleDefaultTreatment"/>
      <link:loc xlink:type="locator"
                xlink:href="p-ci-2006-07-01.xsd#p-ci_OwnEstimatesLGDsUsedUnfundedCreditProtection"
                xlink:label="OwnEstimatesLGDsUsedUnfundedCreditProtection"
                xlink:title="OwnEstimatesLGDsUsedUnfundedCreditProtection"/>
      <link:label xlink:type="resource"
                  xlink:label="label_OwnEstimatesLGDsUsedUnfundedCreditProtection"
                  xlink:role="http://www.xbrl.org/2003/role/label"
                  xlink:title="label_OwnEstimatesLGDsUsedUnfundedCreditProtection"
                  xml:lang="en"
                  id="label_OwnEstimatesLGDsUsedUnfundedCreditProtection">Own Estimates Of LGD's Are Used: Unfunded Credit Protection</link:label>
      <link:labelArc xlink:type="arc" xlink:arcrole="http://www.xbrl.org/2003/arcrole/concept-label"
                     xlink:from="OwnEstimatesLGDsUsedUnfundedCreditProtection"
                     xlink:to="label_OwnEstimatesLGDsUsedUnfundedCreditProtection"
                     xlink:title="label: OwnEstimatesLGDsUsedUnfundedCreditProtection to label_OwnEstimatesLGDsUsedUnfundedCreditProtection"/>
      <link:loc xlink:type="locator" xlink:href="p-ci-2006-07-01.xsd#p-ci_Guarantees"
                xlink:label="Guarantees"
                xlink:title="Guarantees"/>
      <link:label xlink:type="resource" xlink:label="label_Guarantees"
                  xlink:role="http://www.xbrl.org/2003/role/label"
                  xlink:title="label_Guarantees"
                  xml:lang="en"
                  id="label_Guarantees">Guarantees</link:label>
      <link:labelArc xlink:type="arc" xlink:arcrole="http://www.xbrl.org/2003/arcrole/concept-label"
                     xlink:from="Guarantees"
                     xlink:to="label_Guarantees"
                     xlink:title="label: Guarantees to label_Guarantees"/>
      <link:loc xlink:type="locator" xlink:href="p-ci-2006-07-01.xsd#p-ci_CreditDerivatives"
                xlink:label="CreditDerivatives"
                xlink:title="CreditDerivatives"/>
      <link:label xlink:type="resource" xlink:label="label_CreditDerivatives"
                  xlink:role="http://www.xbrl.org/2003/role/label"
                  xlink:title="label_CreditDerivatives"
                  xml:lang="en"
                  id="label_CreditDerivatives">Credit Derivatives</link:label>
      <link:labelArc xlink:type="arc" xlink:arcrole="http://www.xbrl.org/2003/arcrole/concept-label"
                     xlink:from="CreditDerivatives"
                     xlink:to="label_CreditDerivatives"
                     xlink:title="label: CreditDerivatives to label_CreditDerivatives"/>
      <link:loc xlink:type="locator"
                xlink:href="p-ci-2006-07-01.xsd#p-ci_FundedCreditProtection"
                xlink:label="FundedCreditProtection"
                xlink:title="FundedCreditProtection"/>
      <link:label xlink:type="resource" xlink:label="label_FundedCreditProtection"
                  xlink:role="http://www.xbrl.org/2003/role/label"
                  xlink:title="label_FundedCreditProtection"
                  xml:lang="en"
                  id="label_FundedCreditProtection">Funded Credit Protection</link:label>
      <link:labelArc xlink:type="arc" xlink:arcrole="http://www.xbrl.org/2003/arcrole/concept-label"
                     xlink:from="FundedCreditProtection"
                     xlink:to="label_FundedCreditProtection"
                     xlink:title="label: FundedCreditProtection to label_FundedCreditProtection"/>
      <link:loc xlink:type="locator"
                xlink:href="p-ci-2006-07-01.xsd#p-ci_OwnEstimatesLGDsUsedOtherFundedCreditProtection"
                xlink:label="OwnEstimatesLGDsUsedOtherFundedCreditProtection"
                xlink:title="OwnEstimatesLGDsUsedOtherFundedCreditProtection"/>
      <link:label xlink:type="resource"
                  xlink:label="label_OwnEstimatesLGDsUsedOtherFundedCreditProtection"
                  xlink:role="http://www.xbrl.org/2003/role/label"
                  xlink:title="label_OwnEstimatesLGDsUsedOtherFundedCreditProtection"
                  xml:lang="en"
                  id="label_OwnEstimatesLGDsUsedOtherFundedCreditProtection">Own Estimates Of LGD's Are Used: Other Funded Credit Protection</link:label>
      <link:labelArc xlink:type="arc" xlink:arcrole="http://www.xbrl.org/2003/arcrole/concept-label"
                     xlink:from="OwnEstimatesLGDsUsedOtherFundedCreditProtection"
                     xlink:to="label_OwnEstimatesLGDsUsedOtherFundedCreditProtection"
                     xlink:title="label: OwnEstimatesLGDsUsedOtherFundedCreditProtection to label_OwnEstimatesLGDsUsedOtherFundedCreditProtection"/>
      <link:loc xlink:type="locator"
                xlink:href="p-ci-2006-07-01.xsd#p-ci_EligibleFinancialCollateral"
                xlink:label="EligibleFinancialCollateral"
                xlink:title="EligibleFinancialCollateral"/>
      <link:label xlink:type="resource" xlink:label="label_EligibleFinancialCollateral"
                  xlink:role="http://www.xbrl.org/2003/role/label"
                  xlink:title="label_EligibleFinancialCollateral"
                  xml:lang="en"
                  id="label_EligibleFinancialCollateral">Eligible Financial Collateral</link:label>
      <link:labelArc xlink:type="arc" xlink:arcrole="http://www.xbrl.org/2003/arcrole/concept-label"
                     xlink:from="EligibleFinancialCollateral"
                     xlink:to="label_EligibleFinancialCollateral"
                     xlink:title="label: EligibleFinancialCollateral to label_EligibleFinancialCollateral"/>
      <link:loc xlink:type="locator"
                xlink:href="p-ci-2006-07-01.xsd#p-ci_OtherEligibleCollateral"
                xlink:label="OtherEligibleCollateral"
                xlink:title="OtherEligibleCollateral"/>
      <link:label xlink:type="resource" xlink:label="label_OtherEligibleCollateral"
                  xlink:role="http://www.xbrl.org/2003/role/label"
                  xlink:title="label_OtherEligibleCollateral"
                  xml:lang="en"
                  id="label_OtherEligibleCollateral">Other Eligible Collateral</link:label>
      <link:labelArc xlink:type="arc" xlink:arcrole="http://www.xbrl.org/2003/arcrole/concept-label"
                     xlink:from="OtherEligibleCollateral"
                     xlink:to="label_OtherEligibleCollateral"
                     xlink:title="label: OtherEligibleCollateral to label_OtherEligibleCollateral"/>
      <link:loc xlink:type="locator" xlink:href="p-ci-2006-07-01.xsd#p-ci_RealEstate"
                xlink:label="RealEstate"
                xlink:title="RealEstate"/>
      <link:label xlink:type="resource" xlink:label="label_RealEstate"
                  xlink:role="http://www.xbrl.org/2003/role/label"
                  xlink:title="label_RealEstate"
                  xml:lang="en"
                  id="label_RealEstate">Real Estate</link:label>
      <link:labelArc xlink:type="arc" xlink:arcrole="http://www.xbrl.org/2003/arcrole/concept-label"
                     xlink:from="RealEstate"
                     xlink:to="label_RealEstate"
                     xlink:title="label: RealEstate to label_RealEstate"/>
      <link:loc xlink:type="locator"
                xlink:href="p-ci-2006-07-01.xsd#p-ci_OtherPhysicalCollateral"
                xlink:label="OtherPhysicalCollateral"
                xlink:title="OtherPhysicalCollateral"/>
      <link:label xlink:type="resource" xlink:label="label_OtherPhysicalCollateral"
                  xlink:role="http://www.xbrl.org/2003/role/label"
                  xlink:title="label_OtherPhysicalCollateral"
                  xml:lang="en"
                  id="label_OtherPhysicalCollateral">Other Physical Collateral</link:label>
      <link:labelArc xlink:type="arc" xlink:arcrole="http://www.xbrl.org/2003/arcrole/concept-label"
                     xlink:from="OtherPhysicalCollateral"
                     xlink:to="label_OtherPhysicalCollateral"
                     xlink:title="label: OtherPhysicalCollateral to label_OtherPhysicalCollateral"/>
      <link:loc xlink:type="locator" xlink:href="p-ci-2006-07-01.xsd#p-ci_Receivables"
                xlink:label="Receivables"
                xlink:title="Receivables"/>
      <link:label xlink:type="resource" xlink:label="label_Receivables"
                  xlink:role="http://www.xbrl.org/2003/role/label"
                  xlink:title="label_Receivables"
                  xml:lang="en"
                  id="label_Receivables">Receivables</link:label>
      <link:labelArc xlink:type="arc" xlink:arcrole="http://www.xbrl.org/2003/arcrole/concept-label"
                     xlink:from="Receivables"
                     xlink:to="label_Receivables"
                     xlink:title="label: Receivables to label_Receivables"/>
      <link:loc xlink:type="locator"
                xlink:href="p-ci-2006-07-01.xsd#p-ci_SubjectDoubleDefaultTreatment"
                xlink:label="SubjectDoubleDefaultTreatment"
                xlink:title="SubjectDoubleDefaultTreatment"/>
      <link:label xlink:type="resource" xlink:label="label_SubjectDoubleDefaultTreatment"
                  xlink:role="http://www.xbrl.org/2003/role/label"
                  xlink:title="label_SubjectDoubleDefaultTreatment"
                  xml:lang="en"
                  id="label_SubjectDoubleDefaultTreatment">Subject To Double Default Treatment</link:label>
      <link:labelArc xlink:type="arc" xlink:arcrole="http://www.xbrl.org/2003/arcrole/concept-label"
                     xlink:from="SubjectDoubleDefaultTreatment"
                     xlink:to="label_SubjectDoubleDefaultTreatment"
                     xlink:title="label: SubjectDoubleDefaultTreatment to label_SubjectDoubleDefaultTreatment"/>
      <link:loc xlink:type="locator"
                xlink:href="p-ci-2006-07-01.xsd#p-ci_UnfundedCreditProtection"
                xlink:label="UnfundedCreditProtection"
                xlink:title="UnfundedCreditProtection"/>
      <link:label xlink:type="resource" xlink:label="label_UnfundedCreditProtection"
                  xlink:role="http://www.xbrl.org/2003/role/label"
                  xlink:title="label_UnfundedCreditProtection"
                  xml:lang="en"
                  id="label_UnfundedCreditProtection">Unfunded Credit Protection</link:label>
      <link:labelArc xlink:type="arc" xlink:arcrole="http://www.xbrl.org/2003/arcrole/concept-label"
                     xlink:from="UnfundedCreditProtection"
                     xlink:to="label_UnfundedCreditProtection"
                     xlink:title="label: UnfundedCreditProtection to label_UnfundedCreditProtection"/>
      <link:loc xlink:type="locator"
                xlink:href="p-ci-2006-07-01.xsd#p-ci_ExposureWeightedAverageMaturityValueDays"
                xlink:label="ExposureWeightedAverageMaturityValueDays"
                xlink:title="ExposureWeightedAverageMaturityValueDays"/>
      <link:label xlink:type="resource"
                  xlink:label="label_ExposureWeightedAverageMaturityValueDays"
                  xlink:role="http://www.xbrl.org/2003/role/label"
                  xlink:title="label_ExposureWeightedAverageMaturityValueDays"
                  xml:lang="en"
                  id="label_ExposureWeightedAverageMaturityValueDays">Exposure Weighted Average Maturity Value (Days)</link:label>
      <link:labelArc xlink:type="arc" xlink:arcrole="http://www.xbrl.org/2003/arcrole/concept-label"
                     xlink:from="ExposureWeightedAverageMaturityValueDays"
                     xlink:to="label_ExposureWeightedAverageMaturityValueDays"
                     xlink:title="label: ExposureWeightedAverageMaturityValueDays to label_ExposureWeightedAverageMaturityValueDays"/>
      <link:loc xlink:type="locator" xlink:href="p-ci-2006-07-01.xsd#p-ci_NumberObligors"
                xlink:label="NumberObligors"
                xlink:title="NumberObligors"/>
      <link:label xlink:type="resource" xlink:label="label_NumberObligors"
                  xlink:role="http://www.xbrl.org/2003/role/label"
                  xlink:title="label_NumberObligors"
                  xml:lang="en"
                  id="label_NumberObligors">Number Of Obligors</link:label>
      <link:labelArc xlink:type="arc" xlink:arcrole="http://www.xbrl.org/2003/arcrole/concept-label"
                     xlink:from="NumberObligors"
                     xlink:to="label_NumberObligors"
                     xlink:title="label: NumberObligors to label_NumberObligors"/>
  </link:labelLink>
  <link:labelLink xlink:type="extended" xlink:role="http://www.c-ebs.org/2006/corep/eu/ci">
      <link:loc xlink:type="locator"
                xlink:href="p-cm-cr-2006-07-01.xsd#p-cm-cr_OriginalExposurePreConversionFactors"
                xlink:label="OriginalExposurePreConversionFactors"
                xlink:title="OriginalExposurePreConversionFactors"/>
      <link:label xlink:type="resource" xlink:label="label_OriginalExposurePreConversionFactors"
                  xlink:role="http://www.xbrl.org/2003/role/documentation"
                  xlink:title="label_OriginalExposurePreConversionFactors"
                  xml:lang="en"
                  id="label_OriginalExposurePreConversionFactors">Core layer</link:label>
      <link:labelArc xlink:type="arc" xlink:arcrole="http://www.xbrl.org/2003/arcrole/concept-label"
                     xlink:from="OriginalExposurePreConversionFactors"
                     xlink:to="label_OriginalExposurePreConversionFactors"
                     xlink:title="label: OriginalExposurePreConversionFactors to label_OriginalExposurePreConversionFactors"/>
      <link:loc xlink:type="locator"
                xlink:href="p-cm-cr-2006-07-01.xsd#p-cm-cr_OfWhichArisingCounterpartyCreditRisk"
                xlink:label="OfWhichArisingCounterpartyCreditRisk"
                xlink:title="OfWhichArisingCounterpartyCreditRisk"/>
      <link:label xlink:type="resource" xlink:label="label_OfWhichArisingCounterpartyCreditRisk"
                  xlink:role="http://www.xbrl.org/2003/role/documentation"
                  xlink:title="label_OfWhichArisingCounterpartyCreditRisk"
                  xml:lang="en"
                  id="label_OfWhichArisingCounterpartyCreditRisk">Detailed layer</link:label>
      <link:labelArc xlink:type="arc" xlink:arcrole="http://www.xbrl.org/2003/arcrole/concept-label"
                     xlink:from="OfWhichArisingCounterpartyCreditRisk"
                     xlink:to="label_OfWhichArisingCounterpartyCreditRisk"
                     xlink:title="label: OfWhichArisingCounterpartyCreditRisk to label_OfWhichArisingCounterpartyCreditRisk"/>
      <link:loc xlink:type="locator"
                xlink:href="p-cm-cr-2006-07-01.xsd#p-cm-cr_SubstitutionExposureCRM"
                xlink:label="SubstitutionExposureCRM"
                xlink:title="SubstitutionExposureCRM"/>
      <link:label xlink:type="resource" xlink:label="label_SubstitutionExposureCRM"
                  xlink:role="http://www.xbrl.org/2003/role/documentation"
                  xlink:title="label_SubstitutionExposureCRM"
                  xml:lang="en"
                  id="label_SubstitutionExposureCRM">Core layer</link:label>
      <link:labelArc xlink:type="arc" xlink:arcrole="http://www.xbrl.org/2003/arcrole/concept-label"
                     xlink:from="SubstitutionExposureCRM"
                     xlink:to="label_SubstitutionExposureCRM"
                     xlink:title="label: SubstitutionExposureCRM to label_SubstitutionExposureCRM"/>
      <link:loc xlink:type="locator"
                xlink:href="p-cm-cr-2006-07-01.xsd#p-cm-cr_SubstitutionExposureCRMTotalOutflows"
                xlink:label="SubstitutionExposureCRMTotalOutflows"
                xlink:title="SubstitutionExposureCRMTotalOutflows"/>
      <link:label xlink:type="resource" xlink:label="label_SubstitutionExposureCRMTotalOutflows"
                  xlink:role="http://www.xbrl.org/2003/role/documentation"
                  xlink:title="label_SubstitutionExposureCRMTotalOutflows"
                  xml:lang="en"
                  id="label_SubstitutionExposureCRMTotalOutflows">Core layer</link:label>
      <link:labelArc xlink:type="arc" xlink:arcrole="http://www.xbrl.org/2003/arcrole/concept-label"
                     xlink:from="SubstitutionExposureCRMTotalOutflows"
                     xlink:to="label_SubstitutionExposureCRMTotalOutflows"
                     xlink:title="label: SubstitutionExposureCRMTotalOutflows to label_SubstitutionExposureCRMTotalOutflows"/>
      <link:loc xlink:type="locator" xlink:href="p-cm-cr-2006-07-01.xsd#p-cm-cr_ExposureValue"
                xlink:label="ExposureValue"
                xlink:title="ExposureValue"/>
      <link:label xlink:type="resource" xlink:label="label_ExposureValue"
                  xlink:role="http://www.xbrl.org/2003/role/documentation"
                  xlink:title="label_ExposureValue"
                  xml:lang="en"
                  id="label_ExposureValue">Core layer</link:label>
      <link:labelArc xlink:type="arc" xlink:arcrole="http://www.xbrl.org/2003/arcrole/concept-label"
                     xlink:from="ExposureValue"
                     xlink:to="label_ExposureValue"
                     xlink:title="label: ExposureValue to label_ExposureValue"/>
      <link:loc xlink:type="locator"
                xlink:href="p-cm-cr-2006-07-01.xsd#p-cm-cr_RiskWeightedExposureAmounts"
                xlink:label="RiskWeightedExposureAmounts"
                xlink:title="RiskWeightedExposureAmounts"/>
      <link:label xlink:type="resource" xlink:label="label_RiskWeightedExposureAmounts"
                  xlink:role="http://www.xbrl.org/2003/role/documentation"
                  xlink:title="label_RiskWeightedExposureAmounts"
                  xml:lang="en"
                  id="label_RiskWeightedExposureAmounts">Core layer</link:label>
      <link:labelArc xlink:type="arc" xlink:arcrole="http://www.xbrl.org/2003/arcrole/concept-label"
                     xlink:from="RiskWeightedExposureAmounts"
                     xlink:to="label_RiskWeightedExposureAmounts"
                     xlink:title="label: RiskWeightedExposureAmounts to label_RiskWeightedExposureAmounts"/>
      <link:loc xlink:type="locator"
                xlink:href="p-cm-cr-2006-07-01.xsd#p-cm-cr_InternalRatingSystem"
                xlink:label="InternalRatingSystem"
                xlink:title="InternalRatingSystem"/>
      <link:label xlink:type="resource" xlink:label="label_InternalRatingSystem"
                  xlink:role="http://www.xbrl.org/2003/role/documentation"
                  xlink:title="label_InternalRatingSystem"
                  xml:lang="en"
                  id="label_InternalRatingSystem">Core layer</link:label>
      <link:labelArc xlink:type="arc" xlink:arcrole="http://www.xbrl.org/2003/arcrole/concept-label"
                     xlink:from="InternalRatingSystem"
                     xlink:to="label_InternalRatingSystem"
                     xlink:title="label: InternalRatingSystem to label_InternalRatingSystem"/>
      <link:loc xlink:type="locator"
                xlink:href="p-cm-cr-2006-07-01.xsd#p-cm-cr_PdAssignedObligorGradePool"
                xlink:label="PdAssignedObligorGradePool"
                xlink:title="PdAssignedObligorGradePool"/>
      <link:label xlink:type="resource" xlink:label="label_PdAssignedObligorGradePool"
                  xlink:role="http://www.xbrl.org/2003/role/documentation"
                  xlink:title="label_PdAssignedObligorGradePool"
                  xml:lang="en"
                  id="label_PdAssignedObligorGradePool">Core layer</link:label>
      <link:labelArc xlink:type="arc" xlink:arcrole="http://www.xbrl.org/2003/arcrole/concept-label"
                     xlink:from="PdAssignedObligorGradePool"
                     xlink:to="label_PdAssignedObligorGradePool"
                     xlink:title="label: PdAssignedObligorGradePool to label_PdAssignedObligorGradePool"/>
      <link:loc xlink:type="locator"
                xlink:href="p-cm-cr-2006-07-01.xsd#p-cm-cr_ExposureCRMSubstitutionEffectsPreConversionFactors"
                xlink:label="ExposureCRMSubstitutionEffectsPreConversionFactors"
                xlink:title="ExposureCRMSubstitutionEffectsPreConversionFactors"/>
      <link:label xlink:type="resource"
                  xlink:label="label_ExposureCRMSubstitutionEffectsPreConversionFactors"
                  xlink:role="http://www.xbrl.org/2003/role/documentation"
                  xlink:title="label_ExposureCRMSubstitutionEffectsPreConversionFactors"
                  xml:lang="en"
                  id="label_ExposureCRMSubstitutionEffectsPreConversionFactors">Core layer</link:label>
      <link:labelArc xlink:type="arc" xlink:arcrole="http://www.xbrl.org/2003/arcrole/concept-label"
                     xlink:from="ExposureCRMSubstitutionEffectsPreConversionFactors"
                     xlink:to="label_ExposureCRMSubstitutionEffectsPreConversionFactors"
                     xlink:title="label: ExposureCRMSubstitutionEffectsPreConversionFactors to label_ExposureCRMSubstitutionEffectsPreConversionFactors"/>
      <link:loc xlink:type="locator"
                xlink:href="p-cm-cr-2006-07-01.xsd#p-cm-cr_ExposureCRMSubstitutionEffectsPreConversionFactorsOfWhichOffBalanceSheetItems"
                xlink:label="ExposureCRMSubstitutionEffectsPreConversionFactorsOfWhichOffBalanceSheetItems"
                xlink:title="ExposureCRMSubstitutionEffectsPreConversionFactorsOfWhichOffBalanceSheetItems"/>
      <link:label xlink:type="resource"
                  xlink:label="label_ExposureCRMSubstitutionEffectsPreConversionFactorsOfWhichOffBalanceSheetItems"
                  xlink:role="http://www.xbrl.org/2003/role/documentation"
                  xlink:title="label_ExposureCRMSubstitutionEffectsPreConversionFactorsOfWhichOffBalanceSheetItems"
                  xml:lang="en"
                  id="label_ExposureCRMSubstitutionEffectsPreConversionFactorsOfWhichOffBalanceSheetItems">Detailed layer</link:label>
      <link:labelArc xlink:type="arc" xlink:arcrole="http://www.xbrl.org/2003/arcrole/concept-label"
                     xlink:from="ExposureCRMSubstitutionEffectsPreConversionFactorsOfWhichOffBalanceSheetItems"
                     xlink:to="label_ExposureCRMSubstitutionEffectsPreConversionFactorsOfWhichOffBalanceSheetItems"
                     xlink:title="label: ExposureCRMSubstitutionEffectsPreConversionFactorsOfWhichOffBalanceSheetItems to label_ExposureCRMSubstitutionEffectsPreConversionFactorsOfWhichOffBalanceSheetItems"/>
      <link:loc xlink:type="locator"
                xlink:href="p-cm-cr-2006-07-01.xsd#p-cm-cr_ExposureValueOfWhichOffBalanceSheetItems"
                xlink:label="ExposureValueOfWhichOffBalanceSheetItems"
                xlink:title="ExposureValueOfWhichOffBalanceSheetItems"/>
      <link:label xlink:type="resource"
                  xlink:label="label_ExposureValueOfWhichOffBalanceSheetItems"
                  xlink:role="http://www.xbrl.org/2003/role/documentation"
                  xlink:title="label_ExposureValueOfWhichOffBalanceSheetItems"
                  xml:lang="en"
                  id="label_ExposureValueOfWhichOffBalanceSheetItems">Detailed layer</link:label>
      <link:labelArc xlink:type="arc" xlink:arcrole="http://www.xbrl.org/2003/arcrole/concept-label"
                     xlink:from="ExposureValueOfWhichOffBalanceSheetItems"
                     xlink:to="label_ExposureValueOfWhichOffBalanceSheetItems"
                     xlink:title="label: ExposureValueOfWhichOffBalanceSheetItems to label_ExposureValueOfWhichOffBalanceSheetItems"/>
      <link:loc xlink:type="locator"
                xlink:href="p-cm-cr-2006-07-01.xsd#p-cm-cr_ExposureWeightedAverageLgd"
                xlink:label="ExposureWeightedAverageLgd"
                xlink:title="ExposureWeightedAverageLgd"/>
      <link:label xlink:type="resource" xlink:label="label_ExposureWeightedAverageLgd"
                  xlink:role="http://www.xbrl.org/2003/role/documentation"
                  xlink:title="label_ExposureWeightedAverageLgd"
                  xml:lang="en"
                  id="label_ExposureWeightedAverageLgd">Core layer</link:label>
      <link:labelArc xlink:type="arc" xlink:arcrole="http://www.xbrl.org/2003/arcrole/concept-label"
                     xlink:from="ExposureWeightedAverageLgd"
                     xlink:to="label_ExposureWeightedAverageLgd"
                     xlink:title="label: ExposureWeightedAverageLgd to label_ExposureWeightedAverageLgd"/>
      <link:loc xlink:type="locator"
                xlink:href="p-cm-cr-2006-07-01.xsd#p-cm-cr_MemorandumItems"
                xlink:label="MemorandumItems"
                xlink:title="MemorandumItems"/>
      <link:label xlink:type="resource" xlink:label="label_MemorandumItems"
                  xlink:role="http://www.xbrl.org/2003/role/documentation"
                  xlink:title="label_MemorandumItems"
                  xml:lang="en"
                  id="label_MemorandumItems">Detailed layer</link:label>
      <link:labelArc xlink:type="arc" xlink:arcrole="http://www.xbrl.org/2003/arcrole/concept-label"
                     xlink:from="MemorandumItems"
                     xlink:to="label_MemorandumItems"
                     xlink:title="label: MemorandumItems to label_MemorandumItems"/>
      <link:loc xlink:type="locator"
                xlink:href="p-cm-cr-2006-07-01.xsd#p-cm-cr_ExpectedLossAmount"
                xlink:label="ExpectedLossAmount"
                xlink:title="ExpectedLossAmount"/>
      <link:label xlink:type="resource" xlink:label="label_ExpectedLossAmount"
                  xlink:role="http://www.xbrl.org/2003/role/documentation"
                  xlink:title="label_ExpectedLossAmount"
                  xml:lang="en"
                  id="label_ExpectedLossAmount">Detailed layer</link:label>
      <link:labelArc xlink:type="arc" xlink:arcrole="http://www.xbrl.org/2003/arcrole/concept-label"
                     xlink:from="ExpectedLossAmount"
                     xlink:to="label_ExpectedLossAmount"
                     xlink:title="label: ExpectedLossAmount to label_ExpectedLossAmount"/>
      <link:loc xlink:type="locator"
                xlink:href="p-cm-cr-2006-07-01.xsd#p-cm-cr_MemorandumItemsValueAdjustmentsProvisions"
                xlink:label="MemorandumItemsValueAdjustmentsProvisions"
                xlink:title="MemorandumItemsValueAdjustmentsProvisions"/>
      <link:label xlink:type="resource"
                  xlink:label="label_MemorandumItemsValueAdjustmentsProvisions"
                  xlink:role="http://www.xbrl.org/2003/role/documentation"
                  xlink:title="label_MemorandumItemsValueAdjustmentsProvisions"
                  xml:lang="en"
                  id="label_MemorandumItemsValueAdjustmentsProvisions">Detailed layer</link:label>
      <link:labelArc xlink:type="arc" xlink:arcrole="http://www.xbrl.org/2003/arcrole/concept-label"
                     xlink:from="MemorandumItemsValueAdjustmentsProvisions"
                     xlink:to="label_MemorandumItemsValueAdjustmentsProvisions"
                     xlink:title="label: MemorandumItemsValueAdjustmentsProvisions to label_MemorandumItemsValueAdjustmentsProvisions"/>
      <link:loc xlink:type="locator"
                xlink:href="p-cm-cr-2006-07-01.xsd#p-cm-cr_CreditRiskMitigationTechniquesSubstitutionEffectsExposure"
                xlink:label="CreditRiskMitigationTechniquesSubstitutionEffectsExposure"
                xlink:title="CreditRiskMitigationTechniquesSubstitutionEffectsExposure"/>
      <link:label xlink:type="resource"
                  xlink:label="label_CreditRiskMitigationTechniquesSubstitutionEffectsExposure"
                  xlink:role="http://www.xbrl.org/2003/role/documentation"
                  xlink:title="label_CreditRiskMitigationTechniquesSubstitutionEffectsExposure"
                  xml:lang="en"
                  id="label_CreditRiskMitigationTechniquesSubstitutionEffectsExposure">Detailed layer</link:label>
      <link:labelArc xlink:type="arc" xlink:arcrole="http://www.xbrl.org/2003/arcrole/concept-label"
                     xlink:from="CreditRiskMitigationTechniquesSubstitutionEffectsExposure"
                     xlink:to="label_CreditRiskMitigationTechniquesSubstitutionEffectsExposure"
                     xlink:title="label: CreditRiskMitigationTechniquesSubstitutionEffectsExposure to label_CreditRiskMitigationTechniquesSubstitutionEffectsExposure"/>
      <link:loc xlink:type="locator"
                xlink:href="p-cm-cr-2006-07-01.xsd#p-cm-cr_UnfundedCreditProtection"
                xlink:label="UnfundedCreditProtection_2"
                xlink:title="UnfundedCreditProtection"/>
      <link:label xlink:type="resource" xlink:label="label_UnfundedCreditProtection_2"
                  xlink:role="http://www.xbrl.org/2003/role/documentation"
                  xlink:title="label_UnfundedCreditProtection"
                  xml:lang="en"
                  id="label_UnfundedCreditProtection_3">Detailed layer</link:label>
      <link:labelArc xlink:type="arc" xlink:arcrole="http://www.xbrl.org/2003/arcrole/concept-label"
                     xlink:from="UnfundedCreditProtection_2"
                     xlink:to="label_UnfundedCreditProtection_2"
                     xlink:title="label: UnfundedCreditProtection to label_UnfundedCreditProtection"/>
      <link:loc xlink:type="locator"
                xlink:href="p-cm-cr-2006-07-01.xsd#p-cm-cr_SubstitutionExposureCRMTotalInflows"
                xlink:label="SubstitutionExposureCRMTotalInflows"
                xlink:title="SubstitutionExposureCRMTotalInflows"/>
      <link:label xlink:type="resource" xlink:label="label_SubstitutionExposureCRMTotalInflows"
                  xlink:role="http://www.xbrl.org/2003/role/documentation"
                  xlink:title="label_SubstitutionExposureCRMTotalInflows"
                  xml:lang="en"
                  id="label_SubstitutionExposureCRMTotalInflows">Core layer</link:label>
      <link:labelArc xlink:type="arc" xlink:arcrole="http://www.xbrl.org/2003/arcrole/concept-label"
                     xlink:from="SubstitutionExposureCRMTotalInflows"
                     xlink:to="label_SubstitutionExposureCRMTotalInflows"
                     xlink:title="label: SubstitutionExposureCRMTotalInflows to label_SubstitutionExposureCRMTotalInflows"/>
      <link:loc xlink:type="locator"
                xlink:href="p-cm-ca-2006-07-01.xsd#p-cm-ca_CreditRiskCapitalRequirements"
                xlink:label="CreditRiskCapitalRequirements"
                xlink:title="CreditRiskCapitalRequirements"/>
      <link:label xlink:type="resource" xlink:label="label_CreditRiskCapitalRequirements"
                  xlink:role="http://www.xbrl.org/2003/role/label"
                  xlink:title="label_CreditRiskCapitalRequirements"
                  xml:lang="en"
                  id="label_CreditRiskCapitalRequirements">Capital Requirements</link:label>
      <link:labelArc xlink:type="arc" xlink:arcrole="http://www.xbrl.org/2003/arcrole/concept-label"
                     xlink:from="CreditRiskCapitalRequirements"
                     xlink:to="label_CreditRiskCapitalRequirements"
                     xlink:title="label: CreditRiskCapitalRequirements to label_CreditRiskCapitalRequirements"/>
      <link:label xlink:type="resource" xlink:label="label_CreditRiskCapitalRequirements_2"
                  xlink:role="http://www.xbrl.org/2003/role/documentation"
                  xlink:title="label_CreditRiskCapitalRequirements"
                  xml:lang="en"
                  id="label_CreditRiskCapitalRequirements_2">Core layer</link:label>
      <link:labelArc xlink:type="arc" xlink:arcrole="http://www.xbrl.org/2003/arcrole/concept-label"
                     xlink:from="CreditRiskCapitalRequirements"
                     xlink:to="label_CreditRiskCapitalRequirements_2"
                     xlink:title="label: CreditRiskCapitalRequirements to label_CreditRiskCapitalRequirements"/>
      <link:loc xlink:type="locator"
                xlink:href="p-ci-2006-07-01.xsd#p-ci_OtherFundedCreditProtection"
                xlink:label="OtherFundedCreditProtection"
                xlink:title="OtherFundedCreditProtection"/>
      <link:label xlink:type="resource" xlink:label="label_OtherFundedCreditProtection"
                  xlink:role="http://www.xbrl.org/2003/role/documentation"
                  xlink:title="label_OtherFundedCreditProtection"
                  xml:lang="en"
                  id="label_OtherFundedCreditProtection_2">Detailed layer</link:label>
      <link:labelArc xlink:type="arc" xlink:arcrole="http://www.xbrl.org/2003/arcrole/concept-label"
                     xlink:from="OtherFundedCreditProtection"
                     xlink:to="label_OtherFundedCreditProtection"
                     xlink:title="label: OtherFundedCreditProtection to label_OtherFundedCreditProtection"/>
      <link:loc xlink:type="locator"
                xlink:href="p-ci-2006-07-01.xsd#p-ci_CreditRiskMitigationTechniquesLGDEstimatesExcludingDoubleDefaultTreatment"
                xlink:label="CreditRiskMitigationTechniquesLGDEstimatesExcludingDoubleDefaultTreatment"
                xlink:title="CreditRiskMitigationTechniquesLGDEstimatesExcludingDoubleDefaultTreatment"/>
      <link:label xlink:type="resource"
                  xlink:label="label_CreditRiskMitigationTechniquesLGDEstimatesExcludingDoubleDefaultTreatment"
                  xlink:role="http://www.xbrl.org/2003/role/documentation"
                  xlink:title="label_CreditRiskMitigationTechniquesLGDEstimatesExcludingDoubleDefaultTreatment"
                  xml:lang="en"
                  id="label_CreditRiskMitigationTechniquesLGDEstimatesExcludingDoubleDefaultTreatment_2">Detailed layer</link:label>
      <link:labelArc xlink:type="arc" xlink:arcrole="http://www.xbrl.org/2003/arcrole/concept-label"
                     xlink:from="CreditRiskMitigationTechniquesLGDEstimatesExcludingDoubleDefaultTreatment"
                     xlink:to="label_CreditRiskMitigationTechniquesLGDEstimatesExcludingDoubleDefaultTreatment"
                     xlink:title="label: CreditRiskMitigationTechniquesLGDEstimatesExcludingDoubleDefaultTreatment to label_CreditRiskMitigationTechniquesLGDEstimatesExcludingDoubleDefaultTreatment"/>
      <link:loc xlink:type="locator"
                xlink:href="p-ci-2006-07-01.xsd#p-ci_OwnEstimatesLGDsUsedUnfundedCreditProtection"
                xlink:label="OwnEstimatesLGDsUsedUnfundedCreditProtection"
                xlink:title="OwnEstimatesLGDsUsedUnfundedCreditProtection"/>
      <link:label xlink:type="resource"
                  xlink:label="label_OwnEstimatesLGDsUsedUnfundedCreditProtection"
                  xlink:role="http://www.xbrl.org/2003/role/documentation"
                  xlink:title="label_OwnEstimatesLGDsUsedUnfundedCreditProtection"
                  xml:lang="en"
                  id="label_OwnEstimatesLGDsUsedUnfundedCreditProtection_2">Detailed layer</link:label>
      <link:labelArc xlink:type="arc" xlink:arcrole="http://www.xbrl.org/2003/arcrole/concept-label"
                     xlink:from="OwnEstimatesLGDsUsedUnfundedCreditProtection"
                     xlink:to="label_OwnEstimatesLGDsUsedUnfundedCreditProtection"
                     xlink:title="label: OwnEstimatesLGDsUsedUnfundedCreditProtection to label_OwnEstimatesLGDsUsedUnfundedCreditProtection"/>
      <link:loc xlink:type="locator" xlink:href="p-ci-2006-07-01.xsd#p-ci_Guarantees"
                xlink:label="Guarantees"
                xlink:title="Guarantees"/>
      <link:label xlink:type="resource" xlink:label="label_Guarantees"
                  xlink:role="http://www.xbrl.org/2003/role/documentation"
                  xlink:title="label_Guarantees"
                  xml:lang="en"
                  id="label_Guarantees_2">Detailed layer</link:label>
      <link:labelArc xlink:type="arc" xlink:arcrole="http://www.xbrl.org/2003/arcrole/concept-label"
                     xlink:from="Guarantees"
                     xlink:to="label_Guarantees"
                     xlink:title="label: Guarantees to label_Guarantees"/>
      <link:loc xlink:type="locator" xlink:href="p-ci-2006-07-01.xsd#p-ci_CreditDerivatives"
                xlink:label="CreditDerivatives"
                xlink:title="CreditDerivatives"/>
      <link:label xlink:type="resource" xlink:label="label_CreditDerivatives"
                  xlink:role="http://www.xbrl.org/2003/role/documentation"
                  xlink:title="label_CreditDerivatives"
                  xml:lang="en"
                  id="label_CreditDerivatives_2">Detailed layer</link:label>
      <link:labelArc xlink:type="arc" xlink:arcrole="http://www.xbrl.org/2003/arcrole/concept-label"
                     xlink:from="CreditDerivatives"
                     xlink:to="label_CreditDerivatives"
                     xlink:title="label: CreditDerivatives to label_CreditDerivatives"/>
      <link:loc xlink:type="locator"
                xlink:href="p-ci-2006-07-01.xsd#p-ci_FundedCreditProtection"
                xlink:label="FundedCreditProtection"
                xlink:title="FundedCreditProtection"/>
      <link:label xlink:type="resource" xlink:label="label_FundedCreditProtection"
                  xlink:role="http://www.xbrl.org/2003/role/documentation"
                  xlink:title="label_FundedCreditProtection"
                  xml:lang="en"
                  id="label_FundedCreditProtection_2">Detailed layer</link:label>
      <link:labelArc xlink:type="arc" xlink:arcrole="http://www.xbrl.org/2003/arcrole/concept-label"
                     xlink:from="FundedCreditProtection"
                     xlink:to="label_FundedCreditProtection"
                     xlink:title="label: FundedCreditProtection to label_FundedCreditProtection"/>
      <link:loc xlink:type="locator"
                xlink:href="p-ci-2006-07-01.xsd#p-ci_OwnEstimatesLGDsUsedOtherFundedCreditProtection"
                xlink:label="OwnEstimatesLGDsUsedOtherFundedCreditProtection"
                xlink:title="OwnEstimatesLGDsUsedOtherFundedCreditProtection"/>
      <link:label xlink:type="resource"
                  xlink:label="label_OwnEstimatesLGDsUsedOtherFundedCreditProtection"
                  xlink:role="http://www.xbrl.org/2003/role/documentation"
                  xlink:title="label_OwnEstimatesLGDsUsedOtherFundedCreditProtection"
                  xml:lang="en"
                  id="label_OwnEstimatesLGDsUsedOtherFundedCreditProtection_2">Detailed layer</link:label>
      <link:labelArc xlink:type="arc" xlink:arcrole="http://www.xbrl.org/2003/arcrole/concept-label"
                     xlink:from="OwnEstimatesLGDsUsedOtherFundedCreditProtection"
                     xlink:to="label_OwnEstimatesLGDsUsedOtherFundedCreditProtection"
                     xlink:title="label: OwnEstimatesLGDsUsedOtherFundedCreditProtection to label_OwnEstimatesLGDsUsedOtherFundedCreditProtection"/>
      <link:loc xlink:type="locator"
                xlink:href="p-ci-2006-07-01.xsd#p-ci_EligibleFinancialCollateral"
                xlink:label="EligibleFinancialCollateral"
                xlink:title="EligibleFinancialCollateral"/>
      <link:label xlink:type="resource" xlink:label="label_EligibleFinancialCollateral"
                  xlink:role="http://www.xbrl.org/2003/role/documentation"
                  xlink:title="label_EligibleFinancialCollateral"
                  xml:lang="en"
                  id="label_EligibleFinancialCollateral_2">Detailed layer</link:label>
      <link:labelArc xlink:type="arc" xlink:arcrole="http://www.xbrl.org/2003/arcrole/concept-label"
                     xlink:from="EligibleFinancialCollateral"
                     xlink:to="label_EligibleFinancialCollateral"
                     xlink:title="label: EligibleFinancialCollateral to label_EligibleFinancialCollateral"/>
      <link:loc xlink:type="locator"
                xlink:href="p-ci-2006-07-01.xsd#p-ci_OtherEligibleCollateral"
                xlink:label="OtherEligibleCollateral"
                xlink:title="OtherEligibleCollateral"/>
      <link:label xlink:type="resource" xlink:label="label_OtherEligibleCollateral"
                  xlink:role="http://www.xbrl.org/2003/role/documentation"
                  xlink:title="label_OtherEligibleCollateral"
                  xml:lang="en"
                  id="label_OtherEligibleCollateral_2">Detailed layer</link:label>
      <link:labelArc xlink:type="arc" xlink:arcrole="http://www.xbrl.org/2003/arcrole/concept-label"
                     xlink:from="OtherEligibleCollateral"
                     xlink:to="label_OtherEligibleCollateral"
                     xlink:title="label: OtherEligibleCollateral to label_OtherEligibleCollateral"/>
      <link:loc xlink:type="locator" xlink:href="p-ci-2006-07-01.xsd#p-ci_RealEstate"
                xlink:label="RealEstate"
                xlink:title="RealEstate"/>
      <link:label xlink:type="resource" xlink:label="label_RealEstate"
                  xlink:role="http://www.xbrl.org/2003/role/documentation"
                  xlink:title="label_RealEstate"
                  xml:lang="en"
                  id="label_RealEstate_2">Detailed layer</link:label>
      <link:labelArc xlink:type="arc" xlink:arcrole="http://www.xbrl.org/2003/arcrole/concept-label"
                     xlink:from="RealEstate"
                     xlink:to="label_RealEstate"
                     xlink:title="label: RealEstate to label_RealEstate"/>
      <link:loc xlink:type="locator"
                xlink:href="p-ci-2006-07-01.xsd#p-ci_OtherPhysicalCollateral"
                xlink:label="OtherPhysicalCollateral"
                xlink:title="OtherPhysicalCollateral"/>
      <link:label xlink:type="resource" xlink:label="label_OtherPhysicalCollateral"
                  xlink:role="http://www.xbrl.org/2003/role/documentation"
                  xlink:title="label_OtherPhysicalCollateral"
                  xml:lang="en"
                  id="label_OtherPhysicalCollateral_2">Detailed layer</link:label>
      <link:labelArc xlink:type="arc" xlink:arcrole="http://www.xbrl.org/2003/arcrole/concept-label"
                     xlink:from="OtherPhysicalCollateral"
                     xlink:to="label_OtherPhysicalCollateral"
                     xlink:title="label: OtherPhysicalCollateral to label_OtherPhysicalCollateral"/>
      <link:loc xlink:type="locator" xlink:href="p-ci-2006-07-01.xsd#p-ci_Receivables"
                xlink:label="Receivables"
                xlink:title="Receivables"/>
      <link:label xlink:type="resource" xlink:label="label_Receivables"
                  xlink:role="http://www.xbrl.org/2003/role/documentation"
                  xlink:title="label_Receivables"
                  xml:lang="en"
                  id="label_Receivables_2">Detailed layer</link:label>
      <link:labelArc xlink:type="arc" xlink:arcrole="http://www.xbrl.org/2003/arcrole/concept-label"
                     xlink:from="Receivables"
                     xlink:to="label_Receivables"
                     xlink:title="label: Receivables to label_Receivables"/>
      <link:loc xlink:type="locator"
                xlink:href="p-ci-2006-07-01.xsd#p-ci_SubjectDoubleDefaultTreatment"
                xlink:label="SubjectDoubleDefaultTreatment"
                xlink:title="SubjectDoubleDefaultTreatment"/>
      <link:label xlink:type="resource" xlink:label="label_SubjectDoubleDefaultTreatment"
                  xlink:role="http://www.xbrl.org/2003/role/documentation"
                  xlink:title="label_SubjectDoubleDefaultTreatment"
                  xml:lang="en"
                  id="label_SubjectDoubleDefaultTreatment_2">Detailed layer</link:label>
      <link:labelArc xlink:type="arc" xlink:arcrole="http://www.xbrl.org/2003/arcrole/concept-label"
                     xlink:from="SubjectDoubleDefaultTreatment"
                     xlink:to="label_SubjectDoubleDefaultTreatment"
                     xlink:title="label: SubjectDoubleDefaultTreatment to label_SubjectDoubleDefaultTreatment"/>
      <link:loc xlink:type="locator"
                xlink:href="p-ci-2006-07-01.xsd#p-ci_UnfundedCreditProtection"
                xlink:label="UnfundedCreditProtection"
                xlink:title="UnfundedCreditProtection"/>
      <link:label xlink:type="resource" xlink:label="label_UnfundedCreditProtection"
                  xlink:role="http://www.xbrl.org/2003/role/documentation"
                  xlink:title="label_UnfundedCreditProtection"
                  xml:lang="en"
                  id="label_UnfundedCreditProtection_2">Detailed layer</link:label>
      <link:labelArc xlink:type="arc" xlink:arcrole="http://www.xbrl.org/2003/arcrole/concept-label"
                     xlink:from="UnfundedCreditProtection"
                     xlink:to="label_UnfundedCreditProtection"
                     xlink:title="label: UnfundedCreditProtection to label_UnfundedCreditProtection"/>
      <link:loc xlink:type="locator"
                xlink:href="p-ci-2006-07-01.xsd#p-ci_ExposureWeightedAverageMaturityValueDays"
                xlink:label="ExposureWeightedAverageMaturityValueDays"
                xlink:title="ExposureWeightedAverageMaturityValueDays"/>
      <link:label xlink:type="resource"
                  xlink:label="label_ExposureWeightedAverageMaturityValueDays"
                  xlink:role="http://www.xbrl.org/2003/role/documentation"
                  xlink:title="label_ExposureWeightedAverageMaturityValueDays"
                  xml:lang="en"
                  id="label_ExposureWeightedAverageMaturityValueDays_2">Detailed layer</link:label>
      <link:labelArc xlink:type="arc" xlink:arcrole="http://www.xbrl.org/2003/arcrole/concept-label"
                     xlink:from="ExposureWeightedAverageMaturityValueDays"
                     xlink:to="label_ExposureWeightedAverageMaturityValueDays"
                     xlink:title="label: ExposureWeightedAverageMaturityValueDays to label_ExposureWeightedAverageMaturityValueDays"/>
      <link:loc xlink:type="locator" xlink:href="p-ci-2006-07-01.xsd#p-ci_NumberObligors"
                xlink:label="NumberObligors"
                xlink:title="NumberObligors"/>
      <link:label xlink:type="resource" xlink:label="label_NumberObligors"
                  xlink:role="http://www.xbrl.org/2003/role/documentation"
                  xlink:title="label_NumberObligors"
                  xml:lang="en"
                  id="label_NumberObligors_2">Detailed layer</link:label>
      <link:labelArc xlink:type="arc" xlink:arcrole="http://www.xbrl.org/2003/arcrole/concept-label"
                     xlink:from="NumberObligors"
                     xlink:to="label_NumberObligors"
                     xlink:title="label: NumberObligors to label_NumberObligors"/>
  </link:labelLink>
</link:linkbase>