<?xml version="1.0" encoding="UTF-8"?>
<?taxonomy-version 1.3.1?>
<!--Copyright (C) 2011 EBA - European Banking Authority, Tower 42, 25 Old Broad Street, London, EC2N 1HQ, United Kingdom.-->            
<link:linkbase xmlns:xsi="http://www.w3.org/2001/XMLSchema-instance"
               xmlns:link="http://www.xbrl.org/2003/linkbase"
               xmlns:xlink="http://www.w3.org/1999/xlink"
               xmlns:xbrli="http://www.xbrl.org/2003/instance"
               xsi:schemaLocation="http://www.xbrl.org/2003/linkbase http://www.xbrl.org/2003/xbrl-linkbase-2003-12-31.xsd">
  <link:roleRef roleURI="http://www.c-ebs.org/2006/corep/eu/ci" xlink:type="simple"
                 xlink:href="p-ci-2006-07-01.xsd#rt_ci"/>
  <link:arcroleRef arcroleURI="http://xbrl.org/int/dim/arcrole/domain-member" xlink:type="simple"
                    xlink:href="http://www.xbrl.org/2005/xbrldt-2005.xsd#domain-member"/>
  <link:definitionLink xlink:type="extended" xlink:role="http://www.c-ebs.org/2006/corep/eu/ci">
      <link:loc xlink:type="locator"
                xlink:href="p-cm-cr-2006-07-01.xsd#p-cm-cr_CreditRiskMitigationTechniquesSubstitutionEffectsExposure"
                xlink:label="CreditRiskMitigationTechniquesSubstitutionEffectsExposure"
                xlink:title="CreditRiskMitigationTechniquesSubstitutionEffectsExposure"/>
      <link:loc xlink:type="locator"
                xlink:href="p-cm-cr-2006-07-01.xsd#p-cm-cr_UnfundedCreditProtection"
                xlink:label="UnfundedCreditProtection"
                xlink:title="UnfundedCreditProtection"/>
      <link:definitionArc xlink:type="arc" xlink:arcrole="http://xbrl.org/int/dim/arcrole/domain-member"
                          xlink:from="CreditRiskMitigationTechniquesSubstitutionEffectsExposure"
                          xlink:to="UnfundedCreditProtection"
                          xlink:title="definition: CreditRiskMitigationTechniquesSubstitutionEffectsExposure to UnfundedCreditProtection"
                          order="1.0"/>
      <link:loc xlink:type="locator"
                xlink:href="p-cm-cr-2006-07-01.xsd#p-cm-cr_UnfundedCreditProtectionGuarantees"
                xlink:label="UnfundedCreditProtectionAdjustedValuesGuarantees"
                xlink:title="UnfundedCreditProtectionAdjustedValuesGuarantees"/>
      <link:definitionArc xlink:type="arc" xlink:arcrole="http://xbrl.org/int/dim/arcrole/domain-member"
                          xlink:from="UnfundedCreditProtection"
                          xlink:to="UnfundedCreditProtectionAdjustedValuesGuarantees"
                          xlink:title="definition: UnfundedCreditProtection to UnfundedCreditProtectionAdjustedValuesGuarantees"
                          order="1.0"/>
      <link:loc xlink:type="locator"
                xlink:href="p-cm-cr-2006-07-01.xsd#p-cm-cr_UnfundedCreditProtectionCreditDerivatives"
                xlink:label="CreditDerivatives"
                xlink:title="CreditDerivatives"/>
      <link:definitionArc xlink:type="arc" xlink:arcrole="http://xbrl.org/int/dim/arcrole/domain-member"
                          xlink:from="UnfundedCreditProtection"
                          xlink:to="CreditDerivatives"
                          xlink:title="definition: UnfundedCreditProtection to CreditDerivatives"
                          order="2.0"/>
      <link:loc xlink:type="locator"
                xlink:href="p-ci-2006-07-01.xsd#p-ci_OtherFundedCreditProtection"
                xlink:label="OtherFundedCreditProtection"
                xlink:title="OtherFundedCreditProtection"/>
      <link:definitionArc xlink:type="arc" xlink:arcrole="http://xbrl.org/int/dim/arcrole/domain-member"
                          xlink:from="CreditRiskMitigationTechniquesSubstitutionEffectsExposure"
                          xlink:to="OtherFundedCreditProtection"
                          xlink:title="definition: CreditRiskMitigationTechniquesSubstitutionEffectsExposure to OtherFundedCreditProtection"
                          order="2.0"/>
      <link:loc xlink:type="locator"
                xlink:href="p-cm-cr-2006-07-01.xsd#p-cm-cr_SubstitutionExposureCRM"
                xlink:label="SubstitutionExposureCRM"
                xlink:title="SubstitutionExposureCRM"/>
      <link:definitionArc xlink:type="arc" xlink:arcrole="http://xbrl.org/int/dim/arcrole/domain-member"
                          xlink:from="CreditRiskMitigationTechniquesSubstitutionEffectsExposure"
                          xlink:to="SubstitutionExposureCRM"
                          xlink:title="definition: CreditRiskMitigationTechniquesSubstitutionEffectsExposure to SubstitutionExposureCRM"
                          order="3.0"/>
      <link:loc xlink:type="locator"
                xlink:href="p-cm-cr-2006-07-01.xsd#p-cm-cr_SubstitutionExposureCRMTotalOutflows"
                xlink:label="SubstitutionExposureCRMTotalOutflows"
                xlink:title="SubstitutionExposureCRMTotalOutflows"/>
      <link:definitionArc xlink:type="arc" xlink:arcrole="http://xbrl.org/int/dim/arcrole/domain-member"
                          xlink:from="SubstitutionExposureCRM"
                          xlink:to="SubstitutionExposureCRMTotalOutflows"
                          xlink:title="definition: SubstitutionExposureCRM to SubstitutionExposureCRMTotalOutflows"
                          order="1.0"/>
      <link:loc xlink:type="locator"
                xlink:href="p-cm-cr-2006-07-01.xsd#p-cm-cr_SubstitutionExposureCRMTotalInflows"
                xlink:label="SubstitutionExposureCRMTotalInflows"
                xlink:title="SubstitutionExposureCRMTotalInflows"/>
      <link:definitionArc xlink:type="arc" xlink:arcrole="http://xbrl.org/int/dim/arcrole/domain-member"
                          xlink:from="SubstitutionExposureCRM"
                          xlink:to="SubstitutionExposureCRMTotalInflows"
                          xlink:title="definition: SubstitutionExposureCRM to SubstitutionExposureCRMTotalInflows"
                          order="2.0"/>
      <link:loc xlink:type="locator"
                xlink:href="p-cm-cr-2006-07-01.xsd#p-cm-cr_ExposureCRMSubstitutionEffectsPreConversionFactors"
                xlink:label="ExposureCRMSubstitutionEffectsPreConversionFactors"
                xlink:title="ExposureCRMSubstitutionEffectsPreConversionFactors"/>
      <link:loc xlink:type="locator"
                xlink:href="p-cm-cr-2006-07-01.xsd#p-cm-cr_ExposureCRMSubstitutionEffectsPreConversionFactorsOfWhichOffBalanceSheetItems"
                xlink:label="ExposureCRMSubstitutionEffectsPreConversionFactorsOfWhichOffBalanceSheetItems"
                xlink:title="ExposureCRMSubstitutionEffectsPreConversionFactorsOfWhichOffBalanceSheetItems"/>
      <link:definitionArc xlink:type="arc" xlink:arcrole="http://xbrl.org/int/dim/arcrole/domain-member"
                          xlink:from="ExposureCRMSubstitutionEffectsPreConversionFactors"
                          xlink:to="ExposureCRMSubstitutionEffectsPreConversionFactorsOfWhichOffBalanceSheetItems"
                          xlink:title="definition: ExposureCRMSubstitutionEffectsPreConversionFactors to ExposureCRMSubstitutionEffectsPreConversionFactorsOfWhichOffBalanceSheetItems"
                          order="1.0"/>
      <link:loc xlink:type="locator" xlink:href="p-cm-cr-2006-07-01.xsd#p-cm-cr_ExposureValue"
                xlink:label="ExposureValue"
                xlink:title="ExposureValue"/>
      <link:loc xlink:type="locator"
                xlink:href="p-cm-cr-2006-07-01.xsd#p-cm-cr_ExposureValueOfWhichOffBalanceSheetItems"
                xlink:label="ExposureValueOfWhichOffBalanceSheetItems"
                xlink:title="ExposureValueOfWhichOffBalanceSheetItems"/>
      <link:definitionArc xlink:type="arc" xlink:arcrole="http://xbrl.org/int/dim/arcrole/domain-member"
                          xlink:from="ExposureValue"
                          xlink:to="ExposureValueOfWhichOffBalanceSheetItems"
                          xlink:title="definition: ExposureValue to ExposureValueOfWhichOffBalanceSheetItems"
                          order="1.0"/>
      <link:loc xlink:type="locator"
                xlink:href="p-cm-cr-2006-07-01.xsd#p-cm-cr_InternalRatingSystem"
                xlink:label="InternalRatingSystem"
                xlink:title="InternalRatingSystem"/>
      <link:loc xlink:type="locator"
                xlink:href="p-cm-cr-2006-07-01.xsd#p-cm-cr_PdAssignedObligorGradePool"
                xlink:label="PdAssignedObligorGradePool"
                xlink:title="PdAssignedObligorGradePool"/>
      <link:definitionArc xlink:type="arc" xlink:arcrole="http://xbrl.org/int/dim/arcrole/domain-member"
                          xlink:from="InternalRatingSystem"
                          xlink:to="PdAssignedObligorGradePool"
                          xlink:title="definition: InternalRatingSystem to PdAssignedObligorGradePool"
                          order="1.0"/>
      <link:loc xlink:type="locator"
                xlink:href="p-cm-cr-2006-07-01.xsd#p-cm-cr_MemorandumItems"
                xlink:label="MemorandumItems"
                xlink:title="MemorandumItems"/>
      <link:loc xlink:type="locator"
                xlink:href="p-cm-cr-2006-07-01.xsd#p-cm-cr_ExpectedLossAmount"
                xlink:label="ExpectedLossAmount"
                xlink:title="ExpectedLossAmount"/>
      <link:definitionArc xlink:type="arc" xlink:arcrole="http://xbrl.org/int/dim/arcrole/domain-member"
                          xlink:from="MemorandumItems"
                          xlink:to="ExpectedLossAmount"
                          xlink:title="definition: MemorandumItems to ExpectedLossAmount"
                          order="1.0"/>
      <link:loc xlink:type="locator"
                xlink:href="p-cm-cr-2006-07-01.xsd#p-cm-cr_MemorandumItemsValueAdjustmentsProvisions"
                xlink:label="MemorandumItemsValueAdjustmentsProvisions"
                xlink:title="MemorandumItemsValueAdjustmentsProvisions"/>
      <link:definitionArc xlink:type="arc" xlink:arcrole="http://xbrl.org/int/dim/arcrole/domain-member"
                          xlink:from="MemorandumItems"
                          xlink:to="MemorandumItemsValueAdjustmentsProvisions"
                          xlink:title="definition: MemorandumItems to MemorandumItemsValueAdjustmentsProvisions"
                          order="2.0"/>
      <link:loc xlink:type="locator" xlink:href="p-ci-2006-07-01.xsd#p-ci_NumberObligors"
                xlink:label="NumberObligors"
                xlink:title="NumberObligors"/>
      <link:definitionArc xlink:type="arc" xlink:arcrole="http://xbrl.org/int/dim/arcrole/domain-member"
                          xlink:from="MemorandumItems"
                          xlink:to="NumberObligors"
                          xlink:title="definition: MemorandumItems to NumberObligors"
                          order="3.0"/>
      <link:loc xlink:type="locator"
                xlink:href="p-cm-cr-2006-07-01.xsd#p-cm-cr_OriginalExposurePreConversionFactors"
                xlink:label="OriginalExposurePreConversionFactors"
                xlink:title="OriginalExposurePreConversionFactors"/>
      <link:loc xlink:type="locator"
                xlink:href="p-cm-cr-2006-07-01.xsd#p-cm-cr_OfWhichArisingCounterpartyCreditRisk"
                xlink:label="OfWhichArisingCounterpartyCreditRisk"
                xlink:title="OfWhichArisingCounterpartyCreditRisk"/>
      <link:definitionArc xlink:type="arc" xlink:arcrole="http://xbrl.org/int/dim/arcrole/domain-member"
                          xlink:from="OriginalExposurePreConversionFactors"
                          xlink:to="OfWhichArisingCounterpartyCreditRisk"
                          xlink:title="definition: OriginalExposurePreConversionFactors to OfWhichArisingCounterpartyCreditRisk"
                          order="1.0"/>
      <link:loc xlink:type="locator" xlink:href="p-ci-2006-07-01.xsd#p-ci_CRIRBDomain"
                xlink:label="CRIRBDomain"
                xlink:title="CRIRBDomain"/>
      <link:definitionArc xlink:type="arc" xlink:arcrole="http://xbrl.org/int/dim/arcrole/domain-member"
                          xlink:from="CRIRBDomain"
                          xlink:to="InternalRatingSystem"
                          xlink:title="definition: CRIRBDomain to InternalRatingSystem"
                          use="optional"
                          order="1.0"/>
      <link:definitionArc xlink:type="arc" xlink:arcrole="http://xbrl.org/int/dim/arcrole/domain-member"
                          xlink:from="CRIRBDomain"
                          xlink:to="OriginalExposurePreConversionFactors"
                          xlink:title="definition: CRIRBDomain to OriginalExposurePreConversionFactors"
                          use="optional"
                          order="2.0"/>
      <link:definitionArc xlink:type="arc" xlink:arcrole="http://xbrl.org/int/dim/arcrole/domain-member"
                          xlink:from="CRIRBDomain"
                          xlink:to="CreditRiskMitigationTechniquesSubstitutionEffectsExposure"
                          xlink:title="definition: CRIRBDomain to CreditRiskMitigationTechniquesSubstitutionEffectsExposure"
                          use="optional"
                          order="3.0"/>
      <link:definitionArc xlink:type="arc" xlink:arcrole="http://xbrl.org/int/dim/arcrole/domain-member"
                          xlink:from="CRIRBDomain"
                          xlink:to="ExposureCRMSubstitutionEffectsPreConversionFactors"
                          xlink:title="definition: CRIRBDomain to ExposureCRMSubstitutionEffectsPreConversionFactors"
                          use="optional"
                          order="4.0"/>
      <link:definitionArc xlink:type="arc" xlink:arcrole="http://xbrl.org/int/dim/arcrole/domain-member"
                          xlink:from="CRIRBDomain"
                          xlink:to="ExposureValue"
                          xlink:title="definition: CRIRBDomain to ExposureValue"
                          use="optional"
                          order="5.0"/>
      <link:loc xlink:type="locator"
                xlink:href="p-ci-2006-07-01.xsd#p-ci_CreditRiskMitigationTechniquesLGDEstimatesExcludingDoubleDefaultTreatment"
                xlink:label="CreditRiskMitigationTechniquesLGDEstimatesExcludingDoubleDefaultTreatment"
                xlink:title="CreditRiskMitigationTechniquesLGDEstimatesExcludingDoubleDefaultTreatment"/>
      <link:definitionArc xlink:type="arc" xlink:arcrole="http://xbrl.org/int/dim/arcrole/domain-member"
                          xlink:from="CRIRBDomain"
                          xlink:to="CreditRiskMitigationTechniquesLGDEstimatesExcludingDoubleDefaultTreatment"
                          xlink:title="definition: CRIRBDomain to CreditRiskMitigationTechniquesLGDEstimatesExcludingDoubleDefaultTreatment"
                          use="optional"
                          order="6.0"/>
      <link:loc xlink:type="locator"
                xlink:href="p-ci-2006-07-01.xsd#p-ci_OwnEstimatesLGDsUsedUnfundedCreditProtection"
                xlink:label="OwnEstimatesLGDsUsedUnfundedCreditProtection"
                xlink:title="OwnEstimatesLGDsUsedUnfundedCreditProtection"/>
      <link:definitionArc xlink:type="arc" xlink:arcrole="http://xbrl.org/int/dim/arcrole/domain-member"
                          xlink:from="CreditRiskMitigationTechniquesLGDEstimatesExcludingDoubleDefaultTreatment"
                          xlink:to="OwnEstimatesLGDsUsedUnfundedCreditProtection"
                          xlink:title="definition: CreditRiskMitigationTechniquesLGDEstimatesExcludingDoubleDefaultTreatment to OwnEstimatesLGDsUsedUnfundedCreditProtection"
                          use="optional"
                          order="1.0"/>
      <link:loc xlink:type="locator" xlink:href="p-ci-2006-07-01.xsd#p-ci_Guarantees"
                xlink:label="Guarantees"
                xlink:title="Guarantees"/>
      <link:definitionArc xlink:type="arc" xlink:arcrole="http://xbrl.org/int/dim/arcrole/domain-member"
                          xlink:from="OwnEstimatesLGDsUsedUnfundedCreditProtection"
                          xlink:to="Guarantees"
                          xlink:title="definition: OwnEstimatesLGDsUsedUnfundedCreditProtection to Guarantees"
                          use="optional"
                          order="1.0"/>
      <link:loc xlink:type="locator" xlink:href="p-ci-2006-07-01.xsd#p-ci_CreditDerivatives"
                xlink:label="CreditDerivatives_2"
                xlink:title="CreditDerivatives"/>
      <link:definitionArc xlink:type="arc" xlink:arcrole="http://xbrl.org/int/dim/arcrole/domain-member"
                          xlink:from="OwnEstimatesLGDsUsedUnfundedCreditProtection"
                          xlink:to="CreditDerivatives_2"
                          xlink:title="definition: OwnEstimatesLGDsUsedUnfundedCreditProtection to CreditDerivatives"
                          use="optional"
                          order="2.0"/>
      <link:loc xlink:type="locator"
                xlink:href="p-ci-2006-07-01.xsd#p-ci_FundedCreditProtection"
                xlink:label="FundedCreditProtection"
                xlink:title="FundedCreditProtection"/>
      <link:definitionArc xlink:type="arc" xlink:arcrole="http://xbrl.org/int/dim/arcrole/domain-member"
                          xlink:from="CreditRiskMitigationTechniquesLGDEstimatesExcludingDoubleDefaultTreatment"
                          xlink:to="FundedCreditProtection"
                          xlink:title="definition: CreditRiskMitigationTechniquesLGDEstimatesExcludingDoubleDefaultTreatment to FundedCreditProtection"
                          use="optional"
                          order="2.0"/>
      <link:loc xlink:type="locator"
                xlink:href="p-ci-2006-07-01.xsd#p-ci_OwnEstimatesLGDsUsedOtherFundedCreditProtection"
                xlink:label="OwnEstimatesLGDsUsedOtherFundedCreditProtection"
                xlink:title="OwnEstimatesLGDsUsedOtherFundedCreditProtection"/>
      <link:definitionArc xlink:type="arc" xlink:arcrole="http://xbrl.org/int/dim/arcrole/domain-member"
                          xlink:from="FundedCreditProtection"
                          xlink:to="OwnEstimatesLGDsUsedOtherFundedCreditProtection"
                          xlink:title="definition: FundedCreditProtection to OwnEstimatesLGDsUsedOtherFundedCreditProtection"
                          use="optional"
                          order="1.0"/>
      <link:loc xlink:type="locator"
                xlink:href="p-ci-2006-07-01.xsd#p-ci_EligibleFinancialCollateral"
                xlink:label="EligibleFinancialCollateral"
                xlink:title="EligibleFinancialCollateral"/>
      <link:definitionArc xlink:type="arc" xlink:arcrole="http://xbrl.org/int/dim/arcrole/domain-member"
                          xlink:from="FundedCreditProtection"
                          xlink:to="EligibleFinancialCollateral"
                          xlink:title="definition: FundedCreditProtection to EligibleFinancialCollateral"
                          use="optional"
                          order="2.0"/>
      <link:loc xlink:type="locator"
                xlink:href="p-ci-2006-07-01.xsd#p-ci_OtherEligibleCollateral"
                xlink:label="OtherEligibleCollateral"
                xlink:title="OtherEligibleCollateral"/>
      <link:definitionArc xlink:type="arc" xlink:arcrole="http://xbrl.org/int/dim/arcrole/domain-member"
                          xlink:from="FundedCreditProtection"
                          xlink:to="OtherEligibleCollateral"
                          xlink:title="definition: FundedCreditProtection to OtherEligibleCollateral"
                          use="optional"
                          order="3.0"/>
      <link:loc xlink:type="locator" xlink:href="p-ci-2006-07-01.xsd#p-ci_RealEstate"
                xlink:label="RealEstate"
                xlink:title="RealEstate"/>
      <link:definitionArc xlink:type="arc" xlink:arcrole="http://xbrl.org/int/dim/arcrole/domain-member"
                          xlink:from="OtherEligibleCollateral"
                          xlink:to="RealEstate"
                          xlink:title="definition: OtherEligibleCollateral to RealEstate"
                          use="optional"
                          order="1.0"/>
      <link:loc xlink:type="locator"
                xlink:href="p-ci-2006-07-01.xsd#p-ci_OtherPhysicalCollateral"
                xlink:label="OtherPhysicalCollateral"
                xlink:title="OtherPhysicalCollateral"/>
      <link:definitionArc xlink:type="arc" xlink:arcrole="http://xbrl.org/int/dim/arcrole/domain-member"
                          xlink:from="OtherEligibleCollateral"
                          xlink:to="OtherPhysicalCollateral"
                          xlink:title="definition: OtherEligibleCollateral to OtherPhysicalCollateral"
                          use="optional"
                          order="2.0"/>
      <link:loc xlink:type="locator" xlink:href="p-ci-2006-07-01.xsd#p-ci_Receivables"
                xlink:label="Receivables"
                xlink:title="Receivables"/>
      <link:definitionArc xlink:type="arc" xlink:arcrole="http://xbrl.org/int/dim/arcrole/domain-member"
                          xlink:from="OtherEligibleCollateral"
                          xlink:to="Receivables"
                          xlink:title="definition: OtherEligibleCollateral to Receivables"
                          use="optional"
                          order="3.0"/>
      <link:loc xlink:type="locator"
                xlink:href="p-ci-2006-07-01.xsd#p-ci_SubjectDoubleDefaultTreatment"
                xlink:label="SubjectDoubleDefaultTreatment"
                xlink:title="SubjectDoubleDefaultTreatment"/>
      <link:definitionArc xlink:type="arc" xlink:arcrole="http://xbrl.org/int/dim/arcrole/domain-member"
                          xlink:from="CRIRBDomain"
                          xlink:to="SubjectDoubleDefaultTreatment"
                          xlink:title="definition: CRIRBDomain to SubjectDoubleDefaultTreatment"
                          use="optional"
                          order="7.0"/>
      <link:loc xlink:type="locator"
                xlink:href="p-ci-2006-07-01.xsd#p-ci_UnfundedCreditProtection"
                xlink:label="UnfundedCreditProtection_2"
                xlink:title="UnfundedCreditProtection"/>
      <link:definitionArc xlink:type="arc" xlink:arcrole="http://xbrl.org/int/dim/arcrole/domain-member"
                          xlink:from="SubjectDoubleDefaultTreatment"
                          xlink:to="UnfundedCreditProtection_2"
                          xlink:title="definition: SubjectDoubleDefaultTreatment to UnfundedCreditProtection"
                          use="optional"
                          order="1.0"/>
      <link:loc xlink:type="locator"
                xlink:href="p-cm-cr-2006-07-01.xsd#p-cm-cr_ExposureWeightedAverageLgd"
                xlink:label="ExposureWeightedAverageLgd"
                xlink:title="ExposureWeightedAverageLgd"/>
      <link:definitionArc xlink:type="arc" xlink:arcrole="http://xbrl.org/int/dim/arcrole/domain-member"
                          xlink:from="CRIRBDomain"
                          xlink:to="ExposureWeightedAverageLgd"
                          xlink:title="definition: CRIRBDomain to ExposureWeightedAverageLgd"
                          use="optional"
                          order="8.0"/>
      <link:loc xlink:type="locator"
                xlink:href="p-ci-2006-07-01.xsd#p-ci_ExposureWeightedAverageMaturityValueDays"
                xlink:label="ExposureWeightedAverageMaturityValueDays"
                xlink:title="ExposureWeightedAverageMaturityValueDays"/>
      <link:definitionArc xlink:type="arc" xlink:arcrole="http://xbrl.org/int/dim/arcrole/domain-member"
                          xlink:from="CRIRBDomain"
                          xlink:to="ExposureWeightedAverageMaturityValueDays"
                          xlink:title="definition: CRIRBDomain to ExposureWeightedAverageMaturityValueDays"
                          use="optional"
                          order="9.0"/>
      <link:loc xlink:type="locator"
                xlink:href="p-cm-cr-2006-07-01.xsd#p-cm-cr_RiskWeightedExposureAmounts"
                xlink:label="RiskWeightedExposureAmounts"
                xlink:title="RiskWeightedExposureAmounts"/>
      <link:definitionArc xlink:type="arc" xlink:arcrole="http://xbrl.org/int/dim/arcrole/domain-member"
                          xlink:from="CRIRBDomain"
                          xlink:to="RiskWeightedExposureAmounts"
                          xlink:title="definition: CRIRBDomain to RiskWeightedExposureAmounts"
                          use="optional"
                          order="10.0"/>
      <link:loc xlink:type="locator"
                xlink:href="p-cm-ca-2006-07-01.xsd#p-cm-ca_CreditRiskCapitalRequirements"
                xlink:label="CreditRiskCapitalRequirements"
                xlink:title="CreditRiskCapitalRequirements"/>
      <link:definitionArc xlink:type="arc" xlink:arcrole="http://xbrl.org/int/dim/arcrole/domain-member"
                          xlink:from="CRIRBDomain"
                          xlink:to="CreditRiskCapitalRequirements"
                          xlink:title="definition: CRIRBDomain to CreditRiskCapitalRequirements"
                          use="optional"
                          order="11.0"/>
      <link:definitionArc xlink:type="arc" xlink:arcrole="http://xbrl.org/int/dim/arcrole/domain-member"
                          xlink:from="CRIRBDomain"
                          xlink:to="MemorandumItems"
                          xlink:title="definition: CRIRBDomain to MemorandumItems"
                          use="optional"
                          order="12.0"/>
  </link:definitionLink>
</link:linkbase>