<?xml version="1.0" encoding="UTF-8"?>
<?taxonomy-version 1.3.1?>
<!--Copyright (C) 2011 EBA - European Banking Authority, Tower 42, 25 Old Broad Street, London, EC2N 1HQ, United Kingdom.-->            
<link:linkbase xmlns:xsi="http://www.w3.org/2001/XMLSchema-instance"
               xmlns:link="http://www.xbrl.org/2003/linkbase"
               xmlns:xlink="http://www.w3.org/1999/xlink"
               xmlns:xbrli="http://www.xbrl.org/2003/instance"
               xsi:schemaLocation="http://www.xbrl.org/2003/linkbase http://www.xbrl.org/2003/xbrl-linkbase-2003-12-31.xsd">
  <link:roleRef roleURI="http://www.c-ebs.org/2006/corep/eu/cm-cr" xlink:type="simple"
                 xlink:href="p-cm-cr-2006-07-01.xsd#rt_cm-cr"/>
  <link:arcroleRef arcroleURI="http://xbrl.org/int/dim/arcrole/domain-member" xlink:type="simple"
                    xlink:href="http://www.xbrl.org/2005/xbrldt-2005.xsd#domain-member"/>
  <link:definitionLink xlink:type="extended" xlink:role="http://www.c-ebs.org/2006/corep/eu/cm-cr">
      <link:loc xlink:type="locator"
                xlink:href="p-cm-cr-2006-07-01.xsd#p-cm-cr_CommonCRItemsDomain"
                xlink:label="CreditRiskDomain"
                xlink:title="CreditRiskDomain"/>
      <link:loc xlink:type="locator"
                xlink:href="p-cm-cr-2006-07-01.xsd#p-cm-cr_CreditRiskMitigationTechniquesAffectingAmountExposureFundedCreditProtection"
                xlink:label="CreditRiskMitigationTechniquesAffectingAmountExposureFundedCreditProtection"
                xlink:title="CreditRiskMitigationTechniquesAffectingAmountExposureFundedCreditProtection"/>
      <link:definitionArc xlink:type="arc" xlink:arcrole="http://xbrl.org/int/dim/arcrole/domain-member"
                          xlink:from="CreditRiskDomain"
                          xlink:to="CreditRiskMitigationTechniquesAffectingAmountExposureFundedCreditProtection"
                          xlink:title="definition: CreditRiskDomain to CreditRiskMitigationTechniquesAffectingAmountExposureFundedCreditProtection"
                          use="optional"
                          order="1.0"/>
      <link:loc xlink:type="locator"
                xlink:href="p-cm-cr-2006-07-01.xsd#p-cm-cr_FundedCreditProtection"
                xlink:label="FundedProtection"
                xlink:title="FundedProtection"/>
      <link:definitionArc xlink:type="arc" xlink:arcrole="http://xbrl.org/int/dim/arcrole/domain-member"
                          xlink:from="CreditRiskDomain"
                          xlink:to="FundedProtection"
                          xlink:title="definition: CreditRiskDomain to FundedProtection"
                          use="optional"
                          order="3.0"/>
      <link:loc xlink:type="locator"
                xlink:href="p-cm-cr-2006-07-01.xsd#p-cm-cr_SubstitutionExposureCRMTotalOutflows"
                xlink:label="SubstitutionExposureCRMTotalOutflows"
                xlink:title="SubstitutionExposureCRMTotalOutflows"/>
      <link:definitionArc xlink:type="arc" xlink:arcrole="http://xbrl.org/int/dim/arcrole/domain-member"
                          xlink:from="CreditRiskDomain"
                          xlink:to="SubstitutionExposureCRMTotalOutflows"
                          xlink:title="definition: CreditRiskDomain to SubstitutionExposureCRMTotalOutflows"
                          use="optional"
                          order="4.0"/>
      <link:loc xlink:type="locator"
                xlink:href="p-cm-cr-2006-07-01.xsd#p-cm-cr_SyntheticSecuritizationsCreditProtectionSecuritisedExposuresTotalOutflows"
                xlink:label="SyntheticSecuritizationsCreditProtectionSecuritisedExposuresTotalOutflows"
                xlink:title="SyntheticSecuritizationsCreditProtectionSecuritisedExposuresTotalOutflows"/>
      <link:definitionArc xlink:type="arc" xlink:arcrole="http://xbrl.org/int/dim/arcrole/domain-member"
                          xlink:from="CreditRiskDomain"
                          xlink:to="SyntheticSecuritizationsCreditProtectionSecuritisedExposuresTotalOutflows"
                          xlink:title="definition: CreditRiskDomain to SyntheticSecuritizationsCreditProtectionSecuritisedExposuresTotalOutflows"
                          use="optional"
                          order="5.0"/>
      <link:loc xlink:type="locator"
                xlink:href="p-cm-cr-2006-07-01.xsd#p-cm-cr_ConversionFactor0Percent"
                xlink:label="ConversionFactor0Percent"
                xlink:title="ConversionFactor0Percent"/>
      <link:definitionArc xlink:type="arc" xlink:arcrole="http://xbrl.org/int/dim/arcrole/domain-member"
                          xlink:from="CreditRiskDomain"
                          xlink:to="ConversionFactor0Percent"
                          xlink:title="definition: CreditRiskDomain to ConversionFactor0Percent"
                          use="optional"
                          order="6.0"/>
      <link:loc xlink:type="locator"
                xlink:href="p-cm-cr-2006-07-01.xsd#p-cm-cr_ConversionFactorBetween0And20Percent"
                xlink:label="ConversionFactorBetween0And20Percent"
                xlink:title="ConversionFactorBetween0And20Percent"/>
      <link:definitionArc xlink:type="arc" xlink:arcrole="http://xbrl.org/int/dim/arcrole/domain-member"
                          xlink:from="CreditRiskDomain"
                          xlink:to="ConversionFactorBetween0And20Percent"
                          xlink:title="definition: CreditRiskDomain to ConversionFactorBetween0And20Percent"
                          use="optional"
                          order="7.0"/>
      <link:loc xlink:type="locator"
                xlink:href="p-cm-cr-2006-07-01.xsd#p-cm-cr_ConversionFactorBetween20And50Percent"
                xlink:label="ConversionFactorBetween20And50Percent"
                xlink:title="ConversionFactorBetween20And50Percent"/>
      <link:definitionArc xlink:type="arc" xlink:arcrole="http://xbrl.org/int/dim/arcrole/domain-member"
                          xlink:from="CreditRiskDomain"
                          xlink:to="ConversionFactorBetween20And50Percent"
                          xlink:title="definition: CreditRiskDomain to ConversionFactorBetween20And50Percent"
                          use="optional"
                          order="8.0"/>
      <link:loc xlink:type="locator"
                xlink:href="p-cm-cr-2006-07-01.xsd#p-cm-cr_ConversionFactorBetween50And100Percent"
                xlink:label="ConversionFactorBetween50And100Percent"
                xlink:title="ConversionFactorBetween50And100Percent"/>
      <link:definitionArc xlink:type="arc" xlink:arcrole="http://xbrl.org/int/dim/arcrole/domain-member"
                          xlink:from="CreditRiskDomain"
                          xlink:to="ConversionFactorBetween50And100Percent"
                          xlink:title="definition: CreditRiskDomain to ConversionFactorBetween50And100Percent"
                          use="optional"
                          order="9.0"/>
      <link:loc xlink:type="locator"
                xlink:href="p-cm-cr-2006-07-01.xsd#p-cm-cr_BreakdownFullyAdjustedExposureValueOffBalanceSheetItemsConversionFactors"
                xlink:label="BreakdownFullyAdjustedExposureValueOffBalanceSheetItemsConversionFactors"
                xlink:title="BreakdownFullyAdjustedExposureValueOffBalanceSheetItemsConversionFactors"/>
      <link:definitionArc xlink:type="arc" xlink:arcrole="http://xbrl.org/int/dim/arcrole/domain-member"
                          xlink:from="CreditRiskDomain"
                          xlink:to="BreakdownFullyAdjustedExposureValueOffBalanceSheetItemsConversionFactors"
                          xlink:title="definition: CreditRiskDomain to BreakdownFullyAdjustedExposureValueOffBalanceSheetItemsConversionFactors"
                          use="optional"
                          order="10.0"/>
      <link:loc xlink:type="locator"
                xlink:href="p-cm-cr-2006-07-01.xsd#p-cm-cr_UnfundedCreditProtectionCreditDerivatives"
                xlink:label="CreditDerivatives"
                xlink:title="CreditDerivatives"/>
      <link:definitionArc xlink:type="arc" xlink:arcrole="http://xbrl.org/int/dim/arcrole/domain-member"
                          xlink:from="CreditRiskDomain"
                          xlink:to="CreditDerivatives"
                          xlink:title="definition: CreditRiskDomain to CreditDerivatives"
                          use="optional"
                          order="11.0"/>
      <link:loc xlink:type="locator"
                xlink:href="p-cm-cr-2006-07-01.xsd#p-cm-cr_CreditRiskMitigationTechniquesSubstitutionEffectsExposure"
                xlink:label="CreditRiskMitigationTechniquesSubstitutionEffectsExposure"
                xlink:title="CreditRiskMitigationTechniquesSubstitutionEffectsExposure"/>
      <link:definitionArc xlink:type="arc" xlink:arcrole="http://xbrl.org/int/dim/arcrole/domain-member"
                          xlink:from="CreditRiskDomain"
                          xlink:to="CreditRiskMitigationTechniquesSubstitutionEffectsExposure"
                          xlink:title="definition: CreditRiskDomain to CreditRiskMitigationTechniquesSubstitutionEffectsExposure"
                          use="optional"
                          order="12.0"/>
      <link:loc xlink:type="locator"
                xlink:href="p-cm-cr-2006-07-01.xsd#p-cm-cr_ExpectedLossAmount"
                xlink:label="ExpectedLossAmount"
                xlink:title="ExpectedLossAmount"/>
      <link:definitionArc xlink:type="arc" xlink:arcrole="http://xbrl.org/int/dim/arcrole/domain-member"
                          xlink:from="CreditRiskDomain"
                          xlink:to="ExpectedLossAmount"
                          xlink:title="definition: CreditRiskDomain to ExpectedLossAmount"
                          use="optional"
                          order="13.0"/>
      <link:loc xlink:type="locator"
                xlink:href="p-cm-cr-2006-07-01.xsd#p-cm-cr_ExposureCRMSubstitutionEffectsPreConversionFactors"
                xlink:label="ExposureCRMSubstitutionEffectsPreConversionFactors"
                xlink:title="ExposureCRMSubstitutionEffectsPreConversionFactors"/>
      <link:definitionArc xlink:type="arc" xlink:arcrole="http://xbrl.org/int/dim/arcrole/domain-member"
                          xlink:from="CreditRiskDomain"
                          xlink:to="ExposureCRMSubstitutionEffectsPreConversionFactors"
                          xlink:title="definition: CreditRiskDomain to ExposureCRMSubstitutionEffectsPreConversionFactors"
                          use="optional"
                          order="14.0"/>
      <link:loc xlink:type="locator" xlink:href="p-cm-cr-2006-07-01.xsd#p-cm-cr_ExposureValue"
                xlink:label="ExposureValue"
                xlink:title="ExposureValue"/>
      <link:definitionArc xlink:type="arc" xlink:arcrole="http://xbrl.org/int/dim/arcrole/domain-member"
                          xlink:from="CreditRiskDomain"
                          xlink:to="ExposureValue"
                          xlink:title="definition: CreditRiskDomain to ExposureValue"
                          use="optional"
                          order="15.0"/>
      <link:loc xlink:type="locator"
                xlink:href="p-cm-cr-2006-07-01.xsd#p-cm-cr_ExposureWeightedAverageLgd"
                xlink:label="ExposureWeightedAverageLgd"
                xlink:title="ExposureWeightedAverageLgd"/>
      <link:definitionArc xlink:type="arc" xlink:arcrole="http://xbrl.org/int/dim/arcrole/domain-member"
                          xlink:from="CreditRiskDomain"
                          xlink:to="ExposureWeightedAverageLgd"
                          xlink:title="definition: CreditRiskDomain to ExposureWeightedAverageLgd"
                          use="optional"
                          order="16.0"/>
      <link:loc xlink:type="locator"
                xlink:href="p-cm-cr-2006-07-01.xsd#p-cm-cr_CreditRiskMitigationTechniquesSubstitutionEffectsExposureFundedCreditProtection"
                xlink:label="CreditRiskMitigationTechniquesSubstitutionEffectsExposureFundedCreditProtection"
                xlink:title="CreditRiskMitigationTechniquesSubstitutionEffectsExposureFundedCreditProtection"/>
      <link:definitionArc xlink:type="arc" xlink:arcrole="http://xbrl.org/int/dim/arcrole/domain-member"
                          xlink:from="CreditRiskDomain"
                          xlink:to="CreditRiskMitigationTechniquesSubstitutionEffectsExposureFundedCreditProtection"
                          xlink:title="definition: CreditRiskDomain to CreditRiskMitigationTechniquesSubstitutionEffectsExposureFundedCreditProtection"
                          use="optional"
                          order="17.0"/>
      <link:loc xlink:type="locator"
                xlink:href="p-cm-cr-2006-07-01.xsd#p-cm-cr_UnfundedCreditProtectionGuarantees"
                xlink:label="UnfundedCreditProtectionAdjustedValuesGuarantees"
                xlink:title="UnfundedCreditProtectionAdjustedValuesGuarantees"/>
      <link:definitionArc xlink:type="arc" xlink:arcrole="http://xbrl.org/int/dim/arcrole/domain-member"
                          xlink:from="CreditRiskDomain"
                          xlink:to="UnfundedCreditProtectionAdjustedValuesGuarantees"
                          xlink:title="definition: CreditRiskDomain to UnfundedCreditProtectionAdjustedValuesGuarantees"
                          use="optional"
                          order="18.0"/>
      <link:loc xlink:type="locator"
                xlink:href="p-cm-cr-2006-07-01.xsd#p-cm-cr_InternalRatingSystem"
                xlink:label="InternalRatingSystem"
                xlink:title="InternalRatingSystem"/>
      <link:definitionArc xlink:type="arc" xlink:arcrole="http://xbrl.org/int/dim/arcrole/domain-member"
                          xlink:from="CreditRiskDomain"
                          xlink:to="InternalRatingSystem"
                          xlink:title="definition: CreditRiskDomain to InternalRatingSystem"
                          use="optional"
                          order="19.0"/>
      <link:loc xlink:type="locator"
                xlink:href="p-cm-cr-2006-07-01.xsd#p-cm-cr_MemorandumItems"
                xlink:label="MemorandumItems"
                xlink:title="MemorandumItems"/>
      <link:definitionArc xlink:type="arc" xlink:arcrole="http://xbrl.org/int/dim/arcrole/domain-member"
                          xlink:from="CreditRiskDomain"
                          xlink:to="MemorandumItems"
                          xlink:title="definition: CreditRiskDomain to MemorandumItems"
                          use="optional"
                          order="20.0"/>
      <link:loc xlink:type="locator"
                xlink:href="p-cm-cr-2006-07-01.xsd#p-cm-cr_NotionalAmountRetainedRepurchasedCreditProtection"
                xlink:label="NotionalAmountRetainedRepurchasedCreditProtection"
                xlink:title="NotionalAmountRetainedRepurchasedCreditProtection"/>
      <link:definitionArc xlink:type="arc" xlink:arcrole="http://xbrl.org/int/dim/arcrole/domain-member"
                          xlink:from="CreditRiskDomain"
                          xlink:to="NotionalAmountRetainedRepurchasedCreditProtection"
                          xlink:title="definition: CreditRiskDomain to NotionalAmountRetainedRepurchasedCreditProtection"
                          use="optional"
                          order="21.0"/>
      <link:loc xlink:type="locator"
                xlink:href="p-cm-cr-2006-07-01.xsd#p-cm-cr_OfWhichArisingCounterpartyCreditRisk"
                xlink:label="OfWhichArisingCounterpartyCreditRisk"
                xlink:title="OfWhichArisingCounterpartyCreditRisk"/>
      <link:definitionArc xlink:type="arc" xlink:arcrole="http://xbrl.org/int/dim/arcrole/domain-member"
                          xlink:from="CreditRiskDomain"
                          xlink:to="OfWhichArisingCounterpartyCreditRisk"
                          xlink:title="definition: CreditRiskDomain to OfWhichArisingCounterpartyCreditRisk"
                          use="optional"
                          order="22.0"/>
      <link:loc xlink:type="locator"
                xlink:href="p-cm-cr-2006-07-01.xsd#p-cm-cr_ExposureCRMSubstitutionEffectsPreConversionFactorsOfWhichOffBalanceSheetItems"
                xlink:label="ExposureCRMSubstitutionEffectsPreConversionFactorsOfWhichOffBalanceSheetItems"
                xlink:title="ExposureCRMSubstitutionEffectsPreConversionFactorsOfWhichOffBalanceSheetItems"/>
      <link:definitionArc xlink:type="arc" xlink:arcrole="http://xbrl.org/int/dim/arcrole/domain-member"
                          xlink:from="CreditRiskDomain"
                          xlink:to="ExposureCRMSubstitutionEffectsPreConversionFactorsOfWhichOffBalanceSheetItems"
                          xlink:title="definition: CreditRiskDomain to ExposureCRMSubstitutionEffectsPreConversionFactorsOfWhichOffBalanceSheetItems"
                          use="optional"
                          order="23.0"/>
      <link:loc xlink:type="locator"
                xlink:href="p-cm-cr-2006-07-01.xsd#p-cm-cr_ExposureValueOfWhichOffBalanceSheetItems"
                xlink:label="ExposureValueOfWhichOffBalanceSheetItems"
                xlink:title="ExposureValueOfWhichOffBalanceSheetItems"/>
      <link:definitionArc xlink:type="arc" xlink:arcrole="http://xbrl.org/int/dim/arcrole/domain-member"
                          xlink:from="CreditRiskDomain"
                          xlink:to="ExposureValueOfWhichOffBalanceSheetItems"
                          xlink:title="definition: CreditRiskDomain to ExposureValueOfWhichOffBalanceSheetItems"
                          use="optional"
                          order="24.0"/>
      <link:loc xlink:type="locator"
                xlink:href="p-cm-cr-2006-07-01.xsd#p-cm-cr_OriginalExposurePreConversionFactors"
                xlink:label="OriginalExposurePreConversionFactors"
                xlink:title="OriginalExposurePreConversionFactors"/>
      <link:definitionArc xlink:type="arc" xlink:arcrole="http://xbrl.org/int/dim/arcrole/domain-member"
                          xlink:from="CreditRiskDomain"
                          xlink:to="OriginalExposurePreConversionFactors"
                          xlink:title="definition: CreditRiskDomain to OriginalExposurePreConversionFactors"
                          use="optional"
                          order="25.0"/>
      <link:loc xlink:type="locator"
                xlink:href="p-cm-cr-2006-07-01.xsd#p-cm-cr_PdAssignedObligorGradePool"
                xlink:label="PdAssignedObligorGradePool"
                xlink:title="PdAssignedObligorGradePool"/>
      <link:definitionArc xlink:type="arc" xlink:arcrole="http://xbrl.org/int/dim/arcrole/domain-member"
                          xlink:from="CreditRiskDomain"
                          xlink:to="PdAssignedObligorGradePool"
                          xlink:title="definition: CreditRiskDomain to PdAssignedObligorGradePool"
                          use="optional"
                          order="26.0"/>
      <link:loc xlink:type="locator"
                xlink:href="p-cm-cr-2006-07-01.xsd#p-cm-cr_RiskWeightedExposureAmounts"
                xlink:label="RiskWeightedExposureAmount"
                xlink:title="RiskWeightedExposureAmount"/>
      <link:definitionArc xlink:type="arc" xlink:arcrole="http://xbrl.org/int/dim/arcrole/domain-member"
                          xlink:from="CreditRiskDomain"
                          xlink:to="RiskWeightedExposureAmount"
                          xlink:title="definition: CreditRiskDomain to RiskWeightedExposureAmount"
                          use="optional"
                          order="27.0"/>
      <link:loc xlink:type="locator"
                xlink:href="p-cm-cr-2006-07-01.xsd#p-cm-cr_SecuritisationPositions"
                xlink:label="SecuritisationPositions"
                xlink:title="SecuritisationPositions"/>
      <link:definitionArc xlink:type="arc" xlink:arcrole="http://xbrl.org/int/dim/arcrole/domain-member"
                          xlink:from="CreditRiskDomain"
                          xlink:to="SecuritisationPositions"
                          xlink:title="definition: CreditRiskDomain to SecuritisationPositions"
                          use="optional"
                          order="28.0"/>
      <link:loc xlink:type="locator"
                xlink:href="p-cm-cr-2006-07-01.xsd#p-cm-cr_SubjectRiskWeights"
                xlink:label="SubjectRiskWeights"
                xlink:title="SubjectRiskWeights"/>
      <link:definitionArc xlink:type="arc" xlink:arcrole="http://xbrl.org/int/dim/arcrole/domain-member"
                          xlink:from="CreditRiskDomain"
                          xlink:to="SubjectRiskWeights"
                          xlink:title="definition: CreditRiskDomain to SubjectRiskWeights"
                          use="optional"
                          order="29.0"/>
      <link:loc xlink:type="locator"
                xlink:href="p-cm-cr-2006-07-01.xsd#p-cm-cr_SubstitutionExposureCRM"
                xlink:label="SubstitutionExposureCRM"
                xlink:title="SubstitutionExposureCRM"/>
      <link:definitionArc xlink:type="arc" xlink:arcrole="http://xbrl.org/int/dim/arcrole/domain-member"
                          xlink:from="CreditRiskDomain"
                          xlink:to="SubstitutionExposureCRM"
                          xlink:title="definition: CreditRiskDomain to SubstitutionExposureCRM"
                          use="optional"
                          order="30.0"/>
      <link:loc xlink:type="locator"
                xlink:href="p-cm-cr-2006-07-01.xsd#p-cm-cr_SyntheticSecuritizationsCreditProtectionSecuritisedExposures"
                xlink:label="SyntheticSecuritizationsCreditProtectionSecuritisedExposures"
                xlink:title="SyntheticSecuritizationsCreditProtectionSecuritisedExposures"/>
      <link:definitionArc xlink:type="arc" xlink:arcrole="http://xbrl.org/int/dim/arcrole/domain-member"
                          xlink:from="CreditRiskDomain"
                          xlink:to="SyntheticSecuritizationsCreditProtectionSecuritisedExposures"
                          xlink:title="definition: CreditRiskDomain to SyntheticSecuritizationsCreditProtectionSecuritisedExposures"
                          use="optional"
                          order="31.0"/>
      <link:loc xlink:type="locator"
                xlink:href="p-cm-cr-2006-07-01.xsd#p-cm-cr_TotalAmountSecuritisedExposuresOriginated"
                xlink:label="TotalAmountSecuritisedExposuresOriginated"
                xlink:title="TotalAmountSecuritisedExposuresOriginated"/>
      <link:definitionArc xlink:type="arc" xlink:arcrole="http://xbrl.org/int/dim/arcrole/domain-member"
                          xlink:from="CreditRiskDomain"
                          xlink:to="TotalAmountSecuritisedExposuresOriginated"
                          xlink:title="definition: CreditRiskDomain to TotalAmountSecuritisedExposuresOriginated"
                          use="optional"
                          order="32.0"/>
      <link:loc xlink:type="locator"
                xlink:href="p-cm-cr-2006-07-01.xsd#p-cm-cr_TotalCapitalRequirementsBeforeCAP"
                xlink:label="TotalCapitalRequirementsBeforeCAP"
                xlink:title="TotalCapitalRequirementsBeforeCAP"/>
      <link:definitionArc xlink:type="arc" xlink:arcrole="http://xbrl.org/int/dim/arcrole/domain-member"
                          xlink:from="CreditRiskDomain"
                          xlink:to="TotalCapitalRequirementsBeforeCAP"
                          xlink:title="definition: CreditRiskDomain to TotalCapitalRequirementsBeforeCAP"
                          use="optional"
                          order="33.0"/>
      <link:loc xlink:type="locator"
                xlink:href="p-cm-cr-2006-07-01.xsd#p-cm-cr_UnfundedCreditProtection"
                xlink:label="UnfundedCreditProtection"
                xlink:title="UnfundedCreditProtection"/>
      <link:definitionArc xlink:type="arc" xlink:arcrole="http://xbrl.org/int/dim/arcrole/domain-member"
                          xlink:from="CreditRiskDomain"
                          xlink:to="UnfundedCreditProtection"
                          xlink:title="definition: CreditRiskDomain to UnfundedCreditProtection"
                          use="optional"
                          order="35.0"/>
      <link:loc xlink:type="locator"
                xlink:href="p-cm-cr-2006-07-01.xsd#p-cm-cr_CreditRiskMitigationTechniquesAffectingAmountExposureFundedCreditProtectionUnfundedCreditProtectionAdjustedValues"
                xlink:label="UnfundedCreditProtectionAdjustedValues"
                xlink:title="UnfundedCreditProtectionAdjustedValues"/>
      <link:definitionArc xlink:type="arc" xlink:arcrole="http://xbrl.org/int/dim/arcrole/domain-member"
                          xlink:from="CreditRiskDomain"
                          xlink:to="UnfundedCreditProtectionAdjustedValues"
                          xlink:title="definition: CreditRiskDomain to UnfundedCreditProtectionAdjustedValues"
                          use="optional"
                          order="36.0"/>
      <link:loc xlink:type="locator"
                xlink:href="p-cm-cr-2006-07-01.xsd#p-cm-cr_SyntheticSecuritizationsCreditProtectionSecuritisedExposuresUnfundedCreditProtectionAdjustedValues"
                xlink:label="UnfundedProtectionAdjustedValue"
                xlink:title="UnfundedProtectionAdjustedValue"/>
      <link:definitionArc xlink:type="arc" xlink:arcrole="http://xbrl.org/int/dim/arcrole/domain-member"
                          xlink:from="CreditRiskDomain"
                          xlink:to="UnfundedProtectionAdjustedValue"
                          xlink:title="definition: CreditRiskDomain to UnfundedProtectionAdjustedValue"
                          use="optional"
                          order="37.0"/>
      <link:loc xlink:type="locator"
                xlink:href="p-cm-cr-2006-07-01.xsd#p-cm-cr_MemorandumItemsValueAdjustmentsProvisions"
                xlink:label="MemorandumItemsValueAdjustmentsProvisions"
                xlink:title="MemorandumItemsValueAdjustmentsProvisions"/>
      <link:definitionArc xlink:type="arc" xlink:arcrole="http://xbrl.org/int/dim/arcrole/domain-member"
                          xlink:from="CreditRiskDomain"
                          xlink:to="MemorandumItemsValueAdjustmentsProvisions"
                          xlink:title="definition: CreditRiskDomain to MemorandumItemsValueAdjustmentsProvisions"
                          use="optional"
                          order="38.0"/>
      <link:loc xlink:type="locator"
                xlink:href="p-cm-cr-2006-07-01.xsd#p-cm-cr_MemorandumItemCapitalRequirementsOutflowsSecuritisationsExposureClasses"
                xlink:label="MemorandumItemCapitalRequirementsOutflowsSecuritisationsExposureClasses"
                xlink:title="MemorandumItemCapitalRequirementsOutflowsSecuritisationsExposureClasses"/>
      <link:definitionArc xlink:type="arc" xlink:arcrole="http://xbrl.org/int/dim/arcrole/domain-member"
                          xlink:from="CreditRiskDomain"
                          xlink:to="MemorandumItemCapitalRequirementsOutflowsSecuritisationsExposureClasses"
                          xlink:title="definition: CreditRiskDomain to MemorandumItemCapitalRequirementsOutflowsSecuritisationsExposureClasses"
                          use="optional"
                          order="39.0"/>
      <link:loc xlink:type="locator"
                xlink:href="p-cm-cr-2006-07-01.xsd#p-cm-cr_FullyAdjustedExposureValue"
                xlink:label="FullyAdjustedExposureValue"
                xlink:title="FullyAdjustedExposureValue"/>
      <link:definitionArc xlink:type="arc" xlink:arcrole="http://xbrl.org/int/dim/arcrole/domain-member"
                          xlink:from="CreditRiskDomain"
                          xlink:to="FullyAdjustedExposureValue"
                          xlink:title="definition: CommonCRItemsDomain to FullyAdjustedExposureValue"
                          order="40.0"/>
      <link:loc xlink:type="locator"
                xlink:href="p-cm-cr-2006-07-01.xsd#p-cm-cr_SubstitutionExposureCRMTotalInflows"
                xlink:label="SubstitutionExposureCRMTotalInflows"
                xlink:title="SubstitutionExposureCRMTotalInflows"/>
      <link:definitionArc xlink:type="arc" xlink:arcrole="http://xbrl.org/int/dim/arcrole/domain-member"
                          xlink:from="CreditRiskDomain"
                          xlink:to="SubstitutionExposureCRMTotalInflows"
                          xlink:title="definition: CommonCRItemsDomain to SubstitutionExposureCRMTotalInflows"
                          order="41.0"/>
      <link:loc xlink:type="locator"
                xlink:href="p-cm-cr-2006-07-01.xsd#p-cm-cr_DeductedOwnFunds"
                xlink:label="DeductedOwnFunds"
                xlink:title="DeductedOwnFunds"/>
      <link:definitionArc xlink:type="arc" xlink:arcrole="http://xbrl.org/int/dim/arcrole/domain-member"
                          xlink:from="CreditRiskDomain"
                          xlink:to="DeductedOwnFunds"
                          xlink:title="definition: CommonCRItemsDomain to DeductedOwnFunds"
                          use="optional"
                          order="2.0"/>
      <link:loc xlink:type="locator"
                xlink:href="p-cm-cr-2006-07-01.xsd#p-cm-cr_OverallEffectAdjustmentDueInfringementDueDiligenceProvisions"
                xlink:label="OverallEffectAdjustmentDueInfringementDueDiligenceProvisions"
                xlink:title="OverallEffectAdjustmentDueInfringementDueDiligenceProvisions"/>
      <link:definitionArc xlink:type="arc" xlink:arcrole="http://xbrl.org/int/dim/arcrole/domain-member"
                          xlink:from="CreditRiskDomain"
                          xlink:to="OverallEffectAdjustmentDueInfringementDueDiligenceProvisions"
                          xlink:title="definition: CommonCRItemsDomain to OverallEffectAdjustmentDueInfringementDueDiligenceProvisions"
                          order="42.0"/>
      <link:loc xlink:type="locator"
                xlink:href="p-cm-cr-2006-07-01.xsd#p-cm-cr_AdjustmentRiskWeightedExposureAmountDueMaturityMismatches"
                xlink:label="AdjustmentRiskWeightedExposureAmountDueMaturityMismatches"
                xlink:title="AdjustmentRiskWeightedExposureAmountDueMaturityMismatches"/>
      <link:definitionArc xlink:type="arc" xlink:arcrole="http://xbrl.org/int/dim/arcrole/domain-member"
                          xlink:from="CreditRiskDomain"
                          xlink:to="AdjustmentRiskWeightedExposureAmountDueMaturityMismatches"
                          xlink:title="definition: CommonCRItemsDomain to AdjustmentRiskWeightedExposureAmountDueMaturityMismatches"
                          order="43.0"/>
  </link:definitionLink>
</link:linkbase>