<?xml version="1.0" encoding="UTF-8"?>
<?taxonomy-version 1.3.1?>
<!--Copyright (C) 2011 EBA - European Banking Authority, Tower 42, 25 Old Broad Street, London, EC2N 1HQ, United Kingdom.-->            
<link:linkbase xmlns:link="http://www.xbrl.org/2003/linkbase"
               xmlns:xbrli="http://www.xbrl.org/2003/instance"
               xmlns:xlink="http://www.w3.org/1999/xlink"
               xmlns:xsi="http://www.w3.org/2001/XMLSchema-instance"
               xsi:schemaLocation="http://www.xbrl.org/2003/linkbase http://www.xbrl.org/2003/xbrl-linkbase-2003-12-31.xsd">
  <link:roleRef roleURI="http://www.c-ebs.org/2006/corep/eu/cm-mr" xlink:type="simple"
                 xlink:href="p-cm-mr-2006-07-01.xsd#rt_cm-mr"/>
  <link:arcroleRef arcroleURI="http://xbrl.org/int/dim/arcrole/domain-member" xlink:type="simple"
                    xlink:href="http://www.xbrl.org/2005/xbrldt-2005.xsd#domain-member"/>
  <link:definitionLink xlink:type="extended" xlink:role="http://www.c-ebs.org/2006/corep/eu/cm-mr">
      <link:loc xlink:type="locator"
                xlink:href="p-cm-mr-2006-07-01.xsd#p-cm-mr_CommonMRItemsDomain"
                xlink:label="CommonMRItemsDomain"
                xlink:title="CommonMRItemsDomain"/>
      <link:loc xlink:type="locator" xlink:href="p-cm-mr-2006-07-01.xsd#p-cm-mr_Positions"
                xlink:label="Positions"
                xlink:title="Positions"/>
      <link:definitionArc xlink:type="arc" xlink:arcrole="http://xbrl.org/int/dim/arcrole/domain-member"
                          xlink:from="CommonMRItemsDomain"
                          xlink:to="Positions"
                          xlink:title="definition: CommonMRItemsDomain to Positions"
                          order="1.0"/>
      <link:loc xlink:type="locator" xlink:href="p-cm-mr-2006-07-01.xsd#p-cm-mr_AllPositions"
                xlink:label="AllPositions"
                xlink:title="AllPositions"/>
      <link:definitionArc xlink:type="arc" xlink:arcrole="http://xbrl.org/int/dim/arcrole/domain-member"
                          xlink:from="Positions"
                          xlink:to="AllPositions"
                          xlink:title="definition: Positions to AllPositions"
                          order="1.0"/>
      <link:loc xlink:type="locator"
                xlink:href="p-cm-mr-2006-07-01.xsd#p-cm-mr_AllPositionsLong"
                xlink:label="AllPositionsLong"
                xlink:title="AllPositionsLong"/>
      <link:definitionArc xlink:type="arc" xlink:arcrole="http://xbrl.org/int/dim/arcrole/domain-member"
                          xlink:from="AllPositions"
                          xlink:to="AllPositionsLong"
                          xlink:title="definition: AllPositions to AllPositionsLong"
                          order="1.0"/>
      <link:loc xlink:type="locator"
                xlink:href="p-cm-mr-2006-07-01.xsd#p-cm-mr_AllPositionsShort"
                xlink:label="AllPositionsShort"
                xlink:title="AllPositionsShort"/>
      <link:definitionArc xlink:type="arc" xlink:arcrole="http://xbrl.org/int/dim/arcrole/domain-member"
                          xlink:from="AllPositions"
                          xlink:to="AllPositionsShort"
                          xlink:title="definition: AllPositions to AllPositionsShort"
                          order="2.0"/>
      <link:loc xlink:type="locator"
                xlink:href="p-cm-mr-2006-07-01.xsd#p-cm-mr_MemorandumItems"
                xlink:label="MemorandumItems"
                xlink:title="MemorandumItems"/>
      <link:definitionArc xlink:type="arc" xlink:arcrole="http://xbrl.org/int/dim/arcrole/domain-member"
                          xlink:from="AllPositions"
                          xlink:to="MemorandumItems"
                          xlink:title="definition: AllPositions to MemorandumItems"
                          use="optional"
                          order="3.0"/>
      <link:loc xlink:type="locator"
                xlink:href="p-cm-mr-2006-07-01.xsd#p-cm-mr_MemorandumItemsPositions"
                xlink:label="MemorandumItemsPositions"
                xlink:title="MemorandumItemsPositions"/>
      <link:definitionArc xlink:type="arc" xlink:arcrole="http://xbrl.org/int/dim/arcrole/domain-member"
                          xlink:from="MemorandumItems"
                          xlink:to="MemorandumItemsPositions"
                          xlink:title="definition: MemorandumItems to MemorandumItemsPositions"
                          order="1.0"/>
      <link:loc xlink:type="locator"
                xlink:href="p-cm-mr-2006-07-01.xsd#p-cm-mr_MemorandumItemsLong"
                xlink:label="MemorandumItemsLong"
                xlink:title="MemorandumItemsLong"/>
      <link:definitionArc xlink:type="arc" xlink:arcrole="http://xbrl.org/int/dim/arcrole/domain-member"
                          xlink:from="MemorandumItemsPositions"
                          xlink:to="MemorandumItemsLong"
                          xlink:title="definition: MemorandumItemsPositions to MemorandumItemsLong"
                          order="1.0"/>
      <link:loc xlink:type="locator"
                xlink:href="p-cm-mr-2006-07-01.xsd#p-cm-mr_MemorandumItemsShort"
                xlink:label="MemorandumItemsShort"
                xlink:title="MemorandumItemsShort"/>
      <link:definitionArc xlink:type="arc" xlink:arcrole="http://xbrl.org/int/dim/arcrole/domain-member"
                          xlink:from="MemorandumItemsPositions"
                          xlink:to="MemorandumItemsShort"
                          xlink:title="definition: MemorandumItemsPositions to MemorandumItemsShort"
                          order="2.0"/>
      <link:loc xlink:type="locator"
                xlink:href="p-cm-mr-2006-07-01.xsd#p-cm-mr_ReductionEffectUnderwritingPositions"
                xlink:label="ReductionEffectUnderwritingPositions"
                xlink:title="ReductionEffectUnderwritingPositions"/>
      <link:definitionArc xlink:type="arc" xlink:arcrole="http://xbrl.org/int/dim/arcrole/domain-member"
                          xlink:from="Positions"
                          xlink:to="ReductionEffectUnderwritingPositions"
                          xlink:title="definition: Positions to ReductionEffectUnderwritingPositions"
                          order="2.0"/>
      <link:loc xlink:type="locator" xlink:href="p-cm-mr-2006-07-01.xsd#p-cm-mr_NetPositions"
                xlink:label="NetPositions"
                xlink:title="NetPositions"/>
      <link:definitionArc xlink:type="arc" xlink:arcrole="http://xbrl.org/int/dim/arcrole/domain-member"
                          xlink:from="Positions"
                          xlink:to="NetPositions"
                          xlink:title="definition: Positions to NetPositions"
                          order="3.0"/>
      <link:loc xlink:type="locator"
                xlink:href="p-cm-mr-2006-07-01.xsd#p-cm-mr_NetPositionsLong"
                xlink:label="NetPositionsLong"
                xlink:title="NetPositionsLong"/>
      <link:definitionArc xlink:type="arc" xlink:arcrole="http://xbrl.org/int/dim/arcrole/domain-member"
                          xlink:from="NetPositions"
                          xlink:to="NetPositionsLong"
                          xlink:title="definition: NetPositions to NetPositionsLong"
                          order="1.0"/>
      <link:loc xlink:type="locator"
                xlink:href="p-cm-mr-2006-07-01.xsd#p-cm-mr_NetPositionsShort"
                xlink:label="NetPositionsShort"
                xlink:title="NetPositionsShort"/>
      <link:definitionArc xlink:type="arc" xlink:arcrole="http://xbrl.org/int/dim/arcrole/domain-member"
                          xlink:from="NetPositions"
                          xlink:to="NetPositionsShort"
                          xlink:title="definition: NetPositions to NetPositionsShort"
                          order="2.0"/>
      <link:loc xlink:type="locator"
                xlink:href="p-cm-mr-2006-07-01.xsd#p-cm-mr_NetPositionsSubjectToCapitalCharge"
                xlink:label="NetPositionsSubjectToCapitalCharge"
                xlink:title="NetPositionsSubjectToCapitalCharge"/>
      <link:definitionArc xlink:type="arc" xlink:arcrole="http://xbrl.org/int/dim/arcrole/domain-member"
                          xlink:from="Positions"
                          xlink:to="NetPositionsSubjectToCapitalCharge"
                          xlink:title="definition: Positions to NetPositionsSubjectToCapitalCharge"
                          order="4.0"/>
  </link:definitionLink>
</link:linkbase>