<?xml version="1.0" encoding="UTF-8"?>
<?taxonomy-version 1.3.1?>
<!--Copyright (C) 2011 EBA - European Banking Authority, Tower 42, 25 Old Broad Street, London, EC2N 1HQ, United Kingdom.-->            
<link:linkbase xmlns:xsi="http://www.w3.org/2001/XMLSchema-instance"
               xmlns:p-cm-ca="http://www.c-ebs.org/eu/fr/esrs/corep/2006-07-01/p-cm-ca-2006-07-01"
               xmlns:link="http://www.xbrl.org/2003/linkbase"
               xmlns:xlink="http://www.w3.org/1999/xlink"
               xmlns:xbrli="http://www.xbrl.org/2003/instance"
               xsi:schemaLocation="http://www.xbrl.org/2003/linkbase http://www.xbrl.org/2003/xbrl-linkbase-2003-12-31.xsd">
  <link:roleRef roleURI="http://www.c-ebs.org/2006/corep/eu/cm-ca" xlink:type="simple"
                 xlink:href="p-cm-ca-2006-07-01.xsd#rt_cm-ca"/>
  <link:arcroleRef arcroleURI="http://xbrl.org/int/dim/arcrole/domain-member" xlink:type="simple"
                    xlink:href="http://www.xbrl.org/2005/xbrldt-2005.xsd#domain-member"/>
  <link:definitionLink xlink:type="extended" xlink:role="http://www.c-ebs.org/2006/corep/eu/cm-ca">
      <link:loc xlink:type="locator"
                xlink:href="p-cm-ca-2006-07-01.xsd#p-cm-ca_CommonCAItemsDomain"
                xlink:label="CommonCAItemsDomain"
                xlink:title="CommonCAItemsDomain"/>
      <link:loc xlink:type="locator"
                xlink:href="p-cm-ca-2006-07-01.xsd#p-cm-ca_SettlementRiskCapitalRequirements"
                xlink:label="SettlementRiskCapitalRequirements"
                xlink:title="SettlementRiskCapitalRequirements"/>
      <link:definitionArc xlink:type="arc" xlink:arcrole="http://xbrl.org/int/dim/arcrole/domain-member"
                          xlink:from="CommonCAItemsDomain"
                          xlink:to="SettlementRiskCapitalRequirements"
                          xlink:title="definition: CommonCAItemsDomain to SettlementRiskCapitalRequirements"
                          order="1.0"/>
      <link:loc xlink:type="locator"
                xlink:href="p-cm-ca-2006-07-01.xsd#p-cm-ca_OperationalRiskCapitalRequirements"
                xlink:label="OperationalRiskCapitalRequirements"
                xlink:title="OperationalRiskCapitalRequirements"/>
      <link:definitionArc xlink:type="arc" xlink:arcrole="http://xbrl.org/int/dim/arcrole/domain-member"
                          xlink:from="CommonCAItemsDomain"
                          xlink:to="OperationalRiskCapitalRequirements"
                          xlink:title="definition: CommonCAItemsDomain to OperationalRiskCapitalRequirements"
                          order="2.0"/>
      <link:loc xlink:type="locator"
                xlink:href="p-cm-ca-2006-07-01.xsd#p-cm-ca_MarketRiskCapitalRequirements"
                xlink:label="MarketRiskCapitalRequirements"
                xlink:title="MarketRiskCapitalRequirements"/>
      <link:definitionArc xlink:type="arc" xlink:arcrole="http://xbrl.org/int/dim/arcrole/domain-member"
                          xlink:from="CommonCAItemsDomain"
                          xlink:to="MarketRiskCapitalRequirements"
                          xlink:title="definition: CommonCAItemsDomain to MarketRiskCapitalRequirements"
                          order="3.0"/>
      <link:loc xlink:type="locator"
                xlink:href="p-cm-ca-2006-07-01.xsd#p-cm-ca_CreditRiskCapitalRequirements"
                xlink:label="CreditRiskCapitalRequirements"
                xlink:title="CreditRiskCapitalRequirements"/>
      <link:definitionArc xlink:type="arc" xlink:arcrole="http://xbrl.org/int/dim/arcrole/domain-member"
                          xlink:from="CommonCAItemsDomain"
                          xlink:to="CreditRiskCapitalRequirements"
                          xlink:title="definition: CommonCAItemsDomain to CreditRiskCapitalRequirements"
                          order="4.0"/>
      <link:loc xlink:type="locator"
                xlink:href="p-cm-ca-2006-07-01.xsd#p-cm-ca_CapitalRequirementsRelatedFixedOverheads"
                xlink:label="CapitalRequirementsRelatedFixedOverheads"
                xlink:title="CapitalRequirementsRelatedFixedOverheads"/>
      <link:definitionArc xlink:type="arc" xlink:arcrole="http://xbrl.org/int/dim/arcrole/domain-member"
                          xlink:from="CommonCAItemsDomain"
                          xlink:to="CapitalRequirementsRelatedFixedOverheads"
                          xlink:title="definition: CommonCAItemsDomain to CapitalRequirementsRelatedFixedOverheads"
                          order="5.0"/>
      <link:loc xlink:type="locator"
                xlink:href="p-cm-ca-2006-07-01.xsd#p-cm-ca_OtherTransitionalCapitalRequirements"
                xlink:label="OtherTransitionalCapitalRequirements"
                xlink:title="OtherTransitionalCapitalRequirements"/>
      <link:definitionArc xlink:type="arc" xlink:arcrole="http://xbrl.org/int/dim/arcrole/domain-member"
                          xlink:from="CommonCAItemsDomain"
                          xlink:to="OtherTransitionalCapitalRequirements"
                          xlink:title="definition: CommonCAItemsDomain to OtherTransitionalCapitalRequirements"
                          order="6.0"/>
      <link:loc xlink:type="locator"
                xlink:href="p-cm-ca-2006-07-01.xsd#p-cm-ca_CapitalRequirements"
                xlink:label="CapitalRequirements"
                xlink:title="CapitalRequirements"/>
      <link:definitionArc xlink:type="arc" xlink:arcrole="http://xbrl.org/int/dim/arcrole/domain-member"
                          xlink:from="CommonCAItemsDomain"
                          xlink:to="CapitalRequirements"
                          xlink:title="definition: CommonCAItemsDomain to CapitalRequirements"
                          order="7.0"/>
      <link:loc xlink:type="locator"
                xlink:href="p-cm-ca-2006-07-01.xsd#p-cm-ca_SurplusDeficitOwnFunds"
                xlink:label="SurplusDeficitOwnFunds"
                xlink:title="SurplusDeficitOwnFunds"/>
      <link:definitionArc xlink:type="arc" xlink:arcrole="http://xbrl.org/int/dim/arcrole/domain-member"
                          xlink:from="CommonCAItemsDomain"
                          xlink:to="SurplusDeficitOwnFunds"
                          xlink:title="definition: CommonCAItemsDomain to SurplusDeficitOwnFunds"
                          order="8.0"/>
      <link:loc xlink:type="locator"
                xlink:href="p-cm-ca-2006-07-01.xsd#p-cm-ca_SurplusDeficitOwnFundsTakingIntoAccountSupervisoryReviewProcess"
                xlink:label="SurplusDeficitOwnFundsTakingIntoAccountSupervisoryReviewProcess"
                xlink:title="SurplusDeficitOwnFundsTakingIntoAccountSupervisoryReviewProcess"/>
      <link:definitionArc xlink:type="arc" xlink:arcrole="http://xbrl.org/int/dim/arcrole/domain-member"
                          xlink:from="CommonCAItemsDomain"
                          xlink:to="SurplusDeficitOwnFundsTakingIntoAccountSupervisoryReviewProcess"
                          xlink:title="definition: CommonCAItemsDomain to SurplusDeficitOwnFundsTakingIntoAccountSupervisoryReviewProcess"
                          order="9.0"/>
      <link:loc xlink:type="locator"
                xlink:href="p-cm-ca-2006-07-01.xsd#p-cm-ca_TotalOwnFundsSolvencyPurposes"
                xlink:label="TotalOwnFundsSolvencyPurposes"
                xlink:title="TotalOwnFundsSolvencyPurposes"/>
      <link:definitionArc xlink:type="arc" xlink:arcrole="http://xbrl.org/int/dim/arcrole/domain-member"
                          xlink:from="CommonCAItemsDomain"
                          xlink:to="TotalOwnFundsSolvencyPurposes"
                          xlink:title="definition: CommonCAItemsDomain to TotalOwnFundsSolvencyPurposes"
                          order="10.0"/>
      <link:loc xlink:type="locator"
                xlink:href="p-cm-ca-2006-07-01.xsd#p-cm-ca_TotalOriginalOwnFundsGeneralSolvencyPurposes"
                xlink:label="TotalOriginalOwnFundsGeneralSolvencyPurposes"
                xlink:title="TotalOriginalOwnFundsGeneralSolvencyPurposes"/>
      <link:definitionArc xlink:type="arc" xlink:arcrole="http://xbrl.org/int/dim/arcrole/domain-member"
                          xlink:from="CommonCAItemsDomain"
                          xlink:to="TotalOriginalOwnFundsGeneralSolvencyPurposes"
                          xlink:title="definition: CommonCAItemsDomain to TotalOriginalOwnFundsGeneralSolvencyPurposes"
                          order="11.0"/>
  </link:definitionLink>
</link:linkbase>