<?xml version="1.0" encoding="UTF-8"?>
<?taxonomy-version 1.3.1?>
<!--Copyright (C) 2011 EBA - European Banking Authority, Tower 42, 25 Old Broad Street, London, EC2N 1HQ, United Kingdom.-->            
<link:linkbase xmlns:xsi="http://www.w3.org/2001/XMLSchema-instance"
               xmlns:p-cs="http://www.c-ebs.org/eu/fr/esrs/corep/2006-07-01/p-cs-2006-07-01"
               xmlns:ref-corep="http://www.c-ebs.org/eu/fr/esrs/corep/2005-09-30/ref-corep-2005-09-30"
               xmlns:link="http://www.xbrl.org/2003/linkbase"
               xmlns:ref="http://www.xbrl.org/2004/ref"
               xmlns:xlink="http://www.w3.org/1999/xlink"
               xmlns:xbrli="http://www.xbrl.org/2003/instance"
               xsi:schemaLocation="http://www.xbrl.org/2003/linkbase http://www.xbrl.org/2003/xbrl-linkbase-2003-12-31.xsd http://www.c-ebs.org/eu/fr/esrs/corep/2005-09-30/ref-corep-2005-09-30 ref-corep-2005-09-30.xsd http://www.xbrl.org/2004/ref http://www.xbrl.org/2004/ref-2004-08-10.xsd">
  <link:roleRef roleURI="http://www.c-ebs.org/2006/corep/eu/cs" xlink:type="simple"
                 xlink:href="p-cs-2006-07-01.xsd#rt_cs"/>
  <link:referenceLink xlink:type="extended" xlink:role="http://www.c-ebs.org/2006/corep/eu/cs">
      <link:loc xlink:type="locator"
                xlink:href="p-cm-cr-2006-07-01.xsd#p-cm-cr_OriginalExposurePreConversionFactors"
                xlink:label="reference_OriginalExposurePreconversionFactors_1134653571095_0"
                xlink:title="reference_OriginalExposurePreconversionFactors"/>
      <link:reference xlink:type="resource"
                      xlink:label="reference_OriginalExposurePreconversionFactors_1134653571095_1"
                      xlink:role="http://www.xbrl.org/2003/role/reference"
                      xlink:title="reference_OriginalExposurePreconversionFactors"
                      id="reference_OriginalExposurePreconversionFactors_1134653571095_1">
         <ref-corep:Comment>Article 74 paragraph 1 of Directive 2006/48/EC. Exposure value without taking into account value adjustments and provisions, conversion factors and the effect of credit risk mitigation techniques with the following qualifications stemming from article 78 paragraph 2 of Directive 2006/48/EC: For Derivative instruments, repurchase transactions, securities or commodities lending or borrowing transactions, long settlement transactions and margin lending transactions subject to annex III of Directive 2006/48/EC or subject to Annex II point 5 in connection with point 6 of Directive 2006/49/EC,  the original exposure will correspond to the Exposure Value for Counterparty Credit Risk calculated according to the methods laid down in annex III parts 3, 4, 5, 6 and 7 of Directive 2006/48/EC. In the case of master netting agreements covering repurchase transactions and / or securities or commodities lending or borrowing transactions and/ or other capital market driven transactions subject to annex VIII of Directive 2006/48/EC, the effect of Funded Credit Protection in the form of master netting agreements as under annex VIII part 3 point  22 of Directive 2006/48/EC shall be included. Exposure values for leases subject to Annex VI, part 1, point 90 of Directive 2006/48/EC.</ref-corep:Comment>
      </link:reference>
      <link:referenceArc xlink:type="arc"
                         xlink:arcrole="http://www.xbrl.org/2003/arcrole/concept-reference"
                         xlink:from="reference_OriginalExposurePreconversionFactors_1134653571095_0"
                         xlink:to="reference_OriginalExposurePreconversionFactors_1134653571095_1"
                         xlink:title="reference: OriginalExposurePreconversionFactors to reference_OriginalExposurePreconversionFactors"/>
      <link:loc xlink:type="locator"
                xlink:href="p-cm-cr-2006-07-01.xsd#p-cm-cr_OfWhichArisingCounterpartyCreditRisk"
                xlink:label="reference_OfWhichArisingCounterpartyCreditRisk_1134653735841_0"
                xlink:title="reference_OfWhichArisingCounterpartyCreditRisk"/>
      <link:reference xlink:type="resource"
                      xlink:label="reference_OfWhichArisingCounterpartyCreditRisk_1134653735841_1"
                      xlink:role="http://www.xbrl.org/2003/role/reference"
                      xlink:title="reference_OfWhichArisingCounterpartyCreditRisk"
                      id="reference_OfWhichArisingCounterpartyCreditRisk_1134653735841_1">
         <ref-corep:Comment>For Derivative instruments, repurchase transactions, securities or commodities lending or borrowing transactions, long settlement transactions and margin lending transactions subject to annex III of Directive 2006/48/EC,  the original exposure will correspond to the Exposure Value for Counterparty Credit Risk calculated according to the methods laid down in annex III parts 3, 4, 5, 6 and 7 of Directive 2006/48/EC.</ref-corep:Comment>
      </link:reference>
      <link:referenceArc xlink:type="arc"
                         xlink:arcrole="http://www.xbrl.org/2003/arcrole/concept-reference"
                         xlink:from="reference_OfWhichArisingCounterpartyCreditRisk_1134653735841_0"
                         xlink:to="reference_OfWhichArisingCounterpartyCreditRisk_1134653735841_1"
                         xlink:title="reference: OfWhichArisingCounterpartyCreditRisk to reference_OfWhichArisingCounterpartyCreditRisk"/>
      <link:loc xlink:type="locator"
                xlink:href="p-cs-2006-07-01.xsd#p-cs_ValueAdjustmentsProvisionsAssociatedOriginalExposure"
                xlink:label="reference_ValueAdjustmentsProvisionsAssociatedOriginalExposure_1134654014192_0"
                xlink:title="reference_ValueAdjustmentsProvisionsAssociatedOriginalExposure"/>
      <link:reference xlink:type="resource"
                      xlink:label="reference_ValueAdjustmentsProvisionsAssociatedOriginalExposure_1134654014192_1"
                      xlink:role="http://www.xbrl.org/2003/role/reference"
                      xlink:title="reference_ValueAdjustmentsProvisionsAssociatedOriginalExposure"
                      id="reference_ValueAdjustmentsProvisionsAssociatedOriginalExposure_1134654014192_1">
         <ref-corep:Comment>Value adjustment and provisions included in the corresponding accounting framework (Directive 86/635/EEC or Regulation 1606/2002) that affect the valuation of assets and off-balance sheet items according to article 74 paragraph 1 of Directive 2006/48/EC. </ref-corep:Comment>
      </link:reference>
      <link:referenceArc xlink:type="arc"
                         xlink:arcrole="http://www.xbrl.org/2003/arcrole/concept-reference"
                         xlink:from="reference_ValueAdjustmentsProvisionsAssociatedOriginalExposure_1134654014192_0"
                         xlink:to="reference_ValueAdjustmentsProvisionsAssociatedOriginalExposure_1134654014192_1"
                         xlink:title="reference: ValueAdjustmentsProvisionsAssociatedOriginalExposure to reference_ValueAdjustmentsProvisionsAssociatedOriginalExposure"/>
      <link:loc xlink:type="locator"
                xlink:href="p-cs-2006-07-01.xsd#p-cs_ExposureNetValueAdjustmentsProvisions"
                xlink:label="reference_ExposureNetValueAdjustmentsProvisions_1134654056673_0"
                xlink:title="reference_ExposureNetValueAdjustmentsProvisions"/>
      <link:reference xlink:type="resource"
                      xlink:label="reference_ExposureNetValueAdjustmentsProvisions_1134654056673_1"
                      xlink:role="http://www.xbrl.org/2003/role/reference"
                      xlink:title="reference_ExposureNetValueAdjustmentsProvisions"
                      id="reference_ExposureNetValueAdjustmentsProvisions_1134654056673_1"/>
      <link:referenceArc xlink:type="arc"
                         xlink:arcrole="http://www.xbrl.org/2003/arcrole/concept-reference"
                         xlink:from="reference_ExposureNetValueAdjustmentsProvisions_1134654056673_0"
                         xlink:to="reference_ExposureNetValueAdjustmentsProvisions_1134654056673_1"
                         xlink:title="reference: ExposureNetValueAdjustmentsProvisions to reference_ExposureNetValueAdjustmentsProvisions"/>
      <link:loc xlink:type="locator"
                xlink:href="p-cm-cr-2006-07-01.xsd#p-cm-cr_CreditRiskMitigationTechniquesSubstitutionEffectsExposure"
                xlink:label="reference_CreditRiskMitigationTechniquesSubstitutionEffectsExposure_1134654117690_0"
                xlink:title="reference_CreditRiskMitigationTechniquesSubstitutionEffectsExposure"/>
      <link:reference xlink:type="resource"
                      xlink:label="reference_CreditRiskMitigationTechniquesSubstitutionEffectsExposure_1134654117690_1"
                      xlink:role="http://www.xbrl.org/2003/role/reference"
                      xlink:title="reference_CreditRiskMitigationTechniquesSubstitutionEffectsExposure"
                      id="reference_CreditRiskMitigationTechniquesSubstitutionEffectsExposure_1134654117690_1">
         <ref-corep:Comment>Credit risk mitigation techniques as defined in article 4 (30) of Directive 2006/48/EC that reduce the credit risk of an exposure or exposures via the substitution of exposures as defined below in Inflows and Outflows.</ref-corep:Comment>
      </link:reference>
      <link:referenceArc xlink:type="arc"
                         xlink:arcrole="http://www.xbrl.org/2003/arcrole/concept-reference"
                         xlink:from="reference_CreditRiskMitigationTechniquesSubstitutionEffectsExposure_1134654117690_0"
                         xlink:to="reference_CreditRiskMitigationTechniquesSubstitutionEffectsExposure_1134654117690_1"
                         xlink:title="reference: CreditRiskMitigationTechniquesSubstitutionEffectsExposure to reference_CreditRiskMitigationTechniquesSubstitutionEffectsExposure"/>
      <link:loc xlink:type="locator" xlink:href="p-cs-2006-07-01.xsd#p-cs_Guarantees"
                xlink:label="reference_Guarantees_1134654244232_0"
                xlink:title="reference_Guarantees"/>
      <link:reference xlink:type="resource" xlink:label="reference_Guarantees_1134654244232_1"
                      xlink:role="http://www.xbrl.org/2003/role/reference"
                      xlink:title="reference_Guarantees"
                      id="reference_Guarantees_1134654244232_1">
         <ref-corep:Comment>Unfunded Credit Protection as defined in article 4 (32) of Directive 2006/48/EC different from Credit Derivatives</ref-corep:Comment>
      </link:reference>
      <link:referenceArc xlink:type="arc"
                         xlink:arcrole="http://www.xbrl.org/2003/arcrole/concept-reference"
                         xlink:from="reference_Guarantees_1134654244232_0"
                         xlink:to="reference_Guarantees_1134654244232_1"
                         xlink:title="reference: Guarantees to reference_Guarantees"/>
      <link:loc xlink:type="locator"
                xlink:href="p-cs-2006-07-01.xsd#p-cs_OtherFundedCreditProtection"
                xlink:label="OtherFundedCreditProtection"
                xlink:title="OtherFundedCreditProtection"/>
      <link:reference xlink:type="resource" xlink:label="reference_OtherFundedCreditProtection"
                      xlink:role="http://www.xbrl.org/2003/role/reference"
                      xlink:title="reference_OtherFundedCreditProtection"
                      id="reference_OtherFundedCreditProtection">
         <ref-corep:Comment>Annex VIII part 3 points 79-82 of Directive 2006/48/EC.</ref-corep:Comment>
      </link:reference>
      <link:referenceArc xlink:type="arc"
                         xlink:arcrole="http://www.xbrl.org/2003/arcrole/concept-reference"
                         xlink:from="OtherFundedCreditProtection"
                         xlink:to="reference_OtherFundedCreditProtection"
                         xlink:title="reference: OtherFundedCreditProtection to reference_OtherFundedCreditProtection"/>
      <link:loc xlink:type="locator" xlink:href="p-cs-2006-07-01.xsd#p-cs_TotalOutflows"
                xlink:label="TotalOutflows"
                xlink:title="TotalOutflows"/>
      <link:reference xlink:type="resource" xlink:label="reference_TotalOutflows"
                      xlink:role="http://www.xbrl.org/2003/role/reference"
                      xlink:title="reference_TotalOutflows"
                      id="reference_TotalOutflows">
         <ref-corep:Comment>Annex VIII part 3 points 26, 87, 88 of Directive 2006/48/EC. Outflows correspond to the covered part of the EXPOSURE NET OF VALUE ADJUSTMENTS AND PROVISIONS, that is deducted from the obligor's exposure class and, when relevant, risk weight or obligor grade, and subsequently assigned to the protection provider's exposure class and, when relevant, risk weight or obligor grade. This amount will be considered as an Inflow into the protection provider's exposure class and, when relevant, risk weights or obligor grades. Inflows and outflows within the same exposure classes and, when relevant,  risk weights or obligor grades should also be reported.</ref-corep:Comment>
      </link:reference>
      <link:referenceArc xlink:type="arc"
                         xlink:arcrole="http://www.xbrl.org/2003/arcrole/concept-reference"
                         xlink:from="TotalOutflows"
                         xlink:to="reference_TotalOutflows"
                         xlink:title="reference: TotalOutflows to reference_TotalOutflows"/>
      <link:loc xlink:type="locator" xlink:href="p-cs-2006-07-01.xsd#p-cs_TotalInflows"
                xlink:label="TotalInflows"
                xlink:title="TotalInflows"/>
      <link:reference xlink:type="resource" xlink:label="reference_TotalInflows"
                      xlink:role="http://www.xbrl.org/2003/role/reference"
                      xlink:title="reference_TotalInflows"
                      id="reference_TotalInflows">
         <ref-corep:Comment>Annex VIII part 3 points 26, 87, 88 of Directive 2006/48/EC. Outflows correspond to the covered part of the EXPOSURE NET OF VALUE ADJUSTMENTS AND PROVISIONS, that is deducted from the obligor's exposure class and, when relevant, risk weight or obligor grade, and subsequently assigned to the protection provider's exposure class and, when relevant, risk weight or obligor grade. This amount will be considered as an Inflow into the protection provider's exposure class and, when relevant, risk weights or obligor grades. Inflows and outflows within the same exposure classes and, when relevant,  risk weights or obligor grades should also be reported.</ref-corep:Comment>
      </link:reference>
      <link:referenceArc xlink:type="arc"
                         xlink:arcrole="http://www.xbrl.org/2003/arcrole/concept-reference"
                         xlink:from="TotalInflows"
                         xlink:to="reference_TotalInflows"
                         xlink:title="reference: TotalInflows to reference_TotalInflows"/>
      <link:loc xlink:type="locator"
                xlink:href="p-cs-2006-07-01.xsd#p-cs_NetExposureCrmSubstitutionEffectsPreConversionFactors"
                xlink:label="NetExposureCRMSubstitutionEffectsPreconversionFactor"
                xlink:title="NetExposureCRMSubstitutionEffectsPreconversionFactor"/>
      <link:reference xlink:type="resource"
                      xlink:label="reference_NetExposureCRMSubstitutionEffectsPreconversionFactor"
                      xlink:role="http://www.xbrl.org/2003/role/reference"
                      xlink:title="reference_NetExposureCRMSubstitutionEffectsPreconversionFactor"
                      id="reference_NetExposureCRMSubstitutionEffectsPreconversionFactor">
         <ref-corep:Comment>Exposure assigned in the corresponding risk weight and exposure class after taking into account outflows and inflows due to CREDIT RISK MITIGATION (CRM) TECHNIQUES WITH SUBSTITUTION EFFECTS ON THE EXPOSURE</ref-corep:Comment>
      </link:reference>
      <link:referenceArc xlink:type="arc"
                         xlink:arcrole="http://www.xbrl.org/2003/arcrole/concept-reference"
                         xlink:from="NetExposureCRMSubstitutionEffectsPreconversionFactor"
                         xlink:to="reference_NetExposureCRMSubstitutionEffectsPreconversionFactor"
                         xlink:title="reference: NetExposureCRMSubstitutionEffectsPreconversionFactor to reference_NetExposureCRMSubstitutionEffectsPreconversionFactor"/>
      <link:loc xlink:type="locator"
                xlink:href="p-cs-2006-07-01.xsd#p-cs_CreditRiskMitigationTechniquesAffectingAmountExposureFundedCreditProtectionFinancialCollateralComprehensiveMethod"
                xlink:label="CreditRiskMitigationTechniquesAffectingAmountExposureFundedCreditProtectionFinancialCollateralComprenhensiveMethod"
                xlink:title="CreditRiskMitigationTechniquesAffectingAmountExposureFundedCreditProtectionFinancialCollateralComprenhensiveMethod"/>
      <link:reference xlink:type="resource"
                      xlink:label="reference_CreditRiskMitigationTechniquesAffectingAmountExposureFundedCreditProtectionFinancialCollateralComprenhensiveMethod"
                      xlink:role="http://www.xbrl.org/2003/role/reference"
                      xlink:title="reference_CreditRiskMitigationTechniquesAffectingAmountExposureFundedCreditProtectionFinancialCollateralComprenhensiveMethod"
                      id="reference_CreditRiskMitigationTechniquesAffectingAmountExposureFundedCreditProtectionFinancialCollateralComprenhensiveMethod">
         <ref-corep:Comment>Annex VIII part 3 points 30 to 59 of Directive 2006/48/EC. It also includes credit linked notes (Annex VIII part 3 point 3 of Directive 2006/48/EC)</ref-corep:Comment>
      </link:reference>
      <link:referenceArc xlink:type="arc"
                         xlink:arcrole="http://www.xbrl.org/2003/arcrole/concept-reference"
                         xlink:from="CreditRiskMitigationTechniquesAffectingAmountExposureFundedCreditProtectionFinancialCollateralComprenhensiveMethod"
                         xlink:to="reference_CreditRiskMitigationTechniquesAffectingAmountExposureFundedCreditProtectionFinancialCollateralComprenhensiveMethod"
                         xlink:title="reference: CreditRiskMitigationTechniquesAffectingAmountExposureFundedCreditProtectionFinancialCollateralComprenhensiveMethod to reference_CreditRiskMitigationTechniquesAffectingAmountExposureFundedCreditProtectionFinancialCollateralComprenhensiveMethod"/>
      <link:loc xlink:type="locator"
                xlink:href="p-cs-2006-07-01.xsd#p-cs_VolatilityAdjustmentExposure"
                xlink:label="VolatilityAdjustmentExposure"
                xlink:title="VolatilityAdjustmentExposure"/>
      <link:reference xlink:type="resource" xlink:label="reference_VolatilityAdjustmentExposure"
                      xlink:role="http://www.xbrl.org/2003/role/reference"
                      xlink:title="reference_VolatilityAdjustmentExposure"
                      id="reference_VolatilityAdjustmentExposure">
         <ref-corep:Comment>Annex VIII part 3 point 33 of Directive 2006/48/EC. The amount to be reported is given by the impact of  the volatility adjustment to the exposure (Eva-E) = E*He</ref-corep:Comment>
      </link:reference>
      <link:referenceArc xlink:type="arc"
                         xlink:arcrole="http://www.xbrl.org/2003/arcrole/concept-reference"
                         xlink:from="VolatilityAdjustmentExposure"
                         xlink:to="reference_VolatilityAdjustmentExposure"
                         xlink:title="reference: VolatilityAdjustmentExposure to reference_VolatilityAdjustmentExposure"/>
      <link:loc xlink:type="locator"
                xlink:href="p-cs-2006-07-01.xsd#p-cs_FinancialCollateralAdjustedValueCvam"
                xlink:label="FinancialCollateralAdjustedValue"
                xlink:title="FinancialCollateralAdjustedValue"/>
      <link:reference xlink:type="resource" xlink:label="reference_FinancialCollateralAdjustedValue"
                      xlink:role="http://www.xbrl.org/2003/role/reference"
                      xlink:title="reference_FinancialCollateralAdjustedValue"
                      id="reference_FinancialCollateralAdjustedValue">
         <ref-corep:Comment>Annex VIII part 4 point 7 of Directive 2006/48/EC. For trading book operations includes financial collateral and commodities eligible for trading book exposures according to annex II point 9 of Directive 2006/49/EC. The amount to be reported corresponds to Cvam= C*(1-Hc-Hfx)*(t-t*)/(T-t*), where for a definition of C, Hc, Hfx, t, T and t* see annex VIII parts 3 and 4 of Directive 2006/48/EC.</ref-corep:Comment>
      </link:reference>
      <link:referenceArc xlink:type="arc"
                         xlink:arcrole="http://www.xbrl.org/2003/arcrole/concept-reference"
                         xlink:from="FinancialCollateralAdjustedValue"
                         xlink:to="reference_FinancialCollateralAdjustedValue"
                         xlink:title="reference: FinancialCollateralAdjustedValue to reference_FinancialCollateralAdjustedValue"/>
      <link:loc xlink:type="locator"
                xlink:href="p-cs-2006-07-01.xsd#p-cs_FullyAdjustedExposureValue"
                xlink:label="FullyAdjustedExposureValue"
                xlink:title="FullyAdjustedExposureValue"/>
      <link:reference xlink:type="resource" xlink:label="reference_FullyAdjustedExposureValue"
                      xlink:role="http://www.xbrl.org/2003/role/reference"
                      xlink:title="reference_FullyAdjustedExposureValue"
                      id="reference_FullyAdjustedExposureValue">
         <ref-corep:Comment>Annex VIII part 3 points 22, 33 and 60 of Directive 2006/48/EC.</ref-corep:Comment>
      </link:reference>
      <link:referenceArc xlink:type="arc"
                         xlink:arcrole="http://www.xbrl.org/2003/arcrole/concept-reference"
                         xlink:from="FullyAdjustedExposureValue"
                         xlink:to="reference_FullyAdjustedExposureValue"
                         xlink:title="reference: FullyAdjustedExposureValue to reference_FullyAdjustedExposureValue"/>
      <link:loc xlink:type="locator" xlink:href="p-cs-2006-07-01.xsd#p-cs_ExposureValue"
                xlink:label="ExposureValue"
                xlink:title="ExposureValue"/>
      <link:reference xlink:type="resource" xlink:label="reference_ExposureValue"
                      xlink:role="http://www.xbrl.org/2003/role/reference"
                      xlink:title="reference_ExposureValue"
                      id="reference_ExposureValue">
         <ref-corep:Comment>Annex VIII part 3 of Directive 2006/48/EC. Exposure value after taking into account value adjustments, all credit risk mitigants and credit conversion factors that is to be assigned to risk weights according to article 80 and annex VI part 1 of Directive 2006/48/EC.</ref-corep:Comment>
      </link:reference>
      <link:referenceArc xlink:type="arc"
                         xlink:arcrole="http://www.xbrl.org/2003/arcrole/concept-reference"
                         xlink:from="ExposureValue"
                         xlink:to="reference_ExposureValue"
                         xlink:title="reference: ExposureValue to reference_ExposureValue"/>
      <link:loc xlink:type="locator"
                xlink:href="p-cm-cr-2006-07-01.xsd#p-cm-cr_RiskWeightedExposureAmounts"
                xlink:label="RiskWeightedExposureAmounts"
                xlink:title="RiskWeightedExposureAmounts"/>
      <link:reference xlink:type="resource" xlink:label="reference_RiskWeightedExposureAmounts"
                      xlink:role="http://www.xbrl.org/2003/role/reference"
                      xlink:title="reference_RiskWeightedExposureAmounts"
                      id="reference_RiskWeightedExposureAmounts">
         <ref-corep:Comment>Article 80 points 1 to 5 and 6 of Directive 2006/48/EC. </ref-corep:Comment>
      </link:reference>
      <link:referenceArc xlink:type="arc"
                         xlink:arcrole="http://www.xbrl.org/2003/arcrole/concept-reference"
                         xlink:from="RiskWeightedExposureAmounts"
                         xlink:to="reference_RiskWeightedExposureAmounts"
                         xlink:title="reference: RiskWeightedExposureAmounts to reference_RiskWeightedExposureAmounts"/>
      <link:loc xlink:type="locator"
                xlink:href="p-cm-ca-2006-07-01.xsd#p-cm-ca_CreditRiskCapitalRequirements"
                xlink:label="CapitalRequirements"
                xlink:title="CapitalRequirements"/>
      <link:reference xlink:type="resource" xlink:label="reference_CapitalRequirements"
                      xlink:role="http://www.xbrl.org/2003/role/reference"
                      xlink:title="reference_CapitalRequirements"
                      id="reference_CapitalRequirements">
         <ref-corep:Comment>Article 75 and 78 to 83 of Directive 2006/48/EC.</ref-corep:Comment>
      </link:reference>
      <link:referenceArc xlink:type="arc"
                         xlink:arcrole="http://www.xbrl.org/2003/arcrole/concept-reference"
                         xlink:from="CapitalRequirements"
                         xlink:to="reference_CapitalRequirements"
                         xlink:title="reference: CapitalRequirements to reference_CapitalRequirements"/>
      <link:loc xlink:type="locator"
                xlink:href="p-cs-2006-07-01.xsd#p-cs_SubstitutionExposureCrm"
                xlink:label="SubstitutionExposureCRM"
                xlink:title="SubstitutionExposureCrm"/>
      <link:reference xlink:type="resource" xlink:label="reference_SubstitutionExposureCRM"
                      xlink:role="http://www.xbrl.org/2003/role/reference"
                      xlink:title="reference_SubstitutionExposureCRM"
                      id="reference_SubstitutionExposureCRM">
         <ref-corep:Comment>Annex VIII part 3 points 26, 87, 88 of Directive 2006/48/EC. Outflows correspond to the covered part of the EXPOSURE NET OF VALUE ADJUSTMENTS AND PROVISIONS, that is deducted from the obligor's exposure class and, when relevant, risk weight or obligor grade, and subsequently assigned to the protection provider's exposure class and, when relevant, risk weight or obligor grade. This amount will be considered as an Inflow into the protection provider's exposure class and, when relevant, risk weights or obligor grades. Inflows and outflows within the same exposure classes and, when relevant,  risk weights or obligor grades should also be reported.</ref-corep:Comment>
      </link:reference>
      <link:referenceArc xlink:type="arc"
                         xlink:arcrole="http://www.xbrl.org/2003/arcrole/concept-reference"
                         xlink:from="SubstitutionExposureCRM"
                         xlink:to="reference_SubstitutionExposureCRM"
                         xlink:title="reference: SubstitutionExposureCRM to reference_SubstitutionExposureCRM"/>
      <link:loc xlink:type="locator"
                xlink:href="p-cs-2006-07-01.xsd#p-cs_UnfundedCreditProtectionAdjustedValues"
                xlink:label="UnfundedCreditProtectionAdjustedValues"
                xlink:title="UnfundedCreditProtectionAdjustedValues"/>
      <link:reference xlink:type="resource"
                      xlink:label="reference_UnfundedCreditProtectionAdjustedValues"
                      xlink:role="http://www.xbrl.org/2003/role/reference"
                      xlink:title="reference_UnfundedCreditProtectionAdjustedValues"
                      id="reference_UnfundedCreditProtectionAdjustedValues">
         <ref-corep:Comment>Annex VIII part 3 points 87 to 89 of Directive 2006/48/EC.</ref-corep:Comment>
      </link:reference>
      <link:referenceArc xlink:type="arc"
                         xlink:arcrole="http://www.xbrl.org/2003/arcrole/concept-reference"
                         xlink:from="UnfundedCreditProtectionAdjustedValues"
                         xlink:to="reference_UnfundedCreditProtectionAdjustedValues"
                         xlink:title="reference: UnfundedCreditProtectionAdjustedValues to reference_UnfundedCreditProtectionAdjustedValues"/>
      <link:loc xlink:type="locator" xlink:href="p-cs-2006-07-01.xsd#p-cs_CreditDerivatives"
                xlink:label="CreditDerivatives"
                xlink:title="CreditDerivatives"/>
      <link:reference xlink:type="resource" xlink:label="reference_CreditDerivatives"
                      xlink:role="http://www.xbrl.org/2003/role/reference"
                      xlink:title="reference_CreditDerivatives"
                      id="reference_CreditDerivatives">
         <ref-corep:Comment>Annex VIII part 1 points 30 and 31 of Directive 2006/48/EC.</ref-corep:Comment>
      </link:reference>
      <link:referenceArc xlink:type="arc"
                         xlink:arcrole="http://www.xbrl.org/2003/arcrole/concept-reference"
                         xlink:from="CreditDerivatives"
                         xlink:to="reference_CreditDerivatives"
                         xlink:title="reference: CreditDerivatives to reference_CreditDerivatives"/>
      <link:loc xlink:type="locator"
                xlink:href="p-cs-2006-07-01.xsd#p-cs_FundedCreditProtection"
                xlink:label="FundedCreditProtection"
                xlink:title="FundedCreditProtection"/>
      <link:reference xlink:type="resource" xlink:label="reference_FundedCreditProtection"
                      xlink:role="http://www.xbrl.org/2003/role/reference"
                      xlink:title="reference_FundedCreditProtection"
                      id="reference_FundedCreditProtection">
         <ref-corep:Comment>Article 4 definition 31 of Directive 2006/48/EC and annex VIII part 1 points 3, 4, 7 to 10, 23, 24, 25 of Directive 2006/48/EC, therefore excluding master netting agreements (already included in Original Exposure pre conversion factors). Credit linked Notes and on -balance sheet netting according to Annex VIII part 3 of Directive 2006/48/EC are treated as cash collateral.</ref-corep:Comment>
      </link:reference>
      <link:referenceArc xlink:type="arc"
                         xlink:arcrole="http://www.xbrl.org/2003/arcrole/concept-reference"
                         xlink:from="FundedCreditProtection"
                         xlink:to="reference_FundedCreditProtection"
                         xlink:title="reference: FundedCreditProtection to reference_FundedCreditProtection"/>
      <link:loc xlink:type="locator"
                xlink:href="p-cs-2006-07-01.xsd#p-cs_FinancialCollateralSimpleMethod"
                xlink:label="FinancialCollateralSimpleMethod"
                xlink:title="FinancialCollateralSimpleMethod"/>
      <link:reference xlink:type="resource" xlink:label="reference_FinancialCollateralSimpleMethod"
                      xlink:role="http://www.xbrl.org/2003/role/reference"
                      xlink:title="reference_FinancialCollateralSimpleMethod"
                      id="reference_FinancialCollateralSimpleMethod">
         <ref-corep:Comment>Annex VIII part 3 points 24 and 25 of Directive 2006/48/EC.</ref-corep:Comment>
      </link:reference>
      <link:referenceArc xlink:type="arc"
                         xlink:arcrole="http://www.xbrl.org/2003/arcrole/concept-reference"
                         xlink:from="FinancialCollateralSimpleMethod"
                         xlink:to="reference_FinancialCollateralSimpleMethod"
                         xlink:title="reference: FinancialCollateralSimpleMethod to reference_FinancialCollateralSimpleMethod"/>
      <link:loc xlink:type="locator"
                xlink:href="p-cs-2006-07-01.xsd#p-cs_VolatilityMaturityAdjustments"
                xlink:label="VolatilityMaturityAdjustments"
                xlink:title="VolatilityMaturityAdjustments"/>
      <link:reference xlink:type="resource" xlink:label="reference_VolatilityMaturityAdjustments"
                      xlink:role="http://www.xbrl.org/2003/role/reference"
                      xlink:title="reference_VolatilityMaturityAdjustments"
                      id="reference_VolatilityMaturityAdjustments">
         <ref-corep:Comment>Annex VIII part 3 points 30 to 32 of Directive 2006/48/EC and annex VIII part 4 point 7 of Directive 2006/48/EC. The amount to be reported is the joint impact of volatility and maturity adjustments (Cvam-C) = C*[(1-Hc-Hfx)*(t-t*)/(T-t*)-1], where the impact of volatility adjustment is (Cva-C) = C*[(1-Hc-Hfx)-1] and the impact of maturity adjustments is (Cvam-Cva)= C*(1-Hc-Hfx)*[(t-t*)/(T-t*)-1]</ref-corep:Comment>
      </link:reference>
      <link:referenceArc xlink:type="arc"
                         xlink:arcrole="http://www.xbrl.org/2003/arcrole/concept-reference"
                         xlink:from="VolatilityMaturityAdjustments"
                         xlink:to="reference_VolatilityMaturityAdjustments"
                         xlink:title="reference: VolatilityMaturityAdjustments to reference_VolatilityMaturityAdjustments"/>
      <link:loc xlink:type="locator"
                xlink:href="p-cs-2006-07-01.xsd#p-cs_BreakdownFullyAdjustedExposureOffBalanceSheetItemsConversionFactors"
                xlink:label="BreakdownFullyAdjustedExposureOffBalanceSheetItemsConversionFactors"
                xlink:title="BreakdownFullyAdjustedExposureOffBalanceSheetItemsConversionFactors"/>
      <link:reference xlink:type="resource"
                      xlink:label="reference_BreakdownFullyAdjustedExposureOffBalanceSheetItemsConversionFactors"
                      xlink:role="http://www.xbrl.org/2003/role/reference"
                      xlink:title="reference_BreakdownFullyAdjustedExposureOffBalanceSheetItemsConversionFactors"
                      id="reference_BreakdownFullyAdjustedExposureOffBalanceSheetItemsConversionFactors">
         <ref-corep:Comment>Article 78 paragraph 1 of Directive 2006/48/EC and article 4 definition 28 of Directive 2006/48/EC. See also annex VIII part 3 points 26 and 60 of Directive 2006/48/EC.</ref-corep:Comment>
      </link:reference>
      <link:referenceArc xlink:type="arc"
                         xlink:arcrole="http://www.xbrl.org/2003/arcrole/concept-reference"
                         xlink:from="BreakdownFullyAdjustedExposureOffBalanceSheetItemsConversionFactors"
                         xlink:to="reference_BreakdownFullyAdjustedExposureOffBalanceSheetItemsConversionFactors"
                         xlink:title="reference: BreakdownFullyAdjustedExposureOffBalanceSheetItemsConversionFactors to reference_BreakdownFullyAdjustedExposureOffBalanceSheetItemsConversionFactors"/>
      <link:loc xlink:type="locator"
                xlink:href="p-cm-cr-2006-07-01.xsd#p-cm-cr_ExposureCRMSubstitutionEffectsPreConversionFactors"
                xlink:label="ExposureCRMSubstitutionEffectsPreConversionFactors"
                xlink:title="ExposureCRMSubstitutionEffectsPreConversionFactors"/>
      <link:reference xlink:type="resource"
                      xlink:label="reference_ExposureCRMSubstitutionEffectsPreConversionFactors"
                      xlink:role="http://www.xbrl.org/2003/role/reference"
                      xlink:title="reference_ExposureCRMSubstitutionEffectsPreConversionFactors"
                      id="reference_ExposureCRMSubstitutionEffectsPreConversionFactors">
         <ref-corep:Comment>Exposure assigned in the corresponding obligor grade or pool and exposure class after taking into account outflows and inflows due to CREDIT RISK MITIGATION (CRM) TECHNIQUES WITH SUBSTITUTION EFFECTS ON THE EXPOSURE</ref-corep:Comment>
      </link:reference>
      <link:referenceArc xlink:type="arc"
                         xlink:arcrole="http://www.xbrl.org/2003/arcrole/concept-reference"
                         xlink:from="ExposureCRMSubstitutionEffectsPreConversionFactors"
                         xlink:to="reference_ExposureCRMSubstitutionEffectsPreConversionFactors"
                         xlink:title="reference: ExposureCRMSubstitutionEffectsPreConversionFactors to reference_ExposureCRMSubstitutionEffectsPreConversionFactors"/>
  </link:referenceLink>
</link:linkbase>