<?xml version="1.0" encoding="UTF-8"?>
<?taxonomy-version 1.3.1?>
<!--Copyright (C) 2011 EBA - European Banking Authority, Tower 42, 25 Old Broad Street, London, EC2N 1HQ, United Kingdom.-->            
<link:linkbase xmlns:link="http://www.xbrl.org/2003/linkbase"
               xmlns:xbrli="http://www.xbrl.org/2003/instance"
               xmlns:xlink="http://www.w3.org/1999/xlink"
               xmlns:xsi="http://www.w3.org/2001/XMLSchema-instance"
               xmlns:p-ct="http://www.c-ebs.org/eu/fr/esrs/corep/2006-07-01/p-ct-2006-07-01"
               xsi:schemaLocation="http://www.xbrl.org/2003/linkbase http://www.xbrl.org/2003/xbrl-linkbase-2003-12-31.xsd">
  <link:roleRef roleURI="http://www.c-ebs.org/2006/corep/eu/ct" xlink:type="simple"
                 xlink:href="p-ct-2006-07-01.xsd#rt_ct"/>
  <link:labelLink xlink:type="extended" xlink:role="http://www.xbrl.org/2003/role/link">
      <link:loc xlink:type="locator"
                xlink:href="p-ct-2006-07-01.xsd#p-ct_UnsettledTransactionsAtSettlementPrice"
                xlink:label="UnsettledTransactionsAtSettlementPrice"
                xlink:title="UnsettledTransactionsAtSettlementPrice"/>
      <link:label xlink:type="resource"
                  xlink:label="label_UnsettledTransactionsAtSettlementPrice"
                  xlink:role="http://www.xbrl.org/2003/role/label"
                  xlink:title="label_UnsettledTransactionsAtSettlementPrice"
                  xml:lang="en"
                  id="label_UnsettledTransactionsAtSettlementPrice">Unsettled Transactions At Settlement Price</link:label>
      <link:labelArc xlink:type="arc" xlink:arcrole="http://www.xbrl.org/2003/arcrole/concept-label"
                     xlink:from="UnsettledTransactionsAtSettlementPrice"
                     xlink:to="label_UnsettledTransactionsAtSettlementPrice"
                     xlink:title="label: UnsettledTransactionsAtSettlementPrice to label_UnsettledTransactionsAtSettlementPrice"/>
      <link:loc xlink:type="locator"
                xlink:href="p-ct-2006-07-01.xsd#p-ct_PriceDifferenceExposureDueToUnsettledTransactions"
                xlink:label="PriceDifferenceExposureDueToUnsettledTransactions"
                xlink:title="PriceDifferenceExposureDueToUnsettledTransactions"/>
      <link:label xlink:type="resource"
                  xlink:label="label_PriceDifferenceExposureDueToUnsettledTransactions"
                  xlink:role="http://www.xbrl.org/2003/role/label"
                  xlink:title="label_PriceDifferenceExposureDueToUnsettledTransactions"
                  xml:lang="en"
                  id="label_PriceDifferenceExposureDueToUnsettledTransactions">Price Difference Exposure Due To Unsettled Transactions</link:label>
      <link:labelArc xlink:type="arc" xlink:arcrole="http://www.xbrl.org/2003/arcrole/concept-label"
                     xlink:from="PriceDifferenceExposureDueToUnsettledTransactions"
                     xlink:to="label_PriceDifferenceExposureDueToUnsettledTransactions"
                     xlink:title="label: PriceDifferenceExposureDueToUnsettledTransactions to label_PriceDifferenceExposureDueToUnsettledTransactions"/>
      <link:loc xlink:type="locator" xlink:href="p-ct-2006-07-01.xsd#p-ct_CRTBSETTDomain"
                xlink:label="CRTBSETTDomain"
                xlink:title="CRTBSETTDomain"/>
      <link:label xlink:type="resource" xlink:label="label_CRTBSETTDomain"
                  xlink:role="http://www.xbrl.org/2003/role/label"
                  xlink:title="label_CRTBSETTDomain"
                  xml:lang="en"
                  id="label_CRTBSETTDomain">CR TB SETT (Domain)</link:label>
      <link:labelArc xlink:type="arc" xlink:arcrole="http://www.xbrl.org/2003/arcrole/concept-label"
                     xlink:from="CRTBSETTDomain"
                     xlink:to="label_CRTBSETTDomain"
                     xlink:title="label: CRTBSETTDomain to label_CRTBSETTDomain"/>
  </link:labelLink>
  <link:labelLink xlink:type="extended" xlink:role="http://www.c-ebs.org/2006/corep/eu/ct">
      <link:loc xlink:type="locator"
                xlink:href="p-cm-ca-2006-07-01.xsd#p-cm-ca_SettlementRiskCapitalRequirements"
                xlink:label="SettlementRiskCapitalRequirements"
                xlink:title="SettlementRiskCapitalRequirements"/>
      <link:label xlink:type="resource" xlink:label="label_SettlementRiskCapitalRequirements"
                  xlink:role="http://www.xbrl.org/2003/role/label"
                  xlink:title="label_SettlementRiskCapitalRequirements"
                  xml:lang="en"
                  id="label_SettlementRiskCapitalRequirements">Capital Requirements</link:label>
      <link:labelArc xlink:type="arc" xlink:arcrole="http://www.xbrl.org/2003/arcrole/concept-label"
                     xlink:from="SettlementRiskCapitalRequirements"
                     xlink:to="label_SettlementRiskCapitalRequirements"
                     xlink:title="label: SettlementRiskCapitalRequirements to label_SettlementRiskCapitalRequirements"/>
      <link:label xlink:type="resource" xlink:label="label_SettlementRiskCapitalRequirements_2"
                  xlink:role="http://www.xbrl.org/2003/role/documentation"
                  xlink:title="label_SettlementRiskCapitalRequirements"
                  xml:lang="en"
                  id="label_SettlementRiskCapitalRequirements_2_7381">Core layer</link:label>
      <link:labelArc xlink:type="arc" xlink:arcrole="http://www.xbrl.org/2003/arcrole/concept-label"
                     xlink:from="SettlementRiskCapitalRequirements"
                     xlink:to="label_SettlementRiskCapitalRequirements_2"
                     xlink:title="label: SettlementRiskCapitalRequirements to label_SettlementRiskCapitalRequirements"/>
      <link:loc xlink:type="locator"
                xlink:href="p-ct-2006-07-01.xsd#p-ct_UnsettledTransactionsAtSettlementPrice"
                xlink:label="UnsettledTransactionsAtSettlementPrice"
                xlink:title="UnsettledTransactionsAtSettlementPrice"/>
      <link:label xlink:type="resource"
                  xlink:label="label_UnsettledTransactionsAtSettlementPrice"
                  xlink:role="http://www.xbrl.org/2003/role/documentation"
                  xlink:title="label_UnsettledTransactionsAtSettlementPrice"
                  xml:lang="en"
                  id="label_UnsettledTransactionsAtSettlementPrice_7384">Detailed layer</link:label>
      <link:labelArc xlink:type="arc" xlink:arcrole="http://www.xbrl.org/2003/arcrole/concept-label"
                     xlink:from="UnsettledTransactionsAtSettlementPrice"
                     xlink:to="label_UnsettledTransactionsAtSettlementPrice"
                     xlink:title="label: UnsettledTransactionsAtSettlementPrice to label_UnsettledTransactionsAtSettlementPrice"/>
      <link:loc xlink:type="locator"
                xlink:href="p-ct-2006-07-01.xsd#p-ct_PriceDifferenceExposureDueToUnsettledTransactions"
                xlink:label="PriceDifferenceExposureDueToUnsettledTransactions"
                xlink:title="PriceDifferenceExposureDueToUnsettledTransactions"/>
      <link:label xlink:type="resource"
                  xlink:label="label_PriceDifferenceExposureDueToUnsettledTransactions"
                  xlink:role="http://www.xbrl.org/2003/role/documentation"
                  xlink:title="label_PriceDifferenceExposureDueToUnsettledTransactions"
                  xml:lang="en"
                  id="label_PriceDifferenceExposureDueToUnsettledTransactions_7387">Core layer</link:label>
      <link:labelArc xlink:type="arc" xlink:arcrole="http://www.xbrl.org/2003/arcrole/concept-label"
                     xlink:from="PriceDifferenceExposureDueToUnsettledTransactions"
                     xlink:to="label_PriceDifferenceExposureDueToUnsettledTransactions"
                     xlink:title="label: PriceDifferenceExposureDueToUnsettledTransactions to label_PriceDifferenceExposureDueToUnsettledTransactions"/>
      <link:loc xlink:type="locator" xlink:href="p-ct-2006-07-01.xsd#p-ct_CRTBSETTDomain"
                xlink:label="CRTBSETTDomain"
                xlink:title="CRTBSETTDomain"/>
      <link:label xlink:type="resource" xlink:label="label_CRTBSETTDomain"
                  xlink:role="http://www.xbrl.org/2003/role/documentation"
                  xlink:title="label_CRTBSETTDomain"
                  xml:lang="en"
                  id="label_CRTBSETTDomain_7390">Core layer</link:label>
      <link:labelArc xlink:type="arc" xlink:arcrole="http://www.xbrl.org/2003/arcrole/concept-label"
                     xlink:from="CRTBSETTDomain"
                     xlink:to="label_CRTBSETTDomain"
                     xlink:title="label: CRTBSETTDomain to label_CRTBSETTDomain"/>
  </link:labelLink>
</link:linkbase>