<?xml version="1.0" encoding="UTF-8"?>
<?taxonomy-version 1.3.1?>
<!--Copyright (C) 2011 EBA - European Banking Authority, Tower 42, 25 Old Broad Street, London, EC2N 1HQ, United Kingdom.-->            
<link:linkbase xmlns:link="http://www.xbrl.org/2003/linkbase"
               xmlns:xbrli="http://www.xbrl.org/2003/instance"
               xmlns:xlink="http://www.w3.org/1999/xlink"
               xmlns:xsi="http://www.w3.org/2001/XMLSchema-instance"
               xsi:schemaLocation="http://www.xbrl.org/2003/linkbase http://www.xbrl.org/2003/xbrl-linkbase-2003-12-31.xsd">
  <link:roleRef roleURI="http://www.c-ebs.org/2006/corep/eu/gd" xlink:type="simple"
                 xlink:href="p-gd-2006-07-01.xsd#rt_gd"/>
  <link:presentationLink xlink:type="extended" xlink:role="http://www.c-ebs.org/2006/corep/eu/gd">
      <link:loc xlink:type="locator"
                xlink:href="p-gd-2006-07-01.xsd#p-gd_GroupSolvencyDetailsInformationAffiliatesDomain"
                xlink:label="GroupSolvencyDetailsInformationAffiliatesDomain"
                xlink:title="GroupSolvencyDetailsInformationAffiliatesDomain"/>
      <link:loc xlink:type="locator"
                xlink:href="p-cm-ca-2006-07-01.xsd#p-cm-ca_CapitalRequirements"
                xlink:label="CapitalRequirements"
                xlink:title="CapitalRequirements"/>
      <link:presentationArc xlink:type="arc" xlink:arcrole="http://www.xbrl.org/2003/arcrole/parent-child"
                            xlink:from="GroupSolvencyDetailsInformationAffiliatesDomain"
                            xlink:to="CapitalRequirements"
                            xlink:title="presentation: GroupSolvencyDetailsInformationAffiliatesDomain to CapitalRequirements"
                            order="1.0"/>
      <link:loc xlink:type="locator"
                xlink:href="p-cm-ca-2006-07-01.xsd#p-cm-ca_CreditRiskCapitalRequirements"
                xlink:label="CreditRiskCapitalRequirements"
                xlink:title="CreditRiskCapitalRequirements"/>
      <link:presentationArc xlink:type="arc" xlink:arcrole="http://www.xbrl.org/2003/arcrole/parent-child"
                            xlink:from="CapitalRequirements"
                            xlink:to="CreditRiskCapitalRequirements"
                            xlink:title="presentation: CapitalRequirements to CreditRiskCapitalRequirements"
                            order="1.0"/>
      <link:loc xlink:type="locator"
                xlink:href="p-cm-ca-2006-07-01.xsd#p-cm-ca_SettlementRiskCapitalRequirements"
                xlink:label="SettlementRiskCapitalRequirements"
                xlink:title="SettlementRiskCapitalRequirements"/>
      <link:presentationArc xlink:type="arc" xlink:arcrole="http://www.xbrl.org/2003/arcrole/parent-child"
                            xlink:from="CapitalRequirements"
                            xlink:to="SettlementRiskCapitalRequirements"
                            xlink:title="presentation: CapitalRequirements to SettlementRiskCapitalRequirements"
                            order="2.0"/>
      <link:loc xlink:type="locator"
                xlink:href="p-cm-ca-2006-07-01.xsd#p-cm-ca_MarketRiskCapitalRequirements"
                xlink:label="MarketRiskCapitalRequirements"
                xlink:title="MarketRiskCapitalRequirements"/>
      <link:presentationArc xlink:type="arc" xlink:arcrole="http://www.xbrl.org/2003/arcrole/parent-child"
                            xlink:from="CapitalRequirements"
                            xlink:to="MarketRiskCapitalRequirements"
                            xlink:title="presentation: CapitalRequirements to MarketRiskCapitalRequirements"
                            order="3.0"/>
      <link:loc xlink:type="locator"
                xlink:href="p-cm-ca-2006-07-01.xsd#p-cm-ca_OperationalRiskCapitalRequirements"
                xlink:label="OperationalRiskCapitalRequirements"
                xlink:title="OperationalRiskCapitalRequirements"/>
      <link:presentationArc xlink:type="arc" xlink:arcrole="http://www.xbrl.org/2003/arcrole/parent-child"
                            xlink:from="CapitalRequirements"
                            xlink:to="OperationalRiskCapitalRequirements"
                            xlink:title="presentation: CapitalRequirements to OperationalRiskCapitalRequirements"
                            order="4.0"/>
      <link:loc xlink:type="locator"
                xlink:href="p-cm-ca-2006-07-01.xsd#p-cm-ca_OtherTransitionalCapitalRequirements"
                xlink:label="OtherTransitionalCapitalRequirements"
                xlink:title="OtherTransitionalCapitalRequirements"/>
      <link:presentationArc xlink:type="arc" xlink:arcrole="http://www.xbrl.org/2003/arcrole/parent-child"
                            xlink:from="CapitalRequirements"
                            xlink:to="OtherTransitionalCapitalRequirements"
                            xlink:title="presentation: CapitalRequirements to OtherTransitionalCapitalRequirements"
                            order="5.0"/>
      <link:loc xlink:type="locator"
                xlink:href="p-cm-ca-2006-07-01.xsd#p-cm-ca_TotalOwnFundsSolvencyPurposes"
                xlink:label="TotalOwnFundsSolvencyPurposes"
                xlink:title="TotalOwnFundsSolvencyPurposes"/>
      <link:presentationArc xlink:type="arc" xlink:arcrole="http://www.xbrl.org/2003/arcrole/parent-child"
                            xlink:from="GroupSolvencyDetailsInformationAffiliatesDomain"
                            xlink:to="TotalOwnFundsSolvencyPurposes"
                            xlink:title="presentation: GroupSolvencyDetailsInformationAffiliatesDomain to TotalOwnFundsSolvencyPurposes"
                            order="2.0"/>
      <link:loc xlink:type="locator"
                xlink:href="p-cm-ca-2006-07-01.xsd#p-cm-ca_TotalOriginalOwnFundsGeneralSolvencyPurposes"
                xlink:label="TotalOriginalOwnFundsGeneralSolvencyPurposes"
                xlink:title="TotalOriginalOwnFundsGeneralSolvencyPurposes"/>
      <link:presentationArc xlink:type="arc" xlink:arcrole="http://www.xbrl.org/2003/arcrole/parent-child"
                            xlink:from="TotalOwnFundsSolvencyPurposes"
                            xlink:to="TotalOriginalOwnFundsGeneralSolvencyPurposes"
                            xlink:title="presentation: TotalOwnFundsSolvencyPurposes to TotalOriginalOwnFundsGeneralSolvencyPurposes"
                            order="1.0"/>
      <link:loc xlink:type="locator"
                xlink:href="p-cm-ca-2006-07-01.xsd#p-cm-ca_SurplusDeficitOwnFunds"
                xlink:label="SurplusDeficitOwnFunds"
                xlink:title="SurplusDeficitOwnFunds"/>
      <link:presentationArc xlink:type="arc" xlink:arcrole="http://www.xbrl.org/2003/arcrole/parent-child"
                            xlink:from="GroupSolvencyDetailsInformationAffiliatesDomain"
                            xlink:to="SurplusDeficitOwnFunds"
                            xlink:title="presentation: GroupSolvencyDetailsInformationAffiliatesDomain to SurplusDeficitOwnFunds"
                            order="3.0"/>
      <link:loc xlink:type="locator"
                xlink:href="p-cm-ca-2006-07-01.xsd#p-cm-ca_SurplusDeficitOwnFundsTakingIntoAccountSupervisoryReviewProcess"
                xlink:label="SurplusDeficitOwnFundsTakingIntoAccountSupervisoryReviewProcess"
                xlink:title="SurplusDeficitOwnFundsTakingIntoAccountSupervisoryReviewProcess"/>
      <link:presentationArc xlink:type="arc" xlink:arcrole="http://www.xbrl.org/2003/arcrole/parent-child"
                            xlink:from="GroupSolvencyDetailsInformationAffiliatesDomain"
                            xlink:to="SurplusDeficitOwnFundsTakingIntoAccountSupervisoryReviewProcess"
                            xlink:title="presentation: GroupSolvencyDetailsInformationAffiliatesDomain to SurplusDeficitOwnFundsTakingIntoAccountSupervisoryReviewProcess"
                            order="4.0"/>
  </link:presentationLink>
</link:linkbase>