<?xml version="1.0" encoding="UTF-8"?>
<?taxonomy-version 1.3.1?>
<!--Copyright (C) 2011 EBA - European Banking Authority, Tower 42, 25 Old Broad Street, London, EC2N 1HQ, United Kingdom.-->            
<link:linkbase xmlns:link="http://www.xbrl.org/2003/linkbase"
               xmlns:xbrli="http://www.xbrl.org/2003/instance"
               xmlns:xlink="http://www.w3.org/1999/xlink"
               xmlns:xsi="http://www.w3.org/2001/XMLSchema-instance"
               xsi:schemaLocation="http://www.xbrl.org/2003/linkbase http://www.xbrl.org/2003/xbrl-linkbase-2003-12-31.xsd">
  <link:roleRef roleURI="http://www.c-ebs.org/2006/corep/eu/gd" xlink:type="simple"
                 xlink:href="p-gd-2006-07-01.xsd#rt_gd"/>
  <link:calculationLink xlink:type="extended" xlink:role="http://www.c-ebs.org/2006/corep/eu/gd">
      <link:loc xlink:type="locator"
                xlink:href="p-cm-ca-2006-07-01.xsd#p-cm-ca_SurplusDeficitOwnFunds"
                xlink:label="SurplusDeficitOwnFunds"
                xlink:title="SurplusDeficitOwnFunds"/>
      <link:loc xlink:type="locator"
                xlink:href="p-cm-ca-2006-07-01.xsd#p-cm-ca_TotalOwnFundsSolvencyPurposes"
                xlink:label="TotalOwnFundsSolvencyPurposes"
                xlink:title="TotalOwnFundsSolvencyPurposes"/>
      <link:calculationArc xlink:type="arc"
                           xlink:arcrole="http://www.xbrl.org/2003/arcrole/summation-item"
                           xlink:from="SurplusDeficitOwnFunds"
                           xlink:to="TotalOwnFundsSolvencyPurposes"
                           xlink:title="calculation: SurplusDeficitOwnFunds to TotalOwnFundsSolvencyPurposes"
                           order="1.0"
                           weight="1"/>
      <link:loc xlink:type="locator"
                xlink:href="p-cm-ca-2006-07-01.xsd#p-cm-ca_CapitalRequirements"
                xlink:label="CapitalRequirements"
                xlink:title="CapitalRequirements"/>
      <link:calculationArc xlink:type="arc"
                           xlink:arcrole="http://www.xbrl.org/2003/arcrole/summation-item"
                           xlink:from="SurplusDeficitOwnFunds"
                           xlink:to="CapitalRequirements"
                           xlink:title="calculation: SurplusDeficitOwnFunds to CapitalRequirements"
                           use="optional"
                           order="2.0"
                           weight="-1"/>
  </link:calculationLink>
</link:linkbase>