<?xml version="1.0" encoding="UTF-8"?>
<?taxonomy-version 1.3.1?>
<!--Copyright (C) 2011 EBA - European Banking Authority, Tower 42, 25 Old Broad Street, London, EC2N 1HQ, United Kingdom.-->            
<link:linkbase xmlns:link="http://www.xbrl.org/2003/linkbase"
               xmlns:xbrli="http://www.xbrl.org/2003/instance"
               xmlns:xlink="http://www.w3.org/1999/xlink"
               xmlns:xsi="http://www.w3.org/2001/XMLSchema-instance"
               xmlns:p-mc="http://www.c-ebs.org/eu/fr/esrs/corep/2006-07-01/p-mc-2006-07-01"
               xsi:schemaLocation="http://www.xbrl.org/2003/linkbase http://www.xbrl.org/2003/xbrl-linkbase-2003-12-31.xsd">
  <link:roleRef roleURI="http://www.c-ebs.org/2006/corep/eu/mc" xlink:type="simple"
                 xlink:href="p-mc-2006-07-01.xsd#rt_mc"/>
  <link:presentationLink xlink:type="extended" xlink:role="http://www.c-ebs.org/2006/corep/eu/mc">
      <link:loc xlink:type="locator" xlink:href="p-mc-2006-07-01.xsd#p-mc_MKRSACOMDomain"
                xlink:label="MKRSACOMDomain"
                xlink:title="MKRSACOMDomain"/>
      <link:loc xlink:type="locator"
                xlink:href="p-mc-2006-07-01.xsd#p-mc_PositionsSubjectToCapitalCharge"
                xlink:label="PositionsSubjectToCapitalCharge"
                xlink:title="PositionsSubjectToCapitalCharge"/>
      <link:presentationArc xlink:type="arc" xlink:arcrole="http://www.xbrl.org/2003/arcrole/parent-child"
                            xlink:from="MKRSACOMDomain"
                            xlink:to="PositionsSubjectToCapitalCharge"
                            xlink:title="presentation: MKRSACOMDomain to PositionsSubjectToCapitalCharge"
                            order="3.0"/>
      <link:loc xlink:type="locator" xlink:href="p-cm-mr-2006-07-01.xsd#p-cm-mr_AllPositions"
                xlink:label="AllPositions"
                xlink:title="AllPositions"/>
      <link:presentationArc xlink:type="arc" xlink:arcrole="http://www.xbrl.org/2003/arcrole/parent-child"
                            xlink:from="MKRSACOMDomain"
                            xlink:to="AllPositions"
                            xlink:title="presentation: MKRSACOMDomain to AllPositions"
                            order="1.0"/>
      <link:loc xlink:type="locator"
                xlink:href="p-cm-mr-2006-07-01.xsd#p-cm-mr_AllPositionsLong"
                xlink:label="AllPositionsLong"
                xlink:title="AllPositionsLong"/>
      <link:presentationArc xlink:type="arc" xlink:arcrole="http://www.xbrl.org/2003/arcrole/parent-child"
                            xlink:from="AllPositions"
                            xlink:to="AllPositionsLong"
                            xlink:title="presentation: AllPositions to AllPositionsLong"
                            order="1.0"/>
      <link:loc xlink:type="locator"
                xlink:href="p-cm-mr-2006-07-01.xsd#p-cm-mr_AllPositionsShort"
                xlink:label="AllPositionsShort"
                xlink:title="AllPositionsShort"/>
      <link:presentationArc xlink:type="arc" xlink:arcrole="http://www.xbrl.org/2003/arcrole/parent-child"
                            xlink:from="AllPositions"
                            xlink:to="AllPositionsShort"
                            xlink:title="presentation: AllPositions to AllPositionsShort"
                            order="2.0"/>
      <link:loc xlink:type="locator"
                xlink:href="p-cm-mr-2006-07-01.xsd#p-cm-mr_MemorandumItems"
                xlink:label="MemorandumItems"
                xlink:title="MemorandumItems"/>
      <link:presentationArc xlink:type="arc" xlink:arcrole="http://www.xbrl.org/2003/arcrole/parent-child"
                            xlink:from="AllPositions"
                            xlink:to="MemorandumItems"
                            xlink:title="presentation: AllPositions to MemorandumItems"
                            order="3.0"/>
      <link:loc xlink:type="locator"
                xlink:href="p-cm-mr-2006-07-01.xsd#p-cm-mr_MemorandumItemsPositions"
                xlink:label="MemorandumItemsPositions"
                xlink:title="MemorandumItemsPositions"/>
      <link:presentationArc xlink:type="arc" xlink:arcrole="http://www.xbrl.org/2003/arcrole/parent-child"
                            xlink:from="MemorandumItems"
                            xlink:to="MemorandumItemsPositions"
                            xlink:title="presentation: MemorandumItems to MemorandumItemsPositions"
                            order="1.0"/>
      <link:loc xlink:type="locator"
                xlink:href="p-cm-mr-2006-07-01.xsd#p-cm-mr_MemorandumItemsLong"
                xlink:label="MemorandumItemsLong"
                xlink:title="MemorandumItemsLong"/>
      <link:presentationArc xlink:type="arc" xlink:arcrole="http://www.xbrl.org/2003/arcrole/parent-child"
                            xlink:from="MemorandumItemsPositions"
                            xlink:to="MemorandumItemsLong"
                            xlink:title="presentation: MemorandumItemsPositions to MemorandumItemsLong"
                            order="1.0"/>
      <link:loc xlink:type="locator"
                xlink:href="p-cm-mr-2006-07-01.xsd#p-cm-mr_MemorandumItemsShort"
                xlink:label="MemorandumItemsShort"
                xlink:title="MemorandumItemsShort"/>
      <link:presentationArc xlink:type="arc" xlink:arcrole="http://www.xbrl.org/2003/arcrole/parent-child"
                            xlink:from="MemorandumItemsPositions"
                            xlink:to="MemorandumItemsShort"
                            xlink:title="presentation: MemorandumItemsPositions to MemorandumItemsShort"
                            order="2.0"/>
      <link:loc xlink:type="locator" xlink:href="p-cm-mr-2006-07-01.xsd#p-cm-mr_NetPositions"
                xlink:label="NetPositions"
                xlink:title="NetPositions"/>
      <link:presentationArc xlink:type="arc" xlink:arcrole="http://www.xbrl.org/2003/arcrole/parent-child"
                            xlink:from="MKRSACOMDomain"
                            xlink:to="NetPositions"
                            xlink:title="presentation: MKRSACOMDomain to NetPositions"
                            order="2.0"/>
      <link:loc xlink:type="locator"
                xlink:href="p-cm-mr-2006-07-01.xsd#p-cm-mr_NetPositionsLong"
                xlink:label="NetPositionsLong"
                xlink:title="NetPositionsLong"/>
      <link:presentationArc xlink:type="arc" xlink:arcrole="http://www.xbrl.org/2003/arcrole/parent-child"
                            xlink:from="NetPositions"
                            xlink:to="NetPositionsLong"
                            xlink:title="presentation: NetPositions to NetPositionsLong"
                            order="1.0"/>
      <link:loc xlink:type="locator"
                xlink:href="p-cm-mr-2006-07-01.xsd#p-cm-mr_NetPositionsShort"
                xlink:label="NetPositionsShort"
                xlink:title="NetPositionsShort"/>
      <link:presentationArc xlink:type="arc" xlink:arcrole="http://www.xbrl.org/2003/arcrole/parent-child"
                            xlink:from="NetPositions"
                            xlink:to="NetPositionsShort"
                            xlink:title="presentation: NetPositions to NetPositionsShort"
                            order="2.0"/>
      <link:loc xlink:type="locator"
                xlink:href="p-cm-ca-2006-07-01.xsd#p-cm-ca_MarketRiskCapitalRequirements"
                xlink:label="MarketRiskCapitalRequirements"
                xlink:title="MarketRiskCapitalRequirements"/>
      <link:presentationArc xlink:type="arc" xlink:arcrole="http://www.xbrl.org/2003/arcrole/parent-child"
                            xlink:from="MKRSACOMDomain"
                            xlink:to="MarketRiskCapitalRequirements"
                            xlink:title="presentation: MKRSACOMDomain to MarketRiskCapitalRequirements"
                            order="4.0"/>
  </link:presentationLink>
</link:linkbase>