<?xml version="1.0" encoding="UTF-8"?>
<?taxonomy-version 1.3.1?>
<!--Copyright (C) 2011 EBA - European Banking Authority, Tower 42, 25 Old Broad Street, London, EC2N 1HQ, United Kingdom.-->            
<link:linkbase xmlns:link="http://www.xbrl.org/2003/linkbase"
               xmlns:xbrli="http://www.xbrl.org/2003/instance"
               xmlns:xlink="http://www.w3.org/1999/xlink"
               xmlns:xsi="http://www.w3.org/2001/XMLSchema-instance"
               xmlns:p-mc="http://www.c-ebs.org/eu/fr/esrs/corep/2006-07-01/p-mc-2006-07-01"
               xsi:schemaLocation="http://www.xbrl.org/2003/linkbase http://www.xbrl.org/2003/xbrl-linkbase-2003-12-31.xsd">
  <link:roleRef roleURI="http://www.c-ebs.org/2006/corep/eu/mc" xlink:type="simple"
                 xlink:href="p-mc-2006-07-01.xsd#rt_mc"/>
  <link:labelLink xlink:type="extended" xlink:role="http://www.xbrl.org/2003/role/link">
      <link:loc xlink:type="locator"
                xlink:href="p-mc-2006-07-01.xsd#p-mc_PositionsSubjectToCapitalCharge"
                xlink:label="PositionsSubjectToCapitalCharge"
                xlink:title="PositionsSubjectToCapitalCharge"/>
      <link:label xlink:type="resource" xlink:label="label_PositionsSubjectToCapitalCharge"
                  xlink:role="http://www.xbrl.org/2003/role/label"
                  xlink:title="label_PositionsSubjectToCapitalCharge"
                  xml:lang="en"
                  id="label_PositionsSubjectToCapitalCharge_2">Positions Subject to Capital Charge</link:label>
      <link:labelArc xlink:type="arc" xlink:arcrole="http://www.xbrl.org/2003/arcrole/concept-label"
                     xlink:from="PositionsSubjectToCapitalCharge"
                     xlink:to="label_PositionsSubjectToCapitalCharge"
                     xlink:title="label: PositionsSubjectToCapitalCharge to label_PositionsSubjectToCapitalCharge"/>
      <link:loc xlink:type="locator" xlink:href="p-mc-2006-07-01.xsd#p-mc_MKRSACOMDomain"
                xlink:label="MKRSACOMDomain"
                xlink:title="MKRSACOMDomain"/>
      <link:label xlink:type="resource" xlink:label="label_MKRSACOMDomain"
                  xlink:role="http://www.xbrl.org/2003/role/label"
                  xlink:title="label_MKRSACOMDomain"
                  xml:lang="en"
                  id="label_MKRSACOMDomain">MKR SA COM (Domain)</link:label>
      <link:labelArc xlink:type="arc" xlink:arcrole="http://www.xbrl.org/2003/arcrole/concept-label"
                     xlink:from="MKRSACOMDomain"
                     xlink:to="label_MKRSACOMDomain"
                     xlink:title="label: MKRSACOMDomain to label_MKRSACOMDomain"/>
  </link:labelLink>
  <link:labelLink xlink:type="extended" xlink:role="http://www.c-ebs.org/2006/corep/eu/mc">
      <link:loc xlink:type="locator" xlink:href="p-cm-mr-2006-07-01.xsd#p-cm-mr_AllPositions"
                xlink:label="AllPositions"
                xlink:title="AllPositions"/>
      <link:label xlink:type="resource" xlink:label="label_AllPositions"
                  xlink:role="http://www.xbrl.org/2003/role/documentation"
                  xlink:title="label_AllPositions"
                  xml:lang="en"
                  id="label_AllPositions">Core layer</link:label>
      <link:labelArc xlink:type="arc" xlink:arcrole="http://www.xbrl.org/2003/arcrole/concept-label"
                     xlink:from="AllPositions"
                     xlink:to="label_AllPositions"
                     xlink:title="label: AllPositions to label_AllPositions"/>
      <link:loc xlink:type="locator"
                xlink:href="p-cm-mr-2006-07-01.xsd#p-cm-mr_AllPositionsLong"
                xlink:label="AllPositionsLong"
                xlink:title="AllPositionsLong"/>
      <link:label xlink:type="resource" xlink:label="label_AllPositionsLong"
                  xlink:role="http://www.xbrl.org/2003/role/documentation"
                  xlink:title="label_AllPositionsLong"
                  xml:lang="en"
                  id="label_AllPositionsLong">Core layer</link:label>
      <link:labelArc xlink:type="arc" xlink:arcrole="http://www.xbrl.org/2003/arcrole/concept-label"
                     xlink:from="AllPositionsLong"
                     xlink:to="label_AllPositionsLong"
                     xlink:title="label: AllPositionsLong to label_AllPositionsLong"/>
      <link:loc xlink:type="locator"
                xlink:href="p-cm-mr-2006-07-01.xsd#p-cm-mr_AllPositionsShort"
                xlink:label="AllPositionsShort"
                xlink:title="AllPositionsShort"/>
      <link:label xlink:type="resource" xlink:label="label_AllPositionsShort"
                  xlink:role="http://www.xbrl.org/2003/role/documentation"
                  xlink:title="label_AllPositionsShort"
                  xml:lang="en"
                  id="label_AllPositionsShort">Core layer</link:label>
      <link:labelArc xlink:type="arc" xlink:arcrole="http://www.xbrl.org/2003/arcrole/concept-label"
                     xlink:from="AllPositionsShort"
                     xlink:to="label_AllPositionsShort"
                     xlink:title="label: AllPositionsShort to label_AllPositionsShort"/>
      <link:loc xlink:type="locator" xlink:href="p-cm-mr-2006-07-01.xsd#p-cm-mr_NetPositions"
                xlink:label="NetPositions"
                xlink:title="NetPositions"/>
      <link:label xlink:type="resource" xlink:label="label_NetPositions"
                  xlink:role="http://www.xbrl.org/2003/role/documentation"
                  xlink:title="label_NetPositions"
                  xml:lang="en"
                  id="label_NetPositions">Core layer</link:label>
      <link:labelArc xlink:type="arc" xlink:arcrole="http://www.xbrl.org/2003/arcrole/concept-label"
                     xlink:from="NetPositions"
                     xlink:to="label_NetPositions"
                     xlink:title="label: NetPositions to label_NetPositions"/>
      <link:loc xlink:type="locator"
                xlink:href="p-cm-mr-2006-07-01.xsd#p-cm-mr_NetPositionsLong"
                xlink:label="NetPositionsLong"
                xlink:title="NetPositionsLong"/>
      <link:label xlink:type="resource" xlink:label="label_NetPositionsLong"
                  xlink:role="http://www.xbrl.org/2003/role/documentation"
                  xlink:title="label_NetPositionsLong"
                  xml:lang="en"
                  id="label_NetPositionsLong">Core layer</link:label>
      <link:labelArc xlink:type="arc" xlink:arcrole="http://www.xbrl.org/2003/arcrole/concept-label"
                     xlink:from="NetPositionsLong"
                     xlink:to="label_NetPositionsLong"
                     xlink:title="label: NetPositionsLong to label_NetPositionsLong"/>
      <link:loc xlink:type="locator"
                xlink:href="p-cm-mr-2006-07-01.xsd#p-cm-mr_NetPositionsShort"
                xlink:label="NetPositionsShort"
                xlink:title="NetPositionsShort"/>
      <link:label xlink:type="resource" xlink:label="label_NetPositionsShort"
                  xlink:role="http://www.xbrl.org/2003/role/documentation"
                  xlink:title="label_NetPositionsShort"
                  xml:lang="en"
                  id="label_NetPositionsShort">Core layer</link:label>
      <link:labelArc xlink:type="arc" xlink:arcrole="http://www.xbrl.org/2003/arcrole/concept-label"
                     xlink:from="NetPositionsShort"
                     xlink:to="label_NetPositionsShort"
                     xlink:title="label: NetPositionsShort to label_NetPositionsShort"/>
      <link:loc xlink:type="locator"
                xlink:href="p-cm-mr-2006-07-01.xsd#p-cm-mr_MemorandumItemsPositions"
                xlink:label="MemorandumItemsPositions"
                xlink:title="MemorandumItemsPositions"/>
      <link:label xlink:type="resource" xlink:label="label_MemorandumItemsPositions"
                  xlink:role="http://www.xbrl.org/2003/role/label"
                  xlink:title="label_MemorandumItemsPositions"
                  xml:lang="en"
                  id="label_MemorandumItemsPositions_2">Positions which are purely Stock Financing</link:label>
      <link:labelArc xlink:type="arc" xlink:arcrole="http://www.xbrl.org/2003/arcrole/concept-label"
                     xlink:from="MemorandumItemsPositions"
                     xlink:to="label_MemorandumItemsPositions"
                     xlink:title="label: MemorandumItemsPositions to label_MemorandumItemsPositions"/>
      <link:label xlink:type="resource" xlink:label="label_MemorandumItemsPositions_2"
                  xlink:role="http://www.xbrl.org/2003/role/documentation"
                  xlink:title="label_MemorandumItemsPositions"
                  xml:lang="en"
                  id="label_MemorandumItemsPositions">Detailed layer</link:label>
      <link:labelArc xlink:type="arc" xlink:arcrole="http://www.xbrl.org/2003/arcrole/concept-label"
                     xlink:from="MemorandumItemsPositions"
                     xlink:to="label_MemorandumItemsPositions_2"
                     xlink:title="label: MemorandumItemsPositions to label_MemorandumItemsPositions"/>
      <link:loc xlink:type="locator"
                xlink:href="p-cm-mr-2006-07-01.xsd#p-cm-mr_MemorandumItemsLong"
                xlink:label="MemorandumItemsLong"
                xlink:title="MemorandumItemsLong"/>
      <link:label xlink:type="resource" xlink:label="label_MemorandumItemsLong"
                  xlink:role="http://www.xbrl.org/2003/role/documentation"
                  xlink:title="label_MemorandumItemsLong"
                  xml:lang="en"
                  id="label_MemorandumItemsLong">Detailed layer</link:label>
      <link:labelArc xlink:type="arc" xlink:arcrole="http://www.xbrl.org/2003/arcrole/concept-label"
                     xlink:from="MemorandumItemsLong"
                     xlink:to="label_MemorandumItemsLong"
                     xlink:title="label: MemorandumItemsLong to label_MemorandumItemsLong"/>
      <link:loc xlink:type="locator"
                xlink:href="p-cm-mr-2006-07-01.xsd#p-cm-mr_MemorandumItemsShort"
                xlink:label="MemorandumItemsShort"
                xlink:title="MemorandumItemsShort"/>
      <link:label xlink:type="resource" xlink:label="label_MemorandumItemsShort"
                  xlink:role="http://www.xbrl.org/2003/role/documentation"
                  xlink:title="label_MemorandumItemsShort"
                  xml:lang="en"
                  id="label_MemorandumItemsShort">Detailed layer</link:label>
      <link:labelArc xlink:type="arc" xlink:arcrole="http://www.xbrl.org/2003/arcrole/concept-label"
                     xlink:from="MemorandumItemsShort"
                     xlink:to="label_MemorandumItemsShort"
                     xlink:title="label: MemorandumItemsShort to label_MemorandumItemsShort"/>
      <link:loc xlink:type="locator"
                xlink:href="p-cm-ca-2006-07-01.xsd#p-cm-ca_MarketRiskCapitalRequirements"
                xlink:label="MarketRiskCapitalRequirements"
                xlink:title="MarketRiskCapitalRequirements"/>
      <link:label xlink:type="resource" xlink:label="label_MarketRiskCapitalRequirements"
                  xlink:role="http://www.xbrl.org/2003/role/label"
                  xlink:title="label_MarketRiskCapitalRequirements"
                  xml:lang="en"
                  id="label_MarketRiskCapitalRequirements">Capital Requirements</link:label>
      <link:labelArc xlink:type="arc" xlink:arcrole="http://www.xbrl.org/2003/arcrole/concept-label"
                     xlink:from="MarketRiskCapitalRequirements"
                     xlink:to="label_MarketRiskCapitalRequirements"
                     xlink:title="label: MarketRiskCapitalRequirements to label_MarketRiskCapitalRequirements"/>
      <link:label xlink:type="resource" xlink:label="label_MarketRiskCapitalRequirements_2"
                  xlink:role="http://www.xbrl.org/2003/role/documentation"
                  xlink:title="label_MarketRiskCapitalRequirements"
                  xml:lang="en"
                  id="label_MarketRiskCapitalRequirements_2">Core layer</link:label>
      <link:labelArc xlink:type="arc" xlink:arcrole="http://www.xbrl.org/2003/arcrole/concept-label"
                     xlink:from="MarketRiskCapitalRequirements"
                     xlink:to="label_MarketRiskCapitalRequirements_2"
                     xlink:title="label: MarketRiskCapitalRequirements to label_MarketRiskCapitalRequirements"/>
      <link:loc xlink:type="locator"
                xlink:href="p-mc-2006-07-01.xsd#p-mc_PositionsSubjectToCapitalCharge"
                xlink:label="PositionsSubjectToCapitalCharge"
                xlink:title="PositionsSubjectToCapitalCharge"/>
      <link:label xlink:type="resource" xlink:label="label_PositionsSubjectToCapitalCharge"
                  xlink:role="http://www.xbrl.org/2003/role/documentation"
                  xlink:title="label_PositionsSubjectToCapitalCharge"
                  xml:lang="en"
                  id="label_PositionsSubjectToCapitalCharge">Core layer</link:label>
      <link:labelArc xlink:type="arc" xlink:arcrole="http://www.xbrl.org/2003/arcrole/concept-label"
                     xlink:from="PositionsSubjectToCapitalCharge"
                     xlink:to="label_PositionsSubjectToCapitalCharge"
                     xlink:title="label: PositionsSubjectToCapitalCharge to label_PositionsSubjectToCapitalCharge"/>
  </link:labelLink>
</link:linkbase>