<?xml version="1.0" encoding="UTF-8"?>
<?taxonomy-version 1.3.1?>
<!--Copyright (C) 2011 EBA - European Banking Authority, Tower 42, 25 Old Broad Street, London, EC2N 1HQ, United Kingdom.-->            
<link:linkbase xmlns:link="http://www.xbrl.org/2003/linkbase"
               xmlns:xbrli="http://www.xbrl.org/2003/instance"
               xmlns:xlink="http://www.w3.org/1999/xlink"
               xmlns:xsi="http://www.w3.org/2001/XMLSchema-instance"
               xmlns:p-md="http://www.c-ebs.org/eu/fr/esrs/corep/2006-07-01/p-md-2006-07-01"
               xsi:schemaLocation="http://www.xbrl.org/2003/linkbase http://www.xbrl.org/2003/xbrl-linkbase-2003-12-31.xsd">
  <link:roleRef roleURI="http://www.c-ebs.org/2006/corep/eu/md" xlink:type="simple"
                 xlink:href="p-md-2006-07-01.xsd#rt_md"/>
  <link:arcroleRef arcroleURI="http://xbrl.org/int/dim/arcrole/domain-member" xlink:type="simple"
                    xlink:href="http://www.xbrl.org/2005/xbrldt-2005.xsd#domain-member"/>
  <link:definitionLink xlink:type="extended" xlink:role="http://www.c-ebs.org/2006/corep/eu/md">
      <link:loc xlink:type="locator" xlink:href="p-md-2006-07-01.xsd#p-md_MKRIMDetailsDomain"
                xlink:label="MKRIMDetailsDomain_1133855438477_0"
                xlink:title="MKRIMDetailsDomain"/>
      <link:loc xlink:type="locator" xlink:href="p-md-2006-07-01.xsd#p-md_RegulatoryVaR"
                xlink:label="RegulatoryVaR_1133855438477_1"
                xlink:title="RegulatoryVaR"/>
      <link:definitionArc xlink:type="arc" xlink:arcrole="http://xbrl.org/int/dim/arcrole/domain-member"
                          xlink:from="MKRIMDetailsDomain_1133855438477_0"
                          xlink:to="RegulatoryVaR_1133855438477_1"
                          xlink:title="definition: MKRIMDetailsDomain to RegulatoryVaR"
                          order="1.0"/>
      <link:loc xlink:type="locator"
                xlink:href="p-md-2006-07-01.xsd#p-md_ConfidenceLevel99Percent"
                xlink:label="ConfidenceLevel99Percent_1133855440470_0"
                xlink:title="ConfidenceLevel99Percent"/>
      <link:definitionArc xlink:type="arc" xlink:arcrole="http://xbrl.org/int/dim/arcrole/domain-member"
                          xlink:from="RegulatoryVaR_1133855438477_1"
                          xlink:to="ConfidenceLevel99Percent_1133855440470_0"
                          xlink:title="definition: RegulatoryVaR to ConfidenceLevel99Percent"
                          order="1.0"/>
      <link:loc xlink:type="locator" xlink:href="p-md-2006-07-01.xsd#p-md_VaRT10"
                xlink:label="VaRT10_1133855443975_0"
                xlink:title="VaRT10"/>
      <link:definitionArc xlink:type="arc" xlink:arcrole="http://xbrl.org/int/dim/arcrole/domain-member"
                          xlink:from="ConfidenceLevel99Percent_1133855440470_0"
                          xlink:to="VaRT10_1133855443975_0"
                          xlink:title="definition: ConfidenceLevel99Percent to VaRT10"
                          order="1.0"/>
      <link:loc xlink:type="locator" xlink:href="p-md-2006-07-01.xsd#p-md_VaRT1"
                xlink:label="VaRT1_1133855443975_1"
                xlink:title="VaRT1"/>
      <link:definitionArc xlink:type="arc" xlink:arcrole="http://xbrl.org/int/dim/arcrole/domain-member"
                          xlink:from="ConfidenceLevel99Percent_1133855440470_0"
                          xlink:to="VaRT1_1133855443975_1"
                          xlink:title="definition: ConfidenceLevel99Percent to VaRT1"
                          order="2.0"/>
      <link:loc xlink:type="locator"
                xlink:href="p-md-2006-07-01.xsd#p-md_SpecificRiskSurcharge"
                xlink:label="SpecificRiskSurchage_1133855449173_0"
                xlink:title="SpecificRiskSurchage"/>
      <link:definitionArc xlink:type="arc" xlink:arcrole="http://xbrl.org/int/dim/arcrole/domain-member"
                          xlink:from="RegulatoryVaR_1133855438477_1"
                          xlink:to="SpecificRiskSurchage_1133855449173_0"
                          xlink:title="definition: RegulatoryVaR to SpecificRiskSurchage"
                          order="2.0"/>
      <link:loc xlink:type="locator"
                xlink:href="p-md-2006-07-01.xsd#p-md_IncrementalDefaultRiskSurcharge"
                xlink:label="IncrementalDefaultRiskSurcharge_1133855449173_1"
                xlink:title="IncrementalDefaultRiskSurcharge"/>
      <link:definitionArc xlink:type="arc" xlink:arcrole="http://xbrl.org/int/dim/arcrole/domain-member"
                          xlink:from="RegulatoryVaR_1133855438477_1"
                          xlink:to="IncrementalDefaultRiskSurcharge_1133855449173_1"
                          xlink:title="definition: RegulatoryVaR to IncrementalDefaultRiskSurcharge"
                          order="3.0"/>
      <link:loc xlink:type="locator" xlink:href="p-md-2006-07-01.xsd#p-md_InternalVaR"
                xlink:label="InternalVaR_1133855456123_0"
                xlink:title="InternalVaR"/>
      <link:definitionArc xlink:type="arc" xlink:arcrole="http://xbrl.org/int/dim/arcrole/domain-member"
                          xlink:from="MKRIMDetailsDomain_1133855438477_0"
                          xlink:to="InternalVaR_1133855456123_0"
                          xlink:title="definition: MKRIMDetailsDomain to InternalVaR"
                          order="2.0"/>
      <link:loc xlink:type="locator" xlink:href="p-md-2006-07-01.xsd#p-md_InternalVaRLimit"
                xlink:label="InternalVaRLimit_1133855456123_1"
                xlink:title="InternalVaRLimit"/>
      <link:definitionArc xlink:type="arc" xlink:arcrole="http://xbrl.org/int/dim/arcrole/domain-member"
                          xlink:from="MKRIMDetailsDomain_1133855438477_0"
                          xlink:to="InternalVaRLimit_1133855456123_1"
                          xlink:title="definition: MKRIMDetailsDomain to InternalVaRLimit"
                          order="3.0"/>
      <link:loc xlink:type="locator"
                xlink:href="p-md-2006-07-01.xsd#p-md_PLEffectivelyBacktesting"
                xlink:label="PLEffectivelyBacktesting_1133855456123_2"
                xlink:title="PLEffectivelyBacktesting"/>
      <link:definitionArc xlink:type="arc" xlink:arcrole="http://xbrl.org/int/dim/arcrole/domain-member"
                          xlink:from="MKRIMDetailsDomain_1133855438477_0"
                          xlink:to="PLEffectivelyBacktesting_1133855456123_2"
                          xlink:title="definition: MKRIMDetailsDomain to PLEffectivelyBacktesting"
                          order="4.0"/>
      <link:loc xlink:type="locator" xlink:href="p-md-2006-07-01.xsd#p-md_Hypothetical"
                xlink:label="Hypothetical_1133855464966_0"
                xlink:title="Hypothetical"/>
      <link:definitionArc xlink:type="arc" xlink:arcrole="http://xbrl.org/int/dim/arcrole/domain-member"
                          xlink:from="PLEffectivelyBacktesting_1133855456123_2"
                          xlink:to="Hypothetical_1133855464966_0"
                          xlink:title="definition: PLEffectivelyBacktesting to Hypothetical"
                          order="1.0"/>
      <link:loc xlink:type="locator" xlink:href="p-md-2006-07-01.xsd#p-md_Actual"
                xlink:label="Actual_1133855464966_1"
                xlink:title="Actual"/>
      <link:definitionArc xlink:type="arc" xlink:arcrole="http://xbrl.org/int/dim/arcrole/domain-member"
                          xlink:from="PLEffectivelyBacktesting_1133855456123_2"
                          xlink:to="Actual_1133855464966_1"
                          xlink:title="definition: PLEffectivelyBacktesting to Actual"
                          order="2.0"/>
  </link:definitionLink>
</link:linkbase>