<?xml version="1.0" encoding="UTF-8"?>
<?taxonomy-version 1.3.1?>
<!--Copyright (C) 2011 EBA - European Banking Authority, Tower 42, 25 Old Broad Street, London, EC2N 1HQ, United Kingdom.-->            
<link:linkbase xmlns:link="http://www.xbrl.org/2003/linkbase"
               xmlns:xbrli="http://www.xbrl.org/2003/instance"
               xmlns:xlink="http://www.w3.org/1999/xlink"
               xmlns:xsi="http://www.w3.org/2001/XMLSchema-instance"
               xmlns:p-md="http://www.c-ebs.org/eu/fr/esrs/corep/2006-07-01/p-md-2006-07-01"
               xsi:schemaLocation="http://www.xbrl.org/2003/linkbase http://www.xbrl.org/2003/xbrl-linkbase-2003-12-31.xsd">
  <link:roleRef roleURI="http://www.c-ebs.org/2006/corep/eu/md" xlink:type="simple"
                 xlink:href="p-md-2006-07-01.xsd#rt_md"/>
  <link:presentationLink xlink:type="extended" xlink:role="http://www.c-ebs.org/2006/corep/eu/md">
      <link:loc xlink:type="locator" xlink:href="p-md-2006-07-01.xsd#p-md_MKRIMDetailsDomain"
                xlink:label="MKRIMDetailsDomain_1134465287236_0"
                xlink:title="MKRIMDetailsDomain"/>
      <link:loc xlink:type="locator" xlink:href="p-md-2006-07-01.xsd#p-md_RegulatoryVaR"
                xlink:label="RegulatoryVaR_1134465287236_1"
                xlink:title="RegulatoryVaR"/>
      <link:presentationArc xlink:type="arc" xlink:arcrole="http://www.xbrl.org/2003/arcrole/parent-child"
                            xlink:from="MKRIMDetailsDomain_1134465287236_0"
                            xlink:to="RegulatoryVaR_1134465287236_1"
                            xlink:title="presentation: MKRIMDetailsDomain to RegulatoryVaR"
                            order="1.0"/>
      <link:loc xlink:type="locator"
                xlink:href="p-md-2006-07-01.xsd#p-md_ConfidenceLevel99Percent"
                xlink:label="ConfidenceLevel99Percent_1134465296339_0"
                xlink:title="ConfidenceLevel99Percent"/>
      <link:presentationArc xlink:type="arc" xlink:arcrole="http://www.xbrl.org/2003/arcrole/parent-child"
                            xlink:from="RegulatoryVaR_1134465287236_1"
                            xlink:to="ConfidenceLevel99Percent_1134465296339_0"
                            xlink:title="presentation: RegulatoryVaR to ConfidenceLevel99Percent"
                            order="1.0"/>
      <link:loc xlink:type="locator" xlink:href="p-md-2006-07-01.xsd#p-md_VaRT10"
                xlink:label="VaRT10_1134465301977_0"
                xlink:title="VaRT10"/>
      <link:presentationArc xlink:type="arc" xlink:arcrole="http://www.xbrl.org/2003/arcrole/parent-child"
                            xlink:from="ConfidenceLevel99Percent_1134465296339_0"
                            xlink:to="VaRT10_1134465301977_0"
                            xlink:title="presentation: ConfidenceLevel99Percent to VaRT10"
                            order="1.0"/>
      <link:loc xlink:type="locator" xlink:href="p-md-2006-07-01.xsd#p-md_VaRT1"
                xlink:label="VaRT1_1134465301977_1"
                xlink:title="VaRT1"/>
      <link:presentationArc xlink:type="arc" xlink:arcrole="http://www.xbrl.org/2003/arcrole/parent-child"
                            xlink:from="ConfidenceLevel99Percent_1134465296339_0"
                            xlink:to="VaRT1_1134465301977_1"
                            xlink:title="presentation: ConfidenceLevel99Percent to VaRT1"
                            order="2.0"/>
      <link:loc xlink:type="locator"
                xlink:href="p-md-2006-07-01.xsd#p-md_SpecificRiskSurcharge"
                xlink:label="SpecificRiskSurchage_1134465296339_1"
                xlink:title="SpecificRiskSurchage"/>
      <link:presentationArc xlink:type="arc" xlink:arcrole="http://www.xbrl.org/2003/arcrole/parent-child"
                            xlink:from="RegulatoryVaR_1134465287236_1"
                            xlink:to="SpecificRiskSurchage_1134465296339_1"
                            xlink:title="presentation: RegulatoryVaR to SpecificRiskSurchage"
                            order="2.0"/>
      <link:loc xlink:type="locator"
                xlink:href="p-md-2006-07-01.xsd#p-md_IncrementalDefaultRiskSurcharge"
                xlink:label="IncrementalDefaultRiskSurcharge_1134465296339_2"
                xlink:title="IncrementalDefaultRiskSurcharge"/>
      <link:presentationArc xlink:type="arc" xlink:arcrole="http://www.xbrl.org/2003/arcrole/parent-child"
                            xlink:from="RegulatoryVaR_1134465287236_1"
                            xlink:to="IncrementalDefaultRiskSurcharge_1134465296339_2"
                            xlink:title="presentation: RegulatoryVaR to IncrementalDefaultRiskSurcharge"
                            order="3.0"/>
      <link:loc xlink:type="locator" xlink:href="p-md-2006-07-01.xsd#p-md_InternalVaR"
                xlink:label="InternalVaR_1134465287236_2"
                xlink:title="InternalVaR"/>
      <link:presentationArc xlink:type="arc" xlink:arcrole="http://www.xbrl.org/2003/arcrole/parent-child"
                            xlink:from="MKRIMDetailsDomain_1134465287236_0"
                            xlink:to="InternalVaR_1134465287236_2"
                            xlink:title="presentation: MKRIMDetailsDomain to InternalVaR"
                            order="2.0"/>
      <link:loc xlink:type="locator" xlink:href="p-md-2006-07-01.xsd#p-md_InternalVaRLimit"
                xlink:label="InternalVaRLimit_1134465287236_3"
                xlink:title="InternalVaRLimit"/>
      <link:presentationArc xlink:type="arc" xlink:arcrole="http://www.xbrl.org/2003/arcrole/parent-child"
                            xlink:from="MKRIMDetailsDomain_1134465287236_0"
                            xlink:to="InternalVaRLimit_1134465287236_3"
                            xlink:title="presentation: MKRIMDetailsDomain to InternalVaRLimit"
                            order="3.0"/>
      <link:loc xlink:type="locator"
                xlink:href="p-md-2006-07-01.xsd#p-md_PLEffectivelyBacktesting"
                xlink:label="PLEffectivelyBacktesting_1134465287236_4"
                xlink:title="PLEffectivelyBacktesting"/>
      <link:presentationArc xlink:type="arc" xlink:arcrole="http://www.xbrl.org/2003/arcrole/parent-child"
                            xlink:from="MKRIMDetailsDomain_1134465287236_0"
                            xlink:to="PLEffectivelyBacktesting_1134465287236_4"
                            xlink:title="presentation: MKRIMDetailsDomain to PLEffectivelyBacktesting"
                            order="4.0"/>
      <link:loc xlink:type="locator" xlink:href="p-md-2006-07-01.xsd#p-md_Hypothetical"
                xlink:label="Hypothetical_1134465309968_0"
                xlink:title="Hypothetical"/>
      <link:presentationArc xlink:type="arc" xlink:arcrole="http://www.xbrl.org/2003/arcrole/parent-child"
                            xlink:from="PLEffectivelyBacktesting_1134465287236_4"
                            xlink:to="Hypothetical_1134465309968_0"
                            xlink:title="presentation: PLEffectivelyBacktesting to Hypothetical"
                            order="1.0"/>
      <link:loc xlink:type="locator" xlink:href="p-md-2006-07-01.xsd#p-md_Actual"
                xlink:label="Actual_1134465309968_1"
                xlink:title="Actual"/>
      <link:presentationArc xlink:type="arc" xlink:arcrole="http://www.xbrl.org/2003/arcrole/parent-child"
                            xlink:from="PLEffectivelyBacktesting_1134465287236_4"
                            xlink:to="Actual_1134465309968_1"
                            xlink:title="presentation: PLEffectivelyBacktesting to Actual"
                            order="2.0"/>
  </link:presentationLink>
</link:linkbase>