<?xml version="1.0" encoding="UTF-8"?>
<?taxonomy-version 1.3.1?>
<!--Copyright (C) 2011 EBA - European Banking Authority, Tower 42, 25 Old Broad Street, London, EC2N 1HQ, United Kingdom.-->            
<link:linkbase xmlns:link="http://www.xbrl.org/2003/linkbase"
               xmlns:xbrli="http://www.xbrl.org/2003/instance"
               xmlns:xlink="http://www.w3.org/1999/xlink"
               xmlns:xsi="http://www.w3.org/2001/XMLSchema-instance"
               xsi:schemaLocation="http://www.xbrl.org/2003/linkbase http://www.xbrl.org/2003/xbrl-linkbase-2003-12-31.xsd">
  <link:roleRef roleURI="http://www.c-ebs.org/2006/corep/eu/me" xlink:type="simple"
                 xlink:href="p-me-2006-07-01.xsd#rt_me"/>
  <link:labelLink xlink:type="extended" xlink:role="http://www.xbrl.org/2003/role/link">
      <link:loc xlink:type="locator" xlink:href="p-me-2006-07-01.xsd#p-me_MKRSAEQUDomain"
                xlink:label="MKRSAEQUDomain"
                xlink:title="MKRSAEQUDomain"/>
      <link:label xlink:type="resource" xlink:label="label_MKRSAEQUDomain"
                  xlink:role="http://www.xbrl.org/2003/role/label"
                  xlink:title="label_MKRSAEQUDomain"
                  xml:lang="en"
                  id="label_MKRSAEQUDomain">MKR SA EQU (Domain)</link:label>
      <link:labelArc xlink:type="arc" xlink:arcrole="http://www.xbrl.org/2003/arcrole/concept-label"
                     xlink:from="MKRSAEQUDomain"
                     xlink:to="label_MKRSAEQUDomain"
                     xlink:title="label: MKRSAEQUDomain to label_MKRSAEQUDomain"/>
  </link:labelLink>
  <link:labelLink xlink:type="extended" xlink:role="http://www.c-ebs.org/2006/corep/eu/me">
      <link:loc xlink:type="locator" xlink:href="p-cm-mr-2006-07-01.xsd#p-cm-mr_AllPositions"
                xlink:label="AllPositions"
                xlink:title="AllPositions"/>
      <link:label xlink:type="resource" xlink:label="label_AllPositions"
                  xlink:role="http://www.xbrl.org/2003/role/documentation"
                  xlink:title="label_AllPositions"
                  xml:lang="en"
                  id="label_AllPositions_2">Core layer</link:label>
      <link:labelArc xlink:type="arc" xlink:arcrole="http://www.xbrl.org/2003/arcrole/concept-label"
                     xlink:from="AllPositions"
                     xlink:to="label_AllPositions"
                     xlink:title="label: AllPositions to label_AllPositions"/>
      <link:loc xlink:type="locator"
                xlink:href="p-cm-mr-2006-07-01.xsd#p-cm-mr_AllPositionsLong"
                xlink:label="AllPositionsLong"
                xlink:title="AllPositionsLong"/>
      <link:label xlink:type="resource" xlink:label="label_AllPositionsLong"
                  xlink:role="http://www.xbrl.org/2003/role/documentation"
                  xlink:title="label_AllPositionsLong"
                  xml:lang="en"
                  id="label_AllPositionsLong_2">Core layer</link:label>
      <link:labelArc xlink:type="arc" xlink:arcrole="http://www.xbrl.org/2003/arcrole/concept-label"
                     xlink:from="AllPositionsLong"
                     xlink:to="label_AllPositionsLong"
                     xlink:title="label: AllPositionsLong to label_AllPositionsLong"/>
      <link:loc xlink:type="locator"
                xlink:href="p-cm-mr-2006-07-01.xsd#p-cm-mr_AllPositionsShort"
                xlink:label="AllPositionsShort"
                xlink:title="AllPositionsShort"/>
      <link:label xlink:type="resource" xlink:label="label_AllPositionsShort"
                  xlink:role="http://www.xbrl.org/2003/role/documentation"
                  xlink:title="label_AllPositionsShort"
                  xml:lang="en"
                  id="label_AllPositionsShort_2">Core layer</link:label>
      <link:labelArc xlink:type="arc" xlink:arcrole="http://www.xbrl.org/2003/arcrole/concept-label"
                     xlink:from="AllPositionsShort"
                     xlink:to="label_AllPositionsShort"
                     xlink:title="label: AllPositionsShort to label_AllPositionsShort"/>
      <link:loc xlink:type="locator" xlink:href="p-cm-mr-2006-07-01.xsd#p-cm-mr_NetPositions"
                xlink:label="NetPositions"
                xlink:title="NetPositions"/>
      <link:label xlink:type="resource" xlink:label="label_NetPositions"
                  xlink:role="http://www.xbrl.org/2003/role/documentation"
                  xlink:title="label_NetPositions"
                  xml:lang="en"
                  id="label_NetPositions_2">Core layer</link:label>
      <link:labelArc xlink:type="arc" xlink:arcrole="http://www.xbrl.org/2003/arcrole/concept-label"
                     xlink:from="NetPositions"
                     xlink:to="label_NetPositions"
                     xlink:title="label: NetPositions to label_NetPositions"/>
      <link:loc xlink:type="locator"
                xlink:href="p-cm-mr-2006-07-01.xsd#p-cm-mr_NetPositionsLong"
                xlink:label="NetPositionsLong"
                xlink:title="NetPositionsLong"/>
      <link:label xlink:type="resource" xlink:label="label_NetPositionsLong"
                  xlink:role="http://www.xbrl.org/2003/role/documentation"
                  xlink:title="label_NetPositionsLong"
                  xml:lang="en"
                  id="label_NetPositionsLong_2">Core layer</link:label>
      <link:labelArc xlink:type="arc" xlink:arcrole="http://www.xbrl.org/2003/arcrole/concept-label"
                     xlink:from="NetPositionsLong"
                     xlink:to="label_NetPositionsLong"
                     xlink:title="label: NetPositionsLong to label_NetPositionsLong"/>
      <link:loc xlink:type="locator"
                xlink:href="p-cm-mr-2006-07-01.xsd#p-cm-mr_NetPositionsShort"
                xlink:label="NetPositionsShort"
                xlink:title="NetPositionsShort"/>
      <link:label xlink:type="resource" xlink:label="label_NetPositionsShort"
                  xlink:role="http://www.xbrl.org/2003/role/documentation"
                  xlink:title="label_NetPositionsShort"
                  xml:lang="en"
                  id="label_NetPositionsShort_2">Core layer</link:label>
      <link:labelArc xlink:type="arc" xlink:arcrole="http://www.xbrl.org/2003/arcrole/concept-label"
                     xlink:from="NetPositionsShort"
                     xlink:to="label_NetPositionsShort"
                     xlink:title="label: NetPositionsShort to label_NetPositionsShort"/>
      <link:loc xlink:type="locator"
                xlink:href="p-cm-mr-2006-07-01.xsd#p-cm-mr_ReductionEffectUnderwritingPositions"
                xlink:label="ReductionEffectUnderwritingPositions"
                xlink:title="ReductionEffectUnderwritingPositions"/>
      <link:label xlink:type="resource" xlink:label="label_ReductionEffectUnderwritingPositions"
                  xlink:role="http://www.xbrl.org/2003/role/documentation"
                  xlink:title="label_ReductionEffectUnderwritingPositions"
                  xml:lang="en"
                  id="label_ReductionEffectUnderwritingPositions_2">Detailed layer</link:label>
      <link:labelArc xlink:type="arc" xlink:arcrole="http://www.xbrl.org/2003/arcrole/concept-label"
                     xlink:from="ReductionEffectUnderwritingPositions"
                     xlink:to="label_ReductionEffectUnderwritingPositions"
                     xlink:title="label: ReductionEffectUnderwritingPositions to label_ReductionEffectUnderwritingPositions"/>
      <link:loc xlink:type="locator" xlink:href="p-cm-mr-2006-07-01.xsd#p-cm-mr_Positions"
                xlink:label="Positions"
                xlink:title="Positions"/>
      <link:label xlink:type="resource" xlink:label="label_Positions"
                  xlink:role="http://www.xbrl.org/2003/role/documentation"
                  xlink:title="label_Positions"
                  xml:lang="en"
                  id="label_Positions_2">Core layer</link:label>
      <link:labelArc xlink:type="arc" xlink:arcrole="http://www.xbrl.org/2003/arcrole/concept-label"
                     xlink:from="Positions"
                     xlink:to="label_Positions"
                     xlink:title="label: Positions to label_Positions"/>
      <link:loc xlink:type="locator"
                xlink:href="p-cm-ca-2006-07-01.xsd#p-cm-ca_MarketRiskCapitalRequirements"
                xlink:label="MarketRiskCapitalRequirements"
                xlink:title="MarketRiskCapitalRequirements"/>
      <link:label xlink:type="resource" xlink:label="label_MarketRiskCapitalRequirements"
                  xlink:role="http://www.xbrl.org/2003/role/label"
                  xlink:title="label_MarketRiskCapitalRequirements"
                  xml:lang="en"
                  id="label_MarketRiskCapitalRequirements">Capital Requirements</link:label>
      <link:labelArc xlink:type="arc" xlink:arcrole="http://www.xbrl.org/2003/arcrole/concept-label"
                     xlink:from="MarketRiskCapitalRequirements"
                     xlink:to="label_MarketRiskCapitalRequirements"
                     xlink:title="label: MarketRiskCapitalRequirements to label_MarketRiskCapitalRequirements"/>
      <link:label xlink:type="resource" xlink:label="label_MarketRiskCapitalRequirements_2"
                  xlink:role="http://www.xbrl.org/2003/role/documentation"
                  xlink:title="label_MarketRiskCapitalRequirements"
                  xml:lang="en"
                  id="label_MarketRiskCapitalRequirements_2">Core layer</link:label>
      <link:labelArc xlink:type="arc" xlink:arcrole="http://www.xbrl.org/2003/arcrole/concept-label"
                     xlink:from="MarketRiskCapitalRequirements"
                     xlink:to="label_MarketRiskCapitalRequirements_2"
                     xlink:title="label: MarketRiskCapitalRequirements to label_MarketRiskCapitalRequirements"/>
  </link:labelLink>
</link:linkbase>