<?xml version="1.0" encoding="UTF-8"?>
<?taxonomy-version 1.3.1?>
<!--Copyright (C) 2011 EBA - European Banking Authority, Tower 42, 25 Old Broad Street, London, EC2N 1HQ, United Kingdom.-->            
<link:linkbase xmlns:link="http://www.xbrl.org/2003/linkbase"
               xmlns:xbrli="http://www.xbrl.org/2003/instance"
               xmlns:xlink="http://www.w3.org/1999/xlink"
               xmlns:xsi="http://www.w3.org/2001/XMLSchema-instance"
               xmlns:p-mf="http://www.c-ebs.org/eu/fr/esrs/corep/2006-07-01/p-mf-2006-07-01"
               xsi:schemaLocation="http://www.xbrl.org/2003/linkbase http://www.xbrl.org/2003/xbrl-linkbase-2003-12-31.xsd">
  <link:roleRef roleURI="http://www.c-ebs.org/2006/corep/eu/mf" xlink:type="simple"
                 xlink:href="p-mf-2006-07-01.xsd#rt_mf"/>
  <link:arcroleRef arcroleURI="http://xbrl.org/int/dim/arcrole/domain-member" xlink:type="simple"
                    xlink:href="http://www.xbrl.org/2005/xbrldt-2005.xsd#domain-member"/>
  <link:definitionLink xlink:type="extended" xlink:role="http://www.c-ebs.org/2006/corep/eu/mf">
      <link:loc xlink:type="locator" xlink:href="p-cm-mr-2006-07-01.xsd#p-cm-mr_AllPositions"
                xlink:label="AllPositions"
                xlink:title="AllPositions"/>
      <link:loc xlink:type="locator"
                xlink:href="p-cm-mr-2006-07-01.xsd#p-cm-mr_AllPositionsLong"
                xlink:label="AllPositionsLong"
                xlink:title="AllPositionsLong"/>
      <link:definitionArc xlink:type="arc" xlink:arcrole="http://xbrl.org/int/dim/arcrole/domain-member"
                          xlink:from="AllPositions"
                          xlink:to="AllPositionsLong"
                          xlink:title="definition: AllPositions to AllPositionsLong"
                          order="1.0"/>
      <link:loc xlink:type="locator"
                xlink:href="p-cm-mr-2006-07-01.xsd#p-cm-mr_AllPositionsShort"
                xlink:label="AllPositionsShort"
                xlink:title="AllPositionsShort"/>
      <link:definitionArc xlink:type="arc" xlink:arcrole="http://xbrl.org/int/dim/arcrole/domain-member"
                          xlink:from="AllPositions"
                          xlink:to="AllPositionsShort"
                          xlink:title="definition: AllPositions to AllPositionsShort"
                          order="2.0"/>
      <link:loc xlink:type="locator"
                xlink:href="p-cm-mr-2006-07-01.xsd#p-cm-mr_MemorandumItems"
                xlink:label="MemorandumItems"
                xlink:title="MemorandumItems"/>
      <link:definitionArc xlink:type="arc" xlink:arcrole="http://xbrl.org/int/dim/arcrole/domain-member"
                          xlink:from="AllPositions"
                          xlink:to="MemorandumItems"
                          xlink:title="definition: AllPositions to MemorandumItems"
                          order="3.0"/>
      <link:loc xlink:type="locator"
                xlink:href="p-cm-mr-2006-07-01.xsd#p-cm-mr_MemorandumItemsPositions"
                xlink:label="MemorandumItemsPositions"
                xlink:title="MemorandumItemsPositions"/>
      <link:definitionArc xlink:type="arc" xlink:arcrole="http://xbrl.org/int/dim/arcrole/domain-member"
                          xlink:from="MemorandumItems"
                          xlink:to="MemorandumItemsPositions"
                          xlink:title="definition: MemorandumItems to MemorandumItemsPositions"
                          order="1.0"/>
      <link:loc xlink:type="locator"
                xlink:href="p-cm-mr-2006-07-01.xsd#p-cm-mr_MemorandumItemsLong"
                xlink:label="MemorandumItemsLong"
                xlink:title="MemorandumItemsLong"/>
      <link:definitionArc xlink:type="arc" xlink:arcrole="http://xbrl.org/int/dim/arcrole/domain-member"
                          xlink:from="MemorandumItemsPositions"
                          xlink:to="MemorandumItemsLong"
                          xlink:title="definition: MemorandumItemsPositions to MemorandumItemsLong"
                          order="1.0"/>
      <link:loc xlink:type="locator"
                xlink:href="p-cm-mr-2006-07-01.xsd#p-cm-mr_MemorandumItemsShort"
                xlink:label="MemorandumItemsShort"
                xlink:title="MemorandumItemsShort"/>
      <link:definitionArc xlink:type="arc" xlink:arcrole="http://xbrl.org/int/dim/arcrole/domain-member"
                          xlink:from="MemorandumItemsPositions"
                          xlink:to="MemorandumItemsShort"
                          xlink:title="definition: MemorandumItemsPositions to MemorandumItemsShort"
                          order="2.0"/>
      <link:loc xlink:type="locator" xlink:href="p-cm-mr-2006-07-01.xsd#p-cm-mr_NetPositions"
                xlink:label="NetPositions"
                xlink:title="NetPositions"/>
      <link:loc xlink:type="locator"
                xlink:href="p-cm-mr-2006-07-01.xsd#p-cm-mr_NetPositionsLong"
                xlink:label="NetPositionsLong"
                xlink:title="NetPositionsLong"/>
      <link:definitionArc xlink:type="arc" xlink:arcrole="http://xbrl.org/int/dim/arcrole/domain-member"
                          xlink:from="NetPositions"
                          xlink:to="NetPositionsLong"
                          xlink:title="definition: NetPositions to NetPositionsLong"
                          order="1.0"/>
      <link:loc xlink:type="locator"
                xlink:href="p-cm-mr-2006-07-01.xsd#p-cm-mr_NetPositionsShort"
                xlink:label="NetPositionsShort"
                xlink:title="NetPositionsShort"/>
      <link:definitionArc xlink:type="arc" xlink:arcrole="http://xbrl.org/int/dim/arcrole/domain-member"
                          xlink:from="NetPositions"
                          xlink:to="NetPositionsShort"
                          xlink:title="definition: NetPositions to NetPositionsShort"
                          order="2.0"/>
      <link:loc xlink:type="locator" xlink:href="p-mf-2006-07-01.xsd#p-mf_MKRSAFXDomain"
                xlink:label="MKRSAFXDomain"
                xlink:title="MKRSAFXDomain"/>
      <link:definitionArc xlink:type="arc" xlink:arcrole="http://xbrl.org/int/dim/arcrole/domain-member"
                          xlink:from="MKRSAFXDomain"
                          xlink:to="AllPositions"
                          xlink:title="definition: MKRSAFXDomain to AllPositions"
                          order="1.0"/>
      <link:definitionArc xlink:type="arc" xlink:arcrole="http://xbrl.org/int/dim/arcrole/domain-member"
                          xlink:from="MKRSAFXDomain"
                          xlink:to="NetPositions"
                          xlink:title="definition: MKRSAFXDomain to NetPositions"
                          order="2.0"/>
      <link:loc xlink:type="locator"
                xlink:href="p-mf-2006-07-01.xsd#p-mf_PositionsSubjectCapitalCharge"
                xlink:label="PositionsSubjectCapitalCharge"
                xlink:title="PositionsSubjectCapitalCharge"/>
      <link:definitionArc xlink:type="arc" xlink:arcrole="http://xbrl.org/int/dim/arcrole/domain-member"
                          xlink:from="MKRSAFXDomain"
                          xlink:to="PositionsSubjectCapitalCharge"
                          xlink:title="definition: MKRSAFXDomain to PositionsSubjectCapitalCharge"
                          order="3.0"/>
      <link:loc xlink:type="locator"
                xlink:href="p-mf-2006-07-01.xsd#p-mf_PositionsSubjectCapitalChargeLong"
                xlink:label="PositionsSubjectCapitalChargeLong"
                xlink:title="PositionsSubjectCapitalChargeLong"/>
      <link:definitionArc xlink:type="arc" xlink:arcrole="http://xbrl.org/int/dim/arcrole/domain-member"
                          xlink:from="PositionsSubjectCapitalCharge"
                          xlink:to="PositionsSubjectCapitalChargeLong"
                          xlink:title="definition: PositionsSubjectCapitalCharge to PositionsSubjectCapitalChargeLong"
                          order="1.0"/>
      <link:loc xlink:type="locator"
                xlink:href="p-mf-2006-07-01.xsd#p-mf_PositionsSubjectCapitalChargeShort"
                xlink:label="PositionsSubjectCapitalChargeShort"
                xlink:title="PositionsSubjectCapitalChargeShort"/>
      <link:definitionArc xlink:type="arc" xlink:arcrole="http://xbrl.org/int/dim/arcrole/domain-member"
                          xlink:from="PositionsSubjectCapitalCharge"
                          xlink:to="PositionsSubjectCapitalChargeShort"
                          xlink:title="definition: PositionsSubjectCapitalCharge to PositionsSubjectCapitalChargeShort"
                          order="2.0"/>
      <link:loc xlink:type="locator"
                xlink:href="p-mf-2006-07-01.xsd#p-mf_PositionsSubjectCapitalChargeMatched"
                xlink:label="PositionsSubjectCapitalChargeMatched"
                xlink:title="PositionsSubjectCapitalChargeMatched"/>
      <link:definitionArc xlink:type="arc" xlink:arcrole="http://xbrl.org/int/dim/arcrole/domain-member"
                          xlink:from="PositionsSubjectCapitalCharge"
                          xlink:to="PositionsSubjectCapitalChargeMatched"
                          xlink:title="definition: PositionsSubjectCapitalCharge to PositionsSubjectCapitalChargeMatched"
                          order="3.0"/>
      <link:loc xlink:type="locator"
                xlink:href="p-cm-ca-2006-07-01.xsd#p-cm-ca_MarketRiskCapitalRequirements"
                xlink:label="MarketRiskCapitalRequirements"
                xlink:title="MarketRiskCapitalRequirements"/>
      <link:definitionArc xlink:type="arc" xlink:arcrole="http://xbrl.org/int/dim/arcrole/domain-member"
                          xlink:from="MKRSAFXDomain"
                          xlink:to="MarketRiskCapitalRequirements"
                          xlink:title="definition: MKRSAFXDomain to MarketRiskCapitalRequirements"
                          order="4.0"/>
  </link:definitionLink>
</link:linkbase>