<?xml version="1.0" encoding="UTF-8"?>
<?taxonomy-version 1.3.1?>
<!--Copyright (C) 2011 EBA - European Banking Authority, Tower 42, 25 Old Broad Street, London, EC2N 1HQ, United Kingdom.-->            
<link:linkbase xmlns:link="http://www.xbrl.org/2003/linkbase"
               xmlns:xbrli="http://www.xbrl.org/2003/instance"
               xmlns:xlink="http://www.w3.org/1999/xlink"
               xmlns:xsi="http://www.w3.org/2001/XMLSchema-instance"
               xmlns:p-mf="http://www.c-ebs.org/eu/fr/esrs/corep/2006-07-01/p-mf-2006-07-01"
               xsi:schemaLocation="http://www.xbrl.org/2003/linkbase http://www.xbrl.org/2003/xbrl-linkbase-2003-12-31.xsd">
  <link:roleRef roleURI="http://www.c-ebs.org/2006/corep/eu/mf" xlink:type="simple"
                 xlink:href="p-mf-2006-07-01.xsd#rt_mf"/>
  <link:labelLink xlink:type="extended" xlink:role="http://www.c-ebs.org/2006/corep/eu/mf">
      <link:loc xlink:type="locator" xlink:href="p-cm-mr-2006-07-01.xsd#p-cm-mr_AllPositions"
                xlink:label="AllPositions"
                xlink:title="AllPositions"/>
      <link:label xlink:type="resource" xlink:label="label_AllPositions"
                  xlink:role="http://www.xbrl.org/2003/role/documentation"
                  xlink:title="label_AllPositions"
                  xml:lang="en"
                  id="label_AllPositions_2">Core layer</link:label>
      <link:labelArc xlink:type="arc" xlink:arcrole="http://www.xbrl.org/2003/arcrole/concept-label"
                     xlink:from="AllPositions"
                     xlink:to="label_AllPositions"
                     xlink:title="label: AllPositions to label_AllPositions"/>
      <link:loc xlink:type="locator"
                xlink:href="p-cm-mr-2006-07-01.xsd#p-cm-mr_AllPositionsLong"
                xlink:label="AllPositionsLong"
                xlink:title="AllPositionsLong"/>
      <link:label xlink:type="resource" xlink:label="label_AllPositionsLong"
                  xlink:role="http://www.xbrl.org/2003/role/documentation"
                  xlink:title="label_AllPositionsLong"
                  xml:lang="en"
                  id="label_AllPositionsLong">Core layer</link:label>
      <link:labelArc xlink:type="arc" xlink:arcrole="http://www.xbrl.org/2003/arcrole/concept-label"
                     xlink:from="AllPositionsLong"
                     xlink:to="label_AllPositionsLong"
                     xlink:title="label: AllPositionsLong to label_AllPositionsLong"/>
      <link:loc xlink:type="locator"
                xlink:href="p-cm-mr-2006-07-01.xsd#p-cm-mr_AllPositionsShort"
                xlink:label="AllPositionsShort"
                xlink:title="AllPositionsShort"/>
      <link:label xlink:type="resource" xlink:label="label_AllPositionsShort"
                  xlink:role="http://www.xbrl.org/2003/role/documentation"
                  xlink:title="label_AllPositionsShort"
                  xml:lang="en"
                  id="label_AllPositionsShort">Core layer</link:label>
      <link:labelArc xlink:type="arc" xlink:arcrole="http://www.xbrl.org/2003/arcrole/concept-label"
                     xlink:from="AllPositionsShort"
                     xlink:to="label_AllPositionsShort"
                     xlink:title="label: AllPositionsShort to label_AllPositionsShort"/>
      <link:loc xlink:type="locator" xlink:href="p-cm-mr-2006-07-01.xsd#p-cm-mr_NetPositions"
                xlink:label="NetPositions"
                xlink:title="NetPositions"/>
      <link:label xlink:type="resource" xlink:label="label_NetPositions"
                  xlink:role="http://www.xbrl.org/2003/role/documentation"
                  xlink:title="label_NetPositions"
                  xml:lang="en"
                  id="label_NetPositions">Core layer</link:label>
      <link:labelArc xlink:type="arc" xlink:arcrole="http://www.xbrl.org/2003/arcrole/concept-label"
                     xlink:from="NetPositions"
                     xlink:to="label_NetPositions"
                     xlink:title="label: NetPositions to label_NetPositions"/>
      <link:loc xlink:type="locator"
                xlink:href="p-cm-mr-2006-07-01.xsd#p-cm-mr_NetPositionsLong"
                xlink:label="NetPositionsLong"
                xlink:title="NetPositionsLong"/>
      <link:label xlink:type="resource" xlink:label="label_NetPositionsLong"
                  xlink:role="http://www.xbrl.org/2003/role/documentation"
                  xlink:title="label_NetPositionsLong"
                  xml:lang="en"
                  id="label_NetPositionsLong">Core layer</link:label>
      <link:labelArc xlink:type="arc" xlink:arcrole="http://www.xbrl.org/2003/arcrole/concept-label"
                     xlink:from="NetPositionsLong"
                     xlink:to="label_NetPositionsLong"
                     xlink:title="label: NetPositionsLong to label_NetPositionsLong"/>
      <link:loc xlink:type="locator"
                xlink:href="p-cm-mr-2006-07-01.xsd#p-cm-mr_NetPositionsShort"
                xlink:label="NetPositionsShort"
                xlink:title="NetPositionsShort"/>
      <link:label xlink:type="resource" xlink:label="label_NetPositionsShort"
                  xlink:role="http://www.xbrl.org/2003/role/documentation"
                  xlink:title="label_NetPositionsShort"
                  xml:lang="en"
                  id="label_NetPositionsShort">Core layer</link:label>
      <link:labelArc xlink:type="arc" xlink:arcrole="http://www.xbrl.org/2003/arcrole/concept-label"
                     xlink:from="NetPositionsShort"
                     xlink:to="label_NetPositionsShort"
                     xlink:title="label: NetPositionsShort to label_NetPositionsShort"/>
      <link:loc xlink:type="locator"
                xlink:href="p-cm-mr-2006-07-01.xsd#p-cm-mr_MemorandumItemsPositions"
                xlink:label="MemorandumItemsPositions"
                xlink:title="MemorandumItemsPositions"/>
      <link:label xlink:type="resource" xlink:label="label_MemorandumItemsPositions"
                  xlink:role="http://www.xbrl.org/2003/role/documentation"
                  xlink:title="label_MemorandumItemsPositions"
                  xml:lang="en"
                  id="label_MemorandumItemsPositions_2">Detailed layer</link:label>
      <link:labelArc xlink:type="arc" xlink:arcrole="http://www.xbrl.org/2003/arcrole/concept-label"
                     xlink:from="MemorandumItemsPositions"
                     xlink:to="label_MemorandumItemsPositions"
                     xlink:title="label: MemorandumItemsPositions to label_MemorandumItemsPositions"/>
      <link:label xlink:type="resource" xlink:label="label_MemorandumItemsPositions_2"
                  xlink:role="http://www.xbrl.org/2003/role/label"
                  xlink:title="label_MemorandumItemsPositions"
                  xml:lang="en"
                  id="label_MemorandumItemsPositions_3">Hedging Positions for Capital Ratio</link:label>
      <link:labelArc xlink:type="arc" xlink:arcrole="http://www.xbrl.org/2003/arcrole/concept-label"
                     xlink:from="MemorandumItemsPositions"
                     xlink:to="label_MemorandumItemsPositions_2"
                     xlink:title="label: MemorandumItemsPositions to label_MemorandumItemsPositions"/>
      <link:loc xlink:type="locator"
                xlink:href="p-cm-mr-2006-07-01.xsd#p-cm-mr_MemorandumItemsLong"
                xlink:label="MemorandumItemsLong"
                xlink:title="MemorandumItemsLong"/>
      <link:label xlink:type="resource" xlink:label="label_MemorandumItemsLong"
                  xlink:role="http://www.xbrl.org/2003/role/documentation"
                  xlink:title="label_MemorandumItemsLong"
                  xml:lang="en"
                  id="label_MemorandumItemsLong">Detailed layer</link:label>
      <link:labelArc xlink:type="arc" xlink:arcrole="http://www.xbrl.org/2003/arcrole/concept-label"
                     xlink:from="MemorandumItemsLong"
                     xlink:to="label_MemorandumItemsLong"
                     xlink:title="label: MemorandumItemsLong to label_MemorandumItemsLong"/>
      <link:loc xlink:type="locator"
                xlink:href="p-cm-mr-2006-07-01.xsd#p-cm-mr_MemorandumItemsShort"
                xlink:label="MemorandumItemsShort"
                xlink:title="MemorandumItemsShort"/>
      <link:label xlink:type="resource" xlink:label="label_MemorandumItemsShort"
                  xlink:role="http://www.xbrl.org/2003/role/documentation"
                  xlink:title="label_MemorandumItemsShort"
                  xml:lang="en"
                  id="label_MemorandumItemsShort">Detailed layer</link:label>
      <link:labelArc xlink:type="arc" xlink:arcrole="http://www.xbrl.org/2003/arcrole/concept-label"
                     xlink:from="MemorandumItemsShort"
                     xlink:to="label_MemorandumItemsShort"
                     xlink:title="label: MemorandumItemsShort to label_MemorandumItemsShort"/>
      <link:loc xlink:type="locator"
                xlink:href="p-cm-ca-2006-07-01.xsd#p-cm-ca_MarketRiskCapitalRequirements"
                xlink:label="MarketRiskCapitalRequirements"
                xlink:title="MarketRiskCapitalRequirements"/>
      <link:label xlink:type="resource" xlink:label="label_MarketRiskCapitalRequirements"
                  xlink:role="http://www.xbrl.org/2003/role/label"
                  xlink:title="label_MarketRiskCapitalRequirements"
                  xml:lang="en"
                  id="label_MarketRiskCapitalRequirements">Capital Requirements</link:label>
      <link:labelArc xlink:type="arc" xlink:arcrole="http://www.xbrl.org/2003/arcrole/concept-label"
                     xlink:from="MarketRiskCapitalRequirements"
                     xlink:to="label_MarketRiskCapitalRequirements"
                     xlink:title="label: MarketRiskCapitalRequirements to label_MarketRiskCapitalRequirements"/>
      <link:label xlink:type="resource" xlink:label="label_MarketRiskCapitalRequirements_2"
                  xlink:role="http://www.xbrl.org/2003/role/documentation"
                  xlink:title="label_MarketRiskCapitalRequirements"
                  xml:lang="en"
                  id="label_MarketRiskCapitalRequirements_2">Core layer</link:label>
      <link:labelArc xlink:type="arc" xlink:arcrole="http://www.xbrl.org/2003/arcrole/concept-label"
                     xlink:from="MarketRiskCapitalRequirements"
                     xlink:to="label_MarketRiskCapitalRequirements_2"
                     xlink:title="label: MarketRiskCapitalRequirements to label_MarketRiskCapitalRequirements"/>
      <link:loc xlink:type="locator"
                xlink:href="p-mf-2006-07-01.xsd#p-mf_PositionsSubjectCapitalChargeLong"
                xlink:label="PositionsSubjectCapitalChargeLong"
                xlink:title="PositionsSubjectCapitalChargeLong"/>
      <link:label xlink:type="resource" xlink:label="label_PositionsSubjectCapitalChargeLong"
                  xlink:role="http://www.xbrl.org/2003/role/documentation"
                  xlink:title="label_PositionsSubjectCapitalChargeLong"
                  xml:lang="en"
                  id="label_PositionsSubjectCapitalChargeLong_3">Core layer</link:label>
      <link:labelArc xlink:type="arc" xlink:arcrole="http://www.xbrl.org/2003/arcrole/concept-label"
                     xlink:from="PositionsSubjectCapitalChargeLong"
                     xlink:to="label_PositionsSubjectCapitalChargeLong"
                     xlink:title="label: PositionsSubjectCapitalChargeLong to label_PositionsSubjectCapitalChargeLong"/>
      <link:loc xlink:type="locator"
                xlink:href="p-mf-2006-07-01.xsd#p-mf_PositionsSubjectCapitalChargeShort"
                xlink:label="PositionsSubjectCapitalChargeShort"
                xlink:title="PositionsSubjectCapitalChargeShort"/>
      <link:label xlink:type="resource" xlink:label="label_PositionsSubjectCapitalChargeShort"
                  xlink:role="http://www.xbrl.org/2003/role/documentation"
                  xlink:title="label_PositionsSubjectCapitalChargeShort"
                  xml:lang="en"
                  id="label_PositionsSubjectCapitalChargeShort_3">Core layer</link:label>
      <link:labelArc xlink:type="arc" xlink:arcrole="http://www.xbrl.org/2003/arcrole/concept-label"
                     xlink:from="PositionsSubjectCapitalChargeShort"
                     xlink:to="label_PositionsSubjectCapitalChargeShort"
                     xlink:title="label: PositionsSubjectCapitalChargeShort to label_PositionsSubjectCapitalChargeShort"/>
      <link:loc xlink:type="locator"
                xlink:href="p-mf-2006-07-01.xsd#p-mf_PositionsSubjectCapitalChargeMatched"
                xlink:label="PositionsSubjectCapitalChargeMatched"
                xlink:title="PositionsSubjectCapitalChargeMatched"/>
      <link:label xlink:type="resource" xlink:label="label_PositionsSubjectCapitalChargeMatched"
                  xlink:role="http://www.xbrl.org/2003/role/documentation"
                  xlink:title="label_PositionsSubjectCapitalChargeMatched"
                  xml:lang="en"
                  id="label_PositionsSubjectCapitalChargeMatched_3">Core layer</link:label>
      <link:labelArc xlink:type="arc" xlink:arcrole="http://www.xbrl.org/2003/arcrole/concept-label"
                     xlink:from="PositionsSubjectCapitalChargeMatched"
                     xlink:to="label_PositionsSubjectCapitalChargeMatched"
                     xlink:title="label: PositionsSubjectCapitalChargeMatched to label_PositionsSubjectCapitalChargeMatched"/>
      <link:loc xlink:type="locator"
                xlink:href="p-mf-2006-07-01.xsd#p-mf_PositionsSubjectCapitalCharge"
                xlink:label="PositionsSubjectCapitalCharge"
                xlink:title="PositionsSubjectCapitalCharge"/>
      <link:label xlink:type="resource" xlink:label="label_PositionsSubjectCapitalCharge"
                  xlink:role="http://www.xbrl.org/2003/role/documentation"
                  xlink:title="label_PositionsSubjectCapitalCharge"
                  xml:lang="en"
                  id="label_PositionsSubjectCapitalCharge_3">Core layer</link:label>
      <link:labelArc xlink:type="arc" xlink:arcrole="http://www.xbrl.org/2003/arcrole/concept-label"
                     xlink:from="PositionsSubjectCapitalCharge"
                     xlink:to="label_PositionsSubjectCapitalCharge"
                     xlink:title="label: PositionsSubjectCapitalCharge to label_PositionsSubjectCapitalCharge"/>
  </link:labelLink>
  <link:labelLink xlink:type="extended" xlink:role="http://www.xbrl.org/2003/role/link">
      <link:loc xlink:type="locator"
                xlink:href="p-mf-2006-07-01.xsd#p-mf_PositionsSubjectCapitalChargeLong"
                xlink:label="PositionsSubjectCapitalChargeLong"
                xlink:title="PositionsSubjectCapitalChargeLong"/>
      <link:label xlink:type="resource" xlink:label="label_PositionsSubjectCapitalChargeLong"
                  xlink:role="http://www.xbrl.org/2003/role/label"
                  xlink:title="label_PositionsSubjectCapitalChargeLong"
                  xml:lang="en"
                  id="label_PositionsSubjectCapitalChargeLong">Long</link:label>
      <link:labelArc xlink:type="arc" xlink:arcrole="http://www.xbrl.org/2003/arcrole/concept-label"
                     xlink:from="PositionsSubjectCapitalChargeLong"
                     xlink:to="label_PositionsSubjectCapitalChargeLong"
                     xlink:title="label: PositionsSubjectCapitalChargeLong to label_PositionsSubjectCapitalChargeLong"/>
      <link:loc xlink:type="locator"
                xlink:href="p-mf-2006-07-01.xsd#p-mf_PositionsSubjectCapitalChargeShort"
                xlink:label="PositionsSubjectCapitalChargeShort"
                xlink:title="PositionsSubjectCapitalChargeShort"/>
      <link:label xlink:type="resource" xlink:label="label_PositionsSubjectCapitalChargeShort"
                  xlink:role="http://www.xbrl.org/2003/role/label"
                  xlink:title="label_PositionsSubjectCapitalChargeShort"
                  xml:lang="en"
                  id="label_PositionsSubjectCapitalChargeShort">Short</link:label>
      <link:labelArc xlink:type="arc" xlink:arcrole="http://www.xbrl.org/2003/arcrole/concept-label"
                     xlink:from="PositionsSubjectCapitalChargeShort"
                     xlink:to="label_PositionsSubjectCapitalChargeShort"
                     xlink:title="label: PositionsSubjectCapitalChargeShort to label_PositionsSubjectCapitalChargeShort"/>
      <link:loc xlink:type="locator"
                xlink:href="p-mf-2006-07-01.xsd#p-mf_PositionsSubjectCapitalChargeMatched"
                xlink:label="PositionsSubjectCapitalChargeMatched"
                xlink:title="PositionsSubjectCapitalChargeMatched"/>
      <link:label xlink:type="resource" xlink:label="label_PositionsSubjectCapitalChargeMatched"
                  xlink:role="http://www.xbrl.org/2003/role/label"
                  xlink:title="label_PositionsSubjectCapitalChargeMatched"
                  xml:lang="en"
                  id="label_PositionsSubjectCapitalChargeMatched">Matched</link:label>
      <link:labelArc xlink:type="arc" xlink:arcrole="http://www.xbrl.org/2003/arcrole/concept-label"
                     xlink:from="PositionsSubjectCapitalChargeMatched"
                     xlink:to="label_PositionsSubjectCapitalChargeMatched"
                     xlink:title="label: PositionsSubjectCapitalChargeMatched to label_PositionsSubjectCapitalChargeMatched"/>
      <link:loc xlink:type="locator"
                xlink:href="p-mf-2006-07-01.xsd#p-mf_PositionsSubjectCapitalCharge"
                xlink:label="PositionsSubjectCapitalCharge"
                xlink:title="PositionsSubjectCapitalCharge"/>
      <link:label xlink:type="resource" xlink:label="label_PositionsSubjectCapitalCharge"
                  xlink:role="http://www.xbrl.org/2003/role/label"
                  xlink:title="label_PositionsSubjectCapitalCharge"
                  xml:lang="en"
                  id="label_PositionsSubjectCapitalCharge">Positions Subject To Capital Charge (Including Redistribution Of Unmatched Positions In Currencies Subject To Special Treatment For Matched Positions)</link:label>
      <link:labelArc xlink:type="arc" xlink:arcrole="http://www.xbrl.org/2003/arcrole/concept-label"
                     xlink:from="PositionsSubjectCapitalCharge"
                     xlink:to="label_PositionsSubjectCapitalCharge"
                     xlink:title="label: PositionsSubjectCapitalCharge to label_PositionsSubjectCapitalCharge"/>
      <link:loc xlink:type="locator" xlink:href="p-mf-2006-07-01.xsd#p-mf_MKRSAFXDomain"
                xlink:label="MKRSAFXDomain"
                xlink:title="MKRSAFXDomain"/>
      <link:label xlink:type="resource" xlink:label="label_MKRSAFXDomain"
                  xlink:role="http://www.xbrl.org/2003/role/label"
                  xlink:title="label_MKRSAFXDomain"
                  xml:lang="en"
                  id="label_MKRSAFXDomain">MKR SA FX (Domain)</link:label>
      <link:labelArc xlink:type="arc" xlink:arcrole="http://www.xbrl.org/2003/arcrole/concept-label"
                     xlink:from="MKRSAFXDomain"
                     xlink:to="label_MKRSAFXDomain"
                     xlink:title="label: MKRSAFXDomain to label_MKRSAFXDomain"/>
  </link:labelLink>
</link:linkbase>