<?xml version="1.0" encoding="UTF-8"?>
<?taxonomy-version 1.3.1?>
<!--Copyright (C) 2011 EBA - European Banking Authority, Tower 42, 25 Old Broad Street, London, EC2N 1HQ, United Kingdom.-->            
<link:linkbase xmlns:link="http://www.xbrl.org/2003/linkbase"
               xmlns:xbrli="http://www.xbrl.org/2003/instance"
               xmlns:xlink="http://www.w3.org/1999/xlink"
               xmlns:xsi="http://www.w3.org/2001/XMLSchema-instance"
               xsi:schemaLocation="http://www.xbrl.org/2003/linkbase http://www.xbrl.org/2003/xbrl-linkbase-2003-12-31.xsd">
  <link:roleRef roleURI="http://www.c-ebs.org/2006/corep/eu/mi" xlink:type="simple"
                 xlink:href="p-mi-2006-07-01.xsd#rt_mi"/>
  <link:labelLink xlink:type="extended" xlink:role="http://www.xbrl.org/2003/role/link">
      <link:loc xlink:type="locator"
                xlink:href="p-mi-2006-07-01.xsd#p-mi_MarketRiskInternalModels"
                xlink:label="MarketRiskInternalModels"
                xlink:title="MarketRiskInternalModels"/>
      <link:label xlink:type="resource" xlink:label="label_MarketRiskInternalModels"
                  xlink:role="http://www.xbrl.org/2003/role/label"
                  xlink:title="label_MarketRiskInternalModels"
                  xml:lang="en"
                  id="label_MarketRiskInternalModels">Market Risk Internal Models (Domain)</link:label>
      <link:labelArc xlink:type="arc" xlink:arcrole="http://www.xbrl.org/2003/arcrole/concept-label"
                     xlink:from="MarketRiskInternalModels"
                     xlink:to="label_MarketRiskInternalModels"
                     xlink:title="label: MarketRiskInternalModels to label_MarketRiskInternalModels"/>
      <link:loc xlink:type="locator"
                xlink:href="p-mi-2006-07-01.xsd#p-mi_MultiplicationFactorXAveragePrevious60WorkingDaysVaR"
                xlink:label="MultiplicationFactorXAveragePrevious60WorkingDaysVaR"
                xlink:title="MultiplicationFactorXAveragePrevious60WorkingDaysVaR"/>
      <link:label xlink:type="resource"
                  xlink:label="label_MultiplicationFactorXAveragePrevious60WorkingDaysVaR"
                  xlink:role="http://www.xbrl.org/2003/role/label"
                  xlink:title="label_MultiplicationFactorXAveragePrevious60WorkingDaysVaR"
                  xml:lang="en"
                  id="label_MultiplicationFactorXAveragePrevious60WorkingDaysVaR">Multiplication Factor x Average of previous 60 Working Days VaR</link:label>
      <link:labelArc xlink:type="arc" xlink:arcrole="http://www.xbrl.org/2003/arcrole/concept-label"
                     xlink:from="MultiplicationFactorXAveragePrevious60WorkingDaysVaR"
                     xlink:to="label_MultiplicationFactorXAveragePrevious60WorkingDaysVaR"
                     xlink:title="label: MultiplicationFactorXAveragePrevious60WorkingDaysVaR to label_MultiplicationFactorXAveragePrevious60WorkingDaysVaR"/>
      <link:loc xlink:type="locator" xlink:href="p-mi-2006-07-01.xsd#p-mi_PreviousDayVaR"
                xlink:label="PreviousDayVaR"
                xlink:title="PreviousDayVaR"/>
      <link:label xlink:type="resource" xlink:label="label_PreviousDayVaR"
                  xlink:role="http://www.xbrl.org/2003/role/label"
                  xlink:title="label_PreviousDayVaR"
                  xml:lang="en"
                  id="label_PreviousDayVaR">Previous Day VaR</link:label>
      <link:labelArc xlink:type="arc" xlink:arcrole="http://www.xbrl.org/2003/arcrole/concept-label"
                     xlink:from="PreviousDayVaR"
                     xlink:to="label_PreviousDayVaR"
                     xlink:title="label: PreviousDayVaR to label_PreviousDayVaR"/>
      <link:loc xlink:type="locator"
                xlink:href="p-mi-2006-07-01.xsd#p-mi_SpecificRiskSurcharge"
                xlink:label="SpecificRiskSurcharge"
                xlink:title="SpecificRiskSurcharge"/>
      <link:label xlink:type="resource" xlink:label="label_SpecificRiskSurcharge"
                  xlink:role="http://www.xbrl.org/2003/role/label"
                  xlink:title="label_SpecificRiskSurcharge"
                  xml:lang="en"
                  id="label_SpecificRiskSurcharge">Specific Risk Surcharge</link:label>
      <link:labelArc xlink:type="arc" xlink:arcrole="http://www.xbrl.org/2003/arcrole/concept-label"
                     xlink:from="SpecificRiskSurcharge"
                     xlink:to="label_SpecificRiskSurcharge"
                     xlink:title="label: SpecificRiskSurcharge to label_SpecificRiskSurcharge"/>
      <link:loc xlink:type="locator"
                xlink:href="p-mi-2006-07-01.xsd#p-mi_IncrementalDefaultRiskSurcharge"
                xlink:label="IncrementalDefaultRiskSurcharge"
                xlink:title="IncrementalDefaultRiskSurcharge"/>
      <link:label xlink:type="resource" xlink:label="label_IncrementalDefaultRiskSurcharge"
                  xlink:role="http://www.xbrl.org/2003/role/label"
                  xlink:title="label_IncrementalDefaultRiskSurcharge"
                  xml:lang="en"
                  id="label_IncrementalDefaultRiskSurcharge">Incremental Default Risk Surcharge</link:label>
      <link:labelArc xlink:type="arc" xlink:arcrole="http://www.xbrl.org/2003/arcrole/concept-label"
                     xlink:from="IncrementalDefaultRiskSurcharge"
                     xlink:to="label_IncrementalDefaultRiskSurcharge"
                     xlink:title="label: IncrementalDefaultRiskSurcharge to label_IncrementalDefaultRiskSurcharge"/>
      <link:loc xlink:type="locator" xlink:href="p-mi-2006-07-01.xsd#p-mi_MemorandumItems"
                xlink:label="MemorandumItems"
                xlink:title="MemorandumItems"/>
      <link:label xlink:type="resource" xlink:label="label_MemorandumItems"
                  xlink:role="http://www.xbrl.org/2003/role/label"
                  xlink:title="label_MemorandumItems"
                  xml:lang="en"
                  id="label_MemorandumItems">Memorandum Items:</link:label>
      <link:labelArc xlink:type="arc" xlink:arcrole="http://www.xbrl.org/2003/arcrole/concept-label"
                     xlink:from="MemorandumItems"
                     xlink:to="label_MemorandumItems"
                     xlink:title="label: MemorandumItems to label_MemorandumItems"/>
      <link:loc xlink:type="locator"
                xlink:href="p-mi-2006-07-01.xsd#p-mi_NumberOfOvershootingsDuringPrevious250WorkingDays"
                xlink:label="NumberOfOvershootingsDuringPrevious250WorkingDays"
                xlink:title="NumberOfOvershootingsDuringPrevious250WorkingDays"/>
      <link:label xlink:type="resource"
                  xlink:label="label_NumberOfOvershootingsDuringPrevious250WorkingDays"
                  xlink:role="http://www.xbrl.org/2003/role/label"
                  xlink:title="label_NumberOfOvershootingsDuringPrevious250WorkingDays"
                  xml:lang="en"
                  id="label_NumberOfOvershootingsDuringPrevious250WorkingDays">Number of Overshootings (during previous 250 working days)</link:label>
      <link:labelArc xlink:type="arc" xlink:arcrole="http://www.xbrl.org/2003/arcrole/concept-label"
                     xlink:from="NumberOfOvershootingsDuringPrevious250WorkingDays"
                     xlink:to="label_NumberOfOvershootingsDuringPrevious250WorkingDays"
                     xlink:title="label: NumberOfOvershootingsDuringPrevious250WorkingDays to label_NumberOfOvershootingsDuringPrevious250WorkingDays"/>
      <link:loc xlink:type="locator" xlink:href="p-mi-2006-07-01.xsd#p-mi_MultiplicationFactor"
                xlink:label="MultiplicationFactor"
                xlink:title="MultiplicationFactor"/>
      <link:label xlink:type="resource" xlink:label="label_MultiplicationFactor"
                  xlink:role="http://www.xbrl.org/2003/role/label"
                  xlink:title="label_MultiplicationFactor"
                  xml:lang="en"
                  id="label_MultiplicationFactor">Multiplication Factor</link:label>
      <link:labelArc xlink:type="arc" xlink:arcrole="http://www.xbrl.org/2003/arcrole/concept-label"
                     xlink:from="MultiplicationFactor"
                     xlink:to="label_MultiplicationFactor"
                     xlink:title="label: MultiplicationFactor to label_MultiplicationFactor"/>
  </link:labelLink>
  <link:labelLink xlink:type="extended" xlink:role="http://www.c-ebs.org/2006/corep/eu/mi">
      <link:loc xlink:type="locator"
                xlink:href="p-cm-ca-2006-07-01.xsd#p-cm-ca_MarketRiskCapitalRequirements"
                xlink:label="MarketRiskCapitalRequirements"
                xlink:title="MarketRiskCapitalRequirements"/>
      <link:label xlink:type="resource" xlink:label="label_MarketRiskCapitalRequirements"
                  xlink:role="http://www.xbrl.org/2003/role/label"
                  xlink:title="label_MarketRiskCapitalRequirements"
                  xml:lang="en"
                  id="label_MarketRiskCapitalRequirements">Capital Requirements</link:label>
      <link:labelArc xlink:type="arc" xlink:arcrole="http://www.xbrl.org/2003/arcrole/concept-label"
                     xlink:from="MarketRiskCapitalRequirements"
                     xlink:to="label_MarketRiskCapitalRequirements"
                     xlink:title="label: MarketRiskCapitalRequirements to label_MarketRiskCapitalRequirements"/>
      <link:label xlink:type="resource" xlink:label="label_MarketRiskCapitalRequirements_2"
                  xlink:role="http://www.xbrl.org/2003/role/documentation"
                  xlink:title="label_MarketRiskCapitalRequirements"
                  xml:lang="en"
                  id="label_MarketRiskCapitalRequirements_2">Core layer</link:label>
      <link:labelArc xlink:type="arc" xlink:arcrole="http://www.xbrl.org/2003/arcrole/concept-label"
                     xlink:from="MarketRiskCapitalRequirements"
                     xlink:to="label_MarketRiskCapitalRequirements_2"
                     xlink:title="label: MarketRiskCapitalRequirements to label_MarketRiskCapitalRequirements"/>
      <link:loc xlink:type="locator"
                xlink:href="p-mi-2006-07-01.xsd#p-mi_MultiplicationFactorXAveragePrevious60WorkingDaysVaR"
                xlink:label="MultiplicationFactorXAveragePrevious60WorkingDaysVaR"
                xlink:title="MultiplicationFactorXAveragePrevious60WorkingDaysVaR"/>
      <link:label xlink:type="resource"
                  xlink:label="label_MultiplicationFactorXAveragePrevious60WorkingDaysVaR"
                  xlink:role="http://www.xbrl.org/2003/role/documentation"
                  xlink:title="label_MultiplicationFactorXAveragePrevious60WorkingDaysVaR"
                  xml:lang="en"
                  id="label_MultiplicationFactorXAveragePrevious60WorkingDaysVaR_2">Core layer</link:label>
      <link:labelArc xlink:type="arc" xlink:arcrole="http://www.xbrl.org/2003/arcrole/concept-label"
                     xlink:from="MultiplicationFactorXAveragePrevious60WorkingDaysVaR"
                     xlink:to="label_MultiplicationFactorXAveragePrevious60WorkingDaysVaR"
                     xlink:title="label: MultiplicationFactorXAveragePrevious60WorkingDaysVaR to label_MultiplicationFactorXAveragePrevious60WorkingDaysVaR"/>
      <link:loc xlink:type="locator" xlink:href="p-mi-2006-07-01.xsd#p-mi_PreviousDayVaR"
                xlink:label="PreviousDayVaR"
                xlink:title="PreviousDayVaR"/>
      <link:label xlink:type="resource" xlink:label="label_PreviousDayVaR"
                  xlink:role="http://www.xbrl.org/2003/role/documentation"
                  xlink:title="label_PreviousDayVaR"
                  xml:lang="en"
                  id="label_PreviousDayVaR_2">Core layer</link:label>
      <link:labelArc xlink:type="arc" xlink:arcrole="http://www.xbrl.org/2003/arcrole/concept-label"
                     xlink:from="PreviousDayVaR"
                     xlink:to="label_PreviousDayVaR"
                     xlink:title="label: PreviousDayVaR to label_PreviousDayVaR"/>
      <link:loc xlink:type="locator"
                xlink:href="p-mi-2006-07-01.xsd#p-mi_SpecificRiskSurcharge"
                xlink:label="SpecificRiskSurcharge"
                xlink:title="SpecificRiskSurcharge"/>
      <link:label xlink:type="resource" xlink:label="label_SpecificRiskSurcharge"
                  xlink:role="http://www.xbrl.org/2003/role/documentation"
                  xlink:title="label_SpecificRiskSurcharge"
                  xml:lang="en"
                  id="label_SpecificRiskSurcharge_2">Core layer</link:label>
      <link:labelArc xlink:type="arc" xlink:arcrole="http://www.xbrl.org/2003/arcrole/concept-label"
                     xlink:from="SpecificRiskSurcharge"
                     xlink:to="label_SpecificRiskSurcharge"
                     xlink:title="label: SpecificRiskSurcharge to label_SpecificRiskSurcharge"/>
      <link:loc xlink:type="locator"
                xlink:href="p-mi-2006-07-01.xsd#p-mi_IncrementalDefaultRiskSurcharge"
                xlink:label="IncrementalDefaultRiskSurcharge"
                xlink:title="IncrementalDefaultRiskSurcharge"/>
      <link:label xlink:type="resource" xlink:label="label_IncrementalDefaultRiskSurcharge"
                  xlink:role="http://www.xbrl.org/2003/role/documentation"
                  xlink:title="label_IncrementalDefaultRiskSurcharge"
                  xml:lang="en"
                  id="label_IncrementalDefaultRiskSurcharge_2">Core layer</link:label>
      <link:labelArc xlink:type="arc" xlink:arcrole="http://www.xbrl.org/2003/arcrole/concept-label"
                     xlink:from="IncrementalDefaultRiskSurcharge"
                     xlink:to="label_IncrementalDefaultRiskSurcharge"
                     xlink:title="label: IncrementalDefaultRiskSurcharge to label_IncrementalDefaultRiskSurcharge"/>
      <link:loc xlink:type="locator" xlink:href="p-mi-2006-07-01.xsd#p-mi_MemorandumItems"
                xlink:label="MemorandumItems"
                xlink:title="MemorandumItems"/>
      <link:label xlink:type="resource" xlink:label="label_MemorandumItems"
                  xlink:role="http://www.xbrl.org/2003/role/documentation"
                  xlink:title="label_MemorandumItems"
                  xml:lang="en"
                  id="label_MemorandumItems_2">Core layer</link:label>
      <link:labelArc xlink:type="arc" xlink:arcrole="http://www.xbrl.org/2003/arcrole/concept-label"
                     xlink:from="MemorandumItems"
                     xlink:to="label_MemorandumItems"
                     xlink:title="label: MemorandumItems to label_MemorandumItems"/>
      <link:loc xlink:type="locator"
                xlink:href="p-mi-2006-07-01.xsd#p-mi_NumberOfOvershootingsDuringPrevious250WorkingDays"
                xlink:label="NumberOfOvershootingsDuringPrevious250WorkingDays"
                xlink:title="NumberOfOvershootingsDuringPrevious250WorkingDays"/>
      <link:label xlink:type="resource"
                  xlink:label="label_NumberOfOvershootingsDuringPrevious250WorkingDays"
                  xlink:role="http://www.xbrl.org/2003/role/documentation"
                  xlink:title="label_NumberOfOvershootingsDuringPrevious250WorkingDays"
                  xml:lang="en"
                  id="label_NumberOfOvershootingsDuringPrevious250WorkingDays_2">Core layer</link:label>
      <link:labelArc xlink:type="arc" xlink:arcrole="http://www.xbrl.org/2003/arcrole/concept-label"
                     xlink:from="NumberOfOvershootingsDuringPrevious250WorkingDays"
                     xlink:to="label_NumberOfOvershootingsDuringPrevious250WorkingDays"
                     xlink:title="label: NumberOfOvershootingsDuringPrevious250WorkingDays to label_NumberOfOvershootingsDuringPrevious250WorkingDays"/>
      <link:loc xlink:type="locator" xlink:href="p-mi-2006-07-01.xsd#p-mi_MultiplicationFactor"
                xlink:label="MultiplicationFactor"
                xlink:title="MultiplicationFactor"/>
      <link:label xlink:type="resource" xlink:label="label_MultiplicationFactor"
                  xlink:role="http://www.xbrl.org/2003/role/documentation"
                  xlink:title="label_MultiplicationFactor"
                  xml:lang="en"
                  id="label_MultiplicationFactor_2">Core layer</link:label>
      <link:labelArc xlink:type="arc" xlink:arcrole="http://www.xbrl.org/2003/arcrole/concept-label"
                     xlink:from="MultiplicationFactor"
                     xlink:to="label_MultiplicationFactor"
                     xlink:title="label: MultiplicationFactor to label_MultiplicationFactor"/>
  </link:labelLink>
</link:linkbase>