<?xml version="1.0" encoding="UTF-8"?>
<?taxonomy-version 1.3.1?>
<!--Copyright (C) 2011 EBA - European Banking Authority, Tower 42, 25 Old Broad Street, London, EC2N 1HQ, United Kingdom.-->            
<link:linkbase xmlns:link="http://www.xbrl.org/2003/linkbase"
               xmlns:xbrli="http://www.xbrl.org/2003/instance"
               xmlns:xlink="http://www.w3.org/1999/xlink"
               xmlns:xsi="http://www.w3.org/2001/XMLSchema-instance"
               xsi:schemaLocation="http://www.xbrl.org/2003/linkbase http://www.xbrl.org/2003/xbrl-linkbase-2003-12-31.xsd">
  <link:roleRef roleURI="http://www.c-ebs.org/2006/corep/eu/mt" xlink:type="simple"
                 xlink:href="p-mt-2006-07-01.xsd#rt_mt"/>
  <link:presentationLink xlink:type="extended" xlink:role="http://www.c-ebs.org/2006/corep/eu/mt">
      <link:loc xlink:type="locator" xlink:href="p-mt-2006-07-01.xsd#p-mt_MKRSATDIDomain"
                xlink:label="MKRSATDIDomain"
                xlink:title="MKRSATDIDomain"/>
      <link:loc xlink:type="locator" xlink:href="p-cm-mr-2006-07-01.xsd#p-cm-mr_Positions"
                xlink:label="Positions"
                xlink:title="Positions"/>
      <link:presentationArc xlink:type="arc" xlink:arcrole="http://www.xbrl.org/2003/arcrole/parent-child"
                            xlink:from="MKRSATDIDomain"
                            xlink:to="Positions"
                            xlink:title="presentation: MKRSATDIDomain to Positions"
                            order="1.0"/>
      <link:loc xlink:type="locator" xlink:href="p-cm-mr-2006-07-01.xsd#p-cm-mr_AllPositions"
                xlink:label="AllPositions"
                xlink:title="AllPositions"/>
      <link:presentationArc xlink:type="arc" xlink:arcrole="http://www.xbrl.org/2003/arcrole/parent-child"
                            xlink:from="Positions"
                            xlink:to="AllPositions"
                            xlink:title="presentation: Positions to AllPositions"
                            order="1.0"/>
      <link:loc xlink:type="locator"
                xlink:href="p-cm-mr-2006-07-01.xsd#p-cm-mr_AllPositionsLong"
                xlink:label="AllPositionsLong"
                xlink:title="AllPositionsLong"/>
      <link:presentationArc xlink:type="arc" xlink:arcrole="http://www.xbrl.org/2003/arcrole/parent-child"
                            xlink:from="AllPositions"
                            xlink:to="AllPositionsLong"
                            xlink:title="presentation: AllPositions to AllPositionsLong"
                            order="1.0"/>
      <link:loc xlink:type="locator"
                xlink:href="p-cm-mr-2006-07-01.xsd#p-cm-mr_AllPositionsShort"
                xlink:label="AllPositionsShort"
                xlink:title="AllPositionsShort"/>
      <link:presentationArc xlink:type="arc" xlink:arcrole="http://www.xbrl.org/2003/arcrole/parent-child"
                            xlink:from="AllPositions"
                            xlink:to="AllPositionsShort"
                            xlink:title="presentation: AllPositions to AllPositionsShort"
                            order="2.0"/>
      <link:loc xlink:type="locator"
                xlink:href="p-cm-mr-2006-07-01.xsd#p-cm-mr_ReductionEffectUnderwritingPositions"
                xlink:label="ReductionEffectUnderwritingPositions"
                xlink:title="ReductionEffectUnderwritingPositions"/>
      <link:presentationArc xlink:type="arc" xlink:arcrole="http://www.xbrl.org/2003/arcrole/parent-child"
                            xlink:from="Positions"
                            xlink:to="ReductionEffectUnderwritingPositions"
                            xlink:title="presentation: Positions to ReductionEffectUnderwritingPositions"
                            order="2.0"/>
      <link:loc xlink:type="locator" xlink:href="p-cm-mr-2006-07-01.xsd#p-cm-mr_NetPositions"
                xlink:label="NetPositions"
                xlink:title="NetPositions"/>
      <link:presentationArc xlink:type="arc" xlink:arcrole="http://www.xbrl.org/2003/arcrole/parent-child"
                            xlink:from="Positions"
                            xlink:to="NetPositions"
                            xlink:title="presentation: Positions to NetPositions"
                            order="3.0"/>
      <link:loc xlink:type="locator"
                xlink:href="p-cm-mr-2006-07-01.xsd#p-cm-mr_NetPositionsLong"
                xlink:label="NetPositionsLong"
                xlink:title="NetPositionsLong"/>
      <link:presentationArc xlink:type="arc" xlink:arcrole="http://www.xbrl.org/2003/arcrole/parent-child"
                            xlink:from="NetPositions"
                            xlink:to="NetPositionsLong"
                            xlink:title="presentation: NetPositions to NetPositionsLong"
                            order="1.0"/>
      <link:loc xlink:type="locator"
                xlink:href="p-cm-mr-2006-07-01.xsd#p-cm-mr_NetPositionsShort"
                xlink:label="NetPositionsShort"
                xlink:title="NetPositionsShort"/>
      <link:presentationArc xlink:type="arc" xlink:arcrole="http://www.xbrl.org/2003/arcrole/parent-child"
                            xlink:from="NetPositions"
                            xlink:to="NetPositionsShort"
                            xlink:title="presentation: NetPositions to NetPositionsShort"
                            order="2.0"/>
      <link:loc xlink:type="locator"
                xlink:href="p-mt-2006-07-01.xsd#p-mt_AllowanceDueToTradingBookPositionsHedgedByCreditDerivatives"
                xlink:label="AllowanceDueToTradingBookPositionsHedgedByCreditDerivatives"
                xlink:title="AllowanceDueToTradingBookPositionsHedgedByCreditDerivatives"/>
      <link:presentationArc xlink:type="arc" xlink:arcrole="http://www.xbrl.org/2003/arcrole/parent-child"
                            xlink:from="Positions"
                            xlink:to="AllowanceDueToTradingBookPositionsHedgedByCreditDerivatives"
                            xlink:title="presentation: Positions to AllowanceDueToTradingBookPositionsHedgedByCreditDerivatives"
                            order="4.0"/>
      <link:loc xlink:type="locator" xlink:href="p-mt-2006-07-01.xsd#p-mt_ToLongNetPositions"
                xlink:label="ToLongNetPositions"
                xlink:title="ToLongNetPositions"/>
      <link:presentationArc xlink:type="arc" xlink:arcrole="http://www.xbrl.org/2003/arcrole/parent-child"
                            xlink:from="AllowanceDueToTradingBookPositionsHedgedByCreditDerivatives"
                            xlink:to="ToLongNetPositions"
                            xlink:title="presentation: AllowanceDueToTradingBookPositionsHedgedByCreditDerivatives to ToLongNetPositions"
                            order="1.0"/>
      <link:loc xlink:type="locator" xlink:href="p-mt-2006-07-01.xsd#p-mt_ToShortNetPositions"
                xlink:label="ToShortNetPositions"
                xlink:title="ToShortNetPositions"/>
      <link:presentationArc xlink:type="arc" xlink:arcrole="http://www.xbrl.org/2003/arcrole/parent-child"
                            xlink:from="AllowanceDueToTradingBookPositionsHedgedByCreditDerivatives"
                            xlink:to="ToShortNetPositions"
                            xlink:title="presentation: AllowanceDueToTradingBookPositionsHedgedByCreditDerivatives to ToShortNetPositions"
                            order="2.0"/>
      <link:loc xlink:type="locator"
                xlink:href="p-cm-mr-2006-07-01.xsd#p-cm-mr_NetPositionsSubjectToCapitalCharge"
                xlink:label="NetPositionsSubjectToCapitalCharge"
                xlink:title="NetPositionsSubjectToCapitalCharge"/>
      <link:presentationArc xlink:type="arc" xlink:arcrole="http://www.xbrl.org/2003/arcrole/parent-child"
                            xlink:from="Positions"
                            xlink:to="NetPositionsSubjectToCapitalCharge"
                            xlink:title="presentation: Positions to NetPositionsSubjectToCapitalCharge"
                            order="5.0"/>
      <link:loc xlink:type="locator"
                xlink:href="p-cm-ca-2006-07-01.xsd#p-cm-ca_MarketRiskCapitalRequirements"
                xlink:label="MarketRiskCapitalRequirements"
                xlink:title="MarketRiskCapitalRequirements"/>
      <link:presentationArc xlink:type="arc" xlink:arcrole="http://www.xbrl.org/2003/arcrole/parent-child"
                            xlink:from="MKRSATDIDomain"
                            xlink:to="MarketRiskCapitalRequirements"
                            xlink:title="presentation: MKRSATDIDomain to MarketRiskCapitalRequirements"
                            order="3.0"/>
  </link:presentationLink>
</link:linkbase>