<?xml version="1.0" encoding="UTF-8"?>
<?taxonomy-version 1.3.1?>
<!--Copyright (C) 2011 EBA - European Banking Authority, Tower 42, 25 Old Broad Street, London, EC2N 1HQ, United Kingdom.-->            
<link:linkbase xmlns:link="http://www.xbrl.org/2003/linkbase"
               xmlns:xbrli="http://www.xbrl.org/2003/instance"
               xmlns:xlink="http://www.w3.org/1999/xlink"
               xmlns:xsi="http://www.w3.org/2001/XMLSchema-instance"
               xmlns:p-od="http://www.c-ebs.org/eu/fr/esrs/corep/2006-07-01/p-od-2006-07-01"
               xsi:schemaLocation="http://www.xbrl.org/2003/linkbase http://www.xbrl.org/2003/xbrl-linkbase-2003-12-31.xsd">
  <link:roleRef roleURI="http://www.c-ebs.org/2006/corep/eu/od" xlink:type="simple"
                 xlink:href="p-od-2006-07-01.xsd#rt_od"/>
  <link:presentationLink xlink:type="extended" xlink:role="http://www.c-ebs.org/2006/corep/eu/od">
      <link:loc xlink:type="locator" xlink:href="p-od-2006-07-01.xsd#p-od_OPRDetailsDomain"
                xlink:label="OPRDetailsDomain"
                xlink:title="OPRDetailsDomain"/>
      <link:loc xlink:type="locator" xlink:href="p-od-2006-07-01.xsd#p-od_NumberOfEvents"
                xlink:label="NumberOfEvents"
                xlink:title="NumberOfEvents"/>
      <link:presentationArc xlink:type="arc" xlink:arcrole="http://www.xbrl.org/2003/arcrole/parent-child"
                            xlink:from="OPRDetailsDomain"
                            xlink:to="NumberOfEvents"
                            xlink:title="presentation: OPRDetailsDomain to NumberOfEvents"
                            order="1.0"/>
      <link:loc xlink:type="locator" xlink:href="p-od-2006-07-01.xsd#p-od_TotalLossAmount"
                xlink:label="TotalLossAmount"
                xlink:title="TotalLossAmount"/>
      <link:presentationArc xlink:type="arc" xlink:arcrole="http://www.xbrl.org/2003/arcrole/parent-child"
                            xlink:from="OPRDetailsDomain"
                            xlink:to="TotalLossAmount"
                            xlink:title="presentation: OPRDetailsDomain to TotalLossAmount"
                            order="2.0"/>
      <link:loc xlink:type="locator" xlink:href="p-od-2006-07-01.xsd#p-od_MaximumSingleLoss"
                xlink:label="MaximumSingleLoss"
                xlink:title="MaximumSingleLoss"/>
      <link:presentationArc xlink:type="arc" xlink:arcrole="http://www.xbrl.org/2003/arcrole/parent-child"
                            xlink:from="OPRDetailsDomain"
                            xlink:to="MaximumSingleLoss"
                            xlink:title="presentation: OPRDetailsDomain to MaximumSingleLoss"
                            order="3.0"/>
      <link:loc xlink:type="locator"
                xlink:href="p-od-2006-07-01.xsd#p-od_MemorandumItemThresholdAppliedDataCollection"
                xlink:label="MemorandumItemThresholdAppliedDataCollection"
                xlink:title="MemorandumItemThresholdAppliedDataCollection"/>
      <link:presentationArc xlink:type="arc" xlink:arcrole="http://www.xbrl.org/2003/arcrole/parent-child"
                            xlink:from="OPRDetailsDomain"
                            xlink:to="MemorandumItemThresholdAppliedDataCollection"
                            xlink:title="presentation: OPRDetailsDomain to MemorandumItemThresholdAppliedDataCollection"
                            use="optional"
                            order="4.0"/>
      <link:loc xlink:type="locator"
                xlink:href="p-od-2006-07-01.xsd#p-od_MemorandumItemLowestThresholdAppliedDataCollection"
                xlink:label="MemorandumItemLowestThresholdAppliedDataCollection"
                xlink:title="MemorandumItemLowestThresholdAppliedDataCollection"/>
      <link:presentationArc xlink:type="arc" xlink:arcrole="http://www.xbrl.org/2003/arcrole/parent-child"
                            xlink:from="MemorandumItemThresholdAppliedDataCollection"
                            xlink:to="MemorandumItemLowestThresholdAppliedDataCollection"
                            xlink:title="presentation: MemorandumItemThresholdAppliedDataCollection to MemorandumItemLowestThresholdAppliedDataCollection"
                            use="optional"
                            order="1.0"/>
      <link:loc xlink:type="locator"
                xlink:href="p-od-2006-07-01.xsd#p-od_MemorandumItemHighestThresholdAppliedDataCollection"
                xlink:label="MemorandumItemHighestThresholdAppliedDataCollection"
                xlink:title="MemorandumItemHighestThresholdAppliedDataCollection"/>
      <link:presentationArc xlink:type="arc" xlink:arcrole="http://www.xbrl.org/2003/arcrole/parent-child"
                            xlink:from="MemorandumItemThresholdAppliedDataCollection"
                            xlink:to="MemorandumItemHighestThresholdAppliedDataCollection"
                            xlink:title="presentation: MemorandumItemThresholdAppliedDataCollection to MemorandumItemHighestThresholdAppliedDataCollection"
                            use="optional"
                            order="2.0"/>
  </link:presentationLink>
</link:linkbase>