<?xml version="1.0" encoding="UTF-8"?>
<?taxonomy-version 1.3.1?>
<!--Copyright (C) 2011 EBA - European Banking Authority, Tower 42, 25 Old Broad Street, London, EC2N 1HQ, United Kingdom.-->            
<link:linkbase xmlns:link="http://www.xbrl.org/2003/linkbase"
               xmlns:xbrli="http://www.xbrl.org/2003/instance"
               xmlns:xlink="http://www.w3.org/1999/xlink"
               xmlns:xsi="http://www.w3.org/2001/XMLSchema-instance"
               xmlns:p-od="http://www.c-ebs.org/eu/fr/esrs/corep/2006-07-01/p-od-2006-07-01"
               xmlns:ref-corep="http://www.c-ebs.org/eu/fr/esrs/corep/2005-09-30/ref-corep-2005-09-30"
               xmlns:ref="http://www.xbrl.org/2004/ref"
               xsi:schemaLocation="http://www.xbrl.org/2003/linkbase http://www.xbrl.org/2003/xbrl-linkbase-2003-12-31.xsd http://www.c-ebs.org/eu/fr/esrs/corep/2005-09-30/ref-corep-2005-09-30 ref-corep-2005-09-30.xsd http://www.xbrl.org/2004/ref http://www.xbrl.org/2004/ref-2004-08-10.xsd">
  <link:roleRef roleURI="http://www.c-ebs.org/2006/corep/eu/od" xlink:type="simple"
                 xlink:href="p-od-2006-07-01.xsd#rt_od"/>
  <link:referenceLink xlink:type="extended" xlink:role="http://www.c-ebs.org/2006/corep/eu/od">
      <link:loc xlink:type="locator" xlink:href="p-od-2006-07-01.xsd#p-od_NumberOfEvents"
                xlink:label="NumberOfEvents"
                xlink:title="NumberOfEvents"/>
      <link:reference xlink:type="resource" xlink:label="reference_NumberOfEvents"
                      xlink:role="http://www.xbrl.org/2003/role/reference"
                      xlink:title="reference_NumberOfEvents"
                      id="reference_NumberOfEvents">
         <ref-corep:Comment>Number of events recorded by business line. If one event has an impact on several business lines it should be reported in all the business lines where the loss is over the relevant threshold. Also, in this case the total number of events for "Total business lines" and "Total event types" will be lower than the aggregation of the number of events by business lines since those events with multiple impacts will be considered as just one.</ref-corep:Comment>
      </link:reference>
      <link:referenceArc xlink:type="arc"
                         xlink:arcrole="http://www.xbrl.org/2003/arcrole/concept-reference"
                         xlink:from="NumberOfEvents"
                         xlink:to="reference_NumberOfEvents"
                         xlink:title="reference: NumberOfEvents to reference_NumberOfEvents"/>
      <link:loc xlink:type="locator" xlink:href="p-od-2006-07-01.xsd#p-od_TotalLossAmount"
                xlink:label="TotalLossAmount"
                xlink:title="TotalLossAmount"/>
      <link:reference xlink:type="resource" xlink:label="reference_TotalLossAmount"
                      xlink:role="http://www.xbrl.org/2003/role/reference"
                      xlink:title="reference_TotalLossAmount"
                      id="reference_TotalLossAmount">
         <ref-corep:Comment>Aggregation of the losses recorded in the internal data base for each  business line and, if it is the case, broken down by event types</ref-corep:Comment>
      </link:reference>
      <link:referenceArc xlink:type="arc"
                         xlink:arcrole="http://www.xbrl.org/2003/arcrole/concept-reference"
                         xlink:from="TotalLossAmount"
                         xlink:to="reference_TotalLossAmount"
                         xlink:title="reference: TotalLossAmount to reference_TotalLossAmount"/>
      <link:loc xlink:type="locator" xlink:href="p-od-2006-07-01.xsd#p-od_MaximumSingleLoss"
                xlink:label="MaximumSingleLoss"
                xlink:title="MaximumSingleLoss"/>
      <link:reference xlink:type="resource" xlink:label="reference_MaximumSingleLoss"
                      xlink:role="http://www.xbrl.org/2003/role/reference"
                      xlink:title="reference_MaximumSingleLoss"
                      id="reference_MaximumSingleLoss">
         <ref-corep:Comment>Maximum single loss recorded by business line. In the case of the maximum single loss for "Total business lines" and "Total event types" those events with an impact on different business lines should be considered as a single one and, accordingly, the maximum single loss in that cell may be higher than the higher of the maximum single losses by business lines.</ref-corep:Comment>
      </link:reference>
      <link:referenceArc xlink:type="arc"
                         xlink:arcrole="http://www.xbrl.org/2003/arcrole/concept-reference"
                         xlink:from="MaximumSingleLoss"
                         xlink:to="reference_MaximumSingleLoss"
                         xlink:title="reference: MaximumSingleLoss to reference_MaximumSingleLoss"/>
      <link:loc xlink:type="locator"
                xlink:href="p-od-2006-07-01.xsd#p-od_MemorandumItemLowestThresholdAppliedDataCollection"
                xlink:label="MemorandumItemLowestThresholdAppliedDataCollection"
                xlink:title="MemorandumItemLowestThresholdAppliedDataCollection"/>
      <link:reference xlink:type="resource"
                      xlink:label="reference_MemorandumItemLowestThresholdAppliedDataCollection"
                      xlink:role="http://www.xbrl.org/2003/role/reference"
                      xlink:title="reference_MemorandumItemLowestThresholdAppliedDataCollection"
                      id="reference_MemorandumItemLowestThresholdAppliedDataCollection">
         <ref-corep:Comment>Annex X part 3 point 15 of Directive 2006/48/EC. If there is only one threshold for all the events in each  business line, only the column lowest should be filled in. In the case that there are different thresholds applied within the same regulatory business line, then both columns should be filled in.</ref-corep:Comment>
      </link:reference>
      <link:referenceArc xlink:type="arc"
                         xlink:arcrole="http://www.xbrl.org/2003/arcrole/concept-reference"
                         xlink:from="MemorandumItemLowestThresholdAppliedDataCollection"
                         xlink:to="reference_MemorandumItemLowestThresholdAppliedDataCollection"
                         xlink:title="reference: MemorandumItemLowestThresholdAppliedDataCollection to reference_MemorandumItemLowestThresholdAppliedDataCollection"/>
      <link:loc xlink:type="locator"
                xlink:href="p-od-2006-07-01.xsd#p-od_MemorandumItemThresholdAppliedDataCollection"
                xlink:label="MemorandumItemThresholdAppliedDataCollection"
                xlink:title="MemorandumItemThresholdAppliedDataCollection"/>
      <link:reference xlink:type="resource"
                      xlink:label="reference_MemorandumItemThresholdAppliedDataCollection"
                      xlink:role="http://www.xbrl.org/2003/role/reference"
                      xlink:title="reference_MemorandumItemThresholdAppliedDataCollection"
                      id="reference_MemorandumItemThresholdAppliedDataCollection">
         <ref-corep:Comment>Annex X part 3 point 15 last sentence of Directive 2006/48/EC.</ref-corep:Comment>
      </link:reference>
      <link:referenceArc xlink:type="arc"
                         xlink:arcrole="http://www.xbrl.org/2003/arcrole/concept-reference"
                         xlink:from="MemorandumItemThresholdAppliedDataCollection"
                         xlink:to="reference_MemorandumItemThresholdAppliedDataCollection"
                         xlink:title="reference: MemorandumItemThresholdAppliedDataCollection to reference_MemorandumItemThresholdAppliedDataCollection"/>
      <link:loc xlink:type="locator"
                xlink:href="p-od-2006-07-01.xsd#p-od_MemorandumItemHighestThresholdAppliedDataCollection"
                xlink:label="MemorandumItemHighestThresholdAppliedDataCollection"
                xlink:title="MemorandumItemHighestThresholdAppliedDataCollection"/>
      <link:reference xlink:type="resource"
                      xlink:label="reference_MemorandumItemHighestThresholdAppliedDataCollection"
                      xlink:role="http://www.xbrl.org/2003/role/reference"
                      xlink:title="reference_MemorandumItemHighestThresholdAppliedDataCollection"
                      id="reference_MemorandumItemHighestThresholdAppliedDataCollection">
         <ref-corep:Comment>Annex X part 3 point 15 of Directive 2006/48/EC. If there is only one threshold for all the events in each  business line, only the column lowest should be filled in. In the case that there are different thresholds applied within the same regulatory business line, then both columns should be filled in.</ref-corep:Comment>
      </link:reference>
      <link:referenceArc xlink:type="arc"
                         xlink:arcrole="http://www.xbrl.org/2003/arcrole/concept-reference"
                         xlink:from="MemorandumItemHighestThresholdAppliedDataCollection"
                         xlink:to="reference_MemorandumItemHighestThresholdAppliedDataCollection"
                         xlink:title="reference: MemorandumItemHighestThresholdAppliedDataCollection to reference_MemorandumItemHighestThresholdAppliedDataCollection"/>
      <link:loc xlink:type="locator" xlink:href="p-od-2006-07-01.xsd#p-od_OPRDetailsDomain"
                xlink:label="OPRDetailsDomain"
                xlink:title="OPRDetailsDomain"/>
      <link:reference xlink:type="resource" xlink:label="reference_OPRDetailsDomain"
                      xlink:role="http://www.xbrl.org/2003/role/reference"
                      xlink:title="reference_OPRDetailsDomain"
                      id="reference_OPRDetailsDomain">
         <ref-corep:Comment>Annex X part 3 points 14-15 and 17 of Directive 2006/48/EC. The following information required for each business line should be reported according to the thresholds applied (see above).</ref-corep:Comment>
      </link:reference>
      <link:referenceArc xlink:type="arc"
                         xlink:arcrole="http://www.xbrl.org/2003/arcrole/concept-reference"
                         xlink:from="OPRDetailsDomain"
                         xlink:to="reference_OPRDetailsDomain"
                         xlink:title="reference: OPRDetailsDomain to reference_OPRDetailsDomain"/>
  </link:referenceLink>
</link:linkbase>