<?xml version="1.0" encoding="UTF-8"?>
<?taxonomy-version 1.3.1?>
<!--Copyright (C) 2011 EBA - European Banking Authority, Tower 42, 25 Old Broad Street, London, EC2N 1HQ, United Kingdom.-->            
<link:linkbase xmlns:link="http://www.xbrl.org/2003/linkbase"
               xmlns:xbrli="http://www.xbrl.org/2003/instance"
               xmlns:xlink="http://www.w3.org/1999/xlink"
               xmlns:xsi="http://www.w3.org/2001/XMLSchema-instance"
               xmlns:p-od="http://www.c-ebs.org/eu/fr/esrs/corep/2006-07-01/p-od-2006-07-01"
               xsi:schemaLocation="http://www.xbrl.org/2003/linkbase http://www.xbrl.org/2003/xbrl-linkbase-2003-12-31.xsd">
  <link:roleRef roleURI="http://www.c-ebs.org/2006/corep/eu/od" xlink:type="simple"
                 xlink:href="p-od-2006-07-01.xsd#rt_od"/>
  <link:labelLink xlink:type="extended" xlink:role="http://www.c-ebs.org/2006/corep/eu/od">
      <link:loc xlink:type="locator" xlink:href="p-od-2006-07-01.xsd#p-od_OPRDetailsDomain"
                xlink:label="OPRDetailsDomain"
                xlink:title="OPRDetailsDomain"/>
      <link:label xlink:type="resource" xlink:label="label_OPRDetailsDomain"
                  xlink:role="http://www.xbrl.org/2003/role/documentation"
                  xlink:title="label_OPRDetailsDomain"
                  xml:lang="en"
                  id="label_OPRDetailsDomain">Detailed layer</link:label>
      <link:labelArc xlink:type="arc" xlink:arcrole="http://www.xbrl.org/2003/arcrole/concept-label"
                     xlink:from="OPRDetailsDomain"
                     xlink:to="label_OPRDetailsDomain"
                     xlink:title="label: OPRDetailsDomain to label_OPRDetailsDomain"/>
      <link:loc xlink:type="locator" xlink:href="p-od-2006-07-01.xsd#p-od_NumberOfEvents"
                xlink:label="NumberOfEvents"
                xlink:title="NumberOfEvents"/>
      <link:label xlink:type="resource" xlink:label="label_NumberOfEvents"
                  xlink:role="http://www.xbrl.org/2003/role/documentation"
                  xlink:title="label_NumberOfEvents"
                  xml:lang="en"
                  id="label_NumberOfEvents">Detailed layer</link:label>
      <link:labelArc xlink:type="arc" xlink:arcrole="http://www.xbrl.org/2003/arcrole/concept-label"
                     xlink:from="NumberOfEvents"
                     xlink:to="label_NumberOfEvents"
                     xlink:title="label: NumberOfEvents to label_NumberOfEvents"/>
      <link:loc xlink:type="locator" xlink:href="p-od-2006-07-01.xsd#p-od_TotalLossAmount"
                xlink:label="TotalLossAmount"
                xlink:title="TotalLossAmount"/>
      <link:label xlink:type="resource" xlink:label="label_TotalLossAmount"
                  xlink:role="http://www.xbrl.org/2003/role/documentation"
                  xlink:title="label_TotalLossAmount"
                  xml:lang="en"
                  id="label_TotalLossAmount">Detailed layer</link:label>
      <link:labelArc xlink:type="arc" xlink:arcrole="http://www.xbrl.org/2003/arcrole/concept-label"
                     xlink:from="TotalLossAmount"
                     xlink:to="label_TotalLossAmount"
                     xlink:title="label: TotalLossAmount to label_TotalLossAmount"/>
      <link:loc xlink:type="locator" xlink:href="p-od-2006-07-01.xsd#p-od_MaximumSingleLoss"
                xlink:label="MaximumSingleLoss"
                xlink:title="MaximumSingleLoss"/>
      <link:label xlink:type="resource" xlink:label="label_MaximumSingleLoss"
                  xlink:role="http://www.xbrl.org/2003/role/documentation"
                  xlink:title="label_MaximumSingleLoss"
                  xml:lang="en"
                  id="label_MaximumSingleLoss">Detailed layer</link:label>
      <link:labelArc xlink:type="arc" xlink:arcrole="http://www.xbrl.org/2003/arcrole/concept-label"
                     xlink:from="MaximumSingleLoss"
                     xlink:to="label_MaximumSingleLoss"
                     xlink:title="label: MaximumSingleLoss to label_MaximumSingleLoss"/>
      <link:loc xlink:type="locator"
                xlink:href="p-od-2006-07-01.xsd#p-od_MemorandumItemLowestThresholdAppliedDataCollection"
                xlink:label="MemorandumItemLowestThresholdAppliedDataCollection"
                xlink:title="MemorandumItemLowestThresholdAppliedDataCollection"/>
      <link:label xlink:type="resource"
                  xlink:label="label_MemorandumItemLowestThresholdAppliedDataCollection"
                  xlink:role="http://www.xbrl.org/2003/role/documentation"
                  xlink:title="label_MemorandumItemLowestThresholdAppliedDataCollection"
                  xml:lang="en"
                  id="label_MemorandumItemLowestThresholdAppliedDataCollection_2">Detailed layer</link:label>
      <link:labelArc xlink:type="arc" xlink:arcrole="http://www.xbrl.org/2003/arcrole/concept-label"
                     xlink:from="MemorandumItemLowestThresholdAppliedDataCollection"
                     xlink:to="label_MemorandumItemLowestThresholdAppliedDataCollection"
                     xlink:title="label: MemorandumItemLowestThresholdAppliedDataCollection to label_MemorandumItemLowestThresholdAppliedDataCollection"/>
      <link:loc xlink:type="locator"
                xlink:href="p-od-2006-07-01.xsd#p-od_MemorandumItemHighestThresholdAppliedDataCollection"
                xlink:label="MemorandumItemHighestThresholdAppliedDataCollection"
                xlink:title="MemorandumItemHighestThresholdAppliedDataCollection"/>
      <link:label xlink:type="resource"
                  xlink:label="label_MemorandumItemHighestThresholdAppliedDataCollection"
                  xlink:role="http://www.xbrl.org/2003/role/documentation"
                  xlink:title="label_MemorandumItemHighestThresholdAppliedDataCollection"
                  xml:lang="en"
                  id="label_MemorandumItemHighestThresholdAppliedDataCollection_2">Detailed layer</link:label>
      <link:labelArc xlink:type="arc" xlink:arcrole="http://www.xbrl.org/2003/arcrole/concept-label"
                     xlink:from="MemorandumItemHighestThresholdAppliedDataCollection"
                     xlink:to="label_MemorandumItemHighestThresholdAppliedDataCollection"
                     xlink:title="label: MemorandumItemHighestThresholdAppliedDataCollection to label_MemorandumItemHighestThresholdAppliedDataCollection"/>
      <link:loc xlink:type="locator"
                xlink:href="p-od-2006-07-01.xsd#p-od_MemorandumItemThresholdAppliedDataCollection"
                xlink:label="MemorandumItemThresholdAppliedDataCollection"
                xlink:title="MemorandumItemThresholdAppliedDataCollection"/>
      <link:label xlink:type="resource"
                  xlink:label="label_MemorandumItemThresholdAppliedDataCollection"
                  xlink:role="http://www.xbrl.org/2003/role/documentation"
                  xlink:title="label_MemorandumItemThresholdAppliedDataCollection"
                  xml:lang="en"
                  id="label_MemorandumItemThresholdAppliedDataCollection_2">Detailed layer</link:label>
      <link:labelArc xlink:type="arc" xlink:arcrole="http://www.xbrl.org/2003/arcrole/concept-label"
                     xlink:from="MemorandumItemThresholdAppliedDataCollection"
                     xlink:to="label_MemorandumItemThresholdAppliedDataCollection"
                     xlink:title="label: MemorandumItemThresholdAppliedDataCollection to label_MemorandumItemThresholdAppliedDataCollection"/>
  </link:labelLink>
  <link:labelLink xlink:type="extended" xlink:role="http://www.xbrl.org/2003/role/link">
      <link:loc xlink:type="locator" xlink:href="p-od-2006-07-01.xsd#p-od_OPRDetailsDomain"
                xlink:label="OPRDetailsDomain"
                xlink:title="OPRDetailsDomain"/>
      <link:label xlink:type="resource" xlink:label="label_OPRDetailsDomain"
                  xlink:role="http://www.xbrl.org/2003/role/label"
                  xlink:title="label_OPRDetailsDomain"
                  xml:lang="en"
                  id="label_OPRDetailsDomain_2">OPR Details (Domain)</link:label>
      <link:labelArc xlink:type="arc" xlink:arcrole="http://www.xbrl.org/2003/arcrole/concept-label"
                     xlink:from="OPRDetailsDomain"
                     xlink:to="label_OPRDetailsDomain"
                     xlink:title="label: OPRDetailsDomain to label_OPRDetailsDomain"/>
      <link:loc xlink:type="locator" xlink:href="p-od-2006-07-01.xsd#p-od_NumberOfEvents"
                xlink:label="NumberOfEvents"
                xlink:title="NumberOfEvents"/>
      <link:label xlink:type="resource" xlink:label="label_NumberOfEvents"
                  xlink:role="http://www.xbrl.org/2003/role/label"
                  xlink:title="label_NumberOfEvents"
                  xml:lang="en"
                  id="label_NumberOfEvents_2">Number Of Events</link:label>
      <link:labelArc xlink:type="arc" xlink:arcrole="http://www.xbrl.org/2003/arcrole/concept-label"
                     xlink:from="NumberOfEvents"
                     xlink:to="label_NumberOfEvents"
                     xlink:title="label: NumberOfEvents to label_NumberOfEvents"/>
      <link:loc xlink:type="locator" xlink:href="p-od-2006-07-01.xsd#p-od_TotalLossAmount"
                xlink:label="TotalLossAmount"
                xlink:title="TotalLossAmount"/>
      <link:label xlink:type="resource" xlink:label="label_TotalLossAmount"
                  xlink:role="http://www.xbrl.org/2003/role/label"
                  xlink:title="label_TotalLossAmount"
                  xml:lang="en"
                  id="label_TotalLossAmount_2">Total Loss Amount</link:label>
      <link:labelArc xlink:type="arc" xlink:arcrole="http://www.xbrl.org/2003/arcrole/concept-label"
                     xlink:from="TotalLossAmount"
                     xlink:to="label_TotalLossAmount"
                     xlink:title="label: TotalLossAmount to label_TotalLossAmount"/>
      <link:loc xlink:type="locator" xlink:href="p-od-2006-07-01.xsd#p-od_MaximumSingleLoss"
                xlink:label="MaximumSingleLoss"
                xlink:title="MaximumSingleLoss"/>
      <link:label xlink:type="resource" xlink:label="label_MaximumSingleLoss"
                  xlink:role="http://www.xbrl.org/2003/role/label"
                  xlink:title="label_MaximumSingleLoss"
                  xml:lang="en"
                  id="label_MaximumSingleLoss_2">Maximum Single Loss</link:label>
      <link:labelArc xlink:type="arc" xlink:arcrole="http://www.xbrl.org/2003/arcrole/concept-label"
                     xlink:from="MaximumSingleLoss"
                     xlink:to="label_MaximumSingleLoss"
                     xlink:title="label: MaximumSingleLoss to label_MaximumSingleLoss"/>
      <link:loc xlink:type="locator"
                xlink:href="p-od-2006-07-01.xsd#p-od_MemorandumItemLowestThresholdAppliedDataCollection"
                xlink:label="MemorandumItemLowestThresholdAppliedDataCollection"
                xlink:title="MemorandumItemLowestThresholdAppliedDataCollection"/>
      <link:label xlink:type="resource"
                  xlink:label="label_MemorandumItemLowestThresholdAppliedDataCollection"
                  xlink:role="http://www.xbrl.org/2003/role/label"
                  xlink:title="label_MemorandumItemLowestThresholdAppliedDataCollection"
                  xml:lang="en"
                  id="label_MemorandumItemLowestThresholdAppliedDataCollection">Lowest</link:label>
      <link:labelArc xlink:type="arc" xlink:arcrole="http://www.xbrl.org/2003/arcrole/concept-label"
                     xlink:from="MemorandumItemLowestThresholdAppliedDataCollection"
                     xlink:to="label_MemorandumItemLowestThresholdAppliedDataCollection"
                     xlink:title="label: MemorandumItemLowestThresholdAppliedDataCollection to label_MemorandumItemLowestThresholdAppliedDataCollection"/>
      <link:loc xlink:type="locator"
                xlink:href="p-od-2006-07-01.xsd#p-od_MemorandumItemHighestThresholdAppliedDataCollection"
                xlink:label="MemorandumItemHighestThresholdAppliedDataCollection"
                xlink:title="MemorandumItemHighestThresholdAppliedDataCollection"/>
      <link:label xlink:type="resource"
                  xlink:label="label_MemorandumItemHighestThresholdAppliedDataCollection"
                  xlink:role="http://www.xbrl.org/2003/role/label"
                  xlink:title="label_MemorandumItemHighestThresholdAppliedDataCollection"
                  xml:lang="en"
                  id="label_MemorandumItemHighestThresholdAppliedDataCollection">Highest</link:label>
      <link:labelArc xlink:type="arc" xlink:arcrole="http://www.xbrl.org/2003/arcrole/concept-label"
                     xlink:from="MemorandumItemHighestThresholdAppliedDataCollection"
                     xlink:to="label_MemorandumItemHighestThresholdAppliedDataCollection"
                     xlink:title="label: MemorandumItemHighestThresholdAppliedDataCollection to label_MemorandumItemHighestThresholdAppliedDataCollection"/>
      <link:loc xlink:type="locator"
                xlink:href="p-od-2006-07-01.xsd#p-od_MemorandumItemThresholdAppliedDataCollection"
                xlink:label="MemorandumItemThresholdAppliedDataCollection"
                xlink:title="MemorandumItemThresholdAppliedDataCollection"/>
      <link:label xlink:type="resource"
                  xlink:label="label_MemorandumItemThresholdAppliedDataCollection"
                  xlink:role="http://www.xbrl.org/2003/role/label"
                  xlink:title="label_MemorandumItemThresholdAppliedDataCollection"
                  xml:lang="en"
                  id="label_MemorandumItemThresholdAppliedDataCollection">Memorandum Item: Threshold Applied In Data Collection</link:label>
      <link:labelArc xlink:type="arc" xlink:arcrole="http://www.xbrl.org/2003/arcrole/concept-label"
                     xlink:from="MemorandumItemThresholdAppliedDataCollection"
                     xlink:to="label_MemorandumItemThresholdAppliedDataCollection"
                     xlink:title="label: MemorandumItemThresholdAppliedDataCollection to label_MemorandumItemThresholdAppliedDataCollection"/>
  </link:labelLink>
</link:linkbase>