<?xml version="1.0" encoding="UTF-8"?>
<?taxonomy-version 1.3.1?>
<!--Copyright (C) 2011 EBA - European Banking Authority, Tower 42, 25 Old Broad Street, London, EC2N 1HQ, United Kingdom.-->            
<link:linkbase xmlns:link="http://www.xbrl.org/2003/linkbase"
               xmlns:xbrli="http://www.xbrl.org/2003/instance"
               xmlns:xlink="http://www.w3.org/1999/xlink"
               xmlns:xsi="http://www.w3.org/2001/XMLSchema-instance"
               xsi:schemaLocation="http://www.xbrl.org/2003/linkbase http://www.xbrl.org/2003/xbrl-linkbase-2003-12-31.xsd">
  <link:roleRef roleURI="http://www.c-ebs.org/2006/corep/eu/ol" xlink:type="simple"
                 xlink:href="p-ol-2006-07-01.xsd#rt_ol"/>
  <link:labelLink xlink:type="extended" xlink:role="http://www.c-ebs.org/2006/corep/eu/ol">
      <link:loc xlink:type="locator"
                xlink:href="p-ol-2006-07-01.xsd#p-ol_BreakdownGrossLossByBusinessLines"
                xlink:label="BreakdownGrossLossByBusinessLines"
                xlink:title="BreakdownGrossLossByBusinessLines"/>
      <link:label xlink:type="resource" xlink:label="label_BreakdownGrossLossByBusinessLines"
                  xlink:role="http://www.xbrl.org/2003/role/documentation"
                  xlink:title="label_BreakdownGrossLossByBusinessLines"
                  xml:lang="en"
                  id="label_BreakdownGrossLossByBusinessLines">Detailed layer</link:label>
      <link:labelArc xlink:type="arc" xlink:arcrole="http://www.xbrl.org/2003/arcrole/concept-label"
                     xlink:from="BreakdownGrossLossByBusinessLines"
                     xlink:to="label_BreakdownGrossLossByBusinessLines"
                     xlink:title="label: BreakdownGrossLossByBusinessLines to label_BreakdownGrossLossByBusinessLines"/>
      <link:loc xlink:type="locator"
                xlink:href="p-ol-2006-07-01.xsd#p-ol_FirstPaymentFromRiskTransferMechanisms"
                xlink:label="FirstPaymentFromRiskTransferMechanisms"
                xlink:title="FirstPaymentFromRiskTransferMechanisms"/>
      <link:label xlink:type="resource"
                  xlink:label="label_FirstPaymentFromRiskTransferMechanisms"
                  xlink:role="http://www.xbrl.org/2003/role/documentation"
                  xlink:title="label_FirstPaymentFromRiskTransferMechanisms"
                  xml:lang="en"
                  id="label_FirstPaymentFromRiskTransferMechanisms">Detailed layer</link:label>
      <link:labelArc xlink:type="arc" xlink:arcrole="http://www.xbrl.org/2003/arcrole/concept-label"
                     xlink:from="FirstPaymentFromRiskTransferMechanisms"
                     xlink:to="label_FirstPaymentFromRiskTransferMechanisms"
                     xlink:title="label: FirstPaymentFromRiskTransferMechanisms to label_FirstPaymentFromRiskTransferMechanisms"/>
      <link:loc xlink:type="locator" xlink:href="p-ol-2006-07-01.xsd#p-ol_GrossLossAmount"
                xlink:label="GrossLossAmount"
                xlink:title="GrossLossAmount"/>
      <link:label xlink:type="resource" xlink:label="label_GrossLossAmount"
                  xlink:role="http://www.xbrl.org/2003/role/documentation"
                  xlink:title="label_GrossLossAmount"
                  xml:lang="en"
                  id="label_GrossLossAmount">Detailed layer</link:label>
      <link:labelArc xlink:type="arc" xlink:arcrole="http://www.xbrl.org/2003/arcrole/concept-label"
                     xlink:from="GrossLossAmount"
                     xlink:to="label_GrossLossAmount"
                     xlink:title="label: GrossLossAmount to label_GrossLossAmount"/>
      <link:loc xlink:type="locator"
                xlink:href="p-ol-2006-07-01.xsd#p-ol_LatestPaymentFromRiskTransferMechanisms"
                xlink:label="LatestPaymentFromRiskTransferMechanisms"
                xlink:title="LatestPaymentFromRiskTransferMechanisms"/>
      <link:label xlink:type="resource"
                  xlink:label="label_LatestPaymentFromRiskTransferMechanisms"
                  xlink:role="http://www.xbrl.org/2003/role/documentation"
                  xlink:title="label_LatestPaymentFromRiskTransferMechanisms"
                  xml:lang="en"
                  id="label_LatestPaymentFromRiskTransferMechanisms">Detailed layer</link:label>
      <link:labelArc xlink:type="arc" xlink:arcrole="http://www.xbrl.org/2003/arcrole/concept-label"
                     xlink:from="LatestPaymentFromRiskTransferMechanisms"
                     xlink:to="label_LatestPaymentFromRiskTransferMechanisms"
                     xlink:title="label: LatestPaymentFromRiskTransferMechanisms to label_LatestPaymentFromRiskTransferMechanisms"/>
      <link:loc xlink:type="locator"
                xlink:href="p-ol-2006-07-01.xsd#p-ol_LossAlreadyDirectlyRecovered"
                xlink:label="LossAlreadyDirectlyRecovered"
                xlink:title="LossAlreadyDirectlyRecovered"/>
      <link:label xlink:type="resource" xlink:label="label_LossAlreadyDirectlyRecovered"
                  xlink:role="http://www.xbrl.org/2003/role/documentation"
                  xlink:title="label_LossAlreadyDirectlyRecovered"
                  xml:lang="en"
                  id="label_LossAlreadyDirectlyRecovered">Detailed layer</link:label>
      <link:labelArc xlink:type="arc" xlink:arcrole="http://www.xbrl.org/2003/arcrole/concept-label"
                     xlink:from="LossAlreadyDirectlyRecovered"
                     xlink:to="label_LossAlreadyDirectlyRecovered"
                     xlink:title="label: LossAlreadyDirectlyRecovered to label_LossAlreadyDirectlyRecovered"/>
      <link:loc xlink:type="locator"
                xlink:href="p-ol-2006-07-01.xsd#p-ol_LossAlreadyRecoveredFromRiskTransferMechanisms"
                xlink:label="LossAlreadyRecoveredFromRiskTransferMechanisms"
                xlink:title="LossAlreadyRecoveredFromRiskTransferMechanisms"/>
      <link:label xlink:type="resource"
                  xlink:label="label_LossAlreadyRecoveredFromRiskTransferMechanisms"
                  xlink:role="http://www.xbrl.org/2003/role/documentation"
                  xlink:title="label_LossAlreadyRecoveredFromRiskTransferMechanisms"
                  xml:lang="en"
                  id="label_LossAlreadyRecoveredFromRiskTransferMechanisms">Detailed layer</link:label>
      <link:labelArc xlink:type="arc" xlink:arcrole="http://www.xbrl.org/2003/arcrole/concept-label"
                     xlink:from="LossAlreadyRecoveredFromRiskTransferMechanisms"
                     xlink:to="label_LossAlreadyRecoveredFromRiskTransferMechanisms"
                     xlink:title="label: LossAlreadyRecoveredFromRiskTransferMechanisms to label_LossAlreadyRecoveredFromRiskTransferMechanisms"/>
      <link:loc xlink:type="locator"
                xlink:href="p-ol-2006-07-01.xsd#p-ol_LossPotentiallyToBeRecoveredDirectlyOrFromRiskTransferMechanisms"
                xlink:label="LossPotentiallyToBeRecoveredDirectlyOrFromRiskTransferMechanisms"
                xlink:title="LossPotentiallyToBeRecoveredDirectlyOrFromRiskTransferMechanisms"/>
      <link:label xlink:type="resource"
                  xlink:label="label_LossPotentiallyToBeRecoveredDirectlyOrFromRiskTransferMechanisms"
                  xlink:role="http://www.xbrl.org/2003/role/documentation"
                  xlink:title="label_LossPotentiallyToBeRecoveredDirectlyOrFromRiskTransferMechanisms"
                  xml:lang="en"
                  id="label_LossPotentiallyToBeRecoveredDirectlyOrFromRiskTransferMechanisms">Detailed layer</link:label>
      <link:labelArc xlink:type="arc" xlink:arcrole="http://www.xbrl.org/2003/arcrole/concept-label"
                     xlink:from="LossPotentiallyToBeRecoveredDirectlyOrFromRiskTransferMechanisms"
                     xlink:to="label_LossPotentiallyToBeRecoveredDirectlyOrFromRiskTransferMechanisms"
                     xlink:title="label: LossPotentiallyToBeRecoveredDirectlyOrFromRiskTransferMechanisms to label_LossPotentiallyToBeRecoveredDirectlyOrFromRiskTransferMechanisms"/>
      <link:loc xlink:type="locator" xlink:href="p-ol-2006-07-01.xsd#p-ol_Ocurrence"
                xlink:label="Ocurrence"
                xlink:title="Ocurrence"/>
      <link:label xlink:type="resource" xlink:label="label_Ocurrence"
                  xlink:role="http://www.xbrl.org/2003/role/documentation"
                  xlink:title="label_Ocurrence"
                  xml:lang="en"
                  id="label_Ocurrence">Detailed layer</link:label>
      <link:labelArc xlink:type="arc" xlink:arcrole="http://www.xbrl.org/2003/arcrole/concept-label"
                     xlink:from="Ocurrence"
                     xlink:to="label_Ocurrence"
                     xlink:title="label: Ocurrence to label_Ocurrence"/>
      <link:loc xlink:type="locator" xlink:href="p-ol-2006-07-01.xsd#p-ol_OfWhichUnrealized"
                xlink:label="OfWhichUnrealized"
                xlink:title="OfWhichUnrealized"/>
      <link:label xlink:type="resource" xlink:label="label_OfWhichUnrealized"
                  xlink:role="http://www.xbrl.org/2003/role/documentation"
                  xlink:title="label_OfWhichUnrealized"
                  xml:lang="en"
                  id="label_OfWhichUnrealized">Detailed layer</link:label>
      <link:labelArc xlink:type="arc" xlink:arcrole="http://www.xbrl.org/2003/arcrole/concept-label"
                     xlink:from="OfWhichUnrealized"
                     xlink:to="label_OfWhichUnrealized"
                     xlink:title="label: OfWhichUnrealized to label_OfWhichUnrealized"/>
      <link:loc xlink:type="locator" xlink:href="p-ol-2006-07-01.xsd#p-ol_OPRLOSSDetailsDomain"
                xlink:label="OPRLOSSDetailsDomain"
                xlink:title="OPRLOSSDetailsDomain"/>
      <link:label xlink:type="resource" xlink:label="label_OPRLOSSDetailsDomain"
                  xlink:role="http://www.xbrl.org/2003/role/documentation"
                  xlink:title="label_OPRLOSSDetailsDomain"
                  xml:lang="en"
                  id="label_OPRLOSSDetailsDomain">Detailed layer</link:label>
      <link:labelArc xlink:type="arc" xlink:arcrole="http://www.xbrl.org/2003/arcrole/concept-label"
                     xlink:from="OPRLOSSDetailsDomain"
                     xlink:to="label_OPRLOSSDetailsDomain"
                     xlink:title="label: OPRLOSSDetailsDomain to label_OPRLOSSDetailsDomain"/>
      <link:loc xlink:type="locator" xlink:href="p-ol-2006-07-01.xsd#p-ol_Recognition"
                xlink:label="Recognition"
                xlink:title="Recognition"/>
      <link:label xlink:type="resource" xlink:label="label_Recognition"
                  xlink:role="http://www.xbrl.org/2003/role/documentation"
                  xlink:title="label_Recognition"
                  xml:lang="en"
                  id="label_Recognition">Detailed layer</link:label>
      <link:labelArc xlink:type="arc" xlink:arcrole="http://www.xbrl.org/2003/arcrole/concept-label"
                     xlink:from="Recognition"
                     xlink:to="label_Recognition"
                     xlink:title="label: Recognition to label_Recognition"/>
      <link:loc xlink:type="locator" xlink:href="p-ol-2006-07-01.xsd#p-ol_RelatedToCROrMKR"
                xlink:label="RelatedToCROrMKR"
                xlink:title="RelatedToCROrMKR"/>
      <link:label xlink:type="resource" xlink:label="label_RelatedToCROrMKR"
                  xlink:role="http://www.xbrl.org/2003/role/documentation"
                  xlink:title="label_RelatedToCROrMKR"
                  xml:lang="en"
                  id="label_RelatedToCROrMKR">Detailed layer</link:label>
      <link:labelArc xlink:type="arc" xlink:arcrole="http://www.xbrl.org/2003/arcrole/concept-label"
                     xlink:from="RelatedToCROrMKR"
                     xlink:to="label_RelatedToCROrMKR"
                     xlink:title="label: RelatedToCROrMKR to label_RelatedToCROrMKR"/>
      <link:loc xlink:type="locator" xlink:href="p-ol-2006-07-01.xsd#p-ol_RelevantDatesEvents"
                xlink:label="RelevantDatesEvents"
                xlink:title="RelevantDatesEvents"/>
      <link:label xlink:type="resource" xlink:label="label_RelevantDatesEvents"
                  xlink:role="http://www.xbrl.org/2003/role/documentation"
                  xlink:title="label_RelevantDatesEvents"
                  xml:lang="en"
                  id="label_RelevantDatesEvents">Detailed layer</link:label>
      <link:labelArc xlink:type="arc" xlink:arcrole="http://www.xbrl.org/2003/arcrole/concept-label"
                     xlink:from="RelevantDatesEvents"
                     xlink:to="label_RelevantDatesEvents"
                     xlink:title="label: RelevantDatesEvents to label_RelevantDatesEvents"/>
      <link:loc xlink:type="locator" xlink:href="p-ol-2006-07-01.xsd#p-ol_RiskEventType"
                xlink:label="RiskEventType"
                xlink:title="RiskEventType"/>
      <link:label xlink:type="resource" xlink:label="label_RiskEventType"
                  xlink:role="http://www.xbrl.org/2003/role/documentation"
                  xlink:title="label_RiskEventType"
                  xml:lang="en"
                  id="label_RiskEventType">Detailed layer</link:label>
      <link:labelArc xlink:type="arc" xlink:arcrole="http://www.xbrl.org/2003/arcrole/concept-label"
                     xlink:from="RiskEventType"
                     xlink:to="label_RiskEventType"
                     xlink:title="label: RiskEventType to label_RiskEventType"/>
      <link:loc xlink:type="locator" xlink:href="p-ol-2006-07-01.xsd#p-ol_Status"
                xlink:label="Status"
                xlink:title="Status"/>
      <link:label xlink:type="resource" xlink:label="label_Status"
                  xlink:role="http://www.xbrl.org/2003/role/documentation"
                  xlink:title="label_Status"
                  xml:lang="en"
                  id="label_Status">Detailed layer</link:label>
      <link:labelArc xlink:type="arc" xlink:arcrole="http://www.xbrl.org/2003/arcrole/concept-label"
                     xlink:from="Status"
                     xlink:to="label_Status"
                     xlink:title="label: Status to label_Status"/>
  </link:labelLink>
  <link:labelLink xlink:type="extended" xlink:role="http://www.xbrl.org/2003/role/link">
      <link:loc xlink:type="locator"
                xlink:href="p-ol-2006-07-01.xsd#p-ol_BreakdownGrossLossByBusinessLines"
                xlink:label="BreakdownGrossLossByBusinessLines"
                xlink:title="BreakdownGrossLossByBusinessLines"/>
      <link:label xlink:type="resource" xlink:label="label_BreakdownGrossLossByBusinessLines"
                  xlink:role="http://www.xbrl.org/2003/role/label"
                  xlink:title="label_BreakdownGrossLossByBusinessLines"
                  xml:lang="en"
                  id="label_BreakdownGrossLossByBusinessLines_3">Breakdown Of Gross Loss (%) By Business Lines</link:label>
      <link:labelArc xlink:type="arc" xlink:arcrole="http://www.xbrl.org/2003/arcrole/concept-label"
                     xlink:from="BreakdownGrossLossByBusinessLines"
                     xlink:to="label_BreakdownGrossLossByBusinessLines"
                     xlink:title="label: BreakdownGrossLossByBusinessLines to label_BreakdownGrossLossByBusinessLines"/>
      <link:loc xlink:type="locator"
                xlink:href="p-ol-2006-07-01.xsd#p-ol_FirstPaymentFromRiskTransferMechanisms"
                xlink:label="FirstPaymentFromRiskTransferMechanisms"
                xlink:title="FirstPaymentFromRiskTransferMechanisms"/>
      <link:label xlink:type="resource"
                  xlink:label="label_FirstPaymentFromRiskTransferMechanisms"
                  xlink:role="http://www.xbrl.org/2003/role/label"
                  xlink:title="label_FirstPaymentFromRiskTransferMechanisms"
                  xml:lang="en"
                  id="label_FirstPaymentFromRiskTransferMechanisms_3">First Payment From Risk Transfer Mechanisms</link:label>
      <link:labelArc xlink:type="arc" xlink:arcrole="http://www.xbrl.org/2003/arcrole/concept-label"
                     xlink:from="FirstPaymentFromRiskTransferMechanisms"
                     xlink:to="label_FirstPaymentFromRiskTransferMechanisms"
                     xlink:title="label: FirstPaymentFromRiskTransferMechanisms to label_FirstPaymentFromRiskTransferMechanisms"/>
      <link:loc xlink:type="locator" xlink:href="p-ol-2006-07-01.xsd#p-ol_GrossLossAmount"
                xlink:label="GrossLossAmount"
                xlink:title="GrossLossAmount"/>
      <link:label xlink:type="resource" xlink:label="label_GrossLossAmount"
                  xlink:role="http://www.xbrl.org/2003/role/label"
                  xlink:title="label_GrossLossAmount"
                  xml:lang="en"
                  id="label_GrossLossAmount_3">Gross Loss Amount</link:label>
      <link:labelArc xlink:type="arc" xlink:arcrole="http://www.xbrl.org/2003/arcrole/concept-label"
                     xlink:from="GrossLossAmount"
                     xlink:to="label_GrossLossAmount"
                     xlink:title="label: GrossLossAmount to label_GrossLossAmount"/>
      <link:loc xlink:type="locator"
                xlink:href="p-ol-2006-07-01.xsd#p-ol_LatestPaymentFromRiskTransferMechanisms"
                xlink:label="LatestPaymentFromRiskTransferMechanisms"
                xlink:title="LatestPaymentFromRiskTransferMechanisms"/>
      <link:label xlink:type="resource"
                  xlink:label="label_LatestPaymentFromRiskTransferMechanisms"
                  xlink:role="http://www.xbrl.org/2003/role/label"
                  xlink:title="label_LatestPaymentFromRiskTransferMechanisms"
                  xml:lang="en"
                  id="label_LatestPaymentFromRiskTransferMechanisms_3">Latest Payment From Risk Transfer Mechanisms</link:label>
      <link:labelArc xlink:type="arc" xlink:arcrole="http://www.xbrl.org/2003/arcrole/concept-label"
                     xlink:from="LatestPaymentFromRiskTransferMechanisms"
                     xlink:to="label_LatestPaymentFromRiskTransferMechanisms"
                     xlink:title="label: LatestPaymentFromRiskTransferMechanisms to label_LatestPaymentFromRiskTransferMechanisms"/>
      <link:loc xlink:type="locator"
                xlink:href="p-ol-2006-07-01.xsd#p-ol_LossAlreadyDirectlyRecovered"
                xlink:label="LossAlreadyDirectlyRecovered"
                xlink:title="LossAlreadyDirectlyRecovered"/>
      <link:label xlink:type="resource" xlink:label="label_LossAlreadyDirectlyRecovered"
                  xlink:role="http://www.xbrl.org/2003/role/label"
                  xlink:title="label_LossAlreadyDirectlyRecovered"
                  xml:lang="en"
                  id="label_LossAlreadyDirectlyRecovered_3">Loss Already Directly Recovered</link:label>
      <link:labelArc xlink:type="arc" xlink:arcrole="http://www.xbrl.org/2003/arcrole/concept-label"
                     xlink:from="LossAlreadyDirectlyRecovered"
                     xlink:to="label_LossAlreadyDirectlyRecovered"
                     xlink:title="label: LossAlreadyDirectlyRecovered to label_LossAlreadyDirectlyRecovered"/>
      <link:loc xlink:type="locator"
                xlink:href="p-ol-2006-07-01.xsd#p-ol_LossAlreadyRecoveredFromRiskTransferMechanisms"
                xlink:label="LossAlreadyRecoveredFromRiskTransferMechanisms"
                xlink:title="LossAlreadyRecoveredFromRiskTransferMechanisms"/>
      <link:label xlink:type="resource"
                  xlink:label="label_LossAlreadyRecoveredFromRiskTransferMechanisms"
                  xlink:role="http://www.xbrl.org/2003/role/label"
                  xlink:title="label_LossAlreadyRecoveredFromRiskTransferMechanisms"
                  xml:lang="en"
                  id="label_LossAlreadyRecoveredFromRiskTransferMechanisms_3">Loss Already Recovered From Risk Transfer Mechanisms</link:label>
      <link:labelArc xlink:type="arc" xlink:arcrole="http://www.xbrl.org/2003/arcrole/concept-label"
                     xlink:from="LossAlreadyRecoveredFromRiskTransferMechanisms"
                     xlink:to="label_LossAlreadyRecoveredFromRiskTransferMechanisms"
                     xlink:title="label: LossAlreadyRecoveredFromRiskTransferMechanisms to label_LossAlreadyRecoveredFromRiskTransferMechanisms"/>
      <link:loc xlink:type="locator"
                xlink:href="p-ol-2006-07-01.xsd#p-ol_LossPotentiallyToBeRecoveredDirectlyOrFromRiskTransferMechanisms"
                xlink:label="LossPotentiallyToBeRecoveredDirectlyOrFromRiskTransferMechanisms"
                xlink:title="LossPotentiallyToBeRecoveredDirectlyOrFromRiskTransferMechanisms"/>
      <link:label xlink:type="resource"
                  xlink:label="label_LossPotentiallyToBeRecoveredDirectlyOrFromRiskTransferMechanisms"
                  xlink:role="http://www.xbrl.org/2003/role/label"
                  xlink:title="label_LossPotentiallyToBeRecoveredDirectlyOrFromRiskTransferMechanisms"
                  xml:lang="en"
                  id="label_LossPotentiallyToBeRecoveredDirectlyOrFromRiskTransferMechanisms_3">Loss Potentially To Be Recovered Directly Or From Risk Transfer Mechanisms</link:label>
      <link:labelArc xlink:type="arc" xlink:arcrole="http://www.xbrl.org/2003/arcrole/concept-label"
                     xlink:from="LossPotentiallyToBeRecoveredDirectlyOrFromRiskTransferMechanisms"
                     xlink:to="label_LossPotentiallyToBeRecoveredDirectlyOrFromRiskTransferMechanisms"
                     xlink:title="label: LossPotentiallyToBeRecoveredDirectlyOrFromRiskTransferMechanisms to label_LossPotentiallyToBeRecoveredDirectlyOrFromRiskTransferMechanisms"/>
      <link:loc xlink:type="locator" xlink:href="p-ol-2006-07-01.xsd#p-ol_Ocurrence"
                xlink:label="Ocurrence"
                xlink:title="Ocurrence"/>
      <link:label xlink:type="resource" xlink:label="label_Ocurrence"
                  xlink:role="http://www.xbrl.org/2003/role/label"
                  xlink:title="label_Ocurrence"
                  xml:lang="en"
                  id="label_Ocurrence_3">Ocurrence</link:label>
      <link:labelArc xlink:type="arc" xlink:arcrole="http://www.xbrl.org/2003/arcrole/concept-label"
                     xlink:from="Ocurrence"
                     xlink:to="label_Ocurrence"
                     xlink:title="label: Ocurrence to label_Ocurrence"/>
      <link:loc xlink:type="locator" xlink:href="p-ol-2006-07-01.xsd#p-ol_OfWhichUnrealized"
                xlink:label="OfWhichUnrealized"
                xlink:title="OfWhichUnrealized"/>
      <link:label xlink:type="resource" xlink:label="label_OfWhichUnrealized"
                  xlink:role="http://www.xbrl.org/2003/role/label"
                  xlink:title="label_OfWhichUnrealized"
                  xml:lang="en"
                  id="label_OfWhichUnrealized_3">Of Which: Unrealized</link:label>
      <link:labelArc xlink:type="arc" xlink:arcrole="http://www.xbrl.org/2003/arcrole/concept-label"
                     xlink:from="OfWhichUnrealized"
                     xlink:to="label_OfWhichUnrealized"
                     xlink:title="label: OfWhichUnrealized to label_OfWhichUnrealized"/>
      <link:loc xlink:type="locator" xlink:href="p-ol-2006-07-01.xsd#p-ol_OPRLOSSDetailsDomain"
                xlink:label="OPRLOSSDetailsDomain"
                xlink:title="OPRLOSSDetailsDomain"/>
      <link:label xlink:type="resource" xlink:label="label_OPRLOSSDetailsDomain"
                  xlink:role="http://www.xbrl.org/2003/role/label"
                  xlink:title="label_OPRLOSSDetailsDomain"
                  xml:lang="en"
                  id="label_OPRLOSSDetailsDomain_3">OPR LOSS Details (Domain)</link:label>
      <link:labelArc xlink:type="arc" xlink:arcrole="http://www.xbrl.org/2003/arcrole/concept-label"
                     xlink:from="OPRLOSSDetailsDomain"
                     xlink:to="label_OPRLOSSDetailsDomain"
                     xlink:title="label: OPRLOSSDetailsDomain to label_OPRLOSSDetailsDomain"/>
      <link:loc xlink:type="locator" xlink:href="p-ol-2006-07-01.xsd#p-ol_Recognition"
                xlink:label="Recognition"
                xlink:title="Recognition"/>
      <link:label xlink:type="resource" xlink:label="label_Recognition"
                  xlink:role="http://www.xbrl.org/2003/role/label"
                  xlink:title="label_Recognition"
                  xml:lang="en"
                  id="label_Recognition_3">Recognition</link:label>
      <link:labelArc xlink:type="arc" xlink:arcrole="http://www.xbrl.org/2003/arcrole/concept-label"
                     xlink:from="Recognition"
                     xlink:to="label_Recognition"
                     xlink:title="label: Recognition to label_Recognition"/>
      <link:loc xlink:type="locator" xlink:href="p-ol-2006-07-01.xsd#p-ol_RelatedToCROrMKR"
                xlink:label="RelatedToCROrMKR"
                xlink:title="RelatedToCROrMKR"/>
      <link:label xlink:type="resource" xlink:label="label_RelatedToCROrMKR"
                  xlink:role="http://www.xbrl.org/2003/role/label"
                  xlink:title="label_RelatedToCROrMKR"
                  xml:lang="en"
                  id="label_RelatedToCROrMKR_3">Related To Credit Risk (CR) Or Market Risk (MKR)</link:label>
      <link:labelArc xlink:type="arc" xlink:arcrole="http://www.xbrl.org/2003/arcrole/concept-label"
                     xlink:from="RelatedToCROrMKR"
                     xlink:to="label_RelatedToCROrMKR"
                     xlink:title="label: RelatedToCROrMKR to label_RelatedToCROrMKR"/>
      <link:loc xlink:type="locator" xlink:href="p-ol-2006-07-01.xsd#p-ol_RelevantDatesEvents"
                xlink:label="RelevantDatesEvents"
                xlink:title="RelevantDatesEvents"/>
      <link:label xlink:type="resource" xlink:label="label_RelevantDatesEvents"
                  xlink:role="http://www.xbrl.org/2003/role/label"
                  xlink:title="label_RelevantDatesEvents"
                  xml:lang="en"
                  id="label_RelevantDatesEvents_3">Relevant Dates For The Events</link:label>
      <link:labelArc xlink:type="arc" xlink:arcrole="http://www.xbrl.org/2003/arcrole/concept-label"
                     xlink:from="RelevantDatesEvents"
                     xlink:to="label_RelevantDatesEvents"
                     xlink:title="label: RelevantDatesEvents to label_RelevantDatesEvents"/>
      <link:loc xlink:type="locator" xlink:href="p-ol-2006-07-01.xsd#p-ol_RiskEventType"
                xlink:label="RiskEventType"
                xlink:title="RiskEventType"/>
      <link:label xlink:type="resource" xlink:label="label_RiskEventType"
                  xlink:role="http://www.xbrl.org/2003/role/label"
                  xlink:title="label_RiskEventType"
                  xml:lang="en"
                  id="label_RiskEventType_3">Risk Event Type (Number)</link:label>
      <link:labelArc xlink:type="arc" xlink:arcrole="http://www.xbrl.org/2003/arcrole/concept-label"
                     xlink:from="RiskEventType"
                     xlink:to="label_RiskEventType"
                     xlink:title="label: RiskEventType to label_RiskEventType"/>
      <link:loc xlink:type="locator" xlink:href="p-ol-2006-07-01.xsd#p-ol_Status"
                xlink:label="Status"
                xlink:title="Status"/>
      <link:label xlink:type="resource" xlink:label="label_Status"
                  xlink:role="http://www.xbrl.org/2003/role/label"
                  xlink:title="label_Status"
                  xml:lang="en"
                  id="label_Status_3">Status: Ended? Yes/No</link:label>
      <link:labelArc xlink:type="arc" xlink:arcrole="http://www.xbrl.org/2003/arcrole/concept-label"
                     xlink:from="Status"
                     xlink:to="label_Status"
                     xlink:title="label: Status to label_Status"/>
  </link:labelLink>
</link:linkbase>