<?xml version="1.0" encoding="UTF-8"?>
<?taxonomy-version 1.3.1?>
<!--Copyright (C) 2011 EBA - European Banking Authority, Tower 42, 25 Old Broad Street, London, EC2N 1HQ, United Kingdom.-->            
<link:linkbase xmlns:link="http://www.xbrl.org/2003/linkbase"
               xmlns:xbrli="http://www.xbrl.org/2003/instance"
               xmlns:xlink="http://www.w3.org/1999/xlink"
               xmlns:xsi="http://www.w3.org/2001/XMLSchema-instance"
               xsi:schemaLocation="http://www.xbrl.org/2003/linkbase http://www.xbrl.org/2003/xbrl-linkbase-2003-12-31.xsd">
  <link:roleRef roleURI="http://www.c-ebs.org/2006/corep/eu/ol" xlink:type="simple"
                 xlink:href="p-ol-2006-07-01.xsd#rt_ol"/>
  <link:presentationLink xlink:type="extended" xlink:role="http://www.c-ebs.org/2006/corep/eu/ol">
      <link:loc xlink:type="locator" xlink:href="p-ol-2006-07-01.xsd#p-ol_OPRLOSSDetailsDomain"
                xlink:label="OPRLOSSDetailsDomain"
                xlink:title="OPRLOSSDetailsDomain"/>
      <link:loc xlink:type="locator" xlink:href="p-ol-2006-07-01.xsd#p-ol_GrossLossAmount"
                xlink:label="GrossLossAmount"
                xlink:title="GrossLossAmount"/>
      <link:presentationArc xlink:type="arc" xlink:arcrole="http://www.xbrl.org/2003/arcrole/parent-child"
                            xlink:from="OPRLOSSDetailsDomain"
                            xlink:to="GrossLossAmount"
                            xlink:title="presentation: OPRLOSSDetailsDomain to GrossLossAmount"
                            use="optional"
                            order="2.0"/>
      <link:loc xlink:type="locator" xlink:href="p-ol-2006-07-01.xsd#p-ol_OfWhichUnrealized"
                xlink:label="OfWhichUnrealized"
                xlink:title="OfWhichUnrealized"/>
      <link:presentationArc xlink:type="arc" xlink:arcrole="http://www.xbrl.org/2003/arcrole/parent-child"
                            xlink:from="GrossLossAmount"
                            xlink:to="OfWhichUnrealized"
                            xlink:title="presentation: GrossLossAmount to OfWhichUnrealized"
                            use="optional"
                            order="1.0"/>
      <link:loc xlink:type="locator" xlink:href="p-ol-2006-07-01.xsd#p-ol_Status"
                xlink:label="Status"
                xlink:title="Status"/>
      <link:presentationArc xlink:type="arc" xlink:arcrole="http://www.xbrl.org/2003/arcrole/parent-child"
                            xlink:from="OPRLOSSDetailsDomain"
                            xlink:to="Status"
                            xlink:title="presentation: OPRLOSSDetailsDomain to Status"
                            use="optional"
                            order="3.0"/>
      <link:loc xlink:type="locator"
                xlink:href="p-ol-2006-07-01.xsd#p-ol_LossAlreadyDirectlyRecovered"
                xlink:label="LossAlreadyDirectlyRecovered"
                xlink:title="LossAlreadyDirectlyRecovered"/>
      <link:presentationArc xlink:type="arc" xlink:arcrole="http://www.xbrl.org/2003/arcrole/parent-child"
                            xlink:from="OPRLOSSDetailsDomain"
                            xlink:to="LossAlreadyDirectlyRecovered"
                            xlink:title="presentation: OPRLOSSDetailsDomain to LossAlreadyDirectlyRecovered"
                            use="optional"
                            order="4.0"/>
      <link:loc xlink:type="locator"
                xlink:href="p-ol-2006-07-01.xsd#p-ol_LossAlreadyRecoveredFromRiskTransferMechanisms"
                xlink:label="LossAlreadyRecoveredFromRiskTransferMechanisms"
                xlink:title="LossAlreadyRecoveredFromRiskTransferMechanisms"/>
      <link:presentationArc xlink:type="arc" xlink:arcrole="http://www.xbrl.org/2003/arcrole/parent-child"
                            xlink:from="OPRLOSSDetailsDomain"
                            xlink:to="LossAlreadyRecoveredFromRiskTransferMechanisms"
                            xlink:title="presentation: OPRLOSSDetailsDomain to LossAlreadyRecoveredFromRiskTransferMechanisms"
                            use="optional"
                            order="5.0"/>
      <link:loc xlink:type="locator"
                xlink:href="p-ol-2006-07-01.xsd#p-ol_LossPotentiallyToBeRecoveredDirectlyOrFromRiskTransferMechanisms"
                xlink:label="LossPotentiallyToBeRecoveredDirectlyOrFromRiskTransferMechanisms"
                xlink:title="LossPotentiallyToBeRecoveredDirectlyOrFromRiskTransferMechanisms"/>
      <link:presentationArc xlink:type="arc" xlink:arcrole="http://www.xbrl.org/2003/arcrole/parent-child"
                            xlink:from="OPRLOSSDetailsDomain"
                            xlink:to="LossPotentiallyToBeRecoveredDirectlyOrFromRiskTransferMechanisms"
                            xlink:title="presentation: OPRLOSSDetailsDomain to LossPotentiallyToBeRecoveredDirectlyOrFromRiskTransferMechanisms"
                            use="optional"
                            order="6.0"/>
      <link:loc xlink:type="locator" xlink:href="p-ol-2006-07-01.xsd#p-ol_RelatedToCROrMKR"
                xlink:label="RelatedToCROrMKR"
                xlink:title="RelatedToCROrMKR"/>
      <link:presentationArc xlink:type="arc" xlink:arcrole="http://www.xbrl.org/2003/arcrole/parent-child"
                            xlink:from="OPRLOSSDetailsDomain"
                            xlink:to="RelatedToCROrMKR"
                            xlink:title="presentation: OPRLOSSDetailsDomain to RelatedToCROrMKR"
                            use="optional"
                            order="7.0"/>
      <link:loc xlink:type="locator"
                xlink:href="p-ol-2006-07-01.xsd#p-ol_BreakdownGrossLossByBusinessLines"
                xlink:label="BreakdownGrossLossByBusinessLines"
                xlink:title="BreakdownGrossLossByBusinessLines"/>
      <link:presentationArc xlink:type="arc" xlink:arcrole="http://www.xbrl.org/2003/arcrole/parent-child"
                            xlink:from="OPRLOSSDetailsDomain"
                            xlink:to="BreakdownGrossLossByBusinessLines"
                            xlink:title="presentation: OPRLOSSDetailsDomain to BreakdownGrossLossByBusinessLines"
                            use="optional"
                            order="8.0"/>
      <link:loc xlink:type="locator" xlink:href="p-ol-2006-07-01.xsd#p-ol_RiskEventType"
                xlink:label="RiskEventType"
                xlink:title="RiskEventType"/>
      <link:presentationArc xlink:type="arc" xlink:arcrole="http://www.xbrl.org/2003/arcrole/parent-child"
                            xlink:from="OPRLOSSDetailsDomain"
                            xlink:to="RiskEventType"
                            xlink:title="presentation: OPRLOSSDetailsDomain to RiskEventType"
                            use="optional"
                            order="9.0"/>
      <link:loc xlink:type="locator" xlink:href="p-ol-2006-07-01.xsd#p-ol_RelevantDatesEvents"
                xlink:label="RelevantDatesEvents"
                xlink:title="RelevantDatesEvents"/>
      <link:presentationArc xlink:type="arc" xlink:arcrole="http://www.xbrl.org/2003/arcrole/parent-child"
                            xlink:from="OPRLOSSDetailsDomain"
                            xlink:to="RelevantDatesEvents"
                            xlink:title="presentation: OPRLOSSDetailsDomain to RelevantDatesEvents"
                            use="optional"
                            order="10.0"/>
      <link:loc xlink:type="locator" xlink:href="p-ol-2006-07-01.xsd#p-ol_Ocurrence"
                xlink:label="Ocurrence"
                xlink:title="Ocurrence"/>
      <link:presentationArc xlink:type="arc" xlink:arcrole="http://www.xbrl.org/2003/arcrole/parent-child"
                            xlink:from="RelevantDatesEvents"
                            xlink:to="Ocurrence"
                            xlink:title="presentation: RelevantDatesEvents to Ocurrence"
                            use="optional"
                            order="1.0"/>
      <link:loc xlink:type="locator" xlink:href="p-ol-2006-07-01.xsd#p-ol_Recognition"
                xlink:label="Recognition"
                xlink:title="Recognition"/>
      <link:presentationArc xlink:type="arc" xlink:arcrole="http://www.xbrl.org/2003/arcrole/parent-child"
                            xlink:from="RelevantDatesEvents"
                            xlink:to="Recognition"
                            xlink:title="presentation: RelevantDatesEvents to Recognition"
                            use="optional"
                            order="2.0"/>
      <link:loc xlink:type="locator"
                xlink:href="p-ol-2006-07-01.xsd#p-ol_FirstPaymentFromRiskTransferMechanisms"
                xlink:label="FirstPaymentFromRiskTransferMechanisms"
                xlink:title="FirstPaymentFromRiskTransferMechanisms"/>
      <link:presentationArc xlink:type="arc" xlink:arcrole="http://www.xbrl.org/2003/arcrole/parent-child"
                            xlink:from="RelevantDatesEvents"
                            xlink:to="FirstPaymentFromRiskTransferMechanisms"
                            xlink:title="presentation: RelevantDatesEvents to FirstPaymentFromRiskTransferMechanisms"
                            use="optional"
                            order="3.0"/>
      <link:loc xlink:type="locator"
                xlink:href="p-ol-2006-07-01.xsd#p-ol_LatestPaymentFromRiskTransferMechanisms"
                xlink:label="LatestPaymentFromRiskTransferMechanisms"
                xlink:title="LatestPaymentFromRiskTransferMechanisms"/>
      <link:presentationArc xlink:type="arc" xlink:arcrole="http://www.xbrl.org/2003/arcrole/parent-child"
                            xlink:from="RelevantDatesEvents"
                            xlink:to="LatestPaymentFromRiskTransferMechanisms"
                            xlink:title="presentation: RelevantDatesEvents to LatestPaymentFromRiskTransferMechanisms"
                            use="optional"
                            order="4.0"/>
  </link:presentationLink>
</link:linkbase>