<?xml version="1.0" encoding="UTF-8"?>
<?taxonomy-version 1.3.1?>
<!--Copyright (C) 2011 EBA - European Banking Authority, Tower 42, 25 Old Broad Street, London, EC2N 1HQ, United Kingdom.-->            
<link:linkbase xmlns:link="http://www.xbrl.org/2003/linkbase"
               xmlns:xbrli="http://www.xbrl.org/2003/instance"
               xmlns:xlink="http://www.w3.org/1999/xlink"
               xmlns:xsi="http://www.w3.org/2001/XMLSchema-instance"
               xmlns:p-op="http://www.c-ebs.org/eu/fr/esrs/corep/2006-07-01/p-op-2006-07-01"
               xsi:schemaLocation="http://www.xbrl.org/2003/linkbase http://www.xbrl.org/2003/xbrl-linkbase-2003-12-31.xsd">
  <link:roleRef roleURI="http://www.c-ebs.org/2006/corep/eu/op" xlink:type="simple"
                 xlink:href="p-op-2006-07-01.xsd#rt_op"/>
  <link:calculationLink xlink:type="extended" xlink:role="http://www.c-ebs.org/2006/corep/eu/op">
      <link:loc xlink:type="locator"
                xlink:href="p-op-2006-07-01.xsd#p-op_CapitalRequirementsBeforeAlleviation"
                xlink:label="CapitalRequirementsBeforeAlleviation"
                xlink:title="CapitalRequirementsBeforeAlleviation"/>
      <link:loc xlink:type="locator"
                xlink:href="p-op-2006-07-01.xsd#p-op_AlleviationCapitalRequirementsCapturedInBusinessPractices"
                xlink:label="AlleviationCapitalRequirementsCapturedInBusinessPractices"
                xlink:title="AlleviationCapitalRequirementsCapturedInBusinessPractices"/>
      <link:calculationArc xlink:type="arc"
                           xlink:arcrole="http://www.xbrl.org/2003/arcrole/summation-item"
                           xlink:from="CapitalRequirementsBeforeAlleviation"
                           xlink:to="AlleviationCapitalRequirementsCapturedInBusinessPractices"
                           xlink:title="calculation: CapitalRequirementsBeforeAlleviation to AlleviationCapitalRequirementsCapturedInBusinessPractices"
                           order="2.0"
                           weight="1"/>
      <link:loc xlink:type="locator"
                xlink:href="p-op-2006-07-01.xsd#p-op_AlleviationCapitalRequirementsDueRiskTransferMechanisms"
                xlink:label="AlleviationCapitalRequirementsDueRiskTransferMechanisms"
                xlink:title="AlleviationCapitalRequirementsDueRiskTransferMechanisms"/>
      <link:calculationArc xlink:type="arc"
                           xlink:arcrole="http://www.xbrl.org/2003/arcrole/summation-item"
                           xlink:from="CapitalRequirementsBeforeAlleviation"
                           xlink:to="AlleviationCapitalRequirementsDueRiskTransferMechanisms"
                           xlink:title="calculation: CapitalRequirementsBeforeAlleviation to AlleviationCapitalRequirementsDueRiskTransferMechanisms"
                           order="3.0"
                           weight="1"/>
      <link:loc xlink:type="locator"
                xlink:href="p-cm-ca-2006-07-01.xsd#p-cm-ca_OperationalRiskCapitalRequirements"
                xlink:label="OperationalRiskCapitalRequirements"
                xlink:title="OperationalRiskCapitalRequirements"/>
      <link:calculationArc xlink:type="arc"
                           xlink:arcrole="http://www.xbrl.org/2003/arcrole/summation-item"
                           xlink:from="CapitalRequirementsBeforeAlleviation"
                           xlink:to="OperationalRiskCapitalRequirements"
                           xlink:title="calculation: CapitalRequirementsBeforeAlleviation to OperationalRiskCapitalRequirements"
                           order="1.0"
                           weight="1"/>
  </link:calculationLink>
</link:linkbase>