<?xml version="1.0" encoding="UTF-8"?>
<?taxonomy-version 1.3.1?>
<!--Copyright (C) 2011 EBA - European Banking Authority, Tower 42, 25 Old Broad Street, London, EC2N 1HQ, United Kingdom.-->            
<link:linkbase xmlns:link="http://www.xbrl.org/2003/linkbase"
               xmlns:xbrli="http://www.xbrl.org/2003/instance"
               xmlns:xlink="http://www.w3.org/1999/xlink"
               xmlns:xsi="http://www.w3.org/2001/XMLSchema-instance"
               xmlns:p-op="http://www.c-ebs.org/eu/fr/esrs/corep/2006-07-01/p-op-2006-07-01"
               xsi:schemaLocation="http://www.xbrl.org/2003/linkbase http://www.xbrl.org/2003/xbrl-linkbase-2003-12-31.xsd">
  <link:roleRef roleURI="http://www.c-ebs.org/2006/corep/eu/op" xlink:type="simple"
                 xlink:href="p-op-2006-07-01.xsd#rt_op"/>
  <link:labelLink xlink:type="extended" xlink:role="http://www.c-ebs.org/2006/corep/eu/op">
      <link:loc xlink:type="locator"
                xlink:href="p-cm-ca-2006-07-01.xsd#p-cm-ca_OperationalRiskCapitalRequirements"
                xlink:label="OperationalRiskCapitalRequirements"
                xlink:title="OperationalRiskCapitalRequirements"/>
      <link:label xlink:type="resource" xlink:label="label_OperationalRiskCapitalRequirements"
                  xlink:role="http://www.xbrl.org/2003/role/label"
                  xlink:title="label_OperationalRiskCapitalRequirements"
                  xml:lang="en"
                  id="label_OperationalRiskCapitalRequirements">Capital Requirements</link:label>
      <link:labelArc xlink:type="arc" xlink:arcrole="http://www.xbrl.org/2003/arcrole/concept-label"
                     xlink:from="OperationalRiskCapitalRequirements"
                     xlink:to="label_OperationalRiskCapitalRequirements"
                     xlink:title="label: OperationalRiskCapitalRequirements to label_OperationalRiskCapitalRequirements"/>
      <link:label xlink:type="resource" xlink:label="label_OperationalRiskCapitalRequirements_2"
                  xlink:role="http://www.xbrl.org/2003/role/documentation"
                  xlink:title="label_OperationalRiskCapitalRequirements"
                  xml:lang="en"
                  id="label_OperationalRiskCapitalRequirements_3">Core layer</link:label>
      <link:labelArc xlink:type="arc" xlink:arcrole="http://www.xbrl.org/2003/arcrole/concept-label"
                     xlink:from="OperationalRiskCapitalRequirements"
                     xlink:to="label_OperationalRiskCapitalRequirements_2"
                     xlink:title="label: OperationalRiskCapitalRequirements to label_OperationalRiskCapitalRequirements"/>
      <link:loc xlink:type="locator" xlink:href="p-op-2006-07-01.xsd#p-op_GrossIncome"
                xlink:label="GrossIncome"
                xlink:title="GrossIncome"/>
      <link:label xlink:type="resource" xlink:label="label_GrossIncome"
                  xlink:role="http://www.xbrl.org/2003/role/documentation"
                  xlink:title="label_GrossIncome"
                  xml:lang="en"
                  id="label_GrossIncome">Detailed layer</link:label>
      <link:labelArc xlink:type="arc" xlink:arcrole="http://www.xbrl.org/2003/arcrole/concept-label"
                     xlink:from="GrossIncome"
                     xlink:to="label_GrossIncome"
                     xlink:title="label: GrossIncome to label_GrossIncome"/>
      <link:loc xlink:type="locator" xlink:href="p-op-2006-07-01.xsd#p-op_Year3GrossIncome"
                xlink:label="Year3GrossIncome"
                xlink:title="Year3GrossIncome"/>
      <link:label xlink:type="resource" xlink:label="label_Year3GrossIncome"
                  xlink:role="http://www.xbrl.org/2003/role/documentation"
                  xlink:title="label_Year3GrossIncome"
                  xml:lang="en"
                  id="label_Year3GrossIncome">Detailed layer</link:label>
      <link:labelArc xlink:type="arc" xlink:arcrole="http://www.xbrl.org/2003/arcrole/concept-label"
                     xlink:from="Year3GrossIncome"
                     xlink:to="label_Year3GrossIncome"
                     xlink:title="label: Year3GrossIncome to label_Year3GrossIncome"/>
      <link:loc xlink:type="locator" xlink:href="p-op-2006-07-01.xsd#p-op_Year2GrossIncome"
                xlink:label="Year2GrossIncome"
                xlink:title="Year2GrossIncome"/>
      <link:label xlink:type="resource" xlink:label="label_Year2GrossIncome"
                  xlink:role="http://www.xbrl.org/2003/role/documentation"
                  xlink:title="label_Year2GrossIncome"
                  xml:lang="en"
                  id="label_Year2GrossIncome">Detailed layer</link:label>
      <link:labelArc xlink:type="arc" xlink:arcrole="http://www.xbrl.org/2003/arcrole/concept-label"
                     xlink:from="Year2GrossIncome"
                     xlink:to="label_Year2GrossIncome"
                     xlink:title="label: Year2GrossIncome to label_Year2GrossIncome"/>
      <link:loc xlink:type="locator" xlink:href="p-op-2006-07-01.xsd#p-op_LastYearGrossIncome"
                xlink:label="LastYearGrossIncome"
                xlink:title="LastYearGrossIncome"/>
      <link:label xlink:type="resource" xlink:label="label_LastYearGrossIncome"
                  xlink:role="http://www.xbrl.org/2003/role/documentation"
                  xlink:title="label_LastYearGrossIncome"
                  xml:lang="en"
                  id="label_LastYearGrossIncome">Detailed layer</link:label>
      <link:labelArc xlink:type="arc" xlink:arcrole="http://www.xbrl.org/2003/arcrole/concept-label"
                     xlink:from="LastYearGrossIncome"
                     xlink:to="label_LastYearGrossIncome"
                     xlink:title="label: LastYearGrossIncome to label_LastYearGrossIncome"/>
      <link:loc xlink:type="locator" xlink:href="p-op-2006-07-01.xsd#p-op_LoansAdvances"
                xlink:label="LoansAdvances"
                xlink:title="LoansAdvances"/>
      <link:label xlink:type="resource" xlink:label="label_LoansAdvances"
                  xlink:role="http://www.xbrl.org/2003/role/documentation"
                  xlink:title="label_LoansAdvances"
                  xml:lang="en"
                  id="label_LoansAdvances">Detailed layer</link:label>
      <link:labelArc xlink:type="arc" xlink:arcrole="http://www.xbrl.org/2003/arcrole/concept-label"
                     xlink:from="LoansAdvances"
                     xlink:to="label_LoansAdvances"
                     xlink:title="label: LoansAdvances to label_LoansAdvances"/>
      <link:loc xlink:type="locator" xlink:href="p-op-2006-07-01.xsd#p-op_Year3LoansAdvances"
                xlink:label="Year3LoansAdvances"
                xlink:title="Year3LoansAdvances"/>
      <link:label xlink:type="resource" xlink:label="label_Year3LoansAdvances"
                  xlink:role="http://www.xbrl.org/2003/role/documentation"
                  xlink:title="label_Year3LoansAdvances"
                  xml:lang="en"
                  id="label_Year3LoansAdvances">Detailed layer</link:label>
      <link:labelArc xlink:type="arc" xlink:arcrole="http://www.xbrl.org/2003/arcrole/concept-label"
                     xlink:from="Year3LoansAdvances"
                     xlink:to="label_Year3LoansAdvances"
                     xlink:title="label: Year3LoansAdvances to label_Year3LoansAdvances"/>
      <link:loc xlink:type="locator" xlink:href="p-op-2006-07-01.xsd#p-op_Year2LoansAdvances"
                xlink:label="Year2LoansAdvances"
                xlink:title="Year2LoansAdvances"/>
      <link:label xlink:type="resource" xlink:label="label_Year2LoansAdvances"
                  xlink:role="http://www.xbrl.org/2003/role/documentation"
                  xlink:title="label_Year2LoansAdvances"
                  xml:lang="en"
                  id="label_Year2LoansAdvances">Detailed layer</link:label>
      <link:labelArc xlink:type="arc" xlink:arcrole="http://www.xbrl.org/2003/arcrole/concept-label"
                     xlink:from="Year2LoansAdvances"
                     xlink:to="label_Year2LoansAdvances"
                     xlink:title="label: Year2LoansAdvances to label_Year2LoansAdvances"/>
      <link:loc xlink:type="locator"
                xlink:href="p-op-2006-07-01.xsd#p-op_LastYearLoansAdvances"
                xlink:label="LastYearLoansAdvances"
                xlink:title="LastYearLoansAdvances"/>
      <link:label xlink:type="resource" xlink:label="label_LastYearLoansAdvances"
                  xlink:role="http://www.xbrl.org/2003/role/documentation"
                  xlink:title="label_LastYearLoansAdvances"
                  xml:lang="en"
                  id="label_LastYearLoansAdvances">Detailed layer</link:label>
      <link:labelArc xlink:type="arc" xlink:arcrole="http://www.xbrl.org/2003/arcrole/concept-label"
                     xlink:from="LastYearLoansAdvances"
                     xlink:to="label_LastYearLoansAdvances"
                     xlink:title="label: LastYearLoansAdvances to label_LastYearLoansAdvances"/>
      <link:loc xlink:type="locator"
                xlink:href="p-op-2006-07-01.xsd#p-op_OfWhichAllocationMechanism"
                xlink:label="OfWhichAllocationMechanism"
                xlink:title="OfWhichAllocationMechanism"/>
      <link:label xlink:type="resource" xlink:label="label_OfWhichAllocationMechanism"
                  xlink:role="http://www.xbrl.org/2003/role/documentation"
                  xlink:title="label_OfWhichAllocationMechanism"
                  xml:lang="en"
                  id="label_OfWhichAllocationMechanism">Core layer</link:label>
      <link:labelArc xlink:type="arc" xlink:arcrole="http://www.xbrl.org/2003/arcrole/concept-label"
                     xlink:from="OfWhichAllocationMechanism"
                     xlink:to="label_OfWhichAllocationMechanism"
                     xlink:title="label: OfWhichAllocationMechanism to label_OfWhichAllocationMechanism"/>
      <link:loc xlink:type="locator" xlink:href="p-op-2006-07-01.xsd#p-op_AMAMemorandumItems"
                xlink:label="AMAMemorandumItems"
                xlink:title="AMAMemorandumItems"/>
      <link:label xlink:type="resource" xlink:label="label_AMAMemorandumItems"
                  xlink:role="http://www.xbrl.org/2003/role/documentation"
                  xlink:title="label_AMAMemorandumItems"
                  xml:lang="en"
                  id="label_AMAMemorandumItems">Core layer</link:label>
      <link:labelArc xlink:type="arc" xlink:arcrole="http://www.xbrl.org/2003/arcrole/concept-label"
                     xlink:from="AMAMemorandumItems"
                     xlink:to="label_AMAMemorandumItems"
                     xlink:title="label: AMAMemorandumItems to label_AMAMemorandumItems"/>
      <link:loc xlink:type="locator"
                xlink:href="p-op-2006-07-01.xsd#p-op_CapitalRequirementsBeforeAlleviation"
                xlink:label="CapitalRequirementsBeforeAlleviation"
                xlink:title="CapitalRequirementsBeforeAlleviation"/>
      <link:label xlink:type="resource" xlink:label="label_CapitalRequirementsBeforeAlleviation"
                  xlink:role="http://www.xbrl.org/2003/role/documentation"
                  xlink:title="label_CapitalRequirementsBeforeAlleviation"
                  xml:lang="en"
                  id="label_CapitalRequirementsBeforeAlleviation">Core layer</link:label>
      <link:labelArc xlink:type="arc" xlink:arcrole="http://www.xbrl.org/2003/arcrole/concept-label"
                     xlink:from="CapitalRequirementsBeforeAlleviation"
                     xlink:to="label_CapitalRequirementsBeforeAlleviation"
                     xlink:title="label: CapitalRequirementsBeforeAlleviation to label_CapitalRequirementsBeforeAlleviation"/>
      <link:loc xlink:type="locator"
                xlink:href="p-op-2006-07-01.xsd#p-op_AlleviationCapitalRequirementsDueRiskTransferMechanisms"
                xlink:label="AlleviationCapitalRequirementsDueRiskTransferMechanisms"
                xlink:title="AlleviationCapitalRequirementsDueRiskTransferMechanisms"/>
      <link:label xlink:type="resource"
                  xlink:label="label_AlleviationCapitalRequirementsDueRiskTransferMechanisms"
                  xlink:role="http://www.xbrl.org/2003/role/documentation"
                  xlink:title="label_AlleviationCapitalRequirementsDueRiskTransferMechanisms"
                  xml:lang="en"
                  id="label_AlleviationCapitalRequirementsDueRiskTransferMechanisms">Core layer</link:label>
      <link:labelArc xlink:type="arc" xlink:arcrole="http://www.xbrl.org/2003/arcrole/concept-label"
                     xlink:from="AlleviationCapitalRequirementsDueRiskTransferMechanisms"
                     xlink:to="label_AlleviationCapitalRequirementsDueRiskTransferMechanisms"
                     xlink:title="label: AlleviationCapitalRequirementsDueRiskTransferMechanisms to label_AlleviationCapitalRequirementsDueRiskTransferMechanisms"/>
      <link:loc xlink:type="locator"
                xlink:href="p-op-2006-07-01.xsd#p-op_AlleviationCapitalRequirementsCapturedInBusinessPractices"
                xlink:label="AlleviationCapitalRequirementsCapturedInBusinessPractices"
                xlink:title="AlleviationCapitalRequirementsCapturedInBusinessPractices"/>
      <link:label xlink:type="resource"
                  xlink:label="label_AlleviationCapitalRequirementsCapturedInBusinessPractices"
                  xlink:role="http://www.xbrl.org/2003/role/documentation"
                  xlink:title="label_AlleviationCapitalRequirementsCapturedInBusinessPractices"
                  xml:lang="en"
                  id="label_AlleviationCapitalRequirementsCapturedInBusinessPractices">Core layer</link:label>
      <link:labelArc xlink:type="arc" xlink:arcrole="http://www.xbrl.org/2003/arcrole/concept-label"
                     xlink:from="AlleviationCapitalRequirementsCapturedInBusinessPractices"
                     xlink:to="label_AlleviationCapitalRequirementsCapturedInBusinessPractices"
                     xlink:title="label: AlleviationCapitalRequirementsCapturedInBusinessPractices to label_AlleviationCapitalRequirementsCapturedInBusinessPractices"/>
      <link:loc xlink:type="locator"
                xlink:href="p-op-2006-07-01.xsd#p-op_ExcessOnLimitCapitalAlleviation"
                xlink:label="ExcessOnLimitCapitalAlleviation"
                xlink:title="ExcessOnLimitCapitalAlleviation"/>
      <link:label xlink:type="resource" xlink:label="label_ExcessOnLimitCapitalAlleviation"
                  xlink:role="http://www.xbrl.org/2003/role/documentation"
                  xlink:title="label_ExcessOnLimitCapitalAlleviation"
                  xml:lang="en"
                  id="label_ExcessOnLimitCapitalAlleviation">Core layer</link:label>
      <link:labelArc xlink:type="arc" xlink:arcrole="http://www.xbrl.org/2003/arcrole/concept-label"
                     xlink:from="ExcessOnLimitCapitalAlleviation"
                     xlink:to="label_ExcessOnLimitCapitalAlleviation"
                     xlink:title="label: ExcessOnLimitCapitalAlleviation to label_ExcessOnLimitCapitalAlleviation"/>
      <link:loc xlink:type="locator" xlink:href="p-op-2006-07-01.xsd#p-op_OfWhichDueInsurance"
                xlink:label="OfWhichDueInsurance"
                xlink:title="OfWhichDueInsurance"/>
      <link:label xlink:type="resource" xlink:label="label_OfWhichDueInsurance"
                  xlink:role="http://www.xbrl.org/2003/role/documentation"
                  xlink:title="label_OfWhichDueInsurance"
                  xml:lang="en"
                  id="label_OfWhichDueInsurance">Core layer</link:label>
      <link:labelArc xlink:type="arc" xlink:arcrole="http://www.xbrl.org/2003/arcrole/concept-label"
                     xlink:from="OfWhichDueInsurance"
                     xlink:to="label_OfWhichDueInsurance"
                     xlink:title="label: OfWhichDueInsurance to label_OfWhichDueInsurance"/>
  </link:labelLink>
  <link:labelLink xlink:type="extended" xlink:role="http://www.xbrl.org/2003/role/link">
      <link:loc xlink:type="locator" xlink:href="p-op-2006-07-01.xsd#p-op_GrossIncome"
                xlink:label="GrossIncome"
                xlink:title="GrossIncome"/>
      <link:label xlink:type="resource" xlink:label="label_GrossIncome"
                  xlink:role="http://www.xbrl.org/2003/role/label"
                  xlink:title="label_GrossIncome"
                  xml:lang="en"
                  id="label_GrossIncome_3">Gross Income</link:label>
      <link:labelArc xlink:type="arc" xlink:arcrole="http://www.xbrl.org/2003/arcrole/concept-label"
                     xlink:from="GrossIncome"
                     xlink:to="label_GrossIncome"
                     xlink:title="label: GrossIncome to label_GrossIncome"/>
      <link:loc xlink:type="locator" xlink:href="p-op-2006-07-01.xsd#p-op_Year3GrossIncome"
                xlink:label="Year3GrossIncome"
                xlink:title="Year3GrossIncome"/>
      <link:label xlink:type="resource" xlink:label="label_Year3GrossIncome"
                  xlink:role="http://www.xbrl.org/2003/role/label"
                  xlink:title="label_Year3GrossIncome"
                  xml:lang="en"
                  id="label_Year3GrossIncome_2">Year-3</link:label>
      <link:labelArc xlink:type="arc" xlink:arcrole="http://www.xbrl.org/2003/arcrole/concept-label"
                     xlink:from="Year3GrossIncome"
                     xlink:to="label_Year3GrossIncome"
                     xlink:title="label: Year3GrossIncome to label_Year3GrossIncome"/>
      <link:loc xlink:type="locator" xlink:href="p-op-2006-07-01.xsd#p-op_Year2GrossIncome"
                xlink:label="Year2GrossIncome"
                xlink:title="Year2GrossIncome"/>
      <link:label xlink:type="resource" xlink:label="label_Year2GrossIncome"
                  xlink:role="http://www.xbrl.org/2003/role/label"
                  xlink:title="label_Year2GrossIncome"
                  xml:lang="en"
                  id="label_Year2GrossIncome_2">Year-2</link:label>
      <link:labelArc xlink:type="arc" xlink:arcrole="http://www.xbrl.org/2003/arcrole/concept-label"
                     xlink:from="Year2GrossIncome"
                     xlink:to="label_Year2GrossIncome"
                     xlink:title="label: Year2GrossIncome to label_Year2GrossIncome"/>
      <link:loc xlink:type="locator" xlink:href="p-op-2006-07-01.xsd#p-op_LastYearGrossIncome"
                xlink:label="LastYearGrossIncome"
                xlink:title="LastYearGrossIncome"/>
      <link:label xlink:type="resource" xlink:label="label_LastYearGrossIncome"
                  xlink:role="http://www.xbrl.org/2003/role/label"
                  xlink:title="label_LastYearGrossIncome"
                  xml:lang="en"
                  id="label_LastYearGrossIncome_2">Last Year</link:label>
      <link:labelArc xlink:type="arc" xlink:arcrole="http://www.xbrl.org/2003/arcrole/concept-label"
                     xlink:from="LastYearGrossIncome"
                     xlink:to="label_LastYearGrossIncome"
                     xlink:title="label: LastYearGrossIncome to label_LastYearGrossIncome"/>
      <link:loc xlink:type="locator" xlink:href="p-op-2006-07-01.xsd#p-op_LoansAdvances"
                xlink:label="LoansAdvances"
                xlink:title="LoansAdvances"/>
      <link:label xlink:type="resource" xlink:label="label_LoansAdvances"
                  xlink:role="http://www.xbrl.org/2003/role/label"
                  xlink:title="label_LoansAdvances"
                  xml:lang="en"
                  id="label_LoansAdvances_3">Loans and Advances (in case of ASA Application)</link:label>
      <link:labelArc xlink:type="arc" xlink:arcrole="http://www.xbrl.org/2003/arcrole/concept-label"
                     xlink:from="LoansAdvances"
                     xlink:to="label_LoansAdvances"
                     xlink:title="label: LoansAdvances to label_LoansAdvances"/>
      <link:loc xlink:type="locator" xlink:href="p-op-2006-07-01.xsd#p-op_Year3LoansAdvances"
                xlink:label="Year3LoansAdvances"
                xlink:title="Year3LoansAdvances"/>
      <link:label xlink:type="resource" xlink:label="label_Year3LoansAdvances"
                  xlink:role="http://www.xbrl.org/2003/role/label"
                  xlink:title="label_Year3LoansAdvances"
                  xml:lang="en"
                  id="label_Year3LoansAdvances_2">Year-3 </link:label>
      <link:labelArc xlink:type="arc" xlink:arcrole="http://www.xbrl.org/2003/arcrole/concept-label"
                     xlink:from="Year3LoansAdvances"
                     xlink:to="label_Year3LoansAdvances"
                     xlink:title="label: Year3LoansAdvances to label_Year3LoansAdvances"/>
      <link:loc xlink:type="locator" xlink:href="p-op-2006-07-01.xsd#p-op_Year2LoansAdvances"
                xlink:label="Year2LoansAdvances"
                xlink:title="Year2LoansAdvances"/>
      <link:label xlink:type="resource" xlink:label="label_Year2LoansAdvances"
                  xlink:role="http://www.xbrl.org/2003/role/label"
                  xlink:title="label_Year2LoansAdvances"
                  xml:lang="en"
                  id="label_Year2LoansAdvances_2">Year-2</link:label>
      <link:labelArc xlink:type="arc" xlink:arcrole="http://www.xbrl.org/2003/arcrole/concept-label"
                     xlink:from="Year2LoansAdvances"
                     xlink:to="label_Year2LoansAdvances"
                     xlink:title="label: Year2LoansAdvances to label_Year2LoansAdvances"/>
      <link:loc xlink:type="locator"
                xlink:href="p-op-2006-07-01.xsd#p-op_LastYearLoansAdvances"
                xlink:label="LastYearLoansAdvances"
                xlink:title="LastYearLoansAdvances"/>
      <link:label xlink:type="resource" xlink:label="label_LastYearLoansAdvances"
                  xlink:role="http://www.xbrl.org/2003/role/label"
                  xlink:title="label_LastYearLoansAdvances"
                  xml:lang="en"
                  id="label_LastYearLoansAdvances_2">Last Year</link:label>
      <link:labelArc xlink:type="arc" xlink:arcrole="http://www.xbrl.org/2003/arcrole/concept-label"
                     xlink:from="LastYearLoansAdvances"
                     xlink:to="label_LastYearLoansAdvances"
                     xlink:title="label: LastYearLoansAdvances to label_LastYearLoansAdvances"/>
      <link:loc xlink:type="locator"
                xlink:href="p-op-2006-07-01.xsd#p-op_OfWhichAllocationMechanism"
                xlink:label="OfWhichAllocationMechanism"
                xlink:title="OfWhichAllocationMechanism"/>
      <link:label xlink:type="resource" xlink:label="label_OfWhichAllocationMechanism"
                  xlink:role="http://www.xbrl.org/2003/role/label"
                  xlink:title="label_OfWhichAllocationMechanism"
                  xml:lang="en"
                  id="label_OfWhichAllocationMechanism_3">Of Which: Due to an Allocation Mechanism</link:label>
      <link:labelArc xlink:type="arc" xlink:arcrole="http://www.xbrl.org/2003/arcrole/concept-label"
                     xlink:from="OfWhichAllocationMechanism"
                     xlink:to="label_OfWhichAllocationMechanism"
                     xlink:title="label: OfWhichAllocationMechanism to label_OfWhichAllocationMechanism"/>
      <link:loc xlink:type="locator" xlink:href="p-op-2006-07-01.xsd#p-op_AMAMemorandumItems"
                xlink:label="AMAMemorandumItems"
                xlink:title="AMAMemorandumItems"/>
      <link:label xlink:type="resource" xlink:label="label_AMAMemorandumItems"
                  xlink:role="http://www.xbrl.org/2003/role/label"
                  xlink:title="label_AMAMemorandumItems"
                  xml:lang="en"
                  id="label_AMAMemorandumItems_3">AMA Memorandum Items to be Reported if Applicable</link:label>
      <link:labelArc xlink:type="arc" xlink:arcrole="http://www.xbrl.org/2003/arcrole/concept-label"
                     xlink:from="AMAMemorandumItems"
                     xlink:to="label_AMAMemorandumItems"
                     xlink:title="label: AMAMemorandumItems to label_AMAMemorandumItems"/>
      <link:loc xlink:type="locator"
                xlink:href="p-op-2006-07-01.xsd#p-op_CapitalRequirementsBeforeAlleviation"
                xlink:label="CapitalRequirementsBeforeAlleviation"
                xlink:title="CapitalRequirementsBeforeAlleviation"/>
      <link:label xlink:type="resource" xlink:label="label_CapitalRequirementsBeforeAlleviation"
                  xlink:role="http://www.xbrl.org/2003/role/label"
                  xlink:title="label_CapitalRequirementsBeforeAlleviation"
                  xml:lang="en"
                  id="label_CapitalRequirementsBeforeAlleviation_3">Capital Requirements Before Alleviation due to Expected Loss and Risk Transfer Mechanisms</link:label>
      <link:labelArc xlink:type="arc" xlink:arcrole="http://www.xbrl.org/2003/arcrole/concept-label"
                     xlink:from="CapitalRequirementsBeforeAlleviation"
                     xlink:to="label_CapitalRequirementsBeforeAlleviation"
                     xlink:title="label: CapitalRequirementsBeforeAlleviation to label_CapitalRequirementsBeforeAlleviation"/>
      <link:loc xlink:type="locator"
                xlink:href="p-op-2006-07-01.xsd#p-op_AlleviationCapitalRequirementsDueRiskTransferMechanisms"
                xlink:label="AlleviationCapitalRequirementsDueRiskTransferMechanisms_2"
                xlink:title="AlleviationCapitalRequirementsDueRiskTransferMechanisms"/>
      <link:label xlink:type="resource"
                  xlink:label="label_AlleviationCapitalRequirementsDueRiskTransferMechanisms_2"
                  xlink:role="http://www.xbrl.org/2003/role/label"
                  xlink:title="label_AlleviationCapitalRequirementsDueRiskTransferMechanisms"
                  xml:lang="en"
                  id="label_AlleviationCapitalRequirementsDueRiskTransferMechanisms_2">Alleviation of Capital Requirements due to Risk Transfer Mechanisms</link:label>
      <link:labelArc xlink:type="arc" xlink:arcrole="http://www.xbrl.org/2003/arcrole/concept-label"
                     xlink:from="AlleviationCapitalRequirementsDueRiskTransferMechanisms_2"
                     xlink:to="label_AlleviationCapitalRequirementsDueRiskTransferMechanisms_2"
                     xlink:title="label: AlleviationCapitalRequirementsDueRiskTransferMechanisms to label_AlleviationCapitalRequirementsDueRiskTransferMechanisms"/>
      <link:loc xlink:type="locator"
                xlink:href="p-op-2006-07-01.xsd#p-op_AlleviationCapitalRequirementsCapturedInBusinessPractices"
                xlink:label="AlleviationCapitalRequirementsCapturedInBusinessPractices"
                xlink:title="AlleviationCapitalRequirementsCapturedInBusinessPractices"/>
      <link:label xlink:type="resource"
                  xlink:label="label_AlleviationCapitalRequirementsCapturedInBusinessPractices"
                  xlink:role="http://www.xbrl.org/2003/role/label"
                  xlink:title="label_AlleviationCapitalRequirementsCapturedInBusinessPractices"
                  xml:lang="en"
                  id="label_AlleviationCapitalRequirementsCapturedInBusinessPractices_3">Alleviation of Capital Requirements due to the Expected Loss Captured in Business Practices</link:label>
      <link:labelArc xlink:type="arc" xlink:arcrole="http://www.xbrl.org/2003/arcrole/concept-label"
                     xlink:from="AlleviationCapitalRequirementsCapturedInBusinessPractices"
                     xlink:to="label_AlleviationCapitalRequirementsCapturedInBusinessPractices"
                     xlink:title="label: AlleviationCapitalRequirementsCapturedInBusinessPractices to label_AlleviationCapitalRequirementsCapturedInBusinessPractices"/>
      <link:loc xlink:type="locator"
                xlink:href="p-op-2006-07-01.xsd#p-op_ExcessOnLimitCapitalAlleviation"
                xlink:label="ExcessOnLimitCapitalAlleviation"
                xlink:title="ExcessOnLimitCapitalAlleviation"/>
      <link:label xlink:type="resource" xlink:label="label_ExcessOnLimitCapitalAlleviation"
                  xlink:role="http://www.xbrl.org/2003/role/label"
                  xlink:title="label_ExcessOnLimitCapitalAlleviation"
                  xml:lang="en"
                  id="label_ExcessOnLimitCapitalAlleviation_3">Excess on Limit for Capital Alleviation of Risk Transfer Mechanisms</link:label>
      <link:labelArc xlink:type="arc" xlink:arcrole="http://www.xbrl.org/2003/arcrole/concept-label"
                     xlink:from="ExcessOnLimitCapitalAlleviation"
                     xlink:to="label_ExcessOnLimitCapitalAlleviation"
                     xlink:title="label: ExcessOnLimitCapitalAlleviation to label_ExcessOnLimitCapitalAlleviation"/>
      <link:loc xlink:type="locator" xlink:href="p-op-2006-07-01.xsd#p-op_OfWhichDueInsurance"
                xlink:label="OfWhichDueInsurance"
                xlink:title="OfWhichDueInsurance"/>
      <link:label xlink:type="resource" xlink:label="label_OfWhichDueInsurance"
                  xlink:role="http://www.xbrl.org/2003/role/label"
                  xlink:title="label_OfWhichDueInsurance"
                  xml:lang="en"
                  id="label_OfWhichDueInsurance_3">Of Which: Due to Insurance</link:label>
      <link:labelArc xlink:type="arc" xlink:arcrole="http://www.xbrl.org/2003/arcrole/concept-label"
                     xlink:from="OfWhichDueInsurance"
                     xlink:to="label_OfWhichDueInsurance"
                     xlink:title="label: OfWhichDueInsurance to label_OfWhichDueInsurance"/>
      <link:loc xlink:type="locator" xlink:href="p-op-2006-07-01.xsd#p-op_OPRDomain"
                xlink:label="OPRDomain"
                xlink:title="OPRDomain"/>
      <link:label xlink:type="resource" xlink:label="label_OPRDomain"
                  xlink:role="http://www.xbrl.org/2003/role/label"
                  xlink:title="label_OPRDomain"
                  xml:lang="en"
                  id="label_OPRDomain">OPR  (Domain)</link:label>
      <link:labelArc xlink:type="arc" xlink:arcrole="http://www.xbrl.org/2003/arcrole/concept-label"
                     xlink:from="OPRDomain"
                     xlink:to="label_OPRDomain"
                     xlink:title="label: OPRDomain to label_OPRDomain"/>
  </link:labelLink>
</link:linkbase>