<?xml version="1.0" encoding="UTF-8"?>
<?taxonomy-version 1.3.1?>
<!--Copyright (C) 2011 EBA - European Banking Authority, Tower 42, 25 Old Broad Street, London, EC2N 1HQ, United Kingdom.-->            
<link:linkbase xmlns:xsi="http://www.w3.org/2001/XMLSchema-instance"
               xmlns:p-sd="http://www.c-ebs.org/eu/fr/esrs/corep/2006-07-01/p-sd-2006-07-01"
               xmlns:ref-corep="http://www.c-ebs.org/eu/fr/esrs/corep/2005-09-30/ref-corep-2005-09-30"
               xmlns:link="http://www.xbrl.org/2003/linkbase"
               xmlns:ref="http://www.xbrl.org/2004/ref"
               xmlns:xlink="http://www.w3.org/1999/xlink"
               xmlns:xbrli="http://www.xbrl.org/2003/instance"
               xsi:schemaLocation="http://www.xbrl.org/2003/linkbase http://www.xbrl.org/2003/xbrl-linkbase-2003-12-31.xsd http://www.c-ebs.org/eu/fr/esrs/corep/2005-09-30/ref-corep-2005-09-30 ref-corep-2005-09-30.xsd http://www.xbrl.org/2004/ref http://www.xbrl.org/2004/ref-2004-08-10.xsd">
  <link:roleRef roleURI="http://www.c-ebs.org/2006/corep/eu/sd" xlink:type="simple"
                 xlink:href="p-sd-2006-07-01.xsd#rt_sd"/>
  <link:referenceLink xlink:type="extended" xlink:role="http://www.c-ebs.org/2006/corep/eu/sd">
      <link:loc xlink:type="locator"
                xlink:href="p-sd-2006-07-01.xsd#p-sd_IdentifierOfTheSecuritisation"
                xlink:label="IdentifierOfTheSecuritisation"
                xlink:title="IdentifierOfTheSecuritisation"/>
      <link:reference xlink:type="resource" xlink:label="reference_IdentifierOfTheSecuritisation"
                      xlink:role="http://www.xbrl.org/2003/role/reference"
                      xlink:title="reference_IdentifierOfTheSecuritisation"
                      id="reference_IdentifierOfTheSecuritisation">
         <ref-corep:Comment>Name or coding by which the securitisation is known in the market</ref-corep:Comment>
      </link:reference>
      <link:referenceArc xlink:type="arc"
                         xlink:arcrole="http://www.xbrl.org/2003/arcrole/concept-reference"
                         xlink:from="IdentifierOfTheSecuritisation"
                         xlink:to="reference_IdentifierOfTheSecuritisation"
                         xlink:title="reference: IdentifierOfTheSecuritisation to reference_IdentifierOfTheSecuritisation"/>
      <link:loc xlink:type="locator"
                xlink:href="p-sd-2006-07-01.xsd#p-sd_SecuritisationTypeTraditionalSynthetic"
                xlink:label="SecuritisationTypeTraditionalSynthetic"
                xlink:title="SecuritisationTypeTraditionalSynthetic"/>
      <link:reference xlink:type="resource"
                      xlink:label="reference_SecuritisationTypeTraditionalSynthetic"
                      xlink:role="http://www.xbrl.org/2003/role/reference"
                      xlink:title="reference_SecuritisationTypeTraditionalSynthetic"
                      id="reference_SecuritisationTypeTraditionalSynthetic">
         <ref-corep:Comment>Report T for Traditional and S for Synthetic. For Traditional Securitisation see Article 4(37) of Directive 2000/12/EC. For Synthetic Securitisation see article 4(38) of Directive 2000/12/EC</ref-corep:Comment>
      </link:reference>
      <link:referenceArc xlink:type="arc"
                         xlink:arcrole="http://www.xbrl.org/2003/arcrole/concept-reference"
                         xlink:from="SecuritisationTypeTraditionalSynthetic"
                         xlink:to="reference_SecuritisationTypeTraditionalSynthetic"
                         xlink:title="reference: SecuritisationTypeTraditionalSynthetic to reference_SecuritisationTypeTraditionalSynthetic"/>
      <link:loc xlink:type="locator"
                xlink:href="p-sd-2006-07-01.xsd#p-sd_RoleOfTheInstitutionSponsorOriginator"
                xlink:label="RoleOfTheInstitutionSponsorOriginator"
                xlink:title="RoleOfTheInstitutionSponsorOriginator"/>
      <link:reference xlink:type="resource"
                      xlink:label="reference_RoleOfTheInstitutionSponsorOriginator"
                      xlink:role="http://www.xbrl.org/2003/role/reference"
                      xlink:title="reference_RoleOfTheInstitutionSponsorOriginator"
                      id="reference_RoleOfTheInstitutionSponsorOriginator">
         <ref-corep:Comment>Report S for Sponsor and O for Originator. For Sponsor see article 4(42) of Directive 2000/12/EC. For Originator article 4(41) of Directive 2000/12/EC</ref-corep:Comment>
      </link:reference>
      <link:referenceArc xlink:type="arc"
                         xlink:arcrole="http://www.xbrl.org/2003/arcrole/concept-reference"
                         xlink:from="RoleOfTheInstitutionSponsorOriginator"
                         xlink:to="reference_RoleOfTheInstitutionSponsorOriginator"
                         xlink:title="reference: RoleOfTheInstitutionSponsorOriginator to reference_RoleOfTheInstitutionSponsorOriginator"/>
      <link:loc xlink:type="locator"
                xlink:href="p-sd-2006-07-01.xsd#p-sd_OriginationDatemmyyyy"
                xlink:label="OriginationDateMmYyyy"
                xlink:title="OriginationDateMmYyyy"/>
      <link:reference xlink:type="resource" xlink:label="reference_OriginationDateMmYyyy"
                      xlink:role="http://www.xbrl.org/2003/role/reference"
                      xlink:title="reference_OriginationDateMmYyyy"
                      id="reference_OriginationDateMmYyyy">
         <ref-corep:Comment>Origination date is the cut-off date of the pool (closing date).</ref-corep:Comment>
      </link:reference>
      <link:referenceArc xlink:type="arc"
                         xlink:arcrole="http://www.xbrl.org/2003/arcrole/concept-reference"
                         xlink:from="OriginationDateMmYyyy"
                         xlink:to="reference_OriginationDateMmYyyy"
                         xlink:title="reference: OriginationDateMmYyyy to reference_OriginationDateMmYyyy"/>
      <link:loc xlink:type="locator"
                xlink:href="p-sd-2006-07-01.xsd#p-sd_TotalAmountOfSecuritisedExposuresOriginatedAtOriginationDate"
                xlink:label="TotalAmountOfSecuritisedExposuresOriginatedAtOriginationDate"
                xlink:title="TotalAmountOfSecuritisedExposuresOriginatedAtOriginationDate"/>
      <link:reference xlink:type="resource"
                      xlink:label="reference_TotalAmountOfSecuritisedExposuresOriginatedAtOriginationDate"
                      xlink:role="http://www.xbrl.org/2003/role/reference"
                      xlink:title="reference_TotalAmountOfSecuritisedExposuresOriginatedAtOriginationDate"
                      id="reference_TotalAmountOfSecuritisedExposuresOriginatedAtOriginationDate">
         <ref-corep:Comment>Originator credit institutions must report the current amount of exposures underlying a securitisation transaction. In case of early amortization clauses, institutions must specify the amount of "investors' interest" as defined in Annex IX part 4 point 19 of the Directive 2006/48/EC.</ref-corep:Comment>
         <ref-corep:Comment>Originator credit institutions must report the current amount of exposures underlying a securitisation transaction. In case of early amortization clauses, institutions must specify the amount of "investors' interest" as defined in  Annex IX part 4 point 70 of the Directive 2006/48/EC.</ref-corep:Comment>
      </link:reference>
      <link:referenceArc xlink:type="arc"
                         xlink:arcrole="http://www.xbrl.org/2003/arcrole/concept-reference"
                         xlink:from="TotalAmountOfSecuritisedExposuresOriginatedAtOriginationDate"
                         xlink:to="reference_TotalAmountOfSecuritisedExposuresOriginatedAtOriginationDate"
                         xlink:title="reference: TotalAmountOfSecuritisedExposuresOriginatedAtOriginationDate to reference_TotalAmountOfSecuritisedExposuresOriginatedAtOriginationDate"/>
      <link:loc xlink:type="locator"
                xlink:href="p-sd-2006-07-01.xsd#p-sd_SecuritisedExposuresOriginated"
                xlink:label="SecuritisedExposuresOriginated"
                xlink:title="SecuritisedExposuresOriginated"/>
      <link:reference xlink:type="resource" xlink:label="reference_SecuritisedExposuresOriginated"
                      xlink:role="http://www.xbrl.org/2003/role/reference"
                      xlink:title="reference_SecuritisedExposuresOriginated"
                      id="reference_SecuritisedExposuresOriginated">
         <ref-corep:Comment>In the case of multi-seller securitisations, only the amount corresponding to the reporting institution should be reported</ref-corep:Comment>
      </link:reference>
      <link:referenceArc xlink:type="arc"
                         xlink:arcrole="http://www.xbrl.org/2003/arcrole/concept-reference"
                         xlink:from="SecuritisedExposuresOriginated"
                         xlink:to="reference_SecuritisedExposuresOriginated"
                         xlink:title="reference: SecuritisedExposuresOriginated to reference_SecuritisedExposuresOriginated"/>
      <link:loc xlink:type="locator" xlink:href="p-sd-2006-07-01.xsd#p-sd_TotalAmount"
                xlink:label="TotalAmount"
                xlink:title="TotalAmount"/>
      <link:reference xlink:type="resource" xlink:label="reference_TotalAmount"
                      xlink:role="http://www.xbrl.org/2003/role/reference"
                      xlink:title="reference_TotalAmount"
                      id="reference_TotalAmount">
         <ref-corep:Comment>Originator credit institutions must report the current amount of exposures underlying a securitisation transaction. In case of early amortization clauses, institutions must specify the amount of "investors' interest" as defined in Annex IX part 4 point 19  of the Directive 2006/48/EC.</ref-corep:Comment>
         <ref-corep:Comment>Originator credit institutions must report the current amount of exposures underlying a securitisation transaction. In case of early amortization clauses, institutions must specify the amount of "investors' interest" as defined in  Annex IX part 4 point 70 of the Directive 2006/48/EC.</ref-corep:Comment>
      </link:reference>
      <link:referenceArc xlink:type="arc"
                         xlink:arcrole="http://www.xbrl.org/2003/arcrole/concept-reference"
                         xlink:from="TotalAmount"
                         xlink:to="reference_TotalAmount"
                         xlink:title="reference: TotalAmount to reference_TotalAmount"/>
      <link:loc xlink:type="locator" xlink:href="p-sd-2006-07-01.xsd#p-sd_InstitutionsSharePct"
                xlink:label="InstitutionsSharePct"
                xlink:title="InstitutionsSharePct"/>
      <link:reference xlink:type="resource" xlink:label="reference_InstitutionsSharePct"
                      xlink:role="http://www.xbrl.org/2003/role/reference"
                      xlink:title="reference_InstitutionsSharePct"
                      id="reference_InstitutionsSharePct">
         <ref-corep:Comment>In the case of multi-seller securitisations, credit institutions should report the share the total amount of securitised exposures by them represents on the total securitised exposures of the securitisation.</ref-corep:Comment>
      </link:reference>
      <link:referenceArc xlink:type="arc"
                         xlink:arcrole="http://www.xbrl.org/2003/arcrole/concept-reference"
                         xlink:from="InstitutionsSharePct"
                         xlink:to="reference_InstitutionsSharePct"
                         xlink:title="reference: InstitutionsSharePct to reference_InstitutionsSharePct"/>
      <link:loc xlink:type="locator" xlink:href="p-sd-2006-07-01.xsd#p-sd_Type"
                xlink:label="Type"
                xlink:title="Type"/>
      <link:reference xlink:type="resource" xlink:label="reference_Type"
                      xlink:role="http://www.xbrl.org/2003/role/reference"
                      xlink:title="reference_Type"
                      id="reference_Type">
         <ref-corep:Comment>The credit institution must choose among the following codes for the different options available:   1-residential mortgages, 2-commercial mortgages, 3-credit card receivables, 4-leasing,  5-loans to corporates or SMEs (treated as corporates), 6-consumer loans, 7-trade receivables, 8-securitisations (re-securitisation), 9-other assets. In case the pool consists of different types of assets, the institution should indicate the most important type</ref-corep:Comment>
      </link:reference>
      <link:referenceArc xlink:type="arc"
                         xlink:arcrole="http://www.xbrl.org/2003/arcrole/concept-reference"
                         xlink:from="Type"
                         xlink:to="reference_Type"
                         xlink:title="reference: Type to reference_Type"/>
      <link:loc xlink:type="locator"
                xlink:href="p-sd-2006-07-01.xsd#p-sd_ApproachAppliedSaIrbMix"
                xlink:label="ApproachAppliedSaIrbMix"
                xlink:title="ApproachAppliedSaIrbMix"/>
      <link:reference xlink:type="resource" xlink:label="reference_ApproachAppliedSaIrbMix"
                      xlink:role="http://www.xbrl.org/2003/role/reference"
                      xlink:title="reference_ApproachAppliedSaIrbMix"
                      id="reference_ApproachAppliedSaIrbMix">
         <ref-corep:Comment>Report SA for Standardised Approach, IRB for Internal Ratings Based Approach and M if both approaches are used in the treatment of the securitised exposures</ref-corep:Comment>
      </link:reference>
      <link:referenceArc xlink:type="arc"
                         xlink:arcrole="http://www.xbrl.org/2003/arcrole/concept-reference"
                         xlink:from="ApproachAppliedSaIrbMix"
                         xlink:to="reference_ApproachAppliedSaIrbMix"
                         xlink:title="reference: ApproachAppliedSaIrbMix to reference_ApproachAppliedSaIrbMix"/>
      <link:loc xlink:type="locator" xlink:href="p-sd-2006-07-01.xsd#p-sd_NumberOfExposures"
                xlink:label="NumberOfExposures"
                xlink:title="NumberOfExposures"/>
      <link:reference xlink:type="resource" xlink:label="reference_NumberOfExposures"
                      xlink:role="http://www.xbrl.org/2003/role/reference"
                      xlink:title="reference_NumberOfExposures"
                      id="reference_NumberOfExposures">
         <ref-corep:Comment>Only relevant for credit institutions using the IRB approach to securitisation positions; credit institution should indicate the following letter code according to the relevant interval: (a) N&lt;6; (b) 6&lt;=N&lt;34 (c) 34&lt;=N&lt;=100; (d) 100&lt;N&lt;=1000; (e) N&gt;1000.</ref-corep:Comment>
      </link:reference>
      <link:referenceArc xlink:type="arc"
                         xlink:arcrole="http://www.xbrl.org/2003/arcrole/concept-reference"
                         xlink:from="NumberOfExposures"
                         xlink:to="reference_NumberOfExposures"
                         xlink:title="reference: NumberOfExposures to reference_NumberOfExposures"/>
      <link:loc xlink:type="locator" xlink:href="p-sd-2006-07-01.xsd#p-sd_ElgdPct"
                xlink:label="ElgdPct"
                xlink:title="ElgdPct"/>
      <link:reference xlink:type="resource" xlink:label="reference_ElgdPct"
                      xlink:role="http://www.xbrl.org/2003/role/reference"
                      xlink:title="reference_ElgdPct"
                      id="reference_ElgdPct">
         <ref-corep:Comment>Only applicable to institutions applying the Supervisory Formula Method. The exposure-weighted average loss-given-default (ELGD) should be calculated as indicated in annex IX part 4 point 53 of Directive 2006/48/EC.</ref-corep:Comment>
      </link:reference>
      <link:referenceArc xlink:type="arc"
                         xlink:arcrole="http://www.xbrl.org/2003/arcrole/concept-reference"
                         xlink:from="ElgdPct"
                         xlink:to="reference_ElgdPct"
                         xlink:title="reference: ElgdPct to reference_ElgdPct"/>
      <link:loc xlink:type="locator"
                xlink:href="p-sd-2006-07-01.xsd#p-sd_ValueAdjustmentsAndProvisions"
                xlink:label="ValueAdjustmentsAndProvisions"
                xlink:title="ValueAdjustmentsAndProvisions"/>
      <link:reference xlink:type="resource" xlink:label="reference_ValueAdjustmentsAndProvisions"
                      xlink:role="http://www.xbrl.org/2003/role/reference"
                      xlink:title="reference_ValueAdjustmentsAndProvisions"
                      id="reference_ValueAdjustmentsAndProvisions">
         <ref-corep:Comment>Value adjustment and provisions included in the corresponding accounting framework (Directive 86/635/EEC or Regulation 1606/2002) that affect the valuation of assets and off-balance sheet items according to article 74 paragraph 1 of Directive 2006/48/EC.</ref-corep:Comment>
      </link:reference>
      <link:referenceArc xlink:type="arc"
                         xlink:arcrole="http://www.xbrl.org/2003/arcrole/concept-reference"
                         xlink:from="ValueAdjustmentsAndProvisions"
                         xlink:to="reference_ValueAdjustmentsAndProvisions"
                         xlink:title="reference: ValueAdjustmentsAndProvisions to reference_ValueAdjustmentsAndProvisions"/>
      <link:loc xlink:type="locator"
                xlink:href="p-sd-2006-07-01.xsd#p-sd_OwnFundsRequirementsBeforeSecuritisationPct"
                xlink:label="OwnFundsRequirementsBeforeSecuritisationPct"
                xlink:title="OwnFundsRequirementsBeforeSecuritisationPct"/>
      <link:reference xlink:type="resource"
                      xlink:label="reference_OwnFundsRequirementsBeforeSecuritisationPct"
                      xlink:role="http://www.xbrl.org/2003/role/reference"
                      xlink:title="reference_OwnFundsRequirementsBeforeSecuritisationPct"
                      id="reference_OwnFundsRequirementsBeforeSecuritisationPct">
         <ref-corep:Comment>Own funds requirements as if the securitised exposures were not securitised (as percentage of the total amount of securitised exposures)</ref-corep:Comment>
      </link:reference>
      <link:referenceArc xlink:type="arc"
                         xlink:arcrole="http://www.xbrl.org/2003/arcrole/concept-reference"
                         xlink:from="OwnFundsRequirementsBeforeSecuritisationPct"
                         xlink:to="reference_OwnFundsRequirementsBeforeSecuritisationPct"
                         xlink:title="reference: OwnFundsRequirementsBeforeSecuritisationPct to reference_OwnFundsRequirementsBeforeSecuritisationPct"/>
      <link:loc xlink:type="locator" xlink:href="p-sd-2006-07-01.xsd#p-sd_FirstLoss"
                xlink:label="FirstLoss"
                xlink:title="FirstLoss"/>
      <link:reference xlink:type="resource" xlink:label="reference_FirstLoss"
                      xlink:role="http://www.xbrl.org/2003/role/reference"
                      xlink:title="reference_FirstLoss"
                      id="reference_FirstLoss">
         <ref-corep:Comment>In the case of multi-seller securitisations, only the amount corresponding or attributed to the reporting institution should be reported.</ref-corep:Comment>
         <ref-corep:Comment>Positions in those securitisation tranches (Article 4 (39) of Directive 2006/48/EC) that will take the first Euro of loss (e.g. refundable purchase discounts, subordinated loans, or credit protection provided to such tranches). Nevertheless, if this tranche does not provide a significant meaningful credit enhancement (as referred in annex IX part 4 point 12 of Directive 2006/48/EC) to the next tranch in the ranking of the securitisantion, also this latter tranche will be considered as a first loss tranche. This assessment of the credit enhancement provided by the different tranches will be repeated until the credit enhancement provided by first loss tranche or tranches is deemed to be meaningful.</ref-corep:Comment>
      </link:reference>
      <link:referenceArc xlink:type="arc"
                         xlink:arcrole="http://www.xbrl.org/2003/arcrole/concept-reference"
                         xlink:from="FirstLoss"
                         xlink:to="reference_FirstLoss"
                         xlink:title="reference: FirstLoss to reference_FirstLoss"/>
      <link:loc xlink:type="locator"
                xlink:href="p-sd-2006-07-01.xsd#p-sd_SecuritisationPositionsOriginalExposurePreConversionFactors"
                xlink:label="SecuritisationPositionsOriginalExposurePreConversionFactors"
                xlink:title="SecuritisationPositionsOriginalExposurePreConversionFactors"/>
      <link:reference xlink:type="resource"
                      xlink:label="reference_SecuritisationPositionsOriginalExposurePreConversionFactors"
                      xlink:role="http://www.xbrl.org/2003/role/reference"
                      xlink:title="reference_SecuritisationPositionsOriginalExposurePreConversionFactors"
                      id="reference_SecuritisationPositionsOriginalExposurePreConversionFactors">
         <ref-corep:Comment>Securitization positions according to annex IX part 4 points 1,2, 4 and 5 of Directive 2006/48/EC, without applying credit convesion factors and gross of value adjustments and provisions. Netting only relevant with respect to multiple derivative contracts provided to the same SSPE, covered by eligible netting agreement For originators in synthetic securitisations will be the result of the column computation: TOTAL AMOUNT OF SECURITISATION EXPOSURES ORIGINATED + (-) FUNDED CREDIT PROTECTION (Cvam) +  (-) UNFUNDED CREDIT PROTECTION ADJUSTED VALUES (Ga) + NOTIONAL AMOUNT RETAINED OR REPURCHASED OF CREDIT PROTECTION</ref-corep:Comment>
      </link:reference>
      <link:referenceArc xlink:type="arc"
                         xlink:arcrole="http://www.xbrl.org/2003/arcrole/concept-reference"
                         xlink:from="SecuritisationPositionsOriginalExposurePreConversionFactors"
                         xlink:to="reference_SecuritisationPositionsOriginalExposurePreConversionFactors"
                         xlink:title="reference: SecuritisationPositionsOriginalExposurePreConversionFactors to reference_SecuritisationPositionsOriginalExposurePreConversionFactors"/>
      <link:loc xlink:type="locator" xlink:href="p-sd-2006-07-01.xsd#p-sd_OnBalanceSheetItems"
                xlink:label="OnBalanceSheetItems"
                xlink:title="OnBalanceSheetItems"/>
      <link:reference xlink:type="resource" xlink:label="reference_OnBalanceSheetItems"
                      xlink:role="http://www.xbrl.org/2003/role/reference"
                      xlink:title="reference_OnBalanceSheetItems"
                      id="reference_OnBalanceSheetItems">
         <ref-corep:Comment>Assets referred to in article 74 of Directive 2006/48/EC not included in any other category</ref-corep:Comment>
      </link:reference>
      <link:referenceArc xlink:type="arc"
                         xlink:arcrole="http://www.xbrl.org/2003/arcrole/concept-reference"
                         xlink:from="OnBalanceSheetItems"
                         xlink:to="reference_OnBalanceSheetItems"
                         xlink:title="reference: OnBalanceSheetItems to reference_OnBalanceSheetItems"/>
      <link:loc xlink:type="locator" xlink:href="p-sd-2006-07-01.xsd#p-sd_MostSenior"
                xlink:label="MostSenior"
                xlink:title="MostSenior"/>
      <link:reference xlink:type="resource" xlink:label="reference_MostSenior"
                      xlink:role="http://www.xbrl.org/2003/role/reference"
                      xlink:title="reference_MostSenior"
                      id="reference_MostSenior">
         <ref-corep:Comment>Annex IX part 4 point 47 of Directive 2006/48/EC.</ref-corep:Comment>
      </link:reference>
      <link:referenceArc xlink:type="arc"
                         xlink:arcrole="http://www.xbrl.org/2003/arcrole/concept-reference"
                         xlink:from="MostSenior"
                         xlink:to="reference_MostSenior"
                         xlink:title="reference: MostSenior to reference_MostSenior"/>
      <link:loc xlink:type="locator" xlink:href="p-sd-2006-07-01.xsd#p-sd_Mezzanine"
                xlink:label="Mezzanine"
                xlink:title="Mezzanine"/>
      <link:reference xlink:type="resource" xlink:label="reference_Mezzanine"
                      xlink:role="http://www.xbrl.org/2003/role/reference"
                      xlink:title="reference_Mezzanine"
                      id="reference_Mezzanine">
         <ref-corep:Comment>All tranches that do not qualify as most senior or first losses will be included in this category.</ref-corep:Comment>
      </link:reference>
      <link:referenceArc xlink:type="arc"
                         xlink:arcrole="http://www.xbrl.org/2003/arcrole/concept-reference"
                         xlink:from="Mezzanine"
                         xlink:to="reference_Mezzanine"
                         xlink:title="reference: Mezzanine to reference_Mezzanine"/>
      <link:loc xlink:type="locator"
                xlink:href="p-sd-2006-07-01.xsd#p-sd_FirstLossOnBalanceSheetItems"
                xlink:label="FirstLossOnBalanceSheetItems"
                xlink:title="FirstLossOnBalanceSheetItems"/>
      <link:reference xlink:type="resource" xlink:label="reference_FirstLossOnBalanceSheetItems"
                      xlink:role="http://www.xbrl.org/2003/role/reference"
                      xlink:title="reference_FirstLossOnBalanceSheetItems"
                      id="reference_FirstLossOnBalanceSheetItems">
         <ref-corep:Comment>Positions in those securitisation tranches (Article 4 (39) of Directive 2006/48/EC) that will take the first Euro of loss (e.g. refundable purchase discounts, subordinated loans, or credit protection provided to such tranches). Nevertheless, if this tranche does not provide a significant meaningful credit enhancement (as referred in annex IX part 4 point 12 of Directive 2006/48/EC) to the next tranch in the ranking of the securitisantion, also this latter tranche will be considered as a first loss tranche. This assessment of the credit enhancement provided by the different tranches will be repeated until the credit enhancement provided by first loss tranche or tranches is deemed to be meaningful.</ref-corep:Comment>
      </link:reference>
      <link:referenceArc xlink:type="arc"
                         xlink:arcrole="http://www.xbrl.org/2003/arcrole/concept-reference"
                         xlink:from="FirstLossOnBalanceSheetItems"
                         xlink:to="reference_FirstLossOnBalanceSheetItems"
                         xlink:title="reference: FirstLossOnBalanceSheetItems to reference_FirstLossOnBalanceSheetItems"/>
      <link:loc xlink:type="locator"
                xlink:href="p-sd-2006-07-01.xsd#p-sd_OffBalanceSheetItemsAndDerivatives"
                xlink:label="OffBalanceSheetItemsAndDerivatives"
                xlink:title="OffBalanceSheetItemsAndDerivatives"/>
      <link:reference xlink:type="resource"
                      xlink:label="reference_OffBalanceSheetItemsAndDerivatives"
                      xlink:role="http://www.xbrl.org/2003/role/reference"
                      xlink:title="reference_OffBalanceSheetItemsAndDerivatives"
                      id="reference_OffBalanceSheetItemsAndDerivatives">
         <ref-corep:Comment>This category includes any off-balance sheet exposures provided to a securitisation structure. For liquidity facilities, credit facilities, servicer cash advances and market disruption lines, institutions should provide the undrawn amount. For interest rate and currency swaps they should provide the exposure value according to annex IX part 4 point 3 of Directive 2006/48/EC as specified in the CR SA template.</ref-corep:Comment>
      </link:reference>
      <link:referenceArc xlink:type="arc"
                         xlink:arcrole="http://www.xbrl.org/2003/arcrole/concept-reference"
                         xlink:from="OffBalanceSheetItemsAndDerivatives"
                         xlink:to="reference_OffBalanceSheetItemsAndDerivatives"
                         xlink:title="reference: OffBalanceSheetItemsAndDerivatives to reference_OffBalanceSheetItemsAndDerivatives"/>
      <link:loc xlink:type="locator"
                xlink:href="p-sd-2006-07-01.xsd#p-sd_DirectCreditSubstitute"
                xlink:label="DirectCreditSubstitute"
                xlink:title="DirectCreditSubstitute"/>
      <link:reference xlink:type="resource" xlink:label="reference_DirectCreditSubstitute"
                      xlink:role="http://www.xbrl.org/2003/role/reference"
                      xlink:title="reference_DirectCreditSubstitute"
                      id="reference_DirectCreditSubstitute">
         <ref-corep:Comment>See full risk items in annex II of Directive 2006/48/EC.</ref-corep:Comment>
      </link:reference>
      <link:referenceArc xlink:type="arc"
                         xlink:arcrole="http://www.xbrl.org/2003/arcrole/concept-reference"
                         xlink:from="DirectCreditSubstitute"
                         xlink:to="reference_DirectCreditSubstitute"
                         xlink:title="reference: DirectCreditSubstitute to reference_DirectCreditSubstitute"/>
      <link:loc xlink:type="locator"
                xlink:href="p-sd-2006-07-01.xsd#p-sd_EligibleLiquidityFacilities"
                xlink:label="EligibleLiquidityFacilities"
                xlink:title="EligibleLiquidityFacilities"/>
      <link:reference xlink:type="resource" xlink:label="reference_EligibleLiquidityFacilities"
                      xlink:role="http://www.xbrl.org/2003/role/reference"
                      xlink:title="reference_EligibleLiquidityFacilities"
                      id="reference_EligibleLiquidityFacilities">
         <ref-corep:Comment>Liquidity facilities satisfying the requirements established in annex IX part 4 point 13 of Directive 2006/48/EC.</ref-corep:Comment>
      </link:reference>
      <link:referenceArc xlink:type="arc"
                         xlink:arcrole="http://www.xbrl.org/2003/arcrole/concept-reference"
                         xlink:from="EligibleLiquidityFacilities"
                         xlink:to="reference_EligibleLiquidityFacilities"
                         xlink:title="reference: EligibleLiquidityFacilities to reference_EligibleLiquidityFacilities"/>
      <link:loc xlink:type="locator" xlink:href="p-sd-2006-07-01.xsd#p-sd_Other"
                xlink:label="Other"
                xlink:title="Other"/>
      <link:reference xlink:type="resource" xlink:label="reference_Other"
                      xlink:role="http://www.xbrl.org/2003/role/reference"
                      xlink:title="reference_Other"
                      id="reference_Other">
         <ref-corep:Comment>Other off balance sheet items and derivatives not included above</ref-corep:Comment>
      </link:reference>
      <link:referenceArc xlink:type="arc"
                         xlink:arcrole="http://www.xbrl.org/2003/arcrole/concept-reference"
                         xlink:from="Other"
                         xlink:to="reference_Other"
                         xlink:title="reference: Other to reference_Other"/>
      <link:loc xlink:type="locator" xlink:href="p-sd-2006-07-01.xsd#p-sd_EarlyAmortisation"
                xlink:label="EarlyAmortisation"
                xlink:title="EarlyAmortisation"/>
      <link:reference xlink:type="resource" xlink:label="reference_EarlyAmortisation"
                      xlink:role="http://www.xbrl.org/2003/role/reference"
                      xlink:title="reference_EarlyAmortisation"
                      id="reference_EarlyAmortisation">
         <ref-corep:Comment>Article 100, paragraph 2 of Directive 2006/48/EC. Only relevant for originators in revolving exposure securitisations containning early amortisation provisions. </ref-corep:Comment>
      </link:reference>
      <link:referenceArc xlink:type="arc"
                         xlink:arcrole="http://www.xbrl.org/2003/arcrole/concept-reference"
                         xlink:from="EarlyAmortisation"
                         xlink:to="reference_EarlyAmortisation"
                         xlink:title="reference: EarlyAmortisation to reference_EarlyAmortisation"/>
      <link:loc xlink:type="locator" xlink:href="p-sd-2006-07-01.xsd#p-sd_ControlledYesNo"
                xlink:label="ControlledYesNo"
                xlink:title="ControlledYesNo"/>
      <link:reference xlink:type="resource" xlink:label="reference_ControlledYesNo"
                      xlink:role="http://www.xbrl.org/2003/role/reference"
                      xlink:title="reference_ControlledYesNo"
                      id="reference_ControlledYesNo">
         <ref-corep:Comment>Yes should be reported when the conditions in annex IX part 4 point 25 of Directive 2006/48/EC are met.</ref-corep:Comment>
      </link:reference>
      <link:referenceArc xlink:type="arc"
                         xlink:arcrole="http://www.xbrl.org/2003/arcrole/concept-reference"
                         xlink:from="ControlledYesNo"
                         xlink:to="reference_ControlledYesNo"
                         xlink:title="reference: ControlledYesNo to reference_ControlledYesNo"/>
      <link:loc xlink:type="locator"
                xlink:href="p-sd-2006-07-01.xsd#p-sd_ConversionFactorApplied"
                xlink:label="CreditConversionFactorApplied"
                xlink:title="CreditConversionFactorApplied"/>
      <link:reference xlink:type="resource" xlink:label="reference_CreditConversionFactorApplied"
                      xlink:role="http://www.xbrl.org/2003/role/reference"
                      xlink:title="reference_CreditConversionFactorApplied"
                      id="reference_CreditConversionFactorApplied">
         <ref-corep:Annex>IX</ref-corep:Annex>
         <ref-corep:Part>4</ref-corep:Part>
         <ref:Paragraph>2(c)</ref:Paragraph>
         <ref-corep:Directive>2000/12/EC</ref-corep:Directive>
      </link:reference>
      <link:referenceArc xlink:type="arc"
                         xlink:arcrole="http://www.xbrl.org/2003/arcrole/concept-reference"
                         xlink:from="CreditConversionFactorApplied"
                         xlink:to="reference_CreditConversionFactorApplied"
                         xlink:title="reference: CreditConversionFactorApplied to reference_CreditConversionFactorApplied"/>
      <link:loc xlink:type="locator"
                xlink:href="p-sd-2006-07-01.xsd#p-sd_ExposureValueDeductedFromOwnFundsNegative"
                xlink:label="ExposureValueDeductedFromOwnFundsNegative"
                xlink:title="ExposureValueDeductedFromOwnFundsNegative"/>
      <link:reference xlink:type="resource"
                      xlink:label="reference_ExposureValueDeductedFromOwnFundsNegative"
                      xlink:role="http://www.xbrl.org/2003/role/reference"
                      xlink:title="reference_ExposureValueDeductedFromOwnFundsNegative"
                      id="reference_ExposureValueDeductedFromOwnFundsNegative">
         <ref-corep:Comment>Annex IX part 4 point 74 of Directive 2006/48/EC. See also annex IX part 4 point 75  of Directive 2006/48/EC.</ref-corep:Comment>
      </link:reference>
      <link:referenceArc xlink:type="arc"
                         xlink:arcrole="http://www.xbrl.org/2003/arcrole/concept-reference"
                         xlink:from="ExposureValueDeductedFromOwnFundsNegative"
                         xlink:to="reference_ExposureValueDeductedFromOwnFundsNegative"
                         xlink:title="reference: ExposureValueDeductedFromOwnFundsNegative to reference_ExposureValueDeductedFromOwnFundsNegative"/>
      <link:loc xlink:type="locator"
                xlink:href="p-cm-cr-2006-07-01.xsd#p-cm-cr_TotalCapitalRequirementsBeforeCAP"
                xlink:label="TotalCapitalRequirementsBeforeCap"
                xlink:title="TotalCapitalRequirementsBeforeCap"/>
      <link:reference xlink:type="resource" xlink:label="reference_TotalCapitalRequirementsBeforeCap"
                      xlink:role="http://www.xbrl.org/2003/role/reference"
                      xlink:title="reference_TotalCapitalRequirementsBeforeCap"
                      id="reference_TotalCapitalRequirementsBeforeCap">
         <ref-corep:Comment>Capital requirements derived from the risk weighted exposure amount without taking into account the provisions in annex IX part 4 point 45 of Directive 2006/48/EC regarding the maximum risk-weighted exposure amounts.</ref-corep:Comment>
      </link:reference>
      <link:referenceArc xlink:type="arc"
                         xlink:arcrole="http://www.xbrl.org/2003/arcrole/concept-reference"
                         xlink:from="TotalCapitalRequirementsBeforeCap"
                         xlink:to="reference_TotalCapitalRequirementsBeforeCap"
                         xlink:title="reference: TotalCapitalRequirementsBeforeCap to reference_TotalCapitalRequirementsBeforeCap"/>
      <link:loc xlink:type="locator"
                xlink:href="p-sd-2006-07-01.xsd#p-sd_SecuritisationStructure"
                xlink:label="SecuritisationStructure"
                xlink:title="SecuritisationStructure"/>
      <link:reference xlink:type="resource" xlink:label="reference_SecuritisationStructure"
                      xlink:role="http://www.xbrl.org/2003/role/reference"
                      xlink:title="reference_SecuritisationStructure"
                      id="reference_SecuritisationStructure"/>
      <link:referenceArc xlink:type="arc"
                         xlink:arcrole="http://www.xbrl.org/2003/arcrole/concept-reference"
                         xlink:from="SecuritisationStructure"
                         xlink:to="reference_SecuritisationStructure"
                         xlink:title="reference: SecuritisationStructure to reference_SecuritisationStructure"/>
      <link:loc xlink:type="locator" xlink:href="p-sd-2006-07-01.xsd#p-sd_MezzanineRated"
                xlink:label="MezzanineRated"
                xlink:title="MezzanineRated"/>
      <link:reference xlink:type="resource" xlink:label="reference_MezzanineRated"
                      xlink:role="http://www.xbrl.org/2003/role/reference"
                      xlink:title="reference_MezzanineRated"
                      id="reference_MezzanineRated">
         <ref-corep:Directive>2000/12/EC</ref-corep:Directive>
         <ref-corep:Annex>IX</ref-corep:Annex>
         <ref-corep:Part>1</ref-corep:Part>
         <ref:Paragraph>1</ref:Paragraph>
      </link:reference>
      <link:referenceArc xlink:type="arc"
                         xlink:arcrole="http://www.xbrl.org/2003/arcrole/concept-reference"
                         xlink:from="MezzanineRated"
                         xlink:to="reference_MezzanineRated"
                         xlink:title="reference: MezzanineRated to reference_MezzanineRated"/>
      <link:loc xlink:type="locator" xlink:href="p-sd-2006-07-01.xsd#p-sd_MezzanineUnrated"
                xlink:label="MezzanineUnrated"
                xlink:title="MezzanineUnrated"/>
      <link:reference xlink:type="resource" xlink:label="reference_MezzanineUnrated"
                      xlink:role="http://www.xbrl.org/2003/role/reference"
                      xlink:title="reference_MezzanineUnrated"
                      id="reference_MezzanineUnrated">
         <ref-corep:Directive>2000/12/EC</ref-corep:Directive>
         <ref-corep:Annex>IX</ref-corep:Annex>
         <ref-corep:Part>1</ref-corep:Part>
         <ref:Paragraph>1</ref:Paragraph>
      </link:reference>
      <link:referenceArc xlink:type="arc"
                         xlink:arcrole="http://www.xbrl.org/2003/arcrole/concept-reference"
                         xlink:from="MezzanineUnrated"
                         xlink:to="reference_MezzanineUnrated"
                         xlink:title="reference: MezzanineUnrated to reference_MezzanineUnrated"/>
      <link:loc xlink:type="locator" xlink:href="p-sd-2006-07-01.xsd#p-sd_MostSeniorRated"
                xlink:label="MostSeniorRated"
                xlink:title="MostSeniorRated"/>
      <link:reference xlink:type="resource" xlink:label="reference_MostSeniorRated"
                      xlink:role="http://www.xbrl.org/2003/role/reference"
                      xlink:title="reference_MostSeniorRated"
                      id="reference_MostSeniorRated">
         <ref-corep:Directive>2000/12/EC</ref-corep:Directive>
         <ref-corep:Annex>IX</ref-corep:Annex>
         <ref-corep:Part>1</ref-corep:Part>
         <ref:Paragraph>1</ref:Paragraph>
      </link:reference>
      <link:referenceArc xlink:type="arc"
                         xlink:arcrole="http://www.xbrl.org/2003/arcrole/concept-reference"
                         xlink:from="MostSeniorRated"
                         xlink:to="reference_MostSeniorRated"
                         xlink:title="reference: MostSeniorRated to reference_MostSeniorRated"/>
      <link:loc xlink:type="locator" xlink:href="p-sd-2006-07-01.xsd#p-sd_MostSeniorUnrated"
                xlink:label="MostSeniorUnrated"
                xlink:title="MostSeniorUnrated"/>
      <link:reference xlink:type="resource" xlink:label="reference_MostSeniorUnrated"
                      xlink:role="http://www.xbrl.org/2003/role/reference"
                      xlink:title="reference_MostSeniorUnrated"
                      id="reference_MostSeniorUnrated">
         <ref-corep:Directive>2000/12/EC</ref-corep:Directive>
         <ref-corep:Annex>IX</ref-corep:Annex>
         <ref-corep:Part>1</ref-corep:Part>
         <ref:Paragraph>1</ref:Paragraph>
      </link:reference>
      <link:referenceArc xlink:type="arc"
                         xlink:arcrole="http://www.xbrl.org/2003/arcrole/concept-reference"
                         xlink:from="MostSeniorUnrated"
                         xlink:to="reference_MostSeniorUnrated"
                         xlink:title="reference: MostSeniorUnrated to reference_MostSeniorUnrated"/>
      <link:loc xlink:type="locator" xlink:href="p-sd-2006-07-01.xsd#p-sd_FirstLossRated"
                xlink:label="FirstLossRated"
                xlink:title="FirstLossRated"/>
      <link:reference xlink:type="resource" xlink:label="reference_FirstLossRated"
                      xlink:role="http://www.xbrl.org/2003/role/reference"
                      xlink:title="reference_FirstLossRated"
                      id="reference_FirstLossRated">
         <ref-corep:Comment>Annex IX part 1 point 1 of Directive 2006/48/EC.</ref-corep:Comment>
      </link:reference>
      <link:referenceArc xlink:type="arc"
                         xlink:arcrole="http://www.xbrl.org/2003/arcrole/concept-reference"
                         xlink:from="FirstLossRated"
                         xlink:to="reference_FirstLossRated"
                         xlink:title="reference: FirstLossRated to reference_FirstLossRated"/>
      <link:loc xlink:type="locator" xlink:href="p-sd-2006-07-01.xsd#p-sd_FirstLossUnrated"
                xlink:label="FirstLossUnrated"
                xlink:title="FirstLossUnrated"/>
      <link:reference xlink:type="resource" xlink:label="reference_FirstLossUnrated"
                      xlink:role="http://www.xbrl.org/2003/role/reference"
                      xlink:title="reference_FirstLossUnrated"
                      id="reference_FirstLossUnrated">
         <ref-corep:Comment>Annex IX part 1 point 1 of Directive 2006/48/EC.</ref-corep:Comment>
      </link:reference>
      <link:referenceArc xlink:type="arc"
                         xlink:arcrole="http://www.xbrl.org/2003/arcrole/concept-reference"
                         xlink:from="FirstLossUnrated"
                         xlink:to="reference_FirstLossUnrated"
                         xlink:title="reference: FirstLossUnrated to reference_FirstLossUnrated"/>
      <link:loc xlink:type="locator"
                xlink:href="p-cm-ca-2006-07-01.xsd#p-cm-ca_CreditRiskCapitalRequirements"
                xlink:label="CreditRiskCapitalRequirements"
                xlink:title="CreditRiskCapitalRequirements"/>
      <link:reference xlink:type="resource" xlink:label="reference_CreditRiskCapitalRequirements"
                      xlink:role="http://www.xbrl.org/2003/role/reference"
                      xlink:title="reference_CreditRiskCapitalRequirements"
                      id="reference_CreditRiskCapitalRequirements">
         <ref-corep:Comment>Total capital requirements subject to securitisation treatment after applying the cap as specified in annex IX part 4 point 45 of Directive 2006/48/EC.</ref-corep:Comment>
      </link:reference>
      <link:referenceArc xlink:type="arc"
                         xlink:arcrole="http://www.xbrl.org/2003/arcrole/concept-reference"
                         xlink:from="CreditRiskCapitalRequirements"
                         xlink:to="reference_CreditRiskCapitalRequirements"
                         xlink:title="reference: CreditRiskCapitalRequirements to reference_CreditRiskCapitalRequirements"/>
      <link:loc xlink:type="locator" xlink:href="p-sd-2006-07-01.xsd#p-sd_Retention"
                xlink:label="Retention"
                xlink:title="Retention"/>
      <link:reference xlink:type="resource" xlink:label="reference_Retention"
                      xlink:role="http://www.xbrl.org/2003/role/reference"
                      xlink:title="reference_Retention"
                      id="reference_Retention">
         <ref-corep:Directive>2008/48/EC</ref-corep:Directive>
         <ref:Article>122a</ref:Article>
      </link:reference>
      <link:referenceArc xlink:type="arc"
                         xlink:arcrole="http://www.xbrl.org/2003/arcrole/concept-reference"
                         xlink:from="Retention"
                         xlink:to="reference_Retention"
                         xlink:title="reference: Retention to reference_Retention"/>
      <link:loc xlink:type="locator"
                xlink:href="p-sd-2006-07-01.xsd#p-sd_TypeOfRetentionApplied"
                xlink:label="TypeOfRetentionApplied"
                xlink:title="TypeOfRetentionApplied"/>
      <link:reference xlink:type="resource" xlink:label="reference_TypeOfRetentionApplied"
                      xlink:role="http://www.xbrl.org/2003/role/reference"
                      xlink:title="reference_TypeOfRetentionApplied"
                      id="reference_TypeOfRetentionApplied">
         <ref-corep:Directive>2008/48/EC</ref-corep:Directive>
         <ref:Article>122a</ref:Article>
         <ref-corep:Comment>Report the following abbreviations: A - Vertical slice  B - Revolving exposures C- On-balance sheet D- First loss</ref-corep:Comment>
      </link:reference>
      <link:referenceArc xlink:type="arc"
                         xlink:arcrole="http://www.xbrl.org/2003/arcrole/concept-reference"
                         xlink:from="TypeOfRetentionApplied"
                         xlink:to="reference_TypeOfRetentionApplied"
                         xlink:title="reference: TypeOfRetentionApplied to reference_TypeOfRetentionApplied"/>
      <link:loc xlink:type="locator"
                xlink:href="p-sd-2006-07-01.xsd#p-sd_PctOfRetentionAtReportingDate"
                xlink:label="PctOfRetentionAtReportingDate"
                xlink:title="PctOfRetentionAtReportingDate"/>
      <link:reference xlink:type="resource" xlink:label="reference_PctOfRetentionAtReportingDate"
                      xlink:role="http://www.xbrl.org/2003/role/reference"
                      xlink:title="reference_PctOfRetentionAtReportingDate"
                      id="reference_PctOfRetentionAtReportingDate">
         <ref-corep:Directive>2008/48/EC</ref-corep:Directive>
         <ref:Article>122a</ref:Article>
         <ref:Paragraph>1</ref:Paragraph>
      </link:reference>
      <link:referenceArc xlink:type="arc"
                         xlink:arcrole="http://www.xbrl.org/2003/arcrole/concept-reference"
                         xlink:from="PctOfRetentionAtReportingDate"
                         xlink:to="reference_PctOfRetentionAtReportingDate"
                         xlink:title="reference: PctOfRetentionAtReportingDate to reference_PctOfRetentionAtReportingDate"/>
  </link:referenceLink>
</link:linkbase>