<?xml version="1.0" encoding="UTF-8"?>
<?taxonomy-version 1.3.1?>
<!--Copyright (C) 2011 EBA - European Banking Authority, Tower 42, 25 Old Broad Street, London, EC2N 1HQ, United Kingdom.-->            
<link:linkbase xmlns:xsi="http://www.w3.org/2001/XMLSchema-instance"
               xmlns:p-sd="http://www.c-ebs.org/eu/fr/esrs/corep/2006-07-01/p-sd-2006-07-01"
               xmlns:link="http://www.xbrl.org/2003/linkbase"
               xmlns:xlink="http://www.w3.org/1999/xlink"
               xmlns:xbrli="http://www.xbrl.org/2003/instance"
               xsi:schemaLocation="http://www.xbrl.org/2003/linkbase http://www.xbrl.org/2003/xbrl-linkbase-2003-12-31.xsd">
  <link:roleRef roleURI="http://www.c-ebs.org/2006/corep/eu/sd" xlink:type="simple"
                 xlink:href="p-sd-2006-07-01.xsd#rt_sd"/>
  <link:arcroleRef arcroleURI="http://xbrl.org/int/dim/arcrole/domain-member" xlink:type="simple"
                    xlink:href="http://www.xbrl.org/2005/xbrldt-2005.xsd#domain-member"/>
  <link:definitionLink xlink:type="extended" xlink:role="http://www.c-ebs.org/2006/corep/eu/sd">
      <link:loc xlink:type="locator" xlink:href="p-sd-2006-07-01.xsd#p-sd_CRSECDetailsDomain"
                xlink:label="CRSECDetailsDomain"
                xlink:title="CRSECDetailsDomain"/>
      <link:loc xlink:type="locator"
                xlink:href="p-sd-2006-07-01.xsd#p-sd_IdentifierOfTheSecuritisation"
                xlink:label="IdentifierOfTheSecuritisation"
                xlink:title="IdentifierOfTheSecuritisation"/>
      <link:definitionArc xlink:type="arc" xlink:arcrole="http://xbrl.org/int/dim/arcrole/domain-member"
                          xlink:from="CRSECDetailsDomain"
                          xlink:to="IdentifierOfTheSecuritisation"
                          xlink:title="definition: CRSECDetailsDomain to IdentifierOfTheSecuritisation"
                          use="optional"
                          order="1.0"/>
      <link:loc xlink:type="locator"
                xlink:href="p-sd-2006-07-01.xsd#p-sd_SecuritisationTypeTraditionalSynthetic"
                xlink:label="SecuritisationTypeTraditionalSynthetic"
                xlink:title="SecuritisationTypeTraditionalSynthetic"/>
      <link:definitionArc xlink:type="arc" xlink:arcrole="http://xbrl.org/int/dim/arcrole/domain-member"
                          xlink:from="CRSECDetailsDomain"
                          xlink:to="SecuritisationTypeTraditionalSynthetic"
                          xlink:title="definition: CRSECDetailsDomain to SecuritisationTypeTraditionalSynthetic"
                          use="optional"
                          order="2.0"/>
      <link:loc xlink:type="locator"
                xlink:href="p-sd-2006-07-01.xsd#p-sd_RoleOfTheInstitutionSponsorOriginator"
                xlink:label="RoleOfTheInstitutionSponsorOriginator"
                xlink:title="RoleOfTheInstitutionSponsorOriginator"/>
      <link:definitionArc xlink:type="arc" xlink:arcrole="http://xbrl.org/int/dim/arcrole/domain-member"
                          xlink:from="CRSECDetailsDomain"
                          xlink:to="RoleOfTheInstitutionSponsorOriginator"
                          xlink:title="definition: CRSECDetailsDomain to RoleOfTheInstitutionSponsorOriginator"
                          use="optional"
                          order="3.0"/>
      <link:loc xlink:type="locator" xlink:href="p-sd-2006-07-01.xsd#p-sd_NonAbcpPrograms"
                xlink:label="NonAbcpPrograms"
                xlink:title="NonAbcpPrograms"/>
      <link:definitionArc xlink:type="arc" xlink:arcrole="http://xbrl.org/int/dim/arcrole/domain-member"
                          xlink:from="CRSECDetailsDomain"
                          xlink:to="NonAbcpPrograms"
                          xlink:title="definition: CRSECDetailsDomain to NonAbcpPrograms"
                          use="optional"
                          order="4.0"/>
      <link:loc xlink:type="locator"
                xlink:href="p-sd-2006-07-01.xsd#p-sd_OriginationDatemmyyyy"
                xlink:label="OriginationDatemmyyyy"
                xlink:title="OriginationDateMmYyyy"/>
      <link:definitionArc xlink:type="arc" xlink:arcrole="http://xbrl.org/int/dim/arcrole/domain-member"
                          xlink:from="NonAbcpPrograms"
                          xlink:to="OriginationDatemmyyyy"
                          xlink:title="definition: NonAbcpPrograms to OriginationDatemmyyyy"
                          use="optional"
                          order="1.0"/>
      <link:loc xlink:type="locator"
                xlink:href="p-sd-2006-07-01.xsd#p-sd_TotalAmountOfSecuritisedExposuresOriginatedAtOriginationDate"
                xlink:label="TotalAmountOfSecuritisedExposuresOriginatedAtOriginationDate"
                xlink:title="TotalAmountOfSecuritisedExposuresOriginatedAtOriginationDate"/>
      <link:definitionArc xlink:type="arc" xlink:arcrole="http://xbrl.org/int/dim/arcrole/domain-member"
                          xlink:from="NonAbcpPrograms"
                          xlink:to="TotalAmountOfSecuritisedExposuresOriginatedAtOriginationDate"
                          xlink:title="definition: NonAbcpPrograms to TotalAmountOfSecuritisedExposuresOriginatedAtOriginationDate"
                          use="optional"
                          order="2.0"/>
      <link:loc xlink:type="locator"
                xlink:href="p-sd-2006-07-01.xsd#p-sd_SecuritisedExposuresOriginated"
                xlink:label="SecuritisedExposuresOriginated"
                xlink:title="SecuritisedExposuresOriginated"/>
      <link:definitionArc xlink:type="arc" xlink:arcrole="http://xbrl.org/int/dim/arcrole/domain-member"
                          xlink:from="CRSECDetailsDomain"
                          xlink:to="SecuritisedExposuresOriginated"
                          xlink:title="definition: CRSECDetailsDomain to SecuritisedExposuresOriginated"
                          use="optional"
                          order="5.0"/>
      <link:loc xlink:type="locator" xlink:href="p-sd-2006-07-01.xsd#p-sd_TotalAmount"
                xlink:label="TotalAmount"
                xlink:title="TotalAmount"/>
      <link:definitionArc xlink:type="arc" xlink:arcrole="http://xbrl.org/int/dim/arcrole/domain-member"
                          xlink:from="SecuritisedExposuresOriginated"
                          xlink:to="TotalAmount"
                          xlink:title="definition: SecuritisedExposuresOriginated to TotalAmount"
                          use="optional"
                          order="1.0"/>
      <link:loc xlink:type="locator" xlink:href="p-sd-2006-07-01.xsd#p-sd_InstitutionsSharePct"
                xlink:label="InstitutionsSharePct"
                xlink:title="InstitutionsSharePct"/>
      <link:definitionArc xlink:type="arc" xlink:arcrole="http://xbrl.org/int/dim/arcrole/domain-member"
                          xlink:from="TotalAmount"
                          xlink:to="InstitutionsSharePct"
                          xlink:title="definition: TotalAmount to InstitutionsSharePct"
                          use="optional"
                          order="1.0"/>
      <link:loc xlink:type="locator" xlink:href="p-sd-2006-07-01.xsd#p-sd_Type"
                xlink:label="Type"
                xlink:title="Type"/>
      <link:definitionArc xlink:type="arc" xlink:arcrole="http://xbrl.org/int/dim/arcrole/domain-member"
                          xlink:from="TotalAmount"
                          xlink:to="Type"
                          xlink:title="definition: TotalAmount to Type"
                          use="optional"
                          order="2.0"/>
      <link:loc xlink:type="locator"
                xlink:href="p-sd-2006-07-01.xsd#p-sd_ApproachAppliedSaIrbMix"
                xlink:label="ApproachAppliedSaIrbMix"
                xlink:title="ApproachAppliedSaIrbMix"/>
      <link:definitionArc xlink:type="arc" xlink:arcrole="http://xbrl.org/int/dim/arcrole/domain-member"
                          xlink:from="TotalAmount"
                          xlink:to="ApproachAppliedSaIrbMix"
                          xlink:title="definition: TotalAmount to ApproachAppliedSaIrbMix"
                          use="optional"
                          order="3.0"/>
      <link:loc xlink:type="locator" xlink:href="p-sd-2006-07-01.xsd#p-sd_NumberOfExposures"
                xlink:label="NumberOfExposures"
                xlink:title="NumberOfExposures"/>
      <link:definitionArc xlink:type="arc" xlink:arcrole="http://xbrl.org/int/dim/arcrole/domain-member"
                          xlink:from="TotalAmount"
                          xlink:to="NumberOfExposures"
                          xlink:title="definition: TotalAmount to NumberOfExposures"
                          use="optional"
                          order="4.0"/>
      <link:loc xlink:type="locator" xlink:href="p-sd-2006-07-01.xsd#p-sd_ElgdPct"
                xlink:label="ElgdPct"
                xlink:title="ElgdPct"/>
      <link:definitionArc xlink:type="arc" xlink:arcrole="http://xbrl.org/int/dim/arcrole/domain-member"
                          xlink:from="TotalAmount"
                          xlink:to="ElgdPct"
                          xlink:title="definition: TotalAmount to ElgdPct"
                          use="optional"
                          order="5.0"/>
      <link:loc xlink:type="locator"
                xlink:href="p-sd-2006-07-01.xsd#p-sd_ValueAdjustmentsAndProvisions"
                xlink:label="ValueAdjustmentsAndProvisions"
                xlink:title="ValueAdjustmentsAndProvisions"/>
      <link:definitionArc xlink:type="arc" xlink:arcrole="http://xbrl.org/int/dim/arcrole/domain-member"
                          xlink:from="TotalAmount"
                          xlink:to="ValueAdjustmentsAndProvisions"
                          xlink:title="definition: TotalAmount to ValueAdjustmentsAndProvisions"
                          use="optional"
                          order="6.0"/>
      <link:loc xlink:type="locator"
                xlink:href="p-sd-2006-07-01.xsd#p-sd_OwnFundsRequirementsBeforeSecuritisationPct"
                xlink:label="OwnFundsRequirementsBeforeSecuritisationPct"
                xlink:title="OwnFundsRequirementsBeforeSecuritisationPct"/>
      <link:definitionArc xlink:type="arc" xlink:arcrole="http://xbrl.org/int/dim/arcrole/domain-member"
                          xlink:from="TotalAmount"
                          xlink:to="OwnFundsRequirementsBeforeSecuritisationPct"
                          xlink:title="definition: TotalAmount to OwnFundsRequirementsBeforeSecuritisationPct"
                          use="optional"
                          order="7.0"/>
      <link:loc xlink:type="locator"
                xlink:href="p-sd-2006-07-01.xsd#p-sd_SecuritisationStructure"
                xlink:label="SecuritisationStructure"
                xlink:title="SecuritisationStructure"/>
      <link:definitionArc xlink:type="arc" xlink:arcrole="http://xbrl.org/int/dim/arcrole/domain-member"
                          xlink:from="CRSECDetailsDomain"
                          xlink:to="SecuritisationStructure"
                          xlink:title="definition: CRSECDetailsDomain to SecuritisationStructure"
                          use="optional"
                          order="6.0"/>
      <link:loc xlink:type="locator" xlink:href="p-sd-2006-07-01.xsd#p-sd_FirstLoss"
                xlink:label="FirstLoss"
                xlink:title="FirstLoss"/>
      <link:definitionArc xlink:type="arc" xlink:arcrole="http://xbrl.org/int/dim/arcrole/domain-member"
                          xlink:from="SecuritisationStructure"
                          xlink:to="FirstLoss"
                          xlink:title="definition: SecuritisationStructure to FirstLoss"
                          use="optional"
                          order="1.0"/>
      <link:loc xlink:type="locator"
                xlink:href="p-sd-2006-07-01.xsd#p-sd_SecuritisationPositionsOriginalExposurePreConversionFactors"
                xlink:label="SecuritisationPositionsOriginalExposurePreConversionFactors"
                xlink:title="SecuritisationPositionsOriginalExposurePreConversionFactors"/>
      <link:definitionArc xlink:type="arc" xlink:arcrole="http://xbrl.org/int/dim/arcrole/domain-member"
                          xlink:from="CRSECDetailsDomain"
                          xlink:to="SecuritisationPositionsOriginalExposurePreConversionFactors"
                          xlink:title="definition: CRSECDetailsDomain to SecuritisationPositionsOriginalExposurePreConversionFactors"
                          use="optional"
                          order="7.0"/>
      <link:loc xlink:type="locator" xlink:href="p-sd-2006-07-01.xsd#p-sd_EarlyAmortisation"
                xlink:label="EarlyAmortisation"
                xlink:title="EarlyAmortisation"/>
      <link:definitionArc xlink:type="arc" xlink:arcrole="http://xbrl.org/int/dim/arcrole/domain-member"
                          xlink:from="SecuritisationPositionsOriginalExposurePreConversionFactors"
                          xlink:to="EarlyAmortisation"
                          xlink:title="definition: SecuritisationPositionsOriginalExposurePreConversionFactors to EarlyAmortisation"
                          use="optional"
                          order="3.0"/>
      <link:loc xlink:type="locator" xlink:href="p-sd-2006-07-01.xsd#p-sd_ControlledYesNo"
                xlink:label="ControlledYesNo"
                xlink:title="ControlledYesNo"/>
      <link:definitionArc xlink:type="arc" xlink:arcrole="http://xbrl.org/int/dim/arcrole/domain-member"
                          xlink:from="EarlyAmortisation"
                          xlink:to="ControlledYesNo"
                          xlink:title="definition: EarlyAmortisation to ControlledYesNo"
                          use="optional"
                          order="1.0"/>
      <link:loc xlink:type="locator"
                xlink:href="p-sd-2006-07-01.xsd#p-sd_ConversionFactorApplied"
                xlink:label="ConversionFactorApplied"
                xlink:title="CreditConversionFactorApplied"/>
      <link:definitionArc xlink:type="arc" xlink:arcrole="http://xbrl.org/int/dim/arcrole/domain-member"
                          xlink:from="EarlyAmortisation"
                          xlink:to="ConversionFactorApplied"
                          xlink:title="definition: EarlyAmortisation to ConversionFactorApplied"
                          use="optional"
                          order="2.0"/>
      <link:loc xlink:type="locator" xlink:href="p-sd-2006-07-01.xsd#p-sd_OnBalanceSheetItems"
                xlink:label="OnBalanceSheetItems"
                xlink:title="OnBalanceSheetItems"/>
      <link:definitionArc xlink:type="arc" xlink:arcrole="http://xbrl.org/int/dim/arcrole/domain-member"
                          xlink:from="SecuritisationPositionsOriginalExposurePreConversionFactors"
                          xlink:to="OnBalanceSheetItems"
                          xlink:title="definition: SecuritisationPositionsOriginalExposurePreConversionFactors to OnBalanceSheetItems"
                          use="optional"
                          order="1.0"/>
      <link:loc xlink:type="locator" xlink:href="p-sd-2006-07-01.xsd#p-sd_MostSenior"
                xlink:label="MostSenior"
                xlink:title="MostSenior"/>
      <link:definitionArc xlink:type="arc" xlink:arcrole="http://xbrl.org/int/dim/arcrole/domain-member"
                          xlink:from="OnBalanceSheetItems"
                          xlink:to="MostSenior"
                          xlink:title="definition: OnBalanceSheetItems to MostSenior"
                          use="optional"
                          order="1.0"/>
      <link:loc xlink:type="locator" xlink:href="p-sd-2006-07-01.xsd#p-sd_MostSeniorRated"
                xlink:label="MostSeniorRated"
                xlink:title="MostSeniorRated"/>
      <link:definitionArc xlink:type="arc" xlink:arcrole="http://xbrl.org/int/dim/arcrole/domain-member"
                          xlink:from="MostSenior"
                          xlink:to="MostSeniorRated"
                          xlink:title="definition: MostSenior to MostSeniorRated"
                          use="optional"
                          order="1.0"/>
      <link:loc xlink:type="locator" xlink:href="p-sd-2006-07-01.xsd#p-sd_MostSeniorUnrated"
                xlink:label="MostSeniorUnrated"
                xlink:title="MostSeniorUnrated"/>
      <link:definitionArc xlink:type="arc" xlink:arcrole="http://xbrl.org/int/dim/arcrole/domain-member"
                          xlink:from="MostSenior"
                          xlink:to="MostSeniorUnrated"
                          xlink:title="definition: MostSenior to MostSeniorUnrated"
                          use="optional"
                          order="2.0"/>
      <link:loc xlink:type="locator" xlink:href="p-sd-2006-07-01.xsd#p-sd_Mezzanine"
                xlink:label="Mezzanine"
                xlink:title="Mezzanine"/>
      <link:definitionArc xlink:type="arc" xlink:arcrole="http://xbrl.org/int/dim/arcrole/domain-member"
                          xlink:from="OnBalanceSheetItems"
                          xlink:to="Mezzanine"
                          xlink:title="definition: OnBalanceSheetItems to Mezzanine"
                          use="optional"
                          order="2.0"/>
      <link:loc xlink:type="locator" xlink:href="p-sd-2006-07-01.xsd#p-sd_MezzanineRated"
                xlink:label="MezzanineRated"
                xlink:title="MezzanineRated"/>
      <link:definitionArc xlink:type="arc" xlink:arcrole="http://xbrl.org/int/dim/arcrole/domain-member"
                          xlink:from="Mezzanine"
                          xlink:to="MezzanineRated"
                          xlink:title="definition: Mezzanine to MezzanineRated"
                          use="optional"
                          order="1.0"/>
      <link:loc xlink:type="locator" xlink:href="p-sd-2006-07-01.xsd#p-sd_MezzanineUnrated"
                xlink:label="MezzanineUnrated"
                xlink:title="MezzanineUnrated"/>
      <link:definitionArc xlink:type="arc" xlink:arcrole="http://xbrl.org/int/dim/arcrole/domain-member"
                          xlink:from="Mezzanine"
                          xlink:to="MezzanineUnrated"
                          xlink:title="definition: Mezzanine to MezzanineUnrated"
                          use="optional"
                          order="2.0"/>
      <link:loc xlink:type="locator"
                xlink:href="p-sd-2006-07-01.xsd#p-sd_FirstLossOnBalanceSheetItems"
                xlink:label="FirstLossOnBalanceSheetItems"
                xlink:title="FirstLossOnBalanceSheetItems"/>
      <link:definitionArc xlink:type="arc" xlink:arcrole="http://xbrl.org/int/dim/arcrole/domain-member"
                          xlink:from="OnBalanceSheetItems"
                          xlink:to="FirstLossOnBalanceSheetItems"
                          xlink:title="definition: OnBalanceSheetItems to FirstLossOnBalanceSheetItems"
                          use="optional"
                          order="3.0"/>
      <link:loc xlink:type="locator" xlink:href="p-sd-2006-07-01.xsd#p-sd_FirstLossRated"
                xlink:label="FirstLossRated"
                xlink:title="FirstLossRated"/>
      <link:definitionArc xlink:type="arc" xlink:arcrole="http://xbrl.org/int/dim/arcrole/domain-member"
                          xlink:from="FirstLossOnBalanceSheetItems"
                          xlink:to="FirstLossRated"
                          xlink:title="definition: FirstLossOnBalanceSheetItems to FirstLossRated"
                          use="optional"
                          order="1.0"/>
      <link:loc xlink:type="locator" xlink:href="p-sd-2006-07-01.xsd#p-sd_FirstLossUnrated"
                xlink:label="FirstLossUnrated"
                xlink:title="FirstLossUnrated"/>
      <link:definitionArc xlink:type="arc" xlink:arcrole="http://xbrl.org/int/dim/arcrole/domain-member"
                          xlink:from="FirstLossOnBalanceSheetItems"
                          xlink:to="FirstLossUnrated"
                          xlink:title="definition: FirstLossOnBalanceSheetItems to FirstLossUnrated"
                          use="optional"
                          order="2.0"/>
      <link:loc xlink:type="locator"
                xlink:href="p-sd-2006-07-01.xsd#p-sd_OffBalanceSheetItemsAndDerivatives"
                xlink:label="OffBalanceSheetItemsAndDerivatives"
                xlink:title="OffBalanceSheetItemsAndDerivatives"/>
      <link:definitionArc xlink:type="arc" xlink:arcrole="http://xbrl.org/int/dim/arcrole/domain-member"
                          xlink:from="SecuritisationPositionsOriginalExposurePreConversionFactors"
                          xlink:to="OffBalanceSheetItemsAndDerivatives"
                          xlink:title="definition: SecuritisationPositionsOriginalExposurePreConversionFactors to OffBalanceSheetItemsAndDerivatives"
                          use="optional"
                          order="2.0"/>
      <link:loc xlink:type="locator"
                xlink:href="p-sd-2006-07-01.xsd#p-sd_DirectCreditSubstitute"
                xlink:label="DirectCreditSubstitute"
                xlink:title="DirectCreditSubstitute"/>
      <link:definitionArc xlink:type="arc" xlink:arcrole="http://xbrl.org/int/dim/arcrole/domain-member"
                          xlink:from="OffBalanceSheetItemsAndDerivatives"
                          xlink:to="DirectCreditSubstitute"
                          xlink:title="definition: OffBalanceSheetItemsAndDerivatives to DirectCreditSubstitute"
                          use="optional"
                          order="1.0"/>
      <link:loc xlink:type="locator"
                xlink:href="p-sd-2006-07-01.xsd#p-sd_EligibleLiquidityFacilities"
                xlink:label="EligibleLiquidityFacilities"
                xlink:title="EligibleLiquidityFacilities"/>
      <link:definitionArc xlink:type="arc" xlink:arcrole="http://xbrl.org/int/dim/arcrole/domain-member"
                          xlink:from="OffBalanceSheetItemsAndDerivatives"
                          xlink:to="EligibleLiquidityFacilities"
                          xlink:title="definition: OffBalanceSheetItemsAndDerivatives to EligibleLiquidityFacilities"
                          use="optional"
                          order="2.0"/>
      <link:loc xlink:type="locator" xlink:href="p-sd-2006-07-01.xsd#p-sd_Other"
                xlink:label="Other"
                xlink:title="Other"/>
      <link:definitionArc xlink:type="arc" xlink:arcrole="http://xbrl.org/int/dim/arcrole/domain-member"
                          xlink:from="OffBalanceSheetItemsAndDerivatives"
                          xlink:to="Other"
                          xlink:title="definition: OffBalanceSheetItemsAndDerivatives to Other"
                          use="optional"
                          order="3.0"/>
      <link:loc xlink:type="locator"
                xlink:href="p-sd-2006-07-01.xsd#p-sd_ExposureValueDeductedFromOwnFundsNegative"
                xlink:label="ExposureValueDeductedFromOwnFundsNegative"
                xlink:title="ExposureValueDeductedFromOwnFundsNegative"/>
      <link:definitionArc xlink:type="arc" xlink:arcrole="http://xbrl.org/int/dim/arcrole/domain-member"
                          xlink:from="CRSECDetailsDomain"
                          xlink:to="ExposureValueDeductedFromOwnFundsNegative"
                          xlink:title="definition: CRSECDetailsDomain to ExposureValueDeductedFromOwnFundsNegative"
                          use="optional"
                          order="8.0"/>
      <link:loc xlink:type="locator"
                xlink:href="p-cm-cr-2006-07-01.xsd#p-cm-cr_TotalCapitalRequirementsBeforeCAP"
                xlink:label="TotalCapitalRequirementsBeforeCAP"
                xlink:title="TotalCapitalRequirementsBeforeCAP"/>
      <link:definitionArc xlink:type="arc" xlink:arcrole="http://xbrl.org/int/dim/arcrole/domain-member"
                          xlink:from="CRSECDetailsDomain"
                          xlink:to="TotalCapitalRequirementsBeforeCAP"
                          xlink:title="definition: CRSECDetailsDomain to TotalCapitalRequirementsBeforeCAP"
                          use="optional"
                          order="9.0"/>
      <link:loc xlink:type="locator"
                xlink:href="p-cm-ca-2006-07-01.xsd#p-cm-ca_CreditRiskCapitalRequirements"
                xlink:label="CreditRiskCapitalRequirements"
                xlink:title="CreditRiskCapitalRequirements"/>
      <link:definitionArc xlink:type="arc" xlink:arcrole="http://xbrl.org/int/dim/arcrole/domain-member"
                          xlink:from="CRSECDetailsDomain"
                          xlink:to="CreditRiskCapitalRequirements"
                          xlink:title="definition: CRSECDetailsDomain to CreditRiskCapitalRequirements"
                          use="optional"
                          order="10.0"/>
      <link:loc xlink:type="locator" xlink:href="p-sd-2006-07-01.xsd#p-sd_Retention"
                xlink:label="Retention"
                xlink:title="Retention"/>
      <link:definitionArc xlink:type="arc" xlink:arcrole="http://xbrl.org/int/dim/arcrole/domain-member"
                          xlink:from="CRSECDetailsDomain"
                          xlink:to="Retention"
                          xlink:title="definition: CRSECDetailsDomain to Retention"
                          order="2.5"/>
      <link:loc xlink:type="locator"
                xlink:href="p-sd-2006-07-01.xsd#p-sd_PctOfRetentionAtReportingDate"
                xlink:label="PctOfRetentionAtReportingDate"
                xlink:title="PctOfRetentionAtReportingDate"/>
      <link:definitionArc xlink:type="arc" xlink:arcrole="http://xbrl.org/int/dim/arcrole/domain-member"
                          xlink:from="Retention"
                          xlink:to="PctOfRetentionAtReportingDate"
                          xlink:title="definition: Retention to PctOfRetentionAtReportingDate"
                          order="2.0"/>
      <link:loc xlink:type="locator"
                xlink:href="p-sd-2006-07-01.xsd#p-sd_TypeOfRetentionApplied"
                xlink:label="TypeOfRetentionApplied"
                xlink:title="TypeOfRetentionApplied"/>
      <link:definitionArc xlink:type="arc" xlink:arcrole="http://xbrl.org/int/dim/arcrole/domain-member"
                          xlink:from="Retention"
                          xlink:to="TypeOfRetentionApplied"
                          xlink:title="definition: Retention to TypeOfRetentionApplied"
                          order="1.0"/>
  </link:definitionLink>
</link:linkbase>