<?xml version="1.0" encoding="UTF-8"?>
<?taxonomy-version 1.3.1?>
<!--Copyright (C) 2011 EBA - European Banking Authority, Tower 42, 25 Old Broad Street, London, EC2N 1HQ, United Kingdom.-->            
<link:linkbase xmlns:xsi="http://www.w3.org/2001/XMLSchema-instance"
               xmlns:link="http://www.xbrl.org/2003/linkbase"
               xmlns:xbrli="http://www.xbrl.org/2003/instance"
               xmlns:xlink="http://www.w3.org/1999/xlink"
               xsi:schemaLocation="http://www.xbrl.org/2003/linkbase http://www.xbrl.org/2003/xbrl-linkbase-2003-12-31.xsd">
  <link:roleRef roleURI="http://www.c-ebs.org/2006/corep/eu/si" xlink:type="simple"
                 xlink:href="p-si-2006-07-01.xsd#rt_si"/>
  <link:calculationLink xlink:type="extended" xlink:role="http://www.c-ebs.org/2006/corep/eu/si">
      <link:loc xlink:type="locator"
                xlink:href="p-cm-cr-2006-07-01.xsd#p-cm-cr_SubjectRiskWeights"
                xlink:label="ExposureValueSubjectToRiskWeights"
                xlink:title="ExposureValueSubjectToRiskWeights"/>
      <link:loc xlink:type="locator" xlink:href="p-cm-cr-2006-07-01.xsd#p-cm-cr_ExposureValue"
                xlink:label="ExposureValue"
                xlink:title="ExposureValue"/>
      <link:calculationArc xlink:type="arc"
                           xlink:arcrole="http://www.xbrl.org/2003/arcrole/summation-item"
                           xlink:from="ExposureValueSubjectToRiskWeights"
                           xlink:to="ExposureValue"
                           xlink:title="calculation: ExposureValueSubjectToRiskWeights to ExposureValue"
                           order="1.0"
                           weight="1"/>
      <link:loc xlink:type="locator"
                xlink:href="p-cm-cr-2006-07-01.xsd#p-cm-cr_DeductedOwnFunds"
                xlink:label="ExposureValueDeductedFromOwnFunds"
                xlink:title="ExposureValueDeductedFromOwnFunds"/>
      <link:calculationArc xlink:type="arc"
                           xlink:arcrole="http://www.xbrl.org/2003/arcrole/summation-item"
                           xlink:from="ExposureValueSubjectToRiskWeights"
                           xlink:to="ExposureValueDeductedFromOwnFunds"
                           xlink:title="calculation: ExposureValueSubjectToRiskWeights to ExposureValueDeductedFromOwnFunds"
                           order="2.0"
                           weight="1"/>
  </link:calculationLink>
</link:linkbase>