<?xml version="1.0" encoding="UTF-8"?>
<?taxonomy-version 1.3.1?>
<!--Copyright (C) 2011 EBA - European Banking Authority, Tower 42, 25 Old Broad Street, London, EC2N 1HQ, United Kingdom.-->            
<link:linkbase xmlns:xsi="http://www.w3.org/2001/XMLSchema-instance"
               xmlns:ref-corep="http://www.c-ebs.org/eu/fr/esrs/corep/2005-09-30/ref-corep-2005-09-30"
               xmlns:link="http://www.xbrl.org/2003/linkbase"
               xmlns:ref="http://www.xbrl.org/2004/ref"
               xmlns:xbrli="http://www.xbrl.org/2003/instance"
               xmlns:xlink="http://www.w3.org/1999/xlink"
               xsi:schemaLocation="http://www.xbrl.org/2003/linkbase http://www.xbrl.org/2003/xbrl-linkbase-2003-12-31.xsd http://www.xbrl.org/2004/ref http://www.xbrl.org/2004/ref-2004-08-10.xsd http://www.c-ebs.org/eu/fr/esrs/corep/2005-09-30/ref-corep-2005-09-30 ref-corep-2005-09-30.xsd">
  <link:roleRef roleURI="http://www.c-ebs.org/2006/corep/eu/si" xlink:type="simple"
                 xlink:href="p-si-2006-07-01.xsd#rt_si"/>
  <link:referenceLink xlink:type="extended" xlink:role="http://www.c-ebs.org/2006/corep/eu/si">
      <link:loc xlink:type="locator"
                xlink:href="p-cm-cr-2006-07-01.xsd#p-cm-cr_SyntheticSecuritizationsCreditProtectionSecuritisedExposures"
                xlink:label="reference_SyntheticSecuritizations_1135766069964_0"
                xlink:title="reference_SyntheticSecuritizations"/>
      <link:reference xlink:type="resource"
                      xlink:label="reference_SyntheticSecuritizations_1135766069964_1"
                      xlink:role="http://www.xbrl.org/2003/role/reference"
                      xlink:title="reference_SyntheticSecuritizations"
                      id="reference_SyntheticSecuritizations_1135766069964_1">
         <ref-corep:Annex>IX</ref-corep:Annex>
         <ref-corep:Part>2</ref-corep:Part>
         <ref:Paragraph>4 to 7</ref:Paragraph>
         <ref-corep:Directive>Directive 2006/48/EC</ref-corep:Directive>
         <ref-corep:Comment>Following these provisions the credit protection to the securitised exposures should be as there was no security mismatch.</ref-corep:Comment>
      </link:reference>
      <link:referenceArc xlink:type="arc"
                         xlink:arcrole="http://www.xbrl.org/2003/arcrole/concept-reference"
                         xlink:from="reference_SyntheticSecuritizations_1135766069964_0"
                         xlink:to="reference_SyntheticSecuritizations_1135766069964_1"
                         xlink:title="reference: SyntheticSecuritizations to reference_SyntheticSecuritizations"/>
      <link:loc xlink:type="locator"
                xlink:href="p-cm-cr-2006-07-01.xsd#p-cm-cr_CreditRiskMitigationTechniquesSubstitutionEffectsExposure"
                xlink:label="reference_CRMTechniques_1135766443061_0"
                xlink:title="reference_CRMTechniques"/>
      <link:reference xlink:type="resource" xlink:label="reference_CRMTechniques_1135766443061_1"
                      xlink:role="http://www.xbrl.org/2003/role/reference"
                      xlink:title="reference_CRMTechniques"
                      id="reference_CRMTechniques_1135766443061_1">
         <ref-corep:Comment>Credit risk mitigation techniques as defined in article 4 (30) of Directive 2006/48/EC that reduce the credit risk of an exposure or exposures via the substitution of exposures as defined below in Inflows and Outflows.</ref-corep:Comment>
      </link:reference>
      <link:referenceArc xlink:type="arc"
                         xlink:arcrole="http://www.xbrl.org/2003/arcrole/concept-reference"
                         xlink:from="reference_CRMTechniques_1135766443061_0"
                         xlink:to="reference_CRMTechniques_1135766443061_1"
                         xlink:title="reference: CRMTechniques to reference_CRMTechniques"/>
      <link:loc xlink:type="locator"
                xlink:href="p-cm-cr-2006-07-01.xsd#p-cm-cr_SubstitutionExposureCRMTotalOutflows"
                xlink:label="reference_SubOfExpTotalOutflows_1135766771587_0"
                xlink:title="reference_SubOfExpTotalOutflows"/>
      <link:reference xlink:type="resource"
                      xlink:label="reference_SubOfExpTotalOutflows_1135766771587_1"
                      xlink:role="http://www.xbrl.org/2003/role/reference"
                      xlink:title="reference_SubOfExpTotalOutflows"
                      id="reference_SubOfExpTotalOutflows_1135766771587_1">
         <ref-corep:Comment>Annex VIII part 3 points 26 87 88 of Directive 2006/48/EC. Outflows correspond to the covered part of the EXPOSURE NET OF VALUE ADJUSTMENTS AND PROVISIONS, that is deducted from the obligor's exposure class and, when relevant, risk weight or obligor grade, and subsequently assigned to the protection provider's exposure class and, when relevant, risk weight or obligor grade. This amount will be considered as an Inflow into the protection provider's exposure class and, when relevant, risk weights or obligor grades. Inflows and outflows within the same exposure classes and, when relevant,  risk weights or obligor grades should also be reported.</ref-corep:Comment>
      </link:reference>
      <link:referenceArc xlink:type="arc"
                         xlink:arcrole="http://www.xbrl.org/2003/arcrole/concept-reference"
                         xlink:from="reference_SubOfExpTotalOutflows_1135766771587_0"
                         xlink:to="reference_SubOfExpTotalOutflows_1135766771587_1"
                         xlink:title="reference: SubOfExpTotalOutflows to reference_SubOfExpTotalOutflows"/>
      <link:loc xlink:type="locator"
                xlink:href="p-cm-cr-2006-07-01.xsd#p-cm-cr_SubstitutionExposureCRMTotalInflows"
                xlink:label="reference_SubOfExpTotalInflows_1135766818284_0"
                xlink:title="reference_SubOfExpTotalInflows"/>
      <link:reference xlink:type="resource"
                      xlink:label="reference_SubOfExpTotalInflows_1135766818284_1"
                      xlink:role="http://www.xbrl.org/2003/role/reference"
                      xlink:title="reference_SubOfExpTotalInflows"
                      id="reference_SubOfExpTotalInflows_1135766818284_1">
         <ref-corep:Directive>Directive 2006/48/EC</ref-corep:Directive>
         <ref:Paragraph>27,88,89</ref:Paragraph>
         <ref-corep:Part>3</ref-corep:Part>
         <ref-corep:Annex>8</ref-corep:Annex>
         <ref-corep:Comment>Outflows correspond to the covered part of the EXPOSURE NET OF VALUE ADJUSTMENTS AND PROVISIONS, that is deducted from the obligor's exposure class and, when relevant, risk weight or obligor grade, and subsequently assigned to the protection provider's exposure class and, when relevant, risk weight or obligor grade. This amount will be considered as an Inflow into the protection provider's exposure class and, when relevant, risk weights or obligor grades. Inflows and outflows within the same exposure classes and, when relevant,  risk weights or obligor grades should also be reported.</ref-corep:Comment>
      </link:reference>
      <link:referenceArc xlink:type="arc"
                         xlink:arcrole="http://www.xbrl.org/2003/arcrole/concept-reference"
                         xlink:from="reference_SubOfExpTotalInflows_1135766818284_0"
                         xlink:to="reference_SubOfExpTotalInflows_1135766818284_1"
                         xlink:title="reference: SubOfExpTotalInflows to reference_SubOfExpTotalInflows"/>
      <link:loc xlink:type="locator"
                xlink:href="p-cm-cr-2006-07-01.xsd#p-cm-cr_SubstitutionExposureCRM"
                xlink:label="reference_SubstitutionOfExposureDueToCRM_1135766986938_0"
                xlink:title="reference_SubstitutionOfExposureDueToCRM"/>
      <link:reference xlink:type="resource"
                      xlink:label="reference_SubstitutionOfExposureDueToCRM_1135766986938_1"
                      xlink:role="http://www.xbrl.org/2003/role/reference"
                      xlink:title="reference_SubstitutionOfExposureDueToCRM"
                      id="reference_SubstitutionOfExposureDueToCRM_1135766986938_1">
         <ref-corep:Annex>8</ref-corep:Annex>
         <ref-corep:Part>3</ref-corep:Part>
         <ref:Paragraph>27,88,89</ref:Paragraph>
         <ref-corep:Directive>Directive 2006/48/EC</ref-corep:Directive>
         <ref-corep:Comment>Outflows correspond to the covered part of the EXPOSURE NET OF VALUE ADJUSTMENTS AND PROVISIONS, that is deducted from the obligor's exposure class and, when relevant, risk weight or obligor grade, and subsequently assigned to the protection provider's exposure class and, when relevant, risk weight or obligor grade. This amount will be considered as an Inflow into the protection provider's exposure class and, when relevant, risk weights or obligor grades. Inflows and outflows within the same exposure classes and, when relevant,  risk weights or obligor grades should also be reported.</ref-corep:Comment>
      </link:reference>
      <link:referenceArc xlink:type="arc"
                         xlink:arcrole="http://www.xbrl.org/2003/arcrole/concept-reference"
                         xlink:from="reference_SubstitutionOfExposureDueToCRM_1135766986938_0"
                         xlink:to="reference_SubstitutionOfExposureDueToCRM_1135766986938_1"
                         xlink:title="reference: SubstitutionOfExposureDueToCRM to reference_SubstitutionOfExposureDueToCRM"/>
      <link:loc xlink:type="locator"
                xlink:href="p-cm-cr-2006-07-01.xsd#p-cm-cr_CreditRiskMitigationTechniquesAffectingAmountExposureFundedCreditProtection"
                xlink:label="reference_CRMTechniquesAffectingExposure_1135767076037_0"
                xlink:title="reference_CRMTechniquesAffectingExposure"/>
      <link:reference xlink:type="resource"
                      xlink:label="reference_CRMTechniquesAffectingExposure_1135767076037_1"
                      xlink:role="http://www.xbrl.org/2003/role/reference"
                      xlink:title="reference_CRMTechniquesAffectingExposure"
                      id="reference_CRMTechniquesAffectingExposure_1135767076037_1">
         <ref-corep:Annex>VIII</ref-corep:Annex>
         <ref-corep:Part>3</ref-corep:Part>
         <ref:Paragraph>31 to 60</ref:Paragraph>
         <ref-corep:Directive>It also includes credit linked notes (Annex 8 part 3 paragraph 3 of Directive 2000/12)</ref-corep:Directive>
      </link:reference>
      <link:referenceArc xlink:type="arc"
                         xlink:arcrole="http://www.xbrl.org/2003/arcrole/concept-reference"
                         xlink:from="reference_CRMTechniquesAffectingExposure_1135767076037_0"
                         xlink:to="reference_CRMTechniquesAffectingExposure_1135767076037_1"
                         xlink:title="reference: CRMTechniquesAffectingExposure to reference_CRMTechniquesAffectingExposure"/>
      <link:loc xlink:type="locator"
                xlink:href="p-cm-cr-2006-07-01.xsd#p-cm-cr_FullyAdjustedExposureValue"
                xlink:label="reference_FullyAdjustedExposureValue_1135767134382_0"
                xlink:title="reference_FullyAdjustedExposureValue"/>
      <link:reference xlink:type="resource"
                      xlink:label="reference_FullyAdjustedExposureValue_1135767134382_1"
                      xlink:role="http://www.xbrl.org/2003/role/reference"
                      xlink:title="reference_FullyAdjustedExposureValue"
                      id="reference_FullyAdjustedExposureValue_1135767134382_1">
         <ref-corep:Annex>IX</ref-corep:Annex>
         <ref-corep:Part>4</ref-corep:Part>
         <ref:Paragraph>1, 2(a), 2(b), 3, 4 and 5</ref:Paragraph>
         <ref-corep:Comment>Securitization positions according to annex 9, part 4 paragraphs 1, 2 (a), 2 (b), 3, 4 and 5, therefore without applying the conversion figures laid down in annex 9 part 4 paragraph 2(c)</ref-corep:Comment>
         <ref-corep:Directive>Directive 2006/48/EC</ref-corep:Directive>
      </link:reference>
      <link:referenceArc xlink:type="arc"
                         xlink:arcrole="http://www.xbrl.org/2003/arcrole/concept-reference"
                         xlink:from="reference_FullyAdjustedExposureValue_1135767134382_0"
                         xlink:to="reference_FullyAdjustedExposureValue_1135767134382_1"
                         xlink:title="reference: FullyAdjustedExposureValue to reference_FullyAdjustedExposureValue"/>
      <link:loc xlink:type="locator"
                xlink:href="p-cm-cr-2006-07-01.xsd#p-cm-cr_BreakdownFullyAdjustedExposureValueOffBalanceSheetItemsConversionFactors"
                xlink:label="reference_BreakdownOfFullyAdjustedExposureValue_1135767181630_0"
                xlink:title="reference_BreakdownOfFullyAdjustedExposureValue"/>
      <link:reference xlink:type="resource"
                      xlink:label="reference_BreakdownOfFullyAdjustedExposureValue_1135767181630_1"
                      xlink:role="http://www.xbrl.org/2003/role/reference"
                      xlink:title="reference_BreakdownOfFullyAdjustedExposureValue"
                      id="reference_BreakdownOfFullyAdjustedExposureValue_1135767181630_1">
         <ref-corep:Annex>IX</ref-corep:Annex>
         <ref-corep:Part>4</ref-corep:Part>
         <ref:Paragraph>2(c)</ref:Paragraph>
         <ref-corep:Directive>Directive 2006/48/EC</ref-corep:Directive>
      </link:reference>
      <link:referenceArc xlink:type="arc"
                         xlink:arcrole="http://www.xbrl.org/2003/arcrole/concept-reference"
                         xlink:from="reference_BreakdownOfFullyAdjustedExposureValue_1135767181630_0"
                         xlink:to="reference_BreakdownOfFullyAdjustedExposureValue_1135767181630_1"
                         xlink:title="reference: BreakdownOfFullyAdjustedExposureValue to reference_BreakdownOfFullyAdjustedExposureValue"/>
      <link:loc xlink:type="locator" xlink:href="p-cm-cr-2006-07-01.xsd#p-cm-cr_ExposureValue"
                xlink:label="reference_ExposureValue_1135767233986_0"
                xlink:title="reference_ExposureValue"/>
      <link:reference xlink:type="resource" xlink:label="reference_ExposureValue_1135767233986_1"
                      xlink:role="http://www.xbrl.org/2003/role/reference"
                      xlink:title="reference_ExposureValue"
                      id="reference_ExposureValue_1135767233986_1">
         <ref-corep:Annex>IX</ref-corep:Annex>
         <ref-corep:Part>4</ref-corep:Part>
         <ref:Paragraph>1 to 5</ref:Paragraph>
         <ref-corep:Directive>Directive 2006/48/EC</ref-corep:Directive>
      </link:reference>
      <link:referenceArc xlink:type="arc"
                         xlink:arcrole="http://www.xbrl.org/2003/arcrole/concept-reference"
                         xlink:from="reference_ExposureValue_1135767233986_0"
                         xlink:to="reference_ExposureValue_1135767233986_1"
                         xlink:title="reference: ExposureValue to reference_ExposureValue"/>
      <link:loc xlink:type="locator"
                xlink:href="p-cm-cr-2006-07-01.xsd#p-cm-cr_DeductedOwnFunds"
                xlink:label="reference_ExposureValueDeductedFromOwnFunds_1135767294013_0"
                xlink:title="reference_ExposureValueDeductedFromOwnFunds"/>
      <link:reference xlink:type="resource"
                      xlink:label="reference_ExposureValueDeductedFromOwnFunds_1135767294013_1"
                      xlink:role="http://www.xbrl.org/2003/role/reference"
                      xlink:title="reference_ExposureValueDeductedFromOwnFunds"
                      id="reference_ExposureValueDeductedFromOwnFunds_1135767294013_1">
         <ref-corep:Annex>IX</ref-corep:Annex>
         <ref-corep:Part>4</ref-corep:Part>
         <ref:Paragraph>72</ref:Paragraph>
         <ref-corep:Directive>Directive 2006/48/EC</ref-corep:Directive>
         <ref-corep:Comment>See also Annex IX, part 4, paragraph 73 of Directive Directive 2006/48/EC.</ref-corep:Comment>
      </link:reference>
      <link:referenceArc xlink:type="arc"
                         xlink:arcrole="http://www.xbrl.org/2003/arcrole/concept-reference"
                         xlink:from="reference_ExposureValueDeductedFromOwnFunds_1135767294013_0"
                         xlink:to="reference_ExposureValueDeductedFromOwnFunds_1135767294013_1"
                         xlink:title="reference: ExposureValueDeductedFromOwnFunds to reference_ExposureValueDeductedFromOwnFunds"/>
      <link:loc xlink:type="locator"
                xlink:href="p-si-2006-07-01.xsd#p-si_ExposureValueRiskWeightBreakdownRatingBasedMethod"
                xlink:label="reference_RatingsBasedMethod_1135767400527_0"
                xlink:title="reference_RatingsBasedMethod"/>
      <link:reference xlink:type="resource"
                      xlink:label="reference_RatingsBasedMethod_1135767400527_1"
                      xlink:role="http://www.xbrl.org/2003/role/reference"
                      xlink:title="reference_RatingsBasedMethod"
                      id="reference_RatingsBasedMethod_1135767400527_1">
         <ref-corep:Comment>Annex IX part 4 points 46 to 51 of Directive 2006/48/EC.</ref-corep:Comment>
      </link:reference>
      <link:referenceArc xlink:type="arc"
                         xlink:arcrole="http://www.xbrl.org/2003/arcrole/concept-reference"
                         xlink:from="reference_RatingsBasedMethod_1135767400527_0"
                         xlink:to="reference_RatingsBasedMethod_1135767400527_1"
                         xlink:title="reference: RatingsBasedMethod to reference_RatingsBasedMethod"/>
      <link:loc xlink:type="locator"
                xlink:href="p-si-2006-07-01.xsd#p-si_ExposureValueRiskWeightBreakdown1250PercentRated"
                xlink:label="reference_Rated1250_1135767443449_0"
                xlink:title="reference_Rated1250"/>
      <link:reference xlink:type="resource" xlink:label="reference_Rated1250_1135767443449_1"
                      xlink:role="http://www.xbrl.org/2003/role/reference"
                      xlink:title="reference_Rated1250"
                      id="reference_Rated1250_1135767443449_1">
         <ref-corep:Annex>IX</ref-corep:Annex>
         <ref-corep:Part>1</ref-corep:Part>
         <ref:Paragraph>1</ref:Paragraph>
         <ref-corep:Directive>Directive 2006/48/EC</ref-corep:Directive>
      </link:reference>
      <link:referenceArc xlink:type="arc"
                         xlink:arcrole="http://www.xbrl.org/2003/arcrole/concept-reference"
                         xlink:from="reference_Rated1250_1135767443449_0"
                         xlink:to="reference_Rated1250_1135767443449_1"
                         xlink:title="reference: Rated1250 to reference_Rated1250"/>
      <link:loc xlink:type="locator"
                xlink:href="p-si-2006-07-01.xsd#p-si_ExposureValueRiskWeightBreakdown1250PercentUnrated"
                xlink:label="reference_Unrated1250_1135767486612_0"
                xlink:title="reference_Unrated1250"/>
      <link:reference xlink:type="resource" xlink:label="reference_Unrated1250_1135767486612_1"
                      xlink:role="http://www.xbrl.org/2003/role/reference"
                      xlink:title="reference_Unrated1250"
                      id="reference_Unrated1250_1135767486612_1">
         <ref-corep:Directive>Directive 2006/48/EC</ref-corep:Directive>
         <ref-corep:Annex>IX</ref-corep:Annex>
         <ref-corep:Part>1</ref-corep:Part>
         <ref:Paragraph>1</ref:Paragraph>
      </link:reference>
      <link:referenceArc xlink:type="arc"
                         xlink:arcrole="http://www.xbrl.org/2003/arcrole/concept-reference"
                         xlink:from="reference_Unrated1250_1135767486612_0"
                         xlink:to="reference_Unrated1250_1135767486612_1"
                         xlink:title="reference: Unrated1250 to reference_Unrated1250"/>
      <link:loc xlink:type="locator"
                xlink:href="p-si-2006-07-01.xsd#p-si_ExposureValueRiskWeightBreakdownSupervisoryFormulaMethod"
                xlink:label="reference_SupervisoryFormulaMethod_1135767517366_0"
                xlink:title="reference_SupervisoryFormulaMethod"/>
      <link:reference xlink:type="resource"
                      xlink:label="reference_SupervisoryFormulaMethod_1135767517366_1"
                      xlink:role="http://www.xbrl.org/2003/role/reference"
                      xlink:title="reference_SupervisoryFormulaMethod"
                      id="reference_SupervisoryFormulaMethod_1135767517366_1">
         <ref-corep:Comment>Annex IX part 4 points 52 to 54 of Directive 2006/48/EC.</ref-corep:Comment>
      </link:reference>
      <link:referenceArc xlink:type="arc"
                         xlink:arcrole="http://www.xbrl.org/2003/arcrole/concept-reference"
                         xlink:from="reference_SupervisoryFormulaMethod_1135767517366_0"
                         xlink:to="reference_SupervisoryFormulaMethod_1135767517366_1"
                         xlink:title="reference: SupervisoryFormulaMethod to reference_SupervisoryFormulaMethod"/>
      <link:loc xlink:type="locator"
                xlink:href="p-si-2006-07-01.xsd#p-si_ExposureValueRiskWeightBreakdownLookThrough"
                xlink:label="reference_LookThrough_1135767625233_0"
                xlink:title="reference_LookThrough"/>
      <link:reference xlink:type="resource" xlink:label="reference_LookThrough_1135767625233_1"
                      xlink:role="http://www.xbrl.org/2003/role/reference"
                      xlink:title="reference_LookThrough"
                      id="reference_LookThrough_1135767625233_1">
         <ref-corep:Comment>Annex IX part 4 points 58 and 59 of Directive 2006/48/EC. For early amortisations see annex IX part 4 points 68 and 24 of the Directive 2006/48/EC.</ref-corep:Comment>
      </link:reference>
      <link:referenceArc xlink:type="arc"
                         xlink:arcrole="http://www.xbrl.org/2003/arcrole/concept-reference"
                         xlink:from="reference_LookThrough_1135767625233_0"
                         xlink:to="reference_LookThrough_1135767625233_1"
                         xlink:title="reference: LookThrough to reference_LookThrough"/>
      <link:loc xlink:type="locator"
                xlink:href="p-si-2006-07-01.xsd#p-si_ExposureValueRiskWeightBreakdownInternalAssesmentApproach"
                xlink:label="reference_InternalAssesmentApproach_1135767678219_0"
                xlink:title="reference_InternalAssesmentApproach"/>
      <link:reference xlink:type="resource"
                      xlink:label="reference_InternalAssesmentApproach_1135767678219_1"
                      xlink:role="http://www.xbrl.org/2003/role/reference"
                      xlink:title="reference_InternalAssesmentApproach"
                      id="reference_InternalAssesmentApproach_1135767678219_1">
         <ref-corep:Comment>Annex IX part 4 points 43 and 44 of Directive 2006/48/EC.</ref-corep:Comment>
      </link:reference>
      <link:referenceArc xlink:type="arc"
                         xlink:arcrole="http://www.xbrl.org/2003/arcrole/concept-reference"
                         xlink:from="reference_InternalAssesmentApproach_1135767678219_0"
                         xlink:to="reference_InternalAssesmentApproach_1135767678219_1"
                         xlink:title="reference: InternalAssesmentApproach to reference_InternalAssesmentApproach"/>
      <link:loc xlink:type="locator"
                xlink:href="p-si-2006-07-01.xsd#p-si_ReductionInRiskWeightedExposureAmountDueToValudeAdjustmentsAndProvisions"
                xlink:label="reference_ReductionInRiskWeightedExposureAmount_1135767732899_0"
                xlink:title="reference_ReductionInRiskWeightedExposureAmount"/>
      <link:reference xlink:type="resource"
                      xlink:label="reference_ReductionInRiskWeightedExposureAmount_1135767732899_1"
                      xlink:role="http://www.xbrl.org/2003/role/reference"
                      xlink:title="reference_ReductionInRiskWeightedExposureAmount"
                      id="reference_ReductionInRiskWeightedExposureAmount_1135767732899_1">
         <ref-corep:Comment>Annex IX part 4 points 72 and 73 of Directive 2006/48/EC. Paragraph 72 of Directive 2006/48/EC only applicable for originators and when the exposure has not been deducted from own funds</ref-corep:Comment>
      </link:reference>
      <link:referenceArc xlink:type="arc"
                         xlink:arcrole="http://www.xbrl.org/2003/arcrole/concept-reference"
                         xlink:from="reference_ReductionInRiskWeightedExposureAmount_1135767732899_0"
                         xlink:to="reference_ReductionInRiskWeightedExposureAmount_1135767732899_1"
                         xlink:title="reference: ReductionInRiskWeightedExposureAmount to reference_ReductionInRiskWeightedExposureAmount"/>
      <link:loc xlink:type="locator"
                xlink:href="p-cm-cr-2006-07-01.xsd#p-cm-cr_RiskWeightedExposureAmounts"
                xlink:label="reference_RiskWeightedExposureAmount_1135767772746_0"
                xlink:title="reference_RiskWeightedExposureAmount"/>
      <link:reference xlink:type="resource"
                      xlink:label="reference_RiskWeightedExposureAmount_1135767772746_1"
                      xlink:role="http://www.xbrl.org/2003/role/reference"
                      xlink:title="reference_RiskWeightedExposureAmount"
                      id="reference_RiskWeightedExposureAmount_1135767772746_1">
         <ref-corep:Annex>IX</ref-corep:Annex>
         <ref-corep:Part>4</ref-corep:Part>
         <ref-corep:Directive>Directive 2006/48/EC</ref-corep:Directive>
         <ref-corep:Comment>Without taking into account the provisions in annex 9 part 4 paragraph 44 of Directive 2000/12 regarding the maximum risk-weighted exposure amounts and excluding any risk weighted exposure amount corresponding to exposures redistributed via outflows to another template. For synthetic securitisations with maturity mismatches teh amount to be reported in this column should ignore any maturity mismatch.</ref-corep:Comment>
      </link:reference>
      <link:referenceArc xlink:type="arc"
                         xlink:arcrole="http://www.xbrl.org/2003/arcrole/concept-reference"
                         xlink:from="reference_RiskWeightedExposureAmount_1135767772746_0"
                         xlink:to="reference_RiskWeightedExposureAmount_1135767772746_1"
                         xlink:title="reference: RiskWeightedExposureAmount to reference_RiskWeightedExposureAmount"/>
      <link:loc xlink:type="locator"
                xlink:href="p-cm-ca-2006-07-01.xsd#p-cm-ca_CreditRiskCapitalRequirements"
                xlink:label="reference_TotalCapitalRequirementsAfterCAP_1135767832252_0"
                xlink:title="reference_TotalCapitalRequirementsAfterCAP"/>
      <link:reference xlink:type="resource"
                      xlink:label="reference_TotalCapitalRequirementsAfterCAP_1135767832252_1"
                      xlink:role="http://www.xbrl.org/2003/role/reference"
                      xlink:title="reference_TotalCapitalRequirementsAfterCAP"
                      id="reference_TotalCapitalRequirementsAfterCAP_1135767832252_1">
         <ref-corep:Comment>Total capital requirements subject to securitisation treatment after applying the cap as specified in annex IX part 4 point 45 of Directive 2006/48/EC.</ref-corep:Comment>
      </link:reference>
      <link:referenceArc xlink:type="arc"
                         xlink:arcrole="http://www.xbrl.org/2003/arcrole/concept-reference"
                         xlink:from="reference_TotalCapitalRequirementsAfterCAP_1135767832252_0"
                         xlink:to="reference_TotalCapitalRequirementsAfterCAP_1135767832252_1"
                         xlink:title="reference: TotalCapitalRequirementsAfterCAP to reference_TotalCapitalRequirementsAfterCAP"/>
      <link:loc xlink:type="locator"
                xlink:href="p-cm-cr-2006-07-01.xsd#p-cm-cr_TotalAmountSecuritisedExposuresOriginated"
                xlink:label="TotalAmountSecuritisedExposures"
                xlink:title="TotalAmountSecuritisedExposures"/>
      <link:reference xlink:type="resource" xlink:label="reference_TotalAmountSecuritisedExposures"
                      xlink:role="http://www.xbrl.org/2003/role/reference"
                      xlink:title="reference_TotalAmountSecuritisedExposures"
                      id="reference_TotalAmountSecuritisedExposures">
         <ref-corep:Comment>Originator credit institutions must report all the current securitisation exposures originated in the securitisation transaction, irrespective of who holds the positions. As such, on balance sheet securitisation exposures (e.g. bonds, subordinated loans) as well as off-balance sheet exposures (e.g. subordinated credit lines, liquidity facilities, interest rate swaps, CDS, etc.) that have been originated in the securitisation should be reported. In the case of overlapping positions as specified under annex IX part 4 point 5 of Directive 2006/48/EC (e.g. overlapping liquidity facilities) only the position or portion of a position producing the higher risk weighted exposure amounts should be reported. For the row total on balance sheet items the amount reported under this column corresponds to the current amount of securitised exposures, as specified in the answer to Q127 issued by the EU Commission’s CRDTG. In case of early amortization clauses, institutions must specify the amount of "investors' interest" as defined in  Annex IX part 4 point 70 of the Directive 2006/48/EC.</ref-corep:Comment>
      </link:reference>
      <link:referenceArc xlink:type="arc"
                         xlink:arcrole="http://www.xbrl.org/2003/arcrole/concept-reference"
                         xlink:from="TotalAmountSecuritisedExposures"
                         xlink:to="reference_TotalAmountSecuritisedExposures"
                         xlink:title="reference: TotalAmountSecuritisedExposures to reference_TotalAmountSecuritisedExposures"/>
      <link:loc xlink:type="locator"
                xlink:href="p-cm-cr-2006-07-01.xsd#p-cm-cr_FundedCreditProtection"
                xlink:label="SySeFundedProtection"
                xlink:title="SySeFundedProtection"/>
      <link:reference xlink:type="resource"
                      xlink:label="reference_SyntheticSecuritizationsFundedCreditProtection"
                      xlink:role="http://www.xbrl.org/2003/role/reference"
                      xlink:title="reference_SyntheticSecuritizationsFundedCreditProtection"
                      id="reference_SyntheticSecuritizationsFundedCreditProtection">
         <ref-corep:Annex>VIII</ref-corep:Annex>
         <ref-corep:Part>3</ref-corep:Part>
         <ref:Paragraph>33</ref:Paragraph>
         <ref-corep:Directive>Directive 2006/48/EC</ref-corep:Directive>
      </link:reference>
      <link:referenceArc xlink:type="arc"
                         xlink:arcrole="http://www.xbrl.org/2003/arcrole/concept-reference"
                         xlink:from="SySeFundedProtection"
                         xlink:to="reference_SyntheticSecuritizationsFundedCreditProtection"
                         xlink:title="reference: SyntheticSecuritizationsFundedCreditProtection to reference_SyntheticSecuritizationsFundedCreditProtection"/>
      <link:loc xlink:type="locator"
                xlink:href="p-cm-cr-2006-07-01.xsd#p-cm-cr_SyntheticSecuritizationsCreditProtectionSecuritisedExposuresUnfundedCreditProtectionAdjustedValues"
                xlink:label="SySeUnfundedProtectionAdjustedValue"
                xlink:title="SySeUnfundedProtectionAdjustedValue"/>
      <link:reference xlink:type="resource"
                      xlink:label="reference_SyntheticSecuritizationsUnfundedCreditProtectionAdjustedValue"
                      xlink:role="http://www.xbrl.org/2003/role/reference"
                      xlink:title="reference_SyntheticSecuritizationsUnfundedCreditProtectionAdjustedValue"
                      id="reference_SyntheticSecuritizationsUnfundedCreditProtectionAdjustedValue">
         <ref-corep:Annex>VIII</ref-corep:Annex>
         <ref-corep:Part>3</ref-corep:Part>
         <ref:Paragraph>84</ref:Paragraph>
         <ref-corep:Directive>Directive 2006/48/EC</ref-corep:Directive>
      </link:reference>
      <link:referenceArc xlink:type="arc"
                         xlink:arcrole="http://www.xbrl.org/2003/arcrole/concept-reference"
                         xlink:from="SySeUnfundedProtectionAdjustedValue"
                         xlink:to="reference_SyntheticSecuritizationsUnfundedCreditProtectionAdjustedValue"
                         xlink:title="reference: SyntheticSecuritizationsUnfundedCreditProtectionAdjustedValue to reference_SyntheticSecuritizationsUnfundedCreditProtectionAdjustedValue"/>
      <link:loc xlink:type="locator"
                xlink:href="p-cm-cr-2006-07-01.xsd#p-cm-cr_NotionalAmountRetainedRepurchasedCreditProtection"
                xlink:label="SySeNotionalAmount"
                xlink:title="SySeNotionalAmount"/>
      <link:reference xlink:type="resource" xlink:label="reference_SySeNotionalAmount"
                      xlink:role="http://www.xbrl.org/2003/role/reference"
                      xlink:title="reference_SySeNotionalAmount"
                      id="reference_SySeNotionalAmount">
         <ref-corep:Comment>The effect of supervisory haircuts in the credit protection should not be taken into account when computing the retained or repurchased amount of credit protection.</ref-corep:Comment>
      </link:reference>
      <link:referenceArc xlink:type="arc"
                         xlink:arcrole="http://www.xbrl.org/2003/arcrole/concept-reference"
                         xlink:from="SySeNotionalAmount"
                         xlink:to="reference_SySeNotionalAmount"
                         xlink:title="reference: SySeNotionalAmount to reference_SySeNotionalAmount"/>
      <link:loc xlink:type="locator"
                xlink:href="p-si-2006-07-01.xsd#p-si_ExposureValueRiskWeightBreakdownSupervisoryFormulaMethodAverageRiskWeight"
                xlink:label="SupervisoryFormulaMethodAverageRiskWeight"
                xlink:title="SupervisoryFormulaMethodAverageRiskWeight"/>
      <link:reference xlink:type="resource"
                      xlink:label="reference_SupervisoryFormulaMethodAverageRiskWeight"
                      xlink:role="http://www.xbrl.org/2003/role/reference"
                      xlink:title="reference_SupervisoryFormulaMethodAverageRiskWeight"
                      id="reference_SupervisoryFormulaMethodAverageRiskWeight">
         <ref-corep:Comment>For positions with credit risk mitigation, the credit institution shall indicate the "effective risk weight" of the position when full protection has been received, according to what is established in annex IX part 4 point 63 of Directive 2006/48/EC. When the position benefits from partial protection, the credit institution must apply the Supervisory Formula Method using the T adjusted according to what is established in annex IX part 4 point 67 of Directive 2006/48/EC. Exposure value weighted average risk weight should be provided.</ref-corep:Comment>
      </link:reference>
      <link:referenceArc xlink:type="arc"
                         xlink:arcrole="http://www.xbrl.org/2003/arcrole/concept-reference"
                         xlink:from="SupervisoryFormulaMethodAverageRiskWeight"
                         xlink:to="reference_SupervisoryFormulaMethodAverageRiskWeight"
                         xlink:title="reference: SupervisoryFormulaMethodAverageRiskWeight to reference_SupervisoryFormulaMethodAverageRiskWeight"/>
      <link:loc xlink:type="locator"
                xlink:href="p-si-2006-07-01.xsd#p-si_ExposureValueRiskWeightBreakdownInternalAssesmentApproachAverageRiskWeight"
                xlink:label="InternalAssesmentApproachAverageRiskWeight"
                xlink:title="InternalAssesmentApproachAverageRiskWeight"/>
      <link:reference xlink:type="resource"
                      xlink:label="reference_InternalAssesmentApproachAverageRiskWeight"
                      xlink:role="http://www.xbrl.org/2003/role/reference"
                      xlink:title="reference_InternalAssesmentApproachAverageRiskWeight"
                      id="reference_InternalAssesmentApproachAverageRiskWeight">
         <ref-corep:Comment>Exposure value weighted average risk weight should be provided.</ref-corep:Comment>
      </link:reference>
      <link:referenceArc xlink:type="arc"
                         xlink:arcrole="http://www.xbrl.org/2003/arcrole/concept-reference"
                         xlink:from="InternalAssesmentApproachAverageRiskWeight"
                         xlink:to="reference_InternalAssesmentApproachAverageRiskWeight"
                         xlink:title="reference: InternalAssesmentApproachAverageRiskWeight to reference_InternalAssesmentApproachAverageRiskWeight"/>
      <link:loc xlink:type="locator"
                xlink:href="p-cm-cr-2006-07-01.xsd#p-cm-cr_TotalCapitalRequirementsBeforeCAP"
                xlink:label="TotalCapitalRequirementsBeforeCAP"
                xlink:title="TotalCapitalRequirementsBeforeCAP"/>
      <link:reference xlink:type="resource" xlink:label="reference_TotalCapitalRequirementsBeforeCAP"
                      xlink:role="http://www.xbrl.org/2003/role/reference"
                      xlink:title="reference_TotalCapitalRequirementsBeforeCAP"
                      id="reference_TotalCapitalRequirementsBeforeCAP">
         <ref-corep:Comment>Capital requirements derived from the risk weighted exposure amount without taking into account the provisions in annex IX part 4 point 45 of Directive 2006/48/EC regarding the maximum risk-weighted exposure amounts.</ref-corep:Comment>
      </link:reference>
      <link:referenceArc xlink:type="arc"
                         xlink:arcrole="http://www.xbrl.org/2003/arcrole/concept-reference"
                         xlink:from="TotalCapitalRequirementsBeforeCAP"
                         xlink:to="reference_TotalCapitalRequirementsBeforeCAP"
                         xlink:title="reference: TotalCapitalRequirementsBeforeCAP to reference_TotalCapitalRequirementsBeforeCAP"/>
      <link:loc xlink:type="locator"
                xlink:href="p-cm-cr-2006-07-01.xsd#p-cm-cr_MemorandumItemCapitalRequirementsOutflowsSecuritisationsExposureClasses"
                xlink:label="MemorandumItem"
                xlink:title="MemorandumItem"/>
      <link:reference xlink:type="resource" xlink:label="reference_MemorandumItem"
                      xlink:role="http://www.xbrl.org/2003/role/reference"
                      xlink:title="reference_MemorandumItem"
                      id="reference_MemorandumItem">
         <ref-corep:Comment>Capital requirements stemming from exposures redistributed to the risk mitigant provider, and therefore computed in the corresponding template, that are considered in the computation of the cap for securitisation positions.</ref-corep:Comment>
      </link:reference>
      <link:referenceArc xlink:type="arc"
                         xlink:arcrole="http://www.xbrl.org/2003/arcrole/concept-reference"
                         xlink:from="MemorandumItem"
                         xlink:to="reference_MemorandumItem"
                         xlink:title="reference: MemorandumItem to reference_MemorandumItem"/>
      <link:loc xlink:type="locator"
                xlink:href="p-cm-cr-2006-07-01.xsd#p-cm-cr_OriginalExposurePreConversionFactors"
                xlink:label="OriginalExposurePreConversionFactors"
                xlink:title="OriginalExposurePreConversionFactors"/>
      <link:reference xlink:type="resource"
                      xlink:label="reference_OriginalExposurePreConversionFactors"
                      xlink:role="http://www.xbrl.org/2003/role/reference"
                      xlink:title="reference_OriginalExposurePreConversionFactors"
                      id="reference_OriginalExposurePreConversionFactors">
         <ref-corep:Comment>Securitization positions held by the reporting institution, calculated according to annex IX part 4 points 1,2, 4 and 5 of Directive 2006/48/EC, without applying credit convesion factors and gross of value adjustments and provisions. Netting only relevant with respect to multiple derivative contracts provided to the same SSPE, covered by eligible netting agreement. In case of early amortisation clauses, institutions must specify the amount of "investors' interest", as defined in Annex IX, part 4, point 70 of Directive 2006/48/EC. In synthetic securitisations the securitisation positions held by the originator in the form of on-balance sheet items and/or investor’s interest (early amortisation) will be the result of the column computation: (1) + (2) + (3) + (4)</ref-corep:Comment>
      </link:reference>
      <link:referenceArc xlink:type="arc"
                         xlink:arcrole="http://www.xbrl.org/2003/arcrole/concept-reference"
                         xlink:from="OriginalExposurePreConversionFactors"
                         xlink:to="reference_OriginalExposurePreConversionFactors"
                         xlink:title="reference: OriginalExposurePreConversionFactors to reference_OriginalExposurePreConversionFactors"/>
      <link:loc xlink:type="locator"
                xlink:href="p-cm-cr-2006-07-01.xsd#p-cm-cr_ExposureCRMSubstitutionEffectsPreConversionFactors"
                xlink:label="ExposureAfterCRMSubstitutionEffects"
                xlink:title="ExposureAfterCRMSubstitutionEffects"/>
      <link:reference xlink:type="resource"
                      xlink:label="reference_ExposureAfterCRMSubstitutionEffects"
                      xlink:role="http://www.xbrl.org/2003/role/reference"
                      xlink:title="reference_ExposureAfterCRMSubstitutionEffects"
                      id="reference_ExposureAfterCRMSubstitutionEffects">
         <ref-corep:Comment>Exposure assigned in the corresponding risk weight and exposure class after taking into account outflows and inflows due to CREDIT RISK MITIGATION TECHNIQUES WITH SUBSTITUTION EFFECTS ON THE EXPOSURE</ref-corep:Comment>
      </link:reference>
      <link:referenceArc xlink:type="arc"
                         xlink:arcrole="http://www.xbrl.org/2003/arcrole/concept-reference"
                         xlink:from="ExposureAfterCRMSubstitutionEffects"
                         xlink:to="reference_ExposureAfterCRMSubstitutionEffects"
                         xlink:title="reference: ExposureAfterCRMSubstitutionEffects to reference_ExposureAfterCRMSubstitutionEffects"/>
      <link:loc xlink:type="locator"
                xlink:href="p-cm-cr-2006-07-01.xsd#p-cm-cr_ConversionFactor0Percent"
                xlink:label="BreakdownFullyAdjustedExposure0Percent"
                xlink:title="BreakdownFullyAdjustedExposure0Percent"/>
      <link:reference xlink:type="resource"
                      xlink:label="reference_BreakdownFullyAdjustedExposure0Percent"
                      xlink:role="http://www.xbrl.org/2003/role/reference"
                      xlink:title="reference_BreakdownFullyAdjustedExposure0Percent"
                      id="reference_BreakdownFullyAdjustedExposure0Percent">
         <ref-corep:Directive>2000/12</ref-corep:Directive>
         <ref-corep:Annex>9</ref-corep:Annex>
         <ref-corep:Part>4</ref-corep:Part>
         <ref:Paragraph>2(c)</ref:Paragraph>
      </link:reference>
      <link:referenceArc xlink:type="arc"
                         xlink:arcrole="http://www.xbrl.org/2003/arcrole/concept-reference"
                         xlink:from="BreakdownFullyAdjustedExposure0Percent"
                         xlink:to="reference_BreakdownFullyAdjustedExposure0Percent"
                         xlink:title="reference: BreakdownFullyAdjustedExposure0Percent to reference_BreakdownFullyAdjustedExposure0Percent"/>
      <link:loc xlink:type="locator"
                xlink:href="p-cm-cr-2006-07-01.xsd#p-cm-cr_ConversionFactorBetween0And20Percent"
                xlink:label="BreakdownFullyAdjustedExposure0To20Percent"
                xlink:title="BreakdownFullyAdjustedExposure0To20Percent"/>
      <link:reference xlink:type="resource"
                      xlink:label="reference_BreakdownFullyAdjustedExposure0To20Percent"
                      xlink:role="http://www.xbrl.org/2003/role/reference"
                      xlink:title="reference_BreakdownFullyAdjustedExposure0To20Percent"
                      id="reference_BreakdownFullyAdjustedExposure0To20Percent">
         <ref-corep:Directive>2000/12</ref-corep:Directive>
         <ref-corep:Annex>9</ref-corep:Annex>
         <ref-corep:Part>4</ref-corep:Part>
         <ref:Paragraph>2(c)</ref:Paragraph>
      </link:reference>
      <link:referenceArc xlink:type="arc"
                         xlink:arcrole="http://www.xbrl.org/2003/arcrole/concept-reference"
                         xlink:from="BreakdownFullyAdjustedExposure0To20Percent"
                         xlink:to="reference_BreakdownFullyAdjustedExposure0To20Percent"
                         xlink:title="reference: BreakdownFullyAdjustedExposure0To20Percent to reference_BreakdownFullyAdjustedExposure0To20Percent"/>
      <link:loc xlink:type="locator"
                xlink:href="p-cm-cr-2006-07-01.xsd#p-cm-cr_ConversionFactorBetween20And50Percent"
                xlink:label="BreakdownFullyAdjustedExposure20To50Percent"
                xlink:title="BreakdownFullyAdjustedExposure20To50Percent"/>
      <link:reference xlink:type="resource"
                      xlink:label="reference_BreakdownFullyAdjustedExposure20To50Percent"
                      xlink:role="http://www.xbrl.org/2003/role/reference"
                      xlink:title="reference_BreakdownFullyAdjustedExposure20To50Percent"
                      id="reference_BreakdownFullyAdjustedExposure20To50Percent">
         <ref-corep:Directive>2000/12</ref-corep:Directive>
         <ref-corep:Annex>9</ref-corep:Annex>
         <ref-corep:Part>4</ref-corep:Part>
         <ref:Paragraph>2(c)</ref:Paragraph>
      </link:reference>
      <link:referenceArc xlink:type="arc"
                         xlink:arcrole="http://www.xbrl.org/2003/arcrole/concept-reference"
                         xlink:from="BreakdownFullyAdjustedExposure20To50Percent"
                         xlink:to="reference_BreakdownFullyAdjustedExposure20To50Percent"
                         xlink:title="reference: BreakdownFullyAdjustedExposure20To50Percent to reference_BreakdownFullyAdjustedExposure20To50Percent"/>
      <link:loc xlink:type="locator"
                xlink:href="p-cm-cr-2006-07-01.xsd#p-cm-cr_ConversionFactorBetween50And100Percent"
                xlink:label="BreakdownFullyAdjustedExposure50To100Percent"
                xlink:title="BreakdownFullyAdjustedExposure50To100Percent"/>
      <link:reference xlink:type="resource"
                      xlink:label="reference_BreakdownFullyAdjustedExposure50To100Percent"
                      xlink:role="http://www.xbrl.org/2003/role/reference"
                      xlink:title="reference_BreakdownFullyAdjustedExposure50To100Percent"
                      id="reference_BreakdownFullyAdjustedExposure50To100Percent">
         <ref-corep:Directive>2000/12</ref-corep:Directive>
         <ref-corep:Annex>9</ref-corep:Annex>
         <ref-corep:Part>4</ref-corep:Part>
         <ref:Paragraph>2(c)</ref:Paragraph>
      </link:reference>
      <link:referenceArc xlink:type="arc"
                         xlink:arcrole="http://www.xbrl.org/2003/arcrole/concept-reference"
                         xlink:from="BreakdownFullyAdjustedExposure50To100Percent"
                         xlink:to="reference_BreakdownFullyAdjustedExposure50To100Percent"
                         xlink:title="reference: BreakdownFullyAdjustedExposure50To100Percent to reference_BreakdownFullyAdjustedExposure50To100Percent"/>
      <link:loc xlink:type="locator"
                xlink:href="p-cm-cr-2006-07-01.xsd#p-cm-cr_SubjectRiskWeights"
                xlink:label="ExposureValueSubjectToRiskWeights"
                xlink:title="ExposureValueSubjectToRiskWeights"/>
      <link:reference xlink:type="resource" xlink:label="reference_ExposureValueSubjectToRiskWeights"
                      xlink:role="http://www.xbrl.org/2003/role/reference"
                      xlink:title="reference_ExposureValueSubjectToRiskWeights"
                      id="reference_ExposureValueSubjectToRiskWeights"/>
      <link:referenceArc xlink:type="arc"
                         xlink:arcrole="http://www.xbrl.org/2003/arcrole/concept-reference"
                         xlink:from="ExposureValueSubjectToRiskWeights"
                         xlink:to="reference_ExposureValueSubjectToRiskWeights"
                         xlink:title="reference: ExposureValueSubjectToRiskWeights to reference_ExposureValueSubjectToRiskWeights"/>
      <link:loc xlink:type="locator"
                xlink:href="p-si-2006-07-01.xsd#p-si_ExposureValueRiskWeightBreakdownRatingBasedMethod6To10Percent"
                xlink:label="RiskWeight6To10Percent"
                xlink:title="RiskWeight6To10Percent"/>
      <link:reference xlink:type="resource" xlink:label="reference_RiskWeight6To10Percent"
                      xlink:role="http://www.xbrl.org/2003/role/reference"
                      xlink:title="reference_RiskWeight6To10Percent"
                      id="reference_RiskWeight6To10Percent">
         <ref-corep:Directive>Directive 2006/48/EC</ref-corep:Directive>
         <ref-corep:Annex>IX</ref-corep:Annex>
         <ref-corep:Part>4</ref-corep:Part>
         <ref:Paragraph>45 to 49</ref:Paragraph>
      </link:reference>
      <link:referenceArc xlink:type="arc"
                         xlink:arcrole="http://www.xbrl.org/2003/arcrole/concept-reference"
                         xlink:from="RiskWeight6To10Percent"
                         xlink:to="reference_RiskWeight6To10Percent"
                         xlink:title="reference: RiskWeight6To10Percent to reference_RiskWeight6To10Percent"/>
      <link:loc xlink:type="locator"
                xlink:href="p-si-2006-07-01.xsd#p-si_ExposureValueRiskWeightBreakdownRatingBasedMethod12To18Percent"
                xlink:label="RiskWeight12To18Percent"
                xlink:title="RiskWeight12To18Percent"/>
      <link:reference xlink:type="resource" xlink:label="reference_RiskWeight12To18Percent"
                      xlink:role="http://www.xbrl.org/2003/role/reference"
                      xlink:title="reference_RiskWeight12To18Percent"
                      id="reference_RiskWeight12To18Percent">
         <ref-corep:Directive>Directive 2006/48/EC</ref-corep:Directive>
         <ref-corep:Annex>IX</ref-corep:Annex>
         <ref-corep:Part>4</ref-corep:Part>
         <ref:Paragraph>45 to 49</ref:Paragraph>
      </link:reference>
      <link:referenceArc xlink:type="arc"
                         xlink:arcrole="http://www.xbrl.org/2003/arcrole/concept-reference"
                         xlink:from="RiskWeight12To18Percent"
                         xlink:to="reference_RiskWeight12To18Percent"
                         xlink:title="reference: RiskWeight12To18Percent to reference_RiskWeight12To18Percent"/>
      <link:loc xlink:type="locator"
                xlink:href="p-si-2006-07-01.xsd#p-si_ExposureValueRiskWeightBreakdownRatingBasedMethod20To35Percent"
                xlink:label="RiskWeight20To35Percent"
                xlink:title="RiskWeight20To35Percent"/>
      <link:reference xlink:type="resource" xlink:label="reference_RiskWeight20To35Percent"
                      xlink:role="http://www.xbrl.org/2003/role/reference"
                      xlink:title="reference_RiskWeight20To35Percent"
                      id="reference_RiskWeight20To35Percent">
         <ref-corep:Directive>Directive 2006/48/EC</ref-corep:Directive>
         <ref-corep:Annex>IX</ref-corep:Annex>
         <ref-corep:Part>4</ref-corep:Part>
         <ref:Paragraph>45 to 49</ref:Paragraph>
      </link:reference>
      <link:referenceArc xlink:type="arc"
                         xlink:arcrole="http://www.xbrl.org/2003/arcrole/concept-reference"
                         xlink:from="RiskWeight20To35Percent"
                         xlink:to="reference_RiskWeight20To35Percent"
                         xlink:title="reference: RiskWeight20To35Percent to reference_RiskWeight20To35Percent"/>
      <link:loc xlink:type="locator"
                xlink:href="p-si-2006-07-01.xsd#p-si_ExposureValueRiskWeightBreakdownRatingBasedMethod50To75Percent"
                xlink:label="RiskWeight50To75Percent"
                xlink:title="RiskWeight50To75Percent"/>
      <link:reference xlink:type="resource" xlink:label="reference_RiskWeight50To75Percent"
                      xlink:role="http://www.xbrl.org/2003/role/reference"
                      xlink:title="reference_RiskWeight50To75Percent"
                      id="reference_RiskWeight50To75Percent">
         <ref-corep:Directive>Directive 2006/48/EC</ref-corep:Directive>
         <ref-corep:Annex>IX</ref-corep:Annex>
         <ref-corep:Part>4</ref-corep:Part>
         <ref:Paragraph>45 to 49</ref:Paragraph>
      </link:reference>
      <link:referenceArc xlink:type="arc"
                         xlink:arcrole="http://www.xbrl.org/2003/arcrole/concept-reference"
                         xlink:from="RiskWeight50To75Percent"
                         xlink:to="reference_RiskWeight50To75Percent"
                         xlink:title="reference: RiskWeight50To75Percent to reference_RiskWeight50To75Percent"/>
      <link:loc xlink:type="locator"
                xlink:href="p-si-2006-07-01.xsd#p-si_ExposureValueRiskWeightBreakdownRatingBasedMethod100Percent"
                xlink:label="RiskWeight100Percent"
                xlink:title="RiskWeight100Percent"/>
      <link:reference xlink:type="resource" xlink:label="reference_RiskWeight100Percent"
                      xlink:role="http://www.xbrl.org/2003/role/reference"
                      xlink:title="reference_RiskWeight100Percent"
                      id="reference_RiskWeight100Percent">
         <ref-corep:Directive>Directive 2006/48/EC</ref-corep:Directive>
         <ref-corep:Annex>IX</ref-corep:Annex>
         <ref-corep:Part>4</ref-corep:Part>
         <ref:Paragraph>45 to 49</ref:Paragraph>
      </link:reference>
      <link:referenceArc xlink:type="arc"
                         xlink:arcrole="http://www.xbrl.org/2003/arcrole/concept-reference"
                         xlink:from="RiskWeight100Percent"
                         xlink:to="reference_RiskWeight100Percent"
                         xlink:title="reference: RiskWeight100Percent to reference_RiskWeight100Percent"/>
      <link:loc xlink:type="locator"
                xlink:href="p-si-2006-07-01.xsd#p-si_ExposureValueRiskWeightBreakdownRatingBasedMethod250Percent"
                xlink:label="RiskWeight250Percent"
                xlink:title="RiskWeight250Percent"/>
      <link:reference xlink:type="resource" xlink:label="reference_RiskWeight250Percent"
                      xlink:role="http://www.xbrl.org/2003/role/reference"
                      xlink:title="reference_RiskWeight250Percent"
                      id="reference_RiskWeight250Percent">
         <ref-corep:Directive>Directive 2006/48/EC</ref-corep:Directive>
         <ref-corep:Annex>IX</ref-corep:Annex>
         <ref-corep:Part>4</ref-corep:Part>
         <ref:Paragraph>45 to 49</ref:Paragraph>
      </link:reference>
      <link:referenceArc xlink:type="arc"
                         xlink:arcrole="http://www.xbrl.org/2003/arcrole/concept-reference"
                         xlink:from="RiskWeight250Percent"
                         xlink:to="reference_RiskWeight250Percent"
                         xlink:title="reference: RiskWeight250Percent to reference_RiskWeight250Percent"/>
      <link:loc xlink:type="locator"
                xlink:href="p-si-2006-07-01.xsd#p-si_ExposureValueRiskWeightBreakdownRatingBasedMethod425Percent"
                xlink:label="RiskWeight425Percent"
                xlink:title="RiskWeight425Percent"/>
      <link:reference xlink:type="resource" xlink:label="reference_RiskWeight425Percent"
                      xlink:role="http://www.xbrl.org/2003/role/reference"
                      xlink:title="reference_RiskWeight425Percent"
                      id="reference_RiskWeight425Percent">
         <ref-corep:Directive>Directive 2006/48/EC</ref-corep:Directive>
         <ref-corep:Annex>IX</ref-corep:Annex>
         <ref-corep:Part>4</ref-corep:Part>
         <ref:Paragraph>45 to 49</ref:Paragraph>
      </link:reference>
      <link:referenceArc xlink:type="arc"
                         xlink:arcrole="http://www.xbrl.org/2003/arcrole/concept-reference"
                         xlink:from="RiskWeight425Percent"
                         xlink:to="reference_RiskWeight425Percent"
                         xlink:title="reference: RiskWeight425Percent to reference_RiskWeight425Percent"/>
      <link:loc xlink:type="locator"
                xlink:href="p-si-2006-07-01.xsd#p-si_ExposureValueRiskWeightBreakdownRatingBasedMethod650Percent"
                xlink:label="RiskWeight650Percent"
                xlink:title="RiskWeight650Percent"/>
      <link:reference xlink:type="resource" xlink:label="reference_RiskWeight650Percent"
                      xlink:role="http://www.xbrl.org/2003/role/reference"
                      xlink:title="reference_RiskWeight650Percent"
                      id="reference_RiskWeight650Percent">
         <ref-corep:Directive>Directive 2006/48/EC</ref-corep:Directive>
         <ref-corep:Annex>IX</ref-corep:Annex>
         <ref-corep:Part>4</ref-corep:Part>
         <ref:Paragraph>45 to 49</ref:Paragraph>
      </link:reference>
      <link:referenceArc xlink:type="arc"
                         xlink:arcrole="http://www.xbrl.org/2003/arcrole/concept-reference"
                         xlink:from="RiskWeight650Percent"
                         xlink:to="reference_RiskWeight650Percent"
                         xlink:title="reference: RiskWeight650Percent to reference_RiskWeight650Percent"/>
      <link:loc xlink:type="locator"
                xlink:href="p-cm-cr-2006-07-01.xsd#p-cm-cr_SecuritisationPositions"
                xlink:label="SecuritisationPositions"
                xlink:title="SecuritisationPositions"/>
      <link:reference xlink:type="resource" xlink:label="reference_SecuritisationPositions"
                      xlink:role="http://www.xbrl.org/2003/role/reference"
                      xlink:title="reference_SecuritisationPositions"
                      id="reference_SecuritisationPositions">
         <ref-corep:Comment>Securitization positions according to annex IX, part 4 paragraphs 1,2, 4 and 5 without applying credit convesion factors and gross of value adjustments and provisions. Netting only relevant with respect to multiple derivative contracts provided to the same SSPE, covered by eligible netting agreement</ref-corep:Comment>
      </link:reference>
      <link:referenceArc xlink:type="arc"
                         xlink:arcrole="http://www.xbrl.org/2003/arcrole/concept-reference"
                         xlink:from="SecuritisationPositions"
                         xlink:to="reference_SecuritisationPositions"
                         xlink:title="reference: SecuritisationPositions to reference_SecuritisationPositions"/>
      <link:loc xlink:type="locator"
                xlink:href="p-cm-cr-2006-07-01.xsd#p-cm-cr_CreditRiskMitigationTechniquesAffectingAmountExposureFundedCreditProtectionUnfundedCreditProtectionAdjustedValues"
                xlink:label="UnfundedCreditProtectionAdjustedValues"
                xlink:title="UnfundedCreditProtectionAdjustedValues"/>
      <link:reference xlink:type="resource"
                      xlink:label="reference_UnfundedCreditProtectionAdjustedValues"
                      xlink:role="http://www.xbrl.org/2003/role/reference"
                      xlink:title="reference_UnfundedCreditProtectionAdjustedValues"
                      id="reference_UnfundedCreditProtectionAdjustedValues">
         <ref-corep:Comment>Annex VIII part 3 points 87 to 89 of Directive 2006/48/EC.</ref-corep:Comment>
      </link:reference>
      <link:referenceArc xlink:type="arc"
                         xlink:arcrole="http://www.xbrl.org/2003/arcrole/concept-reference"
                         xlink:from="UnfundedCreditProtectionAdjustedValues"
                         xlink:to="reference_UnfundedCreditProtectionAdjustedValues"
                         xlink:title="reference: UnfundedCreditProtectionAdjustedValues to reference_UnfundedCreditProtectionAdjustedValues"/>
      <link:loc xlink:type="locator"
                xlink:href="p-cm-cr-2006-07-01.xsd#p-cm-cr_CreditRiskMitigationTechniquesSubstitutionEffectsExposureFundedCreditProtection"
                xlink:label="CreditRiskMitigationTechniquesSubstitutionEffectsExposureFundedCreditProtection"
                xlink:title="CreditRiskMitigationTechniquesSubstitutionEffectsExposureFundedCreditProtection"/>
      <link:reference xlink:type="resource"
                      xlink:label="reference_CreditRiskMitigationTechniquesSubstitutionEffectsExposureFundedCreditProtection"
                      xlink:role="http://www.xbrl.org/2003/role/reference"
                      xlink:title="reference_CreditRiskMitigationTechniquesSubstitutionEffectsExposureFundedCreditProtection"
                      id="reference_CreditRiskMitigationTechniquesSubstitutionEffectsExposureFundedCreditProtection">
         <ref-corep:Comment>Article 4 definition 31 of Directive 2006/48/EC and annex VIII part 1 points 3, 4, 7 to 10, 23, 24, 25 of Directive 2006/48/EC, therefore excluding master netting agreements (already included in Original Exposure pre conversion factors). Credit linked Notes and on -balance sheet netting according to Annex VIII part 3 of Directive 2006/48/EC are treated as cash collateral.</ref-corep:Comment>
      </link:reference>
      <link:referenceArc xlink:type="arc"
                         xlink:arcrole="http://www.xbrl.org/2003/arcrole/concept-reference"
                         xlink:from="CreditRiskMitigationTechniquesSubstitutionEffectsExposureFundedCreditProtection"
                         xlink:to="reference_CreditRiskMitigationTechniquesSubstitutionEffectsExposureFundedCreditProtection"
                         xlink:title="reference: CreditRiskMitigationTechniquesSubstitutionEffectsExposureFundedCreditProtection to reference_CreditRiskMitigationTechniquesSubstitutionEffectsExposureFundedCreditProtection"/>
      <link:loc xlink:type="locator"
                xlink:href="p-cm-cr-2006-07-01.xsd#p-cm-cr_InternalRatingSystem"
                xlink:label="InternalRatingSystem"
                xlink:title="InternalRatingSystem"/>
      <link:reference xlink:type="resource" xlink:label="reference_InternalRatingSystem"
                      xlink:role="http://www.xbrl.org/2003/role/reference"
                      xlink:title="reference_InternalRatingSystem"
                      id="reference_InternalRatingSystem">
         <ref-corep:Comment>Annex VII part 1 point 1 and annex VII part 4 points 1 and 2 of Directive 2006/48/EC. In case the reporting institution applies a unique rating system or is able to report according to an internal master scale these will be used. In any other case, the different rating systems should be merged and ordered according to the following criteria: Obligor grades or pools of the different rating systems should be pooled together and ordered from the lower PD assigned to each obligor grade or pool to the higher.</ref-corep:Comment>
      </link:reference>
      <link:referenceArc xlink:type="arc"
                         xlink:arcrole="http://www.xbrl.org/2003/arcrole/concept-reference"
                         xlink:from="InternalRatingSystem"
                         xlink:to="reference_InternalRatingSystem"
                         xlink:title="reference: InternalRatingSystem to reference_InternalRatingSystem"/>
      <link:loc xlink:type="locator"
                xlink:href="p-cm-cr-2006-07-01.xsd#p-cm-cr_OverallEffectAdjustmentDueInfringementDueDiligenceProvisions"
                xlink:label="OverallEffectAdjustmentDueInfringementDueDiligenceProvisions"
                xlink:title="OverallEffectAdjustmentDueInfringementDueDiligenceProvisions"/>
      <link:reference xlink:type="resource"
                      xlink:label="reference_OverallEffectAdjustmentDueInfringementDueDiligenceProvisions"
                      xlink:role="http://www.xbrl.org/2003/role/reference"
                      xlink:title="reference_OverallEffectAdjustmentDueInfringementDueDiligenceProvisions"
                      id="reference_OverallEffectAdjustmentDueInfringementDueDiligenceProvisions">
         <ref-corep:Directive>2006/48/EC</ref-corep:Directive>
         <ref:Article>122a</ref:Article>
         <ref:Paragraph>5</ref:Paragraph>
      </link:reference>
      <link:referenceArc xlink:type="arc"
                         xlink:arcrole="http://www.xbrl.org/2003/arcrole/concept-reference"
                         xlink:from="OverallEffectAdjustmentDueInfringementDueDiligenceProvisions"
                         xlink:to="reference_OverallEffectAdjustmentDueInfringementDueDiligenceProvisions"
                         xlink:title="reference: OverallEffectAdjustmentDueInfringementDueDiligenceProvisions to reference_OverallEffectAdjustmentDueInfringementDueDiligenceProvisions"/>
      <link:loc xlink:type="locator"
                xlink:href="p-cm-cr-2006-07-01.xsd#p-cm-cr_AdjustmentRiskWeightedExposureAmountDueMaturityMismatches"
                xlink:label="AdjustmentRiskWeightedExposureAmountDueMaturityMismatches"
                xlink:title="AdjustmentRiskWeightedExposureAmountDueMaturityMismatches"/>
      <link:reference xlink:type="resource"
                      xlink:label="reference_AdjustmentRiskWeightedExposureAmountDueMaturityMismatches"
                      xlink:role="http://www.xbrl.org/2003/role/reference"
                      xlink:title="reference_AdjustmentRiskWeightedExposureAmountDueMaturityMismatches"
                      id="reference_AdjustmentRiskWeightedExposureAmountDueMaturityMismatches">
         <ref-corep:Comment>For maturity mismatches in synthetic securitisations RW*-RW(SP), as defined in Annex IX Part 2 point 7 of the Directive 2006/48/EC, should be included, except in the case of tranches subject to a risk weighting of 1250% where the amount to be reported is zero. Note that RW(SP) not only includes the risk weighted exposure amounts reported under column 36 but also the risk weighted exposure amounts corresponding to exposures redistributed via outflows to other templates.</ref-corep:Comment>
      </link:reference>
      <link:referenceArc xlink:type="arc"
                         xlink:arcrole="http://www.xbrl.org/2003/arcrole/concept-reference"
                         xlink:from="AdjustmentRiskWeightedExposureAmountDueMaturityMismatches"
                         xlink:to="reference_AdjustmentRiskWeightedExposureAmountDueMaturityMismatches"
                         xlink:title="reference: AdjustmentRiskWeightedExposureAmountDueMaturityMismatches to reference_AdjustmentRiskWeightedExposureAmountDueMaturityMismatches"/>
  </link:referenceLink>
</link:linkbase>