<?xml version="1.0" encoding="UTF-8"?>
<?taxonomy-version 1.3.1?>
<!--Copyright (C) 2011 EBA - European Banking Authority, Tower 42, 25 Old Broad Street, London, EC2N 1HQ, United Kingdom.-->            
<link:linkbase xmlns:xsi="http://www.w3.org/2001/XMLSchema-instance"
               xmlns:link="http://www.xbrl.org/2003/linkbase"
               xmlns:xbrli="http://www.xbrl.org/2003/instance"
               xmlns:xlink="http://www.w3.org/1999/xlink"
               xsi:schemaLocation="http://www.xbrl.org/2003/linkbase http://www.xbrl.org/2003/xbrl-linkbase-2003-12-31.xsd">
  <link:roleRef roleURI="http://www.c-ebs.org/2006/corep/eu/si" xlink:type="simple"
                 xlink:href="p-si-2006-07-01.xsd#rt_si"/>
  <link:labelLink xlink:type="extended" xlink:role="http://www.c-ebs.org/2006/corep/eu/si">
      <link:loc xlink:type="locator"
                xlink:href="p-cm-ca-2006-07-01.xsd#p-cm-ca_MarketRiskCapitalRequirements"
                xlink:label="MarketRiskCapitalRequirements"
                xlink:title="MarketRiskCapitalRequirements"/>
      <link:label xlink:type="resource" xlink:label="label_MarketRiskCapitalRequirements"
                  xlink:role="http://www.xbrl.org/2003/role/label"
                  xlink:title="label_MarketRiskCapitalRequirements"
                  xml:lang="en"
                  id="label_MarketRiskCapitalRequirements">Total Capital Requirements After Cap</link:label>
      <link:labelArc xlink:type="arc" xlink:arcrole="http://www.xbrl.org/2003/arcrole/concept-label"
                     xlink:from="MarketRiskCapitalRequirements"
                     xlink:to="label_MarketRiskCapitalRequirements"
                     xlink:title="label: MarketRiskCapitalRequirements to label_MarketRiskCapitalRequirements"/>
      <link:loc xlink:type="locator"
                xlink:href="p-cm-ca-2006-07-01.xsd#p-cm-ca_CreditRiskCapitalRequirements"
                xlink:label="CreditRiskCapitalRequirements"
                xlink:title="CreditRiskCapitalRequirements"/>
      <link:label xlink:type="resource" xlink:label="label_CreditRiskCapitalRequirements"
                  xlink:role="http://www.xbrl.org/2003/role/label"
                  xlink:title="label_CreditRiskCapitalRequirements"
                  xml:lang="en"
                  id="label_CreditRiskCapitalRequirements">Capital Requirements After CAP</link:label>
      <link:labelArc xlink:type="arc" xlink:arcrole="http://www.xbrl.org/2003/arcrole/concept-label"
                     xlink:from="CreditRiskCapitalRequirements"
                     xlink:to="label_CreditRiskCapitalRequirements"
                     xlink:title="label: CreditRiskCapitalRequirements to label_CreditRiskCapitalRequirements"/>
      <link:label xlink:type="resource" xlink:label="label_CreditRiskCapitalRequirements_2"
                  xlink:role="http://www.xbrl.org/2003/role/documentation"
                  xlink:title="label_CreditRiskCapitalRequirements"
                  xml:lang="en"
                  id="label_CreditRiskCapitalRequirements_2">Core Layer</link:label>
      <link:labelArc xlink:type="arc" xlink:arcrole="http://www.xbrl.org/2003/arcrole/concept-label"
                     xlink:from="CreditRiskCapitalRequirements"
                     xlink:to="label_CreditRiskCapitalRequirements_2"
                     xlink:title="label: CreditRiskCapitalRequirements to label_CreditRiskCapitalRequirements"/>
      <link:loc xlink:type="locator"
                xlink:href="p-cm-cr-2006-07-01.xsd#p-cm-cr_OriginalExposurePreConversionFactors"
                xlink:label="OriginalExposurePreConversionFactors"
                xlink:title="OriginalExposurePreConversionFactors"/>
      <link:label xlink:type="resource" xlink:label="label_OriginalExposurePreConversionFactors"
                  xlink:role="http://www.xbrl.org/2003/role/documentation"
                  xlink:title="label_OriginalExposurePreConversionFactors"
                  xml:lang="en"
                  id="label_OriginalExposurePreConversionFactors">Core Layer</link:label>
      <link:labelArc xlink:type="arc" xlink:arcrole="http://www.xbrl.org/2003/arcrole/concept-label"
                     xlink:from="OriginalExposurePreConversionFactors"
                     xlink:to="label_OriginalExposurePreConversionFactors"
                     xlink:title="label: OriginalExposurePreConversionFactors to label_OriginalExposurePreConversionFactors"/>
      <link:loc xlink:type="locator"
                xlink:href="p-cm-cr-2006-07-01.xsd#p-cm-cr_SyntheticSecuritizationsCreditProtectionSecuritisedExposuresUnfundedCreditProtectionAdjustedValues"
                xlink:label="UnfundedProtectionAdjustedValue"
                xlink:title="UnfundedProtectionAdjustedValue"/>
      <link:label xlink:type="resource" xlink:label="label_UnfundedProtectionAdjustedValue"
                  xlink:role="http://www.xbrl.org/2003/role/documentation"
                  xlink:title="label_UnfundedProtectionAdjustedValue"
                  xml:lang="en"
                  id="label_UnfundedProtectionAdjustedValue">Detailed Layer</link:label>
      <link:labelArc xlink:type="arc" xlink:arcrole="http://www.xbrl.org/2003/arcrole/concept-label"
                     xlink:from="UnfundedProtectionAdjustedValue"
                     xlink:to="label_UnfundedProtectionAdjustedValue"
                     xlink:title="label: UnfundedProtectionAdjustedValue to label_UnfundedProtectionAdjustedValue"/>
      <link:loc xlink:type="locator"
                xlink:href="p-cm-cr-2006-07-01.xsd#p-cm-cr_SubstitutionExposureCRM"
                xlink:label="SubstitutionExposureCRM"
                xlink:title="SubstitutionExposureCRM"/>
      <link:label xlink:type="resource" xlink:label="label_SubstitutionExposureCRM"
                  xlink:role="http://www.xbrl.org/2003/role/documentation"
                  xlink:title="label_SubstitutionExposureCRM"
                  xml:lang="en"
                  id="label_SubstitutionExposureCRM">Core Layer</link:label>
      <link:labelArc xlink:type="arc" xlink:arcrole="http://www.xbrl.org/2003/arcrole/concept-label"
                     xlink:from="SubstitutionExposureCRM"
                     xlink:to="label_SubstitutionExposureCRM"
                     xlink:title="label: SubstitutionExposureCRM to label_SubstitutionExposureCRM"/>
      <link:loc xlink:type="locator"
                xlink:href="p-cm-cr-2006-07-01.xsd#p-cm-cr_SubstitutionExposureCRMTotalOutflows"
                xlink:label="SubstitutionExposureCRMTotalOutflows"
                xlink:title="SubstitutionExposureCRMTotalOutflows"/>
      <link:label xlink:type="resource" xlink:label="label_SubstitutionExposureCRMTotalOutflows"
                  xlink:role="http://www.xbrl.org/2003/role/documentation"
                  xlink:title="label_SubstitutionExposureCRMTotalOutflows"
                  xml:lang="en"
                  id="label_SubstitutionExposureCRMTotalOutflows">Core Layer</link:label>
      <link:labelArc xlink:type="arc" xlink:arcrole="http://www.xbrl.org/2003/arcrole/concept-label"
                     xlink:from="SubstitutionExposureCRMTotalOutflows"
                     xlink:to="label_SubstitutionExposureCRMTotalOutflows"
                     xlink:title="label: SubstitutionExposureCRMTotalOutflows to label_SubstitutionExposureCRMTotalOutflows"/>
      <link:loc xlink:type="locator"
                xlink:href="p-cm-cr-2006-07-01.xsd#p-cm-cr_BreakdownFullyAdjustedExposureValueOffBalanceSheetItemsConversionFactors"
                xlink:label="BreakdownFullyAdjustedExposureValueOffBalanceSheetItemsConversionFactors"
                xlink:title="BreakdownFullyAdjustedExposureValueOffBalanceSheetItemsConversionFactors"/>
      <link:label xlink:type="resource"
                  xlink:label="label_BreakdownFullyAdjustedExposureValueOffBalanceSheetItemsConversionFactors"
                  xlink:role="http://www.xbrl.org/2003/role/documentation"
                  xlink:title="label_BreakdownFullyAdjustedExposureValueOffBalanceSheetItemsConversionFactors"
                  xml:lang="en"
                  id="label_BreakdownFullyAdjustedExposureValueOffBalanceSheetItemsConversionFactors">Detailed Layer</link:label>
      <link:labelArc xlink:type="arc" xlink:arcrole="http://www.xbrl.org/2003/arcrole/concept-label"
                     xlink:from="BreakdownFullyAdjustedExposureValueOffBalanceSheetItemsConversionFactors"
                     xlink:to="label_BreakdownFullyAdjustedExposureValueOffBalanceSheetItemsConversionFactors"
                     xlink:title="label: BreakdownFullyAdjustedExposureValueOffBalanceSheetItemsConversionFactors to label_BreakdownFullyAdjustedExposureValueOffBalanceSheetItemsConversionFactors"/>
      <link:loc xlink:type="locator" xlink:href="p-cm-cr-2006-07-01.xsd#p-cm-cr_ExposureValue"
                xlink:label="ExposureValue"
                xlink:title="ExposureValue"/>
      <link:label xlink:type="resource" xlink:label="label_ExposureValue"
                  xlink:role="http://www.xbrl.org/2003/role/documentation"
                  xlink:title="label_ExposureValue"
                  xml:lang="en"
                  id="label_ExposureValue">Core Layer</link:label>
      <link:labelArc xlink:type="arc" xlink:arcrole="http://www.xbrl.org/2003/arcrole/concept-label"
                     xlink:from="ExposureValue"
                     xlink:to="label_ExposureValue"
                     xlink:title="label: ExposureValue to label_ExposureValue"/>
      <link:loc xlink:type="locator"
                xlink:href="p-cm-cr-2006-07-01.xsd#p-cm-cr_RiskWeightedExposureAmounts"
                xlink:label="RiskWeightedExposureAmount"
                xlink:title="RiskWeightedExposureAmount"/>
      <link:label xlink:type="resource" xlink:label="label_RiskWeightedExposureAmount"
                  xlink:role="http://www.xbrl.org/2003/role/documentation"
                  xlink:title="label_RiskWeightedExposureAmount"
                  xml:lang="en"
                  id="label_RiskWeightedExposureAmount">Core Layer</link:label>
      <link:labelArc xlink:type="arc" xlink:arcrole="http://www.xbrl.org/2003/arcrole/concept-label"
                     xlink:from="RiskWeightedExposureAmount"
                     xlink:to="label_RiskWeightedExposureAmount"
                     xlink:title="label: RiskWeightedExposureAmount to label_RiskWeightedExposureAmount"/>
      <link:loc xlink:type="locator"
                xlink:href="p-cm-cr-2006-07-01.xsd#p-cm-cr_ExposureCRMSubstitutionEffectsPreConversionFactors"
                xlink:label="ExposureCRMSubstitutionEffectsPreConversionFactors"
                xlink:title="ExposureCRMSubstitutionEffectsPreConversionFactors"/>
      <link:label xlink:type="resource"
                  xlink:label="label_ExposureCRMSubstitutionEffectsPreConversionFactors"
                  xlink:role="http://www.xbrl.org/2003/role/documentation"
                  xlink:title="label_ExposureCRMSubstitutionEffectsPreConversionFactors"
                  xml:lang="en"
                  id="label_ExposureCRMSubstitutionEffectsPreConversionFactors">Core Layer</link:label>
      <link:labelArc xlink:type="arc" xlink:arcrole="http://www.xbrl.org/2003/arcrole/concept-label"
                     xlink:from="ExposureCRMSubstitutionEffectsPreConversionFactors"
                     xlink:to="label_ExposureCRMSubstitutionEffectsPreConversionFactors"
                     xlink:title="label: ExposureCRMSubstitutionEffectsPreConversionFactors to label_ExposureCRMSubstitutionEffectsPreConversionFactors"/>
      <link:loc xlink:type="locator"
                xlink:href="p-cm-cr-2006-07-01.xsd#p-cm-cr_TotalAmountSecuritisedExposuresOriginated"
                xlink:label="TotalAmountSecuritisedExposuresOriginated"
                xlink:title="TotalAmountSecuritisedExposuresOriginated"/>
      <link:label xlink:type="resource"
                  xlink:label="label_TotalAmountSecuritisedExposuresOriginated"
                  xlink:role="http://www.xbrl.org/2003/role/documentation"
                  xlink:title="label_TotalAmountSecuritisedExposuresOriginated"
                  xml:lang="en"
                  id="label_TotalAmountSecuritisedExposuresOriginated">Core Layer</link:label>
      <link:labelArc xlink:type="arc" xlink:arcrole="http://www.xbrl.org/2003/arcrole/concept-label"
                     xlink:from="TotalAmountSecuritisedExposuresOriginated"
                     xlink:to="label_TotalAmountSecuritisedExposuresOriginated"
                     xlink:title="label: TotalAmountSecuritisedExposuresOriginated to label_TotalAmountSecuritisedExposuresOriginated"/>
      <link:loc xlink:type="locator"
                xlink:href="p-cm-cr-2006-07-01.xsd#p-cm-cr_SyntheticSecuritizationsCreditProtectionSecuritisedExposures"
                xlink:label="SyntheticSecuritizationsCreditProtectionSecuritisedExposures"
                xlink:title="SyntheticSecuritizationsCreditProtectionSecuritisedExposures"/>
      <link:label xlink:type="resource"
                  xlink:label="label_SyntheticSecuritizationsCreditProtectionSecuritisedExposures"
                  xlink:role="http://www.xbrl.org/2003/role/documentation"
                  xlink:title="label_SyntheticSecuritizationsCreditProtectionSecuritisedExposures"
                  xml:lang="en"
                  id="label_SyntheticSecuritizationsCreditProtectionSecuritisedExposures">Detailed Layer</link:label>
      <link:labelArc xlink:type="arc" xlink:arcrole="http://www.xbrl.org/2003/arcrole/concept-label"
                     xlink:from="SyntheticSecuritizationsCreditProtectionSecuritisedExposures"
                     xlink:to="label_SyntheticSecuritizationsCreditProtectionSecuritisedExposures"
                     xlink:title="label: SyntheticSecuritizationsCreditProtectionSecuritisedExposures to label_SyntheticSecuritizationsCreditProtectionSecuritisedExposures"/>
      <link:loc xlink:type="locator"
                xlink:href="p-cm-cr-2006-07-01.xsd#p-cm-cr_FundedCreditProtection"
                xlink:label="FundedProtection"
                xlink:title="FundedProtection"/>
      <link:label xlink:type="resource" xlink:label="label_FundedProtection"
                  xlink:role="http://www.xbrl.org/2003/role/documentation"
                  xlink:title="label_FundedProtection"
                  xml:lang="en"
                  id="label_FundedProtection">Detailed Layer</link:label>
      <link:labelArc xlink:type="arc" xlink:arcrole="http://www.xbrl.org/2003/arcrole/concept-label"
                     xlink:from="FundedProtection"
                     xlink:to="label_FundedProtection"
                     xlink:title="label: FundedProtection to label_FundedProtection"/>
      <link:loc xlink:type="locator"
                xlink:href="p-cm-cr-2006-07-01.xsd#p-cm-cr_SyntheticSecuritizationsCreditProtectionSecuritisedExposuresTotalOutflows"
                xlink:label="SyntheticSecuritizationsCreditProtectionSecuritisedExposuresTotalOutflows"
                xlink:title="SyntheticSecuritizationsCreditProtectionSecuritisedExposuresTotalOutflows"/>
      <link:label xlink:type="resource"
                  xlink:label="label_SyntheticSecuritizationsCreditProtectionSecuritisedExposuresTotalOutflows"
                  xlink:role="http://www.xbrl.org/2003/role/documentation"
                  xlink:title="label_SyntheticSecuritizationsCreditProtectionSecuritisedExposuresTotalOutflows"
                  xml:lang="en"
                  id="label_SyntheticSecuritizationsCreditProtectionSecuritisedExposuresTotalOutflows">Detailed Layer</link:label>
      <link:labelArc xlink:type="arc" xlink:arcrole="http://www.xbrl.org/2003/arcrole/concept-label"
                     xlink:from="SyntheticSecuritizationsCreditProtectionSecuritisedExposuresTotalOutflows"
                     xlink:to="label_SyntheticSecuritizationsCreditProtectionSecuritisedExposuresTotalOutflows"
                     xlink:title="label: SyntheticSecuritizationsCreditProtectionSecuritisedExposuresTotalOutflows to label_SyntheticSecuritizationsCreditProtectionSecuritisedExposuresTotalOutflows"/>
      <link:loc xlink:type="locator"
                xlink:href="p-cm-cr-2006-07-01.xsd#p-cm-cr_NotionalAmountRetainedRepurchasedCreditProtection"
                xlink:label="NotionalAmountRetainedRepurchasedCreditProtection"
                xlink:title="NotionalAmountRetainedRepurchasedCreditProtection"/>
      <link:label xlink:type="resource"
                  xlink:label="label_NotionalAmountRetainedRepurchasedCreditProtection"
                  xlink:role="http://www.xbrl.org/2003/role/documentation"
                  xlink:title="label_NotionalAmountRetainedRepurchasedCreditProtection"
                  xml:lang="en"
                  id="label_NotionalAmountRetainedRepurchasedCreditProtection">Detailed Layer</link:label>
      <link:labelArc xlink:type="arc" xlink:arcrole="http://www.xbrl.org/2003/arcrole/concept-label"
                     xlink:from="NotionalAmountRetainedRepurchasedCreditProtection"
                     xlink:to="label_NotionalAmountRetainedRepurchasedCreditProtection"
                     xlink:title="label: NotionalAmountRetainedRepurchasedCreditProtection to label_NotionalAmountRetainedRepurchasedCreditProtection"/>
      <link:loc xlink:type="locator"
                xlink:href="p-cm-cr-2006-07-01.xsd#p-cm-cr_SecuritisationPositions"
                xlink:label="SecuritisationPositions"
                xlink:title="SecuritisationPositions"/>
      <link:label xlink:type="resource" xlink:label="label_SecuritisationPositions"
                  xlink:role="http://www.xbrl.org/2003/role/documentation"
                  xlink:title="label_SecuritisationPositions"
                  xml:lang="en"
                  id="label_SecuritisationPositions">Core Layer</link:label>
      <link:labelArc xlink:type="arc" xlink:arcrole="http://www.xbrl.org/2003/arcrole/concept-label"
                     xlink:from="SecuritisationPositions"
                     xlink:to="label_SecuritisationPositions"
                     xlink:title="label: SecuritisationPositions to label_SecuritisationPositions"/>
      <link:loc xlink:type="locator"
                xlink:href="p-cm-cr-2006-07-01.xsd#p-cm-cr_CreditRiskMitigationTechniquesAffectingAmountExposureFundedCreditProtection"
                xlink:label="CreditRiskMitigationTechniquesAffectingAmountExposureFundedCreditProtection"
                xlink:title="CreditRiskMitigationTechniquesAffectingAmountExposureFundedCreditProtection"/>
      <link:label xlink:type="resource"
                  xlink:label="label_CreditRiskMitigationTechniquesAffectingAmountExposureFundedCreditProtection"
                  xlink:role="http://www.xbrl.org/2003/role/documentation"
                  xlink:title="label_CreditRiskMitigationTechniquesAffectingAmountExposureFundedCreditProtection"
                  xml:lang="en"
                  id="label_CreditRiskMitigationTechniquesAffectingAmountExposureFundedCreditProtection">Detailed Layer</link:label>
      <link:labelArc xlink:type="arc" xlink:arcrole="http://www.xbrl.org/2003/arcrole/concept-label"
                     xlink:from="CreditRiskMitigationTechniquesAffectingAmountExposureFundedCreditProtection"
                     xlink:to="label_CreditRiskMitigationTechniquesAffectingAmountExposureFundedCreditProtection"
                     xlink:title="label: CreditRiskMitigationTechniquesAffectingAmountExposureFundedCreditProtection to label_CreditRiskMitigationTechniquesAffectingAmountExposureFundedCreditProtection"/>
      <link:loc xlink:type="locator"
                xlink:href="p-cm-cr-2006-07-01.xsd#p-cm-cr_DeductedOwnFunds"
                xlink:label="DeductedOwnFunds"
                xlink:title="DeductedOwnFunds"/>
      <link:label xlink:type="resource" xlink:label="label_DeductedOwnFunds"
                  xlink:role="http://www.xbrl.org/2003/role/documentation"
                  xlink:title="label_DeductedOwnFunds"
                  xml:lang="en"
                  id="label_DeductedOwnFunds">Detailed Layer</link:label>
      <link:labelArc xlink:type="arc" xlink:arcrole="http://www.xbrl.org/2003/arcrole/concept-label"
                     xlink:from="DeductedOwnFunds"
                     xlink:to="label_DeductedOwnFunds"
                     xlink:title="label: DeductedOwnFunds to label_DeductedOwnFunds"/>
      <link:loc xlink:type="locator"
                xlink:href="p-cm-cr-2006-07-01.xsd#p-cm-cr_SubjectRiskWeights"
                xlink:label="SubjectRiskWeights"
                xlink:title="SubjectRiskWeights"/>
      <link:label xlink:type="resource" xlink:label="label_SubjectRiskWeights"
                  xlink:role="http://www.xbrl.org/2003/role/documentation"
                  xlink:title="label_SubjectRiskWeights"
                  xml:lang="en"
                  id="label_SubjectRiskWeights">Core Layer</link:label>
      <link:labelArc xlink:type="arc" xlink:arcrole="http://www.xbrl.org/2003/arcrole/concept-label"
                     xlink:from="SubjectRiskWeights"
                     xlink:to="label_SubjectRiskWeights"
                     xlink:title="label: SubjectRiskWeights to label_SubjectRiskWeights"/>
      <link:loc xlink:type="locator"
                xlink:href="p-cm-cr-2006-07-01.xsd#p-cm-cr_CreditRiskMitigationTechniquesSubstitutionEffectsExposure"
                xlink:label="CreditRiskMitigationTechniquesSubstitutionEffectsExposure"
                xlink:title="CreditRiskMitigationTechniquesSubstitutionEffectsExposure"/>
      <link:label xlink:type="resource"
                  xlink:label="label_CreditRiskMitigationTechniquesSubstitutionEffectsExposure"
                  xlink:role="http://www.xbrl.org/2003/role/documentation"
                  xlink:title="label_CreditRiskMitigationTechniquesSubstitutionEffectsExposure"
                  xml:lang="en"
                  id="label_CreditRiskMitigationTechniquesSubstitutionEffectsExposure">Detailed Layer</link:label>
      <link:labelArc xlink:type="arc" xlink:arcrole="http://www.xbrl.org/2003/arcrole/concept-label"
                     xlink:from="CreditRiskMitigationTechniquesSubstitutionEffectsExposure"
                     xlink:to="label_CreditRiskMitigationTechniquesSubstitutionEffectsExposure"
                     xlink:title="label: CreditRiskMitigationTechniquesSubstitutionEffectsExposure to label_CreditRiskMitigationTechniquesSubstitutionEffectsExposure"/>
      <link:loc xlink:type="locator"
                xlink:href="p-cm-cr-2006-07-01.xsd#p-cm-cr_ConversionFactor0Percent"
                xlink:label="ConversionFactor0Percent"
                xlink:title="ConversionFactor0Percent"/>
      <link:label xlink:type="resource" xlink:label="label_ConversionFactor0Percent"
                  xlink:role="http://www.xbrl.org/2003/role/documentation"
                  xlink:title="label_ConversionFactor0Percent"
                  xml:lang="en"
                  id="label_ConversionFactor0Percent">Detailed Layer</link:label>
      <link:labelArc xlink:type="arc" xlink:arcrole="http://www.xbrl.org/2003/arcrole/concept-label"
                     xlink:from="ConversionFactor0Percent"
                     xlink:to="label_ConversionFactor0Percent"
                     xlink:title="label: ConversionFactor0Percent to label_ConversionFactor0Percent"/>
      <link:loc xlink:type="locator"
                xlink:href="p-cm-cr-2006-07-01.xsd#p-cm-cr_ConversionFactorBetween0And20Percent"
                xlink:label="ConversionFactorBetween0And20Percent"
                xlink:title="ConversionFactorBetween0And20Percent"/>
      <link:label xlink:type="resource" xlink:label="label_ConversionFactorBetween0And20Percent"
                  xlink:role="http://www.xbrl.org/2003/role/documentation"
                  xlink:title="label_ConversionFactorBetween0And20Percent"
                  xml:lang="en"
                  id="label_ConversionFactorBetween0And20Percent">Detailed Layer</link:label>
      <link:labelArc xlink:type="arc" xlink:arcrole="http://www.xbrl.org/2003/arcrole/concept-label"
                     xlink:from="ConversionFactorBetween0And20Percent"
                     xlink:to="label_ConversionFactorBetween0And20Percent"
                     xlink:title="label: ConversionFactorBetween0And20Percent to label_ConversionFactorBetween0And20Percent"/>
      <link:loc xlink:type="locator"
                xlink:href="p-cm-cr-2006-07-01.xsd#p-cm-cr_ConversionFactorBetween20And50Percent"
                xlink:label="ConversionFactorBetween20And50Percent"
                xlink:title="ConversionFactorBetween20And50Percent"/>
      <link:label xlink:type="resource" xlink:label="label_ConversionFactorBetween20And50Percent"
                  xlink:role="http://www.xbrl.org/2003/role/documentation"
                  xlink:title="label_ConversionFactorBetween20And50Percent"
                  xml:lang="en"
                  id="label_ConversionFactorBetween20And50Percent">Detailed Layer</link:label>
      <link:labelArc xlink:type="arc" xlink:arcrole="http://www.xbrl.org/2003/arcrole/concept-label"
                     xlink:from="ConversionFactorBetween20And50Percent"
                     xlink:to="label_ConversionFactorBetween20And50Percent"
                     xlink:title="label: ConversionFactorBetween20And50Percent to label_ConversionFactorBetween20And50Percent"/>
      <link:loc xlink:type="locator"
                xlink:href="p-cm-cr-2006-07-01.xsd#p-cm-cr_ConversionFactorBetween50And100Percent"
                xlink:label="ConversionFactorBetween50And100Percent"
                xlink:title="ConversionFactorBetween50And100Percent"/>
      <link:label xlink:type="resource"
                  xlink:label="label_ConversionFactorBetween50And100Percent"
                  xlink:role="http://www.xbrl.org/2003/role/documentation"
                  xlink:title="label_ConversionFactorBetween50And100Percent"
                  xml:lang="en"
                  id="label_ConversionFactorBetween50And100Percent">Detailed Layer</link:label>
      <link:labelArc xlink:type="arc" xlink:arcrole="http://www.xbrl.org/2003/arcrole/concept-label"
                     xlink:from="ConversionFactorBetween50And100Percent"
                     xlink:to="label_ConversionFactorBetween50And100Percent"
                     xlink:title="label: ConversionFactorBetween50And100Percent to label_ConversionFactorBetween50And100Percent"/>
      <link:loc xlink:type="locator"
                xlink:href="p-cm-cr-2006-07-01.xsd#p-cm-cr_TotalCapitalRequirementsBeforeCAP"
                xlink:label="TotalCapitalRequirementsBeforeCAP"
                xlink:title="TotalCapitalRequirementsBeforeCAP"/>
      <link:label xlink:type="resource" xlink:label="label_TotalCapitalRequirementsBeforeCAP"
                  xlink:role="http://www.xbrl.org/2003/role/documentation"
                  xlink:title="label_TotalCapitalRequirementsBeforeCAP"
                  xml:lang="en"
                  id="label_TotalCapitalRequirementsBeforeCAP">Detailed Layer</link:label>
      <link:labelArc xlink:type="arc" xlink:arcrole="http://www.xbrl.org/2003/arcrole/concept-label"
                     xlink:from="TotalCapitalRequirementsBeforeCAP"
                     xlink:to="label_TotalCapitalRequirementsBeforeCAP"
                     xlink:title="label: TotalCapitalRequirementsBeforeCAP to label_TotalCapitalRequirementsBeforeCAP"/>
      <link:loc xlink:type="locator"
                xlink:href="p-cm-cr-2006-07-01.xsd#p-cm-cr_MemorandumItemCapitalRequirementsOutflowsSecuritisationsExposureClasses"
                xlink:label="MemorandumItemCapitalRequirementsOutflowsSecuritisationsExposureClasses"
                xlink:title="MemorandumItemCapitalRequirementsOutflowsSecuritisationsExposureClasses"/>
      <link:label xlink:type="resource"
                  xlink:label="label_MemorandumItemCapitalRequirementsOutflowsSecuritisationsExposureClasses"
                  xlink:role="http://www.xbrl.org/2003/role/documentation"
                  xlink:title="label_MemorandumItemCapitalRequirementsOutflowsSecuritisationsExposureClasses"
                  xml:lang="en"
                  id="label_MemorandumItemCapitalRequirementsOutflowsSecuritisationsExposureClasses">Detailed Layer</link:label>
      <link:labelArc xlink:type="arc" xlink:arcrole="http://www.xbrl.org/2003/arcrole/concept-label"
                     xlink:from="MemorandumItemCapitalRequirementsOutflowsSecuritisationsExposureClasses"
                     xlink:to="label_MemorandumItemCapitalRequirementsOutflowsSecuritisationsExposureClasses"
                     xlink:title="label: MemorandumItemCapitalRequirementsOutflowsSecuritisationsExposureClasses to label_MemorandumItemCapitalRequirementsOutflowsSecuritisationsExposureClasses"/>
      <link:loc xlink:type="locator"
                xlink:href="p-cm-cr-2006-07-01.xsd#p-cm-cr_FullyAdjustedExposureValue"
                xlink:label="FullyAdjustedExposureValue"
                xlink:title="FullyAdjustedExposureValue"/>
      <link:label xlink:type="resource" xlink:label="label_FullyAdjustedExposureValue"
                  xlink:role="http://www.xbrl.org/2003/role/documentation"
                  xlink:title="label_FullyAdjustedExposureValue"
                  xml:lang="en"
                  id="label_FullyAdjustedExposureValue">Core Layer</link:label>
      <link:labelArc xlink:type="arc" xlink:arcrole="http://www.xbrl.org/2003/arcrole/concept-label"
                     xlink:from="FullyAdjustedExposureValue"
                     xlink:to="label_FullyAdjustedExposureValue"
                     xlink:title="label: FullyAdjustedExposureValue to label_FullyAdjustedExposureValue"/>
      <link:loc xlink:type="locator"
                xlink:href="p-cm-cr-2006-07-01.xsd#p-cm-cr_SubstitutionExposureCRMTotalInflows"
                xlink:label="SubstitutionExposureCRMTotalInflows"
                xlink:title="SubstitutionExposureCRMTotalInflows"/>
      <link:label xlink:type="resource" xlink:label="label_SubstitutionExposureCRMTotalInflows"
                  xlink:role="http://www.xbrl.org/2003/role/documentation"
                  xlink:title="label_SubstitutionExposureCRMTotalInflows"
                  xml:lang="en"
                  id="label_SubstitutionExposureCRMTotalInflows">Core Layer</link:label>
      <link:labelArc xlink:type="arc" xlink:arcrole="http://www.xbrl.org/2003/arcrole/concept-label"
                     xlink:from="SubstitutionExposureCRMTotalInflows"
                     xlink:to="label_SubstitutionExposureCRMTotalInflows"
                     xlink:title="label: SubstitutionExposureCRMTotalInflows to label_SubstitutionExposureCRMTotalInflows"/>
      <link:loc xlink:type="locator"
                xlink:href="p-si-2006-07-01.xsd#p-si_BreakdownExposureValueSubjectRiskWeights"
                xlink:label="label_BreakdownOfExposureValueSubjectToRiskWeight_1135690587963_0"
                xlink:title="label_BreakdownOfExposureValueSubjectToRiskWeight"/>
      <link:label xlink:type="resource"
                  xlink:label="label_BreakdownOfExposureValueSubjectToRiskWeight"
                  xlink:role="http://www.xbrl.org/2003/role/documentation"
                  xlink:title="label_BreakdownOfExposureValueSubjectToRiskWeight"
                  xml:lang="en"
                  id="label_BreakdownOfExposureValueSubjectToRiskWeight">Detailed layer</link:label>
      <link:labelArc xlink:type="arc" xlink:arcrole="http://www.xbrl.org/2003/arcrole/concept-label"
                     xlink:from="label_BreakdownOfExposureValueSubjectToRiskWeight_1135690587963_0"
                     xlink:to="label_BreakdownOfExposureValueSubjectToRiskWeight"
                     xlink:title="label: BreakdownOfExposureValueSubjectToRiskWeight to label_BreakdownOfExposureValueSubjectToRiskWeight"/>
      <link:loc xlink:type="locator"
                xlink:href="p-si-2006-07-01.xsd#p-si_ExposureValueRiskWeightBreakdownRatingBasedMethod"
                xlink:label="label_RatingsBasedMethod_1135690620200_0"
                xlink:title="label_RatingsBasedMethod"/>
      <link:label xlink:type="resource" xlink:label="label_RatingsBasedMethod"
                  xlink:role="http://www.xbrl.org/2003/role/documentation"
                  xlink:title="label_RatingsBasedMethod"
                  xml:lang="en"
                  id="label_RatingsBasedMethod">Detailed layer</link:label>
      <link:labelArc xlink:type="arc" xlink:arcrole="http://www.xbrl.org/2003/arcrole/concept-label"
                     xlink:from="label_RatingsBasedMethod_1135690620200_0"
                     xlink:to="label_RatingsBasedMethod"
                     xlink:title="label: RatingsBasedMethod to label_RatingsBasedMethod"/>
      <link:loc xlink:type="locator"
                xlink:href="p-si-2006-07-01.xsd#p-si_ExposureValueRiskWeightBreakdownRatingBasedMethod6To10Percent"
                xlink:label="label_RiskWeight6To10_1135690662521_0"
                xlink:title="label_RiskWeight6To10"/>
      <link:label xlink:type="resource" xlink:label="label_RiskWeight6To10Percent"
                  xlink:role="http://www.xbrl.org/2003/role/documentation"
                  xlink:title="label_RiskWeight6To10Percent"
                  xml:lang="en"
                  id="label_RiskWeight6To10Percent">Detailed layer</link:label>
      <link:labelArc xlink:type="arc" xlink:arcrole="http://www.xbrl.org/2003/arcrole/concept-label"
                     xlink:from="label_RiskWeight6To10_1135690662521_0"
                     xlink:to="label_RiskWeight6To10Percent"
                     xlink:title="label: RiskWeight6To10Percent to label_RiskWeight6To10Percent"/>
      <link:loc xlink:type="locator"
                xlink:href="p-si-2006-07-01.xsd#p-si_ExposureValueRiskWeightBreakdownRatingBasedMethod12To18Percent"
                xlink:label="label_RiskWeight12To18_1135690689630_0"
                xlink:title="label_RiskWeight12To18"/>
      <link:label xlink:type="resource" xlink:label="label_RiskWeight12To18Percent"
                  xlink:role="http://www.xbrl.org/2003/role/documentation"
                  xlink:title="label_RiskWeight12To18Percent"
                  xml:lang="en"
                  id="label_RiskWeight12To18Percent">Detailed layer</link:label>
      <link:labelArc xlink:type="arc" xlink:arcrole="http://www.xbrl.org/2003/arcrole/concept-label"
                     xlink:from="label_RiskWeight12To18_1135690689630_0"
                     xlink:to="label_RiskWeight12To18Percent"
                     xlink:title="label: RiskWeight12To18Percent to label_RiskWeight12To18Percent"/>
      <link:loc xlink:type="locator"
                xlink:href="p-si-2006-07-01.xsd#p-si_ExposureValueRiskWeightBreakdownRatingBasedMethod20To35Percent"
                xlink:label="label_RiskWeight20To35_1135690718973_0"
                xlink:title="label_RiskWeight20To35"/>
      <link:label xlink:type="resource" xlink:label="label_RiskWeight20To35Percent"
                  xlink:role="http://www.xbrl.org/2003/role/documentation"
                  xlink:title="label_RiskWeight20To35Percent"
                  xml:lang="en"
                  id="label_RiskWeight20To35Percent">Detailed layer</link:label>
      <link:labelArc xlink:type="arc" xlink:arcrole="http://www.xbrl.org/2003/arcrole/concept-label"
                     xlink:from="label_RiskWeight20To35_1135690718973_0"
                     xlink:to="label_RiskWeight20To35Percent"
                     xlink:title="label: RiskWeight20To35Percent to label_RiskWeight20To35Percent"/>
      <link:loc xlink:type="locator"
                xlink:href="p-si-2006-07-01.xsd#p-si_ExposureValueRiskWeightBreakdownRatingBasedMethod50To75Percent"
                xlink:label="label_RiskWeight50To75_1135690745702_0"
                xlink:title="label_RiskWeight50To75"/>
      <link:label xlink:type="resource" xlink:label="label_RiskWeight50To75Percent"
                  xlink:role="http://www.xbrl.org/2003/role/documentation"
                  xlink:title="label_RiskWeight50To75Percent"
                  xml:lang="en"
                  id="label_RiskWeight50To75Percent">Detailed layer</link:label>
      <link:labelArc xlink:type="arc" xlink:arcrole="http://www.xbrl.org/2003/arcrole/concept-label"
                     xlink:from="label_RiskWeight50To75_1135690745702_0"
                     xlink:to="label_RiskWeight50To75Percent"
                     xlink:title="label: RiskWeight50To75Percent to label_RiskWeight50To75Percent"/>
      <link:loc xlink:type="locator"
                xlink:href="p-si-2006-07-01.xsd#p-si_ExposureValueRiskWeightBreakdownRatingBasedMethod100Percent"
                xlink:label="label_RiskWeight100_1135690768545_0"
                xlink:title="label_RiskWeight100"/>
      <link:label xlink:type="resource" xlink:label="label_RiskWeight100Percent"
                  xlink:role="http://www.xbrl.org/2003/role/documentation"
                  xlink:title="label_RiskWeight100Percent"
                  xml:lang="en"
                  id="label_RiskWeight100Percent">Detailed layer</link:label>
      <link:labelArc xlink:type="arc" xlink:arcrole="http://www.xbrl.org/2003/arcrole/concept-label"
                     xlink:from="label_RiskWeight100_1135690768545_0"
                     xlink:to="label_RiskWeight100Percent"
                     xlink:title="label: RiskWeight100Percent to label_RiskWeight100Percent"/>
      <link:loc xlink:type="locator"
                xlink:href="p-si-2006-07-01.xsd#p-si_ExposureValueRiskWeightBreakdownRatingBasedMethod250Percent"
                xlink:label="label_RiskWeight250_1135690796145_0"
                xlink:title="label_RiskWeight250"/>
      <link:label xlink:type="resource" xlink:label="label_RiskWeight250Percent"
                  xlink:role="http://www.xbrl.org/2003/role/documentation"
                  xlink:title="label_RiskWeight250Percent"
                  xml:lang="en"
                  id="label_RiskWeight250Percent">Detailed layer</link:label>
      <link:labelArc xlink:type="arc" xlink:arcrole="http://www.xbrl.org/2003/arcrole/concept-label"
                     xlink:from="label_RiskWeight250_1135690796145_0"
                     xlink:to="label_RiskWeight250Percent"
                     xlink:title="label: RiskWeight250Percent to label_RiskWeight250Percent"/>
      <link:loc xlink:type="locator"
                xlink:href="p-si-2006-07-01.xsd#p-si_ExposureValueRiskWeightBreakdownRatingBasedMethod425Percent"
                xlink:label="label_RiskWeight425_1135690823704_0"
                xlink:title="label_RiskWeight425"/>
      <link:label xlink:type="resource" xlink:label="label_RiskWeight425Percent"
                  xlink:role="http://www.xbrl.org/2003/role/documentation"
                  xlink:title="label_RiskWeight425Percent"
                  xml:lang="en"
                  id="label_RiskWeight425Percent">Detailed layer</link:label>
      <link:labelArc xlink:type="arc" xlink:arcrole="http://www.xbrl.org/2003/arcrole/concept-label"
                     xlink:from="label_RiskWeight425_1135690823704_0"
                     xlink:to="label_RiskWeight425Percent"
                     xlink:title="label: RiskWeight425Percent to label_RiskWeight425Percent"/>
      <link:loc xlink:type="locator"
                xlink:href="p-si-2006-07-01.xsd#p-si_ExposureValueRiskWeightBreakdownRatingBasedMethod650Percent"
                xlink:label="label_RiskWeight650_1135690843723_0"
                xlink:title="label_RiskWeight650"/>
      <link:label xlink:type="resource" xlink:label="label_RiskWeight650Percent"
                  xlink:role="http://www.xbrl.org/2003/role/documentation"
                  xlink:title="label_RiskWeight650Percent"
                  xml:lang="en"
                  id="label_RiskWeight650Percent">Detailed layer</link:label>
      <link:labelArc xlink:type="arc" xlink:arcrole="http://www.xbrl.org/2003/arcrole/concept-label"
                     xlink:from="label_RiskWeight650_1135690843723_0"
                     xlink:to="label_RiskWeight650Percent"
                     xlink:title="label: RiskWeight650Percent to label_RiskWeight650Percent"/>
      <link:loc xlink:type="locator"
                xlink:href="p-si-2006-07-01.xsd#p-si_ExposureValueRiskWeightBreakdown1250Percent"
                xlink:label="label_RiskWeight1250_1135690870612_0"
                xlink:title="label_RiskWeight1250"/>
      <link:label xlink:type="resource" xlink:label="label_RiskWeight1250Percent"
                  xlink:role="http://www.xbrl.org/2003/role/documentation"
                  xlink:title="label_RiskWeight1250Percent"
                  xml:lang="en"
                  id="label_RiskWeight1250Percent">Detailed layer</link:label>
      <link:labelArc xlink:type="arc" xlink:arcrole="http://www.xbrl.org/2003/arcrole/concept-label"
                     xlink:from="label_RiskWeight1250_1135690870612_0"
                     xlink:to="label_RiskWeight1250Percent"
                     xlink:title="label: RiskWeight1250Percent to label_RiskWeight1250Percent"/>
      <link:loc xlink:type="locator"
                xlink:href="p-si-2006-07-01.xsd#p-si_ExposureValueRiskWeightBreakdown1250PercentRated"
                xlink:label="label_Rated1250_1135690907045_0"
                xlink:title="label_Rated1250"/>
      <link:label xlink:type="resource" xlink:label="label_Rated1250Percent"
                  xlink:role="http://www.xbrl.org/2003/role/documentation"
                  xlink:title="label_Rated1250Percent"
                  xml:lang="en"
                  id="label_Rated1250Percent">Detailed layer</link:label>
      <link:labelArc xlink:type="arc" xlink:arcrole="http://www.xbrl.org/2003/arcrole/concept-label"
                     xlink:from="label_Rated1250_1135690907045_0"
                     xlink:to="label_Rated1250Percent"
                     xlink:title="label: Rated1250Percent to label_Rated1250Percent"/>
      <link:loc xlink:type="locator"
                xlink:href="p-si-2006-07-01.xsd#p-si_ExposureValueRiskWeightBreakdown1250PercentUnrated"
                xlink:label="label_Unrated1250_1135690925412_0"
                xlink:title="label_Unrated1250"/>
      <link:label xlink:type="resource" xlink:label="label_Unrated1250Percent"
                  xlink:role="http://www.xbrl.org/2003/role/documentation"
                  xlink:title="label_Unrated1250Percent"
                  xml:lang="en"
                  id="label_Unrated1250Percent">Detailed layer</link:label>
      <link:labelArc xlink:type="arc" xlink:arcrole="http://www.xbrl.org/2003/arcrole/concept-label"
                     xlink:from="label_Unrated1250_1135690925412_0"
                     xlink:to="label_Unrated1250Percent"
                     xlink:title="label: Unrated1250Percent to label_Unrated1250Percent"/>
      <link:loc xlink:type="locator"
                xlink:href="p-si-2006-07-01.xsd#p-si_ExposureValueRiskWeightBreakdownSupervisoryFormulaMethod"
                xlink:label="label_SupervisoryFormulaMethod_1135690958970_0"
                xlink:title="label_SupervisoryFormulaMethod"/>
      <link:label xlink:type="resource" xlink:label="label_SupervisoryFormulaMethod"
                  xlink:role="http://www.xbrl.org/2003/role/documentation"
                  xlink:title="label_SupervisoryFormulaMethod"
                  xml:lang="en"
                  id="label_SupervisoryFormulaMethod">Detailed layer</link:label>
      <link:labelArc xlink:type="arc" xlink:arcrole="http://www.xbrl.org/2003/arcrole/concept-label"
                     xlink:from="label_SupervisoryFormulaMethod_1135690958970_0"
                     xlink:to="label_SupervisoryFormulaMethod"
                     xlink:title="label: SupervisoryFormulaMethod to label_SupervisoryFormulaMethod"/>
      <link:loc xlink:type="locator"
                xlink:href="p-si-2006-07-01.xsd#p-si_ExposureValueRiskWeightBreakdownSupervisoryFormulaMethodAverageRiskWeight"
                xlink:label="label_AverageRiskWeight_1135690985629_0"
                xlink:title="label_AverageRiskWeight"/>
      <link:label xlink:type="resource"
                  xlink:label="label_SupervisoryFormulaMethodAverageRiskWeight"
                  xlink:role="http://www.xbrl.org/2003/role/documentation"
                  xlink:title="label_SupervisoryFormulaMethodAverageRiskWeight"
                  xml:lang="en"
                  id="label_SupervisoryFormulaMethodAverageRiskWeight">Detailed layer</link:label>
      <link:labelArc xlink:type="arc" xlink:arcrole="http://www.xbrl.org/2003/arcrole/concept-label"
                     xlink:from="label_AverageRiskWeight_1135690985629_0"
                     xlink:to="label_SupervisoryFormulaMethodAverageRiskWeight"
                     xlink:title="label: SupervisoryFormulaMethodAverageRiskWeight to label_SupervisoryFormulaMethodAverageRiskWeight"/>
      <link:loc xlink:type="locator"
                xlink:href="p-si-2006-07-01.xsd#p-si_ExposureValueRiskWeightBreakdownLookThrough"
                xlink:label="label_LookThrough_1135691012318_0"
                xlink:title="label_LookThrough"/>
      <link:label xlink:type="resource" xlink:label="label_LookThrough"
                  xlink:role="http://www.xbrl.org/2003/role/documentation"
                  xlink:title="label_LookThrough"
                  xml:lang="en"
                  id="label_LookThrough">Detailed layer</link:label>
      <link:labelArc xlink:type="arc" xlink:arcrole="http://www.xbrl.org/2003/arcrole/concept-label"
                     xlink:from="label_LookThrough_1135691012318_0"
                     xlink:to="label_LookThrough"
                     xlink:title="label: LookThrough to label_LookThrough"/>
      <link:loc xlink:type="locator"
                xlink:href="p-si-2006-07-01.xsd#p-si_ExposureValueRiskWeightBreakdownInternalAssesmentApproach"
                xlink:label="label_InternalAssesmentApproach_1135691049181_0"
                xlink:title="label_InternalAssesmentApproach"/>
      <link:label xlink:type="resource" xlink:label="label_InternalAssesmentApproach"
                  xlink:role="http://www.xbrl.org/2003/role/documentation"
                  xlink:title="label_InternalAssesmentApproach"
                  xml:lang="en"
                  id="label_InternalAssesmentApproach">Detailed layer</link:label>
      <link:labelArc xlink:type="arc" xlink:arcrole="http://www.xbrl.org/2003/arcrole/concept-label"
                     xlink:from="label_InternalAssesmentApproach_1135691049181_0"
                     xlink:to="label_InternalAssesmentApproach"
                     xlink:title="label: InternalAssesmentApproach to label_InternalAssesmentApproach"/>
      <link:loc xlink:type="locator"
                xlink:href="p-si-2006-07-01.xsd#p-si_ExposureValueRiskWeightBreakdownInternalAssesmentApproachAverageRiskWeight"
                xlink:label="label_InternalAssesmentApproachAverageRiskWeight_1135691109038_0"
                xlink:title="label_InternalAssesmentApproachAverageRiskWeight"/>
      <link:label xlink:type="resource"
                  xlink:label="label_InternalAssesmentApproachAverageRiskWeight"
                  xlink:role="http://www.xbrl.org/2003/role/documentation"
                  xlink:title="label_InternalAssesmentApproachAverageRiskWeight"
                  xml:lang="en"
                  id="label_InternalAssesmentApproachAverageRiskWeight">Detailed layer</link:label>
      <link:labelArc xlink:type="arc" xlink:arcrole="http://www.xbrl.org/2003/arcrole/concept-label"
                     xlink:from="label_InternalAssesmentApproachAverageRiskWeight_1135691109038_0"
                     xlink:to="label_InternalAssesmentApproachAverageRiskWeight"
                     xlink:title="label: InternalAssesmentApproachAverageRiskWeight to label_InternalAssesmentApproachAverageRiskWeight"/>
      <link:loc xlink:type="locator"
                xlink:href="p-si-2006-07-01.xsd#p-si_ReductionInRiskWeightedExposureAmountDueToValudeAdjustmentsAndProvisions"
                xlink:label="label_ReductionInRiskWeightedExposureAmount_1135691153923_0"
                xlink:title="label_ReductionInRiskWeightedExposureAmount"/>
      <link:label xlink:type="resource" xlink:label="label_ReductionInRiskWeightedExposureAmount"
                  xlink:role="http://www.xbrl.org/2003/role/documentation"
                  xlink:title="label_ReductionInRiskWeightedExposureAmount"
                  xml:lang="en"
                  id="label_ReductionInRiskWeightedExposureAmount">Detailed layer</link:label>
      <link:labelArc xlink:type="arc" xlink:arcrole="http://www.xbrl.org/2003/arcrole/concept-label"
                     xlink:from="label_ReductionInRiskWeightedExposureAmount_1135691153923_0"
                     xlink:to="label_ReductionInRiskWeightedExposureAmount"
                     xlink:title="label: ReductionInRiskWeightedExposureAmount to label_ReductionInRiskWeightedExposureAmount"/>
  </link:labelLink>
  <link:labelLink xlink:type="extended" xlink:role="http://www.xbrl.org/2003/role/link">
      <link:loc xlink:type="locator"
                xlink:href="p-si-2006-07-01.xsd#p-si_BreakdownExposureValueSubjectRiskWeights"
                xlink:label="label_BreakdownOfExposureValueSubjectToRiskWeight_1135690587963_0"
                xlink:title="label_BreakdownOfExposureValueSubjectToRiskWeight"/>
      <link:label xlink:type="resource"
                  xlink:label="label_BreakdownOfExposureValueSubjectToRiskWeight_1135690587963_1"
                  xlink:role="http://www.xbrl.org/2003/role/label"
                  xlink:title="label_BreakdownOfExposureValueSubjectToRiskWeight"
                  xml:lang="en"
                  id="label_BreakdownOfExposureValueSubjectToRiskWeight_1135690587963_1">Breakdown of the Exposure Value Subject to Risk Weights According to Risk Weights</link:label>
      <link:labelArc xlink:type="arc" xlink:arcrole="http://www.xbrl.org/2003/arcrole/concept-label"
                     xlink:from="label_BreakdownOfExposureValueSubjectToRiskWeight_1135690587963_0"
                     xlink:to="label_BreakdownOfExposureValueSubjectToRiskWeight_1135690587963_1"
                     xlink:title="label: BreakdownOfExposureValueSubjectToRiskWeight to label_BreakdownOfExposureValueSubjectToRiskWeight"/>
      <link:loc xlink:type="locator"
                xlink:href="p-si-2006-07-01.xsd#p-si_ExposureValueRiskWeightBreakdownRatingBasedMethod"
                xlink:label="label_RatingsBasedMethod_1135690620200_0"
                xlink:title="label_RatingsBasedMethod"/>
      <link:label xlink:type="resource" xlink:label="label_RatingsBasedMethod_1135690620200_1"
                  xlink:role="http://www.xbrl.org/2003/role/label"
                  xlink:title="label_RatingsBasedMethod"
                  xml:lang="en"
                  id="label_RatingsBasedMethod_1135690620200_1">Ratings Based Method (Credit Quality Steps 1 to 11 in Long Term Table or 1 to 3 in Short Term Table)</link:label>
      <link:labelArc xlink:type="arc" xlink:arcrole="http://www.xbrl.org/2003/arcrole/concept-label"
                     xlink:from="label_RatingsBasedMethod_1135690620200_0"
                     xlink:to="label_RatingsBasedMethod_1135690620200_1"
                     xlink:title="label: RatingsBasedMethod to label_RatingsBasedMethod"/>
      <link:loc xlink:type="locator"
                xlink:href="p-si-2006-07-01.xsd#p-si_ExposureValueRiskWeightBreakdownRatingBasedMethod6To10Percent"
                xlink:label="label_RiskWeight6To10_1135690662521_0"
                xlink:title="label_RiskWeight6To10"/>
      <link:label xlink:type="resource" xlink:label="label_RiskWeight6To10_1135690662521_1"
                  xlink:role="http://www.xbrl.org/2003/role/label"
                  xlink:title="label_RiskWeight6To10"
                  xml:lang="en"
                  id="label_RiskWeight6To10_1135690662521_1">6% - 10%</link:label>
      <link:labelArc xlink:type="arc" xlink:arcrole="http://www.xbrl.org/2003/arcrole/concept-label"
                     xlink:from="label_RiskWeight6To10_1135690662521_0"
                     xlink:to="label_RiskWeight6To10_1135690662521_1"
                     xlink:title="label: RiskWeight6To10 to label_RiskWeight6To10"/>
      <link:loc xlink:type="locator"
                xlink:href="p-si-2006-07-01.xsd#p-si_ExposureValueRiskWeightBreakdownRatingBasedMethod12To18Percent"
                xlink:label="label_RiskWeight12To18_1135690689630_0"
                xlink:title="label_RiskWeight12To18"/>
      <link:label xlink:type="resource" xlink:label="label_RiskWeight12To18_1135690689630_1"
                  xlink:role="http://www.xbrl.org/2003/role/label"
                  xlink:title="label_RiskWeight12To18"
                  xml:lang="en"
                  id="label_RiskWeight12To18_1135690689630_1">12% - 18%</link:label>
      <link:labelArc xlink:type="arc" xlink:arcrole="http://www.xbrl.org/2003/arcrole/concept-label"
                     xlink:from="label_RiskWeight12To18_1135690689630_0"
                     xlink:to="label_RiskWeight12To18_1135690689630_1"
                     xlink:title="label: RiskWeight12To18 to label_RiskWeight12To18"/>
      <link:loc xlink:type="locator"
                xlink:href="p-si-2006-07-01.xsd#p-si_ExposureValueRiskWeightBreakdownRatingBasedMethod20To35Percent"
                xlink:label="label_RiskWeight20To35_1135690718973_0"
                xlink:title="label_RiskWeight20To35"/>
      <link:label xlink:type="resource" xlink:label="label_RiskWeight20To35_1135690718973_1"
                  xlink:role="http://www.xbrl.org/2003/role/label"
                  xlink:title="label_RiskWeight20To35"
                  xml:lang="en"
                  id="label_RiskWeight20To35_1135690718973_1">20% - 35%</link:label>
      <link:labelArc xlink:type="arc" xlink:arcrole="http://www.xbrl.org/2003/arcrole/concept-label"
                     xlink:from="label_RiskWeight20To35_1135690718973_0"
                     xlink:to="label_RiskWeight20To35_1135690718973_1"
                     xlink:title="label: RiskWeight20To35 to label_RiskWeight20To35"/>
      <link:loc xlink:type="locator"
                xlink:href="p-si-2006-07-01.xsd#p-si_ExposureValueRiskWeightBreakdownRatingBasedMethod50To75Percent"
                xlink:label="label_RiskWeight50To75_1135690745702_0"
                xlink:title="label_RiskWeight50To75"/>
      <link:label xlink:type="resource" xlink:label="label_RiskWeight50To75_1135690745702_1"
                  xlink:role="http://www.xbrl.org/2003/role/label"
                  xlink:title="label_RiskWeight50To75"
                  xml:lang="en"
                  id="label_RiskWeight50To75_1135690745702_1">50% - 75%</link:label>
      <link:labelArc xlink:type="arc" xlink:arcrole="http://www.xbrl.org/2003/arcrole/concept-label"
                     xlink:from="label_RiskWeight50To75_1135690745702_0"
                     xlink:to="label_RiskWeight50To75_1135690745702_1"
                     xlink:title="label: RiskWeight50To75 to label_RiskWeight50To75"/>
      <link:loc xlink:type="locator"
                xlink:href="p-si-2006-07-01.xsd#p-si_ExposureValueRiskWeightBreakdownRatingBasedMethod100Percent"
                xlink:label="label_RiskWeight100_1135690768545_0"
                xlink:title="label_RiskWeight100"/>
      <link:label xlink:type="resource" xlink:label="label_RiskWeight100_1135690768545_1"
                  xlink:role="http://www.xbrl.org/2003/role/label"
                  xlink:title="label_RiskWeight100"
                  xml:lang="en"
                  id="label_RiskWeight100_1135690768545_1">100%</link:label>
      <link:labelArc xlink:type="arc" xlink:arcrole="http://www.xbrl.org/2003/arcrole/concept-label"
                     xlink:from="label_RiskWeight100_1135690768545_0"
                     xlink:to="label_RiskWeight100_1135690768545_1"
                     xlink:title="label: RiskWeight100 to label_RiskWeight100"/>
      <link:loc xlink:type="locator"
                xlink:href="p-si-2006-07-01.xsd#p-si_ExposureValueRiskWeightBreakdownRatingBasedMethod250Percent"
                xlink:label="label_RiskWeight250_1135690796145_0"
                xlink:title="label_RiskWeight250"/>
      <link:label xlink:type="resource" xlink:label="label_RiskWeight250_1135690796145_1"
                  xlink:role="http://www.xbrl.org/2003/role/label"
                  xlink:title="label_RiskWeight250"
                  xml:lang="en"
                  id="label_RiskWeight250_1135690796145_1">250%</link:label>
      <link:labelArc xlink:type="arc" xlink:arcrole="http://www.xbrl.org/2003/arcrole/concept-label"
                     xlink:from="label_RiskWeight250_1135690796145_0"
                     xlink:to="label_RiskWeight250_1135690796145_1"
                     xlink:title="label: RiskWeight250 to label_RiskWeight250"/>
      <link:loc xlink:type="locator"
                xlink:href="p-si-2006-07-01.xsd#p-si_ExposureValueRiskWeightBreakdownRatingBasedMethod425Percent"
                xlink:label="label_RiskWeight425_1135690823704_0"
                xlink:title="label_RiskWeight425"/>
      <link:label xlink:type="resource" xlink:label="label_RiskWeight425_1135690823704_1"
                  xlink:role="http://www.xbrl.org/2003/role/label"
                  xlink:title="label_RiskWeight425"
                  xml:lang="en"
                  id="label_RiskWeight425_1135690823704_1">425%</link:label>
      <link:labelArc xlink:type="arc" xlink:arcrole="http://www.xbrl.org/2003/arcrole/concept-label"
                     xlink:from="label_RiskWeight425_1135690823704_0"
                     xlink:to="label_RiskWeight425_1135690823704_1"
                     xlink:title="label: RiskWeight425 to label_RiskWeight425"/>
      <link:loc xlink:type="locator"
                xlink:href="p-si-2006-07-01.xsd#p-si_ExposureValueRiskWeightBreakdownRatingBasedMethod650Percent"
                xlink:label="label_RiskWeight650_1135690843723_0"
                xlink:title="label_RiskWeight650"/>
      <link:label xlink:type="resource" xlink:label="label_RiskWeight650_1135690843723_1"
                  xlink:role="http://www.xbrl.org/2003/role/label"
                  xlink:title="label_RiskWeight650"
                  xml:lang="en"
                  id="label_RiskWeight650_1135690843723_1">650%</link:label>
      <link:labelArc xlink:type="arc" xlink:arcrole="http://www.xbrl.org/2003/arcrole/concept-label"
                     xlink:from="label_RiskWeight650_1135690843723_0"
                     xlink:to="label_RiskWeight650_1135690843723_1"
                     xlink:title="label: RiskWeight650 to label_RiskWeight650"/>
      <link:loc xlink:type="locator"
                xlink:href="p-si-2006-07-01.xsd#p-si_ExposureValueRiskWeightBreakdown1250Percent"
                xlink:label="label_RiskWeight1250_1135690870612_0"
                xlink:title="label_RiskWeight1250"/>
      <link:label xlink:type="resource" xlink:label="label_RiskWeight1250_1135690870612_1"
                  xlink:role="http://www.xbrl.org/2003/role/label"
                  xlink:title="label_RiskWeight1250"
                  xml:lang="en"
                  id="label_RiskWeight1250_1135690870612_1">1250%</link:label>
      <link:labelArc xlink:type="arc" xlink:arcrole="http://www.xbrl.org/2003/arcrole/concept-label"
                     xlink:from="label_RiskWeight1250_1135690870612_0"
                     xlink:to="label_RiskWeight1250_1135690870612_1"
                     xlink:title="label: RiskWeight1250 to label_RiskWeight1250"/>
      <link:loc xlink:type="locator"
                xlink:href="p-si-2006-07-01.xsd#p-si_ExposureValueRiskWeightBreakdown1250PercentRated"
                xlink:label="label_Rated1250_1135690907045_0"
                xlink:title="label_Rated1250"/>
      <link:label xlink:type="resource" xlink:label="label_Rated1250_1135690907045_1"
                  xlink:role="http://www.xbrl.org/2003/role/label"
                  xlink:title="label_Rated1250"
                  xml:lang="en"
                  id="label_Rated1250_1135690907045_1">Rated</link:label>
      <link:labelArc xlink:type="arc" xlink:arcrole="http://www.xbrl.org/2003/arcrole/concept-label"
                     xlink:from="label_Rated1250_1135690907045_0"
                     xlink:to="label_Rated1250_1135690907045_1"
                     xlink:title="label: Rated1250 to label_Rated1250"/>
      <link:loc xlink:type="locator"
                xlink:href="p-si-2006-07-01.xsd#p-si_ExposureValueRiskWeightBreakdown1250PercentUnrated"
                xlink:label="label_Unrated1250_1135690925412_0"
                xlink:title="label_Unrated1250"/>
      <link:label xlink:type="resource" xlink:label="label_Unrated1250_1135690925412_1"
                  xlink:role="http://www.xbrl.org/2003/role/label"
                  xlink:title="label_Unrated1250"
                  xml:lang="en"
                  id="label_Unrated1250_1135690925412_1">Unrated</link:label>
      <link:labelArc xlink:type="arc" xlink:arcrole="http://www.xbrl.org/2003/arcrole/concept-label"
                     xlink:from="label_Unrated1250_1135690925412_0"
                     xlink:to="label_Unrated1250_1135690925412_1"
                     xlink:title="label: Unrated1250 to label_Unrated1250"/>
      <link:loc xlink:type="locator"
                xlink:href="p-si-2006-07-01.xsd#p-si_ExposureValueRiskWeightBreakdownSupervisoryFormulaMethod"
                xlink:label="label_SupervisoryFormulaMethod_1135690958970_0"
                xlink:title="label_SupervisoryFormulaMethod"/>
      <link:label xlink:type="resource"
                  xlink:label="label_SupervisoryFormulaMethod_1135690958970_1"
                  xlink:role="http://www.xbrl.org/2003/role/label"
                  xlink:title="label_SupervisoryFormulaMethod"
                  xml:lang="en"
                  id="label_SupervisoryFormulaMethod_1135690958970_1">Supervisory Formula Method</link:label>
      <link:labelArc xlink:type="arc" xlink:arcrole="http://www.xbrl.org/2003/arcrole/concept-label"
                     xlink:from="label_SupervisoryFormulaMethod_1135690958970_0"
                     xlink:to="label_SupervisoryFormulaMethod_1135690958970_1"
                     xlink:title="label: SupervisoryFormulaMethod to label_SupervisoryFormulaMethod"/>
      <link:loc xlink:type="locator"
                xlink:href="p-si-2006-07-01.xsd#p-si_ExposureValueRiskWeightBreakdownSupervisoryFormulaMethodAverageRiskWeight"
                xlink:label="label_AverageRiskWeight_1135690985629_0"
                xlink:title="label_AverageRiskWeight"/>
      <link:label xlink:type="resource" xlink:label="label_AverageRiskWeight_1135690985629_1"
                  xlink:role="http://www.xbrl.org/2003/role/label"
                  xlink:title="label_AverageRiskWeight"
                  xml:lang="en"
                  id="label_AverageRiskWeight_1135690985629_1">Average Risk Weight (%)</link:label>
      <link:labelArc xlink:type="arc" xlink:arcrole="http://www.xbrl.org/2003/arcrole/concept-label"
                     xlink:from="label_AverageRiskWeight_1135690985629_0"
                     xlink:to="label_AverageRiskWeight_1135690985629_1"
                     xlink:title="label: AverageRiskWeight to label_AverageRiskWeight"/>
      <link:loc xlink:type="locator"
                xlink:href="p-si-2006-07-01.xsd#p-si_ExposureValueRiskWeightBreakdownLookThrough"
                xlink:label="label_LookThrough_1135691012318_0"
                xlink:title="label_LookThrough"/>
      <link:label xlink:type="resource" xlink:label="label_LookThrough_1135691012318_1"
                  xlink:role="http://www.xbrl.org/2003/role/label"
                  xlink:title="label_LookThrough"
                  xml:lang="en"
                  id="label_LookThrough_1135691012318_1">Look Through </link:label>
      <link:labelArc xlink:type="arc" xlink:arcrole="http://www.xbrl.org/2003/arcrole/concept-label"
                     xlink:from="label_LookThrough_1135691012318_0"
                     xlink:to="label_LookThrough_1135691012318_1"
                     xlink:title="label: LookThrough to label_LookThrough"/>
      <link:loc xlink:type="locator"
                xlink:href="p-si-2006-07-01.xsd#p-si_ExposureValueRiskWeightBreakdownInternalAssesmentApproach"
                xlink:label="label_InternalAssesmentApproach_1135691049181_0"
                xlink:title="label_InternalAssesmentApproach"/>
      <link:label xlink:type="resource"
                  xlink:label="label_InternalAssesmentApproach_1135691049181_1"
                  xlink:role="http://www.xbrl.org/2003/role/label"
                  xlink:title="label_InternalAssesmentApproach"
                  xml:lang="en"
                  id="label_InternalAssesmentApproach_1135691049181_1">Internal Assesment Approach</link:label>
      <link:labelArc xlink:type="arc" xlink:arcrole="http://www.xbrl.org/2003/arcrole/concept-label"
                     xlink:from="label_InternalAssesmentApproach_1135691049181_0"
                     xlink:to="label_InternalAssesmentApproach_1135691049181_1"
                     xlink:title="label: InternalAssesmentApproach to label_InternalAssesmentApproach"/>
      <link:loc xlink:type="locator"
                xlink:href="p-si-2006-07-01.xsd#p-si_ExposureValueRiskWeightBreakdownInternalAssesmentApproachAverageRiskWeight"
                xlink:label="label_InternalAssesmentApproachAverageRiskWeight_1135691109038_0"
                xlink:title="label_InternalAssesmentApproachAverageRiskWeight"/>
      <link:label xlink:type="resource"
                  xlink:label="label_InternalAssesmentApproachAverageRiskWeight_1135691109038_1"
                  xlink:role="http://www.xbrl.org/2003/role/label"
                  xlink:title="label_InternalAssesmentApproachAverageRiskWeight"
                  xml:lang="en"
                  id="label_InternalAssesmentApproachAverageRiskWeight_1135691109038_1">Average Risk Weight (%)</link:label>
      <link:labelArc xlink:type="arc" xlink:arcrole="http://www.xbrl.org/2003/arcrole/concept-label"
                     xlink:from="label_InternalAssesmentApproachAverageRiskWeight_1135691109038_0"
                     xlink:to="label_InternalAssesmentApproachAverageRiskWeight_1135691109038_1"
                     xlink:title="label: InternalAssesmentApproachAverageRiskWeight to label_InternalAssesmentApproachAverageRiskWeight"/>
      <link:loc xlink:type="locator"
                xlink:href="p-si-2006-07-01.xsd#p-si_ReductionInRiskWeightedExposureAmountDueToValudeAdjustmentsAndProvisions"
                xlink:label="label_ReductionInRiskWeightedExposureAmount_1135691153923_0"
                xlink:title="label_ReductionInRiskWeightedExposureAmount"/>
      <link:label xlink:type="resource"
                  xlink:label="label_ReductionInRiskWeightedExposureAmount_1135691153923_1"
                  xlink:role="http://www.xbrl.org/2003/role/label"
                  xlink:title="label_ReductionInRiskWeightedExposureAmount"
                  xml:lang="en"
                  id="label_ReductionInRiskWeightedExposureAmount_1135691153923_1">(-) Reduction in Risk Weighted Exposure Amount due to Value Adjustments and Provisions </link:label>
      <link:labelArc xlink:type="arc" xlink:arcrole="http://www.xbrl.org/2003/arcrole/concept-label"
                     xlink:from="label_ReductionInRiskWeightedExposureAmount_1135691153923_0"
                     xlink:to="label_ReductionInRiskWeightedExposureAmount_1135691153923_1"
                     xlink:title="label: ReductionInRiskWeightedExposureAmount to label_ReductionInRiskWeightedExposureAmount"/>
      <link:loc xlink:type="locator" xlink:href="p-si-2006-07-01.xsd#p-si_CRSECIRBDomain"
                xlink:label="label_CreditRiskSecuritisationIRB_1135689327361_0"
                xlink:title="label_CreditRiskSecuritisationIRB"/>
      <link:label xlink:type="resource"
                  xlink:label="label_CreditRiskSecuritisationIRB_1135689327361_1"
                  xlink:role="http://www.xbrl.org/2003/role/label"
                  xlink:title="label_CreditRiskSecuritisationIRB"
                  xml:lang="en"
                  id="label_CreditRiskSecuritisationIRB_1135689327361_1">CR SEC IRB (Domain)</link:label>
      <link:labelArc xlink:type="arc" xlink:arcrole="http://www.xbrl.org/2003/arcrole/concept-label"
                     xlink:from="label_CreditRiskSecuritisationIRB_1135689327361_0"
                     xlink:to="label_CreditRiskSecuritisationIRB_1135689327361_1"
                     xlink:title="label: CreditRiskSecuritisationIRB to label_CreditRiskSecuritisationIRB"/>
  </link:labelLink>
</link:linkbase>