<?xml version="1.0" encoding="UTF-8"?>
<?taxonomy-version 1.3.1?>
<!--Copyright (C) 2011 EBA - European Banking Authority, Tower 42, 25 Old Broad Street, London, EC2N 1HQ, United Kingdom.-->            
<link:linkbase xmlns:xsi="http://www.w3.org/2001/XMLSchema-instance"
               xmlns:link="http://www.xbrl.org/2003/linkbase"
               xmlns:xbrli="http://www.xbrl.org/2003/instance"
               xmlns:xlink="http://www.w3.org/1999/xlink"
               xsi:schemaLocation="http://www.xbrl.org/2003/linkbase http://www.xbrl.org/2003/xbrl-linkbase-2003-12-31.xsd">
  <link:roleRef roleURI="http://www.c-ebs.org/2006/corep/eu/si" xlink:type="simple"
                 xlink:href="p-si-2006-07-01.xsd#rt_si"/>
  <link:presentationLink xlink:type="extended" xlink:role="http://www.c-ebs.org/2006/corep/eu/si">
      <link:loc xlink:type="locator" xlink:href="p-si-2006-07-01.xsd#p-si_CRSECIRBDomain"
                xlink:label="CreditRiskSecuritisationIRB_1135691527534_0"
                xlink:title="CreditRiskSecuritisationIRB"/>
      <link:loc xlink:type="locator"
                xlink:href="p-cm-cr-2006-07-01.xsd#p-cm-cr_TotalAmountSecuritisedExposuresOriginated"
                xlink:label="TotalAmountSecuritisedExposures_1135691527534_1"
                xlink:title="TotalAmountSecuritisedExposures"/>
      <link:presentationArc xlink:type="arc" xlink:arcrole="http://www.xbrl.org/2003/arcrole/parent-child"
                            xlink:from="CreditRiskSecuritisationIRB_1135691527534_0"
                            xlink:to="TotalAmountSecuritisedExposures_1135691527534_1"
                            xlink:title="presentation: CreditRiskSecuritisationIRB to TotalAmountSecuritisedExposures"
                            order="1.0"/>
      <link:loc xlink:type="locator"
                xlink:href="p-cm-cr-2006-07-01.xsd#p-cm-cr_SyntheticSecuritizationsCreditProtectionSecuritisedExposures"
                xlink:label="SyntheticSecuritizations_1135691531339_0"
                xlink:title="SyntheticSecuritizations"/>
      <link:presentationArc xlink:type="arc" xlink:arcrole="http://www.xbrl.org/2003/arcrole/parent-child"
                            xlink:from="CreditRiskSecuritisationIRB_1135691527534_0"
                            xlink:to="SyntheticSecuritizations_1135691531339_0"
                            xlink:title="presentation: CreditRiskSecuritisationIRB to SyntheticSecuritizations"
                            order="2.0"/>
      <link:loc xlink:type="locator"
                xlink:href="p-cm-cr-2006-07-01.xsd#p-cm-cr_FundedCreditProtection"
                xlink:label="SySeFundedProtection_1135691545229_0"
                xlink:title="SySeFundedProtection"/>
      <link:presentationArc xlink:type="arc" xlink:arcrole="http://www.xbrl.org/2003/arcrole/parent-child"
                            xlink:from="SyntheticSecuritizations_1135691531339_0"
                            xlink:to="SySeFundedProtection_1135691545229_0"
                            xlink:title="presentation: SyntheticSecuritizations to SySeFundedProtection"
                            order="1.0"/>
      <link:loc xlink:type="locator"
                xlink:href="p-cm-cr-2006-07-01.xsd#p-cm-cr_SyntheticSecuritizationsCreditProtectionSecuritisedExposuresTotalOutflows"
                xlink:label="SySeTotalOutflows_1135691548444_0"
                xlink:title="SySeTotalOutflows"/>
      <link:presentationArc xlink:type="arc" xlink:arcrole="http://www.xbrl.org/2003/arcrole/parent-child"
                            xlink:from="SyntheticSecuritizations_1135691531339_0"
                            xlink:to="SySeTotalOutflows_1135691548444_0"
                            xlink:title="presentation: SyntheticSecuritizations to SySeTotalOutflows"
                            order="2.0"/>
      <link:loc xlink:type="locator"
                xlink:href="p-cm-cr-2006-07-01.xsd#p-cm-cr_SyntheticSecuritizationsCreditProtectionSecuritisedExposuresUnfundedCreditProtectionAdjustedValues"
                xlink:label="SySeUnfundedProtectionAdjustedValue_1135691551568_0"
                xlink:title="SySeUnfundedProtectionAdjustedValue"/>
      <link:presentationArc xlink:type="arc" xlink:arcrole="http://www.xbrl.org/2003/arcrole/parent-child"
                            xlink:from="SySeTotalOutflows_1135691548444_0"
                            xlink:to="SySeUnfundedProtectionAdjustedValue_1135691551568_0"
                            xlink:title="presentation: SySeTotalOutflows to SySeUnfundedProtectionAdjustedValue"
                            order="1.0"/>
      <link:loc xlink:type="locator"
                xlink:href="p-cm-cr-2006-07-01.xsd#p-cm-cr_NotionalAmountRetainedRepurchasedCreditProtection"
                xlink:label="SySeNotionalAmount_1135691555634_0"
                xlink:title="SySeNotionalAmount"/>
      <link:presentationArc xlink:type="arc" xlink:arcrole="http://www.xbrl.org/2003/arcrole/parent-child"
                            xlink:from="SyntheticSecuritizations_1135691531339_0"
                            xlink:to="SySeNotionalAmount_1135691555634_0"
                            xlink:title="presentation: SyntheticSecuritizations to SySeNotionalAmount"
                            order="3.0"/>
      <link:loc xlink:type="locator"
                xlink:href="p-cm-cr-2006-07-01.xsd#p-cm-cr_SecuritisationPositions"
                xlink:label="SecuritisationPositions_1135691562995_0"
                xlink:title="SecuritisationPositions"/>
      <link:presentationArc xlink:type="arc" xlink:arcrole="http://www.xbrl.org/2003/arcrole/parent-child"
                            xlink:from="CreditRiskSecuritisationIRB_1135691527534_0"
                            xlink:to="SecuritisationPositions_1135691562995_0"
                            xlink:title="presentation: CreditRiskSecuritisationIRB to SecuritisationPositions"
                            order="3.0"/>
      <link:loc xlink:type="locator"
                xlink:href="p-cm-cr-2006-07-01.xsd#p-cm-cr_OriginalExposurePreConversionFactors"
                xlink:label="OriginalExposurePreConversionFactor_1135691568833_0"
                xlink:title="OriginalExposurePreConversionFactor"/>
      <link:presentationArc xlink:type="arc" xlink:arcrole="http://www.xbrl.org/2003/arcrole/parent-child"
                            xlink:from="SecuritisationPositions_1135691562995_0"
                            xlink:to="OriginalExposurePreConversionFactor_1135691568833_0"
                            xlink:title="presentation: SecuritisationPositions to OriginalExposurePreConversionFactor"
                            order="1.0"/>
      <link:loc xlink:type="locator"
                xlink:href="p-cm-cr-2006-07-01.xsd#p-cm-cr_CreditRiskMitigationTechniquesSubstitutionEffectsExposure"
                xlink:label="CRMTechniques_1135691573340_0"
                xlink:title="CRMTechniques"/>
      <link:presentationArc xlink:type="arc" xlink:arcrole="http://www.xbrl.org/2003/arcrole/parent-child"
                            xlink:from="CreditRiskSecuritisationIRB_1135691527534_0"
                            xlink:to="CRMTechniques_1135691573340_0"
                            xlink:title="presentation: CreditRiskSecuritisationIRB to CRMTechniques"
                            order="4.0"/>
      <link:loc xlink:type="locator"
                xlink:href="p-cm-cr-2006-07-01.xsd#p-cm-cr_CreditRiskMitigationTechniquesSubstitutionEffectsExposureFundedCreditProtection"
                xlink:label="CRMFundedCreditProtection_1135691579028_0"
                xlink:title="CRMFundedCreditProtection"/>
      <link:presentationArc xlink:type="arc" xlink:arcrole="http://www.xbrl.org/2003/arcrole/parent-child"
                            xlink:from="CRMTechniques_1135691573340_0"
                            xlink:to="CRMFundedCreditProtection_1135691579028_0"
                            xlink:title="presentation: CRMTechniques to CRMFundedCreditProtection"
                            order="2.0"/>
      <link:loc xlink:type="locator"
                xlink:href="p-cm-cr-2006-07-01.xsd#p-cm-cr_SubstitutionExposureCRM"
                xlink:label="SubstitutionOfExposureDueToCRM_1135691582433_0"
                xlink:title="SubstitutionOfExposureDueToCRM"/>
      <link:presentationArc xlink:type="arc" xlink:arcrole="http://www.xbrl.org/2003/arcrole/parent-child"
                            xlink:from="CRMTechniques_1135691573340_0"
                            xlink:to="SubstitutionOfExposureDueToCRM_1135691582433_0"
                            xlink:title="presentation: CRMTechniques to SubstitutionOfExposureDueToCRM"
                            order="3.0"/>
      <link:loc xlink:type="locator"
                xlink:href="p-cm-cr-2006-07-01.xsd#p-cm-cr_SubstitutionExposureCRMTotalOutflows"
                xlink:label="SubOfExpTotalOutflows_1135691585207_0"
                xlink:title="SubOfExpTotalOutflows"/>
      <link:presentationArc xlink:type="arc" xlink:arcrole="http://www.xbrl.org/2003/arcrole/parent-child"
                            xlink:from="SubstitutionOfExposureDueToCRM_1135691582433_0"
                            xlink:to="SubOfExpTotalOutflows_1135691585207_0"
                            xlink:title="presentation: SubstitutionOfExposureDueToCRM to SubOfExpTotalOutflows"
                            order="1.0"/>
      <link:loc xlink:type="locator"
                xlink:href="p-cm-cr-2006-07-01.xsd#p-cm-cr_SubstitutionExposureCRMTotalInflows"
                xlink:label="SubOfExpTotalInflows_1135691587300_0"
                xlink:title="SubOfExpTotalInflows"/>
      <link:presentationArc xlink:type="arc" xlink:arcrole="http://www.xbrl.org/2003/arcrole/parent-child"
                            xlink:from="SubstitutionOfExposureDueToCRM_1135691582433_0"
                            xlink:to="SubOfExpTotalInflows_1135691587300_0"
                            xlink:title="presentation: SubstitutionOfExposureDueToCRM to SubOfExpTotalInflows"
                            order="2.0"/>
      <link:loc xlink:type="locator"
                xlink:href="p-cm-cr-2006-07-01.xsd#p-cm-cr_CreditRiskMitigationTechniquesAffectingAmountExposureFundedCreditProtectionUnfundedCreditProtectionAdjustedValues"
                xlink:label="UnfundedCreditProtectionAdjustedValues"
                xlink:title="UnfundedCreditProtectionAdjustedValues"/>
      <link:presentationArc xlink:type="arc" xlink:arcrole="http://www.xbrl.org/2003/arcrole/parent-child"
                            xlink:from="CRMTechniques_1135691573340_0"
                            xlink:to="UnfundedCreditProtectionAdjustedValues"
                            xlink:title="presentation: CreditRiskMitigationTechniquesSubstitutionEffectsExposure to UnfundedCreditProtectionAdjustedValues"
                            order="1.0"/>
      <link:loc xlink:type="locator"
                xlink:href="p-cm-cr-2006-07-01.xsd#p-cm-cr_ExposureCRMSubstitutionEffectsPreConversionFactors"
                xlink:label="ExposureAfterCRMSubstitutionEffects_1135691592197_0"
                xlink:title="ExposureAfterCRMSubstitutionEffects"/>
      <link:presentationArc xlink:type="arc" xlink:arcrole="http://www.xbrl.org/2003/arcrole/parent-child"
                            xlink:from="CreditRiskSecuritisationIRB_1135691527534_0"
                            xlink:to="ExposureAfterCRMSubstitutionEffects_1135691592197_0"
                            xlink:title="presentation: CreditRiskSecuritisationIRB to ExposureAfterCRMSubstitutionEffects"
                            order="5.0"/>
      <link:loc xlink:type="locator"
                xlink:href="p-cm-cr-2006-07-01.xsd#p-cm-cr_CreditRiskMitigationTechniquesAffectingAmountExposureFundedCreditProtection"
                xlink:label="CRMTechniquesAffectingExposure_1135691595782_0"
                xlink:title="CRMTechniquesAffectingExposure"/>
      <link:presentationArc xlink:type="arc" xlink:arcrole="http://www.xbrl.org/2003/arcrole/parent-child"
                            xlink:from="CreditRiskSecuritisationIRB_1135691527534_0"
                            xlink:to="CRMTechniquesAffectingExposure_1135691595782_0"
                            xlink:title="presentation: CreditRiskSecuritisationIRB to CRMTechniquesAffectingExposure"
                            order="6.0"/>
      <link:loc xlink:type="locator"
                xlink:href="p-cm-cr-2006-07-01.xsd#p-cm-cr_FullyAdjustedExposureValue"
                xlink:label="FullyAdjustedExposureValue_1135691600419_0"
                xlink:title="FullyAdjustedExposureValue"/>
      <link:presentationArc xlink:type="arc" xlink:arcrole="http://www.xbrl.org/2003/arcrole/parent-child"
                            xlink:from="CreditRiskSecuritisationIRB_1135691527534_0"
                            xlink:to="FullyAdjustedExposureValue_1135691600419_0"
                            xlink:title="presentation: CreditRiskSecuritisationIRB to FullyAdjustedExposureValue"
                            order="7.0"/>
      <link:loc xlink:type="locator"
                xlink:href="p-cm-cr-2006-07-01.xsd#p-cm-cr_BreakdownFullyAdjustedExposureValueOffBalanceSheetItemsConversionFactors"
                xlink:label="BreakdownOfFullyAdjustedExposureValue_1135691604805_0"
                xlink:title="BreakdownOfFullyAdjustedExposureValue"/>
      <link:presentationArc xlink:type="arc" xlink:arcrole="http://www.xbrl.org/2003/arcrole/parent-child"
                            xlink:from="CreditRiskSecuritisationIRB_1135691527534_0"
                            xlink:to="BreakdownOfFullyAdjustedExposureValue_1135691604805_0"
                            xlink:title="presentation: CreditRiskSecuritisationIRB to BreakdownOfFullyAdjustedExposureValue"
                            order="8.0"/>
      <link:loc xlink:type="locator"
                xlink:href="p-cm-cr-2006-07-01.xsd#p-cm-cr_ConversionFactor0Percent"
                xlink:label="BreakdownFullyAdjustedExposure0_1135691611215_0"
                xlink:title="BreakdownFullyAdjustedExposure0"/>
      <link:presentationArc xlink:type="arc" xlink:arcrole="http://www.xbrl.org/2003/arcrole/parent-child"
                            xlink:from="BreakdownOfFullyAdjustedExposureValue_1135691604805_0"
                            xlink:to="BreakdownFullyAdjustedExposure0_1135691611215_0"
                            xlink:title="presentation: BreakdownOfFullyAdjustedExposureValue to BreakdownFullyAdjustedExposure0"
                            order="1.0"/>
      <link:loc xlink:type="locator"
                xlink:href="p-cm-cr-2006-07-01.xsd#p-cm-cr_ConversionFactorBetween0And20Percent"
                xlink:label="BreakdownFullyAdjustedExposure0To20_1135691611215_1"
                xlink:title="BreakdownFullyAdjustedExposure0To20"/>
      <link:presentationArc xlink:type="arc" xlink:arcrole="http://www.xbrl.org/2003/arcrole/parent-child"
                            xlink:from="BreakdownOfFullyAdjustedExposureValue_1135691604805_0"
                            xlink:to="BreakdownFullyAdjustedExposure0To20_1135691611215_1"
                            xlink:title="presentation: BreakdownOfFullyAdjustedExposureValue to BreakdownFullyAdjustedExposure0To20"
                            order="2.0"/>
      <link:loc xlink:type="locator"
                xlink:href="p-cm-cr-2006-07-01.xsd#p-cm-cr_ConversionFactorBetween20And50Percent"
                xlink:label="BreakdownFullyAdjustedExposure20To50_1135691611215_2"
                xlink:title="BreakdownFullyAdjustedExposure20To50"/>
      <link:presentationArc xlink:type="arc" xlink:arcrole="http://www.xbrl.org/2003/arcrole/parent-child"
                            xlink:from="BreakdownOfFullyAdjustedExposureValue_1135691604805_0"
                            xlink:to="BreakdownFullyAdjustedExposure20To50_1135691611215_2"
                            xlink:title="presentation: BreakdownOfFullyAdjustedExposureValue to BreakdownFullyAdjustedExposure20To50"
                            order="3.0"/>
      <link:loc xlink:type="locator"
                xlink:href="p-cm-cr-2006-07-01.xsd#p-cm-cr_ConversionFactorBetween50And100Percent"
                xlink:label="BreakdownFullyAdjustedExposure50To100_1135691611215_3"
                xlink:title="BreakdownFullyAdjustedExposure50To100"/>
      <link:presentationArc xlink:type="arc" xlink:arcrole="http://www.xbrl.org/2003/arcrole/parent-child"
                            xlink:from="BreakdownOfFullyAdjustedExposureValue_1135691604805_0"
                            xlink:to="BreakdownFullyAdjustedExposure50To100_1135691611215_3"
                            xlink:title="presentation: BreakdownOfFullyAdjustedExposureValue to BreakdownFullyAdjustedExposure50To100"
                            order="4.0"/>
      <link:loc xlink:type="locator" xlink:href="p-cm-cr-2006-07-01.xsd#p-cm-cr_ExposureValue"
                xlink:label="ExposureValue_1135691623623_0"
                xlink:title="ExposureValue"/>
      <link:presentationArc xlink:type="arc" xlink:arcrole="http://www.xbrl.org/2003/arcrole/parent-child"
                            xlink:from="CreditRiskSecuritisationIRB_1135691527534_0"
                            xlink:to="ExposureValue_1135691623623_0"
                            xlink:title="presentation: CreditRiskSecuritisationIRB to ExposureValue"
                            order="9.0"/>
      <link:loc xlink:type="locator"
                xlink:href="p-cm-cr-2006-07-01.xsd#p-cm-cr_DeductedOwnFunds"
                xlink:label="ExposureValueDeductedFromOwnFunds_1135691627078_0"
                xlink:title="ExposureValueDeductedFromOwnFunds"/>
      <link:presentationArc xlink:type="arc" xlink:arcrole="http://www.xbrl.org/2003/arcrole/parent-child"
                            xlink:from="ExposureValue_1135691623623_0"
                            xlink:to="ExposureValueDeductedFromOwnFunds_1135691627078_0"
                            xlink:title="presentation: ExposureValue to ExposureValueDeductedFromOwnFunds"
                            order="1.0"/>
      <link:loc xlink:type="locator"
                xlink:href="p-cm-cr-2006-07-01.xsd#p-cm-cr_SubjectRiskWeights"
                xlink:label="ExposureValueSubjectToRiskWeights_1135691629852_0"
                xlink:title="ExposureValueSubjectToRiskWeights"/>
      <link:presentationArc xlink:type="arc" xlink:arcrole="http://www.xbrl.org/2003/arcrole/parent-child"
                            xlink:from="ExposureValue_1135691623623_0"
                            xlink:to="ExposureValueSubjectToRiskWeights_1135691629852_0"
                            xlink:title="presentation: ExposureValue to ExposureValueSubjectToRiskWeights"
                            order="2.0"/>
      <link:loc xlink:type="locator"
                xlink:href="p-si-2006-07-01.xsd#p-si_BreakdownExposureValueSubjectRiskWeights"
                xlink:label="BreakdownOfExposureValueSubjectToRiskWeight_1135691633968_0"
                xlink:title="BreakdownOfExposureValueSubjectToRiskWeight"/>
      <link:presentationArc xlink:type="arc" xlink:arcrole="http://www.xbrl.org/2003/arcrole/parent-child"
                            xlink:from="CreditRiskSecuritisationIRB_1135691527534_0"
                            xlink:to="BreakdownOfExposureValueSubjectToRiskWeight_1135691633968_0"
                            xlink:title="presentation: CreditRiskSecuritisationIRB to BreakdownOfExposureValueSubjectToRiskWeight"
                            order="10.0"/>
      <link:loc xlink:type="locator"
                xlink:href="p-si-2006-07-01.xsd#p-si_ExposureValueRiskWeightBreakdownRatingBasedMethod"
                xlink:label="RatingsBasedMethod_1135691638434_0"
                xlink:title="RatingsBasedMethod"/>
      <link:presentationArc xlink:type="arc" xlink:arcrole="http://www.xbrl.org/2003/arcrole/parent-child"
                            xlink:from="BreakdownOfExposureValueSubjectToRiskWeight_1135691633968_0"
                            xlink:to="RatingsBasedMethod_1135691638434_0"
                            xlink:title="presentation: BreakdownOfExposureValueSubjectToRiskWeight to RatingsBasedMethod"
                            order="1.0"/>
      <link:loc xlink:type="locator"
                xlink:href="p-si-2006-07-01.xsd#p-si_ExposureValueRiskWeightBreakdownRatingBasedMethod6To10Percent"
                xlink:label="RiskWeight6To10_1135691645715_0"
                xlink:title="RiskWeight6To10"/>
      <link:presentationArc xlink:type="arc" xlink:arcrole="http://www.xbrl.org/2003/arcrole/parent-child"
                            xlink:from="RatingsBasedMethod_1135691638434_0"
                            xlink:to="RiskWeight6To10_1135691645715_0"
                            xlink:title="presentation: RatingsBasedMethod to RiskWeight6To10"
                            order="1.0"/>
      <link:loc xlink:type="locator"
                xlink:href="p-si-2006-07-01.xsd#p-si_ExposureValueRiskWeightBreakdownRatingBasedMethod12To18Percent"
                xlink:label="RiskWeight12To18_1135691645715_1"
                xlink:title="RiskWeight12To18"/>
      <link:presentationArc xlink:type="arc" xlink:arcrole="http://www.xbrl.org/2003/arcrole/parent-child"
                            xlink:from="RatingsBasedMethod_1135691638434_0"
                            xlink:to="RiskWeight12To18_1135691645715_1"
                            xlink:title="presentation: RatingsBasedMethod to RiskWeight12To18"
                            order="2.0"/>
      <link:loc xlink:type="locator"
                xlink:href="p-si-2006-07-01.xsd#p-si_ExposureValueRiskWeightBreakdownRatingBasedMethod20To35Percent"
                xlink:label="RiskWeight20To35_1135691645715_2"
                xlink:title="RiskWeight20To35"/>
      <link:presentationArc xlink:type="arc" xlink:arcrole="http://www.xbrl.org/2003/arcrole/parent-child"
                            xlink:from="RatingsBasedMethod_1135691638434_0"
                            xlink:to="RiskWeight20To35_1135691645715_2"
                            xlink:title="presentation: RatingsBasedMethod to RiskWeight20To35"
                            order="3.0"/>
      <link:loc xlink:type="locator"
                xlink:href="p-si-2006-07-01.xsd#p-si_ExposureValueRiskWeightBreakdownRatingBasedMethod50To75Percent"
                xlink:label="RiskWeight50To75_1135691645715_3"
                xlink:title="RiskWeight50To75"/>
      <link:presentationArc xlink:type="arc" xlink:arcrole="http://www.xbrl.org/2003/arcrole/parent-child"
                            xlink:from="RatingsBasedMethod_1135691638434_0"
                            xlink:to="RiskWeight50To75_1135691645715_3"
                            xlink:title="presentation: RatingsBasedMethod to RiskWeight50To75"
                            order="4.0"/>
      <link:loc xlink:type="locator"
                xlink:href="p-si-2006-07-01.xsd#p-si_ExposureValueRiskWeightBreakdownRatingBasedMethod100Percent"
                xlink:label="RiskWeight100_1135691645715_4"
                xlink:title="RiskWeight100"/>
      <link:presentationArc xlink:type="arc" xlink:arcrole="http://www.xbrl.org/2003/arcrole/parent-child"
                            xlink:from="RatingsBasedMethod_1135691638434_0"
                            xlink:to="RiskWeight100_1135691645715_4"
                            xlink:title="presentation: RatingsBasedMethod to RiskWeight100"
                            order="5.0"/>
      <link:loc xlink:type="locator"
                xlink:href="p-si-2006-07-01.xsd#p-si_ExposureValueRiskWeightBreakdownRatingBasedMethod250Percent"
                xlink:label="RiskWeight250_1135691645715_5"
                xlink:title="RiskWeight250"/>
      <link:presentationArc xlink:type="arc" xlink:arcrole="http://www.xbrl.org/2003/arcrole/parent-child"
                            xlink:from="RatingsBasedMethod_1135691638434_0"
                            xlink:to="RiskWeight250_1135691645715_5"
                            xlink:title="presentation: RatingsBasedMethod to RiskWeight250"
                            order="6.0"/>
      <link:loc xlink:type="locator"
                xlink:href="p-si-2006-07-01.xsd#p-si_ExposureValueRiskWeightBreakdownRatingBasedMethod425Percent"
                xlink:label="RiskWeight425_1135691645715_6"
                xlink:title="RiskWeight425"/>
      <link:presentationArc xlink:type="arc" xlink:arcrole="http://www.xbrl.org/2003/arcrole/parent-child"
                            xlink:from="RatingsBasedMethod_1135691638434_0"
                            xlink:to="RiskWeight425_1135691645715_6"
                            xlink:title="presentation: RatingsBasedMethod to RiskWeight425"
                            order="7.0"/>
      <link:loc xlink:type="locator"
                xlink:href="p-si-2006-07-01.xsd#p-si_ExposureValueRiskWeightBreakdownRatingBasedMethod650Percent"
                xlink:label="RiskWeight650_1135691645715_7"
                xlink:title="RiskWeight650"/>
      <link:presentationArc xlink:type="arc" xlink:arcrole="http://www.xbrl.org/2003/arcrole/parent-child"
                            xlink:from="RatingsBasedMethod_1135691638434_0"
                            xlink:to="RiskWeight650_1135691645715_7"
                            xlink:title="presentation: RatingsBasedMethod to RiskWeight650"
                            order="8.0"/>
      <link:loc xlink:type="locator"
                xlink:href="p-si-2006-07-01.xsd#p-si_ExposureValueRiskWeightBreakdown1250Percent"
                xlink:label="RiskWeight1250_1135691661708_0"
                xlink:title="RiskWeight1250"/>
      <link:presentationArc xlink:type="arc" xlink:arcrole="http://www.xbrl.org/2003/arcrole/parent-child"
                            xlink:from="BreakdownOfExposureValueSubjectToRiskWeight_1135691633968_0"
                            xlink:to="RiskWeight1250_1135691661708_0"
                            xlink:title="presentation: BreakdownOfExposureValueSubjectToRiskWeight to RiskWeight1250"
                            use="optional"
                            order="2.0"/>
      <link:loc xlink:type="locator"
                xlink:href="p-si-2006-07-01.xsd#p-si_ExposureValueRiskWeightBreakdown1250PercentRated"
                xlink:label="Rated1250_1135691665083_0"
                xlink:title="Rated1250"/>
      <link:presentationArc xlink:type="arc" xlink:arcrole="http://www.xbrl.org/2003/arcrole/parent-child"
                            xlink:from="RiskWeight1250_1135691661708_0"
                            xlink:to="Rated1250_1135691665083_0"
                            xlink:title="presentation: RiskWeight1250 to Rated1250"
                            order="1.0"/>
      <link:loc xlink:type="locator"
                xlink:href="p-si-2006-07-01.xsd#p-si_ExposureValueRiskWeightBreakdown1250PercentUnrated"
                xlink:label="Unrated1250_1135691667666_0"
                xlink:title="Unrated1250"/>
      <link:presentationArc xlink:type="arc" xlink:arcrole="http://www.xbrl.org/2003/arcrole/parent-child"
                            xlink:from="RiskWeight1250_1135691661708_0"
                            xlink:to="Unrated1250_1135691667666_0"
                            xlink:title="presentation: RiskWeight1250 to Unrated1250"
                            order="2.0"/>
      <link:loc xlink:type="locator"
                xlink:href="p-si-2006-07-01.xsd#p-si_ExposureValueRiskWeightBreakdownSupervisoryFormulaMethod"
                xlink:label="SupervisoryFormulaMethod_1135691673605_0"
                xlink:title="SupervisoryFormulaMethod"/>
      <link:presentationArc xlink:type="arc" xlink:arcrole="http://www.xbrl.org/2003/arcrole/parent-child"
                            xlink:from="BreakdownOfExposureValueSubjectToRiskWeight_1135691633968_0"
                            xlink:to="SupervisoryFormulaMethod_1135691673605_0"
                            xlink:title="presentation: BreakdownOfExposureValueSubjectToRiskWeight to SupervisoryFormulaMethod"
                            order="3.0"/>
      <link:loc xlink:type="locator"
                xlink:href="p-si-2006-07-01.xsd#p-si_ExposureValueRiskWeightBreakdownSupervisoryFormulaMethodAverageRiskWeight"
                xlink:label="SupervisoryFormulaMethodAverageRiskWeight_1135691677641_0"
                xlink:title="SupervisoryFormulaMethodAverageRiskWeight"/>
      <link:presentationArc xlink:type="arc" xlink:arcrole="http://www.xbrl.org/2003/arcrole/parent-child"
                            xlink:from="SupervisoryFormulaMethod_1135691673605_0"
                            xlink:to="SupervisoryFormulaMethodAverageRiskWeight_1135691677641_0"
                            xlink:title="presentation: SupervisoryFormulaMethod to SupervisoryFormulaMethodAverageRiskWeight"
                            order="1.0"/>
      <link:loc xlink:type="locator"
                xlink:href="p-si-2006-07-01.xsd#p-si_ExposureValueRiskWeightBreakdownLookThrough"
                xlink:label="LookThrough_1135691685042_0"
                xlink:title="LookThrough"/>
      <link:presentationArc xlink:type="arc" xlink:arcrole="http://www.xbrl.org/2003/arcrole/parent-child"
                            xlink:from="BreakdownOfExposureValueSubjectToRiskWeight_1135691633968_0"
                            xlink:to="LookThrough_1135691685042_0"
                            xlink:title="presentation: BreakdownOfExposureValueSubjectToRiskWeight to LookThrough"
                            order="4.0"/>
      <link:loc xlink:type="locator"
                xlink:href="p-si-2006-07-01.xsd#p-si_ExposureValueRiskWeightBreakdownInternalAssesmentApproach"
                xlink:label="InternalAssesmentApproach_1135691688447_0"
                xlink:title="InternalAssesmentApproach"/>
      <link:presentationArc xlink:type="arc" xlink:arcrole="http://www.xbrl.org/2003/arcrole/parent-child"
                            xlink:from="BreakdownOfExposureValueSubjectToRiskWeight_1135691633968_0"
                            xlink:to="InternalAssesmentApproach_1135691688447_0"
                            xlink:title="presentation: BreakdownOfExposureValueSubjectToRiskWeight to InternalAssesmentApproach"
                            order="5.0"/>
      <link:loc xlink:type="locator"
                xlink:href="p-si-2006-07-01.xsd#p-si_ExposureValueRiskWeightBreakdownInternalAssesmentApproachAverageRiskWeight"
                xlink:label="InternalAssesmentApproachAverageRiskWeight_1135691691671_0"
                xlink:title="InternalAssesmentApproachAverageRiskWeight"/>
      <link:presentationArc xlink:type="arc" xlink:arcrole="http://www.xbrl.org/2003/arcrole/parent-child"
                            xlink:from="InternalAssesmentApproach_1135691688447_0"
                            xlink:to="InternalAssesmentApproachAverageRiskWeight_1135691691671_0"
                            xlink:title="presentation: InternalAssesmentApproach to InternalAssesmentApproachAverageRiskWeight"
                            order="1.0"/>
      <link:loc xlink:type="locator"
                xlink:href="p-si-2006-07-01.xsd#p-si_ReductionInRiskWeightedExposureAmountDueToValudeAdjustmentsAndProvisions"
                xlink:label="ReductionInRiskWeightedExposureAmount_1135691712481_0"
                xlink:title="ReductionInRiskWeightedExposureAmount"/>
      <link:presentationArc xlink:type="arc" xlink:arcrole="http://www.xbrl.org/2003/arcrole/parent-child"
                            xlink:from="CreditRiskSecuritisationIRB_1135691527534_0"
                            xlink:to="ReductionInRiskWeightedExposureAmount_1135691712481_0"
                            xlink:title="presentation: CreditRiskSecuritisationIRB to ReductionInRiskWeightedExposureAmount"
                            order="11.0"/>
      <link:loc xlink:type="locator"
                xlink:href="p-cm-cr-2006-07-01.xsd#p-cm-cr_RiskWeightedExposureAmounts"
                xlink:label="RiskWeightedExposureAmount_1135691712481_1"
                xlink:title="RiskWeightedExposureAmount"/>
      <link:presentationArc xlink:type="arc" xlink:arcrole="http://www.xbrl.org/2003/arcrole/parent-child"
                            xlink:from="CreditRiskSecuritisationIRB_1135691527534_0"
                            xlink:to="RiskWeightedExposureAmount_1135691712481_1"
                            xlink:title="presentation: CreditRiskSecuritisationIRB to RiskWeightedExposureAmount"
                            order="12.0"/>
      <link:loc xlink:type="locator"
                xlink:href="p-cm-cr-2006-07-01.xsd#p-cm-cr_TotalCapitalRequirementsBeforeCAP"
                xlink:label="TotalCapitalRequirementsBeforeCAP_1135691712481_2"
                xlink:title="TotalCapitalRequirementsBeforeCAP"/>
      <link:presentationArc xlink:type="arc" xlink:arcrole="http://www.xbrl.org/2003/arcrole/parent-child"
                            xlink:from="CreditRiskSecuritisationIRB_1135691527534_0"
                            xlink:to="TotalCapitalRequirementsBeforeCAP_1135691712481_2"
                            xlink:title="presentation: CreditRiskSecuritisationIRB to TotalCapitalRequirementsBeforeCAP"
                            order="15.0"/>
      <link:loc xlink:type="locator"
                xlink:href="p-cm-cr-2006-07-01.xsd#p-cm-cr_MemorandumItemCapitalRequirementsOutflowsSecuritisationsExposureClasses"
                xlink:label="MemorandumItem_1135691712481_3"
                xlink:title="MemorandumItem"/>
      <link:presentationArc xlink:type="arc" xlink:arcrole="http://www.xbrl.org/2003/arcrole/parent-child"
                            xlink:from="CreditRiskSecuritisationIRB_1135691527534_0"
                            xlink:to="MemorandumItem_1135691712481_3"
                            xlink:title="presentation: CreditRiskSecuritisationIRB to MemorandumItem"
                            order="16.0"/>
      <link:loc xlink:type="locator"
                xlink:href="p-cm-ca-2006-07-01.xsd#p-cm-ca_CreditRiskCapitalRequirements"
                xlink:label="TotalCapitalRequirementsAfterCAP_1135691712481_4"
                xlink:title="TotalCapitalRequirementsAfterCAP"/>
      <link:presentationArc xlink:type="arc" xlink:arcrole="http://www.xbrl.org/2003/arcrole/parent-child"
                            xlink:from="CreditRiskSecuritisationIRB_1135691527534_0"
                            xlink:to="TotalCapitalRequirementsAfterCAP_1135691712481_4"
                            xlink:title="presentation: CreditRiskSecuritisationIRB to TotalCapitalRequirementsAfterCAP"
                            order="17.0"/>
      <link:loc xlink:type="locator"
                xlink:href="p-cm-cr-2006-07-01.xsd#p-cm-cr_OverallEffectAdjustmentDueInfringementDueDiligenceProvisions"
                xlink:label="OverallEffectAdjustmentDueInfringementDueDiligenceProvisions"
                xlink:title="OverallEffectAdjustmentDueInfringementDueDiligenceProvisions"/>
      <link:presentationArc xlink:type="arc" xlink:arcrole="http://www.xbrl.org/2003/arcrole/parent-child"
                            xlink:from="CreditRiskSecuritisationIRB_1135691527534_0"
                            xlink:to="OverallEffectAdjustmentDueInfringementDueDiligenceProvisions"
                            xlink:title="presentation: CRSECIRBDomain to OverallEffectAdjustmentDueInfringementDueDiligenceProvisions"
                            order="13.0"/>
      <link:loc xlink:type="locator"
                xlink:href="p-cm-cr-2006-07-01.xsd#p-cm-cr_AdjustmentRiskWeightedExposureAmountDueMaturityMismatches"
                xlink:label="AdjustmentRiskWeightedExposureAmountDueMaturityMismatches"
                xlink:title="AdjustmentRiskWeightedExposureAmountDueMaturityMismatches"/>
      <link:presentationArc xlink:type="arc" xlink:arcrole="http://www.xbrl.org/2003/arcrole/parent-child"
                            xlink:from="CreditRiskSecuritisationIRB_1135691527534_0"
                            xlink:to="AdjustmentRiskWeightedExposureAmountDueMaturityMismatches"
                            xlink:title="presentation: CRSECIRBDomain to AdjustmentRiskWeightedExposureAmountDueMaturityMismatches"
                            order="14.0"/>
  </link:presentationLink>
</link:linkbase>