<?xml version="1.0" encoding="UTF-8"?>
<?taxonomy-version 1.3.1?>
<!--Copyright (C) 2011 EBA - European Banking Authority, Tower 42, 25 Old Broad Street, London, EC2N 1HQ, United Kingdom.-->            
<link:linkbase xmlns:xsi="http://www.w3.org/2001/XMLSchema-instance"
               xmlns:p-ss="http://www.c-ebs.org/eu/fr/esrs/corep/2006-07-01/p-ss-2006-07-01"
               xmlns:link="http://www.xbrl.org/2003/linkbase"
               xmlns:xlink="http://www.w3.org/1999/xlink"
               xmlns:xbrli="http://www.xbrl.org/2003/instance"
               xsi:schemaLocation="http://www.xbrl.org/2003/linkbase http://www.xbrl.org/2003/xbrl-linkbase-2003-12-31.xsd">
  <link:roleRef roleURI="http://www.c-ebs.org/2006/corep/eu/ss" xlink:type="simple"
                 xlink:href="p-ss-2006-07-01.xsd#rt_ss"/>
  <link:arcroleRef arcroleURI="http://xbrl.org/int/dim/arcrole/domain-member" xlink:type="simple"
                    xlink:href="http://www.xbrl.org/2005/xbrldt-2005.xsd#domain-member"/>
  <link:arcroleRef arcroleURI="http://xbrl.org/int/dim/arcrole/dimension-domain"
                    xlink:type="simple"
                    xlink:href="http://www.xbrl.org/2005/xbrldt-2005.xsd#dimension-domain"/>
  <link:definitionLink xlink:type="extended" xlink:role="http://www.c-ebs.org/2006/corep/eu/ss">
      <link:loc xlink:type="locator"
                xlink:href="p-cm-cr-2006-07-01.xsd#p-cm-cr_SyntheticSecuritizationsCreditProtectionSecuritisedExposuresTotalOutflows"
                xlink:label="SyntheticSecuritizationsTotalOutflows_1134127092237_1"
                xlink:title="SyntheticSecuritizationsTotalOutflows"/>
      <link:loc xlink:type="locator"
                xlink:href="p-cm-cr-2006-07-01.xsd#p-cm-cr_SyntheticSecuritizationsCreditProtectionSecuritisedExposuresUnfundedCreditProtectionAdjustedValues"
                xlink:label="UnfundedProtectionAdjustedValue_1134127096663_0"
                xlink:title="UnfundedProtectionAdjustedValue"/>
      <link:definitionArc xlink:type="arc" xlink:arcrole="http://xbrl.org/int/dim/arcrole/domain-member"
                          xlink:from="SyntheticSecuritizationsTotalOutflows_1134127092237_1"
                          xlink:to="UnfundedProtectionAdjustedValue_1134127096663_0"
                          xlink:title="definition: SyntheticSecuritizationsTotalOutflows to UnfundedProtectionAdjustedValue"
                          order="1.0"/>
      <link:loc xlink:type="locator"
                xlink:href="p-cm-cr-2006-07-01.xsd#p-cm-cr_BreakdownFullyAdjustedExposureValueOffBalanceSheetItemsConversionFactors"
                xlink:label="BreakdownFullyAdjustedExposureValueOffBalanceSheetItems_1134127078818_5"
                xlink:title="BreakdownFullyAdjustedExposureValueOffBalanceSheetItems"/>
      <link:loc xlink:type="locator"
                xlink:href="p-cm-cr-2006-07-01.xsd#p-cm-cr_ConversionFactor0Percent"
                xlink:label="ConversionFactor0Percent_1134127161906_0"
                xlink:title="ConversionFactor0Percent"/>
      <link:definitionArc xlink:type="arc" xlink:arcrole="http://xbrl.org/int/dim/arcrole/domain-member"
                          xlink:from="BreakdownFullyAdjustedExposureValueOffBalanceSheetItems_1134127078818_5"
                          xlink:to="ConversionFactor0Percent_1134127161906_0"
                          xlink:title="definition: BreakdownFullyAdjustedExposureValueOffBalanceSheetItems to ConversionFactor0Percent"
                          order="1.0"/>
      <link:loc xlink:type="locator"
                xlink:href="p-cm-cr-2006-07-01.xsd#p-cm-cr_ConversionFactorBetween0And20Percent"
                xlink:label="ConversionFactorBetween0And20Percent_1134127161906_1"
                xlink:title="ConversionFactorBetween0And20Percent"/>
      <link:definitionArc xlink:type="arc" xlink:arcrole="http://xbrl.org/int/dim/arcrole/domain-member"
                          xlink:from="BreakdownFullyAdjustedExposureValueOffBalanceSheetItems_1134127078818_5"
                          xlink:to="ConversionFactorBetween0And20Percent_1134127161906_1"
                          xlink:title="definition: BreakdownFullyAdjustedExposureValueOffBalanceSheetItems to ConversionFactorBetween0And20Percent"
                          order="2.0"/>
      <link:loc xlink:type="locator"
                xlink:href="p-cm-cr-2006-07-01.xsd#p-cm-cr_ConversionFactorBetween20And50Percent"
                xlink:label="ConversionFactorBetween20And50Percent_1134127161906_2"
                xlink:title="ConversionFactorBetween20And50Percent"/>
      <link:definitionArc xlink:type="arc" xlink:arcrole="http://xbrl.org/int/dim/arcrole/domain-member"
                          xlink:from="BreakdownFullyAdjustedExposureValueOffBalanceSheetItems_1134127078818_5"
                          xlink:to="ConversionFactorBetween20And50Percent_1134127161906_2"
                          xlink:title="definition: BreakdownFullyAdjustedExposureValueOffBalanceSheetItems to ConversionFactorBetween20And50Percent"
                          order="3.0"/>
      <link:loc xlink:type="locator"
                xlink:href="p-cm-cr-2006-07-01.xsd#p-cm-cr_ConversionFactorBetween50And100Percent"
                xlink:label="ConversionFactorBetween50And100Percent_1134127161906_3"
                xlink:title="ConversionFactorBetween50And100Percent"/>
      <link:definitionArc xlink:type="arc" xlink:arcrole="http://xbrl.org/int/dim/arcrole/domain-member"
                          xlink:from="BreakdownFullyAdjustedExposureValueOffBalanceSheetItems_1134127078818_5"
                          xlink:to="ConversionFactorBetween50And100Percent_1134127161906_3"
                          xlink:title="definition: BreakdownFullyAdjustedExposureValueOffBalanceSheetItems to ConversionFactorBetween50And100Percent"
                          order="4.0"/>
      <link:loc xlink:type="locator"
                xlink:href="p-cm-cr-2006-07-01.xsd#p-cm-cr_CreditRiskMitigationTechniquesSubstitutionEffectsExposure"
                xlink:label="CreditRiskMitigationTechniquesWithSubstitutionEffectsExposure_1134127078818_1"
                xlink:title="CreditRiskMitigationTechniquesWithSubstitutionEffectsExposure"/>
      <link:loc xlink:type="locator"
                xlink:href="p-cm-cr-2006-07-01.xsd#p-cm-cr_CreditRiskMitigationTechniquesSubstitutionEffectsExposureFundedCreditProtection"
                xlink:label="FundedCreditProtection_1134127120547_1"
                xlink:title="FundedCreditProtection"/>
      <link:definitionArc xlink:type="arc" xlink:arcrole="http://xbrl.org/int/dim/arcrole/domain-member"
                          xlink:from="CreditRiskMitigationTechniquesWithSubstitutionEffectsExposure_1134127078818_1"
                          xlink:to="FundedCreditProtection_1134127120547_1"
                          xlink:title="definition: CreditRiskMitigationTechniquesWithSubstitutionEffectsExposure to FundedCreditProtection"
                          order="2.0"/>
      <link:loc xlink:type="locator"
                xlink:href="p-cm-cr-2006-07-01.xsd#p-cm-cr_SubstitutionExposureCRM"
                xlink:label="SubstitutionOExposureDueCRM_1134127120547_2"
                xlink:title="SubstitutionOExposureDueCRM"/>
      <link:definitionArc xlink:type="arc" xlink:arcrole="http://xbrl.org/int/dim/arcrole/domain-member"
                          xlink:from="CreditRiskMitigationTechniquesWithSubstitutionEffectsExposure_1134127078818_1"
                          xlink:to="SubstitutionOExposureDueCRM_1134127120547_2"
                          xlink:title="definition: CreditRiskMitigationTechniquesWithSubstitutionEffectsExposure to SubstitutionOExposureDueCRM"
                          order="3.0"/>
      <link:loc xlink:type="locator"
                xlink:href="p-cm-cr-2006-07-01.xsd#p-cm-cr_SubstitutionExposureCRMTotalOutflows"
                xlink:label="TotalOutflows_1134127128779_0"
                xlink:title="TotalOutflows"/>
      <link:definitionArc xlink:type="arc" xlink:arcrole="http://xbrl.org/int/dim/arcrole/domain-member"
                          xlink:from="SubstitutionOExposureDueCRM_1134127120547_2"
                          xlink:to="TotalOutflows_1134127128779_0"
                          xlink:title="definition: SubstitutionOExposureDueCRM to TotalOutflows"
                          order="1.0"/>
      <link:loc xlink:type="locator"
                xlink:href="p-cm-cr-2006-07-01.xsd#p-cm-cr_SubstitutionExposureCRMTotalInflows"
                xlink:label="TotalInflows_1134127128779_1"
                xlink:title="TotalInflows"/>
      <link:definitionArc xlink:type="arc" xlink:arcrole="http://xbrl.org/int/dim/arcrole/domain-member"
                          xlink:from="SubstitutionOExposureDueCRM_1134127120547_2"
                          xlink:to="TotalInflows_1134127128779_1"
                          xlink:title="definition: SubstitutionOExposureDueCRM to TotalInflows"
                          order="2.0"/>
      <link:loc xlink:type="locator"
                xlink:href="p-cm-cr-2006-07-01.xsd#p-cm-cr_CreditRiskMitigationTechniquesAffectingAmountExposureFundedCreditProtectionUnfundedCreditProtectionAdjustedValues"
                xlink:label="CreditRiskMitigationTechniquesAffectingAmountExposureFundedCreditProtectionUnfundedCreditProtectionAdjustedValues"
                xlink:title="CreditRiskMitigationTechniquesAffectingAmountExposureFundedCreditProtectionUnfundedCreditProtectionAdjustedValues"/>
      <link:definitionArc xlink:type="arc" xlink:arcrole="http://xbrl.org/int/dim/arcrole/domain-member"
                          xlink:from="CreditRiskMitigationTechniquesWithSubstitutionEffectsExposure_1134127078818_1"
                          xlink:to="CreditRiskMitigationTechniquesAffectingAmountExposureFundedCreditProtectionUnfundedCreditProtectionAdjustedValues"
                          xlink:title="definition: CreditRiskMitigationTechniquesSubstitutionEffectsExposure to CreditRiskMitigationTechniquesAffectingAmountExposureFundedCreditProtectionUnfundedCreditProtectionAdjustedValues"
                          order="1.0"/>
      <link:loc xlink:type="locator" xlink:href="p-cm-cr-2006-07-01.xsd#p-cm-cr_ExposureValue"
                xlink:label="ExposureValue_1134127078818_6"
                xlink:title="ExposureValue"/>
      <link:loc xlink:type="locator"
                xlink:href="p-cm-cr-2006-07-01.xsd#p-cm-cr_DeductedOwnFunds"
                xlink:label="DeductedFromOwnFunds_1134127169167_0"
                xlink:title="DeductedFromOwnFunds"/>
      <link:definitionArc xlink:type="arc" xlink:arcrole="http://xbrl.org/int/dim/arcrole/domain-member"
                          xlink:from="ExposureValue_1134127078818_6"
                          xlink:to="DeductedFromOwnFunds_1134127169167_0"
                          xlink:title="definition: ExposureValue to DeductedFromOwnFunds"
                          order="1.0"/>
      <link:loc xlink:type="locator"
                xlink:href="p-cm-cr-2006-07-01.xsd#p-cm-cr_SubjectRiskWeights"
                xlink:label="SubjectRiskWeights_1134127169167_1"
                xlink:title="SubjectRiskWeights"/>
      <link:definitionArc xlink:type="arc" xlink:arcrole="http://xbrl.org/int/dim/arcrole/domain-member"
                          xlink:from="ExposureValue_1134127078818_6"
                          xlink:to="SubjectRiskWeights_1134127169167_1"
                          xlink:title="definition: ExposureValue to SubjectRiskWeights"
                          order="2.0"/>
      <link:loc xlink:type="locator"
                xlink:href="p-cm-cr-2006-07-01.xsd#p-cm-cr_SecuritisationPositions"
                xlink:label="SecuritisationPositions_1134127078807_3"
                xlink:title="SecuritisationPositions"/>
      <link:loc xlink:type="locator"
                xlink:href="p-cm-cr-2006-07-01.xsd#p-cm-cr_OriginalExposurePreConversionFactors"
                xlink:label="OriginalExposurePreConversionFactors_1134127104935_0"
                xlink:title="OriginalExposurePreConversionFactors"/>
      <link:definitionArc xlink:type="arc" xlink:arcrole="http://xbrl.org/int/dim/arcrole/domain-member"
                          xlink:from="SecuritisationPositions_1134127078807_3"
                          xlink:to="OriginalExposurePreConversionFactors_1134127104935_0"
                          xlink:title="definition: SecuritisationPositions to OriginalExposurePreConversionFactors"
                          order="1.0"/>
      <link:loc xlink:type="locator"
                xlink:href="p-cm-cr-2006-07-01.xsd#p-cm-cr_SyntheticSecuritizationsCreditProtectionSecuritisedExposures"
                xlink:label="SyntheticSecuritizationsCreditProtectionSecuritisedExposures_1134127078807_2"
                xlink:title="SyntheticSecuritizationsCreditProtectionSecuritisedExposures"/>
      <link:loc xlink:type="locator"
                xlink:href="p-cm-cr-2006-07-01.xsd#p-cm-cr_FundedCreditProtection"
                xlink:label="FundedProtection_1134127092237_0"
                xlink:title="FundedProtection"/>
      <link:definitionArc xlink:type="arc" xlink:arcrole="http://xbrl.org/int/dim/arcrole/domain-member"
                          xlink:from="SyntheticSecuritizationsCreditProtectionSecuritisedExposures_1134127078807_2"
                          xlink:to="FundedProtection_1134127092237_0"
                          xlink:title="definition: SyntheticSecuritizationsCreditProtectionSecuritisedExposures to FundedProtection"
                          order="1.0"/>
      <link:definitionArc xlink:type="arc" xlink:arcrole="http://xbrl.org/int/dim/arcrole/domain-member"
                          xlink:from="SyntheticSecuritizationsCreditProtectionSecuritisedExposures_1134127078807_2"
                          xlink:to="SyntheticSecuritizationsTotalOutflows_1134127092237_1"
                          xlink:title="definition: SyntheticSecuritizationsCreditProtectionSecuritisedExposures to SyntheticSecuritizationsTotalOutflows"
                          order="2.0"/>
      <link:loc xlink:type="locator"
                xlink:href="p-cm-cr-2006-07-01.xsd#p-cm-cr_NotionalAmountRetainedRepurchasedCreditProtection"
                xlink:label="NotionalAmountRetainedRepurchasedCreditProtection_1134127092237_2"
                xlink:title="NotionalAmountRetainedRepurchasedCreditProtection"/>
      <link:definitionArc xlink:type="arc" xlink:arcrole="http://xbrl.org/int/dim/arcrole/domain-member"
                          xlink:from="SyntheticSecuritizationsCreditProtectionSecuritisedExposures_1134127078807_2"
                          xlink:to="NotionalAmountRetainedRepurchasedCreditProtection_1134127092237_2"
                          xlink:title="definition: SyntheticSecuritizationsCreditProtectionSecuritisedExposures to NotionalAmountRetainedRepurchasedCreditProtection"
                          order="3.0"/>
      <link:loc xlink:type="locator" xlink:href="p-ss-2006-07-01.xsd#p-ss_CRSECSADomain"
                xlink:label="CRSECSADomain_1134127078807_0"
                xlink:title="CRSECSADomain"/>
      <link:loc xlink:type="locator"
                xlink:href="p-cm-cr-2006-07-01.xsd#p-cm-cr_TotalAmountSecuritisedExposuresOriginated"
                xlink:label="TotalAmountSecuritisedExposuresOriginated_1134127078807_1"
                xlink:title="TotalAmountSecuritisedExposuresOriginated"/>
      <link:definitionArc xlink:type="arc" xlink:arcrole="http://xbrl.org/int/dim/arcrole/domain-member"
                          xlink:from="CRSECSADomain_1134127078807_0"
                          xlink:to="TotalAmountSecuritisedExposuresOriginated_1134127078807_1"
                          xlink:title="definition: CRSECSADomain to TotalAmountSecuritisedExposuresOriginated"
                          order="1.0"/>
      <link:definitionArc xlink:type="arc" xlink:arcrole="http://xbrl.org/int/dim/arcrole/domain-member"
                          xlink:from="CRSECSADomain_1134127078807_0"
                          xlink:to="SyntheticSecuritizationsCreditProtectionSecuritisedExposures_1134127078807_2"
                          xlink:title="definition: CRSECSADomain to SyntheticSecuritizationsCreditProtectionSecuritisedExposures"
                          order="2.0"/>
      <link:definitionArc xlink:type="arc" xlink:arcrole="http://xbrl.org/int/dim/arcrole/domain-member"
                          xlink:from="CRSECSADomain_1134127078807_0"
                          xlink:to="SecuritisationPositions_1134127078807_3"
                          xlink:title="definition: CRSECSADomain to SecuritisationPositions"
                          order="3.0"/>
      <link:loc xlink:type="locator"
                xlink:href="p-ss-2006-07-01.xsd#p-ss_ValueAdjustmentsProvisions"
                xlink:label="ValueAdjustmentsProvisions_1134127078807_4"
                xlink:title="ValueAdjustmentsProvisions"/>
      <link:definitionArc xlink:type="arc" xlink:arcrole="http://xbrl.org/int/dim/arcrole/domain-member"
                          xlink:from="CRSECSADomain_1134127078807_0"
                          xlink:to="ValueAdjustmentsProvisions_1134127078807_4"
                          xlink:title="definition: CRSECSADomain to ValueAdjustmentsProvisions"
                          order="4.0"/>
      <link:loc xlink:type="locator"
                xlink:href="p-ss-2006-07-01.xsd#p-ss_ExposureNetValueAdjustmentsProvisions"
                xlink:label="ExposureNetValueAdjustmentsProvisions_1134127078818_0"
                xlink:title="ExposureNetValueAdjustmentsProvisions"/>
      <link:definitionArc xlink:type="arc" xlink:arcrole="http://xbrl.org/int/dim/arcrole/domain-member"
                          xlink:from="CRSECSADomain_1134127078807_0"
                          xlink:to="ExposureNetValueAdjustmentsProvisions_1134127078818_0"
                          xlink:title="definition: CRSECSADomain to ExposureNetValueAdjustmentsProvisions"
                          order="5.0"/>
      <link:definitionArc xlink:type="arc" xlink:arcrole="http://xbrl.org/int/dim/arcrole/domain-member"
                          xlink:from="CRSECSADomain_1134127078807_0"
                          xlink:to="CreditRiskMitigationTechniquesWithSubstitutionEffectsExposure_1134127078818_1"
                          xlink:title="definition: CRSECSADomain to CreditRiskMitigationTechniquesWithSubstitutionEffectsExposure"
                          order="6.0"/>
      <link:loc xlink:type="locator"
                xlink:href="p-ss-2006-07-01.xsd#p-ss_NetExposureAfterCRMSubstitutionEffectsPreConversionFactors"
                xlink:label="NetExposureAfterCRMSubstitutionEffectsPreConversionFactors_1134127078818_2"
                xlink:title="NetExposureAfterCRMSubstitutionEffectsPreConversionFactors"/>
      <link:definitionArc xlink:type="arc" xlink:arcrole="http://xbrl.org/int/dim/arcrole/domain-member"
                          xlink:from="CRSECSADomain_1134127078807_0"
                          xlink:to="NetExposureAfterCRMSubstitutionEffectsPreConversionFactors_1134127078818_2"
                          xlink:title="definition: CRSECSADomain to NetExposureAfterCRMSubstitutionEffectsPreConversionFactors"
                          order="7.0"/>
      <link:loc xlink:type="locator"
                xlink:href="p-cm-cr-2006-07-01.xsd#p-cm-cr_CreditRiskMitigationTechniquesAffectingAmountExposureFundedCreditProtection"
                xlink:label="CreditRiskMitigationTechniquesAffectingAmountExposure_1134127078818_3"
                xlink:title="CreditRiskMitigationTechniquesAffectingAmountExposure"/>
      <link:definitionArc xlink:type="arc" xlink:arcrole="http://xbrl.org/int/dim/arcrole/domain-member"
                          xlink:from="CRSECSADomain_1134127078807_0"
                          xlink:to="CreditRiskMitigationTechniquesAffectingAmountExposure_1134127078818_3"
                          xlink:title="definition: CRSECSADomain to CreditRiskMitigationTechniquesAffectingAmountExposure"
                          order="8.0"/>
      <link:loc xlink:type="locator"
                xlink:href="p-cm-cr-2006-07-01.xsd#p-cm-cr_FullyAdjustedExposureValue"
                xlink:label="FullyAdjustedExposureValue_1134127078818_4"
                xlink:title="FullyAdjustedExposureValue"/>
      <link:definitionArc xlink:type="arc" xlink:arcrole="http://xbrl.org/int/dim/arcrole/domain-member"
                          xlink:from="CRSECSADomain_1134127078807_0"
                          xlink:to="FullyAdjustedExposureValue_1134127078818_4"
                          xlink:title="definition: CRSECSADomain to FullyAdjustedExposureValue"
                          order="9.0"/>
      <link:definitionArc xlink:type="arc" xlink:arcrole="http://xbrl.org/int/dim/arcrole/domain-member"
                          xlink:from="CRSECSADomain_1134127078807_0"
                          xlink:to="BreakdownFullyAdjustedExposureValueOffBalanceSheetItems_1134127078818_5"
                          xlink:title="definition: CRSECSADomain to BreakdownFullyAdjustedExposureValueOffBalanceSheetItems"
                          order="10.0"/>
      <link:definitionArc xlink:type="arc" xlink:arcrole="http://xbrl.org/int/dim/arcrole/domain-member"
                          xlink:from="CRSECSADomain_1134127078807_0"
                          xlink:to="ExposureValue_1134127078818_6"
                          xlink:title="definition: CRSECSADomain to ExposureValue"
                          order="11.0"/>
      <link:loc xlink:type="locator"
                xlink:href="p-ss-2006-07-01.xsd#p-ss_BreakdownExposureValueSubjectRiskWeights"
                xlink:label="BreakdownExposureValueSubjectRiskWeights_1134127078818_7"
                xlink:title="BreakdownExposureValueSubjectRiskWeights"/>
      <link:definitionArc xlink:type="arc" xlink:arcrole="http://xbrl.org/int/dim/arcrole/domain-member"
                          xlink:from="CRSECSADomain_1134127078807_0"
                          xlink:to="BreakdownExposureValueSubjectRiskWeights_1134127078818_7"
                          xlink:title="definition: CRSECSADomain to BreakdownExposureValueSubjectRiskWeights"
                          order="12.0"/>
      <link:loc xlink:type="locator"
                xlink:href="p-ss-2006-07-01.xsd#p-ss_ExposureValueRiskWeightBreakdownRatedCreditQualitySteps1to4"
                xlink:label="RatedCreditQualitySteps1To4_1134127180803_0"
                xlink:title="RatedCreditQualitySteps1To4"/>
      <link:definitionArc xlink:type="arc" xlink:arcrole="http://xbrl.org/int/dim/arcrole/domain-member"
                          xlink:from="BreakdownExposureValueSubjectRiskWeights_1134127078818_7"
                          xlink:to="RatedCreditQualitySteps1To4_1134127180803_0"
                          xlink:title="definition: BreakdownExposureValueSubjectRiskWeights to RatedCreditQualitySteps1To4"
                          order="1.0"/>
      <link:loc xlink:type="locator"
                xlink:href="p-ss-2006-07-01.xsd#p-ss_ExposureValueRiskWeightBreakdownRated20Percent"
                xlink:label="RiskWeight20Percent_1134127186872_0"
                xlink:title="RiskWeight20Percent"/>
      <link:definitionArc xlink:type="arc" xlink:arcrole="http://xbrl.org/int/dim/arcrole/domain-member"
                          xlink:from="RatedCreditQualitySteps1To4_1134127180803_0"
                          xlink:to="RiskWeight20Percent_1134127186872_0"
                          xlink:title="definition: RatedCreditQualitySteps1To4 to RiskWeight20Percent"
                          order="1.0"/>
      <link:loc xlink:type="locator"
                xlink:href="p-ss-2006-07-01.xsd#p-ss_ExposureValueRiskWeightBreakdownRated50Percent"
                xlink:label="RiskWeight50Percent_1134127186872_1"
                xlink:title="RiskWeight50Percent"/>
      <link:definitionArc xlink:type="arc" xlink:arcrole="http://xbrl.org/int/dim/arcrole/domain-member"
                          xlink:from="RatedCreditQualitySteps1To4_1134127180803_0"
                          xlink:to="RiskWeight50Percent_1134127186872_1"
                          xlink:title="definition: RatedCreditQualitySteps1To4 to RiskWeight50Percent"
                          order="2.0"/>
      <link:loc xlink:type="locator"
                xlink:href="p-ss-2006-07-01.xsd#p-ss_ExposureValueRiskWeightBreakdownRated100Percent"
                xlink:label="RiskWeight100Percent_1134127186872_2"
                xlink:title="RiskWeight100Percent"/>
      <link:definitionArc xlink:type="arc" xlink:arcrole="http://xbrl.org/int/dim/arcrole/domain-member"
                          xlink:from="RatedCreditQualitySteps1To4_1134127180803_0"
                          xlink:to="RiskWeight100Percent_1134127186872_2"
                          xlink:title="definition: RatedCreditQualitySteps1To4 to RiskWeight100Percent"
                          order="3.0"/>
      <link:loc xlink:type="locator"
                xlink:href="p-ss-2006-07-01.xsd#p-ss_ExposureValueRiskWeightBreakdownRated350Percent"
                xlink:label="RiskWeight350Percent_1134127186872_3"
                xlink:title="RiskWeight350Percent"/>
      <link:definitionArc xlink:type="arc" xlink:arcrole="http://xbrl.org/int/dim/arcrole/domain-member"
                          xlink:from="RatedCreditQualitySteps1To4_1134127180803_0"
                          xlink:to="RiskWeight350Percent_1134127186872_3"
                          xlink:title="definition: RatedCreditQualitySteps1To4 to RiskWeight350Percent"
                          order="4.0"/>
      <link:loc xlink:type="locator"
                xlink:href="p-ss-2006-07-01.xsd#p-ss_ExposureValueRiskWeightBreakdown1250Percent"
                xlink:label="RiskWeight1250Percent_1134127180803_1"
                xlink:title="RiskWeight1250Percent"/>
      <link:definitionArc xlink:type="arc" xlink:arcrole="http://xbrl.org/int/dim/arcrole/domain-member"
                          xlink:from="BreakdownExposureValueSubjectRiskWeights_1134127078818_7"
                          xlink:to="RiskWeight1250Percent_1134127180803_1"
                          xlink:title="definition: BreakdownExposureValueSubjectRiskWeights to RiskWeight1250Percent"
                          order="2.0"/>
      <link:loc xlink:type="locator"
                xlink:href="p-ss-2006-07-01.xsd#p-ss_ExposureValueRiskWeightBreakdownRated1250Percent"
                xlink:label="Rated_1134127194322_0"
                xlink:title="Rated"/>
      <link:definitionArc xlink:type="arc" xlink:arcrole="http://xbrl.org/int/dim/arcrole/domain-member"
                          xlink:from="RiskWeight1250Percent_1134127180803_1"
                          xlink:to="Rated_1134127194322_0"
                          xlink:title="definition: RiskWeight1250Percent to Rated"
                          order="1.0"/>
      <link:loc xlink:type="locator"
                xlink:href="p-ss-2006-07-01.xsd#p-ss_ExposureValueRiskWeightBreakdownUnrated1250Percent"
                xlink:label="Unrated_1134127194322_1"
                xlink:title="Unrated"/>
      <link:definitionArc xlink:type="arc" xlink:arcrole="http://xbrl.org/int/dim/arcrole/domain-member"
                          xlink:from="RiskWeight1250Percent_1134127180803_1"
                          xlink:to="Unrated_1134127194322_1"
                          xlink:title="definition: RiskWeight1250Percent to Unrated"
                          order="2.0"/>
      <link:loc xlink:type="locator"
                xlink:href="p-ss-2006-07-01.xsd#p-ss_ExposureValueRiskWeightBreakdownLookThrough"
                xlink:label="LookThrough_1134127180813_0"
                xlink:title="LookThrough"/>
      <link:definitionArc xlink:type="arc" xlink:arcrole="http://xbrl.org/int/dim/arcrole/domain-member"
                          xlink:from="BreakdownExposureValueSubjectRiskWeights_1134127078818_7"
                          xlink:to="LookThrough_1134127180813_0"
                          xlink:title="definition: BreakdownExposureValueSubjectRiskWeights to LookThrough"
                          order="3.0"/>
      <link:loc xlink:type="locator"
                xlink:href="p-ss-2006-07-01.xsd#p-ss_ExposureValueRiskWeightBreakdownLookThroughOfWhichSecondLossABCP"
                xlink:label="OfWhichSecondLossABCP_1134127199680_0"
                xlink:title="OfWhichSecondLossABCP"/>
      <link:definitionArc xlink:type="arc" xlink:arcrole="http://xbrl.org/int/dim/arcrole/domain-member"
                          xlink:from="LookThrough_1134127180813_0"
                          xlink:to="OfWhichSecondLossABCP_1134127199680_0"
                          xlink:title="definition: LookThrough to OfWhichSecondLossABCP"
                          order="1.0"/>
      <link:loc xlink:type="locator"
                xlink:href="p-cm-cr-2006-07-01.xsd#p-cm-cr_RiskWeightedExposureAmounts"
                xlink:label="RiskWeightedExposureAmount_1134127078818_8"
                xlink:title="RiskWeightedExposureAmount"/>
      <link:definitionArc xlink:type="arc" xlink:arcrole="http://xbrl.org/int/dim/arcrole/domain-member"
                          xlink:from="CRSECSADomain_1134127078807_0"
                          xlink:to="RiskWeightedExposureAmount_1134127078818_8"
                          xlink:title="definition: CRSECSADomain to RiskWeightedExposureAmount"
                          order="13.0"/>
      <link:loc xlink:type="locator"
                xlink:href="p-cm-cr-2006-07-01.xsd#p-cm-cr_TotalCapitalRequirementsBeforeCAP"
                xlink:label="TotalCapitalRequirementsBeforeCAP_1134127078818_9"
                xlink:title="TotalCapitalRequirementsBeforeCAP"/>
      <link:definitionArc xlink:type="arc" xlink:arcrole="http://xbrl.org/int/dim/arcrole/domain-member"
                          xlink:from="CRSECSADomain_1134127078807_0"
                          xlink:to="TotalCapitalRequirementsBeforeCAP_1134127078818_9"
                          xlink:title="definition: CRSECSADomain to TotalCapitalRequirementsBeforeCAP"
                          order="16.0"/>
      <link:loc xlink:type="locator"
                xlink:href="p-cm-cr-2006-07-01.xsd#p-cm-cr_MemorandumItemCapitalRequirementsOutflowsSecuritisationsExposureClasses"
                xlink:label="MemorandumItemCapitalRequirements_1134127078818_10"
                xlink:title="MemorandumItemCapitalRequirements"/>
      <link:definitionArc xlink:type="arc" xlink:arcrole="http://xbrl.org/int/dim/arcrole/domain-member"
                          xlink:from="CRSECSADomain_1134127078807_0"
                          xlink:to="MemorandumItemCapitalRequirements_1134127078818_10"
                          xlink:title="definition: CRSECSADomain to MemorandumItemCapitalRequirements"
                          order="17.0"/>
      <link:loc xlink:type="locator"
                xlink:href="p-cm-ca-2006-07-01.xsd#p-cm-ca_CreditRiskCapitalRequirements"
                xlink:label="TotalCapitalRequirementsAfterCAP_1134127078818_11"
                xlink:title="TotalCapitalRequirementsAfterCAP"/>
      <link:definitionArc xlink:type="arc" xlink:arcrole="http://xbrl.org/int/dim/arcrole/domain-member"
                          xlink:from="CRSECSADomain_1134127078807_0"
                          xlink:to="TotalCapitalRequirementsAfterCAP_1134127078818_11"
                          xlink:title="definition: CRSECSADomain to TotalCapitalRequirementsAfterCAP"
                          order="18.0"/>
      <link:loc xlink:type="locator"
                xlink:href="p-cm-cr-2006-07-01.xsd#p-cm-cr_OverallEffectAdjustmentDueInfringementDueDiligenceProvisions"
                xlink:label="OverallEffectAdjustmentDueInfringementDueDiligenceProvisions"
                xlink:title="OverallEffectAdjustmentDueInfringementDueDiligenceProvisions"/>
      <link:definitionArc xlink:type="arc" xlink:arcrole="http://xbrl.org/int/dim/arcrole/domain-member"
                          xlink:from="CRSECSADomain_1134127078807_0"
                          xlink:to="OverallEffectAdjustmentDueInfringementDueDiligenceProvisions"
                          xlink:title="definition: CRSECSADomain to OverallEffectAdjustmentDueInfringementDueDiligenceProvisions"
                          order="14.0"/>
      <link:loc xlink:type="locator"
                xlink:href="p-cm-cr-2006-07-01.xsd#p-cm-cr_AdjustmentRiskWeightedExposureAmountDueMaturityMismatches"
                xlink:label="AdjustmentRiskWeightedExposureAmountDueMaturityMismatches"
                xlink:title="AdjustmentRiskWeightedExposureAmountDueMaturityMismatches"/>
      <link:definitionArc xlink:type="arc" xlink:arcrole="http://xbrl.org/int/dim/arcrole/domain-member"
                          xlink:from="CRSECSADomain_1134127078807_0"
                          xlink:to="AdjustmentRiskWeightedExposureAmountDueMaturityMismatches"
                          xlink:title="definition: CRSECSADomain to AdjustmentRiskWeightedExposureAmountDueMaturityMismatches"
                          order="15.0"/>
  </link:definitionLink>
</link:linkbase>