<?xml version="1.0" encoding="UTF-8"?>
<?taxonomy-version 1.3.1?>
<!--Copyright (C) 2011 EBA - European Banking Authority, Tower 42, 25 Old Broad Street, London, EC2N 1HQ, United Kingdom.-->            
<link:linkbase xmlns:xsi="http://www.w3.org/2001/XMLSchema-instance"
               xmlns:link="http://www.xbrl.org/2003/linkbase"
               xmlns:xlink="http://www.w3.org/1999/xlink"
               xmlns:xbrli="http://www.xbrl.org/2003/instance"
               xsi:schemaLocation="http://www.xbrl.org/2003/linkbase http://www.xbrl.org/2003/xbrl-linkbase-2003-12-31.xsd">
  <link:roleRef roleURI="http://www.c-ebs.org/2006/corep/eu/ss" xlink:type="simple"
                 xlink:href="p-ss-2006-07-01.xsd#rt_ss"/>
  <link:calculationLink xlink:type="extended" xlink:role="http://www.c-ebs.org/2006/corep/eu/ss">
      <link:loc xlink:type="locator"
                xlink:href="p-ss-2006-07-01.xsd#p-ss_ExposureNetValueAdjustmentsProvisions"
                xlink:label="ExposureNetValueAdjustmentsProvisions_1134127354421_0"
                xlink:title="ExposureNetValueAdjustmentsProvisions"/>
      <link:loc xlink:type="locator"
                xlink:href="p-cm-cr-2006-07-01.xsd#p-cm-cr_OriginalExposurePreConversionFactors"
                xlink:label="OriginalExposurePreConversionFactors_1134127354421_1"
                xlink:title="OriginalExposurePreConversionFactors"/>
      <link:calculationArc xlink:type="arc"
                           xlink:arcrole="http://www.xbrl.org/2003/arcrole/summation-item"
                           xlink:from="ExposureNetValueAdjustmentsProvisions_1134127354421_0"
                           xlink:to="OriginalExposurePreConversionFactors_1134127354421_1"
                           xlink:title="calculation: ExposureNetValueAdjustmentsProvisions to OriginalExposurePreConversionFactors"
                           order="1.0"
                           weight="1"/>
      <link:loc xlink:type="locator"
                xlink:href="p-ss-2006-07-01.xsd#p-ss_ValueAdjustmentsProvisions"
                xlink:label="ValueAdjustmentsProvisions_1134127354421_2"
                xlink:title="ValueAdjustmentsProvisions"/>
      <link:calculationArc xlink:type="arc"
                           xlink:arcrole="http://www.xbrl.org/2003/arcrole/summation-item"
                           xlink:from="ExposureNetValueAdjustmentsProvisions_1134127354421_0"
                           xlink:to="ValueAdjustmentsProvisions_1134127354421_2"
                           xlink:title="calculation: ExposureNetValueAdjustmentsProvisions to ValueAdjustmentsProvisions"
                           order="2.0"
                           weight="1"/>
      <link:loc xlink:type="locator"
                xlink:href="p-cm-cr-2006-07-01.xsd#p-cm-cr_SubjectRiskWeights"
                xlink:label="SubjectRiskWeights_1134127404342_0"
                xlink:title="SubjectRiskWeights"/>
      <link:loc xlink:type="locator" xlink:href="p-cm-cr-2006-07-01.xsd#p-cm-cr_ExposureValue"
                xlink:label="ExposureValue_1134127404342_1"
                xlink:title="ExposureValue"/>
      <link:calculationArc xlink:type="arc"
                           xlink:arcrole="http://www.xbrl.org/2003/arcrole/summation-item"
                           xlink:from="SubjectRiskWeights_1134127404342_0"
                           xlink:to="ExposureValue_1134127404342_1"
                           xlink:title="calculation: SubjectRiskWeights to ExposureValue"
                           order="1.0"
                           weight="1"/>
      <link:loc xlink:type="locator"
                xlink:href="p-cm-cr-2006-07-01.xsd#p-cm-cr_DeductedOwnFunds"
                xlink:label="DeductedFromOwnFunds_1134127404342_2"
                xlink:title="DeductedFromOwnFunds"/>
      <link:calculationArc xlink:type="arc"
                           xlink:arcrole="http://www.xbrl.org/2003/arcrole/summation-item"
                           xlink:from="SubjectRiskWeights_1134127404342_0"
                           xlink:to="DeductedFromOwnFunds_1134127404342_2"
                           xlink:title="calculation: SubjectRiskWeights to DeductedFromOwnFunds"
                           order="2.0"
                           weight="1"/>
  </link:calculationLink>
</link:linkbase>