<?xml version="1.0" encoding="UTF-8"?>
<?taxonomy-version 1.3.1?>
<!--Copyright (C) 2011 EBA - European Banking Authority, Tower 42, 25 Old Broad Street, London, EC2N 1HQ, United Kingdom.-->            
<link:linkbase xmlns:xsi="http://www.w3.org/2001/XMLSchema-instance"
               xmlns:link="http://www.xbrl.org/2003/linkbase"
               xmlns:xlink="http://www.w3.org/1999/xlink"
               xmlns:xbrli="http://www.xbrl.org/2003/instance"
               xsi:schemaLocation="http://www.xbrl.org/2003/linkbase http://www.xbrl.org/2003/xbrl-linkbase-2003-12-31.xsd">
  <link:roleRef roleURI="http://www.c-ebs.org/2006/corep/eu/ss" xlink:type="simple"
                 xlink:href="p-ss-2006-07-01.xsd#rt_ss"/>
  <link:presentationLink xlink:type="extended" xlink:role="http://www.c-ebs.org/2006/corep/eu/ss">
      <link:loc xlink:type="locator" xlink:href="p-ss-2006-07-01.xsd#p-ss_CRSECSADomain"
                xlink:label="CRSECSADomain_1134466214782_0"
                xlink:title="CRSECSADomain"/>
      <link:loc xlink:type="locator"
                xlink:href="p-cm-cr-2006-07-01.xsd#p-cm-cr_TotalAmountSecuritisedExposuresOriginated"
                xlink:label="TotalAmountSecuritisedExposuresOriginated_1134466214782_1"
                xlink:title="TotalAmountSecuritisedExposuresOriginated"/>
      <link:presentationArc xlink:type="arc" xlink:arcrole="http://www.xbrl.org/2003/arcrole/parent-child"
                            xlink:from="CRSECSADomain_1134466214782_0"
                            xlink:to="TotalAmountSecuritisedExposuresOriginated_1134466214782_1"
                            xlink:title="presentation: CRSECSADomain to TotalAmountSecuritisedExposuresOriginated"
                            order="1.0"/>
      <link:loc xlink:type="locator"
                xlink:href="p-cm-cr-2006-07-01.xsd#p-cm-cr_SyntheticSecuritizationsCreditProtectionSecuritisedExposures"
                xlink:label="SyntheticSecuritizationsCreditProtectionSecuritisedExposures_1134466214782_2"
                xlink:title="SyntheticSecuritizationsCreditProtectionSecuritisedExposures"/>
      <link:presentationArc xlink:type="arc" xlink:arcrole="http://www.xbrl.org/2003/arcrole/parent-child"
                            xlink:from="CRSECSADomain_1134466214782_0"
                            xlink:to="SyntheticSecuritizationsCreditProtectionSecuritisedExposures_1134466214782_2"
                            xlink:title="presentation: CRSECSADomain to SyntheticSecuritizationsCreditProtectionSecuritisedExposures"
                            order="2.0"/>
      <link:loc xlink:type="locator"
                xlink:href="p-cm-cr-2006-07-01.xsd#p-cm-cr_FundedCreditProtection"
                xlink:label="FundedProtection_1134466239367_0"
                xlink:title="FundedProtection"/>
      <link:presentationArc xlink:type="arc" xlink:arcrole="http://www.xbrl.org/2003/arcrole/parent-child"
                            xlink:from="SyntheticSecuritizationsCreditProtectionSecuritisedExposures_1134466214782_2"
                            xlink:to="FundedProtection_1134466239367_0"
                            xlink:title="presentation: SyntheticSecuritizationsCreditProtectionSecuritisedExposures to FundedProtection"
                            order="1.0"/>
      <link:loc xlink:type="locator"
                xlink:href="p-cm-cr-2006-07-01.xsd#p-cm-cr_SyntheticSecuritizationsCreditProtectionSecuritisedExposuresTotalOutflows"
                xlink:label="SyntheticSecuritizationsTotalOutflows_1134466239367_1"
                xlink:title="SyntheticSecuritizationsTotalOutflows"/>
      <link:presentationArc xlink:type="arc" xlink:arcrole="http://www.xbrl.org/2003/arcrole/parent-child"
                            xlink:from="SyntheticSecuritizationsCreditProtectionSecuritisedExposures_1134466214782_2"
                            xlink:to="SyntheticSecuritizationsTotalOutflows_1134466239367_1"
                            xlink:title="presentation: SyntheticSecuritizationsCreditProtectionSecuritisedExposures to SyntheticSecuritizationsTotalOutflows"
                            order="2.0"/>
      <link:loc xlink:type="locator"
                xlink:href="p-cm-cr-2006-07-01.xsd#p-cm-cr_SyntheticSecuritizationsCreditProtectionSecuritisedExposuresUnfundedCreditProtectionAdjustedValues"
                xlink:label="UnfundedProtectionAdjustedValue_1134466242020_0"
                xlink:title="UnfundedProtectionAdjustedValue"/>
      <link:presentationArc xlink:type="arc" xlink:arcrole="http://www.xbrl.org/2003/arcrole/parent-child"
                            xlink:from="SyntheticSecuritizationsTotalOutflows_1134466239367_1"
                            xlink:to="UnfundedProtectionAdjustedValue_1134466242020_0"
                            xlink:title="presentation: SyntheticSecuritizationsTotalOutflows to UnfundedProtectionAdjustedValue"
                            order="1.0"/>
      <link:loc xlink:type="locator"
                xlink:href="p-cm-cr-2006-07-01.xsd#p-cm-cr_NotionalAmountRetainedRepurchasedCreditProtection"
                xlink:label="NotionalAmountRetainedRepurchasedCreditProtection_1134466239367_2"
                xlink:title="NotionalAmountRetainedRepurchasedCreditProtection"/>
      <link:presentationArc xlink:type="arc" xlink:arcrole="http://www.xbrl.org/2003/arcrole/parent-child"
                            xlink:from="SyntheticSecuritizationsCreditProtectionSecuritisedExposures_1134466214782_2"
                            xlink:to="NotionalAmountRetainedRepurchasedCreditProtection_1134466239367_2"
                            xlink:title="presentation: SyntheticSecuritizationsCreditProtectionSecuritisedExposures to NotionalAmountRetainedRepurchasedCreditProtection"
                            order="3.0"/>
      <link:loc xlink:type="locator"
                xlink:href="p-cm-cr-2006-07-01.xsd#p-cm-cr_SecuritisationPositions"
                xlink:label="SecuritisationPositions_1134466214782_3"
                xlink:title="SecuritisationPositions"/>
      <link:presentationArc xlink:type="arc" xlink:arcrole="http://www.xbrl.org/2003/arcrole/parent-child"
                            xlink:from="CRSECSADomain_1134466214782_0"
                            xlink:to="SecuritisationPositions_1134466214782_3"
                            xlink:title="presentation: CRSECSADomain to SecuritisationPositions"
                            order="3.0"/>
      <link:loc xlink:type="locator"
                xlink:href="p-cm-cr-2006-07-01.xsd#p-cm-cr_OriginalExposurePreConversionFactors"
                xlink:label="OriginalExposurePreConversionFactors_1134466255019_0"
                xlink:title="OriginalExposurePreConversionFactors"/>
      <link:presentationArc xlink:type="arc" xlink:arcrole="http://www.xbrl.org/2003/arcrole/parent-child"
                            xlink:from="SecuritisationPositions_1134466214782_3"
                            xlink:to="OriginalExposurePreConversionFactors_1134466255019_0"
                            xlink:title="presentation: SecuritisationPositions to OriginalExposurePreConversionFactors"
                            order="1.0"/>
      <link:loc xlink:type="locator"
                xlink:href="p-ss-2006-07-01.xsd#p-ss_ValueAdjustmentsProvisions"
                xlink:label="ValueAdjustmentsProvisions_1134466214782_4"
                xlink:title="ValueAdjustmentsProvisions"/>
      <link:presentationArc xlink:type="arc" xlink:arcrole="http://www.xbrl.org/2003/arcrole/parent-child"
                            xlink:from="CRSECSADomain_1134466214782_0"
                            xlink:to="ValueAdjustmentsProvisions_1134466214782_4"
                            xlink:title="presentation: CRSECSADomain to ValueAdjustmentsProvisions"
                            order="4.0"/>
      <link:loc xlink:type="locator"
                xlink:href="p-ss-2006-07-01.xsd#p-ss_ExposureNetValueAdjustmentsProvisions"
                xlink:label="ExposureNetValueAdjustmentsProvisions_1134466214782_5"
                xlink:title="ExposureNetValueAdjustmentsProvisions"/>
      <link:presentationArc xlink:type="arc" xlink:arcrole="http://www.xbrl.org/2003/arcrole/parent-child"
                            xlink:from="CRSECSADomain_1134466214782_0"
                            xlink:to="ExposureNetValueAdjustmentsProvisions_1134466214782_5"
                            xlink:title="presentation: CRSECSADomain to ExposureNetValueAdjustmentsProvisions"
                            order="5.0"/>
      <link:loc xlink:type="locator"
                xlink:href="p-cm-cr-2006-07-01.xsd#p-cm-cr_CreditRiskMitigationTechniquesSubstitutionEffectsExposure"
                xlink:label="CreditRiskMitigationTechniquesWithSubstitutionEffectsExposure_1134466214782_6"
                xlink:title="CreditRiskMitigationTechniquesWithSubstitutionEffectsExposure"/>
      <link:presentationArc xlink:type="arc" xlink:arcrole="http://www.xbrl.org/2003/arcrole/parent-child"
                            xlink:from="CRSECSADomain_1134466214782_0"
                            xlink:to="CreditRiskMitigationTechniquesWithSubstitutionEffectsExposure_1134466214782_6"
                            xlink:title="presentation: CRSECSADomain to CreditRiskMitigationTechniquesWithSubstitutionEffectsExposure"
                            order="6.0"/>
      <link:loc xlink:type="locator"
                xlink:href="p-cm-cr-2006-07-01.xsd#p-cm-cr_CreditRiskMitigationTechniquesSubstitutionEffectsExposureFundedCreditProtection"
                xlink:label="FundedCreditProtection_1134466274035_1"
                xlink:title="FundedCreditProtection"/>
      <link:presentationArc xlink:type="arc" xlink:arcrole="http://www.xbrl.org/2003/arcrole/parent-child"
                            xlink:from="CreditRiskMitigationTechniquesWithSubstitutionEffectsExposure_1134466214782_6"
                            xlink:to="FundedCreditProtection_1134466274035_1"
                            xlink:title="presentation: CreditRiskMitigationTechniquesWithSubstitutionEffectsExposure to FundedCreditProtection"
                            order="2.0"/>
      <link:loc xlink:type="locator"
                xlink:href="p-cm-cr-2006-07-01.xsd#p-cm-cr_SubstitutionExposureCRM"
                xlink:label="SubstitutionOExposureDueCRM_1134466274035_2"
                xlink:title="SubstitutionOExposureDueCRM"/>
      <link:presentationArc xlink:type="arc" xlink:arcrole="http://www.xbrl.org/2003/arcrole/parent-child"
                            xlink:from="CreditRiskMitigationTechniquesWithSubstitutionEffectsExposure_1134466214782_6"
                            xlink:to="SubstitutionOExposureDueCRM_1134466274035_2"
                            xlink:title="presentation: CreditRiskMitigationTechniquesWithSubstitutionEffectsExposure to SubstitutionOExposureDueCRM"
                            order="3.0"/>
      <link:loc xlink:type="locator"
                xlink:href="p-cm-cr-2006-07-01.xsd#p-cm-cr_SubstitutionExposureCRMTotalOutflows"
                xlink:label="TotalOutflows_1134466278361_0"
                xlink:title="TotalOutflows"/>
      <link:presentationArc xlink:type="arc" xlink:arcrole="http://www.xbrl.org/2003/arcrole/parent-child"
                            xlink:from="SubstitutionOExposureDueCRM_1134466274035_2"
                            xlink:to="TotalOutflows_1134466278361_0"
                            xlink:title="presentation: SubstitutionOExposureDueCRM to TotalOutflows"
                            order="1.0"/>
      <link:loc xlink:type="locator"
                xlink:href="p-cm-cr-2006-07-01.xsd#p-cm-cr_SubstitutionExposureCRMTotalInflows"
                xlink:label="TotalInflows_1134466278361_1"
                xlink:title="TotalInflows"/>
      <link:presentationArc xlink:type="arc" xlink:arcrole="http://www.xbrl.org/2003/arcrole/parent-child"
                            xlink:from="SubstitutionOExposureDueCRM_1134466274035_2"
                            xlink:to="TotalInflows_1134466278361_1"
                            xlink:title="presentation: SubstitutionOExposureDueCRM to TotalInflows"
                            order="2.0"/>
      <link:loc xlink:type="locator"
                xlink:href="p-cm-cr-2006-07-01.xsd#p-cm-cr_CreditRiskMitigationTechniquesAffectingAmountExposureFundedCreditProtectionUnfundedCreditProtectionAdjustedValues"
                xlink:label="CreditRiskMitigationTechniquesAffectingAmountExposureFundedCreditProtectionUnfundedCreditProtectionAdjustedValues"
                xlink:title="CreditRiskMitigationTechniquesAffectingAmountExposureFundedCreditProtectionUnfundedCreditProtectionAdjustedValues"/>
      <link:presentationArc xlink:type="arc" xlink:arcrole="http://www.xbrl.org/2003/arcrole/parent-child"
                            xlink:from="CreditRiskMitigationTechniquesWithSubstitutionEffectsExposure_1134466214782_6"
                            xlink:to="CreditRiskMitigationTechniquesAffectingAmountExposureFundedCreditProtectionUnfundedCreditProtectionAdjustedValues"
                            xlink:title="presentation: CreditRiskMitigationTechniquesSubstitutionEffectsExposure to CreditRiskMitigationTechniquesAffectingAmountExposureFundedCreditProtectionUnfundedCreditProtectionAdjustedValues"
                            order="1.0"/>
      <link:loc xlink:type="locator"
                xlink:href="p-ss-2006-07-01.xsd#p-ss_NetExposureAfterCRMSubstitutionEffectsPreConversionFactors"
                xlink:label="NetExposureAfterCRMSubstitutionEffectsPreConversionFactors_1134466214782_7"
                xlink:title="NetExposureAfterCRMSubstitutionEffectsPreConversionFactors"/>
      <link:presentationArc xlink:type="arc" xlink:arcrole="http://www.xbrl.org/2003/arcrole/parent-child"
                            xlink:from="CRSECSADomain_1134466214782_0"
                            xlink:to="NetExposureAfterCRMSubstitutionEffectsPreConversionFactors_1134466214782_7"
                            xlink:title="presentation: CRSECSADomain to NetExposureAfterCRMSubstitutionEffectsPreConversionFactors"
                            order="7.0"/>
      <link:loc xlink:type="locator"
                xlink:href="p-cm-cr-2006-07-01.xsd#p-cm-cr_CreditRiskMitigationTechniquesAffectingAmountExposureFundedCreditProtection"
                xlink:label="CreditRiskMitigationTechniquesAffectingAmountExposure_1134466214782_8"
                xlink:title="CreditRiskMitigationTechniquesAffectingAmountExposure"/>
      <link:presentationArc xlink:type="arc" xlink:arcrole="http://www.xbrl.org/2003/arcrole/parent-child"
                            xlink:from="CRSECSADomain_1134466214782_0"
                            xlink:to="CreditRiskMitigationTechniquesAffectingAmountExposure_1134466214782_8"
                            xlink:title="presentation: CRSECSADomain to CreditRiskMitigationTechniquesAffectingAmountExposure"
                            order="8.0"/>
      <link:loc xlink:type="locator"
                xlink:href="p-cm-cr-2006-07-01.xsd#p-cm-cr_FullyAdjustedExposureValue"
                xlink:label="FullyAdjustedExposureValue_1134466214782_9"
                xlink:title="FullyAdjustedExposureValue"/>
      <link:presentationArc xlink:type="arc" xlink:arcrole="http://www.xbrl.org/2003/arcrole/parent-child"
                            xlink:from="CRSECSADomain_1134466214782_0"
                            xlink:to="FullyAdjustedExposureValue_1134466214782_9"
                            xlink:title="presentation: CRSECSADomain to FullyAdjustedExposureValue"
                            order="9.0"/>
      <link:loc xlink:type="locator"
                xlink:href="p-cm-cr-2006-07-01.xsd#p-cm-cr_BreakdownFullyAdjustedExposureValueOffBalanceSheetItemsConversionFactors"
                xlink:label="BreakdownFullyAdjustedExposureValueOffBalanceSheetItems_1134466214782_10"
                xlink:title="BreakdownFullyAdjustedExposureValueOffBalanceSheetItems"/>
      <link:presentationArc xlink:type="arc" xlink:arcrole="http://www.xbrl.org/2003/arcrole/parent-child"
                            xlink:from="CRSECSADomain_1134466214782_0"
                            xlink:to="BreakdownFullyAdjustedExposureValueOffBalanceSheetItems_1134466214782_10"
                            xlink:title="presentation: CRSECSADomain to BreakdownFullyAdjustedExposureValueOffBalanceSheetItems"
                            order="10.0"/>
      <link:loc xlink:type="locator"
                xlink:href="p-cm-cr-2006-07-01.xsd#p-cm-cr_ConversionFactor0Percent"
                xlink:label="ConversionFactor0Percent_1134466301544_0"
                xlink:title="ConversionFactor0Percent"/>
      <link:presentationArc xlink:type="arc" xlink:arcrole="http://www.xbrl.org/2003/arcrole/parent-child"
                            xlink:from="BreakdownFullyAdjustedExposureValueOffBalanceSheetItems_1134466214782_10"
                            xlink:to="ConversionFactor0Percent_1134466301544_0"
                            xlink:title="presentation: BreakdownFullyAdjustedExposureValueOffBalanceSheetItems to ConversionFactor0Percent"
                            order="1.0"/>
      <link:loc xlink:type="locator"
                xlink:href="p-cm-cr-2006-07-01.xsd#p-cm-cr_ConversionFactorBetween0And20Percent"
                xlink:label="ConversionFactorBetween0And20Percent_1134466301544_1"
                xlink:title="ConversionFactorBetween0And20Percent"/>
      <link:presentationArc xlink:type="arc" xlink:arcrole="http://www.xbrl.org/2003/arcrole/parent-child"
                            xlink:from="BreakdownFullyAdjustedExposureValueOffBalanceSheetItems_1134466214782_10"
                            xlink:to="ConversionFactorBetween0And20Percent_1134466301544_1"
                            xlink:title="presentation: BreakdownFullyAdjustedExposureValueOffBalanceSheetItems to ConversionFactorBetween0And20Percent"
                            order="2.0"/>
      <link:loc xlink:type="locator"
                xlink:href="p-cm-cr-2006-07-01.xsd#p-cm-cr_ConversionFactorBetween20And50Percent"
                xlink:label="ConversionFactorBetween20And50Percent_1134466301544_2"
                xlink:title="ConversionFactorBetween20And50Percent"/>
      <link:presentationArc xlink:type="arc" xlink:arcrole="http://www.xbrl.org/2003/arcrole/parent-child"
                            xlink:from="BreakdownFullyAdjustedExposureValueOffBalanceSheetItems_1134466214782_10"
                            xlink:to="ConversionFactorBetween20And50Percent_1134466301544_2"
                            xlink:title="presentation: BreakdownFullyAdjustedExposureValueOffBalanceSheetItems to ConversionFactorBetween20And50Percent"
                            order="3.0"/>
      <link:loc xlink:type="locator"
                xlink:href="p-cm-cr-2006-07-01.xsd#p-cm-cr_ConversionFactorBetween50And100Percent"
                xlink:label="ConversionFactorBetween50And100Percent_1134466301544_3"
                xlink:title="ConversionFactorBetween50And100Percent"/>
      <link:presentationArc xlink:type="arc" xlink:arcrole="http://www.xbrl.org/2003/arcrole/parent-child"
                            xlink:from="BreakdownFullyAdjustedExposureValueOffBalanceSheetItems_1134466214782_10"
                            xlink:to="ConversionFactorBetween50And100Percent_1134466301544_3"
                            xlink:title="presentation: BreakdownFullyAdjustedExposureValueOffBalanceSheetItems to ConversionFactorBetween50And100Percent"
                            order="4.0"/>
      <link:loc xlink:type="locator" xlink:href="p-cm-cr-2006-07-01.xsd#p-cm-cr_ExposureValue"
                xlink:label="ExposureValue_1134466214782_11"
                xlink:title="ExposureValue"/>
      <link:presentationArc xlink:type="arc" xlink:arcrole="http://www.xbrl.org/2003/arcrole/parent-child"
                            xlink:from="CRSECSADomain_1134466214782_0"
                            xlink:to="ExposureValue_1134466214782_11"
                            xlink:title="presentation: CRSECSADomain to ExposureValue"
                            order="11.0"/>
      <link:loc xlink:type="locator"
                xlink:href="p-cm-cr-2006-07-01.xsd#p-cm-cr_DeductedOwnFunds"
                xlink:label="DeductedFromOwnFunds_1134466309015_0"
                xlink:title="DeductedFromOwnFunds"/>
      <link:presentationArc xlink:type="arc" xlink:arcrole="http://www.xbrl.org/2003/arcrole/parent-child"
                            xlink:from="ExposureValue_1134466214782_11"
                            xlink:to="DeductedFromOwnFunds_1134466309015_0"
                            xlink:title="presentation: ExposureValue to DeductedFromOwnFunds"
                            order="1.0"/>
      <link:loc xlink:type="locator"
                xlink:href="p-cm-cr-2006-07-01.xsd#p-cm-cr_SubjectRiskWeights"
                xlink:label="SubjectRiskWeights_1134466309015_1"
                xlink:title="SubjectRiskWeights"/>
      <link:presentationArc xlink:type="arc" xlink:arcrole="http://www.xbrl.org/2003/arcrole/parent-child"
                            xlink:from="ExposureValue_1134466214782_11"
                            xlink:to="SubjectRiskWeights_1134466309015_1"
                            xlink:title="presentation: ExposureValue to SubjectRiskWeights"
                            order="2.0"/>
      <link:loc xlink:type="locator"
                xlink:href="p-ss-2006-07-01.xsd#p-ss_BreakdownExposureValueSubjectRiskWeights"
                xlink:label="BreakdownExposureValueSubjectRiskWeights_1134466214782_12"
                xlink:title="BreakdownExposureValueSubjectRiskWeights"/>
      <link:presentationArc xlink:type="arc" xlink:arcrole="http://www.xbrl.org/2003/arcrole/parent-child"
                            xlink:from="CRSECSADomain_1134466214782_0"
                            xlink:to="BreakdownExposureValueSubjectRiskWeights_1134466214782_12"
                            xlink:title="presentation: CRSECSADomain to BreakdownExposureValueSubjectRiskWeights"
                            order="12.0"/>
      <link:loc xlink:type="locator"
                xlink:href="p-ss-2006-07-01.xsd#p-ss_ExposureValueRiskWeightBreakdownRatedCreditQualitySteps1to4"
                xlink:label="RatedCreditQualitySteps1To4_1134466323235_0"
                xlink:title="RatedCreditQualitySteps1To4"/>
      <link:presentationArc xlink:type="arc" xlink:arcrole="http://www.xbrl.org/2003/arcrole/parent-child"
                            xlink:from="BreakdownExposureValueSubjectRiskWeights_1134466214782_12"
                            xlink:to="RatedCreditQualitySteps1To4_1134466323235_0"
                            xlink:title="presentation: BreakdownExposureValueSubjectRiskWeights to RatedCreditQualitySteps1To4"
                            order="1.0"/>
      <link:loc xlink:type="locator"
                xlink:href="p-ss-2006-07-01.xsd#p-ss_ExposureValueRiskWeightBreakdownRated20Percent"
                xlink:label="RiskWeight20Percent_1134466327330_0"
                xlink:title="RiskWeight20Percent"/>
      <link:presentationArc xlink:type="arc" xlink:arcrole="http://www.xbrl.org/2003/arcrole/parent-child"
                            xlink:from="RatedCreditQualitySteps1To4_1134466323235_0"
                            xlink:to="RiskWeight20Percent_1134466327330_0"
                            xlink:title="presentation: RatedCreditQualitySteps1To4 to RiskWeight20Percent"
                            order="1.0"/>
      <link:loc xlink:type="locator"
                xlink:href="p-ss-2006-07-01.xsd#p-ss_ExposureValueRiskWeightBreakdownRated50Percent"
                xlink:label="RiskWeight50Percent_1134466327330_1"
                xlink:title="RiskWeight50Percent"/>
      <link:presentationArc xlink:type="arc" xlink:arcrole="http://www.xbrl.org/2003/arcrole/parent-child"
                            xlink:from="RatedCreditQualitySteps1To4_1134466323235_0"
                            xlink:to="RiskWeight50Percent_1134466327330_1"
                            xlink:title="presentation: RatedCreditQualitySteps1To4 to RiskWeight50Percent"
                            order="2.0"/>
      <link:loc xlink:type="locator"
                xlink:href="p-ss-2006-07-01.xsd#p-ss_ExposureValueRiskWeightBreakdownRated100Percent"
                xlink:label="RiskWeight100Percent_1134466327330_2"
                xlink:title="RiskWeight100Percent"/>
      <link:presentationArc xlink:type="arc" xlink:arcrole="http://www.xbrl.org/2003/arcrole/parent-child"
                            xlink:from="RatedCreditQualitySteps1To4_1134466323235_0"
                            xlink:to="RiskWeight100Percent_1134466327330_2"
                            xlink:title="presentation: RatedCreditQualitySteps1To4 to RiskWeight100Percent"
                            order="3.0"/>
      <link:loc xlink:type="locator"
                xlink:href="p-ss-2006-07-01.xsd#p-ss_ExposureValueRiskWeightBreakdownRated350Percent"
                xlink:label="RiskWeight350Percent_1134466327330_3"
                xlink:title="RiskWeight350Percent"/>
      <link:presentationArc xlink:type="arc" xlink:arcrole="http://www.xbrl.org/2003/arcrole/parent-child"
                            xlink:from="RatedCreditQualitySteps1To4_1134466323235_0"
                            xlink:to="RiskWeight350Percent_1134466327330_3"
                            xlink:title="presentation: RatedCreditQualitySteps1To4 to RiskWeight350Percent"
                            order="4.0"/>
      <link:loc xlink:type="locator"
                xlink:href="p-ss-2006-07-01.xsd#p-ss_ExposureValueRiskWeightBreakdown1250Percent"
                xlink:label="RiskWeight1250Percent_1134466323235_1"
                xlink:title="RiskWeight1250Percent"/>
      <link:presentationArc xlink:type="arc" xlink:arcrole="http://www.xbrl.org/2003/arcrole/parent-child"
                            xlink:from="BreakdownExposureValueSubjectRiskWeights_1134466214782_12"
                            xlink:to="RiskWeight1250Percent_1134466323235_1"
                            xlink:title="presentation: BreakdownExposureValueSubjectRiskWeights to RiskWeight1250Percent"
                            order="2.0"/>
      <link:loc xlink:type="locator"
                xlink:href="p-ss-2006-07-01.xsd#p-ss_ExposureValueRiskWeightBreakdownRated1250Percent"
                xlink:label="Rated_1134466331897_0"
                xlink:title="Rated"/>
      <link:presentationArc xlink:type="arc" xlink:arcrole="http://www.xbrl.org/2003/arcrole/parent-child"
                            xlink:from="RiskWeight1250Percent_1134466323235_1"
                            xlink:to="Rated_1134466331897_0"
                            xlink:title="presentation: RiskWeight1250Percent to Rated"
                            order="1.0"/>
      <link:loc xlink:type="locator"
                xlink:href="p-ss-2006-07-01.xsd#p-ss_ExposureValueRiskWeightBreakdownUnrated1250Percent"
                xlink:label="Unrated_1134466331897_1"
                xlink:title="Unrated"/>
      <link:presentationArc xlink:type="arc" xlink:arcrole="http://www.xbrl.org/2003/arcrole/parent-child"
                            xlink:from="RiskWeight1250Percent_1134466323235_1"
                            xlink:to="Unrated_1134466331897_1"
                            xlink:title="presentation: RiskWeight1250Percent to Unrated"
                            order="2.0"/>
      <link:loc xlink:type="locator"
                xlink:href="p-ss-2006-07-01.xsd#p-ss_ExposureValueRiskWeightBreakdownLookThrough"
                xlink:label="LookThrough_1134466323245_0"
                xlink:title="LookThrough"/>
      <link:presentationArc xlink:type="arc" xlink:arcrole="http://www.xbrl.org/2003/arcrole/parent-child"
                            xlink:from="BreakdownExposureValueSubjectRiskWeights_1134466214782_12"
                            xlink:to="LookThrough_1134466323245_0"
                            xlink:title="presentation: BreakdownExposureValueSubjectRiskWeights to LookThrough"
                            order="3.0"/>
      <link:loc xlink:type="locator"
                xlink:href="p-ss-2006-07-01.xsd#p-ss_ExposureValueRiskWeightBreakdownLookThroughOfWhichSecondLossABCP"
                xlink:label="OfWhichSecondLossABCP_1134466338396_0"
                xlink:title="OfWhichSecondLossABCP"/>
      <link:presentationArc xlink:type="arc" xlink:arcrole="http://www.xbrl.org/2003/arcrole/parent-child"
                            xlink:from="LookThrough_1134466323245_0"
                            xlink:to="OfWhichSecondLossABCP_1134466338396_0"
                            xlink:title="presentation: LookThrough to OfWhichSecondLossABCP"
                            order="1.0"/>
      <link:loc xlink:type="locator"
                xlink:href="p-cm-cr-2006-07-01.xsd#p-cm-cr_RiskWeightedExposureAmounts"
                xlink:label="RiskWeightedExposureAmount_1134466214782_13"
                xlink:title="RiskWeightedExposureAmount"/>
      <link:presentationArc xlink:type="arc" xlink:arcrole="http://www.xbrl.org/2003/arcrole/parent-child"
                            xlink:from="CRSECSADomain_1134466214782_0"
                            xlink:to="RiskWeightedExposureAmount_1134466214782_13"
                            xlink:title="presentation: CRSECSADomain to RiskWeightedExposureAmount"
                            order="13.0"/>
      <link:loc xlink:type="locator"
                xlink:href="p-cm-cr-2006-07-01.xsd#p-cm-cr_TotalCapitalRequirementsBeforeCAP"
                xlink:label="TotalCapitalRequirementsBeforeCAP_1134466214782_14"
                xlink:title="TotalCapitalRequirementsBeforeCAP"/>
      <link:presentationArc xlink:type="arc" xlink:arcrole="http://www.xbrl.org/2003/arcrole/parent-child"
                            xlink:from="CRSECSADomain_1134466214782_0"
                            xlink:to="TotalCapitalRequirementsBeforeCAP_1134466214782_14"
                            xlink:title="presentation: CRSECSADomain to TotalCapitalRequirementsBeforeCAP"
                            order="16.0"/>
      <link:loc xlink:type="locator"
                xlink:href="p-cm-cr-2006-07-01.xsd#p-cm-cr_MemorandumItemCapitalRequirementsOutflowsSecuritisationsExposureClasses"
                xlink:label="MemorandumItemCapitalRequirements_1134466214782_15"
                xlink:title="MemorandumItemCapitalRequirements"/>
      <link:presentationArc xlink:type="arc" xlink:arcrole="http://www.xbrl.org/2003/arcrole/parent-child"
                            xlink:from="CRSECSADomain_1134466214782_0"
                            xlink:to="MemorandumItemCapitalRequirements_1134466214782_15"
                            xlink:title="presentation: CRSECSADomain to MemorandumItemCapitalRequirements"
                            order="17.0"/>
      <link:loc xlink:type="locator"
                xlink:href="p-cm-ca-2006-07-01.xsd#p-cm-ca_CreditRiskCapitalRequirements"
                xlink:label="TotalCapitalRequirementsAfterCAP_1134466214782_16"
                xlink:title="TotalCapitalRequirementsAfterCAP"/>
      <link:presentationArc xlink:type="arc" xlink:arcrole="http://www.xbrl.org/2003/arcrole/parent-child"
                            xlink:from="CRSECSADomain_1134466214782_0"
                            xlink:to="TotalCapitalRequirementsAfterCAP_1134466214782_16"
                            xlink:title="presentation: CRSECSADomain to TotalCapitalRequirementsAfterCAP"
                            order="18.0"/>
      <link:loc xlink:type="locator"
                xlink:href="p-cm-cr-2006-07-01.xsd#p-cm-cr_OverallEffectAdjustmentDueInfringementDueDiligenceProvisions"
                xlink:label="OverallEffectAdjustmentDueInfringementDueDiligenceProvisions"
                xlink:title="OverallEffectAdjustmentDueInfringementDueDiligenceProvisions"/>
      <link:presentationArc xlink:type="arc" xlink:arcrole="http://www.xbrl.org/2003/arcrole/parent-child"
                            xlink:from="CRSECSADomain_1134466214782_0"
                            xlink:to="OverallEffectAdjustmentDueInfringementDueDiligenceProvisions"
                            xlink:title="presentation: CRSECSADomain to OverallEffectAdjustmentDueInfringementDueDiligenceProvisions"
                            order="14.0"/>
      <link:loc xlink:type="locator"
                xlink:href="p-cm-cr-2006-07-01.xsd#p-cm-cr_AdjustmentRiskWeightedExposureAmountDueMaturityMismatches"
                xlink:label="AdjustmentRiskWeightedExposureAmountDueMaturityMismatches"
                xlink:title="AdjustmentRiskWeightedExposureAmountDueMaturityMismatches"/>
      <link:presentationArc xlink:type="arc" xlink:arcrole="http://www.xbrl.org/2003/arcrole/parent-child"
                            xlink:from="CRSECSADomain_1134466214782_0"
                            xlink:to="AdjustmentRiskWeightedExposureAmountDueMaturityMismatches"
                            xlink:title="presentation: CRSECSADomain to AdjustmentRiskWeightedExposureAmountDueMaturityMismatches"
                            order="15.0"/>
  </link:presentationLink>
</link:linkbase>