<?xml version="1.0" encoding="UTF-8"?>
<?taxonomy-version 1.3.1?>
<!--Copyright (C) 2011 EBA - European Banking Authority, Tower 42, 25 Old Broad Street, London, EC2N 1HQ, United Kingdom.-->            
<link:linkbase xmlns:xsi="http://www.w3.org/2001/XMLSchema-instance"
               xmlns:p-ss="http://www.c-ebs.org/eu/fr/esrs/corep/2006-07-01/p-ss-2006-07-01"
               xmlns:link="http://www.xbrl.org/2003/linkbase"
               xmlns:xlink="http://www.w3.org/1999/xlink"
               xmlns:xbrli="http://www.xbrl.org/2003/instance"
               xsi:schemaLocation="http://www.xbrl.org/2003/linkbase http://www.xbrl.org/2003/xbrl-linkbase-2003-12-31.xsd">
  <link:roleRef roleURI="http://www.c-ebs.org/2006/corep/eu/ss" xlink:type="simple"
                 xlink:href="p-ss-2006-07-01.xsd#rt_ss"/>
  <link:labelLink xlink:type="extended" xlink:role="http://www.c-ebs.org/2006/corep/eu/ss">
      <link:loc xlink:type="locator"
                xlink:href="p-cm-cr-2006-07-01.xsd#p-cm-cr_OriginalExposurePreConversionFactors"
                xlink:label="OriginalExposurePreConversionFactors"
                xlink:title="OriginalExposurePreConversionFactors"/>
      <link:label xlink:type="resource" xlink:label="label_OriginalExposurePreConversionFactors"
                  xlink:role="http://www.xbrl.org/2003/role/documentation"
                  xlink:title="label_OriginalExposurePreConversionFactors"
                  xml:lang="en"
                  id="label_OriginalExposurePreConversionFactors">Core Layer</link:label>
      <link:labelArc xlink:type="arc" xlink:arcrole="http://www.xbrl.org/2003/arcrole/concept-label"
                     xlink:from="OriginalExposurePreConversionFactors"
                     xlink:to="label_OriginalExposurePreConversionFactors"
                     xlink:title="label: OriginalExposurePreConversionFactors to label_OriginalExposurePreConversionFactors"/>
      <link:loc xlink:type="locator"
                xlink:href="p-cm-cr-2006-07-01.xsd#p-cm-cr_SyntheticSecuritizationsCreditProtectionSecuritisedExposuresUnfundedCreditProtectionAdjustedValues"
                xlink:label="UnfundedProtectionAdjustedValue"
                xlink:title="UnfundedProtectionAdjustedValue"/>
      <link:label xlink:type="resource" xlink:label="label_UnfundedProtectionAdjustedValue"
                  xlink:role="http://www.xbrl.org/2003/role/documentation"
                  xlink:title="label_UnfundedProtectionAdjustedValue"
                  xml:lang="en"
                  id="label_UnfundedProtectionAdjustedValue">Detailed layer</link:label>
      <link:labelArc xlink:type="arc" xlink:arcrole="http://www.xbrl.org/2003/arcrole/concept-label"
                     xlink:from="UnfundedProtectionAdjustedValue"
                     xlink:to="label_UnfundedProtectionAdjustedValue"
                     xlink:title="label: UnfundedProtectionAdjustedValue to label_UnfundedProtectionAdjustedValue"/>
      <link:loc xlink:type="locator"
                xlink:href="p-cm-cr-2006-07-01.xsd#p-cm-cr_CreditRiskMitigationTechniquesSubstitutionEffectsExposureFundedCreditProtection"
                xlink:label="CreditRiskMitigationTechniquesSubstitutionEffectsExposureFundedCreditProtection"
                xlink:title="CreditRiskMitigationTechniquesSubstitutionEffectsExposureFundedCreditProtection"/>
      <link:label xlink:type="resource"
                  xlink:label="label_CreditRiskMitigationTechniquesSubstitutionEffectsExposureFundedCreditProtection"
                  xlink:role="http://www.xbrl.org/2003/role/documentation"
                  xlink:title="label_CreditRiskMitigationTechniquesSubstitutionEffectsExposureFundedCreditProtection"
                  xml:lang="en"
                  id="label_CreditRiskMitigationTechniquesSubstitutionEffectsExposureFundedCreditProtection">Detailed Layer</link:label>
      <link:labelArc xlink:type="arc" xlink:arcrole="http://www.xbrl.org/2003/arcrole/concept-label"
                     xlink:from="CreditRiskMitigationTechniquesSubstitutionEffectsExposureFundedCreditProtection"
                     xlink:to="label_CreditRiskMitigationTechniquesSubstitutionEffectsExposureFundedCreditProtection"
                     xlink:title="label: CreditRiskMitigationTechniquesSubstitutionEffectsExposureFundedCreditProtection to label_CreditRiskMitigationTechniquesSubstitutionEffectsExposureFundedCreditProtection"/>
      <link:loc xlink:type="locator"
                xlink:href="p-cm-cr-2006-07-01.xsd#p-cm-cr_SubstitutionExposureCRM"
                xlink:label="SubstitutionExposureCRM"
                xlink:title="SubstitutionExposureCRM"/>
      <link:label xlink:type="resource" xlink:label="label_SubstitutionExposureCRM"
                  xlink:role="http://www.xbrl.org/2003/role/documentation"
                  xlink:title="label_SubstitutionExposureCRM"
                  xml:lang="en"
                  id="label_SubstitutionExposureCRM">Core Layer</link:label>
      <link:labelArc xlink:type="arc" xlink:arcrole="http://www.xbrl.org/2003/arcrole/concept-label"
                     xlink:from="SubstitutionExposureCRM"
                     xlink:to="label_SubstitutionExposureCRM"
                     xlink:title="label: SubstitutionExposureCRM to label_SubstitutionExposureCRM"/>
      <link:loc xlink:type="locator"
                xlink:href="p-cm-cr-2006-07-01.xsd#p-cm-cr_SubstitutionExposureCRMTotalOutflows"
                xlink:label="SubstitutionExposureCRMTotalOutflows"
                xlink:title="SubstitutionExposureCRMTotalOutflows"/>
      <link:label xlink:type="resource" xlink:label="label_SubstitutionExposureCRMTotalOutflows"
                  xlink:role="http://www.xbrl.org/2003/role/documentation"
                  xlink:title="label_SubstitutionExposureCRMTotalOutflows"
                  xml:lang="en"
                  id="label_SubstitutionExposureCRMTotalOutflows">Core Layer</link:label>
      <link:labelArc xlink:type="arc" xlink:arcrole="http://www.xbrl.org/2003/arcrole/concept-label"
                     xlink:from="SubstitutionExposureCRMTotalOutflows"
                     xlink:to="label_SubstitutionExposureCRMTotalOutflows"
                     xlink:title="label: SubstitutionExposureCRMTotalOutflows to label_SubstitutionExposureCRMTotalOutflows"/>
      <link:loc xlink:type="locator"
                xlink:href="p-cm-cr-2006-07-01.xsd#p-cm-cr_BreakdownFullyAdjustedExposureValueOffBalanceSheetItemsConversionFactors"
                xlink:label="BreakdownFullyAdjustedExposureValueOffBalanceSheetItemsConversionFactors"
                xlink:title="BreakdownFullyAdjustedExposureValueOffBalanceSheetItemsConversionFactors"/>
      <link:label xlink:type="resource"
                  xlink:label="label_BreakdownFullyAdjustedExposureValueOffBalanceSheetItemsConversionFactors"
                  xlink:role="http://www.xbrl.org/2003/role/documentation"
                  xlink:title="label_BreakdownFullyAdjustedExposureValueOffBalanceSheetItemsConversionFactors"
                  xml:lang="en"
                  id="label_BreakdownFullyAdjustedExposureValueOffBalanceSheetItemsConversionFactors">Detailed Layer</link:label>
      <link:labelArc xlink:type="arc" xlink:arcrole="http://www.xbrl.org/2003/arcrole/concept-label"
                     xlink:from="BreakdownFullyAdjustedExposureValueOffBalanceSheetItemsConversionFactors"
                     xlink:to="label_BreakdownFullyAdjustedExposureValueOffBalanceSheetItemsConversionFactors"
                     xlink:title="label: BreakdownFullyAdjustedExposureValueOffBalanceSheetItemsConversionFactors to label_BreakdownFullyAdjustedExposureValueOffBalanceSheetItemsConversionFactors"/>
      <link:loc xlink:type="locator" xlink:href="p-cm-cr-2006-07-01.xsd#p-cm-cr_ExposureValue"
                xlink:label="ExposureValue"
                xlink:title="ExposureValue"/>
      <link:label xlink:type="resource" xlink:label="label_ExposureValue"
                  xlink:role="http://www.xbrl.org/2003/role/documentation"
                  xlink:title="label_ExposureValue"
                  xml:lang="en"
                  id="label_ExposureValue">Core Layer</link:label>
      <link:labelArc xlink:type="arc" xlink:arcrole="http://www.xbrl.org/2003/arcrole/concept-label"
                     xlink:from="ExposureValue"
                     xlink:to="label_ExposureValue"
                     xlink:title="label: ExposureValue to label_ExposureValue"/>
      <link:loc xlink:type="locator"
                xlink:href="p-cm-cr-2006-07-01.xsd#p-cm-cr_RiskWeightedExposureAmounts"
                xlink:label="RiskWeightedExposureAmount"
                xlink:title="RiskWeightedExposureAmount"/>
      <link:label xlink:type="resource" xlink:label="label_RiskWeightedExposureAmount"
                  xlink:role="http://www.xbrl.org/2003/role/documentation"
                  xlink:title="label_RiskWeightedExposureAmount"
                  xml:lang="en"
                  id="label_RiskWeightedExposureAmount">Core Layer</link:label>
      <link:labelArc xlink:type="arc" xlink:arcrole="http://www.xbrl.org/2003/arcrole/concept-label"
                     xlink:from="RiskWeightedExposureAmount"
                     xlink:to="label_RiskWeightedExposureAmount"
                     xlink:title="label: RiskWeightedExposureAmount to label_RiskWeightedExposureAmount"/>
      <link:loc xlink:type="locator"
                xlink:href="p-cm-cr-2006-07-01.xsd#p-cm-cr_TotalAmountSecuritisedExposuresOriginated"
                xlink:label="TotalAmountSecuritisedExposuresOriginated"
                xlink:title="TotalAmountSecuritisedExposuresOriginated"/>
      <link:label xlink:type="resource"
                  xlink:label="label_TotalAmountSecuritisedExposuresOriginated"
                  xlink:role="http://www.xbrl.org/2003/role/documentation"
                  xlink:title="label_TotalAmountSecuritisedExposuresOriginated"
                  xml:lang="en"
                  id="label_TotalAmountSecuritisedExposuresOriginated">Core Layer</link:label>
      <link:labelArc xlink:type="arc" xlink:arcrole="http://www.xbrl.org/2003/arcrole/concept-label"
                     xlink:from="TotalAmountSecuritisedExposuresOriginated"
                     xlink:to="label_TotalAmountSecuritisedExposuresOriginated"
                     xlink:title="label: TotalAmountSecuritisedExposuresOriginated to label_TotalAmountSecuritisedExposuresOriginated"/>
      <link:loc xlink:type="locator"
                xlink:href="p-cm-cr-2006-07-01.xsd#p-cm-cr_SyntheticSecuritizationsCreditProtectionSecuritisedExposures"
                xlink:label="SyntheticSecuritizationsCreditProtectionSecuritisedExposures"
                xlink:title="SyntheticSecuritizationsCreditProtectionSecuritisedExposures"/>
      <link:label xlink:type="resource"
                  xlink:label="label_SyntheticSecuritizationsCreditProtectionSecuritisedExposures"
                  xlink:role="http://www.xbrl.org/2003/role/documentation"
                  xlink:title="label_SyntheticSecuritizationsCreditProtectionSecuritisedExposures"
                  xml:lang="en"
                  id="label_SyntheticSecuritizationsCreditProtectionSecuritisedExposures">Detailed Layer</link:label>
      <link:labelArc xlink:type="arc" xlink:arcrole="http://www.xbrl.org/2003/arcrole/concept-label"
                     xlink:from="SyntheticSecuritizationsCreditProtectionSecuritisedExposures"
                     xlink:to="label_SyntheticSecuritizationsCreditProtectionSecuritisedExposures"
                     xlink:title="label: SyntheticSecuritizationsCreditProtectionSecuritisedExposures to label_SyntheticSecuritizationsCreditProtectionSecuritisedExposures"/>
      <link:loc xlink:type="locator"
                xlink:href="p-cm-cr-2006-07-01.xsd#p-cm-cr_FundedCreditProtection"
                xlink:label="FundedProtection"
                xlink:title="FundedProtection"/>
      <link:label xlink:type="resource" xlink:label="label_FundedProtection"
                  xlink:role="http://www.xbrl.org/2003/role/documentation"
                  xlink:title="label_FundedProtection"
                  xml:lang="en"
                  id="label_FundedProtection">Detailed Layer</link:label>
      <link:labelArc xlink:type="arc" xlink:arcrole="http://www.xbrl.org/2003/arcrole/concept-label"
                     xlink:from="FundedProtection"
                     xlink:to="label_FundedProtection"
                     xlink:title="label: FundedProtection to label_FundedProtection"/>
      <link:loc xlink:type="locator"
                xlink:href="p-cm-cr-2006-07-01.xsd#p-cm-cr_SyntheticSecuritizationsCreditProtectionSecuritisedExposuresTotalOutflows"
                xlink:label="SyntheticSecuritizationsCreditProtectionSecuritisedExposuresTotalOutflows"
                xlink:title="SyntheticSecuritizationsCreditProtectionSecuritisedExposuresTotalOutflows"/>
      <link:label xlink:type="resource"
                  xlink:label="label_SyntheticSecuritizationsCreditProtectionSecuritisedExposuresTotalOutflows"
                  xlink:role="http://www.xbrl.org/2003/role/documentation"
                  xlink:title="label_SyntheticSecuritizationsCreditProtectionSecuritisedExposuresTotalOutflows"
                  xml:lang="en"
                  id="label_SyntheticSecuritizationsCreditProtectionSecuritisedExposuresTotalOutflows">Detailed Layer</link:label>
      <link:labelArc xlink:type="arc" xlink:arcrole="http://www.xbrl.org/2003/arcrole/concept-label"
                     xlink:from="SyntheticSecuritizationsCreditProtectionSecuritisedExposuresTotalOutflows"
                     xlink:to="label_SyntheticSecuritizationsCreditProtectionSecuritisedExposuresTotalOutflows"
                     xlink:title="label: SyntheticSecuritizationsCreditProtectionSecuritisedExposuresTotalOutflows to label_SyntheticSecuritizationsCreditProtectionSecuritisedExposuresTotalOutflows"/>
      <link:loc xlink:type="locator"
                xlink:href="p-cm-cr-2006-07-01.xsd#p-cm-cr_NotionalAmountRetainedRepurchasedCreditProtection"
                xlink:label="NotionalAmountRetainedRepurchasedCreditProtection"
                xlink:title="NotionalAmountRetainedRepurchasedCreditProtection"/>
      <link:label xlink:type="resource"
                  xlink:label="label_NotionalAmountRetainedRepurchasedCreditProtection"
                  xlink:role="http://www.xbrl.org/2003/role/documentation"
                  xlink:title="label_NotionalAmountRetainedRepurchasedCreditProtection"
                  xml:lang="en"
                  id="label_NotionalAmountRetainedRepurchasedCreditProtection">Detailed Layer</link:label>
      <link:labelArc xlink:type="arc" xlink:arcrole="http://www.xbrl.org/2003/arcrole/concept-label"
                     xlink:from="NotionalAmountRetainedRepurchasedCreditProtection"
                     xlink:to="label_NotionalAmountRetainedRepurchasedCreditProtection"
                     xlink:title="label: NotionalAmountRetainedRepurchasedCreditProtection to label_NotionalAmountRetainedRepurchasedCreditProtection"/>
      <link:loc xlink:type="locator"
                xlink:href="p-cm-cr-2006-07-01.xsd#p-cm-cr_SecuritisationPositions"
                xlink:label="SecuritisationPositions"
                xlink:title="SecuritisationPositions"/>
      <link:label xlink:type="resource" xlink:label="label_SecuritisationPositions"
                  xlink:role="http://www.xbrl.org/2003/role/documentation"
                  xlink:title="label_SecuritisationPositions"
                  xml:lang="en"
                  id="label_SecuritisationPositions">Core Layer</link:label>
      <link:labelArc xlink:type="arc" xlink:arcrole="http://www.xbrl.org/2003/arcrole/concept-label"
                     xlink:from="SecuritisationPositions"
                     xlink:to="label_SecuritisationPositions"
                     xlink:title="label: SecuritisationPositions to label_SecuritisationPositions"/>
      <link:loc xlink:type="locator"
                xlink:href="p-cm-cr-2006-07-01.xsd#p-cm-cr_CreditRiskMitigationTechniquesAffectingAmountExposureFundedCreditProtection"
                xlink:label="CreditRiskMitigationTechniquesAffectingAmountExposureFundedCreditProtection"
                xlink:title="CreditRiskMitigationTechniquesAffectingAmountExposureFundedCreditProtection"/>
      <link:label xlink:type="resource"
                  xlink:label="label_CreditRiskMitigationTechniquesAffectingAmountExposureFundedCreditProtection"
                  xlink:role="http://www.xbrl.org/2003/role/documentation"
                  xlink:title="label_CreditRiskMitigationTechniquesAffectingAmountExposureFundedCreditProtection"
                  xml:lang="en"
                  id="label_CreditRiskMitigationTechniquesAffectingAmountExposureFundedCreditProtection">Detailed Layer</link:label>
      <link:labelArc xlink:type="arc" xlink:arcrole="http://www.xbrl.org/2003/arcrole/concept-label"
                     xlink:from="CreditRiskMitigationTechniquesAffectingAmountExposureFundedCreditProtection"
                     xlink:to="label_CreditRiskMitigationTechniquesAffectingAmountExposureFundedCreditProtection"
                     xlink:title="label: CreditRiskMitigationTechniquesAffectingAmountExposureFundedCreditProtection to label_CreditRiskMitigationTechniquesAffectingAmountExposureFundedCreditProtection"/>
      <link:loc xlink:type="locator"
                xlink:href="p-cm-cr-2006-07-01.xsd#p-cm-cr_DeductedOwnFunds"
                xlink:label="DeductedOwnFunds"
                xlink:title="DeductedOwnFunds"/>
      <link:label xlink:type="resource" xlink:label="label_DeductedOwnFunds"
                  xlink:role="http://www.xbrl.org/2003/role/documentation"
                  xlink:title="label_DeductedOwnFunds"
                  xml:lang="en"
                  id="label_DeductedOwnFunds">Detailed Layer</link:label>
      <link:labelArc xlink:type="arc" xlink:arcrole="http://www.xbrl.org/2003/arcrole/concept-label"
                     xlink:from="DeductedOwnFunds"
                     xlink:to="label_DeductedOwnFunds"
                     xlink:title="label: DeductedOwnFunds to label_DeductedOwnFunds"/>
      <link:loc xlink:type="locator"
                xlink:href="p-cm-cr-2006-07-01.xsd#p-cm-cr_SubjectRiskWeights"
                xlink:label="SubjectRiskWeights"
                xlink:title="SubjectRiskWeights"/>
      <link:label xlink:type="resource" xlink:label="label_SubjectRiskWeights"
                  xlink:role="http://www.xbrl.org/2003/role/documentation"
                  xlink:title="label_SubjectRiskWeights"
                  xml:lang="en"
                  id="label_SubjectRiskWeights">Core Layer</link:label>
      <link:labelArc xlink:type="arc" xlink:arcrole="http://www.xbrl.org/2003/arcrole/concept-label"
                     xlink:from="SubjectRiskWeights"
                     xlink:to="label_SubjectRiskWeights"
                     xlink:title="label: SubjectRiskWeights to label_SubjectRiskWeights"/>
      <link:loc xlink:type="locator"
                xlink:href="p-cm-cr-2006-07-01.xsd#p-cm-cr_CreditRiskMitigationTechniquesSubstitutionEffectsExposure"
                xlink:label="CreditRiskMitigationTechniquesSubstitutionEffectsExposure"
                xlink:title="CreditRiskMitigationTechniquesSubstitutionEffectsExposure"/>
      <link:label xlink:type="resource"
                  xlink:label="label_CreditRiskMitigationTechniquesSubstitutionEffectsExposure"
                  xlink:role="http://www.xbrl.org/2003/role/documentation"
                  xlink:title="label_CreditRiskMitigationTechniquesSubstitutionEffectsExposure"
                  xml:lang="en"
                  id="label_CreditRiskMitigationTechniquesSubstitutionEffectsExposure">Detailed Layer</link:label>
      <link:labelArc xlink:type="arc" xlink:arcrole="http://www.xbrl.org/2003/arcrole/concept-label"
                     xlink:from="CreditRiskMitigationTechniquesSubstitutionEffectsExposure"
                     xlink:to="label_CreditRiskMitigationTechniquesSubstitutionEffectsExposure"
                     xlink:title="label: CreditRiskMitigationTechniquesSubstitutionEffectsExposure to label_CreditRiskMitigationTechniquesSubstitutionEffectsExposure"/>
      <link:loc xlink:type="locator"
                xlink:href="p-cm-cr-2006-07-01.xsd#p-cm-cr_ConversionFactor0Percent"
                xlink:label="ConversionFactor0Percent"
                xlink:title="ConversionFactor0Percent"/>
      <link:label xlink:type="resource" xlink:label="label_ConversionFactor0Percent"
                  xlink:role="http://www.xbrl.org/2003/role/documentation"
                  xlink:title="label_ConversionFactor0Percent"
                  xml:lang="en"
                  id="label_ConversionFactor0Percent">Detailed Layer</link:label>
      <link:labelArc xlink:type="arc" xlink:arcrole="http://www.xbrl.org/2003/arcrole/concept-label"
                     xlink:from="ConversionFactor0Percent"
                     xlink:to="label_ConversionFactor0Percent"
                     xlink:title="label: ConversionFactor0Percent to label_ConversionFactor0Percent"/>
      <link:loc xlink:type="locator"
                xlink:href="p-cm-cr-2006-07-01.xsd#p-cm-cr_ConversionFactorBetween0And20Percent"
                xlink:label="ConversionFactorBetween0And20Percent"
                xlink:title="ConversionFactorBetween0And20Percent"/>
      <link:label xlink:type="resource" xlink:label="label_ConversionFactorBetween0And20Percent"
                  xlink:role="http://www.xbrl.org/2003/role/documentation"
                  xlink:title="label_ConversionFactorBetween0And20Percent"
                  xml:lang="en"
                  id="label_ConversionFactorBetween0And20Percent">Detailed Layer</link:label>
      <link:labelArc xlink:type="arc" xlink:arcrole="http://www.xbrl.org/2003/arcrole/concept-label"
                     xlink:from="ConversionFactorBetween0And20Percent"
                     xlink:to="label_ConversionFactorBetween0And20Percent"
                     xlink:title="label: ConversionFactorBetween0And20Percent to label_ConversionFactorBetween0And20Percent"/>
      <link:loc xlink:type="locator"
                xlink:href="p-cm-cr-2006-07-01.xsd#p-cm-cr_ConversionFactorBetween20And50Percent"
                xlink:label="ConversionFactorBetween20And50Percent"
                xlink:title="ConversionFactorBetween20And50Percent"/>
      <link:label xlink:type="resource" xlink:label="label_ConversionFactorBetween20And50Percent"
                  xlink:role="http://www.xbrl.org/2003/role/documentation"
                  xlink:title="label_ConversionFactorBetween20And50Percent"
                  xml:lang="en"
                  id="label_ConversionFactorBetween20And50Percent">Detailed Layer</link:label>
      <link:labelArc xlink:type="arc" xlink:arcrole="http://www.xbrl.org/2003/arcrole/concept-label"
                     xlink:from="ConversionFactorBetween20And50Percent"
                     xlink:to="label_ConversionFactorBetween20And50Percent"
                     xlink:title="label: ConversionFactorBetween20And50Percent to label_ConversionFactorBetween20And50Percent"/>
      <link:loc xlink:type="locator"
                xlink:href="p-cm-cr-2006-07-01.xsd#p-cm-cr_ConversionFactorBetween50And100Percent"
                xlink:label="ConversionFactorBetween50And100Percent"
                xlink:title="ConversionFactorBetween50And100Percent"/>
      <link:label xlink:type="resource"
                  xlink:label="label_ConversionFactorBetween50And100Percent"
                  xlink:role="http://www.xbrl.org/2003/role/documentation"
                  xlink:title="label_ConversionFactorBetween50And100Percent"
                  xml:lang="en"
                  id="label_ConversionFactorBetween50And100Percent">Detailed Layer</link:label>
      <link:labelArc xlink:type="arc" xlink:arcrole="http://www.xbrl.org/2003/arcrole/concept-label"
                     xlink:from="ConversionFactorBetween50And100Percent"
                     xlink:to="label_ConversionFactorBetween50And100Percent"
                     xlink:title="label: ConversionFactorBetween50And100Percent to label_ConversionFactorBetween50And100Percent"/>
      <link:loc xlink:type="locator"
                xlink:href="p-cm-cr-2006-07-01.xsd#p-cm-cr_CreditRiskMitigationTechniquesAffectingAmountExposureFundedCreditProtectionUnfundedCreditProtectionAdjustedValues"
                xlink:label="CreditRiskMitigationTechniquesAffectingAmountExposureFundedCreditProtectionUnfundedCreditProtectionAdjustedValues"
                xlink:title="CreditRiskMitigationTechniquesAffectingAmountExposureFundedCreditProtectionUnfundedCreditProtectionAdjustedValues"/>
      <link:label xlink:type="resource"
                  xlink:label="label_CreditRiskMitigationTechniquesAffectingAmountExposureFundedCreditProtectionUnfundedCreditProtectionAdjustedValues"
                  xlink:role="http://www.xbrl.org/2003/role/documentation"
                  xlink:title="label_CreditRiskMitigationTechniquesAffectingAmountExposureFundedCreditProtectionUnfundedCreditProtectionAdjustedValues"
                  xml:lang="en"
                  id="label_CreditRiskMitigationTechniquesAffectingAmountExposureFundedCreditProtectionUnfundedCreditProtectionAdjustedValues">Detailed layer</link:label>
      <link:labelArc xlink:type="arc" xlink:arcrole="http://www.xbrl.org/2003/arcrole/concept-label"
                     xlink:from="CreditRiskMitigationTechniquesAffectingAmountExposureFundedCreditProtectionUnfundedCreditProtectionAdjustedValues"
                     xlink:to="label_CreditRiskMitigationTechniquesAffectingAmountExposureFundedCreditProtectionUnfundedCreditProtectionAdjustedValues"
                     xlink:title="label: CreditRiskMitigationTechniquesAffectingAmountExposureFundedCreditProtectionUnfundedCreditProtectionAdjustedValues to label_CreditRiskMitigationTechniquesAffectingAmountExposureFundedCreditProtectionUnfundedCreditProtectionAdjustedValues"/>
      <link:loc xlink:type="locator"
                xlink:href="p-cm-cr-2006-07-01.xsd#p-cm-cr_TotalCapitalRequirementsBeforeCAP"
                xlink:label="TotalCapitalRequirementsBeforeCAP"
                xlink:title="TotalCapitalRequirementsBeforeCAP"/>
      <link:label xlink:type="resource" xlink:label="label_TotalCapitalRequirementsBeforeCAP"
                  xlink:role="http://www.xbrl.org/2003/role/documentation"
                  xlink:title="label_TotalCapitalRequirementsBeforeCAP"
                  xml:lang="en"
                  id="label_TotalCapitalRequirementsBeforeCAP">Detailed Layer</link:label>
      <link:labelArc xlink:type="arc" xlink:arcrole="http://www.xbrl.org/2003/arcrole/concept-label"
                     xlink:from="TotalCapitalRequirementsBeforeCAP"
                     xlink:to="label_TotalCapitalRequirementsBeforeCAP"
                     xlink:title="label: TotalCapitalRequirementsBeforeCAP to label_TotalCapitalRequirementsBeforeCAP"/>
      <link:loc xlink:type="locator"
                xlink:href="p-cm-cr-2006-07-01.xsd#p-cm-cr_MemorandumItemCapitalRequirementsOutflowsSecuritisationsExposureClasses"
                xlink:label="MemorandumItemCapitalRequirementsOutflowsSecuritisationsExposureClasses"
                xlink:title="MemorandumItemCapitalRequirementsOutflowsSecuritisationsExposureClasses"/>
      <link:label xlink:type="resource"
                  xlink:label="label_MemorandumItemCapitalRequirementsOutflowsSecuritisationsExposureClasses"
                  xlink:role="http://www.xbrl.org/2003/role/documentation"
                  xlink:title="label_MemorandumItemCapitalRequirementsOutflowsSecuritisationsExposureClasses"
                  xml:lang="en"
                  id="label_MemorandumItemCapitalRequirementsOutflowsSecuritisationsExposureClasses">Detailed Layer</link:label>
      <link:labelArc xlink:type="arc" xlink:arcrole="http://www.xbrl.org/2003/arcrole/concept-label"
                     xlink:from="MemorandumItemCapitalRequirementsOutflowsSecuritisationsExposureClasses"
                     xlink:to="label_MemorandumItemCapitalRequirementsOutflowsSecuritisationsExposureClasses"
                     xlink:title="label: MemorandumItemCapitalRequirementsOutflowsSecuritisationsExposureClasses to label_MemorandumItemCapitalRequirementsOutflowsSecuritisationsExposureClasses"/>
      <link:loc xlink:type="locator"
                xlink:href="p-cm-cr-2006-07-01.xsd#p-cm-cr_FullyAdjustedExposureValue"
                xlink:label="FullyAdjustedExposureValue"
                xlink:title="FullyAdjustedExposureValue"/>
      <link:label xlink:type="resource" xlink:label="label_FullyAdjustedExposureValue"
                  xlink:role="http://www.xbrl.org/2003/role/documentation"
                  xlink:title="label_FullyAdjustedExposureValue"
                  xml:lang="en"
                  id="label_FullyAdjustedExposureValue">Core Layer</link:label>
      <link:labelArc xlink:type="arc" xlink:arcrole="http://www.xbrl.org/2003/arcrole/concept-label"
                     xlink:from="FullyAdjustedExposureValue"
                     xlink:to="label_FullyAdjustedExposureValue"
                     xlink:title="label: FullyAdjustedExposureValue to label_FullyAdjustedExposureValue"/>
      <link:loc xlink:type="locator"
                xlink:href="p-cm-cr-2006-07-01.xsd#p-cm-cr_SubstitutionExposureCRMTotalInflows"
                xlink:label="SubstitutionExposureCRMTotalInflows"
                xlink:title="SubstitutionExposureCRMTotalInflows"/>
      <link:label xlink:type="resource" xlink:label="label_SubstitutionExposureCRMTotalInflows"
                  xlink:role="http://www.xbrl.org/2003/role/documentation"
                  xlink:title="label_SubstitutionExposureCRMTotalInflows"
                  xml:lang="en"
                  id="label_SubstitutionExposureCRMTotalInflows">Core Layer</link:label>
      <link:labelArc xlink:type="arc" xlink:arcrole="http://www.xbrl.org/2003/arcrole/concept-label"
                     xlink:from="SubstitutionExposureCRMTotalInflows"
                     xlink:to="label_SubstitutionExposureCRMTotalInflows"
                     xlink:title="label: SubstitutionExposureCRMTotalInflows to label_SubstitutionExposureCRMTotalInflows"/>
      <link:loc xlink:type="locator"
                xlink:href="p-cm-ca-2006-07-01.xsd#p-cm-ca_CreditRiskCapitalRequirements"
                xlink:label="CreditRiskCapitalRequirements"
                xlink:title="CreditRiskCapitalRequirements"/>
      <link:label xlink:type="resource" xlink:label="label_CreditRiskCapitalRequirements"
                  xlink:role="http://www.xbrl.org/2003/role/label"
                  xlink:title="label_CreditRiskCapitalRequirements"
                  xml:lang="en"
                  id="label_CreditRiskCapitalRequirements">Total Capital Requirements After CAP</link:label>
      <link:labelArc xlink:type="arc" xlink:arcrole="http://www.xbrl.org/2003/arcrole/concept-label"
                     xlink:from="CreditRiskCapitalRequirements"
                     xlink:to="label_CreditRiskCapitalRequirements"
                     xlink:title="label: CreditRiskCapitalRequirements to label_CreditRiskCapitalRequirements"/>
      <link:label xlink:type="resource" xlink:label="label_CreditRiskCapitalRequirements_2"
                  xlink:role="http://www.xbrl.org/2003/role/documentation"
                  xlink:title="label_CreditRiskCapitalRequirements"
                  xml:lang="en"
                  id="label_CreditRiskCapitalRequirements_2">Core layer</link:label>
      <link:labelArc xlink:type="arc" xlink:arcrole="http://www.xbrl.org/2003/arcrole/concept-label"
                     xlink:from="CreditRiskCapitalRequirements"
                     xlink:to="label_CreditRiskCapitalRequirements_2"
                     xlink:title="label: CreditRiskCapitalRequirements to label_CreditRiskCapitalRequirements"/>
      <link:loc xlink:type="locator"
                xlink:href="p-ss-2006-07-01.xsd#p-ss_ValueAdjustmentsProvisions"
                xlink:label="label_newItem9_1134118165677_16"
                xlink:title="label_newItem9"/>
      <link:label xlink:type="resource" xlink:label="label_ValueAdjustmentsProvisions"
                  xlink:role="http://www.xbrl.org/2003/role/documentation"
                  xlink:title="label_ValueAdjustmentsProvisions"
                  xml:lang="en"
                  id="label_ValueAdjustmentsProvisions">Detailed layer</link:label>
      <link:labelArc xlink:type="arc" xlink:arcrole="http://www.xbrl.org/2003/arcrole/concept-label"
                     xlink:from="label_newItem9_1134118165677_16"
                     xlink:to="label_ValueAdjustmentsProvisions"
                     xlink:title="label: ValueAdjustmentsProvisions to label_ValueAdjustmentsProvisions"/>
      <link:loc xlink:type="locator"
                xlink:href="p-ss-2006-07-01.xsd#p-ss_ExposureNetValueAdjustmentsProvisions"
                xlink:label="label_newItem10_1134118165677_18"
                xlink:title="label_newItem10"/>
      <link:label xlink:type="resource" xlink:label="label_ExposureNetValueAdjustmentsProvisions"
                  xlink:role="http://www.xbrl.org/2003/role/documentation"
                  xlink:title="label_ExposureNetValueAdjustmentsProvisions"
                  xml:lang="en"
                  id="label_ExposureNetValueAdjustmentsProvisions">Core layer</link:label>
      <link:labelArc xlink:type="arc" xlink:arcrole="http://www.xbrl.org/2003/arcrole/concept-label"
                     xlink:from="label_newItem10_1134118165677_18"
                     xlink:to="label_ExposureNetValueAdjustmentsProvisions"
                     xlink:title="label: ExposureNetValueAdjustmentsProvisions to label_ExposureNetValueAdjustmentsProvisions"/>
      <link:loc xlink:type="locator"
                xlink:href="p-ss-2006-07-01.xsd#p-ss_ExposureValueRiskWeightBreakdownRatedCreditQualitySteps1to4"
                xlink:label="label_newItem29_1134118165687_20"
                xlink:title="label_newItem29"/>
      <link:label xlink:type="resource" xlink:label="label_RatedCreditQualitySteps1To4"
                  xlink:role="http://www.xbrl.org/2003/role/documentation"
                  xlink:title="label_RatedCreditQualitySteps1To4"
                  xml:lang="en"
                  id="label_RatedCreditQualitySteps1To4">Detailed layer</link:label>
      <link:labelArc xlink:type="arc" xlink:arcrole="http://www.xbrl.org/2003/arcrole/concept-label"
                     xlink:from="label_newItem29_1134118165687_20"
                     xlink:to="label_RatedCreditQualitySteps1To4"
                     xlink:title="label: RatedCreditQualitySteps1To4 to label_RatedCreditQualitySteps1To4"/>
      <link:loc xlink:type="locator"
                xlink:href="p-ss-2006-07-01.xsd#p-ss_ExposureValueRiskWeightBreakdownRated20Percent"
                xlink:label="label_newItem30_1134118165687_22"
                xlink:title="label_newItem30"/>
      <link:label xlink:type="resource" xlink:label="label_RiskWeight20Percent"
                  xlink:role="http://www.xbrl.org/2003/role/documentation"
                  xlink:title="label_RiskWeight20Percent"
                  xml:lang="en"
                  id="label_RiskWeight20Percent">Detailed layer</link:label>
      <link:labelArc xlink:type="arc" xlink:arcrole="http://www.xbrl.org/2003/arcrole/concept-label"
                     xlink:from="label_newItem30_1134118165687_22"
                     xlink:to="label_RiskWeight20Percent"
                     xlink:title="label: RiskWeight20Percent to label_RiskWeight20Percent"/>
      <link:loc xlink:type="locator"
                xlink:href="p-ss-2006-07-01.xsd#p-ss_ExposureValueRiskWeightBreakdownRated50Percent"
                xlink:label="label_newItem31_1134118165687_24"
                xlink:title="label_newItem31"/>
      <link:label xlink:type="resource" xlink:label="label_RiskWeight50Percent"
                  xlink:role="http://www.xbrl.org/2003/role/documentation"
                  xlink:title="label_RiskWeight50Percent"
                  xml:lang="en"
                  id="label_RiskWeight50Percent">Detailed layer</link:label>
      <link:labelArc xlink:type="arc" xlink:arcrole="http://www.xbrl.org/2003/arcrole/concept-label"
                     xlink:from="label_newItem31_1134118165687_24"
                     xlink:to="label_RiskWeight50Percent"
                     xlink:title="label: RiskWeight50Percent to label_RiskWeight50Percent"/>
      <link:loc xlink:type="locator"
                xlink:href="p-ss-2006-07-01.xsd#p-ss_ExposureValueRiskWeightBreakdownRated100Percent"
                xlink:label="label_newItem32_1134118165687_26"
                xlink:title="label_newItem32"/>
      <link:label xlink:type="resource" xlink:label="label_RiskWeight100Percent"
                  xlink:role="http://www.xbrl.org/2003/role/documentation"
                  xlink:title="label_RiskWeight100Percent"
                  xml:lang="en"
                  id="label_RiskWeight100Percent">Detailed layer</link:label>
      <link:labelArc xlink:type="arc" xlink:arcrole="http://www.xbrl.org/2003/arcrole/concept-label"
                     xlink:from="label_newItem32_1134118165687_26"
                     xlink:to="label_RiskWeight100Percent"
                     xlink:title="label: RiskWeight100Percent to label_RiskWeight100Percent"/>
      <link:loc xlink:type="locator"
                xlink:href="p-ss-2006-07-01.xsd#p-ss_ExposureValueRiskWeightBreakdownRated350Percent"
                xlink:label="label_newItem33_1134118165687_28"
                xlink:title="label_newItem33"/>
      <link:label xlink:type="resource" xlink:label="label_RiskWeight350Percent"
                  xlink:role="http://www.xbrl.org/2003/role/documentation"
                  xlink:title="label_RiskWeight350Percent"
                  xml:lang="en"
                  id="label_RiskWeight350Percent">Detailed layer</link:label>
      <link:labelArc xlink:type="arc" xlink:arcrole="http://www.xbrl.org/2003/arcrole/concept-label"
                     xlink:from="label_newItem33_1134118165687_28"
                     xlink:to="label_RiskWeight350Percent"
                     xlink:title="label: RiskWeight350Percent to label_RiskWeight350Percent"/>
      <link:loc xlink:type="locator"
                xlink:href="p-ss-2006-07-01.xsd#p-ss_ExposureValueRiskWeightBreakdown1250Percent"
                xlink:label="label_newItem34_1134118165687_30"
                xlink:title="label_newItem34"/>
      <link:label xlink:type="resource" xlink:label="label_RiskWeight1250Percent"
                  xlink:role="http://www.xbrl.org/2003/role/documentation"
                  xlink:title="label_RiskWeight1250Percent"
                  xml:lang="en"
                  id="label_RiskWeight1250Percent">Detailed layer</link:label>
      <link:labelArc xlink:type="arc" xlink:arcrole="http://www.xbrl.org/2003/arcrole/concept-label"
                     xlink:from="label_newItem34_1134118165687_30"
                     xlink:to="label_RiskWeight1250Percent"
                     xlink:title="label: RiskWeight1250Percent to label_RiskWeight1250Percent"/>
      <link:loc xlink:type="locator"
                xlink:href="p-ss-2006-07-01.xsd#p-ss_ExposureValueRiskWeightBreakdownRated1250Percent"
                xlink:label="label_newItem35_1134118165687_32"
                xlink:title="label_newItem35"/>
      <link:label xlink:type="resource" xlink:label="label_Rated"
                  xlink:role="http://www.xbrl.org/2003/role/documentation"
                  xlink:title="label_Rated"
                  xml:lang="en"
                  id="label_Rated">Detailed layer</link:label>
      <link:labelArc xlink:type="arc" xlink:arcrole="http://www.xbrl.org/2003/arcrole/concept-label"
                     xlink:from="label_newItem35_1134118165687_32"
                     xlink:to="label_Rated"
                     xlink:title="label: Rated to label_Rated"/>
      <link:loc xlink:type="locator"
                xlink:href="p-ss-2006-07-01.xsd#p-ss_ExposureValueRiskWeightBreakdownUnrated1250Percent"
                xlink:label="label_newItem36_1134118165687_34"
                xlink:title="label_newItem36"/>
      <link:label xlink:type="resource" xlink:label="label_Unrated"
                  xlink:role="http://www.xbrl.org/2003/role/documentation"
                  xlink:title="label_Unrated"
                  xml:lang="en"
                  id="label_Unrated">Detailed layer</link:label>
      <link:labelArc xlink:type="arc" xlink:arcrole="http://www.xbrl.org/2003/arcrole/concept-label"
                     xlink:from="label_newItem36_1134118165687_34"
                     xlink:to="label_Unrated"
                     xlink:title="label: Unrated to label_Unrated"/>
      <link:loc xlink:type="locator"
                xlink:href="p-ss-2006-07-01.xsd#p-ss_ExposureValueRiskWeightBreakdownLookThrough"
                xlink:label="label_newItem37_1134118165687_36"
                xlink:title="label_newItem37"/>
      <link:label xlink:type="resource" xlink:label="label_LookThrough"
                  xlink:role="http://www.xbrl.org/2003/role/documentation"
                  xlink:title="label_LookThrough"
                  xml:lang="en"
                  id="label_LookThrough">Detailed layer</link:label>
      <link:labelArc xlink:type="arc" xlink:arcrole="http://www.xbrl.org/2003/arcrole/concept-label"
                     xlink:from="label_newItem37_1134118165687_36"
                     xlink:to="label_LookThrough"
                     xlink:title="label: LookThrough to label_LookThrough"/>
      <link:loc xlink:type="locator"
                xlink:href="p-ss-2006-07-01.xsd#p-ss_ExposureValueRiskWeightBreakdownLookThroughOfWhichSecondLossABCP"
                xlink:label="label_newItem38_1134118165687_38"
                xlink:title="label_newItem38"/>
      <link:label xlink:type="resource" xlink:label="label_OfWhichSecondLossABCP"
                  xlink:role="http://www.xbrl.org/2003/role/documentation"
                  xlink:title="label_OfWhichSecondLossABCP"
                  xml:lang="en"
                  id="label_OfWhichSecondLossABCP">Detailed layer</link:label>
      <link:labelArc xlink:type="arc" xlink:arcrole="http://www.xbrl.org/2003/arcrole/concept-label"
                     xlink:from="label_newItem38_1134118165687_38"
                     xlink:to="label_OfWhichSecondLossABCP"
                     xlink:title="label: OfWhichSecondLossABCP to label_OfWhichSecondLossABCP"/>
      <link:loc xlink:type="locator"
                xlink:href="p-ss-2006-07-01.xsd#p-ss_NetExposureAfterCRMSubstitutionEffectsPreConversionFactors"
                xlink:label="NetExposureAfterCRMSubstitutionEffectsPreConversionFactors"
                xlink:title="NetExposureAfterCRMSubstitutionEffectsPreConversionFactors"/>
      <link:label xlink:type="resource"
                  xlink:label="label_NetExposureAfterCRMSubstitutionEffectsPreConversionFactors"
                  xlink:role="http://www.xbrl.org/2003/role/documentation"
                  xlink:title="label_NetExposureAfterCRMSubstitutionEffectsPreConversionFactors"
                  xml:lang="en"
                  id="label_NetExposureAfterCRMSubstitutionEffectsPreConversionFactors">Core layer</link:label>
      <link:labelArc xlink:type="arc" xlink:arcrole="http://www.xbrl.org/2003/arcrole/concept-label"
                     xlink:from="NetExposureAfterCRMSubstitutionEffectsPreConversionFactors"
                     xlink:to="label_NetExposureAfterCRMSubstitutionEffectsPreConversionFactors"
                     xlink:title="label: NetExposureAfterCRMSubstitutionEffectsPreConversionFactors to label_NetExposureAfterCRMSubstitutionEffectsPreConversionFactors"/>
      <link:loc xlink:type="locator"
                xlink:href="p-ss-2006-07-01.xsd#p-ss_BreakdownExposureValueSubjectRiskWeights"
                xlink:label="BreakdownExposureValueSubjectRiskWeights"
                xlink:title="BreakdownExposureValueSubjectRiskWeights"/>
      <link:label xlink:type="resource"
                  xlink:label="label_BreakdownExposureValueSubjectRiskWeights"
                  xlink:role="http://www.xbrl.org/2003/role/documentation"
                  xlink:title="label_BreakdownExposureValueSubjectRiskWeights"
                  xml:lang="en"
                  id="label_BreakdownExposureValueSubjectRiskWeights">Detailed layer</link:label>
      <link:labelArc xlink:type="arc" xlink:arcrole="http://www.xbrl.org/2003/arcrole/concept-label"
                     xlink:from="BreakdownExposureValueSubjectRiskWeights"
                     xlink:to="label_BreakdownExposureValueSubjectRiskWeights"
                     xlink:title="label: BreakdownExposureValueSubjectRiskWeights to label_BreakdownExposureValueSubjectRiskWeights"/>
  </link:labelLink>
  <link:labelLink xlink:type="extended" xlink:role="http://www.xbrl.org/2003/role/link">
      <link:loc xlink:type="locator"
                xlink:href="p-ss-2006-07-01.xsd#p-ss_ValueAdjustmentsProvisions"
                xlink:label="label_newItem9_1134118165677_16"
                xlink:title="label_newItem9"/>
      <link:label xlink:type="resource" xlink:label="label_newItem9_1134118165677_17"
                  xlink:role="http://www.xbrl.org/2003/role/label"
                  xlink:title="label_newItem9"
                  xml:lang="en"
                  id="label_newItem9_1134118165677_17">(-) Value Adjustments And Provisions</link:label>
      <link:labelArc xlink:type="arc" xlink:arcrole="http://www.xbrl.org/2003/arcrole/concept-label"
                     xlink:from="label_newItem9_1134118165677_16"
                     xlink:to="label_newItem9_1134118165677_17"
                     xlink:title="label: newItem9 to label_newItem9"/>
      <link:loc xlink:type="locator"
                xlink:href="p-ss-2006-07-01.xsd#p-ss_ExposureNetValueAdjustmentsProvisions"
                xlink:label="label_newItem10_1134118165677_18"
                xlink:title="label_newItem10"/>
      <link:label xlink:type="resource" xlink:label="label_newItem10_1134118165677_19"
                  xlink:role="http://www.xbrl.org/2003/role/label"
                  xlink:title="label_newItem10"
                  xml:lang="en"
                  id="label_newItem10_1134118165677_19">Exposure Net Of Value Adjustments And Provisions</link:label>
      <link:labelArc xlink:type="arc" xlink:arcrole="http://www.xbrl.org/2003/arcrole/concept-label"
                     xlink:from="label_newItem10_1134118165677_18"
                     xlink:to="label_newItem10_1134118165677_19"
                     xlink:title="label: newItem10 to label_newItem10"/>
      <link:loc xlink:type="locator"
                xlink:href="p-ss-2006-07-01.xsd#p-ss_ExposureValueRiskWeightBreakdownRatedCreditQualitySteps1to4"
                xlink:label="label_newItem29_1134118165687_20"
                xlink:title="label_newItem29"/>
      <link:label xlink:type="resource" xlink:label="label_newItem29_1134118165687_21"
                  xlink:role="http://www.xbrl.org/2003/role/label"
                  xlink:title="label_newItem29"
                  xml:lang="en"
                  id="label_newItem29_1134118165687_21">Rated (Credit Quality Steps 1 To 4)</link:label>
      <link:labelArc xlink:type="arc" xlink:arcrole="http://www.xbrl.org/2003/arcrole/concept-label"
                     xlink:from="label_newItem29_1134118165687_20"
                     xlink:to="label_newItem29_1134118165687_21"
                     xlink:title="label: newItem29 to label_newItem29"/>
      <link:loc xlink:type="locator"
                xlink:href="p-ss-2006-07-01.xsd#p-ss_ExposureValueRiskWeightBreakdownRated20Percent"
                xlink:label="label_newItem30_1134118165687_22"
                xlink:title="label_newItem30"/>
      <link:label xlink:type="resource" xlink:label="label_newItem30_1134118165687_23"
                  xlink:role="http://www.xbrl.org/2003/role/label"
                  xlink:title="label_newItem30"
                  xml:lang="en"
                  id="label_newItem30_1134118165687_23">20%</link:label>
      <link:labelArc xlink:type="arc" xlink:arcrole="http://www.xbrl.org/2003/arcrole/concept-label"
                     xlink:from="label_newItem30_1134118165687_22"
                     xlink:to="label_newItem30_1134118165687_23"
                     xlink:title="label: newItem30 to label_newItem30"/>
      <link:loc xlink:type="locator"
                xlink:href="p-ss-2006-07-01.xsd#p-ss_ExposureValueRiskWeightBreakdownRated50Percent"
                xlink:label="label_newItem31_1134118165687_24"
                xlink:title="label_newItem31"/>
      <link:label xlink:type="resource" xlink:label="label_newItem31_1134118165687_25"
                  xlink:role="http://www.xbrl.org/2003/role/label"
                  xlink:title="label_newItem31"
                  xml:lang="en"
                  id="label_newItem31_1134118165687_25">50%</link:label>
      <link:labelArc xlink:type="arc" xlink:arcrole="http://www.xbrl.org/2003/arcrole/concept-label"
                     xlink:from="label_newItem31_1134118165687_24"
                     xlink:to="label_newItem31_1134118165687_25"
                     xlink:title="label: newItem31 to label_newItem31"/>
      <link:loc xlink:type="locator"
                xlink:href="p-ss-2006-07-01.xsd#p-ss_ExposureValueRiskWeightBreakdownRated100Percent"
                xlink:label="label_newItem32_1134118165687_26"
                xlink:title="label_newItem32"/>
      <link:label xlink:type="resource" xlink:label="label_newItem32_1134118165687_27"
                  xlink:role="http://www.xbrl.org/2003/role/label"
                  xlink:title="label_newItem32"
                  xml:lang="en"
                  id="label_newItem32_1134118165687_27">100%</link:label>
      <link:labelArc xlink:type="arc" xlink:arcrole="http://www.xbrl.org/2003/arcrole/concept-label"
                     xlink:from="label_newItem32_1134118165687_26"
                     xlink:to="label_newItem32_1134118165687_27"
                     xlink:title="label: newItem32 to label_newItem32"/>
      <link:loc xlink:type="locator"
                xlink:href="p-ss-2006-07-01.xsd#p-ss_ExposureValueRiskWeightBreakdownRated350Percent"
                xlink:label="label_newItem33_1134118165687_28"
                xlink:title="label_newItem33"/>
      <link:label xlink:type="resource" xlink:label="label_newItem33_1134118165687_29"
                  xlink:role="http://www.xbrl.org/2003/role/label"
                  xlink:title="label_newItem33"
                  xml:lang="en"
                  id="label_newItem33_1134118165687_29">350%</link:label>
      <link:labelArc xlink:type="arc" xlink:arcrole="http://www.xbrl.org/2003/arcrole/concept-label"
                     xlink:from="label_newItem33_1134118165687_28"
                     xlink:to="label_newItem33_1134118165687_29"
                     xlink:title="label: newItem33 to label_newItem33"/>
      <link:loc xlink:type="locator"
                xlink:href="p-ss-2006-07-01.xsd#p-ss_ExposureValueRiskWeightBreakdown1250Percent"
                xlink:label="label_newItem34_1134118165687_30"
                xlink:title="label_newItem34"/>
      <link:label xlink:type="resource" xlink:label="label_newItem34_1134118165687_31"
                  xlink:role="http://www.xbrl.org/2003/role/label"
                  xlink:title="label_newItem34"
                  xml:lang="en"
                  id="label_newItem34_1134118165687_31">1250%</link:label>
      <link:labelArc xlink:type="arc" xlink:arcrole="http://www.xbrl.org/2003/arcrole/concept-label"
                     xlink:from="label_newItem34_1134118165687_30"
                     xlink:to="label_newItem34_1134118165687_31"
                     xlink:title="label: newItem34 to label_newItem34"/>
      <link:loc xlink:type="locator"
                xlink:href="p-ss-2006-07-01.xsd#p-ss_ExposureValueRiskWeightBreakdownRated1250Percent"
                xlink:label="label_newItem35_1134118165687_32"
                xlink:title="label_newItem35"/>
      <link:label xlink:type="resource" xlink:label="label_newItem35_1134118165687_33"
                  xlink:role="http://www.xbrl.org/2003/role/label"
                  xlink:title="label_newItem35"
                  xml:lang="en"
                  id="label_newItem35_1134118165687_33">Rated</link:label>
      <link:labelArc xlink:type="arc" xlink:arcrole="http://www.xbrl.org/2003/arcrole/concept-label"
                     xlink:from="label_newItem35_1134118165687_32"
                     xlink:to="label_newItem35_1134118165687_33"
                     xlink:title="label: newItem35 to label_newItem35"/>
      <link:loc xlink:type="locator"
                xlink:href="p-ss-2006-07-01.xsd#p-ss_ExposureValueRiskWeightBreakdownUnrated1250Percent"
                xlink:label="label_newItem36_1134118165687_34"
                xlink:title="label_newItem36"/>
      <link:label xlink:type="resource" xlink:label="label_newItem36_1134118165687_35"
                  xlink:role="http://www.xbrl.org/2003/role/label"
                  xlink:title="label_newItem36"
                  xml:lang="en"
                  id="label_newItem36_1134118165687_35">Unrated</link:label>
      <link:labelArc xlink:type="arc" xlink:arcrole="http://www.xbrl.org/2003/arcrole/concept-label"
                     xlink:from="label_newItem36_1134118165687_34"
                     xlink:to="label_newItem36_1134118165687_35"
                     xlink:title="label: newItem36 to label_newItem36"/>
      <link:loc xlink:type="locator"
                xlink:href="p-ss-2006-07-01.xsd#p-ss_ExposureValueRiskWeightBreakdownLookThrough"
                xlink:label="label_newItem37_1134118165687_36"
                xlink:title="label_newItem37"/>
      <link:label xlink:type="resource" xlink:label="label_newItem37_1134118165687_37"
                  xlink:role="http://www.xbrl.org/2003/role/label"
                  xlink:title="label_newItem37"
                  xml:lang="en"
                  id="label_newItem37_1134118165687_37">Look-Through</link:label>
      <link:labelArc xlink:type="arc" xlink:arcrole="http://www.xbrl.org/2003/arcrole/concept-label"
                     xlink:from="label_newItem37_1134118165687_36"
                     xlink:to="label_newItem37_1134118165687_37"
                     xlink:title="label: newItem37 to label_newItem37"/>
      <link:loc xlink:type="locator"
                xlink:href="p-ss-2006-07-01.xsd#p-ss_ExposureValueRiskWeightBreakdownLookThroughOfWhichSecondLossABCP"
                xlink:label="label_newItem38_1134118165687_38"
                xlink:title="label_newItem38"/>
      <link:label xlink:type="resource" xlink:label="label_newItem38_1134118165687_39"
                  xlink:role="http://www.xbrl.org/2003/role/label"
                  xlink:title="label_newItem38"
                  xml:lang="en"
                  id="label_newItem38_1134118165687_39">Of Which: Second Loss In ABCP</link:label>
      <link:labelArc xlink:type="arc" xlink:arcrole="http://www.xbrl.org/2003/arcrole/concept-label"
                     xlink:from="label_newItem38_1134118165687_38"
                     xlink:to="label_newItem38_1134118165687_39"
                     xlink:title="label: newItem38 to label_newItem38"/>
      <link:loc xlink:type="locator"
                xlink:href="p-ss-2006-07-01.xsd#p-ss_NetExposureAfterCRMSubstitutionEffectsPreConversionFactors"
                xlink:label="label_newItem17_1134118165677_32"
                xlink:title="label_newItem17"/>
      <link:label xlink:type="resource" xlink:label="label_newItem17_1134118165677_33"
                  xlink:role="http://www.xbrl.org/2003/role/label"
                  xlink:title="label_newItem17"
                  xml:lang="en"
                  id="label_newItem17_1134118165677_33">Net Exposure After CRM Substitution Effects Pre Conversion Factors</link:label>
      <link:labelArc xlink:type="arc" xlink:arcrole="http://www.xbrl.org/2003/arcrole/concept-label"
                     xlink:from="label_newItem17_1134118165677_32"
                     xlink:to="label_newItem17_1134118165677_33"
                     xlink:title="label: newItem17 to label_newItem17"/>
      <link:loc xlink:type="locator"
                xlink:href="p-ss-2006-07-01.xsd#p-ss_BreakdownExposureValueSubjectRiskWeights"
                xlink:label="label_newItem28_1134118165687_18"
                xlink:title="label_newItem28"/>
      <link:label xlink:type="resource" xlink:label="label_newItem28_1134118165687_19"
                  xlink:role="http://www.xbrl.org/2003/role/label"
                  xlink:title="label_newItem28"
                  xml:lang="en"
                  id="label_newItem28_1134118165687_19">Breakdown Of The Exposure Value Subject To Risk Weights According To Risk Weights</link:label>
      <link:labelArc xlink:type="arc" xlink:arcrole="http://www.xbrl.org/2003/arcrole/concept-label"
                     xlink:from="label_newItem28_1134118165687_18"
                     xlink:to="label_newItem28_1134118165687_19"
                     xlink:title="label: newItem28 to label_newItem28"/>
      <link:loc xlink:type="locator" xlink:href="p-ss-2006-07-01.xsd#p-ss_CRSECSADomain"
                xlink:label="label_newItem43_1134126734708_0"
                xlink:title="label_newItem43"/>
      <link:label xlink:type="resource" xlink:label="label_newItem43_1134126734708_1"
                  xlink:role="http://www.xbrl.org/2003/role/label"
                  xlink:title="label_newItem43"
                  xml:lang="en"
                  id="label_newItem43_1134126734708_1">CR SEC SA (Domain)</link:label>
      <link:labelArc xlink:type="arc" xlink:arcrole="http://www.xbrl.org/2003/arcrole/concept-label"
                     xlink:from="label_newItem43_1134126734708_0"
                     xlink:to="label_newItem43_1134126734708_1"
                     xlink:title="label: newItem43 to label_newItem43"/>
  </link:labelLink>
</link:linkbase>