<?xml version="1.0" encoding="UTF-8"?>
<?taxonomy-version 1.3.1?>
<!--Copyright (C) 2011 EBA - European Banking Authority, Tower 42, 25 Old Broad Street, London, EC2N 1HQ, United Kingdom.-->            
<link:linkbase xmlns:xsi="http://www.w3.org/2001/XMLSchema-instance"
               xmlns:link="http://www.xbrl.org/2003/linkbase"
               xmlns:xbrli="http://www.xbrl.org/2003/instance"
               xmlns:xlink="http://www.w3.org/1999/xlink"
               xsi:schemaLocation="http://www.xbrl.org/2003/linkbase http://www.xbrl.org/2003/xbrl-linkbase-2003-12-31.xsd">
  <link:roleRef roleURI="http://www.c-ebs.org/2006/corep/eu/ca" xlink:type="simple"
                 xlink:href="p-ca-2006-07-01.xsd#rt_ca"/>
  <link:labelLink xlink:type="extended" xlink:role="http://www.xbrl.org/2003/role/link">
      <link:loc xlink:type="locator"
                xlink:href="t-ca-2006-07-01.xsd#t-ca_CreditRiskMainHypercube"
                xlink:label="CreditRiskHypercube"
                xlink:title="CreditRiskHypercube"/>
      <link:label xlink:type="resource" xlink:label="label_CreditRiskHypercube"
                  xlink:role="http://www.xbrl.org/2003/role/label"
                  xlink:title="label_CreditRiskHypercube"
                  xml:lang="en"
                  id="label_CreditRiskHypercube">Credit Risk Main (Hypercube)</link:label>
      <link:labelArc xlink:type="arc" xlink:arcrole="http://www.xbrl.org/2003/arcrole/concept-label"
                     xlink:from="CreditRiskHypercube"
                     xlink:to="label_CreditRiskHypercube"
                     xlink:title="label: CreditRiskHypercube to label_CreditRiskHypercube"/>
      <link:loc xlink:type="locator"
                xlink:href="t-ca-2006-07-01.xsd#t-ca_OperationalRiskHypercube"
                xlink:label="OperationalRiskHypercube"
                xlink:title="OperationalRiskHypercube"/>
      <link:label xlink:type="resource" xlink:label="label_OperationalRiskHypercube"
                  xlink:role="http://www.xbrl.org/2003/role/label"
                  xlink:title="label_OperationalRiskHypercube"
                  xml:lang="en"
                  id="label_OperationalRiskHypercube">Operational Risk (Hypercube)</link:label>
      <link:labelArc xlink:type="arc" xlink:arcrole="http://www.xbrl.org/2003/arcrole/concept-label"
                     xlink:from="OperationalRiskHypercube"
                     xlink:to="label_OperationalRiskHypercube"
                     xlink:title="label: OperationalRiskHypercube to label_OperationalRiskHypercube"/>
      <link:loc xlink:type="locator"
                xlink:href="t-ca-2006-07-01.xsd#t-ca_SettlementRiskHypercube"
                xlink:label="SettlementRiskHypercube"
                xlink:title="SettlementRiskHypercube"/>
      <link:label xlink:type="resource" xlink:label="label_SettlementRiskHypercube"
                  xlink:role="http://www.xbrl.org/2003/role/label"
                  xlink:title="label_SettlementRiskHypercube"
                  xml:lang="en"
                  id="label_SettlementRiskHypercube">Settlement Risk (Hypercube)</link:label>
      <link:labelArc xlink:type="arc" xlink:arcrole="http://www.xbrl.org/2003/arcrole/concept-label"
                     xlink:from="SettlementRiskHypercube"
                     xlink:to="label_SettlementRiskHypercube"
                     xlink:title="label: SettlementRiskHypercube to label_SettlementRiskHypercube"/>
      <link:loc xlink:type="locator" xlink:href="t-ca-2006-07-01.xsd#t-ca_MarketRiskHypercube"
                xlink:label="MarketRiskHypercube"
                xlink:title="MarketRiskHypercube"/>
      <link:label xlink:type="resource" xlink:label="label_MarketRiskHypercube"
                  xlink:role="http://www.xbrl.org/2003/role/label"
                  xlink:title="label_MarketRiskHypercube"
                  xml:lang="en"
                  id="label_MarketRiskHypercube">Market Risk (Hypercube)</link:label>
      <link:labelArc xlink:type="arc" xlink:arcrole="http://www.xbrl.org/2003/arcrole/concept-label"
                     xlink:from="MarketRiskHypercube"
                     xlink:to="label_MarketRiskHypercube"
                     xlink:title="label: MarketRiskHypercube to label_MarketRiskHypercube"/>
      <link:loc xlink:type="locator"
                xlink:href="t-ca-2006-07-01.xsd#t-ca_CreditRiskSAHypercube"
                xlink:label="CreditRiskSAHypercube"
                xlink:title="CreditRiskSAHypercube"/>
      <link:label xlink:type="resource" xlink:label="label_CreditRiskSAHypercube"
                  xlink:role="http://www.xbrl.org/2003/role/label"
                  xlink:title="label_CreditRiskSAHypercube"
                  xml:lang="en"
                  id="label_CreditRiskSAHypercube">Credit Risk SA (Hypercube)</link:label>
      <link:labelArc xlink:type="arc" xlink:arcrole="http://www.xbrl.org/2003/arcrole/concept-label"
                     xlink:from="CreditRiskSAHypercube"
                     xlink:to="label_CreditRiskSAHypercube"
                     xlink:title="label: CreditRiskSAHypercube to label_CreditRiskSAHypercube"/>
      <link:loc xlink:type="locator"
                xlink:href="t-ca-2006-07-01.xsd#t-ca_CreditRiskIRBOwnEstimatesHypercube"
                xlink:label="CreditRiskIRBOwnEstimatesHypercube"
                xlink:title="CreditRiskIRBOwnEstimatesHypercube"/>
      <link:label xlink:type="resource" xlink:label="label_CreditRiskIRBOwnEstimatesHypercube"
                  xlink:role="http://www.xbrl.org/2003/role/label"
                  xlink:title="label_CreditRiskIRBOwnEstimatesHypercube"
                  xml:lang="en"
                  id="label_CreditRiskIRBOwnEstimatesHypercube">Credit Risk IRB Own Estimates (Hypercube)</link:label>
      <link:labelArc xlink:type="arc" xlink:arcrole="http://www.xbrl.org/2003/arcrole/concept-label"
                     xlink:from="CreditRiskIRBOwnEstimatesHypercube"
                     xlink:to="label_CreditRiskIRBOwnEstimatesHypercube"
                     xlink:title="label: CreditRiskIRBOwnEstimatesHypercube to label_CreditRiskIRBOwnEstimatesHypercube"/>
      <link:loc xlink:type="locator"
                xlink:href="t-ca-2006-07-01.xsd#t-ca_CreditRiskIRBNoOwnEstimatesHypercube"
                xlink:label="CreditRiskIRBNoOwnEstimatesHypercube"
                xlink:title="CreditRiskIRBNoOwnEstimatesHypercube"/>
      <link:label xlink:type="resource" xlink:label="label_CreditRiskIRBNoOwnEstimatesHypercube"
                  xlink:role="http://www.xbrl.org/2003/role/label"
                  xlink:title="label_CreditRiskIRBNoOwnEstimatesHypercube"
                  xml:lang="en"
                  id="label_CreditRiskIRBNoOwnEstimatesHypercube">Credit Risk IRB No Own Estimates (Hypercube)</link:label>
      <link:labelArc xlink:type="arc" xlink:arcrole="http://www.xbrl.org/2003/arcrole/concept-label"
                     xlink:from="CreditRiskIRBNoOwnEstimatesHypercube"
                     xlink:to="label_CreditRiskIRBNoOwnEstimatesHypercube"
                     xlink:title="label: CreditRiskIRBNoOwnEstimatesHypercube to label_CreditRiskIRBNoOwnEstimatesHypercube"/>
      <link:loc xlink:type="locator"
                xlink:href="t-ca-2006-07-01.xsd#t-ca_SecuritizationPositionsSAHypercube"
                xlink:label="SecuritizationPositionsSAHypercube"
                xlink:title="SecuritizationPositionsSAHypercube"/>
      <link:label xlink:type="resource" xlink:label="label_SecuritizationPositionsSAHypercube"
                  xlink:role="http://www.xbrl.org/2003/role/label"
                  xlink:title="label_SecuritizationPositionsSAHypercube"
                  xml:lang="en"
                  id="label_SecuritizationPositionsSAHypercube">Securitization Positions SA (Hypercube)</link:label>
      <link:labelArc xlink:type="arc" xlink:arcrole="http://www.xbrl.org/2003/arcrole/concept-label"
                     xlink:from="SecuritizationPositionsSAHypercube"
                     xlink:to="label_SecuritizationPositionsSAHypercube"
                     xlink:title="label: SecuritizationPositionsSAHypercube to label_SecuritizationPositionsSAHypercube"/>
      <link:loc xlink:type="locator"
                xlink:href="t-ca-2006-07-01.xsd#t-ca_SecuritizationPositionsIRBHypercube"
                xlink:label="SecuritizationPositionsIRBHypercube"
                xlink:title="SecuritizationPositionsIRBHypercube"/>
      <link:label xlink:type="resource" xlink:label="label_SecuritizationPositionsIRBHypercube"
                  xlink:role="http://www.xbrl.org/2003/role/label"
                  xlink:title="label_SecuritizationPositionsIRBHypercube"
                  xml:lang="en"
                  id="label_SecuritizationPositionsIRBHypercube">Securitization Positions IRB (Hypercube)</link:label>
      <link:labelArc xlink:type="arc" xlink:arcrole="http://www.xbrl.org/2003/arcrole/concept-label"
                     xlink:from="SecuritizationPositionsIRBHypercube"
                     xlink:to="label_SecuritizationPositionsIRBHypercube"
                     xlink:title="label: SecuritizationPositionsIRBHypercube to label_SecuritizationPositionsIRBHypercube"/>
      <link:loc xlink:type="locator"
                xlink:href="t-ca-2006-07-01.xsd#t-ca_TradedDebtInstrumentsHypercube"
                xlink:label="TradedDebtInstrumentsHypercube"
                xlink:title="TradedDebtInstrumentsHypercube"/>
      <link:label xlink:type="resource" xlink:label="label_TradedDebtInstrumentsHypercube"
                  xlink:role="http://www.xbrl.org/2003/role/label"
                  xlink:title="label_TradedDebtInstrumentsHypercube"
                  xml:lang="en"
                  id="label_TradedDebtInstrumentsHypercube">Traded Debt Instruments (Hypercube)</link:label>
      <link:labelArc xlink:type="arc" xlink:arcrole="http://www.xbrl.org/2003/arcrole/concept-label"
                     xlink:from="TradedDebtInstrumentsHypercube"
                     xlink:to="label_TradedDebtInstrumentsHypercube"
                     xlink:title="label: TradedDebtInstrumentsHypercube to label_TradedDebtInstrumentsHypercube"/>
  </link:labelLink>
  <link:labelLink xlink:type="extended" xlink:role="http://www.c-ebs.org/2006/corep/eu/ca">
      <link:loc xlink:type="locator"
                xlink:href="d-ec-2006-07-01.xsd#d-ec_TotalIRBExposureClass"
                xlink:label="TotalIRBExposureClass"
                xlink:title="TotalIRBExposureClass"/>
      <link:label xlink:type="resource" xlink:label="label_TotalIRBExposureClass"
                  xlink:role="http://www.xbrl.org/2003/role/label"
                  xlink:title="label_TotalIRBExposureClass"
                  xml:lang="en"
                  id="label_TotalIRBExposureClass">IRB exposure classes excluding securitization positions</link:label>
      <link:labelArc xlink:type="arc" xlink:arcrole="http://www.xbrl.org/2003/arcrole/concept-label"
                     xlink:from="TotalIRBExposureClass"
                     xlink:to="label_TotalIRBExposureClass"
                     xlink:title="label: TotalIRBExposureClass to label_TotalIRBExposureClass"/>
      <link:loc xlink:type="locator" xlink:href="d-ec-2006-07-01.xsd#d-ec_TotalSAExposureClass"
                xlink:label="TotalSAExposureClass"
                xlink:title="TotalSAExposureClass"/>
      <link:label xlink:type="resource" xlink:label="label_TotalSAExposureClass"
                  xlink:role="http://www.xbrl.org/2003/role/label"
                  xlink:title="label_TotalSAExposureClass"
                  xml:lang="en"
                  id="label_TotalSAExposureClass"> Total SA Exposure Class excluding securitization positions</link:label>
      <link:labelArc xlink:type="arc" xlink:arcrole="http://www.xbrl.org/2003/arcrole/concept-label"
                     xlink:from="TotalSAExposureClass"
                     xlink:to="label_TotalSAExposureClass"
                     xlink:title="label: TotalSAExposureClass to label_TotalSAExposureClass"/>
  </link:labelLink>
</link:linkbase>