<?xml version="1.0" encoding="UTF-8"?>
<?taxonomy-version 1.3.1?>
<!--Copyright (C) 2011 EBA - European Banking Authority, Tower 42, 25 Old Broad Street, London, EC2N 1HQ, United Kingdom.-->            
<link:linkbase xmlns:xsi="http://www.w3.org/2001/XMLSchema-instance"
               xmlns:link="http://www.xbrl.org/2003/linkbase"
               xmlns:xbrli="http://www.xbrl.org/2003/instance"
               xmlns:xlink="http://www.w3.org/1999/xlink"
               xmlns:xbrldt="http://xbrl.org/2005/xbrldt"
               xsi:schemaLocation="http://www.xbrl.org/2003/linkbase http://www.xbrl.org/2003/xbrl-linkbase-2003-12-31.xsd">
  <link:roleRef roleURI="http://www.c-ebs.org/2006/corep/eu/t-ca/SectionAdimensionalItems"
                 xlink:type="simple"
                 xlink:href="t-ca-2006-07-01.xsd#rt_t-ca_SectionAdimensionalItems"/>
  <link:roleRef roleURI="http://www.c-ebs.org/2006/corep/eu/t-ca/CreditRiskMainHypercube"
                 xlink:type="simple"
                 xlink:href="t-ca-2006-07-01.xsd#rt_t-ca_CreditRiskMainHypercube"/>
  <link:roleRef roleURI="http://www.c-ebs.org/2006/corep/eu/t-ca/CreditRiskIRBNoOwnEstimatesHypercube"
                 xlink:type="simple"
                 xlink:href="t-ca-2006-07-01.xsd#rt_t-ca_CreditRiskIRBNoOwnEstimatesHypercube"/>
  <link:roleRef roleURI="http://www.c-ebs.org/2006/corep/eu/t-ca/CreditRiskIRBOwnEstimatesHypercube"
                 xlink:type="simple"
                 xlink:href="t-ca-2006-07-01.xsd#rt_t-ca_CreditRiskIRBOwnEstimatesHypercube"/>
  <link:roleRef roleURI="http://www.c-ebs.org/2006/corep/eu/t-ca/CreditRiskSAHypercube"
                 xlink:type="simple"
                 xlink:href="t-ca-2006-07-01.xsd#rt_t-ca_CreditRiskSAHypercube"/>
  <link:roleRef roleURI="http://www.c-ebs.org/2006/corep/eu/t-ca/MarketRiskHypercube"
                 xlink:type="simple"
                 xlink:href="t-ca-2006-07-01.xsd#rt_t-ca_MarketRiskHypercube"/>
  <link:roleRef roleURI="http://www.c-ebs.org/2006/corep/eu/t-ca/SettlementRiskHypercube"
                 xlink:type="simple"
                 xlink:href="t-ca-2006-07-01.xsd#rt_t-ca_SettlementRiskHypercube"/>
  <link:roleRef roleURI="http://www.c-ebs.org/2006/corep/eu/t-ca/SectionCreditRiskIRBNoOwnEstimatesBreakdown"
                 xlink:type="simple"
                 xlink:href="t-ca-2006-07-01.xsd#rt_t-ca_SectionCreditRiskIRBNoOwnEstimatesBreakdown"/>
  <link:roleRef roleURI="http://www.c-ebs.org/2006/corep/eu/t-ca/SectionCreditRiskIRBOwnEstimatesBreakdown"
                 xlink:type="simple"
                 xlink:href="t-ca-2006-07-01.xsd#rt_t-ca_SectionCreditRiskIRBOwnEstimatesBreakdown"/>
  <link:roleRef roleURI="http://www.c-ebs.org/2006/corep/eu/t-ca/SectionCreditRiskSABreakdown"
                 xlink:type="simple"
                 xlink:href="t-ca-2006-07-01.xsd#rt_t-ca_SectionCreditRiskSABreakdown"/>
  <link:roleRef roleURI="http://www.c-ebs.org/2006/corep/eu/t-ca/SectionCapitalRequirementsMainBreakdown"
                 xlink:type="simple"
                 xlink:href="t-ca-2006-07-01.xsd#rt_t-ca_SectionCapitalRequirementsMainBreakdown"/>
  <link:roleRef roleURI="http://www.c-ebs.org/2006/corep/eu/t-ca/OperationalRiskHypercube"
                 xlink:type="simple"
                 xlink:href="t-ca-2006-07-01.xsd#rt_t-ca_OperationalRiskHypercube"/>
  <link:roleRef roleURI="http://www.c-ebs.org/2006/corep/eu/ca" xlink:type="simple"
                 xlink:href="p-ca-2006-07-01.xsd#rt_ca"/>
  <link:roleRef roleURI="http://www.c-ebs.org/2006/corep/eu/t-ca/SecuritizationPositionsSAHypercube"
                 xlink:type="simple"
                 xlink:href="t-ca-2006-07-01.xsd#rt_t-ca_SecuritizationPositionsSAHypercube"/>
  <link:roleRef roleURI="http://www.c-ebs.org/2006/corep/eu/t-ca/SecuritizationPositionsIRBHypercube"
                 xlink:type="simple"
                 xlink:href="t-ca-2006-07-01.xsd#rt_t-ca_SecuritizationPositionsIRBHypercube"/>
  <link:roleRef roleURI="http://www.c-ebs.org/2006/corep/eu/t-ca/SectionSecuritizationPositionsIRB"
                 xlink:type="simple"
                 xlink:href="t-ca-2006-07-01.xsd#rt_t-ca_SectionSecuritizationPositionsIRB"/>
  <link:roleRef roleURI="http://www.c-ebs.org/2006/corep/eu/t-ca/SectionSecuritizationPositionsSA"
                 xlink:type="simple"
                 xlink:href="t-ca-2006-07-01.xsd#rt_t-ca_SectionSecuritizationPositionsSA"/>
  <link:roleRef roleURI="http://www.c-ebs.org/2006/corep/eu/t-ca/TradedDebtInstrumentsHypercube"
                 xlink:type="simple"
                 xlink:href="t-ca-2006-07-01.xsd#rt_t-ca_TradedDebtInstrumentsHypercube"/>
  <link:roleRef roleURI="http://www.c-ebs.org/2006/corep/eu/t-ca/SectionTradedDebtInstruments"
                 xlink:type="simple"
                 xlink:href="t-ca-2006-07-01.xsd#rt_t-ca_SectionTradedDebtInstruments"/>
  <link:arcroleRef arcroleURI="http://xbrl.org/int/dim/arcrole/domain-member" xlink:type="simple"
                    xlink:href="http://www.xbrl.org/2005/xbrldt-2005.xsd#domain-member"/>
  <link:arcroleRef arcroleURI="http://xbrl.org/int/dim/arcrole/all" xlink:type="simple"
                    xlink:href="http://www.xbrl.org/2005/xbrldt-2005.xsd#all"/>
  <link:arcroleRef arcroleURI="http://xbrl.org/int/dim/arcrole/dimension-domain"
                    xlink:type="simple"
                    xlink:href="http://www.xbrl.org/2005/xbrldt-2005.xsd#dimension-domain"/>
  <link:arcroleRef arcroleURI="http://xbrl.org/int/dim/arcrole/hypercube-dimension"
                    xlink:type="simple"
                    xlink:href="http://www.xbrl.org/2005/xbrldt-2005.xsd#hypercube-dimension"/>
  <link:definitionLink xlink:type="extended"
                        xlink:role="http://www.c-ebs.org/2006/corep/eu/t-ca/SectionCapitalRequirementsMainBreakdown">
      <link:loc xlink:type="locator"
                xlink:href="p-cm-ca-2006-07-01.xsd#p-cm-ca_SettlementRiskCapitalRequirements"
                xlink:label="SettlementRiskCapitalRequirements"
                xlink:title="SettlementRiskCapitalRequirements"/>
      <link:loc xlink:type="locator"
                xlink:href="t-ca-2006-07-01.xsd#t-ca_SettlementRiskHypercube"
                xlink:label="SettlementRiskHypercube"
                xlink:title="SettlementRiskHypercube"/>
      <link:definitionArc xlink:type="arc" xlink:arcrole="http://xbrl.org/int/dim/arcrole/all"
                          xlink:from="SettlementRiskCapitalRequirements"
                          xlink:to="SettlementRiskHypercube"
                          xlink:title="definition: SettlementRiskCapitalRequirements to SettlementRiskHypercube"
                          use="optional"
                          order="1.0"
                          xbrldt:targetRole="http://www.c-ebs.org/2006/corep/eu/t-ca/SettlementRiskHypercube"
                          xbrldt:contextElement="scenario"
                          xbrldt:closed="true"/>
      <link:loc xlink:type="locator"
                xlink:href="p-cm-ca-2006-07-01.xsd#p-cm-ca_OperationalRiskCapitalRequirements"
                xlink:label="OperationalRiskCapitalRequirements"
                xlink:title="OperationalRiskCapitalRequirements"/>
      <link:loc xlink:type="locator"
                xlink:href="t-ca-2006-07-01.xsd#t-ca_OperationalRiskHypercube"
                xlink:label="OperationalRiskHypercube"
                xlink:title="OperationalRiskHypercube"/>
      <link:definitionArc xlink:type="arc" xlink:arcrole="http://xbrl.org/int/dim/arcrole/all"
                          xlink:from="OperationalRiskCapitalRequirements"
                          xlink:to="OperationalRiskHypercube"
                          xlink:title="definition: OperationalRiskCapitalRequirements to OperationalRiskHypercube"
                          use="optional"
                          order="1.0"
                          xbrldt:targetRole="http://www.c-ebs.org/2006/corep/eu/t-ca/OperationalRiskHypercube"
                          xbrldt:contextElement="scenario"
                          xbrldt:closed="true"/>
      <link:loc xlink:type="locator"
                xlink:href="p-cm-ca-2006-07-01.xsd#p-cm-ca_MarketRiskCapitalRequirements"
                xlink:label="MarketRiskCapitalRequirements"
                xlink:title="MarketRiskCapitalRequirements"/>
      <link:loc xlink:type="locator" xlink:href="t-ca-2006-07-01.xsd#t-ca_MarketRiskHypercube"
                xlink:label="MarketRiskHypercube"
                xlink:title="MarketRiskHypercube"/>
      <link:definitionArc xlink:type="arc" xlink:arcrole="http://xbrl.org/int/dim/arcrole/all"
                          xlink:from="MarketRiskCapitalRequirements"
                          xlink:to="MarketRiskHypercube"
                          xlink:title="definition: MarketRiskCapitalRequirements to MarketRiskHypercube"
                          use="optional"
                          order="1.0"
                          xbrldt:targetRole="http://www.c-ebs.org/2006/corep/eu/t-ca/MarketRiskHypercube"
                          xbrldt:contextElement="scenario"
                          xbrldt:closed="true"/>
      <link:loc xlink:type="locator"
                xlink:href="p-cm-ca-2006-07-01.xsd#p-cm-ca_CreditRiskCapitalRequirements"
                xlink:label="CreditRiskCapitalRequirements"
                xlink:title="CreditRiskCapitalRequirements"/>
      <link:loc xlink:type="locator"
                xlink:href="t-ca-2006-07-01.xsd#t-ca_CreditRiskMainHypercube"
                xlink:label="CreditRiskMainHypercube"
                xlink:title="CreditRiskMainHypercube"/>
      <link:definitionArc xlink:type="arc" xlink:arcrole="http://xbrl.org/int/dim/arcrole/all"
                          xlink:from="CreditRiskCapitalRequirements"
                          xlink:to="CreditRiskMainHypercube"
                          xlink:title="definition: CreditRiskCapitalRequirements to CreditRiskMainHypercube"
                          order="1.0"
                          xbrldt:targetRole="http://www.c-ebs.org/2006/corep/eu/t-ca/CreditRiskMainHypercube"
                          xbrldt:contextElement="scenario"
                          xbrldt:closed="true"/>
  </link:definitionLink>
  <link:definitionLink xlink:type="extended"
                        xlink:role="http://www.c-ebs.org/2006/corep/eu/t-ca/SettlementRiskHypercube">
      <link:loc xlink:type="locator"
                xlink:href="t-ca-2006-07-01.xsd#t-ca_SettlementRiskHypercube"
                xlink:label="SettlementRiskHypercube"
                xlink:title="SettlementRiskHypercube"/>
      <link:loc xlink:type="locator"
                xlink:href="d-ut-2006-07-01.xsd#d-ut_UnsettledTransactionsDimension"
                xlink:label="UnsettledTransactionsDimension"
                xlink:title="UnsettledTransactionsDimension"/>
      <link:definitionArc xlink:type="arc"
                          xlink:arcrole="http://xbrl.org/int/dim/arcrole/hypercube-dimension"
                          xlink:from="SettlementRiskHypercube"
                          xlink:to="UnsettledTransactionsDimension"
                          xlink:title="definition: SettlementRiskHypercube to UnsettledTransactionsDimension"
                          order="1.0"/>
      <link:loc xlink:type="locator"
                xlink:href="d-ut-2006-07-01.xsd#d-ut_TotalUnsettledTransactionsInTheTradingBook"
                xlink:label="TotalUnsettledTransactionsInTheTradingBook"
                xlink:title="TotalUnsettledTransactionsInTheTradingBook"/>
      <link:definitionArc xlink:type="arc"
                          xlink:arcrole="http://xbrl.org/int/dim/arcrole/dimension-domain"
                          xlink:from="UnsettledTransactionsDimension"
                          xlink:to="TotalUnsettledTransactionsInTheTradingBook"
                          xlink:title="definition: UnsettledTransactionsDimension to TotalUnsettledTransactionsInTheTradingBook"
                          order="1.0"/>
  </link:definitionLink>
  <link:definitionLink xlink:type="extended"
                        xlink:role="http://www.c-ebs.org/2006/corep/eu/t-ca/OperationalRiskHypercube">
      <link:loc xlink:type="locator"
                xlink:href="t-ca-2006-07-01.xsd#t-ca_OperationalRiskHypercube"
                xlink:label="OperationalRiskHypercube"
                xlink:title="OperationalRiskHypercube"/>
      <link:loc xlink:type="locator"
                xlink:href="d-ba-2006-07-01.xsd#d-ba_BankActivityDimension"
                xlink:label="BankActivityDimension"
                xlink:title="BankActivityDimension"/>
      <link:definitionArc xlink:type="arc"
                          xlink:arcrole="http://xbrl.org/int/dim/arcrole/hypercube-dimension"
                          xlink:from="OperationalRiskHypercube"
                          xlink:to="BankActivityDimension"
                          xlink:title="definition: OperationalRiskHypercube to BankActivityDimension"
                          order="1.0"/>
      <link:loc xlink:type="locator"
                xlink:href="d-ba-2006-07-01.xsd#d-ba_TotalBankingActivities"
                xlink:label="TotalBankingActivities"
                xlink:title="TotalBankingActivities"/>
      <link:definitionArc xlink:type="arc"
                          xlink:arcrole="http://xbrl.org/int/dim/arcrole/dimension-domain"
                          xlink:from="BankActivityDimension"
                          xlink:to="TotalBankingActivities"
                          xlink:title="definition: BankActivityDimension to TotalBankingActivities"
                          order="1.0"/>
      <link:loc xlink:type="locator"
                xlink:href="d-ba-2006-07-01.xsd#d-ba_TotalBankingActivitiesSubjectBIA"
                xlink:label="TotalBankingActivitiesSubjectBIA"
                xlink:title="definition: BankingActivities to TotalBankingActivitiesSubjectBIA"/>
      <link:definitionArc xlink:type="arc" xlink:arcrole="http://xbrl.org/int/dim/arcrole/domain-member"
                          xlink:from="TotalBankingActivities"
                          xlink:to="TotalBankingActivitiesSubjectBIA"
                          xlink:title="definition: TotalBankingActivities to TotalBankingActivitiesSubjectBIA"
                          use="optional"
                          order="1.0"/>
      <link:loc xlink:type="locator"
                xlink:href="d-ba-2006-07-01.xsd#d-ba_TotalBankingActivitiesSubjectSTAAlternative"
                xlink:label="TotalBankingActivitiesSubjectSTAAlternative"
                xlink:title="definition: BankingActivities to TotalBankingActivitiesSubjectSTAAlternative"/>
      <link:definitionArc xlink:type="arc" xlink:arcrole="http://xbrl.org/int/dim/arcrole/domain-member"
                          xlink:from="TotalBankingActivities"
                          xlink:to="TotalBankingActivitiesSubjectSTAAlternative"
                          xlink:title="definition: TotalBankingActivities to TotalBankingActivitiesSubjectSTAAlternative"
                          use="optional"
                          order="2.0"/>
      <link:loc xlink:type="locator"
                xlink:href="d-ba-2006-07-01.xsd#d-ba_TotalBankingActivitiesSubjectAMA"
                xlink:label="TotalBankingActivitiesSubjectAMA"
                xlink:title="definition: BankingActivities to TotalBankingActivitiesSubjectAMA"/>
      <link:definitionArc xlink:type="arc" xlink:arcrole="http://xbrl.org/int/dim/arcrole/domain-member"
                          xlink:from="TotalBankingActivities"
                          xlink:to="TotalBankingActivitiesSubjectAMA"
                          xlink:title="definition: TotalBankingActivities to TotalBankingActivitiesSubjectAMA"
                          use="optional"
                          order="3.0"/>
  </link:definitionLink>
  <link:definitionLink xlink:type="extended"
                        xlink:role="http://www.c-ebs.org/2006/corep/eu/t-ca/MarketRiskHypercube">
      <link:loc xlink:type="locator" xlink:href="t-ca-2006-07-01.xsd#t-ca_MarketRiskHypercube"
                xlink:label="MarketRiskHypercube"
                xlink:title="MarketRiskHypercube"/>
      <link:loc xlink:type="locator" xlink:href="d-mr-2006-07-01.xsd#d-mr_MarketRiskDimension"
                xlink:label="MarketRiskDimension"
                xlink:title="MarketRiskDimension"/>
      <link:definitionArc xlink:type="arc"
                          xlink:arcrole="http://xbrl.org/int/dim/arcrole/hypercube-dimension"
                          xlink:from="MarketRiskHypercube"
                          xlink:to="MarketRiskDimension"
                          xlink:title="definition: MarketRiskHypercube to MarketRiskDimension"
                          order="1.0"/>
      <link:loc xlink:type="locator" xlink:href="d-mr-2006-07-01.xsd#d-mr_MRiskTotal"
                xlink:label="MRiskTotal"
                xlink:title="MRiskTotal"/>
      <link:definitionArc xlink:type="arc"
                          xlink:arcrole="http://xbrl.org/int/dim/arcrole/dimension-domain"
                          xlink:from="MarketRiskDimension"
                          xlink:to="MRiskTotal"
                          xlink:title="definition: MarketRiskDimension to MRiskTotal"
                          order="1.0"/>
      <link:loc xlink:type="locator" xlink:href="d-mr-2006-07-01.xsd#d-mr_MRiskSA"
                xlink:label="MRiskSA"
                xlink:title="MRiskSA"/>
      <link:definitionArc xlink:type="arc" xlink:arcrole="http://xbrl.org/int/dim/arcrole/domain-member"
                          xlink:from="MRiskTotal"
                          xlink:to="MRiskSA"
                          xlink:title="definition: MRiskTotal to MRiskSA"
                          use="optional"
                          order="1.0"/>
      <link:loc xlink:type="locator" xlink:href="d-mr-2006-07-01.xsd#d-mr_MRiskSAEQUTotal"
                xlink:label="MRiskSAEQUTotal"
                xlink:title="MRiskSAEQUTotal"/>
      <link:definitionArc xlink:type="arc" xlink:arcrole="http://xbrl.org/int/dim/arcrole/domain-member"
                          xlink:from="MRiskSA"
                          xlink:to="MRiskSAEQUTotal"
                          xlink:title="definition: MRiskSA to MRiskSAEQUTotal"
                          use="optional"
                          order="2.0"/>
      <link:loc xlink:type="locator"
                xlink:href="d-mr-2006-07-01.xsd#d-mr_MRiskSAFXTotalPositionsNonReportingCurrencies"
                xlink:label="MRiskSAFXTotalPositionsNonReportingCurrencies"
                xlink:title="MRiskSAFXTotalPositionsNonReportingCurrencies"/>
      <link:definitionArc xlink:type="arc" xlink:arcrole="http://xbrl.org/int/dim/arcrole/domain-member"
                          xlink:from="MRiskSA"
                          xlink:to="MRiskSAFXTotalPositionsNonReportingCurrencies"
                          xlink:title="definition: MRiskSA to MRiskSAFXTotalPositionsNonReportingCurrencies"
                          use="optional"
                          order="3.0"/>
      <link:loc xlink:type="locator" xlink:href="d-mr-2006-07-01.xsd#d-mr_MRiskSACOMTotal"
                xlink:label="MRiskSACOMTotal"
                xlink:title="MRiskSACOMTotalPositionsInCommoditiesDomain"/>
      <link:definitionArc xlink:type="arc" xlink:arcrole="http://xbrl.org/int/dim/arcrole/domain-member"
                          xlink:from="MRiskSA"
                          xlink:to="MRiskSACOMTotal"
                          xlink:title="definition: MRiskSA to MRiskSACOMTotal"
                          use="optional"
                          order="4.0"/>
      <link:loc xlink:type="locator"
                xlink:href="d-mr-2006-07-01.xsd#d-mr_MRiskIMTotalPositions"
                xlink:label="MRiskIMTotalPositions"
                xlink:title="MRiskIMTotalPositions"/>
      <link:definitionArc xlink:type="arc" xlink:arcrole="http://xbrl.org/int/dim/arcrole/domain-member"
                          xlink:from="MRiskTotal"
                          xlink:to="MRiskIMTotalPositions"
                          xlink:title="definition: MRiskTotal to MRiskIMTotalPositions"
                          use="optional"
                          order="2.0"/>
  </link:definitionLink>
  <link:definitionLink xlink:type="extended"
                        xlink:role="http://www.c-ebs.org/2006/corep/eu/t-ca/CreditRiskMainHypercube">
      <link:loc xlink:type="locator"
                xlink:href="t-ca-2006-07-01.xsd#t-ca_CreditRiskMainHypercube"
                xlink:label="CreditRiskMainHypercube"
                xlink:title="CreditRiskMainHypercube"/>
      <link:loc xlink:type="locator" xlink:href="d-cr-2006-07-01.xsd#d-cr_CreditRiskDimension"
                xlink:label="CreditRiskDimension"
                xlink:title="CreditRiskDimension"/>
      <link:definitionArc xlink:type="arc"
                          xlink:arcrole="http://xbrl.org/int/dim/arcrole/hypercube-dimension"
                          xlink:from="CreditRiskMainHypercube"
                          xlink:to="CreditRiskDimension"
                          xlink:title="definition: CreditRiskMainHypercube to CreditRiskDimension"
                          order="1.0"/>
      <link:loc xlink:type="locator" xlink:href="d-cr-2006-07-01.xsd#d-cr_CreditRiskTotal"
                xlink:label="CreditRiskTotal"
                xlink:title="CreditRiskTotal"/>
      <link:definitionArc xlink:type="arc"
                          xlink:arcrole="http://xbrl.org/int/dim/arcrole/dimension-domain"
                          xlink:from="CreditRiskDimension"
                          xlink:to="CreditRiskTotal"
                          xlink:title="definition: CreditRiskDimension to CreditRiskTotal"
                          order="1.0"/>
      <link:loc xlink:type="locator" xlink:href="d-cr-2006-07-01.xsd#d-cr_CreditRiskIRB"
                xlink:label="CreditRiskIRB"
                xlink:title="CreditRiskIRB"/>
      <link:definitionArc xlink:type="arc" xlink:arcrole="http://xbrl.org/int/dim/arcrole/domain-member"
                          xlink:from="CreditRiskTotal"
                          xlink:to="CreditRiskIRB"
                          xlink:title="definition: CreditRiskTotal to CreditRiskIRB"
                          use="optional"
                          order="2.0"/>
      <link:loc xlink:type="locator" xlink:href="d-cr-2006-07-01.xsd#d-cr_CreditRiskIRBEquity"
                xlink:label="CreditRiskIRBEquity"
                xlink:title="TotalIRBEquityExposures"/>
      <link:definitionArc xlink:type="arc" xlink:arcrole="http://xbrl.org/int/dim/arcrole/domain-member"
                          xlink:from="CreditRiskIRB"
                          xlink:to="CreditRiskIRBEquity"
                          xlink:title="definition: CreditRiskIRB to CreditRiskIRBEquity"
                          use="optional"
                          order="2.0"/>
      <link:loc xlink:type="locator"
                xlink:href="d-cr-2006-07-01.xsd#d-cr_CreditRiskIRBOtherNonCreditObligationAssets"
                xlink:label="CreditRiskIRBOtherNonCreditObligationAssets"
                xlink:title="CreditRiskIRBOtherNonCreditObligationAssets"/>
      <link:definitionArc xlink:type="arc" xlink:arcrole="http://xbrl.org/int/dim/arcrole/domain-member"
                          xlink:from="CreditRiskIRB"
                          xlink:to="CreditRiskIRBOtherNonCreditObligationAssets"
                          xlink:title="definition: CreditRiskIRB to CreditRiskIRBOtherNonCreditObligationAssets"
                          order="4.0"/>
      <link:loc xlink:type="locator" xlink:href="d-cr-2006-07-01.xsd#d-cr_CreditRiskSA"
                xlink:label="CreditRiskSA"
                xlink:title="CreditRiskSA"/>
      <link:definitionArc xlink:type="arc" xlink:arcrole="http://xbrl.org/int/dim/arcrole/domain-member"
                          xlink:from="CreditRiskTotal"
                          xlink:to="CreditRiskSA"
                          xlink:title="definition: CreditRiskTotal to CreditRiskSA"
                          order="1.0"/>
  </link:definitionLink>
  <link:definitionLink xlink:type="extended"
                        xlink:role="http://www.c-ebs.org/2006/corep/eu/t-ca/CreditRiskSAHypercube">
      <link:loc xlink:type="locator" xlink:href="d-cr-2006-07-01.xsd#d-cr_CreditRiskDimension"
                xlink:label="CreditRiskDimension"
                xlink:title="CreditRiskDimension"/>
      <link:loc xlink:type="locator"
                xlink:href="d-cr-2006-07-01.xsd#d-cr_CreditRiskSACreditCounterpartyCreditDelivery"
                xlink:label="CreditRiskSACreditCounterpartyCreditDelivery"
                xlink:title="CreditRiskSACreditCounterpartyCreditDelivery"/>
      <link:definitionArc xlink:type="arc"
                          xlink:arcrole="http://xbrl.org/int/dim/arcrole/dimension-domain"
                          xlink:from="CreditRiskDimension"
                          xlink:to="CreditRiskSACreditCounterpartyCreditDelivery"
                          xlink:title="definition: CreditRiskDimension to CreditRiskSACreditCounterpartyCreditDelivery"
                          order="2.0"/>
      <link:loc xlink:type="locator"
                xlink:href="t-ca-2006-07-01.xsd#t-ca_CreditRiskSAHypercube"
                xlink:label="CreditRiskSAHypercube"
                xlink:title="CreditRiskSAHypercube"/>
      <link:definitionArc xlink:type="arc"
                          xlink:arcrole="http://xbrl.org/int/dim/arcrole/hypercube-dimension"
                          xlink:from="CreditRiskSAHypercube"
                          xlink:to="CreditRiskDimension"
                          xlink:title="definition: CreditRiskSAHypercube to CreditRiskDimension"
                          order="1.0"/>
      <link:loc xlink:type="locator"
                xlink:href="d-ec-2006-07-01.xsd#d-ec_ExposureClassDimension"
                xlink:label="ExposureClassDimension"
                xlink:title="ExposureClassDimension"/>
      <link:definitionArc xlink:type="arc"
                          xlink:arcrole="http://xbrl.org/int/dim/arcrole/hypercube-dimension"
                          xlink:from="CreditRiskSAHypercube"
                          xlink:to="ExposureClassDimension"
                          xlink:title="definition: CreditRiskSAHypercube to ExposureClassDimension"
                          order="2.0"/>
      <link:loc xlink:type="locator"
                xlink:href="d-ec-2006-07-01.xsd#d-ec_TotalIRBExposureClass"
                xlink:label="TotalIRBExposureClass"
                xlink:title="TotalIRBExposureClass"/>
      <link:definitionArc xlink:type="arc"
                          xlink:arcrole="http://xbrl.org/int/dim/arcrole/dimension-domain"
                          xlink:from="ExposureClassDimension"
                          xlink:to="TotalIRBExposureClass"
                          xlink:title="definition: ExposureClassDimension to TotalIRBExposureClass"
                          use="optional"
                          order="3.0"/>
      <link:loc xlink:type="locator"
                xlink:href="d-ec-2006-07-01.xsd#d-ec_IRBECCentralGovernmentsAndCentralBanks"
                xlink:label="IRBECCentralGovernmentsAndCentralBanks"
                xlink:title="IRBECCentralGovernmentsAndCentralBanks"/>
      <link:definitionArc xlink:type="arc" xlink:arcrole="http://xbrl.org/int/dim/arcrole/domain-member"
                          xlink:from="TotalIRBExposureClass"
                          xlink:to="IRBECCentralGovernmentsAndCentralBanks"
                          xlink:title="definition: TotalIRBExposureClass to IRBECCentralGovernmentsAndCentralBanks"
                          use="optional"
                          order="1.0"/>
      <link:loc xlink:type="locator" xlink:href="d-ec-2006-07-01.xsd#d-ec_IRBECInstitutions"
                xlink:label="IRBECInstitutions"
                xlink:title="IRBECInstitutions"/>
      <link:definitionArc xlink:type="arc" xlink:arcrole="http://xbrl.org/int/dim/arcrole/domain-member"
                          xlink:from="TotalIRBExposureClass"
                          xlink:to="IRBECInstitutions"
                          xlink:title="definition: TotalIRBExposureClass to IRBECInstitutions"
                          use="optional"
                          order="2.0"/>
      <link:loc xlink:type="locator" xlink:href="d-ec-2006-07-01.xsd#d-ec_IRBECCorporates"
                xlink:label="IRBECCorporates"
                xlink:title="IRBECCorporates"/>
      <link:definitionArc xlink:type="arc" xlink:arcrole="http://xbrl.org/int/dim/arcrole/domain-member"
                          xlink:from="TotalIRBExposureClass"
                          xlink:to="IRBECCorporates"
                          xlink:title="definition: TotalIRBExposureClass to IRBECCorporates"
                          use="optional"
                          order="3.0"/>
      <link:loc xlink:type="locator" xlink:href="d-ec-2006-07-01.xsd#d-ec_IRBECRetail"
                xlink:label="IRBECRetail"
                xlink:title="IRBECRetail"/>
      <link:definitionArc xlink:type="arc" xlink:arcrole="http://xbrl.org/int/dim/arcrole/domain-member"
                          xlink:from="TotalIRBExposureClass"
                          xlink:to="IRBECRetail"
                          xlink:title="definition: TotalIRBExposureClass to IRBECRetail"
                          use="optional"
                          order="4.0"/>
      <link:loc xlink:type="locator" xlink:href="d-ec-2006-07-01.xsd#d-ec_IRBECEquity"
                xlink:label="IRBECEquity"
                xlink:title="IRBECEquity"/>
      <link:definitionArc xlink:type="arc" xlink:arcrole="http://xbrl.org/int/dim/arcrole/domain-member"
                          xlink:from="TotalIRBExposureClass"
                          xlink:to="IRBECEquity"
                          xlink:title="definition: TotalIRBExposureClass to IRBECEquity"
                          use="optional"
                          order="5.0"/>
      <link:loc xlink:type="locator"
                xlink:href="d-ec-2006-07-01.xsd#d-ec_IRBECOtherNonCreditObligationAssets"
                xlink:label="IRBECOtherNonCreditObligationAssets"
                xlink:title="IRBECOtherNonCreditObligationAssets"/>
      <link:definitionArc xlink:type="arc" xlink:arcrole="http://xbrl.org/int/dim/arcrole/domain-member"
                          xlink:from="TotalIRBExposureClass"
                          xlink:to="IRBECOtherNonCreditObligationAssets"
                          xlink:title="definition: TotalIRBExposureClass to IRBECOtherNonCreditObligationAssets"
                          use="optional"
                          order="6.0"/>
      <link:loc xlink:type="locator" xlink:href="d-ec-2006-07-01.xsd#d-ec_TotalSAExposureClass"
                xlink:label="TotalSAExposureClass"
                xlink:title="TotalSAExposureClass"/>
      <link:definitionArc xlink:type="arc"
                          xlink:arcrole="http://xbrl.org/int/dim/arcrole/dimension-domain"
                          xlink:from="ExposureClassDimension"
                          xlink:to="TotalSAExposureClass"
                          xlink:title="definition: ExposureClassDimension to TotalSAExposureClass"
                          use="optional"
                          order="2.0"
                          xbrldt:targetRole="http://www.xbrl.org/2003/role/link"/>
  </link:definitionLink>
  <link:definitionLink xlink:type="extended"
                        xlink:role="http://www.c-ebs.org/2006/corep/eu/t-ca/CreditRiskIRBNoOwnEstimatesHypercube">
      <link:loc xlink:type="locator" xlink:href="d-cr-2006-07-01.xsd#d-cr_CreditRiskDimension"
                xlink:label="CreditRiskDimension"
                xlink:title="CreditRiskDimension"/>
      <link:loc xlink:type="locator"
                xlink:href="d-cr-2006-07-01.xsd#d-cr_CreditRiskIRBCreditCounterpartyCreditDelivery"
                xlink:label="CreditRiskIRBCreditCounterpartyCreditDelivery"
                xlink:title="CreditRiskIRBCreditCounterpartyCreditDelivery"/>
      <link:definitionArc xlink:type="arc"
                          xlink:arcrole="http://xbrl.org/int/dim/arcrole/dimension-domain"
                          xlink:from="CreditRiskDimension"
                          xlink:to="CreditRiskIRBCreditCounterpartyCreditDelivery"
                          xlink:title="definition: CreditRiskDimension to CreditRiskIRBCreditCounterpartyCreditDelivery"
                          order="1.0"/>
      <link:loc xlink:type="locator"
                xlink:href="d-ec-2006-07-01.xsd#d-ec_ExposureClassDimension"
                xlink:label="ExposureClassDimension"
                xlink:title="ExposureClassDimension"/>
      <link:loc xlink:type="locator"
                xlink:href="d-ec-2006-07-01.xsd#d-ec_TotalIRBExposureClass"
                xlink:label="TotalIRBExposureClass"
                xlink:title="TotalIRBExposureClass"/>
      <link:definitionArc xlink:type="arc"
                          xlink:arcrole="http://xbrl.org/int/dim/arcrole/dimension-domain"
                          xlink:from="ExposureClassDimension"
                          xlink:to="TotalIRBExposureClass"
                          xlink:title="definition: ExposureClassDimension to TotalIRBExposureClass"
                          use="optional"
                          order="1.0"/>
      <link:loc xlink:type="locator"
                xlink:href="d-ec-2006-07-01.xsd#d-ec_IRBECCentralGovernmentsAndCentralBanks"
                xlink:label="IRBECCentralGovernmentsAndCentralBanks"
                xlink:title="IRBECCentralGovernmentsAndCentralBanks"/>
      <link:definitionArc xlink:type="arc" xlink:arcrole="http://xbrl.org/int/dim/arcrole/domain-member"
                          xlink:from="TotalIRBExposureClass"
                          xlink:to="IRBECCentralGovernmentsAndCentralBanks"
                          xlink:title="definition: TotalIRBExposureClass to IRBECCentralGovernmentsAndCentralBanks"
                          use="optional"
                          order="1.0"/>
      <link:loc xlink:type="locator" xlink:href="d-ec-2006-07-01.xsd#d-ec_IRBECInstitutions"
                xlink:label="IRBECInstitutions"
                xlink:title="IRBECInstitutions"/>
      <link:definitionArc xlink:type="arc" xlink:arcrole="http://xbrl.org/int/dim/arcrole/domain-member"
                          xlink:from="TotalIRBExposureClass"
                          xlink:to="IRBECInstitutions"
                          xlink:title="definition: TotalIRBExposureClass to IRBECInstitutions"
                          use="optional"
                          order="2.0"/>
      <link:loc xlink:type="locator" xlink:href="d-ec-2006-07-01.xsd#d-ec_IRBECCorporates"
                xlink:label="IRBECCorporates"
                xlink:title="IRBECCorporates"/>
      <link:definitionArc xlink:type="arc" xlink:arcrole="http://xbrl.org/int/dim/arcrole/domain-member"
                          xlink:from="TotalIRBExposureClass"
                          xlink:to="IRBECCorporates"
                          xlink:title="definition: TotalIRBExposureClass to IRBECCorporates"
                          use="optional"
                          order="3.0"/>
      <link:loc xlink:type="locator"
                xlink:href="t-ca-2006-07-01.xsd#t-ca_CreditRiskIRBNoOwnEstimatesHypercube"
                xlink:label="CreditRiskIRBNoOwnEstimatesHypercube"
                xlink:title="CreditRiskIRBNoOwnEstimatesHypercube"/>
      <link:definitionArc xlink:type="arc"
                          xlink:arcrole="http://xbrl.org/int/dim/arcrole/hypercube-dimension"
                          xlink:from="CreditRiskIRBNoOwnEstimatesHypercube"
                          xlink:to="CreditRiskDimension"
                          xlink:title="definition: CreditRiskIRBNoOwnEstimatesHypercube to CreditRiskDimension"
                          use="optional"
                          order="1.0"/>
      <link:loc xlink:type="locator"
                xlink:href="d-oe-2006-07-01.xsd#d-oe_OwnEstimatesofLGDAndOrConversionFactorsDimension"
                xlink:label="OwnEstimatesofLGDAndOrConversionFactorsDimension"
                xlink:title="OwnEstimatesofLGDAndOrConversionFactorsDimension"/>
      <link:definitionArc xlink:type="arc"
                          xlink:arcrole="http://xbrl.org/int/dim/arcrole/hypercube-dimension"
                          xlink:from="CreditRiskIRBNoOwnEstimatesHypercube"
                          xlink:to="OwnEstimatesofLGDAndOrConversionFactorsDimension"
                          xlink:title="definition: CreditRiskIRBNoOwnEstimatesHypercube to OwnEstimatesofLGDAndOrConversionFactorsDimension"
                          use="optional"
                          order="2.0"/>
      <link:loc xlink:type="locator"
                xlink:href="d-oe-2006-07-01.xsd#d-oe_NotOwnEstimatesLGDConversionFactors"
                xlink:label="NotOwnEstimatesLGDConversionFactors"
                xlink:title="NotOwnEstimatesLGDConversionFactors"/>
      <link:definitionArc xlink:type="arc"
                          xlink:arcrole="http://xbrl.org/int/dim/arcrole/dimension-domain"
                          xlink:from="OwnEstimatesofLGDAndOrConversionFactorsDimension"
                          xlink:to="NotOwnEstimatesLGDConversionFactors"
                          xlink:title="definition: OwnEstimatesofLGDAndOrConversionFactorsDimension to NotOwnEstimatesLGDConversionFactors"
                          order="1.0"/>
      <link:definitionArc xlink:type="arc"
                          xlink:arcrole="http://xbrl.org/int/dim/arcrole/hypercube-dimension"
                          xlink:from="CreditRiskIRBNoOwnEstimatesHypercube"
                          xlink:to="ExposureClassDimension"
                          xlink:title="definition: CreditRiskIRBNoOwnEstimatesHypercube to ExposureClassDimension"
                          use="optional"
                          order="3.0"/>
  </link:definitionLink>
  <link:definitionLink xlink:type="extended"
                        xlink:role="http://www.c-ebs.org/2006/corep/eu/t-ca/CreditRiskIRBOwnEstimatesHypercube">
      <link:loc xlink:type="locator" xlink:href="d-cr-2006-07-01.xsd#d-cr_CreditRiskDimension"
                xlink:label="CreditRiskDimension"
                xlink:title="CreditRiskDimension"/>
      <link:loc xlink:type="locator"
                xlink:href="d-cr-2006-07-01.xsd#d-cr_CreditRiskIRBCreditCounterpartyCreditDelivery"
                xlink:label="CreditRiskIRBCreditCounterpartyCreditDelivery"
                xlink:title="CreditRiskIRBCreditCounterpartyCreditDelivery"/>
      <link:definitionArc xlink:type="arc"
                          xlink:arcrole="http://xbrl.org/int/dim/arcrole/dimension-domain"
                          xlink:from="CreditRiskDimension"
                          xlink:to="CreditRiskIRBCreditCounterpartyCreditDelivery"
                          xlink:title="definition: CreditRiskDimension to CreditRiskIRBCreditCounterpartyCreditDelivery"
                          order="1.0"/>
      <link:loc xlink:type="locator"
                xlink:href="d-ec-2006-07-01.xsd#d-ec_ExposureClassDimension"
                xlink:label="ExposureClassDimension"
                xlink:title="ExposureClassDimension"/>
      <link:loc xlink:type="locator"
                xlink:href="d-ec-2006-07-01.xsd#d-ec_TotalIRBExposureClass"
                xlink:label="TotalIRBExposureClass"
                xlink:title="TotalIRBExposureClass"/>
      <link:definitionArc xlink:type="arc"
                          xlink:arcrole="http://xbrl.org/int/dim/arcrole/dimension-domain"
                          xlink:from="ExposureClassDimension"
                          xlink:to="TotalIRBExposureClass"
                          xlink:title="definition: ExposureClassDimension to TotalIRBExposureClass"
                          use="optional"
                          order="2.0"/>
      <link:loc xlink:type="locator"
                xlink:href="d-ec-2006-07-01.xsd#d-ec_IRBECCentralGovernmentsAndCentralBanks"
                xlink:label="IRBECCentralGovernmentsAndCentralBanks"
                xlink:title="IRBECCentralGovernmentsAndCentralBanks"/>
      <link:definitionArc xlink:type="arc" xlink:arcrole="http://xbrl.org/int/dim/arcrole/domain-member"
                          xlink:from="TotalIRBExposureClass"
                          xlink:to="IRBECCentralGovernmentsAndCentralBanks"
                          xlink:title="definition: TotalIRBExposureClass to IRBECCentralGovernmentsAndCentralBanks"
                          order="1.0"/>
      <link:loc xlink:type="locator" xlink:href="d-ec-2006-07-01.xsd#d-ec_IRBECInstitutions"
                xlink:label="IRBECInstitutions"
                xlink:title="IRBECInstitutions"/>
      <link:definitionArc xlink:type="arc" xlink:arcrole="http://xbrl.org/int/dim/arcrole/domain-member"
                          xlink:from="TotalIRBExposureClass"
                          xlink:to="IRBECInstitutions"
                          xlink:title="definition: TotalIRBExposureClass to IRBECInstitutions"
                          use="optional"
                          order="2.0"/>
      <link:loc xlink:type="locator" xlink:href="d-ec-2006-07-01.xsd#d-ec_IRBECCorporates"
                xlink:label="IRBECCorporates"
                xlink:title="IRBECCorporates"/>
      <link:definitionArc xlink:type="arc" xlink:arcrole="http://xbrl.org/int/dim/arcrole/domain-member"
                          xlink:from="TotalIRBExposureClass"
                          xlink:to="IRBECCorporates"
                          xlink:title="definition: TotalIRBExposureClass to IRBECCorporates"
                          use="optional"
                          order="3.0"/>
      <link:loc xlink:type="locator" xlink:href="d-ec-2006-07-01.xsd#d-ec_IRBECRetail"
                xlink:label="IRBECRetail"
                xlink:title="IRBECRetail"/>
      <link:definitionArc xlink:type="arc" xlink:arcrole="http://xbrl.org/int/dim/arcrole/domain-member"
                          xlink:from="TotalIRBExposureClass"
                          xlink:to="IRBECRetail"
                          xlink:title="definition: TotalIRBExposureClass to IRBECRetail"
                          use="optional"
                          order="4.0"/>
      <link:loc xlink:type="locator"
                xlink:href="d-oe-2006-07-01.xsd#d-oe_OwnEstimatesofLGDAndOrConversionFactorsDimension"
                xlink:label="OwnEstimatesofLGDAndOrConversionFactorsDimension"
                xlink:title="OwnEstimatesofLGDAndOrConversionFactorsDimension"/>
      <link:loc xlink:type="locator"
                xlink:href="d-oe-2006-07-01.xsd#d-oe_OwnEstimatesLGDConversionFactors"
                xlink:label="OwnEstimatesLGDConversionFactors"
                xlink:title="OwnEstimatesLGDConversionFactors"/>
      <link:definitionArc xlink:type="arc"
                          xlink:arcrole="http://xbrl.org/int/dim/arcrole/dimension-domain"
                          xlink:from="OwnEstimatesofLGDAndOrConversionFactorsDimension"
                          xlink:to="OwnEstimatesLGDConversionFactors"
                          xlink:title="definition: OwnEstimatesofLGDAndOrConversionFactorsDimension to OwnEstimatesLGDConversionFactors"
                          order="2.0"/>
      <link:loc xlink:type="locator"
                xlink:href="t-ca-2006-07-01.xsd#t-ca_CreditRiskIRBOwnEstimatesHypercube"
                xlink:label="CreditRiskIRBOwnEstimatesHypercube"
                xlink:title="CreditRiskIRBOwnEstimatesHypercube"/>
      <link:definitionArc xlink:type="arc"
                          xlink:arcrole="http://xbrl.org/int/dim/arcrole/hypercube-dimension"
                          xlink:from="CreditRiskIRBOwnEstimatesHypercube"
                          xlink:to="CreditRiskDimension"
                          xlink:title="definition: CreditRiskIRBOwnEstimatesHypercube to CreditRiskDimension"
                          use="optional"
                          order="1.0"/>
      <link:definitionArc xlink:type="arc"
                          xlink:arcrole="http://xbrl.org/int/dim/arcrole/hypercube-dimension"
                          xlink:from="CreditRiskIRBOwnEstimatesHypercube"
                          xlink:to="OwnEstimatesofLGDAndOrConversionFactorsDimension"
                          xlink:title="definition: CreditRiskIRBOwnEstimatesHypercube to OwnEstimatesofLGDAndOrConversionFactorsDimension"
                          use="optional"
                          order="2.0"/>
      <link:definitionArc xlink:type="arc"
                          xlink:arcrole="http://xbrl.org/int/dim/arcrole/hypercube-dimension"
                          xlink:from="CreditRiskIRBOwnEstimatesHypercube"
                          xlink:to="ExposureClassDimension"
                          xlink:title="definition: CreditRiskIRBOwnEstimatesHypercube to ExposureClassDimension"
                          use="optional"
                          order="3.0"/>
  </link:definitionLink>
  <link:definitionLink xlink:type="extended"
                        xlink:role="http://www.c-ebs.org/2006/corep/eu/t-ca/SecuritizationPositionsSAHypercube">
      <link:loc xlink:type="locator" xlink:href="d-cr-2006-07-01.xsd#d-cr_CreditRiskDimension"
                xlink:label="CreditRiskDimension"
                xlink:title="CreditRiskDimension"/>
      <link:loc xlink:type="locator"
                xlink:href="d-cr-2006-07-01.xsd#d-cr_CreditRiskSASecuritization"
                xlink:label="CreditRiskSASecuritization"
                xlink:title="CreditRiskSASecuritization"/>
      <link:definitionArc xlink:type="arc"
                          xlink:arcrole="http://xbrl.org/int/dim/arcrole/dimension-domain"
                          xlink:from="CreditRiskDimension"
                          xlink:to="CreditRiskSASecuritization"
                          xlink:title="definition: CreditRiskDimension to CreditRiskSASecuritization"
                          order="1.0"/>
      <link:loc xlink:type="locator"
                xlink:href="t-ca-2006-07-01.xsd#t-ca_SecuritizationPositionsSAHypercube"
                xlink:label="SecuritizationPositionsSAHypercube"
                xlink:title="SecuritizationPositionsSAHypercube"/>
      <link:definitionArc xlink:type="arc"
                          xlink:arcrole="http://xbrl.org/int/dim/arcrole/hypercube-dimension"
                          xlink:from="SecuritizationPositionsSAHypercube"
                          xlink:to="CreditRiskDimension"
                          xlink:title="definition: SecuritizationPositionsSAHypercube to CreditRiskDimension"
                          order="1.0"/>
      <link:loc xlink:type="locator"
                xlink:href="d-st-2006-07-01.xsd#d-st_SecuritizationTypeDimension"
                xlink:label="SecuritizationTypeDimension"
                xlink:title="SecuritizationTypeDimension"/>
      <link:definitionArc xlink:type="arc"
                          xlink:arcrole="http://xbrl.org/int/dim/arcrole/hypercube-dimension"
                          xlink:from="SecuritizationPositionsSAHypercube"
                          xlink:to="SecuritizationTypeDimension"
                          xlink:title="definition: SecuritizationPositionsSAHypercube to SecuritizationTypeDimension"
                          order="2.0"/>
      <link:loc xlink:type="locator" xlink:href="d-st-2006-07-01.xsd#d-st_TotalSecuritisation"
                xlink:label="TotalSecuritisation"
                xlink:title="TotalSecuritisation"/>
      <link:definitionArc xlink:type="arc"
                          xlink:arcrole="http://xbrl.org/int/dim/arcrole/dimension-domain"
                          xlink:from="SecuritizationTypeDimension"
                          xlink:to="TotalSecuritisation"
                          xlink:title="definition: SecuritizationTypeDimension to TotalSecuritisation"
                          order="1.0"/>
  </link:definitionLink>
  <link:definitionLink xlink:type="extended"
                        xlink:role="http://www.c-ebs.org/2006/corep/eu/t-ca/SecuritizationPositionsIRBHypercube">
      <link:loc xlink:type="locator" xlink:href="d-cr-2006-07-01.xsd#d-cr_CreditRiskDimension"
                xlink:label="CreditRiskDimension"
                xlink:title="CreditRiskDimension"/>
      <link:loc xlink:type="locator"
                xlink:href="d-cr-2006-07-01.xsd#d-cr_CreditRiskIRBSecuritization"
                xlink:label="CreditRiskIRBSecuritization"
                xlink:title="CreditRiskIRBSecuritization"/>
      <link:definitionArc xlink:type="arc"
                          xlink:arcrole="http://xbrl.org/int/dim/arcrole/dimension-domain"
                          xlink:from="CreditRiskDimension"
                          xlink:to="CreditRiskIRBSecuritization"
                          xlink:title="definition: CreditRiskDimension to CreditRiskIRBSecuritization"
                          order="1.0"/>
      <link:loc xlink:type="locator"
                xlink:href="d-st-2006-07-01.xsd#d-st_SecuritizationTypeDimension"
                xlink:label="SecuritizationTypeDimension"
                xlink:title="SecuritizationTypeDimension"/>
      <link:loc xlink:type="locator" xlink:href="d-st-2006-07-01.xsd#d-st_TotalSecuritisation"
                xlink:label="TotalSecuritisation"
                xlink:title="TotalSecuritisation"/>
      <link:definitionArc xlink:type="arc"
                          xlink:arcrole="http://xbrl.org/int/dim/arcrole/dimension-domain"
                          xlink:from="SecuritizationTypeDimension"
                          xlink:to="TotalSecuritisation"
                          xlink:title="definition: SecuritizationTypeDimension to TotalSecuritisation"
                          use="optional"
                          order="1.0"/>
      <link:loc xlink:type="locator"
                xlink:href="t-ca-2006-07-01.xsd#t-ca_SecuritizationPositionsIRBHypercube"
                xlink:label="SecuritizationPositionsIRBHypercube"
                xlink:title="SecuritizationPositionsIRBHypercube"/>
      <link:definitionArc xlink:type="arc"
                          xlink:arcrole="http://xbrl.org/int/dim/arcrole/hypercube-dimension"
                          xlink:from="SecuritizationPositionsIRBHypercube"
                          xlink:to="CreditRiskDimension"
                          xlink:title="definition: SecuritizationPositionsIRBHypercube to CreditRiskDimension"
                          use="optional"
                          order="1.0"/>
      <link:definitionArc xlink:type="arc"
                          xlink:arcrole="http://xbrl.org/int/dim/arcrole/hypercube-dimension"
                          xlink:from="SecuritizationPositionsIRBHypercube"
                          xlink:to="SecuritizationTypeDimension"
                          xlink:title="definition: SecuritizationPositionsIRBHypercube to SecuritizationTypeDimension"
                          use="optional"
                          order="2.0"/>
  </link:definitionLink>
  <link:definitionLink xlink:type="extended"
                        xlink:role="http://www.c-ebs.org/2006/corep/eu/t-ca/SectionCreditRiskSABreakdown">
      <link:loc xlink:type="locator"
                xlink:href="p-cm-ca-2006-07-01.xsd#p-cm-ca_CreditRiskCapitalRequirements"
                xlink:label="CreditRiskCapitalRequirements"
                xlink:title="CreditRiskCapitalRequirements"/>
      <link:loc xlink:type="locator"
                xlink:href="t-ca-2006-07-01.xsd#t-ca_CreditRiskSAHypercube"
                xlink:label="CreditRiskSAHypercube"
                xlink:title="CreditRiskSAHypercube"/>
      <link:definitionArc xlink:type="arc" xlink:arcrole="http://xbrl.org/int/dim/arcrole/all"
                          xlink:from="CreditRiskCapitalRequirements"
                          xlink:to="CreditRiskSAHypercube"
                          xlink:title="definition: CreditRiskCapitalRequirements to CreditRiskSAHypercube"
                          order="1.0"
                          xbrldt:targetRole="http://www.c-ebs.org/2006/corep/eu/t-ca/CreditRiskSAHypercube"
                          xbrldt:contextElement="scenario"
                          xbrldt:closed="true"/>
  </link:definitionLink>
  <link:definitionLink xlink:type="extended"
                        xlink:role="http://www.c-ebs.org/2006/corep/eu/t-ca/SectionCreditRiskIRBNoOwnEstimatesBreakdown">
      <link:loc xlink:type="locator"
                xlink:href="p-cm-ca-2006-07-01.xsd#p-cm-ca_CreditRiskCapitalRequirements"
                xlink:label="CreditRiskCapitalRequirements"
                xlink:title="CreditRiskCapitalRequirements"/>
      <link:loc xlink:type="locator"
                xlink:href="t-ca-2006-07-01.xsd#t-ca_CreditRiskIRBNoOwnEstimatesHypercube"
                xlink:label="CreditRiskIRBNoOwnEstimatesHypercube"
                xlink:title="CreditRiskIRBNoOwnEstimatesHypercube"/>
      <link:definitionArc xlink:type="arc" xlink:arcrole="http://xbrl.org/int/dim/arcrole/all"
                          xlink:from="CreditRiskCapitalRequirements"
                          xlink:to="CreditRiskIRBNoOwnEstimatesHypercube"
                          xlink:title="definition: CreditRiskCapitalRequirements to CreditRiskIRBNoOwnEstimatesHypercube"
                          order="1.0"
                          xbrldt:targetRole="http://www.c-ebs.org/2006/corep/eu/t-ca/CreditRiskIRBNoOwnEstimatesHypercube"
                          xbrldt:contextElement="scenario"
                          xbrldt:closed="true"/>
  </link:definitionLink>
  <link:definitionLink xlink:type="extended"
                        xlink:role="http://www.c-ebs.org/2006/corep/eu/t-ca/SectionCreditRiskIRBOwnEstimatesBreakdown">
      <link:loc xlink:type="locator"
                xlink:href="p-cm-ca-2006-07-01.xsd#p-cm-ca_CreditRiskCapitalRequirements"
                xlink:label="CreditRiskCapitalRequirements"
                xlink:title="CreditRiskCapitalRequirements"/>
      <link:loc xlink:type="locator"
                xlink:href="t-ca-2006-07-01.xsd#t-ca_CreditRiskIRBOwnEstimatesHypercube"
                xlink:label="CreditRiskIRBOwnEstimatesHypercube"
                xlink:title="CreditRiskIRBOwnEstimatesHypercube"/>
      <link:definitionArc xlink:type="arc" xlink:arcrole="http://xbrl.org/int/dim/arcrole/all"
                          xlink:from="CreditRiskCapitalRequirements"
                          xlink:to="CreditRiskIRBOwnEstimatesHypercube"
                          xlink:title="definition: CreditRiskCapitalRequirements to CreditRiskIRBOwnEstimatesHypercube"
                          use="optional"
                          order="1.0"
                          xbrldt:targetRole="http://www.c-ebs.org/2006/corep/eu/t-ca/CreditRiskIRBOwnEstimatesHypercube"
                          xbrldt:contextElement="scenario"
                          xbrldt:closed="true"/>
  </link:definitionLink>
  <link:definitionLink xlink:type="extended"
                        xlink:role="http://www.c-ebs.org/2006/corep/eu/t-ca/SectionSecuritizationPositionsSA">
      <link:loc xlink:type="locator"
                xlink:href="p-cm-ca-2006-07-01.xsd#p-cm-ca_CreditRiskCapitalRequirements"
                xlink:label="CreditRiskCapitalRequirements"
                xlink:title="CreditRiskCapitalRequirements"/>
      <link:loc xlink:type="locator"
                xlink:href="t-ca-2006-07-01.xsd#t-ca_SecuritizationPositionsSAHypercube"
                xlink:label="SecuritizationPositionsSAHypercube"
                xlink:title="SecuritizationPositionsSAHypercube"/>
      <link:definitionArc xlink:type="arc" xlink:arcrole="http://xbrl.org/int/dim/arcrole/all"
                          xlink:from="CreditRiskCapitalRequirements"
                          xlink:to="SecuritizationPositionsSAHypercube"
                          xlink:title="definition: CreditRiskCapitalRequirements to SecuritizationPositionsSAHypercube"
                          order="1.0"
                          xbrldt:contextElement="scenario"
                          xbrldt:targetRole="http://www.c-ebs.org/2006/corep/eu/t-ca/SecuritizationPositionsSAHypercube"
                          xbrldt:closed="true"/>
  </link:definitionLink>
  <link:definitionLink xlink:type="extended"
                        xlink:role="http://www.c-ebs.org/2006/corep/eu/t-ca/SectionSecuritizationPositionsIRB">
      <link:loc xlink:type="locator"
                xlink:href="p-cm-ca-2006-07-01.xsd#p-cm-ca_CreditRiskCapitalRequirements"
                xlink:label="CreditRiskCapitalRequirements"
                xlink:title="CreditRiskCapitalRequirements"/>
      <link:loc xlink:type="locator"
                xlink:href="t-ca-2006-07-01.xsd#t-ca_SecuritizationPositionsIRBHypercube"
                xlink:label="SecuritizationPositionsIRBHypercube"
                xlink:title="SecuritizationPositionsIRBHypercube"/>
      <link:definitionArc xlink:type="arc" xlink:arcrole="http://xbrl.org/int/dim/arcrole/all"
                          xlink:from="CreditRiskCapitalRequirements"
                          xlink:to="SecuritizationPositionsIRBHypercube"
                          xlink:title="definition: CreditRiskCapitalRequirements to SecuritizationPositionsIRBHypercube"
                          order="1.0"
                          xbrldt:targetRole="http://www.c-ebs.org/2006/corep/eu/t-ca/SecuritizationPositionsIRBHypercube"
                          xbrldt:contextElement="scenario"
                          xbrldt:closed="true"/>
  </link:definitionLink>
  <link:definitionLink xlink:type="extended"
                        xlink:role="http://www.c-ebs.org/2006/corep/eu/t-ca/SectionAdimensionalItems">
      <link:loc xlink:type="locator"
                xlink:href="p-cm-ca-2006-07-01.xsd#p-cm-ca_CapitalRequirements"
                xlink:label="CapitalRequirements"
                xlink:title="CapitalRequirements"/>
      <link:loc xlink:type="locator"
                xlink:href="p-ca-2006-07-01.xsd#p-ca_CapitalRequirementsOfWhichInvestmentFirmsArticle20And24"
                xlink:label="CapitalRequirementsOfWhichInvestmentFirmsArticle20And24"
                xlink:title="CapitalRequirementsOfWhichInvestmentFirmsArticle20And24"/>
      <link:definitionArc xlink:type="arc" xlink:arcrole="http://xbrl.org/int/dim/arcrole/domain-member"
                          xlink:from="CapitalRequirements"
                          xlink:to="CapitalRequirementsOfWhichInvestmentFirmsArticle20And24"
                          xlink:title="definition: CapitalRequirements to CapitalRequirementsOfWhichInvestmentFirmsArticle20And24"
                          use="optional"
                          order="1.0"/>
      <link:loc xlink:type="locator"
                xlink:href="p-ca-2006-07-01.xsd#p-ca_CapitalRequirementsOfWhichInvestmentFirmsArticle46"
                xlink:label="CapitalRequirementsOfWhichInvestmentFirmsArticle46"
                xlink:title="CapitalRequirementsOfWhichInvestmentFirmsArticle46"/>
      <link:definitionArc xlink:type="arc" xlink:arcrole="http://xbrl.org/int/dim/arcrole/domain-member"
                          xlink:from="CapitalRequirements"
                          xlink:to="CapitalRequirementsOfWhichInvestmentFirmsArticle46"
                          xlink:title="definition: CapitalRequirements to CapitalRequirementsOfWhichInvestmentFirmsArticle46"
                          use="optional"
                          order="2.0"/>
      <link:loc xlink:type="locator"
                xlink:href="p-ca-2006-07-01.xsd#p-ca_CapitalRequirementsOfWhichInvestmentFirmsArticle20And25"
                xlink:label="CapitalRequirementsOfWhichInvestmentFirmsArticle20And25"
                xlink:title="CapitalRequirementsOfWhichInvestmentFirmsArticle20And25"/>
      <link:definitionArc xlink:type="arc" xlink:arcrole="http://xbrl.org/int/dim/arcrole/domain-member"
                          xlink:from="CapitalRequirements"
                          xlink:to="CapitalRequirementsOfWhichInvestmentFirmsArticle20And25"
                          xlink:title="definition: CapitalRequirements to CapitalRequirementsOfWhichInvestmentFirmsArticle20And25"
                          use="optional"
                          order="3.0"/>
      <link:loc xlink:type="locator"
                xlink:href="p-cm-ca-2006-07-01.xsd#p-cm-ca_CapitalRequirementsRelatedFixedOverheads"
                xlink:label="CapitalRequirementsRelatedFixedOverheads"
                xlink:title="CapitalRequirementsRelatedFixedOverheads"/>
      <link:definitionArc xlink:type="arc" xlink:arcrole="http://xbrl.org/int/dim/arcrole/domain-member"
                          xlink:from="CapitalRequirements"
                          xlink:to="CapitalRequirementsRelatedFixedOverheads"
                          xlink:title="definition: CapitalRequirements to CapitalRequirementsRelatedFixedOverheads"
                          use="optional"
                          order="8.0"/>
      <link:loc xlink:type="locator"
                xlink:href="p-cm-ca-2006-07-01.xsd#p-cm-ca_OtherTransitionalCapitalRequirements"
                xlink:label="OtherTransitionalCapitalRequirements"
                xlink:title="OtherTransitionalCapitalRequirements"/>
      <link:definitionArc xlink:type="arc" xlink:arcrole="http://xbrl.org/int/dim/arcrole/domain-member"
                          xlink:from="CapitalRequirements"
                          xlink:to="OtherTransitionalCapitalRequirements"
                          xlink:title="definition: CapitalRequirements to OtherTransitionalCapitalRequirements"
                          use="optional"
                          order="9.0"
                          xbrldt:targetRole="http://www.c-ebs.org/2006/corep/eu/ca"/>
      <link:loc xlink:type="locator" xlink:href="p-ca-2006-07-01.xsd#p-ca_CADomain"
                xlink:label="CADomain"
                xlink:title="CADomain"/>
      <link:loc xlink:type="locator"
                xlink:href="p-cm-ca-2006-07-01.xsd#p-cm-ca_TotalOwnFundsSolvencyPurposes"
                xlink:label="TotalOwnFundsSolvencyPurposes"
                xlink:title="TotalOwnFundsSolvencyPurposes"/>
      <link:definitionArc xlink:type="arc" xlink:arcrole="http://xbrl.org/int/dim/arcrole/domain-member"
                          xlink:from="CADomain"
                          xlink:to="TotalOwnFundsSolvencyPurposes"
                          xlink:title="definition: CADomain to TotalOwnFundsSolvencyPurposes"
                          use="optional"
                          order="1.0"
                          xbrldt:targetRole="http://www.c-ebs.org/2006/corep/eu/ca"/>
      <link:definitionArc xlink:type="arc" xlink:arcrole="http://xbrl.org/int/dim/arcrole/domain-member"
                          xlink:from="CADomain"
                          xlink:to="CapitalRequirements"
                          xlink:title="definition: CADomain to CapitalRequirements"
                          use="optional"
                          order="2.0"/>
      <link:loc xlink:type="locator" xlink:href="p-ca-2006-07-01.xsd#p-ca_MemorandumItems"
                xlink:label="MemorandumItems"
                xlink:title="MemorandumItems"/>
      <link:definitionArc xlink:type="arc" xlink:arcrole="http://xbrl.org/int/dim/arcrole/domain-member"
                          xlink:from="CADomain"
                          xlink:to="MemorandumItems"
                          xlink:title="definition: CADomain to MemorandumItems"
                          use="optional"
                          order="3.0"
                          xbrldt:targetRole="http://www.c-ebs.org/2006/corep/eu/ca"/>
      <link:loc xlink:type="locator" xlink:href="d-hh-2006-07-01.xsd#hyp-cm_EmptyHypercube"
                xlink:label="EmptyHypercube"
                xlink:title="EmptyHypercube"/>
      <link:definitionArc xlink:type="arc" xlink:arcrole="http://xbrl.org/int/dim/arcrole/all"
                          xlink:from="CADomain"
                          xlink:to="EmptyHypercube"
                          xlink:title="definition: CADomain to EmptyHypercube"
                          order="4.0"
                          xbrldt:closed="true"
                          xbrldt:contextElement="scenario"/>
  </link:definitionLink>
  <link:definitionLink xlink:type="extended"
                        xlink:role="http://www.c-ebs.org/2006/corep/eu/t-ca/SectionTradedDebtInstruments">
      <link:loc xlink:type="locator"
                xlink:href="p-cm-ca-2006-07-01.xsd#p-cm-ca_MarketRiskCapitalRequirements"
                xlink:label="MarketRiskCapitalRequirements"
                xlink:title="MarketRiskCapitalRequirements"/>
      <link:loc xlink:type="locator"
                xlink:href="t-ca-2006-07-01.xsd#t-ca_TradedDebtInstrumentsHypercube"
                xlink:label="TradedDebtInstrumentsHypercube"
                xlink:title="TradedDebtInstrumentsHypercube"/>
      <link:definitionArc xlink:type="arc" xlink:arcrole="http://xbrl.org/int/dim/arcrole/all"
                          xlink:from="MarketRiskCapitalRequirements"
                          xlink:to="TradedDebtInstrumentsHypercube"
                          xlink:title="definition: MarketRiskCapitalRequirements to TradedDebtInstrumentsHypercube"
                          order="1.0"
                          xbrldt:targetRole="http://www.c-ebs.org/2006/corep/eu/t-ca/TradedDebtInstrumentsHypercube"
                          xbrldt:contextElement="scenario"
                          xbrldt:closed="true"/>
  </link:definitionLink>
  <link:definitionLink xlink:type="extended"
                        xlink:role="http://www.c-ebs.org/2006/corep/eu/t-ca/TradedDebtInstrumentsHypercube">
      <link:loc xlink:type="locator" xlink:href="d-mr-2006-07-01.xsd#d-mr_MarketRiskDimension"
                xlink:label="MarketRiskDimension"
                xlink:title="MarketRiskDimension"/>
      <link:loc xlink:type="locator" xlink:href="d-mr-2006-07-01.xsd#d-mr_MRiskSATDITotal"
                xlink:label="MRiskSATDITotal"
                xlink:title="MRiskSATDITotal"/>
      <link:definitionArc xlink:type="arc"
                          xlink:arcrole="http://xbrl.org/int/dim/arcrole/dimension-domain"
                          xlink:from="MarketRiskDimension"
                          xlink:to="MRiskSATDITotal"
                          xlink:title="definition: MarketRiskDimension to MRiskSATDITotal"
                          order="1.0"/>
      <link:loc xlink:type="locator"
                xlink:href="t-ca-2006-07-01.xsd#t-ca_TradedDebtInstrumentsHypercube"
                xlink:label="TradedDebtInstrumentsHypercube"
                xlink:title="TradedDebtInstrumentsHypercube"/>
      <link:definitionArc xlink:type="arc"
                          xlink:arcrole="http://xbrl.org/int/dim/arcrole/hypercube-dimension"
                          xlink:from="TradedDebtInstrumentsHypercube"
                          xlink:to="MarketRiskDimension"
                          xlink:title="definition: TradedDebtInstrumentsHypercube to MarketRiskDimension"
                          order="1.0"/>
      <link:loc xlink:type="locator" xlink:href="d-cu-2006-07-01.xsd#d-cu_CurrencyDimension"
                xlink:label="CurrencyDimension"
                xlink:title="CurrencyDimension"/>
      <link:definitionArc xlink:type="arc"
                          xlink:arcrole="http://xbrl.org/int/dim/arcrole/hypercube-dimension"
                          xlink:from="TradedDebtInstrumentsHypercube"
                          xlink:to="CurrencyDimension"
                          xlink:title="definition: TradedDebtInstrumentsHypercube to CurrencyDimension"
                          order="2.0"/>
      <link:loc xlink:type="locator" xlink:href="d-cu-2006-07-01.xsd#d-cu_Total"
                xlink:label="Total"
                xlink:title="Total"/>
      <link:definitionArc xlink:type="arc"
                          xlink:arcrole="http://xbrl.org/int/dim/arcrole/dimension-domain"
                          xlink:from="CurrencyDimension"
                          xlink:to="Total"
                          xlink:title="definition: CurrencyDimension to Total"
                          order="1.0"/>
  </link:definitionLink>
</link:linkbase>