<?xml version="1.0" encoding="UTF-8"?>
<?taxonomy-version 1.3.1?>
<!--Copyright (C) 2011 EBA - European Banking Authority, Tower 42, 25 Old Broad Street, London, EC2N 1HQ, United Kingdom.-->            
<link:linkbase xmlns:xsi="http://www.w3.org/2001/XMLSchema-instance"
               xmlns:ref-corep="http://www.c-ebs.org/eu/fr/esrs/corep/2005-09-30/ref-corep-2005-09-30"
               xmlns:link="http://www.xbrl.org/2003/linkbase"
               xmlns:xbrli="http://www.xbrl.org/2003/instance"
               xmlns:xlink="http://www.w3.org/1999/xlink"
               xsi:schemaLocation="http://www.xbrl.org/2003/linkbase http://www.xbrl.org/2003/xbrl-linkbase-2003-12-31.xsd http://www.c-ebs.org/eu/fr/esrs/corep/2005-09-30/ref-corep-2005-09-30 ref-corep-2005-09-30.xsd">
  <link:roleRef roleURI="http://www.c-ebs.org/2006/corep/eu/ca" xlink:type="simple"
                 xlink:href="p-ca-2006-07-01.xsd#rt_ca"/>
  <link:referenceLink xlink:type="extended" xlink:role="http://www.c-ebs.org/2006/corep/eu/ca">
      <link:loc xlink:type="locator"
                xlink:href="p-ca-2006-07-01.xsd#p-ca_ShortTermSubordinatedLoanCapital"
                xlink:label="ShortTermSubordinatedLoanCapital"
                xlink:title="ShortTermSubordinatedLoanCapital"/>
      <link:reference xlink:type="resource" xlink:label="reference_ShortTermSubordinatedLoanCapital"
                      xlink:role="http://www.xbrl.org/2003/role/reference"
                      xlink:title="reference_ShortTermSubordinatedLoanCapital"
                      id="reference_ShortTermSubordinatedLoanCapital">
         <ref-corep:Comment>Article 13 paragraph 2 lit. (c) of Directive 2006/49/EC.</ref-corep:Comment>
      </link:reference>
      <link:referenceArc xlink:type="arc"
                         xlink:arcrole="http://www.xbrl.org/2003/arcrole/concept-reference"
                         xlink:from="ShortTermSubordinatedLoanCapital"
                         xlink:to="reference_ShortTermSubordinatedLoanCapital"
                         xlink:title="reference: ShortTermSubordinatedLoanCapital to reference_ShortTermSubordinatedLoanCapital"/>
      <link:loc xlink:type="locator" xlink:href="d-ec-2006-07-01.xsd#d-ec_TotalSAExposureClass"
                xlink:label="TotalSAExposureClass"
                xlink:title="TotalSAExposureClass"/>
      <link:reference xlink:type="resource" xlink:label="reference_TotalSAExposureClass"
                      xlink:role="http://www.xbrl.org/2003/role/reference"
                      xlink:title="reference_TotalSAExposureClass"
                      id="reference_TotalSAExposureClass">
         <ref-corep:Comment>CR SA template at the level of total exposures. The SA exposure classes are those mentioned in Article 79, paragraph 1of Directive 2006/48/EC, excluding securitisation positions.  2.1.1.1.ia , i = 1 to 15</ref-corep:Comment>
      </link:reference>
      <link:referenceArc xlink:type="arc"
                         xlink:arcrole="http://www.xbrl.org/2003/arcrole/concept-reference"
                         xlink:from="TotalSAExposureClass"
                         xlink:to="reference_TotalSAExposureClass"
                         xlink:title="reference: TotalSAExposureClass to reference_TotalSAExposureClass"/>
      <link:loc xlink:type="locator"
                xlink:href="d-ec-2006-07-01.xsd#d-ec_TotalIRBExposureClass"
                xlink:label="TotalIRBExposureClass"
                xlink:title="TotalIRBExposureClass"/>
      <link:reference xlink:type="resource" xlink:label="reference_TotalIRBExposureClass"
                      xlink:role="http://www.xbrl.org/2003/role/reference"
                      xlink:title="reference_TotalIRBExposureClass"
                      id="reference_TotalIRBExposureClass">
         <ref-corep:Comment>CR SA template at the level of total exposures+2.1.1.1.06b  2.1.1.1.ib, i = 1 to 6 See comment to item 2.1.1. For the mapping of SA into IRB  exposures classes particular attention may be paid to paragraphs 2, 3, 5, 6, 8 and 9 of Article 86 of Directive 2006/48/EC and paragraphs 11 and 12 of Art. 87 of Directive 2006/48/EC.</ref-corep:Comment>
      </link:reference>
      <link:referenceArc xlink:type="arc"
                         xlink:arcrole="http://www.xbrl.org/2003/arcrole/concept-reference"
                         xlink:from="TotalIRBExposureClass"
                         xlink:to="reference_TotalIRBExposureClass"
                         xlink:title="reference: TotalIRBExposureClass to reference_TotalIRBExposureClass"/>
      <link:loc xlink:type="locator" xlink:href="d-cr-2006-07-01.xsd#d-cr_CreditRiskSA"
                xlink:label="CreditRiskSA"
                xlink:title="CreditRiskSA"/>
      <link:reference xlink:type="resource" xlink:label="reference_CreditRiskSA"
                      xlink:role="http://www.xbrl.org/2003/role/reference"
                      xlink:title="reference_CreditRiskSA"
                      id="reference_CreditRiskSA">
         <ref-corep:Comment>CR SA template at the level of total exposures.  =2.1.1.1a or 2.1.1.1b+2.1.1.2 2.1.1.1a. or 2.1.1.1b because national supervisors may alternatively require to apply the IRB exposure classes referred to in Art. 86, para 1 for reporting the credit risk standardised approach (e.g. in case of simoultaneous application of stardard and IRB approaches).</ref-corep:Comment>
      </link:reference>
      <link:referenceArc xlink:type="arc"
                         xlink:arcrole="http://www.xbrl.org/2003/arcrole/concept-reference"
                         xlink:from="CreditRiskSA"
                         xlink:to="reference_CreditRiskSA"
                         xlink:title="reference: CreditRiskSA to reference_CreditRiskSA"/>
      <link:loc xlink:type="locator"
                xlink:href="d-cr-2006-07-01.xsd#d-cr_CreditRiskSACreditCounterpartyCreditDelivery"
                xlink:label="CreditRiskSACreditCounterpartyCreditDelivery"
                xlink:title="CreditRiskSACreditCounterpartyCreditDelivery"/>
      <link:reference xlink:type="resource"
                      xlink:label="reference_CreditRiskSACreditCounterpartyCreditDelivery"
                      xlink:role="http://www.xbrl.org/2003/role/reference"
                      xlink:title="reference_CreditRiskSACreditCounterpartyCreditDelivery"
                      id="reference_CreditRiskSACreditCounterpartyCreditDelivery">
         <ref-corep:Comment>SA Exposure Classes: CR SA template at the level of total exposures. The SA exposure classes are those mentioned in Art. 79, para 1, excluding securitisation positions. 2.1.1.1.ia , i = 1 to 15</ref-corep:Comment>
         <ref-corep:Comment>IRB Exposure Classes: CR SA template at the level of total exposures+2.1.1.1.06b 2.1.1.1.ib, i = 1 to 6 See comment to item 2.1.1. For the mapping of SA into IRB  exposures classes particular attention may be paid to paragraphs 2, 3, 5, 6, 8 and 9 of Art. 86 and paragraphs 11 and 12 of Art. 87.</ref-corep:Comment>
      </link:reference>
      <link:referenceArc xlink:type="arc"
                         xlink:arcrole="http://www.xbrl.org/2003/arcrole/concept-reference"
                         xlink:from="CreditRiskSACreditCounterpartyCreditDelivery"
                         xlink:to="reference_CreditRiskSACreditCounterpartyCreditDelivery"
                         xlink:title="reference: CreditRiskSACreditCounterpartyCreditDelivery to reference_CreditRiskSACreditCounterpartyCreditDelivery"/>
      <link:loc xlink:type="locator"
                xlink:href="d-cr-2006-07-01.xsd#d-cr_CreditRiskSASecuritization"
                xlink:label="CreditRiskSASecuritization"
                xlink:title="CreditRiskSASecuritization"/>
      <link:reference xlink:type="resource" xlink:label="reference_CreditRiskSASecuritization"
                      xlink:role="http://www.xbrl.org/2003/role/reference"
                      xlink:title="reference_CreditRiskSASecuritization"
                      id="reference_CreditRiskSASecuritization">
         <ref-corep:Comment>CR SEC SA</ref-corep:Comment>
      </link:reference>
      <link:referenceArc xlink:type="arc"
                         xlink:arcrole="http://www.xbrl.org/2003/arcrole/concept-reference"
                         xlink:from="CreditRiskSASecuritization"
                         xlink:to="reference_CreditRiskSASecuritization"
                         xlink:title="reference: CreditRiskSASecuritization to reference_CreditRiskSASecuritization"/>
      <link:loc xlink:type="locator"
                xlink:href="d-cr-2006-07-01.xsd#d-cr_CreditRiskIRBCreditCounterpartyCreditDelivery"
                xlink:label="CreditRiskIRBCreditCounterpartyCreditDelivery"
                xlink:title="CreditRiskIRBCreditCounterpartyCreditDelivery"/>
      <link:reference xlink:type="resource"
                      xlink:label="reference_CreditRiskIRBCreditCounterpartyCreditDelivery"
                      xlink:role="http://www.xbrl.org/2003/role/reference"
                      xlink:title="reference_CreditRiskIRBCreditCounterpartyCreditDelivery"
                      id="reference_CreditRiskIRBCreditCounterpartyCreditDelivery">
         <ref-corep:Comment>CR IRB</ref-corep:Comment>
      </link:reference>
      <link:referenceArc xlink:type="arc"
                         xlink:arcrole="http://www.xbrl.org/2003/arcrole/concept-reference"
                         xlink:from="CreditRiskIRBCreditCounterpartyCreditDelivery"
                         xlink:to="reference_CreditRiskIRBCreditCounterpartyCreditDelivery"
                         xlink:title="reference: CreditRiskIRBCreditCounterpartyCreditDelivery to reference_CreditRiskIRBCreditCounterpartyCreditDelivery"/>
      <link:loc xlink:type="locator" xlink:href="d-cr-2006-07-01.xsd#d-cr_CreditRiskIRBEquity"
                xlink:label="CreditRiskIRBEquity"
                xlink:title="CreditRiskIRBEquity"/>
      <link:reference xlink:type="resource" xlink:label="reference_CreditRiskIRBEquity"
                      xlink:role="http://www.xbrl.org/2003/role/reference"
                      xlink:title="reference_CreditRiskIRBEquity"
                      id="reference_CreditRiskIRBEquity">
         <ref-corep:Comment>CR EQU IRB</ref-corep:Comment>
      </link:reference>
      <link:referenceArc xlink:type="arc"
                         xlink:arcrole="http://www.xbrl.org/2003/arcrole/concept-reference"
                         xlink:from="CreditRiskIRBEquity"
                         xlink:to="reference_CreditRiskIRBEquity"
                         xlink:title="reference: CreditRiskIRBEquity to reference_CreditRiskIRBEquity"/>
      <link:loc xlink:type="locator"
                xlink:href="d-cr-2006-07-01.xsd#d-cr_CreditRiskIRBSecuritization"
                xlink:label="CreditRiskIRBSecuritization"
                xlink:title="CreditRiskIRBSecuritization"/>
      <link:reference xlink:type="resource" xlink:label="reference_CreditRiskIRBSecuritization"
                      xlink:role="http://www.xbrl.org/2003/role/reference"
                      xlink:title="reference_CreditRiskIRBSecuritization"
                      id="reference_CreditRiskIRBSecuritization">
         <ref-corep:Directive>CR SEC IRB</ref-corep:Directive>
      </link:reference>
      <link:referenceArc xlink:type="arc"
                         xlink:arcrole="http://www.xbrl.org/2003/arcrole/concept-reference"
                         xlink:from="CreditRiskIRBSecuritization"
                         xlink:to="reference_CreditRiskIRBSecuritization"
                         xlink:title="reference: CreditRiskIRBSecuritization to reference_CreditRiskIRBSecuritization"/>
      <link:loc xlink:type="locator"
                xlink:href="d-cr-2006-07-01.xsd#d-cr_CreditRiskIRBOtherNonCreditObligationAssets"
                xlink:label="CreditRiskIRBOtherNonCreditObligationAssets"
                xlink:title="CreditRiskIRBOtherNonCreditObligationAssets"/>
      <link:reference xlink:type="resource"
                      xlink:label="reference_CreditRiskIRBOtherNonCreditObligationAssets"
                      xlink:role="http://www.xbrl.org/2003/role/reference"
                      xlink:title="reference_CreditRiskIRBOtherNonCreditObligationAssets"
                      id="reference_CreditRiskIRBOtherNonCreditObligationAssets">
         <ref-corep:Directive>No link. In principle the capital requirement will be the 8% of the exposure to non credit-obligation assets (see annex 7 part 3 paragraph 15 of Directive 2000/12 and annex 7 part 1 paragraph 25).</ref-corep:Directive>
      </link:reference>
      <link:referenceArc xlink:type="arc"
                         xlink:arcrole="http://www.xbrl.org/2003/arcrole/concept-reference"
                         xlink:from="CreditRiskIRBOtherNonCreditObligationAssets"
                         xlink:to="reference_CreditRiskIRBOtherNonCreditObligationAssets"
                         xlink:title="reference: CreditRiskIRBOtherNonCreditObligationAssets to reference_CreditRiskIRBOtherNonCreditObligationAssets"/>
  </link:referenceLink>
</link:linkbase>