<?xml version="1.0" encoding="UTF-8"?>
<?taxonomy-version 1.3.1?>
<!--Copyright (C) 2011 EBA - European Banking Authority, Tower 42, 25 Old Broad Street, London, EC2N 1HQ, United Kingdom.-->            
<xsd:schema xmlns:link="http://www.xbrl.org/2003/linkbase"
            xmlns:xlink="http://www.w3.org/1999/xlink"
            xmlns:xsd="http://www.w3.org/2001/XMLSchema"
            xmlns:xbrli="http://www.xbrl.org/2003/instance"
            xmlns:t-ce="http://www.c-ebs.org/eu/fr/esrs/corep/2006-07-01/t-ce-2006-07-01"
            xmlns:d-hh="http://www.c-ebs.org/eu/fr/esrs/corep/2006-07-01/d-hh-2006-07-01"
            xmlns:p-cm-cr="http://www.c-ebs.org/eu/fr/esrs/corep/2006-07-01/p-cm-cr-2006-07-01"
            xmlns:xbrldt="http://xbrl.org/2005/xbrldt"
            xmlns:d-ty="http://www.c-ebs.org/eu/fr/esrs/corep/2006-07-01/d-ty-2006-07-01"
            xmlns:ref="http://www.xbrl.org/2004/ref"
            xmlns:p-ce="http://www.c-ebs.org/eu/fr/esrs/corep/2006-07-01/p-ce-2006-07-01"
            xmlns:ref-corep="http://www.c-ebs.org/eu/fr/esrs/corep/2005-09-30/ref-corep-2005-09-30"
            xmlns:xl="http://www.xbrl.org/2003/XLink"
            xmlns:d-cr="http://www.c-ebs.org/eu/fr/esrs/corep/2006-07-01/d-cr-2006-07-01"
            xmlns:d-rw="http://www.c-ebs.org/eu/fr/esrs/corep/2006-07-01/d-rw-2006-07-01"
            xmlns:dt="http://xbrl.c-ebs.org/dt"
            elementFormDefault="qualified"
            targetNamespace="http://www.c-ebs.org/eu/fr/esrs/corep/2006-07-01/t-ce-2006-07-01">
  <xsd:annotation>
      <xsd:appinfo>
         <link:linkbaseRef xlink:type="simple" xlink:href="t-ce-2006-07-01-definition.xml"
                           xlink:role="http://www.xbrl.org/2003/role/definitionLinkbaseRef"
                           xlink:arcrole="http://www.w3.org/1999/xlink/properties/linkbase"/>
         <link:linkbaseRef xlink:type="simple" xlink:href="t-ce-2006-07-01-label.xml"
                           xlink:role="http://www.xbrl.org/2003/role/labelLinkbaseRef"
                           xlink:arcrole="http://www.w3.org/1999/xlink/properties/linkbase"/>
         <link:linkbaseRef xlink:type="simple" xlink:href="t-ce-2006-07-01-reference.xml"
                           xlink:role="http://www.xbrl.org/2003/role/referenceLinkbaseRef"
                           xlink:arcrole="http://www.w3.org/1999/xlink/properties/linkbase"/>
         <link:roleType roleURI="http://www.c-ebs.org/2006/corep/eu/t-ce/SectionTotalExposuresAndInternalModelsApproach"
                        id="rt_t-ce_SectionTotalExposuresAndInternalModelsApproach">
            <link:usedOn>link:definitionLink</link:usedOn>
         </link:roleType>
         <link:roleType roleURI="http://www.c-ebs.org/2006/corep/eu/t-ce/SectionTotalExposuresAndInternalModelsApproachHypercube"
                        id="rt_t-ce_SectionTotalExposuresAndInternalModelsApproachHypercube">
            <link:usedOn>link:definitionLink</link:usedOn>
         </link:roleType>
         <link:roleType roleURI="http://www.c-ebs.org/2006/corep/eu/t-ce/SectionPDLGDAndSimpleRiskWeight"
                        id="rt_t-ce_SectionPDLGDAndSimpleRiskWeight">
            <link:usedOn>link:definitionLink</link:usedOn>
         </link:roleType>
         <link:roleType roleURI="http://www.c-ebs.org/2006/corep/eu/t-ce/ExcSimpleRiskWeightApproachTotalHypercube"
                        id="rt_t-ce_ExcSimpleRiskWeightApproachTotalHypercube">
            <link:usedOn>link:definitionLink</link:usedOn>
         </link:roleType>
         <link:roleType roleURI="http://www.c-ebs.org/2006/corep/eu/t-ce/SectionPDLGDAndSimpleRiskWeightHypercube"
                        id="rt_t-ce_SectionPDLGDAndSimpleRiskWeightHypercube">
            <link:usedOn>link:definitionLink</link:usedOn>
         </link:roleType>
         <link:roleType roleURI="http://www.c-ebs.org/2006/corep/eu/t-ce/SectionObligorGradeBreakdown"
                        id="rt_t-ce_SectionObligorGradeBreakdown">
            <link:usedOn>link:definitionLink</link:usedOn>
         </link:roleType>
         <link:roleType roleURI="http://www.c-ebs.org/2006/corep/eu/t-ce/SectionObligorGradeBreakdownHypercube"
                        id="rt_t-ce_SectionObligorGradeBreakdownHypercube">
            <link:usedOn>link:definitionLink</link:usedOn>
         </link:roleType>
         <link:roleType roleURI="http://www.c-ebs.org/2006/corep/eu/t-ce/SectionRiskWeightBreakdown"
                        id="rt_t-ce_SectionRiskWeightBreakdown">
            <link:usedOn>link:definitionLink</link:usedOn>
         </link:roleType>
         <link:roleType roleURI="http://www.c-ebs.org/2006/corep/eu/t-ce/SectionProhibitedItems"
                        id="rt_t-ce_SectionProhibitedItems">
            <link:usedOn>link:definitionLink</link:usedOn>
         </link:roleType>
         <link:roleType roleURI="http://www.c-ebs.org/2006/corep/eu/t-ce/SectionRiskWeightBreakdownHypercube"
                        id="rt_t-ce_SectionRiskWeightBreakdownHypercube">
            <link:usedOn>link:definitionLink</link:usedOn>
         </link:roleType>
      </xsd:appinfo>
  </xsd:annotation>
  <xsd:import namespace="http://www.xbrl.org/2003/instance"
               schemaLocation="http://www.xbrl.org/2003/xbrl-instance-2003-12-31.xsd"/>
  <xsd:import namespace="http://www.c-ebs.org/eu/fr/esrs/corep/2006-07-01/p-ce-2006-07-01"
               schemaLocation="p-ce-2006-07-01.xsd"/>
  <xsd:import namespace="http://www.c-ebs.org/eu/fr/esrs/corep/2006-07-01/d-cr-2006-07-01"
               schemaLocation="d-cr-2006-07-01.xsd"/>
  <xsd:import namespace="http://www.c-ebs.org/eu/fr/esrs/corep/2006-07-01/d-rw-2006-07-01"
               schemaLocation="d-rw-2006-07-01.xsd"/>
  <xsd:import namespace="http://www.c-ebs.org/eu/fr/esrs/corep/2006-07-01/d-ty-2006-07-01"
               schemaLocation="d-ty-2006-07-01.xsd"/>
  <xsd:import namespace="http://xbrl.org/2005/xbrldt"
               schemaLocation="http://www.xbrl.org/2005/xbrldt-2005.xsd"/>
  <xsd:import namespace="http://www.c-ebs.org/eu/fr/esrs/corep/2006-07-01/d-hh-2006-07-01"
               schemaLocation="d-hh-2006-07-01.xsd"/>
  <xsd:element name="SectionTotalExposuresAndInternalModelsApproachHypercube"
                id="t-ce_SectionTotalExposuresAndInternalModelsApproachHypercube"
                type="xbrli:stringItemType"
                substitutionGroup="xbrldt:hypercubeItem"
                abstract="true"
                nillable="true"
                xbrli:periodType="instant"/>
  <xsd:element name="ExcSimpleRiskWeightApproachTotalHypercube"
                id="t-ce_ExcSimpleRiskWeightApproachTotalHypercube"
                type="xbrli:stringItemType"
                substitutionGroup="xbrldt:hypercubeItem"
                abstract="true"
                nillable="true"
                xbrli:periodType="instant"/>
  <xsd:element name="SectionPDLGDAndSimpleRiskWeightHypercube"
                id="t-ce_SectionPDLGDAndSimpleRiskWeightHypercube"
                type="xbrli:stringItemType"
                substitutionGroup="xbrldt:hypercubeItem"
                abstract="true"
                nillable="true"
                xbrli:periodType="instant"/>
  <xsd:element name="SectionObligorGradeBreakdownHypercube"
                id="t-ce_SectionObligorGradeBreakdownHypercube"
                type="xbrli:stringItemType"
                substitutionGroup="xbrldt:hypercubeItem"
                abstract="true"
                nillable="true"
                xbrli:periodType="instant"/>
  <xsd:element name="SectionRiskWeightBreakdownHypercube"
                id="t-ce_SectionRiskWeightBreakdownHypercube"
                type="xbrli:stringItemType"
                substitutionGroup="xbrldt:hypercubeItem"
                abstract="true"
                nillable="true"
                xbrli:periodType="instant"/>
</xsd:schema>