<?xml version="1.0" encoding="UTF-8"?>
<?taxonomy-version 1.3.1?>
<!--Copyright (C) 2011 EBA - European Banking Authority, Tower 42, 25 Old Broad Street, London, EC2N 1HQ, United Kingdom.-->            
<link:linkbase xmlns:link="http://www.xbrl.org/2003/linkbase"
               xmlns:xbrli="http://www.xbrl.org/2003/instance"
               xmlns:xlink="http://www.w3.org/1999/xlink"
               xmlns:xsi="http://www.w3.org/2001/XMLSchema-instance"
               xmlns:xbrldt="http://xbrl.org/2005/xbrldt"
               xsi:schemaLocation="http://www.xbrl.org/2003/linkbase http://www.xbrl.org/2003/xbrl-linkbase-2003-12-31.xsd">
  <link:roleRef roleURI="http://www.c-ebs.org/2006/corep/eu/t-ce/ExcSimpleRiskWeightApproachTotalHypercube"
                 xlink:type="simple"
                 xlink:href="t-ce-2006-07-01.xsd#rt_t-ce_ExcSimpleRiskWeightApproachTotalHypercube"/>
  <link:roleRef roleURI="http://www.c-ebs.org/2006/corep/eu/t-ce/SectionObligorGradeBreakdown"
                 xlink:type="simple"
                 xlink:href="t-ce-2006-07-01.xsd#rt_t-ce_SectionObligorGradeBreakdown"/>
  <link:roleRef roleURI="http://www.c-ebs.org/2006/corep/eu/t-ce/SectionObligorGradeBreakdownHypercube"
                 xlink:type="simple"
                 xlink:href="t-ce-2006-07-01.xsd#rt_t-ce_SectionObligorGradeBreakdownHypercube"/>
  <link:roleRef roleURI="http://www.c-ebs.org/2006/corep/eu/t-ce/SectionPDLGDAndSimpleRiskWeight"
                 xlink:type="simple"
                 xlink:href="t-ce-2006-07-01.xsd#rt_t-ce_SectionPDLGDAndSimpleRiskWeight"/>
  <link:roleRef roleURI="http://www.c-ebs.org/2006/corep/eu/t-ce/SectionPDLGDAndSimpleRiskWeightHypercube"
                 xlink:type="simple"
                 xlink:href="t-ce-2006-07-01.xsd#rt_t-ce_SectionPDLGDAndSimpleRiskWeightHypercube"/>
  <link:roleRef roleURI="http://www.c-ebs.org/2006/corep/eu/t-ce/SectionRiskWeightBreakdown"
                 xlink:type="simple"
                 xlink:href="t-ce-2006-07-01.xsd#rt_t-ce_SectionRiskWeightBreakdown"/>
  <link:roleRef roleURI="http://www.c-ebs.org/2006/corep/eu/t-ce/SectionTotalExposuresAndInternalModelsApproach"
                 xlink:type="simple"
                 xlink:href="t-ce-2006-07-01.xsd#rt_t-ce_SectionTotalExposuresAndInternalModelsApproach"/>
  <link:roleRef roleURI="http://www.c-ebs.org/2006/corep/eu/t-ce/SectionTotalExposuresAndInternalModelsApproachHypercube"
                 xlink:type="simple"
                 xlink:href="t-ce-2006-07-01.xsd#rt_t-ce_SectionTotalExposuresAndInternalModelsApproachHypercube"/>
  <link:roleRef roleURI="http://www.c-ebs.org/2006/corep/eu/t-ce/SectionProhibitedItems"
                 xlink:type="simple"
                 xlink:href="t-ce-2006-07-01.xsd#rt_t-ce_SectionProhibitedItems"/>
  <link:roleRef roleURI="http://www.c-ebs.org/2006/corep/eu/t-ce/SectionRiskWeightBreakdownHypercube"
                 xlink:type="simple"
                 xlink:href="t-ce-2006-07-01.xsd#rt_t-ce_SectionRiskWeightBreakdownHypercube"/>
  <link:roleRef roleURI="http://www.c-ebs.org/2006/corep/eu/cm-ca" xlink:type="simple"
                 xlink:href="p-cm-ca-2006-07-01.xsd#rt_cm-ca"/>
  <link:roleRef roleURI="http://www.c-ebs.org/2006/corep/eu/cm-cr" xlink:type="simple"
                 xlink:href="p-cm-cr-2006-07-01.xsd#rt_cm-cr"/>
  <link:arcroleRef arcroleURI="http://xbrl.org/int/dim/arcrole/all" xlink:type="simple"
                    xlink:href="http://www.xbrl.org/2005/xbrldt-2005.xsd#all"/>
  <link:arcroleRef arcroleURI="http://xbrl.org/int/dim/arcrole/dimension-domain"
                    xlink:type="simple"
                    xlink:href="http://www.xbrl.org/2005/xbrldt-2005.xsd#dimension-domain"/>
  <link:arcroleRef arcroleURI="http://xbrl.org/int/dim/arcrole/domain-member" xlink:type="simple"
                    xlink:href="http://www.xbrl.org/2005/xbrldt-2005.xsd#domain-member"/>
  <link:arcroleRef arcroleURI="http://xbrl.org/int/dim/arcrole/hypercube-dimension"
                    xlink:type="simple"
                    xlink:href="http://www.xbrl.org/2005/xbrldt-2005.xsd#hypercube-dimension"/>
  <link:arcroleRef arcroleURI="http://xbrl.org/int/dim/arcrole/notAll" xlink:type="simple"
                    xlink:href="http://www.xbrl.org/2005/xbrldt-2005.xsd#notAll"/>
  <link:definitionLink xlink:type="extended"
                        xlink:role="http://www.c-ebs.org/2006/corep/eu/t-ce/SectionPDLGDAndSimpleRiskWeight">
      <link:loc xlink:type="locator" xlink:href="p-ce-2006-07-01.xsd#p-ce_CREQUIRBDomain"
                xlink:label="CREQUIRBDomain"
                xlink:title="CREQUIRBDomain"/>
      <link:loc xlink:type="locator"
                xlink:href="p-cm-cr-2006-07-01.xsd#p-cm-cr_OriginalExposurePreConversionFactors"
                xlink:label="OriginalExposurePreConversionFactors"
                xlink:title="OriginalExposurePreConversionFactors"/>
      <link:definitionArc xlink:type="arc" xlink:arcrole="http://xbrl.org/int/dim/arcrole/domain-member"
                          xlink:from="CREQUIRBDomain"
                          xlink:to="OriginalExposurePreConversionFactors"
                          xlink:title="definition: CREQUIRBDomain to OriginalExposurePreConversionFactors"
                          use="optional"
                          order="2.0"/>
      <link:loc xlink:type="locator"
                xlink:href="p-cm-cr-2006-07-01.xsd#p-cm-cr_CreditRiskMitigationTechniquesSubstitutionEffectsExposure"
                xlink:label="CreditRiskMitigationTechniquesSubstitutionEffectsExposure"
                xlink:title="CreditRiskMitigationTechniquesSubstitutionEffectsExposure"/>
      <link:definitionArc xlink:type="arc" xlink:arcrole="http://xbrl.org/int/dim/arcrole/domain-member"
                          xlink:from="CREQUIRBDomain"
                          xlink:to="CreditRiskMitigationTechniquesSubstitutionEffectsExposure"
                          xlink:title="definition: CREQUIRBDomain to CreditRiskMitigationTechniquesSubstitutionEffectsExposure"
                          use="optional"
                          order="3.0"/>
      <link:loc xlink:type="locator"
                xlink:href="p-cm-cr-2006-07-01.xsd#p-cm-cr_UnfundedCreditProtection"
                xlink:label="UnfundedCreditProtection"
                xlink:title="UnfundedCreditProtection"/>
      <link:definitionArc xlink:type="arc" xlink:arcrole="http://xbrl.org/int/dim/arcrole/domain-member"
                          xlink:from="CreditRiskMitigationTechniquesSubstitutionEffectsExposure"
                          xlink:to="UnfundedCreditProtection"
                          xlink:title="definition: CreditRiskMitigationTechniquesSubstitutionEffectsExposure to UnfundedCreditProtection"
                          use="optional"
                          order="1.0"/>
      <link:loc xlink:type="locator"
                xlink:href="p-cm-cr-2006-07-01.xsd#p-cm-cr_UnfundedCreditProtectionGuarantees"
                xlink:label="UnfundedCreditProtectionAdjustedValuesGuarantees"
                xlink:title="UnfundedCreditProtectionAdjustedValuesGuarantees"/>
      <link:definitionArc xlink:type="arc" xlink:arcrole="http://xbrl.org/int/dim/arcrole/domain-member"
                          xlink:from="UnfundedCreditProtection"
                          xlink:to="UnfundedCreditProtectionAdjustedValuesGuarantees"
                          xlink:title="definition: UnfundedCreditProtection to UnfundedCreditProtectionAdjustedValuesGuarantees"
                          use="optional"
                          order="1.0"/>
      <link:loc xlink:type="locator"
                xlink:href="p-cm-cr-2006-07-01.xsd#p-cm-cr_UnfundedCreditProtectionCreditDerivatives"
                xlink:label="CreditDerivatives"
                xlink:title="CreditDerivatives"/>
      <link:definitionArc xlink:type="arc" xlink:arcrole="http://xbrl.org/int/dim/arcrole/domain-member"
                          xlink:from="UnfundedCreditProtection"
                          xlink:to="CreditDerivatives"
                          xlink:title="definition: UnfundedCreditProtection to CreditDerivatives"
                          use="optional"
                          order="2.0"/>
      <link:loc xlink:type="locator"
                xlink:href="p-cm-cr-2006-07-01.xsd#p-cm-cr_SubstitutionExposureCRM"
                xlink:label="SubstitutionExposureCRM"
                xlink:title="SubstitutionExposureCRM"/>
      <link:definitionArc xlink:type="arc" xlink:arcrole="http://xbrl.org/int/dim/arcrole/domain-member"
                          xlink:from="CreditRiskMitigationTechniquesSubstitutionEffectsExposure"
                          xlink:to="SubstitutionExposureCRM"
                          xlink:title="definition: CreditRiskMitigationTechniquesSubstitutionEffectsExposure to SubstitutionExposureCRM"
                          use="optional"
                          order="2.0"/>
      <link:loc xlink:type="locator"
                xlink:href="p-cm-cr-2006-07-01.xsd#p-cm-cr_SubstitutionExposureCRMTotalOutflows"
                xlink:label="SubstitutionExposureCRMTotalOutflows"
                xlink:title="SubstitutionExposureCRMTotalOutflows"/>
      <link:definitionArc xlink:type="arc" xlink:arcrole="http://xbrl.org/int/dim/arcrole/domain-member"
                          xlink:from="SubstitutionExposureCRM"
                          xlink:to="SubstitutionExposureCRMTotalOutflows"
                          xlink:title="definition: SubstitutionExposureCRM to SubstitutionExposureCRMTotalOutflows"
                          use="optional"
                          order="1.0"/>
      <link:loc xlink:type="locator"
                xlink:href="p-cm-cr-2006-07-01.xsd#p-cm-cr_SubstitutionExposureCRMTotalInflows"
                xlink:label="SubstitutionExposureCRMTotalInflows"
                xlink:title="SubstitutionExposureCRMTotalInflows"/>
      <link:definitionArc xlink:type="arc" xlink:arcrole="http://xbrl.org/int/dim/arcrole/domain-member"
                          xlink:from="SubstitutionExposureCRM"
                          xlink:to="SubstitutionExposureCRMTotalInflows"
                          xlink:title="definition: SubstitutionExposureCRM to SubstitutionExposureCRMTotalInflows"
                          use="optional"
                          order="2.0"/>
      <link:loc xlink:type="locator"
                xlink:href="p-cm-cr-2006-07-01.xsd#p-cm-cr_ExposureCRMSubstitutionEffectsPreConversionFactors"
                xlink:label="ExposureCRMSubstitutionEffectsPreConversionFactors"
                xlink:title="ExposureCRMSubstitutionEffectsPreConversionFactors"/>
      <link:definitionArc xlink:type="arc" xlink:arcrole="http://xbrl.org/int/dim/arcrole/domain-member"
                          xlink:from="CREQUIRBDomain"
                          xlink:to="ExposureCRMSubstitutionEffectsPreConversionFactors"
                          xlink:title="definition: CREQUIRBDomain to ExposureCRMSubstitutionEffectsPreConversionFactors"
                          use="optional"
                          order="4.0"/>
      <link:loc xlink:type="locator"
                xlink:href="p-cm-cr-2006-07-01.xsd#p-cm-cr_ExposureCRMSubstitutionEffectsPreConversionFactorsOfWhichOffBalanceSheetItems"
                xlink:label="ExposureCRMSubstitutionEffectsPreConversionFactorsOfWhichOffBalanceSheetItems"
                xlink:title="ExposureCRMSubstitutionEffectsPreConversionFactorsOfWhichOffBalanceSheetItems"/>
      <link:definitionArc xlink:type="arc" xlink:arcrole="http://xbrl.org/int/dim/arcrole/domain-member"
                          xlink:from="ExposureCRMSubstitutionEffectsPreConversionFactors"
                          xlink:to="ExposureCRMSubstitutionEffectsPreConversionFactorsOfWhichOffBalanceSheetItems"
                          xlink:title="definition: ExposureCRMSubstitutionEffectsPreConversionFactors to ExposureCRMSubstitutionEffectsPreConversionFactorsOfWhichOffBalanceSheetItems"
                          use="optional"
                          order="1.0"/>
      <link:loc xlink:type="locator" xlink:href="p-cm-cr-2006-07-01.xsd#p-cm-cr_ExposureValue"
                xlink:label="ExposureValue"
                xlink:title="ExposureValue"/>
      <link:definitionArc xlink:type="arc" xlink:arcrole="http://xbrl.org/int/dim/arcrole/domain-member"
                          xlink:from="CREQUIRBDomain"
                          xlink:to="ExposureValue"
                          xlink:title="definition: CREQUIRBDomain to ExposureValue"
                          use="optional"
                          order="5.0"/>
      <link:loc xlink:type="locator"
                xlink:href="p-cm-cr-2006-07-01.xsd#p-cm-cr_ExposureValueOfWhichOffBalanceSheetItems"
                xlink:label="ExposureValueOfWhichOffBalanceSheetItems"
                xlink:title="ExposureValueOfWhichOffBalanceSheetItems"/>
      <link:definitionArc xlink:type="arc" xlink:arcrole="http://xbrl.org/int/dim/arcrole/domain-member"
                          xlink:from="ExposureValue"
                          xlink:to="ExposureValueOfWhichOffBalanceSheetItems"
                          xlink:title="definition: ExposureValue to ExposureValueOfWhichOffBalanceSheetItems"
                          use="optional"
                          order="1.0"/>
      <link:loc xlink:type="locator"
                xlink:href="p-cm-cr-2006-07-01.xsd#p-cm-cr_ExposureWeightedAverageLgd"
                xlink:label="ExposureWeightedAverageLgd"
                xlink:title="ExposureWeightedAverageLgd"/>
      <link:definitionArc xlink:type="arc" xlink:arcrole="http://xbrl.org/int/dim/arcrole/domain-member"
                          xlink:from="CREQUIRBDomain"
                          xlink:to="ExposureWeightedAverageLgd"
                          xlink:title="definition: CREQUIRBDomain to ExposureWeightedAverageLgd"
                          use="optional"
                          order="6.0"/>
      <link:loc xlink:type="locator"
                xlink:href="t-ce-2006-07-01.xsd#t-ce_ExcSimpleRiskWeightApproachTotalHypercube"
                xlink:label="ExcSimpleRiskWeightApproachTotalHypercube"
                xlink:title="ExcSimpleRiskWeightApproachTotalHypercube"/>
      <link:definitionArc xlink:type="arc" xlink:arcrole="http://xbrl.org/int/dim/arcrole/notAll"
                          xlink:from="ExposureWeightedAverageLgd"
                          xlink:to="ExcSimpleRiskWeightApproachTotalHypercube"
                          xlink:title="definition: ExposureWeightedAverageLgd to ExcSimpleRiskWeightApproachTotalHypercube"
                          order="1.0"
                          xbrldt:targetRole="http://www.c-ebs.org/2006/corep/eu/t-ce/ExcSimpleRiskWeightApproachTotalHypercube"
                          xbrldt:contextElement="scenario"/>
      <link:loc xlink:type="locator"
                xlink:href="p-cm-cr-2006-07-01.xsd#p-cm-cr_RiskWeightedExposureAmounts"
                xlink:label="RiskWeightedExposureAmounts"
                xlink:title="RiskWeightedExposureAmounts"/>
      <link:definitionArc xlink:type="arc" xlink:arcrole="http://xbrl.org/int/dim/arcrole/domain-member"
                          xlink:from="CREQUIRBDomain"
                          xlink:to="RiskWeightedExposureAmounts"
                          xlink:title="definition: CREQUIRBDomain to RiskWeightedExposureAmounts"
                          use="optional"
                          order="7.0"/>
      <link:loc xlink:type="locator"
                xlink:href="p-cm-ca-2006-07-01.xsd#p-cm-ca_CreditRiskCapitalRequirements"
                xlink:label="CreditRiskCapitalRequirements"
                xlink:title="CreditRiskCapitalRequirements"/>
      <link:definitionArc xlink:type="arc" xlink:arcrole="http://xbrl.org/int/dim/arcrole/domain-member"
                          xlink:from="CREQUIRBDomain"
                          xlink:to="CreditRiskCapitalRequirements"
                          xlink:title="definition: CREQUIRBDomain to CreditRiskCapitalRequirements"
                          use="optional"
                          order="8.0"/>
      <link:loc xlink:type="locator"
                xlink:href="p-cm-cr-2006-07-01.xsd#p-cm-cr_MemorandumItems"
                xlink:label="MemorandumItems"
                xlink:title="MemorandumItems"/>
      <link:definitionArc xlink:type="arc" xlink:arcrole="http://xbrl.org/int/dim/arcrole/domain-member"
                          xlink:from="CREQUIRBDomain"
                          xlink:to="MemorandumItems"
                          xlink:title="definition: CREQUIRBDomain to MemorandumItems"
                          use="optional"
                          order="9.0"/>
      <link:loc xlink:type="locator"
                xlink:href="p-cm-cr-2006-07-01.xsd#p-cm-cr_ExpectedLossAmount"
                xlink:label="ExpectedLossAmount"
                xlink:title="ExpectedLossAmount"/>
      <link:definitionArc xlink:type="arc" xlink:arcrole="http://xbrl.org/int/dim/arcrole/domain-member"
                          xlink:from="MemorandumItems"
                          xlink:to="ExpectedLossAmount"
                          xlink:title="definition: MemorandumItems to ExpectedLossAmount"
                          use="optional"
                          order="1.0"/>
      <link:loc xlink:type="locator"
                xlink:href="p-cm-cr-2006-07-01.xsd#p-cm-cr_MemorandumItemsValueAdjustmentsProvisions"
                xlink:label="MemorandumItemsValueAdjustmentsProvisions"
                xlink:title="MemorandumItemsValueAdjustmentsProvisions"/>
      <link:definitionArc xlink:type="arc" xlink:arcrole="http://xbrl.org/int/dim/arcrole/domain-member"
                          xlink:from="MemorandumItems"
                          xlink:to="MemorandumItemsValueAdjustmentsProvisions"
                          xlink:title="definition: MemorandumItems to MemorandumItemsValueAdjustmentsProvisions"
                          use="optional"
                          order="2.0"/>
      <link:loc xlink:type="locator"
                xlink:href="p-cm-cr-2006-07-01.xsd#p-cm-cr_InternalRatingSystem"
                xlink:label="InternalRatingSystem"
                xlink:title="InternalRatingSystem"/>
      <link:definitionArc xlink:type="arc" xlink:arcrole="http://xbrl.org/int/dim/arcrole/domain-member"
                          xlink:from="CREQUIRBDomain"
                          xlink:to="InternalRatingSystem"
                          xlink:title="definition: CREQUIRBDomain to InternalRatingSystem"
                          use="optional"
                          order="1.0"/>
      <link:loc xlink:type="locator"
                xlink:href="p-cm-cr-2006-07-01.xsd#p-cm-cr_PdAssignedObligorGradePool"
                xlink:label="PdAssignedObligorGradePool"
                xlink:title="PdAssignedObligorGradePool"/>
      <link:definitionArc xlink:type="arc" xlink:arcrole="http://xbrl.org/int/dim/arcrole/domain-member"
                          xlink:from="InternalRatingSystem"
                          xlink:to="PdAssignedObligorGradePool"
                          xlink:title="definition: InternalRatingSystem to PdAssignedObligorGradePool"
                          use="optional"
                          order="1.0"/>
      <link:definitionArc xlink:type="arc" xlink:arcrole="http://xbrl.org/int/dim/arcrole/notAll"
                          xlink:from="InternalRatingSystem"
                          xlink:to="ExcSimpleRiskWeightApproachTotalHypercube"
                          xlink:title="definition: InternalRatingSystem to ExcSimpleRiskWeightApproachTotalHypercube"
                          use="optional"
                          order="2.0"
                          xbrldt:targetRole="http://www.c-ebs.org/2006/corep/eu/t-ce/ExcSimpleRiskWeightApproachTotalHypercube"
                          xbrldt:contextElement="scenario"/>
      <link:loc xlink:type="locator"
                xlink:href="t-ce-2006-07-01.xsd#t-ce_SectionPDLGDAndSimpleRiskWeightHypercube"
                xlink:label="SectionPDLGDAndSimpleRiskWeightHypercube"
                xlink:title="SectionPDLGDAndSimpleRiskWeightHypercube"/>
      <link:definitionArc xlink:type="arc" xlink:arcrole="http://xbrl.org/int/dim/arcrole/all"
                          xlink:from="CREQUIRBDomain"
                          xlink:to="SectionPDLGDAndSimpleRiskWeightHypercube"
                          xlink:title="definition: CREQUIRBDomain to SectionPDLGDAndSimpleRiskWeightHypercube"
                          order="10.0"
                          xbrldt:targetRole="http://www.c-ebs.org/2006/corep/eu/t-ce/SectionPDLGDAndSimpleRiskWeightHypercube"
                          xbrldt:contextElement="scenario"
                          xbrldt:closed="true"/>
  </link:definitionLink>
  <link:definitionLink xlink:type="extended"
                        xlink:role="http://www.c-ebs.org/2006/corep/eu/t-ce/SectionObligorGradeBreakdown">
      <link:loc xlink:type="locator" xlink:href="p-ce-2006-07-01.xsd#p-ce_CREQUIRBDomain"
                xlink:label="CREQUIRBDomain"
                xlink:title="CREQUIRBDomain"/>
      <link:loc xlink:type="locator"
                xlink:href="p-cm-cr-2006-07-01.xsd#p-cm-cr_OriginalExposurePreConversionFactors"
                xlink:label="OriginalExposurePreConversionFactors"
                xlink:title="OriginalExposurePreConversionFactors"/>
      <link:definitionArc xlink:type="arc" xlink:arcrole="http://xbrl.org/int/dim/arcrole/domain-member"
                          xlink:from="CREQUIRBDomain"
                          xlink:to="OriginalExposurePreConversionFactors"
                          xlink:title="definition: CREQUIRBDomain to OriginalExposurePreConversionFactors"
                          use="optional"
                          order="2.0"/>
      <link:loc xlink:type="locator"
                xlink:href="p-cm-cr-2006-07-01.xsd#p-cm-cr_ExposureCRMSubstitutionEffectsPreConversionFactors"
                xlink:label="ExposureCRMSubstitutionEffectsPreConversionFactors"
                xlink:title="ExposureCRMSubstitutionEffectsPreConversionFactors"/>
      <link:definitionArc xlink:type="arc" xlink:arcrole="http://xbrl.org/int/dim/arcrole/domain-member"
                          xlink:from="CREQUIRBDomain"
                          xlink:to="ExposureCRMSubstitutionEffectsPreConversionFactors"
                          xlink:title="definition: CREQUIRBDomain to ExposureCRMSubstitutionEffectsPreConversionFactors"
                          use="optional"
                          order="4.0"/>
      <link:loc xlink:type="locator"
                xlink:href="p-cm-cr-2006-07-01.xsd#p-cm-cr_ExposureCRMSubstitutionEffectsPreConversionFactorsOfWhichOffBalanceSheetItems"
                xlink:label="ExposureCRMSubstitutionEffectsPreConversionFactorsOfWhichOffBalanceSheetItems"
                xlink:title="ExposureCRMSubstitutionEffectsPreConversionFactorsOfWhichOffBalanceSheetItems"/>
      <link:definitionArc xlink:type="arc" xlink:arcrole="http://xbrl.org/int/dim/arcrole/domain-member"
                          xlink:from="ExposureCRMSubstitutionEffectsPreConversionFactors"
                          xlink:to="ExposureCRMSubstitutionEffectsPreConversionFactorsOfWhichOffBalanceSheetItems"
                          xlink:title="definition: ExposureCRMSubstitutionEffectsPreConversionFactors to ExposureCRMSubstitutionEffectsPreConversionFactorsOfWhichOffBalanceSheetItems"
                          use="optional"
                          order="1.0"/>
      <link:loc xlink:type="locator" xlink:href="p-cm-cr-2006-07-01.xsd#p-cm-cr_ExposureValue"
                xlink:label="ExposureValue"
                xlink:title="ExposureValue"/>
      <link:definitionArc xlink:type="arc" xlink:arcrole="http://xbrl.org/int/dim/arcrole/domain-member"
                          xlink:from="CREQUIRBDomain"
                          xlink:to="ExposureValue"
                          xlink:title="definition: CREQUIRBDomain to ExposureValue"
                          use="optional"
                          order="5.0"/>
      <link:loc xlink:type="locator"
                xlink:href="p-cm-cr-2006-07-01.xsd#p-cm-cr_ExposureWeightedAverageLgd"
                xlink:label="ExposureWeightedAverageLgd"
                xlink:title="ExposureWeightedAverageLgd"/>
      <link:definitionArc xlink:type="arc" xlink:arcrole="http://xbrl.org/int/dim/arcrole/domain-member"
                          xlink:from="CREQUIRBDomain"
                          xlink:to="ExposureWeightedAverageLgd"
                          xlink:title="definition: CREQUIRBDomain to ExposureWeightedAverageLgd"
                          use="optional"
                          order="6.0"/>
      <link:loc xlink:type="locator"
                xlink:href="p-cm-cr-2006-07-01.xsd#p-cm-cr_RiskWeightedExposureAmounts"
                xlink:label="RiskWeightedExposureAmounts"
                xlink:title="RiskWeightedExposureAmounts"/>
      <link:definitionArc xlink:type="arc" xlink:arcrole="http://xbrl.org/int/dim/arcrole/domain-member"
                          xlink:from="CREQUIRBDomain"
                          xlink:to="RiskWeightedExposureAmounts"
                          xlink:title="definition: CREQUIRBDomain to RiskWeightedExposureAmounts"
                          use="optional"
                          order="7.0"/>
      <link:loc xlink:type="locator"
                xlink:href="p-cm-ca-2006-07-01.xsd#p-cm-ca_CreditRiskCapitalRequirements"
                xlink:label="CreditRiskCapitalRequirements"
                xlink:title="CreditRiskCapitalRequirements"/>
      <link:definitionArc xlink:type="arc" xlink:arcrole="http://xbrl.org/int/dim/arcrole/domain-member"
                          xlink:from="CREQUIRBDomain"
                          xlink:to="CreditRiskCapitalRequirements"
                          xlink:title="definition: CREQUIRBDomain to CreditRiskCapitalRequirements"
                          use="optional"
                          order="8.0"/>
      <link:loc xlink:type="locator"
                xlink:href="p-cm-cr-2006-07-01.xsd#p-cm-cr_MemorandumItems"
                xlink:label="MemorandumItems"
                xlink:title="MemorandumItems"/>
      <link:definitionArc xlink:type="arc" xlink:arcrole="http://xbrl.org/int/dim/arcrole/domain-member"
                          xlink:from="CREQUIRBDomain"
                          xlink:to="MemorandumItems"
                          xlink:title="definition: CREQUIRBDomain to MemorandumItems"
                          use="optional"
                          order="9.0"/>
      <link:loc xlink:type="locator"
                xlink:href="p-cm-cr-2006-07-01.xsd#p-cm-cr_ExpectedLossAmount"
                xlink:label="ExpectedLossAmount"
                xlink:title="ExpectedLossAmount"/>
      <link:definitionArc xlink:type="arc" xlink:arcrole="http://xbrl.org/int/dim/arcrole/domain-member"
                          xlink:from="MemorandumItems"
                          xlink:to="ExpectedLossAmount"
                          xlink:title="definition: MemorandumItems to ExpectedLossAmount"
                          use="optional"
                          order="1.0"/>
      <link:loc xlink:type="locator"
                xlink:href="p-cm-cr-2006-07-01.xsd#p-cm-cr_MemorandumItemsValueAdjustmentsProvisions"
                xlink:label="MemorandumItemsValueAdjustmentsProvisions"
                xlink:title="MemorandumItemsValueAdjustmentsProvisions"/>
      <link:definitionArc xlink:type="arc" xlink:arcrole="http://xbrl.org/int/dim/arcrole/domain-member"
                          xlink:from="MemorandumItems"
                          xlink:to="MemorandumItemsValueAdjustmentsProvisions"
                          xlink:title="definition: MemorandumItems to MemorandumItemsValueAdjustmentsProvisions"
                          use="optional"
                          order="2.0"/>
      <link:loc xlink:type="locator"
                xlink:href="p-cm-cr-2006-07-01.xsd#p-cm-cr_InternalRatingSystem"
                xlink:label="InternalRatingSystem"
                xlink:title="InternalRatingSystem"/>
      <link:definitionArc xlink:type="arc" xlink:arcrole="http://xbrl.org/int/dim/arcrole/domain-member"
                          xlink:from="CREQUIRBDomain"
                          xlink:to="InternalRatingSystem"
                          xlink:title="definition: CREQUIRBDomain to InternalRatingSystem"
                          use="optional"
                          order="1.0"/>
      <link:loc xlink:type="locator"
                xlink:href="p-cm-cr-2006-07-01.xsd#p-cm-cr_PdAssignedObligorGradePool"
                xlink:label="PdAssignedObligorGradePool"
                xlink:title="PdAssignedObligorGradePool"/>
      <link:definitionArc xlink:type="arc" xlink:arcrole="http://xbrl.org/int/dim/arcrole/domain-member"
                          xlink:from="InternalRatingSystem"
                          xlink:to="PdAssignedObligorGradePool"
                          xlink:title="definition: InternalRatingSystem to PdAssignedObligorGradePool"
                          use="optional"
                          order="1.0"/>
      <link:loc xlink:type="locator"
                xlink:href="t-ce-2006-07-01.xsd#t-ce_SectionObligorGradeBreakdownHypercube"
                xlink:label="SectionObligorGradeBreakdownHypercube"
                xlink:title="SectionObligorGradeBreakdownHypercube"/>
      <link:definitionArc xlink:type="arc" xlink:arcrole="http://xbrl.org/int/dim/arcrole/all"
                          xlink:from="CREQUIRBDomain"
                          xlink:to="SectionObligorGradeBreakdownHypercube"
                          xlink:title="definition: CREQUIRBDomain to SectionObligorGradeBreakdownHypercube"
                          order="10.0"
                          xbrldt:targetRole="http://www.c-ebs.org/2006/corep/eu/t-ce/SectionObligorGradeBreakdownHypercube"
                          xbrldt:contextElement="scenario"
                          xbrldt:closed="true"/>
  </link:definitionLink>
  <link:definitionLink xlink:type="extended"
                        xlink:role="http://www.c-ebs.org/2006/corep/eu/t-ce/SectionRiskWeightBreakdown">
      <link:loc xlink:type="locator" xlink:href="p-ce-2006-07-01.xsd#p-ce_CREQUIRBDomain"
                xlink:label="CREQUIRBDomain"
                xlink:title="CREQUIRBDomain"/>
      <link:loc xlink:type="locator"
                xlink:href="p-cm-cr-2006-07-01.xsd#p-cm-cr_OriginalExposurePreConversionFactors"
                xlink:label="OriginalExposurePreConversionFactors"
                xlink:title="OriginalExposurePreConversionFactors"/>
      <link:definitionArc xlink:type="arc" xlink:arcrole="http://xbrl.org/int/dim/arcrole/domain-member"
                          xlink:from="CREQUIRBDomain"
                          xlink:to="OriginalExposurePreConversionFactors"
                          xlink:title="definition: CREQUIRBDomain to OriginalExposurePreConversionFactors"
                          use="optional"
                          order="1.0"/>
      <link:loc xlink:type="locator"
                xlink:href="p-cm-cr-2006-07-01.xsd#p-cm-cr_ExposureCRMSubstitutionEffectsPreConversionFactors"
                xlink:label="ExposureCRMSubstitutionEffectsPreConversionFactors"
                xlink:title="ExposureCRMSubstitutionEffectsPreConversionFactors"/>
      <link:definitionArc xlink:type="arc" xlink:arcrole="http://xbrl.org/int/dim/arcrole/domain-member"
                          xlink:from="CREQUIRBDomain"
                          xlink:to="ExposureCRMSubstitutionEffectsPreConversionFactors"
                          xlink:title="definition: CREQUIRBDomain to ExposureCRMSubstitutionEffectsPreConversionFactors"
                          use="optional"
                          order="4.0"/>
      <link:loc xlink:type="locator" xlink:href="p-cm-cr-2006-07-01.xsd#p-cm-cr_ExposureValue"
                xlink:label="ExposureValue"
                xlink:title="ExposureValue"/>
      <link:definitionArc xlink:type="arc" xlink:arcrole="http://xbrl.org/int/dim/arcrole/domain-member"
                          xlink:from="CREQUIRBDomain"
                          xlink:to="ExposureValue"
                          xlink:title="definition: CREQUIRBDomain to ExposureValue"
                          use="optional"
                          order="5.0"/>
      <link:loc xlink:type="locator"
                xlink:href="p-cm-cr-2006-07-01.xsd#p-cm-cr_RiskWeightedExposureAmounts"
                xlink:label="RiskWeightedExposureAmounts"
                xlink:title="RiskWeightedExposureAmounts"/>
      <link:definitionArc xlink:type="arc" xlink:arcrole="http://xbrl.org/int/dim/arcrole/domain-member"
                          xlink:from="CREQUIRBDomain"
                          xlink:to="RiskWeightedExposureAmounts"
                          xlink:title="definition: CREQUIRBDomain to RiskWeightedExposureAmounts"
                          use="optional"
                          order="7.0"/>
      <link:loc xlink:type="locator"
                xlink:href="p-cm-ca-2006-07-01.xsd#p-cm-ca_CreditRiskCapitalRequirements"
                xlink:label="CreditRiskCapitalRequirements"
                xlink:title="CreditRiskCapitalRequirements"/>
      <link:definitionArc xlink:type="arc" xlink:arcrole="http://xbrl.org/int/dim/arcrole/domain-member"
                          xlink:from="CREQUIRBDomain"
                          xlink:to="CreditRiskCapitalRequirements"
                          xlink:title="definition: CREQUIRBDomain to CreditRiskCapitalRequirements"
                          use="optional"
                          order="8.0"/>
      <link:loc xlink:type="locator"
                xlink:href="p-cm-cr-2006-07-01.xsd#p-cm-cr_MemorandumItems"
                xlink:label="MemorandumItems"
                xlink:title="MemorandumItems"/>
      <link:definitionArc xlink:type="arc" xlink:arcrole="http://xbrl.org/int/dim/arcrole/domain-member"
                          xlink:from="CREQUIRBDomain"
                          xlink:to="MemorandumItems"
                          xlink:title="definition: CREQUIRBDomain to MemorandumItems"
                          use="optional"
                          order="9.0"/>
      <link:loc xlink:type="locator"
                xlink:href="p-cm-cr-2006-07-01.xsd#p-cm-cr_ExpectedLossAmount"
                xlink:label="ExpectedLossAmount"
                xlink:title="ExpectedLossAmount"/>
      <link:definitionArc xlink:type="arc" xlink:arcrole="http://xbrl.org/int/dim/arcrole/domain-member"
                          xlink:from="MemorandumItems"
                          xlink:to="ExpectedLossAmount"
                          xlink:title="definition: MemorandumItems to ExpectedLossAmount"
                          use="optional"
                          order="1.0"/>
      <link:loc xlink:type="locator"
                xlink:href="p-cm-cr-2006-07-01.xsd#p-cm-cr_MemorandumItemsValueAdjustmentsProvisions"
                xlink:label="MemorandumItemsValueAdjustmentsProvisions"
                xlink:title="MemorandumItemsValueAdjustmentsProvisions"/>
      <link:definitionArc xlink:type="arc" xlink:arcrole="http://xbrl.org/int/dim/arcrole/domain-member"
                          xlink:from="MemorandumItems"
                          xlink:to="MemorandumItemsValueAdjustmentsProvisions"
                          xlink:title="definition: MemorandumItems to MemorandumItemsValueAdjustmentsProvisions"
                          use="optional"
                          order="2.0"/>
      <link:loc xlink:type="locator"
                xlink:href="t-ce-2006-07-01.xsd#t-ce_SectionRiskWeightBreakdownHypercube"
                xlink:label="SectionRiskWeightBreakdownHypercube"
                xlink:title="SectionRiskWeightBreakdownHypercube"/>
      <link:definitionArc xlink:type="arc" xlink:arcrole="http://xbrl.org/int/dim/arcrole/all"
                          xlink:from="CREQUIRBDomain"
                          xlink:to="SectionRiskWeightBreakdownHypercube"
                          xlink:title="definition: CREQUIRBDomain to SectionRiskWeightBreakdownHypercube"
                          order="10.0"
                          xbrldt:targetRole="http://www.c-ebs.org/2006/corep/eu/t-ce/SectionRiskWeightBreakdownHypercube"
                          xbrldt:contextElement="scenario"
                          xbrldt:closed="true"/>
  </link:definitionLink>
  <link:definitionLink xlink:type="extended"
                        xlink:role="http://www.c-ebs.org/2006/corep/eu/t-ce/ExcSimpleRiskWeightApproachTotalHypercube">
      <link:loc xlink:type="locator"
                xlink:href="t-ce-2006-07-01.xsd#t-ce_ExcSimpleRiskWeightApproachTotalHypercube"
                xlink:label="ExcSimpleRiskWeightApproachTotalHypercube"
                xlink:title="ExcSimpleRiskWeightApproachTotalHypercube"/>
      <link:loc xlink:type="locator" xlink:href="d-cr-2006-07-01.xsd#d-cr_CreditRiskDimension"
                xlink:label="CreditRiskDimension"
                xlink:title="CreditRiskDimension"/>
      <link:definitionArc xlink:type="arc"
                          xlink:arcrole="http://xbrl.org/int/dim/arcrole/hypercube-dimension"
                          xlink:from="ExcSimpleRiskWeightApproachTotalHypercube"
                          xlink:to="CreditRiskDimension"
                          xlink:title="definition: ExcSimpleRiskWeightApproachTotalHypercube to CreditRiskDimension"
                          order="1.0"/>
      <link:loc xlink:type="locator"
                xlink:href="d-cr-2006-07-01.xsd#d-cr_CreditRiskIRBEquitySimpleRiskWeightApproach"
                xlink:label="CreditRiskIRBEquitySimpleRiskWeightApproach"
                xlink:title="CreditRiskIRBEquitySimpleRiskWeightApproach"/>
      <link:definitionArc xlink:type="arc"
                          xlink:arcrole="http://xbrl.org/int/dim/arcrole/dimension-domain"
                          xlink:from="CreditRiskDimension"
                          xlink:to="CreditRiskIRBEquitySimpleRiskWeightApproach"
                          xlink:title="definition: CreditRiskDimension to CreditRiskIRBEquitySimpleRiskWeightApproach"
                          order="2.0"/>
  </link:definitionLink>
  <link:definitionLink xlink:type="extended"
                        xlink:role="http://www.c-ebs.org/2006/corep/eu/t-ce/SectionPDLGDAndSimpleRiskWeightHypercube">
      <link:loc xlink:type="locator" xlink:href="d-cr-2006-07-01.xsd#d-cr_CreditRiskDimension"
                xlink:label="CreditRiskDimension"
                xlink:title="CreditRiskDimension"/>
      <link:loc xlink:type="locator"
                xlink:href="d-cr-2006-07-01.xsd#d-cr_CreditRiskIRBEquitySimpleRiskWeightApproach"
                xlink:label="CreditRiskIRBEquitySimpleRiskWeightApproach"
                xlink:title="CreditRiskIRBEquitySimpleRiskWeightApproach"/>
      <link:definitionArc xlink:type="arc"
                          xlink:arcrole="http://xbrl.org/int/dim/arcrole/dimension-domain"
                          xlink:from="CreditRiskDimension"
                          xlink:to="CreditRiskIRBEquitySimpleRiskWeightApproach"
                          xlink:title="definition: CreditRiskDimension to CreditRiskIRBEquitySimpleRiskWeightApproach"
                          order="2.0"/>
      <link:loc xlink:type="locator"
                xlink:href="d-cr-2006-07-01.xsd#d-cr_CreditRiskIRBEquityPD-LGDApproach"
                xlink:label="CreditRiskIRBEquityPD-LGDApproach"
                xlink:title="CreditRiskIRBEquityPD-LGDApproach"/>
      <link:definitionArc xlink:type="arc"
                          xlink:arcrole="http://xbrl.org/int/dim/arcrole/dimension-domain"
                          xlink:from="CreditRiskDimension"
                          xlink:to="CreditRiskIRBEquityPD-LGDApproach"
                          xlink:title="definition: CreditRiskDimension to CreditRiskIRBEquityPD-LGDApproach"
                          order="1.0"/>
      <link:loc xlink:type="locator"
                xlink:href="t-ce-2006-07-01.xsd#t-ce_SectionPDLGDAndSimpleRiskWeightHypercube"
                xlink:label="SectionPDLGDAndSimpleRiskWeightHypercube"
                xlink:title="SectionPDLGDAndSimpleRiskWeightHypercube"/>
      <link:definitionArc xlink:type="arc"
                          xlink:arcrole="http://xbrl.org/int/dim/arcrole/hypercube-dimension"
                          xlink:from="SectionPDLGDAndSimpleRiskWeightHypercube"
                          xlink:to="CreditRiskDimension"
                          xlink:title="definition: SectionPDLGDAndSimpleRiskWeightHypercube to CreditRiskDimension"
                          order="1.0"/>
  </link:definitionLink>
  <link:definitionLink xlink:type="extended"
                        xlink:role="http://www.c-ebs.org/2006/corep/eu/t-ce/SectionTotalExposuresAndInternalModelsApproachHypercube">
      <link:loc xlink:type="locator" xlink:href="d-cr-2006-07-01.xsd#d-cr_CreditRiskDimension"
                xlink:label="CreditRiskDimension"
                xlink:title="CreditRiskDimension"/>
      <link:loc xlink:type="locator" xlink:href="d-cr-2006-07-01.xsd#d-cr_CreditRiskIRBEquity"
                xlink:label="CreditRiskIRBEquity"
                xlink:title="CreditRiskIRBEquity"/>
      <link:definitionArc xlink:type="arc"
                          xlink:arcrole="http://xbrl.org/int/dim/arcrole/dimension-domain"
                          xlink:from="CreditRiskDimension"
                          xlink:to="CreditRiskIRBEquity"
                          xlink:title="definition: CreditRiskDimension to CreditRiskIRBEquity"
                          order="1.0"/>
      <link:loc xlink:type="locator"
                xlink:href="d-cr-2006-07-01.xsd#d-cr_CreditRiskIRBEquityInternalModelsApproach"
                xlink:label="CreditRiskIRBEquityInternalModelsApproach"
                xlink:title="CreditRiskIRBEquityInternalModelsApproach"/>
      <link:definitionArc xlink:type="arc"
                          xlink:arcrole="http://xbrl.org/int/dim/arcrole/dimension-domain"
                          xlink:from="CreditRiskDimension"
                          xlink:to="CreditRiskIRBEquityInternalModelsApproach"
                          xlink:title="definition: CreditRiskDimension to CreditRiskIRBEquityInternalModelsApproach"
                          order="2.0"/>
      <link:loc xlink:type="locator"
                xlink:href="t-ce-2006-07-01.xsd#t-ce_SectionTotalExposuresAndInternalModelsApproachHypercube"
                xlink:label="SectionTotalExposuresAndInternalModelsApproachHypercube"
                xlink:title="SectionTotalExposuresAndInternalModelsApproachHypercube"/>
      <link:definitionArc xlink:type="arc"
                          xlink:arcrole="http://xbrl.org/int/dim/arcrole/hypercube-dimension"
                          xlink:from="SectionTotalExposuresAndInternalModelsApproachHypercube"
                          xlink:to="CreditRiskDimension"
                          xlink:title="definition: SectionTotalExposuresAndInternalModelsApproachHypercube to CreditRiskDimension"
                          order="1.0"/>
  </link:definitionLink>
  <link:definitionLink xlink:type="extended"
                        xlink:role="http://www.c-ebs.org/2006/corep/eu/t-ce/SectionObligorGradeBreakdownHypercube">
      <link:loc xlink:type="locator" xlink:href="d-cr-2006-07-01.xsd#d-cr_CreditRiskDimension"
                xlink:label="CreditRiskDimension"
                xlink:title="CreditRiskDimension"/>
      <link:loc xlink:type="locator"
                xlink:href="d-cr-2006-07-01.xsd#d-cr_CreditRiskIRBEquityPD-LGDApproach"
                xlink:label="CreditRiskIRBEquityPD-LGDApproach"
                xlink:title="CreditRiskIRBEquityPD-LGDApproach"/>
      <link:definitionArc xlink:type="arc"
                          xlink:arcrole="http://xbrl.org/int/dim/arcrole/dimension-domain"
                          xlink:from="CreditRiskDimension"
                          xlink:to="CreditRiskIRBEquityPD-LGDApproach"
                          xlink:title="definition: CreditRiskDimension to CreditRiskIRBEquityPD-LGDApproach"
                          order="1.0"/>
      <link:loc xlink:type="locator"
                xlink:href="t-ce-2006-07-01.xsd#t-ce_SectionObligorGradeBreakdownHypercube"
                xlink:label="SectionObligorGradeBreakdownHypercube"
                xlink:title="SectionObligorGradeBreakdownHypercube"/>
      <link:definitionArc xlink:type="arc"
                          xlink:arcrole="http://xbrl.org/int/dim/arcrole/hypercube-dimension"
                          xlink:from="SectionObligorGradeBreakdownHypercube"
                          xlink:to="CreditRiskDimension"
                          xlink:title="definition: SectionObligorGradeBreakdownHypercube to CreditRiskDimension"
                          order="1.0"/>
      <link:loc xlink:type="locator"
                xlink:href="d-ty-2006-07-01.xsd#d-ty_ObligorGradeDimension"
                xlink:label="ObligorGradeDimension"
                xlink:title="ObligorGradeDimension"/>
      <link:definitionArc xlink:type="arc"
                          xlink:arcrole="http://xbrl.org/int/dim/arcrole/hypercube-dimension"
                          xlink:from="SectionObligorGradeBreakdownHypercube"
                          xlink:to="ObligorGradeDimension"
                          xlink:title="definition: SectionObligorGradeBreakdownHypercube to ObligorGradeDimension"
                          order="2.0"/>
  </link:definitionLink>
  <link:definitionLink xlink:type="extended"
                        xlink:role="http://www.c-ebs.org/2006/corep/eu/t-ce/SectionTotalExposuresAndInternalModelsApproach">
      <link:loc xlink:type="locator" xlink:href="p-ce-2006-07-01.xsd#p-ce_CREQUIRBDomain"
                xlink:label="CREQUIRBDomain"
                xlink:title="CREQUIRBDomain"/>
      <link:loc xlink:type="locator"
                xlink:href="p-cm-cr-2006-07-01.xsd#p-cm-cr_RiskWeightedExposureAmounts"
                xlink:label="RiskWeightedExposureAmounts"
                xlink:title="RiskWeightedExposureAmounts"/>
      <link:definitionArc xlink:type="arc" xlink:arcrole="http://xbrl.org/int/dim/arcrole/domain-member"
                          xlink:from="CREQUIRBDomain"
                          xlink:to="RiskWeightedExposureAmounts"
                          xlink:title="definition: CREQUIRBDomain to RiskWeightedExposureAmounts"
                          order="1.0"/>
      <link:loc xlink:type="locator"
                xlink:href="p-cm-ca-2006-07-01.xsd#p-cm-ca_CreditRiskCapitalRequirements"
                xlink:label="CreditRiskCapitalRequirements"
                xlink:title="CreditRiskCapitalRequirements"/>
      <link:definitionArc xlink:type="arc" xlink:arcrole="http://xbrl.org/int/dim/arcrole/domain-member"
                          xlink:from="CREQUIRBDomain"
                          xlink:to="CreditRiskCapitalRequirements"
                          xlink:title="definition: CREQUIRBDomain to CreditRiskCapitalRequirements"
                          use="optional"
                          order="2.0"/>
      <link:loc xlink:type="locator"
                xlink:href="p-cm-cr-2006-07-01.xsd#p-cm-cr_MemorandumItemsValueAdjustmentsProvisions"
                xlink:label="MemorandumItemsValueAdjustmentsProvisions"
                xlink:title="MemorandumItemsValueAdjustmentsProvisions"/>
      <link:definitionArc xlink:type="arc" xlink:arcrole="http://xbrl.org/int/dim/arcrole/domain-member"
                          xlink:from="CREQUIRBDomain"
                          xlink:to="MemorandumItemsValueAdjustmentsProvisions"
                          xlink:title="definition: CREQUIRBDomain to MemorandumItemsValueAdjustmentsProvisions"
                          order="3.0"/>
      <link:loc xlink:type="locator"
                xlink:href="t-ce-2006-07-01.xsd#t-ce_SectionTotalExposuresAndInternalModelsApproachHypercube"
                xlink:label="SectionTotalExposuresAndInternalModelsApproachHypercube"
                xlink:title="SectionTotalExposuresAndInternalModelsApproachHypercube"/>
      <link:definitionArc xlink:type="arc" xlink:arcrole="http://xbrl.org/int/dim/arcrole/all"
                          xlink:from="CREQUIRBDomain"
                          xlink:to="SectionTotalExposuresAndInternalModelsApproachHypercube"
                          xlink:title="definition: CREQUIRBDomain to SectionTotalExposuresAndInternalModelsApproachHypercube"
                          order="4.0"
                          xbrldt:targetRole="http://www.c-ebs.org/2006/corep/eu/t-ce/SectionTotalExposuresAndInternalModelsApproachHypercube"
                          xbrldt:contextElement="scenario"
                          xbrldt:closed="true"/>
  </link:definitionLink>
  <link:definitionLink xlink:type="extended"
                        xlink:role="http://www.c-ebs.org/2006/corep/eu/t-ce/SectionProhibitedItems">
      <link:loc xlink:type="locator"
                xlink:href="d-hh-2006-07-01.xsd#hyp-cm_ProhibitedItemsPlaceholder"
                xlink:label="ProhibitedItemsPlaceholder"
                xlink:title="ProhibitedItemsPlaceholder"/>
      <link:loc xlink:type="locator"
                xlink:href="p-cm-ca-2006-07-01.xsd#p-cm-ca_CommonCAItemsDomain"
                xlink:label="CommonCAItemsDomain"
                xlink:title="CommonCAItemsDomain"/>
      <link:definitionArc xlink:type="arc" xlink:arcrole="http://xbrl.org/int/dim/arcrole/domain-member"
                          xlink:from="ProhibitedItemsPlaceholder"
                          xlink:to="CommonCAItemsDomain"
                          xlink:title="definition: ProhibitedItemsPlaceholder to CommonCAItemsDomain"
                          order="1.0"
                          xbrldt:targetRole="http://www.c-ebs.org/2006/corep/eu/cm-ca"/>
      <link:loc xlink:type="locator"
                xlink:href="p-cm-cr-2006-07-01.xsd#p-cm-cr_CommonCRItemsDomain"
                xlink:label="CommonCRItemsDomain"
                xlink:title="CommonCRItemsDomain"/>
      <link:definitionArc xlink:type="arc" xlink:arcrole="http://xbrl.org/int/dim/arcrole/domain-member"
                          xlink:from="ProhibitedItemsPlaceholder"
                          xlink:to="CommonCRItemsDomain"
                          xlink:title="definition: ProhibitedItemsPlaceholder to CommonCRItemsDomain"
                          order="2.0"
                          xbrldt:targetRole="http://www.c-ebs.org/2006/corep/eu/cm-cr"/>
      <link:loc xlink:type="locator"
                xlink:href="d-hh-2006-07-01.xsd#hyp-cm_ProhibitingHypercube"
                xlink:label="ProhibitingHypercube"
                xlink:title="ProhibitingHypercube"/>
      <link:definitionArc xlink:type="arc" xlink:arcrole="http://xbrl.org/int/dim/arcrole/all"
                          xlink:from="ProhibitedItemsPlaceholder"
                          xlink:to="ProhibitingHypercube"
                          xlink:title="definition: ProhibitedItemsPlaceholder to ProhibitingHypercube"
                          order="3.0"
                          xbrldt:contextElement="scenario"
                          xbrldt:closed="true"/>
      <link:loc xlink:type="locator" xlink:href="d-hh-2006-07-01.xsd#hyp-cm_NullDimension"
                xlink:label="NullDimension"
                xlink:title="NullDimension"/>
      <link:definitionArc xlink:type="arc"
                          xlink:arcrole="http://xbrl.org/int/dim/arcrole/hypercube-dimension"
                          xlink:from="ProhibitingHypercube"
                          xlink:to="NullDimension"
                          xlink:title="definition: ProhibitingHypercube to NullDimension"
                          order="1.0"/>
  </link:definitionLink>
  <link:definitionLink xlink:type="extended"
                        xlink:role="http://www.c-ebs.org/2006/corep/eu/t-ce/SectionRiskWeightBreakdownHypercube">
      <link:loc xlink:type="locator" xlink:href="d-cr-2006-07-01.xsd#d-cr_CreditRiskDimension"
                xlink:label="CreditRiskDimension"
                xlink:title="CreditRiskDimension"/>
      <link:loc xlink:type="locator"
                xlink:href="d-cr-2006-07-01.xsd#d-cr_CreditRiskIRBEquitySimpleRiskWeightApproach"
                xlink:label="CreditRiskIRBEquitySimpleRiskWeightApproach"
                xlink:title="CreditRiskIRBEquitySimpleRiskWeightApproach"/>
      <link:definitionArc xlink:type="arc"
                          xlink:arcrole="http://xbrl.org/int/dim/arcrole/dimension-domain"
                          xlink:from="CreditRiskDimension"
                          xlink:to="CreditRiskIRBEquitySimpleRiskWeightApproach"
                          xlink:title="definition: CreditRiskDimension to CreditRiskIRBEquitySimpleRiskWeightApproach"
                          order="1.0"/>
      <link:loc xlink:type="locator"
                xlink:href="t-ce-2006-07-01.xsd#t-ce_SectionRiskWeightBreakdownHypercube"
                xlink:label="SectionRiskWeightBreakdownHypercube"
                xlink:title="SectionRiskWeightBreakdownHypercube"/>
      <link:loc xlink:type="locator" xlink:href="d-rw-2006-07-01.xsd#d-rw_RiskWeightDimension"
                xlink:label="RiskWeightDimension"
                xlink:title="RiskWeightDimension"/>
      <link:definitionArc xlink:type="arc"
                          xlink:arcrole="http://xbrl.org/int/dim/arcrole/hypercube-dimension"
                          xlink:from="SectionRiskWeightBreakdownHypercube"
                          xlink:to="RiskWeightDimension"
                          xlink:title="definition: SectionRiskWeightBreakdownHypercube to RiskWeightDimension"
                          order="1.0"/>
      <link:loc xlink:type="locator" xlink:href="d-rw-2006-07-01.xsd#d-rw_RiskWeightDomain"
                xlink:label="RiskWeightDomain"
                xlink:title="RiskWeightDomain"/>
      <link:definitionArc xlink:type="arc"
                          xlink:arcrole="http://xbrl.org/int/dim/arcrole/dimension-domain"
                          xlink:from="RiskWeightDimension"
                          xlink:to="RiskWeightDomain"
                          xlink:title="definition: RiskWeightDimension to RiskWeightDomain"
                          order="1.0"
                          xbrldt:usable="false"/>
      <link:loc xlink:type="locator" xlink:href="d-rw-2006-07-01.xsd#d-rw_RiskWeight190Percent"
                xlink:label="RiskWeight190Percent"
                xlink:title="RiskWeight190Percent"/>
      <link:definitionArc xlink:type="arc" xlink:arcrole="http://xbrl.org/int/dim/arcrole/domain-member"
                          xlink:from="RiskWeightDomain"
                          xlink:to="RiskWeight190Percent"
                          xlink:title="definition: RiskWeightDomain to RiskWeight190Percent"
                          order="1.0"/>
      <link:loc xlink:type="locator" xlink:href="d-rw-2006-07-01.xsd#d-rw_RiskWeight290Percent"
                xlink:label="RiskWeight290Percent"
                xlink:title="RiskWeight290Percent"/>
      <link:definitionArc xlink:type="arc" xlink:arcrole="http://xbrl.org/int/dim/arcrole/domain-member"
                          xlink:from="RiskWeightDomain"
                          xlink:to="RiskWeight290Percent"
                          xlink:title="definition: RiskWeightDomain to RiskWeight290Percent"
                          order="2.0"/>
      <link:loc xlink:type="locator" xlink:href="d-rw-2006-07-01.xsd#d-rw_RiskWeight370Percent"
                xlink:label="RiskWeight370Percent"
                xlink:title="RiskWeight370Percent"/>
      <link:definitionArc xlink:type="arc" xlink:arcrole="http://xbrl.org/int/dim/arcrole/domain-member"
                          xlink:from="RiskWeightDomain"
                          xlink:to="RiskWeight370Percent"
                          xlink:title="definition: RiskWeightDomain to RiskWeight370Percent"
                          order="3.0"/>
      <link:definitionArc xlink:type="arc"
                          xlink:arcrole="http://xbrl.org/int/dim/arcrole/hypercube-dimension"
                          xlink:from="SectionRiskWeightBreakdownHypercube"
                          xlink:to="CreditRiskDimension"
                          xlink:title="definition: SectionRiskWeightBreakdownHypercube to CreditRiskDimension"
                          order="2.0"/>
  </link:definitionLink>
</link:linkbase>