<?xml version="1.0" encoding="UTF-8"?>
<?taxonomy-version 1.3.1?>
<!--Copyright (C) 2011 EBA - European Banking Authority, Tower 42, 25 Old Broad Street, London, EC2N 1HQ, United Kingdom.-->            
<link:linkbase xmlns:xsi="http://www.w3.org/2001/XMLSchema-instance"
               xmlns:t-ci="http://www.c-ebs.org/eu/fr/esrs/corep/2006-07-01/t-ci-2006-07-01"
               xmlns:link="http://www.xbrl.org/2003/linkbase"
               xmlns:xlink="http://www.w3.org/1999/xlink"
               xmlns:xbrli="http://www.xbrl.org/2003/instance"
               xsi:schemaLocation="http://www.xbrl.org/2003/linkbase http://www.xbrl.org/2003/xbrl-linkbase-2003-12-31.xsd">
  <link:roleRef roleURI="http://www.c-ebs.org/2006/corep/eu/ci" xlink:type="simple"
                 xlink:href="p-ci-2006-07-01.xsd#rt_ci"/>
  <link:labelLink xlink:type="extended" xlink:role="http://www.xbrl.org/2003/role/link">
      <link:loc xlink:type="locator"
                xlink:href="t-ci-2006-07-01.xsd#t-ci_SectionExposuresHypercube"
                xlink:label="ExcTotalExposuresHypercube"
                xlink:title="ExcTotalExposuresHypercube"/>
      <link:label xlink:type="resource" xlink:label="label_ExcTotalExposuresHypercube"
                  xlink:role="http://www.xbrl.org/2003/role/label"
                  xlink:title="label_ExcTotalExposuresHypercube"
                  xml:lang="en"
                  id="label_ExcTotalExposuresHypercube">Section Exposures (Hypercube)</link:label>
      <link:labelArc xlink:type="arc" xlink:arcrole="http://www.xbrl.org/2003/arcrole/concept-label"
                     xlink:from="ExcTotalExposuresHypercube"
                     xlink:to="label_ExcTotalExposuresHypercube"
                     xlink:title="label: ExcTotalExposuresHypercube to label_ExcTotalExposuresHypercube"/>
      <link:loc xlink:type="locator"
                xlink:href="t-ci-2006-07-01.xsd#t-ci_ExcTotalExposuresHypercube"
                xlink:label="ExcTotalExposuresHypercube_2"
                xlink:title="ExcTotalExposuresHypercube"/>
      <link:label xlink:type="resource" xlink:label="label_ExcTotalExposuresHypercube_2"
                  xlink:role="http://www.xbrl.org/2003/role/label"
                  xlink:title="label_ExcTotalExposuresHypercube"
                  xml:lang="en"
                  id="label_ExcTotalExposuresHypercube_2">Excluded Total Exposures (Hypercube)</link:label>
      <link:labelArc xlink:type="arc" xlink:arcrole="http://www.xbrl.org/2003/arcrole/concept-label"
                     xlink:from="ExcTotalExposuresHypercube_2"
                     xlink:to="label_ExcTotalExposuresHypercube_2"
                     xlink:title="label: ExcTotalExposuresHypercube to label_ExcTotalExposuresHypercube"/>
      <link:loc xlink:type="locator"
                xlink:href="t-ci-2006-07-01.xsd#t-ci_ExcAlternativeTreatmentForSectionExposuresHypercube"
                xlink:label="ExcAlternativeTreatmentForSectionExposuresHypercube"
                xlink:title="ExcAlternativeTreatmentForSectionExposuresHypercube"/>
      <link:label xlink:type="resource"
                  xlink:label="label_ExcAlternativeTreatmentForSectionExposuresHypercube"
                  xlink:role="http://www.xbrl.org/2003/role/label"
                  xlink:title="label_ExcAlternativeTreatmentForSectionExposuresHypercube"
                  xml:lang="en"
                  id="label_ExcAlternativeTreatmentForSectionExposuresHypercube">Excluded Alternative Treatment For Section Exposures (Hypercube)</link:label>
      <link:labelArc xlink:type="arc" xlink:arcrole="http://www.xbrl.org/2003/arcrole/concept-label"
                     xlink:from="ExcAlternativeTreatmentForSectionExposuresHypercube"
                     xlink:to="label_ExcAlternativeTreatmentForSectionExposuresHypercube"
                     xlink:title="label: ExcAlternativeTreatmentForSectionExposuresHypercube to label_ExcAlternativeTreatmentForSectionExposuresHypercube"/>
      <link:loc xlink:type="locator"
                xlink:href="t-ci-2006-07-01.xsd#t-ci_ExcExposuresFromFreeDeliveriesForSectionExposuresHypercube"
                xlink:label="ExcExposuresFromFreeDeliveriesForSectionExposuresHypercube"
                xlink:title="ExcExposuresFromFreeDeliveriesForSectionExposuresHypercube"/>
      <link:label xlink:type="resource"
                  xlink:label="label_ExcExposuresFromFreeDeliveriesForSectionExposuresHypercube"
                  xlink:role="http://www.xbrl.org/2003/role/label"
                  xlink:title="label_ExcExposuresFromFreeDeliveriesForSectionExposuresHypercube"
                  xml:lang="en"
                  id="label_ExcExposuresFromFreeDeliveriesForSectionExposuresHypercube">Excluded Exposures From Free Deliveries For Section Exposures  (Hypercube)</link:label>
      <link:labelArc xlink:type="arc" xlink:arcrole="http://www.xbrl.org/2003/arcrole/concept-label"
                     xlink:from="ExcExposuresFromFreeDeliveriesForSectionExposuresHypercube"
                     xlink:to="label_ExcExposuresFromFreeDeliveriesForSectionExposuresHypercube"
                     xlink:title="label: ExcExposuresFromFreeDeliveriesForSectionExposuresHypercube to label_ExcExposuresFromFreeDeliveriesForSectionExposuresHypercube"/>
      <link:loc xlink:type="locator"
                xlink:href="t-ci-2006-07-01.xsd#t-ci_ExcDilutionRiskForSectionExposuresHypercube"
                xlink:label="ExcDilutionRiskForSectionExposuresHypercube"
                xlink:title="ExcDilutionRiskForSectionExposuresHypercube"/>
      <link:label xlink:type="resource"
                  xlink:label="label_ExcDilutionRiskForSectionExposuresHypercube"
                  xlink:role="http://www.xbrl.org/2003/role/label"
                  xlink:title="label_ExcDilutionRiskForSectionExposuresHypercube"
                  xml:lang="en"
                  id="label_ExcDilutionRiskForSectionExposuresHypercube">Excluded Dilution Risk For Section Exposures (Hypercube)</link:label>
      <link:labelArc xlink:type="arc" xlink:arcrole="http://www.xbrl.org/2003/arcrole/concept-label"
                     xlink:from="ExcDilutionRiskForSectionExposuresHypercube"
                     xlink:to="label_ExcDilutionRiskForSectionExposuresHypercube"
                     xlink:title="label: ExcDilutionRiskForSectionExposuresHypercube to label_ExcDilutionRiskForSectionExposuresHypercube"/>
      <link:loc xlink:type="locator"
                xlink:href="t-ci-2006-07-01.xsd#t-ci_SectionExposureTypesHypercube"
                xlink:label="SectionExposureTypesHypercube"
                xlink:title="SectionExposureTypesHypercube"/>
      <link:label xlink:type="resource" xlink:label="label_SectionExposureTypesHypercube"
                  xlink:role="http://www.xbrl.org/2003/role/label"
                  xlink:title="label_SectionExposureTypesHypercube"
                  xml:lang="en"
                  id="label_SectionExposureTypesHypercube">Section Exposure Types (Hypercube)</link:label>
      <link:labelArc xlink:type="arc" xlink:arcrole="http://www.xbrl.org/2003/arcrole/concept-label"
                     xlink:from="SectionExposureTypesHypercube"
                     xlink:to="label_SectionExposureTypesHypercube"
                     xlink:title="label: SectionExposureTypesHypercube to label_SectionExposureTypesHypercube"/>
      <link:loc xlink:type="locator"
                xlink:href="t-ci-2006-07-01.xsd#t-ci_ExcBalanceSheetForSectionExposureTypesHypercube"
                xlink:label="ExcBalanceSheetForSectionExposureTypesHypercube"
                xlink:title="ExcBalanceSheetForSectionExposureTypesHypercube"/>
      <link:label xlink:type="resource"
                  xlink:label="label_ExcBalanceSheetForSectionExposureTypesHypercube"
                  xlink:role="http://www.xbrl.org/2003/role/label"
                  xlink:title="label_ExcBalanceSheetForSectionExposureTypesHypercube"
                  xml:lang="en"
                  id="label_ExcBalanceSheetForSectionExposureTypesHypercube">Excluded Balance Sheet For Section Exposure Types (Hypercube)</link:label>
      <link:labelArc xlink:type="arc" xlink:arcrole="http://www.xbrl.org/2003/arcrole/concept-label"
                     xlink:from="ExcBalanceSheetForSectionExposureTypesHypercube"
                     xlink:to="label_ExcBalanceSheetForSectionExposureTypesHypercube"
                     xlink:title="label: ExcBalanceSheetForSectionExposureTypesHypercube to label_ExcBalanceSheetForSectionExposureTypesHypercube"/>
      <link:loc xlink:type="locator"
                xlink:href="t-ci-2006-07-01.xsd#t-ci_SectionObligroGradeHypercube"
                xlink:label="SectionObligroGradeHypercube"
                xlink:title="SectionObligroGradeHypercube"/>
      <link:label xlink:type="resource" xlink:label="label_SectionObligroGradeHypercube"
                  xlink:role="http://www.xbrl.org/2003/role/label"
                  xlink:title="label_SectionObligroGradeHypercube"
                  xml:lang="en"
                  id="label_SectionObligroGradeHypercube">Section Obligor Grade (Hypercube)</link:label>
      <link:labelArc xlink:type="arc" xlink:arcrole="http://www.xbrl.org/2003/arcrole/concept-label"
                     xlink:from="SectionObligroGradeHypercube"
                     xlink:to="label_SectionObligroGradeHypercube"
                     xlink:title="label: SectionObligroGradeHypercube to label_SectionObligroGradeHypercube"/>
      <link:loc xlink:type="locator"
                xlink:href="t-ci-2006-07-01.xsd#t-ci_SectionRiskWeightHypercube"
                xlink:label="SectionRiskWeightHypercube"
                xlink:title="SectionRiskWeightHypercube"/>
      <link:label xlink:type="resource" xlink:label="label_SectionRiskWeightHypercube"
                  xlink:role="http://www.xbrl.org/2003/role/label"
                  xlink:title="label_SectionRiskWeightHypercube"
                  xml:lang="en"
                  id="label_SectionRiskWeightHypercube">Section Risk Weight (Hypercube)</link:label>
      <link:labelArc xlink:type="arc" xlink:arcrole="http://www.xbrl.org/2003/arcrole/concept-label"
                     xlink:from="SectionRiskWeightHypercube"
                     xlink:to="label_SectionRiskWeightHypercube"
                     xlink:title="label: SectionRiskWeightHypercube to label_SectionRiskWeightHypercube"/>
      <link:loc xlink:type="locator"
                xlink:href="t-ci-2006-07-01.xsd#t-ci_ExcExposureClassesHypercube"
                xlink:label="ExcExposureClassesHypercube"
                xlink:title="ExcExposureClassesHypercube"/>
      <link:label xlink:type="resource" xlink:label="label_ExcExposureClassesHypercube"
                  xlink:role="http://www.xbrl.org/2003/role/label"
                  xlink:title="label_ExcExposureClassesHypercube"
                  xml:lang="en"
                  id="label_ExcExposureClassesHypercube">Excluded Exposure Classes (Hypercube)</link:label>
      <link:labelArc xlink:type="arc" xlink:arcrole="http://www.xbrl.org/2003/arcrole/concept-label"
                     xlink:from="ExcExposureClassesHypercube"
                     xlink:to="label_ExcExposureClassesHypercube"
                     xlink:title="label: ExcExposureClassesHypercube to label_ExcExposureClassesHypercube"/>
      <link:loc xlink:type="locator"
                xlink:href="t-ci-2006-07-01.xsd#t-ci_ExcSlottingCriteriaForSectionExposuresHypercube"
                xlink:label="ExcSlottingCriteriaForSectionExposuresHypercube"
                xlink:title="ExcSlottingCriteriaForSectionExposuresHypercube"/>
      <link:label xlink:type="resource"
                  xlink:label="label_ExcSlottingCriteriaForSectionExposuresHypercube"
                  xlink:role="http://www.xbrl.org/2003/role/label"
                  xlink:title="label_ExcSlottingCriteriaForSectionExposuresHypercube"
                  xml:lang="en"
                  id="label_ExcSlottingCriteriaForSectionExposuresHypercube">Excluded Slotting Criteria For Section Exposures (Hypercube)</link:label>
      <link:labelArc xlink:type="arc" xlink:arcrole="http://www.xbrl.org/2003/arcrole/concept-label"
                     xlink:from="ExcSlottingCriteriaForSectionExposuresHypercube"
                     xlink:to="label_ExcSlottingCriteriaForSectionExposuresHypercube"
                     xlink:title="label: ExcSlottingCriteriaForSectionExposuresHypercube to label_ExcSlottingCriteriaForSectionExposuresHypercube"/>
      <link:loc xlink:type="locator"
                xlink:href="t-ci-2006-07-01.xsd#t-ci_ExcOwnEstimatesNoForSectionExposuresHypercube"
                xlink:label="ExcOwnEstimatesNoForSectionExposuresHypercube"
                xlink:title="ExcOwnEstimatesNoForSectionExposuresHypercube"/>
      <link:label xlink:type="resource"
                  xlink:label="label_ExcOwnEstimatesNoForSectionExposuresHypercube"
                  xlink:role="http://www.xbrl.org/2003/role/label"
                  xlink:title="label_ExcOwnEstimatesNoForSectionExposuresHypercube"
                  xml:lang="en"
                  id="label_ExcOwnEstimatesNoForSectionExposuresHypercube">Excluded Own Estimates No For Section Exposures (Hypercube)</link:label>
      <link:labelArc xlink:type="arc" xlink:arcrole="http://www.xbrl.org/2003/arcrole/concept-label"
                     xlink:from="ExcOwnEstimatesNoForSectionExposuresHypercube"
                     xlink:to="label_ExcOwnEstimatesNoForSectionExposuresHypercube"
                     xlink:title="label: ExcOwnEstimatesNoForSectionExposuresHypercube to label_ExcOwnEstimatesNoForSectionExposuresHypercube"/>
      <link:loc xlink:type="locator"
                xlink:href="t-ci-2006-07-01.xsd#t-ci_ExcOwnEstimatesNoForSectionExposureTypesHypercube"
                xlink:label="ExcOwnEstimatesNoForSectionExposureTypesHypercube"
                xlink:title="ExcOwnEstimatesNoForSectionExposureTypesHypercube"/>
      <link:label xlink:type="resource"
                  xlink:label="label_ExcOwnEstimatesNoForSectionExposureTypesHypercube"
                  xlink:role="http://www.xbrl.org/2003/role/label"
                  xlink:title="label_ExcOwnEstimatesNoForSectionExposureTypesHypercube"
                  xml:lang="en"
                  id="label_ExcOwnEstimatesNoForSectionExposureTypesHypercube">Excluded Own Estimates No For Section Exposure Types (Hypercube)</link:label>
      <link:labelArc xlink:type="arc" xlink:arcrole="http://www.xbrl.org/2003/arcrole/concept-label"
                     xlink:from="ExcOwnEstimatesNoForSectionExposureTypesHypercube"
                     xlink:to="label_ExcOwnEstimatesNoForSectionExposureTypesHypercube"
                     xlink:title="label: ExcOwnEstimatesNoForSectionExposureTypesHypercube to label_ExcOwnEstimatesNoForSectionExposureTypesHypercube"/>
  </link:labelLink>
  <link:labelLink xlink:type="extended" xlink:role="http://www.c-ebs.org/2006/corep/eu/ci">
      <link:loc xlink:type="locator"
                xlink:href="d-cr-2006-07-01.xsd#d-cr_CreditRiskIRBCreditCounterpartyCreditDelivery"
                xlink:label="CreditRiskIRBCreditCounterpartyCreditDelivery"
                xlink:title="CreditRiskIRBCreditCounterpartyCreditDelivery"/>
      <link:label xlink:type="resource"
                  xlink:label="label_CreditRiskIRBCreditCounterpartyCreditDelivery"
                  xlink:role="http://www.xbrl.org/2003/role/label"
                  xlink:title="label_CreditRiskIRBCreditCounterpartyCreditDelivery"
                  xml:lang="en"
                  id="label_CreditRiskIRBCreditCounterpartyCreditDelivery">Total Exposures</link:label>
      <link:labelArc xlink:type="arc" xlink:arcrole="http://www.xbrl.org/2003/arcrole/concept-label"
                     xlink:from="CreditRiskIRBCreditCounterpartyCreditDelivery"
                     xlink:to="label_CreditRiskIRBCreditCounterpartyCreditDelivery"
                     xlink:title="label: CreditRiskIRBCreditCounterpartyCreditDelivery to label_CreditRiskIRBCreditCounterpartyCreditDelivery"/>
  </link:labelLink>
</link:linkbase>