<?xml version="1.0" encoding="UTF-8"?>
<?taxonomy-version 1.3.1?>
<!--Copyright (C) 2011 EBA - European Banking Authority, Tower 42, 25 Old Broad Street, London, EC2N 1HQ, United Kingdom.-->            
<link:linkbase xmlns:xsi="http://www.w3.org/2001/XMLSchema-instance"
               xmlns:ref-corep="http://www.c-ebs.org/eu/fr/esrs/corep/2005-09-30/ref-corep-2005-09-30"
               xmlns:link="http://www.xbrl.org/2003/linkbase"
               xmlns:ref="http://www.xbrl.org/2004/ref"
               xmlns:xlink="http://www.w3.org/1999/xlink"
               xmlns:xbrli="http://www.xbrl.org/2003/instance"
               xsi:schemaLocation="http://www.xbrl.org/2003/linkbase http://www.xbrl.org/2003/xbrl-linkbase-2003-12-31.xsd http://www.c-ebs.org/eu/fr/esrs/corep/2005-09-30/ref-corep-2005-09-30 ref-corep-2005-09-30.xsd http://www.xbrl.org/2004/ref http://www.xbrl.org/2004/ref-2004-08-10.xsd">
  <link:roleRef roleURI="http://www.c-ebs.org/2006/corep/eu/ci" xlink:type="simple"
                 xlink:href="p-ci-2006-07-01.xsd#rt_ci"/>
  <link:referenceLink xlink:type="extended" xlink:role="http://www.c-ebs.org/2006/corep/eu/ci">
      <link:loc xlink:type="locator"
                xlink:href="d-ec-2006-07-01.xsd#d-ec_TotalIRBExposureClass"
                xlink:label="TotalIRBExposureClass"
                xlink:title="TotalIRBExposureClass"/>
      <link:reference xlink:type="resource" xlink:label="reference_TotalIRBExposureClass"
                      xlink:role="http://www.xbrl.org/2003/role/reference"
                      xlink:title="reference_TotalIRBExposureClass"
                      id="reference_TotalIRBExposureClass">
         <ref-corep:Comment>The equity exposure class does not apply to this template</ref-corep:Comment>
         <ref-corep:Comment>IRB exposure classes will comprise those cited below plus the "Total". In principle, for Institutions applying only to part of their exposures the SA, the IRB exposure classes' breakdown will apply.</ref-corep:Comment>
      </link:reference>
      <link:referenceArc xlink:type="arc"
                         xlink:arcrole="http://www.xbrl.org/2003/arcrole/concept-reference"
                         xlink:from="TotalIRBExposureClass"
                         xlink:to="reference_TotalIRBExposureClass"
                         xlink:title="reference: TotalIRBExposureClass to reference_TotalIRBExposureClass"/>
      <link:loc xlink:type="locator"
                xlink:href="d-rw-2006-07-01.xsd#d-rw_RiskWeight50PercentOfWhichPastDue"
                xlink:label="RiskWeight50PercentOfWhichPastDue"
                xlink:title="RiskWeight50PercentOfWhichPastDue"/>
      <link:reference xlink:type="resource" xlink:label="reference_RiskWeight50PercentOfWhichPastDue"
                      xlink:role="http://www.xbrl.org/2003/role/reference"
                      xlink:title="reference_RiskWeight50PercentOfWhichPastDue"
                      id="reference_RiskWeight50PercentOfWhichPastDue">
         <ref-corep:Comment>Article 79 paragraph 1.j) of Directive 2000/12.</ref-corep:Comment>
      </link:reference>
      <link:referenceArc xlink:type="arc"
                         xlink:arcrole="http://www.xbrl.org/2003/arcrole/concept-reference"
                         xlink:from="RiskWeight50PercentOfWhichPastDue"
                         xlink:to="reference_RiskWeight50PercentOfWhichPastDue"
                         xlink:title="reference: RiskWeight50PercentOfWhichPastDue to reference_RiskWeight50PercentOfWhichPastDue"/>
      <link:loc xlink:type="locator"
                xlink:href="d-rw-2006-07-01.xsd#d-rw_RiskWeight150PercentOfWhichPastDue"
                xlink:label="RiskWeight150PercentOfWhichPastDue"
                xlink:title="RiskWeight150PercentOfWhichPastDue"/>
      <link:reference xlink:type="resource"
                      xlink:label="reference_RiskWeight150PercentOfWhichPastDue"
                      xlink:role="http://www.xbrl.org/2003/role/reference"
                      xlink:title="reference_RiskWeight150PercentOfWhichPastDue"
                      id="reference_RiskWeight150PercentOfWhichPastDue">
         <ref-corep:Comment>Article 79 paragraph 1.j) of Directive 2000/12.</ref-corep:Comment>
      </link:reference>
      <link:referenceArc xlink:type="arc"
                         xlink:arcrole="http://www.xbrl.org/2003/arcrole/concept-reference"
                         xlink:from="RiskWeight150PercentOfWhichPastDue"
                         xlink:to="reference_RiskWeight150PercentOfWhichPastDue"
                         xlink:title="reference: RiskWeight150PercentOfWhichPastDue to reference_RiskWeight150PercentOfWhichPastDue"/>
      <link:loc xlink:type="locator"
                xlink:href="d-rw-2006-07-01.xsd#d-rw_RiskWeight50PercentOfWhichWithoutCreditAssessment"
                xlink:label="RiskWeight50PercentOfWhichWithoutCreditAssessment"
                xlink:title="RiskWeight50PercentOfWhichWithoutCreditAssessment"/>
      <link:reference xlink:type="resource"
                      xlink:label="reference_RiskWeight50PercentOfWhichWithoutCreditAssessment"
                      xlink:role="http://www.xbrl.org/2003/role/reference"
                      xlink:title="reference_RiskWeight50PercentOfWhichWithoutCreditAssessment"
                      id="reference_RiskWeight50PercentOfWhichWithoutCreditAssessment">
         <ref-corep:Comment>See article 81 for and annex 6 of Directive 2000/12</ref-corep:Comment>
      </link:reference>
      <link:referenceArc xlink:type="arc"
                         xlink:arcrole="http://www.xbrl.org/2003/arcrole/concept-reference"
                         xlink:from="RiskWeight50PercentOfWhichWithoutCreditAssessment"
                         xlink:to="reference_RiskWeight50PercentOfWhichWithoutCreditAssessment"
                         xlink:title="reference: RiskWeight50PercentOfWhichWithoutCreditAssessment to reference_RiskWeight50PercentOfWhichWithoutCreditAssessment"/>
      <link:loc xlink:type="locator"
                xlink:href="d-rw-2006-07-01.xsd#d-rw_RiskWeight100PercentOfWhichWithoutCreditAssessment"
                xlink:label="RiskWeight100PercentOfWhichWithoutCreditAssessment"
                xlink:title="RiskWeight100PercentOfWhichWithoutCreditAssessment"/>
      <link:reference xlink:type="resource"
                      xlink:label="reference_RiskWeight100PercentOfWhichWithoutCreditAssessment"
                      xlink:role="http://www.xbrl.org/2003/role/reference"
                      xlink:title="reference_RiskWeight100PercentOfWhichWithoutCreditAssessment"
                      id="reference_RiskWeight100PercentOfWhichWithoutCreditAssessment">
         <ref-corep:Directive>See article 81 for and annex 6 of Directive 2000/12</ref-corep:Directive>
      </link:reference>
      <link:referenceArc xlink:type="arc"
                         xlink:arcrole="http://www.xbrl.org/2003/arcrole/concept-reference"
                         xlink:from="RiskWeight100PercentOfWhichWithoutCreditAssessment"
                         xlink:to="reference_RiskWeight100PercentOfWhichWithoutCreditAssessment"
                         xlink:title="reference: RiskWeight100PercentOfWhichWithoutCreditAssessment to reference_RiskWeight100PercentOfWhichWithoutCreditAssessment"/>
      <link:loc xlink:type="locator"
                xlink:href="d-rw-2006-07-01.xsd#d-rw_RiskWeight50PercentOfWhichSecuredByCommercialRealEstate"
                xlink:label="RiskWeight50PercentOfWhichSecuredByCommercialRealEstate"
                xlink:title="RiskWeight50PercentOfWhichSecuredByCommercialRealEstate"/>
      <link:reference xlink:type="resource"
                      xlink:label="reference_RiskWeight50PercentOfWhichSecuredByCommercialRealEstate"
                      xlink:role="http://www.xbrl.org/2003/role/reference"
                      xlink:title="reference_RiskWeight50PercentOfWhichSecuredByCommercialRealEstate"
                      id="reference_RiskWeight50PercentOfWhichSecuredByCommercialRealEstate">
         <ref-corep:Comment>Annex 6 Part 1 paragraphs 48-57 of Directive 2000/12</ref-corep:Comment>
      </link:reference>
      <link:referenceArc xlink:type="arc"
                         xlink:arcrole="http://www.xbrl.org/2003/arcrole/concept-reference"
                         xlink:from="RiskWeight50PercentOfWhichSecuredByCommercialRealEstate"
                         xlink:to="reference_RiskWeight50PercentOfWhichSecuredByCommercialRealEstate"
                         xlink:title="reference: RiskWeight50PercentOfWhichSecuredByCommercialRealEstate to reference_RiskWeight50PercentOfWhichSecuredByCommercialRealEstate"/>
      <link:loc xlink:type="locator" xlink:href="d-rw-2006-07-01.xsd#d-rw_OtherRiskWeights"
                xlink:label="OtherRiskWeights"
                xlink:title="OtherRiskWeights"/>
      <link:reference xlink:type="resource" xlink:label="reference_OtherRiskWeights"
                      xlink:role="http://www.xbrl.org/2003/role/reference"
                      xlink:title="reference_OtherRiskWeights"
                      id="reference_OtherRiskWeights">
         <ref-corep:Comment>For reporting those exposures not subject to the risk weights listed in the template, as a result of national discretion. Countries may require a further breakdown of this line.</ref-corep:Comment>
      </link:reference>
      <link:referenceArc xlink:type="arc"
                         xlink:arcrole="http://www.xbrl.org/2003/arcrole/concept-reference"
                         xlink:from="OtherRiskWeights"
                         xlink:to="reference_OtherRiskWeights"
                         xlink:title="reference: OtherRiskWeights to reference_OtherRiskWeights"/>
      <link:loc xlink:type="locator"
                xlink:href="p-cm-cr-2006-07-01.xsd#p-cm-cr_BreakdownFullyAdjustedExposureValueOffBalanceSheetItemsConversionFactors"
                xlink:label="BreakdownFullyAdjustedExposureValueOffBalanceSheetItemsConversionFactors"
                xlink:title="BreakdownFullyAdjustedExposureValueOffBalanceSheetItemsConversionFactors"/>
      <link:reference xlink:type="resource"
                      xlink:label="reference_BreakdownFullyAdjustedExposureValueOffBalanceSheetItemsConversionFactors"
                      xlink:role="http://www.xbrl.org/2003/role/reference"
                      xlink:title="reference_BreakdownFullyAdjustedExposureValueOffBalanceSheetItemsConversionFactors"
                      id="reference_BreakdownFullyAdjustedExposureValueOffBalanceSheetItemsConversionFactors">
         <ref:Article>78</ref:Article>
         <ref:Paragraph>1</ref:Paragraph>
         <ref-corep:Directive>2000/12/EC</ref-corep:Directive>
      </link:reference>
      <link:referenceArc xlink:type="arc"
                         xlink:arcrole="http://www.xbrl.org/2003/arcrole/concept-reference"
                         xlink:from="BreakdownFullyAdjustedExposureValueOffBalanceSheetItemsConversionFactors"
                         xlink:to="reference_BreakdownFullyAdjustedExposureValueOffBalanceSheetItemsConversionFactors"
                         xlink:title="reference: BreakdownFullyAdjustedExposureValueOffBalanceSheetItemsConversionFactors to reference_BreakdownFullyAdjustedExposureValueOffBalanceSheetItemsConversionFactors"/>
      <link:reference xlink:type="resource"
                      xlink:label="reference_BreakdownFullyAdjustedExposureValueOffBalanceSheetItemsConversionFactors_2"
                      xlink:role="http://www.xbrl.org/2003/role/reference"
                      xlink:title="reference_BreakdownFullyAdjustedExposureValueOffBalanceSheetItemsConversionFactors"
                      id="reference_BreakdownFullyAdjustedExposureValueOffBalanceSheetItemsConversionFactors_2">
         <ref:Article>4</ref:Article>
         <ref-corep:Definition>28</ref-corep:Definition>
         <ref-corep:Directive>2000/12/EC</ref-corep:Directive>
         <ref-corep:Comment>See also annex 8 part 3 paragraph 61 of Directive 2000/12</ref-corep:Comment>
      </link:reference>
      <link:referenceArc xlink:type="arc"
                         xlink:arcrole="http://www.xbrl.org/2003/arcrole/concept-reference"
                         xlink:from="BreakdownFullyAdjustedExposureValueOffBalanceSheetItemsConversionFactors"
                         xlink:to="reference_BreakdownFullyAdjustedExposureValueOffBalanceSheetItemsConversionFactors_2"
                         xlink:title="reference: BreakdownFullyAdjustedExposureValueOffBalanceSheetItemsConversionFactors to reference_BreakdownFullyAdjustedExposureValueOffBalanceSheetItemsConversionFactors"/>
      <link:loc xlink:type="locator"
                xlink:href="p-cm-cr-2006-07-01.xsd#p-cm-cr_FullyAdjustedExposureValue"
                xlink:label="FullyAdjustedExposureValue"
                xlink:title="FullyAdjustedExposureValue"/>
      <link:reference xlink:type="resource" xlink:label="reference_FullyAdjustedExposureValue"
                      xlink:role="http://www.xbrl.org/2003/role/reference"
                      xlink:title="reference_FullyAdjustedExposureValue"
                      id="reference_FullyAdjustedExposureValue">
         <ref-corep:Annex>VIII</ref-corep:Annex>
         <ref-corep:Part>3</ref-corep:Part>
         <ref:Paragraph>23, 34, 61</ref:Paragraph>
         <ref-corep:Directive>2000/12/EC</ref-corep:Directive>
      </link:reference>
      <link:referenceArc xlink:type="arc"
                         xlink:arcrole="http://www.xbrl.org/2003/arcrole/concept-reference"
                         xlink:from="FullyAdjustedExposureValue"
                         xlink:to="reference_FullyAdjustedExposureValue"
                         xlink:title="reference: FullyAdjustedExposureValue to reference_FullyAdjustedExposureValue"/>
      <link:loc xlink:type="locator"
                xlink:href="d-ty-2006-07-01.xsd#d-ty_ObligorGradeOrPoolDimension"
                xlink:label="ObligorGradeOrPoolDimension"
                xlink:title="ObligorGradeOrPoolDimension"/>
      <link:reference xlink:type="resource" xlink:label="reference_ObligorGradeOrPoolDimension"
                      xlink:role="http://www.xbrl.org/2003/role/reference"
                      xlink:title="reference_ObligorGradeOrPoolDimension"
                      id="reference_ObligorGradeOrPoolDimension">
         <ref-corep:Comment>For exposures to Corporates, institutions and Central governments and Central Banks see Annex VII part 4 point 7 of Directive 2006/48/EC. For retail exposures see Annex VII part 4 point 14 of Directive 2006/48/EC. Exposures for dilution risk of purchased receivables will not be reported by obligor grades or pools and will be reported in row DILUTION RISK: TOTAL PURCHASED RECEIVABLES. Where the institution uses a large number of grades or pools, a reduced number of grades or pools to be reported may be agreed with the competent authorities. </ref-corep:Comment>
         <ref-corep:Comment>Order from the lower to the higher according to PD assigned to the obligor grade or pool. PD of obligors in default shall be 100%. Exposures subject to the alternative treatment for real estate collateral (only available when not using own estimates for the LGD) will not be assigned according to the PD of the obligor.</ref-corep:Comment>
      </link:reference>
      <link:referenceArc xlink:type="arc"
                         xlink:arcrole="http://www.xbrl.org/2003/arcrole/concept-reference"
                         xlink:from="ObligorGradeOrPoolDimension"
                         xlink:to="reference_ObligorGradeOrPoolDimension"
                         xlink:title="reference: ObligorGradeOrPoolDimension to reference_ObligorGradeOrPoolDimension"/>
      <link:loc xlink:type="locator"
                xlink:href="d-cr-2006-07-01.xsd#d-cr_CreditRiskIRBCreditCounterpartyCreditDeliverySpecializedLendingSlottingCriteria"
                xlink:label="CreditRiskIRBCreditCounterpartyCreditDeliverySpecializedLendingSlottingCriteria"
                xlink:title="CreditRiskIRBCreditCounterpartyCreditDeliverySpecializedLendingSlottingCriteria"/>
      <link:reference xlink:type="resource"
                      xlink:label="reference_CreditRiskIRBCreditCounterpartyCreditDeliverySpecializedLendingSlottingCriteria"
                      xlink:role="http://www.xbrl.org/2003/role/reference"
                      xlink:title="reference_CreditRiskIRBCreditCounterpartyCreditDeliverySpecializedLendingSlottingCriteria"
                      id="reference_CreditRiskIRBCreditCounterpartyCreditDeliverySpecializedLendingSlottingCriteria">
         <ref-corep:Comment>Annex VII part 1 point 6 of Directive 2006/48/EC. This only applies to the corporate exposure class</ref-corep:Comment>
         <ref-corep:Comment>This row will be available for the specialized lending, corporate and total exposure classes</ref-corep:Comment>
      </link:reference>
      <link:referenceArc xlink:type="arc"
                         xlink:arcrole="http://www.xbrl.org/2003/arcrole/concept-reference"
                         xlink:from="CreditRiskIRBCreditCounterpartyCreditDeliverySpecializedLendingSlottingCriteria"
                         xlink:to="reference_CreditRiskIRBCreditCounterpartyCreditDeliverySpecializedLendingSlottingCriteria"
                         xlink:title="reference: CreditRiskIRBCreditCounterpartyCreditDeliverySpecializedLendingSlottingCriteria to reference_CreditRiskIRBCreditCounterpartyCreditDeliverySpecializedLendingSlottingCriteria"/>
      <link:loc xlink:type="locator"
                xlink:href="d-cr-2006-07-01.xsd#d-cr_CreditRiskIRBCreditCounterpartyCreditDeliveryAlternativeTreatmentSecuredRealEstate"
                xlink:label="CreditRiskIRBCreditCounterpartyCreditDeliveryAlternativeTreatmentSecuredRealEstate"
                xlink:title="CreditRiskIRBCreditCounterpartyCreditDeliveryAlternativeTreatmentSecuredRealEstate"/>
      <link:reference xlink:type="resource"
                      xlink:label="reference_CreditRiskIRBCreditCounterpartyCreditDeliveryAlternativeTreatmentSecuredRealEstate"
                      xlink:role="http://www.xbrl.org/2003/role/reference"
                      xlink:title="reference_CreditRiskIRBCreditCounterpartyCreditDeliveryAlternativeTreatmentSecuredRealEstate"
                      id="reference_CreditRiskIRBCreditCounterpartyCreditDeliveryAlternativeTreatmentSecuredRealEstate">
         <ref-corep:Comment>Articles 92 and 93, annex VIII part 3 points 73 to 75 of Directive 2006/48/EC. </ref-corep:Comment>
      </link:reference>
      <link:referenceArc xlink:type="arc"
                         xlink:arcrole="http://www.xbrl.org/2003/arcrole/concept-reference"
                         xlink:from="CreditRiskIRBCreditCounterpartyCreditDeliveryAlternativeTreatmentSecuredRealEstate"
                         xlink:to="reference_CreditRiskIRBCreditCounterpartyCreditDeliveryAlternativeTreatmentSecuredRealEstate"
                         xlink:title="reference: CreditRiskIRBCreditCounterpartyCreditDeliveryAlternativeTreatmentSecuredRealEstate to reference_CreditRiskIRBCreditCounterpartyCreditDeliveryAlternativeTreatmentSecuredRealEstate"/>
      <link:loc xlink:type="locator"
                xlink:href="d-cr-2006-07-01.xsd#d-cr_CreditRiskIRBCreditCounterpartyCreditDeliveryFreeDeliveriesApplyingRiskWeights"
                xlink:label="CreditRiskIRBCreditCounterpartyCreditDeliveryFreeDeliveriesApplyingRiskWeights"
                xlink:title="CreditRiskIRBCreditCounterpartyCreditDeliveryFreeDeliveriesApplyingRiskWeights"/>
      <link:reference xlink:type="resource"
                      xlink:label="reference_CreditRiskIRBCreditCounterpartyCreditDeliveryFreeDeliveriesApplyingRiskWeights"
                      xlink:role="http://www.xbrl.org/2003/role/reference"
                      xlink:title="reference_CreditRiskIRBCreditCounterpartyCreditDeliveryFreeDeliveriesApplyingRiskWeights"
                      id="reference_CreditRiskIRBCreditCounterpartyCreditDeliveryFreeDeliveriesApplyingRiskWeights">
         <ref-corep:Comment>Exposures arising from free deliveries for which the alternative treatment referred to in annex II point 3 of Directive 2006/48/EC, first subparagraph last sentence is used or for which a 100% risk weight is applied according to annex II point 3 last subparagraph of Directive 2006/48/EC. Unrated nth to default credit derivatives under annex VII part 1 point 9 of directive 2006/48/EC and any other exposure subject to risk weights not included in any other row should be reported in this row.</ref-corep:Comment>
      </link:reference>
      <link:referenceArc xlink:type="arc"
                         xlink:arcrole="http://www.xbrl.org/2003/arcrole/concept-reference"
                         xlink:from="CreditRiskIRBCreditCounterpartyCreditDeliveryFreeDeliveriesApplyingRiskWeights"
                         xlink:to="reference_CreditRiskIRBCreditCounterpartyCreditDeliveryFreeDeliveriesApplyingRiskWeights"
                         xlink:title="reference: CreditRiskIRBCreditCounterpartyCreditDeliveryFreeDeliveriesApplyingRiskWeights to reference_CreditRiskIRBCreditCounterpartyCreditDeliveryFreeDeliveriesApplyingRiskWeights"/>
      <link:loc xlink:type="locator"
                xlink:href="d-cr-2006-07-01.xsd#d-cr_CreditRiskIRBCreditCounterpartyCreditDeliveryDilutionRiskTotalPurchasedReceivables"
                xlink:label="CreditRiskIRBCreditCounterpartyCreditDeliveryDilutionRiskTotalPurchasedReceivables"
                xlink:title="CreditRiskIRBCreditCounterpartyCreditDeliveryDilutionRiskTotalPurchasedReceivables"/>
      <link:reference xlink:type="resource"
                      xlink:label="reference_CreditRiskIRBCreditCounterpartyCreditDeliveryDilutionRiskTotalPurchasedReceivables"
                      xlink:role="http://www.xbrl.org/2003/role/reference"
                      xlink:title="reference_CreditRiskIRBCreditCounterpartyCreditDeliveryDilutionRiskTotalPurchasedReceivables"
                      id="reference_CreditRiskIRBCreditCounterpartyCreditDeliveryDilutionRiskTotalPurchasedReceivables">
         <ref-corep:Comment>See article 4 (24) of Directive 2006/48/EC for a definition of dilution risk. For calculation of risk weight for dilution risk see annex VII part 1 point 28 of Directive 2000/12/EC.</ref-corep:Comment>
      </link:reference>
      <link:referenceArc xlink:type="arc"
                         xlink:arcrole="http://www.xbrl.org/2003/arcrole/concept-reference"
                         xlink:from="CreditRiskIRBCreditCounterpartyCreditDeliveryDilutionRiskTotalPurchasedReceivables"
                         xlink:to="reference_CreditRiskIRBCreditCounterpartyCreditDeliveryDilutionRiskTotalPurchasedReceivables"
                         xlink:title="reference: CreditRiskIRBCreditCounterpartyCreditDeliveryDilutionRiskTotalPurchasedReceivables to reference_CreditRiskIRBCreditCounterpartyCreditDeliveryDilutionRiskTotalPurchasedReceivables"/>
      <link:loc xlink:type="locator"
                xlink:href="d-cr-2006-07-01.xsd#d-cr_CreditRiskIRBCreditCounterpartyCreditDeliveryAssignedToObligorGradesPools"
                xlink:label="CreditRiskIRBCreditCounterpartyCreditDeliveryAssignedToObligorGradesPools"
                xlink:title="CreditRiskIRBCreditCounterpartyCreditDeliveryAssignedToObligorGradesPools"/>
      <link:reference xlink:type="resource"
                      xlink:label="reference_CreditRiskIRBCreditCounterpartyCreditDeliveryAssignedToObligorGradesPools"
                      xlink:role="http://www.xbrl.org/2003/role/reference"
                      xlink:title="reference_CreditRiskIRBCreditCounterpartyCreditDeliveryAssignedToObligorGradesPools"
                      id="reference_CreditRiskIRBCreditCounterpartyCreditDeliveryAssignedToObligorGradesPools">
         <ref-corep:Comment>For exposures to Corporates, institutions and Central governments and Central Banks see Annex VII part 4 point 7 of Directive 2006/48/EC. For retail exposures see Annex VII part 4 point 14 of Directive 2006/48/EC. For Exposures arising from purchased receivables see Annex VII part 3 point 6 of Directive 2006/48/EC.  Exposures for dilution risk of purchased receivables will not be reported by obligor grades or pools and will be reported in row DILUTION RISK: TOTAL PURCHASED RECEIVABLES. Where the institution uses a large number of grades or pools, a reduced number of grades or pools to be reported may be agreed with the competent authorities.</ref-corep:Comment>
      </link:reference>
      <link:referenceArc xlink:type="arc"
                         xlink:arcrole="http://www.xbrl.org/2003/arcrole/concept-reference"
                         xlink:from="CreditRiskIRBCreditCounterpartyCreditDeliveryAssignedToObligorGradesPools"
                         xlink:to="reference_CreditRiskIRBCreditCounterpartyCreditDeliveryAssignedToObligorGradesPools"
                         xlink:title="reference: CreditRiskIRBCreditCounterpartyCreditDeliveryAssignedToObligorGradesPools to reference_CreditRiskIRBCreditCounterpartyCreditDeliveryAssignedToObligorGradesPools"/>
  </link:referenceLink>
</link:linkbase>