<?xml version="1.0" encoding="UTF-8"?>
<?taxonomy-version 1.3.1?>
<!--Copyright (C) 2011 EBA - European Banking Authority, Tower 42, 25 Old Broad Street, London, EC2N 1HQ, United Kingdom.-->            
<link:linkbase xmlns:link="http://www.xbrl.org/2003/linkbase"
               xmlns:xbrli="http://www.xbrl.org/2003/instance"
               xmlns:xlink="http://www.w3.org/1999/xlink"
               xmlns:xsi="http://www.w3.org/2001/XMLSchema-instance"
               xsi:schemaLocation="http://www.xbrl.org/2003/linkbase http://www.xbrl.org/2003/xbrl-linkbase-2003-12-31.xsd">
  <link:roleRef roleURI="http://www.c-ebs.org/2006/corep/eu/cs" xlink:type="simple"
                 xlink:href="p-cs-2006-07-01.xsd#rt_cs"/>
  <link:labelLink xlink:type="extended" xlink:role="http://www.xbrl.org/2003/role/link">
      <link:loc xlink:type="locator"
                xlink:href="t-cs-2006-07-01.xsd#t-cs_SectionTotalExposuresHypercube"
                xlink:label="SectionTotalExposuresHypercube"
                xlink:title="SectionTotalExposuresHypercube"/>
      <link:label xlink:type="resource" xlink:label="label_SectionTotalExposuresHypercube"
                  xlink:role="http://www.xbrl.org/2003/role/label"
                  xlink:title="label_SectionTotalExposuresHypercube"
                  xml:lang="en"
                  id="label_SectionTotalExposuresHypercube">Section Total Exposures (Hypercube)</link:label>
      <link:labelArc xlink:type="arc" xlink:arcrole="http://www.xbrl.org/2003/arcrole/concept-label"
                     xlink:from="SectionTotalExposuresHypercube"
                     xlink:to="label_SectionTotalExposuresHypercube"
                     xlink:title="label: SectionTotalExposuresHypercube to label_SectionTotalExposuresHypercube"/>
      <link:loc xlink:type="locator"
                xlink:href="t-cs-2006-07-01.xsd#t-cs_SectionExposureTypesHypercube"
                xlink:label="SectionExposureTypesHypercube"
                xlink:title="SectionExposureTypesHypercube"/>
      <link:label xlink:type="resource" xlink:label="label_SectionExposureTypesHypercube"
                  xlink:role="http://www.xbrl.org/2003/role/label"
                  xlink:title="label_SectionExposureTypesHypercube"
                  xml:lang="en"
                  id="label_SectionExposureTypesHypercube">Section Exposure Types (Hypercube)</link:label>
      <link:labelArc xlink:type="arc" xlink:arcrole="http://www.xbrl.org/2003/arcrole/concept-label"
                     xlink:from="SectionExposureTypesHypercube"
                     xlink:to="label_SectionExposureTypesHypercube"
                     xlink:title="label: SectionExposureTypesHypercube to label_SectionExposureTypesHypercube"/>
      <link:loc xlink:type="locator"
                xlink:href="t-cs-2006-07-01.xsd#t-cs_ExcExposureTypesButOffBalanceSheetItemHypercube"
                xlink:label="ExcExposureTypesButOffBalanceSheetItemHypercube"
                xlink:title="ExcExposureTypesButOffBalanceSheetItemHypercube"/>
      <link:label xlink:type="resource"
                  xlink:label="label_ExcExposureTypesButOffBalanceSheetItemHypercube"
                  xlink:role="http://www.xbrl.org/2003/role/label"
                  xlink:title="label_ExcExposureTypesButOffBalanceSheetItemHypercube"
                  xml:lang="en"
                  id="label_ExcExposureTypesButOffBalanceSheetItemHypercube">Excluded Exposure Types But Off Balance Sheet Item (Hypercube)</link:label>
      <link:labelArc xlink:type="arc" xlink:arcrole="http://www.xbrl.org/2003/arcrole/concept-label"
                     xlink:from="ExcExposureTypesButOffBalanceSheetItemHypercube"
                     xlink:to="label_ExcExposureTypesButOffBalanceSheetItemHypercube"
                     xlink:title="label: ExcExposureTypesButOffBalanceSheetItemHypercube to label_ExcExposureTypesButOffBalanceSheetItemHypercube"/>
      <link:loc xlink:type="locator"
                xlink:href="t-cs-2006-07-01.xsd#t-cs_ExcBalanceSheetItemsHypercube"
                xlink:label="ExcBalanceSheetItemsHypercube"
                xlink:title="ExcBalanceSheetItemsHypercube"/>
      <link:label xlink:type="resource" xlink:label="label_ExcBalanceSheetItemsHypercube"
                  xlink:role="http://www.xbrl.org/2003/role/label"
                  xlink:title="label_ExcBalanceSheetItemsHypercube"
                  xml:lang="en"
                  id="label_ExcBalanceSheetItemsHypercube">Excluded Balance Sheet Items</link:label>
      <link:labelArc xlink:type="arc" xlink:arcrole="http://www.xbrl.org/2003/arcrole/concept-label"
                     xlink:from="ExcBalanceSheetItemsHypercube"
                     xlink:to="label_ExcBalanceSheetItemsHypercube"
                     xlink:title="label: ExcBalanceSheetItemsHypercube to label_ExcBalanceSheetItemsHypercube"/>
      <link:loc xlink:type="locator"
                xlink:href="t-cs-2006-07-01.xsd#t-cs_SectionRiskWeightsHypercube"
                xlink:label="SectionRiskWeightsHypercube"
                xlink:title="SectionRiskWeightsHypercube"/>
      <link:label xlink:type="resource" xlink:label="label_SectionRiskWeightsHypercube"
                  xlink:role="http://www.xbrl.org/2003/role/label"
                  xlink:title="label_SectionRiskWeightsHypercube"
                  xml:lang="en"
                  id="label_SectionRiskWeightsHypercube">Section Risk Weights (Hypercube)</link:label>
      <link:labelArc xlink:type="arc" xlink:arcrole="http://www.xbrl.org/2003/arcrole/concept-label"
                     xlink:from="SectionRiskWeightsHypercube"
                     xlink:to="label_SectionRiskWeightsHypercube"
                     xlink:title="label: SectionRiskWeightsHypercube to label_SectionRiskWeightsHypercube"/>
      <link:loc xlink:type="locator"
                xlink:href="t-cs-2006-07-01.xsd#t-cs_ExcRiskWeightsHypercube"
                xlink:label="ExcRiskWeightsHypercube"
                xlink:title="ExcRiskWeightsHypercube"/>
      <link:label xlink:type="resource" xlink:label="label_ExcRiskWeightsHypercube"
                  xlink:role="http://www.xbrl.org/2003/role/label"
                  xlink:title="label_ExcRiskWeightsHypercube"
                  xml:lang="en"
                  id="label_ExcRiskWeightsHypercube">Excluded Risk Weights (Hypercube)</link:label>
      <link:labelArc xlink:type="arc" xlink:arcrole="http://www.xbrl.org/2003/arcrole/concept-label"
                     xlink:from="ExcRiskWeightsHypercube"
                     xlink:to="label_ExcRiskWeightsHypercube"
                     xlink:title="label: ExcRiskWeightsHypercube to label_ExcRiskWeightsHypercube"/>
  </link:labelLink>
  <link:labelLink xlink:type="extended" xlink:role="http://www.c-ebs.org/2006/corep/eu/cs">
      <link:loc xlink:type="locator"
                xlink:href="d-cr-2006-07-01.xsd#d-cr_CreditRiskSACreditCounterpartyCreditDelivery"
                xlink:label="CreditRiskSACreditCounterpartyCreditDelivery"
                xlink:title="CreditRiskSACreditCounterpartyCreditDelivery"/>
      <link:label xlink:type="resource"
                  xlink:label="label_CreditRiskSACreditCounterpartyCreditDelivery"
                  xlink:role="http://www.xbrl.org/2003/role/label"
                  xlink:title="label_CreditRiskSACreditCounterpartyCreditDelivery"
                  xml:lang="en"
                  id="label_CreditRiskSACreditCounterpartyCreditDelivery_2">Total Exposures</link:label>
      <link:labelArc xlink:type="arc" xlink:arcrole="http://www.xbrl.org/2003/arcrole/concept-label"
                     xlink:from="CreditRiskSACreditCounterpartyCreditDelivery"
                     xlink:to="label_CreditRiskSACreditCounterpartyCreditDelivery"
                     xlink:title="label: CreditRiskSACreditCounterpartyCreditDelivery to label_CreditRiskSACreditCounterpartyCreditDelivery"/>
  </link:labelLink>
</link:linkbase>