<?xml version="1.0" encoding="UTF-8"?>
<?taxonomy-version 1.3.1?>
<!--Copyright (C) 2011 EBA - European Banking Authority, Tower 42, 25 Old Broad Street, London, EC2N 1HQ, United Kingdom.-->            
<link:linkbase xmlns:link="http://www.xbrl.org/2003/linkbase"
               xmlns:xbrli="http://www.xbrl.org/2003/instance"
               xmlns:xlink="http://www.w3.org/1999/xlink"
               xmlns:xsi="http://www.w3.org/2001/XMLSchema-instance"
               xmlns:ref-corep="http://www.c-ebs.org/eu/fr/esrs/corep/2005-09-30/ref-corep-2005-09-30"
               xsi:schemaLocation="http://www.xbrl.org/2003/linkbase http://www.xbrl.org/2003/xbrl-linkbase-2003-12-31.xsd http://www.c-ebs.org/eu/fr/esrs/corep/2005-09-30/ref-corep-2005-09-30 ref-corep-2005-09-30.xsd">
  <link:roleRef roleURI="http://www.c-ebs.org/2006/corep/eu/gd" xlink:type="simple"
                 xlink:href="p-gd-2006-07-01.xsd#rt_gd"/>
  <link:referenceLink xlink:type="extended" xlink:role="http://www.c-ebs.org/2006/corep/eu/gd">
      <link:loc xlink:type="locator"
                xlink:href="d-ty-2006-07-01.xsd#d-ty_ConsolidatedSubgroupsRegulatedEntitiesDimension"
                xlink:label="ConsolidatedSubgroupsRegulatedEntitiesDimension"
                xlink:title="ConsolidatedSubgroupsRegulatedEntitiesDimension"/>
      <link:reference xlink:type="resource"
                      xlink:label="reference_ConsolidatedSubgroupsRegulatedEntitiesDimension"
                      xlink:role="http://www.xbrl.org/2003/role/reference"
                      xlink:title="reference_ConsolidatedSubgroupsRegulatedEntitiesDimension"
                      id="reference_ConsolidatedSubgroupsRegulatedEntitiesDimension">
         <ref-corep:Comment>This template is mainly designed to gather information on the credit and other regulated financial institutions and subconsolidated subgroups which, being within the scope of application of the consolidation (Article 133, paragraphs 1 and 2, and Article 134 of Directive 2000/12/EC), are effectively subject to solvency  requirements on individual or subconsolidated basis. Accordingly, those subsidiaries under article 69 of Directive 2000/12/EC are excluded, although each supervisor may decide to extend the application of this template to any financial institution.  In the case of proportional consolidation of participations the figures related to capital requirements and own funds will reflect the respective proportional amounts.</ref-corep:Comment>
      </link:reference>
      <link:referenceArc xlink:type="arc"
                         xlink:arcrole="http://www.xbrl.org/2003/arcrole/concept-reference"
                         xlink:from="ConsolidatedSubgroupsRegulatedEntitiesDimension"
                         xlink:to="reference_ConsolidatedSubgroupsRegulatedEntitiesDimension"
                         xlink:title="reference: ConsolidatedSubgroupsRegulatedEntitiesDimension to reference_ConsolidatedSubgroupsRegulatedEntitiesDimension"/>
  </link:referenceLink>
</link:linkbase>