<?xml version="1.0" encoding="UTF-8"?>

<?taxonomy-version 1.3.1?>

<!--Copyright (C) 2011 EBA - European Banking Authority, Tower 42, 25 Old Broad Street, London, EC2N 1HQ, United Kingdom.-->
<link:linkbase xmlns:xsi="http://www.w3.org/2001/XMLSchema-instance" xsi:schemaLocation="http://www.xbrl.org/2003/linkbase http://www.xbrl.org/2003/xbrl-linkbase-2003-12-31.xsd" xmlns:t-kri-corep-cs="http://www.c-ebs.org/eu/fr/esrs/corep/2006-07-01/t-kri-corep-cs-2006-07-01" xmlns:link="http://www.xbrl.org/2003/linkbase" xmlns:xlink="http://www.w3.org/1999/xlink" xmlns:xbrli="http://www.xbrl.org/2003/instance">
  <link:roleRef roleURI="http://www.c-ebs.org/2006/corep/eu/cs" xlink:type="simple" xlink:href="p-cs-2006-07-01.xsd#rt_cs"/>
  <link:labelLink xlink:type="extended" xlink:role="http://www.xbrl.org/2003/role/link">
    <link:loc xlink:type="locator" xlink:href="t-kri-corep-cs-2006-07-01.xsd#t-kri-corep-cs_SectionTotalExposuresHypercube" xlink:label="SectionTotalExposuresHypercube" xlink:title="SectionTotalExposuresHypercube"/>
    <link:label xlink:type="resource" xlink:label="label_SectionTotalExposuresHypercube" xlink:role="http://www.xbrl.org/2003/role/label" xlink:title="label_SectionTotalExposuresHypercube" xml:lang="en" id="label_SectionTotalExposuresHypercube">Section Total Exposures (Hypercube)</link:label>
    <link:labelArc xlink:type="arc" xlink:arcrole="http://www.xbrl.org/2003/arcrole/concept-label" xlink:from="SectionTotalExposuresHypercube" xlink:to="label_SectionTotalExposuresHypercube" xlink:title="label: SectionTotalExposuresHypercube to label_SectionTotalExposuresHypercube"/>
    <link:loc xlink:type="locator" xlink:href="t-kri-corep-cs-2006-07-01.xsd#t-kri-corep-cs_SectionExposureTypeHypercube" xlink:label="SectionExposureTypesHypercube" xlink:title="SectionExposureTypesHypercube"/>
    <link:label xlink:type="resource" xlink:label="label_SectionExposureTypesHypercube" xlink:role="http://www.xbrl.org/2003/role/label" xlink:title="label_SectionExposureTypesHypercube" xml:lang="en" id="label_SectionExposureTypesHypercube">Section Exposure Types (Hypercube)</link:label>
    <link:labelArc xlink:type="arc" xlink:arcrole="http://www.xbrl.org/2003/arcrole/concept-label" xlink:from="SectionExposureTypesHypercube" xlink:to="label_SectionExposureTypesHypercube" xlink:title="label: SectionExposureTypesHypercube to label_SectionExposureTypesHypercube"/>
    <link:loc xlink:type="locator" xlink:href="t-kri-corep-cs-2006-07-01.xsd#t-kri-corep-cs_SectionRiskWeightsHypercube" xlink:label="SectionRiskWeightsHypercube" xlink:title="SectionRiskWeightsHypercube"/>
    <link:label xlink:type="resource" xlink:label="label_SectionRiskWeightsHypercube" xlink:role="http://www.xbrl.org/2003/role/label" xlink:title="label_SectionRiskWeightsHypercube" xml:lang="en" id="label_SectionRiskWeightsHypercube">Section Risk Weights (Hypercube)</link:label>
    <link:labelArc xlink:type="arc" xlink:arcrole="http://www.xbrl.org/2003/arcrole/concept-label" xlink:from="SectionRiskWeightsHypercube" xlink:to="label_SectionRiskWeightsHypercube" xlink:title="label: SectionRiskWeightsHypercube to label_SectionRiskWeightsHypercube"/>
    <link:loc xlink:type="locator" xlink:href="t-kri-corep-cs-2006-07-01.xsd#t-kri-corep-cs_ExcExposureClassesTotalExposuresHypercube" xlink:label="SectionTotalExposuresRiskWeightedExposureAmountHypercube" xlink:title="SectionTotalExposuresRiskWeightedExposureAmountHypercube"/>
    <link:label xlink:type="resource" xlink:label="label_SectionTotalExposuresRiskWeightedExposureAmountHypercube" xlink:role="http://www.xbrl.org/2003/role/label" xlink:title="label_SectionTotalExposuresRiskWeightedExposureAmountHypercube" xml:lang="en" id="label_SectionTotalExposuresRiskWeightedExposureAmountHypercube">Excluded Exposure Classes Total Exposures (Hypercube)</link:label>
    <link:labelArc xlink:type="arc" xlink:arcrole="http://www.xbrl.org/2003/arcrole/concept-label" xlink:from="SectionTotalExposuresRiskWeightedExposureAmountHypercube" xlink:to="label_SectionTotalExposuresRiskWeightedExposureAmountHypercube" xlink:title="label: SectionTotalExposuresRiskWeightedExposureAmountHypercube to label_SectionTotalExposuresRiskWeightedExposureAmountHypercube"/>
    <link:loc xlink:type="locator" xlink:href="t-kri-corep-cs-2006-07-01.xsd#t-kri-corep-cs_ExcExposureClassesExposureTypesHypercube" xlink:label="SectionExposureTypeExposureNetsHypercube" xlink:title="SectionExposureTypeExposureNetsHypercube"/>
    <link:label xlink:type="resource" xlink:label="label_SectionExposureTypeExposureNetsHypercube" xlink:role="http://www.xbrl.org/2003/role/label" xlink:title="label_SectionExposureTypeExposureNetsHypercube" xml:lang="en" id="label_SectionExposureTypeExposureNetsHypercube">Excluded Exposure Classes Exposure Types (Hypercube)</link:label>
    <link:labelArc xlink:type="arc" xlink:arcrole="http://www.xbrl.org/2003/arcrole/concept-label" xlink:from="SectionExposureTypeExposureNetsHypercube" xlink:to="label_SectionExposureTypeExposureNetsHypercube" xlink:title="label: SectionExposureTypeExposureNetsHypercube to label_SectionExposureTypeExposureNetsHypercube"/>
    <link:loc xlink:type="locator" xlink:href="t-kri-corep-cs-2006-07-01.xsd#t-kri-corep-cs_ExcExposureTypesExposureTypesHypercube" xlink:label="SectionExposureTypeRiskWeightedHypercube" xlink:title="SectionExposureTypeRiskWeightedHypercube"/>
    <link:label xlink:type="resource" xlink:label="label_SectionExposureTypeRiskWeightedHypercube" xlink:role="http://www.xbrl.org/2003/role/label" xlink:title="label_SectionExposureTypeRiskWeightedHypercube" xml:lang="en" id="label_SectionExposureTypeRiskWeightedHypercube">Excluded Exposure Types Exposure Types (Hypercube)</link:label>
    <link:labelArc xlink:type="arc" xlink:arcrole="http://www.xbrl.org/2003/arcrole/concept-label" xlink:from="SectionExposureTypeRiskWeightedHypercube" xlink:to="label_SectionExposureTypeRiskWeightedHypercube" xlink:title="label: SectionExposureTypeRiskWeightedHypercube to label_SectionExposureTypeRiskWeightedHypercube"/>
    <link:loc xlink:type="locator" xlink:href="t-kri-corep-cs-2006-07-01.xsd#t-kri-corep-cs_DataSourceType" xlink:label="DataSourceType" xlink:title="DataSourceType"/>
    <link:label xlink:type="resource" xlink:label="label_DataSourceType" xlink:role="http://www.xbrl.org/2003/role/label" xlink:title="label_DataSourceType" xml:lang="en" id="label_DataSourceType">Data Source Type</link:label>
    <link:labelArc xlink:type="arc" xlink:arcrole="http://www.xbrl.org/2003/arcrole/concept-label" xlink:from="DataSourceType" xlink:to="label_DataSourceType" xlink:title="label: DataSourceType to label_DataSourceType"/>
    <link:loc xlink:type="locator" xlink:href="t-kri-corep-cs-2006-07-01.xsd#t-kri-corep-cs_DataQualityComment" xlink:label="DataQualityComment" xlink:title="DataQualityComment"/>
    <link:label xlink:type="resource" xlink:label="label_DataQualityComment" xlink:role="http://www.xbrl.org/2003/role/label" xlink:title="label_DataQualityComment" xml:lang="en" id="label_DataQualityComment">Data Quality Comment</link:label>
    <link:labelArc xlink:type="arc" xlink:arcrole="http://www.xbrl.org/2003/arcrole/concept-label" xlink:from="DataQualityComment" xlink:to="label_DataQualityComment" xlink:title="label: DataQualityComment to label_DataQualityComment"/>
  </link:labelLink>
  <link:labelLink xlink:type="extended" xlink:role="http://www.c-ebs.org/2006/corep/eu/cs">
    <link:loc xlink:type="locator" xlink:href="d-cr-2006-07-01.xsd#d-cr_CreditRiskSACreditCounterpartyCreditDelivery" xlink:label="CreditRiskSACreditCounterpartyCreditDelivery" xlink:title="CreditRiskSACreditCounterpartyCreditDelivery"/>
    <link:label xlink:type="resource" xlink:label="label_CreditRiskSACreditCounterpartyCreditDelivery" xlink:role="http://www.xbrl.org/2003/role/label" xlink:title="label_CreditRiskSACreditCounterpartyCreditDelivery" xml:lang="en" id="label_CreditRiskSACreditCounterpartyCreditDelivery_2">Total Exposures</link:label>
    <link:labelArc xlink:type="arc" xlink:arcrole="http://www.xbrl.org/2003/arcrole/concept-label" xlink:from="CreditRiskSACreditCounterpartyCreditDelivery" xlink:to="label_CreditRiskSACreditCounterpartyCreditDelivery" xlink:title="label: CreditRiskSACreditCounterpartyCreditDelivery to label_CreditRiskSACreditCounterpartyCreditDelivery"/>
  </link:labelLink>
</link:linkbase>
