<?xml version="1.0" encoding="UTF-8"?>

<?taxonomy-version 1.3.1?>

<!--Copyright (C) 2011 EBA - European Banking Authority, Tower 42, 25 Old Broad Street, London, EC2N 1HQ, United Kingdom.-->
<link:linkbase xmlns:xsi="http://www.w3.org/2001/XMLSchema-instance" xsi:schemaLocation="http://www.xbrl.org/2003/linkbase http://www.xbrl.org/2003/xbrl-linkbase-2003-12-31.xsd" xmlns:t-kri-corep-ci="http://www.c-ebs.org/eu/fr/esrs/corep/2006-07-01/t-kri-corep-ci-2006-07-01" xmlns:link="http://www.xbrl.org/2003/linkbase" xmlns:xbrli="http://www.xbrl.org/2003/instance" xmlns:xlink="http://www.w3.org/1999/xlink">
  <link:roleRef roleURI="http://www.c-ebs.org/2006/corep/eu/ci" xlink:type="simple" xlink:href="p-ci-2006-07-01.xsd#rt_ci"/>
  <link:labelLink xlink:type="extended" xlink:role="http://www.xbrl.org/2003/role/link">
    <link:loc xlink:type="locator" xlink:href="t-kri-corep-ci-2006-07-01.xsd#t-kri-corep-ci_ExcExposureClassesTotalExposuresHypercube" xlink:label="ExcTotalExposuresHypercube" xlink:title="ExcTotalExposuresHypercube"/>
    <link:label xlink:type="resource" xlink:label="label_ExcTotalExposuresHypercube" xlink:role="http://www.xbrl.org/2003/role/label" xlink:title="label_ExcTotalExposuresHypercube" xml:lang="en" id="label_ExcTotalExposuresHypercube">Excluded Exposure Classes Total Exposures (Hypercube)</link:label>
    <link:labelArc xlink:type="arc" xlink:arcrole="http://www.xbrl.org/2003/arcrole/concept-label" xlink:from="ExcTotalExposuresHypercube" xlink:to="label_ExcTotalExposuresHypercube" xlink:title="label: ExcTotalExposuresHypercube to label_ExcTotalExposuresHypercube"/>
    <link:loc xlink:type="locator" xlink:href="t-kri-corep-ci-2006-07-01.xsd#t-kri-corep-ci_SectionExposureTypesHypercube" xlink:label="SectionExposureTypesHypercube" xlink:title="SectionExposureTypesHypercube"/>
    <link:label xlink:type="resource" xlink:label="label_SectionExposureTypesHypercube" xlink:role="http://www.xbrl.org/2003/role/label" xlink:title="label_SectionExposureTypesHypercube" xml:lang="en" id="label_SectionExposureTypesHypercube">Section Exposure Types (Hypercube)</link:label>
    <link:labelArc xlink:type="arc" xlink:arcrole="http://www.xbrl.org/2003/arcrole/concept-label" xlink:from="SectionExposureTypesHypercube" xlink:to="label_SectionExposureTypesHypercube" xlink:title="label: SectionExposureTypesHypercube to label_SectionExposureTypesHypercube"/>
    <link:loc xlink:type="locator" xlink:href="t-kri-corep-ci-2006-07-01.xsd#t-kri-corep-ci_SectionObligroGradeHypercube" xlink:label="SectionObligroGradeHypercube" xlink:title="SectionObligroGradeHypercube"/>
    <link:label xlink:type="resource" xlink:label="label_SectionObligroGradeHypercube" xlink:role="http://www.xbrl.org/2003/role/label" xlink:title="label_SectionObligroGradeHypercube" xml:lang="en" id="label_SectionObligroGradeHypercube">Section Obligor Grade (Hypercube)</link:label>
    <link:labelArc xlink:type="arc" xlink:arcrole="http://www.xbrl.org/2003/arcrole/concept-label" xlink:from="SectionObligroGradeHypercube" xlink:to="label_SectionObligroGradeHypercube" xlink:title="label: SectionObligroGradeHypercube to label_SectionObligroGradeHypercube"/>
    <link:loc xlink:type="locator" xlink:href="t-kri-corep-ci-2006-07-01.xsd#t-kri-corep-ci_SectionExposuresHypercube" xlink:label="SectionExposures" xlink:title="SectionExposures"/>
    <link:label xlink:type="resource" xlink:label="label_SectionExposures" xlink:role="http://www.xbrl.org/2003/role/label" xlink:title="label_SectionExposures" xml:lang="en" id="label_SectionExposures">Section Exposures (Hypercube)</link:label>
    <link:labelArc xlink:type="arc" xlink:arcrole="http://www.xbrl.org/2003/arcrole/concept-label" xlink:from="SectionExposures" xlink:to="label_SectionExposures" xlink:title="label: SectionExposures to label_SectionExposures"/>
    <link:loc xlink:type="locator" xlink:href="t-kri-corep-ci-2006-07-01.xsd#t-kri-corep-ci_ExcExposureClassesExposureTypeHypercube" xlink:label="IncExposureClassesExposureTypeHypercube" xlink:title="IncExposureClassesExposureTypeHypercube"/>
    <link:label xlink:type="resource" xlink:label="label_IncExposureClassesExposureTypeHypercube" xlink:role="http://www.xbrl.org/2003/role/label" xlink:title="label_IncExposureClassesExposureTypeHypercube" xml:lang="en" id="label_IncExposureClassesExposureTypeHypercube">Excluded Exposure Classes Exposure Types (Hypercube)</link:label>
    <link:labelArc xlink:type="arc" xlink:arcrole="http://www.xbrl.org/2003/arcrole/concept-label" xlink:from="IncExposureClassesExposureTypeHypercube" xlink:to="label_IncExposureClassesExposureTypeHypercube" xlink:title="label: IncExposureClassesExposureTypeHypercube to label_IncExposureClassesExposureTypeHypercube"/>
    <link:loc xlink:type="locator" xlink:href="t-kri-corep-ci-2006-07-01.xsd#t-kri-corep-ci_ExcExposureTypesExposureTypesHypercube" xlink:label="IncExposureTypesExposureTypesHypercube" xlink:title="IncExposureTypesExposureTypesHypercube"/>
    <link:label xlink:type="resource" xlink:label="label_IncExposureTypesExposureTypesHypercube" xlink:role="http://www.xbrl.org/2003/role/label" xlink:title="label_IncExposureTypesExposureTypesHypercube" xml:lang="en" id="label_IncExposureTypesExposureTypesHypercube">Excluded Exposure Types Exposure Types (Hypercube)</link:label>
    <link:labelArc xlink:type="arc" xlink:arcrole="http://www.xbrl.org/2003/arcrole/concept-label" xlink:from="IncExposureTypesExposureTypesHypercube" xlink:to="label_IncExposureTypesExposureTypesHypercube" xlink:title="label: IncExposureTypesExposureTypesHypercube to label_IncExposureTypesExposureTypesHypercube"/>
    <link:loc xlink:type="locator" xlink:href="t-kri-corep-ci-2006-07-01.xsd#t-kri-corep-ci_ExcExposureClassesNotBalanceSheetItemsHypercube" xlink:label="IncExposureClassesOffBalanceSheetItemsHypercube" xlink:title="IncExposureClassesOffBalanceSheetItemsHypercube"/>
    <link:label xlink:type="resource" xlink:label="label_IncExposureClassesOffBalanceSheetItemsHypercube" xlink:role="http://www.xbrl.org/2003/role/label" xlink:title="label_IncExposureClassesOffBalanceSheetItemsHypercube" xml:lang="en" id="label_IncExposureClassesOffBalanceSheetItemsHypercube">Excluded Exposure Classes Not Balance Sheet Items (Hypercube)</link:label>
    <link:labelArc xlink:type="arc" xlink:arcrole="http://www.xbrl.org/2003/arcrole/concept-label" xlink:from="IncExposureClassesOffBalanceSheetItemsHypercube" xlink:to="label_IncExposureClassesOffBalanceSheetItemsHypercube" xlink:title="label: IncExposureClassesOffBalanceSheetItemsHypercube to label_IncExposureClassesOffBalanceSheetItemsHypercube"/>
    <link:loc xlink:type="locator" xlink:href="t-kri-corep-ci-2006-07-01.xsd#t-kri-corep-ci_DataSourceType" xlink:label="DataSourceType" xlink:title="DataSourceType"/>
    <link:label xlink:type="resource" xlink:label="label_DataSourceType" xlink:role="http://www.xbrl.org/2003/role/label" xlink:title="label_DataSourceType" xml:lang="en" id="label_DataSourceType">Data Source Type</link:label>
    <link:labelArc xlink:type="arc" xlink:arcrole="http://www.xbrl.org/2003/arcrole/concept-label" xlink:from="DataSourceType" xlink:to="label_DataSourceType" xlink:title="label: DataSourceType to label_DataSourceType"/>
    <link:loc xlink:type="locator" xlink:href="t-kri-corep-ci-2006-07-01.xsd#t-kri-corep-ci_DataQualityComment" xlink:label="DataQualityComment" xlink:title="DataQualityComment"/>
    <link:label xlink:type="resource" xlink:label="label_DataQualityComment" xlink:role="http://www.xbrl.org/2003/role/label" xlink:title="label_DataQualityComment" xml:lang="en" id="label_DataQualityComment">Data Quality Comment</link:label>
    <link:labelArc xlink:type="arc" xlink:arcrole="http://www.xbrl.org/2003/arcrole/concept-label" xlink:from="DataQualityComment" xlink:to="label_DataQualityComment" xlink:title="label: DataQualityComment to label_DataQualityComment"/>
  </link:labelLink>
  <link:labelLink xlink:type="extended" xlink:role="http://www.c-ebs.org/2006/corep/eu/ci">
    <link:loc xlink:type="locator" xlink:href="d-cr-2006-07-01.xsd#d-cr_CreditRiskIRBCreditCounterpartyCreditDelivery" xlink:label="CreditRiskIRBCreditCounterpartyCreditDelivery" xlink:title="CreditRiskIRBCreditCounterpartyCreditDelivery"/>
    <link:label xlink:type="resource" xlink:label="label_CreditRiskIRBCreditCounterpartyCreditDelivery" xlink:role="http://www.xbrl.org/2003/role/label" xlink:title="label_CreditRiskIRBCreditCounterpartyCreditDelivery" xml:lang="en" id="label_CreditRiskIRBCreditCounterpartyCreditDelivery">Total Exposures</link:label>
    <link:labelArc xlink:type="arc" xlink:arcrole="http://www.xbrl.org/2003/arcrole/concept-label" xlink:from="CreditRiskIRBCreditCounterpartyCreditDelivery" xlink:to="label_CreditRiskIRBCreditCounterpartyCreditDelivery" xlink:title="label: CreditRiskIRBCreditCounterpartyCreditDelivery to label_CreditRiskIRBCreditCounterpartyCreditDelivery"/>
  </link:labelLink>
</link:linkbase>
