<?xml version="1.0" encoding="UTF-8"?>
<?taxonomy-version 1.3.1?>
<!--Copyright (C) 2011 EBA - European Banking Authority, Tower 42, 25 Old Broad Street, London, EC2N 1HQ, United Kingdom.-->            
<link:linkbase xmlns:link="http://www.xbrl.org/2003/linkbase"
               xmlns:xbrli="http://www.xbrl.org/2003/instance"
               xmlns:xlink="http://www.w3.org/1999/xlink"
               xmlns:xsi="http://www.w3.org/2001/XMLSchema-instance"
               xmlns:t-mc="http://www.c-ebs.org/eu/fr/esrs/corep/2006-07-01/t-mc-2006-07-01"
               xsi:schemaLocation="http://www.xbrl.org/2003/linkbase http://www.xbrl.org/2003/xbrl-linkbase-2003-12-31.xsd">
  <link:roleRef roleURI="http://www.c-ebs.org/2006/corep/eu/mc" xlink:type="simple"
                 xlink:href="p-mc-2006-07-01.xsd#rt_mc"/>
  <link:labelLink xlink:type="extended" xlink:role="http://www.xbrl.org/2003/role/link">
      <link:loc xlink:type="locator" xlink:href="t-mc-2006-07-01.xsd#t-mc_SectionMainHypercube"
                xlink:label="AllTotalPositionsHypercube"
                xlink:title="AllTotalPositionsHypercube"/>
      <link:label xlink:type="resource" xlink:label="label_AllTotalPositionsHypercube"
                  xlink:role="http://www.xbrl.org/2003/role/label"
                  xlink:title="label_AllTotalPositionsHypercube"
                  xml:lang="en"
                  id="label_AllTotalPositionsHypercube">Section Main (Hypercube)</link:label>
      <link:labelArc xlink:type="arc" xlink:arcrole="http://www.xbrl.org/2003/arcrole/concept-label"
                     xlink:from="AllTotalPositionsHypercube"
                     xlink:to="label_AllTotalPositionsHypercube"
                     xlink:title="label: AllTotalPositionsHypercube to label_AllTotalPositionsHypercube"/>
      <link:loc xlink:type="locator"
                xlink:href="t-mc-2006-07-01.xsd#t-mc_ExcMaturityZonesHypercube"
                xlink:label="ExcMaturityZonesHypercube"
                xlink:title="ExcMaturityZonesHypercube"/>
      <link:label xlink:type="resource" xlink:label="label_ExcMaturityZonesHypercube"
                  xlink:role="http://www.xbrl.org/2003/role/label"
                  xlink:title="label_ExcMaturityZonesHypercube"
                  xml:lang="en"
                  id="label_ExcMaturityZonesHypercube">Excluded Maturity Zones (Hypercube)</link:label>
      <link:labelArc xlink:type="arc" xlink:arcrole="http://www.xbrl.org/2003/arcrole/concept-label"
                     xlink:from="ExcMaturityZonesHypercube"
                     xlink:to="label_ExcMaturityZonesHypercube"
                     xlink:title="label: ExcMaturityZonesHypercube to label_ExcMaturityZonesHypercube"/>
      <link:loc xlink:type="locator"
                xlink:href="t-mc-2006-07-01.xsd#t-mc_ExcPositionsAndRisksHypercube"
                xlink:label="ExcMatchedUnmatchedPositionsHypercube"
                xlink:title="ExcMatchedUnmatchedPositionsHypercube"/>
      <link:label xlink:type="resource" xlink:label="label_ExcMatchedUnmatchedPositionsHypercube"
                  xlink:role="http://www.xbrl.org/2003/role/label"
                  xlink:title="label_ExcMatchedUnmatchedPositionsHypercube"
                  xml:lang="en"
                  id="label_ExcMatchedUnmatchedPositionsHypercube">Excluded Positions and Risks (Hypercube)</link:label>
      <link:labelArc xlink:type="arc" xlink:arcrole="http://www.xbrl.org/2003/arcrole/concept-label"
                     xlink:from="ExcMatchedUnmatchedPositionsHypercube"
                     xlink:to="label_ExcMatchedUnmatchedPositionsHypercube"
                     xlink:title="label: ExcMatchedUnmatchedPositionsHypercube to label_ExcMatchedUnmatchedPositionsHypercube"/>
  </link:labelLink>
  <link:labelLink xlink:type="extended" xlink:role="http://www.c-ebs.org/2006/corep/eu/mc">
      <link:loc xlink:type="locator"
                xlink:href="p-cm-mr-2006-07-01.xsd#p-cm-mr_NetPositionsSubjectToCapitalCharge"
                xlink:label="NetPositionsSubjectToCapitalCharge"
                xlink:title="NetPositionsSubjectToCapitalCharge"/>
      <link:label xlink:type="resource" xlink:label="label_NetPositionsSubjectToCapitalCharge"
                  xlink:role="http://www.xbrl.org/2003/role/label"
                  xlink:title="label_NetPositionsSubjectToCapitalCharge"
                  xml:lang="en"
                  id="label_NetPositionsSubjectToCapitalCharge">Positins Subject to Capital Charge</link:label>
      <link:labelArc xlink:type="arc" xlink:arcrole="http://www.xbrl.org/2003/arcrole/concept-label"
                     xlink:from="NetPositionsSubjectToCapitalCharge"
                     xlink:to="label_NetPositionsSubjectToCapitalCharge"
                     xlink:title="label: NetPositionsSubjectToCapitalCharge to label_NetPositionsSubjectToCapitalCharge"/>
      <link:loc xlink:type="locator" xlink:href="d-mr-2006-07-01.xsd#d-mr_MRiskSACOMTotal"
                xlink:label="MRiskSACOMTotal"
                xlink:title="MRiskSACOMTotal"/>
      <link:label xlink:type="resource" xlink:label="label_MRiskSACOMTotal"
                  xlink:role="http://www.xbrl.org/2003/role/label"
                  xlink:title="label_MRiskSACOMTotal"
                  xml:lang="en"
                  id="label_MRiskSACOMTotal">Total Positions in Commodities</link:label>
      <link:labelArc xlink:type="arc" xlink:arcrole="http://www.xbrl.org/2003/arcrole/concept-label"
                     xlink:from="MRiskSACOMTotal"
                     xlink:to="label_MRiskSACOMTotal"
                     xlink:title="label: MRiskSACOMTotal to label_MRiskSACOMTotal"/>
      <link:loc xlink:type="locator" xlink:href="d-ty-2006-07-01.xsd#d-ty_CommodityDimension"
                xlink:label="CommodityDimension"
                xlink:title="CommodityDimension"/>
      <link:label xlink:type="resource" xlink:label="label_CommodityDimension"
                  xlink:role="http://www.xbrl.org/2003/role/documentation"
                  xlink:title="label_CommodityDimension"
                  xml:lang="en"
                  id="label_CommodityDimension">Detailed layer</link:label>
      <link:labelArc xlink:type="arc" xlink:arcrole="http://www.xbrl.org/2003/arcrole/concept-label"
                     xlink:from="CommodityDimension"
                     xlink:to="label_CommodityDimension"
                     xlink:title="label: CommodityDimension to label_CommodityDimension"/>
  </link:labelLink>
</link:linkbase>