<?xml version="1.0" encoding="UTF-8"?>
<?taxonomy-version 1.3.1?>
<!--Copyright (C) 2011 EBA - European Banking Authority, Tower 42, 25 Old Broad Street, London, EC2N 1HQ, United Kingdom.-->            
<link:linkbase xmlns:link="http://www.xbrl.org/2003/linkbase"
               xmlns:xbrli="http://www.xbrl.org/2003/instance"
               xmlns:xlink="http://www.w3.org/1999/xlink"
               xmlns:xsi="http://www.w3.org/2001/XMLSchema-instance"
               xmlns:ref-corep="http://www.c-ebs.org/eu/fr/esrs/corep/2005-09-30/ref-corep-2005-09-30"
               xmlns:ref="http://www.xbrl.org/2004/ref"
               xsi:schemaLocation="http://www.xbrl.org/2003/linkbase http://www.xbrl.org/2003/xbrl-linkbase-2003-12-31.xsd http://www.c-ebs.org/eu/fr/esrs/corep/2005-09-30/ref-corep-2005-09-30 ref-corep-2005-09-30.xsd http://www.xbrl.org/2004/ref http://www.xbrl.org/2004/ref-2004-08-10.xsd">
  <link:roleRef roleURI="http://www.c-ebs.org/2006/corep/eu/mc" xlink:type="simple"
                 xlink:href="p-mc-2006-07-01.xsd#rt_mc"/>
  <link:referenceLink xlink:type="extended" xlink:role="http://www.c-ebs.org/2006/corep/eu/mc">
      <link:loc xlink:type="locator" xlink:href="d-mr-2006-07-01.xsd#d-mr_MRiskSACOMTotal"
                xlink:label="MRiskSACOMTotal"
                xlink:title="MRiskSACOMTotal"/>
      <link:reference xlink:type="resource" xlink:label="reference_MRiskSACOMTotal"
                      xlink:role="http://www.xbrl.org/2003/role/reference"
                      xlink:title="reference_MRiskSACOMTotal"
                      id="reference_MRiskSACOMTotal">
         <ref-corep:Comment>Positions in commodities and their correspondent capital requirements for market risk according to article 18, point 1 (b) of Directive 2006/49/EC and annex IV of Directive 2006/49/EC, and article 75 (c) of Directive 2006/48/EC.</ref-corep:Comment>
      </link:reference>
      <link:referenceArc xlink:type="arc"
                         xlink:arcrole="http://www.xbrl.org/2003/arcrole/concept-reference"
                         xlink:from="MRiskSACOMTotal"
                         xlink:to="reference_MRiskSACOMTotal"
                         xlink:title="reference: MRiskSACOMTotal to reference_MRiskSACOMTotal"/>
      <link:loc xlink:type="locator" xlink:href="p-cm-mr-2006-07-01.xsd#p-cm-mr_Positions"
                xlink:label="Positions"
                xlink:title="Positions"/>
      <link:reference xlink:type="resource" xlink:label="reference_Positions"
                      xlink:role="http://www.xbrl.org/2003/role/reference"
                      xlink:title="reference_Positions"
                      id="reference_Positions">
         <ref-corep:Directive>93/6/EEC</ref-corep:Directive>
         <ref-corep:Annex>IV</ref-corep:Annex>
         <ref:Paragraph/>
         <ref-corep:Comment>Those net positions that, according to the different appraches considered in Annex IV of Directive 93/6/EEC, receive a capital charge</ref-corep:Comment>
      </link:reference>
      <link:referenceArc xlink:type="arc"
                         xlink:arcrole="http://www.xbrl.org/2003/arcrole/concept-reference"
                         xlink:from="Positions"
                         xlink:to="reference_Positions"
                         xlink:title="reference: Positions to reference_Positions"/>
      <link:loc xlink:type="locator"
                xlink:href="p-cm-mr-2006-07-01.xsd#p-cm-mr_MemorandumItemsPositions"
                xlink:label="MemorandumItemsPositions"
                xlink:title="MemorandumItemsPositions"/>
      <link:reference xlink:type="resource" xlink:label="reference_MemorandumItemsPositions"
                      xlink:role="http://www.xbrl.org/2003/role/reference"
                      xlink:title="reference_MemorandumItemsPositions"
                      id="reference_MemorandumItemsPositions">
         <ref-corep:Directive>93/6/EEC</ref-corep:Directive>
         <ref-corep:Annex>IV</ref-corep:Annex>
         <ref:Paragraph>3</ref:Paragraph>
      </link:reference>
      <link:referenceArc xlink:type="arc"
                         xlink:arcrole="http://www.xbrl.org/2003/arcrole/concept-reference"
                         xlink:from="MemorandumItemsPositions"
                         xlink:to="reference_MemorandumItemsPositions"
                         xlink:title="reference: MemorandumItemsPositions to reference_MemorandumItemsPositions"/>
      <link:loc xlink:type="locator"
                xlink:href="p-mc-2006-07-01.xsd#p-mc_PositionsSubjectToCapitalCharge"
                xlink:label="PositionsSubjectToCapitalCharge"
                xlink:title="PositionsSubjectToCapitalCharge"/>
      <link:reference xlink:type="resource" xlink:label="reference_PositionsSubjectToCapitalCharge"
                      xlink:role="http://www.xbrl.org/2003/role/reference"
                      xlink:title="reference_PositionsSubjectToCapitalCharge"
                      id="reference_PositionsSubjectToCapitalCharge">
         <ref-corep:Directive>93/6/EEC</ref-corep:Directive>
         <ref-corep:Annex>IV</ref-corep:Annex>
         <ref-corep:Comment>Those net positions that, according to the different appraches considered in Annex IV of Directive 93/6/EEC, receive a capital charge.</ref-corep:Comment>
      </link:reference>
      <link:referenceArc xlink:type="arc"
                         xlink:arcrole="http://www.xbrl.org/2003/arcrole/concept-reference"
                         xlink:from="PositionsSubjectToCapitalCharge"
                         xlink:to="reference_PositionsSubjectToCapitalCharge"
                         xlink:title="reference: PositionsSubjectToCapitalCharge to reference_PositionsSubjectToCapitalCharge"/>
      <link:loc xlink:type="locator" xlink:href="p-cm-mr-2006-07-01.xsd#p-cm-mr_AllPositions"
                xlink:label="AllPositions"
                xlink:title="AllPositions"/>
      <link:reference xlink:type="resource" xlink:label="reference_AllPositions"
                      xlink:role="http://www.xbrl.org/2003/role/reference"
                      xlink:title="reference_AllPositions"
                      id="reference_AllPositions">
         <ref-corep:Comment>Gross long/short positions considered positions in the same commodity according to annex IV points 1 and 7 (see also 13) of Directive 2006/49/EC.</ref-corep:Comment>
      </link:reference>
      <link:referenceArc xlink:type="arc"
                         xlink:arcrole="http://www.xbrl.org/2003/arcrole/concept-reference"
                         xlink:from="AllPositions"
                         xlink:to="reference_AllPositions"
                         xlink:title="reference: AllPositions to reference_AllPositions"/>
      <link:loc xlink:type="locator"
                xlink:href="p-cm-mr-2006-07-01.xsd#p-cm-mr_MemorandumItems"
                xlink:label="MemorandumItems"
                xlink:title="MemorandumItems"/>
      <link:reference xlink:type="resource" xlink:label="reference_MemorandumItems"
                      xlink:role="http://www.xbrl.org/2003/role/reference"
                      xlink:title="reference_MemorandumItems"
                      id="reference_MemorandumItems">
         <ref-corep:Comment>Annex IV point 3 of Directive 2006/49/EC.</ref-corep:Comment>
      </link:reference>
      <link:referenceArc xlink:type="arc"
                         xlink:arcrole="http://www.xbrl.org/2003/arcrole/concept-reference"
                         xlink:from="MemorandumItems"
                         xlink:to="reference_MemorandumItems"
                         xlink:title="reference: MemorandumItems to reference_MemorandumItems"/>
      <link:loc xlink:type="locator"
                xlink:href="p-cm-mr-2006-07-01.xsd#p-cm-mr_NetPositionsSubjectToCapitalCharge"
                xlink:label="NetPositionsSubjectToCapitalCharge"
                xlink:title="NetPositionsSubjectToCapitalCharge"/>
      <link:reference xlink:type="resource"
                      xlink:label="reference_NetPositionsSubjectToCapitalCharge"
                      xlink:role="http://www.xbrl.org/2003/role/reference"
                      xlink:title="reference_NetPositionsSubjectToCapitalCharge"
                      id="reference_NetPositionsSubjectToCapitalCharge">
         <ref-corep:Comment>Those net positions that, according to the different appraches considered in annex IV of Directive 2006/49/EC, receive a capital charge.</ref-corep:Comment>
      </link:reference>
      <link:referenceArc xlink:type="arc"
                         xlink:arcrole="http://www.xbrl.org/2003/arcrole/concept-reference"
                         xlink:from="NetPositionsSubjectToCapitalCharge"
                         xlink:to="reference_NetPositionsSubjectToCapitalCharge"
                         xlink:title="reference: NetPositionsSubjectToCapitalCharge to reference_NetPositionsSubjectToCapitalCharge"/>
      <link:loc xlink:type="locator" xlink:href="d-ty-2006-07-01.xsd#d-ty_CommodityDimension"
                xlink:label="CommodityDimension"
                xlink:title="CommodityDimension"/>
      <link:reference xlink:type="resource" xlink:label="reference_CommodityDimension"
                      xlink:role="http://www.xbrl.org/2003/role/reference"
                      xlink:title="reference_CommodityDimension"
                      id="reference_CommodityDimension">
         <ref-corep:Comment>Annex IV points 17 to 20 of Directive 2006/49/EC. Be aware that capital requirements for general and specific risks shall be calculated in each individual commodity separately. Nevertheless, for reporting purposes supervisors may require that positions in commodities are grouped together or in the four main groups of commodities referred to in Table 2.</ref-corep:Comment>
      </link:reference>
      <link:referenceArc xlink:type="arc"
                         xlink:arcrole="http://www.xbrl.org/2003/arcrole/concept-reference"
                         xlink:from="CommodityDimension"
                         xlink:to="reference_CommodityDimension"
                         xlink:title="reference: CommodityDimension to reference_CommodityDimension"/>
      <link:loc xlink:type="locator"
                xlink:href="p-cm-ca-2006-07-01.xsd#p-cm-ca_MarketRiskCapitalRequirements"
                xlink:label="MarketRiskCapitalRequirements"
                xlink:title="MarketRiskCapitalRequirements"/>
      <link:reference xlink:type="resource" xlink:label="reference_MarketRiskCapitalRequirements"
                      xlink:role="http://www.xbrl.org/2003/role/reference"
                      xlink:title="reference_MarketRiskCapitalRequirements"
                      id="reference_MarketRiskCapitalRequirements">
         <ref-corep:Comment>The capital charge for any relevant position according to annex IV of Directive 2006/49/EC.</ref-corep:Comment>
      </link:reference>
      <link:referenceArc xlink:type="arc"
                         xlink:arcrole="http://www.xbrl.org/2003/arcrole/concept-reference"
                         xlink:from="MarketRiskCapitalRequirements"
                         xlink:to="reference_MarketRiskCapitalRequirements"
                         xlink:title="reference: MarketRiskCapitalRequirements to reference_MarketRiskCapitalRequirements"/>
  </link:referenceLink>
</link:linkbase>