<?xml version="1.0" encoding="UTF-8"?>
<?taxonomy-version 1.3.1?>
<!--Copyright (C) 2011 EBA - European Banking Authority, Tower 42, 25 Old Broad Street, London, EC2N 1HQ, United Kingdom.-->            
<link:linkbase xmlns:link="http://www.xbrl.org/2003/linkbase"
               xmlns:xbrli="http://www.xbrl.org/2003/instance"
               xmlns:xlink="http://www.w3.org/1999/xlink"
               xmlns:xsi="http://www.w3.org/2001/XMLSchema-instance"
               xmlns:t-md="http://www.c-ebs.org/eu/fr/esrs/corep/2006-07-01/t-md-2006-07-01"
               xmlns:xbrldt="http://xbrl.org/2005/xbrldt"
               xsi:schemaLocation="http://www.xbrl.org/2003/linkbase http://www.xbrl.org/2003/xbrl-linkbase-2003-12-31.xsd">
  <link:roleRef roleURI="http://www.c-ebs.org/2006/corep/eu/t-md/SectionMainHypercube"
                 xlink:type="simple"
                 xlink:href="t-md-2006-07-01.xsd#rt_t-md_SectionMainHypercube"/>
  <link:roleRef roleURI="http://www.c-ebs.org/2006/corep/eu/md" xlink:type="simple"
                 xlink:href="p-md-2006-07-01.xsd#rt_md"/>
  <link:arcroleRef arcroleURI="http://xbrl.org/int/dim/arcrole/all" xlink:type="simple"
                    xlink:href="http://www.xbrl.org/2005/xbrldt-2005.xsd#all"/>
  <link:arcroleRef arcroleURI="http://xbrl.org/int/dim/arcrole/hypercube-dimension"
                    xlink:type="simple"
                    xlink:href="http://www.xbrl.org/2005/xbrldt-2005.xsd#hypercube-dimension"/>
  <link:arcroleRef arcroleURI="http://xbrl.org/int/dim/arcrole/domain-member" xlink:type="simple"
                    xlink:href="http://www.xbrl.org/2005/xbrldt-2005.xsd#domain-member"/>
  <link:definitionLink xlink:type="extended"
                        xlink:role="http://www.c-ebs.org/2006/corep/eu/t-md/SectionMainHypercube">
      <link:loc xlink:type="locator" xlink:href="t-md-2006-07-01.xsd#t-md_SectionMainHypercube"
                xlink:label="SectionAllHypercube"
                xlink:title="SectionAllHypercube"/>
      <link:loc xlink:type="locator"
                xlink:href="d-ty-2006-07-01.xsd#d-ty_BasicInformationDimension"
                xlink:label="BasicInformationDimension"
                xlink:title="BasicInformationDimension"/>
      <link:definitionArc xlink:type="arc"
                          xlink:arcrole="http://xbrl.org/int/dim/arcrole/hypercube-dimension"
                          xlink:from="SectionAllHypercube"
                          xlink:to="BasicInformationDimension"
                          xlink:title="definition: SectionAllHypercube to BasicInformationDimension"
                          order="1.0"/>
      <link:loc xlink:type="locator" xlink:href="d-ty-2006-07-01.xsd#d-ty_DayDimension"
                xlink:label="DayDimension"
                xlink:title="DayDimension"/>
      <link:definitionArc xlink:type="arc"
                          xlink:arcrole="http://xbrl.org/int/dim/arcrole/hypercube-dimension"
                          xlink:from="SectionAllHypercube"
                          xlink:to="DayDimension"
                          xlink:title="definition: SectionAllHypercube to DayDimension"
                          order="2.0"/>
  </link:definitionLink>
  <link:definitionLink xlink:type="extended" xlink:role="http://www.c-ebs.org/2006/corep/eu/md">
      <link:loc xlink:type="locator" xlink:href="p-md-2006-07-01.xsd#p-md_MKRIMDetailsDomain"
                xlink:label="MKRIMDetailsDomain"
                xlink:title="MKRIMDetailsDomain"/>
      <link:loc xlink:type="locator" xlink:href="t-md-2006-07-01.xsd#t-md_SectionMainHypercube"
                xlink:label="SectionMainHypercube"
                xlink:title="SectionMainHypercube"/>
      <link:definitionArc xlink:type="arc" xlink:arcrole="http://xbrl.org/int/dim/arcrole/all"
                          xlink:from="MKRIMDetailsDomain"
                          xlink:to="SectionMainHypercube"
                          xlink:title="definition: MKRIMDetailsDomain to SectionMainHypercube"
                          use="optional"
                          order="5.0"
                          xbrldt:targetRole="http://www.c-ebs.org/2006/corep/eu/t-md/SectionMainHypercube"
                          xbrldt:contextElement="scenario"
                          xbrldt:closed="true"/>
  </link:definitionLink>
</link:linkbase>