<?xml version="1.0" encoding="UTF-8"?>
<?taxonomy-version 1.3.1?>
<!--Copyright (C) 2011 EBA - European Banking Authority, Tower 42, 25 Old Broad Street, London, EC2N 1HQ, United Kingdom.-->            
<link:linkbase xmlns:link="http://www.xbrl.org/2003/linkbase"
               xmlns:xbrli="http://www.xbrl.org/2003/instance"
               xmlns:xlink="http://www.w3.org/1999/xlink"
               xmlns:xsi="http://www.w3.org/2001/XMLSchema-instance"
               xmlns:t-md="http://www.c-ebs.org/eu/fr/esrs/corep/2006-07-01/t-md-2006-07-01"
               xsi:schemaLocation="http://www.xbrl.org/2003/linkbase http://www.xbrl.org/2003/xbrl-linkbase-2003-12-31.xsd">
  <link:roleRef roleURI="http://www.c-ebs.org/2006/corep/eu/md" xlink:type="simple"
                 xlink:href="p-md-2006-07-01.xsd#rt_md"/>
  <link:labelLink xlink:type="extended" xlink:role="http://www.xbrl.org/2003/role/link">
      <link:loc xlink:type="locator" xlink:href="t-md-2006-07-01.xsd#t-md_SectionMainHypercube"
                xlink:label="SectionAllHypercube"
                xlink:title="SectionAllHypercube"/>
      <link:label xlink:type="resource" xlink:label="label_SectionAllHypercube"
                  xlink:role="http://www.xbrl.org/2003/role/label"
                  xlink:title="label_SectionAllHypercube"
                  xml:lang="en"
                  id="label_SectionAllHypercube">Section Main (Hypercube)</link:label>
      <link:labelArc xlink:type="arc" xlink:arcrole="http://www.xbrl.org/2003/arcrole/concept-label"
                     xlink:from="SectionAllHypercube"
                     xlink:to="label_SectionAllHypercube"
                     xlink:title="label: SectionAllHypercube to label_SectionAllHypercube"/>
  </link:labelLink>
  <link:labelLink xlink:type="extended" xlink:role="http://www.c-ebs.org/2006/corep/eu/md">
      <link:loc xlink:type="locator" xlink:href="d-ty-2006-07-01.xsd#d-ty_DayDimension"
                xlink:label="DayDimension"
                xlink:title="DayDimension"/>
      <link:label xlink:type="resource" xlink:label="label_DayDimension"
                  xlink:role="http://www.xbrl.org/2003/role/documentation"
                  xlink:title="label_DayDimension"
                  xml:lang="en"
                  id="label_DayDimension">Detailed layer</link:label>
      <link:labelArc xlink:type="arc" xlink:arcrole="http://www.xbrl.org/2003/arcrole/concept-label"
                     xlink:from="DayDimension"
                     xlink:to="label_DayDimension"
                     xlink:title="label: DayDimension to label_DayDimension"/>
      <link:loc xlink:type="locator"
                xlink:href="d-ty-2006-07-01.xsd#d-ty_BasicInformationDimension"
                xlink:label="BasicInformationDimension"
                xlink:title="BasicInformationDimension"/>
      <link:label xlink:type="resource" xlink:label="label_BasicInformationDimension"
                  xlink:role="http://www.xbrl.org/2003/role/documentation"
                  xlink:title="label_BasicInformationDimension"
                  xml:lang="en"
                  id="label_BasicInformationDimension">Detailed layer</link:label>
      <link:labelArc xlink:type="arc" xlink:arcrole="http://www.xbrl.org/2003/arcrole/concept-label"
                     xlink:from="BasicInformationDimension"
                     xlink:to="label_BasicInformationDimension"
                     xlink:title="label: BasicInformationDimension to label_BasicInformationDimension"/>
  </link:labelLink>
</link:linkbase>