<?xml version="1.0" encoding="UTF-8"?>
<?taxonomy-version 1.3.1?>
<!--Copyright (C) 2011 EBA - European Banking Authority, Tower 42, 25 Old Broad Street, London, EC2N 1HQ, United Kingdom.-->            
<link:linkbase xmlns:link="http://www.xbrl.org/2003/linkbase"
               xmlns:xbrli="http://www.xbrl.org/2003/instance"
               xmlns:xlink="http://www.w3.org/1999/xlink"
               xmlns:xsi="http://www.w3.org/2001/XMLSchema-instance"
               xmlns:t-me="http://www.c-ebs.org/eu/fr/esrs/corep/2006-07-01/t-me-2006-07-01"
               xmlns:xbrldt="http://xbrl.org/2005/xbrldt"
               xsi:schemaLocation="http://www.xbrl.org/2003/linkbase http://www.xbrl.org/2003/xbrl-linkbase-2003-12-31.xsd">
  <link:roleRef roleURI="http://www.c-ebs.org/2006/corep/eu/t-me/ExcOtherNonDeltaRisksOptionsHypercube"
                 xlink:type="simple"
                 xlink:href="t-me-2006-07-01.xsd#rt_t-me_ExcOtherNonDeltaRisksOptionsHypercube"/>
  <link:roleRef roleURI="http://www.c-ebs.org/2006/corep/eu/t-me/ExcStockIndexFuturesHypercube"
                 xlink:type="simple"
                 xlink:href="t-me-2006-07-01.xsd#rt_t-me_ExcStockIndexFuturesHypercube"/>
  <link:roleRef roleURI="http://www.c-ebs.org/2006/corep/eu/t-me/SectionProhibitedItems"
                 xlink:type="simple"
                 xlink:href="t-me-2006-07-01.xsd#rt_t-me_SectionProhibitedItems"/>
  <link:roleRef roleURI="http://www.c-ebs.org/2006/corep/eu/t-me/SectionMainHypercube"
                 xlink:type="simple"
                 xlink:href="t-me-2006-07-01.xsd#rt_t-me_SectionMainHypercube"/>
  <link:roleRef roleURI="http://www.c-ebs.org/2006/corep/eu/me" xlink:type="simple"
                 xlink:href="p-me-2006-07-01.xsd#rt_me"/>
  <link:roleRef roleURI="http://www.c-ebs.org/2006/corep/eu/cm-ca" xlink:type="simple"
                 xlink:href="p-cm-ca-2006-07-01.xsd#rt_cm-ca"/>
  <link:roleRef roleURI="http://www.c-ebs.org/2006/corep/eu/cm-mr" xlink:type="simple"
                 xlink:href="p-cm-mr-2006-07-01.xsd#rt_cm-mr"/>
  <link:arcroleRef arcroleURI="http://xbrl.org/int/dim/arcrole/all" xlink:type="simple"
                    xlink:href="http://www.xbrl.org/2005/xbrldt-2005.xsd#all"/>
  <link:arcroleRef arcroleURI="http://xbrl.org/int/dim/arcrole/dimension-domain"
                    xlink:type="simple"
                    xlink:href="http://www.xbrl.org/2005/xbrldt-2005.xsd#dimension-domain"/>
  <link:arcroleRef arcroleURI="http://xbrl.org/int/dim/arcrole/domain-member" xlink:type="simple"
                    xlink:href="http://www.xbrl.org/2005/xbrldt-2005.xsd#domain-member"/>
  <link:arcroleRef arcroleURI="http://xbrl.org/int/dim/arcrole/hypercube-dimension"
                    xlink:type="simple"
                    xlink:href="http://www.xbrl.org/2005/xbrldt-2005.xsd#hypercube-dimension"/>
  <link:arcroleRef arcroleURI="http://xbrl.org/int/dim/arcrole/notAll" xlink:type="simple"
                    xlink:href="http://www.xbrl.org/2005/xbrldt-2005.xsd#notAll"/>
  <link:definitionLink xlink:type="extended"
                        xlink:role="http://www.c-ebs.org/2006/corep/eu/t-me/SectionMainHypercube">
      <link:loc xlink:type="locator" xlink:href="d-mr-2006-07-01.xsd#d-mr_MarketRiskDimension"
                xlink:label="MarketRiskDimension"
                xlink:title="MarketRiskDimension"/>
      <link:loc xlink:type="locator" xlink:href="d-mr-2006-07-01.xsd#d-mr_MRiskSAEQUTotal"
                xlink:label="MRiskSAEQUTotal"
                xlink:title="MRiskSAEQUTotal"/>
      <link:definitionArc xlink:type="arc"
                          xlink:arcrole="http://xbrl.org/int/dim/arcrole/dimension-domain"
                          xlink:from="MarketRiskDimension"
                          xlink:to="MRiskSAEQUTotal"
                          xlink:title="definition: MarketRiskDimension to MRiskSAEQUTotal"
                          use="optional"
                          order="1.0"
                          xbrldt:targetRole="http://www.xbrl.org/2003/role/link"/>
      <link:loc xlink:type="locator" xlink:href="t-me-2006-07-01.xsd#t-me_SectionMainHypercube"
                xlink:label="SectionAllHypercube"
                xlink:title="SectionAllHypercube"/>
      <link:definitionArc xlink:type="arc"
                          xlink:arcrole="http://xbrl.org/int/dim/arcrole/hypercube-dimension"
                          xlink:from="SectionAllHypercube"
                          xlink:to="MarketRiskDimension"
                          xlink:title="definition: SectionAllHypercube to MarketRiskDimension"
                          order="2.0"/>
      <link:loc xlink:type="locator"
                xlink:href="d-ty-2006-07-01.xsd#d-ty_NationalMarketDimension"
                xlink:label="NationalMarketDimension"
                xlink:title="NationalMarketDimension"/>
      <link:definitionArc xlink:type="arc"
                          xlink:arcrole="http://xbrl.org/int/dim/arcrole/hypercube-dimension"
                          xlink:from="SectionAllHypercube"
                          xlink:to="NationalMarketDimension"
                          xlink:title="definition: SectionAllHypercube to NationalMarketDimension"
                          order="3.0"/>
  </link:definitionLink>
  <link:definitionLink xlink:type="extended"
                        xlink:role="http://www.c-ebs.org/2006/corep/eu/t-me/ExcOtherNonDeltaRisksOptionsHypercube">
      <link:loc xlink:type="locator" xlink:href="d-mr-2006-07-01.xsd#d-mr_MarketRiskDimension"
                xlink:label="MarketRiskDimension"
                xlink:title="MarketRiskDimension"/>
      <link:loc xlink:type="locator"
                xlink:href="d-mr-2006-07-01.xsd#d-mr_MRiskSAEQUOtherNonDeltaRisksOptions"
                xlink:label="MRiskSAEQUOtherNonDeltaRisksOptions"
                xlink:title="MRiskSAEQUOtherNonDeltaRisksOptions"/>
      <link:definitionArc xlink:type="arc"
                          xlink:arcrole="http://xbrl.org/int/dim/arcrole/dimension-domain"
                          xlink:from="MarketRiskDimension"
                          xlink:to="MRiskSAEQUOtherNonDeltaRisksOptions"
                          xlink:title="definition: MarketRiskDimension to MRiskSAEQUOtherNonDeltaRisksOptions"
                          order="1.0"/>
      <link:loc xlink:type="locator"
                xlink:href="t-me-2006-07-01.xsd#t-me_ExcOtherNonDeltaRisksOptionsHypercube"
                xlink:label="ExcOtherNonDeltaRisksOptionsHypercube"
                xlink:title="ExcOtherNonDeltaRisksOptionsHypercube"/>
      <link:definitionArc xlink:type="arc"
                          xlink:arcrole="http://xbrl.org/int/dim/arcrole/hypercube-dimension"
                          xlink:from="ExcOtherNonDeltaRisksOptionsHypercube"
                          xlink:to="MarketRiskDimension"
                          xlink:title="definition: ExcOtherNonDeltaRisksOptionsHypercube to MarketRiskDimension"
                          order="1.0"/>
      <link:loc xlink:type="locator"
                xlink:href="d-ty-2006-07-01.xsd#d-ty_NationalMarketDimension"
                xlink:label="NationalMarketDimension"
                xlink:title="NationalMarketDimension"/>
      <link:definitionArc xlink:type="arc"
                          xlink:arcrole="http://xbrl.org/int/dim/arcrole/hypercube-dimension"
                          xlink:from="ExcOtherNonDeltaRisksOptionsHypercube"
                          xlink:to="NationalMarketDimension"
                          xlink:title="definition: ExcOtherNonDeltaRisksOptionsHypercube to NationalMarketDimension"
                          order="2.0"/>
  </link:definitionLink>
  <link:definitionLink xlink:type="extended"
                        xlink:role="http://www.c-ebs.org/2006/corep/eu/t-me/ExcStockIndexFuturesHypercube">
      <link:loc xlink:type="locator"
                xlink:href="t-me-2006-07-01.xsd#t-me_ExcStockIndexFuturesHypercube"
                xlink:label="ExcStockIndexFuturesHypercube"
                xlink:title="ExcStockIndexFuturesHypercube"/>
      <link:loc xlink:type="locator" xlink:href="d-mr-2006-07-01.xsd#d-mr_MarketRiskDimension"
                xlink:label="MarketRiskDimension"
                xlink:title="MarketRiskDimension"/>
      <link:definitionArc xlink:type="arc"
                          xlink:arcrole="http://xbrl.org/int/dim/arcrole/hypercube-dimension"
                          xlink:from="ExcStockIndexFuturesHypercube"
                          xlink:to="MarketRiskDimension"
                          xlink:title="definition: ExcStockIndexFuturesHypercube to MarketRiskDimension"
                          order="1.0"/>
      <link:loc xlink:type="locator"
                xlink:href="d-mr-2006-07-01.xsd#d-mr_MRiskSAEQUExchangeTradedStockIndexFuturesBroadlyDiversifiedSubjectParticularApproach"
                xlink:label="MRiskSAEQUExchangeTradedStockIndexFuturesBroadlyDiversifiedSubjectParticularApproach"
                xlink:title="MRiskSAEQUExchangeTradedStockIndexFuturesBroadlyDiversifiedSubjectParticularApproach"/>
      <link:definitionArc xlink:type="arc"
                          xlink:arcrole="http://xbrl.org/int/dim/arcrole/dimension-domain"
                          xlink:from="MarketRiskDimension"
                          xlink:to="MRiskSAEQUExchangeTradedStockIndexFuturesBroadlyDiversifiedSubjectParticularApproach"
                          xlink:title="definition: MarketRiskDimension to MRiskSAEQUExchangeTradedStockIndexFuturesBroadlyDiversifiedSubjectParticularApproach"
                          order="1.0"/>
      <link:loc xlink:type="locator"
                xlink:href="d-mr-2006-07-01.xsd#d-mr_MRiskSAEQUOtherEquitiesThanExchangeTradedStockIndexFuturesBroadlyDiversified"
                xlink:label="MRiskSAEQUOtherEquitiesThanExchangeTradedStockIndexFuturesBroadlyDiversified"
                xlink:title="MRiskSAEQUOtherEquitiesThanExchangeTradedStockIndexFuturesBroadlyDiversified"/>
      <link:definitionArc xlink:type="arc"
                          xlink:arcrole="http://xbrl.org/int/dim/arcrole/dimension-domain"
                          xlink:from="MarketRiskDimension"
                          xlink:to="MRiskSAEQUOtherEquitiesThanExchangeTradedStockIndexFuturesBroadlyDiversified"
                          xlink:title="definition: MarketRiskDimension to MRiskSAEQUOtherEquitiesThanExchangeTradedStockIndexFuturesBroadlyDiversified"
                          order="2.0"/>
      <link:loc xlink:type="locator"
                xlink:href="d-ty-2006-07-01.xsd#d-ty_NationalMarketDimension"
                xlink:label="NationalMarketDimension"
                xlink:title="NationalMarketDimension"/>
      <link:definitionArc xlink:type="arc"
                          xlink:arcrole="http://xbrl.org/int/dim/arcrole/hypercube-dimension"
                          xlink:from="ExcStockIndexFuturesHypercube"
                          xlink:to="NationalMarketDimension"
                          xlink:title="definition: ExcStockIndexFuturesHypercube to NationalMarketDimension"
                          order="2.0"/>
  </link:definitionLink>
  <link:definitionLink xlink:type="extended"
                        xlink:role="http://www.c-ebs.org/2006/corep/eu/t-me/SectionProhibitedItems">
      <link:loc xlink:type="locator"
                xlink:href="d-hh-2006-07-01.xsd#hyp-cm_ProhibitedItemsPlaceholder"
                xlink:label="ProhibitedItemsPlaceholder"
                xlink:title="ProhibitedItemsPlaceholder"/>
      <link:loc xlink:type="locator"
                xlink:href="d-hh-2006-07-01.xsd#hyp-cm_ProhibitingHypercube"
                xlink:label="ProhibitingHypercube"
                xlink:title="ProhibitingHypercube"/>
      <link:definitionArc xlink:type="arc" xlink:arcrole="http://xbrl.org/int/dim/arcrole/all"
                          xlink:from="ProhibitedItemsPlaceholder"
                          xlink:to="ProhibitingHypercube"
                          xlink:title="definition: ProhibitedItemsPlaceholder to ProhibitingHypercube"
                          order="3.0"
                          xbrldt:contextElement="scenario"
                          xbrldt:closed="true"/>
      <link:loc xlink:type="locator" xlink:href="d-hh-2006-07-01.xsd#hyp-cm_NullDimension"
                xlink:label="NullDimension"
                xlink:title="NullDimension"/>
      <link:definitionArc xlink:type="arc"
                          xlink:arcrole="http://xbrl.org/int/dim/arcrole/hypercube-dimension"
                          xlink:from="ProhibitingHypercube"
                          xlink:to="NullDimension"
                          xlink:title="definition: ProhibitingHypercube to NullDimension"
                          order="1.0"/>
      <link:loc xlink:type="locator"
                xlink:href="p-cm-ca-2006-07-01.xsd#p-cm-ca_CommonCAItemsDomain"
                xlink:label="CommonCAItemsDomain"
                xlink:title="CommonCAItemsDomain"/>
      <link:definitionArc xlink:type="arc" xlink:arcrole="http://xbrl.org/int/dim/arcrole/domain-member"
                          xlink:from="ProhibitedItemsPlaceholder"
                          xlink:to="CommonCAItemsDomain"
                          xlink:title="definition: ProhibitedItemsPlaceholder to CommonCAItemsDomain"
                          order="1.0"
                          xbrldt:targetRole="http://www.c-ebs.org/2006/corep/eu/cm-ca"/>
      <link:loc xlink:type="locator"
                xlink:href="p-cm-mr-2006-07-01.xsd#p-cm-mr_CommonMRItemsDomain"
                xlink:label="CommonMRItemsDomain"
                xlink:title="CommonMRItemsDomain"/>
      <link:definitionArc xlink:type="arc" xlink:arcrole="http://xbrl.org/int/dim/arcrole/domain-member"
                          xlink:from="ProhibitedItemsPlaceholder"
                          xlink:to="CommonMRItemsDomain"
                          xlink:title="definition: ProhibitedItemsPlaceholder to CommonMRItemsDomain"
                          order="2.0"
                          xbrldt:targetRole="http://www.c-ebs.org/2006/corep/eu/cm-mr"/>
  </link:definitionLink>
  <link:definitionLink xlink:type="extended" xlink:role="http://www.c-ebs.org/2006/corep/eu/me">
      <link:loc xlink:type="locator"
                xlink:href="p-cm-mr-2006-07-01.xsd#p-cm-mr_NetPositionsSubjectToCapitalCharge"
                xlink:label="NetPositionsSubjectToCapitalCharge"
                xlink:title="NetPositionsSubjectToCapitalCharge"/>
      <link:loc xlink:type="locator"
                xlink:href="t-me-2006-07-01.xsd#t-me_ExcStockIndexFuturesHypercube"
                xlink:label="ExcStockIndexFuturesHypercube"
                xlink:title="ExcStockIndexFuturesHypercube"/>
      <link:definitionArc xlink:type="arc" xlink:arcrole="http://xbrl.org/int/dim/arcrole/notAll"
                          xlink:from="NetPositionsSubjectToCapitalCharge"
                          xlink:to="ExcStockIndexFuturesHypercube"
                          xlink:title="definition: NetPositionsSubjectToCapitalCharge to ExcStockIndexFuturesHypercube"
                          order="1.0"
                          xbrldt:targetRole="http://www.c-ebs.org/2006/corep/eu/t-me/ExcStockIndexFuturesHypercube"
                          xbrldt:contextElement="scenario"/>
      <link:loc xlink:type="locator" xlink:href="p-cm-mr-2006-07-01.xsd#p-cm-mr_Positions"
                xlink:label="Positions"
                xlink:title="Positions"/>
      <link:loc xlink:type="locator"
                xlink:href="t-me-2006-07-01.xsd#t-me_ExcOtherNonDeltaRisksOptionsHypercube"
                xlink:label="ExcOtherNonDeltaRisksOptionsHypercube"
                xlink:title="ExcOtherNonDeltaRisksOptionsHypercube"/>
      <link:definitionArc xlink:type="arc" xlink:arcrole="http://xbrl.org/int/dim/arcrole/notAll"
                          xlink:from="Positions"
                          xlink:to="ExcOtherNonDeltaRisksOptionsHypercube"
                          xlink:title="definition: Positions to ExcOtherNonDeltaRisksOptionsHypercube"
                          order="5.0"
                          xbrldt:targetRole="http://www.c-ebs.org/2006/corep/eu/t-me/ExcOtherNonDeltaRisksOptionsHypercube"
                          xbrldt:contextElement="scenario"/>
      <link:loc xlink:type="locator"
                xlink:href="p-cm-ca-2006-07-01.xsd#p-cm-ca_MarketRiskCapitalRequirements"
                xlink:label="MarketRiskCapitalRequirements"
                xlink:title="MarketRiskCapitalRequirements"/>
      <link:definitionArc xlink:type="arc" xlink:arcrole="http://xbrl.org/int/dim/arcrole/notAll"
                          xlink:from="MarketRiskCapitalRequirements"
                          xlink:to="ExcStockIndexFuturesHypercube"
                          xlink:title="definition: MarketRiskCapitalRequirements to ExcStockIndexFuturesHypercube"
                          order="1.0"
                          xbrldt:targetRole="http://www.c-ebs.org/2006/corep/eu/t-me/ExcStockIndexFuturesHypercube"
                          xbrldt:contextElement="scenario"/>
      <link:loc xlink:type="locator" xlink:href="p-me-2006-07-01.xsd#p-me_MKRSAEQUDomain"
                xlink:label="MKRSAEQUDomain"
                xlink:title="MKRSAEQUDomain"/>
      <link:loc xlink:type="locator" xlink:href="t-me-2006-07-01.xsd#t-me_SectionMainHypercube"
                xlink:label="SectionMainHypercube"
                xlink:title="SectionAllHypercube"/>
      <link:definitionArc xlink:type="arc" xlink:arcrole="http://xbrl.org/int/dim/arcrole/all"
                          xlink:from="MKRSAEQUDomain"
                          xlink:to="SectionMainHypercube"
                          xlink:title="definition: MKRSAEQUDomain to SectionMainHypercube"
                          use="optional"
                          order="3.0"
                          xbrldt:targetRole="http://www.c-ebs.org/2006/corep/eu/t-me/SectionMainHypercube"
                          xbrldt:contextElement="scenario"
                          xbrldt:closed="true"/>
  </link:definitionLink>
</link:linkbase>