<?xml version="1.0" encoding="UTF-8"?>
<?taxonomy-version 1.3.1?>
<!--Copyright (C) 2011 EBA - European Banking Authority, Tower 42, 25 Old Broad Street, London, EC2N 1HQ, United Kingdom.-->            
<link:linkbase xmlns:link="http://www.xbrl.org/2003/linkbase"
               xmlns:xbrli="http://www.xbrl.org/2003/instance"
               xmlns:xlink="http://www.w3.org/1999/xlink"
               xmlns:xsi="http://www.w3.org/2001/XMLSchema-instance"
               xmlns:t-me="http://www.c-ebs.org/eu/fr/esrs/corep/2006-07-01/t-me-2006-07-01"
               xmlns:ref-corep="http://www.c-ebs.org/eu/fr/esrs/corep/2005-09-30/ref-corep-2005-09-30"
               xmlns:ref="http://www.xbrl.org/2004/ref"
               xsi:schemaLocation="http://www.xbrl.org/2003/linkbase http://www.xbrl.org/2003/xbrl-linkbase-2003-12-31.xsd http://www.c-ebs.org/eu/fr/esrs/corep/2005-09-30/ref-corep-2005-09-30 ref-corep-2005-09-30.xsd http://www.xbrl.org/2004/ref http://www.xbrl.org/2004/ref-2004-08-10.xsd">
  <link:roleRef roleURI="http://www.c-ebs.org/2006/corep/eu/me" xlink:type="simple"
                 xlink:href="p-me-2006-07-01.xsd#rt_me"/>
  <link:referenceLink xlink:type="extended" xlink:role="http://www.c-ebs.org/2006/corep/eu/me">
      <link:loc xlink:type="locator"
                xlink:href="d-ty-2006-07-01.xsd#d-ty_NationalMarketDimension"
                xlink:label="NationalMarketDimension"
                xlink:title="NationalMarketDimension"/>
      <link:reference xlink:type="resource" xlink:label="reference_NationalMarketDimension"
                      xlink:role="http://www.xbrl.org/2003/role/reference"
                      xlink:title="reference_NationalMarketDimension"
                      id="reference_NationalMarketDimension">
         <ref-corep:Comment>National supervisors may decide that the long or short position in the market must be calculated on a market-by-market basis, i.e a separate  calculation has to be carried out for each national market in which the bank holds equities (Amendment to the Capital Accord to Incorporate Market Risks: A.2, paragraph 2).</ref-corep:Comment>
      </link:reference>
      <link:referenceArc xlink:type="arc"
                         xlink:arcrole="http://www.xbrl.org/2003/arcrole/concept-reference"
                         xlink:from="NationalMarketDimension"
                         xlink:to="reference_NationalMarketDimension"
                         xlink:title="reference: NationalMarketDimension to reference_NationalMarketDimension"/>
      <link:loc xlink:type="locator" xlink:href="p-cm-mr-2006-07-01.xsd#p-cm-mr_AllPositions"
                xlink:label="AllPositions"
                xlink:title="AllPositions"/>
      <link:reference xlink:type="resource" xlink:label="reference_AllPositions"
                      xlink:role="http://www.xbrl.org/2003/role/reference"
                      xlink:title="reference_AllPositions"
                      id="reference_AllPositions">
         <ref-corep:Comment>Articles 11 and 33 of Directive 2006/49/EC. These are gross positions not netted by instruments but excluding underwriting positions subscribed or sub-underwritten by third parties (annex I point 41 second sentence of Directive 2006/49/EC). Regarding the distinction between Long and Short positions, also applicable to these gross positions, see annex I point 4 last sub-paragraph of the same Directive.</ref-corep:Comment>
      </link:reference>
      <link:referenceArc xlink:type="arc"
                         xlink:arcrole="http://www.xbrl.org/2003/arcrole/concept-reference"
                         xlink:from="AllPositions"
                         xlink:to="reference_AllPositions"
                         xlink:title="reference: AllPositions to reference_AllPositions"/>
      <link:loc xlink:type="locator"
                xlink:href="p-cm-mr-2006-07-01.xsd#p-cm-mr_ReductionEffectUnderwritingPositions"
                xlink:label="ReductionEffectUnderwritingPositions"
                xlink:title="ReductionEffectUnderwritingPositions"/>
      <link:reference xlink:type="resource"
                      xlink:label="reference_ReductionEffectUnderwritingPositions"
                      xlink:role="http://www.xbrl.org/2003/role/reference"
                      xlink:title="reference_ReductionEffectUnderwritingPositions"
                      id="reference_ReductionEffectUnderwritingPositions">
         <ref-corep:Comment>Annex I point 41 last sentence of Directive 2006/49/EC.</ref-corep:Comment>
      </link:reference>
      <link:referenceArc xlink:type="arc"
                         xlink:arcrole="http://www.xbrl.org/2003/arcrole/concept-reference"
                         xlink:from="ReductionEffectUnderwritingPositions"
                         xlink:to="reference_ReductionEffectUnderwritingPositions"
                         xlink:title="reference: ReductionEffectUnderwritingPositions to reference_ReductionEffectUnderwritingPositions"/>
      <link:loc xlink:type="locator" xlink:href="p-cm-mr-2006-07-01.xsd#p-cm-mr_NetPositions"
                xlink:label="NetPositions"
                xlink:title="NetPositions"/>
      <link:reference xlink:type="resource" xlink:label="reference_NetPositions"
                      xlink:role="http://www.xbrl.org/2003/role/reference"
                      xlink:title="reference_NetPositions"
                      id="reference_NetPositions">
         <ref-corep:Comment>Annex I points 1-5 of Directive 2006/49/EC. Regarding the distinction between Long and Short positions see annex I point 4, last sub-paragraph of the same Directive.</ref-corep:Comment>
      </link:reference>
      <link:referenceArc xlink:type="arc"
                         xlink:arcrole="http://www.xbrl.org/2003/arcrole/concept-reference"
                         xlink:from="NetPositions"
                         xlink:to="reference_NetPositions"
                         xlink:title="reference: NetPositions to reference_NetPositions"/>
      <link:loc xlink:type="locator"
                xlink:href="p-cm-mr-2006-07-01.xsd#p-cm-mr_NetPositionsSubjectToCapitalCharge"
                xlink:label="NetPositionsSubjectToCapitalCharge"
                xlink:title="NetPositionsSubjectToCapitalCharge"/>
      <link:reference xlink:type="resource"
                      xlink:label="reference_NetPositionsSubjectToCapitalCharge"
                      xlink:role="http://www.xbrl.org/2003/role/reference"
                      xlink:title="reference_NetPositionsSubjectToCapitalCharge"
                      id="reference_NetPositionsSubjectToCapitalCharge">
         <ref-corep:Comment>Those net positions that, according to the different approaches considered in annex I of Directive 2006/49/EC, receive a capital charge.</ref-corep:Comment>
      </link:reference>
      <link:referenceArc xlink:type="arc"
                         xlink:arcrole="http://www.xbrl.org/2003/arcrole/concept-reference"
                         xlink:from="NetPositionsSubjectToCapitalCharge"
                         xlink:to="reference_NetPositionsSubjectToCapitalCharge"
                         xlink:title="reference: NetPositionsSubjectToCapitalCharge to reference_NetPositionsSubjectToCapitalCharge"/>
      <link:loc xlink:type="locator"
                xlink:href="p-cm-ca-2006-07-01.xsd#p-cm-ca_MarketRiskCapitalRequirements"
                xlink:label="MarketRiskCapitalRequirements"
                xlink:title="MarketRiskCapitalRequirements"/>
      <link:reference xlink:type="resource" xlink:label="reference_MarketRiskCapitalRequirements"
                      xlink:role="http://www.xbrl.org/2003/role/reference"
                      xlink:title="reference_MarketRiskCapitalRequirements"
                      id="reference_MarketRiskCapitalRequirements">
         <ref-corep:Comment>The capital charge for any relevant position according to annex I of Directive 2006/49/EC.</ref-corep:Comment>
      </link:reference>
      <link:referenceArc xlink:type="arc"
                         xlink:arcrole="http://www.xbrl.org/2003/arcrole/concept-reference"
                         xlink:from="MarketRiskCapitalRequirements"
                         xlink:to="reference_MarketRiskCapitalRequirements"
                         xlink:title="reference: MarketRiskCapitalRequirements to reference_MarketRiskCapitalRequirements"/>
  </link:referenceLink>
</link:linkbase>