<?xml version="1.0" encoding="UTF-8"?>
<?taxonomy-version 1.3.1?>
<!--Copyright (C) 2011 EBA - European Banking Authority, Tower 42, 25 Old Broad Street, London, EC2N 1HQ, United Kingdom.-->            
<link:linkbase xmlns:link="http://www.xbrl.org/2003/linkbase"
               xmlns:xbrli="http://www.xbrl.org/2003/instance"
               xmlns:xlink="http://www.w3.org/1999/xlink"
               xmlns:xsi="http://www.w3.org/2001/XMLSchema-instance"
               xmlns:t-mf="http://www.c-ebs.org/eu/fr/esrs/corep/2006-07-01/t-mf-2006-07-01"
               xmlns:ref-corep="http://www.c-ebs.org/eu/fr/esrs/corep/2005-09-30/ref-corep-2005-09-30"
               xmlns:ref="http://www.xbrl.org/2004/ref"
               xsi:schemaLocation="http://www.xbrl.org/2003/linkbase http://www.xbrl.org/2003/xbrl-linkbase-2003-12-31.xsd http://www.c-ebs.org/eu/fr/esrs/corep/2005-09-30/ref-corep-2005-09-30 ref-corep-2005-09-30.xsd http://www.xbrl.org/2004/ref http://www.xbrl.org/2004/ref-2004-08-10.xsd">
  <link:roleRef roleURI="http://www.c-ebs.org/2006/corep/eu/mf" xlink:type="simple"
                 xlink:href="p-mf-2006-07-01.xsd#rt_mf"/>
  <link:referenceLink xlink:type="extended" xlink:role="http://www.c-ebs.org/2006/corep/eu/mf">
      <link:loc xlink:type="locator"
                xlink:href="p-mf-2006-07-01.xsd#p-mf_PositionsSubjectCapitalCharge"
                xlink:label="PositionsSubjectCapitalCharge"
                xlink:title="PositionsSubjectCapitalCharge"/>
      <link:reference xlink:type="resource" xlink:label="reference_PositionsSubjectCapitalCharge"
                      xlink:role="http://www.xbrl.org/2003/role/reference"
                      xlink:title="reference_PositionsSubjectCapitalCharge"
                      id="reference_PositionsSubjectCapitalCharge_2">
         <ref-corep:Comment>Annex III points 2.2, 3.1 and 3.2 of Directive 2006/49/EC.</ref-corep:Comment>
      </link:reference>
      <link:referenceArc xlink:type="arc"
                         xlink:arcrole="http://www.xbrl.org/2003/arcrole/concept-reference"
                         xlink:from="PositionsSubjectCapitalCharge"
                         xlink:to="reference_PositionsSubjectCapitalCharge"
                         xlink:title="reference: PositionsSubjectCapitalCharge to reference_PositionsSubjectCapitalCharge"/>
      <link:loc xlink:type="locator"
                xlink:href="p-cm-mr-2006-07-01.xsd#p-cm-mr_AllPositionsLong"
                xlink:label="AllPositionsLong"
                xlink:title="AllPositionsLong"/>
      <link:reference xlink:type="resource" xlink:label="reference_AllPositionsLong"
                      xlink:role="http://www.xbrl.org/2003/role/reference"
                      xlink:title="reference_AllPositionsLong"
                      id="reference_AllPositionsLong">
         <ref-corep:Comment>Gross positions due to assets, amounts to be received and similar items referred to in annex III point 2.1 of Directive 2006/49/EC.</ref-corep:Comment>
      </link:reference>
      <link:referenceArc xlink:type="arc"
                         xlink:arcrole="http://www.xbrl.org/2003/arcrole/concept-reference"
                         xlink:from="AllPositionsLong"
                         xlink:to="reference_AllPositionsLong"
                         xlink:title="reference: AllPositionsLong to reference_AllPositionsLong"/>
      <link:loc xlink:type="locator"
                xlink:href="p-cm-mr-2006-07-01.xsd#p-cm-mr_AllPositionsShort"
                xlink:label="AllPositionsShort"
                xlink:title="AllPositionsShort"/>
      <link:reference xlink:type="resource" xlink:label="reference_AllPositionsShort"
                      xlink:role="http://www.xbrl.org/2003/role/reference"
                      xlink:title="reference_AllPositionsShort"
                      id="reference_AllPositionsShort">
         <ref-corep:Comment>Gross positions due to assets, amounts to be received and similar items referred to in annex III point 2.1 of Directive 2006/49/EC.</ref-corep:Comment>
      </link:reference>
      <link:referenceArc xlink:type="arc"
                         xlink:arcrole="http://www.xbrl.org/2003/arcrole/concept-reference"
                         xlink:from="AllPositionsShort"
                         xlink:to="reference_AllPositionsShort"
                         xlink:title="reference: AllPositionsShort to reference_AllPositionsShort"/>
      <link:loc xlink:type="locator" xlink:href="p-cm-mr-2006-07-01.xsd#p-cm-mr_NetPositions"
                xlink:label="NetPositions"
                xlink:title="NetPositions"/>
      <link:reference xlink:type="resource" xlink:label="reference_NetPositions"
                      xlink:role="http://www.xbrl.org/2003/role/reference"
                      xlink:title="reference_NetPositions"
                      id="reference_NetPositions">
         <ref-corep:Comment>Annex III point 2.1 last sub-paragraph of Directive 2006/49/EC. The net positions are calculated by each currency, accordingly there may be simoultaneous long and short positions.</ref-corep:Comment>
      </link:reference>
      <link:referenceArc xlink:type="arc"
                         xlink:arcrole="http://www.xbrl.org/2003/arcrole/concept-reference"
                         xlink:from="NetPositions"
                         xlink:to="reference_NetPositions"
                         xlink:title="reference: NetPositions to reference_NetPositions"/>
      <link:loc xlink:type="locator"
                xlink:href="p-cm-mr-2006-07-01.xsd#p-cm-mr_MemorandumItems"
                xlink:label="MemorandumItems"
                xlink:title="MemorandumItems"/>
      <link:reference xlink:type="resource" xlink:label="reference_MemorandumItems"
                      xlink:role="http://www.xbrl.org/2003/role/reference"
                      xlink:title="reference_MemorandumItems"
                      id="reference_MemorandumItems"/>
      <link:referenceArc xlink:type="arc"
                         xlink:arcrole="http://www.xbrl.org/2003/arcrole/concept-reference"
                         xlink:from="MemorandumItems"
                         xlink:to="reference_MemorandumItems"
                         xlink:title="reference: MemorandumItems to reference_MemorandumItems"/>
      <link:loc xlink:type="locator"
                xlink:href="p-cm-mr-2006-07-01.xsd#p-cm-mr_MemorandumItemsPositions"
                xlink:label="MemorandumItemsPositions"
                xlink:title="MemorandumItemsPositions"/>
      <link:reference xlink:type="resource" xlink:label="reference_MemorandumItemsPositions"
                      xlink:role="http://www.xbrl.org/2003/role/reference"
                      xlink:title="reference_MemorandumItemsPositions"
                      id="reference_MemorandumItemsPositions">
         <ref-corep:Comment>Annex III point 2.1 ante penultimate sub-paragraph of Directive 2006/49/EC.</ref-corep:Comment>
      </link:reference>
      <link:referenceArc xlink:type="arc"
                         xlink:arcrole="http://www.xbrl.org/2003/arcrole/concept-reference"
                         xlink:from="MemorandumItemsPositions"
                         xlink:to="reference_MemorandumItemsPositions"
                         xlink:title="reference: MemorandumItemsPositions to reference_MemorandumItemsPositions"/>
      <link:loc xlink:type="locator"
                xlink:href="p-cm-ca-2006-07-01.xsd#p-cm-ca_MarketRiskCapitalRequirements"
                xlink:label="MarketRiskCapitalRequirements"
                xlink:title="MarketRiskCapitalRequirements"/>
      <link:reference xlink:type="resource" xlink:label="reference_MarketRiskCapitalRequirements"
                      xlink:role="http://www.xbrl.org/2003/role/reference"
                      xlink:title="reference_MarketRiskCapitalRequirements"
                      id="reference_MarketRiskCapitalRequirements">
         <ref-corep:Comment>The capital charge for any relevant position according to annex III of Directive 2006/49/EC.</ref-corep:Comment>
      </link:reference>
      <link:referenceArc xlink:type="arc"
                         xlink:arcrole="http://www.xbrl.org/2003/arcrole/concept-reference"
                         xlink:from="MarketRiskCapitalRequirements"
                         xlink:to="reference_MarketRiskCapitalRequirements"
                         xlink:title="reference: MarketRiskCapitalRequirements to reference_MarketRiskCapitalRequirements"/>
  </link:referenceLink>
</link:linkbase>