<?xml version="1.0" encoding="UTF-8"?>
<?taxonomy-version 1.3.1?>
<!--Copyright (C) 2011 EBA - European Banking Authority, Tower 42, 25 Old Broad Street, London, EC2N 1HQ, United Kingdom.-->            
<link:linkbase xmlns:link="http://www.xbrl.org/2003/linkbase"
               xmlns:xbrli="http://www.xbrl.org/2003/instance"
               xmlns:xlink="http://www.w3.org/1999/xlink"
               xmlns:xsi="http://www.w3.org/2001/XMLSchema-instance"
               xmlns:t-mi="http://www.c-ebs.org/eu/fr/esrs/corep/2006-07-01/t-mi-2006-07-01"
               xsi:schemaLocation="http://www.xbrl.org/2003/linkbase http://www.xbrl.org/2003/xbrl-linkbase-2003-12-31.xsd">
  <link:roleRef roleURI="http://www.c-ebs.org/2006/corep/eu/mi" xlink:type="simple"
                 xlink:href="p-mi-2006-07-01.xsd#rt_mi"/>
  <link:labelLink xlink:type="extended" xlink:role="http://www.xbrl.org/2003/role/link">
      <link:loc xlink:type="locator" xlink:href="t-mi-2006-07-01.xsd#t-mi_SectionMainHypercube"
                xlink:label="SectionAllHypercube"
                xlink:title="SectionAllHypercube"/>
      <link:label xlink:type="resource" xlink:label="label_SectionAllHypercube"
                  xlink:role="http://www.xbrl.org/2003/role/label"
                  xlink:title="label_SectionAllHypercube"
                  xml:lang="en"
                  id="label_SectionAllHypercube">Section Main (Hypercube)</link:label>
      <link:labelArc xlink:type="arc" xlink:arcrole="http://www.xbrl.org/2003/arcrole/concept-label"
                     xlink:from="SectionAllHypercube"
                     xlink:to="label_SectionAllHypercube"
                     xlink:title="label: SectionAllHypercube to label_SectionAllHypercube"/>
      <link:loc xlink:type="locator"
                xlink:href="t-mi-2006-07-01.xsd#t-mi_ExcMemorandumItemsHypercube"
                xlink:label="ExcMemorandumItemsHypercube"
                xlink:title="ExcMemorandumItemsHypercube"/>
      <link:label xlink:type="resource" xlink:label="label_ExcMemorandumItemsHypercube"
                  xlink:role="http://www.xbrl.org/2003/role/label"
                  xlink:title="label_ExcMemorandumItemsHypercube"
                  xml:lang="en"
                  id="label_ExcMemorandumItemsHypercube">Excluded Memorandum Items (Hypercube)</link:label>
      <link:labelArc xlink:type="arc" xlink:arcrole="http://www.xbrl.org/2003/arcrole/concept-label"
                     xlink:from="ExcMemorandumItemsHypercube"
                     xlink:to="label_ExcMemorandumItemsHypercube"
                     xlink:title="label: ExcMemorandumItemsHypercube to label_ExcMemorandumItemsHypercube"/>
      <link:loc xlink:type="locator" xlink:href="t-mi-2006-07-01.xsd#t-mi_ExcRisksHypercube"
                xlink:label="ExcRisksHypercube"
                xlink:title="ExcRisksHypercube"/>
      <link:label xlink:type="resource" xlink:label="label_ExcRisksHypercube"
                  xlink:role="http://www.xbrl.org/2003/role/label"
                  xlink:title="label_ExcRisksHypercube"
                  xml:lang="en"
                  id="label_ExcRisksHypercube">Excluded Risks (Hypercube)</link:label>
      <link:labelArc xlink:type="arc" xlink:arcrole="http://www.xbrl.org/2003/arcrole/concept-label"
                     xlink:from="ExcRisksHypercube"
                     xlink:to="label_ExcRisksHypercube"
                     xlink:title="label: ExcRisksHypercube to label_ExcRisksHypercube"/>
  </link:labelLink>
  <link:labelLink xlink:type="extended" xlink:role="http://www.c-ebs.org/2006/corep/eu/mi">
      <link:loc xlink:type="locator"
                xlink:href="d-mr-2006-07-01.xsd#d-mr_MRiskIMTotalPositions"
                xlink:label="MRiskIMTotalPositions"
                xlink:title="MRiskIMTotalPositions"/>
      <link:label xlink:type="resource" xlink:label="label_MRiskIMTotalPositions"
                  xlink:role="http://www.xbrl.org/2003/role/label"
                  xlink:title="label_MRiskIMTotalPositions"
                  xml:lang="en"
                  id="label_MRiskIMTotalPositions">Total Positions</link:label>
      <link:labelArc xlink:type="arc" xlink:arcrole="http://www.xbrl.org/2003/arcrole/concept-label"
                     xlink:from="MRiskIMTotalPositions"
                     xlink:to="label_MRiskIMTotalPositions"
                     xlink:title="label: MRiskIMTotalPositions to label_MRiskIMTotalPositions"/>
  </link:labelLink>
</link:linkbase>