<?xml version="1.0" encoding="UTF-8"?>
<?taxonomy-version 1.3.1?>
<!--Copyright (C) 2011 EBA - European Banking Authority, Tower 42, 25 Old Broad Street, London, EC2N 1HQ, United Kingdom.-->            
<link:linkbase xmlns:link="http://www.xbrl.org/2003/linkbase"
               xmlns:xbrli="http://www.xbrl.org/2003/instance"
               xmlns:xlink="http://www.w3.org/1999/xlink"
               xmlns:xsi="http://www.w3.org/2001/XMLSchema-instance"
               xmlns:t-mt="http://www.c-ebs.org/eu/fr/esrs/corep/2006-07-01/t-mt-2006-07-01"
               xmlns:xbrldt="http://xbrl.org/2005/xbrldt"
               xsi:schemaLocation="http://www.xbrl.org/2003/linkbase http://www.xbrl.org/2003/xbrl-linkbase-2003-12-31.xsd">
  <link:roleRef roleURI="http://www.c-ebs.org/2006/corep/eu/mt" xlink:type="simple"
                 xlink:href="p-mt-2006-07-01.xsd#rt_mt"/>
  <link:roleRef roleURI="http://www.c-ebs.org/2006/corep/eu/t-mt/ExcGeneralRiskHypercube"
                 xlink:type="simple"
                 xlink:href="t-mt-2006-07-01.xsd#rt_t-mt_ExcGeneralRiskHypercube"/>
  <link:roleRef roleURI="http://www.c-ebs.org/2006/corep/eu/t-mt/ExcMatchedWeightedPositionsHypercube"
                 xlink:type="simple"
                 xlink:href="t-mt-2006-07-01.xsd#rt_t-mt_ExcMatchedWeightedPositionsHypercube"/>
  <link:roleRef roleURI="http://www.c-ebs.org/2006/corep/eu/t-mt/ExcOtherNonDeltaRisksOptionsHypercube"
                 xlink:type="simple"
                 xlink:href="t-mt-2006-07-01.xsd#rt_t-mt_ExcOtherNonDeltaRisksOptionsHypercube"/>
  <link:roleRef roleURI="http://www.c-ebs.org/2006/corep/eu/t-mt/ExcParticularAndMarginBasedApproachesHypercube"
                 xlink:type="simple"
                 xlink:href="t-mt-2006-07-01.xsd#rt_t-mt_ExcParticularAndMarginBasedApproachesHypercube"/>
  <link:roleRef roleURI="http://www.c-ebs.org/2006/corep/eu/t-mt/ExcZonesHypercube"
                 xlink:type="simple"
                 xlink:href="t-mt-2006-07-01.xsd#rt_t-mt_ExcZonesHypercube"/>
  <link:roleRef roleURI="http://www.c-ebs.org/2006/corep/eu/t-mt/SectionMainHypercube"
                 xlink:type="simple"
                 xlink:href="t-mt-2006-07-01.xsd#rt_t-mt_SectionMainHypercube"/>
  <link:roleRef roleURI="http://www.c-ebs.org/2006/corep/eu/t-mt/SectionProhibitedItems"
                 xlink:type="simple"
                 xlink:href="t-mt-2006-07-01.xsd#rt_t-mt_SectionProhibitedItems"/>
  <link:roleRef roleURI="http://www.c-ebs.org/2006/corep/eu/cm-ca" xlink:type="simple"
                 xlink:href="p-cm-ca-2006-07-01.xsd#rt_cm-ca"/>
  <link:roleRef roleURI="http://www.c-ebs.org/2006/corep/eu/cm-mr" xlink:type="simple"
                 xlink:href="p-cm-mr-2006-07-01.xsd#rt_cm-mr"/>
  <link:arcroleRef arcroleURI="http://xbrl.org/int/dim/arcrole/all" xlink:type="simple"
                    xlink:href="http://www.xbrl.org/2005/xbrldt-2005.xsd#all"/>
  <link:arcroleRef arcroleURI="http://xbrl.org/int/dim/arcrole/dimension-domain"
                    xlink:type="simple"
                    xlink:href="http://www.xbrl.org/2005/xbrldt-2005.xsd#dimension-domain"/>
  <link:arcroleRef arcroleURI="http://xbrl.org/int/dim/arcrole/hypercube-dimension"
                    xlink:type="simple"
                    xlink:href="http://www.xbrl.org/2005/xbrldt-2005.xsd#hypercube-dimension"/>
  <link:arcroleRef arcroleURI="http://xbrl.org/int/dim/arcrole/notAll" xlink:type="simple"
                    xlink:href="http://www.xbrl.org/2005/xbrldt-2005.xsd#notAll"/>
  <link:arcroleRef arcroleURI="http://xbrl.org/int/dim/arcrole/domain-member" xlink:type="simple"
                    xlink:href="http://www.xbrl.org/2005/xbrldt-2005.xsd#domain-member"/>
  <link:definitionLink xlink:type="extended"
                        xlink:role="http://www.c-ebs.org/2006/corep/eu/t-mt/ExcMatchedWeightedPositionsHypercube">
      <link:loc xlink:type="locator"
                xlink:href="t-mt-2006-07-01.xsd#t-mt_ExcMatchedWeightedPositionsHypercube"
                xlink:label="ExcMatchedWeightedPositionsHypercube"
                xlink:title="ExcMatchedWeightedPositionsHypercube"/>
      <link:loc xlink:type="locator" xlink:href="d-mr-2006-07-01.xsd#d-mr_MarketRiskDimension"
                xlink:label="MarketRiskDimension"
                xlink:title="MarketRiskDimension"/>
      <link:definitionArc xlink:type="arc"
                          xlink:arcrole="http://xbrl.org/int/dim/arcrole/hypercube-dimension"
                          xlink:from="ExcMatchedWeightedPositionsHypercube"
                          xlink:to="MarketRiskDimension"
                          xlink:title="definition: ExcMatchedWeightedPositionsHypercube to MarketRiskDimension"
                          order="1.0"/>
      <link:loc xlink:type="locator"
                xlink:href="d-mr-2006-07-01.xsd#d-mr_MRiskSATDIMatchedWeightedPositionInAllMaturityBands"
                xlink:label="MRiskSATDIMatchedWeightedPositionInAllMaturityBands"
                xlink:title="MRiskSATDIMatchedWeightedPositionInAllMaturityBands"/>
      <link:definitionArc xlink:type="arc"
                          xlink:arcrole="http://xbrl.org/int/dim/arcrole/dimension-domain"
                          xlink:from="MarketRiskDimension"
                          xlink:to="MRiskSATDIMatchedWeightedPositionInAllMaturityBands"
                          xlink:title="definition: MarketRiskDimension to MRiskSATDIMatchedWeightedPositionInAllMaturityBands"
                          order="1.0"/>
      <link:loc xlink:type="locator"
                xlink:href="d-mr-2006-07-01.xsd#d-mr_MRiskSATDIMatchedWeightedPositionInZone1"
                xlink:label="MRiskSATDIMatchedWeightedPositionInZone1"
                xlink:title="MRiskSATDIMatchedWeightedPositionInZone1"/>
      <link:definitionArc xlink:type="arc"
                          xlink:arcrole="http://xbrl.org/int/dim/arcrole/dimension-domain"
                          xlink:from="MarketRiskDimension"
                          xlink:to="MRiskSATDIMatchedWeightedPositionInZone1"
                          xlink:title="definition: MarketRiskDimension to MRiskSATDIMatchedWeightedPositionInZone1"
                          order="2.0"/>
      <link:loc xlink:type="locator"
                xlink:href="d-mr-2006-07-01.xsd#d-mr_MRiskSATDIMatchedWeightedPositionInZone2"
                xlink:label="MRiskSATDIMatchedWeightedPositionInZone2"
                xlink:title="MRiskSATDIMatchedWeightedPositionInZone2"/>
      <link:definitionArc xlink:type="arc"
                          xlink:arcrole="http://xbrl.org/int/dim/arcrole/dimension-domain"
                          xlink:from="MarketRiskDimension"
                          xlink:to="MRiskSATDIMatchedWeightedPositionInZone2"
                          xlink:title="definition: MarketRiskDimension to MRiskSATDIMatchedWeightedPositionInZone2"
                          order="3.0"/>
      <link:loc xlink:type="locator"
                xlink:href="d-mr-2006-07-01.xsd#d-mr_MRiskSATDIMatchedWeightedPositionInZone3"
                xlink:label="MRiskSATDIMatchedWeightedPositionInZone3"
                xlink:title="MRiskSATDIMatchedWeightedPositionInZone3"/>
      <link:definitionArc xlink:type="arc"
                          xlink:arcrole="http://xbrl.org/int/dim/arcrole/dimension-domain"
                          xlink:from="MarketRiskDimension"
                          xlink:to="MRiskSATDIMatchedWeightedPositionInZone3"
                          xlink:title="definition: MarketRiskDimension to MRiskSATDIMatchedWeightedPositionInZone3"
                          order="4.0"/>
      <link:loc xlink:type="locator"
                xlink:href="d-mr-2006-07-01.xsd#d-mr_MRiskSATDIMatchedWeightedPositionBetweenZone1And2"
                xlink:label="MRiskSATDIMatchedWeightedPositionBetweenZone1And2"
                xlink:title="MRiskSATDIMatchedWeightedPositionBetweenZone1And2"/>
      <link:definitionArc xlink:type="arc"
                          xlink:arcrole="http://xbrl.org/int/dim/arcrole/dimension-domain"
                          xlink:from="MarketRiskDimension"
                          xlink:to="MRiskSATDIMatchedWeightedPositionBetweenZone1And2"
                          xlink:title="definition: MarketRiskDimension to MRiskSATDIMatchedWeightedPositionBetweenZone1And2"
                          order="5.0"/>
      <link:loc xlink:type="locator"
                xlink:href="d-mr-2006-07-01.xsd#d-mr_MRiskSATDIMatchedWeightedPositionBetweenZone2And3"
                xlink:label="MRiskSATDIMatchedWeightedPositionBetweenZone2And3"
                xlink:title="MRiskSATDIMatchedWeightedPositionBetweenZone2And3"/>
      <link:definitionArc xlink:type="arc"
                          xlink:arcrole="http://xbrl.org/int/dim/arcrole/dimension-domain"
                          xlink:from="MarketRiskDimension"
                          xlink:to="MRiskSATDIMatchedWeightedPositionBetweenZone2And3"
                          xlink:title="definition: MarketRiskDimension to MRiskSATDIMatchedWeightedPositionBetweenZone2And3"
                          order="6.0"/>
      <link:loc xlink:type="locator"
                xlink:href="d-mr-2006-07-01.xsd#d-mr_MRiskSATDIMatchedWeightedPositionBetweenZone1And3"
                xlink:label="MRiskSATDIMatchedWeightedPositionBetweenZone1And3"
                xlink:title="MRiskSATDIMatchedWeightedPositionBetweenZone1And3"/>
      <link:definitionArc xlink:type="arc"
                          xlink:arcrole="http://xbrl.org/int/dim/arcrole/dimension-domain"
                          xlink:from="MarketRiskDimension"
                          xlink:to="MRiskSATDIMatchedWeightedPositionBetweenZone1And3"
                          xlink:title="definition: MarketRiskDimension to MRiskSATDIMatchedWeightedPositionBetweenZone1And3"
                          order="7.0"/>
      <link:loc xlink:type="locator"
                xlink:href="d-mr-2006-07-01.xsd#d-mr_MRiskSATDIResidualUnmatchedWeightedPositions"
                xlink:label="MRiskSATDIResidualUnmatchedWeightedPositions"
                xlink:title="MRiskSATDIResidualUnmatchedWeightedPositions"/>
      <link:definitionArc xlink:type="arc"
                          xlink:arcrole="http://xbrl.org/int/dim/arcrole/dimension-domain"
                          xlink:from="MarketRiskDimension"
                          xlink:to="MRiskSATDIResidualUnmatchedWeightedPositions"
                          xlink:title="definition: MarketRiskDimension to MRiskSATDIResidualUnmatchedWeightedPositions"
                          order="8.0"/>
      <link:loc xlink:type="locator"
                xlink:href="d-mr-2006-07-01.xsd#d-mr_MRiskSATDIMatchedDurationWeightedPositionInAllZones"
                xlink:label="MRiskSATDIMatchedDurationWeightedPositionInAllZones"
                xlink:title="MRiskSATDIMatchedDurationWeightedPositionInAllZones"/>
      <link:definitionArc xlink:type="arc"
                          xlink:arcrole="http://xbrl.org/int/dim/arcrole/dimension-domain"
                          xlink:from="MarketRiskDimension"
                          xlink:to="MRiskSATDIMatchedDurationWeightedPositionInAllZones"
                          xlink:title="definition: MarketRiskDimension to MRiskSATDIMatchedDurationWeightedPositionInAllZones"
                          order="9.0"/>
      <link:loc xlink:type="locator"
                xlink:href="d-mr-2006-07-01.xsd#d-mr_MRiskSATDIMatchedDurationWeightedPositionBetweenZone1And2"
                xlink:label="MRiskSATDIMatchedDurationWeightedPositionBetweenZone1And2"
                xlink:title="MRiskSATDIMatchedDurationWeightedPositionBetweenZone1And2"/>
      <link:definitionArc xlink:type="arc"
                          xlink:arcrole="http://xbrl.org/int/dim/arcrole/dimension-domain"
                          xlink:from="MarketRiskDimension"
                          xlink:to="MRiskSATDIMatchedDurationWeightedPositionBetweenZone1And2"
                          xlink:title="definition: MarketRiskDimension to MRiskSATDIMatchedDurationWeightedPositionBetweenZone1And2"
                          order="10.0"/>
      <link:loc xlink:type="locator"
                xlink:href="d-mr-2006-07-01.xsd#d-mr_MRiskSATDIMatchedDurationWeightedPositionBetweenZone2And3"
                xlink:label="MRiskSATDIMatchedDurationWeightedPositionBetweenZone2And3"
                xlink:title="MRiskSATDIMatchedDurationWeightedPositionBetweenZone2And3"/>
      <link:definitionArc xlink:type="arc"
                          xlink:arcrole="http://xbrl.org/int/dim/arcrole/dimension-domain"
                          xlink:from="MarketRiskDimension"
                          xlink:to="MRiskSATDIMatchedDurationWeightedPositionBetweenZone2And3"
                          xlink:title="definition: MarketRiskDimension to MRiskSATDIMatchedDurationWeightedPositionBetweenZone2And3"
                          order="11.0"/>
      <link:loc xlink:type="locator"
                xlink:href="d-mr-2006-07-01.xsd#d-mr_MRiskSATDIMatchedDurationWeightedPositionBetweenZone1And3"
                xlink:label="MRiskSATDIMatchedDurationWeightedPositionBetweenZone1And3"
                xlink:title="MRiskSATDIMatchedDurationWeightedPositionBetweenZone1And3"/>
      <link:definitionArc xlink:type="arc"
                          xlink:arcrole="http://xbrl.org/int/dim/arcrole/dimension-domain"
                          xlink:from="MarketRiskDimension"
                          xlink:to="MRiskSATDIMatchedDurationWeightedPositionBetweenZone1And3"
                          xlink:title="definition: MarketRiskDimension to MRiskSATDIMatchedDurationWeightedPositionBetweenZone1And3"
                          order="12.0"/>
      <link:loc xlink:type="locator"
                xlink:href="d-mr-2006-07-01.xsd#d-mr_MRiskSATDIResidualUnmatchedDurationWeightedPositions"
                xlink:label="MRiskSATDIResidualUnmatchedDurationWeightedPositions"
                xlink:title="MRiskSATDIResidualUnmatchedDurationWeightedPositions"/>
      <link:definitionArc xlink:type="arc"
                          xlink:arcrole="http://xbrl.org/int/dim/arcrole/dimension-domain"
                          xlink:from="MarketRiskDimension"
                          xlink:to="MRiskSATDIResidualUnmatchedDurationWeightedPositions"
                          xlink:title="definition: MarketRiskDimension to MRiskSATDIResidualUnmatchedDurationWeightedPositions"
                          order="13.0"/>
      <link:loc xlink:type="locator" xlink:href="d-cu-2006-07-01.xsd#d-cu_CurrencyDimension"
                xlink:label="CurrencyDimension"
                xlink:title="CurrencyDimension"/>
      <link:definitionArc xlink:type="arc"
                          xlink:arcrole="http://xbrl.org/int/dim/arcrole/hypercube-dimension"
                          xlink:from="ExcMatchedWeightedPositionsHypercube"
                          xlink:to="CurrencyDimension"
                          xlink:title="definition: ExcMatchedWeightedPositionsHypercube to CurrencyDimension"
                          order="2.0"/>
      <link:loc xlink:type="locator" xlink:href="d-cu-2006-07-01.xsd#d-cu_CurrencyCodeDomain"
                xlink:label="CurrencyCodeDomain"
                xlink:title="CurrencyCodeDomain"/>
      <link:definitionArc xlink:type="arc"
                          xlink:arcrole="http://xbrl.org/int/dim/arcrole/dimension-domain"
                          xlink:from="CurrencyDimension"
                          xlink:to="CurrencyCodeDomain"
                          xlink:title="definition: CurrencyDimension to CurrencyCodeDomain"
                          order="1.0"
                          xbrldt:targetRole="http://www.xbrl.org/2003/role/link"
                          xbrldt:usable="false"/>
  </link:definitionLink>
  <link:definitionLink xlink:type="extended"
                        xlink:role="http://www.c-ebs.org/2006/corep/eu/t-mt/SectionMainHypercube">
      <link:loc xlink:type="locator" xlink:href="d-mr-2006-07-01.xsd#d-mr_MarketRiskDimension"
                xlink:label="MarketRiskDimension"
                xlink:title="MarketRiskDimension"/>
      <link:loc xlink:type="locator" xlink:href="d-mr-2006-07-01.xsd#d-mr_MRiskSATDITotal"
                xlink:label="MRiskSATDITotal"
                xlink:title="MRiskSATDITotal"/>
      <link:definitionArc xlink:type="arc"
                          xlink:arcrole="http://xbrl.org/int/dim/arcrole/dimension-domain"
                          xlink:from="MarketRiskDimension"
                          xlink:to="MRiskSATDITotal"
                          xlink:title="definition: MarketRiskDimension to MRiskSATDITotal"
                          order="1.0"
                          xbrldt:targetRole="http://www.xbrl.org/2003/role/link"/>
      <link:loc xlink:type="locator" xlink:href="d-cu-2006-07-01.xsd#d-cu_CurrencyDimension"
                xlink:label="CurrencyDimension"
                xlink:title="CurrencyDimension"/>
      <link:loc xlink:type="locator" xlink:href="d-cu-2006-07-01.xsd#d-cu_CurrencyCodeDomain"
                xlink:label="CurrencyCodeDomain"
                xlink:title="CurrencyCodeDomain"/>
      <link:definitionArc xlink:type="arc"
                          xlink:arcrole="http://xbrl.org/int/dim/arcrole/dimension-domain"
                          xlink:from="CurrencyDimension"
                          xlink:to="CurrencyCodeDomain"
                          xlink:title="definition: CurrencyDimension to CurrencyCodeDomain"
                          order="1.0"
                          xbrldt:targetRole="http://www.xbrl.org/2003/role/link"
                          xbrldt:usable="false"/>
      <link:loc xlink:type="locator" xlink:href="t-mt-2006-07-01.xsd#t-mt_SectionMainHypercube"
                xlink:label="SectionAllHypercube"
                xlink:title="SectionAllHypercube"/>
      <link:definitionArc xlink:type="arc"
                          xlink:arcrole="http://xbrl.org/int/dim/arcrole/hypercube-dimension"
                          xlink:from="SectionAllHypercube"
                          xlink:to="MarketRiskDimension"
                          xlink:title="definition: SectionAllHypercube to MarketRiskDimension"
                          order="1.0"/>
      <link:definitionArc xlink:type="arc"
                          xlink:arcrole="http://xbrl.org/int/dim/arcrole/hypercube-dimension"
                          xlink:from="SectionAllHypercube"
                          xlink:to="CurrencyDimension"
                          xlink:title="definition: SectionAllHypercube to CurrencyDimension"
                          order="2.0"/>
  </link:definitionLink>
  <link:definitionLink xlink:type="extended"
                        xlink:role="http://www.c-ebs.org/2006/corep/eu/t-mt/ExcGeneralRiskHypercube">
      <link:loc xlink:type="locator" xlink:href="d-mr-2006-07-01.xsd#d-mr_MarketRiskDimension"
                xlink:label="MarketRiskDimension"
                xlink:title="MarketRiskDimension"/>
      <link:loc xlink:type="locator"
                xlink:href="d-mr-2006-07-01.xsd#d-mr_MRiskSATDIGeneralRiskMaturityBasedApproach"
                xlink:label="MRiskSATDIGeneralRiskMaturityBasedApproach"
                xlink:title="MRiskSATDIGeneralRiskMaturityBasedApproach"/>
      <link:definitionArc xlink:type="arc"
                          xlink:arcrole="http://xbrl.org/int/dim/arcrole/dimension-domain"
                          xlink:from="MarketRiskDimension"
                          xlink:to="MRiskSATDIGeneralRiskMaturityBasedApproach"
                          xlink:title="definition: MarketRiskDimension to MRiskSATDIGeneralRiskMaturityBasedApproach"
                          order="1.0"/>
      <link:loc xlink:type="locator"
                xlink:href="d-mr-2006-07-01.xsd#d-mr_MRiskSATDIGeneralRiskDurationBasedApproach"
                xlink:label="MRiskSATDIGeneralRiskDurationBasedApproach"
                xlink:title="MRiskSATDIGeneralRiskDurationBasedApproach"/>
      <link:definitionArc xlink:type="arc"
                          xlink:arcrole="http://xbrl.org/int/dim/arcrole/dimension-domain"
                          xlink:from="MarketRiskDimension"
                          xlink:to="MRiskSATDIGeneralRiskDurationBasedApproach"
                          xlink:title="definition: MarketRiskDimension to MRiskSATDIGeneralRiskDurationBasedApproach"
                          order="2.0"/>
      <link:loc xlink:type="locator" xlink:href="d-cu-2006-07-01.xsd#d-cu_CurrencyDimension"
                xlink:label="CurrencyDimension"
                xlink:title="CurrencyDimension"/>
      <link:loc xlink:type="locator" xlink:href="d-cu-2006-07-01.xsd#d-cu_CurrencyCodeDomain"
                xlink:label="CurrencyCodeDomain"
                xlink:title="CurrencyCodeDomain"/>
      <link:definitionArc xlink:type="arc"
                          xlink:arcrole="http://xbrl.org/int/dim/arcrole/dimension-domain"
                          xlink:from="CurrencyDimension"
                          xlink:to="CurrencyCodeDomain"
                          xlink:title="definition: CurrencyDimension to CurrencyCodeDomain"
                          order="1.0"
                          xbrldt:targetRole="http://www.xbrl.org/2003/role/link"
                          xbrldt:usable="false"/>
      <link:loc xlink:type="locator"
                xlink:href="t-mt-2006-07-01.xsd#t-mt_ExcGeneralRiskHypercube"
                xlink:label="ExcGeneralRiskHypercube"
                xlink:title="ExcGeneralRiskHypercube"/>
      <link:definitionArc xlink:type="arc"
                          xlink:arcrole="http://xbrl.org/int/dim/arcrole/hypercube-dimension"
                          xlink:from="ExcGeneralRiskHypercube"
                          xlink:to="MarketRiskDimension"
                          xlink:title="definition: ExcGeneralRiskHypercube to MarketRiskDimension"
                          order="1.0"/>
      <link:definitionArc xlink:type="arc"
                          xlink:arcrole="http://xbrl.org/int/dim/arcrole/hypercube-dimension"
                          xlink:from="ExcGeneralRiskHypercube"
                          xlink:to="CurrencyDimension"
                          xlink:title="definition: ExcGeneralRiskHypercube to CurrencyDimension"
                          order="2.0"/>
  </link:definitionLink>
  <link:definitionLink xlink:type="extended"
                        xlink:role="http://www.c-ebs.org/2006/corep/eu/t-mt/ExcOtherNonDeltaRisksOptionsHypercube">
      <link:loc xlink:type="locator" xlink:href="d-mr-2006-07-01.xsd#d-mr_MarketRiskDimension"
                xlink:label="MarketRiskDimension"
                xlink:title="MarketRiskDimension"/>
      <link:loc xlink:type="locator"
                xlink:href="d-mr-2006-07-01.xsd#d-mr_MRiskSATDIOtherNonDeltaRisksOptions"
                xlink:label="MRiskSATDIOtherNonDeltaRisksOptions"
                xlink:title="MRiskSATDIOtherNonDeltaRisksOptions"/>
      <link:definitionArc xlink:type="arc"
                          xlink:arcrole="http://xbrl.org/int/dim/arcrole/dimension-domain"
                          xlink:from="MarketRiskDimension"
                          xlink:to="MRiskSATDIOtherNonDeltaRisksOptions"
                          xlink:title="definition: MarketRiskDimension to MRiskSATDIOtherNonDeltaRisksOptions"
                          order="1.0"/>
      <link:loc xlink:type="locator" xlink:href="d-cu-2006-07-01.xsd#d-cu_CurrencyDimension"
                xlink:label="CurrencyDimension"
                xlink:title="CurrencyDimension"/>
      <link:loc xlink:type="locator" xlink:href="d-cu-2006-07-01.xsd#d-cu_CurrencyCodeDomain"
                xlink:label="CurrencyCodeDomain"
                xlink:title="CurrencyCodeDomain"/>
      <link:definitionArc xlink:type="arc"
                          xlink:arcrole="http://xbrl.org/int/dim/arcrole/dimension-domain"
                          xlink:from="CurrencyDimension"
                          xlink:to="CurrencyCodeDomain"
                          xlink:title="definition: CurrencyDimension to CurrencyCodeDomain"
                          order="1.0"
                          xbrldt:targetRole="http://www.xbrl.org/2003/role/link"
                          xbrldt:usable="false"/>
      <link:loc xlink:type="locator"
                xlink:href="t-mt-2006-07-01.xsd#t-mt_ExcOtherNonDeltaRisksOptionsHypercube"
                xlink:label="ExcOtherNonDeltaRisksOptionsHypercube"
                xlink:title="ExcOtherNonDeltaRisksOptionsHypercube"/>
      <link:definitionArc xlink:type="arc"
                          xlink:arcrole="http://xbrl.org/int/dim/arcrole/hypercube-dimension"
                          xlink:from="ExcOtherNonDeltaRisksOptionsHypercube"
                          xlink:to="MarketRiskDimension"
                          xlink:title="definition: ExcOtherNonDeltaRisksOptionsHypercube to MarketRiskDimension"
                          order="1.0"/>
      <link:definitionArc xlink:type="arc"
                          xlink:arcrole="http://xbrl.org/int/dim/arcrole/hypercube-dimension"
                          xlink:from="ExcOtherNonDeltaRisksOptionsHypercube"
                          xlink:to="CurrencyDimension"
                          xlink:title="definition: ExcOtherNonDeltaRisksOptionsHypercube to CurrencyDimension"
                          order="2.0"/>
  </link:definitionLink>
  <link:definitionLink xlink:type="extended"
                        xlink:role="http://www.c-ebs.org/2006/corep/eu/t-mt/ExcParticularAndMarginBasedApproachesHypercube">
      <link:loc xlink:type="locator" xlink:href="d-mr-2006-07-01.xsd#d-mr_MarketRiskDimension"
                xlink:label="MarketRiskDimension"
                xlink:title="MarketRiskDimension"/>
      <link:loc xlink:type="locator"
                xlink:href="d-mr-2006-07-01.xsd#d-mr_MRiskSATDIParticularApproachPositionRiskInCIUs"
                xlink:label="MRiskSATDIParticularApproachPositionRiskInCIUs"
                xlink:title="MRiskSATDIParticularApproachPositionRiskInCIUs"/>
      <link:definitionArc xlink:type="arc"
                          xlink:arcrole="http://xbrl.org/int/dim/arcrole/dimension-domain"
                          xlink:from="MarketRiskDimension"
                          xlink:to="MRiskSATDIParticularApproachPositionRiskInCIUs"
                          xlink:title="definition: MarketRiskDimension to MRiskSATDIParticularApproachPositionRiskInCIUs"
                          order="1.0"/>
      <link:loc xlink:type="locator"
                xlink:href="d-mr-2006-07-01.xsd#d-mr_MRiskSATDIMarginBasedApproachExchangeTradedFuturesOptions"
                xlink:label="MRiskSATDIMarginBasedApproachExchangeTradedFuturesOptions"
                xlink:title="MRiskSATDIMarginBasedApproachExchangeTradedFuturesOptions"/>
      <link:definitionArc xlink:type="arc"
                          xlink:arcrole="http://xbrl.org/int/dim/arcrole/dimension-domain"
                          xlink:from="MarketRiskDimension"
                          xlink:to="MRiskSATDIMarginBasedApproachExchangeTradedFuturesOptions"
                          xlink:title="definition: MarketRiskDimension to MRiskSATDIMarginBasedApproachExchangeTradedFuturesOptions"
                          order="2.0"/>
      <link:loc xlink:type="locator"
                xlink:href="d-mr-2006-07-01.xsd#d-mr_MRiskSATDIMarginBasedApproachOTCFuturesOptions"
                xlink:label="MRiskSATDIMarginBasedApproachOTCFuturesOptions"
                xlink:title="MRiskSATDIMarginBasedApproachOTCFuturesOptions"/>
      <link:definitionArc xlink:type="arc"
                          xlink:arcrole="http://xbrl.org/int/dim/arcrole/dimension-domain"
                          xlink:from="MarketRiskDimension"
                          xlink:to="MRiskSATDIMarginBasedApproachOTCFuturesOptions"
                          xlink:title="definition: MarketRiskDimension to MRiskSATDIMarginBasedApproachOTCFuturesOptions"
                          order="3.0"/>
      <link:loc xlink:type="locator" xlink:href="d-cu-2006-07-01.xsd#d-cu_CurrencyDimension"
                xlink:label="CurrencyDimension"
                xlink:title="CurrencyDimension"/>
      <link:loc xlink:type="locator" xlink:href="d-cu-2006-07-01.xsd#d-cu_CurrencyCodeDomain"
                xlink:label="CurrencyCodeDomain"
                xlink:title="CurrencyCodeDomain"/>
      <link:definitionArc xlink:type="arc"
                          xlink:arcrole="http://xbrl.org/int/dim/arcrole/dimension-domain"
                          xlink:from="CurrencyDimension"
                          xlink:to="CurrencyCodeDomain"
                          xlink:title="definition: CurrencyDimension to CurrencyCodeDomain"
                          order="1.0"
                          xbrldt:targetRole="http://www.xbrl.org/2003/role/link"
                          xbrldt:usable="false"/>
      <link:loc xlink:type="locator"
                xlink:href="t-mt-2006-07-01.xsd#t-mt_ExcParticularAndMarginBasedApproachesHypercube"
                xlink:label="ExcParticularAndMarginBasedApproachesHypercube"
                xlink:title="ExcParticularAndMarginBasedApproachesHypercube"/>
      <link:definitionArc xlink:type="arc"
                          xlink:arcrole="http://xbrl.org/int/dim/arcrole/hypercube-dimension"
                          xlink:from="ExcParticularAndMarginBasedApproachesHypercube"
                          xlink:to="MarketRiskDimension"
                          xlink:title="definition: ExcParticularAndMarginBasedApproachesHypercube to MarketRiskDimension"
                          order="1.0"/>
      <link:definitionArc xlink:type="arc"
                          xlink:arcrole="http://xbrl.org/int/dim/arcrole/hypercube-dimension"
                          xlink:from="ExcParticularAndMarginBasedApproachesHypercube"
                          xlink:to="CurrencyDimension"
                          xlink:title="definition: ExcParticularAndMarginBasedApproachesHypercube to CurrencyDimension"
                          order="2.0"/>
  </link:definitionLink>
  <link:definitionLink xlink:type="extended"
                        xlink:role="http://www.c-ebs.org/2006/corep/eu/t-mt/ExcZonesHypercube">
      <link:loc xlink:type="locator" xlink:href="d-mr-2006-07-01.xsd#d-mr_MarketRiskDimension"
                xlink:label="MarketRiskDimension"
                xlink:title="MarketRiskDimension"/>
      <link:loc xlink:type="locator"
                xlink:href="d-mr-2006-07-01.xsd#d-mr_MRiskSATDIZone1GeneralRiskMaturityBased"
                xlink:label="MRiskSATDIZone1GeneralRiskMaturityBased"
                xlink:title="MRiskSATDIZone1GeneralRiskMaturityBased"/>
      <link:definitionArc xlink:type="arc"
                          xlink:arcrole="http://xbrl.org/int/dim/arcrole/dimension-domain"
                          xlink:from="MarketRiskDimension"
                          xlink:to="MRiskSATDIZone1GeneralRiskMaturityBased"
                          xlink:title="definition: MarketRiskDimension to MRiskSATDIZone1GeneralRiskMaturityBased"
                          order="1.0"
                          xbrldt:targetRole="http://www.xbrl.org/2003/role/link"/>
      <link:loc xlink:type="locator"
                xlink:href="d-mr-2006-07-01.xsd#d-mr_MRiskSATDIZone2GeneralRiskMaturityBased"
                xlink:label="MRiskSATDIZone2GeneralRiskMaturityBased"
                xlink:title="MRiskSATDIZone2GeneralRiskMaturityBased"/>
      <link:definitionArc xlink:type="arc"
                          xlink:arcrole="http://xbrl.org/int/dim/arcrole/dimension-domain"
                          xlink:from="MarketRiskDimension"
                          xlink:to="MRiskSATDIZone2GeneralRiskMaturityBased"
                          xlink:title="definition: MarketRiskDimension to MRiskSATDIZone2GeneralRiskMaturityBased"
                          order="2.0"
                          xbrldt:targetRole="http://www.xbrl.org/2003/role/link"/>
      <link:loc xlink:type="locator"
                xlink:href="d-mr-2006-07-01.xsd#d-mr_MRiskSATDIZone3GeneralRiskMaturityBased"
                xlink:label="MRiskSATDIZone3GeneralRiskMaturityBased"
                xlink:title="MRiskSATDIZone3GeneralRiskMaturityBased"/>
      <link:definitionArc xlink:type="arc"
                          xlink:arcrole="http://xbrl.org/int/dim/arcrole/dimension-domain"
                          xlink:from="MarketRiskDimension"
                          xlink:to="MRiskSATDIZone3GeneralRiskMaturityBased"
                          xlink:title="definition: MarketRiskDimension to MRiskSATDIZone3GeneralRiskMaturityBased"
                          order="3.0"
                          xbrldt:targetRole="http://www.xbrl.org/2003/role/link"/>
      <link:loc xlink:type="locator"
                xlink:href="d-mr-2006-07-01.xsd#d-mr_MRiskSATDIZone1GeneralRiskDurationBased"
                xlink:label="MRiskSATDIZone1GeneralRiskDurationBased"
                xlink:title="MRiskSATDIZone1GeneralRiskDurationBased"/>
      <link:definitionArc xlink:type="arc"
                          xlink:arcrole="http://xbrl.org/int/dim/arcrole/dimension-domain"
                          xlink:from="MarketRiskDimension"
                          xlink:to="MRiskSATDIZone1GeneralRiskDurationBased"
                          xlink:title="definition: MarketRiskDimension to MRiskSATDIZone1GeneralRiskDurationBased"
                          order="4.0"/>
      <link:loc xlink:type="locator"
                xlink:href="d-mr-2006-07-01.xsd#d-mr_MRiskSATDIZone2GeneralRiskDurationBased"
                xlink:label="MRiskSATDIZone2GeneralRiskDurationBased"
                xlink:title="MRiskSATDIZone2GeneralRiskDurationBased"/>
      <link:definitionArc xlink:type="arc"
                          xlink:arcrole="http://xbrl.org/int/dim/arcrole/dimension-domain"
                          xlink:from="MarketRiskDimension"
                          xlink:to="MRiskSATDIZone2GeneralRiskDurationBased"
                          xlink:title="definition: MarketRiskDimension to MRiskSATDIZone2GeneralRiskDurationBased"
                          order="5.0"/>
      <link:loc xlink:type="locator"
                xlink:href="d-mr-2006-07-01.xsd#d-mr_MRiskSATDIZone3GeneralRiskDurationBased"
                xlink:label="MRiskSATDIZone3GeneralRiskDurationBased"
                xlink:title="MRiskSATDIZone3GeneralRiskDurationBased"/>
      <link:definitionArc xlink:type="arc"
                          xlink:arcrole="http://xbrl.org/int/dim/arcrole/dimension-domain"
                          xlink:from="MarketRiskDimension"
                          xlink:to="MRiskSATDIZone3GeneralRiskDurationBased"
                          xlink:title="definition: MarketRiskDimension to MRiskSATDIZone3GeneralRiskDurationBased"
                          order="6.0"/>
      <link:loc xlink:type="locator" xlink:href="d-cu-2006-07-01.xsd#d-cu_CurrencyDimension"
                xlink:label="CurrencyDimension"
                xlink:title="CurrencyDimension"/>
      <link:loc xlink:type="locator" xlink:href="d-cu-2006-07-01.xsd#d-cu_CurrencyCodeDomain"
                xlink:label="CurrencyCodeDomain"
                xlink:title="CurrencyCodeDomain"/>
      <link:definitionArc xlink:type="arc"
                          xlink:arcrole="http://xbrl.org/int/dim/arcrole/dimension-domain"
                          xlink:from="CurrencyDimension"
                          xlink:to="CurrencyCodeDomain"
                          xlink:title="definition: CurrencyDimension to CurrencyCodeDomain"
                          order="1.0"
                          xbrldt:targetRole="http://www.xbrl.org/2003/role/link"
                          xbrldt:usable="false"/>
      <link:loc xlink:type="locator" xlink:href="t-mt-2006-07-01.xsd#t-mt_ExcZonesHypercube"
                xlink:label="ExcZonesHypercube"
                xlink:title="ExcZonesHypercube"/>
      <link:definitionArc xlink:type="arc"
                          xlink:arcrole="http://xbrl.org/int/dim/arcrole/hypercube-dimension"
                          xlink:from="ExcZonesHypercube"
                          xlink:to="MarketRiskDimension"
                          xlink:title="definition: ExcZonesHypercube to MarketRiskDimension"
                          order="1.0"/>
      <link:definitionArc xlink:type="arc"
                          xlink:arcrole="http://xbrl.org/int/dim/arcrole/hypercube-dimension"
                          xlink:from="ExcZonesHypercube"
                          xlink:to="CurrencyDimension"
                          xlink:title="definition: ExcZonesHypercube to CurrencyDimension"
                          order="2.0"/>
  </link:definitionLink>
  <link:definitionLink xlink:type="extended"
                        xlink:role="http://www.c-ebs.org/2006/corep/eu/t-mt/SectionProhibitedItems">
      <link:loc xlink:type="locator"
                xlink:href="d-hh-2006-07-01.xsd#hyp-cm_ProhibitedItemsPlaceholder"
                xlink:label="ProhibitedItemsPlaceholder"
                xlink:title="ProhibitedItemsPlaceholder"/>
      <link:loc xlink:type="locator"
                xlink:href="d-hh-2006-07-01.xsd#hyp-cm_ProhibitingHypercube"
                xlink:label="ProhibitingHypercube"
                xlink:title="ProhibitingHypercube"/>
      <link:definitionArc xlink:type="arc" xlink:arcrole="http://xbrl.org/int/dim/arcrole/all"
                          xlink:from="ProhibitedItemsPlaceholder"
                          xlink:to="ProhibitingHypercube"
                          xlink:title="definition: ProhibitedItemsPlaceholder to ProhibitingHypercube"
                          order="3.0"
                          xbrldt:contextElement="scenario"
                          xbrldt:closed="true"/>
      <link:loc xlink:type="locator" xlink:href="d-hh-2006-07-01.xsd#hyp-cm_NullDimension"
                xlink:label="NullDimension"
                xlink:title="NullDimension"/>
      <link:definitionArc xlink:type="arc"
                          xlink:arcrole="http://xbrl.org/int/dim/arcrole/hypercube-dimension"
                          xlink:from="ProhibitingHypercube"
                          xlink:to="NullDimension"
                          xlink:title="definition: ProhibitingHypercube to NullDimension"
                          order="1.0"/>
      <link:loc xlink:type="locator"
                xlink:href="p-cm-ca-2006-07-01.xsd#p-cm-ca_CommonCAItemsDomain"
                xlink:label="CommonCAItemsDomain"
                xlink:title="CommonCAItemsDomain"/>
      <link:definitionArc xlink:type="arc" xlink:arcrole="http://xbrl.org/int/dim/arcrole/domain-member"
                          xlink:from="ProhibitedItemsPlaceholder"
                          xlink:to="CommonCAItemsDomain"
                          xlink:title="definition: ProhibitedItemsPlaceholder to CommonCAItemsDomain"
                          order="1.0"
                          xbrldt:targetRole="http://www.c-ebs.org/2006/corep/eu/cm-ca"/>
      <link:loc xlink:type="locator"
                xlink:href="p-cm-mr-2006-07-01.xsd#p-cm-mr_CommonMRItemsDomain"
                xlink:label="CommonMRItemsDomain"
                xlink:title="CommonMRItemsDomain"/>
      <link:definitionArc xlink:type="arc" xlink:arcrole="http://xbrl.org/int/dim/arcrole/domain-member"
                          xlink:from="ProhibitedItemsPlaceholder"
                          xlink:to="CommonMRItemsDomain"
                          xlink:title="definition: ProhibitedItemsPlaceholder to CommonMRItemsDomain"
                          order="2.0"
                          xbrldt:targetRole="http://www.c-ebs.org/2006/corep/eu/cm-mr"/>
  </link:definitionLink>
  <link:definitionLink xlink:type="extended" xlink:role="http://www.c-ebs.org/2006/corep/eu/mt">
      <link:loc xlink:type="locator" xlink:href="p-cm-mr-2006-07-01.xsd#p-cm-mr_AllPositions"
                xlink:label="AllPositions"
                xlink:title="AllPositions"/>
      <link:loc xlink:type="locator"
                xlink:href="t-mt-2006-07-01.xsd#t-mt_ExcMatchedWeightedPositionsHypercube"
                xlink:label="ExcMatchedWeightedPositionsHypercube"
                xlink:title="ExcMatchedWeightedPositionsHypercube"/>
      <link:definitionArc xlink:type="arc" xlink:arcrole="http://xbrl.org/int/dim/arcrole/notAll"
                          xlink:from="AllPositions"
                          xlink:to="ExcMatchedWeightedPositionsHypercube"
                          xlink:title="definition: AllPositions to ExcMatchedWeightedPositionsHypercube"
                          use="optional"
                          order="3.0"
                          xbrldt:targetRole="http://www.c-ebs.org/2006/corep/eu/t-mt/ExcMatchedWeightedPositionsHypercube"
                          xbrldt:contextElement="scenario"/>
      <link:loc xlink:type="locator"
                xlink:href="p-cm-mr-2006-07-01.xsd#p-cm-mr_ReductionEffectUnderwritingPositions"
                xlink:label="ReductionEffectUnderwritingPositions"
                xlink:title="ReductionEffectUnderwritingPositions"/>
      <link:definitionArc xlink:type="arc" xlink:arcrole="http://xbrl.org/int/dim/arcrole/notAll"
                          xlink:from="ReductionEffectUnderwritingPositions"
                          xlink:to="ExcMatchedWeightedPositionsHypercube"
                          xlink:title="definition: ReductionEffectUnderwritingPositions to ExcMatchedWeightedPositionsHypercube"
                          use="optional"
                          order="1.0"
                          xbrldt:targetRole="http://www.c-ebs.org/2006/corep/eu/t-mt/ExcMatchedWeightedPositionsHypercube"
                          xbrldt:contextElement="scenario"/>
      <link:loc xlink:type="locator" xlink:href="p-cm-mr-2006-07-01.xsd#p-cm-mr_NetPositions"
                xlink:label="NetPositions"
                xlink:title="NetPositions"/>
      <link:definitionArc xlink:type="arc" xlink:arcrole="http://xbrl.org/int/dim/arcrole/notAll"
                          xlink:from="NetPositions"
                          xlink:to="ExcMatchedWeightedPositionsHypercube"
                          xlink:title="definition: NetPositions to ExcMatchedWeightedPositionsHypercube"
                          use="optional"
                          order="3.0"
                          xbrldt:targetRole="http://www.c-ebs.org/2006/corep/eu/t-mt/ExcMatchedWeightedPositionsHypercube"
                          xbrldt:contextElement="scenario"/>
      <link:loc xlink:type="locator"
                xlink:href="p-cm-mr-2006-07-01.xsd#p-cm-mr_NetPositionsSubjectToCapitalCharge"
                xlink:label="NetPositionsSubjectToCapitalCharge"
                xlink:title="NetPositionsSubjectToCapitalCharge"/>
      <link:loc xlink:type="locator" xlink:href="t-mt-2006-07-01.xsd#t-mt_ExcZonesHypercube"
                xlink:label="ExcZonesHypercube"
                xlink:title="ExcZonesHypercube"/>
      <link:definitionArc xlink:type="arc" xlink:arcrole="http://xbrl.org/int/dim/arcrole/notAll"
                          xlink:from="NetPositionsSubjectToCapitalCharge"
                          xlink:to="ExcZonesHypercube"
                          xlink:title="definition: NetPositionsSubjectToCapitalCharge to ExcZonesHypercube"
                          order="1.0"
                          xbrldt:targetRole="http://www.c-ebs.org/2006/corep/eu/t-mt/ExcZonesHypercube"
                          xbrldt:contextElement="scenario"/>
      <link:loc xlink:type="locator"
                xlink:href="p-mt-2006-07-01.xsd#p-mt_AllowanceDueToTradingBookPositionsHedgedByCreditDerivatives"
                xlink:label="AllowanceDueToTradingBookPositionsHedgedByCreditDerivatives"
                xlink:title="AllowanceDueToTradingBookPositionsHedgedByCreditDerivatives"/>
      <link:loc xlink:type="locator"
                xlink:href="t-mt-2006-07-01.xsd#t-mt_ExcGeneralRiskHypercube"
                xlink:label="ExcGeneralRiskHypercube"
                xlink:title="ExcGeneralRiskHypercube"/>
      <link:definitionArc xlink:type="arc" xlink:arcrole="http://xbrl.org/int/dim/arcrole/notAll"
                          xlink:from="AllowanceDueToTradingBookPositionsHedgedByCreditDerivatives"
                          xlink:to="ExcGeneralRiskHypercube"
                          xlink:title="definition: AllowanceDueToTradingBookPositionsHedgedByCreditDerivatives to ExcGeneralRiskHypercube"
                          use="optional"
                          order="3.0"
                          xbrldt:targetRole="http://www.c-ebs.org/2006/corep/eu/t-mt/ExcGeneralRiskHypercube"
                          xbrldt:contextElement="scenario"/>
      <link:definitionArc xlink:type="arc" xlink:arcrole="http://xbrl.org/int/dim/arcrole/notAll"
                          xlink:from="AllowanceDueToTradingBookPositionsHedgedByCreditDerivatives"
                          xlink:to="ExcZonesHypercube"
                          xlink:title="definition: AllowanceDueToTradingBookPositionsHedgedByCreditDerivatives to ExcZonesHypercube"
                          use="optional"
                          order="4.0"
                          xbrldt:targetRole="http://www.c-ebs.org/2006/corep/eu/t-mt/ExcZonesHypercube"
                          xbrldt:contextElement="scenario"/>
      <link:definitionArc xlink:type="arc" xlink:arcrole="http://xbrl.org/int/dim/arcrole/notAll"
                          xlink:from="AllowanceDueToTradingBookPositionsHedgedByCreditDerivatives"
                          xlink:to="ExcMatchedWeightedPositionsHypercube"
                          xlink:title="definition: AllowanceDueToTradingBookPositionsHedgedByCreditDerivatives to ExcMatchedWeightedPositionsHypercube"
                          use="optional"
                          order="5.0"
                          xbrldt:targetRole="http://www.c-ebs.org/2006/corep/eu/t-mt/ExcMatchedWeightedPositionsHypercube"
                          xbrldt:contextElement="scenario"/>
      <link:loc xlink:type="locator"
                xlink:href="t-mt-2006-07-01.xsd#t-mt_ExcParticularAndMarginBasedApproachesHypercube"
                xlink:label="ExcParticularAndMarginBasedApproachesHypercube"
                xlink:title="ExcParticularAndMarginBasedApproachesHypercube"/>
      <link:definitionArc xlink:type="arc" xlink:arcrole="http://xbrl.org/int/dim/arcrole/notAll"
                          xlink:from="AllowanceDueToTradingBookPositionsHedgedByCreditDerivatives"
                          xlink:to="ExcParticularAndMarginBasedApproachesHypercube"
                          xlink:title="definition: AllowanceDueToTradingBookPositionsHedgedByCreditDerivatives to ExcParticularAndMarginBasedApproachesHypercube"
                          use="optional"
                          order="6.0"
                          xbrldt:targetRole="http://www.c-ebs.org/2006/corep/eu/t-mt/ExcParticularAndMarginBasedApproachesHypercube"
                          xbrldt:contextElement="scenario"/>
      <link:loc xlink:type="locator" xlink:href="p-cm-mr-2006-07-01.xsd#p-cm-mr_Positions"
                xlink:label="Positions"
                xlink:title="Positions"/>
      <link:loc xlink:type="locator"
                xlink:href="t-mt-2006-07-01.xsd#t-mt_ExcOtherNonDeltaRisksOptionsHypercube"
                xlink:label="ExcOtherNonDeltaRisksOptionsHypercube"
                xlink:title="ExcOtherNonDeltaRisksOptionsHypercube"/>
      <link:definitionArc xlink:type="arc" xlink:arcrole="http://xbrl.org/int/dim/arcrole/notAll"
                          xlink:from="Positions"
                          xlink:to="ExcOtherNonDeltaRisksOptionsHypercube"
                          xlink:title="definition: Positions to ExcOtherNonDeltaRisksOptionsHypercube"
                          use="optional"
                          order="6.0"
                          xbrldt:targetRole="http://www.c-ebs.org/2006/corep/eu/t-mt/ExcOtherNonDeltaRisksOptionsHypercube"
                          xbrldt:contextElement="scenario"/>
      <link:loc xlink:type="locator"
                xlink:href="p-cm-ca-2006-07-01.xsd#p-cm-ca_MarketRiskCapitalRequirements"
                xlink:label="MarketRiskCapitalRequirements"
                xlink:title="MarketRiskCapitalRequirements"/>
      <link:definitionArc xlink:type="arc" xlink:arcrole="http://xbrl.org/int/dim/arcrole/notAll"
                          xlink:from="MarketRiskCapitalRequirements"
                          xlink:to="ExcZonesHypercube"
                          xlink:title="definition: MarketRiskCapitalRequirements to ExcZonesHypercube"
                          order="1.0"
                          xbrldt:targetRole="http://www.c-ebs.org/2006/corep/eu/t-mt/ExcZonesHypercube"
                          xbrldt:contextElement="scenario"/>
      <link:loc xlink:type="locator" xlink:href="p-mt-2006-07-01.xsd#p-mt_MKRSATDIDomain"
                xlink:label="MKRSATDIDomain"
                xlink:title="MKRSATDIDomain"/>
      <link:loc xlink:type="locator" xlink:href="t-mt-2006-07-01.xsd#t-mt_SectionMainHypercube"
                xlink:label="SectionMainHypercube"
                xlink:title="SectionAllHypercube"/>
      <link:definitionArc xlink:type="arc" xlink:arcrole="http://xbrl.org/int/dim/arcrole/all"
                          xlink:from="MKRSATDIDomain"
                          xlink:to="SectionMainHypercube"
                          xlink:title="definition: MKRSATDIDomain to SectionMainHypercube"
                          use="optional"
                          order="3.0"
                          xbrldt:targetRole="http://www.c-ebs.org/2006/corep/eu/t-mt/SectionMainHypercube"
                          xbrldt:contextElement="scenario"
                          xbrldt:closed="true"/>
  </link:definitionLink>
</link:linkbase>