<?xml version="1.0" encoding="UTF-8"?>
<?taxonomy-version 1.3.1?>
<!--Copyright (C) 2011 EBA - European Banking Authority, Tower 42, 25 Old Broad Street, London, EC2N 1HQ, United Kingdom.-->            
<link:linkbase xmlns:link="http://www.xbrl.org/2003/linkbase"
               xmlns:xbrli="http://www.xbrl.org/2003/instance"
               xmlns:xlink="http://www.w3.org/1999/xlink"
               xmlns:xsi="http://www.w3.org/2001/XMLSchema-instance"
               xmlns:t-mt="http://www.c-ebs.org/eu/fr/esrs/corep/2006-07-01/t-mt-2006-07-01"
               xsi:schemaLocation="http://www.xbrl.org/2003/linkbase http://www.xbrl.org/2003/xbrl-linkbase-2003-12-31.xsd">
  <link:roleRef roleURI="http://www.c-ebs.org/2006/corep/eu/mt" xlink:type="simple"
                 xlink:href="p-mt-2006-07-01.xsd#rt_mt"/>
  <link:labelLink xlink:type="extended" xlink:role="http://www.xbrl.org/2003/role/link">
      <link:loc xlink:type="locator"
                xlink:href="t-mt-2006-07-01.xsd#t-mt_ExcGeneralRiskHypercube"
                xlink:label="ExcGeneralRiskHypercube"
                xlink:title="ExcGeneralRiskHypercube"/>
      <link:label xlink:type="resource" xlink:label="label_ExcGeneralRiskHypercube"
                  xlink:role="http://www.xbrl.org/2003/role/label"
                  xlink:title="label_ExcGeneralRiskHypercube"
                  xml:lang="en"
                  id="label_ExcGeneralRiskHypercube">Excluded General Risk (Hypercube)</link:label>
      <link:labelArc xlink:type="arc" xlink:arcrole="http://www.xbrl.org/2003/arcrole/concept-label"
                     xlink:from="ExcGeneralRiskHypercube"
                     xlink:to="label_ExcGeneralRiskHypercube"
                     xlink:title="label: ExcGeneralRiskHypercube to label_ExcGeneralRiskHypercube"/>
      <link:loc xlink:type="locator"
                xlink:href="t-mt-2006-07-01.xsd#t-mt_ExcMatchedWeightedPositionsHypercube"
                xlink:label="ExcMatchedWeightedPositionsHypercube"
                xlink:title="ExcMatchedWeightedPositionsHypercube"/>
      <link:label xlink:type="resource" xlink:label="label_ExcMatchedWeightedPositionsHypercube"
                  xlink:role="http://www.xbrl.org/2003/role/label"
                  xlink:title="label_ExcMatchedWeightedPositionsHypercube"
                  xml:lang="en"
                  id="label_ExcMatchedWeightedPositionsHypercube">Excluded Matched Weighted Positions (Hypercube)</link:label>
      <link:labelArc xlink:type="arc" xlink:arcrole="http://www.xbrl.org/2003/arcrole/concept-label"
                     xlink:from="ExcMatchedWeightedPositionsHypercube"
                     xlink:to="label_ExcMatchedWeightedPositionsHypercube"
                     xlink:title="label: ExcMatchedWeightedPositionsHypercube to label_ExcMatchedWeightedPositionsHypercube"/>
      <link:loc xlink:type="locator"
                xlink:href="t-mt-2006-07-01.xsd#t-mt_ExcOtherNonDeltaRisksOptionsHypercube"
                xlink:label="ExcOtherNonDeltaRisksOptionsHypercube"
                xlink:title="ExcOtherNonDeltaRisksOptionsHypercube"/>
      <link:label xlink:type="resource" xlink:label="label_ExcOtherNonDeltaRisksOptionsHypercube"
                  xlink:role="http://www.xbrl.org/2003/role/label"
                  xlink:title="label_ExcOtherNonDeltaRisksOptionsHypercube"
                  xml:lang="en"
                  id="label_ExcOtherNonDeltaRisksOptionsHypercube">Excluded Other Non-Delta Risks Options (Hypercube)</link:label>
      <link:labelArc xlink:type="arc" xlink:arcrole="http://www.xbrl.org/2003/arcrole/concept-label"
                     xlink:from="ExcOtherNonDeltaRisksOptionsHypercube"
                     xlink:to="label_ExcOtherNonDeltaRisksOptionsHypercube"
                     xlink:title="label: ExcOtherNonDeltaRisksOptionsHypercube to label_ExcOtherNonDeltaRisksOptionsHypercube"/>
      <link:loc xlink:type="locator"
                xlink:href="t-mt-2006-07-01.xsd#t-mt_ExcParticularAndMarginBasedApproachesHypercube"
                xlink:label="ExcParticularAndMarginBasedApproachesHypercube"
                xlink:title="ExcParticularAndMarginBasedApproachesHypercube"/>
      <link:label xlink:type="resource"
                  xlink:label="label_ExcParticularAndMarginBasedApproachesHypercube"
                  xlink:role="http://www.xbrl.org/2003/role/label"
                  xlink:title="label_ExcParticularAndMarginBasedApproachesHypercube"
                  xml:lang="en"
                  id="label_ExcParticularAndMarginBasedApproachesHypercube">Excluded Particular and Margin-Based Approaches (Hypercube)</link:label>
      <link:labelArc xlink:type="arc" xlink:arcrole="http://www.xbrl.org/2003/arcrole/concept-label"
                     xlink:from="ExcParticularAndMarginBasedApproachesHypercube"
                     xlink:to="label_ExcParticularAndMarginBasedApproachesHypercube"
                     xlink:title="label: ExcParticularAndMarginBasedApproachesHypercube to label_ExcParticularAndMarginBasedApproachesHypercube"/>
      <link:loc xlink:type="locator" xlink:href="t-mt-2006-07-01.xsd#t-mt_ExcZonesHypercube"
                xlink:label="ExcZonesHypercube"
                xlink:title="ExcZonesHypercube"/>
      <link:label xlink:type="resource" xlink:label="label_ExcZonesHypercube"
                  xlink:role="http://www.xbrl.org/2003/role/label"
                  xlink:title="label_ExcZonesHypercube"
                  xml:lang="en"
                  id="label_ExcZonesHypercube">Excluded Zones (Hypercube)</link:label>
      <link:labelArc xlink:type="arc" xlink:arcrole="http://www.xbrl.org/2003/arcrole/concept-label"
                     xlink:from="ExcZonesHypercube"
                     xlink:to="label_ExcZonesHypercube"
                     xlink:title="label: ExcZonesHypercube to label_ExcZonesHypercube"/>
      <link:loc xlink:type="locator" xlink:href="t-mt-2006-07-01.xsd#t-mt_SectionMainHypercube"
                xlink:label="SectionAllHypercube"
                xlink:title="SectionAllHypercube"/>
      <link:label xlink:type="resource" xlink:label="label_SectionAllHypercube"
                  xlink:role="http://www.xbrl.org/2003/role/label"
                  xlink:title="label_SectionAllHypercube"
                  xml:lang="en"
                  id="label_SectionAllHypercube">Section Main (Hypercube)</link:label>
      <link:labelArc xlink:type="arc" xlink:arcrole="http://www.xbrl.org/2003/arcrole/concept-label"
                     xlink:from="SectionAllHypercube"
                     xlink:to="label_SectionAllHypercube"
                     xlink:title="label: SectionAllHypercube to label_SectionAllHypercube"/>
  </link:labelLink>
  <link:labelLink xlink:type="extended" xlink:role="http://www.c-ebs.org/2006/corep/eu/mt">
      <link:loc xlink:type="locator" xlink:href="d-cu-2006-07-01.xsd#d-cu_CurrencyDimension"
                xlink:label="CurrencyDimension"
                xlink:title="CurrencyDimension"/>
      <link:label xlink:type="resource" xlink:label="label_CurrencyDimension"
                  xlink:role="http://www.xbrl.org/2003/role/documentation"
                  xlink:title="label_CurrencyDimension"
                  xml:lang="en"
                  id="label_CurrencyDimension">Detailed layer</link:label>
      <link:labelArc xlink:type="arc" xlink:arcrole="http://www.xbrl.org/2003/arcrole/concept-label"
                     xlink:from="CurrencyDimension"
                     xlink:to="label_CurrencyDimension"
                     xlink:title="label: CurrencyDimension to label_CurrencyDimension"/>
  </link:labelLink>
</link:linkbase>