<?xml version="1.0" encoding="UTF-8"?>
<?taxonomy-version 1.3.1?>
<!--Copyright (C) 2011 EBA - European Banking Authority, Tower 42, 25 Old Broad Street, London, EC2N 1HQ, United Kingdom.-->            
<link:linkbase xmlns:xsi="http://www.w3.org/2001/XMLSchema-instance"
               xmlns:t-od="http://www.c-ebs.org/eu/fr/esrs/corep/2006-07-01/t-od-2006-07-01"
               xmlns:ref-corep="http://www.c-ebs.org/eu/fr/esrs/corep/2005-09-30/ref-corep-2005-09-30"
               xmlns:link="http://www.xbrl.org/2003/linkbase"
               xmlns:ref="http://www.xbrl.org/2004/ref"
               xmlns:xlink="http://www.w3.org/1999/xlink"
               xmlns:xbrli="http://www.xbrl.org/2003/instance"
               xsi:schemaLocation="http://www.xbrl.org/2003/linkbase http://www.xbrl.org/2003/xbrl-linkbase-2003-12-31.xsd http://www.c-ebs.org/eu/fr/esrs/corep/2005-09-30/ref-corep-2005-09-30 ref-corep-2005-09-30.xsd http://www.xbrl.org/2004/ref http://www.xbrl.org/2004/ref-2004-08-10.xsd">
  <link:referenceLink xlink:type="extended" xlink:role="http://www.xbrl.org/2003/role/link">
      <link:loc xlink:type="locator" xlink:href="d-bl-2006-07-01.xsd#d-bl_BusinessLinesDomain"
                xlink:label="BusinessLinesDomain"
                xlink:title="BusinessLinesDomain"/>
      <link:reference xlink:type="resource" xlink:label="reference_BusinessLinesDomain"
                      xlink:role="http://www.xbrl.org/2003/role/reference"
                      xlink:title="reference_BusinessLinesDomain"
                      id="reference_BusinessLinesDomain">
         <ref-corep:Directive>2000/12/EC</ref-corep:Directive>
         <ref-corep:Annex>X</ref-corep:Annex>
         <ref-corep:Part>3</ref-corep:Part>
         <ref:Paragraph>14, 15, 17</ref:Paragraph>
         <ref-corep:Comment>The information required for each business line should be reported according to the thresholds applied.</ref-corep:Comment>
      </link:reference>
      <link:referenceArc xlink:type="arc"
                         xlink:arcrole="http://www.xbrl.org/2003/arcrole/concept-reference"
                         xlink:from="BusinessLinesDomain"
                         xlink:to="reference_BusinessLinesDomain"
                         xlink:title="reference: BusinessLinesDomain to reference_BusinessLinesDomain"/>
  </link:referenceLink>
</link:linkbase>