<?xml version="1.0" encoding="UTF-8"?>
<?taxonomy-version 1.3.1?>
<!--Copyright (C) 2011 EBA - European Banking Authority, Tower 42, 25 Old Broad Street, London, EC2N 1HQ, United Kingdom.-->            
<link:linkbase xmlns:xsi="http://www.w3.org/2001/XMLSchema-instance"
               xmlns:link="http://www.xbrl.org/2003/linkbase"
               xmlns:xlink="http://www.w3.org/1999/xlink"
               xmlns:xbrli="http://www.xbrl.org/2003/instance"
               xsi:schemaLocation="http://www.xbrl.org/2003/linkbase http://www.xbrl.org/2003/xbrl-linkbase-2003-12-31.xsd">
  <link:labelLink xlink:type="extended" xlink:role="http://www.xbrl.org/2003/role/link">
      <link:loc xlink:type="locator"
                xlink:href="d-ty-2006-07-01.xsd#d-ty_InternalReferenceNumberDimension"
                xlink:label="InternalReferenceNumberDimension"
                xlink:title="InternalReferenceNumberDimension"/>
      <link:label xlink:type="resource" xlink:label="label_InternalReferenceNumberDimension"
                  xlink:role="http://www.xbrl.org/2003/role/documentation"
                  xlink:title="label_InternalReferenceNumberDimension"
                  xml:lang="en"
                  id="label_InternalReferenceNumberDimension">Detailed layer</link:label>
      <link:labelArc xlink:type="arc" xlink:arcrole="http://www.xbrl.org/2003/arcrole/concept-label"
                     xlink:from="InternalReferenceNumberDimension"
                     xlink:to="label_InternalReferenceNumberDimension"
                     xlink:title="label: InternalReferenceNumberDimension to label_InternalReferenceNumberDimension"/>
      <link:loc xlink:type="locator" xlink:href="t-ol-2006-07-01.xsd#t-ol_SectionAllHypercube"
                xlink:label="SectionAllHypercube"
                xlink:title="SectionAllHypercube"/>
      <link:label xlink:type="resource" xlink:label="label_SectionAllHypercube"
                  xlink:role="http://www.xbrl.org/2003/role/label"
                  xlink:title="label_SectionAllHypercube"
                  xml:lang="en"
                  id="label_SectionAllHypercube">All Section Cube (Hypercube)</link:label>
      <link:labelArc xlink:type="arc" xlink:arcrole="http://www.xbrl.org/2003/arcrole/concept-label"
                     xlink:from="SectionAllHypercube"
                     xlink:to="label_SectionAllHypercube"
                     xlink:title="label: SectionAllHypercube to label_SectionAllHypercube"/>
      <link:loc xlink:type="locator"
                xlink:href="t-ol-2006-07-01.xsd#t-ol_SectionBusinessLinesHypercube"
                xlink:label="SectionBusinessLinesHypercube"
                xlink:title="SectionBusinessLinesHypercube"/>
      <link:label xlink:type="resource" xlink:label="label_SectionBusinessLinesHypercube"
                  xlink:role="http://www.xbrl.org/2003/role/label"
                  xlink:title="label_SectionBusinessLinesHypercube"
                  xml:lang="en"
                  id="label_SectionBusinessLinesHypercube">Section Business Lines (Hypercube)</link:label>
      <link:labelArc xlink:type="arc" xlink:arcrole="http://www.xbrl.org/2003/arcrole/concept-label"
                     xlink:from="SectionBusinessLinesHypercube"
                     xlink:to="label_SectionBusinessLinesHypercube"
                     xlink:title="label: SectionBusinessLinesHypercube to label_SectionBusinessLinesHypercube"/>
  </link:labelLink>
</link:linkbase>