<?xml version="1.0" encoding="UTF-8"?>
<?taxonomy-version 1.3.1?>
<!--Copyright (C) 2011 EBA - European Banking Authority, Tower 42, 25 Old Broad Street, London, EC2N 1HQ, United Kingdom.-->            
<link:linkbase xmlns:xsi="http://www.w3.org/2001/XMLSchema-instance"
               xmlns:link="http://www.xbrl.org/2003/linkbase"
               xmlns:xbrldt="http://xbrl.org/2005/xbrldt"
               xmlns:xlink="http://www.w3.org/1999/xlink"
               xmlns:xbrli="http://www.xbrl.org/2003/instance"
               xsi:schemaLocation="http://www.xbrl.org/2003/linkbase http://www.xbrl.org/2003/xbrl-linkbase-2003-12-31.xsd">
  <link:roleRef roleURI="http://www.c-ebs.org/2006/corep/eu/t-ol/hcSectionAll"
                 xlink:type="simple"
                 xlink:href="t-ol-2006-07-01.xsd#rt_t-ol_hcSectionAll"/>
  <link:roleRef roleURI="http://www.c-ebs.org/2006/corep/eu/t-ol/hcSectionBusinessLines"
                 xlink:type="simple"
                 xlink:href="t-ol-2006-07-01.xsd#rt_t-ol_hcSectionBusinessLines"/>
  <link:roleRef roleURI="http://www.c-ebs.org/2006/corep/eu/ol" xlink:type="simple"
                 xlink:href="p-ol-2006-07-01.xsd#rt_ol"/>
  <link:arcroleRef arcroleURI="http://xbrl.org/int/dim/arcrole/all" xlink:type="simple"
                    xlink:href="http://www.xbrl.org/2005/xbrldt-2005.xsd#all"/>
  <link:arcroleRef arcroleURI="http://xbrl.org/int/dim/arcrole/hypercube-dimension"
                    xlink:type="simple"
                    xlink:href="http://www.xbrl.org/2005/xbrldt-2005.xsd#hypercube-dimension"/>
  <link:arcroleRef arcroleURI="http://xbrl.org/int/dim/arcrole/dimension-domain"
                    xlink:type="simple"
                    xlink:href="http://www.xbrl.org/2005/xbrldt-2005.xsd#dimension-domain"/>
  <link:definitionLink xlink:type="extended"
                        xlink:role="http://www.c-ebs.org/2006/corep/eu/t-ol/hcSectionBusinessLines">
      <link:loc xlink:type="locator"
                xlink:href="t-ol-2006-07-01.xsd#t-ol_SectionBusinessLinesHypercube"
                xlink:label="SectionBusinessLinesHypercube"
                xlink:title="SectionBusinessLinesHypercube"/>
      <link:loc xlink:type="locator"
                xlink:href="d-bl-2006-07-01.xsd#d-bl_BusinessLinesDimension"
                xlink:label="BusinessLinesDimension"
                xlink:title="BusinessLinesDimension"/>
      <link:definitionArc xlink:type="arc"
                          xlink:arcrole="http://xbrl.org/int/dim/arcrole/hypercube-dimension"
                          xlink:from="SectionBusinessLinesHypercube"
                          xlink:to="BusinessLinesDimension"
                          xlink:title="definition: SectionBusinessLinesHypercube to BusinessLinesDimension"
                          order="1.0"/>
      <link:loc xlink:type="locator" xlink:href="d-bl-2006-07-01.xsd#d-bl_CorporateFinance"
                xlink:label="CorporateFinance"
                xlink:title="CorporateFinance"/>
      <link:definitionArc xlink:type="arc"
                          xlink:arcrole="http://xbrl.org/int/dim/arcrole/dimension-domain"
                          xlink:from="BusinessLinesDimension"
                          xlink:to="CorporateFinance"
                          xlink:title="definition: BusinessLinesDimension to CorporateFinance"
                          order="1.0"/>
      <link:loc xlink:type="locator" xlink:href="d-bl-2006-07-01.xsd#d-bl_TradingSales"
                xlink:label="TradingSales"
                xlink:title="TradingSales"/>
      <link:definitionArc xlink:type="arc"
                          xlink:arcrole="http://xbrl.org/int/dim/arcrole/dimension-domain"
                          xlink:from="BusinessLinesDimension"
                          xlink:to="TradingSales"
                          xlink:title="definition: BusinessLinesDimension to TradingSales"
                          order="2.0"/>
      <link:loc xlink:type="locator" xlink:href="d-bl-2006-07-01.xsd#d-bl_RetailBrokerage"
                xlink:label="RetailBrokerage"
                xlink:title="RetailBrokerage"/>
      <link:definitionArc xlink:type="arc"
                          xlink:arcrole="http://xbrl.org/int/dim/arcrole/dimension-domain"
                          xlink:from="BusinessLinesDimension"
                          xlink:to="RetailBrokerage"
                          xlink:title="definition: BusinessLinesDimension to RetailBrokerage"
                          order="3.0"/>
      <link:loc xlink:type="locator" xlink:href="d-bl-2006-07-01.xsd#d-bl_CommercialBanking"
                xlink:label="CommercialBanking"
                xlink:title="CommercialBanking"/>
      <link:definitionArc xlink:type="arc"
                          xlink:arcrole="http://xbrl.org/int/dim/arcrole/dimension-domain"
                          xlink:from="BusinessLinesDimension"
                          xlink:to="CommercialBanking"
                          xlink:title="definition: BusinessLinesDimension to CommercialBanking"
                          order="4.0"/>
      <link:loc xlink:type="locator" xlink:href="d-bl-2006-07-01.xsd#d-bl_RetailBanking"
                xlink:label="RetailBanking"
                xlink:title="RetailBanking"/>
      <link:definitionArc xlink:type="arc"
                          xlink:arcrole="http://xbrl.org/int/dim/arcrole/dimension-domain"
                          xlink:from="BusinessLinesDimension"
                          xlink:to="RetailBanking"
                          xlink:title="definition: BusinessLinesDimension to RetailBanking"
                          order="5.0"/>
      <link:loc xlink:type="locator" xlink:href="d-bl-2006-07-01.xsd#d-bl_PaymentSettlement"
                xlink:label="PaymentSettlement"
                xlink:title="PaymentSettlement"/>
      <link:definitionArc xlink:type="arc"
                          xlink:arcrole="http://xbrl.org/int/dim/arcrole/dimension-domain"
                          xlink:from="BusinessLinesDimension"
                          xlink:to="PaymentSettlement"
                          xlink:title="definition: BusinessLinesDimension to PaymentSettlement"
                          order="6.0"/>
      <link:loc xlink:type="locator" xlink:href="d-bl-2006-07-01.xsd#d-bl_AgencyServices"
                xlink:label="AgencyServices"
                xlink:title="AgencyServices"/>
      <link:definitionArc xlink:type="arc"
                          xlink:arcrole="http://xbrl.org/int/dim/arcrole/dimension-domain"
                          xlink:from="BusinessLinesDimension"
                          xlink:to="AgencyServices"
                          xlink:title="definition: BusinessLinesDimension to AgencyServices"
                          order="7.0"/>
      <link:loc xlink:type="locator" xlink:href="d-bl-2006-07-01.xsd#d-bl_AssetManagement"
                xlink:label="AssetManagement"
                xlink:title="AssetManagement"/>
      <link:definitionArc xlink:type="arc"
                          xlink:arcrole="http://xbrl.org/int/dim/arcrole/dimension-domain"
                          xlink:from="BusinessLinesDimension"
                          xlink:to="AssetManagement"
                          xlink:title="definition: BusinessLinesDimension to AssetManagement"
                          order="8.0"/>
      <link:loc xlink:type="locator" xlink:href="d-bl-2006-07-01.xsd#d-bl_CorporateItems"
                xlink:label="CorporateItems"
                xlink:title="CorporateItems"/>
      <link:definitionArc xlink:type="arc"
                          xlink:arcrole="http://xbrl.org/int/dim/arcrole/dimension-domain"
                          xlink:from="BusinessLinesDimension"
                          xlink:to="CorporateItems"
                          xlink:title="definition: BusinessLinesDimension to CorporateItems"
                          order="9.0"/>
      <link:loc xlink:type="locator"
                xlink:href="d-ty-2006-07-01.xsd#d-ty_InternalReferenceNumberDimension"
                xlink:label="InternalReferenceNumberDimension"
                xlink:title="InternalReferenceNumberDimension"/>
      <link:definitionArc xlink:type="arc"
                          xlink:arcrole="http://xbrl.org/int/dim/arcrole/hypercube-dimension"
                          xlink:from="SectionBusinessLinesHypercube"
                          xlink:to="InternalReferenceNumberDimension"
                          xlink:title="definition: SectionBusinessLinesHypercube to InternalReferenceNumberDimension"
                          order="2.0"/>
  </link:definitionLink>
  <link:definitionLink xlink:type="extended"
                        xlink:role="http://www.c-ebs.org/2006/corep/eu/t-ol/hcSectionAll">
      <link:loc xlink:type="locator" xlink:href="t-ol-2006-07-01.xsd#t-ol_SectionAllHypercube"
                xlink:label="SectionAllHypercube"
                xlink:title="SectionAllHypercube"/>
      <link:loc xlink:type="locator"
                xlink:href="d-ty-2006-07-01.xsd#d-ty_InternalReferenceNumberDimension"
                xlink:label="InternalReferenceNumberDimension_2"
                xlink:title="InternalReferenceNumberDimension"/>
      <link:definitionArc xlink:type="arc"
                          xlink:arcrole="http://xbrl.org/int/dim/arcrole/hypercube-dimension"
                          xlink:from="SectionAllHypercube"
                          xlink:to="InternalReferenceNumberDimension_2"
                          xlink:title="definition: SectionAllHypercube to InternalReferenceNumberDimension"
                          order="1.0"/>
  </link:definitionLink>
  <link:definitionLink xlink:type="extended" xlink:role="http://www.c-ebs.org/2006/corep/eu/ol">
      <link:loc xlink:type="locator" xlink:href="p-ol-2006-07-01.xsd#p-ol_GrossLossAmount"
                xlink:label="GrossLossAmount"
                xlink:title="GrossLossAmount"/>
      <link:loc xlink:type="locator" xlink:href="t-ol-2006-07-01.xsd#t-ol_SectionAllHypercube"
                xlink:label="SectionAllHypercube_2"
                xlink:title="SectionAllHypercube"/>
      <link:definitionArc xlink:type="arc" xlink:arcrole="http://xbrl.org/int/dim/arcrole/all"
                          xlink:from="GrossLossAmount"
                          xlink:to="SectionAllHypercube_2"
                          xlink:title="definition: GrossLossAmount to SectionAllHypercube"
                          order="2.0"
                          xbrldt:targetRole="http://www.c-ebs.org/2006/corep/eu/t-ol/hcSectionAll"
                          xbrldt:contextElement="scenario"
                          xbrldt:closed="true"/>
      <link:loc xlink:type="locator" xlink:href="p-ol-2006-07-01.xsd#p-ol_Status"
                xlink:label="Status"
                xlink:title="Status"/>
      <link:definitionArc xlink:type="arc" xlink:arcrole="http://xbrl.org/int/dim/arcrole/all"
                          xlink:from="Status"
                          xlink:to="SectionAllHypercube_2"
                          xlink:title="definition: Status to SectionAllHypercube"
                          order="1.0"
                          xbrldt:targetRole="http://www.c-ebs.org/2006/corep/eu/t-ol/hcSectionAll"
                          xbrldt:contextElement="scenario"
                          xbrldt:closed="true"/>
      <link:loc xlink:type="locator"
                xlink:href="p-ol-2006-07-01.xsd#p-ol_LossAlreadyDirectlyRecovered"
                xlink:label="LossAlreadyDirectlyRecovered"
                xlink:title="LossAlreadyDirectlyRecovered"/>
      <link:definitionArc xlink:type="arc" xlink:arcrole="http://xbrl.org/int/dim/arcrole/all"
                          xlink:from="LossAlreadyDirectlyRecovered"
                          xlink:to="SectionAllHypercube_2"
                          xlink:title="definition: LossAlreadyDirectlyRecovered to SectionAllHypercube"
                          order="1.0"
                          xbrldt:targetRole="http://www.c-ebs.org/2006/corep/eu/t-ol/hcSectionAll"
                          xbrldt:contextElement="scenario"
                          xbrldt:closed="true"/>
      <link:loc xlink:type="locator"
                xlink:href="p-ol-2006-07-01.xsd#p-ol_LossAlreadyRecoveredFromRiskTransferMechanisms"
                xlink:label="LossAlreadyRecoveredFromRiskTransferMechanisms"
                xlink:title="LossAlreadyRecoveredFromRiskTransferMechanisms"/>
      <link:definitionArc xlink:type="arc" xlink:arcrole="http://xbrl.org/int/dim/arcrole/all"
                          xlink:from="LossAlreadyRecoveredFromRiskTransferMechanisms"
                          xlink:to="SectionAllHypercube_2"
                          xlink:title="definition: LossAlreadyRecoveredFromRiskTransferMechanisms to SectionAllHypercube"
                          order="1.0"
                          xbrldt:targetRole="http://www.c-ebs.org/2006/corep/eu/t-ol/hcSectionAll"
                          xbrldt:contextElement="scenario"
                          xbrldt:closed="true"/>
      <link:loc xlink:type="locator"
                xlink:href="p-ol-2006-07-01.xsd#p-ol_LossPotentiallyToBeRecoveredDirectlyOrFromRiskTransferMechanisms"
                xlink:label="LossPotentiallyToBeRecoveredDirectlyOrFromRiskTransferMechanisms"
                xlink:title="LossPotentiallyToBeRecoveredDirectlyOrFromRiskTransferMechanisms"/>
      <link:definitionArc xlink:type="arc" xlink:arcrole="http://xbrl.org/int/dim/arcrole/all"
                          xlink:from="LossPotentiallyToBeRecoveredDirectlyOrFromRiskTransferMechanisms"
                          xlink:to="SectionAllHypercube_2"
                          xlink:title="definition: LossPotentiallyToBeRecoveredDirectlyOrFromRiskTransferMechanisms to SectionAllHypercube"
                          order="1.0"
                          xbrldt:targetRole="http://www.c-ebs.org/2006/corep/eu/t-ol/hcSectionAll"
                          xbrldt:contextElement="scenario"
                          xbrldt:closed="true"/>
      <link:loc xlink:type="locator" xlink:href="p-ol-2006-07-01.xsd#p-ol_RelatedToCROrMKR"
                xlink:label="RelatedToCROrMKR"
                xlink:title="RelatedToCROrMKR"/>
      <link:definitionArc xlink:type="arc" xlink:arcrole="http://xbrl.org/int/dim/arcrole/all"
                          xlink:from="RelatedToCROrMKR"
                          xlink:to="SectionAllHypercube_2"
                          xlink:title="definition: RelatedToCROrMKR to SectionAllHypercube"
                          order="1.0"
                          xbrldt:targetRole="http://www.c-ebs.org/2006/corep/eu/t-ol/hcSectionAll"
                          xbrldt:contextElement="scenario"
                          xbrldt:closed="true"/>
      <link:loc xlink:type="locator"
                xlink:href="p-ol-2006-07-01.xsd#p-ol_BreakdownGrossLossByBusinessLines"
                xlink:label="BreakdownGrossLossByBusinessLines"
                xlink:title="BreakdownGrossLossByBusinessLines"/>
      <link:loc xlink:type="locator"
                xlink:href="t-ol-2006-07-01.xsd#t-ol_SectionBusinessLinesHypercube"
                xlink:label="SectionBusinessLinesHypercube_2"
                xlink:title="SectionBusinessLinesHypercube"/>
      <link:definitionArc xlink:type="arc" xlink:arcrole="http://xbrl.org/int/dim/arcrole/all"
                          xlink:from="BreakdownGrossLossByBusinessLines"
                          xlink:to="SectionBusinessLinesHypercube_2"
                          xlink:title="definition: BreakdownGrossLossByBusinessLines to SectionBusinessLinesHypercube"
                          order="1.0"
                          xbrldt:targetRole="http://www.c-ebs.org/2006/corep/eu/t-ol/hcSectionBusinessLines"
                          xbrldt:contextElement="scenario"
                          xbrldt:closed="true"/>
      <link:loc xlink:type="locator" xlink:href="p-ol-2006-07-01.xsd#p-ol_RiskEventType"
                xlink:label="RiskEventType"
                xlink:title="RiskEventType"/>
      <link:definitionArc xlink:type="arc" xlink:arcrole="http://xbrl.org/int/dim/arcrole/all"
                          xlink:from="RiskEventType"
                          xlink:to="SectionAllHypercube_2"
                          xlink:title="definition: RiskEventType to SectionAllHypercube"
                          order="1.0"
                          xbrldt:targetRole="http://www.c-ebs.org/2006/corep/eu/t-ol/hcSectionAll"
                          xbrldt:contextElement="scenario"
                          xbrldt:closed="true"/>
      <link:loc xlink:type="locator" xlink:href="p-ol-2006-07-01.xsd#p-ol_RelevantDatesEvents"
                xlink:label="RelevantDatesEvents"
                xlink:title="RelevantDatesEvents"/>
      <link:definitionArc xlink:type="arc" xlink:arcrole="http://xbrl.org/int/dim/arcrole/all"
                          xlink:from="RelevantDatesEvents"
                          xlink:to="SectionAllHypercube_2"
                          xlink:title="definition: RelevantDatesEvents to SectionAllHypercube"
                          order="5.0"
                          xbrldt:targetRole="http://www.c-ebs.org/2006/corep/eu/t-ol/hcSectionAll"
                          xbrldt:contextElement="scenario"
                          xbrldt:closed="true"/>
  </link:definitionLink>
</link:linkbase>