<?xml version="1.0" encoding="UTF-8"?>
<?taxonomy-version 1.3.1?>
<!--Copyright (C) 2011 EBA - European Banking Authority, Tower 42, 25 Old Broad Street, London, EC2N 1HQ, United Kingdom.-->            
<link:linkbase xmlns:link="http://www.xbrl.org/2003/linkbase"
               xmlns:xbrli="http://www.xbrl.org/2003/instance"
               xmlns:xlink="http://www.w3.org/1999/xlink"
               xmlns:xsi="http://www.w3.org/2001/XMLSchema-instance"
               xmlns:t-op="http://www.c-ebs.org/eu/fr/esrs/corep/2006-07-01/t-op-2006-07-01"
               xmlns:xbrldt="http://xbrl.org/2005/xbrldt"
               xsi:schemaLocation="http://www.xbrl.org/2003/linkbase http://www.xbrl.org/2003/xbrl-linkbase-2003-12-31.xsd">
  <link:roleRef roleURI="http://www.c-ebs.org/2006/corep/eu/t-op/SectionBankingActivities"
                 xlink:type="simple"
                 xlink:href="t-op-2006-07-01.xsd#rt_t-op_SectionBankingActivities"/>
  <link:roleRef roleURI="http://www.c-ebs.org/2006/corep/eu/t-op/SectionSubjectToASA"
                 xlink:type="simple"
                 xlink:href="t-op-2006-07-01.xsd#rt_t-op_SectionSubjectToASA"/>
  <link:roleRef roleURI="http://www.c-ebs.org/2006/corep/eu/t-op/SectionSubjectToSTA"
                 xlink:type="simple"
                 xlink:href="t-op-2006-07-01.xsd#rt_t-op_SectionSubjectToSTA"/>
  <link:roleRef roleURI="http://www.c-ebs.org/2006/corep/eu/t-op/hcAllBankingActivities"
                 xlink:type="simple"
                 xlink:href="t-op-2006-07-01.xsd#rt_t-op_hcAllBankingActivities"/>
  <link:roleRef roleURI="http://www.c-ebs.org/2006/corep/eu/t-op/hcExcludedBankingActivitiesAMA"
                 xlink:type="simple"
                 xlink:href="t-op-2006-07-01.xsd#rt_t-op_hcExcludedBankingActivitiesAMA"/>
  <link:roleRef roleURI="http://www.c-ebs.org/2006/corep/eu/t-op/hcExcludedBankingActivitiesBIA"
                 xlink:type="simple"
                 xlink:href="t-op-2006-07-01.xsd#rt_t-op_hcExcludedBankingActivitiesBIA"/>
  <link:roleRef roleURI="http://www.c-ebs.org/2006/corep/eu/t-op/hcExcludedBankingActivitiesSTAAlternative"
                 xlink:type="simple"
                 xlink:href="t-op-2006-07-01.xsd#rt_t-op_hcExcludedBankingActivitiesSTAAlternative"/>
  <link:roleRef roleURI="http://www.c-ebs.org/2006/corep/eu/t-op/hcSectionSubjectToASAandBusinessLines"
                 xlink:type="simple"
                 xlink:href="t-op-2006-07-01.xsd#rt_t-op_hcSectionSubjectToASAandBusinessLines"/>
  <link:roleRef roleURI="http://www.c-ebs.org/2006/corep/eu/t-op/hcSectionSubjectToSTAAllBusinessLines"
                 xlink:type="simple"
                 xlink:href="t-op-2006-07-01.xsd#rt_t-op_hcSectionSubjectToSTAAllBusinessLines"/>
  <link:roleRef roleURI="http://www.c-ebs.org/2006/corep/eu/t-op/SectionProhibitedItems"
                 xlink:type="simple"
                 xlink:href="t-op-2006-07-01.xsd#rt_t-op_SectionProhibitedItems"/>
  <link:roleRef roleURI="http://www.c-ebs.org/2006/corep/eu/cm-ca" xlink:type="simple"
                 xlink:href="p-cm-ca-2006-07-01.xsd#rt_cm-ca"/>
  <link:arcroleRef arcroleURI="http://xbrl.org/int/dim/arcrole/all" xlink:type="simple"
                    xlink:href="http://www.xbrl.org/2005/xbrldt-2005.xsd#all"/>
  <link:arcroleRef arcroleURI="http://xbrl.org/int/dim/arcrole/dimension-domain"
                    xlink:type="simple"
                    xlink:href="http://www.xbrl.org/2005/xbrldt-2005.xsd#dimension-domain"/>
  <link:arcroleRef arcroleURI="http://xbrl.org/int/dim/arcrole/domain-member" xlink:type="simple"
                    xlink:href="http://www.xbrl.org/2005/xbrldt-2005.xsd#domain-member"/>
  <link:arcroleRef arcroleURI="http://xbrl.org/int/dim/arcrole/hypercube-dimension"
                    xlink:type="simple"
                    xlink:href="http://www.xbrl.org/2005/xbrldt-2005.xsd#hypercube-dimension"/>
  <link:arcroleRef arcroleURI="http://xbrl.org/int/dim/arcrole/notAll" xlink:type="simple"
                    xlink:href="http://www.xbrl.org/2005/xbrldt-2005.xsd#notAll"/>
  <link:definitionLink xlink:type="extended"
                        xlink:role="http://www.c-ebs.org/2006/corep/eu/t-op/SectionBankingActivities">
      <link:loc xlink:type="locator" xlink:href="p-op-2006-07-01.xsd#p-op_OPRDomain"
                xlink:label="OPRDomain"
                xlink:title="OPRDomain"/>
      <link:loc xlink:type="locator" xlink:href="p-op-2006-07-01.xsd#p-op_GrossIncome"
                xlink:label="GrossIncome"
                xlink:title="GrossIncome"/>
      <link:definitionArc xlink:type="arc" xlink:arcrole="http://xbrl.org/int/dim/arcrole/domain-member"
                          xlink:from="OPRDomain"
                          xlink:to="GrossIncome"
                          xlink:title="definition: OPRDomain to GrossIncome"
                          order="1.0"/>
      <link:loc xlink:type="locator" xlink:href="p-op-2006-07-01.xsd#p-op_Year3GrossIncome"
                xlink:label="Year3GrossIncome"
                xlink:title="Year3GrossIncome"/>
      <link:definitionArc xlink:type="arc" xlink:arcrole="http://xbrl.org/int/dim/arcrole/domain-member"
                          xlink:from="GrossIncome"
                          xlink:to="Year3GrossIncome"
                          xlink:title="definition: GrossIncome to Year3GrossIncome"
                          use="optional"
                          order="1.0"/>
      <link:loc xlink:type="locator" xlink:href="p-op-2006-07-01.xsd#p-op_Year2GrossIncome"
                xlink:label="Year2GrossIncome"
                xlink:title="Year2GrossIncome"/>
      <link:definitionArc xlink:type="arc" xlink:arcrole="http://xbrl.org/int/dim/arcrole/domain-member"
                          xlink:from="GrossIncome"
                          xlink:to="Year2GrossIncome"
                          xlink:title="definition: GrossIncome to Year2GrossIncome"
                          use="optional"
                          order="2.0"/>
      <link:loc xlink:type="locator" xlink:href="p-op-2006-07-01.xsd#p-op_LastYearGrossIncome"
                xlink:label="LastYearGrossIncome"
                xlink:title="LastYearGrossIncome"/>
      <link:definitionArc xlink:type="arc" xlink:arcrole="http://xbrl.org/int/dim/arcrole/domain-member"
                          xlink:from="GrossIncome"
                          xlink:to="LastYearGrossIncome"
                          xlink:title="definition: GrossIncome to LastYearGrossIncome"
                          use="optional"
                          order="3.0"/>
      <link:loc xlink:type="locator"
                xlink:href="t-op-2006-07-01.xsd#t-op_ExcludedTotalBankingActivitiesSTAAlternativeHypercube"
                xlink:label="ExcludedTotalBankingActivitiesSTAAlternativeHypercube"
                xlink:title="ExcludedTotalBankingActivitiesSTAAlternativeHypercube"/>
      <link:definitionArc xlink:type="arc" xlink:arcrole="http://xbrl.org/int/dim/arcrole/notAll"
                          xlink:from="GrossIncome"
                          xlink:to="ExcludedTotalBankingActivitiesSTAAlternativeHypercube"
                          xlink:title="definition: GrossIncome to ExcludedTotalBankingActivitiesSTAAlternativeHypercube"
                          use="optional"
                          order="4.0"
                          xbrldt:targetRole="http://www.c-ebs.org/2006/corep/eu/t-op/hcExcludedBankingActivitiesSTAAlternative"
                          xbrldt:contextElement="scenario"/>
      <link:loc xlink:type="locator" xlink:href="p-op-2006-07-01.xsd#p-op_AMAMemorandumItems"
                xlink:label="AMAMemorandumItems"
                xlink:title="AMAMemorandumItems"/>
      <link:definitionArc xlink:type="arc" xlink:arcrole="http://xbrl.org/int/dim/arcrole/domain-member"
                          xlink:from="OPRDomain"
                          xlink:to="AMAMemorandumItems"
                          xlink:title="definition: OPRDomain to AMAMemorandumItems"
                          order="3.0"/>
      <link:loc xlink:type="locator"
                xlink:href="p-op-2006-07-01.xsd#p-op_CapitalRequirementsBeforeAlleviation"
                xlink:label="CapitalRequirementsBeforeAlleviation"
                xlink:title="CapitalRequirementsBeforeAlleviation"/>
      <link:definitionArc xlink:type="arc" xlink:arcrole="http://xbrl.org/int/dim/arcrole/domain-member"
                          xlink:from="AMAMemorandumItems"
                          xlink:to="CapitalRequirementsBeforeAlleviation"
                          xlink:title="definition: AMAMemorandumItems to CapitalRequirementsBeforeAlleviation"
                          use="optional"
                          order="1.0"/>
      <link:loc xlink:type="locator"
                xlink:href="p-op-2006-07-01.xsd#p-op_AlleviationCapitalRequirementsDueRiskTransferMechanisms"
                xlink:label="AlleviationCapitalRequirementsDueRiskTransferMechanisms"
                xlink:title="AlleviationCapitalRequirementsDueRiskTransferMechanisms"/>
      <link:definitionArc xlink:type="arc" xlink:arcrole="http://xbrl.org/int/dim/arcrole/domain-member"
                          xlink:from="AMAMemorandumItems"
                          xlink:to="AlleviationCapitalRequirementsDueRiskTransferMechanisms"
                          xlink:title="definition: AMAMemorandumItems to AlleviationCapitalRequirementsDueRiskTransferMechanisms"
                          order="3.0"/>
      <link:loc xlink:type="locator" xlink:href="p-op-2006-07-01.xsd#p-op_OfWhichDueInsurance"
                xlink:label="OfWhichDueInsurance"
                xlink:title="OfWhichDueInsurance"/>
      <link:definitionArc xlink:type="arc" xlink:arcrole="http://xbrl.org/int/dim/arcrole/domain-member"
                          xlink:from="AlleviationCapitalRequirementsDueRiskTransferMechanisms"
                          xlink:to="OfWhichDueInsurance"
                          xlink:title="definition: AlleviationCapitalRequirementsDueRiskTransferMechanisms to OfWhichDueInsurance"
                          use="optional"
                          order="1.0"/>
      <link:loc xlink:type="locator"
                xlink:href="p-op-2006-07-01.xsd#p-op_AlleviationCapitalRequirementsCapturedInBusinessPractices"
                xlink:label="AlleviationCapitalRequirementsCapturedInBusinessPractices"
                xlink:title="AlleviationCapitalRequirementsCapturedInBusinessPractices"/>
      <link:definitionArc xlink:type="arc" xlink:arcrole="http://xbrl.org/int/dim/arcrole/domain-member"
                          xlink:from="AMAMemorandumItems"
                          xlink:to="AlleviationCapitalRequirementsCapturedInBusinessPractices"
                          xlink:title="definition: AMAMemorandumItems to AlleviationCapitalRequirementsCapturedInBusinessPractices"
                          order="2.0"/>
      <link:loc xlink:type="locator"
                xlink:href="p-op-2006-07-01.xsd#p-op_ExcessOnLimitCapitalAlleviation"
                xlink:label="ExcessOnLimitCapitalAlleviation"
                xlink:title="ExcessOnLimitCapitalAlleviation"/>
      <link:definitionArc xlink:type="arc" xlink:arcrole="http://xbrl.org/int/dim/arcrole/domain-member"
                          xlink:from="AMAMemorandumItems"
                          xlink:to="ExcessOnLimitCapitalAlleviation"
                          xlink:title="definition: AMAMemorandumItems to ExcessOnLimitCapitalAlleviation"
                          order="4.0"/>
      <link:loc xlink:type="locator"
                xlink:href="t-op-2006-07-01.xsd#t-op_ExcludedTotalBankingActivitiesBIAHypercube"
                xlink:label="ExcludedTotalBankingActivitiesBIAHypercube"
                xlink:title="ExcludedTotalBankingActivitiesBIAHypercube"/>
      <link:definitionArc xlink:type="arc" xlink:arcrole="http://xbrl.org/int/dim/arcrole/notAll"
                          xlink:from="AMAMemorandumItems"
                          xlink:to="ExcludedTotalBankingActivitiesBIAHypercube"
                          xlink:title="definition: AMAMemorandumItems to ExcludedTotalBankingActivitiesBIAHypercube"
                          use="optional"
                          order="5.0"
                          xbrldt:targetRole="http://www.c-ebs.org/2006/corep/eu/t-op/hcExcludedBankingActivitiesBIA"
                          xbrldt:contextElement="scenario"/>
      <link:definitionArc xlink:type="arc" xlink:arcrole="http://xbrl.org/int/dim/arcrole/notAll"
                          xlink:from="AMAMemorandumItems"
                          xlink:to="ExcludedTotalBankingActivitiesSTAAlternativeHypercube"
                          xlink:title="definition: AMAMemorandumItems to ExcludedTotalBankingActivitiesSTAAlternativeHypercube"
                          use="optional"
                          order="6.0"
                          xbrldt:targetRole="http://www.c-ebs.org/2006/corep/eu/t-op/hcExcludedBankingActivitiesSTAAlternative"
                          xbrldt:contextElement="scenario"/>
      <link:loc xlink:type="locator"
                xlink:href="p-cm-ca-2006-07-01.xsd#p-cm-ca_OperationalRiskCapitalRequirements"
                xlink:label="OperationalRiskCapitalRequirements"
                xlink:title="OperationalRiskCapitalRequirements"/>
      <link:definitionArc xlink:type="arc" xlink:arcrole="http://xbrl.org/int/dim/arcrole/domain-member"
                          xlink:from="OPRDomain"
                          xlink:to="OperationalRiskCapitalRequirements"
                          xlink:title="definition: OPRDomain to OperationalRiskCapitalRequirements"
                          order="2.0"/>
      <link:loc xlink:type="locator"
                xlink:href="p-op-2006-07-01.xsd#p-op_OfWhichAllocationMechanism"
                xlink:label="OfWhichAllocationMechanism"
                xlink:title="OfWhichAllocationMechanism"/>
      <link:definitionArc xlink:type="arc" xlink:arcrole="http://xbrl.org/int/dim/arcrole/domain-member"
                          xlink:from="OperationalRiskCapitalRequirements"
                          xlink:to="OfWhichAllocationMechanism"
                          xlink:title="definition: OperationalRiskCapitalRequirements to OfWhichAllocationMechanism"
                          order="2.0"/>
      <link:definitionArc xlink:type="arc" xlink:arcrole="http://xbrl.org/int/dim/arcrole/notAll"
                          xlink:from="OfWhichAllocationMechanism"
                          xlink:to="ExcludedTotalBankingActivitiesBIAHypercube"
                          xlink:title="definition: OfWhichAllocationMechanism to ExcludedTotalBankingActivitiesBIAHypercube"
                          order="1.0"
                          xbrldt:targetRole="http://www.c-ebs.org/2006/corep/eu/t-op/hcExcludedBankingActivitiesBIA"
                          xbrldt:contextElement="scenario"/>
      <link:definitionArc xlink:type="arc" xlink:arcrole="http://xbrl.org/int/dim/arcrole/notAll"
                          xlink:from="OfWhichAllocationMechanism"
                          xlink:to="ExcludedTotalBankingActivitiesSTAAlternativeHypercube"
                          xlink:title="definition: OfWhichAllocationMechanism to ExcludedTotalBankingActivitiesSTAAlternativeHypercube"
                          order="2.0"
                          xbrldt:targetRole="http://www.c-ebs.org/2006/corep/eu/t-op/hcExcludedBankingActivitiesSTAAlternative"
                          xbrldt:contextElement="scenario"/>
      <link:loc xlink:type="locator"
                xlink:href="t-op-2006-07-01.xsd#t-op_SectionAllBankingActivitiesHypercube"
                xlink:label="SectionAllBankingActivitiesHypercube"
                xlink:title="SectionAllBankingActivitiesHypercube"/>
      <link:definitionArc xlink:type="arc" xlink:arcrole="http://xbrl.org/int/dim/arcrole/all"
                          xlink:from="OPRDomain"
                          xlink:to="SectionAllBankingActivitiesHypercube"
                          xlink:title="definition: OPRDomain to SectionAllBankingActivitiesHypercube"
                          order="4.0"
                          xbrldt:contextElement="scenario"
                          xbrldt:targetRole="http://www.c-ebs.org/2006/corep/eu/t-op/hcAllBankingActivities"
                          xbrldt:closed="true"/>
  </link:definitionLink>
  <link:definitionLink xlink:type="extended"
                        xlink:role="http://www.c-ebs.org/2006/corep/eu/t-op/SectionSubjectToSTA">
      <link:loc xlink:type="locator" xlink:href="p-op-2006-07-01.xsd#p-op_OPRDomain"
                xlink:label="OPRDomain"
                xlink:title="OPRDomain"/>
      <link:loc xlink:type="locator" xlink:href="p-op-2006-07-01.xsd#p-op_GrossIncome"
                xlink:label="GrossIncome_2"
                xlink:title="GrossIncome"/>
      <link:definitionArc xlink:type="arc" xlink:arcrole="http://xbrl.org/int/dim/arcrole/domain-member"
                          xlink:from="OPRDomain"
                          xlink:to="GrossIncome_2"
                          xlink:title="definition: OPRDomain to GrossIncome"
                          order="1.0"/>
      <link:loc xlink:type="locator" xlink:href="p-op-2006-07-01.xsd#p-op_Year3GrossIncome"
                xlink:label="Year3GrossIncome_2"
                xlink:title="Year3GrossIncome"/>
      <link:definitionArc xlink:type="arc" xlink:arcrole="http://xbrl.org/int/dim/arcrole/domain-member"
                          xlink:from="GrossIncome_2"
                          xlink:to="Year3GrossIncome_2"
                          xlink:title="definition: GrossIncome to Year3GrossIncome"
                          use="optional"
                          order="1.0"/>
      <link:loc xlink:type="locator" xlink:href="p-op-2006-07-01.xsd#p-op_Year2GrossIncome"
                xlink:label="Year2GrossIncome_2"
                xlink:title="Year2GrossIncome"/>
      <link:definitionArc xlink:type="arc" xlink:arcrole="http://xbrl.org/int/dim/arcrole/domain-member"
                          xlink:from="GrossIncome_2"
                          xlink:to="Year2GrossIncome_2"
                          xlink:title="definition: GrossIncome to Year2GrossIncome"
                          use="optional"
                          order="2.0"/>
      <link:loc xlink:type="locator" xlink:href="p-op-2006-07-01.xsd#p-op_LastYearGrossIncome"
                xlink:label="LastYearGrossIncome_2"
                xlink:title="LastYearGrossIncome"/>
      <link:definitionArc xlink:type="arc" xlink:arcrole="http://xbrl.org/int/dim/arcrole/domain-member"
                          xlink:from="GrossIncome_2"
                          xlink:to="LastYearGrossIncome_2"
                          xlink:title="definition: GrossIncome to LastYearGrossIncome"
                          use="optional"
                          order="3.0"/>
      <link:loc xlink:type="locator"
                xlink:href="t-op-2006-07-01.xsd#t-op_SectionSubjectToSTAAllBusinessLinesHypercube"
                xlink:label="SectionSubjectToSTAAllBusinessLinesHypercube"
                xlink:title="SectionSubjectToSTAAllBusinessLinesHypercube"/>
      <link:definitionArc xlink:type="arc" xlink:arcrole="http://xbrl.org/int/dim/arcrole/all"
                          xlink:from="GrossIncome_2"
                          xlink:to="SectionSubjectToSTAAllBusinessLinesHypercube"
                          xlink:title="definition: GrossIncome to SectionSubjectToSTAAllBusinessLinesHypercube"
                          use="optional"
                          order="4.0"
                          xbrldt:targetRole="http://www.c-ebs.org/2006/corep/eu/t-op/hcSectionSubjectToSTAAllBusinessLines"
                          xbrldt:contextElement="scenario"
                          xbrldt:closed="true"/>
  </link:definitionLink>
  <link:definitionLink xlink:type="extended"
                        xlink:role="http://www.c-ebs.org/2006/corep/eu/t-op/SectionSubjectToASA">
      <link:loc xlink:type="locator" xlink:href="p-op-2006-07-01.xsd#p-op_OPRDomain"
                xlink:label="OPRDomain"
                xlink:title="OPRDomain"/>
      <link:loc xlink:type="locator" xlink:href="p-op-2006-07-01.xsd#p-op_GrossIncome"
                xlink:label="GrossIncome_3"
                xlink:title="GrossIncome"/>
      <link:definitionArc xlink:type="arc" xlink:arcrole="http://xbrl.org/int/dim/arcrole/domain-member"
                          xlink:from="OPRDomain"
                          xlink:to="GrossIncome_3"
                          xlink:title="definition: OPRDomain to GrossIncome"
                          order="1.0"/>
      <link:loc xlink:type="locator" xlink:href="p-op-2006-07-01.xsd#p-op_Year3GrossIncome"
                xlink:label="Year3GrossIncome_3"
                xlink:title="Year3GrossIncome"/>
      <link:definitionArc xlink:type="arc" xlink:arcrole="http://xbrl.org/int/dim/arcrole/domain-member"
                          xlink:from="GrossIncome_3"
                          xlink:to="Year3GrossIncome_3"
                          xlink:title="definition: GrossIncome to Year3GrossIncome"
                          use="optional"
                          order="1.0"/>
      <link:loc xlink:type="locator" xlink:href="p-op-2006-07-01.xsd#p-op_Year2GrossIncome"
                xlink:label="Year2GrossIncome_3"
                xlink:title="Year2GrossIncome"/>
      <link:definitionArc xlink:type="arc" xlink:arcrole="http://xbrl.org/int/dim/arcrole/domain-member"
                          xlink:from="GrossIncome_3"
                          xlink:to="Year2GrossIncome_3"
                          xlink:title="definition: GrossIncome to Year2GrossIncome"
                          use="optional"
                          order="2.0"/>
      <link:loc xlink:type="locator" xlink:href="p-op-2006-07-01.xsd#p-op_LastYearGrossIncome"
                xlink:label="LastYearGrossIncome_3"
                xlink:title="LastYearGrossIncome"/>
      <link:definitionArc xlink:type="arc" xlink:arcrole="http://xbrl.org/int/dim/arcrole/domain-member"
                          xlink:from="GrossIncome_3"
                          xlink:to="LastYearGrossIncome_3"
                          xlink:title="definition: GrossIncome to LastYearGrossIncome"
                          use="optional"
                          order="3.0"/>
      <link:loc xlink:type="locator" xlink:href="p-op-2006-07-01.xsd#p-op_LoansAdvances"
                xlink:label="LoansAdvances"
                xlink:title="LoansAdvances"/>
      <link:definitionArc xlink:type="arc" xlink:arcrole="http://xbrl.org/int/dim/arcrole/domain-member"
                          xlink:from="OPRDomain"
                          xlink:to="LoansAdvances"
                          xlink:title="definition: OPRDomain to LoansAdvances"
                          order="2.0"/>
      <link:loc xlink:type="locator" xlink:href="p-op-2006-07-01.xsd#p-op_Year3LoansAdvances"
                xlink:label="Year3LoansAdvances"
                xlink:title="Year3LoansAdvances"/>
      <link:definitionArc xlink:type="arc" xlink:arcrole="http://xbrl.org/int/dim/arcrole/domain-member"
                          xlink:from="LoansAdvances"
                          xlink:to="Year3LoansAdvances"
                          xlink:title="definition: LoansAdvances to Year3LoansAdvances"
                          use="optional"
                          order="1.0"/>
      <link:loc xlink:type="locator" xlink:href="p-op-2006-07-01.xsd#p-op_Year2LoansAdvances"
                xlink:label="Year2LoansAdvances"
                xlink:title="Year2LoansAdvances"/>
      <link:definitionArc xlink:type="arc" xlink:arcrole="http://xbrl.org/int/dim/arcrole/domain-member"
                          xlink:from="LoansAdvances"
                          xlink:to="Year2LoansAdvances"
                          xlink:title="definition: LoansAdvances to Year2LoansAdvances"
                          use="optional"
                          order="2.0"/>
      <link:loc xlink:type="locator"
                xlink:href="p-op-2006-07-01.xsd#p-op_LastYearLoansAdvances"
                xlink:label="LastYearLoansAdvances"
                xlink:title="LastYearLoansAdvances"/>
      <link:definitionArc xlink:type="arc" xlink:arcrole="http://xbrl.org/int/dim/arcrole/domain-member"
                          xlink:from="LoansAdvances"
                          xlink:to="LastYearLoansAdvances"
                          xlink:title="definition: LoansAdvances to LastYearLoansAdvances"
                          use="optional"
                          order="3.0"/>
      <link:loc xlink:type="locator"
                xlink:href="t-op-2006-07-01.xsd#t-op_SectionSubjectToASAandBusinessLinesHypercube"
                xlink:label="SectionSubjectToASAandBusinessLinesHypercube"
                xlink:title="SectionSubjectToASAandBusinessLinesHypercube"/>
      <link:definitionArc xlink:type="arc" xlink:arcrole="http://xbrl.org/int/dim/arcrole/all"
                          xlink:from="OPRDomain"
                          xlink:to="SectionSubjectToASAandBusinessLinesHypercube"
                          xlink:title="definition: OPRDomain to SectionSubjectToASAandBusinessLinesHypercube"
                          order="3.0"
                          xbrldt:targetRole="http://www.c-ebs.org/2006/corep/eu/t-op/hcSectionSubjectToASAandBusinessLines"
                          xbrldt:contextElement="scenario"
                          xbrldt:closed="true"/>
  </link:definitionLink>
  <link:definitionLink xlink:type="extended"
                        xlink:role="http://www.c-ebs.org/2006/corep/eu/t-op/hcExcludedBankingActivitiesSTAAlternative">
      <link:loc xlink:type="locator"
                xlink:href="t-op-2006-07-01.xsd#t-op_ExcludedTotalBankingActivitiesSTAAlternativeHypercube"
                xlink:label="ExcludedTotalBankingActivitiesSTAAlternativeHypercube_2"
                xlink:title="ExcludedTotalBankingActivitiesSTAAlternativeHypercube"/>
      <link:loc xlink:type="locator"
                xlink:href="d-ba-2006-07-01.xsd#d-ba_BankActivityDimension"
                xlink:label="BankActivityDimension"
                xlink:title="BankActivityDimension"/>
      <link:definitionArc xlink:type="arc"
                          xlink:arcrole="http://xbrl.org/int/dim/arcrole/hypercube-dimension"
                          xlink:from="ExcludedTotalBankingActivitiesSTAAlternativeHypercube_2"
                          xlink:to="BankActivityDimension"
                          xlink:title="definition: ExcludedTotalBankingActivitiesSTAAlternativeHypercube to BankActivityDimension"
                          order="1.0"/>
      <link:loc xlink:type="locator"
                xlink:href="d-ba-2006-07-01.xsd#d-ba_TotalBankingActivitiesSubjectSTAAlternative"
                xlink:label="TotalBankingActivitiesSubjectSTAAlternative"
                xlink:title="TotalBankingActivitiesSubjectSTAAlternative"/>
      <link:definitionArc xlink:type="arc"
                          xlink:arcrole="http://xbrl.org/int/dim/arcrole/dimension-domain"
                          xlink:from="BankActivityDimension"
                          xlink:to="TotalBankingActivitiesSubjectSTAAlternative"
                          xlink:title="definition: BankActivityDimension to TotalBankingActivitiesSubjectSTAAlternative"
                          use="optional"
                          order="1.0"/>
  </link:definitionLink>
  <link:definitionLink xlink:type="extended"
                        xlink:role="http://www.c-ebs.org/2006/corep/eu/t-op/hcAllBankingActivities">
      <link:loc xlink:type="locator"
                xlink:href="d-ba-2006-07-01.xsd#d-ba_BankActivityDimension"
                xlink:label="BankActivityDimension"
                xlink:title="BankActivityDimension"/>
      <link:loc xlink:type="locator"
                xlink:href="d-ba-2006-07-01.xsd#d-ba_TotalBankingActivitiesSubjectSTAAlternative"
                xlink:label="TotalBankingActivitiesSubjectSTAAlternative"
                xlink:title="TotalBankingActivitiesSubjectSTAAlternative"/>
      <link:definitionArc xlink:type="arc"
                          xlink:arcrole="http://xbrl.org/int/dim/arcrole/dimension-domain"
                          xlink:from="BankActivityDimension"
                          xlink:to="TotalBankingActivitiesSubjectSTAAlternative"
                          xlink:title="definition: BankActivityDimension to TotalBankingActivitiesSubjectSTAAlternative"
                          use="optional"
                          order="2.0"/>
      <link:loc xlink:type="locator"
                xlink:href="d-ba-2006-07-01.xsd#d-ba_TotalBankingActivitiesSubjectBIA"
                xlink:label="TotalBankingActivitiesSubjectBIA"
                xlink:title="TotalBankingActivitiesSubjectBIA"/>
      <link:definitionArc xlink:type="arc"
                          xlink:arcrole="http://xbrl.org/int/dim/arcrole/dimension-domain"
                          xlink:from="BankActivityDimension"
                          xlink:to="TotalBankingActivitiesSubjectBIA"
                          xlink:title="definition: BankActivityDimension to TotalBankingActivitiesSubjectBIA"
                          use="optional"
                          order="1.0"/>
      <link:loc xlink:type="locator"
                xlink:href="d-ba-2006-07-01.xsd#d-ba_TotalBankingActivitiesSubjectAMA"
                xlink:label="TotalBankingActivitiesSubjectAMA"
                xlink:title="TotalBankingActivitiesSubjectAMA"/>
      <link:definitionArc xlink:type="arc"
                          xlink:arcrole="http://xbrl.org/int/dim/arcrole/dimension-domain"
                          xlink:from="BankActivityDimension"
                          xlink:to="TotalBankingActivitiesSubjectAMA"
                          xlink:title="definition: BankActivityDimension to TotalBankingActivitiesSubjectAMA"
                          use="optional"
                          order="3.0"/>
      <link:loc xlink:type="locator"
                xlink:href="t-op-2006-07-01.xsd#t-op_SectionAllBankingActivitiesHypercube"
                xlink:label="SectionAllBankingActivitiesHypercube_2"
                xlink:title="SectionAllBankingActivitiesHypercube"/>
      <link:definitionArc xlink:type="arc"
                          xlink:arcrole="http://xbrl.org/int/dim/arcrole/hypercube-dimension"
                          xlink:from="SectionAllBankingActivitiesHypercube_2"
                          xlink:to="BankActivityDimension"
                          xlink:title="definition: SectionAllBankingActivitiesHypercube to BankActivityDimension"
                          order="1.0"/>
  </link:definitionLink>
  <link:definitionLink xlink:type="extended"
                        xlink:role="http://www.c-ebs.org/2006/corep/eu/t-op/hcExcludedBankingActivitiesBIA">
      <link:loc xlink:type="locator"
                xlink:href="d-ba-2006-07-01.xsd#d-ba_BankActivityDimension"
                xlink:label="BankActivityDimension"
                xlink:title="BankActivityDimension"/>
      <link:loc xlink:type="locator"
                xlink:href="d-ba-2006-07-01.xsd#d-ba_TotalBankingActivitiesSubjectBIA"
                xlink:label="TotalBankingActivitiesSubjectBIA"
                xlink:title="TotalBankingActivitiesSubjectBIA"/>
      <link:definitionArc xlink:type="arc"
                          xlink:arcrole="http://xbrl.org/int/dim/arcrole/dimension-domain"
                          xlink:from="BankActivityDimension"
                          xlink:to="TotalBankingActivitiesSubjectBIA"
                          xlink:title="definition: BankActivityDimension to TotalBankingActivitiesSubjectBIA"
                          use="optional"
                          order="1.0"/>
      <link:loc xlink:type="locator"
                xlink:href="t-op-2006-07-01.xsd#t-op_ExcludedTotalBankingActivitiesBIAHypercube"
                xlink:label="ExcludedTotalBankingActivitiesBIAHypercube_2"
                xlink:title="ExcludedTotalBankingActivitiesBIAHypercube"/>
      <link:definitionArc xlink:type="arc"
                          xlink:arcrole="http://xbrl.org/int/dim/arcrole/hypercube-dimension"
                          xlink:from="ExcludedTotalBankingActivitiesBIAHypercube_2"
                          xlink:to="BankActivityDimension"
                          xlink:title="definition: ExcludedTotalBankingActivitiesBIAHypercube to BankActivityDimension"
                          order="1.0"/>
  </link:definitionLink>
  <link:definitionLink xlink:type="extended"
                        xlink:role="http://www.c-ebs.org/2006/corep/eu/t-op/hcExcludedBankingActivitiesAMA">
      <link:loc xlink:type="locator"
                xlink:href="d-ba-2006-07-01.xsd#d-ba_BankActivityDimension"
                xlink:label="BankActivityDimension"
                xlink:title="BankActivityDimension"/>
      <link:loc xlink:type="locator"
                xlink:href="d-ba-2006-07-01.xsd#d-ba_TotalBankingActivitiesSubjectAMA"
                xlink:label="TotalBankingActivitiesSubjectAMA"
                xlink:title="TotalBankingActivitiesSubjectAMA"/>
      <link:definitionArc xlink:type="arc"
                          xlink:arcrole="http://xbrl.org/int/dim/arcrole/dimension-domain"
                          xlink:from="BankActivityDimension"
                          xlink:to="TotalBankingActivitiesSubjectAMA"
                          xlink:title="definition: BankActivityDimension to TotalBankingActivitiesSubjectAMA"
                          use="optional"
                          order="1.0"/>
      <link:loc xlink:type="locator"
                xlink:href="t-op-2006-07-01.xsd#t-op_ExcludedTotalBankingActivitiesAMAHypercube"
                xlink:label="ExcludedTotalBankingActivitiesAMAHypercube"
                xlink:title="ExcludedTotalBankingActivitiesAMAHypercube"/>
      <link:definitionArc xlink:type="arc"
                          xlink:arcrole="http://xbrl.org/int/dim/arcrole/hypercube-dimension"
                          xlink:from="ExcludedTotalBankingActivitiesAMAHypercube"
                          xlink:to="BankActivityDimension"
                          xlink:title="definition: ExcludedTotalBankingActivitiesAMAHypercube to BankActivityDimension"
                          order="1.0"/>
  </link:definitionLink>
  <link:definitionLink xlink:type="extended"
                        xlink:role="http://www.c-ebs.org/2006/corep/eu/t-op/hcSectionSubjectToSTAAllBusinessLines">
      <link:loc xlink:type="locator"
                xlink:href="d-ba-2006-07-01.xsd#d-ba_BankActivityDimension"
                xlink:label="BankActivityDimension"
                xlink:title="BankActivityDimension"/>
      <link:loc xlink:type="locator"
                xlink:href="d-ba-2006-07-01.xsd#d-ba_TotalBankingActivitiesSubjectSTA"
                xlink:label="TotalBankingActivitiesSubjectSTA"
                xlink:title="TotalBankingActivitiesSubjectSTA"/>
      <link:definitionArc xlink:type="arc"
                          xlink:arcrole="http://xbrl.org/int/dim/arcrole/dimension-domain"
                          xlink:from="BankActivityDimension"
                          xlink:to="TotalBankingActivitiesSubjectSTA"
                          xlink:title="definition: BankActivityDimension to TotalBankingActivitiesSubjectSTA"
                          use="optional"
                          order="1.0"/>
      <link:loc xlink:type="locator"
                xlink:href="t-op-2006-07-01.xsd#t-op_SectionSubjectToSTAAllBusinessLinesHypercube"
                xlink:label="SectionSubjectToSTAAllBusinessLinesHypercube_2"
                xlink:title="SectionSubjectToSTAAllBusinessLinesHypercube"/>
      <link:loc xlink:type="locator"
                xlink:href="d-bl-2006-07-01.xsd#d-bl_BusinessLinesDimension"
                xlink:label="BusinessLinesDimension"
                xlink:title="BusinessLinesDimension"/>
      <link:definitionArc xlink:type="arc"
                          xlink:arcrole="http://xbrl.org/int/dim/arcrole/hypercube-dimension"
                          xlink:from="SectionSubjectToSTAAllBusinessLinesHypercube_2"
                          xlink:to="BusinessLinesDimension"
                          xlink:title="definition: SectionSubjectToSTAAllBusinessLinesHypercube to BusinessLinesDimension"
                          order="1.0"/>
      <link:loc xlink:type="locator" xlink:href="d-bl-2006-07-01.xsd#d-bl_CorporateFinance"
                xlink:label="CorporateFinance"
                xlink:title="CorporateFinance"/>
      <link:definitionArc xlink:type="arc"
                          xlink:arcrole="http://xbrl.org/int/dim/arcrole/dimension-domain"
                          xlink:from="BusinessLinesDimension"
                          xlink:to="CorporateFinance"
                          xlink:title="definition: BusinessLinesDimension to CorporateFinance"
                          use="optional"
                          order="1.0"/>
      <link:loc xlink:type="locator" xlink:href="d-bl-2006-07-01.xsd#d-bl_TradingSales"
                xlink:label="TradingSales"
                xlink:title="TradingSales"/>
      <link:definitionArc xlink:type="arc"
                          xlink:arcrole="http://xbrl.org/int/dim/arcrole/dimension-domain"
                          xlink:from="BusinessLinesDimension"
                          xlink:to="TradingSales"
                          xlink:title="definition: BusinessLinesDimension to TradingSales"
                          use="optional"
                          order="2.0"/>
      <link:loc xlink:type="locator" xlink:href="d-bl-2006-07-01.xsd#d-bl_RetailBrokerage"
                xlink:label="RetailBrokerage"
                xlink:title="RetailBrokerage"/>
      <link:definitionArc xlink:type="arc"
                          xlink:arcrole="http://xbrl.org/int/dim/arcrole/dimension-domain"
                          xlink:from="BusinessLinesDimension"
                          xlink:to="RetailBrokerage"
                          xlink:title="definition: BusinessLinesDimension to RetailBrokerage"
                          use="optional"
                          order="3.0"/>
      <link:loc xlink:type="locator" xlink:href="d-bl-2006-07-01.xsd#d-bl_CommercialBanking"
                xlink:label="CommercialBanking"
                xlink:title="CommercialBanking"/>
      <link:definitionArc xlink:type="arc"
                          xlink:arcrole="http://xbrl.org/int/dim/arcrole/dimension-domain"
                          xlink:from="BusinessLinesDimension"
                          xlink:to="CommercialBanking"
                          xlink:title="definition: BusinessLinesDimension to CommercialBanking"
                          use="optional"
                          order="4.0"/>
      <link:loc xlink:type="locator" xlink:href="d-bl-2006-07-01.xsd#d-bl_RetailBanking"
                xlink:label="RetailBanking"
                xlink:title="RetailBanking"/>
      <link:definitionArc xlink:type="arc"
                          xlink:arcrole="http://xbrl.org/int/dim/arcrole/dimension-domain"
                          xlink:from="BusinessLinesDimension"
                          xlink:to="RetailBanking"
                          xlink:title="definition: BusinessLinesDimension to RetailBanking"
                          use="optional"
                          order="5.0"/>
      <link:loc xlink:type="locator" xlink:href="d-bl-2006-07-01.xsd#d-bl_PaymentSettlement"
                xlink:label="PaymentSettlement"
                xlink:title="PaymentSettlement"/>
      <link:definitionArc xlink:type="arc"
                          xlink:arcrole="http://xbrl.org/int/dim/arcrole/dimension-domain"
                          xlink:from="BusinessLinesDimension"
                          xlink:to="PaymentSettlement"
                          xlink:title="definition: BusinessLinesDimension to PaymentSettlement"
                          use="optional"
                          order="6.0"/>
      <link:loc xlink:type="locator" xlink:href="d-bl-2006-07-01.xsd#d-bl_AgencyServices"
                xlink:label="AgencyServices"
                xlink:title="AgencyServices"/>
      <link:definitionArc xlink:type="arc"
                          xlink:arcrole="http://xbrl.org/int/dim/arcrole/dimension-domain"
                          xlink:from="BusinessLinesDimension"
                          xlink:to="AgencyServices"
                          xlink:title="definition: BusinessLinesDimension to AgencyServices"
                          use="optional"
                          order="7.0"/>
      <link:loc xlink:type="locator" xlink:href="d-bl-2006-07-01.xsd#d-bl_AssetManagement"
                xlink:label="AssetManagement"
                xlink:title="AssetManagement"/>
      <link:definitionArc xlink:type="arc"
                          xlink:arcrole="http://xbrl.org/int/dim/arcrole/dimension-domain"
                          xlink:from="BusinessLinesDimension"
                          xlink:to="AssetManagement"
                          xlink:title="definition: BusinessLinesDimension to AssetManagement"
                          use="optional"
                          order="8.0"/>
      <link:definitionArc xlink:type="arc"
                          xlink:arcrole="http://xbrl.org/int/dim/arcrole/hypercube-dimension"
                          xlink:from="SectionSubjectToSTAAllBusinessLinesHypercube_2"
                          xlink:to="BankActivityDimension"
                          xlink:title="definition: SectionSubjectToSTAAllBusinessLinesHypercube to BankActivityDimension"
                          order="2.0"/>
  </link:definitionLink>
  <link:definitionLink xlink:type="extended"
                        xlink:role="http://www.c-ebs.org/2006/corep/eu/t-op/hcSectionSubjectToASAandBusinessLines">
      <link:loc xlink:type="locator"
                xlink:href="d-ba-2006-07-01.xsd#d-ba_BankActivityDimension"
                xlink:label="BankActivityDimension"
                xlink:title="BankActivityDimension"/>
      <link:loc xlink:type="locator"
                xlink:href="d-ba-2006-07-01.xsd#d-ba_TotalBankingActivitiesSubjectASA"
                xlink:label="TotalBankingActivitiesSubjectASA"
                xlink:title="TotalBankingActivitiesSubjectASA"/>
      <link:definitionArc xlink:type="arc"
                          xlink:arcrole="http://xbrl.org/int/dim/arcrole/dimension-domain"
                          xlink:from="BankActivityDimension"
                          xlink:to="TotalBankingActivitiesSubjectASA"
                          xlink:title="definition: BankActivityDimension to TotalBankingActivitiesSubjectASA"
                          use="optional"
                          order="1.0"/>
      <link:loc xlink:type="locator"
                xlink:href="d-bl-2006-07-01.xsd#d-bl_BusinessLinesDimension"
                xlink:label="BusinessLinesDimension"
                xlink:title="BusinessLinesDimension"/>
      <link:loc xlink:type="locator" xlink:href="d-bl-2006-07-01.xsd#d-bl_CommercialBanking"
                xlink:label="CommercialBanking"
                xlink:title="CommercialBanking"/>
      <link:definitionArc xlink:type="arc"
                          xlink:arcrole="http://xbrl.org/int/dim/arcrole/dimension-domain"
                          xlink:from="BusinessLinesDimension"
                          xlink:to="CommercialBanking"
                          xlink:title="definition: BusinessLinesDimension to CommercialBanking"
                          use="optional"
                          order="1.0"/>
      <link:loc xlink:type="locator" xlink:href="d-bl-2006-07-01.xsd#d-bl_RetailBanking"
                xlink:label="RetailBanking"
                xlink:title="RetailBanking"/>
      <link:definitionArc xlink:type="arc"
                          xlink:arcrole="http://xbrl.org/int/dim/arcrole/dimension-domain"
                          xlink:from="BusinessLinesDimension"
                          xlink:to="RetailBanking"
                          xlink:title="definition: BusinessLinesDimension to RetailBanking"
                          use="optional"
                          order="2.0"/>
      <link:loc xlink:type="locator"
                xlink:href="t-op-2006-07-01.xsd#t-op_SectionSubjectToASAandBusinessLinesHypercube"
                xlink:label="SectionSubjectToASAandBusinessLinesHypercube_2"
                xlink:title="SectionSubjectToASAandBusinessLinesHypercube"/>
      <link:definitionArc xlink:type="arc"
                          xlink:arcrole="http://xbrl.org/int/dim/arcrole/hypercube-dimension"
                          xlink:from="SectionSubjectToASAandBusinessLinesHypercube_2"
                          xlink:to="BusinessLinesDimension"
                          xlink:title="definition: SectionSubjectToASAandBusinessLinesHypercube to BusinessLinesDimension"
                          order="1.0"/>
      <link:definitionArc xlink:type="arc"
                          xlink:arcrole="http://xbrl.org/int/dim/arcrole/hypercube-dimension"
                          xlink:from="SectionSubjectToASAandBusinessLinesHypercube_2"
                          xlink:to="BankActivityDimension"
                          xlink:title="definition: SectionSubjectToASAandBusinessLinesHypercube to BankActivityDimension"
                          order="2.0"/>
  </link:definitionLink>
  <link:definitionLink xlink:type="extended"
                        xlink:role="http://www.c-ebs.org/2006/corep/eu/t-op/SectionProhibitedItems">
      <link:loc xlink:type="locator"
                xlink:href="d-hh-2006-07-01.xsd#hyp-cm_ProhibitedItemsPlaceholder"
                xlink:label="ProhibitedItemsPlaceholder"
                xlink:title="ProhibitedItemsPlaceholder"/>
      <link:loc xlink:type="locator"
                xlink:href="p-cm-ca-2006-07-01.xsd#p-cm-ca_CommonCAItemsDomain"
                xlink:label="CommonCAItemsDomain"
                xlink:title="CommonCAItemsDomain"/>
      <link:definitionArc xlink:type="arc" xlink:arcrole="http://xbrl.org/int/dim/arcrole/domain-member"
                          xlink:from="ProhibitedItemsPlaceholder"
                          xlink:to="CommonCAItemsDomain"
                          xlink:title="definition: ProhibitedItemsPlaceholder to CommonCAItemsDomain"
                          order="1.0"
                          xbrldt:targetRole="http://www.c-ebs.org/2006/corep/eu/cm-ca"/>
      <link:loc xlink:type="locator"
                xlink:href="d-hh-2006-07-01.xsd#hyp-cm_ProhibitingHypercube"
                xlink:label="ProhibitingHypercube"
                xlink:title="ProhibitingHypercube"/>
      <link:definitionArc xlink:type="arc" xlink:arcrole="http://xbrl.org/int/dim/arcrole/all"
                          xlink:from="CommonCAItemsDomain"
                          xlink:to="ProhibitingHypercube"
                          xlink:title="definition: CommonCAItemsDomain to ProhibitingHypercube"
                          order="1.0"
                          xbrldt:contextElement="scenario"
                          xbrldt:closed="true"/>
      <link:loc xlink:type="locator" xlink:href="d-hh-2006-07-01.xsd#hyp-cm_NullDimension"
                xlink:label="NullDimension"
                xlink:title="NullDimension"/>
      <link:definitionArc xlink:type="arc"
                          xlink:arcrole="http://xbrl.org/int/dim/arcrole/hypercube-dimension"
                          xlink:from="ProhibitingHypercube"
                          xlink:to="NullDimension"
                          xlink:title="definition: ProhibitingHypercube to NullDimension"
                          order="1.0"/>
  </link:definitionLink>
</link:linkbase>