<?xml version="1.0" encoding="UTF-8"?>
<?taxonomy-version 1.3.1?>
<!--Copyright (C) 2011 EBA - European Banking Authority, Tower 42, 25 Old Broad Street, London, EC2N 1HQ, United Kingdom.-->            
<link:linkbase xmlns:link="http://www.xbrl.org/2003/linkbase"
               xmlns:xbrli="http://www.xbrl.org/2003/instance"
               xmlns:xlink="http://www.w3.org/1999/xlink"
               xmlns:xsi="http://www.w3.org/2001/XMLSchema-instance"
               xmlns:t-op="http://www.c-ebs.org/eu/fr/esrs/corep/2006-07-01/t-op-2006-07-01"
               xsi:schemaLocation="http://www.xbrl.org/2003/linkbase http://www.xbrl.org/2003/xbrl-linkbase-2003-12-31.xsd">
  <link:labelLink xlink:type="extended" xlink:role="http://www.xbrl.org/2003/role/link">
      <link:loc xlink:type="locator"
                xlink:href="t-op-2006-07-01.xsd#t-op_SectionAllBankingActivitiesHypercube"
                xlink:label="SectionAllBankingActivitiesHypercube"
                xlink:title="SectionAllBankingActivitiesHypercube"/>
      <link:label xlink:type="resource" xlink:label="label_SectionAllBankingActivitiesHypercube"
                  xlink:role="http://www.xbrl.org/2003/role/label"
                  xlink:title="label_SectionAllBankingActivitiesHypercube"
                  xml:lang="en"
                  id="label_SectionAllBankingActivitiesHypercube">Section All Banking Activities (Hypercube)</link:label>
      <link:labelArc xlink:type="arc" xlink:arcrole="http://www.xbrl.org/2003/arcrole/concept-label"
                     xlink:from="SectionAllBankingActivitiesHypercube"
                     xlink:to="label_SectionAllBankingActivitiesHypercube"
                     xlink:title="label: SectionAllBankingActivitiesHypercube to label_SectionAllBankingActivitiesHypercube"/>
      <link:loc xlink:type="locator"
                xlink:href="t-op-2006-07-01.xsd#t-op_ExcludedTotalBankingActivitiesAMAHypercube"
                xlink:label="ExcludedTotalBankingActivitiesAMAHypercube"
                xlink:title="ExcludedTotalBankingActivitiesAMAHypercube"/>
      <link:label xlink:type="resource"
                  xlink:label="label_ExcludedTotalBankingActivitiesAMAHypercube"
                  xlink:role="http://www.xbrl.org/2003/role/label"
                  xlink:title="label_ExcludedTotalBankingActivitiesAMAHypercube"
                  xml:lang="en"
                  id="label_ExcludedTotalBankingActivitiesAMAHypercube">Excluded Total Banking Activities Subject to AMA (Hypercube)</link:label>
      <link:labelArc xlink:type="arc" xlink:arcrole="http://www.xbrl.org/2003/arcrole/concept-label"
                     xlink:from="ExcludedTotalBankingActivitiesAMAHypercube"
                     xlink:to="label_ExcludedTotalBankingActivitiesAMAHypercube"
                     xlink:title="label: ExcludedTotalBankingActivitiesAMAHypercube to label_ExcludedTotalBankingActivitiesAMAHypercube"/>
      <link:loc xlink:type="locator"
                xlink:href="t-op-2006-07-01.xsd#t-op_ExcludedTotalBankingActivitiesBIAHypercube"
                xlink:label="ExcludedTotalBankingActivitiesBIAHypercube"
                xlink:title="ExcludedTotalBankingActivitiesBIAHypercube"/>
      <link:label xlink:type="resource"
                  xlink:label="label_ExcludedTotalBankingActivitiesBIAHypercube"
                  xlink:role="http://www.xbrl.org/2003/role/label"
                  xlink:title="label_ExcludedTotalBankingActivitiesBIAHypercube"
                  xml:lang="en"
                  id="label_ExcludedTotalBankingActivitiesBIAHypercube">Excluded Total Banking Activities Subject to BIA (Hypercube)</link:label>
      <link:labelArc xlink:type="arc" xlink:arcrole="http://www.xbrl.org/2003/arcrole/concept-label"
                     xlink:from="ExcludedTotalBankingActivitiesBIAHypercube"
                     xlink:to="label_ExcludedTotalBankingActivitiesBIAHypercube"
                     xlink:title="label: ExcludedTotalBankingActivitiesBIAHypercube to label_ExcludedTotalBankingActivitiesBIAHypercube"/>
      <link:loc xlink:type="locator"
                xlink:href="t-op-2006-07-01.xsd#t-op_ExcludedTotalBankingActivitiesSTAAlternativeHypercube"
                xlink:label="ExcludedTotalBankingActivitiesSTAAlternativeHypercube"
                xlink:title="ExcludedTotalBankingActivitiesSTAAlternativeHypercube"/>
      <link:label xlink:type="resource"
                  xlink:label="label_ExcludedTotalBankingActivitiesSTAAlternativeHypercube"
                  xlink:role="http://www.xbrl.org/2003/role/label"
                  xlink:title="label_ExcludedTotalBankingActivitiesSTAAlternativeHypercube"
                  xml:lang="en"
                  id="label_ExcludedTotalBankingActivitiesSTAAlternativeHypercube">Excluded Total Banking Activities Subject to STA / Alternative (Hypercube)</link:label>
      <link:labelArc xlink:type="arc" xlink:arcrole="http://www.xbrl.org/2003/arcrole/concept-label"
                     xlink:from="ExcludedTotalBankingActivitiesSTAAlternativeHypercube"
                     xlink:to="label_ExcludedTotalBankingActivitiesSTAAlternativeHypercube"
                     xlink:title="label: ExcludedTotalBankingActivitiesSTAAlternativeHypercube to label_ExcludedTotalBankingActivitiesSTAAlternativeHypercube"/>
      <link:loc xlink:type="locator"
                xlink:href="t-op-2006-07-01.xsd#t-op_SectionSubjectToASAandBusinessLinesHypercube"
                xlink:label="SectionSubjectToASAandBusinessLinesHypercube"
                xlink:title="SectionSubjectToASAandBusinessLinesHypercube"/>
      <link:label xlink:type="resource"
                  xlink:label="label_SectionSubjectToASAandBusinessLinesHypercube"
                  xlink:role="http://www.xbrl.org/2003/role/label"
                  xlink:title="label_SectionSubjectToASAandBusinessLinesHypercube"
                  xml:lang="en"
                  id="label_SectionSubjectToASAandBusinessLinesHypercube">Section Subject to ASA and Business Lines (Hypercube)</link:label>
      <link:labelArc xlink:type="arc" xlink:arcrole="http://www.xbrl.org/2003/arcrole/concept-label"
                     xlink:from="SectionSubjectToASAandBusinessLinesHypercube"
                     xlink:to="label_SectionSubjectToASAandBusinessLinesHypercube"
                     xlink:title="label: SectionSubjectToASAandBusinessLinesHypercube to label_SectionSubjectToASAandBusinessLinesHypercube"/>
      <link:loc xlink:type="locator"
                xlink:href="t-op-2006-07-01.xsd#t-op_SectionSubjectToSTAAllBusinessLinesHypercube"
                xlink:label="SectionSubjectToSTAAllBusinessLinesHypercube"
                xlink:title="SectionSubjectToSTAAllBusinessLinesHypercube"/>
      <link:label xlink:type="resource"
                  xlink:label="label_SectionSubjectToSTAAllBusinessLinesHypercube"
                  xlink:role="http://www.xbrl.org/2003/role/label"
                  xlink:title="label_SectionSubjectToSTAAllBusinessLinesHypercube"
                  xml:lang="en"
                  id="label_SectionSubjectToSTAAllBusinessLinesHypercube">Section Subject To STA All Business Lines (Hypercube)</link:label>
      <link:labelArc xlink:type="arc" xlink:arcrole="http://www.xbrl.org/2003/arcrole/concept-label"
                     xlink:from="SectionSubjectToSTAAllBusinessLinesHypercube"
                     xlink:to="label_SectionSubjectToSTAAllBusinessLinesHypercube"
                     xlink:title="label: SectionSubjectToSTAAllBusinessLinesHypercube to label_SectionSubjectToSTAAllBusinessLinesHypercube"/>
  </link:labelLink>
</link:linkbase>