<?xml version="1.0" encoding="UTF-8"?>
<?taxonomy-version 1.3.1?>
<!--Copyright (C) 2011 EBA - European Banking Authority, Tower 42, 25 Old Broad Street, London, EC2N 1HQ, United Kingdom.-->            
<link:linkbase xmlns:xsi="http://www.w3.org/2001/XMLSchema-instance"
               xmlns:ref-corep="http://www.c-ebs.org/eu/fr/esrs/corep/2005-09-30/ref-corep-2005-09-30"
               xmlns:link="http://www.xbrl.org/2003/linkbase"
               xmlns:ref="http://www.xbrl.org/2004/ref"
               xmlns:xbrli="http://www.xbrl.org/2003/instance"
               xmlns:xlink="http://www.w3.org/1999/xlink"
               xsi:schemaLocation="http://www.xbrl.org/2003/linkbase http://www.xbrl.org/2003/xbrl-linkbase-2003-12-31.xsd http://www.xbrl.org/2004/ref http://www.xbrl.org/2004/ref-2004-08-10.xsd http://www.c-ebs.org/eu/fr/esrs/corep/2005-09-30/ref-corep-2005-09-30 ref-corep-2005-09-30.xsd">
  <link:roleRef roleURI="http://www.c-ebs.org/2006/corep/eu/si" xlink:type="simple"
                 xlink:href="p-si-2006-07-01.xsd#rt_si"/>
  <link:referenceLink xlink:type="extended" xlink:role="http://www.c-ebs.org/2006/corep/eu/si">
      <link:loc xlink:type="locator"
                xlink:href="d-cr-2006-07-01.xsd#d-cr_CreditRiskIRBSecuritizationInvestorOfWhichOriginatedSponsoredEntitiesNotSubjectCRD"
                xlink:label="CreditRiskIRBSecuritizationInvestorOfWhichOriginatedSponsoredEntitiesNotSubjectCRD"
                xlink:title="CreditRiskIRBSecuritizationInvestorOfWhichOriginatedSponsoredEntitiesNotSubjectCRD"/>
      <link:reference xlink:type="resource"
                      xlink:label="reference_CreditRiskIRBSecuritizationInvestorOfWhichOriginatedSponsoredEntitiesNotSubjectCRD"
                      xlink:role="http://www.xbrl.org/2003/role/reference"
                      xlink:title="reference_CreditRiskIRBSecuritizationInvestorOfWhichOriginatedSponsoredEntitiesNotSubjectCRD"
                      id="reference_CreditRiskIRBSecuritizationInvestorOfWhichOriginatedSponsoredEntitiesNotSubjectCRD">
         <ref-corep:Directive>2006/48/EC</ref-corep:Directive>
         <ref:Article>122a</ref:Article>
         <ref:Paragraph>5</ref:Paragraph>
      </link:reference>
      <link:referenceArc xlink:type="arc"
                         xlink:arcrole="http://www.xbrl.org/2003/arcrole/concept-reference"
                         xlink:from="CreditRiskIRBSecuritizationInvestorOfWhichOriginatedSponsoredEntitiesNotSubjectCRD"
                         xlink:to="reference_CreditRiskIRBSecuritizationInvestorOfWhichOriginatedSponsoredEntitiesNotSubjectCRD"
                         xlink:title="reference: CreditRiskIRBSecuritizationInvestorOfWhichOriginatedSponsoredEntitiesNotSubjectCRD to reference_CreditRiskIRBSecuritizationInvestorOfWhichOriginatedSponsoredEntitiesNotSubjectCRD"/>
      <link:loc xlink:type="locator"
                xlink:href="d-cr-2006-07-01.xsd#d-cr_CreditRiskIRBSecuritizationInvestor"
                xlink:label="CreditRiskIRBSecuritizationInvestor"
                xlink:title="CreditRiskIRBSecuritizationInvestor"/>
      <link:reference xlink:type="resource"
                      xlink:label="reference_CreditRiskIRBSecuritizationInvestor"
                      xlink:role="http://www.xbrl.org/2003/role/reference"
                      xlink:title="reference_CreditRiskIRBSecuritizationInvestor"
                      id="reference_CreditRiskIRBSecuritizationInvestor">
         <ref-corep:Comment>Credit institution that holds a securitisation position in a securitisation transaction for which it is neither originator nor sponsor.</ref-corep:Comment>
      </link:reference>
      <link:referenceArc xlink:type="arc"
                         xlink:arcrole="http://www.xbrl.org/2003/arcrole/concept-reference"
                         xlink:from="CreditRiskIRBSecuritizationInvestor"
                         xlink:to="reference_CreditRiskIRBSecuritizationInvestor"
                         xlink:title="reference: CreditRiskIRBSecuritizationInvestor to reference_CreditRiskIRBSecuritizationInvestor"/>
      <link:loc xlink:type="locator"
                xlink:href="d-cr-2006-07-01.xsd#d-cr_CreditRiskIRBSecuritizationOriginator"
                xlink:label="CreditRiskIRBSecuritizationOriginator"
                xlink:title="CreditRiskIRBSecuritizationOriginator"/>
      <link:reference xlink:type="resource"
                      xlink:label="reference_CreditRiskIRBSecuritizationOriginator"
                      xlink:role="http://www.xbrl.org/2003/role/reference"
                      xlink:title="reference_CreditRiskIRBSecuritizationOriginator"
                      id="reference_CreditRiskIRBSecuritizationOriginator">
         <ref-corep:Directive>2006/48/EC</ref-corep:Directive>
         <ref:Article>4</ref:Article>
         <ref:Paragraph>41</ref:Paragraph>
      </link:reference>
      <link:referenceArc xlink:type="arc"
                         xlink:arcrole="http://www.xbrl.org/2003/arcrole/concept-reference"
                         xlink:from="CreditRiskIRBSecuritizationOriginator"
                         xlink:to="reference_CreditRiskIRBSecuritizationOriginator"
                         xlink:title="reference: CreditRiskIRBSecuritizationOriginator to reference_CreditRiskIRBSecuritizationOriginator"/>
      <link:loc xlink:type="locator"
                xlink:href="d-cr-2006-07-01.xsd#d-cr_CreditRiskIRBSecuritizationSponsor"
                xlink:label="CreditRiskIRBSecuritizationSponsor"
                xlink:title="CreditRiskIRBSecuritizationSponsor"/>
      <link:reference xlink:type="resource"
                      xlink:label="reference_CreditRiskIRBSecuritizationSponsor"
                      xlink:role="http://www.xbrl.org/2003/role/reference"
                      xlink:title="reference_CreditRiskIRBSecuritizationSponsor"
                      id="reference_CreditRiskIRBSecuritizationSponsor">
         <ref-corep:Directive>2006/48/EC</ref-corep:Directive>
         <ref:Article>4</ref:Article>
         <ref:Paragraph>42</ref:Paragraph>
         <ref-corep:Comment>If a sponsor is also securitising its own assets, it should fill in in the originator's rows the information regarding its own securitised assets.</ref-corep:Comment>
      </link:reference>
      <link:referenceArc xlink:type="arc"
                         xlink:arcrole="http://www.xbrl.org/2003/arcrole/concept-reference"
                         xlink:from="CreditRiskIRBSecuritizationSponsor"
                         xlink:to="reference_CreditRiskIRBSecuritizationSponsor"
                         xlink:title="reference: CreditRiskIRBSecuritizationSponsor to reference_CreditRiskIRBSecuritizationSponsor"/>
      <link:loc xlink:type="locator"
                xlink:href="d-et-2006-07-01.xsd#d-et_OffBalanceSheetItemsDerivatives"
                xlink:label="OffBalanceSheetItemsDerivatives"
                xlink:title="OffBalanceSheetItemsDerivatives"/>
      <link:reference xlink:type="resource" xlink:label="reference_OffBalanceSheetItemsDerivatives"
                      xlink:role="http://www.xbrl.org/2003/role/reference"
                      xlink:title="reference_OffBalanceSheetItemsDerivatives"
                      id="reference_OffBalanceSheetItemsDerivatives">
         <ref-corep:Comment> Off-balance sheet securitisation positions subject to a conversion factor under the securitisation framework as mentioned in Annex IX part 4 point 2 letter c) and securitisation positions arising from a derivative instrument listed in Annex IV of Directive 2006/48/EC. For liquidity facilities, credit facilities, servicer cash advances and market disruption lines, institutions should provide the undrawn amount. For interest rate and currency swaps they should provide the exposure value according to annex IX part 4 point 3 of Directive 2006/48/EC as specified in the CR SA template.</ref-corep:Comment>
      </link:reference>
      <link:referenceArc xlink:type="arc"
                         xlink:arcrole="http://www.xbrl.org/2003/arcrole/concept-reference"
                         xlink:from="OffBalanceSheetItemsDerivatives"
                         xlink:to="reference_OffBalanceSheetItemsDerivatives"
                         xlink:title="reference: OffBalanceSheetItemsDerivatives to reference_OffBalanceSheetItemsDerivatives"/>
      <link:loc xlink:type="locator"
                xlink:href="d-et-2006-07-01.xsd#d-et_OnBalanceSheetItemsMezzanine"
                xlink:label="OnBalanceSheetItemsMezzanine"
                xlink:title="OnBalanceSheetItemsMezzanine"/>
      <link:reference xlink:type="resource" xlink:label="reference_OnBalanceSheetItemsMezzanine"
                      xlink:role="http://www.xbrl.org/2003/role/reference"
                      xlink:title="reference_OnBalanceSheetItemsMezzanine"
                      id="reference_OnBalanceSheetItemsMezzanine">
         <ref-corep:Comment>All tranches that do not qualify as most senior or first losses will be included in this category.</ref-corep:Comment>
      </link:reference>
      <link:referenceArc xlink:type="arc"
                         xlink:arcrole="http://www.xbrl.org/2003/arcrole/concept-reference"
                         xlink:from="OnBalanceSheetItemsMezzanine"
                         xlink:to="reference_OnBalanceSheetItemsMezzanine"
                         xlink:title="reference: OnBalanceSheetItemsMezzanine to reference_OnBalanceSheetItemsMezzanine"/>
  </link:referenceLink>
</link:linkbase>