<?xml version="1.0" encoding="utf-8"?>
<?taxonomy-version 1.3.2?>
<!--Copyright (C) 2011 EBA - European Banking Authority, Tower 42, 25 Old Broad Street, London, EC2N 1HQ, United Kingdom.-->   
<linkbase 
	xmlns="http://www.xbrl.org/2003/linkbase" 
	xmlns:xsi="http://www.w3.org/2001/XMLSchema-instance" 
	xmlns:xlink="http://www.w3.org/1999/xlink" 
	xmlns:ref="http://www.xbrl.org/2004/ref" 
	xsi:schemaLocation=" 
		http://www.xbrl.org/2003/linkbase http://www.xbrl.org/2003/xbrl-linkbase-2003-12-31.xsd 
		http://www.xbrl.org/2004/ref http://www.xbrl.org/2004/ref-2004-08-10.xsd">
  <referenceLink xlink:type="extended" xlink:role="http://www.xbrl.org/2003/role/link">
    <loc xlink:type="locator" xlink:href="d-Counterpts-2008-01-01.xsd#d-Counterpts_HcCounterpartiesHypercube" xlink:label="d-Counterpts_HcCounterpartiesHypercube" />
    <referenceArc xlink:type="arc" xlink:arcrole="http://www.xbrl.org/2003/arcrole/concept-reference" xlink:from="d-Counterpts_HcCounterpartiesHypercube" xlink:to="d-Counterpts_HcCounterpartiesHypercube_ref" />
    <reference id="d-Counterpts_HcCounterpartiesHypercube_ref_18" xlink:type="resource" xlink:role="http://www.xbrl.org/2003/role/reference" xlink:label="d-Counterpts_HcCounterpartiesHypercube_ref">
      <ref:Name>CEBS-FINREP</ref:Name>
    </reference>
    <loc xlink:type="locator" xlink:href="d-Counterpts-2008-01-01.xsd#d-Counterpts_CentralGovernments" xlink:label="d-Counterpts_CentralGovernments" />
    <referenceArc xlink:type="arc" xlink:arcrole="http://www.xbrl.org/2003/arcrole/concept-reference" xlink:from="d-Counterpts_CentralGovernments" xlink:to="d-Counterpts_CentralGovernments_ref" />
    <reference xlink:type="resource" xlink:role="http://www.xbrl.org/2003/role/reference" xlink:label="d-Counterpts_CentralGovernments_ref" id="d-Counterpts_CentralGovernments_ref_6">
      <ref:Name>CEBS-FINREP</ref:Name>
    </reference>
    <loc xlink:type="locator" xlink:href="d-Counterpts-2008-01-01.xsd#d-Counterpts_Corporates" xlink:label="d-Counterpts_Corporates" />
    <referenceArc xlink:type="arc" xlink:arcrole="http://www.xbrl.org/2003/arcrole/concept-reference" xlink:from="d-Counterpts_Corporates" xlink:to="d-Counterpts_Corporates_ref" />
    <reference xlink:type="resource" xlink:role="http://www.xbrl.org/2003/role/reference" xlink:label="d-Counterpts_Corporates_ref" id="d-Counterpts_Corporates_ref_11">
      <ref:Name>CEBS-FINREP</ref:Name>
    </reference>
    <loc xlink:type="locator" xlink:href="d-Counterpts-2008-01-01.xsd#d-Counterpts_CounterptsDomain" xlink:label="d-Counterpts_CounterptsDomain" />
    <referenceArc xlink:type="arc" xlink:arcrole="http://www.xbrl.org/2003/arcrole/concept-reference" xlink:from="d-Counterpts_CounterptsDomain" xlink:to="d-Counterpts_CounterptsDomain_ref" />
    <reference xlink:type="resource" xlink:role="http://www.xbrl.org/2003/role/reference" xlink:label="d-Counterpts_CounterptsDomain_ref" id="d-Counterpts_CounterptsDomain_ref_16">
      <ref:Name>CEBS-FINREP</ref:Name>
    </reference>
    <loc xlink:type="locator" xlink:href="d-Counterpts-2008-01-01.xsd#d-Counterpts_CreditInstitutions" xlink:label="d-Counterpts_CreditInstitutions" />
    <referenceArc xlink:type="arc" xlink:arcrole="http://www.xbrl.org/2003/arcrole/concept-reference" xlink:from="d-Counterpts_CreditInstitutions" xlink:to="d-Counterpts_CreditInstitutions_ref" />
    <reference xlink:type="resource" xlink:role="http://www.xbrl.org/2003/role/reference" xlink:label="d-Counterpts_CreditInstitutions_ref" id="d-Counterpts_CreditInstitutions_ref_21">
      <ref:Name>CEBS-FINREP</ref:Name>
    </reference>
    <loc xlink:type="locator" xlink:href="d-Counterpts-2008-01-01.xsd#d-Counterpts_NonCreditInstitutions" xlink:label="d-Counterpts_NonCreditInstitutions" />
    <referenceArc xlink:type="arc" xlink:arcrole="http://www.xbrl.org/2003/arcrole/concept-reference" xlink:from="d-Counterpts_NonCreditInstitutions" xlink:to="d-Counterpts_NonCreditInstitutions_ref" />
    <reference xlink:type="resource" xlink:role="http://www.xbrl.org/2003/role/reference" xlink:label="d-Counterpts_NonCreditInstitutions_ref" id="d-Counterpts_NonCreditInstitutions_ref_26">
      <ref:Name>CEBS-FINREP</ref:Name>
    </reference>
    <loc xlink:type="locator" xlink:href="d-Counterpts-2008-01-01.xsd#d-Counterpts_Retail" xlink:label="d-Counterpts_Retail" />
    <referenceArc xlink:type="arc" xlink:arcrole="http://www.xbrl.org/2003/arcrole/concept-reference" xlink:from="d-Counterpts_Retail" xlink:to="d-Counterpts_Retail_ref" />
    <reference xlink:type="resource" xlink:role="http://www.xbrl.org/2003/role/reference" xlink:label="d-Counterpts_Retail_ref" id="d-Counterpts_Retail_ref_31">
      <ref:Name>CEBS-FINREP</ref:Name>
    </reference>
    <loc xlink:type="locator" xlink:href="d-Counterpts-2008-01-01.xsd#d-Counterpts_TotalCounterparties" xlink:label="d-Counterpts_TotalCounterparties" />
    <referenceArc xlink:type="arc" xlink:arcrole="http://www.xbrl.org/2003/arcrole/concept-reference" xlink:from="d-Counterpts_TotalCounterparties" xlink:to="d-Counterpts_TotalCounterparties_ref" />
    <reference xlink:type="resource" xlink:role="http://www.xbrl.org/2003/role/reference" xlink:label="d-Counterpts_TotalCounterparties_ref" id="d-Counterpts_TotalCounterparties_ref_36">
      <ref:Name>CEBS-FINREP</ref:Name>
    </reference>
    <loc xlink:type="locator" xlink:href="d-Counterpts-2008-01-01.xsd#d-Counterpts_ByCounterpartiesDimension" xlink:label="d-Counterpts_ByCounterpartiesDimension" />
    <referenceArc xlink:type="arc" xlink:arcrole="http://www.xbrl.org/2003/arcrole/concept-reference" xlink:from="d-Counterpts_ByCounterpartiesDimension" xlink:to="d-Counterpts_ByCounterpartiesDimension_ref" />
    <reference xlink:type="resource" xlink:role="http://www.xbrl.org/2003/role/reference" xlink:label="d-Counterpts_ByCounterpartiesDimension_ref" id="d-Counterpts_ByCounterpartiesDimension_ref_41">
      <ref:Name>CEBS-FINREP</ref:Name>
    </reference>
  </referenceLink>
</linkbase>