<?xml version="1.0" encoding="utf-8"?>
<?taxonomy-version 1.3.2?>
<!--Copyright (C) 2011 EBA - European Banking Authority, Tower 42, 25 Old Broad Street, London, EC2N 1HQ, United Kingdom.-->   
<linkbase 
	xmlns="http://www.xbrl.org/2003/linkbase" 
	xmlns:xsi="http://www.w3.org/2001/XMLSchema-instance" 
	xmlns:xlink="http://www.w3.org/1999/xlink" 
	xsi:schemaLocation=" 
		http://www.xbrl.org/2003/linkbase http://www.xbrl.org/2003/xbrl-linkbase-2003-12-31.xsd">
  <roleRef xlink:type="simple" xlink:href="d-Counterpts-2008-01-01.xsd#Counterparties" roleURI="http://www.c-ebs.org/eu/fr/esrs/finrep/2008-01-01/role/Counterparties" />
  <presentationLink xlink:type="extended" xlink:role="http://www.c-ebs.org/eu/fr/esrs/finrep/2008-01-01/role/Counterparties">
    <loc xlink:type="locator" xlink:href="d-Counterpts-2008-01-01.xsd#d-Counterpts_CounterptsDomain" xlink:label="d-Counterpts_CounterptsDomain" />
    <loc xlink:type="locator" xlink:href="d-Counterpts-2008-01-01.xsd#d-Counterpts_TotalCounterparties" xlink:label="d-Counterpts_TotalCounterparties" />
    <presentationArc xlink:type="arc" xlink:arcrole="http://www.xbrl.org/2003/arcrole/parent-child" xlink:from="d-Counterpts_CounterptsDomain" xlink:to="d-Counterpts_TotalCounterparties" order="1" use="optional" />
    <loc xlink:type="locator" xlink:href="d-Counterpts-2008-01-01.xsd#d-Counterpts_CentralGovernments" xlink:label="d-Counterpts_CentralGovernments" />
    <presentationArc xlink:type="arc" xlink:arcrole="http://www.xbrl.org/2003/arcrole/parent-child" xlink:from="d-Counterpts_TotalCounterparties" xlink:to="d-Counterpts_CentralGovernments" order="1" use="optional" />
    <loc xlink:type="locator" xlink:href="d-Counterpts-2008-01-01.xsd#d-Counterpts_CreditInstitutions" xlink:label="d-Counterpts_CreditInstitutions" />
    <presentationArc xlink:type="arc" xlink:arcrole="http://www.xbrl.org/2003/arcrole/parent-child" xlink:from="d-Counterpts_TotalCounterparties" xlink:to="d-Counterpts_CreditInstitutions" order="2" use="optional" />
    <loc xlink:type="locator" xlink:href="d-Counterpts-2008-01-01.xsd#d-Counterpts_NonCreditInstitutions" xlink:label="d-Counterpts_NonCreditInstitutions" />
    <presentationArc xlink:type="arc" xlink:arcrole="http://www.xbrl.org/2003/arcrole/parent-child" xlink:from="d-Counterpts_TotalCounterparties" xlink:to="d-Counterpts_NonCreditInstitutions" order="3" use="optional" />
    <loc xlink:type="locator" xlink:href="d-Counterpts-2008-01-01.xsd#d-Counterpts_Corporates" xlink:label="d-Counterpts_Corporates" />
    <presentationArc xlink:type="arc" xlink:arcrole="http://www.xbrl.org/2003/arcrole/parent-child" xlink:from="d-Counterpts_TotalCounterparties" xlink:to="d-Counterpts_Corporates" order="4" use="optional" />
    <loc xlink:type="locator" xlink:href="d-Counterpts-2008-01-01.xsd#d-Counterpts_Retail" xlink:label="d-Counterpts_Retail" />
    <presentationArc xlink:type="arc" xlink:arcrole="http://www.xbrl.org/2003/arcrole/parent-child" xlink:from="d-Counterpts_TotalCounterparties" xlink:to="d-Counterpts_Retail" order="5" use="optional" />
  </presentationLink>
</linkbase>