<?xml version="1.0" encoding="UTF-8"?>
<?taxonomy-version 1.3.2?>
<!--Copyright (C) 2011 EBA - European Banking Authority, Tower 42, 25 Old Broad Street, London, EC2N 1HQ, United Kingdom.-->   
<linkbase
	xmlns="http://www.xbrl.org/2003/linkbase"
	xmlns:xlink="http://www.w3.org/1999/xlink"
	xmlns:xsi="http://www.w3.org/2001/XMLSchema-instance"
	xsi:schemaLocation="http://www.xbrl.org/2003/linkbase http://www.xbrl.org/2003/xbrl-linkbase-2003-12-31.xsd"
	xmlns:ConsMov="http://www.c-ebs.org/eu/fr/esrs/finrep/d-ConsMov/2008-01-01">
  <labelLink xlink:type="extended" xlink:role="http://www.xbrl.org/2003/role/link">
    <loc xlink:type="locator" xlink:href="d-ConsMov-2008-01-01.xsd#d-ConsMov_CompaniesConsolidatedEndReportingPeriod" xlink:label="CompaniesConsolidatedEndReportingPeriod" xlink:title="CompaniesConsolidatedEndReportingPeriod"/>
    <label xlink:type="resource" xlink:label="label_CompaniesConsolidatedEndReportingPeriod" xlink:role="http://www.xbrl.org/2003/role/label" xlink:title="label_CompaniesConsolidatedEndReportingPeriod" xml:lang="en" id="label_CompaniesConsolidatedEndReportingPeriod">Companies Consolidated at the End of the Reporting Period</label>
    <labelArc xlink:type="arc" xlink:arcrole="http://www.xbrl.org/2003/arcrole/concept-label" xlink:from="CompaniesConsolidatedEndReportingPeriod" xlink:to="label_CompaniesConsolidatedEndReportingPeriod" xlink:title="label: CompaniesConsolidatedEndReportingPeriod to label_CompaniesConsolidatedEndReportingPeriod"/>
    <loc xlink:type="locator" xlink:href="d-ConsMov-2008-01-01.xsd#d-ConsMov_ConsolidatedCompaniesAddedPeriod" xlink:label="ConsolidatedCompaniesAddedPeriod" xlink:title="ConsolidatedCompaniesAddedPeriod"/>
    <label xlink:type="resource" xlink:label="label_ConsolidatedCompaniesAddedPeriod" xlink:role="http://www.xbrl.org/2003/role/label" xlink:title="label_ConsolidatedCompaniesAddedPeriod" xml:lang="en" id="label_ConsolidatedCompaniesAddedPeriod">Consolidated Companies Added During the Period</label>
    <labelArc xlink:type="arc" xlink:arcrole="http://www.xbrl.org/2003/arcrole/concept-label" xlink:from="ConsolidatedCompaniesAddedPeriod" xlink:to="label_ConsolidatedCompaniesAddedPeriod" xlink:title="label: ConsolidatedCompaniesAddedPeriod to label_ConsolidatedCompaniesAddedPeriod"/>
    <loc xlink:type="locator" xlink:href="d-ConsMov-2008-01-01.xsd#d-ConsMov_CompaniesRemovedPeriod" xlink:label="CompaniesRemovedPeriod" xlink:title="CompaniesRemovedPeriod"/>
    <label xlink:type="resource" xlink:label="label_CompaniesRemovedPeriod" xlink:role="http://www.xbrl.org/2003/role/label" xlink:title="label_CompaniesRemovedPeriod" xml:lang="en" id="label_CompaniesRemovedPeriod">Companies Removed During the Period</label>
    <labelArc xlink:type="arc" xlink:arcrole="http://www.xbrl.org/2003/arcrole/concept-label" xlink:from="CompaniesRemovedPeriod" xlink:to="label_CompaniesRemovedPeriod" xlink:title="label: CompaniesRemovedPeriod to label_CompaniesRemovedPeriod"/>
    <loc xlink:type="locator" xlink:href="d-ConsMov-2008-01-01.xsd#d-ConsMov_ConsMovDomain" xlink:label="ConsScopeDomain" xlink:title="ConsScopeDomain"/>
    <label xlink:type="resource" xlink:label="label_ConsScopeDomain" xlink:role="http://www.xbrl.org/2003/role/label" xlink:title="label_ConsScopeDomain" xml:lang="en" id="label_ConsScopeDomain">ConsMov (Domain)</label>
    <labelArc xlink:type="arc" xlink:arcrole="http://www.xbrl.org/2003/arcrole/concept-label" xlink:from="ConsScopeDomain" xlink:to="label_ConsScopeDomain" xlink:title="label: ConsScopeDomain to label_ConsScopeDomain"/>
    <loc xlink:type="locator" xlink:href="d-ConsMov-2008-01-01.xsd#d-ConsMov_ByConsolidationMovementsDimension" xlink:label="ConsScopeDimension" xlink:title="ConsScopeDimension"/>
    <label xlink:type="resource" xlink:label="label_ConsScopeDimension" xlink:role="http://www.xbrl.org/2003/role/label" xlink:title="label_ConsScopeDimension" xml:lang="en" id="label_ConsScopeDimension">by Consolidation Movements Dimension</label>
    <labelArc xlink:type="arc" xlink:arcrole="http://www.xbrl.org/2003/arcrole/concept-label" xlink:from="ConsScopeDimension" xlink:to="label_ConsScopeDimension" xlink:title="label: ConsScopeDimension to label_ConsScopeDimension"/>
  </labelLink>
</linkbase>