<?xml version="1.0" encoding="UTF-8"?>
<?taxonomy-version 1.3.2?>
<!--Copyright (C) 2011 EBA - European Banking Authority, Tower 42, 25 Old Broad Street, London, EC2N 1HQ, United Kingdom.-->   
<link:linkbase xmlns:xsi="http://www.w3.org/2001/XMLSchema-instance" xsi:schemaLocation="http://www.xbrl.org/2003/linkbase http://www.xbrl.org/2003/xbrl-linkbase-2003-12-31.xsd" xmlns:link="http://www.xbrl.org/2003/linkbase" xmlns:xbrli="http://www.xbrl.org/2003/instance" xmlns:xlink="http://www.w3.org/1999/xlink">
  <link:labelLink xlink:type="extended" xlink:role="http://www.xbrl.org/2003/role/link">
    <link:loc xlink:type="locator" xlink:href="d-ConsScope-2008-01-01.xsd#d-ConsScope_ConsolidationScopeDimension" xlink:label="ConsolidationScopeDimension" xlink:title="ConsolidationScopeDimension"/>
    <link:label xlink:type="resource" xlink:label="label_ConsolidationScopeDimension" xlink:role="http://www.xbrl.org/2003/role/label" xlink:title="label_ConsolidationScopeDimension" xml:lang="en" id="label_ConsolidationScopeDimension">Consolidation Scope (Dimension)</link:label>
    <link:labelArc xlink:type="arc" xlink:arcrole="http://www.xbrl.org/2003/arcrole/concept-label" xlink:from="ConsolidationScopeDimension" xlink:to="label_ConsolidationScopeDimension" xlink:title="label: ConsolidationScopeDimension to label_ConsolidationScopeDimension"/>
    <link:loc xlink:type="locator" xlink:href="d-ConsScope-2008-01-01.xsd#d-ConsScope_IFRS" xlink:label="IFRS" xlink:title="IFRS"/>
    <link:label xlink:type="resource" xlink:label="label_IFRS" xlink:role="http://www.xbrl.org/2003/role/label" xlink:title="label_IFRS" xml:lang="en" id="label_IFRS">IFRS</link:label>
    <link:labelArc xlink:type="arc" xlink:arcrole="http://www.xbrl.org/2003/arcrole/concept-label" xlink:from="IFRS" xlink:to="label_IFRS" xlink:title="label: IFRS to label_IFRS"/>
    <link:loc xlink:type="locator" xlink:href="d-ConsScope-2008-01-01.xsd#d-ConsScope_CRD" xlink:label="CRD" xlink:title="CRD"/>
    <link:label xlink:type="resource" xlink:label="label_CRD" xlink:role="http://www.xbrl.org/2003/role/label" xlink:title="label_CRD" xml:lang="en" id="label_CRD">CRD</link:label>
    <link:labelArc xlink:type="arc" xlink:arcrole="http://www.xbrl.org/2003/arcrole/concept-label" xlink:from="CRD" xlink:to="label_CRD" xlink:title="label: CRD to label_CRD"/>
    <link:loc xlink:type="locator" xlink:href="d-ConsScope-2008-01-01.xsd#d-ConsScope_ConsolidationScopeDomain" xlink:label="ConsolidationScopeDomain" xlink:title="ConsolidationScopeDomain"/>
    <link:label xlink:type="resource" xlink:label="label_ConsolidationScopeDomain" xlink:role="http://www.xbrl.org/2003/role/label" xlink:title="label_ConsolidationScopeDomain" xml:lang="en" id="label_ConsolidationScopeDomain">Consolidation Scope (Domain)</link:label>
    <link:labelArc xlink:type="arc" xlink:arcrole="http://www.xbrl.org/2003/arcrole/concept-label" xlink:from="ConsolidationScopeDomain" xlink:to="label_ConsolidationScopeDomain" xlink:title="label: ConsolidationScopeDomain to label_ConsolidationScopeDomain"/>
    <link:loc xlink:type="locator" xlink:href="d-ConsScope-2008-01-01.xsd#d-ConsScope_CRDConsolidationScopeHypercube" xlink:label="CRDConsolidationScopeHypercube" xlink:title="CRDConsolidationScopeHypercube"/>
    <link:label xlink:type="resource" xlink:label="label_CRDConsolidationScopeHypercube" xlink:role="http://www.xbrl.org/2003/role/label" xlink:title="label_CRDConsolidationScopeHypercube" xml:lang="en" id="label_CRDConsolidationScopeHypercube">CRD Consolidation Scope (Hypercube)</link:label>
    <link:labelArc xlink:type="arc" xlink:arcrole="http://www.xbrl.org/2003/arcrole/concept-label" xlink:from="CRDConsolidationScopeHypercube" xlink:to="label_CRDConsolidationScopeHypercube" xlink:title="label: CRDConsolidationScopeHypercube to label_CRDConsolidationScopeHypercube"/>
    <link:loc xlink:type="locator" xlink:href="d-ConsScope-2008-01-01.xsd#d-ConsScope_ConsolidationScopeHypercube" xlink:label="ConsolidationScopeHypercube" xlink:title="ConsolidationScopeHypercube"/>
    <link:label xlink:type="resource" xlink:label="label_ConsolidationScopeHypercube" xlink:role="http://www.xbrl.org/2003/role/label" xlink:title="label_ConsolidationScopeHypercube" xml:lang="en" id="label_ConsolidationScopeHypercube">Consolidation Scope (Hypercube)</link:label>
    <link:labelArc xlink:type="arc" xlink:arcrole="http://www.xbrl.org/2003/arcrole/concept-label" xlink:from="ConsolidationScopeHypercube" xlink:to="label_ConsolidationScopeHypercube" xlink:title="label: ConsolidationScopeHypercube to label_ConsolidationScopeHypercube"/>
  </link:labelLink>
</link:linkbase>
