<?xml version="1.0" encoding="utf-8"?>
<?taxonomy-version 1.3.2?>
<!--Copyright (C) 2011 EBA - European Banking Authority, Tower 42, 25 Old Broad Street, London, EC2N 1HQ, United Kingdom.-->   
<linkbase 
	xmlns="http://www.xbrl.org/2003/linkbase" 
	xmlns:xbrldt="http://xbrl.org/2005/xbrldt" 
	xmlns:xsi="http://www.w3.org/2001/XMLSchema-instance" 
	xmlns:xlink="http://www.w3.org/1999/xlink" 
	xsi:schemaLocation=" 
		http://www.xbrl.org/2003/linkbase http://www.xbrl.org/2003/xbrl-linkbase-2003-12-31.xsd">
  <roleRef xlink:type="simple" xlink:href="d-FINREP-rol-2008-01-01.xsd#DimensionDefault" roleURI="http://www.c-ebs.org/eu/fr/esrs/finrep/2008-01-01/role/DimensionDefault" />
  <roleRef xlink:type="simple" xlink:href="d-Counterpts-2008-01-01.xsd#HcCounterpartiesHypercube" roleURI="http://www.c-ebs.org/eu/fr/esrs/finrep/2008-01-01/role/HcCounterpartiesHypercube" />
  <arcroleRef xlink:type="simple" xlink:href="http://www.xbrl.org/2005/xbrldt-2005.xsd#all" arcroleURI="http://xbrl.org/int/dim/arcrole/all" />
  <arcroleRef xlink:type="simple" xlink:href="http://www.xbrl.org/2005/xbrldt-2005.xsd#notAll" arcroleURI="http://xbrl.org/int/dim/arcrole/notAll" />
  <arcroleRef xlink:type="simple" xlink:href="http://www.xbrl.org/2005/xbrldt-2005.xsd#domain-member" arcroleURI="http://xbrl.org/int/dim/arcrole/domain-member" />
  <arcroleRef xlink:type="simple" xlink:href="http://www.xbrl.org/2005/xbrldt-2005.xsd#hypercube-dimension" arcroleURI="http://xbrl.org/int/dim/arcrole/hypercube-dimension" />
  <arcroleRef xlink:type="simple" xlink:href="http://www.xbrl.org/2005/xbrldt-2005.xsd#dimension-domain" arcroleURI="http://xbrl.org/int/dim/arcrole/dimension-domain" />
  <arcroleRef xlink:type="simple" xlink:href="http://www.xbrl.org/2005/xbrldt-2005.xsd#dimension-default" arcroleURI="http://xbrl.org/int/dim/arcrole/dimension-default" />
  <definitionLink xlink:type="extended" xlink:role="http://www.xbrl.org/2003/role/link">
    <loc xlink:type="locator" xlink:href="d-Counterpts-2008-01-01.xsd#d-Counterpts_CounterptsDomain" xlink:label="d-Counterpts_CounterptsDomain" />
    <loc xlink:type="locator" xlink:href="d-Counterpts-2008-01-01.xsd#d-Counterpts_TotalCounterparties" xlink:label="d-Counterpts_TotalCounterparties" />
    <definitionArc xlink:type="arc" xlink:arcrole="http://xbrl.org/int/dim/arcrole/domain-member" xlink:from="d-Counterpts_CounterptsDomain" xlink:to="d-Counterpts_TotalCounterparties" order="1" use="optional" />
    <loc xlink:type="locator" xlink:href="d-Counterpts-2008-01-01.xsd#d-Counterpts_CentralGovernments" xlink:label="d-Counterpts_CentralGovernments" />
    <definitionArc xlink:type="arc" xlink:arcrole="http://xbrl.org/int/dim/arcrole/domain-member" xlink:from="d-Counterpts_TotalCounterparties" xlink:to="d-Counterpts_CentralGovernments" order="1" use="optional" />
    <loc xlink:type="locator" xlink:href="d-Counterpts-2008-01-01.xsd#d-Counterpts_CreditInstitutions" xlink:label="d-Counterpts_CreditInstitutions" />
    <definitionArc xlink:type="arc" xlink:arcrole="http://xbrl.org/int/dim/arcrole/domain-member" xlink:from="d-Counterpts_TotalCounterparties" xlink:to="d-Counterpts_CreditInstitutions" order="2" use="optional" />
    <loc xlink:type="locator" xlink:href="d-Counterpts-2008-01-01.xsd#d-Counterpts_NonCreditInstitutions" xlink:label="d-Counterpts_NonCreditInstitutions" />
    <definitionArc xlink:type="arc" xlink:arcrole="http://xbrl.org/int/dim/arcrole/domain-member" xlink:from="d-Counterpts_TotalCounterparties" xlink:to="d-Counterpts_NonCreditInstitutions" order="3" use="optional" />
    <loc xlink:type="locator" xlink:href="d-Counterpts-2008-01-01.xsd#d-Counterpts_Corporates" xlink:label="d-Counterpts_Corporates" />
    <definitionArc xlink:type="arc" xlink:arcrole="http://xbrl.org/int/dim/arcrole/domain-member" xlink:from="d-Counterpts_TotalCounterparties" xlink:to="d-Counterpts_Corporates" order="4" use="optional" />
    <loc xlink:type="locator" xlink:href="d-Counterpts-2008-01-01.xsd#d-Counterpts_Retail" xlink:label="d-Counterpts_Retail" />
    <definitionArc xlink:type="arc" xlink:arcrole="http://xbrl.org/int/dim/arcrole/domain-member" xlink:from="d-Counterpts_TotalCounterparties" xlink:to="d-Counterpts_Retail" order="5" use="optional" />
  </definitionLink>
  <definitionLink xlink:type="extended" xlink:role="http://www.c-ebs.org/eu/fr/esrs/finrep/2008-01-01/role/HcCounterpartiesHypercube">
    <loc xlink:type="locator" xlink:href="d-Counterpts-2008-01-01.xsd#d-Counterpts_HcCounterpartiesHypercube" xlink:label="d-Counterpts_HcCounterpartiesHypercube" />
    <loc xlink:type="locator" xlink:href="d-Counterpts-2008-01-01.xsd#d-Counterpts_ByCounterpartiesDimension" xlink:label="d-Counterpts_ByCounterpartiesDimension" />
    <definitionArc xlink:type="arc" xlink:arcrole="http://xbrl.org/int/dim/arcrole/hypercube-dimension" xlink:from="d-Counterpts_HcCounterpartiesHypercube" xlink:to="d-Counterpts_ByCounterpartiesDimension" order="1" use="optional" />
    <loc xlink:type="locator" xlink:href="d-Counterpts-2008-01-01.xsd#d-Counterpts_CounterptsDomain" xlink:label="d-Counterpts_CounterptsDomain" />
    <definitionArc xlink:type="arc" xlink:arcrole="http://xbrl.org/int/dim/arcrole/dimension-domain" xlink:from="d-Counterpts_ByCounterpartiesDimension" xlink:to="d-Counterpts_CounterptsDomain" order="1" use="optional" xbrldt:targetRole="http://www.xbrl.org/2003/role/link" xbrldt:usable="false" />
  </definitionLink>
  <definitionLink xlink:type="extended" xlink:role="http://www.c-ebs.org/eu/fr/esrs/finrep/2008-01-01/role/DimensionDefault">
    <loc xlink:type="locator" xlink:href="d-Counterpts-2008-01-01.xsd#d-Counterpts_ByCounterpartiesDimension" xlink:label="d-Counterpts_ByCounterpartiesDimension" />
    <loc xlink:type="locator" xlink:href="d-Counterpts-2008-01-01.xsd#d-Counterpts_TotalCounterparties" xlink:label="d-Counterpts_TotalCounterparties" />
    <definitionArc xlink:type="arc" xlink:arcrole="http://xbrl.org/int/dim/arcrole/dimension-default" xlink:from="d-Counterpts_ByCounterpartiesDimension" xlink:to="d-Counterpts_TotalCounterparties" order="1" use="optional" />
  </definitionLink>
</linkbase>