<?xml version="1.0" encoding="UTF-8"?>
<?taxonomy-version 1.3.2?>
<!--Copyright (C) 2011 EBA - European Banking Authority, Tower 42, 25 Old Broad Street, London, EC2N 1HQ, United Kingdom.-->   
<linkbase
	xmlns="http://www.xbrl.org/2003/linkbase"
	xmlns:xlink="http://www.w3.org/1999/xlink"
	xmlns:xsi="http://www.w3.org/2001/XMLSchema-instance"
	xsi:schemaLocation="http://www.xbrl.org/2003/linkbase http://www.xbrl.org/2003/xbrl-linkbase-2003-12-31.xsd http://www.xbrl.org/2004/ref http://www.xbrl.org/2004/ref-2004-08-10.xsd"
	xmlns:ConsMov="http://www.c-ebs.org/eu/fr/esrs/finrep/d-ConsMov/2008-01-01"
	xmlns:ref="http://www.xbrl.org/2004/ref">
  <referenceLink xlink:type="extended" xlink:role="http://www.xbrl.org/2003/role/link">
    <loc xlink:type="locator" xlink:href="d-ConsMov-2008-01-01.xsd#d-ConsMov_CompaniesConsolidatedEndReportingPeriod" xlink:label="CompaniesConsolidatedEndReportingPeriod" xlink:title="CompaniesConsolidatedEndReportingPeriod"/>
    <reference xlink:type="resource" xlink:label="reference_CompaniesConsolidatedEndReportingPeriod" xlink:role="http://www.xbrl.org/2003/role/reference" xlink:title="reference_CompaniesConsolidatedEndReportingPeriod" id="reference_CompaniesConsolidatedEndReportingPeriod">
      <ref:Name>CEBS-FINREP</ref:Name>
    </reference>
    <referenceArc xlink:type="arc" xlink:arcrole="http://www.xbrl.org/2003/arcrole/concept-reference" xlink:from="CompaniesConsolidatedEndReportingPeriod" xlink:to="reference_CompaniesConsolidatedEndReportingPeriod" xlink:title="reference: CompaniesConsolidatedEndReportingPeriod to reference_CompaniesConsolidatedEndReportingPeriod"/>
    <loc xlink:type="locator" xlink:href="d-ConsMov-2008-01-01.xsd#d-ConsMov_ConsolidatedCompaniesAddedPeriod" xlink:label="ConsolidatedCompaniesAddedPeriod" xlink:title="ConsolidatedCompaniesAddedPeriod"/>
    <reference xlink:type="resource" xlink:label="reference_ConsolidatedCompaniesAddedPeriod" xlink:role="http://www.xbrl.org/2003/role/reference" xlink:title="reference_ConsolidatedCompaniesAddedPeriod" id="reference_ConsolidatedCompaniesAddedPeriod">
      <ref:Name>CEBS-FINREP</ref:Name>
    </reference>
    <referenceArc xlink:type="arc" xlink:arcrole="http://www.xbrl.org/2003/arcrole/concept-reference" xlink:from="ConsolidatedCompaniesAddedPeriod" xlink:to="reference_ConsolidatedCompaniesAddedPeriod" xlink:title="reference: ConsolidatedCompaniesAddedPeriod to reference_ConsolidatedCompaniesAddedPeriod"/>
    <loc xlink:type="locator" xlink:href="d-ConsMov-2008-01-01.xsd#d-ConsMov_CompaniesRemovedPeriod" xlink:label="CompaniesRemovedPeriod" xlink:title="CompaniesRemovedPeriod"/>
    <reference xlink:type="resource" xlink:label="reference_CompaniesRemovedPeriod" xlink:role="http://www.xbrl.org/2003/role/reference" xlink:title="reference_CompaniesRemovedPeriod" id="reference_CompaniesRemovedPeriod">
      <ref:Name>CEBS-FINREP</ref:Name>
    </reference>
    <referenceArc xlink:type="arc" xlink:arcrole="http://www.xbrl.org/2003/arcrole/concept-reference" xlink:from="CompaniesRemovedPeriod" xlink:to="reference_CompaniesRemovedPeriod" xlink:title="reference: CompaniesRemovedPeriod to reference_CompaniesRemovedPeriod"/>
    <loc xlink:type="locator" xlink:href="d-ConsMov-2008-01-01.xsd#d-ConsMov_ConsMovDomain" xlink:label="ConsScopeDomain" xlink:title="ConsScopeDomain"/>
    <reference xlink:type="resource" xlink:label="reference_ConsScopeDomain" xlink:role="http://www.xbrl.org/2003/role/reference" xlink:title="reference_ConsScopeDomain" id="reference_ConsScopeDomain">
      <ref:Name>CEBS-FINREP</ref:Name>
    </reference>
    <referenceArc xlink:type="arc" xlink:arcrole="http://www.xbrl.org/2003/arcrole/concept-reference" xlink:from="ConsScopeDomain" xlink:to="reference_ConsScopeDomain" xlink:title="reference: ConsScopeDomain to reference_ConsScopeDomain"/>
    <loc xlink:type="locator" xlink:href="d-ConsMov-2008-01-01.xsd#d-ConsMov_ByConsolidationMovementsDimension" xlink:label="ConsScopeDimension" xlink:title="ConsScopeDimension"/>
    <reference xlink:type="resource" xlink:label="reference_ConsScopeDimension" xlink:role="http://www.xbrl.org/2003/role/reference" xlink:title="reference_ConsScopeDimension" id="reference_ConsScopeDimension">
      <ref:Publisher>CEBS-FINREP</ref:Publisher>
    </reference>
    <referenceArc xlink:type="arc" xlink:arcrole="http://www.xbrl.org/2003/arcrole/concept-reference" xlink:from="ConsScopeDimension" xlink:to="reference_ConsScopeDimension" xlink:title="reference: ConsScopeDimension to reference_ConsScopeDimension"/>
  </referenceLink>
</linkbase>
