<?xml version="1.0" encoding="UTF-8"?>
<?taxonomy-version 1.3.2?>
<!--Copyright (C) 2011 EBA - European Banking Authority, Tower 42, 25 Old Broad Street, London, EC2N 1HQ, United Kingdom.-->   
<linkbase
	xmlns="http://www.xbrl.org/2003/linkbase"
	xmlns:xbrli="http://www.xbrl.org/2003/instance"
	xmlns:xlink="http://www.w3.org/1999/xlink"
	xmlns:xsi="http://www.w3.org/2001/XMLSchema-instance"
	xsi:schemaLocation="http://www.xbrl.org/2003/linkbase http://www.xbrl.org/2003/xbrl-linkbase-2003-12-31.xsd"
	xmlns:ConsMov="http://www.c-ebs.org/eu/fr/esrs/finrep/d-ConsMov/2008-01-01">
  <arcroleRef arcroleURI="http://xbrl.org/int/dim/arcrole/domain-member" xlink:type="simple" xlink:href="http://www.xbrl.org/2005/xbrldt-2005.xsd#domain-member"/>
  <definitionLink xlink:type="extended" xlink:role="http://www.xbrl.org/2003/role/link">
    <loc xlink:type="locator" xlink:href="d-ConsMov-2008-01-01.xsd#d-ConsMov_ConsMovDomain" xlink:label="ConsScopeDomain" xlink:title="ConsScopeDomain"/>
    <loc xlink:type="locator" xlink:href="d-ConsMov-2008-01-01.xsd#d-ConsMov_CompaniesConsolidatedEndReportingPeriod" xlink:label="CompaniesConsolidatedEndReportingPeriod" xlink:title="CompaniesConsolidatedEndReportingPeriod"/>
    <definitionArc xlink:type="arc" xlink:arcrole="http://xbrl.org/int/dim/arcrole/domain-member" xlink:from="ConsScopeDomain" xlink:to="CompaniesConsolidatedEndReportingPeriod" xlink:title="definition: ConsScopeDomain to CompaniesConsolidatedEndReportingPeriod" order="1.0"/>
    <loc xlink:type="locator" xlink:href="d-ConsMov-2008-01-01.xsd#d-ConsMov_ConsolidatedCompaniesAddedPeriod" xlink:label="ConsolidatedCompaniesAddedPeriod" xlink:title="ConsolidatedCompaniesAddedPeriod"/>
    <definitionArc xlink:type="arc" xlink:arcrole="http://xbrl.org/int/dim/arcrole/domain-member" xlink:from="ConsScopeDomain" xlink:to="ConsolidatedCompaniesAddedPeriod" xlink:title="definition: ConsScopeDomain to ConsolidatedCompaniesAddedPeriod" order="2.0"/>
    <loc xlink:type="locator" xlink:href="d-ConsMov-2008-01-01.xsd#d-ConsMov_CompaniesRemovedPeriod" xlink:label="CompaniesRemovedPeriod" xlink:title="CompaniesRemovedPeriod"/>
    <definitionArc xlink:type="arc" xlink:arcrole="http://xbrl.org/int/dim/arcrole/domain-member" xlink:from="ConsScopeDomain" xlink:to="CompaniesRemovedPeriod" xlink:title="definition: ConsScopeDomain to CompaniesRemovedPeriod" order="3.0"/>
  </definitionLink>
</linkbase>
