<?xml version="1.0" encoding="utf-8"?>
<?taxonomy-version 1.3.2?>
<!--Copyright (C) 2011 EBA - European Banking Authority, Tower 42, 25 Old Broad Street, London, EC2N 1HQ, United Kingdom.-->   
<linkbase
	xmlns="http://www.xbrl.org/2003/linkbase"
	xmlns:xsi="http://www.w3.org/2001/XMLSchema-instance"
	xmlns:xlink="http://www.w3.org/1999/xlink"
	xsi:schemaLocation=" http://www.xbrl.org/2003/linkbase http://www.xbrl.org/2003/xbrl-linkbase-2003-12-31.xsd">
  <labelLink xlink:type="extended" xlink:role="http://www.xbrl.org/2003/role/link">
   <loc xlink:type="locator" xlink:href="d-DBenefitPl-2008-01-01.xsd#d-DBenefitPl_HcDefinedBenefitPlanHypercube" xlink:label="d-DBenefitPl_HcDefinedBenefitPlanHypercube" />
    <labelArc xlink:type="arc" xlink:arcrole="http://www.xbrl.org/2003/arcrole/concept-label" xlink:from="d-DBenefitPl_HcDefinedBenefitPlanHypercube" xlink:to="d-DBenefitPl_HcDefinedBenefitPlanHypercube_lbl" />
    <label id="d-DBenefitPl_HcDefinedBenefitPlanHypercube_lbl_19" xlink:type="resource" xlink:role="http://www.xbrl.org/2003/role/label" xlink:label="d-DBenefitPl_HcDefinedBenefitPlanHypercube_lbl" xml:lang="en">Defined Benefit Plan Hypercube</label>
    <loc xlink:type="locator" xlink:href="d-DBenefitPl-2008-01-01.xsd#d-DBenefitPl_ByDefinedBenefitPlanDetailDimension" xlink:label="d-DBenefitPl_ByDefinedBenefitPlanDetailDimension" />
    <labelArc xlink:type="arc" xlink:arcrole="http://www.xbrl.org/2003/arcrole/concept-label" xlink:from="d-DBenefitPl_ByDefinedBenefitPlanDetailDimension" xlink:to="d-DBenefitPl_ByDefinedBenefitPlanDetailDimension_lbl" />
    <label xlink:type="resource" xlink:role="http://www.xbrl.org/2003/role/label" xlink:label="d-DBenefitPl_ByDefinedBenefitPlanDetailDimension_lbl" id="d-DBenefitPl_ByDefinedBenefitPlanDetailDimension_lbl_6" xml:lang="en">by Defined Benefit Plan Detail Dimension</label>
  </labelLink>
</linkbase>