<?xml version="1.0" encoding="utf-8"?>
<?taxonomy-version 1.3.2?>
<!--Copyright (C) 2011 EBA - European Banking Authority, Tower 42, 25 Old Broad Street, London, EC2N 1HQ, United Kingdom.-->   
<linkbase
	xmlns="http://www.xbrl.org/2003/linkbase"
	xmlns:xsi="http://www.w3.org/2001/XMLSchema-instance"
	xmlns:xlink="http://www.w3.org/1999/xlink"
	xmlns:ref="http://www.xbrl.org/2004/ref"
	xsi:schemaLocation=" 
		http://www.xbrl.org/2003/linkbase http://www.xbrl.org/2003/xbrl-linkbase-2003-12-31.xsd 
		http://www.xbrl.org/2004/ref http://www.xbrl.org/2004/ref-2004-08-10.xsd">
  <referenceLink xlink:type="extended" xlink:role="http://www.xbrl.org/2003/role/link">
    <loc xlink:type="locator" xlink:href="d-DBenefitPl-2008-01-01.xsd#d-DBenefitPl_HcDefinedBenefitPlanHypercube" xlink:label="d-DBenefitPl_HcDefinedBenefitPlanHypercube" />
    <referenceArc xlink:type="arc" xlink:arcrole="http://www.xbrl.org/2003/arcrole/concept-reference" xlink:from="d-DBenefitPl_HcDefinedBenefitPlanHypercube" xlink:to="d-DBenefitPl_HcDefinedBenefitPlanHypercube_ref" />
    <reference id="d-DBenefitPl_HcDefinedBenefitPlanHypercube_ref_23" xlink:type="resource" xlink:role="http://www.xbrl.org/2003/role/reference" xlink:label="d-DBenefitPl_HcDefinedBenefitPlanHypercube_ref">
      <ref:Name>CEBS-FINREP</ref:Name>
    </reference>
    <loc xlink:type="locator" xlink:href="d-DBenefitPl-2008-01-01.xsd#d-DBenefitPl_ByDefinedBenefitPlanDetailDimension" xlink:label="d-DBenefitPl_ByDefinedBenefitPlanDetailDimension" />
    <referenceArc xlink:type="arc" xlink:arcrole="http://www.xbrl.org/2003/arcrole/concept-reference" xlink:from="d-DBenefitPl_ByDefinedBenefitPlanDetailDimension" xlink:to="d-DBenefitPl_ByDefinedBenefitPlanDetailDimension_ref" />
    <reference xlink:type="resource" xlink:role="http://www.xbrl.org/2003/role/reference" xlink:label="d-DBenefitPl_ByDefinedBenefitPlanDetailDimension_ref" id="d-DBenefitPl_ByDefinedBenefitPlanDetailDimension_ref_6">
      <ref:Name>CEBS-FINREP</ref:Name>
    </reference>
  </referenceLink>
</linkbase>