<?xml version="1.0" encoding="utf-8"?>
<?taxonomy-version 1.3.2?>
<!--Copyright (C) 2011 EBA - European Banking Authority, Tower 42, 25 Old Broad Street, London, EC2N 1HQ, United Kingdom.-->   
<linkbase
	xmlns="http://www.xbrl.org/2003/linkbase"
	xmlns:xsi="http://www.w3.org/2001/XMLSchema-instance"
	xmlns:xlink="http://www.w3.org/1999/xlink"
	xsi:schemaLocation=" http://www.xbrl.org/2003/linkbase http://www.xbrl.org/2003/xbrl-linkbase-2003-12-31.xsd">
  <roleRef xlink:type="simple" xlink:href="d-EqInstr-2008-01-01.xsd#DetailOnEquityInstruments" roleURI="http://www.c-ebs.org/eu/fr/esrs/finrep/2008-01-01/role/DetailOnEquityInstruments" />
  <presentationLink xlink:type="extended" xlink:role="http://www.c-ebs.org/eu/fr/esrs/finrep/2008-01-01/role/DetailOnEquityInstruments">
    <loc xlink:type="locator" xlink:href="d-EqInstr-2008-01-01.xsd#d-EqInstr_EqInstrDomain" xlink:label="d-EqInstr_EqInstrDomain" />
    <loc xlink:type="locator" xlink:href="d-EqInstr-2008-01-01.xsd#d-EqInstr_EquityInstrumentsTotal" xlink:label="d-EqInstr_EquityInstrumentsTotal" />
    <presentationArc xlink:type="arc" xlink:arcrole="http://www.xbrl.org/2003/arcrole/parent-child" xlink:from="d-EqInstr_EqInstrDomain" xlink:to="d-EqInstr_EquityInstrumentsTotal" order="1" use="optional" />
    <loc xlink:type="locator" xlink:href="d-EqInstr-2008-01-01.xsd#d-EqInstr_EquityInstrumentsQuoted" xlink:label="d-EqInstr_EquityInstrumentsQuoted" />
    <presentationArc xlink:type="arc" xlink:arcrole="http://www.xbrl.org/2003/arcrole/parent-child" xlink:from="d-EqInstr_EquityInstrumentsTotal" xlink:to="d-EqInstr_EquityInstrumentsQuoted" order="1" use="optional" />
    <loc xlink:type="locator" xlink:href="d-EqInstr-2008-01-01.xsd#d-EqInstr_EquityInstrumentsUnquotedButFairValueDeterminable" xlink:label="d-EqInstr_EquityInstrumentsUnquotedButFairValueDeterminable" />
    <presentationArc xlink:type="arc" xlink:arcrole="http://www.xbrl.org/2003/arcrole/parent-child" xlink:from="d-EqInstr_EquityInstrumentsTotal" xlink:to="d-EqInstr_EquityInstrumentsUnquotedButFairValueDeterminable" order="2" use="optional" />
    <loc xlink:type="locator" xlink:href="d-EqInstr-2008-01-01.xsd#d-EqInstr_EquityInstrumentsAtCost" xlink:label="d-EqInstr_EquityInstrumentsAtCost" />
    <presentationArc xlink:type="arc" xlink:arcrole="http://www.xbrl.org/2003/arcrole/parent-child" xlink:from="d-EqInstr_EquityInstrumentsTotal" xlink:to="d-EqInstr_EquityInstrumentsAtCost" order="3" use="optional" />
  </presentationLink>
</linkbase>