<?xml version="1.0" encoding="utf-8"?>
<?taxonomy-version 1.3.2?>
<!--Copyright (C) 2011 EBA - European Banking Authority, Tower 42, 25 Old Broad Street, London, EC2N 1HQ, United Kingdom.-->   
<linkbase
	xmlns="http://www.xbrl.org/2003/linkbase"
	xmlns:xsi="http://www.w3.org/2001/XMLSchema-instance"
	xmlns:xlink="http://www.w3.org/1999/xlink"
	xmlns:EquityInstr="http://www.c-ebs.org/eu/fr/esrs/finrep/d-EqInstr/2008-01-01"
	xmlns:ref="http://www.xbrl.org/2004/ref"
	xsi:schemaLocation=" http://www.xbrl.org/2003/linkbase http://www.xbrl.org/2003/xbrl-linkbase-2003-12-31.xsd http://www.c-ebs.org/eu/fr/esrs/finrep/d-EqInstr/2008-01-01 d-EqInstr-2008-01-01.xsd http://www.xbrl.org/2004/ref http://www.xbrl.org/2004/ref-2004-08-10.xsd">
  <referenceLink xlink:type="extended" xlink:role="http://www.xbrl.org/2003/role/link">
    <loc xlink:type="locator" xlink:href="d-EqInstr-2008-01-01.xsd#d-EqInstr_HcEquityInstrumentsHypercube" xlink:label="d-EqInstr_HcEquityInstrumentsHypercube" />
    <referenceArc xlink:type="arc" xlink:arcrole="http://www.xbrl.org/2003/arcrole/concept-reference" xlink:from="d-EqInstr_HcEquityInstrumentsHypercube" xlink:to="d-EqInstr_HcEquityInstrumentsHypercube_ref" />
    <reference id="d-EqInstr_HcEquityInstrumentsHypercube_ref_28" xlink:type="resource" xlink:role="http://www.xbrl.org/2003/role/reference" xlink:label="d-EqInstr_HcEquityInstrumentsHypercube_ref">
      <ref:Name>CEBS-FINREP</ref:Name>
    </reference>
    <loc xlink:type="locator" xlink:href="d-EqInstr-2008-01-01.xsd#d-EqInstr_HcExcludedEquityInstrumentsExcludingAtCostHypercube" xlink:label="d-EqInstr_HcExcludedEquityInstrumentsExcludingAtCostHypercube" />
    <referenceArc xlink:type="arc" xlink:arcrole="http://www.xbrl.org/2003/arcrole/concept-reference" xlink:from="d-EqInstr_HcExcludedEquityInstrumentsExcludingAtCostHypercube" xlink:to="d-EqInstr_HcExcludedEquityInstrumentsExcludingAtCostHypercube_ref" />
    <reference id="d-EqInstr_HcExcludedEquityInstrumentsExcludingAtCostHypercube_ref_33" xlink:type="resource" xlink:role="http://www.xbrl.org/2003/role/reference" xlink:label="d-EqInstr_HcExcludedEquityInstrumentsExcludingAtCostHypercube_ref">
      <ref:Name>CEBS-FINREP</ref:Name>
    </reference>
    <loc xlink:type="locator" xlink:href="d-EqInstr-2008-01-01.xsd#d-EqInstr_EqInstrDomain" xlink:label="d-EqInstr_EqInstrDomain" />
    <referenceArc xlink:type="arc" xlink:arcrole="http://www.xbrl.org/2003/arcrole/concept-reference" xlink:from="d-EqInstr_EqInstrDomain" xlink:to="d-EqInstr_EqInstrDomain_ref" />
    <reference xlink:type="resource" xlink:role="http://www.xbrl.org/2003/role/reference" xlink:label="d-EqInstr_EqInstrDomain_ref" id="d-EqInstr_EqInstrDomain_ref_6">
      <ref:Name>CEBS-FINREP</ref:Name>
    </reference>
    <loc xlink:type="locator" xlink:href="d-EqInstr-2008-01-01.xsd#d-EqInstr_EquityInstrumentsAtCost" xlink:label="d-EqInstr_EquityInstrumentsAtCost" />
    <referenceArc xlink:type="arc" xlink:arcrole="http://www.xbrl.org/2003/arcrole/concept-reference" xlink:from="d-EqInstr_EquityInstrumentsAtCost" xlink:to="d-EqInstr_EquityInstrumentsAtCost_ref" />
    <reference xlink:type="resource" xlink:role="http://www.xbrl.org/2003/role/reference" xlink:label="d-EqInstr_EquityInstrumentsAtCost_ref" id="d-EqInstr_EquityInstrumentsAtCost_ref_11">
      <ref:Name>CEBS-FINREP</ref:Name>
    </reference>
    <loc xlink:type="locator" xlink:href="d-EqInstr-2008-01-01.xsd#d-EqInstr_EquityInstrumentsQuoted" xlink:label="d-EqInstr_EquityInstrumentsQuoted" />
    <referenceArc xlink:type="arc" xlink:arcrole="http://www.xbrl.org/2003/arcrole/concept-reference" xlink:from="d-EqInstr_EquityInstrumentsQuoted" xlink:to="d-EqInstr_EquityInstrumentsQuoted_ref" />
    <reference xlink:type="resource" xlink:role="http://www.xbrl.org/2003/role/reference" xlink:label="d-EqInstr_EquityInstrumentsQuoted_ref" id="d-EqInstr_EquityInstrumentsQuoted_ref_16">
      <ref:Name>CEBS-FINREP</ref:Name>
    </reference>
    <loc xlink:type="locator" xlink:href="d-EqInstr-2008-01-01.xsd#d-EqInstr_EquityInstrumentsTotal" xlink:label="d-EqInstr_EquityInstrumentsTotal" />
    <referenceArc xlink:type="arc" xlink:arcrole="http://www.xbrl.org/2003/arcrole/concept-reference" xlink:from="d-EqInstr_EquityInstrumentsTotal" xlink:to="d-EqInstr_EquityInstrumentsTotal_ref" />
    <reference xlink:type="resource" xlink:role="http://www.xbrl.org/2003/role/reference" xlink:label="d-EqInstr_EquityInstrumentsTotal_ref" id="d-EqInstr_EquityInstrumentsTotal_ref_21">
      <ref:Name>CEBS-FINREP</ref:Name>
    </reference>
    <loc xlink:type="locator" xlink:href="d-EqInstr-2008-01-01.xsd#d-EqInstr_EquityInstrumentsUnquotedButFairValueDeterminable" xlink:label="d-EqInstr_EquityInstrumentsUnquotedButFairValueDeterminable" />
    <referenceArc xlink:type="arc" xlink:arcrole="http://www.xbrl.org/2003/arcrole/concept-reference" xlink:from="d-EqInstr_EquityInstrumentsUnquotedButFairValueDeterminable" xlink:to="d-EqInstr_EquityInstrumentsUnquotedButFairValueDeterminable_ref" />
    <reference xlink:type="resource" xlink:role="http://www.xbrl.org/2003/role/reference" xlink:label="d-EqInstr_EquityInstrumentsUnquotedButFairValueDeterminable_ref" id="d-EqInstr_EquityInstrumentsUnquotedButFairValueDeterminable_ref_26">
      <ref:Name>CEBS-FINREP</ref:Name>
    </reference>
    <loc xlink:type="locator" xlink:href="d-EqInstr-2008-01-01.xsd#d-EqInstr_ByEquityInstrumentsDimension" xlink:label="d-EqInstr_ByEquityInstrumentsDimension" />
    <referenceArc xlink:type="arc" xlink:arcrole="http://www.xbrl.org/2003/arcrole/concept-reference" xlink:from="d-EqInstr_ByEquityInstrumentsDimension" xlink:to="d-EqInstr_ByEquityInstrumentsDimension_ref" />
    <reference xlink:type="resource" xlink:role="http://www.xbrl.org/2003/role/reference" xlink:label="d-EqInstr_ByEquityInstrumentsDimension_ref" id="d-EqInstr_ByEquityInstrumentsDimension_ref_31">
      <ref:Name>CEBS-FINREP</ref:Name>
    </reference>
  </referenceLink>
</linkbase>