<?xml version="1.0" encoding="utf-8"?>
<?taxonomy-version 1.3.2?>
<!--Copyright (C) 2011 EBA - European Banking Authority, Tower 42, 25 Old Broad Street, London, EC2N 1HQ, United Kingdom.-->   
<linkbase 
	xmlns="http://www.xbrl.org/2003/linkbase" 
	xmlns:xbrldt="http://xbrl.org/2005/xbrldt" 
	xmlns:xsi="http://www.w3.org/2001/XMLSchema-instance" 
	xmlns:xlink="http://www.w3.org/1999/xlink" 
	xsi:schemaLocation=" 
		http://www.xbrl.org/2003/linkbase http://www.xbrl.org/2003/xbrl-linkbase-2003-12-31.xsd">
  <arcroleRef xlink:type="simple" xlink:href="http://www.xbrl.org/2005/xbrldt-2005.xsd#all" arcroleURI="http://xbrl.org/int/dim/arcrole/all" />
  <arcroleRef xlink:type="simple" xlink:href="http://www.xbrl.org/2005/xbrldt-2005.xsd#notAll" arcroleURI="http://xbrl.org/int/dim/arcrole/notAll" />
  <arcroleRef xlink:type="simple" xlink:href="http://www.xbrl.org/2005/xbrldt-2005.xsd#domain-member" arcroleURI="http://xbrl.org/int/dim/arcrole/domain-member" />
  <arcroleRef xlink:type="simple" xlink:href="http://www.xbrl.org/2005/xbrldt-2005.xsd#hypercube-dimension" arcroleURI="http://xbrl.org/int/dim/arcrole/hypercube-dimension" />
  <arcroleRef xlink:type="simple" xlink:href="http://www.xbrl.org/2005/xbrldt-2005.xsd#dimension-domain" arcroleURI="http://xbrl.org/int/dim/arcrole/dimension-domain" />
  <arcroleRef xlink:type="simple" xlink:href="http://www.xbrl.org/2005/xbrldt-2005.xsd#dimension-default" arcroleURI="http://xbrl.org/int/dim/arcrole/dimension-default" />
  <roleRef xlink:type="simple" xlink:href="d-FINREP-rol-2008-01-01.xsd#DimensionDefault" roleURI="http://www.c-ebs.org/eu/fr/esrs/finrep/2008-01-01/role/DimensionDefault" />
  <roleRef xlink:type="simple" xlink:href="d-EqInstr-2008-01-01.xsd#HcEquityInstrumentsHypercube" roleURI="http://www.c-ebs.org/eu/fr/esrs/finrep/2008-01-01/role/HcEquityInstrumentsHypercube" />
  <roleRef xlink:type="simple" xlink:href="d-EqInstr-2008-01-01.xsd#HcExcludedEquityInstrumentsExcludingAtCostHypercube" roleURI="http://www.c-ebs.org/eu/fr/esrs/finrep/2008-01-01/role/HcExcludedEquityInstrumentsExcludingAtCostHypercube" />
  <definitionLink xlink:type="extended" xlink:role="http://www.xbrl.org/2003/role/link">
    <loc xlink:type="locator" xlink:href="d-EqInstr-2008-01-01.xsd#d-EqInstr_EqInstrDomain" xlink:label="d-EqInstr_EqInstrDomain" />
    <loc xlink:type="locator" xlink:href="d-EqInstr-2008-01-01.xsd#d-EqInstr_EquityInstrumentsTotal" xlink:label="d-EqInstr_EquityInstrumentsTotal" />
    <definitionArc xlink:type="arc" xlink:arcrole="http://xbrl.org/int/dim/arcrole/domain-member" xlink:from="d-EqInstr_EqInstrDomain" xlink:to="d-EqInstr_EquityInstrumentsTotal" order="1" use="optional" />
    <loc xlink:type="locator" xlink:href="d-EqInstr-2008-01-01.xsd#d-EqInstr_EquityInstrumentsQuoted" xlink:label="d-EqInstr_EquityInstrumentsQuoted" />
    <definitionArc xlink:type="arc" xlink:arcrole="http://xbrl.org/int/dim/arcrole/domain-member" xlink:from="d-EqInstr_EquityInstrumentsTotal" xlink:to="d-EqInstr_EquityInstrumentsQuoted" order="1" use="optional" />
    <loc xlink:type="locator" xlink:href="d-EqInstr-2008-01-01.xsd#d-EqInstr_EquityInstrumentsUnquotedButFairValueDeterminable" xlink:label="d-EqInstr_EquityInstrumentsUnquotedButFairValueDeterminable" />
    <definitionArc xlink:type="arc" xlink:arcrole="http://xbrl.org/int/dim/arcrole/domain-member" xlink:from="d-EqInstr_EquityInstrumentsTotal" xlink:to="d-EqInstr_EquityInstrumentsUnquotedButFairValueDeterminable" order="2" use="optional" />
    <loc xlink:type="locator" xlink:href="d-EqInstr-2008-01-01.xsd#d-EqInstr_EquityInstrumentsAtCost" xlink:label="d-EqInstr_EquityInstrumentsAtCost" />
    <definitionArc xlink:type="arc" xlink:arcrole="http://xbrl.org/int/dim/arcrole/domain-member" xlink:from="d-EqInstr_EquityInstrumentsTotal" xlink:to="d-EqInstr_EquityInstrumentsAtCost" order="3" use="optional" />
  </definitionLink>
  <definitionLink xlink:type="extended" xlink:role="http://www.c-ebs.org/eu/fr/esrs/finrep/2008-01-01/role/HcEquityInstrumentsHypercube">
    <loc xlink:type="locator" xlink:href="d-EqInstr-2008-01-01.xsd#d-EqInstr_HcEquityInstrumentsHypercube" xlink:label="d-EqInstr_HcEquityInstrumentsHypercube" />
    <loc xlink:type="locator" xlink:href="d-EqInstr-2008-01-01.xsd#d-EqInstr_ByEquityInstrumentsDimension" xlink:label="d-EqInstr_ByEquityInstrumentsDimension" />
    <definitionArc xlink:type="arc" xlink:arcrole="http://xbrl.org/int/dim/arcrole/hypercube-dimension" xlink:from="d-EqInstr_HcEquityInstrumentsHypercube" xlink:to="d-EqInstr_ByEquityInstrumentsDimension" order="1" use="optional" />
    <loc xlink:type="locator" xlink:href="d-EqInstr-2008-01-01.xsd#d-EqInstr_EqInstrDomain" xlink:label="d-EqInstr_EqInstrDomain" />
    <definitionArc xlink:type="arc" xlink:arcrole="http://xbrl.org/int/dim/arcrole/dimension-domain" xlink:from="d-EqInstr_ByEquityInstrumentsDimension" xlink:to="d-EqInstr_EqInstrDomain" order="1" use="optional" xbrldt:targetRole="http://www.xbrl.org/2003/role/link" xbrldt:usable="false" />
  </definitionLink>
  <definitionLink xlink:type="extended" xlink:role="http://www.c-ebs.org/eu/fr/esrs/finrep/2008-01-01/role/HcExcludedEquityInstrumentsExcludingAtCostHypercube">
    <loc xlink:type="locator" xlink:href="d-EqInstr-2008-01-01.xsd#d-EqInstr_HcExcludedEquityInstrumentsExcludingAtCostHypercube" xlink:label="d-EqInstr_HcExcludedEquityInstrumentsExcludingAtCostHypercube" />
    <loc xlink:type="locator" xlink:href="d-EqInstr-2008-01-01.xsd#d-EqInstr_ByEquityInstrumentsDimension" xlink:label="d-EqInstr_ByEquityInstrumentsDimension" />
    <definitionArc xlink:type="arc" xlink:arcrole="http://xbrl.org/int/dim/arcrole/hypercube-dimension" xlink:from="d-EqInstr_HcExcludedEquityInstrumentsExcludingAtCostHypercube" xlink:to="d-EqInstr_ByEquityInstrumentsDimension" order="1" use="optional" /> 
    <loc xlink:type="locator" xlink:href="d-EqInstr-2008-01-01.xsd#d-EqInstr_EqInstrDomain" xlink:label="d-EqInstr_EqInstrDomain" />
    <definitionArc xlink:type="arc" xlink:arcrole="http://xbrl.org/int/dim/arcrole/dimension-domain" xlink:from="d-EqInstr_ByEquityInstrumentsDimension" xlink:to="d-EqInstr_EqInstrDomain" order="1" use="optional" xbrldt:usable="false" />
    <loc xlink:type="locator" xlink:href="d-EqInstr-2008-01-01.xsd#d-EqInstr_EquityInstrumentsAtCost" xlink:label="d-EqInstr_EquityInstrumentsAtCost" />
    <definitionArc xlink:type="arc" xlink:arcrole="http://xbrl.org/int/dim/arcrole/domain-member" xlink:from="d-EqInstr_EqInstrDomain" xlink:to="d-EqInstr_EquityInstrumentsAtCost" order="3" use="optional" />
  </definitionLink>
  <definitionLink xlink:type="extended" xlink:role="http://www.c-ebs.org/eu/fr/esrs/finrep/2008-01-01/role/DimensionDefault">
    <loc xlink:type="locator" xlink:href="d-EqInstr-2008-01-01.xsd#d-EqInstr_ByEquityInstrumentsDimension" xlink:label="d-EqInstr_ByEquityInstrumentsDimension" />
    <loc xlink:type="locator" xlink:href="d-EqInstr-2008-01-01.xsd#d-EqInstr_EquityInstrumentsTotal" xlink:label="d-EqInstr_EquityInstrumentsTotal" />
    <definitionArc xlink:type="arc" xlink:arcrole="http://xbrl.org/int/dim/arcrole/dimension-default" xlink:from="d-EqInstr_ByEquityInstrumentsDimension" xlink:to="d-EqInstr_EquityInstrumentsTotal" order="1" use="optional" />
  </definitionLink>
</linkbase>