<?xml version="1.0" encoding="utf-8"?>
<?taxonomy-version 1.3.2?>
<!--Copyright (C) 2011 EBA - European Banking Authority, Tower 42, 25 Old Broad Street, London, EC2N 1HQ, United Kingdom.-->   
<linkbase
	xmlns="http://www.xbrl.org/2003/linkbase"
	xmlns:xsi="http://www.w3.org/2001/XMLSchema-instance"
	xmlns:xlink="http://www.w3.org/1999/xlink"
	xsi:schemaLocation=" http://www.xbrl.org/2003/linkbase http://www.xbrl.org/2003/xbrl-linkbase-2003-12-31.xsd">
  <labelLink xlink:type="extended" xlink:role="http://www.xbrl.org/2003/role/link">
    <loc xlink:type="locator" xlink:href="d-EqInstr-2008-01-01.xsd#d-EqInstr_HcEquityInstrumentsHypercube" xlink:label="d-EqInstr_HcEquityInstrumentsHypercube" />
    <labelArc xlink:type="arc" xlink:arcrole="http://www.xbrl.org/2003/arcrole/concept-label" xlink:from="d-EqInstr_HcEquityInstrumentsHypercube" xlink:to="d-EqInstr_HcEquityInstrumentsHypercube_lbl" />
    <label id="d-EqInstr_HcEquityInstrumentsHypercube_lbl_22" xlink:type="resource" xlink:role="http://www.xbrl.org/2003/role/label" xlink:label="d-EqInstr_HcEquityInstrumentsHypercube_lbl" xml:lang="en">Equity Instruments Hypercube</label>
    <loc xlink:type="locator" xlink:href="d-EqInstr-2008-01-01.xsd#d-EqInstr_HcExcludedEquityInstrumentsExcludingAtCostHypercube" xlink:label="d-EqInstr_HcExcludedEquityInstrumentsExcludingAtCostHypercube" />
    <labelArc xlink:type="arc" xlink:arcrole="http://www.xbrl.org/2003/arcrole/concept-label" xlink:from="d-EqInstr_HcExcludedEquityInstrumentsExcludingAtCostHypercube" xlink:to="d-EqInstr_HcExcludedEquityInstrumentsExcludingAtCostHypercube_lbl" />
    <label id="d-EqInstr_HcExcludedEquityInstrumentsExcludingAtCostHypercube_lbl_25" xlink:type="resource" xlink:role="http://www.xbrl.org/2003/role/label" xlink:label="d-EqInstr_HcExcludedEquityInstrumentsExcludingAtCostHypercube_lbl" xml:lang="en">Equity Instruments Excluding at Cost Hypercube</label>
    <loc xlink:type="locator" xlink:href="d-EqInstr-2008-01-01.xsd#d-EqInstr_EqInstrDomain" xlink:label="d-EqInstr_EqInstrDomain" />
    <labelArc xlink:type="arc" xlink:arcrole="http://www.xbrl.org/2003/arcrole/concept-label" xlink:from="d-EqInstr_EqInstrDomain" xlink:to="d-EqInstr_EqInstrDomain_lbl" />
    <label xlink:type="resource" xlink:role="http://www.xbrl.org/2003/role/label" xlink:label="d-EqInstr_EqInstrDomain_lbl" id="d-EqInstr_EqInstrDomain_lbl_6" xml:lang="en">EqInstr (Domain)</label>
    <loc xlink:type="locator" xlink:href="d-EqInstr-2008-01-01.xsd#d-EqInstr_EquityInstrumentsAtCost" xlink:label="d-EqInstr_EquityInstrumentsAtCost" />
    <labelArc xlink:type="arc" xlink:arcrole="http://www.xbrl.org/2003/arcrole/concept-label" xlink:from="d-EqInstr_EquityInstrumentsAtCost" xlink:to="d-EqInstr_EquityInstrumentsAtCost_lbl" />
    <label xlink:type="resource" xlink:role="http://www.xbrl.org/2003/role/label" xlink:label="d-EqInstr_EquityInstrumentsAtCost_lbl" id="d-EqInstr_EquityInstrumentsAtCost_lbl_9" xml:lang="en">Equity Instruments, at Cost</label>
    <loc xlink:type="locator" xlink:href="d-EqInstr-2008-01-01.xsd#d-EqInstr_EquityInstrumentsQuoted" xlink:label="d-EqInstr_EquityInstrumentsQuoted" />
    <labelArc xlink:type="arc" xlink:arcrole="http://www.xbrl.org/2003/arcrole/concept-label" xlink:from="d-EqInstr_EquityInstrumentsQuoted" xlink:to="d-EqInstr_EquityInstrumentsQuoted_lbl" />
    <label xlink:type="resource" xlink:role="http://www.xbrl.org/2003/role/label" xlink:label="d-EqInstr_EquityInstrumentsQuoted_lbl" id="d-EqInstr_EquityInstrumentsQuoted_lbl_12" xml:lang="en">Equity Instruments, Quoted</label>
    <loc xlink:type="locator" xlink:href="d-EqInstr-2008-01-01.xsd#d-EqInstr_EquityInstrumentsTotal" xlink:label="d-EqInstr_EquityInstrumentsTotal" />
    <labelArc xlink:type="arc" xlink:arcrole="http://www.xbrl.org/2003/arcrole/concept-label" xlink:from="d-EqInstr_EquityInstrumentsTotal" xlink:to="d-EqInstr_EquityInstrumentsTotal_lbl" />
    <label xlink:type="resource" xlink:role="http://www.xbrl.org/2003/role/label" xlink:label="d-EqInstr_EquityInstrumentsTotal_lbl" id="d-EqInstr_EquityInstrumentsTotal_lbl_15" xml:lang="en">Equity Instruments, Total</label>
    <loc xlink:type="locator" xlink:href="d-EqInstr-2008-01-01.xsd#d-EqInstr_EquityInstrumentsUnquotedButFairValueDeterminable" xlink:label="d-EqInstr_EquityInstrumentsUnquotedButFairValueDeterminable" />
    <labelArc xlink:type="arc" xlink:arcrole="http://www.xbrl.org/2003/arcrole/concept-label" xlink:from="d-EqInstr_EquityInstrumentsUnquotedButFairValueDeterminable" xlink:to="d-EqInstr_EquityInstrumentsUnquotedButFairValueDeterminable_lbl" />
    <label xlink:type="resource" xlink:role="http://www.xbrl.org/2003/role/label" xlink:label="d-EqInstr_EquityInstrumentsUnquotedButFairValueDeterminable_lbl" id="d-EqInstr_EquityInstrumentsUnquotedButFairValueDeterminable_lbl_18" xml:lang="en">Equity Instruments, Unquoted but Fair Value Determinable</label>
    <loc xlink:type="locator" xlink:href="d-EqInstr-2008-01-01.xsd#d-EqInstr_ByEquityInstrumentsDimension" xlink:label="d-EqInstr_ByEquityInstrumentsDimension" />
    <labelArc xlink:type="arc" xlink:arcrole="http://www.xbrl.org/2003/arcrole/concept-label" xlink:from="d-EqInstr_ByEquityInstrumentsDimension" xlink:to="d-EqInstr_ByEquityInstrumentsDimension_lbl" />
    <label xlink:type="resource" xlink:role="http://www.xbrl.org/2003/role/label" xlink:label="d-EqInstr_ByEquityInstrumentsDimension_lbl" id="d-EqInstr_ByEquityInstrumentsDimension_lbl_21" xml:lang="en">by Equity Instruments Dimension</label>
  </labelLink>
</linkbase>