<?xml version="1.0" encoding="utf-8"?>
<?taxonomy-version 1.3.2?>
<!--Copyright (C) 2011 EBA - European Banking Authority, Tower 42, 25 Old Broad Street, London, EC2N 1HQ, United Kingdom.-->   
<linkbase
	xmlns="http://www.xbrl.org/2003/linkbase"
	xmlns:xsi="http://www.w3.org/2001/XMLSchema-instance"
	xmlns:xlink="http://www.w3.org/1999/xlink"
	xsi:schemaLocation=" http://www.xbrl.org/2003/linkbase http://www.xbrl.org/2003/xbrl-linkbase-2003-12-31.xsd">
  <roleRef xlink:type="simple" xlink:href="d-FinAssets-2008-01-01.xsd#FinAssets" roleURI="http://www.c-ebs.org/eu/fr/esrs/finrep/2008-01-01/role/FinAssets" />
  <presentationLink xlink:type="extended" xlink:role="http://www.c-ebs.org/eu/fr/esrs/finrep/2008-01-01/role/FinAssets">
    <loc xlink:type="locator" xlink:href="d-FinAssets-2008-01-01.xsd#d-FinAssets_FinAssetsDomain" xlink:label="d-FinAssets_FinAssetsDomain" />
    <loc xlink:type="locator" xlink:href="d-FinAssets-2008-01-01.xsd#d-FinAssets_EquityInstruments" xlink:label="d-FinAssets_EquityInstruments" />
    <presentationArc xlink:type="arc" xlink:arcrole="http://www.xbrl.org/2003/arcrole/parent-child" xlink:from="d-FinAssets_FinAssetsDomain" xlink:to="d-FinAssets_EquityInstruments" order="1" use="optional" />
    <loc xlink:type="locator" xlink:href="d-FinAssets-2008-01-01.xsd#d-FinAssets_DebtInstruments" xlink:label="d-FinAssets_DebtInstruments" />
    <presentationArc xlink:type="arc" xlink:arcrole="http://www.xbrl.org/2003/arcrole/parent-child" xlink:from="d-FinAssets_FinAssetsDomain" xlink:to="d-FinAssets_DebtInstruments" order="2" use="optional" />
    <loc xlink:type="locator" xlink:href="d-FinAssets-2008-01-01.xsd#d-FinAssets_LoansAndAdvances" xlink:label="d-FinAssets_LoansAndAdvances" />
    <presentationArc xlink:type="arc" xlink:arcrole="http://www.xbrl.org/2003/arcrole/parent-child" xlink:from="d-FinAssets_FinAssetsDomain" xlink:to="d-FinAssets_LoansAndAdvances" order="3" use="optional" />
  </presentationLink>
</linkbase>