<?xml version="1.0" encoding="utf-8"?>
<?taxonomy-version 1.3.2?>
<!--Copyright (C) 2011 EBA - European Banking Authority, Tower 42, 25 Old Broad Street, London, EC2N 1HQ, United Kingdom.-->   
<linkbase
	xmlns="http://www.xbrl.org/2003/linkbase"
	xmlns:xsi="http://www.w3.org/2001/XMLSchema-instance"
	xmlns:xlink="http://www.w3.org/1999/xlink"
	xmlns:d-FinAssets="http://www.c-ebs.org/eu/fr/esrs/finrep/d-FinAssets/2008-01-01"
	xmlns:ref="http://www.xbrl.org/2004/ref"
	xsi:schemaLocation=" http://www.xbrl.org/2003/linkbase http://www.xbrl.org/2003/xbrl-linkbase-2003-12-31.xsd http://www.c-ebs.org/eu/fr/esrs/finrep/d-FinAssets/2008-01-01 d-FinAssets-2008-01-01.xsd http://www.xbrl.org/2004/ref http://www.xbrl.org/2004/ref-2004-08-10.xsd">
  <referenceLink xlink:type="extended" xlink:role="http://www.xbrl.org/2003/role/link">
    <loc xlink:type="locator" xlink:href="d-FinAssets-2008-01-01.xsd#d-FinAssets_DebtInstruments" xlink:label="d-FinAssets_DebtInstruments" />
    <referenceArc xlink:type="arc" xlink:arcrole="http://www.xbrl.org/2003/arcrole/concept-reference" xlink:from="d-FinAssets_DebtInstruments" xlink:to="d-FinAssets_DebtInstruments_ref" />
    <reference xlink:type="resource" xlink:role="http://www.xbrl.org/2003/role/reference" xlink:label="d-FinAssets_DebtInstruments_ref" id="d-FinAssets_DebtInstruments_ref_6">
      <ref:Name>CEBS-FINREP</ref:Name>
    </reference>
    <loc xlink:type="locator" xlink:href="d-FinAssets-2008-01-01.xsd#d-FinAssets_EquityInstruments" xlink:label="d-FinAssets_EquityInstruments" />
    <referenceArc xlink:type="arc" xlink:arcrole="http://www.xbrl.org/2003/arcrole/concept-reference" xlink:from="d-FinAssets_EquityInstruments" xlink:to="d-FinAssets_EquityInstruments_ref" />
    <reference xlink:type="resource" xlink:role="http://www.xbrl.org/2003/role/reference" xlink:label="d-FinAssets_EquityInstruments_ref" id="d-FinAssets_EquityInstruments_ref_11">
      <ref:Name>CEBS-FINREP</ref:Name>
    </reference>
    <loc xlink:type="locator" xlink:href="d-FinAssets-2008-01-01.xsd#d-FinAssets_FinAssetsDomain" xlink:label="d-FinAssets_FinAssetsDomain" />
    <referenceArc xlink:type="arc" xlink:arcrole="http://www.xbrl.org/2003/arcrole/concept-reference" xlink:from="d-FinAssets_FinAssetsDomain" xlink:to="d-FinAssets_FinAssetsDomain_ref" />
    <reference xlink:type="resource" xlink:role="http://www.xbrl.org/2003/role/reference" xlink:label="d-FinAssets_FinAssetsDomain_ref" id="d-FinAssets_FinAssetsDomain_ref_16">
      <ref:Name>CEBS-FINREP</ref:Name>
    </reference>
    <loc xlink:type="locator" xlink:href="d-FinAssets-2008-01-01.xsd#d-FinAssets_LoansAndAdvances" xlink:label="d-FinAssets_LoansAndAdvances" />
    <referenceArc xlink:type="arc" xlink:arcrole="http://www.xbrl.org/2003/arcrole/concept-reference" xlink:from="d-FinAssets_LoansAndAdvances" xlink:to="d-FinAssets_LoansAndAdvances_ref" />
    <reference xlink:type="resource" xlink:role="http://www.xbrl.org/2003/role/reference" xlink:label="d-FinAssets_LoansAndAdvances_ref" id="d-FinAssets_LoansAndAdvances_ref_21">
      <ref:Name>CEBS-FINREP</ref:Name>
    </reference>
    <loc xlink:type="locator" xlink:href="d-FinAssets-2008-01-01.xsd#d-FinAssets_ByFinancialAssetsDimension" xlink:label="d-FinAssets_ByFinancialAssetsDimension" />
    <referenceArc xlink:type="arc" xlink:arcrole="http://www.xbrl.org/2003/arcrole/concept-reference" xlink:from="d-FinAssets_ByFinancialAssetsDimension" xlink:to="d-FinAssets_ByFinancialAssetsDimension_ref" />
    <reference xlink:type="resource" xlink:role="http://www.xbrl.org/2003/role/reference" xlink:label="d-FinAssets_ByFinancialAssetsDimension_ref" id="d-FinAssets_ByFinancialAssetsDimension_ref_26">
      <ref:Name>CEBS-FINREP</ref:Name>
    </reference>
  </referenceLink>
</linkbase>