<?xml version="1.0" encoding="utf-8"?>
<?taxonomy-version 1.3.2?>
<!--Copyright (C) 2011 EBA - European Banking Authority, Tower 42, 25 Old Broad Street, London, EC2N 1HQ, United Kingdom.-->   
<linkbase
	xmlns="http://www.xbrl.org/2003/linkbase"
	xmlns:xsi="http://www.w3.org/2001/XMLSchema-instance"
	xmlns:xlink="http://www.w3.org/1999/xlink"
	xsi:schemaLocation=" http://www.xbrl.org/2003/linkbase http://www.xbrl.org/2003/xbrl-linkbase-2003-12-31.xsd">
  <arcroleRef xlink:type="simple" xlink:href="http://www.xbrl.org/2005/xbrldt-2005.xsd#domain-member" arcroleURI="http://xbrl.org/int/dim/arcrole/domain-member" />
  <definitionLink xlink:type="extended" xlink:role="http://www.xbrl.org/2003/role/link">
    <loc xlink:type="locator" xlink:href="d-FinAssets-2008-01-01.xsd#d-FinAssets_FinAssetsDomain" xlink:label="d-FinAssets_FinAssetsDomain" />
    <loc xlink:type="locator" xlink:href="d-FinAssets-2008-01-01.xsd#d-FinAssets_EquityInstruments" xlink:label="d-FinAssets_EquityInstruments" />
    <definitionArc xlink:type="arc" xlink:arcrole="http://xbrl.org/int/dim/arcrole/domain-member" xlink:from="d-FinAssets_FinAssetsDomain" xlink:to="d-FinAssets_EquityInstruments" order="1" use="optional" />
    <loc xlink:type="locator" xlink:href="d-FinAssets-2008-01-01.xsd#d-FinAssets_DebtInstruments" xlink:label="d-FinAssets_DebtInstruments" />
    <definitionArc xlink:type="arc" xlink:arcrole="http://xbrl.org/int/dim/arcrole/domain-member" xlink:from="d-FinAssets_FinAssetsDomain" xlink:to="d-FinAssets_DebtInstruments" order="2" use="optional" />
    <loc xlink:type="locator" xlink:href="d-FinAssets-2008-01-01.xsd#d-FinAssets_LoansAndAdvances" xlink:label="d-FinAssets_LoansAndAdvances" />
    <definitionArc xlink:type="arc" xlink:arcrole="http://xbrl.org/int/dim/arcrole/domain-member" xlink:from="d-FinAssets_FinAssetsDomain" xlink:to="d-FinAssets_LoansAndAdvances" order="3" use="optional" />
  </definitionLink>
</linkbase>