<?xml version="1.0" encoding="utf-8"?>
<?taxonomy-version 1.3.2?>
<!--Copyright (C) 2011 EBA - European Banking Authority, Tower 42, 25 Old Broad Street, London, EC2N 1HQ, United Kingdom.-->   <!-- Copyright (C) 2009 CEBS Secretariat Ltd., Tower 42, 25 Old Broad Street, London, EC2N 1HQ, United Kingdom. -->
<linkbase 
	xmlns="http://www.xbrl.org/2003/linkbase" 
	xmlns:xsi="http://www.w3.org/2001/XMLSchema-instance" 
	xmlns:xlink="http://www.w3.org/1999/xlink" 
	xsi:schemaLocation=" 
		http://www.xbrl.org/2003/linkbase http://www.xbrl.org/2003/xbrl-linkbase-2003-12-31.xsd">
  <labelLink xlink:type="extended" xlink:role="http://www.xbrl.org/2003/role/link">
    <loc xlink:type="locator" xlink:href="d-hh-2008-01-01.xsd#d-hh_AdimensionalItemsPlaceholder" xlink:label="d-hh_AdimensionalItemsPlaceholder" />
    <labelArc xlink:type="arc" xlink:arcrole="http://www.xbrl.org/2003/arcrole/concept-label" xlink:from="d-hh_AdimensionalItemsPlaceholder" xlink:to="d-hh_AdimensionalItemsPlaceholder_lbl" />
    <label id="label_AdimensionalItemsPlaceholder" xlink:type="resource" xlink:role="http://www.xbrl.org/2003/role/label" xlink:label="d-hh_AdimensionalItemsPlaceholder_lbl" xml:lang="en" xlink:title="label_AdimensionalItemsPlaceholder">Helper Adimensional Items Placeholder</label>
    <loc xlink:type="locator" xlink:href="d-hh-2008-01-01.xsd#d-hh_EmptyHypercube" xlink:label="d-hh_EmptyHypercube" />
    <labelArc xlink:type="arc" xlink:arcrole="http://www.xbrl.org/2003/arcrole/concept-label" xlink:from="d-hh_EmptyHypercube" xlink:to="d-hh_EmptyHypercube_lbl" />
    <label id="label_EmptyHypercube" xlink:type="resource" xlink:role="http://www.xbrl.org/2003/role/label" xlink:label="d-hh_EmptyHypercube_lbl" xml:lang="en" xlink:title="label_EmptyHypercube">Helper Empty (Hypercube)</label>
    <loc xlink:type="locator" xlink:href="d-hh-2008-01-01.xsd#d-hh_NullDimension" xlink:label="d-hh_NullDimension" />
    <labelArc xlink:type="arc" xlink:arcrole="http://www.xbrl.org/2003/arcrole/concept-label" xlink:from="d-hh_NullDimension" xlink:to="d-hh_NullDimension_lbl" />
    <label id="label_InvalidDimension" xlink:type="resource" xlink:role="http://www.xbrl.org/2003/role/label" xlink:label="d-hh_NullDimension_lbl" xml:lang="en" xlink:title="label_InvalidDimension">Helper Null (Dimension)</label>
    <loc xlink:type="locator" xlink:href="d-hh-2008-01-01.xsd#d-hh_ProhibitedItemsPlaceholder" xlink:label="d-hh_ProhibitedItemsPlaceholder" />
    <labelArc xlink:type="arc" xlink:arcrole="http://www.xbrl.org/2003/arcrole/concept-label" xlink:from="d-hh_ProhibitedItemsPlaceholder" xlink:to="d-hh_ProhibitedItemsPlaceholder_lbl" />
    <label id="label_ProhibitedItemsPlaceholder" xlink:type="resource" xlink:role="http://www.xbrl.org/2003/role/label" xlink:label="d-hh_ProhibitedItemsPlaceholder_lbl" xml:lang="en" xlink:title="label_ProhibitedItemsPlaceholder">Helper Prohibited Items Placeholder</label>
    <loc xlink:type="locator" xlink:href="d-hh-2008-01-01.xsd#d-hh_ProhibitingHypercube" xlink:label="d-hh_ProhibitingHypercube" />
    <labelArc xlink:type="arc" xlink:arcrole="http://www.xbrl.org/2003/arcrole/concept-label" xlink:from="d-hh_ProhibitingHypercube" xlink:to="d-hh_ProhibitingHypercube_lbl" />
    <label id="label_InvalidHypercube" xlink:type="resource" xlink:role="http://www.xbrl.org/2003/role/label" xlink:label="d-hh_ProhibitingHypercube_lbl" xml:lang="en" xlink:title="label_InvalidHypercube">Helper Prohibiting (Hypercube)</label>
  </labelLink>
</linkbase>