<?xml version="1.0" encoding="utf-8"?>
<?taxonomy-version 1.3.2?>
<!--Copyright (C) 2011 EBA - European Banking Authority, Tower 42, 25 Old Broad Street, London, EC2N 1HQ, United Kingdom.-->   <!-- Copyright (C) 2009 CEBS Secretariat Ltd., Tower 42, 25 Old Broad Street, London, EC2N 1HQ, United Kingdom. -->
<linkbase 
	xmlns="http://www.xbrl.org/2003/linkbase" 
	xmlns:xsi="http://www.w3.org/2001/XMLSchema-instance" 
	xmlns:xlink="http://www.w3.org/1999/xlink" 
	xmlns:ref="http://www.xbrl.org/2004/ref" 
	xsi:schemaLocation=" 
		http://www.xbrl.org/2003/linkbase http://www.xbrl.org/2003/xbrl-linkbase-2003-12-31.xsd 
		http://www.xbrl.org/2004/ref http://www.xbrl.org/2004/ref-2004-08-10.xsd">
  <referenceLink xlink:type="extended" xlink:role="http://www.xbrl.org/2003/role/link">
    <loc xlink:type="locator" xlink:href="d-hh-2008-01-01.xsd#d-hh_AdimensionalItemsPlaceholder" xlink:label="d-hh_AdimensionalItemsPlaceholder" />
    <referenceArc xlink:type="arc" xlink:arcrole="http://www.xbrl.org/2003/arcrole/concept-reference" xlink:from="d-hh_AdimensionalItemsPlaceholder" xlink:to="d-hh_AdimensionalItemsPlaceholder_ref" />
    <reference id="d-hh_AdimensionalItemsPlaceholder_ref_21" xlink:type="resource" xlink:role="http://www.xbrl.org/2003/role/reference" xlink:label="d-hh_AdimensionalItemsPlaceholder_ref">
      <ref:Name>CEBS-FINREP</ref:Name>
    </reference>
    <loc xlink:type="locator" xlink:href="d-hh-2008-01-01.xsd#d-hh_EmptyHypercube" xlink:label="d-hh_EmptyHypercube" />
    <referenceArc xlink:type="arc" xlink:arcrole="http://www.xbrl.org/2003/arcrole/concept-reference" xlink:from="d-hh_EmptyHypercube" xlink:to="d-hh_EmptyHypercube_ref" />
    <reference id="d-hh_EmptyHypercube_ref_28" xlink:type="resource" xlink:role="http://www.xbrl.org/2003/role/reference" xlink:label="d-hh_EmptyHypercube_ref">
      <ref:Name>CEBS-FINREP</ref:Name>
    </reference>
    <loc xlink:type="locator" xlink:href="d-hh-2008-01-01.xsd#d-hh_NullDimension" xlink:label="d-hh_NullDimension" />
    <referenceArc xlink:type="arc" xlink:arcrole="http://www.xbrl.org/2003/arcrole/concept-reference" xlink:from="d-hh_NullDimension" xlink:to="d-hh_NullDimension_ref" />
    <reference id="d-hh_NullDimension_ref_6" xlink:type="resource" xlink:role="http://www.xbrl.org/2003/role/reference" xlink:label="d-hh_NullDimension_ref">
      <ref:Name>CEBS-FINREP</ref:Name>
    </reference>
    <loc xlink:type="locator" xlink:href="d-hh-2008-01-01.xsd#d-hh_ProhibitedItemsPlaceholder" xlink:label="d-hh_ProhibitedItemsPlaceholder" />
    <referenceArc xlink:type="arc" xlink:arcrole="http://www.xbrl.org/2003/arcrole/concept-reference" xlink:from="d-hh_ProhibitedItemsPlaceholder" xlink:to="d-hh_ProhibitedItemsPlaceholder_ref" />
    <reference id="d-hh_ProhibitedItemsPlaceholder_ref_16" xlink:type="resource" xlink:role="http://www.xbrl.org/2003/role/reference" xlink:label="d-hh_ProhibitedItemsPlaceholder_ref">
      <ref:Name>CEBS-FINREP</ref:Name>
    </reference>
    <loc xlink:type="locator" xlink:href="d-hh-2008-01-01.xsd#d-hh_ProhibitingHypercube" xlink:label="d-hh_ProhibitingHypercube" />
    <referenceArc xlink:type="arc" xlink:arcrole="http://www.xbrl.org/2003/arcrole/concept-reference" xlink:from="d-hh_ProhibitingHypercube" xlink:to="d-hh_ProhibitingHypercube_ref" />
    <reference id="d-hh_ProhibitingHypercube_ref_33" xlink:type="resource" xlink:role="http://www.xbrl.org/2003/role/reference" xlink:label="d-hh_ProhibitingHypercube_ref">
      <ref:Name>CEBS-FINREP</ref:Name>
    </reference>
  </referenceLink>
</linkbase>