<?xml version="1.0" encoding="UTF-8"?>
<?taxonomy-version 1.3.2?>
<!--Copyright (C) 2011 EBA - European Banking Authority, Tower 42, 25 Old Broad Street, London, EC2N 1HQ, United Kingdom.-->   
<linkbase
	xmlns="http://www.xbrl.org/2003/linkbase"
	xmlns:xlink="http://www.w3.org/1999/xlink"
	xmlns:xsi="http://www.w3.org/2001/XMLSchema-instance"
	xsi:schemaLocation="http://www.xbrl.org/2003/linkbase http://www.xbrl.org/2003/xbrl-linkbase-2003-12-31.xsd">
  <labelLink xlink:type="extended" xlink:role="http://www.xbrl.org/2003/role/link">
    <loc xlink:type="locator" xlink:href="d-InvTypes-2008-01-01.xsd#d-InvTypes_InvestTypesDomain" xlink:label="InvestTypesDomain" xlink:title="InvestTypesDomain"/>
    <label xlink:type="resource" xlink:label="label_InvestTypesDomain" xlink:role="http://www.xbrl.org/2003/role/label" xlink:title="label_InvestTypesDomain" xml:lang="en" id="label_InvestTypesDomain">InvestTypes (Domain)</label>
    <labelArc xlink:type="arc" xlink:arcrole="http://www.xbrl.org/2003/arcrole/concept-label" xlink:from="InvestTypesDomain" xlink:to="label_InvestTypesDomain" xlink:title="label: InvestTypesDomain to label_InvestTypesDomain"/>
    <loc xlink:type="locator" xlink:href="d-InvTypes-2008-01-01.xsd#d-InvTypes_Associates" xlink:label="Associates" xlink:title="Associates"/>
    <label xlink:type="resource" xlink:label="label_Associates" xlink:role="http://www.xbrl.org/2003/role/label" xlink:title="label_Associates" xml:lang="en" id="label_Associates">Associates</label>
    <labelArc xlink:type="arc" xlink:arcrole="http://www.xbrl.org/2003/arcrole/concept-label" xlink:from="Associates" xlink:to="label_Associates" xlink:title="label: Associates to label_Associates"/>
    <loc xlink:type="locator" xlink:href="d-InvTypes-2008-01-01.xsd#d-InvTypes_SubsidiariesJointVentures" xlink:label="SubsidiariesJointVentures" xlink:title="SubsidiariesJointVentures"/>
    <label xlink:type="resource" xlink:label="label_SubsidiariesJointVentures" xlink:role="http://www.xbrl.org/2003/role/label" xlink:title="label_SubsidiariesJointVentures" xml:lang="en" id="label_SubsidiariesJointVentures">Subsidiaries and Joint Ventures</label>
    <labelArc xlink:type="arc" xlink:arcrole="http://www.xbrl.org/2003/arcrole/concept-label" xlink:from="SubsidiariesJointVentures" xlink:to="label_SubsidiariesJointVentures" xlink:title="label: SubsidiariesJointVentures to label_SubsidiariesJointVentures"/>
    <loc xlink:type="locator" xlink:href="d-InvTypes-2008-01-01.xsd#d-InvTypes_ByInvestTypesDimension" xlink:label="d-InvTypes_ByInvestTypesDimension" />
    <labelArc xlink:type="arc" xlink:arcrole="http://www.xbrl.org/2003/arcrole/concept-label" xlink:from="d-InvTypes_ByInvestTypesDimension" xlink:to="d-InvTypes_ByInvestTypesDimension_lbl" />
    <label xlink:type="resource" xlink:role="http://www.xbrl.org/2003/role/label" xlink:label="d-InvTypes_ByInvestTypesDimension_lbl" id="d-InvTypes_ByInvestTypesDimension_lbl_15" xml:lang="en">by Investment Types Dimension</label>
  </labelLink>
</linkbase>
