<?xml version="1.0" encoding="utf-8"?>
<?taxonomy-version 1.3.2?>
<!--Copyright (C) 2011 EBA - European Banking Authority, Tower 42, 25 Old Broad Street, London, EC2N 1HQ, United Kingdom.-->   
<linkbase
	xmlns="http://www.xbrl.org/2003/linkbase"
	xmlns:xsi="http://www.w3.org/2001/XMLSchema-instance"
	xmlns:xlink="http://www.w3.org/1999/xlink"
	xmlns:Portfolio="http://www.c-ebs.org/eu/fr/esrs/finrep/d-Portfolio/2008-01-01"
	xmlns:ref="http://www.xbrl.org/2004/ref"
	xsi:schemaLocation=" http://www.xbrl.org/2003/linkbase http://www.xbrl.org/2003/xbrl-linkbase-2003-12-31.xsd http://www.c-ebs.org/eu/fr/esrs/finrep/d-Portfolio/2008-01-01 d-Portfolio-2008-01-01.xsd http://www.xbrl.org/2004/ref http://www.xbrl.org/2004/ref-2004-08-10.xsd">
  <referenceLink xlink:type="extended" xlink:role="http://www.xbrl.org/2003/role/link">
    <loc xlink:type="locator" xlink:href="d-Portfolio-2008-01-01.xsd#d-Portfolio_HcPortfolioHypercube" xlink:label="d-Portfolio_HcPortfolioHypercube" />
    <referenceArc xlink:type="arc" xlink:arcrole="http://www.xbrl.org/2003/arcrole/concept-reference" xlink:from="d-Portfolio_HcPortfolioHypercube" xlink:to="d-Portfolio_HcPortfolioHypercube_ref" />
    <reference id="d-Portfolio_HcPortfolioHypercube_ref_88" xlink:type="resource" xlink:role="http://www.xbrl.org/2003/role/reference" xlink:label="d-Portfolio_HcPortfolioHypercube_ref">
      <ref:Name>CEBS-FINREP</ref:Name>
    </reference>
    <loc xlink:type="locator" xlink:href="d-Portfolio-2008-01-01.xsd#d-Portfolio_AvailableForSale" xlink:label="d-Portfolio_AvailableForSale" />
    <referenceArc xlink:type="arc" xlink:arcrole="http://www.xbrl.org/2003/arcrole/concept-reference" xlink:from="d-Portfolio_AvailableForSale" xlink:to="d-Portfolio_AvailableForSale_ref" />
    <reference xlink:type="resource" xlink:role="http://www.xbrl.org/2003/role/reference" xlink:label="d-Portfolio_AvailableForSale_ref" id="d-Portfolio_AvailableForSale_ref_6">
      <ref:Name>CEBS-FINREP</ref:Name>
    </reference>
    <loc xlink:type="locator" xlink:href="d-Portfolio-2008-01-01.xsd#d-Portfolio_DesignatedAsFairValueThroughProfitOrLoss" xlink:label="d-Portfolio_DesignatedAsFairValueThroughProfitOrLoss" />
    <referenceArc xlink:type="arc" xlink:arcrole="http://www.xbrl.org/2003/arcrole/concept-reference" xlink:from="d-Portfolio_DesignatedAsFairValueThroughProfitOrLoss" xlink:to="d-Portfolio_DesignatedAsFairValueThroughProfitOrLoss_ref" />
    <reference xlink:type="resource" xlink:role="http://www.xbrl.org/2003/role/reference" xlink:label="d-Portfolio_DesignatedAsFairValueThroughProfitOrLoss_ref" id="d-Portfolio_DesignatedAsFairValueThroughProfitOrLoss_ref_11">
      <ref:Name>CEBS-FINREP</ref:Name>
    </reference>
    <loc xlink:type="locator" xlink:href="d-Portfolio-2008-01-01.xsd#d-Portfolio_HeldForTrading" xlink:label="d-Portfolio_HeldForTrading" />
    <referenceArc xlink:type="arc" xlink:arcrole="http://www.xbrl.org/2003/arcrole/concept-reference" xlink:from="d-Portfolio_HeldForTrading" xlink:to="d-Portfolio_HeldForTrading_ref" />
    <reference xlink:type="resource" xlink:role="http://www.xbrl.org/2003/role/reference" xlink:label="d-Portfolio_HeldForTrading_ref" id="d-Portfolio_HeldForTrading_ref_16">
      <ref:Name>CEBS-FINREP</ref:Name>
    </reference>
    <loc xlink:type="locator" xlink:href="d-Portfolio-2008-01-01.xsd#d-Portfolio_HeldToMaturity" xlink:label="d-Portfolio_HeldToMaturity" />
    <referenceArc xlink:type="arc" xlink:arcrole="http://www.xbrl.org/2003/arcrole/concept-reference" xlink:from="d-Portfolio_HeldToMaturity" xlink:to="d-Portfolio_HeldToMaturity_ref" />
    <reference xlink:type="resource" xlink:role="http://www.xbrl.org/2003/role/reference" xlink:label="d-Portfolio_HeldToMaturity_ref" id="d-Portfolio_HeldToMaturity_ref_21">
      <ref:Name>CEBS-FINREP</ref:Name>
    </reference>
    <loc xlink:type="locator" xlink:href="d-Portfolio-2008-01-01.xsd#d-Portfolio_LoansAndReceivables" xlink:label="d-Portfolio_LoansAndReceivables" />
    <referenceArc xlink:type="arc" xlink:arcrole="http://www.xbrl.org/2003/arcrole/concept-reference" xlink:from="d-Portfolio_LoansAndReceivables" xlink:to="d-Portfolio_LoansAndReceivables_ref" />
    <reference xlink:type="resource" xlink:role="http://www.xbrl.org/2003/role/reference" xlink:label="d-Portfolio_LoansAndReceivables_ref" id="d-Portfolio_LoansAndReceivables_ref_26">
      <ref:Name>CEBS-FINREP</ref:Name>
    </reference>
    <loc xlink:type="locator" xlink:href="d-Portfolio-2008-01-01.xsd#d-Portfolio_PortfolioDomain" xlink:label="d-Portfolio_PortfolioDomain" />
    <referenceArc xlink:type="arc" xlink:arcrole="http://www.xbrl.org/2003/arcrole/concept-reference" xlink:from="d-Portfolio_PortfolioDomain" xlink:to="d-Portfolio_PortfolioDomain_ref" />
    <reference xlink:type="resource" xlink:role="http://www.xbrl.org/2003/role/reference" xlink:label="d-Portfolio_PortfolioDomain_ref" id="d-Portfolio_PortfolioDomain_ref_31">
      <ref:Name>CEBS-FINREP</ref:Name>
    </reference>
    <loc xlink:type="locator" xlink:href="d-Portfolio-2008-01-01.xsd#d-Portfolio_TotalPortfolios" xlink:label="d-Portfolio_TotalPortfolios" />
    <referenceArc xlink:type="arc" xlink:arcrole="http://www.xbrl.org/2003/arcrole/concept-reference" xlink:from="d-Portfolio_TotalPortfolios" xlink:to="d-Portfolio_TotalPortfolios_ref" />
    <reference xlink:type="resource" xlink:role="http://www.xbrl.org/2003/role/reference" xlink:label="d-Portfolio_TotalPortfolios_ref" id="d-Portfolio_TotalPortfolios_ref_36">
      <ref:Name>CEBS-FINREP</ref:Name>
    </reference>
    <loc xlink:type="locator" xlink:href="d-Portfolio-2008-01-01.xsd#d-Portfolio_ByPortfolioDimension" xlink:label="d-Portfolio_ByPortfolioDimension" />
    <referenceArc xlink:type="arc" xlink:arcrole="http://www.xbrl.org/2003/arcrole/concept-reference" xlink:from="d-Portfolio_ByPortfolioDimension" xlink:to="d-Portfolio_ByPortfolioDimension_ref" />
    <reference xlink:type="resource" xlink:role="http://www.xbrl.org/2003/role/reference" xlink:label="d-Portfolio_ByPortfolioDimension_ref" id="d-Portfolio_ByPortfolioDimension_ref_41">
      <ref:Name>CEBS-FINREP</ref:Name>
    </reference>
  </referenceLink>
</linkbase>