<?xml version="1.0" encoding="utf-8"?>
<?taxonomy-version 1.3.2?>
<!--Copyright (C) 2011 EBA - European Banking Authority, Tower 42, 25 Old Broad Street, London, EC2N 1HQ, United Kingdom.-->   
<linkbase
	xmlns="http://www.xbrl.org/2003/linkbase"
	xmlns:xsi="http://www.w3.org/2001/XMLSchema-instance"
	xmlns:xlink="http://www.w3.org/1999/xlink"
	xsi:schemaLocation=" http://www.xbrl.org/2003/linkbase http://www.xbrl.org/2003/xbrl-linkbase-2003-12-31.xsd">
  <labelLink xlink:type="extended" xlink:role="http://www.xbrl.org/2003/role/link">
    <loc xlink:type="locator" xlink:href="d-Portfolio-2008-01-01.xsd#d-Portfolio_HcPortfolioHypercube" xlink:label="d-Portfolio_HcPortfolioHypercube" />
    <labelArc xlink:type="arc" xlink:arcrole="http://www.xbrl.org/2003/arcrole/concept-label" xlink:from="d-Portfolio_HcPortfolioHypercube" xlink:to="d-Portfolio_HcPortfolioHypercube_lbl" />
    <label id="d-Portfolio_HcPortfolioHypercube_lbl_58" xlink:type="resource" xlink:role="http://www.xbrl.org/2003/role/label" xlink:label="d-Portfolio_HcPortfolioHypercube_lbl" xml:lang="en">Portfolio Hypercube</label>
    <loc xlink:type="locator" xlink:href="d-Portfolio-2008-01-01.xsd#d-Portfolio_AvailableForSale" xlink:label="d-Portfolio_AvailableForSale" />
    <labelArc xlink:type="arc" xlink:arcrole="http://www.xbrl.org/2003/arcrole/concept-label" xlink:from="d-Portfolio_AvailableForSale" xlink:to="d-Portfolio_AvailableForSale_lbl" />
    <label xlink:type="resource" xlink:role="http://www.xbrl.org/2003/role/label" xlink:label="d-Portfolio_AvailableForSale_lbl" id="d-Portfolio_AvailableForSale_lbl_6" xml:lang="en">Available-for-Sale</label>
    <loc xlink:type="locator" xlink:href="d-Portfolio-2008-01-01.xsd#d-Portfolio_DesignatedAsFairValueThroughProfitOrLoss" xlink:label="d-Portfolio_DesignatedAsFairValueThroughProfitOrLoss" />
    <labelArc xlink:type="arc" xlink:arcrole="http://www.xbrl.org/2003/arcrole/concept-label" xlink:from="d-Portfolio_DesignatedAsFairValueThroughProfitOrLoss" xlink:to="d-Portfolio_DesignatedAsFairValueThroughProfitOrLoss_lbl" />
    <label xlink:type="resource" xlink:role="http://www.xbrl.org/2003/role/label" xlink:label="d-Portfolio_DesignatedAsFairValueThroughProfitOrLoss_lbl" id="d-Portfolio_DesignatedAsFairValueThroughProfitOrLoss_lbl_9" xml:lang="en">Designated as Fair Value Through Profit or Loss</label>
    <loc xlink:type="locator" xlink:href="d-Portfolio-2008-01-01.xsd#d-Portfolio_HeldForTrading" xlink:label="d-Portfolio_HeldForTrading" />
    <labelArc xlink:type="arc" xlink:arcrole="http://www.xbrl.org/2003/arcrole/concept-label" xlink:from="d-Portfolio_HeldForTrading" xlink:to="d-Portfolio_HeldForTrading_lbl" />
    <label xlink:type="resource" xlink:role="http://www.xbrl.org/2003/role/label" xlink:label="d-Portfolio_HeldForTrading_lbl" id="d-Portfolio_HeldForTrading_lbl_12" xml:lang="en">Held for Trading</label>
    <loc xlink:type="locator" xlink:href="d-Portfolio-2008-01-01.xsd#d-Portfolio_HeldToMaturity" xlink:label="d-Portfolio_HeldToMaturity" />
    <labelArc xlink:type="arc" xlink:arcrole="http://www.xbrl.org/2003/arcrole/concept-label" xlink:from="d-Portfolio_HeldToMaturity" xlink:to="d-Portfolio_HeldToMaturity_lbl" />
    <label xlink:type="resource" xlink:role="http://www.xbrl.org/2003/role/label" xlink:label="d-Portfolio_HeldToMaturity_lbl" id="d-Portfolio_HeldToMaturity_lbl_15" xml:lang="en">Held-to-Maturity</label>
    <loc xlink:type="locator" xlink:href="d-Portfolio-2008-01-01.xsd#d-Portfolio_LoansAndReceivables" xlink:label="d-Portfolio_LoansAndReceivables" />
    <labelArc xlink:type="arc" xlink:arcrole="http://www.xbrl.org/2003/arcrole/concept-label" xlink:from="d-Portfolio_LoansAndReceivables" xlink:to="d-Portfolio_LoansAndReceivables_lbl" />
    <label xlink:type="resource" xlink:role="http://www.xbrl.org/2003/role/label" xlink:label="d-Portfolio_LoansAndReceivables_lbl" id="d-Portfolio_LoansAndReceivables_lbl_18" xml:lang="en">Loans and Receivables</label>
    <loc xlink:type="locator" xlink:href="d-Portfolio-2008-01-01.xsd#d-Portfolio_PortfolioDomain" xlink:label="d-Portfolio_PortfolioDomain" />
    <labelArc xlink:type="arc" xlink:arcrole="http://www.xbrl.org/2003/arcrole/concept-label" xlink:from="d-Portfolio_PortfolioDomain" xlink:to="d-Portfolio_PortfolioDomain_lbl" />
    <label xlink:type="resource" xlink:role="http://www.xbrl.org/2003/role/label" xlink:label="d-Portfolio_PortfolioDomain_lbl" id="d-Portfolio_PortfolioDomain_lbl_21" xml:lang="en">Portfolio (Domain)</label>
    <loc xlink:type="locator" xlink:href="d-Portfolio-2008-01-01.xsd#d-Portfolio_TotalPortfolios" xlink:label="d-Portfolio_TotalPortfolios" />
    <labelArc xlink:type="arc" xlink:arcrole="http://www.xbrl.org/2003/arcrole/concept-label" xlink:from="d-Portfolio_TotalPortfolios" xlink:to="d-Portfolio_TotalPortfolios_lbl" />
    <label xlink:type="resource" xlink:role="http://www.xbrl.org/2003/role/label" xlink:label="d-Portfolio_TotalPortfolios_lbl" id="d-Portfolio_TotalPortfolios_lbl_24" xml:lang="en">Total Portfolios</label>
    <loc xlink:type="locator" xlink:href="d-Portfolio-2008-01-01.xsd#d-Portfolio_ByPortfolioDimension" xlink:label="d-Portfolio_ByPortfolioDimension" />
    <labelArc xlink:type="arc" xlink:arcrole="http://www.xbrl.org/2003/arcrole/concept-label" xlink:from="d-Portfolio_ByPortfolioDimension" xlink:to="d-Portfolio_ByPortfolioDimension_lbl" />
    <label xlink:type="resource" xlink:role="http://www.xbrl.org/2003/role/label" xlink:label="d-Portfolio_ByPortfolioDimension_lbl" id="d-Portfolio_ByPortfolioDimension_lbl_27" xml:lang="en">by Portfolio Dimension</label>
  </labelLink>
</linkbase>