<?xml version="1.0" encoding="utf-8"?>
<?taxonomy-version 1.3.2?>
<!--Copyright (C) 2011 EBA - European Banking Authority, Tower 42, 25 Old Broad Street, London, EC2N 1HQ, United Kingdom.-->   
<linkbase 
	xmlns="http://www.xbrl.org/2003/linkbase" 
	xmlns:xbrldt="http://xbrl.org/2005/xbrldt" 
	xmlns:xsi="http://www.w3.org/2001/XMLSchema-instance" 
	xmlns:xlink="http://www.w3.org/1999/xlink" 
	xsi:schemaLocation=" 
		http://www.xbrl.org/2003/linkbase http://www.xbrl.org/2003/xbrl-linkbase-2003-12-31.xsd">
  <roleRef xlink:type="simple" xlink:href="d-FINREP-rol-2008-01-01.xsd#DimensionDefault" roleURI="http://www.c-ebs.org/eu/fr/esrs/finrep/2008-01-01/role/DimensionDefault" />
  <roleRef xlink:type="simple" xlink:href="d-Portfolio-2008-01-01.xsd#HcPortfolioHypercube" roleURI="http://www.c-ebs.org/eu/fr/esrs/finrep/2008-01-01/role/HcPortfolioHypercube" />
  <arcroleRef xlink:type="simple" xlink:href="http://www.xbrl.org/2005/xbrldt-2005.xsd#all" arcroleURI="http://xbrl.org/int/dim/arcrole/all" />
  <arcroleRef xlink:type="simple" xlink:href="http://www.xbrl.org/2005/xbrldt-2005.xsd#notAll" arcroleURI="http://xbrl.org/int/dim/arcrole/notAll" />
  <arcroleRef xlink:type="simple" xlink:href="http://www.xbrl.org/2005/xbrldt-2005.xsd#domain-member" arcroleURI="http://xbrl.org/int/dim/arcrole/domain-member" />
  <arcroleRef xlink:type="simple" xlink:href="http://www.xbrl.org/2005/xbrldt-2005.xsd#hypercube-dimension" arcroleURI="http://xbrl.org/int/dim/arcrole/hypercube-dimension" />
  <arcroleRef xlink:type="simple" xlink:href="http://www.xbrl.org/2005/xbrldt-2005.xsd#dimension-domain" arcroleURI="http://xbrl.org/int/dim/arcrole/dimension-domain" />
  <arcroleRef xlink:type="simple" xlink:href="http://www.xbrl.org/2005/xbrldt-2005.xsd#dimension-default" arcroleURI="http://xbrl.org/int/dim/arcrole/dimension-default" />  <definitionLink xlink:type="extended" xlink:role="http://www.xbrl.org/2003/role/link">
    <loc xlink:type="locator" xlink:href="d-Portfolio-2008-01-01.xsd#d-Portfolio_PortfolioDomain" xlink:label="d-Portfolio_PortfolioDomain" />
    <loc xlink:type="locator" xlink:href="d-Portfolio-2008-01-01.xsd#d-Portfolio_TotalPortfolios" xlink:label="d-Portfolio_TotalPortfolios" />
    <definitionArc xlink:type="arc" xlink:arcrole="http://xbrl.org/int/dim/arcrole/domain-member" xlink:from="d-Portfolio_PortfolioDomain" xlink:to="d-Portfolio_TotalPortfolios" order="1" use="optional" />
    <loc xlink:type="locator" xlink:href="d-Portfolio-2008-01-01.xsd#d-Portfolio_HeldForTrading" xlink:label="d-Portfolio_HeldForTrading" />
    <definitionArc xlink:type="arc" xlink:arcrole="http://xbrl.org/int/dim/arcrole/domain-member" xlink:from="d-Portfolio_TotalPortfolios" xlink:to="d-Portfolio_HeldForTrading" order="1" use="optional" />
    <loc xlink:type="locator" xlink:href="d-Portfolio-2008-01-01.xsd#d-Portfolio_DesignatedAsFairValueThroughProfitOrLoss" xlink:label="d-Portfolio_DesignatedAsFairValueThroughProfitOrLoss" />
    <definitionArc xlink:type="arc" xlink:arcrole="http://xbrl.org/int/dim/arcrole/domain-member" xlink:from="d-Portfolio_TotalPortfolios" xlink:to="d-Portfolio_DesignatedAsFairValueThroughProfitOrLoss" order="2" use="optional" />
    <loc xlink:type="locator" xlink:href="d-Portfolio-2008-01-01.xsd#d-Portfolio_AvailableForSale" xlink:label="d-Portfolio_AvailableForSale" />
    <definitionArc xlink:type="arc" xlink:arcrole="http://xbrl.org/int/dim/arcrole/domain-member" xlink:from="d-Portfolio_TotalPortfolios" xlink:to="d-Portfolio_AvailableForSale" order="3" use="optional" />
    <loc xlink:type="locator" xlink:href="d-Portfolio-2008-01-01.xsd#d-Portfolio_LoansAndReceivables" xlink:label="d-Portfolio_LoansAndReceivables" />
    <definitionArc xlink:type="arc" xlink:arcrole="http://xbrl.org/int/dim/arcrole/domain-member" xlink:from="d-Portfolio_TotalPortfolios" xlink:to="d-Portfolio_LoansAndReceivables" order="4" use="optional" />
    <loc xlink:type="locator" xlink:href="d-Portfolio-2008-01-01.xsd#d-Portfolio_HeldToMaturity" xlink:label="d-Portfolio_HeldToMaturity" />
    <definitionArc xlink:type="arc" xlink:arcrole="http://xbrl.org/int/dim/arcrole/domain-member" xlink:from="d-Portfolio_TotalPortfolios" xlink:to="d-Portfolio_HeldToMaturity" order="5" use="optional" />
  </definitionLink>
  <definitionLink xlink:type="extended" xlink:role="http://www.c-ebs.org/eu/fr/esrs/finrep/2008-01-01/role/HcPortfolioHypercube">
    <loc xlink:type="locator" xlink:href="d-Portfolio-2008-01-01.xsd#d-Portfolio_HcPortfolioHypercube" xlink:label="d-Portfolio_HcPortfolioHypercube" />
    <loc xlink:type="locator" xlink:href="d-Portfolio-2008-01-01.xsd#d-Portfolio_ByPortfolioDimension" xlink:label="d-Portfolio_ByPortfolioDimension" />
    <definitionArc xlink:type="arc" xlink:arcrole="http://xbrl.org/int/dim/arcrole/hypercube-dimension" xlink:from="d-Portfolio_HcPortfolioHypercube" xlink:to="d-Portfolio_ByPortfolioDimension" order="1" use="optional" />
    <loc xlink:type="locator" xlink:href="d-Portfolio-2008-01-01.xsd#d-Portfolio_PortfolioDomain" xlink:label="d-Portfolio_PortfolioDomain" />
    <definitionArc xlink:type="arc" xlink:arcrole="http://xbrl.org/int/dim/arcrole/dimension-domain" xlink:from="d-Portfolio_ByPortfolioDimension" xlink:to="d-Portfolio_PortfolioDomain" order="1" use="optional" xbrldt:targetRole="http://www.xbrl.org/2003/role/link" xbrldt:usable="false" />
  </definitionLink>
  <definitionLink xlink:type="extended" xlink:role="http://www.c-ebs.org/eu/fr/esrs/finrep/2008-01-01/role/DimensionDefault">
    <loc xlink:type="locator" xlink:href="d-Portfolio-2008-01-01.xsd#d-Portfolio_ByPortfolioDimension" xlink:label="d-Portfolio_ByPortfolioDimension" />
    <loc xlink:type="locator" xlink:href="d-Portfolio-2008-01-01.xsd#d-Portfolio_TotalPortfolios" xlink:label="d-Portfolio_TotalPortfolios" />
    <definitionArc xlink:type="arc" xlink:arcrole="http://xbrl.org/int/dim/arcrole/dimension-default" xlink:from="d-Portfolio_ByPortfolioDimension" xlink:to="d-Portfolio_TotalPortfolios" order="1" use="optional" />
  </definitionLink>
</linkbase>