<?xml version="1.0" encoding="utf-8"?>
<?taxonomy-version 1.3.2?>
<!--Copyright (C) 2011 EBA - European Banking Authority, Tower 42, 25 Old Broad Street, London, EC2N 1HQ, United Kingdom.-->   
<linkbase
	xmlns="http://www.xbrl.org/2003/linkbase"
	xmlns:xsi="http://www.w3.org/2001/XMLSchema-instance"
	xmlns:xlink="http://www.w3.org/1999/xlink"
	xsi:schemaLocation=" http://www.xbrl.org/2003/linkbase http://www.xbrl.org/2003/xbrl-linkbase-2003-12-31.xsd">
  <roleRef xlink:type="simple" xlink:href="d-Portfolio-2008-01-01.xsd#Portfolio" roleURI="http://www.c-ebs.org/eu/fr/esrs/finrep/2008-01-01/role/Portfolio" />
  <presentationLink xlink:type="extended" xlink:role="http://www.c-ebs.org/eu/fr/esrs/finrep/2008-01-01/role/Portfolio">
    <loc xlink:type="locator" xlink:href="d-Portfolio-2008-01-01.xsd#d-Portfolio_PortfolioDomain" xlink:label="d-Portfolio_PortfolioDomain" />
    <loc xlink:type="locator" xlink:href="d-Portfolio-2008-01-01.xsd#d-Portfolio_TotalPortfolios" xlink:label="d-Portfolio_TotalPortfolios" />
    <presentationArc xlink:type="arc" xlink:arcrole="http://www.xbrl.org/2003/arcrole/parent-child" xlink:from="d-Portfolio_PortfolioDomain" xlink:to="d-Portfolio_TotalPortfolios" order="1" use="optional" />
    <loc xlink:type="locator" xlink:href="d-Portfolio-2008-01-01.xsd#d-Portfolio_HeldForTrading" xlink:label="d-Portfolio_HeldForTrading" />
    <presentationArc xlink:type="arc" xlink:arcrole="http://www.xbrl.org/2003/arcrole/parent-child" xlink:from="d-Portfolio_TotalPortfolios" xlink:to="d-Portfolio_HeldForTrading" order="1" use="optional" />
    <loc xlink:type="locator" xlink:href="d-Portfolio-2008-01-01.xsd#d-Portfolio_DesignatedAsFairValueThroughProfitOrLoss" xlink:label="d-Portfolio_DesignatedAsFairValueThroughProfitOrLoss" />
    <presentationArc xlink:type="arc" xlink:arcrole="http://www.xbrl.org/2003/arcrole/parent-child" xlink:from="d-Portfolio_TotalPortfolios" xlink:to="d-Portfolio_DesignatedAsFairValueThroughProfitOrLoss" order="2" use="optional" />
    <loc xlink:type="locator" xlink:href="d-Portfolio-2008-01-01.xsd#d-Portfolio_AvailableForSale" xlink:label="d-Portfolio_AvailableForSale" />
    <presentationArc xlink:type="arc" xlink:arcrole="http://www.xbrl.org/2003/arcrole/parent-child" xlink:from="d-Portfolio_TotalPortfolios" xlink:to="d-Portfolio_AvailableForSale" order="3" use="optional" />
    <loc xlink:type="locator" xlink:href="d-Portfolio-2008-01-01.xsd#d-Portfolio_LoansAndReceivables" xlink:label="d-Portfolio_LoansAndReceivables" />
    <presentationArc xlink:type="arc" xlink:arcrole="http://www.xbrl.org/2003/arcrole/parent-child" xlink:from="d-Portfolio_TotalPortfolios" xlink:to="d-Portfolio_LoansAndReceivables" order="4" use="optional" />
    <loc xlink:type="locator" xlink:href="d-Portfolio-2008-01-01.xsd#d-Portfolio_HeldToMaturity" xlink:label="d-Portfolio_HeldToMaturity" />
    <presentationArc xlink:type="arc" xlink:arcrole="http://www.xbrl.org/2003/arcrole/parent-child" xlink:from="d-Portfolio_TotalPortfolios" xlink:to="d-Portfolio_HeldToMaturity" order="5" use="optional" />
  </presentationLink>
</linkbase>