<?xml version="1.0" encoding="utf-8"?>
<?taxonomy-version 1.3.2?>
<!--Copyright (C) 2011 EBA - European Banking Authority, Tower 42, 25 Old Broad Street, London, EC2N 1HQ, United Kingdom.-->   
<linkbase
	xmlns="http://www.xbrl.org/2003/linkbase"
	xmlns:xsi="http://www.w3.org/2001/XMLSchema-instance"
	xmlns:xlink="http://www.w3.org/1999/xlink"
	xsi:schemaLocation=" http://www.xbrl.org/2003/linkbase http://www.xbrl.org/2003/xbrl-linkbase-2003-12-31.xsd">
  <roleRef xlink:type="simple" xlink:href="d-RelatParts-2008-01-01.xsd#Relatedparties" roleURI="http://www.c-ebs.org/eu/fr/esrs/finrep/2008-01-01/role/Relatedparties" />
  <presentationLink xlink:type="extended" xlink:role="http://www.c-ebs.org/eu/fr/esrs/finrep/2008-01-01/role/Relatedparties">
    <loc xlink:type="locator" xlink:href="d-RelatParts-2008-01-01.xsd#d-RelatParts_RelatedPartsDomain" xlink:label="d-RelatParts_RelatedPartsDomain" />
    <loc xlink:type="locator" xlink:href="d-RelatParts-2008-01-01.xsd#d-RelatParts_TotalRelatedParties" xlink:label="d-RelatParts_TotalRelatedParties" />
    <presentationArc xlink:type="arc" xlink:arcrole="http://www.xbrl.org/2003/arcrole/parent-child" xlink:from="d-RelatParts_RelatedPartsDomain" xlink:to="d-RelatParts_TotalRelatedParties" order="1" use="optional" />
    <loc xlink:type="locator" xlink:href="d-RelatParts-2008-01-01.xsd#d-RelatParts_Parent" xlink:label="d-RelatParts_Parent" />
    <presentationArc xlink:type="arc" xlink:arcrole="http://www.xbrl.org/2003/arcrole/parent-child" xlink:from="d-RelatParts_TotalRelatedParties" xlink:to="d-RelatParts_Parent" order="1" use="optional" />
    <loc xlink:type="locator" xlink:href="d-RelatParts-2008-01-01.xsd#d-RelatParts_ParentEntitiesWithJointControl" xlink:label="d-RelatParts_ParentEntitiesWithJointControl" />
    <presentationArc xlink:type="arc" xlink:arcrole="http://www.xbrl.org/2003/arcrole/parent-child" xlink:from="d-RelatParts_TotalRelatedParties" xlink:to="d-RelatParts_ParentEntitiesWithJointControl" order="2" use="optional" />
    <loc xlink:type="locator" xlink:href="d-RelatParts-2008-01-01.xsd#d-RelatParts_Subsidiaries" xlink:label="d-RelatParts_Subsidiaries" />
    <presentationArc xlink:type="arc" xlink:arcrole="http://www.xbrl.org/2003/arcrole/parent-child" xlink:from="d-RelatParts_TotalRelatedParties" xlink:to="d-RelatParts_Subsidiaries" order="3" use="optional" />
    <loc xlink:type="locator" xlink:href="d-RelatParts-2008-01-01.xsd#d-RelatParts_Associates" xlink:label="d-RelatParts_Associates" />
    <presentationArc xlink:type="arc" xlink:arcrole="http://www.xbrl.org/2003/arcrole/parent-child" xlink:from="d-RelatParts_TotalRelatedParties" xlink:to="d-RelatParts_Associates" order="4" use="optional" />
    <loc xlink:type="locator" xlink:href="d-RelatParts-2008-01-01.xsd#d-RelatParts_JointVenturesWhereEntityVenturer" xlink:label="d-RelatParts_JointVenturesWhereEntityVenturer" />
    <presentationArc xlink:type="arc" xlink:arcrole="http://www.xbrl.org/2003/arcrole/parent-child" xlink:from="d-RelatParts_TotalRelatedParties" xlink:to="d-RelatParts_JointVenturesWhereEntityVenturer" order="5" use="optional" />
    <loc xlink:type="locator" xlink:href="d-RelatParts-2008-01-01.xsd#d-RelatParts_KeyManagementEntityOrItsParent" xlink:label="d-RelatParts_KeyManagementEntityOrItsParent" />
    <presentationArc xlink:type="arc" xlink:arcrole="http://www.xbrl.org/2003/arcrole/parent-child" xlink:from="d-RelatParts_TotalRelatedParties" xlink:to="d-RelatParts_KeyManagementEntityOrItsParent" order="6" use="optional" />
    <loc xlink:type="locator" xlink:href="d-RelatParts-2008-01-01.xsd#d-RelatParts_OtherRelatedParties" xlink:label="d-RelatParts_OtherRelatedParties" />
    <presentationArc xlink:type="arc" xlink:arcrole="http://www.xbrl.org/2003/arcrole/parent-child" xlink:from="d-RelatParts_TotalRelatedParties" xlink:to="d-RelatParts_OtherRelatedParties" order="7" use="optional" />
  </presentationLink>
</linkbase>