<?xml version="1.0" encoding="utf-8"?>
<?taxonomy-version 1.3.2?>
<!--Copyright (C) 2011 EBA - European Banking Authority, Tower 42, 25 Old Broad Street, London, EC2N 1HQ, United Kingdom.-->   
<linkbase
	xmlns="http://www.xbrl.org/2003/linkbase"
	xmlns:xbrldt="http://xbrl.org/2005/xbrldt" 
	xmlns:xsi="http://www.w3.org/2001/XMLSchema-instance"
	xmlns:xlink="http://www.w3.org/1999/xlink"
	xsi:schemaLocation=" 
		http://www.xbrl.org/2003/linkbase http://www.xbrl.org/2003/xbrl-linkbase-2003-12-31.xsd">
  <arcroleRef xlink:type="simple" xlink:href="http://www.xbrl.org/2005/xbrldt-2005.xsd#all" arcroleURI="http://xbrl.org/int/dim/arcrole/all" />
  <arcroleRef xlink:type="simple" xlink:href="http://www.xbrl.org/2005/xbrldt-2005.xsd#notAll" arcroleURI="http://xbrl.org/int/dim/arcrole/notAll" />
  <arcroleRef xlink:type="simple" xlink:href="http://www.xbrl.org/2005/xbrldt-2005.xsd#domain-member" arcroleURI="http://xbrl.org/int/dim/arcrole/domain-member" />
  <arcroleRef xlink:type="simple" xlink:href="http://www.xbrl.org/2005/xbrldt-2005.xsd#hypercube-dimension" arcroleURI="http://xbrl.org/int/dim/arcrole/hypercube-dimension" />
  <arcroleRef xlink:type="simple" xlink:href="http://www.xbrl.org/2005/xbrldt-2005.xsd#dimension-domain" arcroleURI="http://xbrl.org/int/dim/arcrole/dimension-domain" />
  <arcroleRef xlink:type="simple" xlink:href="http://www.xbrl.org/2005/xbrldt-2005.xsd#dimension-default" arcroleURI="http://xbrl.org/int/dim/arcrole/dimension-default" />
  <roleRef xlink:type="simple" xlink:href="d-RelatParts-2008-01-01.xsd#HcRelatedPartiesHypercube" roleURI="http://www.c-ebs.org/eu/fr/esrs/finrep/2008-01-01/role/HcRelatedPartiesHypercube" />
  <definitionLink xlink:type="extended" xlink:role="http://www.xbrl.org/2003/role/link">
    <loc xlink:type="locator" xlink:href="d-RelatParts-2008-01-01.xsd#d-RelatParts_RelatedPartsDomain" xlink:label="d-RelatParts_RelatedPartsDomain" />
    <loc xlink:type="locator" xlink:href="d-RelatParts-2008-01-01.xsd#d-RelatParts_TotalRelatedParties" xlink:label="d-RelatParts_TotalRelatedParties" />
    <definitionArc xlink:type="arc" xlink:arcrole="http://xbrl.org/int/dim/arcrole/domain-member" xlink:from="d-RelatParts_RelatedPartsDomain" xlink:to="d-RelatParts_TotalRelatedParties" order="1" use="optional" />
    <loc xlink:type="locator" xlink:href="d-RelatParts-2008-01-01.xsd#d-RelatParts_Parent" xlink:label="d-RelatParts_Parent" />
    <definitionArc xlink:type="arc" xlink:arcrole="http://xbrl.org/int/dim/arcrole/domain-member" xlink:from="d-RelatParts_TotalRelatedParties" xlink:to="d-RelatParts_Parent" order="1" use="optional" />
    <loc xlink:type="locator" xlink:href="d-RelatParts-2008-01-01.xsd#d-RelatParts_ParentEntitiesWithJointControl" xlink:label="d-RelatParts_ParentEntitiesWithJointControl" />
    <definitionArc xlink:type="arc" xlink:arcrole="http://xbrl.org/int/dim/arcrole/domain-member" xlink:from="d-RelatParts_TotalRelatedParties" xlink:to="d-RelatParts_ParentEntitiesWithJointControl" order="2" use="optional" />
    <loc xlink:type="locator" xlink:href="d-RelatParts-2008-01-01.xsd#d-RelatParts_Subsidiaries" xlink:label="d-RelatParts_Subsidiaries" />
    <definitionArc xlink:type="arc" xlink:arcrole="http://xbrl.org/int/dim/arcrole/domain-member" xlink:from="d-RelatParts_TotalRelatedParties" xlink:to="d-RelatParts_Subsidiaries" order="3" use="optional" />
    <loc xlink:type="locator" xlink:href="d-RelatParts-2008-01-01.xsd#d-RelatParts_Associates" xlink:label="d-RelatParts_Associates" />
    <definitionArc xlink:type="arc" xlink:arcrole="http://xbrl.org/int/dim/arcrole/domain-member" xlink:from="d-RelatParts_TotalRelatedParties" xlink:to="d-RelatParts_Associates" order="4" use="optional" />
    <loc xlink:type="locator" xlink:href="d-RelatParts-2008-01-01.xsd#d-RelatParts_JointVenturesWhereEntityVenturer" xlink:label="d-RelatParts_JointVenturesWhereEntityVenturer" />
    <definitionArc xlink:type="arc" xlink:arcrole="http://xbrl.org/int/dim/arcrole/domain-member" xlink:from="d-RelatParts_TotalRelatedParties" xlink:to="d-RelatParts_JointVenturesWhereEntityVenturer" order="5" use="optional" />
    <loc xlink:type="locator" xlink:href="d-RelatParts-2008-01-01.xsd#d-RelatParts_KeyManagementEntityOrItsParent" xlink:label="d-RelatParts_KeyManagementEntityOrItsParent" />
    <definitionArc xlink:type="arc" xlink:arcrole="http://xbrl.org/int/dim/arcrole/domain-member" xlink:from="d-RelatParts_TotalRelatedParties" xlink:to="d-RelatParts_KeyManagementEntityOrItsParent" order="6" use="optional" />
    <loc xlink:type="locator" xlink:href="d-RelatParts-2008-01-01.xsd#d-RelatParts_OtherRelatedParties" xlink:label="d-RelatParts_OtherRelatedParties" />
    <definitionArc xlink:type="arc" xlink:arcrole="http://xbrl.org/int/dim/arcrole/domain-member" xlink:from="d-RelatParts_TotalRelatedParties" xlink:to="d-RelatParts_OtherRelatedParties" order="7" use="optional" />
  </definitionLink>
  <definitionLink xlink:type="extended" xlink:role="http://www.c-ebs.org/eu/fr/esrs/finrep/2008-01-01/role/HcRelatedPartiesHypercube">
    <loc xlink:type="locator" xlink:href="d-RelatParts-2008-01-01.xsd#d-RelatParts_HcRelatedPartiesHypercube" xlink:label="d-RelatParts_HcRelatedPartiesHypercube" />
    <loc xlink:type="locator" xlink:href="d-RelatParts-2008-01-01.xsd#d-RelatParts_ByRelatedPartiesDimension" xlink:label="d-RelatParts_ByRelatedPartiesDimension" />
    <definitionArc xlink:type="arc" xlink:arcrole="http://xbrl.org/int/dim/arcrole/hypercube-dimension" xlink:from="d-RelatParts_HcRelatedPartiesHypercube" xlink:to="d-RelatParts_ByRelatedPartiesDimension" order="1" use="optional" />
    <loc xlink:type="locator" xlink:href="d-RelatParts-2008-01-01.xsd#d-RelatParts_RelatedPartsDomain" xlink:label="d-RelatParts_RelatedPartsDomain" />
    <definitionArc xlink:type="arc" xlink:arcrole="http://xbrl.org/int/dim/arcrole/dimension-domain" xlink:from="d-RelatParts_ByRelatedPartiesDimension" xlink:to="d-RelatParts_RelatedPartsDomain" order="1" use="optional" xbrldt:targetRole="http://www.xbrl.org/2003/role/link" xbrldt:usable="false" />
  </definitionLink>
</linkbase>