<?xml version="1.0" encoding="utf-8"?>
<?taxonomy-version 1.3.2?>
<!--Copyright (C) 2011 EBA - European Banking Authority, Tower 42, 25 Old Broad Street, London, EC2N 1HQ, United Kingdom.-->   
 <linkbase
	xmlns="http://www.xbrl.org/2003/linkbase"
	xmlns:xsi="http://www.w3.org/2001/XMLSchema-instance"
	xmlns:xlink="http://www.w3.org/1999/xlink"
	xmlns:RelatedParts="http://www.c-ebs.org/eu/fr/esrs/finrep/d-RelatParts/2008-01-01"
	xmlns:ref="http://www.xbrl.org/2004/ref"
	xsi:schemaLocation=" http://www.xbrl.org/2003/linkbase http://www.xbrl.org/2003/xbrl-linkbase-2003-12-31.xsd http://www.c-ebs.org/eu/fr/esrs/finrep/d-RelatParts/2008-01-01 d-RelatParts-2008-01-01.xsd http://www.xbrl.org/2004/ref http://www.xbrl.org/2004/ref-2004-08-10.xsd">
  <referenceLink xlink:type="extended" xlink:role="http://www.xbrl.org/2003/role/link">
    <loc xlink:type="locator" xlink:href="d-RelatParts-2008-01-01.xsd#d-RelatParts_HcRelatedPartiesHypercube" xlink:label="d-RelatParts_HcRelatedPartiesHypercube" />
    <referenceArc xlink:type="arc" xlink:arcrole="http://www.xbrl.org/2003/arcrole/concept-reference" xlink:from="d-RelatParts_HcRelatedPartiesHypercube" xlink:to="d-RelatParts_HcRelatedPartiesHypercube_ref" />
    <reference id="d-RelatParts_HcRelatedPartiesHypercube_ref_93" xlink:type="resource" xlink:role="http://www.xbrl.org/2003/role/reference" xlink:label="d-RelatParts_HcRelatedPartiesHypercube_ref">
      <ref:Name>CEBS-FINREP</ref:Name>
    </reference>
    <loc xlink:type="locator" xlink:href="d-RelatParts-2008-01-01.xsd#d-RelatParts_Associates" xlink:label="d-RelatParts_Associates" />
    <referenceArc xlink:type="arc" xlink:arcrole="http://www.xbrl.org/2003/arcrole/concept-reference" xlink:from="d-RelatParts_Associates" xlink:to="d-RelatParts_Associates_ref" />
    <reference xlink:type="resource" xlink:role="http://www.xbrl.org/2003/role/reference" xlink:label="d-RelatParts_Associates_ref" id="d-RelatParts_Associates_ref_6">
      <ref:Name>CEBS-FINREP</ref:Name>
    </reference>
    <loc xlink:type="locator" xlink:href="d-RelatParts-2008-01-01.xsd#d-RelatParts_JointVenturesWhereEntityVenturer" xlink:label="d-RelatParts_JointVenturesWhereEntityVenturer" />
    <referenceArc xlink:type="arc" xlink:arcrole="http://www.xbrl.org/2003/arcrole/concept-reference" xlink:from="d-RelatParts_JointVenturesWhereEntityVenturer" xlink:to="d-RelatParts_JointVenturesWhereEntityVenturer_ref" />
    <reference xlink:type="resource" xlink:role="http://www.xbrl.org/2003/role/reference" xlink:label="d-RelatParts_JointVenturesWhereEntityVenturer_ref" id="d-RelatParts_JointVenturesWhereEntityVenturer_ref_11">
      <ref:Name>CEBS-FINREP</ref:Name>
    </reference>
    <loc xlink:type="locator" xlink:href="d-RelatParts-2008-01-01.xsd#d-RelatParts_KeyManagementEntityOrItsParent" xlink:label="d-RelatParts_KeyManagementEntityOrItsParent" />
    <referenceArc xlink:type="arc" xlink:arcrole="http://www.xbrl.org/2003/arcrole/concept-reference" xlink:from="d-RelatParts_KeyManagementEntityOrItsParent" xlink:to="d-RelatParts_KeyManagementEntityOrItsParent_ref" />
    <reference xlink:type="resource" xlink:role="http://www.xbrl.org/2003/role/reference" xlink:label="d-RelatParts_KeyManagementEntityOrItsParent_ref" id="d-RelatParts_KeyManagementEntityOrItsParent_ref_16">
      <ref:Name>CEBS-FINREP</ref:Name>
    </reference>
    <loc xlink:type="locator" xlink:href="d-RelatParts-2008-01-01.xsd#d-RelatParts_OtherRelatedParties" xlink:label="d-RelatParts_OtherRelatedParties" />
    <referenceArc xlink:type="arc" xlink:arcrole="http://www.xbrl.org/2003/arcrole/concept-reference" xlink:from="d-RelatParts_OtherRelatedParties" xlink:to="d-RelatParts_OtherRelatedParties_ref" />
    <reference xlink:type="resource" xlink:role="http://www.xbrl.org/2003/role/reference" xlink:label="d-RelatParts_OtherRelatedParties_ref" id="d-RelatParts_OtherRelatedParties_ref_21">
      <ref:Name>CEBS-FINREP</ref:Name>
    </reference>
    <loc xlink:type="locator" xlink:href="d-RelatParts-2008-01-01.xsd#d-RelatParts_ParentEntitiesWithJointControl" xlink:label="d-RelatParts_ParentEntitiesWithJointControl" />
    <referenceArc xlink:type="arc" xlink:arcrole="http://www.xbrl.org/2003/arcrole/concept-reference" xlink:from="d-RelatParts_ParentEntitiesWithJointControl" xlink:to="d-RelatParts_ParentEntitiesWithJointControl_ref" />
    <reference xlink:type="resource" xlink:role="http://www.xbrl.org/2003/role/reference" xlink:label="d-RelatParts_ParentEntitiesWithJointControl_ref" id="d-RelatParts_ParentEntitiesWithJointControl_ref_26">
      <ref:Name>CEBS-FINREP</ref:Name>
    </reference>
    <loc xlink:type="locator" xlink:href="d-RelatParts-2008-01-01.xsd#d-RelatParts_Parent" xlink:label="d-RelatParts_Parent" />
    <referenceArc xlink:type="arc" xlink:arcrole="http://www.xbrl.org/2003/arcrole/concept-reference" xlink:from="d-RelatParts_Parent" xlink:to="d-RelatParts_Parent_ref" />
    <reference xlink:type="resource" xlink:role="http://www.xbrl.org/2003/role/reference" xlink:label="d-RelatParts_Parent_ref" id="d-RelatParts_Parent_ref_31">
      <ref:Name>CEBS-FINREP</ref:Name>
    </reference>
    <loc xlink:type="locator" xlink:href="d-RelatParts-2008-01-01.xsd#d-RelatParts_RelatedPartsDomain" xlink:label="d-RelatParts_RelatedPartsDomain" />
    <referenceArc xlink:type="arc" xlink:arcrole="http://www.xbrl.org/2003/arcrole/concept-reference" xlink:from="d-RelatParts_RelatedPartsDomain" xlink:to="d-RelatParts_RelatedPartsDomain_ref" />
    <reference xlink:type="resource" xlink:role="http://www.xbrl.org/2003/role/reference" xlink:label="d-RelatParts_RelatedPartsDomain_ref" id="d-RelatParts_RelatedPartsDomain_ref_36">
      <ref:Name>CEBS-FINREP</ref:Name>
    </reference>
    <loc xlink:type="locator" xlink:href="d-RelatParts-2008-01-01.xsd#d-RelatParts_Subsidiaries" xlink:label="d-RelatParts_Subsidiaries" />
    <referenceArc xlink:type="arc" xlink:arcrole="http://www.xbrl.org/2003/arcrole/concept-reference" xlink:from="d-RelatParts_Subsidiaries" xlink:to="d-RelatParts_Subsidiaries_ref" />
    <reference xlink:type="resource" xlink:role="http://www.xbrl.org/2003/role/reference" xlink:label="d-RelatParts_Subsidiaries_ref" id="d-RelatParts_Subsidiaries_ref_41">
      <ref:Name>CEBS-FINREP</ref:Name>
    </reference>
    <loc xlink:type="locator" xlink:href="d-RelatParts-2008-01-01.xsd#d-RelatParts_TotalRelatedParties" xlink:label="d-RelatParts_TotalRelatedParties" />
    <referenceArc xlink:type="arc" xlink:arcrole="http://www.xbrl.org/2003/arcrole/concept-reference" xlink:from="d-RelatParts_TotalRelatedParties" xlink:to="d-RelatParts_TotalRelatedParties_ref" />
    <reference xlink:type="resource" xlink:role="http://www.xbrl.org/2003/role/reference" xlink:label="d-RelatParts_TotalRelatedParties_ref" id="d-RelatParts_TotalRelatedParties_ref_46">
      <ref:Name>CEBS-FINREP</ref:Name>
    </reference>
    <loc xlink:type="locator" xlink:href="d-RelatParts-2008-01-01.xsd#d-RelatParts_ByRelatedPartiesDimension" xlink:label="d-RelatParts_ByRelatedPartiesDimension" />
    <referenceArc xlink:type="arc" xlink:arcrole="http://www.xbrl.org/2003/arcrole/concept-reference" xlink:from="d-RelatParts_ByRelatedPartiesDimension" xlink:to="d-RelatParts_ByRelatedPartiesDimension_ref" />
    <reference xlink:type="resource" xlink:role="http://www.xbrl.org/2003/role/reference" xlink:label="d-RelatParts_ByRelatedPartiesDimension_ref" id="d-RelatParts_ByRelatedPartiesDimension_ref_51">
      <ref:Name>CEBS-FINREP</ref:Name>
    </reference>
  </referenceLink>
</linkbase>