<?xml version="1.0" encoding="utf-8"?>
<?taxonomy-version 1.3.2?>
<!--Copyright (C) 2011 EBA - European Banking Authority, Tower 42, 25 Old Broad Street, London, EC2N 1HQ, United Kingdom.-->   
<linkbase
	xmlns="http://www.xbrl.org/2003/linkbase"
	xmlns:xsi="http://www.w3.org/2001/XMLSchema-instance"
	xmlns:xlink="http://www.w3.org/1999/xlink"
	xsi:schemaLocation=" http://www.xbrl.org/2003/linkbase http://www.xbrl.org/2003/xbrl-linkbase-2003-12-31.xsd">
  <labelLink xlink:type="extended" xlink:role="http://www.xbrl.org/2003/role/link">
    <loc xlink:type="locator" xlink:href="d-RelatParts-2008-01-01.xsd#d-RelatParts_Associates" xlink:label="d-RelatParts_Associates" />
    <labelArc xlink:type="arc" xlink:arcrole="http://www.xbrl.org/2003/arcrole/concept-label" xlink:from="d-RelatParts_Associates" xlink:to="d-RelatParts_Associates_lbl" />
    <label xlink:type="resource" xlink:role="http://www.xbrl.org/2003/role/label" xlink:label="d-RelatParts_Associates_lbl" id="d-RelatParts_Associates_lbl_6" xml:lang="en">Associates</label>
    <loc xlink:type="locator" xlink:href="d-RelatParts-2008-01-01.xsd#d-RelatParts_JointVenturesWhereEntityVenturer" xlink:label="d-RelatParts_JointVenturesWhereEntityVenturer" />
    <labelArc xlink:type="arc" xlink:arcrole="http://www.xbrl.org/2003/arcrole/concept-label" xlink:from="d-RelatParts_JointVenturesWhereEntityVenturer" xlink:to="d-RelatParts_JointVenturesWhereEntityVenturer_lbl" />
    <label xlink:type="resource" xlink:role="http://www.xbrl.org/2003/role/label" xlink:label="d-RelatParts_JointVenturesWhereEntityVenturer_lbl" id="d-RelatParts_JointVenturesWhereEntityVenturer_lbl_9" xml:lang="en">Joint Ventures Where the Entity is a Venturer</label>
    <loc xlink:type="locator" xlink:href="d-RelatParts-2008-01-01.xsd#d-RelatParts_KeyManagementEntityOrItsParent" xlink:label="d-RelatParts_KeyManagementEntityOrItsParent" />
    <labelArc xlink:type="arc" xlink:arcrole="http://www.xbrl.org/2003/arcrole/concept-label" xlink:from="d-RelatParts_KeyManagementEntityOrItsParent" xlink:to="d-RelatParts_KeyManagementEntityOrItsParent_lbl" />
    <label xlink:type="resource" xlink:role="http://www.xbrl.org/2003/role/label" xlink:label="d-RelatParts_KeyManagementEntityOrItsParent_lbl" id="d-RelatParts_KeyManagementEntityOrItsParent_lbl_12" xml:lang="en">Key Management of the Entity or its Parent</label>
    <loc xlink:type="locator" xlink:href="d-RelatParts-2008-01-01.xsd#d-RelatParts_OtherRelatedParties" xlink:label="d-RelatParts_OtherRelatedParties" />
    <labelArc xlink:type="arc" xlink:arcrole="http://www.xbrl.org/2003/arcrole/concept-label" xlink:from="d-RelatParts_OtherRelatedParties" xlink:to="d-RelatParts_OtherRelatedParties_lbl" />
    <label xlink:type="resource" xlink:role="http://www.xbrl.org/2003/role/label" xlink:label="d-RelatParts_OtherRelatedParties_lbl" id="d-RelatParts_OtherRelatedParties_lbl_15" xml:lang="en">Other Related Parties</label>
    <loc xlink:type="locator" xlink:href="d-RelatParts-2008-01-01.xsd#d-RelatParts_Parent" xlink:label="d-RelatParts_Parent" />
    <labelArc xlink:type="arc" xlink:arcrole="http://www.xbrl.org/2003/arcrole/concept-label" xlink:from="d-RelatParts_Parent" xlink:to="d-RelatParts_Parent_lbl" />
    <label xlink:type="resource" xlink:role="http://www.xbrl.org/2003/role/label" xlink:label="d-RelatParts_Parent_lbl" id="d-RelatParts_Parent_lbl_18" xml:lang="en">Parent</label>
    <loc xlink:type="locator" xlink:href="d-RelatParts-2008-01-01.xsd#d-RelatParts_ParentEntitiesWithJointControl" xlink:label="d-RelatParts_ParentEntitiesWithJointControl" />
    <labelArc xlink:type="arc" xlink:arcrole="http://www.xbrl.org/2003/arcrole/concept-label" xlink:from="d-RelatParts_ParentEntitiesWithJointControl" xlink:to="d-RelatParts_ParentEntitiesWithJointControl_lbl" />
    <label xlink:type="resource" xlink:role="http://www.xbrl.org/2003/role/label" xlink:label="d-RelatParts_ParentEntitiesWithJointControl_lbl" id="d-RelatParts_ParentEntitiesWithJointControl_lbl_21" xml:lang="en">Parent Entities with Joint Control</label>
    <loc xlink:type="locator" xlink:href="d-RelatParts-2008-01-01.xsd#d-RelatParts_RelatedPartsDomain" xlink:label="d-RelatParts_RelatedPartsDomain" />
    <labelArc xlink:type="arc" xlink:arcrole="http://www.xbrl.org/2003/arcrole/concept-label" xlink:from="d-RelatParts_RelatedPartsDomain" xlink:to="d-RelatParts_RelatedPartsDomain_lbl" />
    <label xlink:type="resource" xlink:role="http://www.xbrl.org/2003/role/label" xlink:label="d-RelatParts_RelatedPartsDomain_lbl" id="d-RelatParts_RelatedPartsDomain_lbl_24" xml:lang="en">RelatedParts (Domain)</label>
    <loc xlink:type="locator" xlink:href="d-RelatParts-2008-01-01.xsd#d-RelatParts_Subsidiaries" xlink:label="d-RelatParts_Subsidiaries" />
    <labelArc xlink:type="arc" xlink:arcrole="http://www.xbrl.org/2003/arcrole/concept-label" xlink:from="d-RelatParts_Subsidiaries" xlink:to="d-RelatParts_Subsidiaries_lbl" />
    <label xlink:type="resource" xlink:role="http://www.xbrl.org/2003/role/label" xlink:label="d-RelatParts_Subsidiaries_lbl" id="d-RelatParts_Subsidiaries_lbl_27" xml:lang="en">Subsidiaries</label>
    <loc xlink:type="locator" xlink:href="d-RelatParts-2008-01-01.xsd#d-RelatParts_TotalRelatedParties" xlink:label="d-RelatParts_TotalRelatedParties" />
    <labelArc xlink:type="arc" xlink:arcrole="http://www.xbrl.org/2003/arcrole/concept-label" xlink:from="d-RelatParts_TotalRelatedParties" xlink:to="d-RelatParts_TotalRelatedParties_lbl" />
    <label xlink:type="resource" xlink:role="http://www.xbrl.org/2003/role/label" xlink:label="d-RelatParts_TotalRelatedParties_lbl" id="d-RelatParts_TotalRelatedParties_lbl_30" xml:lang="en">Total Related Parties</label>
    <loc xlink:type="locator" xlink:href="d-RelatParts-2008-01-01.xsd#d-RelatParts_ByRelatedPartiesDimension" xlink:label="d-RelatParts_ByRelatedPartiesDimension" />
    <labelArc xlink:type="arc" xlink:arcrole="http://www.xbrl.org/2003/arcrole/concept-label" xlink:from="d-RelatParts_ByRelatedPartiesDimension" xlink:to="d-RelatParts_ByRelatedPartiesDimension_lbl" />
    <label xlink:type="resource" xlink:role="http://www.xbrl.org/2003/role/label" xlink:label="d-RelatParts_ByRelatedPartiesDimension_lbl" id="d-RelatParts_ByRelatedPartiesDimension_lbl_33" xml:lang="en">by Related Parties Dimension</label>
    <loc xlink:type="locator" xlink:href="d-RelatParts-2008-01-01.xsd#d-RelatParts_HcRelatedPartiesHypercube" xlink:label="d-RelatParts_HcRelatedPartiesHypercube" />
    <labelArc xlink:type="arc" xlink:arcrole="http://www.xbrl.org/2003/arcrole/concept-label" xlink:from="d-RelatParts_HcRelatedPartiesHypercube" xlink:to="d-RelatParts_HcRelatedPartiesHypercube_lbl" />
    <label id="d-RelatParts_HcRelatedPartiesHypercube_lbl_61" xlink:type="resource" xlink:role="http://www.xbrl.org/2003/role/label" xlink:label="d-RelatParts_HcRelatedPartiesHypercube_lbl" xml:lang="en">Related Parties Hypercube</label>
  </labelLink>
</linkbase>