<?xml version="1.0" encoding="utf-8"?>
<?taxonomy-version 1.3.2?>
<!--Copyright (C) 2011 EBA - European Banking Authority, Tower 42, 25 Old Broad Street, London, EC2N 1HQ, United Kingdom.-->   
<linkbase
	xmlns="http://www.xbrl.org/2003/linkbase"
	xmlns:xsi="http://www.w3.org/2001/XMLSchema-instance"
	xmlns:xlink="http://www.w3.org/1999/xlink"
	xsi:schemaLocation=" http://www.xbrl.org/2003/linkbase http://www.xbrl.org/2003/xbrl-linkbase-2003-12-31.xsd">
  <labelLink xlink:type="extended" xlink:role="http://www.xbrl.org/2003/role/link">
    <loc xlink:type="locator" xlink:href="d-ValModel-2008-01-01.xsd#d-ValModel_HcExcludedValuationModelExcludingCostHypercube" xlink:label="d-ValModel_HcExcludedValuationModelExcludingCostHypercube" />
    <labelArc xlink:type="arc" xlink:arcrole="http://www.xbrl.org/2003/arcrole/concept-label" xlink:from="d-ValModel_HcExcludedValuationModelExcludingCostHypercube" xlink:to="d-ValModel_HcExcludedValuationModelExcludingCostHypercube_lbl" />
    <label id="d-ValModel_HcExcludedValuationModelExcludingCostHypercube_lbl_34" xlink:type="resource" xlink:role="http://www.xbrl.org/2003/role/label" xlink:label="d-ValModel_HcExcludedValuationModelExcludingCostHypercube_lbl" xml:lang="en">Valuation Model Excluding Cost Hypercube</label>
    <loc xlink:type="locator" xlink:href="d-ValModel-2008-01-01.xsd#d-ValModel_HcExcludedValuationModelExcludingFairValueHypercube" xlink:label="d-ValModel_HcExcludedValuationModelExcludingFairValueHypercube" />
    <labelArc xlink:type="arc" xlink:arcrole="http://www.xbrl.org/2003/arcrole/concept-label" xlink:from="d-ValModel_HcExcludedValuationModelExcludingFairValueHypercube" xlink:to="d-ValModel_HcExcludedValuationModelExcludingFairValueHypercube_lbl" />
    <label id="d-ValModel_HcExcludedValuationModelExcludingFairValueHypercube_lbl_37" xlink:type="resource" xlink:role="http://www.xbrl.org/2003/role/label" xlink:label="d-ValModel_HcExcludedValuationModelExcludingFairValueHypercube_lbl" xml:lang="en">Valuation Model Excluding Fair Value Hypercube</label>
    <loc xlink:type="locator" xlink:href="d-ValModel-2008-01-01.xsd#d-ValModel_HcExcludedValuationModelExcludingTotalHypercube" xlink:label="d-ValModel_HcExcludedValuationModelExcludingTotalHypercube" />
    <labelArc xlink:type="arc" xlink:arcrole="http://www.xbrl.org/2003/arcrole/concept-label" xlink:from="d-ValModel_HcExcludedValuationModelExcludingTotalHypercube" xlink:to="d-ValModel_HcExcludedValuationModelExcludingTotalHypercube_lbl" />
    <label id="d-ValModel_HcExcludedValuationModelExcludingTotalHypercube_lbl_40" xlink:type="resource" xlink:role="http://www.xbrl.org/2003/role/label" xlink:label="d-ValModel_HcExcludedValuationModelExcludingTotalHypercube_lbl" xml:lang="en">Valuation Model Excluding Total Hypercube</label>
    <loc xlink:type="locator" xlink:href="d-ValModel-2008-01-01.xsd#d-ValModel_HcValuationModelHypercube" xlink:label="d-ValModel_HcValuationModelHypercube" />
    <labelArc xlink:type="arc" xlink:arcrole="http://www.xbrl.org/2003/arcrole/concept-label" xlink:from="d-ValModel_HcValuationModelHypercube" xlink:to="d-ValModel_HcValuationModelHypercube_lbl" />
    <label id="d-ValModel_HcValuationModelHypercube_lbl_64" xlink:type="resource" xlink:role="http://www.xbrl.org/2003/role/label" xlink:label="d-ValModel_HcValuationModelHypercube_lbl" xml:lang="en">Valuation Model Hypercube</label>
    <loc xlink:type="locator" xlink:href="d-ValModel-2008-01-01.xsd#d-ValModel_CostModel" xlink:label="d-ValModel_CostModel" />
    <labelArc xlink:type="arc" xlink:arcrole="http://www.xbrl.org/2003/arcrole/concept-label" xlink:from="d-ValModel_CostModel" xlink:to="d-ValModel_CostModel_lbl" />
    <label xlink:type="resource" xlink:role="http://www.xbrl.org/2003/role/label" xlink:label="d-ValModel_CostModel_lbl" id="d-ValModel_CostModel_lbl_6" xml:lang="en">Cost Model</label>
    <loc xlink:type="locator" xlink:href="d-ValModel-2008-01-01.xsd#d-ValModel_FairValueModel" xlink:label="d-ValModel_FairValueModel" />
    <labelArc xlink:type="arc" xlink:arcrole="http://www.xbrl.org/2003/arcrole/concept-label" xlink:from="d-ValModel_FairValueModel" xlink:to="d-ValModel_FairValueModel_lbl" />
    <label xlink:type="resource" xlink:role="http://www.xbrl.org/2003/role/label" xlink:label="d-ValModel_FairValueModel_lbl" id="d-ValModel_FairValueModel_lbl_9" xml:lang="en">Fair Value Model</label>
    <loc xlink:type="locator" xlink:href="d-ValModel-2008-01-01.xsd#d-ValModel_ValuationModDomain" xlink:label="d-ValModel_ValuationModDomain" />
    <labelArc xlink:type="arc" xlink:arcrole="http://www.xbrl.org/2003/arcrole/concept-label" xlink:from="d-ValModel_ValuationModDomain" xlink:to="d-ValModel_ValuationModDomain_lbl" />
    <label xlink:type="resource" xlink:role="http://www.xbrl.org/2003/role/label" xlink:label="d-ValModel_ValuationModDomain_lbl" id="d-ValModel_ValuationModDomain_lbl_12" xml:lang="en">ValuationMod (Domain)</label>
    <loc xlink:type="locator" xlink:href="d-ValModel-2008-01-01.xsd#d-ValModel_ValuationModelTotal" xlink:label="d-ValModel_ValuationModelTotal" />
    <labelArc xlink:type="arc" xlink:arcrole="http://www.xbrl.org/2003/arcrole/concept-label" xlink:from="d-ValModel_ValuationModelTotal" xlink:to="d-ValModel_ValuationModelTotal_lbl" />
    <label xlink:type="resource" xlink:role="http://www.xbrl.org/2003/role/label" xlink:label="d-ValModel_ValuationModelTotal_lbl" id="d-ValModel_ValuationModelTotal_lbl_15" xml:lang="en">Valuation Model, Total</label>
    <loc xlink:type="locator" xlink:href="d-ValModel-2008-01-01.xsd#d-ValModel_ByValuationModelDimension" xlink:label="d-ValModel_ByValuationModelDimension" />
    <labelArc xlink:type="arc" xlink:arcrole="http://www.xbrl.org/2003/arcrole/concept-label" xlink:from="d-ValModel_ByValuationModelDimension" xlink:to="d-ValModel_ByValuationModelDimension_lbl" />
    <label xlink:type="resource" xlink:role="http://www.xbrl.org/2003/role/label" xlink:label="d-ValModel_ByValuationModelDimension_lbl" id="d-ValModel_ByValuationModelDimension_lbl_18" xml:lang="en">by Valuation Model Dimension</label>
  </labelLink>
</linkbase>