<?xml version="1.0" encoding="utf-8"?>
<?taxonomy-version 1.3.2?>
<!--Copyright (C) 2011 EBA - European Banking Authority, Tower 42, 25 Old Broad Street, London, EC2N 1HQ, United Kingdom.-->   
<linkbase 
	xmlns="http://www.xbrl.org/2003/linkbase" 
	xmlns:xsi="http://www.w3.org/2001/XMLSchema-instance" 
	xmlns:xlink="http://www.w3.org/1999/xlink" 
	xmlns:xbrldt="http://xbrl.org/2005/xbrldt"
	xsi:schemaLocation=" http://www.xbrl.org/2003/linkbase http://www.xbrl.org/2003/xbrl-linkbase-2003-12-31.xsd">
  <arcroleRef xlink:type="simple" xlink:href="http://www.xbrl.org/2005/xbrldt-2005.xsd#all" arcroleURI="http://xbrl.org/int/dim/arcrole/all" />
  <arcroleRef xlink:type="simple" xlink:href="http://www.xbrl.org/2005/xbrldt-2005.xsd#notAll" arcroleURI="http://xbrl.org/int/dim/arcrole/notAll" />
  <arcroleRef xlink:type="simple" xlink:href="http://www.xbrl.org/2005/xbrldt-2005.xsd#domain-member" arcroleURI="http://xbrl.org/int/dim/arcrole/domain-member" />
  <arcroleRef xlink:type="simple" xlink:href="http://www.xbrl.org/2005/xbrldt-2005.xsd#hypercube-dimension" arcroleURI="http://xbrl.org/int/dim/arcrole/hypercube-dimension" />
  <arcroleRef xlink:type="simple" xlink:href="http://www.xbrl.org/2005/xbrldt-2005.xsd#dimension-domain" arcroleURI="http://xbrl.org/int/dim/arcrole/dimension-domain" />
  <arcroleRef xlink:type="simple" xlink:href="http://www.xbrl.org/2005/xbrldt-2005.xsd#dimension-default" arcroleURI="http://xbrl.org/int/dim/arcrole/dimension-default" />
  <roleRef xlink:type="simple" xlink:href="d-FINREP-rol-2008-01-01.xsd#DimensionDefault" roleURI="http://www.c-ebs.org/eu/fr/esrs/finrep/2008-01-01/role/DimensionDefault" />
  <roleRef xlink:type="simple" xlink:href="d-ValModel-2008-01-01.xsd#HcExcludedValuationModelExcludingTotalHypercube" roleURI="http://www.c-ebs.org/eu/fr/esrs/finrep/2008-01-01/role/HcExcludedValuationModelExcludingTotalHypercube" />
  <roleRef xlink:type="simple" xlink:href="d-ValModel-2008-01-01.xsd#HcExcludedValuationModelExcludingCostHypercube" roleURI="http://www.c-ebs.org/eu/fr/esrs/finrep/2008-01-01/role/HcExcludedValuationModelExcludingCostHypercube" />
  <roleRef xlink:type="simple" xlink:href="d-ValModel-2008-01-01.xsd#HcValuationModelHypercube" roleURI="http://www.c-ebs.org/eu/fr/esrs/finrep/2008-01-01/role/HcValuationModelHypercube" />
  <roleRef xlink:type="simple" xlink:href="d-ValModel-2008-01-01.xsd#HcExcludedValuationModelExcludingFairValueHypercube" roleURI="http://www.c-ebs.org/eu/fr/esrs/finrep/2008-01-01/role/HcExcludedValuationModelExcludingFairValueHypercube" />
  <definitionLink xlink:type="extended" xlink:role="http://www.xbrl.org/2003/role/link">
    <loc xlink:type="locator" xlink:href="d-ValModel-2008-01-01.xsd#d-ValModel_ValuationModDomain" xlink:label="d-ValModel_ValuationModDomain" />
    <loc xlink:type="locator" xlink:href="d-ValModel-2008-01-01.xsd#d-ValModel_ValuationModelTotal" xlink:label="d-ValModel_ValuationModelTotal" />
    <definitionArc xlink:type="arc" xlink:arcrole="http://xbrl.org/int/dim/arcrole/domain-member" xlink:from="d-ValModel_ValuationModDomain" xlink:to="d-ValModel_ValuationModelTotal" order="1" use="optional" />
    <loc xlink:type="locator" xlink:href="d-ValModel-2008-01-01.xsd#d-ValModel_FairValueModel" xlink:label="d-ValModel_FairValueModel" />
    <definitionArc xlink:type="arc" xlink:arcrole="http://xbrl.org/int/dim/arcrole/domain-member" xlink:from="d-ValModel_ValuationModelTotal" xlink:to="d-ValModel_FairValueModel" order="1" use="optional" />
    <loc xlink:type="locator" xlink:href="d-ValModel-2008-01-01.xsd#d-ValModel_CostModel" xlink:label="d-ValModel_CostModel" />
    <definitionArc xlink:type="arc" xlink:arcrole="http://xbrl.org/int/dim/arcrole/domain-member" xlink:from="d-ValModel_ValuationModelTotal" xlink:to="d-ValModel_CostModel" order="2" use="optional" />
  </definitionLink>
  <definitionLink xlink:type="extended" xlink:role="http://www.c-ebs.org/eu/fr/esrs/finrep/2008-01-01/role/HcValuationModelHypercube">
    <loc xlink:type="locator" xlink:href="d-ValModel-2008-01-01.xsd#d-ValModel_HcValuationModelHypercube" xlink:label="d-ValModel_HcValuationModelHypercube" />
    <loc xlink:type="locator" xlink:href="d-ValModel-2008-01-01.xsd#d-ValModel_ByValuationModelDimension" xlink:label="d-ValModel_ByValuationModelDimension" />
    <definitionArc xlink:type="arc" xlink:arcrole="http://xbrl.org/int/dim/arcrole/hypercube-dimension" xlink:from="d-ValModel_HcValuationModelHypercube" xlink:to="d-ValModel_ByValuationModelDimension" order="1" use="optional" />
    <loc xlink:type="locator" xlink:href="d-ValModel-2008-01-01.xsd#d-ValModel_ValuationModDomain" xlink:label="d-ValModel_ValuationModDomain" />
    <definitionArc xlink:type="arc" xlink:arcrole="http://xbrl.org/int/dim/arcrole/dimension-domain" xlink:from="d-ValModel_ByValuationModelDimension" xlink:to="d-ValModel_ValuationModDomain" order="1" use="optional" xbrldt:targetRole="http://www.xbrl.org/2003/role/link" xbrldt:usable="false" />
  </definitionLink>
  <definitionLink xlink:type="extended" xlink:role="http://www.c-ebs.org/eu/fr/esrs/finrep/2008-01-01/role/HcExcludedValuationModelExcludingTotalHypercube">
    <loc xlink:type="locator" xlink:href="d-ValModel-2008-01-01.xsd#d-ValModel_HcExcludedValuationModelExcludingTotalHypercube" xlink:label="d-ValModel_HcExcludedValuationModelExcludingTotalHypercube" />
    <loc xlink:type="locator" xlink:href="d-ValModel-2008-01-01.xsd#d-ValModel_ByValuationModelDimension" xlink:label="d-ValModel_ByValuationModelDimension" />
    <definitionArc xlink:type="arc" xlink:arcrole="http://xbrl.org/int/dim/arcrole/hypercube-dimension" xlink:from="d-ValModel_HcExcludedValuationModelExcludingTotalHypercube" xlink:to="d-ValModel_ByValuationModelDimension" order="1" use="optional" />
    <loc xlink:type="locator" xlink:href="d-ValModel-2008-01-01.xsd#d-ValModel_ValuationModDomain" xlink:label="d-ValModel_ValuationModDomain" />
    <definitionArc xlink:type="arc" xlink:arcrole="http://xbrl.org/int/dim/arcrole/dimension-domain" xlink:from="d-ValModel_ByValuationModelDimension" xlink:to="d-ValModel_ValuationModDomain" order="1" use="optional" xbrldt:usable="false" />
    <loc xlink:type="locator" xlink:href="d-ValModel-2008-01-01.xsd#d-ValModel_ValuationModelTotal" xlink:label="d-ValModel_ValuationModelTotal" />
    <definitionArc xlink:type="arc" xlink:arcrole="http://xbrl.org/int/dim/arcrole/domain-member" xlink:from="d-ValModel_ValuationModDomain" xlink:to="d-ValModel_ValuationModelTotal" order="2" use="optional" />
  </definitionLink>
  <definitionLink xlink:type="extended" xlink:role="http://www.c-ebs.org/eu/fr/esrs/finrep/2008-01-01/role/HcExcludedValuationModelExcludingCostHypercube">
    <loc xlink:type="locator" xlink:href="d-ValModel-2008-01-01.xsd#d-ValModel_HcExcludedValuationModelExcludingCostHypercube" xlink:label="d-ValModel_HcExcludedValuationModelExcludingCostHypercube" />
    <loc xlink:type="locator" xlink:href="d-ValModel-2008-01-01.xsd#d-ValModel_ByValuationModelDimension" xlink:label="d-ValModel_ByValuationModelDimension" />
    <definitionArc xlink:type="arc" xlink:arcrole="http://xbrl.org/int/dim/arcrole/hypercube-dimension" xlink:from="d-ValModel_HcExcludedValuationModelExcludingCostHypercube" xlink:to="d-ValModel_ByValuationModelDimension" order="1" use="optional" />
    <loc xlink:type="locator" xlink:href="d-ValModel-2008-01-01.xsd#d-ValModel_ValuationModDomain" xlink:label="d-ValModel_ValuationModDomain" />
    <definitionArc xlink:type="arc" xlink:arcrole="http://xbrl.org/int/dim/arcrole/dimension-domain" xlink:from="d-ValModel_ByValuationModelDimension" xlink:to="d-ValModel_ValuationModDomain" order="1" use="optional" xbrldt:usable="false" />
    <loc xlink:type="locator" xlink:href="d-ValModel-2008-01-01.xsd#d-ValModel_CostModel" xlink:label="d-ValModel_CostModel" />
    <definitionArc xlink:type="arc" xlink:arcrole="http://xbrl.org/int/dim/arcrole/domain-member" xlink:from="d-ValModel_ValuationModDomain" xlink:to="d-ValModel_CostModel" order="4" use="optional" />
  </definitionLink>
  <definitionLink xlink:type="extended" xlink:role="http://www.c-ebs.org/eu/fr/esrs/finrep/2008-01-01/role/HcExcludedValuationModelExcludingFairValueHypercube">
    <loc xlink:type="locator" xlink:href="d-ValModel-2008-01-01.xsd#d-ValModel_HcExcludedValuationModelExcludingFairValueHypercube" xlink:label="d-ValModel_HcExcludedValuationModelExcludingFairValueHypercube" />
    <loc xlink:type="locator" xlink:href="d-ValModel-2008-01-01.xsd#d-ValModel_ByValuationModelDimension" xlink:label="d-ValModel_ByValuationModelDimension" />
    <definitionArc xlink:type="arc" xlink:arcrole="http://xbrl.org/int/dim/arcrole/hypercube-dimension" xlink:from="d-ValModel_HcExcludedValuationModelExcludingFairValueHypercube" xlink:to="d-ValModel_ByValuationModelDimension" order="1" use="optional" />
    <loc xlink:type="locator" xlink:href="d-ValModel-2008-01-01.xsd#d-ValModel_ValuationModDomain" xlink:label="d-ValModel_ValuationModDomain" />
    <definitionArc xlink:type="arc" xlink:arcrole="http://xbrl.org/int/dim/arcrole/dimension-domain" xlink:from="d-ValModel_ByValuationModelDimension" xlink:to="d-ValModel_ValuationModDomain" order="1" use="optional" xbrldt:usable="false" />
    <loc xlink:type="locator" xlink:href="d-ValModel-2008-01-01.xsd#d-ValModel_FairValueModel" xlink:label="d-ValModel_FairValueModel" />
    <definitionArc xlink:type="arc" xlink:arcrole="http://xbrl.org/int/dim/arcrole/domain-member" xlink:from="d-ValModel_ValuationModDomain" xlink:to="d-ValModel_FairValueModel" order="3" use="optional" />
  </definitionLink>
  <definitionLink xlink:type="extended" xlink:role="http://www.c-ebs.org/eu/fr/esrs/finrep/2008-01-01/role/DimensionDefault">
    <loc xlink:type="locator" xlink:href="d-ValModel-2008-01-01.xsd#d-ValModel_ByValuationModelDimension" xlink:label="d-ValModel_ByValuationModelDimension" />
    <loc xlink:type="locator" xlink:href="d-ValModel-2008-01-01.xsd#d-ValModel_ValuationModelTotal" xlink:label="d-ValModel_ValuationModelTotal" />
    <definitionArc xlink:type="arc" xlink:arcrole="http://xbrl.org/int/dim/arcrole/dimension-default" xlink:from="d-ValModel_ByValuationModelDimension" xlink:to="d-ValModel_ValuationModelTotal" order="1" use="optional" />
  </definitionLink>
</linkbase>