<?xml version="1.0" encoding="utf-8"?>
<?taxonomy-version 1.3.2?>
<!--Copyright (C) 2011 EBA - European Banking Authority, Tower 42, 25 Old Broad Street, London, EC2N 1HQ, United Kingdom.-->   
 <linkbase
	xmlns="http://www.xbrl.org/2003/linkbase"
	xmlns:xsi="http://www.w3.org/2001/XMLSchema-instance"
	xmlns:xlink="http://www.w3.org/1999/xlink"
	xsi:schemaLocation=" http://www.xbrl.org/2003/linkbase http://www.xbrl.org/2003/xbrl-linkbase-2003-12-31.xsd">
  <roleRef xlink:type="simple" xlink:href="d-ValModel-2008-01-01.xsd#ValuationModel" roleURI="http://www.c-ebs.org/eu/fr/esrs/finrep/2008-01-01/role/ValuationModel" />
  <presentationLink xlink:type="extended" xlink:role="http://www.c-ebs.org/eu/fr/esrs/finrep/2008-01-01/role/ValuationModel">
    <loc xlink:type="locator" xlink:href="d-ValModel-2008-01-01.xsd#d-ValModel_ValuationModDomain" xlink:label="d-ValModel_ValuationModDomain" />
    <loc xlink:type="locator" xlink:href="d-ValModel-2008-01-01.xsd#d-ValModel_ValuationModelTotal" xlink:label="d-ValModel_ValuationModelTotal" />
    <presentationArc xlink:type="arc" xlink:arcrole="http://www.xbrl.org/2003/arcrole/parent-child" xlink:from="d-ValModel_ValuationModDomain" xlink:to="d-ValModel_ValuationModelTotal" order="1" use="optional" />
    <loc xlink:type="locator" xlink:href="d-ValModel-2008-01-01.xsd#d-ValModel_FairValueModel" xlink:label="d-ValModel_FairValueModel" />
    <presentationArc xlink:type="arc" xlink:arcrole="http://www.xbrl.org/2003/arcrole/parent-child" xlink:from="d-ValModel_ValuationModelTotal" xlink:to="d-ValModel_FairValueModel" order="1" use="optional" />
    <loc xlink:type="locator" xlink:href="d-ValModel-2008-01-01.xsd#d-ValModel_CostModel" xlink:label="d-ValModel_CostModel" />
    <presentationArc xlink:type="arc" xlink:arcrole="http://www.xbrl.org/2003/arcrole/parent-child" xlink:from="d-ValModel_ValuationModelTotal" xlink:to="d-ValModel_CostModel" order="2" use="optional" />
  </presentationLink>
</linkbase>