<?xml version="1.0" encoding="utf-8"?>
<?taxonomy-version 1.3.2?>
<!--Copyright (C) 2011 EBA - European Banking Authority, Tower 42, 25 Old Broad Street, London, EC2N 1HQ, United Kingdom.-->   
<linkbase 
	xmlns="http://www.xbrl.org/2003/linkbase" 
	xmlns:xsi="http://www.w3.org/2001/XMLSchema-instance" 
	xmlns:xlink="http://www.w3.org/1999/xlink" 
	xmlns:ref="http://www.xbrl.org/2004/ref" 
	xsi:schemaLocation=" 
		http://www.xbrl.org/2003/linkbase http://www.xbrl.org/2003/xbrl-linkbase-2003-12-31.xsd 
		http://www.xbrl.org/2004/ref http://www.xbrl.org/2004/ref-2004-08-10.xsd">
  <referenceLink xlink:type="extended" xlink:role="http://www.xbrl.org/2003/role/link">
    <loc xlink:type="locator" xlink:href="dc-EnConsMov-2008-01-01.xsd#dc-EnConsMov_HcConsolidationMovementsHypercube" xlink:label="dc-EnConsMov_HcConsolidationMovementsHypercube" />
    <referenceArc xlink:type="arc" xlink:arcrole="http://www.xbrl.org/2003/arcrole/concept-reference" xlink:from="dc-EnConsMov_HcConsolidationMovementsHypercube" xlink:to="dc-EnConsMov_HcConsolidationMovementsHypercube_ref" />
    <reference id="dc-EnConsMov_HcConsolidationMovementsHypercube_ref_13" xlink:type="resource" xlink:role="http://www.xbrl.org/2003/role/reference" xlink:label="dc-EnConsMov_HcConsolidationMovementsHypercube_ref">
      <ref:Name>CEBS-FINREP</ref:Name>
    </reference>
    <loc xlink:type="locator" xlink:href="dc-EnConsMov-2008-01-01.xsd#dc-EnConsMov_HcExcludedConsolidationMovementsExcludingReasonForRemovalHypercube" xlink:label="dc-EnConsMov_HcExcludedConsolidationMovementsExcludingReasonForRemovalHypercube" />
    <referenceArc xlink:type="arc" xlink:arcrole="http://www.xbrl.org/2003/arcrole/concept-reference" xlink:from="dc-EnConsMov_HcExcludedConsolidationMovementsExcludingReasonForRemovalHypercube" xlink:to="dc-EnConsMov_HcExcludedConsolidationMovementsExcludingReasonForRemovalHypercube_ref" />
    <reference id="dc-EnConsMov_HcExcludedConsolidationMovementsExcludingReasonForRemovalHypercube_ref_63" xlink:type="resource" xlink:role="http://www.xbrl.org/2003/role/reference" xlink:label="dc-EnConsMov_HcExcludedConsolidationMovementsExcludingReasonForRemovalHypercube_ref">
      <ref:Name>CEBS-FINREP</ref:Name>
    </reference>
  </referenceLink>
</linkbase>