<?xml version="1.0" encoding="utf-8"?>
<?taxonomy-version 1.3.2?>
<!--Copyright (C) 2011 EBA - European Banking Authority, Tower 42, 25 Old Broad Street, London, EC2N 1HQ, United Kingdom.-->   
<linkbase
	xmlns="http://www.xbrl.org/2003/linkbase"
	xmlns:xsi="http://www.w3.org/2001/XMLSchema-instance"
	xmlns:xlink="http://www.w3.org/1999/xlink"
	xsi:schemaLocation=" http://www.xbrl.org/2003/linkbase http://www.xbrl.org/2003/xbrl-linkbase-2003-12-31.xsd">
  <labelLink xlink:type="extended" xlink:role="http://www.xbrl.org/2003/role/link">
    <loc xlink:type="locator" xlink:href="dc-EnConsMov-2008-01-01.xsd#dc-EnConsMov_HcConsolidationMovementsHypercube" xlink:label="dc-EnConsMov_HcConsolidationMovementsHypercube" />
    <labelArc xlink:type="arc" xlink:arcrole="http://www.xbrl.org/2003/arcrole/concept-label" xlink:from="dc-EnConsMov_HcConsolidationMovementsHypercube" xlink:to="dc-EnConsMov_HcConsolidationMovementsHypercube_lbl" />
    <label id="dc-EnConsMov_HcConsolidationMovementsHypercube_lbl_13" xlink:type="resource" xlink:role="http://www.xbrl.org/2003/role/label" xlink:label="dc-EnConsMov_HcConsolidationMovementsHypercube_lbl" xml:lang="en">Consolidation Movements Hypercube</label>
    <loc xlink:type="locator" xlink:href="dc-EnConsMov-2008-01-01.xsd#dc-EnConsMov_HcExcludedConsolidationMovementsExcludingReasonForRemovalHypercube" xlink:label="dc-EnConsMov_HcExcludedConsolidationMovementsExcludingReasonForRemovalHypercube" />
    <labelArc xlink:type="arc" xlink:arcrole="http://www.xbrl.org/2003/arcrole/concept-label" xlink:from="dc-EnConsMov_HcExcludedConsolidationMovementsExcludingReasonForRemovalHypercube" xlink:to="dc-EnConsMov_HcExcludedConsolidationMovementsExcludingReasonForRemovalHypercube_lbl" />
    <label id="dc-EnConsMov_HcExcludedConsolidationMovementsExcludingReasonForRemovalHypercube_lbl_43" xlink:type="resource" xlink:role="http://www.xbrl.org/2003/role/label" xlink:label="dc-EnConsMov_HcExcludedConsolidationMovementsExcludingReasonForRemovalHypercube_lbl" xml:lang="en">Consolidation Movements Excluding Reason for Removal Hypercube</label>
  </labelLink>
</linkbase>