<?xml version="1.0" encoding="utf-8"?>
<?taxonomy-version 1.3.2?>
<!--Copyright (C) 2011 EBA - European Banking Authority, Tower 42, 25 Old Broad Street, London, EC2N 1HQ, United Kingdom.-->   
<linkbase
	xmlns="http://www.xbrl.org/2003/linkbase"
	xmlns:xsi="http://www.w3.org/2001/XMLSchema-instance"
	xmlns:xlink="http://www.w3.org/1999/xlink"
	xsi:schemaLocation=" http://www.xbrl.org/2003/linkbase http://www.xbrl.org/2003/xbrl-linkbase-2003-12-31.xsd">
  <labelLink xlink:type="extended" xlink:role="http://www.xbrl.org/2003/role/link">
    <loc xlink:type="locator" xlink:href="dc-EnConsAIT-2008-01-01.xsd#dc-EnConsAIT_HcExcludedInvestTypesConsoApprDomainExcludingFairValueHypercube" xlink:label="dc-EnConsAIT_HcExcludedInvestTypesConsoApprDomainExcludingFairValueHypercube" />
    <labelArc xlink:type="arc" xlink:arcrole="http://www.xbrl.org/2003/arcrole/concept-label" xlink:from="dc-EnConsAIT_HcExcludedInvestTypesConsoApprDomainExcludingFairValueHypercube" xlink:to="dc-EnConsAIT_HcExcludedInvestTypesConsoApprDomainExcludingFairValueHypercube_lbl" />
    <label id="dc-EnConsAIT_HcExcludedInvestTypesConsoApprDomainExcludingFairValueHypercube_lbl_28" xlink:type="resource" xlink:role="http://www.xbrl.org/2003/role/label" xlink:label="dc-EnConsAIT_HcExcludedInvestTypesConsoApprDomainExcludingFairValueHypercube_lbl" xml:lang="en">Investment Types and Consolidation Approach Excluding Fair Value Hypercube</label>
    <loc xlink:type="locator" xlink:href="dc-EnConsAIT-2008-01-01.xsd#dc-EnConsAIT_HcInvestTypesConsoApprDomainHypercube" xlink:label="dc-EnConsAIT_HcInvestTypesConsoApprDomainHypercube" />
    <labelArc xlink:type="arc" xlink:arcrole="http://www.xbrl.org/2003/arcrole/concept-label" xlink:from="dc-EnConsAIT_HcInvestTypesConsoApprDomainHypercube" xlink:to="dc-EnConsAIT_HcInvestTypesConsoApprDomainHypercube_lbl" />
    <label id="dc-EnConsAIT_HcInvestTypesConsoApprDomainHypercube_lbl_46" xlink:type="resource" xlink:role="http://www.xbrl.org/2003/role/label" xlink:label="dc-EnConsAIT_HcInvestTypesConsoApprDomainHypercube_lbl" xml:lang="en">Investment Types and Consolidation Approach Hypercube</label>
  </labelLink>
</linkbase>