<?xml version="1.0" encoding="utf-8"?>
<?taxonomy-version 1.3.2?>
<!--Copyright (C) 2011 EBA - European Banking Authority, Tower 42, 25 Old Broad Street, London, EC2N 1HQ, United Kingdom.-->   
<linkbase 
	xmlns="http://www.xbrl.org/2003/linkbase" 
	xmlns:xbrldt="http://xbrl.org/2005/xbrldt" 
	xmlns:xsi="http://www.w3.org/2001/XMLSchema-instance" 
	xmlns:xlink="http://www.w3.org/1999/xlink" 
	xsi:schemaLocation=" 
		http://www.xbrl.org/2003/linkbase http://www.xbrl.org/2003/xbrl-linkbase-2003-12-31.xsd">
  <arcroleRef xlink:type="simple" xlink:href="http://www.xbrl.org/2005/xbrldt-2005.xsd#all" arcroleURI="http://xbrl.org/int/dim/arcrole/all" />
  <arcroleRef xlink:type="simple" xlink:href="http://www.xbrl.org/2005/xbrldt-2005.xsd#notAll" arcroleURI="http://xbrl.org/int/dim/arcrole/notAll" />
  <arcroleRef xlink:type="simple" xlink:href="http://www.xbrl.org/2005/xbrldt-2005.xsd#domain-member" arcroleURI="http://xbrl.org/int/dim/arcrole/domain-member" />
  <arcroleRef xlink:type="simple" xlink:href="http://www.xbrl.org/2005/xbrldt-2005.xsd#hypercube-dimension" arcroleURI="http://xbrl.org/int/dim/arcrole/hypercube-dimension" />
  <arcroleRef xlink:type="simple" xlink:href="http://www.xbrl.org/2005/xbrldt-2005.xsd#dimension-domain" arcroleURI="http://xbrl.org/int/dim/arcrole/dimension-domain" />
  <arcroleRef xlink:type="simple" xlink:href="http://www.xbrl.org/2005/xbrldt-2005.xsd#dimension-default" arcroleURI="http://xbrl.org/int/dim/arcrole/dimension-default" />
  <roleRef xlink:type="simple" xlink:href="dc-EnConsMov-2008-01-01.xsd#HcConsolidationMovementsHypercube" roleURI="http://www.c-ebs.org/eu/fr/esrs/finrep/2008-01-01/role/HcConsolidationMovementsHypercube" />
  <roleRef xlink:type="simple" xlink:href="dc-EnConsMov-2008-01-01.xsd#HcExcludedConsolidationMovementsExcludingReasonForRemovalHypercube" roleURI="http://www.c-ebs.org/eu/fr/esrs/finrep/2008-01-01/role/HcExcludedConsolidationMovementsExcludingReasonForRemovalHypercube" />
  <definitionLink xlink:type="extended" xlink:role="http://www.c-ebs.org/eu/fr/esrs/finrep/2008-01-01/role/HcConsolidationMovementsHypercube">
    <loc xlink:type="locator" xlink:href="dc-EnConsMov-2008-01-01.xsd#dc-EnConsMov_HcConsolidationMovementsHypercube" xlink:label="dc-EnConsMov_HcConsolidationMovementsHypercube" />
    <loc xlink:type="locator" xlink:href="d-ConsMov-2008-01-01.xsd#d-ConsMov_ByConsolidationMovementsDimension" xlink:label="d-ConsMov_ByConsolidationMovementsDimension" />
    <definitionArc xlink:type="arc" xlink:arcrole="http://xbrl.org/int/dim/arcrole/hypercube-dimension" xlink:from="dc-EnConsMov_HcConsolidationMovementsHypercube" xlink:to="d-ConsMov_ByConsolidationMovementsDimension" order="1" use="optional" />
    <loc xlink:type="locator" xlink:href="d-ConsMov-2008-01-01.xsd#d-ConsMov_ConsMovDomain" xlink:label="d-ConsMov_ConsMovDomain" />
    <definitionArc xlink:type="arc" xlink:arcrole="http://xbrl.org/int/dim/arcrole/dimension-domain" xlink:from="d-ConsMov_ByConsolidationMovementsDimension" xlink:to="d-ConsMov_ConsMovDomain" order="1" use="optional" xbrldt:targetRole="http://www.xbrl.org/2003/role/link" xbrldt:usable="false" />
    <loc xlink:type="locator" xlink:href="d-EntityName-2008-01-01.xsd#d-EntityName_EntityNameDimension" xlink:label="d-EntityName_EntityNameDimension" />
    <definitionArc xlink:type="arc" xlink:arcrole="http://xbrl.org/int/dim/arcrole/hypercube-dimension" xlink:from="dc-EnConsMov_HcConsolidationMovementsHypercube" xlink:to="d-EntityName_EntityNameDimension" order="2" use="optional" />
  </definitionLink>
  <definitionLink xlink:type="extended" xlink:role="http://www.c-ebs.org/eu/fr/esrs/finrep/2008-01-01/role/HcExcludedConsolidationMovementsExcludingReasonForRemovalHypercube">
    <loc xlink:type="locator" xlink:href="dc-EnConsMov-2008-01-01.xsd#dc-EnConsMov_HcExcludedConsolidationMovementsExcludingReasonForRemovalHypercube" xlink:label="dc-EnConsMov_HcExcludedConsolidationMovementsExcludingReasonForRemovalHypercube" />
    <loc xlink:type="locator" xlink:href="d-ConsMov-2008-01-01.xsd#d-ConsMov_ByConsolidationMovementsDimension" xlink:label="d-ConsMov_ByConsolidationMovementsDimension" />
    <definitionArc xlink:type="arc" xlink:arcrole="http://xbrl.org/int/dim/arcrole/hypercube-dimension" xlink:from="dc-EnConsMov_HcExcludedConsolidationMovementsExcludingReasonForRemovalHypercube" xlink:to="d-ConsMov_ByConsolidationMovementsDimension" order="1" use="optional" />
    <loc xlink:type="locator" xlink:href="d-ConsMov-2008-01-01.xsd#d-ConsMov_ConsMovDomain" xlink:label="d-ConsMov_ConsMovDomain" />
    <definitionArc xlink:type="arc" xlink:arcrole="http://xbrl.org/int/dim/arcrole/dimension-domain" xlink:from="d-ConsMov_ByConsolidationMovementsDimension" xlink:to="d-ConsMov_ConsMovDomain" order="1" use="optional" xbrldt:usable="false" />
    <loc xlink:type="locator" xlink:href="d-ConsMov-2008-01-01.xsd#d-ConsMov_CompaniesConsolidatedEndReportingPeriod" xlink:label="d-ConsMov_CompaniesConsolidatedEndReportingPeriod" />
    <definitionArc xlink:type="arc" xlink:arcrole="http://xbrl.org/int/dim/arcrole/domain-member" xlink:from="d-ConsMov_ConsMovDomain" xlink:to="d-ConsMov_CompaniesConsolidatedEndReportingPeriod" order="4" use="optional" />
    <loc xlink:type="locator" xlink:href="d-ConsMov-2008-01-01.xsd#d-ConsMov_ConsolidatedCompaniesAddedPeriod" xlink:label="d-ConsMov_ConsolidatedCompaniesAddedPeriod" />
    <definitionArc xlink:type="arc" xlink:arcrole="http://xbrl.org/int/dim/arcrole/domain-member" xlink:from="d-ConsMov_ConsMovDomain" xlink:to="d-ConsMov_ConsolidatedCompaniesAddedPeriod" order="7" use="optional" />
    <loc xlink:type="locator" xlink:href="d-EntityName-2008-01-01.xsd#d-EntityName_EntityNameDimension" xlink:label="d-EntityName_EntityNameDimension" />
    <definitionArc xlink:type="arc" xlink:arcrole="http://xbrl.org/int/dim/arcrole/hypercube-dimension" xlink:from="dc-EnConsMov_HcExcludedConsolidationMovementsExcludingReasonForRemovalHypercube" xlink:to="d-EntityName_EntityNameDimension" order="2" use="optional" />
  </definitionLink>
</linkbase>