<?xml version="1.0" encoding="utf-8"?>
<?taxonomy-version 1.3.2?>
<!--Copyright (C) 2011 EBA - European Banking Authority, Tower 42, 25 Old Broad Street, London, EC2N 1HQ, United Kingdom.-->   
<linkbase
	xmlns="http://www.xbrl.org/2003/linkbase"
	xmlns:xsi="http://www.w3.org/2001/XMLSchema-instance"
	xmlns:xlink="http://www.w3.org/1999/xlink"
	xsi:schemaLocation=" http://www.xbrl.org/2003/linkbase http://www.xbrl.org/2003/xbrl-linkbase-2003-12-31.xsd">
  <labelLink xlink:type="extended" xlink:role="http://www.xbrl.org/2003/role/link">
    <loc xlink:type="locator" xlink:href="dc-PortFinA-2008-01-01.xsd#dc-PortFinA_HcNatureAssetsHypercube" xlink:label="dc-PortFinA_HcNatureAssetsHypercube" />
    <labelArc xlink:type="arc" xlink:arcrole="http://www.xbrl.org/2003/arcrole/concept-label" xlink:from="dc-PortFinA_HcNatureAssetsHypercube" xlink:to="dc-PortFinA_HcNatureAssetsHypercube_lbl" />
    <label id="dc-PortFinA_HcNatureAssetsHypercube_lbl_49" xlink:type="resource" xlink:role="http://www.xbrl.org/2003/role/label" xlink:label="dc-PortFinA_HcNatureAssetsHypercube_lbl" xml:lang="en">Nature of Assets Hypercube</label>
    <loc xlink:type="locator" xlink:href="dc-PortFinA-2008-01-01.xsd#dc-PortFinA_HcExcludedNatureAssetsHypercube" xlink:label="dc-PortFinA_HcExcludedNatureAssetsHypercube" />
    <labelArc xlink:type="arc" xlink:arcrole="http://www.xbrl.org/2003/arcrole/concept-label" xlink:from="dc-PortFinA_HcExcludedNatureAssetsHypercube" xlink:to="dc-PortFinA_HcExcludedNatureAssetsHypercube_lbl" />
    <label id="dc-PortFinA_HcExcludedNatureAssetsHypercube_lbl_31" xlink:type="resource" xlink:role="http://www.xbrl.org/2003/role/label" xlink:label="dc-PortFinA_HcExcludedNatureAssetsHypercube_lbl" xml:lang="en">Nature of Assets Excluding Hypercube</label>
  </labelLink>
</linkbase>