<?xml version="1.0" encoding="utf-8"?>
<?taxonomy-version 1.3.2?>
<!--Copyright (C) 2011 EBA - European Banking Authority, Tower 42, 25 Old Broad Street, London, EC2N 1HQ, United Kingdom.-->   
<linkbase 
	xmlns="http://www.xbrl.org/2003/linkbase" 
	xmlns:xbrldt="http://xbrl.org/2005/xbrldt" 
	xmlns:xsi="http://www.w3.org/2001/XMLSchema-instance" 
	xmlns:xlink="http://www.w3.org/1999/xlink" 
	xsi:schemaLocation=" 
		http://www.xbrl.org/2003/linkbase http://www.xbrl.org/2003/xbrl-linkbase-2003-12-31.xsd">
  <arcroleRef xlink:type="simple" xlink:href="http://www.xbrl.org/2005/xbrldt-2005.xsd#all" arcroleURI="http://xbrl.org/int/dim/arcrole/all" />
  <arcroleRef xlink:type="simple" xlink:href="http://www.xbrl.org/2005/xbrldt-2005.xsd#notAll" arcroleURI="http://xbrl.org/int/dim/arcrole/notAll" />
  <arcroleRef xlink:type="simple" xlink:href="http://www.xbrl.org/2005/xbrldt-2005.xsd#domain-member" arcroleURI="http://xbrl.org/int/dim/arcrole/domain-member" />
  <arcroleRef xlink:type="simple" xlink:href="http://www.xbrl.org/2005/xbrldt-2005.xsd#hypercube-dimension" arcroleURI="http://xbrl.org/int/dim/arcrole/hypercube-dimension" />
  <arcroleRef xlink:type="simple" xlink:href="http://www.xbrl.org/2005/xbrldt-2005.xsd#dimension-domain" arcroleURI="http://xbrl.org/int/dim/arcrole/dimension-domain" />
  <arcroleRef xlink:type="simple" xlink:href="http://www.xbrl.org/2005/xbrldt-2005.xsd#dimension-default" arcroleURI="http://xbrl.org/int/dim/arcrole/dimension-default" />
  <roleRef xlink:type="simple" xlink:href="dc-PortFinA-2008-01-01.xsd#HcNatureAssetsHypercube" roleURI="http://www.c-ebs.org/eu/fr/esrs/finrep/2008-01-01/role/HcNatureAssetsHypercube" />
  <roleRef xlink:type="simple" xlink:href="dc-PortFinA-2008-01-01.xsd#HcExcludedNatureAssetsHypercube" roleURI="http://www.c-ebs.org/eu/fr/esrs/finrep/2008-01-01/role/HcExcludedNatureAssetsHypercube" />
  <definitionLink xlink:type="extended" xlink:role="http://www.c-ebs.org/eu/fr/esrs/finrep/2008-01-01/role/HcNatureAssetsHypercube">
    <loc xlink:type="locator" xlink:href="dc-PortFinA-2008-01-01.xsd#dc-PortFinA_HcNatureAssetsHypercube" xlink:label="dc-PortFinA_HcNatureAssetsHypercube" />
    <loc xlink:type="locator" xlink:href="d-Portfolio-2008-01-01.xsd#d-Portfolio_ByPortfolioDimension" xlink:label="d-Portfolio_ByPortfolioDimension" />
    <definitionArc xlink:type="arc" xlink:arcrole="http://xbrl.org/int/dim/arcrole/hypercube-dimension" xlink:from="dc-PortFinA_HcNatureAssetsHypercube" xlink:to="d-Portfolio_ByPortfolioDimension" order="1" use="optional" />
    <loc xlink:type="locator" xlink:href="d-Portfolio-2008-01-01.xsd#d-Portfolio_PortfolioDomain" xlink:label="d-Portfolio_PortfolioDomain" />
    <definitionArc xlink:type="arc" xlink:arcrole="http://xbrl.org/int/dim/arcrole/dimension-domain" xlink:from="d-Portfolio_ByPortfolioDimension" xlink:to="d-Portfolio_PortfolioDomain" order="1" use="optional" xbrldt:usable="false" />
    <loc xlink:type="locator" xlink:href="d-Portfolio-2008-01-01.xsd#d-Portfolio_HeldForTrading" xlink:label="d-Portfolio_HeldForTrading" />
    <definitionArc xlink:type="arc" xlink:arcrole="http://xbrl.org/int/dim/arcrole/domain-member" xlink:from="d-Portfolio_PortfolioDomain" xlink:to="d-Portfolio_HeldForTrading" order="2" use="optional" />
    <loc xlink:type="locator" xlink:href="d-Portfolio-2008-01-01.xsd#d-Portfolio_DesignatedAsFairValueThroughProfitOrLoss" xlink:label="d-Portfolio_DesignatedAsFairValueThroughProfitOrLoss" />
    <definitionArc xlink:type="arc" xlink:arcrole="http://xbrl.org/int/dim/arcrole/domain-member" xlink:from="d-Portfolio_PortfolioDomain" xlink:to="d-Portfolio_DesignatedAsFairValueThroughProfitOrLoss" order="4" use="optional" />
    <loc xlink:type="locator" xlink:href="d-Portfolio-2008-01-01.xsd#d-Portfolio_AvailableForSale" xlink:label="d-Portfolio_AvailableForSale" />
    <definitionArc xlink:type="arc" xlink:arcrole="http://xbrl.org/int/dim/arcrole/domain-member" xlink:from="d-Portfolio_PortfolioDomain" xlink:to="d-Portfolio_AvailableForSale" order="6" use="optional" />
    <loc xlink:type="locator" xlink:href="d-Portfolio-2008-01-01.xsd#d-Portfolio_LoansAndReceivables" xlink:label="d-Portfolio_LoansAndReceivables" />
    <definitionArc xlink:type="arc" xlink:arcrole="http://xbrl.org/int/dim/arcrole/domain-member" xlink:from="d-Portfolio_PortfolioDomain" xlink:to="d-Portfolio_LoansAndReceivables" order="8" use="optional" />
    <loc xlink:type="locator" xlink:href="d-Portfolio-2008-01-01.xsd#d-Portfolio_HeldToMaturity" xlink:label="d-Portfolio_HeldToMaturity" />
    <definitionArc xlink:type="arc" xlink:arcrole="http://xbrl.org/int/dim/arcrole/domain-member" xlink:from="d-Portfolio_PortfolioDomain" xlink:to="d-Portfolio_HeldToMaturity" order="11" use="optional" />
    <loc xlink:type="locator" xlink:href="d-FinAssets-2008-01-01.xsd#d-FinAssets_ByFinancialAssetsDimension" xlink:label="d-FinAssets_ByFinancialAssetsDimension" />
    <definitionArc xlink:type="arc" xlink:arcrole="http://xbrl.org/int/dim/arcrole/hypercube-dimension" xlink:from="dc-PortFinA_HcNatureAssetsHypercube" xlink:to="d-FinAssets_ByFinancialAssetsDimension" order="2" use="optional" />
    <loc xlink:type="locator" xlink:href="d-FinAssets-2008-01-01.xsd#d-FinAssets_FinAssetsDomain" xlink:label="d-FinAssets_FinAssetsDomain" />
    <definitionArc xlink:type="arc" xlink:arcrole="http://xbrl.org/int/dim/arcrole/dimension-domain" xlink:from="d-FinAssets_ByFinancialAssetsDimension" xlink:to="d-FinAssets_FinAssetsDomain" order="1" use="optional" xbrldt:targetRole="http://www.xbrl.org/2003/role/link" xbrldt:usable="false" />
  </definitionLink>
  <definitionLink xlink:type="extended" xlink:role="http://www.c-ebs.org/eu/fr/esrs/finrep/2008-01-01/role/HcExcludedNatureAssetsHypercube">
    <loc xlink:type="locator" xlink:href="dc-PortFinA-2008-01-01.xsd#dc-PortFinA_HcExcludedNatureAssetsHypercube" xlink:label="dc-PortFinA_HcExcludedNatureAssetsHypercube" />
    <loc xlink:type="locator" xlink:href="d-Portfolio-2008-01-01.xsd#d-Portfolio_ByPortfolioDimension" xlink:label="d-Portfolio_ByPortfolioDimension" />
    <definitionArc xlink:type="arc" xlink:arcrole="http://xbrl.org/int/dim/arcrole/hypercube-dimension" xlink:from="dc-PortFinA_HcExcludedNatureAssetsHypercube" xlink:to="d-Portfolio_ByPortfolioDimension" order="1" use="optional" />
    <loc xlink:type="locator" xlink:href="d-Portfolio-2008-01-01.xsd#d-Portfolio_PortfolioDomain" xlink:label="d-Portfolio_PortfolioDomain" />
    <definitionArc xlink:type="arc" xlink:arcrole="http://xbrl.org/int/dim/arcrole/dimension-domain" xlink:from="d-Portfolio_ByPortfolioDimension" xlink:to="d-Portfolio_PortfolioDomain" order="1" use="optional" xbrldt:usable="false" />
    <loc xlink:type="locator" xlink:href="d-Portfolio-2008-01-01.xsd#d-Portfolio_LoansAndReceivables" xlink:label="d-Portfolio_LoansAndReceivables" />
    <definitionArc xlink:type="arc" xlink:arcrole="http://xbrl.org/int/dim/arcrole/domain-member" xlink:from="d-Portfolio_PortfolioDomain" xlink:to="d-Portfolio_LoansAndReceivables" order="8" use="optional" />
    <loc xlink:type="locator" xlink:href="d-Portfolio-2008-01-01.xsd#d-Portfolio_HeldToMaturity" xlink:label="d-Portfolio_HeldToMaturity" />
    <definitionArc xlink:type="arc" xlink:arcrole="http://xbrl.org/int/dim/arcrole/domain-member" xlink:from="d-Portfolio_PortfolioDomain" xlink:to="d-Portfolio_HeldToMaturity" order="10" use="optional" />
    <loc xlink:type="locator" xlink:href="d-FinAssets-2008-01-01.xsd#d-FinAssets_ByFinancialAssetsDimension" xlink:label="d-FinAssets_ByFinancialAssetsDimension" />
    <definitionArc xlink:type="arc" xlink:arcrole="http://xbrl.org/int/dim/arcrole/hypercube-dimension" xlink:from="dc-PortFinA_HcExcludedNatureAssetsHypercube" xlink:to="d-FinAssets_ByFinancialAssetsDimension" order="2" use="optional" />
    <loc xlink:type="locator" xlink:href="d-FinAssets-2008-01-01.xsd#d-FinAssets_FinAssetsDomain" xlink:label="d-FinAssets_FinAssetsDomain" />
    <definitionArc xlink:type="arc" xlink:arcrole="http://xbrl.org/int/dim/arcrole/dimension-domain" xlink:from="d-FinAssets_ByFinancialAssetsDimension" xlink:to="d-FinAssets_FinAssetsDomain" order="1" use="optional" xbrldt:usable="false" />
    <loc xlink:type="locator" xlink:href="d-FinAssets-2008-01-01.xsd#d-FinAssets_EquityInstruments" xlink:label="d-FinAssets_EquityInstruments" />
    <definitionArc xlink:type="arc" xlink:arcrole="http://xbrl.org/int/dim/arcrole/domain-member" xlink:from="d-FinAssets_FinAssetsDomain" xlink:to="d-FinAssets_EquityInstruments" order="5" use="optional" />
  </definitionLink>
</linkbase>