<?xml version="1.0" encoding="utf-8"?>
<?taxonomy-version 1.3.2?>
<!--Copyright (C) 2011 EBA - European Banking Authority, Tower 42, 25 Old Broad Street, London, EC2N 1HQ, United Kingdom.-->   
<linkbase
	xmlns="http://www.xbrl.org/2003/linkbase"
	xmlns:xsi="http://www.w3.org/2001/XMLSchema-instance"
	xmlns:xlink="http://www.w3.org/1999/xlink"
	xsi:schemaLocation=" http://www.xbrl.org/2003/linkbase http://www.xbrl.org/2003/xbrl-linkbase-2003-12-31.xsd">
  <arcroleRef xlink:type="simple" xlink:href="http://www.xbrl.org/2005/xbrldt-2005.xsd#domain-member" arcroleURI="http://xbrl.org/int/dim/arcrole/domain-member" />
  <roleRef xlink:type="simple" xlink:href="p-FINREP-2008-01-01-T06-LoansAndReceivablesAndHTMInvestments.xsd#LoansAndReceivablesAndHTMInvestments" roleURI="http://www.c-ebs.org/eu/fr/esrs/finrep/2008-01-01/role/LoansAndReceivablesAndHTMInvestments" />
  <definitionLink xlink:type="extended" xlink:role="http://www.c-ebs.org/eu/fr/esrs/finrep/2008-01-01/role/LoansAndReceivablesAndHTMInvestments">
    <loc xlink:type="locator" xlink:href="p-FINREP-2008-01-01.xsd#p-FINREP_LoansAndReceivablesAndHeldToMaturityInvestmentsPresentation" xlink:label="p-FINREP_LoansAndReceivablesAndHeldToMaturityInvestmentsPresentation" />
    <loc xlink:type="locator" xlink:href="p-FINREP-2008-01-01.xsd#p-FINREP_LoansAndReceivablesPresentation" xlink:label="p-FINREP_LoansAndReceivablesPresentation" />
    <definitionArc xlink:type="arc" xlink:arcrole="http://xbrl.org/int/dim/arcrole/domain-member" xlink:from="p-FINREP_LoansAndReceivablesAndHeldToMaturityInvestmentsPresentation" xlink:to="p-FINREP_LoansAndReceivablesPresentation" order="1" use="optional" />
    <loc xlink:type="locator" xlink:href="p-FINREP-2008-01-01.xsd#p-FINREP_LoansAndReceivablesDebtInstrumentsPresentation" xlink:label="p-FINREP_LoansAndReceivablesDebtInstrumentsPresentation" />
    <definitionArc xlink:type="arc" xlink:arcrole="http://xbrl.org/int/dim/arcrole/domain-member" xlink:from="p-FINREP_LoansAndReceivablesPresentation" xlink:to="p-FINREP_LoansAndReceivablesDebtInstrumentsPresentation" order="1" use="optional" />
    <loc xlink:type="locator" xlink:href="p-FINREP-2008-01-01.xsd#p-FINREP_LoansAndReceivablesDebtInstrumentsUnimpairedAssets" xlink:label="p-FINREP_LoansAndReceivablesDebtInstrumentsUnimpairedAssets" />
    <definitionArc xlink:type="arc" xlink:arcrole="http://xbrl.org/int/dim/arcrole/domain-member" xlink:from="p-FINREP_LoansAndReceivablesDebtInstrumentsPresentation" xlink:to="p-FINREP_LoansAndReceivablesDebtInstrumentsUnimpairedAssets" order="1" use="optional" />
    <loc xlink:type="locator" xlink:href="p-FINREP-2008-01-01.xsd#p-FINREP_LoansAndReceivablesDebtInstrumentsImpairedAssetsGross" xlink:label="p-FINREP_LoansAndReceivablesDebtInstrumentsImpairedAssetsGross" />
    <definitionArc xlink:type="arc" xlink:arcrole="http://xbrl.org/int/dim/arcrole/domain-member" xlink:from="p-FINREP_LoansAndReceivablesDebtInstrumentsPresentation" xlink:to="p-FINREP_LoansAndReceivablesDebtInstrumentsImpairedAssetsGross" order="2" use="optional" />
    <loc xlink:type="locator" xlink:href="p-FINREP-2008-01-01.xsd#p-FINREP_LoansAndReceivablesDebtInstrumentsAllowancesForIndividuallyAssessedFinancialAssets" xlink:label="p-FINREP_LoansAndReceivablesDebtInstrumentsAllowancesForIndividuallyAssessedFinancialAssets" />
    <definitionArc xlink:type="arc" xlink:arcrole="http://xbrl.org/int/dim/arcrole/domain-member" xlink:from="p-FINREP_LoansAndReceivablesDebtInstrumentsPresentation" xlink:to="p-FINREP_LoansAndReceivablesDebtInstrumentsAllowancesForIndividuallyAssessedFinancialAssets" order="3" use="optional" />
    <loc xlink:type="locator" xlink:href="p-FINREP-2008-01-01.xsd#p-FINREP_LoansAndReceivablesDebtInstrumentsAllowancesForCollectivelyAssessedFinancialAssets" xlink:label="p-FINREP_LoansAndReceivablesDebtInstrumentsAllowancesForCollectivelyAssessedFinancialAssets" />
    <definitionArc xlink:type="arc" xlink:arcrole="http://xbrl.org/int/dim/arcrole/domain-member" xlink:from="p-FINREP_LoansAndReceivablesDebtInstrumentsPresentation" xlink:to="p-FINREP_LoansAndReceivablesDebtInstrumentsAllowancesForCollectivelyAssessedFinancialAssets" order="4" use="optional" />
    <loc xlink:type="locator" xlink:href="p-FINREP-2008-01-01.xsd#p-FINREP_LoansAndReceivablesDebtInstruments" xlink:label="p-FINREP_LoansAndReceivablesDebtInstruments" />
    <definitionArc xlink:type="arc" xlink:arcrole="http://xbrl.org/int/dim/arcrole/domain-member" xlink:from="p-FINREP_LoansAndReceivablesDebtInstrumentsPresentation" xlink:to="p-FINREP_LoansAndReceivablesDebtInstruments" order="5" use="optional" />
    <loc xlink:type="locator" xlink:href="p-FINREP-2008-01-01.xsd#p-FINREP_LoansAndReceivablesLoansAndAdvancesPresentation" xlink:label="p-FINREP_LoansAndReceivablesLoansAndAdvancesPresentation" />
    <definitionArc xlink:type="arc" xlink:arcrole="http://xbrl.org/int/dim/arcrole/domain-member" xlink:from="p-FINREP_LoansAndReceivablesPresentation" xlink:to="p-FINREP_LoansAndReceivablesLoansAndAdvancesPresentation" order="2" use="optional" />
    <loc xlink:type="locator" xlink:href="p-FINREP-2008-01-01.xsd#p-FINREP_LoansAndReceivablesLoansAndAdvancesUnimpairedAssets" xlink:label="p-FINREP_LoansAndReceivablesLoansAndAdvancesUnimpairedAssets" />
    <definitionArc xlink:type="arc" xlink:arcrole="http://xbrl.org/int/dim/arcrole/domain-member" xlink:from="p-FINREP_LoansAndReceivablesLoansAndAdvancesPresentation" xlink:to="p-FINREP_LoansAndReceivablesLoansAndAdvancesUnimpairedAssets" order="1" use="optional" />
    <loc xlink:type="locator" xlink:href="p-FINREP-2008-01-01.xsd#p-FINREP_LoansAndReceivablesLoansAndAdvancesImpairedAssetsGross" xlink:label="p-FINREP_LoansAndReceivablesLoansAndAdvancesImpairedAssetsGross" />
    <definitionArc xlink:type="arc" xlink:arcrole="http://xbrl.org/int/dim/arcrole/domain-member" xlink:from="p-FINREP_LoansAndReceivablesLoansAndAdvancesPresentation" xlink:to="p-FINREP_LoansAndReceivablesLoansAndAdvancesImpairedAssetsGross" order="2" use="optional" />
    <loc xlink:type="locator" xlink:href="p-FINREP-2008-01-01.xsd#p-FINREP_LoansAndReceivablesLoansAndAdvancesAllowancesForIndividuallyAssessedFinancialAssets" xlink:label="p-FINREP_LoansAndReceivablesLoansAndAdvancesAllowancesForIndividuallyAssessedFinancialAssets" />
    <definitionArc xlink:type="arc" xlink:arcrole="http://xbrl.org/int/dim/arcrole/domain-member" xlink:from="p-FINREP_LoansAndReceivablesLoansAndAdvancesPresentation" xlink:to="p-FINREP_LoansAndReceivablesLoansAndAdvancesAllowancesForIndividuallyAssessedFinancialAssets" order="3" use="optional" />
    <loc xlink:type="locator" xlink:href="p-FINREP-2008-01-01.xsd#p-FINREP_LoansAndReceivablesLoansAndAdvancesAllowancesForCollectivelyAssessedFinancialAssets" xlink:label="p-FINREP_LoansAndReceivablesLoansAndAdvancesAllowancesForCollectivelyAssessedFinancialAssets" />
    <definitionArc xlink:type="arc" xlink:arcrole="http://xbrl.org/int/dim/arcrole/domain-member" xlink:from="p-FINREP_LoansAndReceivablesLoansAndAdvancesPresentation" xlink:to="p-FINREP_LoansAndReceivablesLoansAndAdvancesAllowancesForCollectivelyAssessedFinancialAssets" order="4" use="optional" />
    <loc xlink:type="locator" xlink:href="p-FINREP-2008-01-01.xsd#p-FINREP_LoansAndReceivablesLoansAndAdvances" xlink:label="p-FINREP_LoansAndReceivablesLoansAndAdvances" />
    <definitionArc xlink:type="arc" xlink:arcrole="http://xbrl.org/int/dim/arcrole/domain-member" xlink:from="p-FINREP_LoansAndReceivablesLoansAndAdvancesPresentation" xlink:to="p-FINREP_LoansAndReceivablesLoansAndAdvances" order="5" use="optional" />
    <loc xlink:type="locator" xlink:href="p-FINREP-2008-01-01.xsd#p-FINREP_LoansAndReceivablesTotalPresentation" xlink:label="p-FINREP_LoansAndReceivablesTotalPresentation" />
    <definitionArc xlink:type="arc" xlink:arcrole="http://xbrl.org/int/dim/arcrole/domain-member" xlink:from="p-FINREP_LoansAndReceivablesPresentation" xlink:to="p-FINREP_LoansAndReceivablesTotalPresentation" order="3" use="optional" />
    <loc xlink:type="locator" xlink:href="p-FINREP-2008-01-01.xsd#p-FINREP_LoansAndReceivablesTotalUnimpairedAssets" xlink:label="p-FINREP_LoansAndReceivablesTotalUnimpairedAssets" />
    <definitionArc xlink:type="arc" xlink:arcrole="http://xbrl.org/int/dim/arcrole/domain-member" xlink:from="p-FINREP_LoansAndReceivablesTotalPresentation" xlink:to="p-FINREP_LoansAndReceivablesTotalUnimpairedAssets" order="1" use="optional" />
    <loc xlink:type="locator" xlink:href="p-FINREP-2008-01-01.xsd#p-FINREP_LoansAndReceivablesTotalImpairedAssetsGross" xlink:label="p-FINREP_LoansAndReceivablesTotalImpairedAssetsGross" />
    <definitionArc xlink:type="arc" xlink:arcrole="http://xbrl.org/int/dim/arcrole/domain-member" xlink:from="p-FINREP_LoansAndReceivablesTotalPresentation" xlink:to="p-FINREP_LoansAndReceivablesTotalImpairedAssetsGross" order="2" use="optional" />
    <loc xlink:type="locator" xlink:href="p-FINREP-2008-01-01.xsd#p-FINREP_LoansAndReceivablesTotalAllowancesForIndividuallyAssessedFinancialAssets" xlink:label="p-FINREP_LoansAndReceivablesTotalAllowancesForIndividuallyAssessedFinancialAssets" />
    <definitionArc xlink:type="arc" xlink:arcrole="http://xbrl.org/int/dim/arcrole/domain-member" xlink:from="p-FINREP_LoansAndReceivablesTotalPresentation" xlink:to="p-FINREP_LoansAndReceivablesTotalAllowancesForIndividuallyAssessedFinancialAssets" order="3" use="optional" />
    <loc xlink:type="locator" xlink:href="p-FINREP-2008-01-01.xsd#p-FINREP_LoansAndReceivablesTotalAllowancesForCollectivelyAssessedFinancialAssets" xlink:label="p-FINREP_LoansAndReceivablesTotalAllowancesForCollectivelyAssessedFinancialAssets" />
    <definitionArc xlink:type="arc" xlink:arcrole="http://xbrl.org/int/dim/arcrole/domain-member" xlink:from="p-FINREP_LoansAndReceivablesTotalPresentation" xlink:to="p-FINREP_LoansAndReceivablesTotalAllowancesForCollectivelyAssessedFinancialAssets" order="4" use="optional" />
    <loc xlink:type="locator" xlink:href="http://xbrl.iasb.org/int/fr/ifrs/gp/2006-08-15/ifrs-gp-2006-08-15.xsd#ifrs-gp_LoansAndReceivablesTotal" xlink:label="ifrs-gp_LoansAndReceivablesTotal" />
    <definitionArc xlink:type="arc" xlink:arcrole="http://xbrl.org/int/dim/arcrole/domain-member" xlink:from="p-FINREP_LoansAndReceivablesTotalPresentation" xlink:to="ifrs-gp_LoansAndReceivablesTotal" order="5" use="optional" />
    <loc xlink:type="locator" xlink:href="p-FINREP-2008-01-01.xsd#p-FINREP_HeldToMaturityInvestmentsPresentation" xlink:label="p-FINREP_HeldToMaturityInvestmentsPresentation" />
    <definitionArc xlink:type="arc" xlink:arcrole="http://xbrl.org/int/dim/arcrole/domain-member" xlink:from="p-FINREP_LoansAndReceivablesAndHeldToMaturityInvestmentsPresentation" xlink:to="p-FINREP_HeldToMaturityInvestmentsPresentation" order="2" use="optional" />
    <loc xlink:type="locator" xlink:href="p-FINREP-2008-01-01.xsd#p-FINREP_HeldToMaturityInvestmentsDebtInstrumentsPresentation" xlink:label="p-FINREP_HeldToMaturityInvestmentsDebtInstrumentsPresentation" />
    <definitionArc xlink:type="arc" xlink:arcrole="http://xbrl.org/int/dim/arcrole/domain-member" xlink:from="p-FINREP_HeldToMaturityInvestmentsPresentation" xlink:to="p-FINREP_HeldToMaturityInvestmentsDebtInstrumentsPresentation" order="1" use="optional" />
    <loc xlink:type="locator" xlink:href="p-FINREP-2008-01-01.xsd#p-FINREP_HeldToMaturityInvestmentsDebtInstrumentsUnimpairedAssets" xlink:label="p-FINREP_HeldToMaturityInvestmentsDebtInstrumentsUnimpairedAssets" />
    <definitionArc xlink:type="arc" xlink:arcrole="http://xbrl.org/int/dim/arcrole/domain-member" xlink:from="p-FINREP_HeldToMaturityInvestmentsDebtInstrumentsPresentation" xlink:to="p-FINREP_HeldToMaturityInvestmentsDebtInstrumentsUnimpairedAssets" order="1" use="optional" />
    <loc xlink:type="locator" xlink:href="p-FINREP-2008-01-01.xsd#p-FINREP_HeldToMaturityInvestmentsDebtInstrumentsImpairedAssetsGross" xlink:label="p-FINREP_HeldToMaturityInvestmentsDebtInstrumentsImpairedAssetsGross" />
    <definitionArc xlink:type="arc" xlink:arcrole="http://xbrl.org/int/dim/arcrole/domain-member" xlink:from="p-FINREP_HeldToMaturityInvestmentsDebtInstrumentsPresentation" xlink:to="p-FINREP_HeldToMaturityInvestmentsDebtInstrumentsImpairedAssetsGross" order="2" use="optional" />
    <loc xlink:type="locator" xlink:href="p-FINREP-2008-01-01.xsd#p-FINREP_HeldToMaturityInvestmentsDebtInstrumentsAllowancesForIndividuallyAssessedFinancialAssets" xlink:label="p-FINREP_HeldToMaturityInvestmentsDebtInstrumentsAllowancesForIndividuallyAssessedFinancialAssets" />
    <definitionArc xlink:type="arc" xlink:arcrole="http://xbrl.org/int/dim/arcrole/domain-member" xlink:from="p-FINREP_HeldToMaturityInvestmentsDebtInstrumentsPresentation" xlink:to="p-FINREP_HeldToMaturityInvestmentsDebtInstrumentsAllowancesForIndividuallyAssessedFinancialAssets" order="3" use="optional" />
    <loc xlink:type="locator" xlink:href="p-FINREP-2008-01-01.xsd#p-FINREP_HeldToMaturityInvestmentsDebtInstrumentsAllowancesForCollectivelyAssessedFinancialAssets" xlink:label="p-FINREP_HeldToMaturityInvestmentsDebtInstrumentsAllowancesForCollectivelyAssessedFinancialAssets" />
    <definitionArc xlink:type="arc" xlink:arcrole="http://xbrl.org/int/dim/arcrole/domain-member" xlink:from="p-FINREP_HeldToMaturityInvestmentsDebtInstrumentsPresentation" xlink:to="p-FINREP_HeldToMaturityInvestmentsDebtInstrumentsAllowancesForCollectivelyAssessedFinancialAssets" order="4" use="optional" />
    <loc xlink:type="locator" xlink:href="p-FINREP-2008-01-01.xsd#p-FINREP_HeldToMaturityInvestmentsDebtInstruments" xlink:label="p-FINREP_HeldToMaturityInvestmentsDebtInstruments" />
    <definitionArc xlink:type="arc" xlink:arcrole="http://xbrl.org/int/dim/arcrole/domain-member" xlink:from="p-FINREP_HeldToMaturityInvestmentsDebtInstrumentsPresentation" xlink:to="p-FINREP_HeldToMaturityInvestmentsDebtInstruments" order="5" use="optional" />
    <loc xlink:type="locator" xlink:href="p-FINREP-2008-01-01.xsd#p-FINREP_HeldToMaturityInvestmentsLoansAndAdvancesPresentation" xlink:label="p-FINREP_HeldToMaturityInvestmentsLoansAndAdvancesPresentation" />
    <definitionArc xlink:type="arc" xlink:arcrole="http://xbrl.org/int/dim/arcrole/domain-member" xlink:from="p-FINREP_HeldToMaturityInvestmentsPresentation" xlink:to="p-FINREP_HeldToMaturityInvestmentsLoansAndAdvancesPresentation" order="2" use="optional" />
    <loc xlink:type="locator" xlink:href="p-FINREP-2008-01-01.xsd#p-FINREP_HeldToMaturityInvestmentsLoansAndAdvancesUnimpairedAssets" xlink:label="p-FINREP_HeldToMaturityInvestmentsLoansAndAdvancesUnimpairedAssets" />
    <definitionArc xlink:type="arc" xlink:arcrole="http://xbrl.org/int/dim/arcrole/domain-member" xlink:from="p-FINREP_HeldToMaturityInvestmentsLoansAndAdvancesPresentation" xlink:to="p-FINREP_HeldToMaturityInvestmentsLoansAndAdvancesUnimpairedAssets" order="1" use="optional" />
    <loc xlink:type="locator" xlink:href="p-FINREP-2008-01-01.xsd#p-FINREP_HeldToMaturityInvestmentsLoansAndAdvancesImpairedAssetsGross" xlink:label="p-FINREP_HeldToMaturityInvestmentsLoansAndAdvancesImpairedAssetsGross" />
    <definitionArc xlink:type="arc" xlink:arcrole="http://xbrl.org/int/dim/arcrole/domain-member" xlink:from="p-FINREP_HeldToMaturityInvestmentsLoansAndAdvancesPresentation" xlink:to="p-FINREP_HeldToMaturityInvestmentsLoansAndAdvancesImpairedAssetsGross" order="2" use="optional" />
    <loc xlink:type="locator" xlink:href="p-FINREP-2008-01-01.xsd#p-FINREP_HeldToMaturityInvestmentsLoansAndAdvancesAllowancesForIndividuallyAssessedFinancialAssets" xlink:label="p-FINREP_HeldToMaturityInvestmentsLoansAndAdvancesAllowancesForIndividuallyAssessedFinancialAssets" />
    <definitionArc xlink:type="arc" xlink:arcrole="http://xbrl.org/int/dim/arcrole/domain-member" xlink:from="p-FINREP_HeldToMaturityInvestmentsLoansAndAdvancesPresentation" xlink:to="p-FINREP_HeldToMaturityInvestmentsLoansAndAdvancesAllowancesForIndividuallyAssessedFinancialAssets" order="3" use="optional" />
    <loc xlink:type="locator" xlink:href="p-FINREP-2008-01-01.xsd#p-FINREP_HeldToMaturityInvestmentsLoansAndAdvancesAllowancesForCollectivelyAssessedFinancialAssets" xlink:label="p-FINREP_HeldToMaturityInvestmentsLoansAndAdvancesAllowancesForCollectivelyAssessedFinancialAssets" />
    <definitionArc xlink:type="arc" xlink:arcrole="http://xbrl.org/int/dim/arcrole/domain-member" xlink:from="p-FINREP_HeldToMaturityInvestmentsLoansAndAdvancesPresentation" xlink:to="p-FINREP_HeldToMaturityInvestmentsLoansAndAdvancesAllowancesForCollectivelyAssessedFinancialAssets" order="4" use="optional" />
    <loc xlink:type="locator" xlink:href="p-FINREP-2008-01-01.xsd#p-FINREP_HeldToMaturityInvestmentsLoansAndAdvancesTotal" xlink:label="p-FINREP_HeldToMaturityInvestmentsLoansAndAdvancesTotal" />
    <definitionArc xlink:type="arc" xlink:arcrole="http://xbrl.org/int/dim/arcrole/domain-member" xlink:from="p-FINREP_HeldToMaturityInvestmentsLoansAndAdvancesPresentation" xlink:to="p-FINREP_HeldToMaturityInvestmentsLoansAndAdvancesTotal" order="5" use="optional" />
    <loc xlink:type="locator" xlink:href="p-FINREP-2008-01-01.xsd#p-FINREP_HeldToMaturityInvestmentsTotalPresentation" xlink:label="p-FINREP_HeldToMaturityInvestmentsTotalPresentation" />
    <definitionArc xlink:type="arc" xlink:arcrole="http://xbrl.org/int/dim/arcrole/domain-member" xlink:from="p-FINREP_HeldToMaturityInvestmentsPresentation" xlink:to="p-FINREP_HeldToMaturityInvestmentsTotalPresentation" order="3" use="optional" />
    <loc xlink:type="locator" xlink:href="p-FINREP-2008-01-01.xsd#p-FINREP_HeldToMaturityInvestmentsTotalUnimpairedAssets" xlink:label="p-FINREP_HeldToMaturityInvestmentsTotalUnimpairedAssets" />
    <definitionArc xlink:type="arc" xlink:arcrole="http://xbrl.org/int/dim/arcrole/domain-member" xlink:from="p-FINREP_HeldToMaturityInvestmentsTotalPresentation" xlink:to="p-FINREP_HeldToMaturityInvestmentsTotalUnimpairedAssets" order="1" use="optional" />
    <loc xlink:type="locator" xlink:href="p-FINREP-2008-01-01.xsd#p-FINREP_HeldToMaturityInvestmentsTotalImpairedAssetsGross" xlink:label="p-FINREP_HeldToMaturityInvestmentsTotalImpairedAssetsGross" />
    <definitionArc xlink:type="arc" xlink:arcrole="http://xbrl.org/int/dim/arcrole/domain-member" xlink:from="p-FINREP_HeldToMaturityInvestmentsTotalPresentation" xlink:to="p-FINREP_HeldToMaturityInvestmentsTotalImpairedAssetsGross" order="2" use="optional" />
    <loc xlink:type="locator" xlink:href="p-FINREP-2008-01-01.xsd#p-FINREP_HeldToMaturityInvestmentsTotalAllowancesForIndividuallyAssessedFinancialAssets" xlink:label="p-FINREP_HeldToMaturityInvestmentsTotalAllowancesForIndividuallyAssessedFinancialAssets" />
    <definitionArc xlink:type="arc" xlink:arcrole="http://xbrl.org/int/dim/arcrole/domain-member" xlink:from="p-FINREP_HeldToMaturityInvestmentsTotalPresentation" xlink:to="p-FINREP_HeldToMaturityInvestmentsTotalAllowancesForIndividuallyAssessedFinancialAssets" order="3" use="optional" />
    <loc xlink:type="locator" xlink:href="p-FINREP-2008-01-01.xsd#p-FINREP_HeldToMaturityInvestmentsTotalAllowancesForCollectivelyAssessedFinancialAssets" xlink:label="p-FINREP_HeldToMaturityInvestmentsTotalAllowancesForCollectivelyAssessedFinancialAssets" />
    <definitionArc xlink:type="arc" xlink:arcrole="http://xbrl.org/int/dim/arcrole/domain-member" xlink:from="p-FINREP_HeldToMaturityInvestmentsTotalPresentation" xlink:to="p-FINREP_HeldToMaturityInvestmentsTotalAllowancesForCollectivelyAssessedFinancialAssets" order="4" use="optional" />
    <loc xlink:type="locator" xlink:href="http://xbrl.iasb.org/int/fr/ifrs/gp/2006-08-15/ifrs-gp-2006-08-15.xsd#ifrs-gp_HeldToMaturityInvestmentsTotal" xlink:label="ifrs-gp_HeldToMaturityInvestmentsTotal" />
    <definitionArc xlink:type="arc" xlink:arcrole="http://xbrl.org/int/dim/arcrole/domain-member" xlink:from="p-FINREP_HeldToMaturityInvestmentsTotalPresentation" xlink:to="ifrs-gp_HeldToMaturityInvestmentsTotal" order="5" use="optional" />
  </definitionLink>
</linkbase>