<?xml version="1.0" encoding="utf-8"?>
<?taxonomy-version 1.3.2?>
<!--Copyright (C) 2011 EBA - European Banking Authority, Tower 42, 25 Old Broad Street, London, EC2N 1HQ, United Kingdom.-->   
<linkbase
	xmlns="http://www.xbrl.org/2003/linkbase"
	xmlns:xsi="http://www.w3.org/2001/XMLSchema-instance"
	xmlns:xlink="http://www.w3.org/1999/xlink"
	xsi:schemaLocation=" http://www.xbrl.org/2003/linkbase http://www.xbrl.org/2003/xbrl-linkbase-2003-12-31.xsd">
  <arcroleRef xlink:type="simple" xlink:href="http://www.xbrl.org/2005/xbrldt-2005.xsd#domain-member" arcroleURI="http://xbrl.org/int/dim/arcrole/domain-member" />
  <roleRef xlink:type="simple" xlink:href="p-FINREP-2008-01-01-T18-Provisions.xsd#Provisions" roleURI="http://www.c-ebs.org/eu/fr/esrs/finrep/2008-01-01/role/Provisions" />
  <definitionLink xlink:type="extended" xlink:role="http://www.c-ebs.org/eu/fr/esrs/finrep/2008-01-01/role/Provisions">
    <loc xlink:type="locator" xlink:href="p-FINREP-2008-01-01.xsd#p-FINREP_ProvisionsPresentation" xlink:label="p-FINREP_ProvisionsPresentation" />
    <loc xlink:type="locator" xlink:href="p-FINREP-2008-01-01.xsd#p-FINREP_MovementsInProvisionsRestructuringProvisionsPresentation" xlink:label="p-FINREP_MovementsInProvisionsRestructuringProvisionsPresentation" />
    <definitionArc xlink:type="arc" xlink:arcrole="http://xbrl.org/int/dim/arcrole/domain-member" xlink:from="p-FINREP_ProvisionsPresentation" xlink:to="p-FINREP_MovementsInProvisionsRestructuringProvisionsPresentation" order="1" use="optional" />
    <loc xlink:type="locator" xlink:href="http://xbrl.iasb.org/int/fr/ifrs/gp/2006-08-15/ifrs-gp-2006-08-15.xsd#ifrs-gp_RestructuringProvisionTotal" xlink:label="ifrs-gp_RestructuringProvisionTotal" />
    <definitionArc xlink:type="arc" xlink:arcrole="http://xbrl.org/int/dim/arcrole/domain-member" xlink:from="p-FINREP_MovementsInProvisionsRestructuringProvisionsPresentation" xlink:to="ifrs-gp_RestructuringProvisionTotal" order="1" use="optional" />
    <loc xlink:type="locator" xlink:href="p-FINREP-2008-01-01.xsd#p-FINREP_ChangesInRestructuringProvisionsPresentation" xlink:label="p-FINREP_ChangesInRestructuringProvisionsPresentation" />
    <definitionArc xlink:type="arc" xlink:arcrole="http://xbrl.org/int/dim/arcrole/domain-member" xlink:from="p-FINREP_MovementsInProvisionsRestructuringProvisionsPresentation" xlink:to="p-FINREP_ChangesInRestructuringProvisionsPresentation" order="2" use="optional" />
    <loc xlink:type="locator" xlink:href="p-FINREP-2008-01-01.xsd#p-FINREP_AdditionsRestructuringProvision" xlink:label="p-FINREP_AdditionsRestructuringProvision" />
    <definitionArc xlink:type="arc" xlink:arcrole="http://xbrl.org/int/dim/arcrole/domain-member" xlink:from="p-FINREP_ChangesInRestructuringProvisionsPresentation" xlink:to="p-FINREP_AdditionsRestructuringProvision" order="1" use="optional" />
    <loc xlink:type="locator" xlink:href="http://xbrl.iasb.org/int/fr/ifrs/gp/2006-08-15/ifrs-gp-2006-08-15.xsd#ifrs-gp_ProvisionUsedRestructuringProvision" xlink:label="ifrs-gp_ProvisionUsedRestructuringProvision" />
    <definitionArc xlink:type="arc" xlink:arcrole="http://xbrl.org/int/dim/arcrole/domain-member" xlink:from="p-FINREP_ChangesInRestructuringProvisionsPresentation" xlink:to="ifrs-gp_ProvisionUsedRestructuringProvision" order="2" use="optional" />
    <loc xlink:type="locator" xlink:href="http://xbrl.iasb.org/int/fr/ifrs/gp/2006-08-15/ifrs-gp-2006-08-15.xsd#ifrs-gp_UnusedProvisionReversedRestructuringProvision" xlink:label="ifrs-gp_UnusedProvisionReversedRestructuringProvision" />
    <definitionArc xlink:type="arc" xlink:arcrole="http://xbrl.org/int/dim/arcrole/domain-member" xlink:from="p-FINREP_ChangesInRestructuringProvisionsPresentation" xlink:to="ifrs-gp_UnusedProvisionReversedRestructuringProvision" order="3" use="optional" />
    <loc xlink:type="locator" xlink:href="p-FINREP-2008-01-01.xsd#p-FINREP_AcquisitionsDisposalsThroughBusinessCombinationsRestructuringProvision" xlink:label="p-FINREP_AcquisitionsDisposalsThroughBusinessCombinationsRestructuringProvision" />
    <definitionArc xlink:type="arc" xlink:arcrole="http://xbrl.org/int/dim/arcrole/domain-member" xlink:from="p-FINREP_ChangesInRestructuringProvisionsPresentation" xlink:to="p-FINREP_AcquisitionsDisposalsThroughBusinessCombinationsRestructuringProvision" order="4" use="optional" />
    <loc xlink:type="locator" xlink:href="p-FINREP-2008-01-01.xsd#p-FINREP_IncreaseDecreaseInTheTimeValueOfMoneyAdjustmentAndChangeInDiscountRateRestructuringProvision" xlink:label="p-FINREP_IncreaseDecreaseInTheTimeValueOfMoneyAdjustmentAndChangeInDiscountRateRestructuringProvision" />
    <definitionArc xlink:type="arc" xlink:arcrole="http://xbrl.org/int/dim/arcrole/domain-member" xlink:from="p-FINREP_ChangesInRestructuringProvisionsPresentation" xlink:to="p-FINREP_IncreaseDecreaseInTheTimeValueOfMoneyAdjustmentAndChangeInDiscountRateRestructuringProvision" order="5" use="optional" />
    <loc xlink:type="locator" xlink:href="http://xbrl.iasb.org/int/fr/ifrs/gp/2006-08-15/ifrs-gp-2006-08-15.xsd#ifrs-gp_ForeignCurrencyExchangeIncreaseDecreaseRestructuringProvision" xlink:label="ifrs-gp_ForeignCurrencyExchangeIncreaseDecreaseRestructuringProvision" />
    <definitionArc xlink:type="arc" xlink:arcrole="http://xbrl.org/int/dim/arcrole/domain-member" xlink:from="p-FINREP_ChangesInRestructuringProvisionsPresentation" xlink:to="ifrs-gp_ForeignCurrencyExchangeIncreaseDecreaseRestructuringProvision" order="6" use="optional" />
    <loc xlink:type="locator" xlink:href="http://xbrl.iasb.org/int/fr/ifrs/gp/2006-08-15/ifrs-gp-2006-08-15.xsd#ifrs-gp_OtherIncreaseDecreaseRestructuringProvision" xlink:label="ifrs-gp_OtherIncreaseDecreaseRestructuringProvision" />
    <definitionArc xlink:type="arc" xlink:arcrole="http://xbrl.org/int/dim/arcrole/domain-member" xlink:from="p-FINREP_ChangesInRestructuringProvisionsPresentation" xlink:to="ifrs-gp_OtherIncreaseDecreaseRestructuringProvision" order="7" use="optional" />
    <loc xlink:type="locator" xlink:href="p-FINREP-2008-01-01.xsd#p-FINREP_MovementsInProvisionsLegalProceedingsProvisionPresentation" xlink:label="p-FINREP_MovementsInProvisionsLegalProceedingsProvisionPresentation" />
    <definitionArc xlink:type="arc" xlink:arcrole="http://xbrl.org/int/dim/arcrole/domain-member" xlink:from="p-FINREP_ProvisionsPresentation" xlink:to="p-FINREP_MovementsInProvisionsLegalProceedingsProvisionPresentation" order="2" use="optional" />
    <loc xlink:type="locator" xlink:href="http://xbrl.iasb.org/int/fr/ifrs/gp/2006-08-15/ifrs-gp-2006-08-15.xsd#ifrs-gp_LegalProceedingsProvisionTotal" xlink:label="ifrs-gp_LegalProceedingsProvisionTotal" />
    <definitionArc xlink:type="arc" xlink:arcrole="http://xbrl.org/int/dim/arcrole/domain-member" xlink:from="p-FINREP_MovementsInProvisionsLegalProceedingsProvisionPresentation" xlink:to="ifrs-gp_LegalProceedingsProvisionTotal" order="1" use="optional" />
    <loc xlink:type="locator" xlink:href="http://xbrl.iasb.org/int/fr/ifrs/gp/2006-08-15/ifrs-gp-2006-08-15.xsd#ifrs-gp_ChangesInLegalProceedingsProvisionPresentation" xlink:label="ifrs-gp_ChangesInLegalProceedingsProvisionPresentation" />
    <definitionArc xlink:type="arc" xlink:arcrole="http://xbrl.org/int/dim/arcrole/domain-member" xlink:from="p-FINREP_MovementsInProvisionsLegalProceedingsProvisionPresentation" xlink:to="ifrs-gp_ChangesInLegalProceedingsProvisionPresentation" order="2" use="optional" />
    <loc xlink:type="locator" xlink:href="p-FINREP-2008-01-01.xsd#p-FINREP_AdditionsLegalProceedingsProvision" xlink:label="p-FINREP_AdditionsLegalProceedingsProvision" />
    <definitionArc xlink:type="arc" xlink:arcrole="http://xbrl.org/int/dim/arcrole/domain-member" xlink:from="ifrs-gp_ChangesInLegalProceedingsProvisionPresentation" xlink:to="p-FINREP_AdditionsLegalProceedingsProvision" order="1" use="optional" />
    <loc xlink:type="locator" xlink:href="http://xbrl.iasb.org/int/fr/ifrs/gp/2006-08-15/ifrs-gp-2006-08-15.xsd#ifrs-gp_ProvisionUsedLegalProceedingsProvision" xlink:label="ifrs-gp_ProvisionUsedLegalProceedingsProvision" />
    <definitionArc xlink:type="arc" xlink:arcrole="http://xbrl.org/int/dim/arcrole/domain-member" xlink:from="ifrs-gp_ChangesInLegalProceedingsProvisionPresentation" xlink:to="ifrs-gp_ProvisionUsedLegalProceedingsProvision" order="2" use="optional" />
    <loc xlink:type="locator" xlink:href="http://xbrl.iasb.org/int/fr/ifrs/gp/2006-08-15/ifrs-gp-2006-08-15.xsd#ifrs-gp_UnusedProvisionReversedLegalProceedingsProvision" xlink:label="ifrs-gp_UnusedProvisionReversedLegalProceedingsProvision" />
    <definitionArc xlink:type="arc" xlink:arcrole="http://xbrl.org/int/dim/arcrole/domain-member" xlink:from="ifrs-gp_ChangesInLegalProceedingsProvisionPresentation" xlink:to="ifrs-gp_UnusedProvisionReversedLegalProceedingsProvision" order="3" use="optional" />
    <loc xlink:type="locator" xlink:href="p-FINREP-2008-01-01.xsd#p-FINREP_AcquisitionsDisposalsThroughBusinessCombinationsLegalProceedingsProvision" xlink:label="p-FINREP_AcquisitionsDisposalsThroughBusinessCombinationsLegalProceedingsProvision" />
    <definitionArc xlink:type="arc" xlink:arcrole="http://xbrl.org/int/dim/arcrole/domain-member" xlink:from="ifrs-gp_ChangesInLegalProceedingsProvisionPresentation" xlink:to="p-FINREP_AcquisitionsDisposalsThroughBusinessCombinationsLegalProceedingsProvision" order="4" use="optional" />
    <loc xlink:type="locator" xlink:href="p-FINREP-2008-01-01.xsd#p-FINREP_IncreaseDecreaseInTheTimeValueOfMoneyAdjustmentAndChangeInDiscountRateLegalProceedingsProvision" xlink:label="p-FINREP_IncreaseDecreaseInTheTimeValueOfMoneyAdjustmentAndChangeInDiscountRateLegalProceedingsProvision" />
    <definitionArc xlink:type="arc" xlink:arcrole="http://xbrl.org/int/dim/arcrole/domain-member" xlink:from="ifrs-gp_ChangesInLegalProceedingsProvisionPresentation" xlink:to="p-FINREP_IncreaseDecreaseInTheTimeValueOfMoneyAdjustmentAndChangeInDiscountRateLegalProceedingsProvision" order="5" use="optional" />
    <loc xlink:type="locator" xlink:href="http://xbrl.iasb.org/int/fr/ifrs/gp/2006-08-15/ifrs-gp-2006-08-15.xsd#ifrs-gp_ForeignCurrencyExchangeIncreaseDecreaseLegalProceedingsProvision" xlink:label="ifrs-gp_ForeignCurrencyExchangeIncreaseDecreaseLegalProceedingsProvision" />
    <definitionArc xlink:type="arc" xlink:arcrole="http://xbrl.org/int/dim/arcrole/domain-member" xlink:from="ifrs-gp_ChangesInLegalProceedingsProvisionPresentation" xlink:to="ifrs-gp_ForeignCurrencyExchangeIncreaseDecreaseLegalProceedingsProvision" order="6" use="optional" />
    <loc xlink:type="locator" xlink:href="http://xbrl.iasb.org/int/fr/ifrs/gp/2006-08-15/ifrs-gp-2006-08-15.xsd#ifrs-gp_OtherIncreaseDecreaseLegalProceedingsProvision" xlink:label="ifrs-gp_OtherIncreaseDecreaseLegalProceedingsProvision" />
    <definitionArc xlink:type="arc" xlink:arcrole="http://xbrl.org/int/dim/arcrole/domain-member" xlink:from="ifrs-gp_ChangesInLegalProceedingsProvisionPresentation" xlink:to="ifrs-gp_OtherIncreaseDecreaseLegalProceedingsProvision" order="7" use="optional" />
    <loc xlink:type="locator" xlink:href="p-FINREP-2008-01-01.xsd#p-FINREP_MovementsInProvisionsPensionsAndOtherPostRetirementBenefitObligationProvisionsPresentation" xlink:label="p-FINREP_MovementsInProvisionsPensionsAndOtherPostRetirementBenefitObligationProvisionsPresentation" />
    <definitionArc xlink:type="arc" xlink:arcrole="http://xbrl.org/int/dim/arcrole/domain-member" xlink:from="p-FINREP_ProvisionsPresentation" xlink:to="p-FINREP_MovementsInProvisionsPensionsAndOtherPostRetirementBenefitObligationProvisionsPresentation" order="3" use="optional" />
    <loc xlink:type="locator" xlink:href="p-FINREP-2008-01-01.xsd#p-FINREP_PensionsAndOtherPostRetirementBenefitObligationProvisionTotal" xlink:label="p-FINREP_PensionsAndOtherPostRetirementBenefitObligationProvisionTotal" />
    <definitionArc xlink:type="arc" xlink:arcrole="http://xbrl.org/int/dim/arcrole/domain-member" xlink:from="p-FINREP_MovementsInProvisionsPensionsAndOtherPostRetirementBenefitObligationProvisionsPresentation" xlink:to="p-FINREP_PensionsAndOtherPostRetirementBenefitObligationProvisionTotal" order="1" use="optional" />
    <loc xlink:type="locator" xlink:href="p-FINREP-2008-01-01.xsd#p-FINREP_ChangesInPensionsAndOtherPostRetirementBenefitObligationProvisionsPresentation" xlink:label="p-FINREP_ChangesInPensionsAndOtherPostRetirementBenefitObligationProvisionsPresentation" />
    <definitionArc xlink:type="arc" xlink:arcrole="http://xbrl.org/int/dim/arcrole/domain-member" xlink:from="p-FINREP_MovementsInProvisionsPensionsAndOtherPostRetirementBenefitObligationProvisionsPresentation" xlink:to="p-FINREP_ChangesInPensionsAndOtherPostRetirementBenefitObligationProvisionsPresentation" order="2" use="optional" />
    <loc xlink:type="locator" xlink:href="p-FINREP-2008-01-01.xsd#p-FINREP_AdditionsPensionsAndOtherPostRetirementBenefitObligationProvisions" xlink:label="p-FINREP_AdditionsPensionsAndOtherPostRetirementBenefitObligationProvisions" />
    <definitionArc xlink:type="arc" xlink:arcrole="http://xbrl.org/int/dim/arcrole/domain-member" xlink:from="p-FINREP_ChangesInPensionsAndOtherPostRetirementBenefitObligationProvisionsPresentation" xlink:to="p-FINREP_AdditionsPensionsAndOtherPostRetirementBenefitObligationProvisions" order="1" use="optional" />
    <loc xlink:type="locator" xlink:href="p-FINREP-2008-01-01.xsd#p-FINREP_ProvisionUsedPensionsAndOtherPostRetirementBenefitObligationProvisions" xlink:label="p-FINREP_ProvisionUsedPensionsAndOtherPostRetirementBenefitObligationProvisions" />
    <definitionArc xlink:type="arc" xlink:arcrole="http://xbrl.org/int/dim/arcrole/domain-member" xlink:from="p-FINREP_ChangesInPensionsAndOtherPostRetirementBenefitObligationProvisionsPresentation" xlink:to="p-FINREP_ProvisionUsedPensionsAndOtherPostRetirementBenefitObligationProvisions" order="2" use="optional" />
    <loc xlink:type="locator" xlink:href="p-FINREP-2008-01-01.xsd#p-FINREP_UnusedProvisionReversedPensionsAndOtherPostRetirementBenefitObligationProvisions" xlink:label="p-FINREP_UnusedProvisionReversedPensionsAndOtherPostRetirementBenefitObligationProvisions" />
    <definitionArc xlink:type="arc" xlink:arcrole="http://xbrl.org/int/dim/arcrole/domain-member" xlink:from="p-FINREP_ChangesInPensionsAndOtherPostRetirementBenefitObligationProvisionsPresentation" xlink:to="p-FINREP_UnusedProvisionReversedPensionsAndOtherPostRetirementBenefitObligationProvisions" order="3" use="optional" />
    <loc xlink:type="locator" xlink:href="p-FINREP-2008-01-01.xsd#p-FINREP_AcquisitionsDisposalsThroughBusinessCombinationsPensionsAndOtherPostRetirementBenefitObligationProvisions" xlink:label="p-FINREP_AcquisitionsDisposalsThroughBusinessCombinationsPensionsAndOtherPostRetirementBenefitObligationProvisions" />
    <definitionArc xlink:type="arc" xlink:arcrole="http://xbrl.org/int/dim/arcrole/domain-member" xlink:from="p-FINREP_ChangesInPensionsAndOtherPostRetirementBenefitObligationProvisionsPresentation" xlink:to="p-FINREP_AcquisitionsDisposalsThroughBusinessCombinationsPensionsAndOtherPostRetirementBenefitObligationProvisions" order="4" use="optional" />
    <loc xlink:type="locator" xlink:href="p-FINREP-2008-01-01.xsd#p-FINREP_IncreaseDecreaseInTheTimeValueOfMoneyAdjustmentAndChangeInDiscountRatePensionsAndOtherPostRetirementBenefitObligationProvisions" xlink:label="p-FINREP_IncreaseDecreaseInTheTimeValueOfMoneyAdjustmentAndChangeInDiscountRatePensionsAndOtherPostRetirementBenefitObligationProvisions" />
    <definitionArc xlink:type="arc" xlink:arcrole="http://xbrl.org/int/dim/arcrole/domain-member" xlink:from="p-FINREP_ChangesInPensionsAndOtherPostRetirementBenefitObligationProvisionsPresentation" xlink:to="p-FINREP_IncreaseDecreaseInTheTimeValueOfMoneyAdjustmentAndChangeInDiscountRatePensionsAndOtherPostRetirementBenefitObligationProvisions" order="5" use="optional" />
    <loc xlink:type="locator" xlink:href="p-FINREP-2008-01-01.xsd#p-FINREP_ForeignCurrencyExchangeIncreaseDecreasePensionsAndOtherPostRetirementBenefitObligationProvisions" xlink:label="p-FINREP_ForeignCurrencyExchangeIncreaseDecreasePensionsAndOtherPostRetirementBenefitObligationProvisions" />
    <definitionArc xlink:type="arc" xlink:arcrole="http://xbrl.org/int/dim/arcrole/domain-member" xlink:from="p-FINREP_ChangesInPensionsAndOtherPostRetirementBenefitObligationProvisionsPresentation" xlink:to="p-FINREP_ForeignCurrencyExchangeIncreaseDecreasePensionsAndOtherPostRetirementBenefitObligationProvisions" order="6" use="optional" />
    <loc xlink:type="locator" xlink:href="p-FINREP-2008-01-01.xsd#p-FINREP_OtherIncreaseDecreasePensionsAndOtherPostRetirementBenefitObligationProvisions" xlink:label="p-FINREP_OtherIncreaseDecreasePensionsAndOtherPostRetirementBenefitObligationProvisions" />
    <definitionArc xlink:type="arc" xlink:arcrole="http://xbrl.org/int/dim/arcrole/domain-member" xlink:from="p-FINREP_ChangesInPensionsAndOtherPostRetirementBenefitObligationProvisionsPresentation" xlink:to="p-FINREP_OtherIncreaseDecreasePensionsAndOtherPostRetirementBenefitObligationProvisions" order="7" use="optional" />
    <loc xlink:type="locator" xlink:href="p-FINREP-2008-01-01.xsd#p-FINREP_MovementsInProvisionsLoanCommitmentsAndGuaranteesProvisionPresentation" xlink:label="p-FINREP_MovementsInProvisionsLoanCommitmentsAndGuaranteesProvisionPresentation" />
    <definitionArc xlink:type="arc" xlink:arcrole="http://xbrl.org/int/dim/arcrole/domain-member" xlink:from="p-FINREP_ProvisionsPresentation" xlink:to="p-FINREP_MovementsInProvisionsLoanCommitmentsAndGuaranteesProvisionPresentation" order="4" use="optional" />
    <loc xlink:type="locator" xlink:href="p-FINREP-2008-01-01.xsd#p-FINREP_LoanCommitmentsAndGuaranteesProvisionTotal" xlink:label="p-FINREP_LoanCommitmentsAndGuaranteesProvisionTotal" />
    <definitionArc xlink:type="arc" xlink:arcrole="http://xbrl.org/int/dim/arcrole/domain-member" xlink:from="p-FINREP_MovementsInProvisionsLoanCommitmentsAndGuaranteesProvisionPresentation" xlink:to="p-FINREP_LoanCommitmentsAndGuaranteesProvisionTotal" order="1" use="optional" />
    <loc xlink:type="locator" xlink:href="p-FINREP-2008-01-01.xsd#p-FINREP_ChangesInLoanCommitmentsAndGuaranteesProvisionPresentation" xlink:label="p-FINREP_ChangesInLoanCommitmentsAndGuaranteesProvisionPresentation" />
    <definitionArc xlink:type="arc" xlink:arcrole="http://xbrl.org/int/dim/arcrole/domain-member" xlink:from="p-FINREP_MovementsInProvisionsLoanCommitmentsAndGuaranteesProvisionPresentation" xlink:to="p-FINREP_ChangesInLoanCommitmentsAndGuaranteesProvisionPresentation" order="2" use="optional" />
    <loc xlink:type="locator" xlink:href="p-FINREP-2008-01-01.xsd#p-FINREP_AdditionsLoanCommitmentsAndGuaranteesProvision" xlink:label="p-FINREP_AdditionsLoanCommitmentsAndGuaranteesProvision" />
    <definitionArc xlink:type="arc" xlink:arcrole="http://xbrl.org/int/dim/arcrole/domain-member" xlink:from="p-FINREP_ChangesInLoanCommitmentsAndGuaranteesProvisionPresentation" xlink:to="p-FINREP_AdditionsLoanCommitmentsAndGuaranteesProvision" order="1" use="optional" />
    <loc xlink:type="locator" xlink:href="p-FINREP-2008-01-01.xsd#p-FINREP_ProvisionUsedLoanCommitmentsAndGuaranteesProvision" xlink:label="p-FINREP_ProvisionUsedLoanCommitmentsAndGuaranteesProvision" />
    <definitionArc xlink:type="arc" xlink:arcrole="http://xbrl.org/int/dim/arcrole/domain-member" xlink:from="p-FINREP_ChangesInLoanCommitmentsAndGuaranteesProvisionPresentation" xlink:to="p-FINREP_ProvisionUsedLoanCommitmentsAndGuaranteesProvision" order="2" use="optional" />
    <loc xlink:type="locator" xlink:href="p-FINREP-2008-01-01.xsd#p-FINREP_UnusedProvisionReversedLoanCommitmentsAndGuaranteesProvision" xlink:label="p-FINREP_UnusedProvisionReversedLoanCommitmentsAndGuaranteesProvision" />
    <definitionArc xlink:type="arc" xlink:arcrole="http://xbrl.org/int/dim/arcrole/domain-member" xlink:from="p-FINREP_ChangesInLoanCommitmentsAndGuaranteesProvisionPresentation" xlink:to="p-FINREP_UnusedProvisionReversedLoanCommitmentsAndGuaranteesProvision" order="3" use="optional" />
    <loc xlink:type="locator" xlink:href="p-FINREP-2008-01-01.xsd#p-FINREP_AcquisitionsDisposalsThroughBusinessCombinationsLoanCommitmentsAndGuaranteesProvision" xlink:label="p-FINREP_AcquisitionsDisposalsThroughBusinessCombinationsLoanCommitmentsAndGuaranteesProvision" />
    <definitionArc xlink:type="arc" xlink:arcrole="http://xbrl.org/int/dim/arcrole/domain-member" xlink:from="p-FINREP_ChangesInLoanCommitmentsAndGuaranteesProvisionPresentation" xlink:to="p-FINREP_AcquisitionsDisposalsThroughBusinessCombinationsLoanCommitmentsAndGuaranteesProvision" order="4" use="optional" />
    <loc xlink:type="locator" xlink:href="p-FINREP-2008-01-01.xsd#p-FINREP_IncreaseDecreaseInTheTimeValueOfMoneyAdjustmentAndChangeInDiscountRateLoanCommitmentsAndGuaranteesProvision" xlink:label="p-FINREP_IncreaseDecreaseInTheTimeValueOfMoneyAdjustmentAndChangeInDiscountRateLoanCommitmentsAndGuaranteesProvision" />
    <definitionArc xlink:type="arc" xlink:arcrole="http://xbrl.org/int/dim/arcrole/domain-member" xlink:from="p-FINREP_ChangesInLoanCommitmentsAndGuaranteesProvisionPresentation" xlink:to="p-FINREP_IncreaseDecreaseInTheTimeValueOfMoneyAdjustmentAndChangeInDiscountRateLoanCommitmentsAndGuaranteesProvision" order="5" use="optional" />
    <loc xlink:type="locator" xlink:href="p-FINREP-2008-01-01.xsd#p-FINREP_ForeignCurrencyExchangeIncreaseDecreaseLoanCommitmentsAndGuaranteesProvision" xlink:label="p-FINREP_ForeignCurrencyExchangeIncreaseDecreaseLoanCommitmentsAndGuaranteesProvision" />
    <definitionArc xlink:type="arc" xlink:arcrole="http://xbrl.org/int/dim/arcrole/domain-member" xlink:from="p-FINREP_ChangesInLoanCommitmentsAndGuaranteesProvisionPresentation" xlink:to="p-FINREP_ForeignCurrencyExchangeIncreaseDecreaseLoanCommitmentsAndGuaranteesProvision" order="6" use="optional" />
    <loc xlink:type="locator" xlink:href="p-FINREP-2008-01-01.xsd#p-FINREP_OtherIncreaseDecreaseLoanCommitmentsAndGuaranteesProvision" xlink:label="p-FINREP_OtherIncreaseDecreaseLoanCommitmentsAndGuaranteesProvision" />
    <definitionArc xlink:type="arc" xlink:arcrole="http://xbrl.org/int/dim/arcrole/domain-member" xlink:from="p-FINREP_ChangesInLoanCommitmentsAndGuaranteesProvisionPresentation" xlink:to="p-FINREP_OtherIncreaseDecreaseLoanCommitmentsAndGuaranteesProvision" order="7" use="optional" />
    <loc xlink:type="locator" xlink:href="p-FINREP-2008-01-01.xsd#p-FINREP_MovementsInProvisionsOnerousContractsProvisionPresentation" xlink:label="p-FINREP_MovementsInProvisionsOnerousContractsProvisionPresentation" />
    <definitionArc xlink:type="arc" xlink:arcrole="http://xbrl.org/int/dim/arcrole/domain-member" xlink:from="p-FINREP_ProvisionsPresentation" xlink:to="p-FINREP_MovementsInProvisionsOnerousContractsProvisionPresentation" order="5" use="optional" />
    <loc xlink:type="locator" xlink:href="http://xbrl.iasb.org/int/fr/ifrs/gp/2006-08-15/ifrs-gp-2006-08-15.xsd#ifrs-gp_OnerousContractsProvisionTotal" xlink:label="ifrs-gp_OnerousContractsProvisionTotal" />
    <definitionArc xlink:type="arc" xlink:arcrole="http://xbrl.org/int/dim/arcrole/domain-member" xlink:from="p-FINREP_MovementsInProvisionsOnerousContractsProvisionPresentation" xlink:to="ifrs-gp_OnerousContractsProvisionTotal" order="1" use="optional" />
    <loc xlink:type="locator" xlink:href="http://xbrl.iasb.org/int/fr/ifrs/gp/2006-08-15/ifrs-gp-2006-08-15.xsd#ifrs-gp_ChangesInOnerousContractsProvisionPresentation" xlink:label="ifrs-gp_ChangesInOnerousContractsProvisionPresentation" />
    <definitionArc xlink:type="arc" xlink:arcrole="http://xbrl.org/int/dim/arcrole/domain-member" xlink:from="p-FINREP_MovementsInProvisionsOnerousContractsProvisionPresentation" xlink:to="ifrs-gp_ChangesInOnerousContractsProvisionPresentation" order="2" use="optional" />
    <loc xlink:type="locator" xlink:href="p-FINREP-2008-01-01.xsd#p-FINREP_AdditionsOnerousContractsProvision" xlink:label="p-FINREP_AdditionsOnerousContractsProvision" />
    <definitionArc xlink:type="arc" xlink:arcrole="http://xbrl.org/int/dim/arcrole/domain-member" xlink:from="ifrs-gp_ChangesInOnerousContractsProvisionPresentation" xlink:to="p-FINREP_AdditionsOnerousContractsProvision" order="1" use="optional" />
    <loc xlink:type="locator" xlink:href="http://xbrl.iasb.org/int/fr/ifrs/gp/2006-08-15/ifrs-gp-2006-08-15.xsd#ifrs-gp_ProvisionUsedOnerousContractsProvision" xlink:label="ifrs-gp_ProvisionUsedOnerousContractsProvision" />
    <definitionArc xlink:type="arc" xlink:arcrole="http://xbrl.org/int/dim/arcrole/domain-member" xlink:from="ifrs-gp_ChangesInOnerousContractsProvisionPresentation" xlink:to="ifrs-gp_ProvisionUsedOnerousContractsProvision" order="2" use="optional" />
    <loc xlink:type="locator" xlink:href="http://xbrl.iasb.org/int/fr/ifrs/gp/2006-08-15/ifrs-gp-2006-08-15.xsd#ifrs-gp_UnusedProvisionReversedOnerousContractsProvision" xlink:label="ifrs-gp_UnusedProvisionReversedOnerousContractsProvision" />
    <definitionArc xlink:type="arc" xlink:arcrole="http://xbrl.org/int/dim/arcrole/domain-member" xlink:from="ifrs-gp_ChangesInOnerousContractsProvisionPresentation" xlink:to="ifrs-gp_UnusedProvisionReversedOnerousContractsProvision" order="3" use="optional" />
    <loc xlink:type="locator" xlink:href="p-FINREP-2008-01-01.xsd#p-FINREP_AcquisitionsDisposalsThroughBusinessCombinationsOnerousContractsProvision" xlink:label="p-FINREP_AcquisitionsDisposalsThroughBusinessCombinationsOnerousContractsProvision" />
    <definitionArc xlink:type="arc" xlink:arcrole="http://xbrl.org/int/dim/arcrole/domain-member" xlink:from="ifrs-gp_ChangesInOnerousContractsProvisionPresentation" xlink:to="p-FINREP_AcquisitionsDisposalsThroughBusinessCombinationsOnerousContractsProvision" order="4" use="optional" />
    <loc xlink:type="locator" xlink:href="p-FINREP-2008-01-01.xsd#p-FINREP_IncreaseDecreaseInTheTimeValueOfMoneyAdjustmentAndChangeInDiscountRateOnerousContractsProvision" xlink:label="p-FINREP_IncreaseDecreaseInTheTimeValueOfMoneyAdjustmentAndChangeInDiscountRateOnerousContractsProvision" />
    <definitionArc xlink:type="arc" xlink:arcrole="http://xbrl.org/int/dim/arcrole/domain-member" xlink:from="ifrs-gp_ChangesInOnerousContractsProvisionPresentation" xlink:to="p-FINREP_IncreaseDecreaseInTheTimeValueOfMoneyAdjustmentAndChangeInDiscountRateOnerousContractsProvision" order="5" use="optional" />
    <loc xlink:type="locator" xlink:href="http://xbrl.iasb.org/int/fr/ifrs/gp/2006-08-15/ifrs-gp-2006-08-15.xsd#ifrs-gp_ForeignCurrencyExchangeIncreaseDecreaseOnerousContractsProvision" xlink:label="ifrs-gp_ForeignCurrencyExchangeIncreaseDecreaseOnerousContractsProvision" />
    <definitionArc xlink:type="arc" xlink:arcrole="http://xbrl.org/int/dim/arcrole/domain-member" xlink:from="ifrs-gp_ChangesInOnerousContractsProvisionPresentation" xlink:to="ifrs-gp_ForeignCurrencyExchangeIncreaseDecreaseOnerousContractsProvision" order="6" use="optional" />
    <loc xlink:type="locator" xlink:href="http://xbrl.iasb.org/int/fr/ifrs/gp/2006-08-15/ifrs-gp-2006-08-15.xsd#ifrs-gp_OtherIncreaseDecreaseOnerousContractsProvision" xlink:label="ifrs-gp_OtherIncreaseDecreaseOnerousContractsProvision" />
    <definitionArc xlink:type="arc" xlink:arcrole="http://xbrl.org/int/dim/arcrole/domain-member" xlink:from="ifrs-gp_ChangesInOnerousContractsProvisionPresentation" xlink:to="ifrs-gp_OtherIncreaseDecreaseOnerousContractsProvision" order="7" use="optional" />
    <loc xlink:type="locator" xlink:href="p-FINREP-2008-01-01.xsd#p-FINREP_MovementsInProvisionsOtherProvisionPresentation" xlink:label="p-FINREP_MovementsInProvisionsOtherProvisionPresentation" />
    <definitionArc xlink:type="arc" xlink:arcrole="http://xbrl.org/int/dim/arcrole/domain-member" xlink:from="p-FINREP_ProvisionsPresentation" xlink:to="p-FINREP_MovementsInProvisionsOtherProvisionPresentation" order="6" use="optional" />
    <loc xlink:type="locator" xlink:href="p-FINREP-2008-01-01.xsd#p-FINREP_OtherProvisionsTotal" xlink:label="p-FINREP_OtherProvisionsTotal" />
    <definitionArc xlink:type="arc" xlink:arcrole="http://xbrl.org/int/dim/arcrole/domain-member" xlink:from="p-FINREP_MovementsInProvisionsOtherProvisionPresentation" xlink:to="p-FINREP_OtherProvisionsTotal" order="1" use="optional" />
    <loc xlink:type="locator" xlink:href="http://xbrl.iasb.org/int/fr/ifrs/gp/2006-08-15/ifrs-gp-2006-08-15.xsd#ifrs-gp_ChangesInOtherProvisionsPresentation" xlink:label="ifrs-gp_ChangesInOtherProvisionsPresentation" />
    <definitionArc xlink:type="arc" xlink:arcrole="http://xbrl.org/int/dim/arcrole/domain-member" xlink:from="p-FINREP_MovementsInProvisionsOtherProvisionPresentation" xlink:to="ifrs-gp_ChangesInOtherProvisionsPresentation" order="2" use="optional" />
    <loc xlink:type="locator" xlink:href="p-FINREP-2008-01-01.xsd#p-FINREP_AdditionsOtherProvisions" xlink:label="p-FINREP_AdditionsOtherProvisions" />
    <definitionArc xlink:type="arc" xlink:arcrole="http://xbrl.org/int/dim/arcrole/domain-member" xlink:from="ifrs-gp_ChangesInOtherProvisionsPresentation" xlink:to="p-FINREP_AdditionsOtherProvisions" order="1" use="optional" />
    <loc xlink:type="locator" xlink:href="p-FINREP-2008-01-01.xsd#p-FINREP_ProvisionUsedOtherProvisions" xlink:label="p-FINREP_ProvisionUsedOtherProvisions" />
    <definitionArc xlink:type="arc" xlink:arcrole="http://xbrl.org/int/dim/arcrole/domain-member" xlink:from="ifrs-gp_ChangesInOtherProvisionsPresentation" xlink:to="p-FINREP_ProvisionUsedOtherProvisions" order="2" use="optional" />
    <loc xlink:type="locator" xlink:href="p-FINREP-2008-01-01.xsd#p-FINREP_UnusedProvisionReversedOtherProvisions" xlink:label="p-FINREP_UnusedProvisionReversedOtherProvisions" />
    <definitionArc xlink:type="arc" xlink:arcrole="http://xbrl.org/int/dim/arcrole/domain-member" xlink:from="ifrs-gp_ChangesInOtherProvisionsPresentation" xlink:to="p-FINREP_UnusedProvisionReversedOtherProvisions" order="3" use="optional" />
    <loc xlink:type="locator" xlink:href="p-FINREP-2008-01-01.xsd#p-FINREP_AcquisitionsDisposalsThroughBusinessCombinationsOtherProvisions" xlink:label="p-FINREP_AcquisitionsDisposalsThroughBusinessCombinationsOtherProvisions" />
    <definitionArc xlink:type="arc" xlink:arcrole="http://xbrl.org/int/dim/arcrole/domain-member" xlink:from="ifrs-gp_ChangesInOtherProvisionsPresentation" xlink:to="p-FINREP_AcquisitionsDisposalsThroughBusinessCombinationsOtherProvisions" order="4" use="optional" />
    <loc xlink:type="locator" xlink:href="p-FINREP-2008-01-01.xsd#p-FINREP_IncreaseDecreaseInTheTimeValueOfMoneyAdjustmentAndChangeInDiscountRateOtherProvisions" xlink:label="p-FINREP_IncreaseDecreaseInTheTimeValueOfMoneyAdjustmentAndChangeInDiscountRateOtherProvisions" />
    <definitionArc xlink:type="arc" xlink:arcrole="http://xbrl.org/int/dim/arcrole/domain-member" xlink:from="ifrs-gp_ChangesInOtherProvisionsPresentation" xlink:to="p-FINREP_IncreaseDecreaseInTheTimeValueOfMoneyAdjustmentAndChangeInDiscountRateOtherProvisions" order="5" use="optional" />
    <loc xlink:type="locator" xlink:href="p-FINREP-2008-01-01.xsd#p-FINREP_ForeignCurrencyExchangeIncreaseDecreaseOtherProvisions" xlink:label="p-FINREP_ForeignCurrencyExchangeIncreaseDecreaseOtherProvisions" />
    <definitionArc xlink:type="arc" xlink:arcrole="http://xbrl.org/int/dim/arcrole/domain-member" xlink:from="ifrs-gp_ChangesInOtherProvisionsPresentation" xlink:to="p-FINREP_ForeignCurrencyExchangeIncreaseDecreaseOtherProvisions" order="6" use="optional" />
    <loc xlink:type="locator" xlink:href="p-FINREP-2008-01-01.xsd#p-FINREP_OtherIncreaseDecreaseOtherProvisions" xlink:label="p-FINREP_OtherIncreaseDecreaseOtherProvisions" />
    <definitionArc xlink:type="arc" xlink:arcrole="http://xbrl.org/int/dim/arcrole/domain-member" xlink:from="ifrs-gp_ChangesInOtherProvisionsPresentation" xlink:to="p-FINREP_OtherIncreaseDecreaseOtherProvisions" order="7" use="optional" />
    <loc xlink:type="locator" xlink:href="p-FINREP-2008-01-01.xsd#p-FINREP_MovementsInProvisionsTotalPresentation" xlink:label="p-FINREP_MovementsInProvisionsTotalPresentation" />
    <definitionArc xlink:type="arc" xlink:arcrole="http://xbrl.org/int/dim/arcrole/domain-member" xlink:from="p-FINREP_ProvisionsPresentation" xlink:to="p-FINREP_MovementsInProvisionsTotalPresentation" order="7" use="optional" />
    <loc xlink:type="locator" xlink:href="http://xbrl.iasb.org/int/fr/ifrs/gp/2006-08-15/ifrs-gp-2006-08-15.xsd#ifrs-gp_ProvisionsTotal" xlink:label="ifrs-gp_ProvisionsTotal" />
    <definitionArc xlink:type="arc" xlink:arcrole="http://xbrl.org/int/dim/arcrole/domain-member" xlink:from="p-FINREP_MovementsInProvisionsTotalPresentation" xlink:to="ifrs-gp_ProvisionsTotal" order="1" use="optional" />
    <loc xlink:type="locator" xlink:href="http://xbrl.iasb.org/int/fr/ifrs/gp/2006-08-15/ifrs-gp-2006-08-15.xsd#ifrs-gp_ChangesInProvisionsTotalPresentation" xlink:label="ifrs-gp_ChangesInProvisionsTotalPresentation" />
    <definitionArc xlink:type="arc" xlink:arcrole="http://xbrl.org/int/dim/arcrole/domain-member" xlink:from="p-FINREP_MovementsInProvisionsTotalPresentation" xlink:to="ifrs-gp_ChangesInProvisionsTotalPresentation" order="2" use="optional" />
    <loc xlink:type="locator" xlink:href="p-FINREP-2008-01-01.xsd#p-FINREP_AdditionsProvisionsTotal" xlink:label="p-FINREP_AdditionsProvisionsTotal" />
    <definitionArc xlink:type="arc" xlink:arcrole="http://xbrl.org/int/dim/arcrole/domain-member" xlink:from="ifrs-gp_ChangesInProvisionsTotalPresentation" xlink:to="p-FINREP_AdditionsProvisionsTotal" order="1" use="optional" />
    <loc xlink:type="locator" xlink:href="http://xbrl.iasb.org/int/fr/ifrs/gp/2006-08-15/ifrs-gp-2006-08-15.xsd#ifrs-gp_ProvisionUsedProvisionsTotal" xlink:label="ifrs-gp_ProvisionUsedProvisionsTotal" />
    <definitionArc xlink:type="arc" xlink:arcrole="http://xbrl.org/int/dim/arcrole/domain-member" xlink:from="ifrs-gp_ChangesInProvisionsTotalPresentation" xlink:to="ifrs-gp_ProvisionUsedProvisionsTotal" order="2" use="optional" />
    <loc xlink:type="locator" xlink:href="http://xbrl.iasb.org/int/fr/ifrs/gp/2006-08-15/ifrs-gp-2006-08-15.xsd#ifrs-gp_UnusedProvisionReversedProvisionsTotal" xlink:label="ifrs-gp_UnusedProvisionReversedProvisionsTotal" />
    <definitionArc xlink:type="arc" xlink:arcrole="http://xbrl.org/int/dim/arcrole/domain-member" xlink:from="ifrs-gp_ChangesInProvisionsTotalPresentation" xlink:to="ifrs-gp_UnusedProvisionReversedProvisionsTotal" order="3" use="optional" />
    <loc xlink:type="locator" xlink:href="p-FINREP-2008-01-01.xsd#p-FINREP_AcquisitionsDisposalsThroughBusinessCombinationsProvisionsTotal" xlink:label="p-FINREP_AcquisitionsDisposalsThroughBusinessCombinationsProvisionsTotal" />
    <definitionArc xlink:type="arc" xlink:arcrole="http://xbrl.org/int/dim/arcrole/domain-member" xlink:from="ifrs-gp_ChangesInProvisionsTotalPresentation" xlink:to="p-FINREP_AcquisitionsDisposalsThroughBusinessCombinationsProvisionsTotal" order="4" use="optional" />
    <loc xlink:type="locator" xlink:href="p-FINREP-2008-01-01.xsd#p-FINREP_IncreaseDecreaseInTheTimeValueOfMoneyAdjustmentAndChangeInDiscountRateProvisionsTotal" xlink:label="p-FINREP_IncreaseDecreaseInTheTimeValueOfMoneyAdjustmentAndChangeInDiscountRateProvisionsTotal" />
    <definitionArc xlink:type="arc" xlink:arcrole="http://xbrl.org/int/dim/arcrole/domain-member" xlink:from="ifrs-gp_ChangesInProvisionsTotalPresentation" xlink:to="p-FINREP_IncreaseDecreaseInTheTimeValueOfMoneyAdjustmentAndChangeInDiscountRateProvisionsTotal" order="5" use="optional" />
    <loc xlink:type="locator" xlink:href="http://xbrl.iasb.org/int/fr/ifrs/gp/2006-08-15/ifrs-gp-2006-08-15.xsd#ifrs-gp_ForeignCurrencyExchangeIncreaseDecreaseProvisionsTotal" xlink:label="ifrs-gp_ForeignCurrencyExchangeIncreaseDecreaseProvisionsTotal" />
    <definitionArc xlink:type="arc" xlink:arcrole="http://xbrl.org/int/dim/arcrole/domain-member" xlink:from="ifrs-gp_ChangesInProvisionsTotalPresentation" xlink:to="ifrs-gp_ForeignCurrencyExchangeIncreaseDecreaseProvisionsTotal" order="6" use="optional" />
    <loc xlink:type="locator" xlink:href="http://xbrl.iasb.org/int/fr/ifrs/gp/2006-08-15/ifrs-gp-2006-08-15.xsd#ifrs-gp_OtherIncreaseDecreaseProvisionsTotal" xlink:label="ifrs-gp_OtherIncreaseDecreaseProvisionsTotal" />
    <definitionArc xlink:type="arc" xlink:arcrole="http://xbrl.org/int/dim/arcrole/domain-member" xlink:from="ifrs-gp_ChangesInProvisionsTotalPresentation" xlink:to="ifrs-gp_OtherIncreaseDecreaseProvisionsTotal" order="7" use="optional" />
  </definitionLink>
</linkbase>