<?xml version="1.0" encoding="utf-8"?>
<?taxonomy-version 1.3.2?>
<!--Copyright (C) 2011 EBA - European Banking Authority, Tower 42, 25 Old Broad Street, London, EC2N 1HQ, United Kingdom.-->   
<linkbase
	xmlns="http://www.xbrl.org/2003/linkbase"
	xmlns:xsi="http://www.w3.org/2001/XMLSchema-instance"
	xmlns:xlink="http://www.w3.org/1999/xlink"
	xsi:schemaLocation=" http://www.xbrl.org/2003/linkbase http://www.xbrl.org/2003/xbrl-linkbase-2003-12-31.xsd">
  <roleRef xlink:type="simple" xlink:href="p-FINREP-2008-01-01-T11-GoodwillAndOtherIntangibleAssets.xsd#GoodwillAndOtherIntangibleAssets" roleURI="http://www.c-ebs.org/eu/fr/esrs/finrep/2008-01-01/role/GoodwillAndOtherIntangibleAssets" />
  <calculationLink xlink:type="extended" xlink:role="http://www.c-ebs.org/eu/fr/esrs/finrep/2008-01-01/role/GoodwillAndOtherIntangibleAssets">
    <loc xlink:type="locator" xlink:href="http://xbrl.iasb.org/int/fr/ifrs/gp/2006-08-15/ifrs-gp-2006-08-15.xsd#ifrs-gp_GoodwillNet" xlink:label="ifrs-gp_GoodwillNet" />
    <loc xlink:type="locator" xlink:href="http://xbrl.iasb.org/int/fr/ifrs/gp/2006-08-15/ifrs-gp-2006-08-15.xsd#ifrs-gp_GoodwillGross" xlink:label="ifrs-gp_GoodwillGross" />
    <calculationArc xlink:type="arc" xlink:arcrole="http://www.xbrl.org/2003/arcrole/summation-item" xlink:from="ifrs-gp_GoodwillNet" xlink:to="ifrs-gp_GoodwillGross" order="1" weight="1" use="optional" />
    <loc xlink:type="locator" xlink:href="http://xbrl.iasb.org/int/fr/ifrs/gp/2006-08-15/ifrs-gp-2006-08-15.xsd#ifrs-gp_AccumulatedImpairmentGoodwill" xlink:label="ifrs-gp_AccumulatedImpairmentGoodwill" />
    <calculationArc xlink:type="arc" xlink:arcrole="http://www.xbrl.org/2003/arcrole/summation-item" xlink:from="ifrs-gp_GoodwillNet" xlink:to="ifrs-gp_AccumulatedImpairmentGoodwill" order="2" weight="-1" use="optional" />
    <loc xlink:type="locator" xlink:href="p-FINREP-2008-01-01.xsd#p-FINREP_AdditionsFromInternalDevelopmentIntangibleAssetsTotal" xlink:label="p-FINREP_AdditionsFromInternalDevelopmentIntangibleAssetsTotal" />
    <loc xlink:type="locator" xlink:href="p-FINREP-2008-01-01.xsd#p-FINREP_AdditionsFromInternalDevelopmentInternallyDevelopedSoftware" xlink:label="p-FINREP_AdditionsFromInternalDevelopmentInternallyDevelopedSoftware" />
    <calculationArc xlink:type="arc" xlink:arcrole="http://www.xbrl.org/2003/arcrole/summation-item" xlink:from="p-FINREP_AdditionsFromInternalDevelopmentIntangibleAssetsTotal" xlink:to="p-FINREP_AdditionsFromInternalDevelopmentInternallyDevelopedSoftware" order="1" weight="1" use="optional" />
    <loc xlink:type="locator" xlink:href="p-FINREP-2008-01-01.xsd#p-FINREP_AdditionsFromInternalDevelopmentAcquiredSoftware" xlink:label="p-FINREP_AdditionsFromInternalDevelopmentAcquiredSoftware" />
    <calculationArc xlink:type="arc" xlink:arcrole="http://www.xbrl.org/2003/arcrole/summation-item" xlink:from="p-FINREP_AdditionsFromInternalDevelopmentIntangibleAssetsTotal" xlink:to="p-FINREP_AdditionsFromInternalDevelopmentAcquiredSoftware" order="2" weight="1" use="optional" />
    <loc xlink:type="locator" xlink:href="p-FINREP-2008-01-01.xsd#p-FINREP_AdditionsFromInternalDevelopmentOtherInternallyDevelopedIntangibleAssets" xlink:label="p-FINREP_AdditionsFromInternalDevelopmentOtherInternallyDevelopedIntangibleAssets" />
    <calculationArc xlink:type="arc" xlink:arcrole="http://www.xbrl.org/2003/arcrole/summation-item" xlink:from="p-FINREP_AdditionsFromInternalDevelopmentIntangibleAssetsTotal" xlink:to="p-FINREP_AdditionsFromInternalDevelopmentOtherInternallyDevelopedIntangibleAssets" order="3" weight="1" use="optional" />
    <loc xlink:type="locator" xlink:href="p-FINREP-2008-01-01.xsd#p-FINREP_AdditionsFromInternalDevelopmentOtherIntangibleAssets" xlink:label="p-FINREP_AdditionsFromInternalDevelopmentOtherIntangibleAssets" />
    <calculationArc xlink:type="arc" xlink:arcrole="http://www.xbrl.org/2003/arcrole/summation-item" xlink:from="p-FINREP_AdditionsFromInternalDevelopmentIntangibleAssetsTotal" xlink:to="p-FINREP_AdditionsFromInternalDevelopmentOtherIntangibleAssets" order="4" weight="1" use="optional" />
    <loc xlink:type="locator" xlink:href="p-FINREP-2008-01-01.xsd#p-FINREP_AdditionsFromSeparateAcquisitionIntangibleAssetsTotal" xlink:label="p-FINREP_AdditionsFromSeparateAcquisitionIntangibleAssetsTotal" />
    <loc xlink:type="locator" xlink:href="http://xbrl.iasb.org/int/fr/ifrs/gp/2006-08-15/ifrs-gp-2006-08-15.xsd#ifrs-gp_AdditionalGoodwillRecognised" xlink:label="ifrs-gp_AdditionalGoodwillRecognised" />
    <calculationArc xlink:type="arc" xlink:arcrole="http://www.xbrl.org/2003/arcrole/summation-item" xlink:from="p-FINREP_AdditionsFromSeparateAcquisitionIntangibleAssetsTotal" xlink:to="ifrs-gp_AdditionalGoodwillRecognised" order="1" weight="1" use="optional" />
    <loc xlink:type="locator" xlink:href="p-FINREP-2008-01-01.xsd#p-FINREP_AdditionsFromSeparateAcquisitionInternallyDevelopedSoftware" xlink:label="p-FINREP_AdditionsFromSeparateAcquisitionInternallyDevelopedSoftware" />
    <calculationArc xlink:type="arc" xlink:arcrole="http://www.xbrl.org/2003/arcrole/summation-item" xlink:from="p-FINREP_AdditionsFromSeparateAcquisitionIntangibleAssetsTotal" xlink:to="p-FINREP_AdditionsFromSeparateAcquisitionInternallyDevelopedSoftware" order="2" weight="1" use="optional" />
    <loc xlink:type="locator" xlink:href="p-FINREP-2008-01-01.xsd#p-FINREP_AdditionsFromSeparateAcquisitionAcquiredSoftware" xlink:label="p-FINREP_AdditionsFromSeparateAcquisitionAcquiredSoftware" />
    <calculationArc xlink:type="arc" xlink:arcrole="http://www.xbrl.org/2003/arcrole/summation-item" xlink:from="p-FINREP_AdditionsFromSeparateAcquisitionIntangibleAssetsTotal" xlink:to="p-FINREP_AdditionsFromSeparateAcquisitionAcquiredSoftware" order="3" weight="1" use="optional" />
    <loc xlink:type="locator" xlink:href="p-FINREP-2008-01-01.xsd#p-FINREP_AdditionsFromSeparateAcquisitionOtherInternallyDevelopedIntangibleAssets" xlink:label="p-FINREP_AdditionsFromSeparateAcquisitionOtherInternallyDevelopedIntangibleAssets" />
    <calculationArc xlink:type="arc" xlink:arcrole="http://www.xbrl.org/2003/arcrole/summation-item" xlink:from="p-FINREP_AdditionsFromSeparateAcquisitionIntangibleAssetsTotal" xlink:to="p-FINREP_AdditionsFromSeparateAcquisitionOtherInternallyDevelopedIntangibleAssets" order="4" weight="1" use="optional" />
    <loc xlink:type="locator" xlink:href="p-FINREP-2008-01-01.xsd#p-FINREP_AdditionsFromSeparateAcquisitionOtherIntangibleAssets" xlink:label="p-FINREP_AdditionsFromSeparateAcquisitionOtherIntangibleAssets" />
    <calculationArc xlink:type="arc" xlink:arcrole="http://www.xbrl.org/2003/arcrole/summation-item" xlink:from="p-FINREP_AdditionsFromSeparateAcquisitionIntangibleAssetsTotal" xlink:to="p-FINREP_AdditionsFromSeparateAcquisitionOtherIntangibleAssets" order="5" weight="1" use="optional" />
    <loc xlink:type="locator" xlink:href="p-FINREP-2008-01-01.xsd#p-FINREP_AdjustmentsFromBusinessCombinationsIntangibleAssetsTotal" xlink:label="p-FINREP_AdjustmentsFromBusinessCombinationsIntangibleAssetsTotal" />
    <loc xlink:type="locator" xlink:href="p-FINREP-2008-01-01.xsd#p-FINREP_AdjustmentsFromBusinessCombinationsInternallyDevelopedSoftware" xlink:label="p-FINREP_AdjustmentsFromBusinessCombinationsInternallyDevelopedSoftware" />
    <calculationArc xlink:type="arc" xlink:arcrole="http://www.xbrl.org/2003/arcrole/summation-item" xlink:from="p-FINREP_AdjustmentsFromBusinessCombinationsIntangibleAssetsTotal" xlink:to="p-FINREP_AdjustmentsFromBusinessCombinationsInternallyDevelopedSoftware" order="1" weight="1" use="optional" />
    <loc xlink:type="locator" xlink:href="p-FINREP-2008-01-01.xsd#p-FINREP_AdjustmentsFromBusinessCombinationsAcquiredSoftware" xlink:label="p-FINREP_AdjustmentsFromBusinessCombinationsAcquiredSoftware" />
    <calculationArc xlink:type="arc" xlink:arcrole="http://www.xbrl.org/2003/arcrole/summation-item" xlink:from="p-FINREP_AdjustmentsFromBusinessCombinationsIntangibleAssetsTotal" xlink:to="p-FINREP_AdjustmentsFromBusinessCombinationsAcquiredSoftware" order="2" weight="1" use="optional" />
    <loc xlink:type="locator" xlink:href="p-FINREP-2008-01-01.xsd#p-FINREP_AdjustmentsFromBusinessCombinationsOtherInternallyDevelopedIntangibleAssets" xlink:label="p-FINREP_AdjustmentsFromBusinessCombinationsOtherInternallyDevelopedIntangibleAssets" />
    <calculationArc xlink:type="arc" xlink:arcrole="http://www.xbrl.org/2003/arcrole/summation-item" xlink:from="p-FINREP_AdjustmentsFromBusinessCombinationsIntangibleAssetsTotal" xlink:to="p-FINREP_AdjustmentsFromBusinessCombinationsOtherInternallyDevelopedIntangibleAssets" order="3" weight="1" use="optional" />
    <loc xlink:type="locator" xlink:href="p-FINREP-2008-01-01.xsd#p-FINREP_AdjustmentsFromBusinessCombinationsOtherIntangibleAssets" xlink:label="p-FINREP_AdjustmentsFromBusinessCombinationsOtherIntangibleAssets" />
    <calculationArc xlink:type="arc" xlink:arcrole="http://www.xbrl.org/2003/arcrole/summation-item" xlink:from="p-FINREP_AdjustmentsFromBusinessCombinationsIntangibleAssetsTotal" xlink:to="p-FINREP_AdjustmentsFromBusinessCombinationsOtherIntangibleAssets" order="4" weight="1" use="optional" />
    <loc xlink:type="locator" xlink:href="p-FINREP-2008-01-01.xsd#p-FINREP_AmortisationRecognisedIntangibleAssetsTotal" xlink:label="p-FINREP_AmortisationRecognisedIntangibleAssetsTotal" />
    <loc xlink:type="locator" xlink:href="p-FINREP-2008-01-01.xsd#p-FINREP_AmortisationRecognisedInternallyDevelopedSoftware" xlink:label="p-FINREP_AmortisationRecognisedInternallyDevelopedSoftware" />
    <calculationArc xlink:type="arc" xlink:arcrole="http://www.xbrl.org/2003/arcrole/summation-item" xlink:from="p-FINREP_AmortisationRecognisedIntangibleAssetsTotal" xlink:to="p-FINREP_AmortisationRecognisedInternallyDevelopedSoftware" order="1" weight="1" use="optional" />
    <loc xlink:type="locator" xlink:href="p-FINREP-2008-01-01.xsd#p-FINREP_AmortisationRecognisedAcquiredSoftware" xlink:label="p-FINREP_AmortisationRecognisedAcquiredSoftware" />
    <calculationArc xlink:type="arc" xlink:arcrole="http://www.xbrl.org/2003/arcrole/summation-item" xlink:from="p-FINREP_AmortisationRecognisedIntangibleAssetsTotal" xlink:to="p-FINREP_AmortisationRecognisedAcquiredSoftware" order="2" weight="1" use="optional" />
    <loc xlink:type="locator" xlink:href="p-FINREP-2008-01-01.xsd#p-FINREP_AmortisationRecognisedOtherInternallyDevelopedIntangibleAssets" xlink:label="p-FINREP_AmortisationRecognisedOtherInternallyDevelopedIntangibleAssets" />
    <calculationArc xlink:type="arc" xlink:arcrole="http://www.xbrl.org/2003/arcrole/summation-item" xlink:from="p-FINREP_AmortisationRecognisedIntangibleAssetsTotal" xlink:to="p-FINREP_AmortisationRecognisedOtherInternallyDevelopedIntangibleAssets" order="3" weight="1" use="optional" />
    <loc xlink:type="locator" xlink:href="p-FINREP-2008-01-01.xsd#p-FINREP_AmortisationRecognisedOtherIntangibleAssets" xlink:label="p-FINREP_AmortisationRecognisedOtherIntangibleAssets" />
    <calculationArc xlink:type="arc" xlink:arcrole="http://www.xbrl.org/2003/arcrole/summation-item" xlink:from="p-FINREP_AmortisationRecognisedIntangibleAssetsTotal" xlink:to="p-FINREP_AmortisationRecognisedOtherIntangibleAssets" order="4" weight="1" use="optional" />
    <loc xlink:type="locator" xlink:href="p-FINREP-2008-01-01.xsd#p-FINREP_ForeignCurrencyExchangeIncreaseDecreaseIntangibleAssetsTotal" xlink:label="p-FINREP_ForeignCurrencyExchangeIncreaseDecreaseIntangibleAssetsTotal" />
    <loc xlink:type="locator" xlink:href="http://xbrl.iasb.org/int/fr/ifrs/gp/2006-08-15/ifrs-gp-2006-08-15.xsd#ifrs-gp_ForeignCurrencyExchangeIncreaseDecreaseGoodwill" xlink:label="ifrs-gp_ForeignCurrencyExchangeIncreaseDecreaseGoodwill" />
    <calculationArc xlink:type="arc" xlink:arcrole="http://www.xbrl.org/2003/arcrole/summation-item" xlink:from="p-FINREP_ForeignCurrencyExchangeIncreaseDecreaseIntangibleAssetsTotal" xlink:to="ifrs-gp_ForeignCurrencyExchangeIncreaseDecreaseGoodwill" order="1" weight="1" use="optional" />
    <loc xlink:type="locator" xlink:href="p-FINREP-2008-01-01.xsd#p-FINREP_ForeignCurrencyExchangeIncreaseDecreaseInternallyDevelopedSoftware" xlink:label="p-FINREP_ForeignCurrencyExchangeIncreaseDecreaseInternallyDevelopedSoftware" />
    <calculationArc xlink:type="arc" xlink:arcrole="http://www.xbrl.org/2003/arcrole/summation-item" xlink:from="p-FINREP_ForeignCurrencyExchangeIncreaseDecreaseIntangibleAssetsTotal" xlink:to="p-FINREP_ForeignCurrencyExchangeIncreaseDecreaseInternallyDevelopedSoftware" order="2" weight="1" use="optional" />
    <loc xlink:type="locator" xlink:href="p-FINREP-2008-01-01.xsd#p-FINREP_ForeignCurrencyExchangeIncreaseDecreaseAcquiredSoftware" xlink:label="p-FINREP_ForeignCurrencyExchangeIncreaseDecreaseAcquiredSoftware" />
    <calculationArc xlink:type="arc" xlink:arcrole="http://www.xbrl.org/2003/arcrole/summation-item" xlink:from="p-FINREP_ForeignCurrencyExchangeIncreaseDecreaseIntangibleAssetsTotal" xlink:to="p-FINREP_ForeignCurrencyExchangeIncreaseDecreaseAcquiredSoftware" order="3" weight="1" use="optional" />
    <loc xlink:type="locator" xlink:href="p-FINREP-2008-01-01.xsd#p-FINREP_ForeignCurrencyExchangeIncreaseDecreaseOtherInternallyDevelopedIntangibleAssets" xlink:label="p-FINREP_ForeignCurrencyExchangeIncreaseDecreaseOtherInternallyDevelopedIntangibleAssets" />
    <calculationArc xlink:type="arc" xlink:arcrole="http://www.xbrl.org/2003/arcrole/summation-item" xlink:from="p-FINREP_ForeignCurrencyExchangeIncreaseDecreaseIntangibleAssetsTotal" xlink:to="p-FINREP_ForeignCurrencyExchangeIncreaseDecreaseOtherInternallyDevelopedIntangibleAssets" order="4" weight="1" use="optional" />
    <loc xlink:type="locator" xlink:href="p-FINREP-2008-01-01.xsd#p-FINREP_ForeignCurrencyExchangeIncreaseDecreaseOtherIntangibleAssets" xlink:label="p-FINREP_ForeignCurrencyExchangeIncreaseDecreaseOtherIntangibleAssets" />
    <calculationArc xlink:type="arc" xlink:arcrole="http://www.xbrl.org/2003/arcrole/summation-item" xlink:from="p-FINREP_ForeignCurrencyExchangeIncreaseDecreaseIntangibleAssetsTotal" xlink:to="p-FINREP_ForeignCurrencyExchangeIncreaseDecreaseOtherIntangibleAssets" order="5" weight="1" use="optional" />
    <loc xlink:type="locator" xlink:href="p-FINREP-2008-01-01.xsd#p-FINREP_ImpairmentLossRecognisedInIncomeStatementIntangibleAssetsTotal" xlink:label="p-FINREP_ImpairmentLossRecognisedInIncomeStatementIntangibleAssetsTotal" />
    <loc xlink:type="locator" xlink:href="http://xbrl.iasb.org/int/fr/ifrs/gp/2006-08-15/ifrs-gp-2006-08-15.xsd#ifrs-gp_ImpairmentLossRecognisedInIncomeStatementGoodwill" xlink:label="ifrs-gp_ImpairmentLossRecognisedInIncomeStatementGoodwill" />
    <calculationArc xlink:type="arc" xlink:arcrole="http://www.xbrl.org/2003/arcrole/summation-item" xlink:from="p-FINREP_ImpairmentLossRecognisedInIncomeStatementIntangibleAssetsTotal" xlink:to="ifrs-gp_ImpairmentLossRecognisedInIncomeStatementGoodwill" order="1" weight="1" use="optional" />
    <loc xlink:type="locator" xlink:href="p-FINREP-2008-01-01.xsd#p-FINREP_ImpairmentLossRecognisedInIncomeStatementInternallyDevelopedSoftware" xlink:label="p-FINREP_ImpairmentLossRecognisedInIncomeStatementInternallyDevelopedSoftware" />
    <calculationArc xlink:type="arc" xlink:arcrole="http://www.xbrl.org/2003/arcrole/summation-item" xlink:from="p-FINREP_ImpairmentLossRecognisedInIncomeStatementIntangibleAssetsTotal" xlink:to="p-FINREP_ImpairmentLossRecognisedInIncomeStatementInternallyDevelopedSoftware" order="2" weight="1" use="optional" />
    <loc xlink:type="locator" xlink:href="p-FINREP-2008-01-01.xsd#p-FINREP_ImpairmentLossRecognisedInIncomeStatementAcquiredSoftware" xlink:label="p-FINREP_ImpairmentLossRecognisedInIncomeStatementAcquiredSoftware" />
    <calculationArc xlink:type="arc" xlink:arcrole="http://www.xbrl.org/2003/arcrole/summation-item" xlink:from="p-FINREP_ImpairmentLossRecognisedInIncomeStatementIntangibleAssetsTotal" xlink:to="p-FINREP_ImpairmentLossRecognisedInIncomeStatementAcquiredSoftware" order="3" weight="1" use="optional" />
    <loc xlink:type="locator" xlink:href="p-FINREP-2008-01-01.xsd#p-FINREP_ImpairmentLossRecognisedInIncomeStatementOtherInternallyDevelopedIntangibleAssets" xlink:label="p-FINREP_ImpairmentLossRecognisedInIncomeStatementOtherInternallyDevelopedIntangibleAssets" />
    <calculationArc xlink:type="arc" xlink:arcrole="http://www.xbrl.org/2003/arcrole/summation-item" xlink:from="p-FINREP_ImpairmentLossRecognisedInIncomeStatementIntangibleAssetsTotal" xlink:to="p-FINREP_ImpairmentLossRecognisedInIncomeStatementOtherInternallyDevelopedIntangibleAssets" order="4" weight="1" use="optional" />
    <loc xlink:type="locator" xlink:href="p-FINREP-2008-01-01.xsd#p-FINREP_ImpairmentLossRecognisedInIncomeStatementOtherIntangibleAssets" xlink:label="p-FINREP_ImpairmentLossRecognisedInIncomeStatementOtherIntangibleAssets" />
    <calculationArc xlink:type="arc" xlink:arcrole="http://www.xbrl.org/2003/arcrole/summation-item" xlink:from="p-FINREP_ImpairmentLossRecognisedInIncomeStatementIntangibleAssetsTotal" xlink:to="p-FINREP_ImpairmentLossRecognisedInIncomeStatementOtherIntangibleAssets" order="5" weight="1" use="optional" />
    <loc xlink:type="locator" xlink:href="p-FINREP-2008-01-01.xsd#p-FINREP_ImpairmentReversalRecognisedInIncomeStatementIntangibleAssetsTotal" xlink:label="p-FINREP_ImpairmentReversalRecognisedInIncomeStatementIntangibleAssetsTotal" />
    <loc xlink:type="locator" xlink:href="p-FINREP-2008-01-01.xsd#p-FINREP_ImpairmentReversalRecognisedInIncomeStatementInternallyDevelopedSoftware" xlink:label="p-FINREP_ImpairmentReversalRecognisedInIncomeStatementInternallyDevelopedSoftware" />
    <calculationArc xlink:type="arc" xlink:arcrole="http://www.xbrl.org/2003/arcrole/summation-item" xlink:from="p-FINREP_ImpairmentReversalRecognisedInIncomeStatementIntangibleAssetsTotal" xlink:to="p-FINREP_ImpairmentReversalRecognisedInIncomeStatementInternallyDevelopedSoftware" order="1" weight="1" use="optional" />
    <loc xlink:type="locator" xlink:href="p-FINREP-2008-01-01.xsd#p-FINREP_ImpairmentReversalRecognisedInIncomeStatementAcquiredSoftware" xlink:label="p-FINREP_ImpairmentReversalRecognisedInIncomeStatementAcquiredSoftware" />
    <calculationArc xlink:type="arc" xlink:arcrole="http://www.xbrl.org/2003/arcrole/summation-item" xlink:from="p-FINREP_ImpairmentReversalRecognisedInIncomeStatementIntangibleAssetsTotal" xlink:to="p-FINREP_ImpairmentReversalRecognisedInIncomeStatementAcquiredSoftware" order="2" weight="1" use="optional" />
    <loc xlink:type="locator" xlink:href="p-FINREP-2008-01-01.xsd#p-FINREP_ImpairmentReversalRecognisedInIncomeStatementOtherInternallyDevelopedIntangibleAssets" xlink:label="p-FINREP_ImpairmentReversalRecognisedInIncomeStatementOtherInternallyDevelopedIntangibleAssets" />
    <calculationArc xlink:type="arc" xlink:arcrole="http://www.xbrl.org/2003/arcrole/summation-item" xlink:from="p-FINREP_ImpairmentReversalRecognisedInIncomeStatementIntangibleAssetsTotal" xlink:to="p-FINREP_ImpairmentReversalRecognisedInIncomeStatementOtherInternallyDevelopedIntangibleAssets" order="3" weight="1" use="optional" />
    <loc xlink:type="locator" xlink:href="p-FINREP-2008-01-01.xsd#p-FINREP_ImpairmentReversalRecognisedInIncomeStatementOtherIntangibleAssets" xlink:label="p-FINREP_ImpairmentReversalRecognisedInIncomeStatementOtherIntangibleAssets" />
    <calculationArc xlink:type="arc" xlink:arcrole="http://www.xbrl.org/2003/arcrole/summation-item" xlink:from="p-FINREP_ImpairmentReversalRecognisedInIncomeStatementIntangibleAssetsTotal" xlink:to="p-FINREP_ImpairmentReversalRecognisedInIncomeStatementOtherIntangibleAssets" order="4" weight="1" use="optional" />
    <loc xlink:type="locator" xlink:href="p-FINREP-2008-01-01.xsd#p-FINREP_IntangibleAssetsUnderAnOperatingLease" xlink:label="p-FINREP_IntangibleAssetsUnderAnOperatingLease" />
    <loc xlink:type="locator" xlink:href="p-FINREP-2008-01-01.xsd#p-FINREP_IntangibleAssetsUnderAnOperatingLeaseInternallyDevelopedSoftware" xlink:label="p-FINREP_IntangibleAssetsUnderAnOperatingLeaseInternallyDevelopedSoftware" />
    <calculationArc xlink:type="arc" xlink:arcrole="http://www.xbrl.org/2003/arcrole/summation-item" xlink:from="p-FINREP_IntangibleAssetsUnderAnOperatingLease" xlink:to="p-FINREP_IntangibleAssetsUnderAnOperatingLeaseInternallyDevelopedSoftware" order="1" weight="1" use="optional" />
    <loc xlink:type="locator" xlink:href="p-FINREP-2008-01-01.xsd#p-FINREP_IntangibleAssetsUnderAnOperatingLeaseAcquiredSoftware" xlink:label="p-FINREP_IntangibleAssetsUnderAnOperatingLeaseAcquiredSoftware" />
    <calculationArc xlink:type="arc" xlink:arcrole="http://www.xbrl.org/2003/arcrole/summation-item" xlink:from="p-FINREP_IntangibleAssetsUnderAnOperatingLease" xlink:to="p-FINREP_IntangibleAssetsUnderAnOperatingLeaseAcquiredSoftware" order="2" weight="1" use="optional" />
    <loc xlink:type="locator" xlink:href="p-FINREP-2008-01-01.xsd#p-FINREP_IntangibleAssetsUnderAnOperatingLeaseOtherInternallyDevelopedIntangibleAssets" xlink:label="p-FINREP_IntangibleAssetsUnderAnOperatingLeaseOtherInternallyDevelopedIntangibleAssets" />
    <calculationArc xlink:type="arc" xlink:arcrole="http://www.xbrl.org/2003/arcrole/summation-item" xlink:from="p-FINREP_IntangibleAssetsUnderAnOperatingLease" xlink:to="p-FINREP_IntangibleAssetsUnderAnOperatingLeaseOtherInternallyDevelopedIntangibleAssets" order="3" weight="1" use="optional" />
    <loc xlink:type="locator" xlink:href="p-FINREP-2008-01-01.xsd#p-FINREP_IntangibleAssetsUnderAnOperatingLeaseOtherIntangibleAssets" xlink:label="p-FINREP_IntangibleAssetsUnderAnOperatingLeaseOtherIntangibleAssets" />
    <calculationArc xlink:type="arc" xlink:arcrole="http://www.xbrl.org/2003/arcrole/summation-item" xlink:from="p-FINREP_IntangibleAssetsUnderAnOperatingLease" xlink:to="p-FINREP_IntangibleAssetsUnderAnOperatingLeaseOtherIntangibleAssets" order="4" weight="1" use="optional" />
    <loc xlink:type="locator" xlink:href="p-FINREP-2008-01-01.xsd#p-FINREP_IntangibleAssetsUnderFinanceLease" xlink:label="p-FINREP_IntangibleAssetsUnderFinanceLease" />
    <loc xlink:type="locator" xlink:href="p-FINREP-2008-01-01.xsd#p-FINREP_IntangibleAssetsUnderFinanceLeaseInternallyDevelopedSoftware" xlink:label="p-FINREP_IntangibleAssetsUnderFinanceLeaseInternallyDevelopedSoftware" />
    <calculationArc xlink:type="arc" xlink:arcrole="http://www.xbrl.org/2003/arcrole/summation-item" xlink:from="p-FINREP_IntangibleAssetsUnderFinanceLease" xlink:to="p-FINREP_IntangibleAssetsUnderFinanceLeaseInternallyDevelopedSoftware" order="1" weight="1" use="optional" />
    <loc xlink:type="locator" xlink:href="p-FINREP-2008-01-01.xsd#p-FINREP_IntangibleAssetsUnderFinanceLeaseAcquiredSoftware" xlink:label="p-FINREP_IntangibleAssetsUnderFinanceLeaseAcquiredSoftware" />
    <calculationArc xlink:type="arc" xlink:arcrole="http://www.xbrl.org/2003/arcrole/summation-item" xlink:from="p-FINREP_IntangibleAssetsUnderFinanceLease" xlink:to="p-FINREP_IntangibleAssetsUnderFinanceLeaseAcquiredSoftware" order="2" weight="1" use="optional" />
    <loc xlink:type="locator" xlink:href="p-FINREP-2008-01-01.xsd#p-FINREP_IntangibleAssetsUnderFinanceLeaseOtherInternallyDevelopedIntangibleAssets" xlink:label="p-FINREP_IntangibleAssetsUnderFinanceLeaseOtherInternallyDevelopedIntangibleAssets" />
    <calculationArc xlink:type="arc" xlink:arcrole="http://www.xbrl.org/2003/arcrole/summation-item" xlink:from="p-FINREP_IntangibleAssetsUnderFinanceLease" xlink:to="p-FINREP_IntangibleAssetsUnderFinanceLeaseOtherInternallyDevelopedIntangibleAssets" order="3" weight="1" use="optional" />
    <loc xlink:type="locator" xlink:href="p-FINREP-2008-01-01.xsd#p-FINREP_IntangibleAssetsUnderFinanceLeaseOtherIntangibleAssets" xlink:label="p-FINREP_IntangibleAssetsUnderFinanceLeaseOtherIntangibleAssets" />
    <calculationArc xlink:type="arc" xlink:arcrole="http://www.xbrl.org/2003/arcrole/summation-item" xlink:from="p-FINREP_IntangibleAssetsUnderFinanceLease" xlink:to="p-FINREP_IntangibleAssetsUnderFinanceLeaseOtherIntangibleAssets" order="4" weight="1" use="optional" />
    <loc xlink:type="locator" xlink:href="p-FINREP-2008-01-01.xsd#p-FINREP_OtherIncreaseDecreaseIntangibleAssetsTotal" xlink:label="p-FINREP_OtherIncreaseDecreaseIntangibleAssetsTotal" />
    <loc xlink:type="locator" xlink:href="http://xbrl.iasb.org/int/fr/ifrs/gp/2006-08-15/ifrs-gp-2006-08-15.xsd#ifrs-gp_OtherIncreaseDecreaseGoodwill" xlink:label="ifrs-gp_OtherIncreaseDecreaseGoodwill" />
    <calculationArc xlink:type="arc" xlink:arcrole="http://www.xbrl.org/2003/arcrole/summation-item" xlink:from="p-FINREP_OtherIncreaseDecreaseIntangibleAssetsTotal" xlink:to="ifrs-gp_OtherIncreaseDecreaseGoodwill" order="1" weight="1" use="optional" />
    <loc xlink:type="locator" xlink:href="p-FINREP-2008-01-01.xsd#p-FINREP_OtherIncreaseDecreaseInternallyDevelopedSoftware" xlink:label="p-FINREP_OtherIncreaseDecreaseInternallyDevelopedSoftware" />
    <calculationArc xlink:type="arc" xlink:arcrole="http://www.xbrl.org/2003/arcrole/summation-item" xlink:from="p-FINREP_OtherIncreaseDecreaseIntangibleAssetsTotal" xlink:to="p-FINREP_OtherIncreaseDecreaseInternallyDevelopedSoftware" order="2" weight="1" use="optional" />
    <loc xlink:type="locator" xlink:href="p-FINREP-2008-01-01.xsd#p-FINREP_OtherIncreaseDecreaseAcquiredSoftware" xlink:label="p-FINREP_OtherIncreaseDecreaseAcquiredSoftware" />
    <calculationArc xlink:type="arc" xlink:arcrole="http://www.xbrl.org/2003/arcrole/summation-item" xlink:from="p-FINREP_OtherIncreaseDecreaseIntangibleAssetsTotal" xlink:to="p-FINREP_OtherIncreaseDecreaseAcquiredSoftware" order="3" weight="1" use="optional" />
    <loc xlink:type="locator" xlink:href="p-FINREP-2008-01-01.xsd#p-FINREP_OtherIncreaseDecreaseOtherInternallyDevelopedIntangibleAssets" xlink:label="p-FINREP_OtherIncreaseDecreaseOtherInternallyDevelopedIntangibleAssets" />
    <calculationArc xlink:type="arc" xlink:arcrole="http://www.xbrl.org/2003/arcrole/summation-item" xlink:from="p-FINREP_OtherIncreaseDecreaseIntangibleAssetsTotal" xlink:to="p-FINREP_OtherIncreaseDecreaseOtherInternallyDevelopedIntangibleAssets" order="4" weight="1" use="optional" />
    <loc xlink:type="locator" xlink:href="p-FINREP-2008-01-01.xsd#p-FINREP_OtherIncreaseDecreaseOtherIntangibleAssets" xlink:label="p-FINREP_OtherIncreaseDecreaseOtherIntangibleAssets" />
    <calculationArc xlink:type="arc" xlink:arcrole="http://www.xbrl.org/2003/arcrole/summation-item" xlink:from="p-FINREP_OtherIncreaseDecreaseIntangibleAssetsTotal" xlink:to="p-FINREP_OtherIncreaseDecreaseOtherIntangibleAssets" order="5" weight="1" use="optional" />
    <loc xlink:type="locator" xlink:href="p-FINREP-2008-01-01.xsd#p-FINREP_RetirementAndDisposalsIntangibleAssetsTotal" xlink:label="p-FINREP_RetirementAndDisposalsIntangibleAssetsTotal" />
    <loc xlink:type="locator" xlink:href="http://xbrl.iasb.org/int/fr/ifrs/gp/2006-08-15/ifrs-gp-2006-08-15.xsd#ifrs-gp_GoodwillDerecognisedOnDisposalOfBusiness" xlink:label="ifrs-gp_GoodwillDerecognisedOnDisposalOfBusiness" />
    <calculationArc xlink:type="arc" xlink:arcrole="http://www.xbrl.org/2003/arcrole/summation-item" xlink:from="p-FINREP_RetirementAndDisposalsIntangibleAssetsTotal" xlink:to="ifrs-gp_GoodwillDerecognisedOnDisposalOfBusiness" order="1" weight="1" use="optional" />
    <loc xlink:type="locator" xlink:href="p-FINREP-2008-01-01.xsd#p-FINREP_RetirementAndDisposalsInternallyDevelopedSoftware" xlink:label="p-FINREP_RetirementAndDisposalsInternallyDevelopedSoftware" />
    <calculationArc xlink:type="arc" xlink:arcrole="http://www.xbrl.org/2003/arcrole/summation-item" xlink:from="p-FINREP_RetirementAndDisposalsIntangibleAssetsTotal" xlink:to="p-FINREP_RetirementAndDisposalsInternallyDevelopedSoftware" order="2" weight="1" use="optional" />
    <loc xlink:type="locator" xlink:href="p-FINREP-2008-01-01.xsd#p-FINREP_RetirementAndDisposalsAcquiredSoftware" xlink:label="p-FINREP_RetirementAndDisposalsAcquiredSoftware" />
    <calculationArc xlink:type="arc" xlink:arcrole="http://www.xbrl.org/2003/arcrole/summation-item" xlink:from="p-FINREP_RetirementAndDisposalsIntangibleAssetsTotal" xlink:to="p-FINREP_RetirementAndDisposalsAcquiredSoftware" order="3" weight="1" use="optional" />
    <loc xlink:type="locator" xlink:href="p-FINREP-2008-01-01.xsd#p-FINREP_RetirementAndDisposalsOtherInternallyDevelopedIntangibleAssets" xlink:label="p-FINREP_RetirementAndDisposalsOtherInternallyDevelopedIntangibleAssets" />
    <calculationArc xlink:type="arc" xlink:arcrole="http://www.xbrl.org/2003/arcrole/summation-item" xlink:from="p-FINREP_RetirementAndDisposalsIntangibleAssetsTotal" xlink:to="p-FINREP_RetirementAndDisposalsOtherInternallyDevelopedIntangibleAssets" order="4" weight="1" use="optional" />
    <loc xlink:type="locator" xlink:href="p-FINREP-2008-01-01.xsd#p-FINREP_RetirementAndDisposalsOtherIntangibleAssets" xlink:label="p-FINREP_RetirementAndDisposalsOtherIntangibleAssets" />
    <calculationArc xlink:type="arc" xlink:arcrole="http://www.xbrl.org/2003/arcrole/summation-item" xlink:from="p-FINREP_RetirementAndDisposalsIntangibleAssetsTotal" xlink:to="p-FINREP_RetirementAndDisposalsOtherIntangibleAssets" order="5" weight="1" use="optional" />
    <loc xlink:type="locator" xlink:href="p-FINREP-2008-01-01.xsd#p-FINREP_RevaluationIncreaseDecreaseRecognisedInIncomeStatementIntangibleAssetsTotal" xlink:label="p-FINREP_RevaluationIncreaseDecreaseRecognisedInIncomeStatementIntangibleAssetsTotal" />
    <loc xlink:type="locator" xlink:href="p-FINREP-2008-01-01.xsd#p-FINREP_RevaluationIncreaseDecreaseRecognisedInIncomeStatementInternallyDevelopedSoftware" xlink:label="p-FINREP_RevaluationIncreaseDecreaseRecognisedInIncomeStatementInternallyDevelopedSoftware" />
    <calculationArc xlink:type="arc" xlink:arcrole="http://www.xbrl.org/2003/arcrole/summation-item" xlink:from="p-FINREP_RevaluationIncreaseDecreaseRecognisedInIncomeStatementIntangibleAssetsTotal" xlink:to="p-FINREP_RevaluationIncreaseDecreaseRecognisedInIncomeStatementInternallyDevelopedSoftware" order="1" weight="1" use="optional" />
    <loc xlink:type="locator" xlink:href="p-FINREP-2008-01-01.xsd#p-FINREP_RevaluationIncreaseDecreaseRecognisedInIncomeStatementAcquiredSoftware" xlink:label="p-FINREP_RevaluationIncreaseDecreaseRecognisedInIncomeStatementAcquiredSoftware" />
    <calculationArc xlink:type="arc" xlink:arcrole="http://www.xbrl.org/2003/arcrole/summation-item" xlink:from="p-FINREP_RevaluationIncreaseDecreaseRecognisedInIncomeStatementIntangibleAssetsTotal" xlink:to="p-FINREP_RevaluationIncreaseDecreaseRecognisedInIncomeStatementAcquiredSoftware" order="2" weight="1" use="optional" />
    <loc xlink:type="locator" xlink:href="p-FINREP-2008-01-01.xsd#p-FINREP_RevaluationIncreaseDecreaseRecognisedInIncomeStatementOtherInternallyDevelopedIntangibleAssets" xlink:label="p-FINREP_RevaluationIncreaseDecreaseRecognisedInIncomeStatementOtherInternallyDevelopedIntangibleAssets" />
    <calculationArc xlink:type="arc" xlink:arcrole="http://www.xbrl.org/2003/arcrole/summation-item" xlink:from="p-FINREP_RevaluationIncreaseDecreaseRecognisedInIncomeStatementIntangibleAssetsTotal" xlink:to="p-FINREP_RevaluationIncreaseDecreaseRecognisedInIncomeStatementOtherInternallyDevelopedIntangibleAssets" order="3" weight="1" use="optional" />
    <loc xlink:type="locator" xlink:href="p-FINREP-2008-01-01.xsd#p-FINREP_RevaluationIncreaseDecreaseRecognisedInIncomeStatementOtherIntangibleAssets" xlink:label="p-FINREP_RevaluationIncreaseDecreaseRecognisedInIncomeStatementOtherIntangibleAssets" />
    <calculationArc xlink:type="arc" xlink:arcrole="http://www.xbrl.org/2003/arcrole/summation-item" xlink:from="p-FINREP_RevaluationIncreaseDecreaseRecognisedInIncomeStatementIntangibleAssetsTotal" xlink:to="p-FINREP_RevaluationIncreaseDecreaseRecognisedInIncomeStatementOtherIntangibleAssets" order="4" weight="1" use="optional" />
    <loc xlink:type="locator" xlink:href="p-FINREP-2008-01-01.xsd#p-FINREP_RevaluationIncreasesDecreasesAndImpairmentLossesReversalsRecognisedInEquityIntangibleAssetsTotal" xlink:label="p-FINREP_RevaluationIncreasesDecreasesAndImpairmentLossesReversalsRecognisedInEquityIntangibleAssetsTotal" />
    <loc xlink:type="locator" xlink:href="p-FINREP-2008-01-01.xsd#p-FINREP_RevaluationIncreasesDecreasesAndImpairmentLossesReversalsRecognisedInEquityInternallyDevelopedSoftware" xlink:label="p-FINREP_RevaluationIncreasesDecreasesAndImpairmentLossesReversalsRecognisedInEquityInternallyDevelopedSoftware" />
    <calculationArc xlink:type="arc" xlink:arcrole="http://www.xbrl.org/2003/arcrole/summation-item" xlink:from="p-FINREP_RevaluationIncreasesDecreasesAndImpairmentLossesReversalsRecognisedInEquityIntangibleAssetsTotal" xlink:to="p-FINREP_RevaluationIncreasesDecreasesAndImpairmentLossesReversalsRecognisedInEquityInternallyDevelopedSoftware" order="1" weight="1" use="optional" />
    <loc xlink:type="locator" xlink:href="p-FINREP-2008-01-01.xsd#p-FINREP_RevaluationIncreasesDecreasesAndImpairmentLossesReversalsRecognisedInEquityAcquiredSoftware" xlink:label="p-FINREP_RevaluationIncreasesDecreasesAndImpairmentLossesReversalsRecognisedInEquityAcquiredSoftware" />
    <calculationArc xlink:type="arc" xlink:arcrole="http://www.xbrl.org/2003/arcrole/summation-item" xlink:from="p-FINREP_RevaluationIncreasesDecreasesAndImpairmentLossesReversalsRecognisedInEquityIntangibleAssetsTotal" xlink:to="p-FINREP_RevaluationIncreasesDecreasesAndImpairmentLossesReversalsRecognisedInEquityAcquiredSoftware" order="2" weight="1" use="optional" />
    <loc xlink:type="locator" xlink:href="p-FINREP-2008-01-01.xsd#p-FINREP_RevaluationIncreasesDecreasesAndImpairmentLossesReversalsRecognisedInEquityOtherInternallyDevelopedIntangibleAssets" xlink:label="p-FINREP_RevaluationIncreasesDecreasesAndImpairmentLossesReversalsRecognisedInEquityOtherInternallyDevelopedIntangibleAssets" />
    <calculationArc xlink:type="arc" xlink:arcrole="http://www.xbrl.org/2003/arcrole/summation-item" xlink:from="p-FINREP_RevaluationIncreasesDecreasesAndImpairmentLossesReversalsRecognisedInEquityIntangibleAssetsTotal" xlink:to="p-FINREP_RevaluationIncreasesDecreasesAndImpairmentLossesReversalsRecognisedInEquityOtherInternallyDevelopedIntangibleAssets" order="3" weight="1" use="optional" />
    <loc xlink:type="locator" xlink:href="p-FINREP-2008-01-01.xsd#p-FINREP_RevaluationIncreasesDecreasesAndImpairmentLossesReversalsRecognisedInEquityOtherIntangibleAssets" xlink:label="p-FINREP_RevaluationIncreasesDecreasesAndImpairmentLossesReversalsRecognisedInEquityOtherIntangibleAssets" />
    <calculationArc xlink:type="arc" xlink:arcrole="http://www.xbrl.org/2003/arcrole/summation-item" xlink:from="p-FINREP_RevaluationIncreasesDecreasesAndImpairmentLossesReversalsRecognisedInEquityIntangibleAssetsTotal" xlink:to="p-FINREP_RevaluationIncreasesDecreasesAndImpairmentLossesReversalsRecognisedInEquityOtherIntangibleAssets" order="4" weight="1" use="optional" />
    <loc xlink:type="locator" xlink:href="p-FINREP-2008-01-01.xsd#p-FINREP_TransfersToFromNonCurrentAssetsAndDisposalGroupsHeldForSaleIntangibleAssetsTotal" xlink:label="p-FINREP_TransfersToFromNonCurrentAssetsAndDisposalGroupsHeldForSaleIntangibleAssetsTotal" />
    <loc xlink:type="locator" xlink:href="http://xbrl.iasb.org/int/fr/ifrs/gp/2006-08-15/ifrs-gp-2006-08-15.xsd#ifrs-gp_TransfersToFromNonCurrentAssetsAndDisposalGroupsHeldForSaleGoodwill" xlink:label="ifrs-gp_TransfersToFromNonCurrentAssetsAndDisposalGroupsHeldForSaleGoodwill" />
    <calculationArc xlink:type="arc" xlink:arcrole="http://www.xbrl.org/2003/arcrole/summation-item" xlink:from="p-FINREP_TransfersToFromNonCurrentAssetsAndDisposalGroupsHeldForSaleIntangibleAssetsTotal" xlink:to="ifrs-gp_TransfersToFromNonCurrentAssetsAndDisposalGroupsHeldForSaleGoodwill" order="1" weight="1" use="optional" />
    <loc xlink:type="locator" xlink:href="p-FINREP-2008-01-01.xsd#p-FINREP_TransfersToFromNonCurrentAssetsAndDisposalGroupsHeldForSaleInternallyDevelopedSoftware" xlink:label="p-FINREP_TransfersToFromNonCurrentAssetsAndDisposalGroupsHeldForSaleInternallyDevelopedSoftware" />
    <calculationArc xlink:type="arc" xlink:arcrole="http://www.xbrl.org/2003/arcrole/summation-item" xlink:from="p-FINREP_TransfersToFromNonCurrentAssetsAndDisposalGroupsHeldForSaleIntangibleAssetsTotal" xlink:to="p-FINREP_TransfersToFromNonCurrentAssetsAndDisposalGroupsHeldForSaleInternallyDevelopedSoftware" order="2" weight="1" use="optional" />
    <loc xlink:type="locator" xlink:href="p-FINREP-2008-01-01.xsd#p-FINREP_TransfersToFromNonCurrentAssetsAndDisposalGroupsHeldForSaleAcquiredSoftware" xlink:label="p-FINREP_TransfersToFromNonCurrentAssetsAndDisposalGroupsHeldForSaleAcquiredSoftware" />
    <calculationArc xlink:type="arc" xlink:arcrole="http://www.xbrl.org/2003/arcrole/summation-item" xlink:from="p-FINREP_TransfersToFromNonCurrentAssetsAndDisposalGroupsHeldForSaleIntangibleAssetsTotal" xlink:to="p-FINREP_TransfersToFromNonCurrentAssetsAndDisposalGroupsHeldForSaleAcquiredSoftware" order="3" weight="1" use="optional" />
    <loc xlink:type="locator" xlink:href="p-FINREP-2008-01-01.xsd#p-FINREP_TransfersToFromNonCurrentAssetsAndDisposalGroupsHeldForSaleOtherInternallyDevelopedIntangibleAssets" xlink:label="p-FINREP_TransfersToFromNonCurrentAssetsAndDisposalGroupsHeldForSaleOtherInternallyDevelopedIntangibleAssets" />
    <calculationArc xlink:type="arc" xlink:arcrole="http://www.xbrl.org/2003/arcrole/summation-item" xlink:from="p-FINREP_TransfersToFromNonCurrentAssetsAndDisposalGroupsHeldForSaleIntangibleAssetsTotal" xlink:to="p-FINREP_TransfersToFromNonCurrentAssetsAndDisposalGroupsHeldForSaleOtherInternallyDevelopedIntangibleAssets" order="4" weight="1" use="optional" />
    <loc xlink:type="locator" xlink:href="p-FINREP-2008-01-01.xsd#p-FINREP_TransfersToFromNonCurrentAssetsAndDisposalGroupsHeldForSaleOtherIntangibleAssets" xlink:label="p-FINREP_TransfersToFromNonCurrentAssetsAndDisposalGroupsHeldForSaleOtherIntangibleAssets" />
    <calculationArc xlink:type="arc" xlink:arcrole="http://www.xbrl.org/2003/arcrole/summation-item" xlink:from="p-FINREP_TransfersToFromNonCurrentAssetsAndDisposalGroupsHeldForSaleIntangibleAssetsTotal" xlink:to="p-FINREP_TransfersToFromNonCurrentAssetsAndDisposalGroupsHeldForSaleOtherIntangibleAssets" order="5" weight="1" use="optional" />
  </calculationLink>
</linkbase>