<?xml version="1.0" encoding="iso-8859-1"?>
<?taxonomy-version 1.3.2?>
<!--Copyright (C) 2011 EBA - European Banking Authority, Tower 42, 25 Old Broad Street, London, EC2N 1HQ, United Kingdom.-->   

<linkbase xmlns:xsi="http://www.w3.org/2001/XMLSchema-instance" xsi:schemaLocation="http://www.xbrl.org/2003/linkbase http://www.xbrl.org/2003/xbrl-linkbase-2003-12-31.xsd" xmlns="http://www.xbrl.org/2003/linkbase" xmlns:xlink="http://www.w3.org/1999/xlink">
  <roleRef roleURI="http://www.c-ebs.org/eu/fr/esrs/finrep/2008-01-01/role/DefinedBenefitPlans" xlink:type="simple" xlink:href="p-FINREP-2008-01-01-T35-DefinedBenefitPlans.xsd#DefinedBenefitPlans"/>
  <presentationLink xlink:type="extended" xlink:role="http://www.c-ebs.org/eu/fr/esrs/finrep/2008-01-01/role/DefinedBenefitPlans">
    <loc xlink:type="locator" xlink:href="p-FINREP-2008-01-01.xsd#p-FINREP_DefinedBenefitPlansPresentation" xlink:label="p-FINREP_DefinedBenefitPlansPresentation"/>
    <loc xlink:type="locator" xlink:href="p-FINREP-2008-01-01.xsd#p-FINREP_ComponentsOfDefinedBenefitPlanAssetsAndLiabilities" xlink:label="p-FINREP_ComponentsOfDefinedBenefitPlanAssetsAndLiabilities"/>
    <presentationArc xlink:type="arc" xlink:arcrole="http://www.xbrl.org/2003/arcrole/parent-child" xlink:from="p-FINREP_DefinedBenefitPlansPresentation" xlink:to="p-FINREP_ComponentsOfDefinedBenefitPlanAssetsAndLiabilities" use="optional" order="1.0"/>
    <loc xlink:type="locator" xlink:href="p-FINREP-2008-01-01.xsd#p-FINREP_NetFundedDefinedBenefitPlanObligationAssetTotal" xlink:label="p-FINREP_NetFundedDefinedBenefitPlanObligationAssetTotal"/>
    <presentationArc xlink:type="arc" xlink:arcrole="http://www.xbrl.org/2003/arcrole/parent-child" xlink:from="p-FINREP_ComponentsOfDefinedBenefitPlanAssetsAndLiabilities" xlink:to="p-FINREP_NetFundedDefinedBenefitPlanObligationAssetTotal" use="optional" order="1.0"/>
    <loc xlink:type="locator" xlink:href="p-FINREP-2008-01-01.xsd#p-FINREP_PresentValueOfWhollyOrPartiallyFundedDefinedBenefitPlanObligationAsset" xlink:label="p-FINREP_PresentValueOfWhollyOrPartiallyFundedDefinedBenefitPlanObligationAsset"/>
    <presentationArc xlink:type="arc" xlink:arcrole="http://www.xbrl.org/2003/arcrole/parent-child" xlink:from="p-FINREP_NetFundedDefinedBenefitPlanObligationAssetTotal" xlink:to="p-FINREP_PresentValueOfWhollyOrPartiallyFundedDefinedBenefitPlanObligationAsset" use="optional" order="1.0"/>
    <loc xlink:type="locator" xlink:href="p-FINREP-2008-01-01.xsd#p-FINREP_FairValueDefinedBenefitPlanAssetsDefinedBenefitPlanObligationAsset" xlink:label="p-FINREP_FairValueDefinedBenefitPlanAssetsDefinedBenefitPlanObligationAsset"/>
    <presentationArc xlink:type="arc" xlink:arcrole="http://www.xbrl.org/2003/arcrole/parent-child" xlink:from="p-FINREP_NetFundedDefinedBenefitPlanObligationAssetTotal" xlink:to="p-FINREP_FairValueDefinedBenefitPlanAssetsDefinedBenefitPlanObligationAsset" use="optional" order="2.0"/>
    <loc xlink:type="locator" xlink:href="p-FINREP-2008-01-01.xsd#p-FINREP_FairValueDefinedBenefitPlanAssetsDefinedBenefitPlanObligationAssetEquityInstruments" xlink:label="FairValueDefinedBenefitPlanAssetsDefinedBenefitPlanObligationAssetEquityInstruments" xlink:title="FairValueDefinedBenefitPlanAssetsDefinedBenefitPlanObligationAssetEquityInstruments"/>
    <presentationArc xlink:type="arc" xlink:arcrole="http://www.xbrl.org/2003/arcrole/parent-child" xlink:from="p-FINREP_FairValueDefinedBenefitPlanAssetsDefinedBenefitPlanObligationAsset" xlink:to="FairValueDefinedBenefitPlanAssetsDefinedBenefitPlanObligationAssetEquityInstruments" xlink:title="presentation: FairValueDefinedBenefitPlanAssetsDefinedBenefitPlanObligationAsset to FairValueDefinedBenefitPlanAssetsDefinedBenefitPlanObligationAssetEquityInstruments" order="1.0"/>
    <loc xlink:type="locator" xlink:href="p-FINREP-2008-01-01.xsd#p-FINREP_FairValueDefinedBenefitPlanAssetsDefinedBenefitPlanObligationAssetDebtInstruments" xlink:label="FairValueDefinedBenefitPlanAssetsDefinedBenefitPlanObligationAssetDebtInstruments" xlink:title="FairValueDefinedBenefitPlanAssetsDefinedBenefitPlanObligationAssetDebtInstruments"/>
    <presentationArc xlink:type="arc" xlink:arcrole="http://www.xbrl.org/2003/arcrole/parent-child" xlink:from="p-FINREP_FairValueDefinedBenefitPlanAssetsDefinedBenefitPlanObligationAsset" xlink:to="FairValueDefinedBenefitPlanAssetsDefinedBenefitPlanObligationAssetDebtInstruments" xlink:title="presentation: FairValueDefinedBenefitPlanAssetsDefinedBenefitPlanObligationAsset to FairValueDefinedBenefitPlanAssetsDefinedBenefitPlanObligationAssetDebtInstruments" order="2.0"/>
    <loc xlink:type="locator" xlink:href="p-FINREP-2008-01-01.xsd#p-FINREP_FairValueDefinedBenefitPlanAssetsDefinedBenefitPlanObligationAssetProperty" xlink:label="FairValueDefinedBenefitPlanAssetsDefinedBenefitPlanObligationAssetProperty" xlink:title="FairValueDefinedBenefitPlanAssetsDefinedBenefitPlanObligationAssetProperty"/>
    <presentationArc xlink:type="arc" xlink:arcrole="http://www.xbrl.org/2003/arcrole/parent-child" xlink:from="p-FINREP_FairValueDefinedBenefitPlanAssetsDefinedBenefitPlanObligationAsset" xlink:to="FairValueDefinedBenefitPlanAssetsDefinedBenefitPlanObligationAssetProperty" xlink:title="presentation: FairValueDefinedBenefitPlanAssetsDefinedBenefitPlanObligationAsset to FairValueDefinedBenefitPlanAssetsDefinedBenefitPlanObligationAssetProperty" order="3.0"/>
    <loc xlink:type="locator" xlink:href="p-FINREP-2008-01-01.xsd#p-FINREP_FairValueDefinedBenefitPlanAssetsDefinedBenefitPlanObligationAssetOtherAssets" xlink:label="FairValueDefinedBenefitPlanAssetsDefinedBenefitPlanObligationAssetOtherAssets" xlink:title="FairValueDefinedBenefitPlanAssetsDefinedBenefitPlanObligationAssetOtherAssets"/>
    <presentationArc xlink:type="arc" xlink:arcrole="http://www.xbrl.org/2003/arcrole/parent-child" xlink:from="p-FINREP_FairValueDefinedBenefitPlanAssetsDefinedBenefitPlanObligationAsset" xlink:to="FairValueDefinedBenefitPlanAssetsDefinedBenefitPlanObligationAssetOtherAssets" xlink:title="presentation: FairValueDefinedBenefitPlanAssetsDefinedBenefitPlanObligationAsset to FairValueDefinedBenefitPlanAssetsDefinedBenefitPlanObligationAssetOtherAssets" order="4.0"/>
    <loc xlink:type="locator" xlink:href="p-FINREP-2008-01-01.xsd#p-FINREP_FairValueDefinedBenefitPlanAssetsDefinedBenefitPlanObligationAssetOfWhichFinancialInstrumentsIssuedByEntity" xlink:label="FairValueDefinedBenefitPlanAssetsDefinedBenefitPlanObligationAssetOfWhichFinancialInstrumentsIssuedByEntity" xlink:title="FairValueDefinedBenefitPlanAssetsDefinedBenefitPlanObligationAssetOfWhichFinancialInstrumentsIssuedByEntity"/>
    <presentationArc xlink:type="arc" xlink:arcrole="http://www.xbrl.org/2003/arcrole/parent-child" xlink:from="p-FINREP_FairValueDefinedBenefitPlanAssetsDefinedBenefitPlanObligationAsset" xlink:to="FairValueDefinedBenefitPlanAssetsDefinedBenefitPlanObligationAssetOfWhichFinancialInstrumentsIssuedByEntity" xlink:title="presentation: FairValueDefinedBenefitPlanAssetsDefinedBenefitPlanObligationAsset to FairValueDefinedBenefitPlanAssetsDefinedBenefitPlanObligationAssetOfWhichFinancialInstrumentsIssuedByEntity" use="optional" order="6.0"/>
    <loc xlink:type="locator" xlink:href="p-FINREP-2008-01-01.xsd#p-FINREP_FairValueDefinedBenefitPlanAssetsDefinedBenefitPlanObligationAssetOfWhichPropertyOccupiedOrOtherAssetsUsedByEntity" xlink:label="FairValueDefinedBenefitPlanAssetsDefinedBenefitPlanObligationAssetOfWhichPropertyOccupiedOrOtherAssetsUsedByEntity" xlink:title="FairValueDefinedBenefitPlanAssetsDefinedBenefitPlanObligationAssetOfWhichPropertyOccupiedOrOtherAssetsUsedByEntity"/>
    <presentationArc xlink:type="arc" xlink:arcrole="http://www.xbrl.org/2003/arcrole/parent-child" xlink:from="p-FINREP_FairValueDefinedBenefitPlanAssetsDefinedBenefitPlanObligationAsset" xlink:to="FairValueDefinedBenefitPlanAssetsDefinedBenefitPlanObligationAssetOfWhichPropertyOccupiedOrOtherAssetsUsedByEntity" xlink:title="presentation: FairValueDefinedBenefitPlanAssetsDefinedBenefitPlanObligationAsset to FairValueDefinedBenefitPlanAssetsDefinedBenefitPlanObligationAssetOfWhichPropertyOccupiedOrOtherAssetsUsedByEntity" order="5.0"/>
    <loc xlink:type="locator" xlink:href="p-FINREP-2008-01-01.xsd#p-FINREP_PresentValueOfWhollyUnfundedDefinedBenefitPlanObligationAsset" xlink:label="p-FINREP_PresentValueOfWhollyUnfundedDefinedBenefitPlanObligationAsset"/>
    <presentationArc xlink:type="arc" xlink:arcrole="http://www.xbrl.org/2003/arcrole/parent-child" xlink:from="p-FINREP_ComponentsOfDefinedBenefitPlanAssetsAndLiabilities" xlink:to="p-FINREP_PresentValueOfWhollyUnfundedDefinedBenefitPlanObligationAsset" use="optional" order="2.0"/>
    <loc xlink:type="locator" xlink:href="p-FINREP-2008-01-01.xsd#p-FINREP_UnrecognisedActuarialGainLossDefinedBenefitPlanObligationAsset" xlink:label="p-FINREP_UnrecognisedActuarialGainLossDefinedBenefitPlanObligationAsset"/>
    <presentationArc xlink:type="arc" xlink:arcrole="http://www.xbrl.org/2003/arcrole/parent-child" xlink:from="p-FINREP_ComponentsOfDefinedBenefitPlanAssetsAndLiabilities" xlink:to="p-FINREP_UnrecognisedActuarialGainLossDefinedBenefitPlanObligationAsset" use="optional" order="3.0"/>
    <loc xlink:type="locator" xlink:href="p-FINREP-2008-01-01.xsd#p-FINREP_UnrecognisedPastServiceCostsDefinedBenefitPlanObligationAsset" xlink:label="p-FINREP_UnrecognisedPastServiceCostsDefinedBenefitPlanObligationAsset"/>
    <presentationArc xlink:type="arc" xlink:arcrole="http://www.xbrl.org/2003/arcrole/parent-child" xlink:from="p-FINREP_ComponentsOfDefinedBenefitPlanAssetsAndLiabilities" xlink:to="p-FINREP_UnrecognisedPastServiceCostsDefinedBenefitPlanObligationAsset" use="optional" order="4.0"/>
    <loc xlink:type="locator" xlink:href="p-FINREP-2008-01-01.xsd#p-FINREP_FairValueOfAnyRightToReimbursementRecognisedAsAnAssetDefinedBenefitPlanObligationAsset" xlink:label="p-FINREP_FairValueOfAnyRightToReimbursementRecognisedAsAnAssetDefinedBenefitPlanObligationAsset"/>
    <presentationArc xlink:type="arc" xlink:arcrole="http://www.xbrl.org/2003/arcrole/parent-child" xlink:from="p-FINREP_ComponentsOfDefinedBenefitPlanAssetsAndLiabilities" xlink:to="p-FINREP_FairValueOfAnyRightToReimbursementRecognisedAsAnAssetDefinedBenefitPlanObligationAsset" use="optional" order="6.0"/>
    <loc xlink:type="locator" xlink:href="p-FINREP-2008-01-01.xsd#p-FINREP_OtherComponentsOfDefinedBenefitPlanObligationAsset" xlink:label="p-FINREP_OtherComponentsOfDefinedBenefitPlanObligationAsset"/>
    <presentationArc xlink:type="arc" xlink:arcrole="http://www.xbrl.org/2003/arcrole/parent-child" xlink:from="p-FINREP_ComponentsOfDefinedBenefitPlanAssetsAndLiabilities" xlink:to="p-FINREP_OtherComponentsOfDefinedBenefitPlanObligationAsset" use="optional" order="7.0"/>
    <loc xlink:type="locator" xlink:href="p-FINREP-2008-01-01.xsd#p-FINREP_DefinedBenefitPlanObligationAssetTotal" xlink:label="p-FINREP_DefinedBenefitPlanObligationAssetTotal"/>
    <presentationArc xlink:type="arc" xlink:arcrole="http://www.xbrl.org/2003/arcrole/parent-child" xlink:from="p-FINREP_ComponentsOfDefinedBenefitPlanAssetsAndLiabilities" xlink:to="p-FINREP_DefinedBenefitPlanObligationAssetTotal" use="optional" order="8.0"/>
    <loc xlink:type="locator" xlink:href="p-FINREP-2008-01-01.xsd#p-FINREP_AmountsNotRecognisedAsAnAssetDueToLimitsOfParagraph58" xlink:label="AmountsNotRecognisedAsAnAssetDueToLimitsOfParagraph58" xlink:title="AmountsNotRecognisedAsAnAssetDueToLimitsOfParagraph58"/>
    <presentationArc xlink:type="arc" xlink:arcrole="http://www.xbrl.org/2003/arcrole/parent-child" xlink:from="p-FINREP_ComponentsOfDefinedBenefitPlanAssetsAndLiabilities" xlink:to="AmountsNotRecognisedAsAnAssetDueToLimitsOfParagraph58" xlink:title="presentation: ComponentsOfDefinedBenefitPlanAssetsAndLiabilities to AmountsNotRecognisedAsAnAssetDueToLimitsOfParagraph58" order="5.0"/>
    <loc xlink:type="locator" xlink:href="p-FINREP-2008-01-01.xsd#p-FINREP_ExpenseRecognisedInIncomeStatementForDefinedBenefitPlanTotal" xlink:label="p-FINREP_ExpenseRecognisedInIncomeStatementForDefinedBenefitPlanTotal"/>
    <presentationArc xlink:type="arc" xlink:arcrole="http://www.xbrl.org/2003/arcrole/parent-child" xlink:from="p-FINREP_DefinedBenefitPlansPresentation" xlink:to="p-FINREP_ExpenseRecognisedInIncomeStatementForDefinedBenefitPlanTotal" use="optional" order="2.0"/>
    <loc xlink:type="locator" xlink:href="p-FINREP-2008-01-01.xsd#p-FINREP_CurrentServiceCostDefinedBenefitPlan" xlink:label="p-FINREP_CurrentServiceCostDefinedBenefitPlan"/>
    <presentationArc xlink:type="arc" xlink:arcrole="http://www.xbrl.org/2003/arcrole/parent-child" xlink:from="p-FINREP_ExpenseRecognisedInIncomeStatementForDefinedBenefitPlanTotal" xlink:to="p-FINREP_CurrentServiceCostDefinedBenefitPlan" use="optional" order="1.0"/>
    <loc xlink:type="locator" xlink:href="p-FINREP-2008-01-01.xsd#p-FINREP_InterestCostDefinedBenefitPlan" xlink:label="p-FINREP_InterestCostDefinedBenefitPlan"/>
    <presentationArc xlink:type="arc" xlink:arcrole="http://www.xbrl.org/2003/arcrole/parent-child" xlink:from="p-FINREP_ExpenseRecognisedInIncomeStatementForDefinedBenefitPlanTotal" xlink:to="p-FINREP_InterestCostDefinedBenefitPlan" use="optional" order="2.0"/>
    <loc xlink:type="locator" xlink:href="p-FINREP-2008-01-01.xsd#p-FINREP_ExpectedReturnOnPlanAssetsDefinedBenefitPlan" xlink:label="p-FINREP_ExpectedReturnOnPlanAssetsDefinedBenefitPlan"/>
    <presentationArc xlink:type="arc" xlink:arcrole="http://www.xbrl.org/2003/arcrole/parent-child" xlink:from="p-FINREP_ExpenseRecognisedInIncomeStatementForDefinedBenefitPlanTotal" xlink:to="p-FINREP_ExpectedReturnOnPlanAssetsDefinedBenefitPlan" use="optional" order="3.0"/>
    <loc xlink:type="locator" xlink:href="p-FINREP-2008-01-01.xsd#p-FINREP_ExpectedReturnOnReimbursementRightsRecognisedAsAssetsDefinedBenefitPlan" xlink:label="p-FINREP_ExpectedReturnOnReimbursementRightsRecognisedAsAssetsDefinedBenefitPlan"/>
    <presentationArc xlink:type="arc" xlink:arcrole="http://www.xbrl.org/2003/arcrole/parent-child" xlink:from="p-FINREP_ExpenseRecognisedInIncomeStatementForDefinedBenefitPlanTotal" xlink:to="p-FINREP_ExpectedReturnOnReimbursementRightsRecognisedAsAssetsDefinedBenefitPlan" use="optional" order="4.0"/>
    <loc xlink:type="locator" xlink:href="p-FINREP-2008-01-01.xsd#p-FINREP_NetActuarialLossGainDefinedBenefitPlan" xlink:label="p-FINREP_NetActuarialLossGainDefinedBenefitPlan"/>
    <presentationArc xlink:type="arc" xlink:arcrole="http://www.xbrl.org/2003/arcrole/parent-child" xlink:from="p-FINREP_ExpenseRecognisedInIncomeStatementForDefinedBenefitPlanTotal" xlink:to="p-FINREP_NetActuarialLossGainDefinedBenefitPlan" use="optional" order="5.0"/>
    <loc xlink:type="locator" xlink:href="p-FINREP-2008-01-01.xsd#p-FINREP_PastServiceCostDefinedBenefitPlan" xlink:label="p-FINREP_PastServiceCostDefinedBenefitPlan"/>
    <presentationArc xlink:type="arc" xlink:arcrole="http://www.xbrl.org/2003/arcrole/parent-child" xlink:from="p-FINREP_ExpenseRecognisedInIncomeStatementForDefinedBenefitPlanTotal" xlink:to="p-FINREP_PastServiceCostDefinedBenefitPlan" use="optional" order="6.0"/>
    <loc xlink:type="locator" xlink:href="p-FINREP-2008-01-01.xsd#p-FINREP_LossGainOnCurtailmentAndSettlementDefinedBenefitPlan" xlink:label="p-FINREP_LossGainOnCurtailmentAndSettlementDefinedBenefitPlan"/>
    <presentationArc xlink:type="arc" xlink:arcrole="http://www.xbrl.org/2003/arcrole/parent-child" xlink:from="p-FINREP_ExpenseRecognisedInIncomeStatementForDefinedBenefitPlanTotal" xlink:to="p-FINREP_LossGainOnCurtailmentAndSettlementDefinedBenefitPlan" use="optional" order="7.0"/>
    <loc xlink:type="locator" xlink:href="p-FINREP-2008-01-01.xsd#p-FINREP_EffectOfLimitInParagraph58WhenNetAmountOfDefinedBenefitObligationIsNegative" xlink:label="EffectOfLimitInParagraph58WhenNetAmountOfDefinedBenefitObligationIsNegative" xlink:title="EffectOfLimitInParagraph58WhenNetAmountOfDefinedBenefitObligationIsNegative"/>
    <presentationArc xlink:type="arc" xlink:arcrole="http://www.xbrl.org/2003/arcrole/parent-child" xlink:from="p-FINREP_ExpenseRecognisedInIncomeStatementForDefinedBenefitPlanTotal" xlink:to="EffectOfLimitInParagraph58WhenNetAmountOfDefinedBenefitObligationIsNegative" xlink:title="presentation: ExpenseRecognisedInIncomeStatementForDefinedBenefitPlanTotal to EffectOfLimitInParagraph58WhenNetAmountOfDefinedBenefitObligationIsNegative" order="8.0"/>
    <loc xlink:type="locator" xlink:href="p-FINREP-2008-01-01.xsd#p-FINREP_DefinedBenefitPlansMemorandumItemsPresentation" xlink:label="DefinedBenefitPlansMemorandumItemsPresentation" xlink:title="DefinedBenefitPlansMemorandumItemsPresentation"/>
    <presentationArc xlink:type="arc" xlink:arcrole="http://www.xbrl.org/2003/arcrole/parent-child" xlink:from="p-FINREP_ExpenseRecognisedInIncomeStatementForDefinedBenefitPlanTotal" xlink:to="DefinedBenefitPlansMemorandumItemsPresentation" xlink:title="presentation: ExpenseRecognisedInIncomeStatementForDefinedBenefitPlanTotal to DefinedBenefitPlansMemorandumItemsPresentation" order="9.0"/>
    <loc xlink:type="locator" xlink:href="p-FINREP-2008-01-01.xsd#p-FINREP_ActualReturnOnPlanAssets" xlink:label="ActualReturnOnPlanAssets"/>
    <presentationArc xlink:type="arc" xlink:arcrole="http://www.xbrl.org/2003/arcrole/parent-child" xlink:from="DefinedBenefitPlansMemorandumItemsPresentation" xlink:to="ActualReturnOnPlanAssets" xlink:title="presentation: DefinedBenefitPlansMemorandumItemsPresentation to ActualReturnOnPlanAssets" use="optional" order="1.0"/>
    <loc xlink:type="locator" xlink:href="p-FINREP-2008-01-01.xsd#p-FINREP_ActualReturnOnReimbursementRightsRecognisedAsAssets" xlink:label="ActualReturnOnReimbursementRightsRecognisedAsAssets"/>
    <presentationArc xlink:type="arc" xlink:arcrole="http://www.xbrl.org/2003/arcrole/parent-child" xlink:from="DefinedBenefitPlansMemorandumItemsPresentation" xlink:to="ActualReturnOnReimbursementRightsRecognisedAsAssets" xlink:title="presentation: DefinedBenefitPlansMemorandumItemsPresentation to ActualReturnOnReimbursementRightsRecognisedAsAssets" use="optional" order="2.0"/>
    <loc xlink:type="locator" xlink:href="p-FINREP-2008-01-01.xsd#p-FINREP_AccumulatedAmountActuarialGainsAndLossesRecognisedInStatementOfRecognisedIncomeAndExpense" xlink:label="AccumulatedAmountActuarialGainsAndLossesRecognisedInStatementOfRecognisedIncomeAndExpense" xlink:title="AccumulatedAmountActuarialGainsAndLossesRecognisedInStatementOfRecognisedIncomeAndExpense"/>
    <presentationArc xlink:type="arc" xlink:arcrole="http://www.xbrl.org/2003/arcrole/parent-child" xlink:from="DefinedBenefitPlansMemorandumItemsPresentation" xlink:to="AccumulatedAmountActuarialGainsAndLossesRecognisedInStatementOfRecognisedIncomeAndExpense" xlink:title="presentation: DefinedBenefitPlansMemorandumItemsPresentation to AccumulatedAmountActuarialGainsAndLossesRecognisedInStatementOfRecognisedIncomeAndExpense" order="3.0"/>
    <loc xlink:type="locator" xlink:href="p-FINREP-2008-01-01.xsd#p-FINREP_EmployerEstimateOfContributionsExpectedToBePaidDuringNextPeriod" xlink:label="EmployerEstimateOfContributionsExpectedToBePaidDuringNextPeriod" xlink:title="EmployerEstimateOfContributionsExpectedToBePaidDuringNextPeriod"/>
    <presentationArc xlink:type="arc" xlink:arcrole="http://www.xbrl.org/2003/arcrole/parent-child" xlink:from="DefinedBenefitPlansMemorandumItemsPresentation" xlink:to="EmployerEstimateOfContributionsExpectedToBePaidDuringNextPeriod" xlink:title="presentation: DefinedBenefitPlansMemorandumItemsPresentation to EmployerEstimateOfContributionsExpectedToBePaidDuringNextPeriod" order="4.0"/>
    <loc xlink:type="locator" xlink:href="p-FINREP-2008-01-01.xsd#p-FINREP_MovementsInDefinedBenefitPlanObligationForPlan" xlink:label="p-FINREP_MovementsInDefinedBenefitPlanObligationForPlan"/>
    <presentationArc xlink:type="arc" xlink:arcrole="http://www.xbrl.org/2003/arcrole/parent-child" xlink:from="p-FINREP_DefinedBenefitPlansPresentation" xlink:to="p-FINREP_MovementsInDefinedBenefitPlanObligationForPlan" use="optional" order="3.0"/>
    <loc xlink:type="locator" xlink:href="p-FINREP-2008-01-01.xsd#p-FINREP_DefinedBenefitPlanObligationForPlan" xlink:label="p-FINREP_DefinedBenefitPlanObligationForPlan"/>
    <presentationArc xlink:type="arc" xlink:arcrole="http://www.xbrl.org/2003/arcrole/parent-child" xlink:from="p-FINREP_MovementsInDefinedBenefitPlanObligationForPlan" xlink:to="p-FINREP_DefinedBenefitPlanObligationForPlan" use="optional" order="1.0" preferredLabel="http://www.xbrl.org/2003/role/periodStartLabel"/>
    <loc xlink:type="locator" xlink:href="p-FINREP-2008-01-01.xsd#p-FINREP_ContributionsPaidDefinedBenefitPlanObligation" xlink:label="p-FINREP_ContributionsPaidDefinedBenefitPlanObligation"/>
    <presentationArc xlink:type="arc" xlink:arcrole="http://www.xbrl.org/2003/arcrole/parent-child" xlink:from="p-FINREP_MovementsInDefinedBenefitPlanObligationForPlan" xlink:to="p-FINREP_ContributionsPaidDefinedBenefitPlanObligation" use="optional" order="2.0"/>
    <loc xlink:type="locator" xlink:href="p-FINREP-2008-01-01.xsd#p-FINREP_IncreasesThroughBusinessCombinationsDefinedBenefitPlanObligation" xlink:label="p-FINREP_IncreasesThroughBusinessCombinationsDefinedBenefitPlanObligation"/>
    <presentationArc xlink:type="arc" xlink:arcrole="http://www.xbrl.org/2003/arcrole/parent-child" xlink:from="p-FINREP_MovementsInDefinedBenefitPlanObligationForPlan" xlink:to="p-FINREP_IncreasesThroughBusinessCombinationsDefinedBenefitPlanObligation" use="optional" order="7.0"/>
    <loc xlink:type="locator" xlink:href="p-FINREP-2008-01-01.xsd#p-FINREP_DecreasesThroughBusinessDivestitureDefinedBenefitPlanObligation" xlink:label="p-FINREP_DecreasesThroughBusinessDivestitureDefinedBenefitPlanObligation"/>
    <presentationArc xlink:type="arc" xlink:arcrole="http://www.xbrl.org/2003/arcrole/parent-child" xlink:from="p-FINREP_MovementsInDefinedBenefitPlanObligationForPlan" xlink:to="p-FINREP_DecreasesThroughBusinessDivestitureDefinedBenefitPlanObligation" use="optional" order="8.0"/>
    <loc xlink:type="locator" xlink:href="p-FINREP-2008-01-01.xsd#p-FINREP_ForeignCurrencyExchangeIncreaseDecreaseDefinedBenefitPlanObligation" xlink:label="p-FINREP_ForeignCurrencyExchangeIncreaseDecreaseDefinedBenefitPlanObligation"/>
    <presentationArc xlink:type="arc" xlink:arcrole="http://www.xbrl.org/2003/arcrole/parent-child" xlink:from="p-FINREP_MovementsInDefinedBenefitPlanObligationForPlan" xlink:to="p-FINREP_ForeignCurrencyExchangeIncreaseDecreaseDefinedBenefitPlanObligation" use="optional" order="9.0"/>
    <loc xlink:type="locator" xlink:href="p-FINREP-2008-01-01.xsd#p-FINREP_OtherIncreaseDecreaseDefinedBenefitPlanObligation" xlink:label="p-FINREP_OtherIncreaseDecreaseDefinedBenefitPlanObligation"/>
    <presentationArc xlink:type="arc" xlink:arcrole="http://www.xbrl.org/2003/arcrole/parent-child" xlink:from="p-FINREP_MovementsInDefinedBenefitPlanObligationForPlan" xlink:to="p-FINREP_OtherIncreaseDecreaseDefinedBenefitPlanObligation" use="optional" order="11.0"/>
    <loc xlink:type="locator" xlink:href="p-FINREP-2008-01-01.xsd#p-FINREP_PastServiceCostTotalDefinedBenefitPlanObligation" xlink:label="PastServiceCostTotalDefinedBenefitPlanObligation" xlink:title="PastServiceCostTotalDefinedBenefitPlanObligation"/>
    <presentationArc xlink:type="arc" xlink:arcrole="http://www.xbrl.org/2003/arcrole/parent-child" xlink:from="p-FINREP_MovementsInDefinedBenefitPlanObligationForPlan" xlink:to="PastServiceCostTotalDefinedBenefitPlanObligation" xlink:title="presentation: MovementsInDefinedBenefitPlanObligationForPlan to PastServiceCostTotalDefinedBenefitPlanObligation" order="6.0"/>
    <loc xlink:type="locator" xlink:href="p-FINREP-2008-01-01.xsd#p-FINREP_ActuarialGainsAndLossesTotalDefinedBenefitPlanObligation" xlink:label="ActuarialGainsAndLossesTotalDefinedBenefitPlanObligation" xlink:title="ActuarialGainsAndLossesTotalDefinedBenefitPlanObligation"/>
    <presentationArc xlink:type="arc" xlink:arcrole="http://www.xbrl.org/2003/arcrole/parent-child" xlink:from="p-FINREP_MovementsInDefinedBenefitPlanObligationForPlan" xlink:to="ActuarialGainsAndLossesTotalDefinedBenefitPlanObligation" xlink:title="presentation: MovementsInDefinedBenefitPlanObligationForPlan to ActuarialGainsAndLossesTotalDefinedBenefitPlanObligation" order="5.0"/>
    <loc xlink:type="locator" xlink:href="p-FINREP-2008-01-01.xsd#p-FINREP_ContributionsPaidByPlanParticipants" xlink:label="ContributionsPaidByPlanParticipants" xlink:title="ContributionsPaidByPlanParticipants"/>
    <presentationArc xlink:type="arc" xlink:arcrole="http://www.xbrl.org/2003/arcrole/parent-child" xlink:from="p-FINREP_MovementsInDefinedBenefitPlanObligationForPlan" xlink:to="ContributionsPaidByPlanParticipants" xlink:title="presentation: MovementsInDefinedBenefitPlanObligationForPlan to ContributionsPaidByPlanParticipants" order="10.0"/>
    <loc xlink:type="locator" xlink:href="p-FINREP-2008-01-01.xsd#p-FINREP_CurrentServiceCostDefinedBenefitPlanObligation" xlink:label="CurrentServiceCostDefinedBenefitPlanObligation_2" xlink:title="CurrentServiceCostDefinedBenefitPlanObligation"/>
    <presentationArc xlink:type="arc" xlink:arcrole="http://www.xbrl.org/2003/arcrole/parent-child" xlink:from="p-FINREP_MovementsInDefinedBenefitPlanObligationForPlan" xlink:to="CurrentServiceCostDefinedBenefitPlanObligation_2" xlink:title="presentation: MovementsInDefinedBenefitPlanObligationForPlan to CurrentServiceCostDefinedBenefitPlanObligation" order="3.0"/>
    <loc xlink:type="locator" xlink:href="p-FINREP-2008-01-01.xsd#p-FINREP_InterestCostDefinedBenefitPlanObligation" xlink:label="InterestCostDefinedBenefitPlanObligation_2" xlink:title="InterestCostDefinedBenefitPlanObligation"/>
    <presentationArc xlink:type="arc" xlink:arcrole="http://www.xbrl.org/2003/arcrole/parent-child" xlink:from="p-FINREP_MovementsInDefinedBenefitPlanObligationForPlan" xlink:to="InterestCostDefinedBenefitPlanObligation_2" xlink:title="presentation: MovementsInDefinedBenefitPlanObligationForPlan to InterestCostDefinedBenefitPlanObligation" order="4.0"/>
    <loc xlink:type="locator" xlink:href="p-FINREP-2008-01-01.xsd#p-FINREP_PrincipalActuarialAssumptionsUsedInDefinedBenefitPlan" xlink:label="p-FINREP_PrincipalActuarialAssumptionsUsedInDefinedBenefitPlan"/>
    <presentationArc xlink:type="arc" xlink:arcrole="http://www.xbrl.org/2003/arcrole/parent-child" xlink:from="p-FINREP_DefinedBenefitPlansPresentation" xlink:to="p-FINREP_PrincipalActuarialAssumptionsUsedInDefinedBenefitPlan" use="optional" order="4.0"/>
    <loc xlink:type="locator" xlink:href="p-FINREP-2008-01-01.xsd#p-FINREP_DiscountRatesUsed" xlink:label="p-FINREP_DiscountRatesUsed"/>
    <presentationArc xlink:type="arc" xlink:arcrole="http://www.xbrl.org/2003/arcrole/parent-child" xlink:from="p-FINREP_PrincipalActuarialAssumptionsUsedInDefinedBenefitPlan" xlink:to="p-FINREP_DiscountRatesUsed" use="optional" order="1.0"/>
    <loc xlink:type="locator" xlink:href="p-FINREP-2008-01-01.xsd#p-FINREP_ExpectedReturnOnPlanAssets" xlink:label="p-FINREP_ExpectedReturnOnPlanAssets"/>
    <presentationArc xlink:type="arc" xlink:arcrole="http://www.xbrl.org/2003/arcrole/parent-child" xlink:from="p-FINREP_PrincipalActuarialAssumptionsUsedInDefinedBenefitPlan" xlink:to="p-FINREP_ExpectedReturnOnPlanAssets" use="optional" order="2.0"/>
    <loc xlink:type="locator" xlink:href="p-FINREP-2008-01-01.xsd#p-FINREP_ExpectedRateOfSalaryIncreases" xlink:label="p-FINREP_ExpectedRateOfSalaryIncreases"/>
    <presentationArc xlink:type="arc" xlink:arcrole="http://www.xbrl.org/2003/arcrole/parent-child" xlink:from="p-FINREP_PrincipalActuarialAssumptionsUsedInDefinedBenefitPlan" xlink:to="p-FINREP_ExpectedRateOfSalaryIncreases" use="optional" order="3.0"/>
    <loc xlink:type="locator" xlink:href="p-FINREP-2008-01-01.xsd#p-FINREP_FutureDefinedBenefitIncreases" xlink:label="p-FINREP_FutureDefinedBenefitIncreases"/>
    <presentationArc xlink:type="arc" xlink:arcrole="http://www.xbrl.org/2003/arcrole/parent-child" xlink:from="p-FINREP_PrincipalActuarialAssumptionsUsedInDefinedBenefitPlan" xlink:to="p-FINREP_FutureDefinedBenefitIncreases" use="optional" order="4.0"/>
    <loc xlink:type="locator" xlink:href="p-FINREP-2008-01-01.xsd#p-FINREP_ExpectedRateOfReturnOnReimbursementRightsRecognisedAsAnAsset" xlink:label="p-FINREP_ExpectedRateOfReturnOnReimbursementRightsRecognisedAsAnAsset"/>
    <presentationArc xlink:type="arc" xlink:arcrole="http://www.xbrl.org/2003/arcrole/parent-child" xlink:from="p-FINREP_PrincipalActuarialAssumptionsUsedInDefinedBenefitPlan" xlink:to="p-FINREP_ExpectedRateOfReturnOnReimbursementRightsRecognisedAsAnAsset" use="optional" order="5.0"/>
    <loc xlink:type="locator" xlink:href="p-FINREP-2008-01-01.xsd#p-FINREP_MedicalCostTrendRate" xlink:label="p-FINREP_MedicalCostTrendRate"/>
    <presentationArc xlink:type="arc" xlink:arcrole="http://www.xbrl.org/2003/arcrole/parent-child" xlink:from="p-FINREP_PrincipalActuarialAssumptionsUsedInDefinedBenefitPlan" xlink:to="p-FINREP_MedicalCostTrendRate" use="optional" order="6.0"/>
    <loc xlink:type="locator" xlink:href="p-FINREP-2008-01-01.xsd#p-FINREP_OtherMaterialActuarialAssumptions" xlink:label="p-FINREP_OtherMaterialActuarialAssumptions"/>
    <presentationArc xlink:type="arc" xlink:arcrole="http://www.xbrl.org/2003/arcrole/parent-child" xlink:from="p-FINREP_PrincipalActuarialAssumptionsUsedInDefinedBenefitPlan" xlink:to="p-FINREP_OtherMaterialActuarialAssumptions" use="optional" order="7.0"/>
    <loc xlink:type="locator" xlink:href="p-FINREP-2008-01-01.xsd#p-FINREP_EffectsOfChangesOfOnePercentagePointInAssumedMedicalCostTrendRates" xlink:label="EffectsOfChangesOfOnePercentagePointInAssumedMedicalCostTrendRates" xlink:title="EffectsOfChangesOfOnePercentagePointInAssumedMedicalCostTrendRates"/>
    <presentationArc xlink:type="arc" xlink:arcrole="http://www.xbrl.org/2003/arcrole/parent-child" xlink:from="p-FINREP_DefinedBenefitPlansPresentation" xlink:to="EffectsOfChangesOfOnePercentagePointInAssumedMedicalCostTrendRates" xlink:title="presentation: DefinedBenefitPlansPresentation to EffectsOfChangesOfOnePercentagePointInAssumedMedicalCostTrendRates" order="5.0"/>
    <loc xlink:type="locator" xlink:href="p-FINREP-2008-01-01.xsd#p-FINREP_DecreaseAccumulatedPostEmploymentBenefitObligationForMedicalCosts" xlink:label="DecreaseAccumulatedPostEmploymentBenefitObligationForMedicalCosts" xlink:title="DecreaseAccumulatedPostEmploymentBenefitObligationForMedicalCosts"/>
    <presentationArc xlink:type="arc" xlink:arcrole="http://www.xbrl.org/2003/arcrole/parent-child" xlink:from="EffectsOfChangesOfOnePercentagePointInAssumedMedicalCostTrendRates" xlink:to="DecreaseAccumulatedPostEmploymentBenefitObligationForMedicalCosts" xlink:title="presentation: EffectsOfChangesOfOnePercentagePointInAssumedMedicalCostTrendRates to DecreaseAccumulatedPostEmploymentBenefitObligationForMedicalCosts" order="4.0"/>
    <loc xlink:type="locator" xlink:href="p-FINREP-2008-01-01.xsd#p-FINREP_IncreaseAccumulatedPostEmploymentBenefitObligationForMedicalCosts" xlink:label="IncreaseAccumulatedPostEmploymentBenefitObligationForMedicalCosts" xlink:title="IncreaseAccumulatedPostEmploymentBenefitObligationForMedicalCosts"/>
    <presentationArc xlink:type="arc" xlink:arcrole="http://www.xbrl.org/2003/arcrole/parent-child" xlink:from="EffectsOfChangesOfOnePercentagePointInAssumedMedicalCostTrendRates" xlink:to="IncreaseAccumulatedPostEmploymentBenefitObligationForMedicalCosts" xlink:title="presentation: EffectsOfChangesOfOnePercentagePointInAssumedMedicalCostTrendRates to IncreaseAccumulatedPostEmploymentBenefitObligationForMedicalCosts" use="optional" order="2.0"/>
    <loc xlink:type="locator" xlink:href="p-FINREP-2008-01-01.xsd#p-FINREP_IncreaseAggregateCurrentServiceCostAndInterestCost" xlink:label="IncreaseAggregateCurrentServiceCostAndInterestCost" xlink:title="IncreaseAggregateCurrentServiceCostAndInterestCost"/>
    <presentationArc xlink:type="arc" xlink:arcrole="http://www.xbrl.org/2003/arcrole/parent-child" xlink:from="EffectsOfChangesOfOnePercentagePointInAssumedMedicalCostTrendRates" xlink:to="IncreaseAggregateCurrentServiceCostAndInterestCost" xlink:title="presentation: EffectsOfChangesOfOnePercentagePointInAssumedMedicalCostTrendRates to IncreaseAggregateCurrentServiceCostAndInterestCost" use="optional" order="1.0"/>
    <loc xlink:type="locator" xlink:href="p-FINREP-2008-01-01.xsd#p-FINREP_DecreaseAggregateCurrentServiceCostAndInterestCost" xlink:label="DecreaseAggregateCurrentServiceCostAndInterestCost" xlink:title="DecreaseAggregateCurrentServiceCostAndInterestCost"/>
    <presentationArc xlink:type="arc" xlink:arcrole="http://www.xbrl.org/2003/arcrole/parent-child" xlink:from="EffectsOfChangesOfOnePercentagePointInAssumedMedicalCostTrendRates" xlink:to="DecreaseAggregateCurrentServiceCostAndInterestCost" xlink:title="presentation: EffectsOfChangesOfOnePercentagePointInAssumedMedicalCostTrendRates to DecreaseAggregateCurrentServiceCostAndInterestCost" order="3.0"/>
  </presentationLink>
  <presentationLink xlink:type="extended" xlink:role="http://www.c-ebs.org/eu/fr/esrs/finrep/2008-01-01/role/DefinedBenefitPlans">
    <loc xlink:type="locator" xlink:href="p-FINREP-2008-01-01.xsd#p-FINREP_MovementsInDefinedBenefitPlanObligationForPlan" xlink:label="p-FINREP_MovementsInDefinedBenefitPlanObligationForPlan"/>
    <loc xlink:type="locator" xlink:href="p-FINREP-2008-01-01.xsd#p-FINREP_DefinedBenefitPlanObligationForPlan" xlink:label="p-FINREP_DefinedBenefitPlanObligationForPlan"/>
    <presentationArc xlink:type="arc" xlink:arcrole="http://www.xbrl.org/2003/arcrole/parent-child" xlink:from="p-FINREP_MovementsInDefinedBenefitPlanObligationForPlan" xlink:to="p-FINREP_DefinedBenefitPlanObligationForPlan" use="optional" priority="1" order="12.0" preferredLabel="http://www.xbrl.org/2003/role/periodEndLabel"/>
  </presentationLink>
</linkbase>
