<?xml version="1.0" encoding="iso-8859-1"?>
<?taxonomy-version 1.3.2?>
<!--Copyright (C) 2011 EBA - European Banking Authority, Tower 42, 25 Old Broad Street, London, EC2N 1HQ, United Kingdom.-->   

<linkbase xmlns:xsi="http://www.w3.org/2001/XMLSchema-instance" xsi:schemaLocation="http://www.xbrl.org/2003/linkbase http://www.xbrl.org/2003/xbrl-linkbase-2003-12-31.xsd" xmlns="http://www.xbrl.org/2003/linkbase" xmlns:xlink="http://www.w3.org/1999/xlink">
  <roleRef roleURI="http://www.c-ebs.org/eu/fr/esrs/finrep/2008-01-01/role/DefinedBenefitPlans" xlink:type="simple" xlink:href="p-FINREP-2008-01-01-T35-DefinedBenefitPlans.xsd#DefinedBenefitPlans"/>
  <calculationLink xlink:type="extended" xlink:role="http://www.c-ebs.org/eu/fr/esrs/finrep/2008-01-01/role/DefinedBenefitPlans">
    <loc xlink:type="locator" xlink:href="p-FINREP-2008-01-01.xsd#p-FINREP_ExpenseRecognisedInIncomeStatementForDefinedBenefitPlanTotal" xlink:label="p-FINREP_ExpenseRecognisedInIncomeStatementForDefinedBenefitPlanTotal"/>
    <loc xlink:type="locator" xlink:href="p-FINREP-2008-01-01.xsd#p-FINREP_CurrentServiceCostDefinedBenefitPlan" xlink:label="p-FINREP_CurrentServiceCostDefinedBenefitPlan"/>
    <calculationArc xlink:type="arc" xlink:arcrole="http://www.xbrl.org/2003/arcrole/summation-item" xlink:from="p-FINREP_ExpenseRecognisedInIncomeStatementForDefinedBenefitPlanTotal" xlink:to="p-FINREP_CurrentServiceCostDefinedBenefitPlan" use="optional" order="1.0" weight="1"/>
    <loc xlink:type="locator" xlink:href="p-FINREP-2008-01-01.xsd#p-FINREP_InterestCostDefinedBenefitPlan" xlink:label="p-FINREP_InterestCostDefinedBenefitPlan"/>
    <calculationArc xlink:type="arc" xlink:arcrole="http://www.xbrl.org/2003/arcrole/summation-item" xlink:from="p-FINREP_ExpenseRecognisedInIncomeStatementForDefinedBenefitPlanTotal" xlink:to="p-FINREP_InterestCostDefinedBenefitPlan" use="optional" order="2.0" weight="1"/>
    <loc xlink:type="locator" xlink:href="p-FINREP-2008-01-01.xsd#p-FINREP_ExpectedReturnOnPlanAssetsDefinedBenefitPlan" xlink:label="p-FINREP_ExpectedReturnOnPlanAssetsDefinedBenefitPlan"/>
    <calculationArc xlink:type="arc" xlink:arcrole="http://www.xbrl.org/2003/arcrole/summation-item" xlink:from="p-FINREP_ExpenseRecognisedInIncomeStatementForDefinedBenefitPlanTotal" xlink:to="p-FINREP_ExpectedReturnOnPlanAssetsDefinedBenefitPlan" use="optional" order="3.0" weight="-1"/>
    <loc xlink:type="locator" xlink:href="p-FINREP-2008-01-01.xsd#p-FINREP_ExpectedReturnOnReimbursementRightsRecognisedAsAssetsDefinedBenefitPlan" xlink:label="p-FINREP_ExpectedReturnOnReimbursementRightsRecognisedAsAssetsDefinedBenefitPlan"/>
    <calculationArc xlink:type="arc" xlink:arcrole="http://www.xbrl.org/2003/arcrole/summation-item" xlink:from="p-FINREP_ExpenseRecognisedInIncomeStatementForDefinedBenefitPlanTotal" xlink:to="p-FINREP_ExpectedReturnOnReimbursementRightsRecognisedAsAssetsDefinedBenefitPlan" use="optional" order="4.0" weight="-1"/>
    <loc xlink:type="locator" xlink:href="p-FINREP-2008-01-01.xsd#p-FINREP_NetActuarialLossGainDefinedBenefitPlan" xlink:label="p-FINREP_NetActuarialLossGainDefinedBenefitPlan"/>
    <calculationArc xlink:type="arc" xlink:arcrole="http://www.xbrl.org/2003/arcrole/summation-item" xlink:from="p-FINREP_ExpenseRecognisedInIncomeStatementForDefinedBenefitPlanTotal" xlink:to="p-FINREP_NetActuarialLossGainDefinedBenefitPlan" use="optional" order="5.0" weight="1"/>
    <loc xlink:type="locator" xlink:href="p-FINREP-2008-01-01.xsd#p-FINREP_PastServiceCostDefinedBenefitPlan" xlink:label="p-FINREP_PastServiceCostDefinedBenefitPlan"/>
    <calculationArc xlink:type="arc" xlink:arcrole="http://www.xbrl.org/2003/arcrole/summation-item" xlink:from="p-FINREP_ExpenseRecognisedInIncomeStatementForDefinedBenefitPlanTotal" xlink:to="p-FINREP_PastServiceCostDefinedBenefitPlan" use="optional" order="6.0" weight="1"/>
    <loc xlink:type="locator" xlink:href="p-FINREP-2008-01-01.xsd#p-FINREP_LossGainOnCurtailmentAndSettlementDefinedBenefitPlan" xlink:label="p-FINREP_LossGainOnCurtailmentAndSettlementDefinedBenefitPlan"/>
    <calculationArc xlink:type="arc" xlink:arcrole="http://www.xbrl.org/2003/arcrole/summation-item" xlink:from="p-FINREP_ExpenseRecognisedInIncomeStatementForDefinedBenefitPlanTotal" xlink:to="p-FINREP_LossGainOnCurtailmentAndSettlementDefinedBenefitPlan" use="optional" order="7.0" weight="1"/>
    <loc xlink:type="locator" xlink:href="p-FINREP-2008-01-01.xsd#p-FINREP_NetFundedDefinedBenefitPlanObligationAssetTotal" xlink:label="p-FINREP_NetFundedDefinedBenefitPlanObligationAssetTotal"/>
    <loc xlink:type="locator" xlink:href="p-FINREP-2008-01-01.xsd#p-FINREP_PresentValueOfWhollyOrPartiallyFundedDefinedBenefitPlanObligationAsset" xlink:label="p-FINREP_PresentValueOfWhollyOrPartiallyFundedDefinedBenefitPlanObligationAsset"/>
    <calculationArc xlink:type="arc" xlink:arcrole="http://www.xbrl.org/2003/arcrole/summation-item" xlink:from="p-FINREP_NetFundedDefinedBenefitPlanObligationAssetTotal" xlink:to="p-FINREP_PresentValueOfWhollyOrPartiallyFundedDefinedBenefitPlanObligationAsset" use="optional" order="1.0" weight="1"/>
    <loc xlink:type="locator" xlink:href="p-FINREP-2008-01-01.xsd#p-FINREP_FairValueDefinedBenefitPlanAssetsDefinedBenefitPlanObligationAsset" xlink:label="p-FINREP_FairValueDefinedBenefitPlanAssetsDefinedBenefitPlanObligationAsset"/>
    <calculationArc xlink:type="arc" xlink:arcrole="http://www.xbrl.org/2003/arcrole/summation-item" xlink:from="p-FINREP_NetFundedDefinedBenefitPlanObligationAssetTotal" xlink:to="p-FINREP_FairValueDefinedBenefitPlanAssetsDefinedBenefitPlanObligationAsset" use="optional" order="2.0" weight="-1"/>
  </calculationLink>
</linkbase>
