<?xml version="1.0" encoding="utf-8"?>
<?taxonomy-version 1.3.2?>
<!--Copyright (C) 2011 EBA - European Banking Authority, Tower 42, 25 Old Broad Street, London, EC2N 1HQ, United Kingdom.-->   
<linkbase
	xmlns="http://www.xbrl.org/2003/linkbase"
	xmlns:xsi="http://www.w3.org/2001/XMLSchema-instance"
	xmlns:xlink="http://www.w3.org/1999/xlink"
	xsi:schemaLocation=" http://www.xbrl.org/2003/linkbase http://www.xbrl.org/2003/xbrl-linkbase-2003-12-31.xsd">
  <roleRef xlink:type="simple" xlink:href="p-FINREP-2008-01-01-T21-RealisedGainsLossesOnFinancialAssetsAndLiabilitiesNotMeasuredAtFVTPL.xsd#RealisedGainsLossesOnFinancialAssetsAndLiabilitiesNotMeasuredAtFVTPL" roleURI="http://www.c-ebs.org/eu/fr/esrs/finrep/2008-01-01/role/RealisedGainsLossesOnFinancialAssetsAndLiabilitiesNotMeasuredAtFVTPL" />
  <arcroleRef arcroleURI="http://xbrl.org/int/dim/arcrole/domain-member" xlink:type="simple" xlink:href="http://www.xbrl.org/2005/xbrldt-2005.xsd#domain-member"/>
  <definitionLink xlink:type="extended" xlink:role="http://www.c-ebs.org/eu/fr/esrs/finrep/2008-01-01/role/RealisedGainsLossesOnFinancialAssetsAndLiabilitiesNotMeasuredAtFVTPL">
    <loc xlink:type="locator" xlink:href="p-FINREP-2008-01-01.xsd#p-FINREP_RealisedGainsAndLossesOnFinancialAssetsAndLiabilitiesNotMeasuredAtFairValueThroughProfitOrLossPresentation" xlink:label="p-FINREP_RealisedGainsAndLossesOnFinancialAssetsAndLiabilitiesNotMeasuredAtFairValueThroughProfitOrLossPresentation" />
    <loc xlink:type="locator" xlink:href="p-FINREP-2008-01-01.xsd#p-FINREP_RealisedGainsOnFinancialInstrumentsOtherThanMeasuredAtFairValueThroughProfitOrLoss" xlink:label="p-FINREP_RealisedGainsOnFinancialInstrumentsOtherThanMeasuredAtFairValueThroughProfitOrLoss" />
    <definitionArc xlink:type="arc" xlink:arcrole="http://xbrl.org/int/dim/arcrole/domain-member" xlink:from="p-FINREP_RealisedGainsAndLossesOnFinancialAssetsAndLiabilitiesNotMeasuredAtFairValueThroughProfitOrLossPresentation" xlink:to="p-FINREP_RealisedGainsOnFinancialInstrumentsOtherThanMeasuredAtFairValueThroughProfitOrLoss" order="1" use="optional" />
    <loc xlink:type="locator" xlink:href="p-FINREP-2008-01-01.xsd#p-FINREP_RealisedGainsOnFinancialAssetsAvailableForSale" xlink:label="p-FINREP_RealisedGainsOnFinancialAssetsAvailableForSale" />
    <definitionArc xlink:type="arc" xlink:arcrole="http://xbrl.org/int/dim/arcrole/domain-member" xlink:from="p-FINREP_RealisedGainsOnFinancialInstrumentsOtherThanMeasuredAtFairValueThroughProfitOrLoss" xlink:to="p-FINREP_RealisedGainsOnFinancialAssetsAvailableForSale" order="1" use="optional" />
    <loc xlink:type="locator" xlink:href="p-FINREP-2008-01-01.xsd#p-FINREP_RealisedGainsOnFinancialAssetsLoansAndReceivables" xlink:label="p-FINREP_RealisedGainsOnFinancialAssetsLoansAndReceivables" />
    <definitionArc xlink:type="arc" xlink:arcrole="http://xbrl.org/int/dim/arcrole/domain-member" xlink:from="p-FINREP_RealisedGainsOnFinancialInstrumentsOtherThanMeasuredAtFairValueThroughProfitOrLoss" xlink:to="p-FINREP_RealisedGainsOnFinancialAssetsLoansAndReceivables" order="2" use="optional" />
    <loc xlink:type="locator" xlink:href="p-FINREP-2008-01-01.xsd#p-FINREP_RealisedGainsOnFinancialAssetsHeldToMaturity" xlink:label="p-FINREP_RealisedGainsOnFinancialAssetsHeldToMaturity" />
    <definitionArc xlink:type="arc" xlink:arcrole="http://xbrl.org/int/dim/arcrole/domain-member" xlink:from="p-FINREP_RealisedGainsOnFinancialInstrumentsOtherThanMeasuredAtFairValueThroughProfitOrLoss" xlink:to="p-FINREP_RealisedGainsOnFinancialAssetsHeldToMaturity" order="3" use="optional" />
    <loc xlink:type="locator" xlink:href="p-FINREP-2008-01-01.xsd#p-FINREP_RealisedGainsOnFinancialLiabilitiesMeasuredAtAmortisedCost" xlink:label="p-FINREP_RealisedGainsOnFinancialLiabilitiesMeasuredAtAmortisedCost" />
    <definitionArc xlink:type="arc" xlink:arcrole="http://xbrl.org/int/dim/arcrole/domain-member" xlink:from="p-FINREP_RealisedGainsOnFinancialInstrumentsOtherThanMeasuredAtFairValueThroughProfitOrLoss" xlink:to="p-FINREP_RealisedGainsOnFinancialLiabilitiesMeasuredAtAmortisedCost" order="4" use="optional" />
    <loc xlink:type="locator" xlink:href="p-FINREP-2008-01-01.xsd#p-FINREP_RealisedGainsOnFinancialInstrumentsOther" xlink:label="p-FINREP_RealisedGainsOnFinancialInstrumentsOther" />
    <definitionArc xlink:type="arc" xlink:arcrole="http://xbrl.org/int/dim/arcrole/domain-member" xlink:from="p-FINREP_RealisedGainsOnFinancialInstrumentsOtherThanMeasuredAtFairValueThroughProfitOrLoss" xlink:to="p-FINREP_RealisedGainsOnFinancialInstrumentsOther" order="5" use="optional" />
    <loc xlink:type="locator" xlink:href="p-FINREP-2008-01-01.xsd#p-FINREP_RealisedLossesOnFinancialInstrumentsOtherThanMeasuredAtFairValueThroughProfitOrLoss" xlink:label="p-FINREP_RealisedLossesOnFinancialInstrumentsOtherThanMeasuredAtFairValueThroughProfitOrLoss" />
    <definitionArc xlink:type="arc" xlink:arcrole="http://xbrl.org/int/dim/arcrole/domain-member" xlink:from="p-FINREP_RealisedGainsAndLossesOnFinancialAssetsAndLiabilitiesNotMeasuredAtFairValueThroughProfitOrLossPresentation" xlink:to="p-FINREP_RealisedLossesOnFinancialInstrumentsOtherThanMeasuredAtFairValueThroughProfitOrLoss" order="2" use="optional" />
    <loc xlink:type="locator" xlink:href="p-FINREP-2008-01-01.xsd#p-FINREP_RealisedLossesOnFinancialAssetsAvailableForSale" xlink:label="p-FINREP_RealisedLossesOnFinancialAssetsAvailableForSale" />
    <definitionArc xlink:type="arc" xlink:arcrole="http://xbrl.org/int/dim/arcrole/domain-member" xlink:from="p-FINREP_RealisedLossesOnFinancialInstrumentsOtherThanMeasuredAtFairValueThroughProfitOrLoss" xlink:to="p-FINREP_RealisedLossesOnFinancialAssetsAvailableForSale" order="1" use="optional" />
    <loc xlink:type="locator" xlink:href="p-FINREP-2008-01-01.xsd#p-FINREP_RealisedLossesOnFinancialAssetsLoansAndReceivables" xlink:label="p-FINREP_RealisedLossesOnFinancialAssetsLoansAndReceivables" />
    <definitionArc xlink:type="arc" xlink:arcrole="http://xbrl.org/int/dim/arcrole/domain-member" xlink:from="p-FINREP_RealisedLossesOnFinancialInstrumentsOtherThanMeasuredAtFairValueThroughProfitOrLoss" xlink:to="p-FINREP_RealisedLossesOnFinancialAssetsLoansAndReceivables" order="2" use="optional" />
    <loc xlink:type="locator" xlink:href="p-FINREP-2008-01-01.xsd#p-FINREP_RealisedLossesOnFinancialAssetsHeldToMaturity" xlink:label="p-FINREP_RealisedLossesOnFinancialAssetsHeldToMaturity" />
    <definitionArc xlink:type="arc" xlink:arcrole="http://xbrl.org/int/dim/arcrole/domain-member" xlink:from="p-FINREP_RealisedLossesOnFinancialInstrumentsOtherThanMeasuredAtFairValueThroughProfitOrLoss" xlink:to="p-FINREP_RealisedLossesOnFinancialAssetsHeldToMaturity" order="3" use="optional" />
    <loc xlink:type="locator" xlink:href="p-FINREP-2008-01-01.xsd#p-FINREP_RealisedLossesOnFinancialLiabilitiesMeasuredAtAmortisedCost" xlink:label="p-FINREP_RealisedLossesOnFinancialLiabilitiesMeasuredAtAmortisedCost" />
    <definitionArc xlink:type="arc" xlink:arcrole="http://xbrl.org/int/dim/arcrole/domain-member" xlink:from="p-FINREP_RealisedLossesOnFinancialInstrumentsOtherThanMeasuredAtFairValueThroughProfitOrLoss" xlink:to="p-FINREP_RealisedLossesOnFinancialLiabilitiesMeasuredAtAmortisedCost" order="4" use="optional" />
    <loc xlink:type="locator" xlink:href="p-FINREP-2008-01-01.xsd#p-FINREP_RealisedLossesOnFinancialInstrumentsOther" xlink:label="p-FINREP_RealisedLossesOnFinancialInstrumentsOther" />
    <definitionArc xlink:type="arc" xlink:arcrole="http://xbrl.org/int/dim/arcrole/domain-member" xlink:from="p-FINREP_RealisedLossesOnFinancialInstrumentsOtherThanMeasuredAtFairValueThroughProfitOrLoss" xlink:to="p-FINREP_RealisedLossesOnFinancialInstrumentsOther" order="5" use="optional" />
    <loc xlink:type="locator" xlink:href="http://xbrl.iasb.org/int/fr/ifrs/gp/2006-08-15/ifrs-gp-2006-08-15.xsd#ifrs-gp_RealisedGainsLossesOnFinancialInstrumentsExcludingInterestFlowsTotal" xlink:label="ifrs-gp_RealisedGainsLossesOnFinancialInstrumentsExcludingInterestFlowsTotal" />
    <definitionArc xlink:type="arc" xlink:arcrole="http://xbrl.org/int/dim/arcrole/domain-member" xlink:from="p-FINREP_RealisedGainsAndLossesOnFinancialAssetsAndLiabilitiesNotMeasuredAtFairValueThroughProfitOrLossPresentation" xlink:to="ifrs-gp_RealisedGainsLossesOnFinancialInstrumentsExcludingInterestFlowsTotal" order="3" use="optional" />
    <loc xlink:type="locator" xlink:href="p-FINREP-2008-01-01.xsd#p-FINREP_RealisedGainsLossesOnFinancialAssetsAvailableForSaleFinancialAssets" xlink:label="p-FINREP_RealisedGainsLossesOnFinancialAssetsAvailableForSaleFinancialAssets" />
    <definitionArc xlink:type="arc" xlink:arcrole="http://xbrl.org/int/dim/arcrole/domain-member" xlink:from="ifrs-gp_RealisedGainsLossesOnFinancialInstrumentsExcludingInterestFlowsTotal" xlink:to="p-FINREP_RealisedGainsLossesOnFinancialAssetsAvailableForSaleFinancialAssets" order="1" use="optional" />
    <loc xlink:type="locator" xlink:href="p-FINREP-2008-01-01.xsd#p-FINREP_RealisedGainsLossesOnFinancialAssetsLoansAndReceivables" xlink:label="p-FINREP_RealisedGainsLossesOnFinancialAssetsLoansAndReceivables" />
    <definitionArc xlink:type="arc" xlink:arcrole="http://xbrl.org/int/dim/arcrole/domain-member" xlink:from="ifrs-gp_RealisedGainsLossesOnFinancialInstrumentsExcludingInterestFlowsTotal" xlink:to="p-FINREP_RealisedGainsLossesOnFinancialAssetsLoansAndReceivables" order="2" use="optional" />
    <loc xlink:type="locator" xlink:href="p-FINREP-2008-01-01.xsd#p-FINREP_RealisedGainsLossesOnFinancialAssetsHeldToMaturityInvestments" xlink:label="p-FINREP_RealisedGainsLossesOnFinancialAssetsHeldToMaturityInvestments" />
    <definitionArc xlink:type="arc" xlink:arcrole="http://xbrl.org/int/dim/arcrole/domain-member" xlink:from="ifrs-gp_RealisedGainsLossesOnFinancialInstrumentsExcludingInterestFlowsTotal" xlink:to="p-FINREP_RealisedGainsLossesOnFinancialAssetsHeldToMaturityInvestments" order="3" use="optional" />
    <loc xlink:type="locator" xlink:href="p-FINREP-2008-01-01.xsd#p-FINREP_RealisedGainsLossesOnFinancialLiabilitiesMeasuredAtAmortisedCost" xlink:label="p-FINREP_RealisedGainsLossesOnFinancialLiabilitiesMeasuredAtAmortisedCost" />
    <definitionArc xlink:type="arc" xlink:arcrole="http://xbrl.org/int/dim/arcrole/domain-member" xlink:from="ifrs-gp_RealisedGainsLossesOnFinancialInstrumentsExcludingInterestFlowsTotal" xlink:to="p-FINREP_RealisedGainsLossesOnFinancialLiabilitiesMeasuredAtAmortisedCost" order="4" use="optional" />
    <loc xlink:type="locator" xlink:href="p-FINREP-2008-01-01.xsd#p-FINREP_RealisedGainsLossesOnFinancialInstrumentsOther" xlink:label="p-FINREP_RealisedGainsLossesOnFinancialInstrumentsOther" />
    <definitionArc xlink:type="arc" xlink:arcrole="http://xbrl.org/int/dim/arcrole/domain-member" xlink:from="ifrs-gp_RealisedGainsLossesOnFinancialInstrumentsExcludingInterestFlowsTotal" xlink:to="p-FINREP_RealisedGainsLossesOnFinancialInstrumentsOther" order="5" use="optional" />
</definitionLink>
</linkbase>