<?xml version="1.0" encoding="utf-8"?>
<?taxonomy-version 1.3.2?>
<!--Copyright (C) 2011 EBA - European Banking Authority, Tower 42, 25 Old Broad Street, London, EC2N 1HQ, United Kingdom.-->   
<linkbase xmlns="http://www.xbrl.org/2003/linkbase" xmlns:xsi="http://www.w3.org/2001/XMLSchema-instance" xmlns:xlink="http://www.w3.org/1999/xlink" xsi:schemaLocation=" http://www.xbrl.org/2003/linkbase http://www.xbrl.org/2003/xbrl-linkbase-2003-12-31.xsd">
  <roleRef xlink:type="simple" xlink:href="p-FINREP-2008-01-01-T09-PropertyPlantAndEquipment.xsd#PropertyPlantAndEquipment" roleURI="http://www.c-ebs.org/eu/fr/esrs/finrep/2008-01-01/role/PropertyPlantAndEquipment" />
  <arcroleRef xlink:type="simple" xlink:href="http://www.xbrl.org/2005/xbrldt-2005.xsd#domain-member" arcroleURI="http://xbrl.org/int/dim/arcrole/domain-member" />
  <definitionLink xlink:type="extended" xlink:role="http://www.c-ebs.org/eu/fr/esrs/finrep/2008-01-01/role/PropertyPlantAndEquipment">
    <loc xlink:type="locator" xlink:href="p-FINREP-2008-01-01.xsd#p-FINREP_PropertyPlantAndEquipmentPresentation" xlink:label="p-FINREP_PropertyPlantAndEquipmentPresentation" />
    <loc xlink:type="locator" xlink:href="p-FINREP-2008-01-01.xsd#p-FINREP_PropertyPlantAndEquipmentOwnerOccupiedLandBuildingsPresentation" xlink:label="p-FINREP_PropertyPlantAndEquipmentOwnerOccupiedLandBuildingsPresentation" />
    <definitionArc xlink:type="arc" xlink:arcrole="http://xbrl.org/int/dim/arcrole/domain-member" xlink:from="p-FINREP_PropertyPlantAndEquipmentPresentation" xlink:to="p-FINREP_PropertyPlantAndEquipmentOwnerOccupiedLandBuildingsPresentation" order="1" use="optional" />
    <loc xlink:type="locator" xlink:href="p-FINREP-2008-01-01.xsd#p-FINREP_OwnerOccupiedLandAndBuildingsNet" xlink:label="p-FINREP_OwnerOccupiedLandAndBuildingsNet" />
    <definitionArc xlink:type="arc" xlink:arcrole="http://xbrl.org/int/dim/arcrole/domain-member" xlink:from="p-FINREP_PropertyPlantAndEquipmentOwnerOccupiedLandBuildingsPresentation" xlink:to="p-FINREP_OwnerOccupiedLandAndBuildingsNet" order="1" use="optional" />
    <loc xlink:type="locator" xlink:href="p-FINREP-2008-01-01.xsd#p-FINREP_ChangesInPropertyPlantAndEquipmentOwnerOccupiedLandBuildingsPresentation" xlink:label="p-FINREP_ChangesInPropertyPlantAndEquipmentOwnerOccupiedLandBuildingsPresentation" />
    <definitionArc xlink:type="arc" xlink:arcrole="http://xbrl.org/int/dim/arcrole/domain-member" xlink:from="p-FINREP_PropertyPlantAndEquipmentOwnerOccupiedLandBuildingsPresentation" xlink:to="p-FINREP_ChangesInPropertyPlantAndEquipmentOwnerOccupiedLandBuildingsPresentation" order="2" use="optional" />
    <loc xlink:type="locator" xlink:href="p-FINREP-2008-01-01.xsd#p-FINREP_AdditionsOwnerOccupiedLandAndBuildings" xlink:label="p-FINREP_AdditionsOwnerOccupiedLandAndBuildings" />
    <definitionArc xlink:type="arc" xlink:arcrole="http://xbrl.org/int/dim/arcrole/domain-member" xlink:from="p-FINREP_ChangesInPropertyPlantAndEquipmentOwnerOccupiedLandBuildingsPresentation" xlink:to="p-FINREP_AdditionsOwnerOccupiedLandAndBuildings" order="1" use="optional" />
    <loc xlink:type="locator" xlink:href="p-FINREP-2008-01-01.xsd#p-FINREP_AcquisitionsThroughBusinessCombinationsOwnerOccupiedLandAndBuildings" xlink:label="p-FINREP_AcquisitionsThroughBusinessCombinationsOwnerOccupiedLandAndBuildings" />
    <definitionArc xlink:type="arc" xlink:arcrole="http://xbrl.org/int/dim/arcrole/domain-member" xlink:from="p-FINREP_ChangesInPropertyPlantAndEquipmentOwnerOccupiedLandBuildingsPresentation" xlink:to="p-FINREP_AcquisitionsThroughBusinessCombinationsOwnerOccupiedLandAndBuildings" order="2" use="optional" />
    <loc xlink:type="locator" xlink:href="p-FINREP-2008-01-01.xsd#p-FINREP_DisposalsOwnerOccupiedLandAndBuildings" xlink:label="p-FINREP_DisposalsOwnerOccupiedLandAndBuildings" />
    <definitionArc xlink:type="arc" xlink:arcrole="http://xbrl.org/int/dim/arcrole/domain-member" xlink:from="p-FINREP_ChangesInPropertyPlantAndEquipmentOwnerOccupiedLandBuildingsPresentation" xlink:to="p-FINREP_DisposalsOwnerOccupiedLandAndBuildings" order="3" use="optional" />
    <loc xlink:type="locator" xlink:href="p-FINREP-2008-01-01.xsd#p-FINREP_DisposalsThroughBusinessDivestitureOwnerOccupiedLandAndBuildings" xlink:label="p-FINREP_DisposalsThroughBusinessDivestitureOwnerOccupiedLandAndBuildings" />
    <definitionArc xlink:type="arc" xlink:arcrole="http://xbrl.org/int/dim/arcrole/domain-member" xlink:from="p-FINREP_ChangesInPropertyPlantAndEquipmentOwnerOccupiedLandBuildingsPresentation" xlink:to="p-FINREP_DisposalsThroughBusinessDivestitureOwnerOccupiedLandAndBuildings" order="4" use="optional" />
    <loc xlink:type="locator" xlink:href="p-FINREP-2008-01-01.xsd#p-FINREP_RevaluationIncreasesDecreasesOwnerOccupiedLandAndBuildings" xlink:label="p-FINREP_RevaluationIncreasesDecreasesOwnerOccupiedLandAndBuildings" />
    <definitionArc xlink:type="arc" xlink:arcrole="http://xbrl.org/int/dim/arcrole/domain-member" xlink:from="p-FINREP_ChangesInPropertyPlantAndEquipmentOwnerOccupiedLandBuildingsPresentation" xlink:to="p-FINREP_RevaluationIncreasesDecreasesOwnerOccupiedLandAndBuildings" order="5" use="optional" />
    <loc xlink:type="locator" xlink:href="p-FINREP-2008-01-01.xsd#p-FINREP_ImpairmentLossRecognisedOrReversedInEquityOwnerOccupiedLandAndBuildings" xlink:label="p-FINREP_ImpairmentLossRecognisedOrReversedInEquityOwnerOccupiedLandAndBuildings" />
    <definitionArc xlink:type="arc" xlink:arcrole="http://xbrl.org/int/dim/arcrole/domain-member" xlink:from="p-FINREP_ChangesInPropertyPlantAndEquipmentOwnerOccupiedLandBuildingsPresentation" xlink:to="p-FINREP_ImpairmentLossRecognisedOrReversedInEquityOwnerOccupiedLandAndBuildings" order="6" use="optional" />
    <loc xlink:type="locator" xlink:href="p-FINREP-2008-01-01.xsd#p-FINREP_DepreciationExpenseOwnerOccupiedLandAndBuildings" xlink:label="p-FINREP_DepreciationExpenseOwnerOccupiedLandAndBuildings" />
    <definitionArc xlink:type="arc" xlink:arcrole="http://xbrl.org/int/dim/arcrole/domain-member" xlink:from="p-FINREP_ChangesInPropertyPlantAndEquipmentOwnerOccupiedLandBuildingsPresentation" xlink:to="p-FINREP_DepreciationExpenseOwnerOccupiedLandAndBuildings" order="7" use="optional" />
    <loc xlink:type="locator" xlink:href="p-FINREP-2008-01-01.xsd#p-FINREP_ImpairmentLossRecognisedInIncomeStatementOwnerOccupiedLandAndBuildings" xlink:label="p-FINREP_ImpairmentLossRecognisedInIncomeStatementOwnerOccupiedLandAndBuildings" />
    <definitionArc xlink:type="arc" xlink:arcrole="http://xbrl.org/int/dim/arcrole/domain-member" xlink:from="p-FINREP_ChangesInPropertyPlantAndEquipmentOwnerOccupiedLandBuildingsPresentation" xlink:to="p-FINREP_ImpairmentLossRecognisedInIncomeStatementOwnerOccupiedLandAndBuildings" order="8" use="optional" />
    <loc xlink:type="locator" xlink:href="p-FINREP-2008-01-01.xsd#p-FINREP_ImpairmentReversalRecognisedInIncomeStatementOwnerOccupiedLandAndBuildings" xlink:label="p-FINREP_ImpairmentReversalRecognisedInIncomeStatementOwnerOccupiedLandAndBuildings" />
    <definitionArc xlink:type="arc" xlink:arcrole="http://xbrl.org/int/dim/arcrole/domain-member" xlink:from="p-FINREP_ChangesInPropertyPlantAndEquipmentOwnerOccupiedLandBuildingsPresentation" xlink:to="p-FINREP_ImpairmentReversalRecognisedInIncomeStatementOwnerOccupiedLandAndBuildings" order="9" use="optional" />
    <loc xlink:type="locator" xlink:href="p-FINREP-2008-01-01.xsd#p-FINREP_ForeignCurrencyExchangeIncreaseDecreaseOwnerOccupiedLandAndBuildings" xlink:label="p-FINREP_ForeignCurrencyExchangeIncreaseDecreaseOwnerOccupiedLandAndBuildings" />
    <definitionArc xlink:type="arc" xlink:arcrole="http://xbrl.org/int/dim/arcrole/domain-member" xlink:from="p-FINREP_ChangesInPropertyPlantAndEquipmentOwnerOccupiedLandBuildingsPresentation" xlink:to="p-FINREP_ForeignCurrencyExchangeIncreaseDecreaseOwnerOccupiedLandAndBuildings" order="10" use="optional" />
    <loc xlink:type="locator" xlink:href="p-FINREP-2008-01-01.xsd#p-FINREP_TransfersOwnerOccupiedLandAndBuildings" xlink:label="p-FINREP_TransfersOwnerOccupiedLandAndBuildings" />
    <definitionArc xlink:type="arc" xlink:arcrole="http://xbrl.org/int/dim/arcrole/domain-member" xlink:from="p-FINREP_ChangesInPropertyPlantAndEquipmentOwnerOccupiedLandBuildingsPresentation" xlink:to="p-FINREP_TransfersOwnerOccupiedLandAndBuildings" order="11" use="optional" />
    <loc xlink:type="locator" xlink:href="p-FINREP-2008-01-01.xsd#p-FINREP_TransfersToFromNonCurrentAssetsAndDisposalGroupsHeldForSaleOwnerOccupiedLandAndBuildings" xlink:label="p-FINREP_TransfersToFromNonCurrentAssetsAndDisposalGroupsHeldForSaleOwnerOccupiedLandAndBuildings" />
    <definitionArc xlink:type="arc" xlink:arcrole="http://xbrl.org/int/dim/arcrole/domain-member" xlink:from="p-FINREP_TransfersOwnerOccupiedLandAndBuildings" xlink:to="p-FINREP_TransfersToFromNonCurrentAssetsAndDisposalGroupsHeldForSaleOwnerOccupiedLandAndBuildings" order="1" use="optional" />
    <loc xlink:type="locator" xlink:href="p-FINREP-2008-01-01.xsd#p-FINREP_TransfersToFromInvestmentPropertyOwnerOccupiedLandAndBuildings" xlink:label="p-FINREP_TransfersToFromInvestmentPropertyOwnerOccupiedLandAndBuildings" />
    <definitionArc xlink:type="arc" xlink:arcrole="http://xbrl.org/int/dim/arcrole/domain-member" xlink:from="p-FINREP_TransfersOwnerOccupiedLandAndBuildings" xlink:to="p-FINREP_TransfersToFromInvestmentPropertyOwnerOccupiedLandAndBuildings" order="2" use="optional" />
    <loc xlink:type="locator" xlink:href="p-FINREP-2008-01-01.xsd#p-FINREP_OtherIncreaseDecreaseOwnerOccupiedLandAndBuildings" xlink:label="p-FINREP_OtherIncreaseDecreaseOwnerOccupiedLandAndBuildings" />
    <definitionArc xlink:type="arc" xlink:arcrole="http://xbrl.org/int/dim/arcrole/domain-member" xlink:from="p-FINREP_ChangesInPropertyPlantAndEquipmentOwnerOccupiedLandBuildingsPresentation" xlink:to="p-FINREP_OtherIncreaseDecreaseOwnerOccupiedLandAndBuildings" order="12" use="optional" />
    <loc xlink:type="locator" xlink:href="p-FINREP-2008-01-01.xsd#p-FINREP_OwnerOccupiedLandAndBuildingsAccumulatedDepreciation" xlink:label="p-FINREP_OwnerOccupiedLandAndBuildingsAccumulatedDepreciation" />
    <definitionArc xlink:type="arc" xlink:arcrole="http://xbrl.org/int/dim/arcrole/domain-member" xlink:from="p-FINREP_PropertyPlantAndEquipmentOwnerOccupiedLandBuildingsPresentation" xlink:to="p-FINREP_OwnerOccupiedLandAndBuildingsAccumulatedDepreciation" order="3" use="optional" />
    <loc xlink:type="locator" xlink:href="p-FINREP-2008-01-01.xsd#p-FINREP_OwnerOccupiedLandAndBuildingsUnderFinanceLeasesNet" xlink:label="p-FINREP_OwnerOccupiedLandAndBuildingsUnderFinanceLeasesNet" />
    <definitionArc xlink:type="arc" xlink:arcrole="http://xbrl.org/int/dim/arcrole/domain-member" xlink:from="p-FINREP_PropertyPlantAndEquipmentOwnerOccupiedLandBuildingsPresentation" xlink:to="p-FINREP_OwnerOccupiedLandAndBuildingsUnderFinanceLeasesNet" order="4" use="optional" />
    <loc xlink:type="locator" xlink:href="p-FINREP-2008-01-01.xsd#p-FINREP_PropertyPlantAndEquipmentITEquipmentPresentation" xlink:label="p-FINREP_PropertyPlantAndEquipmentITEquipmentPresentation" />
    <definitionArc xlink:type="arc" xlink:arcrole="http://xbrl.org/int/dim/arcrole/domain-member" xlink:from="p-FINREP_PropertyPlantAndEquipmentPresentation" xlink:to="p-FINREP_PropertyPlantAndEquipmentITEquipmentPresentation" order="2" use="optional" />
    <loc xlink:type="locator" xlink:href="http://xbrl.iasb.org/int/fr/ifrs/gp/2006-08-15/ifrs-gp-2006-08-15.xsd#ifrs-gp_ITEquipmentNet" xlink:label="ifrs-gp_ITEquipmentNet" />
    <definitionArc xlink:type="arc" xlink:arcrole="http://xbrl.org/int/dim/arcrole/domain-member" xlink:from="p-FINREP_PropertyPlantAndEquipmentITEquipmentPresentation" xlink:to="ifrs-gp_ITEquipmentNet" order="1" use="optional" />
    <loc xlink:type="locator" xlink:href="http://xbrl.iasb.org/int/fr/ifrs/gp/2006-08-15/ifrs-gp-2006-08-15.xsd#ifrs-gp_ChangesInITEquipmentNetPresentation" xlink:label="ifrs-gp_ChangesInITEquipmentNetPresentation" />
    <definitionArc xlink:type="arc" xlink:arcrole="http://xbrl.org/int/dim/arcrole/domain-member" xlink:from="p-FINREP_PropertyPlantAndEquipmentITEquipmentPresentation" xlink:to="ifrs-gp_ChangesInITEquipmentNetPresentation" order="2" use="optional" />
    <loc xlink:type="locator" xlink:href="http://xbrl.iasb.org/int/fr/ifrs/gp/2006-08-15/ifrs-gp-2006-08-15.xsd#ifrs-gp_AdditionsITEquipment" xlink:label="ifrs-gp_AdditionsITEquipment" />
    <definitionArc xlink:type="arc" xlink:arcrole="http://xbrl.org/int/dim/arcrole/domain-member" xlink:from="ifrs-gp_ChangesInITEquipmentNetPresentation" xlink:to="ifrs-gp_AdditionsITEquipment" order="1" use="optional" />
    <loc xlink:type="locator" xlink:href="http://xbrl.iasb.org/int/fr/ifrs/gp/2006-08-15/ifrs-gp-2006-08-15.xsd#ifrs-gp_AcquisitionsThroughBusinessCombinationsITEquipment" xlink:label="ifrs-gp_AcquisitionsThroughBusinessCombinationsITEquipment" />
    <definitionArc xlink:type="arc" xlink:arcrole="http://xbrl.org/int/dim/arcrole/domain-member" xlink:from="ifrs-gp_ChangesInITEquipmentNetPresentation" xlink:to="ifrs-gp_AcquisitionsThroughBusinessCombinationsITEquipment" order="2" use="optional" />
    <loc xlink:type="locator" xlink:href="http://xbrl.iasb.org/int/fr/ifrs/gp/2006-08-15/ifrs-gp-2006-08-15.xsd#ifrs-gp_DisposalsITEquipment" xlink:label="ifrs-gp_DisposalsITEquipment" />
    <definitionArc xlink:type="arc" xlink:arcrole="http://xbrl.org/int/dim/arcrole/domain-member" xlink:from="ifrs-gp_ChangesInITEquipmentNetPresentation" xlink:to="ifrs-gp_DisposalsITEquipment" order="3" use="optional" />
    <loc xlink:type="locator" xlink:href="http://xbrl.iasb.org/int/fr/ifrs/gp/2006-08-15/ifrs-gp-2006-08-15.xsd#ifrs-gp_DisposalsThroughBusinessDivestitureITEquipment" xlink:label="ifrs-gp_DisposalsThroughBusinessDivestitureITEquipment" />
    <definitionArc xlink:type="arc" xlink:arcrole="http://xbrl.org/int/dim/arcrole/domain-member" xlink:from="ifrs-gp_ChangesInITEquipmentNetPresentation" xlink:to="ifrs-gp_DisposalsThroughBusinessDivestitureITEquipment" order="4" use="optional" />
    <loc xlink:type="locator" xlink:href="p-FINREP-2008-01-01.xsd#p-FINREP_RevaluationIncreasesDecreasesITEquipment" xlink:label="p-FINREP_RevaluationIncreasesDecreasesITEquipment" />
    <definitionArc xlink:type="arc" xlink:arcrole="http://xbrl.org/int/dim/arcrole/domain-member" xlink:from="ifrs-gp_ChangesInITEquipmentNetPresentation" xlink:to="p-FINREP_RevaluationIncreasesDecreasesITEquipment" order="5" use="optional" />
    <loc xlink:type="locator" xlink:href="p-FINREP-2008-01-01.xsd#p-FINREP_ImpairmentLossRecognisedOrReversedInEquityITEquipment" xlink:label="p-FINREP_ImpairmentLossRecognisedOrReversedInEquityITEquipment" />
    <definitionArc xlink:type="arc" xlink:arcrole="http://xbrl.org/int/dim/arcrole/domain-member" xlink:from="ifrs-gp_ChangesInITEquipmentNetPresentation" xlink:to="p-FINREP_ImpairmentLossRecognisedOrReversedInEquityITEquipment" order="6" use="optional" />
    <loc xlink:type="locator" xlink:href="http://xbrl.iasb.org/int/fr/ifrs/gp/2006-08-15/ifrs-gp-2006-08-15.xsd#ifrs-gp_DepreciationExpenseITEquipment" xlink:label="ifrs-gp_DepreciationExpenseITEquipment" />
    <definitionArc xlink:type="arc" xlink:arcrole="http://xbrl.org/int/dim/arcrole/domain-member" xlink:from="ifrs-gp_ChangesInITEquipmentNetPresentation" xlink:to="ifrs-gp_DepreciationExpenseITEquipment" order="7" use="optional" />
    <loc xlink:type="locator" xlink:href="http://xbrl.iasb.org/int/fr/ifrs/gp/2006-08-15/ifrs-gp-2006-08-15.xsd#ifrs-gp_ImpairmentLossRecognisedInIncomeStatementITEquipment" xlink:label="ifrs-gp_ImpairmentLossRecognisedInIncomeStatementITEquipment" />
    <definitionArc xlink:type="arc" xlink:arcrole="http://xbrl.org/int/dim/arcrole/domain-member" xlink:from="ifrs-gp_ChangesInITEquipmentNetPresentation" xlink:to="ifrs-gp_ImpairmentLossRecognisedInIncomeStatementITEquipment" order="8" use="optional" />
    <loc xlink:type="locator" xlink:href="http://xbrl.iasb.org/int/fr/ifrs/gp/2006-08-15/ifrs-gp-2006-08-15.xsd#ifrs-gp_ImpairmentReversalRecognisedInIncomeStatementITEquipment" xlink:label="ifrs-gp_ImpairmentReversalRecognisedInIncomeStatementITEquipment" />
    <definitionArc xlink:type="arc" xlink:arcrole="http://xbrl.org/int/dim/arcrole/domain-member" xlink:from="ifrs-gp_ChangesInITEquipmentNetPresentation" xlink:to="ifrs-gp_ImpairmentReversalRecognisedInIncomeStatementITEquipment" order="9" use="optional" />
    <loc xlink:type="locator" xlink:href="http://xbrl.iasb.org/int/fr/ifrs/gp/2006-08-15/ifrs-gp-2006-08-15.xsd#ifrs-gp_ForeignCurrencyExchangeIncreaseDecreaseITEquipment" xlink:label="ifrs-gp_ForeignCurrencyExchangeIncreaseDecreaseITEquipment" />
    <definitionArc xlink:type="arc" xlink:arcrole="http://xbrl.org/int/dim/arcrole/domain-member" xlink:from="ifrs-gp_ChangesInITEquipmentNetPresentation" xlink:to="ifrs-gp_ForeignCurrencyExchangeIncreaseDecreaseITEquipment" order="10" use="optional" />
    <loc xlink:type="locator" xlink:href="p-FINREP-2008-01-01.xsd#p-FINREP_TransfersITEquipment" xlink:label="p-FINREP_TransfersITEquipment" />
    <definitionArc xlink:type="arc" xlink:arcrole="http://xbrl.org/int/dim/arcrole/domain-member" xlink:from="ifrs-gp_ChangesInITEquipmentNetPresentation" xlink:to="p-FINREP_TransfersITEquipment" order="11" use="optional" />
    <loc xlink:type="locator" xlink:href="http://xbrl.iasb.org/int/fr/ifrs/gp/2006-08-15/ifrs-gp-2006-08-15.xsd#ifrs-gp_TransfersToFromNonCurrentAssetsAndDisposalGroupsHeldForSaleITEquipment" xlink:label="ifrs-gp_TransfersToFromNonCurrentAssetsAndDisposalGroupsHeldForSaleITEquipment" />
    <definitionArc xlink:type="arc" xlink:arcrole="http://xbrl.org/int/dim/arcrole/domain-member" xlink:from="p-FINREP_TransfersITEquipment" xlink:to="ifrs-gp_TransfersToFromNonCurrentAssetsAndDisposalGroupsHeldForSaleITEquipment" order="1" use="optional" />
    <loc xlink:type="locator" xlink:href="http://xbrl.iasb.org/int/fr/ifrs/gp/2006-08-15/ifrs-gp-2006-08-15.xsd#ifrs-gp_OtherIncreaseDecreaseITEquipment" xlink:label="ifrs-gp_OtherIncreaseDecreaseITEquipment" />
    <definitionArc xlink:type="arc" xlink:arcrole="http://xbrl.org/int/dim/arcrole/domain-member" xlink:from="ifrs-gp_ChangesInITEquipmentNetPresentation" xlink:to="ifrs-gp_OtherIncreaseDecreaseITEquipment" order="12" use="optional" />
    <loc xlink:type="locator" xlink:href="p-FINREP-2008-01-01.xsd#p-FINREP_ITEquipmentAccumulatedDepreciation" xlink:label="p-FINREP_ITEquipmentAccumulatedDepreciation" />
    <definitionArc xlink:type="arc" xlink:arcrole="http://xbrl.org/int/dim/arcrole/domain-member" xlink:from="p-FINREP_PropertyPlantAndEquipmentITEquipmentPresentation" xlink:to="p-FINREP_ITEquipmentAccumulatedDepreciation" order="3" use="optional" />
    <loc xlink:type="locator" xlink:href="http://xbrl.iasb.org/int/fr/ifrs/gp/2006-08-15/ifrs-gp-2006-08-15.xsd#ifrs-gp_ITEquipmentUnderFinanceLeasesNet" xlink:label="ifrs-gp_ITEquipmentUnderFinanceLeasesNet" />
    <definitionArc xlink:type="arc" xlink:arcrole="http://xbrl.org/int/dim/arcrole/domain-member" xlink:from="p-FINREP_PropertyPlantAndEquipmentITEquipmentPresentation" xlink:to="ifrs-gp_ITEquipmentUnderFinanceLeasesNet" order="4" use="optional" />
    <loc xlink:type="locator" xlink:href="p-FINREP-2008-01-01.xsd#p-FINREP_ITEquipmentUnderOperatingLeasesNet" xlink:label="p-FINREP_ITEquipmentUnderOperatingLeasesNet" />
    <definitionArc xlink:type="arc" xlink:arcrole="http://xbrl.org/int/dim/arcrole/domain-member" xlink:from="p-FINREP_PropertyPlantAndEquipmentITEquipmentPresentation" xlink:to="p-FINREP_ITEquipmentUnderOperatingLeasesNet" order="5" use="optional" />
    <loc xlink:type="locator" xlink:href="p-FINREP-2008-01-01.xsd#p-FINREP_PropertyPlantAndEquipmentOfficeEquipmentPresentation" xlink:label="p-FINREP_PropertyPlantAndEquipmentOfficeEquipmentPresentation" />
    <definitionArc xlink:type="arc" xlink:arcrole="http://xbrl.org/int/dim/arcrole/domain-member" xlink:from="p-FINREP_PropertyPlantAndEquipmentPresentation" xlink:to="p-FINREP_PropertyPlantAndEquipmentOfficeEquipmentPresentation" order="3" use="optional" />
    <loc xlink:type="locator" xlink:href="p-FINREP-2008-01-01.xsd#p-FINREP_OfficeEquipmentNet" xlink:label="p-FINREP_OfficeEquipmentNet" />
    <definitionArc xlink:type="arc" xlink:arcrole="http://xbrl.org/int/dim/arcrole/domain-member" xlink:from="p-FINREP_PropertyPlantAndEquipmentOfficeEquipmentPresentation" xlink:to="p-FINREP_OfficeEquipmentNet" order="1" use="optional" />
    <loc xlink:type="locator" xlink:href="p-FINREP-2008-01-01.xsd#p-FINREP_ChangesInPropertyPlantAndEquipmentOfficeEquipmentPresentation" xlink:label="p-FINREP_ChangesInPropertyPlantAndEquipmentOfficeEquipmentPresentation" />
    <definitionArc xlink:type="arc" xlink:arcrole="http://xbrl.org/int/dim/arcrole/domain-member" xlink:from="p-FINREP_PropertyPlantAndEquipmentOfficeEquipmentPresentation" xlink:to="p-FINREP_ChangesInPropertyPlantAndEquipmentOfficeEquipmentPresentation" order="2" use="optional" />
    <loc xlink:type="locator" xlink:href="p-FINREP-2008-01-01.xsd#p-FINREP_AdditionsOfficeEquipment" xlink:label="p-FINREP_AdditionsOfficeEquipment" />
    <definitionArc xlink:type="arc" xlink:arcrole="http://xbrl.org/int/dim/arcrole/domain-member" xlink:from="p-FINREP_ChangesInPropertyPlantAndEquipmentOfficeEquipmentPresentation" xlink:to="p-FINREP_AdditionsOfficeEquipment" order="1" use="optional" />
    <loc xlink:type="locator" xlink:href="p-FINREP-2008-01-01.xsd#p-FINREP_AcquisitionsThroughBusinessCombinationsOfficeEquipment" xlink:label="p-FINREP_AcquisitionsThroughBusinessCombinationsOfficeEquipment" />
    <definitionArc xlink:type="arc" xlink:arcrole="http://xbrl.org/int/dim/arcrole/domain-member" xlink:from="p-FINREP_ChangesInPropertyPlantAndEquipmentOfficeEquipmentPresentation" xlink:to="p-FINREP_AcquisitionsThroughBusinessCombinationsOfficeEquipment" order="2" use="optional" />
    <loc xlink:type="locator" xlink:href="p-FINREP-2008-01-01.xsd#p-FINREP_DisposalsOfficeEquipment" xlink:label="p-FINREP_DisposalsOfficeEquipment" />
    <definitionArc xlink:type="arc" xlink:arcrole="http://xbrl.org/int/dim/arcrole/domain-member" xlink:from="p-FINREP_ChangesInPropertyPlantAndEquipmentOfficeEquipmentPresentation" xlink:to="p-FINREP_DisposalsOfficeEquipment" order="3" use="optional" />
    <loc xlink:type="locator" xlink:href="p-FINREP-2008-01-01.xsd#p-FINREP_DisposalsThroughBusinessDivestitureOfficeEquipment" xlink:label="p-FINREP_DisposalsThroughBusinessDivestitureOfficeEquipment" />
    <definitionArc xlink:type="arc" xlink:arcrole="http://xbrl.org/int/dim/arcrole/domain-member" xlink:from="p-FINREP_ChangesInPropertyPlantAndEquipmentOfficeEquipmentPresentation" xlink:to="p-FINREP_DisposalsThroughBusinessDivestitureOfficeEquipment" order="4" use="optional" />
    <loc xlink:type="locator" xlink:href="p-FINREP-2008-01-01.xsd#p-FINREP_RevaluationIncreasesDecreasesOfficeEquipment" xlink:label="p-FINREP_RevaluationIncreasesDecreasesOfficeEquipment" />
    <definitionArc xlink:type="arc" xlink:arcrole="http://xbrl.org/int/dim/arcrole/domain-member" xlink:from="p-FINREP_ChangesInPropertyPlantAndEquipmentOfficeEquipmentPresentation" xlink:to="p-FINREP_RevaluationIncreasesDecreasesOfficeEquipment" order="5" use="optional" />
    <loc xlink:type="locator" xlink:href="p-FINREP-2008-01-01.xsd#p-FINREP_ImpairmentLossRecognisedOrReversedInEquityOfficeEquipment" xlink:label="p-FINREP_ImpairmentLossRecognisedOrReversedInEquityOfficeEquipment" />
    <definitionArc xlink:type="arc" xlink:arcrole="http://xbrl.org/int/dim/arcrole/domain-member" xlink:from="p-FINREP_ChangesInPropertyPlantAndEquipmentOfficeEquipmentPresentation" xlink:to="p-FINREP_ImpairmentLossRecognisedOrReversedInEquityOfficeEquipment" order="6" use="optional" />
    <loc xlink:type="locator" xlink:href="p-FINREP-2008-01-01.xsd#p-FINREP_DepreciationExpenseOfficeEquipment" xlink:label="p-FINREP_DepreciationExpenseOfficeEquipment" />
    <definitionArc xlink:type="arc" xlink:arcrole="http://xbrl.org/int/dim/arcrole/domain-member" xlink:from="p-FINREP_ChangesInPropertyPlantAndEquipmentOfficeEquipmentPresentation" xlink:to="p-FINREP_DepreciationExpenseOfficeEquipment" order="7" use="optional" />
    <loc xlink:type="locator" xlink:href="p-FINREP-2008-01-01.xsd#p-FINREP_ImpairmentLossRecognisedInIncomeStatementOfficeEquipment" xlink:label="p-FINREP_ImpairmentLossRecognisedInIncomeStatementOfficeEquipment" />
    <definitionArc xlink:type="arc" xlink:arcrole="http://xbrl.org/int/dim/arcrole/domain-member" xlink:from="p-FINREP_ChangesInPropertyPlantAndEquipmentOfficeEquipmentPresentation" xlink:to="p-FINREP_ImpairmentLossRecognisedInIncomeStatementOfficeEquipment" order="8" use="optional" />
    <loc xlink:type="locator" xlink:href="p-FINREP-2008-01-01.xsd#p-FINREP_ImpairmentReversalRecognisedInIncomeStatementOfficeEquipment" xlink:label="p-FINREP_ImpairmentReversalRecognisedInIncomeStatementOfficeEquipment" />
    <definitionArc xlink:type="arc" xlink:arcrole="http://xbrl.org/int/dim/arcrole/domain-member" xlink:from="p-FINREP_ChangesInPropertyPlantAndEquipmentOfficeEquipmentPresentation" xlink:to="p-FINREP_ImpairmentReversalRecognisedInIncomeStatementOfficeEquipment" order="9" use="optional" />
    <loc xlink:type="locator" xlink:href="p-FINREP-2008-01-01.xsd#p-FINREP_ForeignCurrencyExchangeIncreaseDecreaseOfficeEquipment" xlink:label="p-FINREP_ForeignCurrencyExchangeIncreaseDecreaseOfficeEquipment" />
    <definitionArc xlink:type="arc" xlink:arcrole="http://xbrl.org/int/dim/arcrole/domain-member" xlink:from="p-FINREP_ChangesInPropertyPlantAndEquipmentOfficeEquipmentPresentation" xlink:to="p-FINREP_ForeignCurrencyExchangeIncreaseDecreaseOfficeEquipment" order="10" use="optional" />
    <loc xlink:type="locator" xlink:href="p-FINREP-2008-01-01.xsd#p-FINREP_TransfersOfficeEquipment" xlink:label="p-FINREP_TransfersOfficeEquipment" />
    <definitionArc xlink:type="arc" xlink:arcrole="http://xbrl.org/int/dim/arcrole/domain-member" xlink:from="p-FINREP_ChangesInPropertyPlantAndEquipmentOfficeEquipmentPresentation" xlink:to="p-FINREP_TransfersOfficeEquipment" order="11" use="optional" />
    <loc xlink:type="locator" xlink:href="p-FINREP-2008-01-01.xsd#p-FINREP_TransfersToFromNonCurrentAssetsAndDisposalGroupsHeldForSaleOfficeEquipment" xlink:label="p-FINREP_TransfersToFromNonCurrentAssetsAndDisposalGroupsHeldForSaleOfficeEquipment" />
    <definitionArc xlink:type="arc" xlink:arcrole="http://xbrl.org/int/dim/arcrole/domain-member" xlink:from="p-FINREP_TransfersOfficeEquipment" xlink:to="p-FINREP_TransfersToFromNonCurrentAssetsAndDisposalGroupsHeldForSaleOfficeEquipment" order="1" use="optional" />
    <loc xlink:type="locator" xlink:href="p-FINREP-2008-01-01.xsd#p-FINREP_OtherIncreaseDecreaseOfficeEquipment" xlink:label="p-FINREP_OtherIncreaseDecreaseOfficeEquipment" />
    <definitionArc xlink:type="arc" xlink:arcrole="http://xbrl.org/int/dim/arcrole/domain-member" xlink:from="p-FINREP_ChangesInPropertyPlantAndEquipmentOfficeEquipmentPresentation" xlink:to="p-FINREP_OtherIncreaseDecreaseOfficeEquipment" order="12" use="optional" />
    <loc xlink:type="locator" xlink:href="p-FINREP-2008-01-01.xsd#p-FINREP_OfficeEquipmentAccumulatedDepreciation" xlink:label="p-FINREP_OfficeEquipmentAccumulatedDepreciation" />
    <definitionArc xlink:type="arc" xlink:arcrole="http://xbrl.org/int/dim/arcrole/domain-member" xlink:from="p-FINREP_PropertyPlantAndEquipmentOfficeEquipmentPresentation" xlink:to="p-FINREP_OfficeEquipmentAccumulatedDepreciation" order="3" use="optional" />
    <loc xlink:type="locator" xlink:href="p-FINREP-2008-01-01.xsd#p-FINREP_OfficeEquipmentUnderFinanceLeasesNet" xlink:label="p-FINREP_OfficeEquipmentUnderFinanceLeasesNet" />
    <definitionArc xlink:type="arc" xlink:arcrole="http://xbrl.org/int/dim/arcrole/domain-member" xlink:from="p-FINREP_PropertyPlantAndEquipmentOfficeEquipmentPresentation" xlink:to="p-FINREP_OfficeEquipmentUnderFinanceLeasesNet" order="4" use="optional" />
    <loc xlink:type="locator" xlink:href="p-FINREP-2008-01-01.xsd#p-FINREP_OfficeEquipmentUnderOperatingLeasesNet" xlink:label="p-FINREP_OfficeEquipmentUnderOperatingLeasesNet" />
    <definitionArc xlink:type="arc" xlink:arcrole="http://xbrl.org/int/dim/arcrole/domain-member" xlink:from="p-FINREP_PropertyPlantAndEquipmentOfficeEquipmentPresentation" xlink:to="p-FINREP_OfficeEquipmentUnderOperatingLeasesNet" order="5" use="optional" />
    <loc xlink:type="locator" xlink:href="p-FINREP-2008-01-01.xsd#p-FINREP_PropertyPlantAndEquipmentOtherPropertyPlantAndEquipmentIncludingCarsPresentation" xlink:label="p-FINREP_PropertyPlantAndEquipmentOtherPropertyPlantAndEquipmentIncludingCarsPresentation" />
    <definitionArc xlink:type="arc" xlink:arcrole="http://xbrl.org/int/dim/arcrole/domain-member" xlink:from="p-FINREP_PropertyPlantAndEquipmentPresentation" xlink:to="p-FINREP_PropertyPlantAndEquipmentOtherPropertyPlantAndEquipmentIncludingCarsPresentation" order="4" use="optional" />
    <loc xlink:type="locator" xlink:href="p-FINREP-2008-01-01.xsd#p-FINREP_OtherPropertyPlantAndEquipmentNet" xlink:label="p-FINREP_OtherPropertyPlantAndEquipmentNet" />
    <definitionArc xlink:type="arc" xlink:arcrole="http://xbrl.org/int/dim/arcrole/domain-member" xlink:from="p-FINREP_PropertyPlantAndEquipmentOtherPropertyPlantAndEquipmentIncludingCarsPresentation" xlink:to="p-FINREP_OtherPropertyPlantAndEquipmentNet" order="1" use="optional" />
    <loc xlink:type="locator" xlink:href="p-FINREP-2008-01-01.xsd#p-FINREP_ChangesInPropertyPlantAndEquipmentOtherPropertyPlantAndEquipmentIncludingCarsPresentation" xlink:label="p-FINREP_ChangesInPropertyPlantAndEquipmentOtherPropertyPlantAndEquipmentIncludingCarsPresentation" />
    <definitionArc xlink:type="arc" xlink:arcrole="http://xbrl.org/int/dim/arcrole/domain-member" xlink:from="p-FINREP_PropertyPlantAndEquipmentOtherPropertyPlantAndEquipmentIncludingCarsPresentation" xlink:to="p-FINREP_ChangesInPropertyPlantAndEquipmentOtherPropertyPlantAndEquipmentIncludingCarsPresentation" order="2" use="optional" />
    <loc xlink:type="locator" xlink:href="p-FINREP-2008-01-01.xsd#p-FINREP_AdditionsOtherPropertyPlantAndEquipment" xlink:label="p-FINREP_AdditionsOtherPropertyPlantAndEquipment" />
    <definitionArc xlink:type="arc" xlink:arcrole="http://xbrl.org/int/dim/arcrole/domain-member" xlink:from="p-FINREP_ChangesInPropertyPlantAndEquipmentOtherPropertyPlantAndEquipmentIncludingCarsPresentation" xlink:to="p-FINREP_AdditionsOtherPropertyPlantAndEquipment" order="1" use="optional" />
    <loc xlink:type="locator" xlink:href="p-FINREP-2008-01-01.xsd#p-FINREP_AcquisitionsThroughBusinessCombinationsOtherPropertyPlantAndEquipment" xlink:label="p-FINREP_AcquisitionsThroughBusinessCombinationsOtherPropertyPlantAndEquipment" />
    <definitionArc xlink:type="arc" xlink:arcrole="http://xbrl.org/int/dim/arcrole/domain-member" xlink:from="p-FINREP_ChangesInPropertyPlantAndEquipmentOtherPropertyPlantAndEquipmentIncludingCarsPresentation" xlink:to="p-FINREP_AcquisitionsThroughBusinessCombinationsOtherPropertyPlantAndEquipment" order="2" use="optional" />
    <loc xlink:type="locator" xlink:href="p-FINREP-2008-01-01.xsd#p-FINREP_DisposalsOtherPropertyPlantAndEquipment" xlink:label="p-FINREP_DisposalsOtherPropertyPlantAndEquipment" />
    <definitionArc xlink:type="arc" xlink:arcrole="http://xbrl.org/int/dim/arcrole/domain-member" xlink:from="p-FINREP_ChangesInPropertyPlantAndEquipmentOtherPropertyPlantAndEquipmentIncludingCarsPresentation" xlink:to="p-FINREP_DisposalsOtherPropertyPlantAndEquipment" order="3" use="optional" />
    <loc xlink:type="locator" xlink:href="p-FINREP-2008-01-01.xsd#p-FINREP_DisposalsThroughBusinessDivestitureOtherPropertyPlantAndEquipment" xlink:label="p-FINREP_DisposalsThroughBusinessDivestitureOtherPropertyPlantAndEquipment" />
    <definitionArc xlink:type="arc" xlink:arcrole="http://xbrl.org/int/dim/arcrole/domain-member" xlink:from="p-FINREP_ChangesInPropertyPlantAndEquipmentOtherPropertyPlantAndEquipmentIncludingCarsPresentation" xlink:to="p-FINREP_DisposalsThroughBusinessDivestitureOtherPropertyPlantAndEquipment" order="4" use="optional" />
    <loc xlink:type="locator" xlink:href="p-FINREP-2008-01-01.xsd#p-FINREP_RevaluationIncreasesDecreasesOtherPropertyPlantAndEquipment" xlink:label="p-FINREP_RevaluationIncreasesDecreasesOtherPropertyPlantAndEquipment" />
    <definitionArc xlink:type="arc" xlink:arcrole="http://xbrl.org/int/dim/arcrole/domain-member" xlink:from="p-FINREP_ChangesInPropertyPlantAndEquipmentOtherPropertyPlantAndEquipmentIncludingCarsPresentation" xlink:to="p-FINREP_RevaluationIncreasesDecreasesOtherPropertyPlantAndEquipment" order="5" use="optional" />
    <loc xlink:type="locator" xlink:href="p-FINREP-2008-01-01.xsd#p-FINREP_ImpairmentLossRecognisedOrReversedInEquityOtherPropertyPlantAndEquipment" xlink:label="p-FINREP_ImpairmentLossRecognisedOrReversedInEquityOtherPropertyPlantAndEquipment" />
    <definitionArc xlink:type="arc" xlink:arcrole="http://xbrl.org/int/dim/arcrole/domain-member" xlink:from="p-FINREP_ChangesInPropertyPlantAndEquipmentOtherPropertyPlantAndEquipmentIncludingCarsPresentation" xlink:to="p-FINREP_ImpairmentLossRecognisedOrReversedInEquityOtherPropertyPlantAndEquipment" order="6" use="optional" />
    <loc xlink:type="locator" xlink:href="p-FINREP-2008-01-01.xsd#p-FINREP_DepreciationExpenseOtherPropertyPlantAndEquipment" xlink:label="p-FINREP_DepreciationExpenseOtherPropertyPlantAndEquipment" />
    <definitionArc xlink:type="arc" xlink:arcrole="http://xbrl.org/int/dim/arcrole/domain-member" xlink:from="p-FINREP_ChangesInPropertyPlantAndEquipmentOtherPropertyPlantAndEquipmentIncludingCarsPresentation" xlink:to="p-FINREP_DepreciationExpenseOtherPropertyPlantAndEquipment" order="7" use="optional" />
    <loc xlink:type="locator" xlink:href="p-FINREP-2008-01-01.xsd#p-FINREP_ImpairmentLossRecognisedInIncomeStatementOtherPropertyPlantAndEquipment" xlink:label="p-FINREP_ImpairmentLossRecognisedInIncomeStatementOtherPropertyPlantAndEquipment" />
    <definitionArc xlink:type="arc" xlink:arcrole="http://xbrl.org/int/dim/arcrole/domain-member" xlink:from="p-FINREP_ChangesInPropertyPlantAndEquipmentOtherPropertyPlantAndEquipmentIncludingCarsPresentation" xlink:to="p-FINREP_ImpairmentLossRecognisedInIncomeStatementOtherPropertyPlantAndEquipment" order="8" use="optional" />
    <loc xlink:type="locator" xlink:href="p-FINREP-2008-01-01.xsd#p-FINREP_ImpairmentReversalRecognisedInIncomeStatementOtherPropertyPlantAndEquipment" xlink:label="p-FINREP_ImpairmentReversalRecognisedInIncomeStatementOtherPropertyPlantAndEquipment" />
    <definitionArc xlink:type="arc" xlink:arcrole="http://xbrl.org/int/dim/arcrole/domain-member" xlink:from="p-FINREP_ChangesInPropertyPlantAndEquipmentOtherPropertyPlantAndEquipmentIncludingCarsPresentation" xlink:to="p-FINREP_ImpairmentReversalRecognisedInIncomeStatementOtherPropertyPlantAndEquipment" order="9" use="optional" />
    <loc xlink:type="locator" xlink:href="p-FINREP-2008-01-01.xsd#p-FINREP_ForeignCurrencyExchangeIncreaseDecreaseOtherPropertyPlantAndEquipment" xlink:label="p-FINREP_ForeignCurrencyExchangeIncreaseDecreaseOtherPropertyPlantAndEquipment" />
    <definitionArc xlink:type="arc" xlink:arcrole="http://xbrl.org/int/dim/arcrole/domain-member" xlink:from="p-FINREP_ChangesInPropertyPlantAndEquipmentOtherPropertyPlantAndEquipmentIncludingCarsPresentation" xlink:to="p-FINREP_ForeignCurrencyExchangeIncreaseDecreaseOtherPropertyPlantAndEquipment" order="10" use="optional" />
    <loc xlink:type="locator" xlink:href="p-FINREP-2008-01-01.xsd#p-FINREP_TransfersOtherPropertyPlantAndEquipment" xlink:label="p-FINREP_TransfersOtherPropertyPlantAndEquipment" />
    <definitionArc xlink:type="arc" xlink:arcrole="http://xbrl.org/int/dim/arcrole/domain-member" xlink:from="p-FINREP_ChangesInPropertyPlantAndEquipmentOtherPropertyPlantAndEquipmentIncludingCarsPresentation" xlink:to="p-FINREP_TransfersOtherPropertyPlantAndEquipment" order="11" use="optional" />
    <loc xlink:type="locator" xlink:href="p-FINREP-2008-01-01.xsd#p-FINREP_TransfersToFromNonCurrentAssetsAndDisposalGroupsHeldForSaleOtherPropertyPlantAndEquipment" xlink:label="p-FINREP_TransfersToFromNonCurrentAssetsAndDisposalGroupsHeldForSaleOtherPropertyPlantAndEquipment" />
    <definitionArc xlink:type="arc" xlink:arcrole="http://xbrl.org/int/dim/arcrole/domain-member" xlink:from="p-FINREP_TransfersOtherPropertyPlantAndEquipment" xlink:to="p-FINREP_TransfersToFromNonCurrentAssetsAndDisposalGroupsHeldForSaleOtherPropertyPlantAndEquipment" order="1" use="optional" />
    <loc xlink:type="locator" xlink:href="p-FINREP-2008-01-01.xsd#p-FINREP_TransfersToFromInvestmentPropertyOtherPropertyPlantAndEquipment" xlink:label="p-FINREP_TransfersToFromInvestmentPropertyOtherPropertyPlantAndEquipment" />
    <definitionArc xlink:type="arc" xlink:arcrole="http://xbrl.org/int/dim/arcrole/domain-member" xlink:from="p-FINREP_TransfersOtherPropertyPlantAndEquipment" xlink:to="p-FINREP_TransfersToFromInvestmentPropertyOtherPropertyPlantAndEquipment" order="2" use="optional" />
    <loc xlink:type="locator" xlink:href="p-FINREP-2008-01-01.xsd#p-FINREP_OtherIncreaseDecreaseOtherPropertyPlantAndEquipment" xlink:label="p-FINREP_OtherIncreaseDecreaseOtherPropertyPlantAndEquipment" />
    <definitionArc xlink:type="arc" xlink:arcrole="http://xbrl.org/int/dim/arcrole/domain-member" xlink:from="p-FINREP_ChangesInPropertyPlantAndEquipmentOtherPropertyPlantAndEquipmentIncludingCarsPresentation" xlink:to="p-FINREP_OtherIncreaseDecreaseOtherPropertyPlantAndEquipment" order="12" use="optional" />
    <loc xlink:type="locator" xlink:href="p-FINREP-2008-01-01.xsd#p-FINREP_OtherPropertyPlantAndEquipmentAccumulatedDepreciation" xlink:label="p-FINREP_OtherPropertyPlantAndEquipmentAccumulatedDepreciation" />
    <definitionArc xlink:type="arc" xlink:arcrole="http://xbrl.org/int/dim/arcrole/domain-member" xlink:from="p-FINREP_PropertyPlantAndEquipmentOtherPropertyPlantAndEquipmentIncludingCarsPresentation" xlink:to="p-FINREP_OtherPropertyPlantAndEquipmentAccumulatedDepreciation" order="3" use="optional" />
    <loc xlink:type="locator" xlink:href="p-FINREP-2008-01-01.xsd#p-FINREP_OtherPropertyPlantAndEquipmentUnderFinanceLeasesNet" xlink:label="p-FINREP_OtherPropertyPlantAndEquipmentUnderFinanceLeasesNet" />
    <definitionArc xlink:type="arc" xlink:arcrole="http://xbrl.org/int/dim/arcrole/domain-member" xlink:from="p-FINREP_PropertyPlantAndEquipmentOtherPropertyPlantAndEquipmentIncludingCarsPresentation" xlink:to="p-FINREP_OtherPropertyPlantAndEquipmentUnderFinanceLeasesNet" order="4" use="optional" />
    <loc xlink:type="locator" xlink:href="p-FINREP-2008-01-01.xsd#p-FINREP_OtherPropertyPlantAndEquipmentUnderOperatingLeasesNet" xlink:label="p-FINREP_OtherPropertyPlantAndEquipmentUnderOperatingLeasesNet" />
    <definitionArc xlink:type="arc" xlink:arcrole="http://xbrl.org/int/dim/arcrole/domain-member" xlink:from="p-FINREP_PropertyPlantAndEquipmentOtherPropertyPlantAndEquipmentIncludingCarsPresentation" xlink:to="p-FINREP_OtherPropertyPlantAndEquipmentUnderOperatingLeasesNet" order="5" use="optional" />
    <loc xlink:type="locator" xlink:href="p-FINREP-2008-01-01.xsd#p-FINREP_PropertyPlantAndEquipmentTotalPresentation" xlink:label="p-FINREP_PropertyPlantAndEquipmentTotalPresentation" />
    <definitionArc xlink:type="arc" xlink:arcrole="http://xbrl.org/int/dim/arcrole/domain-member" xlink:from="p-FINREP_PropertyPlantAndEquipmentPresentation" xlink:to="p-FINREP_PropertyPlantAndEquipmentTotalPresentation" order="5" use="optional" />
    <loc xlink:type="locator" xlink:href="http://xbrl.iasb.org/int/fr/ifrs/gp/2006-08-15/ifrs-gp-2006-08-15.xsd#ifrs-gp_PropertyPlantAndEquipmentNet" xlink:label="ifrs-gp_PropertyPlantAndEquipmentNet" />
    <definitionArc xlink:type="arc" xlink:arcrole="http://xbrl.org/int/dim/arcrole/domain-member" xlink:from="p-FINREP_PropertyPlantAndEquipmentTotalPresentation" xlink:to="ifrs-gp_PropertyPlantAndEquipmentNet" order="1" use="optional" />
    <loc xlink:type="locator" xlink:href="p-FINREP-2008-01-01.xsd#p-FINREP_ChangesInPropertyPlantAndEquipmentTotalPresentation" xlink:label="p-FINREP_ChangesInPropertyPlantAndEquipmentTotalPresentation" />
    <definitionArc xlink:type="arc" xlink:arcrole="http://xbrl.org/int/dim/arcrole/domain-member" xlink:from="p-FINREP_PropertyPlantAndEquipmentTotalPresentation" xlink:to="p-FINREP_ChangesInPropertyPlantAndEquipmentTotalPresentation" order="2" use="optional" />
    <loc xlink:type="locator" xlink:href="p-FINREP-2008-01-01.xsd#p-FINREP_AdditionsPropertyPlantAndEquipmentTotal" xlink:label="p-FINREP_AdditionsPropertyPlantAndEquipmentTotal" />
    <definitionArc xlink:type="arc" xlink:arcrole="http://xbrl.org/int/dim/arcrole/domain-member" xlink:from="p-FINREP_ChangesInPropertyPlantAndEquipmentTotalPresentation" xlink:to="p-FINREP_AdditionsPropertyPlantAndEquipmentTotal" order="1" use="optional" />
    <loc xlink:type="locator" xlink:href="p-FINREP-2008-01-01.xsd#p-FINREP_AcquisitionsThroughBusinessCombinationsPropertyPlantAndEquipmentTotal" xlink:label="p-FINREP_AcquisitionsThroughBusinessCombinationsPropertyPlantAndEquipmentTotal" />
    <definitionArc xlink:type="arc" xlink:arcrole="http://xbrl.org/int/dim/arcrole/domain-member" xlink:from="p-FINREP_ChangesInPropertyPlantAndEquipmentTotalPresentation" xlink:to="p-FINREP_AcquisitionsThroughBusinessCombinationsPropertyPlantAndEquipmentTotal" order="2" use="optional" />
    <loc xlink:type="locator" xlink:href="p-FINREP-2008-01-01.xsd#p-FINREP_DisposalsPropertyPlantAndEquipmentTotal" xlink:label="p-FINREP_DisposalsPropertyPlantAndEquipmentTotal" />
    <definitionArc xlink:type="arc" xlink:arcrole="http://xbrl.org/int/dim/arcrole/domain-member" xlink:from="p-FINREP_ChangesInPropertyPlantAndEquipmentTotalPresentation" xlink:to="p-FINREP_DisposalsPropertyPlantAndEquipmentTotal" order="3" use="optional" />
    <loc xlink:type="locator" xlink:href="p-FINREP-2008-01-01.xsd#p-FINREP_DisposalsThroughBusinessDivestiturePropertyPlantAndEquipmentTotal" xlink:label="p-FINREP_DisposalsThroughBusinessDivestiturePropertyPlantAndEquipmentTotal" />
    <definitionArc xlink:type="arc" xlink:arcrole="http://xbrl.org/int/dim/arcrole/domain-member" xlink:from="p-FINREP_ChangesInPropertyPlantAndEquipmentTotalPresentation" xlink:to="p-FINREP_DisposalsThroughBusinessDivestiturePropertyPlantAndEquipmentTotal" order="4" use="optional" />
    <loc xlink:type="locator" xlink:href="p-FINREP-2008-01-01.xsd#p-FINREP_RevaluationIncreasesDecreasesPropertyPlantAndEquipmentTotal" xlink:label="p-FINREP_RevaluationIncreasesDecreasesPropertyPlantAndEquipmentTotal" />
    <definitionArc xlink:type="arc" xlink:arcrole="http://xbrl.org/int/dim/arcrole/domain-member" xlink:from="p-FINREP_ChangesInPropertyPlantAndEquipmentTotalPresentation" xlink:to="p-FINREP_RevaluationIncreasesDecreasesPropertyPlantAndEquipmentTotal" order="5" use="optional" />
    <loc xlink:type="locator" xlink:href="p-FINREP-2008-01-01.xsd#p-FINREP_ImpairmentLossRecognisedOrReversedInEquityPropertyPlantAndEquipmentTotal" xlink:label="p-FINREP_ImpairmentLossRecognisedOrReversedInEquityPropertyPlantAndEquipmentTotal" />
    <definitionArc xlink:type="arc" xlink:arcrole="http://xbrl.org/int/dim/arcrole/domain-member" xlink:from="p-FINREP_ChangesInPropertyPlantAndEquipmentTotalPresentation" xlink:to="p-FINREP_ImpairmentLossRecognisedOrReversedInEquityPropertyPlantAndEquipmentTotal" order="6" use="optional" />
    <loc xlink:type="locator" xlink:href="p-FINREP-2008-01-01.xsd#p-FINREP_DepreciationExpensePropertyPlantAndEquipmentTotal" xlink:label="p-FINREP_DepreciationExpensePropertyPlantAndEquipmentTotal" />
    <definitionArc xlink:type="arc" xlink:arcrole="http://xbrl.org/int/dim/arcrole/domain-member" xlink:from="p-FINREP_ChangesInPropertyPlantAndEquipmentTotalPresentation" xlink:to="p-FINREP_DepreciationExpensePropertyPlantAndEquipmentTotal" order="7" use="optional" />
    <loc xlink:type="locator" xlink:href="p-FINREP-2008-01-01.xsd#p-FINREP_ImpairmentLossRecognisedInIncomeStatementPropertyPlantAndEquipmentTotal" xlink:label="p-FINREP_ImpairmentLossRecognisedInIncomeStatementPropertyPlantAndEquipmentTotal" />
    <definitionArc xlink:type="arc" xlink:arcrole="http://xbrl.org/int/dim/arcrole/domain-member" xlink:from="p-FINREP_ChangesInPropertyPlantAndEquipmentTotalPresentation" xlink:to="p-FINREP_ImpairmentLossRecognisedInIncomeStatementPropertyPlantAndEquipmentTotal" order="8" use="optional" />
    <loc xlink:type="locator" xlink:href="p-FINREP-2008-01-01.xsd#p-FINREP_ImpairmentReversalRecognisedInIncomeStatementPropertyPlantAndEquipmentTotal" xlink:label="p-FINREP_ImpairmentReversalRecognisedInIncomeStatementPropertyPlantAndEquipmentTotal" />
    <definitionArc xlink:type="arc" xlink:arcrole="http://xbrl.org/int/dim/arcrole/domain-member" xlink:from="p-FINREP_ChangesInPropertyPlantAndEquipmentTotalPresentation" xlink:to="p-FINREP_ImpairmentReversalRecognisedInIncomeStatementPropertyPlantAndEquipmentTotal" order="9" use="optional" />
    <loc xlink:type="locator" xlink:href="p-FINREP-2008-01-01.xsd#p-FINREP_ForeignCurrencyExchangeIncreaseDecreasePropertyPlantAndEquipmentTotal" xlink:label="p-FINREP_ForeignCurrencyExchangeIncreaseDecreasePropertyPlantAndEquipmentTotal" />
    <definitionArc xlink:type="arc" xlink:arcrole="http://xbrl.org/int/dim/arcrole/domain-member" xlink:from="p-FINREP_ChangesInPropertyPlantAndEquipmentTotalPresentation" xlink:to="p-FINREP_ForeignCurrencyExchangeIncreaseDecreasePropertyPlantAndEquipmentTotal" order="10" use="optional" />
    <loc xlink:type="locator" xlink:href="p-FINREP-2008-01-01.xsd#p-FINREP_TransfersPropertyPlantAndEquipmentTotal" xlink:label="p-FINREP_TransfersPropertyPlantAndEquipmentTotal" />
    <definitionArc xlink:type="arc" xlink:arcrole="http://xbrl.org/int/dim/arcrole/domain-member" xlink:from="p-FINREP_ChangesInPropertyPlantAndEquipmentTotalPresentation" xlink:to="p-FINREP_TransfersPropertyPlantAndEquipmentTotal" order="11" use="optional" />
    <loc xlink:type="locator" xlink:href="p-FINREP-2008-01-01.xsd#p-FINREP_TransfersToFromNonCurrentAssetsAndDisposalGroupsHeldForSalePropertyPlantAndEquipmentTotal" xlink:label="p-FINREP_TransfersToFromNonCurrentAssetsAndDisposalGroupsHeldForSalePropertyPlantAndEquipmentTotal" />
    <definitionArc xlink:type="arc" xlink:arcrole="http://xbrl.org/int/dim/arcrole/domain-member" xlink:from="p-FINREP_TransfersPropertyPlantAndEquipmentTotal" xlink:to="p-FINREP_TransfersToFromNonCurrentAssetsAndDisposalGroupsHeldForSalePropertyPlantAndEquipmentTotal" order="1" use="optional" />
    <loc xlink:type="locator" xlink:href="p-FINREP-2008-01-01.xsd#p-FINREP_TransfersToFromInvestmentPropertyPropertyPlantAndEquipmentTotal" xlink:label="p-FINREP_TransfersToFromInvestmentPropertyPropertyPlantAndEquipmentTotal" />
    <definitionArc xlink:type="arc" xlink:arcrole="http://xbrl.org/int/dim/arcrole/domain-member" xlink:from="p-FINREP_TransfersPropertyPlantAndEquipmentTotal" xlink:to="p-FINREP_TransfersToFromInvestmentPropertyPropertyPlantAndEquipmentTotal" order="2" use="optional" />
    <loc xlink:type="locator" xlink:href="p-FINREP-2008-01-01.xsd#p-FINREP_OtherIncreaseDecreasePropertyPlantAndEquipmentTotal" xlink:label="p-FINREP_OtherIncreaseDecreasePropertyPlantAndEquipmentTotal" />
    <definitionArc xlink:type="arc" xlink:arcrole="http://xbrl.org/int/dim/arcrole/domain-member" xlink:from="p-FINREP_ChangesInPropertyPlantAndEquipmentTotalPresentation" xlink:to="p-FINREP_OtherIncreaseDecreasePropertyPlantAndEquipmentTotal" order="12" use="optional" />
    <loc xlink:type="locator" xlink:href="p-FINREP-2008-01-01.xsd#p-FINREP_PropertyPlantAndEquipmentAccumulatedDepreciationTotal" xlink:label="p-FINREP_PropertyPlantAndEquipmentAccumulatedDepreciationTotal" />
    <definitionArc xlink:type="arc" xlink:arcrole="http://xbrl.org/int/dim/arcrole/domain-member" xlink:from="p-FINREP_PropertyPlantAndEquipmentTotalPresentation" xlink:to="p-FINREP_PropertyPlantAndEquipmentAccumulatedDepreciationTotal" order="3" use="optional" />
    <loc xlink:type="locator" xlink:href="http://xbrl.iasb.org/int/fr/ifrs/gp/2006-08-15/ifrs-gp-2006-08-15.xsd#ifrs-gp_PropertyPlantAndEquipmentUnderFinanceLeasesNetTotal" xlink:label="ifrs-gp_PropertyPlantAndEquipmentUnderFinanceLeasesNetTotal" />
    <definitionArc xlink:type="arc" xlink:arcrole="http://xbrl.org/int/dim/arcrole/domain-member" xlink:from="p-FINREP_PropertyPlantAndEquipmentTotalPresentation" xlink:to="ifrs-gp_PropertyPlantAndEquipmentUnderFinanceLeasesNetTotal" order="4" use="optional" />
    <loc xlink:type="locator" xlink:href="p-FINREP-2008-01-01.xsd#p-FINREP_PropertyPlantAndEquipmentUnderOperatingLeasesNet" xlink:label="p-FINREP_PropertyPlantAndEquipmentUnderOperatingLeasesNet" />
    <definitionArc xlink:type="arc" xlink:arcrole="http://xbrl.org/int/dim/arcrole/domain-member" xlink:from="p-FINREP_PropertyPlantAndEquipmentTotalPresentation" xlink:to="p-FINREP_PropertyPlantAndEquipmentUnderOperatingLeasesNet" order="5" use="optional" />
  </definitionLink>
</linkbase>