<?xml version="1.0" encoding="utf-8"?>
<?taxonomy-version 1.3.2?>
<!--Copyright (C) 2011 EBA - European Banking Authority, Tower 42, 25 Old Broad Street, London, EC2N 1HQ, United Kingdom.-->   
<linkbase
	xmlns="http://www.xbrl.org/2003/linkbase"
	xmlns:xsi="http://www.w3.org/2001/XMLSchema-instance"
	xmlns:xlink="http://www.w3.org/1999/xlink"
	xsi:schemaLocation=" http://www.xbrl.org/2003/linkbase http://www.xbrl.org/2003/xbrl-linkbase-2003-12-31.xsd">
  <roleRef xlink:type="simple" xlink:href="p-FINREP-2008-01-01-T14-FinancialLiabilitiesHFT.xsd#FinancialLiabilitiesHFT" roleURI="http://www.c-ebs.org/eu/fr/esrs/finrep/2008-01-01/role/FinancialLiabilitiesHFT" />
  <presentationLink xlink:type="extended" xlink:role="http://www.c-ebs.org/eu/fr/esrs/finrep/2008-01-01/role/FinancialLiabilitiesHFT">
    <loc xlink:type="locator" xlink:href="p-FINREP-2008-01-01.xsd#p-FINREP_FinancialLiabilitiesHeldForTradingPresentation" xlink:label="p-FINREP_FinancialLiabilitiesHeldForTradingPresentation" />
    <loc xlink:type="locator" xlink:href="p-FINREP-2008-01-01.xsd#p-FINREP_FinancialLiabilitiesHeldForTradingDepositsWithOtherBanks" xlink:label="p-FINREP_FinancialLiabilitiesHeldForTradingDepositsWithOtherBanks" />
    <presentationArc xlink:type="arc" xlink:arcrole="http://www.xbrl.org/2003/arcrole/parent-child" xlink:from="p-FINREP_FinancialLiabilitiesHeldForTradingPresentation" xlink:to="p-FINREP_FinancialLiabilitiesHeldForTradingDepositsWithOtherBanks" order="1" use="optional" />
    <loc xlink:type="locator" xlink:href="p-FINREP-2008-01-01.xsd#p-FINREP_FinancialLiabilitiesHeldForTradingDepositsWithOtherBanksCurrentAccountsOvernightDeposits" xlink:label="p-FINREP_FinancialLiabilitiesHeldForTradingDepositsWithOtherBanksCurrentAccountsOvernightDeposits" />
    <presentationArc xlink:type="arc" xlink:arcrole="http://www.xbrl.org/2003/arcrole/parent-child" xlink:from="p-FINREP_FinancialLiabilitiesHeldForTradingDepositsWithOtherBanks" xlink:to="p-FINREP_FinancialLiabilitiesHeldForTradingDepositsWithOtherBanksCurrentAccountsOvernightDeposits" order="1" use="optional" />
    <loc xlink:type="locator" xlink:href="p-FINREP-2008-01-01.xsd#p-FINREP_FinancialLiabilitiesHeldForTradingDepositsWithOtherBanksDepositsWithAgreedMaturity" xlink:label="p-FINREP_FinancialLiabilitiesHeldForTradingDepositsWithOtherBanksDepositsWithAgreedMaturity" />
    <presentationArc xlink:type="arc" xlink:arcrole="http://www.xbrl.org/2003/arcrole/parent-child" xlink:from="p-FINREP_FinancialLiabilitiesHeldForTradingDepositsWithOtherBanks" xlink:to="p-FINREP_FinancialLiabilitiesHeldForTradingDepositsWithOtherBanksDepositsWithAgreedMaturity" order="2" use="optional" />
    <loc xlink:type="locator" xlink:href="p-FINREP-2008-01-01.xsd#p-FINREP_FinancialLiabilitiesHeldForTradingDepositsWithOtherBanksDepositsRedeemableNotice" xlink:label="p-FINREP_FinancialLiabilitiesHeldForTradingDepositsWithOtherBanksDepositsRedeemableNotice" />
    <presentationArc xlink:type="arc" xlink:arcrole="http://www.xbrl.org/2003/arcrole/parent-child" xlink:from="p-FINREP_FinancialLiabilitiesHeldForTradingDepositsWithOtherBanks" xlink:to="p-FINREP_FinancialLiabilitiesHeldForTradingDepositsWithOtherBanksDepositsRedeemableNotice" order="3" use="optional" />
    <loc xlink:type="locator" xlink:href="p-FINREP-2008-01-01.xsd#p-FINREP_FinancialLiabilitiesHeldForTradingDepositsWithOtherBanksOtherDeposits" xlink:label="p-FINREP_FinancialLiabilitiesHeldForTradingDepositsWithOtherBanksOtherDeposits" />
    <presentationArc xlink:type="arc" xlink:arcrole="http://www.xbrl.org/2003/arcrole/parent-child" xlink:from="p-FINREP_FinancialLiabilitiesHeldForTradingDepositsWithOtherBanks" xlink:to="p-FINREP_FinancialLiabilitiesHeldForTradingDepositsWithOtherBanksOtherDeposits" order="4" use="optional" />
    <loc xlink:type="locator" xlink:href="http://xbrl.iasb.org/int/fr/ifrs/gp/2006-08-15/ifrs-gp-2006-08-15.xsd#ifrs-gp_FinancialLiabilitiesHeldForTradingTradingDerivatives" xlink:label="ifrs-gp_FinancialLiabilitiesHeldForTradingTradingDerivatives" />
    <presentationArc xlink:type="arc" xlink:arcrole="http://www.xbrl.org/2003/arcrole/parent-child" xlink:from="p-FINREP_FinancialLiabilitiesHeldForTradingPresentation" xlink:to="ifrs-gp_FinancialLiabilitiesHeldForTradingTradingDerivatives" order="2" use="optional" />
    <loc xlink:type="locator" xlink:href="p-FINREP-2008-01-01.xsd#p-FINREP_FinancialLiabilitiesHeldForTradingShortPositions" xlink:label="p-FINREP_FinancialLiabilitiesHeldForTradingShortPositions" />
    <presentationArc xlink:type="arc" xlink:arcrole="http://www.xbrl.org/2003/arcrole/parent-child" xlink:from="p-FINREP_FinancialLiabilitiesHeldForTradingPresentation" xlink:to="p-FINREP_FinancialLiabilitiesHeldForTradingShortPositions" order="3" use="optional" />
    <loc xlink:type="locator" xlink:href="http://xbrl.iasb.org/int/fr/ifrs/gp/2006-08-15/ifrs-gp-2006-08-15.xsd#ifrs-gp_FinancialLiabilitiesHeldForTradingShortPositionInEquity" xlink:label="ifrs-gp_FinancialLiabilitiesHeldForTradingShortPositionInEquity" />
    <presentationArc xlink:type="arc" xlink:arcrole="http://www.xbrl.org/2003/arcrole/parent-child" xlink:from="p-FINREP_FinancialLiabilitiesHeldForTradingShortPositions" xlink:to="ifrs-gp_FinancialLiabilitiesHeldForTradingShortPositionInEquity" order="1" use="optional" />
    <loc xlink:type="locator" xlink:href="http://xbrl.iasb.org/int/fr/ifrs/gp/2006-08-15/ifrs-gp-2006-08-15.xsd#ifrs-gp_FinancialLiabilitiesHeldForTradingShortPositionInDebtInstruments" xlink:label="ifrs-gp_FinancialLiabilitiesHeldForTradingShortPositionInDebtInstruments" />
    <presentationArc xlink:type="arc" xlink:arcrole="http://www.xbrl.org/2003/arcrole/parent-child" xlink:from="p-FINREP_FinancialLiabilitiesHeldForTradingShortPositions" xlink:to="ifrs-gp_FinancialLiabilitiesHeldForTradingShortPositionInDebtInstruments" order="2" use="optional" />
    <loc xlink:type="locator" xlink:href="p-FINREP-2008-01-01.xsd#p-FINREP_FinancialLiabilitiesHeldForTradingAmountsOwedToOtherDepositors" xlink:label="p-FINREP_FinancialLiabilitiesHeldForTradingAmountsOwedToOtherDepositors" />
    <presentationArc xlink:type="arc" xlink:arcrole="http://www.xbrl.org/2003/arcrole/parent-child" xlink:from="p-FINREP_FinancialLiabilitiesHeldForTradingPresentation" xlink:to="p-FINREP_FinancialLiabilitiesHeldForTradingAmountsOwedToOtherDepositors" order="4" use="optional" />
    <loc xlink:type="locator" xlink:href="p-FINREP-2008-01-01.xsd#p-FINREP_FinancialLiabilitiesHeldForTradingAmountsOwedToOtherDepositorsCurrentAccountsOvernightDeposits" xlink:label="p-FINREP_FinancialLiabilitiesHeldForTradingAmountsOwedToOtherDepositorsCurrentAccountsOvernightDeposits" />
    <presentationArc xlink:type="arc" xlink:arcrole="http://www.xbrl.org/2003/arcrole/parent-child" xlink:from="p-FINREP_FinancialLiabilitiesHeldForTradingAmountsOwedToOtherDepositors" xlink:to="p-FINREP_FinancialLiabilitiesHeldForTradingAmountsOwedToOtherDepositorsCurrentAccountsOvernightDeposits" order="1" use="optional" />
    <loc xlink:type="locator" xlink:href="p-FINREP-2008-01-01.xsd#p-FINREP_FinancialLiabilitiesHeldForTradingAmountsOwedToOtherDepositorsDepositsWithAgreedMaturity" xlink:label="p-FINREP_FinancialLiabilitiesHeldForTradingAmountsOwedToOtherDepositorsDepositsWithAgreedMaturity" />
    <presentationArc xlink:type="arc" xlink:arcrole="http://www.xbrl.org/2003/arcrole/parent-child" xlink:from="p-FINREP_FinancialLiabilitiesHeldForTradingAmountsOwedToOtherDepositors" xlink:to="p-FINREP_FinancialLiabilitiesHeldForTradingAmountsOwedToOtherDepositorsDepositsWithAgreedMaturity" order="2" use="optional" />
    <loc xlink:type="locator" xlink:href="p-FINREP-2008-01-01.xsd#p-FINREP_FinancialLiabilitiesHeldForTradingAmountsOwedToOtherDepositorsDepositsRedeemableAtNotice" xlink:label="p-FINREP_FinancialLiabilitiesHeldForTradingAmountsOwedToOtherDepositorsDepositsRedeemableAtNotice" />
    <presentationArc xlink:type="arc" xlink:arcrole="http://www.xbrl.org/2003/arcrole/parent-child" xlink:from="p-FINREP_FinancialLiabilitiesHeldForTradingAmountsOwedToOtherDepositors" xlink:to="p-FINREP_FinancialLiabilitiesHeldForTradingAmountsOwedToOtherDepositorsDepositsRedeemableAtNotice" order="3" use="optional" />
    <loc xlink:type="locator" xlink:href="p-FINREP-2008-01-01.xsd#p-FINREP_FinancialLiabilitiesHeldForTradingAmountsOwedToOtherDepositorsOtherDeposits" xlink:label="p-FINREP_FinancialLiabilitiesHeldForTradingAmountsOwedToOtherDepositorsOtherDeposits" />
    <presentationArc xlink:type="arc" xlink:arcrole="http://www.xbrl.org/2003/arcrole/parent-child" xlink:from="p-FINREP_FinancialLiabilitiesHeldForTradingAmountsOwedToOtherDepositors" xlink:to="p-FINREP_FinancialLiabilitiesHeldForTradingAmountsOwedToOtherDepositorsOtherDeposits" order="4" use="optional" />
    <loc xlink:type="locator" xlink:href="http://xbrl.iasb.org/int/fr/ifrs/gp/2006-08-15/ifrs-gp-2006-08-15.xsd#ifrs-gp_FinancialLiabilitiesHeldForTradingDebtInstrumentsThatAreNotShortPositions" xlink:label="ifrs-gp_FinancialLiabilitiesHeldForTradingDebtInstrumentsThatAreNotShortPositions" />
    <presentationArc xlink:type="arc" xlink:arcrole="http://www.xbrl.org/2003/arcrole/parent-child" xlink:from="p-FINREP_FinancialLiabilitiesHeldForTradingPresentation" xlink:to="ifrs-gp_FinancialLiabilitiesHeldForTradingDebtInstrumentsThatAreNotShortPositions" order="5" use="optional" />
    <loc xlink:type="locator" xlink:href="p-FINREP-2008-01-01.xsd#p-FINREP_FinancialLiabilitiesHeldForTradingDebtInstrumentsCertificatesOfDeposits" xlink:label="p-FINREP_FinancialLiabilitiesHeldForTradingDebtInstrumentsCertificatesOfDeposits" />
    <presentationArc xlink:type="arc" xlink:arcrole="http://www.xbrl.org/2003/arcrole/parent-child" xlink:from="ifrs-gp_FinancialLiabilitiesHeldForTradingDebtInstrumentsThatAreNotShortPositions" xlink:to="p-FINREP_FinancialLiabilitiesHeldForTradingDebtInstrumentsCertificatesOfDeposits" order="1" use="optional" />
    <loc xlink:type="locator" xlink:href="p-FINREP-2008-01-01.xsd#p-FINREP_FinancialLiabilitiesHeldForTradingDebtInstrumentsCustomerSavingCertificates" xlink:label="p-FINREP_FinancialLiabilitiesHeldForTradingDebtInstrumentsCustomerSavingCertificates" />
    <presentationArc xlink:type="arc" xlink:arcrole="http://www.xbrl.org/2003/arcrole/parent-child" xlink:from="ifrs-gp_FinancialLiabilitiesHeldForTradingDebtInstrumentsThatAreNotShortPositions" xlink:to="p-FINREP_FinancialLiabilitiesHeldForTradingDebtInstrumentsCustomerSavingCertificates" order="2" use="optional" />
    <loc xlink:type="locator" xlink:href="p-FINREP-2008-01-01.xsd#p-FINREP_FinancialLiabilitiesHeldForTradingDebtInstrumentsBonds" xlink:label="p-FINREP_FinancialLiabilitiesHeldForTradingDebtInstrumentsBonds" />
    <presentationArc xlink:type="arc" xlink:arcrole="http://www.xbrl.org/2003/arcrole/parent-child" xlink:from="ifrs-gp_FinancialLiabilitiesHeldForTradingDebtInstrumentsThatAreNotShortPositions" xlink:to="p-FINREP_FinancialLiabilitiesHeldForTradingDebtInstrumentsBonds" order="3" use="optional" />
    <loc xlink:type="locator" xlink:href="p-FINREP-2008-01-01.xsd#p-FINREP_FinancialLiabilitiesHeldForTradingDebtInstrumentsConvertibleBonds" xlink:label="p-FINREP_FinancialLiabilitiesHeldForTradingDebtInstrumentsConvertibleBonds" />
    <presentationArc xlink:type="arc" xlink:arcrole="http://www.xbrl.org/2003/arcrole/parent-child" xlink:from="p-FINREP_FinancialLiabilitiesHeldForTradingDebtInstrumentsBonds" xlink:to="p-FINREP_FinancialLiabilitiesHeldForTradingDebtInstrumentsConvertibleBonds" order="1" use="optional" />
    <loc xlink:type="locator" xlink:href="p-FINREP-2008-01-01.xsd#p-FINREP_FinancialLiabilitiesHeldForTradingDebtInstrumentsNonConvertibleBonds" xlink:label="p-FINREP_FinancialLiabilitiesHeldForTradingDebtInstrumentsNonConvertibleBonds" />
    <presentationArc xlink:type="arc" xlink:arcrole="http://www.xbrl.org/2003/arcrole/parent-child" xlink:from="p-FINREP_FinancialLiabilitiesHeldForTradingDebtInstrumentsBonds" xlink:to="p-FINREP_FinancialLiabilitiesHeldForTradingDebtInstrumentsNonConvertibleBonds" order="2" use="optional" />
    <loc xlink:type="locator" xlink:href="p-FINREP-2008-01-01.xsd#p-FINREP_FinancialLiabilitiesHeldForTradingDebtInstrumentsOther" xlink:label="p-FINREP_FinancialLiabilitiesHeldForTradingDebtInstrumentsOther" />
    <presentationArc xlink:type="arc" xlink:arcrole="http://www.xbrl.org/2003/arcrole/parent-child" xlink:from="ifrs-gp_FinancialLiabilitiesHeldForTradingDebtInstrumentsThatAreNotShortPositions" xlink:to="p-FINREP_FinancialLiabilitiesHeldForTradingDebtInstrumentsOther" order="4" use="optional" />
    <loc xlink:type="locator" xlink:href="p-FINREP-2008-01-01.xsd#p-FINREP_FinancialLiabilitiesHeldForTradingOtherLiabilities" xlink:label="p-FINREP_FinancialLiabilitiesHeldForTradingOtherLiabilities" />
    <presentationArc xlink:type="arc" xlink:arcrole="http://www.xbrl.org/2003/arcrole/parent-child" xlink:from="p-FINREP_FinancialLiabilitiesHeldForTradingPresentation" xlink:to="p-FINREP_FinancialLiabilitiesHeldForTradingOtherLiabilities" order="6" use="optional" />
    <loc xlink:type="locator" xlink:href="http://xbrl.iasb.org/int/fr/ifrs/gp/2006-08-15/ifrs-gp-2006-08-15.xsd#ifrs-gp_FinancialLiabilitiesHeldForTradingTotal" xlink:label="ifrs-gp_FinancialLiabilitiesHeldForTradingTotal" />
    <presentationArc xlink:type="arc" xlink:arcrole="http://www.xbrl.org/2003/arcrole/parent-child" xlink:from="p-FINREP_FinancialLiabilitiesHeldForTradingPresentation" xlink:to="ifrs-gp_FinancialLiabilitiesHeldForTradingTotal" order="7" use="optional" />
  </presentationLink>
</linkbase>