<?xml version="1.0" encoding="utf-8"?>
<?taxonomy-version 1.3.2?>
<!--Copyright (C) 2011 EBA - European Banking Authority, Tower 42, 25 Old Broad Street, London, EC2N 1HQ, United Kingdom.-->   
<linkbase
	xmlns="http://www.xbrl.org/2003/linkbase"
	xmlns:xsi="http://www.w3.org/2001/XMLSchema-instance"
	xmlns:xlink="http://www.w3.org/1999/xlink"
	xsi:schemaLocation=" http://www.xbrl.org/2003/linkbase http://www.xbrl.org/2003/xbrl-linkbase-2003-12-31.xsd">
  <roleRef xlink:type="simple" xlink:href="p-FINREP-2008-01-01-T31-InformationOnFairValueOfFinancialInstruments.xsd#InformationOnFairValueOfFinancialInstruments" roleURI="http://www.c-ebs.org/eu/fr/esrs/finrep/2008-01-01/role/InformationOnFairValueOfFinancialInstruments" />
  <arcroleRef arcroleURI="http://xbrl.org/int/dim/arcrole/domain-member" xlink:type="simple" xlink:href="http://www.xbrl.org/2005/xbrldt-2005.xsd#domain-member"/>
  <definitionLink xlink:type="extended" xlink:role="http://www.c-ebs.org/eu/fr/esrs/finrep/2008-01-01/role/InformationOnFairValueOfFinancialInstruments">
    <loc xlink:type="locator" xlink:href="p-FINREP-2008-01-01.xsd#p-FINREP_InformationOnFairValueOfFinancialInstrumentsPresentation" xlink:label="p-FINREP_InformationOnFairValueOfFinancialInstrumentsPresentation" />
    <loc xlink:type="locator" xlink:href="p-FINREP-2008-01-01.xsd#p-FINREP_CarryingAmountPresentation" xlink:label="p-FINREP_CarryingAmountPresentation" />
    <definitionArc xlink:type="arc" xlink:arcrole="http://xbrl.org/int/dim/arcrole/domain-member" xlink:from="p-FINREP_InformationOnFairValueOfFinancialInstrumentsPresentation" xlink:to="p-FINREP_CarryingAmountPresentation" order="1" use="optional" />
    <loc xlink:type="locator" xlink:href="http://xbrl.iasb.org/int/fr/ifrs/gp/2006-08-15/ifrs-gp-2006-08-15.xsd#ifrs-gp_LoansAndReceivablesTotal" xlink:label="ifrs-gp_LoansAndReceivablesTotal" />
    <definitionArc xlink:type="arc" xlink:arcrole="http://xbrl.org/int/dim/arcrole/domain-member" xlink:from="p-FINREP_CarryingAmountPresentation" xlink:to="ifrs-gp_LoansAndReceivablesTotal" order="1" use="optional" />
    <loc xlink:type="locator" xlink:href="http://xbrl.iasb.org/int/fr/ifrs/gp/2006-08-15/ifrs-gp-2006-08-15.xsd#ifrs-gp_HeldToMaturityInvestmentsTotal" xlink:label="ifrs-gp_HeldToMaturityInvestmentsTotal" />
    <definitionArc xlink:type="arc" xlink:arcrole="http://xbrl.org/int/dim/arcrole/domain-member" xlink:from="p-FINREP_CarryingAmountPresentation" xlink:to="ifrs-gp_HeldToMaturityInvestmentsTotal" order="2" use="optional" />
    <loc xlink:type="locator" xlink:href="p-FINREP-2008-01-01.xsd#p-FINREP_InformationOnFairValueOfFinancialInstrumentsOtherFinancialAssetsCarryingAmount" xlink:label="p-FINREP_InformationOnFairValueOfFinancialInstrumentsOtherFinancialAssetsCarryingAmount" />
    <definitionArc xlink:type="arc" xlink:arcrole="http://xbrl.org/int/dim/arcrole/domain-member" xlink:from="p-FINREP_CarryingAmountPresentation" xlink:to="p-FINREP_InformationOnFairValueOfFinancialInstrumentsOtherFinancialAssetsCarryingAmount" order="3" use="optional" />
    <loc xlink:type="locator" xlink:href="http://xbrl.iasb.org/int/fr/ifrs/gp/2006-08-15/ifrs-gp-2006-08-15.xsd#ifrs-gp_FinancialLiabilitiesMeasuredAtAmortisedCostTotal" xlink:label="ifrs-gp_FinancialLiabilitiesMeasuredAtAmortisedCostTotal" />
    <definitionArc xlink:type="arc" xlink:arcrole="http://xbrl.org/int/dim/arcrole/domain-member" xlink:from="p-FINREP_CarryingAmountPresentation" xlink:to="ifrs-gp_FinancialLiabilitiesMeasuredAtAmortisedCostTotal" order="4" use="optional" />
    <loc xlink:type="locator" xlink:href="p-FINREP-2008-01-01.xsd#p-FINREP_InformationOnFairValueOfFinancialInstrumentsOtherFinancialLiabilitiesCarryingAmount" xlink:label="p-FINREP_InformationOnFairValueOfFinancialInstrumentsOtherFinancialLiabilitiesCarryingAmount" />
    <definitionArc xlink:type="arc" xlink:arcrole="http://xbrl.org/int/dim/arcrole/domain-member" xlink:from="p-FINREP_CarryingAmountPresentation" xlink:to="p-FINREP_InformationOnFairValueOfFinancialInstrumentsOtherFinancialLiabilitiesCarryingAmount" order="5" use="optional" />
    <loc xlink:type="locator" xlink:href="p-FINREP-2008-01-01.xsd#p-FINREP_RecognisedOrDisclosedFairValuesPresentation" xlink:label="p-FINREP_RecognisedOrDisclosedFairValuesPresentation" />
    <definitionArc xlink:type="arc" xlink:arcrole="http://xbrl.org/int/dim/arcrole/domain-member" xlink:from="p-FINREP_InformationOnFairValueOfFinancialInstrumentsPresentation" xlink:to="p-FINREP_RecognisedOrDisclosedFairValuesPresentation" order="2" use="optional" />
    <loc xlink:type="locator" xlink:href="http://xbrl.iasb.org/int/fr/ifrs/gp/2006-08-15/ifrs-gp-2006-08-15.xsd#ifrs-gp_FinancialAssetsHeldForTradingTotal" xlink:label="ifrs-gp_FinancialAssetsHeldForTradingTotal" />
    <definitionArc xlink:type="arc" xlink:arcrole="http://xbrl.org/int/dim/arcrole/domain-member" xlink:from="p-FINREP_RecognisedOrDisclosedFairValuesPresentation" xlink:to="ifrs-gp_FinancialAssetsHeldForTradingTotal" order="1" use="optional" />
    <loc xlink:type="locator" xlink:href="http://xbrl.iasb.org/int/fr/ifrs/gp/2006-08-15/ifrs-gp-2006-08-15.xsd#ifrs-gp_FinancialAssetsDesignatedAsFairValueThroughProfitOrLossTotal" xlink:label="ifrs-gp_FinancialAssetsDesignatedAsFairValueThroughProfitOrLossTotal" />
    <definitionArc xlink:type="arc" xlink:arcrole="http://xbrl.org/int/dim/arcrole/domain-member" xlink:from="p-FINREP_RecognisedOrDisclosedFairValuesPresentation" xlink:to="ifrs-gp_FinancialAssetsDesignatedAsFairValueThroughProfitOrLossTotal" order="2" use="optional" />
    <loc xlink:type="locator" xlink:href="http://xbrl.iasb.org/int/fr/ifrs/gp/2006-08-15/ifrs-gp-2006-08-15.xsd#ifrs-gp_AvailableForSaleFinancialAssetsTotal" xlink:label="ifrs-gp_AvailableForSaleFinancialAssetsTotal" />
    <definitionArc xlink:type="arc" xlink:arcrole="http://xbrl.org/int/dim/arcrole/domain-member" xlink:from="p-FINREP_RecognisedOrDisclosedFairValuesPresentation" xlink:to="ifrs-gp_AvailableForSaleFinancialAssetsTotal" order="3" use="optional" />
    <loc xlink:type="locator" xlink:href="p-FINREP-2008-01-01.xsd#p-FINREP_InformationOnFairValueOfFinancialInstrumentsLoansAndReceivablesRecognisedOrDisclosedFairValues" xlink:label="p-FINREP_InformationOnFairValueOfFinancialInstrumentsLoansAndReceivablesRecognisedOrDisclosedFairValues" />
    <definitionArc xlink:type="arc" xlink:arcrole="http://xbrl.org/int/dim/arcrole/domain-member" xlink:from="p-FINREP_RecognisedOrDisclosedFairValuesPresentation" xlink:to="p-FINREP_InformationOnFairValueOfFinancialInstrumentsLoansAndReceivablesRecognisedOrDisclosedFairValues" order="4" use="optional" />
    <loc xlink:type="locator" xlink:href="p-FINREP-2008-01-01.xsd#p-FINREP_InformationOnFairValueOfFinancialInstrumentsHeldToMaturityInvestmentsRecognisedOrDisclosedFairValues" xlink:label="p-FINREP_InformationOnFairValueOfFinancialInstrumentsHeldToMaturityInvestmentsRecognisedOrDisclosedFairValues" />
    <definitionArc xlink:type="arc" xlink:arcrole="http://xbrl.org/int/dim/arcrole/domain-member" xlink:from="p-FINREP_RecognisedOrDisclosedFairValuesPresentation" xlink:to="p-FINREP_InformationOnFairValueOfFinancialInstrumentsHeldToMaturityInvestmentsRecognisedOrDisclosedFairValues" order="5" use="optional" />
    <loc xlink:type="locator" xlink:href="p-FINREP-2008-01-01.xsd#p-FINREP_InformationOnFairValueOfFinancialInstrumentsOtherFinancialAssetsRecognisedOrDisclosedFairValues" xlink:label="p-FINREP_InformationOnFairValueOfFinancialInstrumentsOtherFinancialAssetsRecognisedOrDisclosedFairValues" />
    <definitionArc xlink:type="arc" xlink:arcrole="http://xbrl.org/int/dim/arcrole/domain-member" xlink:from="p-FINREP_RecognisedOrDisclosedFairValuesPresentation" xlink:to="p-FINREP_InformationOnFairValueOfFinancialInstrumentsOtherFinancialAssetsRecognisedOrDisclosedFairValues" order="6" use="optional" />
    <loc xlink:type="locator" xlink:href="http://xbrl.iasb.org/int/fr/ifrs/gp/2006-08-15/ifrs-gp-2006-08-15.xsd#ifrs-gp_FinancialLiabilitiesHeldForTradingTotal" xlink:label="ifrs-gp_FinancialLiabilitiesHeldForTradingTotal" />
    <definitionArc xlink:type="arc" xlink:arcrole="http://xbrl.org/int/dim/arcrole/domain-member" xlink:from="p-FINREP_RecognisedOrDisclosedFairValuesPresentation" xlink:to="ifrs-gp_FinancialLiabilitiesHeldForTradingTotal" order="7" use="optional" />
    <loc xlink:type="locator" xlink:href="http://xbrl.iasb.org/int/fr/ifrs/gp/2006-08-15/ifrs-gp-2006-08-15.xsd#ifrs-gp_FinancialLiabilitiesDesignatedAsFairValueThroughProfitOrLossTotal" xlink:label="ifrs-gp_FinancialLiabilitiesDesignatedAsFairValueThroughProfitOrLossTotal" />
    <definitionArc xlink:type="arc" xlink:arcrole="http://xbrl.org/int/dim/arcrole/domain-member" xlink:from="p-FINREP_RecognisedOrDisclosedFairValuesPresentation" xlink:to="ifrs-gp_FinancialLiabilitiesDesignatedAsFairValueThroughProfitOrLossTotal" order="8" use="optional" />
    <loc xlink:type="locator" xlink:href="p-FINREP-2008-01-01.xsd#p-FINREP_InformationOnFairValueOfFinancialInstrumentsFinancialLiabilitiesAtAmortisedCostRecognisedOrDisclosedFairValues" xlink:label="p-FINREP_InformationOnFairValueOfFinancialInstrumentsFinancialLiabilitiesAtAmortisedCostRecognisedOrDisclosedFairValues" />
    <definitionArc xlink:type="arc" xlink:arcrole="http://xbrl.org/int/dim/arcrole/domain-member" xlink:from="p-FINREP_RecognisedOrDisclosedFairValuesPresentation" xlink:to="p-FINREP_InformationOnFairValueOfFinancialInstrumentsFinancialLiabilitiesAtAmortisedCostRecognisedOrDisclosedFairValues" order="9" use="optional" />
    <loc xlink:type="locator" xlink:href="p-FINREP-2008-01-01.xsd#p-FINREP_InformationOnFairValueOfFinancialInstrumentsOtherFinancialLiabilitiesRecognisedOrDisclosedFairValues" xlink:label="p-FINREP_InformationOnFairValueOfFinancialInstrumentsOtherFinancialLiabilitiesRecognisedOrDisclosedFairValues" />
    <definitionArc xlink:type="arc" xlink:arcrole="http://xbrl.org/int/dim/arcrole/domain-member" xlink:from="p-FINREP_RecognisedOrDisclosedFairValuesPresentation" xlink:to="p-FINREP_InformationOnFairValueOfFinancialInstrumentsOtherFinancialLiabilitiesRecognisedOrDisclosedFairValues" order="10" use="optional" />
    <loc xlink:type="locator" xlink:href="p-FINREP-2008-01-01.xsd#p-FINREP_OfWhichDeterminedUsingValuationTechniqueNotBasedOnMarketDataPresentation" xlink:label="p-FINREP_OfWhichDeterminedUsingValuationTechniqueNotBasedOnMarketDataPresentation" />
    <definitionArc xlink:type="arc" xlink:arcrole="http://xbrl.org/int/dim/arcrole/domain-member" xlink:from="p-FINREP_InformationOnFairValueOfFinancialInstrumentsPresentation" xlink:to="p-FINREP_OfWhichDeterminedUsingValuationTechniqueNotBasedOnMarketDataPresentation" order="3" use="optional" />
    <loc xlink:type="locator" xlink:href="p-FINREP-2008-01-01.xsd#p-FINREP_InformationOnFairValueOfFinancialInstrumentsFinancialAssetsHeldForTradingOfWhichDeterminedUsingValuationTechniqueNotBasedOnMarketData" xlink:label="p-FINREP_InformationOnFairValueOfFinancialInstrumentsFinancialAssetsHeldForTradingOfWhichDeterminedUsingValuationTechniqueNotBasedOnMarketData" />
    <definitionArc xlink:type="arc" xlink:arcrole="http://xbrl.org/int/dim/arcrole/domain-member" xlink:from="p-FINREP_OfWhichDeterminedUsingValuationTechniqueNotBasedOnMarketDataPresentation" xlink:to="p-FINREP_InformationOnFairValueOfFinancialInstrumentsFinancialAssetsHeldForTradingOfWhichDeterminedUsingValuationTechniqueNotBasedOnMarketData" order="1" use="optional" />
    <loc xlink:type="locator" xlink:href="p-FINREP-2008-01-01.xsd#p-FINREP_InformationOnFairValueOfFinancialInstrumentsFinancialAssetsDesignatedAsFairValueThroughProfitOrLossOfWhichDeterminedUsingValuationTechniqueNotBasedOnMarketData" xlink:label="p-FINREP_InformationOnFairValueOfFinancialInstrumentsFinancialAssetsDesignatedAsFairValueThroughProfitOrLossOfWhichDeterminedUsingValuationTechniqueNotBasedOnMarketData" />
    <definitionArc xlink:type="arc" xlink:arcrole="http://xbrl.org/int/dim/arcrole/domain-member" xlink:from="p-FINREP_OfWhichDeterminedUsingValuationTechniqueNotBasedOnMarketDataPresentation" xlink:to="p-FINREP_InformationOnFairValueOfFinancialInstrumentsFinancialAssetsDesignatedAsFairValueThroughProfitOrLossOfWhichDeterminedUsingValuationTechniqueNotBasedOnMarketData" order="2" use="optional" />
    <loc xlink:type="locator" xlink:href="p-FINREP-2008-01-01.xsd#p-FINREP_InformationOnFairValueOfFinancialInstrumentsAvailableForSaleFinancialAssetsOfWhichDeterminedUsingValuationTechniqueNotBasedOnMarketData" xlink:label="p-FINREP_InformationOnFairValueOfFinancialInstrumentsAvailableForSaleFinancialAssetsOfWhichDeterminedUsingValuationTechniqueNotBasedOnMarketData" />
    <definitionArc xlink:type="arc" xlink:arcrole="http://xbrl.org/int/dim/arcrole/domain-member" xlink:from="p-FINREP_OfWhichDeterminedUsingValuationTechniqueNotBasedOnMarketDataPresentation" xlink:to="p-FINREP_InformationOnFairValueOfFinancialInstrumentsAvailableForSaleFinancialAssetsOfWhichDeterminedUsingValuationTechniqueNotBasedOnMarketData" order="3" use="optional" />
    <loc xlink:type="locator" xlink:href="p-FINREP-2008-01-01.xsd#p-FINREP_InformationOnFairValueOfFinancialInstrumentsLoansAndReceivablesOfWhichDeterminedUsingValuationTechniqueNotBasedOnMarketData" xlink:label="p-FINREP_InformationOnFairValueOfFinancialInstrumentsLoansAndReceivablesOfWhichDeterminedUsingValuationTechniqueNotBasedOnMarketData" />
    <definitionArc xlink:type="arc" xlink:arcrole="http://xbrl.org/int/dim/arcrole/domain-member" xlink:from="p-FINREP_OfWhichDeterminedUsingValuationTechniqueNotBasedOnMarketDataPresentation" xlink:to="p-FINREP_InformationOnFairValueOfFinancialInstrumentsLoansAndReceivablesOfWhichDeterminedUsingValuationTechniqueNotBasedOnMarketData" order="4" use="optional" />
    <loc xlink:type="locator" xlink:href="p-FINREP-2008-01-01.xsd#p-FINREP_InformationOnFairValueOfFinancialInstrumentsHeldToMaturityInvestmentsOfWhichDeterminedUsingValuationTechniqueNotBasedOnMarketData" xlink:label="p-FINREP_InformationOnFairValueOfFinancialInstrumentsHeldToMaturityInvestmentsOfWhichDeterminedUsingValuationTechniqueNotBasedOnMarketData" />
    <definitionArc xlink:type="arc" xlink:arcrole="http://xbrl.org/int/dim/arcrole/domain-member" xlink:from="p-FINREP_OfWhichDeterminedUsingValuationTechniqueNotBasedOnMarketDataPresentation" xlink:to="p-FINREP_InformationOnFairValueOfFinancialInstrumentsHeldToMaturityInvestmentsOfWhichDeterminedUsingValuationTechniqueNotBasedOnMarketData" order="5" use="optional" />
    <loc xlink:type="locator" xlink:href="p-FINREP-2008-01-01.xsd#p-FINREP_InformationOnFairValueOfFinancialInstrumentsOtherFinancialAssetsOfWhichDeterminedUsingValuationTechniqueNotBasedOnMarketData" xlink:label="p-FINREP_InformationOnFairValueOfFinancialInstrumentsOtherFinancialAssetsOfWhichDeterminedUsingValuationTechniqueNotBasedOnMarketData" />
    <definitionArc xlink:type="arc" xlink:arcrole="http://xbrl.org/int/dim/arcrole/domain-member" xlink:from="p-FINREP_OfWhichDeterminedUsingValuationTechniqueNotBasedOnMarketDataPresentation" xlink:to="p-FINREP_InformationOnFairValueOfFinancialInstrumentsOtherFinancialAssetsOfWhichDeterminedUsingValuationTechniqueNotBasedOnMarketData" order="6" use="optional" />
    <loc xlink:type="locator" xlink:href="p-FINREP-2008-01-01.xsd#p-FINREP_InformationOnFairValueOfFinancialInstrumentsFinancialLiabilitiesHeldForTradingOfWhichDeterminedUsingValuationTechniqueNotBasedOnMarketData" xlink:label="p-FINREP_InformationOnFairValueOfFinancialInstrumentsFinancialLiabilitiesHeldForTradingOfWhichDeterminedUsingValuationTechniqueNotBasedOnMarketData" />
    <definitionArc xlink:type="arc" xlink:arcrole="http://xbrl.org/int/dim/arcrole/domain-member" xlink:from="p-FINREP_OfWhichDeterminedUsingValuationTechniqueNotBasedOnMarketDataPresentation" xlink:to="p-FINREP_InformationOnFairValueOfFinancialInstrumentsFinancialLiabilitiesHeldForTradingOfWhichDeterminedUsingValuationTechniqueNotBasedOnMarketData" order="7" use="optional" />
    <loc xlink:type="locator" xlink:href="p-FINREP-2008-01-01.xsd#p-FINREP_InformationOnFairValueOfFinancialInstrumentsFinancialLiabilitiesDesignatedAsFairValueThroughProfitOrLossOfWhichDeterminedUsingValuationTechniqueNotBasedOnMarketData" xlink:label="p-FINREP_InformationOnFairValueOfFinancialInstrumentsFinancialLiabilitiesDesignatedAsFairValueThroughProfitOrLossOfWhichDeterminedUsingValuationTechniqueNotBasedOnMarketData" />
    <definitionArc xlink:type="arc" xlink:arcrole="http://xbrl.org/int/dim/arcrole/domain-member" xlink:from="p-FINREP_OfWhichDeterminedUsingValuationTechniqueNotBasedOnMarketDataPresentation" xlink:to="p-FINREP_InformationOnFairValueOfFinancialInstrumentsFinancialLiabilitiesDesignatedAsFairValueThroughProfitOrLossOfWhichDeterminedUsingValuationTechniqueNotBasedOnMarketData" order="8" use="optional" />
    <loc xlink:type="locator" xlink:href="p-FINREP-2008-01-01.xsd#p-FINREP_InformationOnFairValueOfFinancialInstrumentsFinancialLiabilitiesAtAmortisedCostOfWhichDeterminedUsingValuationTechniqueNotBasedOnMarketData" xlink:label="p-FINREP_InformationOnFairValueOfFinancialInstrumentsFinancialLiabilitiesAtAmortisedCostOfWhichDeterminedUsingValuationTechniqueNotBasedOnMarketData" />
    <definitionArc xlink:type="arc" xlink:arcrole="http://xbrl.org/int/dim/arcrole/domain-member" xlink:from="p-FINREP_OfWhichDeterminedUsingValuationTechniqueNotBasedOnMarketDataPresentation" xlink:to="p-FINREP_InformationOnFairValueOfFinancialInstrumentsFinancialLiabilitiesAtAmortisedCostOfWhichDeterminedUsingValuationTechniqueNotBasedOnMarketData" order="9" use="optional" />
    <loc xlink:type="locator" xlink:href="p-FINREP-2008-01-01.xsd#p-FINREP_InformationOnFairValueOfFinancialInstrumentsOtherFinancialLiabilitiesOfWhichDeterminedUsingValuationTechniqueNotBasedOnMarketData" xlink:label="p-FINREP_InformationOnFairValueOfFinancialInstrumentsOtherFinancialLiabilitiesOfWhichDeterminedUsingValuationTechniqueNotBasedOnMarketData" />
    <definitionArc xlink:type="arc" xlink:arcrole="http://xbrl.org/int/dim/arcrole/domain-member" xlink:from="p-FINREP_OfWhichDeterminedUsingValuationTechniqueNotBasedOnMarketDataPresentation" xlink:to="p-FINREP_InformationOnFairValueOfFinancialInstrumentsOtherFinancialLiabilitiesOfWhichDeterminedUsingValuationTechniqueNotBasedOnMarketData" order="10" use="optional" />
    <loc xlink:type="locator" xlink:href="p-FINREP-2008-01-01.xsd#p-FINREP_OfWhichAmountRecognisedInProfitOrLossUsingValuationTechniqueDuringPeriodPresentation" xlink:label="p-FINREP_OfWhichAmountRecognisedInProfitOrLossUsingValuationTechniqueDuringPeriodPresentation" />
    <definitionArc xlink:type="arc" xlink:arcrole="http://xbrl.org/int/dim/arcrole/domain-member" xlink:from="p-FINREP_InformationOnFairValueOfFinancialInstrumentsPresentation" xlink:to="p-FINREP_OfWhichAmountRecognisedInProfitOrLossUsingValuationTechniqueDuringPeriodPresentation" order="4" use="optional" />
    <loc xlink:type="locator" xlink:href="p-FINREP-2008-01-01.xsd#p-FINREP_InformationOnFairValueOfFinancialInstrumentsFinancialAssetsHeldForTradingOfWhichAmountRecognisedInProfitOrLossUsingAValuationTechniqueDuringThePeriod" xlink:label="p-FINREP_InformationOnFairValueOfFinancialInstrumentsFinancialAssetsHeldForTradingOfWhichAmountRecognisedInProfitOrLossUsingAValuationTechniqueDuringThePeriod" />
    <definitionArc xlink:type="arc" xlink:arcrole="http://xbrl.org/int/dim/arcrole/domain-member" xlink:from="p-FINREP_OfWhichAmountRecognisedInProfitOrLossUsingValuationTechniqueDuringPeriodPresentation" xlink:to="p-FINREP_InformationOnFairValueOfFinancialInstrumentsFinancialAssetsHeldForTradingOfWhichAmountRecognisedInProfitOrLossUsingAValuationTechniqueDuringThePeriod" order="1" use="optional" />
    <loc xlink:type="locator" xlink:href="p-FINREP-2008-01-01.xsd#p-FINREP_InformationOnFairValueOfFinancialInstrumentsFinancialAssetsDesignatedAsFairValueThroughProfitOrLossOfWhichAmountRecognisedInProfitOrLossUsingValuationTechniqueDuringPeriod" xlink:label="p-FINREP_InformationOnFairValueOfFinancialInstrumentsFinancialAssetsDesignatedAsFairValueThroughProfitOrLossOfWhichAmountRecognisedInProfitOrLossUsingValuationTechniqueDuringPeriod" />
    <definitionArc xlink:type="arc" xlink:arcrole="http://xbrl.org/int/dim/arcrole/domain-member" xlink:from="p-FINREP_OfWhichAmountRecognisedInProfitOrLossUsingValuationTechniqueDuringPeriodPresentation" xlink:to="p-FINREP_InformationOnFairValueOfFinancialInstrumentsFinancialAssetsDesignatedAsFairValueThroughProfitOrLossOfWhichAmountRecognisedInProfitOrLossUsingValuationTechniqueDuringPeriod" order="2" use="optional" />
    <loc xlink:type="locator" xlink:href="p-FINREP-2008-01-01.xsd#p-FINREP_InformationOnFairValueOfFinancialInstrumentsOtherFinancialAssetsOfWhichAmountRecognisedInProfitOrLossUsingAValuationTechniqueDuringThePeriod" xlink:label="p-FINREP_InformationOnFairValueOfFinancialInstrumentsOtherFinancialAssetsOfWhichAmountRecognisedInProfitOrLossUsingAValuationTechniqueDuringThePeriod" />
    <definitionArc xlink:type="arc" xlink:arcrole="http://xbrl.org/int/dim/arcrole/domain-member" xlink:from="p-FINREP_OfWhichAmountRecognisedInProfitOrLossUsingValuationTechniqueDuringPeriodPresentation" xlink:to="p-FINREP_InformationOnFairValueOfFinancialInstrumentsOtherFinancialAssetsOfWhichAmountRecognisedInProfitOrLossUsingAValuationTechniqueDuringThePeriod" order="3" use="optional" />
    <loc xlink:type="locator" xlink:href="p-FINREP-2008-01-01.xsd#p-FINREP_InformationOnFairValueOfFinancialInstrumentsFinancialLiabilitiesHeldForTradingOfWhichAmountRecognisedInProfitOrLossUsingAValuationTechniqueDuringThePeriod" xlink:label="p-FINREP_InformationOnFairValueOfFinancialInstrumentsFinancialLiabilitiesHeldForTradingOfWhichAmountRecognisedInProfitOrLossUsingAValuationTechniqueDuringThePeriod" />
    <definitionArc xlink:type="arc" xlink:arcrole="http://xbrl.org/int/dim/arcrole/domain-member" xlink:from="p-FINREP_OfWhichAmountRecognisedInProfitOrLossUsingValuationTechniqueDuringPeriodPresentation" xlink:to="p-FINREP_InformationOnFairValueOfFinancialInstrumentsFinancialLiabilitiesHeldForTradingOfWhichAmountRecognisedInProfitOrLossUsingAValuationTechniqueDuringThePeriod" order="4" use="optional" />
    <loc xlink:type="locator" xlink:href="p-FINREP-2008-01-01.xsd#p-FINREP_InformationOnFairValueOfFinancialInstrumentsFinancialLiabilitiesDesignatedAsFairValueThroughProfitOrLossOfWhichAmountRecognisedInProfitOrLossUsingValuationTechniqueDuringPeriod" xlink:label="p-FINREP_InformationOnFairValueOfFinancialInstrumentsFinancialLiabilitiesDesignatedAsFairValueThroughProfitOrLossOfWhichAmountRecognisedInProfitOrLossUsingValuationTechniqueDuringPeriod" />
    <definitionArc xlink:type="arc" xlink:arcrole="http://xbrl.org/int/dim/arcrole/domain-member" xlink:from="p-FINREP_OfWhichAmountRecognisedInProfitOrLossUsingValuationTechniqueDuringPeriodPresentation" xlink:to="p-FINREP_InformationOnFairValueOfFinancialInstrumentsFinancialLiabilitiesDesignatedAsFairValueThroughProfitOrLossOfWhichAmountRecognisedInProfitOrLossUsingValuationTechniqueDuringPeriod" order="5" use="optional" />
    <loc xlink:type="locator" xlink:href="p-FINREP-2008-01-01.xsd#p-FINREP_InformationOnFairValueOfFinancialInstrumentsOtherFinancialLiabilitiesOfWhichAmountRecognisedInProfitOrLossUsingAValuationTechniqueDuringThePeriod" xlink:label="p-FINREP_InformationOnFairValueOfFinancialInstrumentsOtherFinancialLiabilitiesOfWhichAmountRecognisedInProfitOrLossUsingAValuationTechniqueDuringThePeriod" />
    <definitionArc xlink:type="arc" xlink:arcrole="http://xbrl.org/int/dim/arcrole/domain-member" xlink:from="p-FINREP_OfWhichAmountRecognisedInProfitOrLossUsingValuationTechniqueDuringPeriodPresentation" xlink:to="p-FINREP_InformationOnFairValueOfFinancialInstrumentsOtherFinancialLiabilitiesOfWhichAmountRecognisedInProfitOrLossUsingAValuationTechniqueDuringThePeriod" order="6" use="optional" />
</definitionLink>
</linkbase>