<?xml version="1.0" encoding="UTF-8"?>
<?taxonomy-version 1.3.2?>
<!--Copyright (C) 2011 EBA - European Banking Authority, Tower 42, 25 Old Broad Street, London, EC2N 1HQ, United Kingdom.-->   
<linkbase xmlns="http://www.xbrl.org/2003/linkbase" xmlns:xlink="http://www.w3.org/1999/xlink" xmlns:xsi="http://www.w3.org/2001/XMLSchema-instance" xsi:schemaLocation="http://www.xbrl.org/2003/linkbase http://www.xbrl.org/2003/xbrl-linkbase-2003-12-31.xsd">
  <roleRef roleURI="http://www.c-ebs.org/eu/fr/esrs/finrep/2008-01-01/role/FeeAndCommissionIncomeAndExpenses" xlink:type="simple" xlink:href="p-FINREP-2008-01-01-T20-FeeAndCommissionIncomeAndExpenses.xsd#FeeAndCommissionIncomeAndExpenses"/>
  <calculationLink xlink:type="extended" xlink:role="http://www.c-ebs.org/eu/fr/esrs/finrep/2008-01-01/role/FeeAndCommissionIncomeAndExpenses">
    <loc xlink:type="locator" xlink:href="http://xbrl.iasb.org/int/fr/ifrs/gp/2006-08-15/ifrs-gp-2006-08-15.xsd#ifrs-gp_FeesAndCommissionIncomeTotal" xlink:label="ifrs-gp_FeesAndCommissionIncomeTotal"/>
    <loc xlink:type="locator" xlink:href="http://xbrl.iasb.org/int/fr/ifrs/gp/2006-08-15/ifrs-gp-2006-08-15.xsd#ifrs-gp_FeesAndCommissionIncomeSecuritiesIssuancesAndManagement" xlink:label="ifrs-gp_FeesAndCommissionIncomeSecuritiesIssuancesAndManagement"/>
    <calculationArc xlink:type="arc" xlink:arcrole="http://www.xbrl.org/2003/arcrole/summation-item" xlink:from="ifrs-gp_FeesAndCommissionIncomeTotal" xlink:to="ifrs-gp_FeesAndCommissionIncomeSecuritiesIssuancesAndManagement" use="optional" order="1.0" weight="1"/>
    <loc xlink:type="locator" xlink:href="p-FINREP-2008-01-01.xsd#p-FINREP_FeesAndCommissionIncomeSecuritiesIssued" xlink:label="p-FINREP_FeesAndCommissionIncomeSecuritiesIssued"/>
    <calculationArc xlink:type="arc" xlink:arcrole="http://www.xbrl.org/2003/arcrole/summation-item" xlink:from="ifrs-gp_FeesAndCommissionIncomeSecuritiesIssuancesAndManagement" xlink:to="p-FINREP_FeesAndCommissionIncomeSecuritiesIssued" use="optional" order="1.0" weight="1"/>
    <loc xlink:type="locator" xlink:href="p-FINREP-2008-01-01.xsd#p-FINREP_FeesAndCommissionIncomeSecuritiesTransferOrders" xlink:label="p-FINREP_FeesAndCommissionIncomeSecuritiesTransferOrders"/>
    <calculationArc xlink:type="arc" xlink:arcrole="http://www.xbrl.org/2003/arcrole/summation-item" xlink:from="ifrs-gp_FeesAndCommissionIncomeSecuritiesIssuancesAndManagement" xlink:to="p-FINREP_FeesAndCommissionIncomeSecuritiesTransferOrders" use="optional" order="2.0" weight="1"/>
    <loc xlink:type="locator" xlink:href="p-FINREP-2008-01-01.xsd#p-FINREP_FeesAndCommissionIncomeSecuritiesOther" xlink:label="p-FINREP_FeesAndCommissionIncomeSecuritiesOther"/>
    <calculationArc xlink:type="arc" xlink:arcrole="http://www.xbrl.org/2003/arcrole/summation-item" xlink:from="ifrs-gp_FeesAndCommissionIncomeSecuritiesIssuancesAndManagement" xlink:to="p-FINREP_FeesAndCommissionIncomeSecuritiesOther" use="optional" order="3.0" weight="1"/>
    <loc xlink:type="locator" xlink:href="p-FINREP-2008-01-01.xsd#p-FINREP_FeesAndCommissionIncomeSecuritiesClearingAndSettlement" xlink:label="p-FINREP_FeesAndCommissionIncomeSecuritiesClearingAndSettlement"/>
    <calculationArc xlink:type="arc" xlink:arcrole="http://www.xbrl.org/2003/arcrole/summation-item" xlink:from="ifrs-gp_FeesAndCommissionIncomeTotal" xlink:to="p-FINREP_FeesAndCommissionIncomeSecuritiesClearingAndSettlement" use="optional" order="2.0" weight="1"/>
    <loc xlink:type="locator" xlink:href="p-FINREP-2008-01-01.xsd#p-FINREP_FeesAndCommissionIncomeTrustAndFiduciaryActivities" xlink:label="p-FINREP_FeesAndCommissionIncomeTrustAndFiduciaryActivities"/>
    <calculationArc xlink:type="arc" xlink:arcrole="http://www.xbrl.org/2003/arcrole/summation-item" xlink:from="ifrs-gp_FeesAndCommissionIncomeTotal" xlink:to="p-FINREP_FeesAndCommissionIncomeTrustAndFiduciaryActivities" use="optional" order="3.0" weight="1"/>
    <loc xlink:type="locator" xlink:href="http://xbrl.iasb.org/int/fr/ifrs/gp/2006-08-15/ifrs-gp-2006-08-15.xsd#ifrs-gp_FeesAndCommissionIncomeAssetsManagement" xlink:label="ifrs-gp_FeesAndCommissionIncomeAssetsManagement"/>
    <calculationArc xlink:type="arc" xlink:arcrole="http://www.xbrl.org/2003/arcrole/summation-item" xlink:from="p-FINREP_FeesAndCommissionIncomeTrustAndFiduciaryActivities" xlink:to="ifrs-gp_FeesAndCommissionIncomeAssetsManagement" use="optional" order="1.0" weight="1"/>
    <loc xlink:type="locator" xlink:href="http://xbrl.iasb.org/int/fr/ifrs/gp/2006-08-15/ifrs-gp-2006-08-15.xsd#ifrs-gp_FeesAndCommissionIncomeCustody" xlink:label="ifrs-gp_FeesAndCommissionIncomeCustody"/>
    <calculationArc xlink:type="arc" xlink:arcrole="http://www.xbrl.org/2003/arcrole/summation-item" xlink:from="p-FINREP_FeesAndCommissionIncomeTrustAndFiduciaryActivities" xlink:to="ifrs-gp_FeesAndCommissionIncomeCustody" use="optional" order="2.0" weight="1"/>
    <loc xlink:type="locator" xlink:href="http://xbrl.iasb.org/int/fr/ifrs/gp/2006-08-15/ifrs-gp-2006-08-15.xsd#ifrs-gp_FeesAndCommissionIncomeTrustAndOtherFiduciaryActivities" xlink:label="ifrs-gp_FeesAndCommissionIncomeTrustAndOtherFiduciaryActivities"/>
    <calculationArc xlink:type="arc" xlink:arcrole="http://www.xbrl.org/2003/arcrole/summation-item" xlink:from="p-FINREP_FeesAndCommissionIncomeTrustAndFiduciaryActivities" xlink:to="ifrs-gp_FeesAndCommissionIncomeTrustAndOtherFiduciaryActivities" use="optional" order="3.0" weight="1"/>
    <loc xlink:type="locator" xlink:href="http://xbrl.iasb.org/int/fr/ifrs/gp/2006-08-15/ifrs-gp-2006-08-15.xsd#ifrs-gp_FeesAndCommissionIncomeCreditCommitments" xlink:label="ifrs-gp_FeesAndCommissionIncomeCreditCommitments"/>
    <calculationArc xlink:type="arc" xlink:arcrole="http://www.xbrl.org/2003/arcrole/summation-item" xlink:from="ifrs-gp_FeesAndCommissionIncomeTotal" xlink:to="ifrs-gp_FeesAndCommissionIncomeCreditCommitments" use="optional" order="4.0" weight="1"/>
    <loc xlink:type="locator" xlink:href="http://xbrl.iasb.org/int/fr/ifrs/gp/2006-08-15/ifrs-gp-2006-08-15.xsd#ifrs-gp_FeesAndCommissionIncomePaymentsServices" xlink:label="ifrs-gp_FeesAndCommissionIncomePaymentsServices"/>
    <calculationArc xlink:type="arc" xlink:arcrole="http://www.xbrl.org/2003/arcrole/summation-item" xlink:from="ifrs-gp_FeesAndCommissionIncomeTotal" xlink:to="ifrs-gp_FeesAndCommissionIncomePaymentsServices" use="optional" order="5.0" weight="1"/>
    <loc xlink:type="locator" xlink:href="p-FINREP-2008-01-01.xsd#p-FINREP_FeesAndCommissionIncomeStructuredFinance" xlink:label="p-FINREP_FeesAndCommissionIncomeStructuredFinance"/>
    <calculationArc xlink:type="arc" xlink:arcrole="http://www.xbrl.org/2003/arcrole/summation-item" xlink:from="ifrs-gp_FeesAndCommissionIncomeTotal" xlink:to="p-FINREP_FeesAndCommissionIncomeStructuredFinance" use="optional" order="6.0" weight="1"/>
    <loc xlink:type="locator" xlink:href="http://xbrl.iasb.org/int/fr/ifrs/gp/2006-08-15/ifrs-gp-2006-08-15.xsd#ifrs-gp_FeesAndCommissionIncomeServicingFeesFromSecuritisationActivities" xlink:label="ifrs-gp_FeesAndCommissionIncomeServicingFeesFromSecuritisationActivities"/>
    <calculationArc xlink:type="arc" xlink:arcrole="http://www.xbrl.org/2003/arcrole/summation-item" xlink:from="ifrs-gp_FeesAndCommissionIncomeTotal" xlink:to="ifrs-gp_FeesAndCommissionIncomeServicingFeesFromSecuritisationActivities" use="optional" order="7.0" weight="1"/>
    <loc xlink:type="locator" xlink:href="p-FINREP-2008-01-01.xsd#p-FINREP_FeesAndCommissionIncomeOther" xlink:label="p-FINREP_FeesAndCommissionIncomeOther"/>
    <calculationArc xlink:type="arc" xlink:arcrole="http://www.xbrl.org/2003/arcrole/summation-item" xlink:from="ifrs-gp_FeesAndCommissionIncomeTotal" xlink:to="p-FINREP_FeesAndCommissionIncomeOther" use="optional" order="8.0" weight="1"/>
    <loc xlink:type="locator" xlink:href="http://xbrl.iasb.org/int/fr/ifrs/gp/2006-08-15/ifrs-gp-2006-08-15.xsd#ifrs-gp_FeesAndCommissionExpenseTotal" xlink:label="ifrs-gp_FeesAndCommissionExpenseTotal"/>
    <loc xlink:type="locator" xlink:href="http://xbrl.iasb.org/int/fr/ifrs/gp/2006-08-15/ifrs-gp-2006-08-15.xsd#ifrs-gp_FeesAndCommissionExpenseAcquisitionCost" xlink:label="ifrs-gp_FeesAndCommissionExpenseAcquisitionCost"/>
    <calculationArc xlink:type="arc" xlink:arcrole="http://www.xbrl.org/2003/arcrole/summation-item" xlink:from="ifrs-gp_FeesAndCommissionExpenseTotal" xlink:to="ifrs-gp_FeesAndCommissionExpenseAcquisitionCost" use="optional" order="1.0" weight="1"/>
    <loc xlink:type="locator" xlink:href="http://xbrl.iasb.org/int/fr/ifrs/gp/2006-08-15/ifrs-gp-2006-08-15.xsd#ifrs-gp_FeesAndCommissionExpenseCustody" xlink:label="ifrs-gp_FeesAndCommissionExpenseCustody"/>
    <calculationArc xlink:type="arc" xlink:arcrole="http://www.xbrl.org/2003/arcrole/summation-item" xlink:from="ifrs-gp_FeesAndCommissionExpenseTotal" xlink:to="ifrs-gp_FeesAndCommissionExpenseCustody" use="optional" order="2.0" weight="1"/>
    <loc xlink:type="locator" xlink:href="p-FINREP-2008-01-01.xsd#p-FINREP_FeesAndCommissionExpenseClearingAndSettlement" xlink:label="p-FINREP_FeesAndCommissionExpenseClearingAndSettlement"/>
    <calculationArc xlink:type="arc" xlink:arcrole="http://www.xbrl.org/2003/arcrole/summation-item" xlink:from="ifrs-gp_FeesAndCommissionExpenseTotal" xlink:to="p-FINREP_FeesAndCommissionExpenseClearingAndSettlement" use="optional" order="3.0" weight="1"/>
    <loc xlink:type="locator" xlink:href="http://xbrl.iasb.org/int/fr/ifrs/gp/2006-08-15/ifrs-gp-2006-08-15.xsd#ifrs-gp_FeesAndCommissionExpenseServicingFeesFromSecuritisationActivities" xlink:label="ifrs-gp_FeesAndCommissionExpenseServicingFeesFromSecuritisationActivities"/>
    <calculationArc xlink:type="arc" xlink:arcrole="http://www.xbrl.org/2003/arcrole/summation-item" xlink:from="ifrs-gp_FeesAndCommissionExpenseTotal" xlink:to="ifrs-gp_FeesAndCommissionExpenseServicingFeesFromSecuritisationActivities" use="optional" order="4.0" weight="1"/>
    <loc xlink:type="locator" xlink:href="p-FINREP-2008-01-01.xsd#p-FINREP_FeesAndCommissionExpenseOther" xlink:label="p-FINREP_FeesAndCommissionExpenseOther"/>
    <calculationArc xlink:type="arc" xlink:arcrole="http://www.xbrl.org/2003/arcrole/summation-item" xlink:from="ifrs-gp_FeesAndCommissionExpenseTotal" xlink:to="p-FINREP_FeesAndCommissionExpenseOther" use="optional" order="5.0" weight="1"/>
  </calculationLink>
</linkbase>
