<?xml version="1.0" encoding="utf-8"?>
<?taxonomy-version 1.3.2?>
<!--Copyright (C) 2011 EBA - European Banking Authority, Tower 42, 25 Old Broad Street, London, EC2N 1HQ, United Kingdom.-->   
<linkbase
	xmlns="http://www.xbrl.org/2003/linkbase"
	xmlns:xsi="http://www.w3.org/2001/XMLSchema-instance"
	xmlns:xlink="http://www.w3.org/1999/xlink"
	xsi:schemaLocation=" http://www.xbrl.org/2003/linkbase http://www.xbrl.org/2003/xbrl-linkbase-2003-12-31.xsd">
  <roleRef xlink:type="simple" xlink:href="p-FINREP-2008-01-01-T17-DerecognitionAndFinancialLiabilitiesAssociatedWithTransferredAssets.xsd#DerecognitionAndFinancialLiabilitiesAssociatedWithTransferredAssets" roleURI="http://www.c-ebs.org/eu/fr/esrs/finrep/2008-01-01/role/DerecognitionAndFinancialLiabilitiesAssociatedWithTransferredAssets" />
  <arcroleRef arcroleURI="http://xbrl.org/int/dim/arcrole/domain-member" xlink:type="simple" xlink:href="http://www.xbrl.org/2005/xbrldt-2005.xsd#domain-member"/>
  <definitionLink xlink:type="extended" xlink:role="http://www.c-ebs.org/eu/fr/esrs/finrep/2008-01-01/role/DerecognitionAndFinancialLiabilitiesAssociatedWithTransferredAssets">
    <loc xlink:type="locator" xlink:href="p-FINREP-2008-01-01.xsd#p-FINREP_FinancialLiabilitiesAssociatedWithTransferredAssetsPresentation" xlink:label="p-FINREP_FinancialLiabilitiesAssociatedWithTransferredAssetsPresentation" />
    <loc xlink:type="locator" xlink:href="p-FINREP-2008-01-01.xsd#p-FINREP_FinancialLiabilitiesAssociatedWithTransferredFinancialAssetsNatureRisksRewardsOwnershipToWhichCreditInstitutionRemainsExposed" xlink:label="p-FINREP_FinancialLiabilitiesAssociatedWithTransferredFinancialAssetsNatureRisksRewardsOwnershipToWhichCreditInstitutionRemainsExposed" />
    <definitionArc xlink:type="arc" xlink:arcrole="http://xbrl.org/int/dim/arcrole/domain-member" xlink:from="p-FINREP_FinancialLiabilitiesAssociatedWithTransferredAssetsPresentation" xlink:to="p-FINREP_FinancialLiabilitiesAssociatedWithTransferredFinancialAssetsNatureRisksRewardsOwnershipToWhichCreditInstitutionRemainsExposed" order="1" use="optional" />
    <loc xlink:type="locator" xlink:href="p-FINREP-2008-01-01.xsd#p-FINREP_FinancialLiabilitiesAssociatedWithTransferredFinancialAssetsTotalCarryingAmountOriginalAssets" xlink:label="p-FINREP_FinancialLiabilitiesAssociatedWithTransferredFinancialAssetsTotalCarryingAmountOriginalAssets" />
    <definitionArc xlink:type="arc" xlink:arcrole="http://xbrl.org/int/dim/arcrole/domain-member" xlink:from="p-FINREP_FinancialLiabilitiesAssociatedWithTransferredAssetsPresentation" xlink:to="p-FINREP_FinancialLiabilitiesAssociatedWithTransferredFinancialAssetsTotalCarryingAmountOriginalAssets" order="2" use="optional" />
    <loc xlink:type="locator" xlink:href="p-FINREP-2008-01-01.xsd#p-FINREP_FinancialLiabilitiesAssociatedWithTransferredFinancialAssetsPartAssetStillRecognisedContinuingInvolvement" xlink:label="p-FINREP_FinancialLiabilitiesAssociatedWithTransferredFinancialAssetsPartAssetStillRecognisedContinuingInvolvement" />
    <definitionArc xlink:type="arc" xlink:arcrole="http://xbrl.org/int/dim/arcrole/domain-member" xlink:from="p-FINREP_FinancialLiabilitiesAssociatedWithTransferredAssetsPresentation" xlink:to="p-FINREP_FinancialLiabilitiesAssociatedWithTransferredFinancialAssetsPartAssetStillRecognisedContinuingInvolvement" order="3" use="optional" />
    <loc xlink:type="locator" xlink:href="p-FINREP-2008-01-01.xsd#p-FINREP_FinancialLiabilitiesAssociatedWithTransferredFinancialAssets" xlink:label="p-FINREP_FinancialLiabilitiesAssociatedWithTransferredFinancialAssets" />
    <definitionArc xlink:type="arc" xlink:arcrole="http://xbrl.org/int/dim/arcrole/domain-member" xlink:from="p-FINREP_FinancialLiabilitiesAssociatedWithTransferredAssetsPresentation" xlink:to="p-FINREP_FinancialLiabilitiesAssociatedWithTransferredFinancialAssets" order="4" use="optional" />
    <loc xlink:type="locator" xlink:href="p-FINREP-2008-01-01.xsd#p-FINREP_FinancialLiabilitiesAssociatedWithTransferredFinancialAssetsAmountsDerecognisedForCapitalPurposes" xlink:label="p-FINREP_FinancialLiabilitiesAssociatedWithTransferredFinancialAssetsAmountsDerecognisedForCapitalPurposes" />
    <definitionArc xlink:type="arc" xlink:arcrole="http://xbrl.org/int/dim/arcrole/domain-member" xlink:from="p-FINREP_FinancialLiabilitiesAssociatedWithTransferredAssetsPresentation" xlink:to="p-FINREP_FinancialLiabilitiesAssociatedWithTransferredFinancialAssetsAmountsDerecognisedForCapitalPurposes" order="5" use="optional" />
</definitionLink>
</linkbase>