<?xml version="1.0" encoding="utf-8"?>
<?taxonomy-version 1.3.2?>
<!--Copyright (C) 2011 EBA - European Banking Authority, Tower 42, 25 Old Broad Street, London, EC2N 1HQ, United Kingdom.-->   
<linkbase
	xmlns="http://www.xbrl.org/2003/linkbase"
	xmlns:xsi="http://www.w3.org/2001/XMLSchema-instance"
	xmlns:xlink="http://www.w3.org/1999/xlink"
	xsi:schemaLocation=" http://www.xbrl.org/2003/linkbase http://www.xbrl.org/2003/xbrl-linkbase-2003-12-31.xsd">
  <roleRef xlink:type="simple" xlink:href="p-FINREP-2008-01-01-T29-ProfitOrLossAfterTaxFromDiscontinuedOperations.xsd#ProfitOrLossAfterTaxFromDiscontinuedOperations" roleURI="http://www.c-ebs.org/eu/fr/esrs/finrep/2008-01-01/role/ProfitOrLossAfterTaxFromDiscontinuedOperations" />
  <arcroleRef arcroleURI="http://xbrl.org/int/dim/arcrole/domain-member" xlink:type="simple" xlink:href="http://www.xbrl.org/2005/xbrldt-2005.xsd#domain-member"/>
  <definitionLink xlink:type="extended" xlink:role="http://www.c-ebs.org/eu/fr/esrs/finrep/2008-01-01/role/ProfitOrLossAfterTaxFromDiscontinuedOperations">
    <loc xlink:type="locator" xlink:href="http://xbrl.iasb.org/int/fr/ifrs/gp/2006-08-15/ifrs-gp-2006-08-15.xsd#ifrs-gp_ProfitLossFromDiscontinuedOperationsNetOfTax" xlink:label="ifrs-gp_ProfitLossFromDiscontinuedOperationsNetOfTax" />
    <loc xlink:type="locator" xlink:href="p-FINREP-2008-01-01.xsd#p-FINREP_PostTaxProfitLossFromDiscontinuedOperations" xlink:label="p-FINREP_PostTaxProfitLossFromDiscontinuedOperations" />
    <definitionArc xlink:type="arc" xlink:arcrole="http://xbrl.org/int/dim/arcrole/domain-member" xlink:from="ifrs-gp_ProfitLossFromDiscontinuedOperationsNetOfTax" xlink:to="p-FINREP_PostTaxProfitLossFromDiscontinuedOperations" order="1" use="optional" />
    <loc xlink:type="locator" xlink:href="p-FINREP-2008-01-01.xsd#p-FINREP_PreTaxProfitLossFromDiscontinuedOperations" xlink:label="p-FINREP_PreTaxProfitLossFromDiscontinuedOperations" />
    <definitionArc xlink:type="arc" xlink:arcrole="http://xbrl.org/int/dim/arcrole/domain-member" xlink:from="p-FINREP_PostTaxProfitLossFromDiscontinuedOperations" xlink:to="p-FINREP_PreTaxProfitLossFromDiscontinuedOperations" order="1" use="optional" />
    <loc xlink:type="locator" xlink:href="http://xbrl.iasb.org/int/fr/ifrs/gp/2006-08-15/ifrs-gp-2006-08-15.xsd#ifrs-gp_RevenueOfDiscontinuedOperations" xlink:label="ifrs-gp_RevenueOfDiscontinuedOperations" />
    <definitionArc xlink:type="arc" xlink:arcrole="http://xbrl.org/int/dim/arcrole/domain-member" xlink:from="p-FINREP_PreTaxProfitLossFromDiscontinuedOperations" xlink:to="ifrs-gp_RevenueOfDiscontinuedOperations" order="1" use="optional" />
    <loc xlink:type="locator" xlink:href="http://xbrl.iasb.org/int/fr/ifrs/gp/2006-08-15/ifrs-gp-2006-08-15.xsd#ifrs-gp_ExpensesOfDiscontinuedOperations" xlink:label="ifrs-gp_ExpensesOfDiscontinuedOperations" />
    <definitionArc xlink:type="arc" xlink:arcrole="http://xbrl.org/int/dim/arcrole/domain-member" xlink:from="p-FINREP_PreTaxProfitLossFromDiscontinuedOperations" xlink:to="ifrs-gp_ExpensesOfDiscontinuedOperations" order="2" use="optional" />
    <loc xlink:type="locator" xlink:href="http://xbrl.iasb.org/int/fr/ifrs/gp/2006-08-15/ifrs-gp-2006-08-15.xsd#ifrs-gp_IncomeTaxExpenseIncomeOfDiscontinuedOperations" xlink:label="ifrs-gp_IncomeTaxExpenseIncomeOfDiscontinuedOperations" />
    <definitionArc xlink:type="arc" xlink:arcrole="http://xbrl.org/int/dim/arcrole/domain-member" xlink:from="p-FINREP_PostTaxProfitLossFromDiscontinuedOperations" xlink:to="ifrs-gp_IncomeTaxExpenseIncomeOfDiscontinuedOperations" order="2" use="optional" />
    <loc xlink:type="locator" xlink:href="p-FINREP-2008-01-01.xsd#p-FINREP_PostTaxGainLossRecognisedOnMeasurementOfFairValueLessCostToSellOrOnDisposalOfDiscontinuedOperations" xlink:label="p-FINREP_PostTaxGainLossRecognisedOnMeasurementOfFairValueLessCostToSellOrOnDisposalOfDiscontinuedOperations" />
    <definitionArc xlink:type="arc" xlink:arcrole="http://xbrl.org/int/dim/arcrole/domain-member" xlink:from="ifrs-gp_ProfitLossFromDiscontinuedOperationsNetOfTax" xlink:to="p-FINREP_PostTaxGainLossRecognisedOnMeasurementOfFairValueLessCostToSellOrOnDisposalOfDiscontinuedOperations" order="2" use="optional" />
    <loc xlink:type="locator" xlink:href="p-FINREP-2008-01-01.xsd#p-FINREP_PreTaxGainLossOnMeasurementOfFairValueLessCostToSellOrOnDisposalOfDiscontinuedOperations" xlink:label="p-FINREP_PreTaxGainLossOnMeasurementOfFairValueLessCostToSellOrOnDisposalOfDiscontinuedOperations" />
    <definitionArc xlink:type="arc" xlink:arcrole="http://xbrl.org/int/dim/arcrole/domain-member" xlink:from="p-FINREP_PostTaxGainLossRecognisedOnMeasurementOfFairValueLessCostToSellOrOnDisposalOfDiscontinuedOperations" xlink:to="p-FINREP_PreTaxGainLossOnMeasurementOfFairValueLessCostToSellOrOnDisposalOfDiscontinuedOperations" order="1" use="optional" />
    <loc xlink:type="locator" xlink:href="http://xbrl.iasb.org/int/fr/ifrs/gp/2006-08-15/ifrs-gp-2006-08-15.xsd#ifrs-gp_GainLossOnMeasurementOfFairValueLessCostToSellOrOnDisposalOfDiscontinuedOperations" xlink:label="ifrs-gp_GainLossOnMeasurementOfFairValueLessCostToSellOrOnDisposalOfDiscontinuedOperations" />
    <definitionArc xlink:type="arc" xlink:arcrole="http://xbrl.org/int/dim/arcrole/domain-member" xlink:from="p-FINREP_PreTaxGainLossOnMeasurementOfFairValueLessCostToSellOrOnDisposalOfDiscontinuedOperations" xlink:to="ifrs-gp_GainLossOnMeasurementOfFairValueLessCostToSellOrOnDisposalOfDiscontinuedOperations" order="1" use="optional" />
    <loc xlink:type="locator" xlink:href="p-FINREP-2008-01-01.xsd#p-FINREP_GainLossOnDisposalOfTheAssetsOrTheDisposalGroupsConstitutingTheDiscontinuedOperation" xlink:label="p-FINREP_GainLossOnDisposalOfTheAssetsOrTheDisposalGroupsConstitutingTheDiscontinuedOperation" />
    <definitionArc xlink:type="arc" xlink:arcrole="http://xbrl.org/int/dim/arcrole/domain-member" xlink:from="p-FINREP_PreTaxGainLossOnMeasurementOfFairValueLessCostToSellOrOnDisposalOfDiscontinuedOperations" xlink:to="p-FINREP_GainLossOnDisposalOfTheAssetsOrTheDisposalGroupsConstitutingTheDiscontinuedOperation" order="2" use="optional" />
    <loc xlink:type="locator" xlink:href="p-FINREP-2008-01-01.xsd#p-FINREP_AdjustmentsDirectlyRelatedToTheDisposalOfADiscontinuedOperationInAPriorPeriod" xlink:label="p-FINREP_AdjustmentsDirectlyRelatedToTheDisposalOfADiscontinuedOperationInAPriorPeriod" />
    <definitionArc xlink:type="arc" xlink:arcrole="http://xbrl.org/int/dim/arcrole/domain-member" xlink:from="p-FINREP_PreTaxGainLossOnMeasurementOfFairValueLessCostToSellOrOnDisposalOfDiscontinuedOperations" xlink:to="p-FINREP_AdjustmentsDirectlyRelatedToTheDisposalOfADiscontinuedOperationInAPriorPeriod" order="3" use="optional" />
    <loc xlink:type="locator" xlink:href="http://xbrl.iasb.org/int/fr/ifrs/gp/2006-08-15/ifrs-gp-2006-08-15.xsd#ifrs-gp_IncomeTaxExpenseIncomeOnGainOrLossOnMeasurementOfFairValueLessCostToSellOrOnDisposalOfDiscontinuedOperations" xlink:label="ifrs-gp_IncomeTaxExpenseIncomeOnGainOrLossOnMeasurementOfFairValueLessCostToSellOrOnDisposalOfDiscontinuedOperations" />
    <definitionArc xlink:type="arc" xlink:arcrole="http://xbrl.org/int/dim/arcrole/domain-member" xlink:from="p-FINREP_PostTaxGainLossRecognisedOnMeasurementOfFairValueLessCostToSellOrOnDisposalOfDiscontinuedOperations" xlink:to="ifrs-gp_IncomeTaxExpenseIncomeOnGainOrLossOnMeasurementOfFairValueLessCostToSellOrOnDisposalOfDiscontinuedOperations" order="2" use="optional" />
</definitionLink>
</linkbase>