<?xml version="1.0" encoding="utf-8"?>
<?taxonomy-version 1.3.2?>
<!--Copyright (C) 2011 EBA - European Banking Authority, Tower 42, 25 Old Broad Street, London, EC2N 1HQ, United Kingdom.-->   
<linkbase
	xmlns="http://www.xbrl.org/2003/linkbase"
	xmlns:xsi="http://www.w3.org/2001/XMLSchema-instance"
	xmlns:xlink="http://www.w3.org/1999/xlink"
	xsi:schemaLocation=" http://www.xbrl.org/2003/linkbase http://www.xbrl.org/2003/xbrl-linkbase-2003-12-31.xsd">
  <roleRef xlink:type="simple" xlink:href="p-FINREP-2008-01-01-T18-Provisions.xsd#Provisions" roleURI="http://www.c-ebs.org/eu/fr/esrs/finrep/2008-01-01/role/Provisions" />
  <calculationLink xlink:type="extended" xlink:role="http://www.c-ebs.org/eu/fr/esrs/finrep/2008-01-01/role/Provisions">
    <loc xlink:type="locator" xlink:href="http://xbrl.iasb.org/int/fr/ifrs/gp/2006-08-15/ifrs-gp-2006-08-15.xsd#ifrs-gp_ForeignCurrencyExchangeIncreaseDecreaseProvisionsTotal" xlink:label="ifrs-gp_ForeignCurrencyExchangeIncreaseDecreaseProvisionsTotal" />
    <loc xlink:type="locator" xlink:href="http://xbrl.iasb.org/int/fr/ifrs/gp/2006-08-15/ifrs-gp-2006-08-15.xsd#ifrs-gp_ForeignCurrencyExchangeIncreaseDecreaseRestructuringProvision" xlink:label="ifrs-gp_ForeignCurrencyExchangeIncreaseDecreaseRestructuringProvision" />
    <calculationArc xlink:type="arc" xlink:arcrole="http://www.xbrl.org/2003/arcrole/summation-item" xlink:from="ifrs-gp_ForeignCurrencyExchangeIncreaseDecreaseProvisionsTotal" xlink:to="ifrs-gp_ForeignCurrencyExchangeIncreaseDecreaseRestructuringProvision" order="1" weight="1" use="optional" />
    <loc xlink:type="locator" xlink:href="http://xbrl.iasb.org/int/fr/ifrs/gp/2006-08-15/ifrs-gp-2006-08-15.xsd#ifrs-gp_ForeignCurrencyExchangeIncreaseDecreaseLegalProceedingsProvision" xlink:label="ifrs-gp_ForeignCurrencyExchangeIncreaseDecreaseLegalProceedingsProvision" />
    <calculationArc xlink:type="arc" xlink:arcrole="http://www.xbrl.org/2003/arcrole/summation-item" xlink:from="ifrs-gp_ForeignCurrencyExchangeIncreaseDecreaseProvisionsTotal" xlink:to="ifrs-gp_ForeignCurrencyExchangeIncreaseDecreaseLegalProceedingsProvision" order="2" weight="1" use="optional" />
    <loc xlink:type="locator" xlink:href="p-FINREP-2008-01-01.xsd#p-FINREP_ForeignCurrencyExchangeIncreaseDecreasePensionsAndOtherPostRetirementBenefitObligationProvisions" xlink:label="p-FINREP_ForeignCurrencyExchangeIncreaseDecreasePensionsAndOtherPostRetirementBenefitObligationProvisions" />
    <calculationArc xlink:type="arc" xlink:arcrole="http://www.xbrl.org/2003/arcrole/summation-item" xlink:from="ifrs-gp_ForeignCurrencyExchangeIncreaseDecreaseProvisionsTotal" xlink:to="p-FINREP_ForeignCurrencyExchangeIncreaseDecreasePensionsAndOtherPostRetirementBenefitObligationProvisions" order="3" weight="1" use="optional" />
    <loc xlink:type="locator" xlink:href="p-FINREP-2008-01-01.xsd#p-FINREP_ForeignCurrencyExchangeIncreaseDecreaseLoanCommitmentsAndGuaranteesProvision" xlink:label="p-FINREP_ForeignCurrencyExchangeIncreaseDecreaseLoanCommitmentsAndGuaranteesProvision" />
    <calculationArc xlink:type="arc" xlink:arcrole="http://www.xbrl.org/2003/arcrole/summation-item" xlink:from="ifrs-gp_ForeignCurrencyExchangeIncreaseDecreaseProvisionsTotal" xlink:to="p-FINREP_ForeignCurrencyExchangeIncreaseDecreaseLoanCommitmentsAndGuaranteesProvision" order="4" weight="1" use="optional" />
    <loc xlink:type="locator" xlink:href="http://xbrl.iasb.org/int/fr/ifrs/gp/2006-08-15/ifrs-gp-2006-08-15.xsd#ifrs-gp_ForeignCurrencyExchangeIncreaseDecreaseOnerousContractsProvision" xlink:label="ifrs-gp_ForeignCurrencyExchangeIncreaseDecreaseOnerousContractsProvision" />
    <calculationArc xlink:type="arc" xlink:arcrole="http://www.xbrl.org/2003/arcrole/summation-item" xlink:from="ifrs-gp_ForeignCurrencyExchangeIncreaseDecreaseProvisionsTotal" xlink:to="ifrs-gp_ForeignCurrencyExchangeIncreaseDecreaseOnerousContractsProvision" order="5" weight="1" use="optional" />
    <loc xlink:type="locator" xlink:href="p-FINREP-2008-01-01.xsd#p-FINREP_ForeignCurrencyExchangeIncreaseDecreaseOtherProvisions" xlink:label="p-FINREP_ForeignCurrencyExchangeIncreaseDecreaseOtherProvisions" />
    <calculationArc xlink:type="arc" xlink:arcrole="http://www.xbrl.org/2003/arcrole/summation-item" xlink:from="ifrs-gp_ForeignCurrencyExchangeIncreaseDecreaseProvisionsTotal" xlink:to="p-FINREP_ForeignCurrencyExchangeIncreaseDecreaseOtherProvisions" order="6" weight="1" use="optional" />
    <loc xlink:type="locator" xlink:href="http://xbrl.iasb.org/int/fr/ifrs/gp/2006-08-15/ifrs-gp-2006-08-15.xsd#ifrs-gp_OtherIncreaseDecreaseProvisionsTotal" xlink:label="ifrs-gp_OtherIncreaseDecreaseProvisionsTotal" />
    <loc xlink:type="locator" xlink:href="http://xbrl.iasb.org/int/fr/ifrs/gp/2006-08-15/ifrs-gp-2006-08-15.xsd#ifrs-gp_OtherIncreaseDecreaseRestructuringProvision" xlink:label="ifrs-gp_OtherIncreaseDecreaseRestructuringProvision" />
    <calculationArc xlink:type="arc" xlink:arcrole="http://www.xbrl.org/2003/arcrole/summation-item" xlink:from="ifrs-gp_OtherIncreaseDecreaseProvisionsTotal" xlink:to="ifrs-gp_OtherIncreaseDecreaseRestructuringProvision" order="1" weight="1" use="optional" />
    <loc xlink:type="locator" xlink:href="http://xbrl.iasb.org/int/fr/ifrs/gp/2006-08-15/ifrs-gp-2006-08-15.xsd#ifrs-gp_OtherIncreaseDecreaseLegalProceedingsProvision" xlink:label="ifrs-gp_OtherIncreaseDecreaseLegalProceedingsProvision" />
    <calculationArc xlink:type="arc" xlink:arcrole="http://www.xbrl.org/2003/arcrole/summation-item" xlink:from="ifrs-gp_OtherIncreaseDecreaseProvisionsTotal" xlink:to="ifrs-gp_OtherIncreaseDecreaseLegalProceedingsProvision" order="2" weight="1" use="optional" />
    <loc xlink:type="locator" xlink:href="p-FINREP-2008-01-01.xsd#p-FINREP_OtherIncreaseDecreasePensionsAndOtherPostRetirementBenefitObligationProvisions" xlink:label="p-FINREP_OtherIncreaseDecreasePensionsAndOtherPostRetirementBenefitObligationProvisions" />
    <calculationArc xlink:type="arc" xlink:arcrole="http://www.xbrl.org/2003/arcrole/summation-item" xlink:from="ifrs-gp_OtherIncreaseDecreaseProvisionsTotal" xlink:to="p-FINREP_OtherIncreaseDecreasePensionsAndOtherPostRetirementBenefitObligationProvisions" order="3" weight="1" use="optional" />
    <loc xlink:type="locator" xlink:href="p-FINREP-2008-01-01.xsd#p-FINREP_OtherIncreaseDecreaseLoanCommitmentsAndGuaranteesProvision" xlink:label="p-FINREP_OtherIncreaseDecreaseLoanCommitmentsAndGuaranteesProvision" />
    <calculationArc xlink:type="arc" xlink:arcrole="http://www.xbrl.org/2003/arcrole/summation-item" xlink:from="ifrs-gp_OtherIncreaseDecreaseProvisionsTotal" xlink:to="p-FINREP_OtherIncreaseDecreaseLoanCommitmentsAndGuaranteesProvision" order="4" weight="1" use="optional" />
    <loc xlink:type="locator" xlink:href="http://xbrl.iasb.org/int/fr/ifrs/gp/2006-08-15/ifrs-gp-2006-08-15.xsd#ifrs-gp_OtherIncreaseDecreaseOnerousContractsProvision" xlink:label="ifrs-gp_OtherIncreaseDecreaseOnerousContractsProvision" />
    <calculationArc xlink:type="arc" xlink:arcrole="http://www.xbrl.org/2003/arcrole/summation-item" xlink:from="ifrs-gp_OtherIncreaseDecreaseProvisionsTotal" xlink:to="ifrs-gp_OtherIncreaseDecreaseOnerousContractsProvision" order="5" weight="1" use="optional" />
    <loc xlink:type="locator" xlink:href="p-FINREP-2008-01-01.xsd#p-FINREP_OtherIncreaseDecreaseOtherProvisions" xlink:label="p-FINREP_OtherIncreaseDecreaseOtherProvisions" />
    <calculationArc xlink:type="arc" xlink:arcrole="http://www.xbrl.org/2003/arcrole/summation-item" xlink:from="ifrs-gp_OtherIncreaseDecreaseProvisionsTotal" xlink:to="p-FINREP_OtherIncreaseDecreaseOtherProvisions" order="6" weight="1" use="optional" />
    <loc xlink:type="locator" xlink:href="http://xbrl.iasb.org/int/fr/ifrs/gp/2006-08-15/ifrs-gp-2006-08-15.xsd#ifrs-gp_ProvisionsTotal" xlink:label="ifrs-gp_ProvisionsTotal" />
    <loc xlink:type="locator" xlink:href="http://xbrl.iasb.org/int/fr/ifrs/gp/2006-08-15/ifrs-gp-2006-08-15.xsd#ifrs-gp_RestructuringProvisionTotal" xlink:label="ifrs-gp_RestructuringProvisionTotal" />
    <calculationArc xlink:type="arc" xlink:arcrole="http://www.xbrl.org/2003/arcrole/summation-item" xlink:from="ifrs-gp_ProvisionsTotal" xlink:to="ifrs-gp_RestructuringProvisionTotal" order="1" weight="1" use="optional" />
    <loc xlink:type="locator" xlink:href="http://xbrl.iasb.org/int/fr/ifrs/gp/2006-08-15/ifrs-gp-2006-08-15.xsd#ifrs-gp_LegalProceedingsProvisionTotal" xlink:label="ifrs-gp_LegalProceedingsProvisionTotal" />
    <calculationArc xlink:type="arc" xlink:arcrole="http://www.xbrl.org/2003/arcrole/summation-item" xlink:from="ifrs-gp_ProvisionsTotal" xlink:to="ifrs-gp_LegalProceedingsProvisionTotal" order="2" weight="1" use="optional" />
    <loc xlink:type="locator" xlink:href="p-FINREP-2008-01-01.xsd#p-FINREP_PensionsAndOtherPostRetirementBenefitObligationProvisionTotal" xlink:label="p-FINREP_PensionsAndOtherPostRetirementBenefitObligationProvisionTotal" />
    <calculationArc xlink:type="arc" xlink:arcrole="http://www.xbrl.org/2003/arcrole/summation-item" xlink:from="ifrs-gp_ProvisionsTotal" xlink:to="p-FINREP_PensionsAndOtherPostRetirementBenefitObligationProvisionTotal" order="3" weight="1" use="optional" />
    <loc xlink:type="locator" xlink:href="p-FINREP-2008-01-01.xsd#p-FINREP_LoanCommitmentsAndGuaranteesProvisionTotal" xlink:label="p-FINREP_LoanCommitmentsAndGuaranteesProvisionTotal" />
    <calculationArc xlink:type="arc" xlink:arcrole="http://www.xbrl.org/2003/arcrole/summation-item" xlink:from="ifrs-gp_ProvisionsTotal" xlink:to="p-FINREP_LoanCommitmentsAndGuaranteesProvisionTotal" order="4" weight="1" use="optional" />
    <loc xlink:type="locator" xlink:href="http://xbrl.iasb.org/int/fr/ifrs/gp/2006-08-15/ifrs-gp-2006-08-15.xsd#ifrs-gp_OnerousContractsProvisionTotal" xlink:label="ifrs-gp_OnerousContractsProvisionTotal" />
    <calculationArc xlink:type="arc" xlink:arcrole="http://www.xbrl.org/2003/arcrole/summation-item" xlink:from="ifrs-gp_ProvisionsTotal" xlink:to="ifrs-gp_OnerousContractsProvisionTotal" order="5" weight="1" use="optional" />
    <loc xlink:type="locator" xlink:href="p-FINREP-2008-01-01.xsd#p-FINREP_OtherProvisionsTotal" xlink:label="p-FINREP_OtherProvisionsTotal" />
    <calculationArc xlink:type="arc" xlink:arcrole="http://www.xbrl.org/2003/arcrole/summation-item" xlink:from="ifrs-gp_ProvisionsTotal" xlink:to="p-FINREP_OtherProvisionsTotal" order="6" weight="1" use="optional" />
    <loc xlink:type="locator" xlink:href="http://xbrl.iasb.org/int/fr/ifrs/gp/2006-08-15/ifrs-gp-2006-08-15.xsd#ifrs-gp_ProvisionUsedProvisionsTotal" xlink:label="ifrs-gp_ProvisionUsedProvisionsTotal" />
    <loc xlink:type="locator" xlink:href="http://xbrl.iasb.org/int/fr/ifrs/gp/2006-08-15/ifrs-gp-2006-08-15.xsd#ifrs-gp_ProvisionUsedRestructuringProvision" xlink:label="ifrs-gp_ProvisionUsedRestructuringProvision" />
    <calculationArc xlink:type="arc" xlink:arcrole="http://www.xbrl.org/2003/arcrole/summation-item" xlink:from="ifrs-gp_ProvisionUsedProvisionsTotal" xlink:to="ifrs-gp_ProvisionUsedRestructuringProvision" order="1" weight="1" use="optional" />
    <loc xlink:type="locator" xlink:href="http://xbrl.iasb.org/int/fr/ifrs/gp/2006-08-15/ifrs-gp-2006-08-15.xsd#ifrs-gp_ProvisionUsedLegalProceedingsProvision" xlink:label="ifrs-gp_ProvisionUsedLegalProceedingsProvision" />
    <calculationArc xlink:type="arc" xlink:arcrole="http://www.xbrl.org/2003/arcrole/summation-item" xlink:from="ifrs-gp_ProvisionUsedProvisionsTotal" xlink:to="ifrs-gp_ProvisionUsedLegalProceedingsProvision" order="2" weight="1" use="optional" />
    <loc xlink:type="locator" xlink:href="p-FINREP-2008-01-01.xsd#p-FINREP_ProvisionUsedPensionsAndOtherPostRetirementBenefitObligationProvisions" xlink:label="p-FINREP_ProvisionUsedPensionsAndOtherPostRetirementBenefitObligationProvisions" />
    <calculationArc xlink:type="arc" xlink:arcrole="http://www.xbrl.org/2003/arcrole/summation-item" xlink:from="ifrs-gp_ProvisionUsedProvisionsTotal" xlink:to="p-FINREP_ProvisionUsedPensionsAndOtherPostRetirementBenefitObligationProvisions" order="3" weight="1" use="optional" />
    <loc xlink:type="locator" xlink:href="p-FINREP-2008-01-01.xsd#p-FINREP_ProvisionUsedLoanCommitmentsAndGuaranteesProvision" xlink:label="p-FINREP_ProvisionUsedLoanCommitmentsAndGuaranteesProvision" />
    <calculationArc xlink:type="arc" xlink:arcrole="http://www.xbrl.org/2003/arcrole/summation-item" xlink:from="ifrs-gp_ProvisionUsedProvisionsTotal" xlink:to="p-FINREP_ProvisionUsedLoanCommitmentsAndGuaranteesProvision" order="4" weight="1" use="optional" />
    <loc xlink:type="locator" xlink:href="http://xbrl.iasb.org/int/fr/ifrs/gp/2006-08-15/ifrs-gp-2006-08-15.xsd#ifrs-gp_ProvisionUsedOnerousContractsProvision" xlink:label="ifrs-gp_ProvisionUsedOnerousContractsProvision" />
    <calculationArc xlink:type="arc" xlink:arcrole="http://www.xbrl.org/2003/arcrole/summation-item" xlink:from="ifrs-gp_ProvisionUsedProvisionsTotal" xlink:to="ifrs-gp_ProvisionUsedOnerousContractsProvision" order="5" weight="1" use="optional" />
    <loc xlink:type="locator" xlink:href="p-FINREP-2008-01-01.xsd#p-FINREP_ProvisionUsedOtherProvisions" xlink:label="p-FINREP_ProvisionUsedOtherProvisions" />
    <calculationArc xlink:type="arc" xlink:arcrole="http://www.xbrl.org/2003/arcrole/summation-item" xlink:from="ifrs-gp_ProvisionUsedProvisionsTotal" xlink:to="p-FINREP_ProvisionUsedOtherProvisions" order="6" weight="1" use="optional" />
    <loc xlink:type="locator" xlink:href="http://xbrl.iasb.org/int/fr/ifrs/gp/2006-08-15/ifrs-gp-2006-08-15.xsd#ifrs-gp_UnusedProvisionReversedProvisionsTotal" xlink:label="ifrs-gp_UnusedProvisionReversedProvisionsTotal" />
    <loc xlink:type="locator" xlink:href="http://xbrl.iasb.org/int/fr/ifrs/gp/2006-08-15/ifrs-gp-2006-08-15.xsd#ifrs-gp_UnusedProvisionReversedRestructuringProvision" xlink:label="ifrs-gp_UnusedProvisionReversedRestructuringProvision" />
    <calculationArc xlink:type="arc" xlink:arcrole="http://www.xbrl.org/2003/arcrole/summation-item" xlink:from="ifrs-gp_UnusedProvisionReversedProvisionsTotal" xlink:to="ifrs-gp_UnusedProvisionReversedRestructuringProvision" order="1" weight="1" use="optional" />
    <loc xlink:type="locator" xlink:href="http://xbrl.iasb.org/int/fr/ifrs/gp/2006-08-15/ifrs-gp-2006-08-15.xsd#ifrs-gp_UnusedProvisionReversedLegalProceedingsProvision" xlink:label="ifrs-gp_UnusedProvisionReversedLegalProceedingsProvision" />
    <calculationArc xlink:type="arc" xlink:arcrole="http://www.xbrl.org/2003/arcrole/summation-item" xlink:from="ifrs-gp_UnusedProvisionReversedProvisionsTotal" xlink:to="ifrs-gp_UnusedProvisionReversedLegalProceedingsProvision" order="2" weight="1" use="optional" />
    <loc xlink:type="locator" xlink:href="p-FINREP-2008-01-01.xsd#p-FINREP_UnusedProvisionReversedPensionsAndOtherPostRetirementBenefitObligationProvisions" xlink:label="p-FINREP_UnusedProvisionReversedPensionsAndOtherPostRetirementBenefitObligationProvisions" />
    <calculationArc xlink:type="arc" xlink:arcrole="http://www.xbrl.org/2003/arcrole/summation-item" xlink:from="ifrs-gp_UnusedProvisionReversedProvisionsTotal" xlink:to="p-FINREP_UnusedProvisionReversedPensionsAndOtherPostRetirementBenefitObligationProvisions" order="3" weight="1" use="optional" />
    <loc xlink:type="locator" xlink:href="p-FINREP-2008-01-01.xsd#p-FINREP_UnusedProvisionReversedLoanCommitmentsAndGuaranteesProvision" xlink:label="p-FINREP_UnusedProvisionReversedLoanCommitmentsAndGuaranteesProvision" />
    <calculationArc xlink:type="arc" xlink:arcrole="http://www.xbrl.org/2003/arcrole/summation-item" xlink:from="ifrs-gp_UnusedProvisionReversedProvisionsTotal" xlink:to="p-FINREP_UnusedProvisionReversedLoanCommitmentsAndGuaranteesProvision" order="4" weight="1" use="optional" />
    <loc xlink:type="locator" xlink:href="http://xbrl.iasb.org/int/fr/ifrs/gp/2006-08-15/ifrs-gp-2006-08-15.xsd#ifrs-gp_UnusedProvisionReversedOnerousContractsProvision" xlink:label="ifrs-gp_UnusedProvisionReversedOnerousContractsProvision" />
    <calculationArc xlink:type="arc" xlink:arcrole="http://www.xbrl.org/2003/arcrole/summation-item" xlink:from="ifrs-gp_UnusedProvisionReversedProvisionsTotal" xlink:to="ifrs-gp_UnusedProvisionReversedOnerousContractsProvision" order="5" weight="1" use="optional" />
    <loc xlink:type="locator" xlink:href="p-FINREP-2008-01-01.xsd#p-FINREP_UnusedProvisionReversedOtherProvisions" xlink:label="p-FINREP_UnusedProvisionReversedOtherProvisions" />
    <calculationArc xlink:type="arc" xlink:arcrole="http://www.xbrl.org/2003/arcrole/summation-item" xlink:from="ifrs-gp_UnusedProvisionReversedProvisionsTotal" xlink:to="p-FINREP_UnusedProvisionReversedOtherProvisions" order="6" weight="1" use="optional" />
    <loc xlink:type="locator" xlink:href="p-FINREP-2008-01-01.xsd#p-FINREP_AcquisitionsDisposalsThroughBusinessCombinationsProvisionsTotal" xlink:label="p-FINREP_AcquisitionsDisposalsThroughBusinessCombinationsProvisionsTotal" />
    <loc xlink:type="locator" xlink:href="p-FINREP-2008-01-01.xsd#p-FINREP_AcquisitionsDisposalsThroughBusinessCombinationsRestructuringProvision" xlink:label="p-FINREP_AcquisitionsDisposalsThroughBusinessCombinationsRestructuringProvision" />
    <calculationArc xlink:type="arc" xlink:arcrole="http://www.xbrl.org/2003/arcrole/summation-item" xlink:from="p-FINREP_AcquisitionsDisposalsThroughBusinessCombinationsProvisionsTotal" xlink:to="p-FINREP_AcquisitionsDisposalsThroughBusinessCombinationsRestructuringProvision" order="1" weight="1" use="optional" />
    <loc xlink:type="locator" xlink:href="p-FINREP-2008-01-01.xsd#p-FINREP_AcquisitionsDisposalsThroughBusinessCombinationsLegalProceedingsProvision" xlink:label="p-FINREP_AcquisitionsDisposalsThroughBusinessCombinationsLegalProceedingsProvision" />
    <calculationArc xlink:type="arc" xlink:arcrole="http://www.xbrl.org/2003/arcrole/summation-item" xlink:from="p-FINREP_AcquisitionsDisposalsThroughBusinessCombinationsProvisionsTotal" xlink:to="p-FINREP_AcquisitionsDisposalsThroughBusinessCombinationsLegalProceedingsProvision" order="2" weight="1" use="optional" />
    <loc xlink:type="locator" xlink:href="p-FINREP-2008-01-01.xsd#p-FINREP_AcquisitionsDisposalsThroughBusinessCombinationsPensionsAndOtherPostRetirementBenefitObligationProvisions" xlink:label="p-FINREP_AcquisitionsDisposalsThroughBusinessCombinationsPensionsAndOtherPostRetirementBenefitObligationProvisions" />
    <calculationArc xlink:type="arc" xlink:arcrole="http://www.xbrl.org/2003/arcrole/summation-item" xlink:from="p-FINREP_AcquisitionsDisposalsThroughBusinessCombinationsProvisionsTotal" xlink:to="p-FINREP_AcquisitionsDisposalsThroughBusinessCombinationsPensionsAndOtherPostRetirementBenefitObligationProvisions" order="3" weight="1" use="optional" />
    <loc xlink:type="locator" xlink:href="p-FINREP-2008-01-01.xsd#p-FINREP_AcquisitionsDisposalsThroughBusinessCombinationsLoanCommitmentsAndGuaranteesProvision" xlink:label="p-FINREP_AcquisitionsDisposalsThroughBusinessCombinationsLoanCommitmentsAndGuaranteesProvision" />
    <calculationArc xlink:type="arc" xlink:arcrole="http://www.xbrl.org/2003/arcrole/summation-item" xlink:from="p-FINREP_AcquisitionsDisposalsThroughBusinessCombinationsProvisionsTotal" xlink:to="p-FINREP_AcquisitionsDisposalsThroughBusinessCombinationsLoanCommitmentsAndGuaranteesProvision" order="4" weight="1" use="optional" />
    <loc xlink:type="locator" xlink:href="p-FINREP-2008-01-01.xsd#p-FINREP_AcquisitionsDisposalsThroughBusinessCombinationsOnerousContractsProvision" xlink:label="p-FINREP_AcquisitionsDisposalsThroughBusinessCombinationsOnerousContractsProvision" />
    <calculationArc xlink:type="arc" xlink:arcrole="http://www.xbrl.org/2003/arcrole/summation-item" xlink:from="p-FINREP_AcquisitionsDisposalsThroughBusinessCombinationsProvisionsTotal" xlink:to="p-FINREP_AcquisitionsDisposalsThroughBusinessCombinationsOnerousContractsProvision" order="5" weight="1" use="optional" />
    <loc xlink:type="locator" xlink:href="p-FINREP-2008-01-01.xsd#p-FINREP_AcquisitionsDisposalsThroughBusinessCombinationsOtherProvisions" xlink:label="p-FINREP_AcquisitionsDisposalsThroughBusinessCombinationsOtherProvisions" />
    <calculationArc xlink:type="arc" xlink:arcrole="http://www.xbrl.org/2003/arcrole/summation-item" xlink:from="p-FINREP_AcquisitionsDisposalsThroughBusinessCombinationsProvisionsTotal" xlink:to="p-FINREP_AcquisitionsDisposalsThroughBusinessCombinationsOtherProvisions" order="6" weight="1" use="optional" />
    <loc xlink:type="locator" xlink:href="p-FINREP-2008-01-01.xsd#p-FINREP_AdditionsProvisionsTotal" xlink:label="p-FINREP_AdditionsProvisionsTotal" />
    <loc xlink:type="locator" xlink:href="p-FINREP-2008-01-01.xsd#p-FINREP_AdditionsRestructuringProvision" xlink:label="p-FINREP_AdditionsRestructuringProvision" />
    <calculationArc xlink:type="arc" xlink:arcrole="http://www.xbrl.org/2003/arcrole/summation-item" xlink:from="p-FINREP_AdditionsProvisionsTotal" xlink:to="p-FINREP_AdditionsRestructuringProvision" order="1" weight="1" use="optional" />
    <loc xlink:type="locator" xlink:href="p-FINREP-2008-01-01.xsd#p-FINREP_AdditionsLegalProceedingsProvision" xlink:label="p-FINREP_AdditionsLegalProceedingsProvision" />
    <calculationArc xlink:type="arc" xlink:arcrole="http://www.xbrl.org/2003/arcrole/summation-item" xlink:from="p-FINREP_AdditionsProvisionsTotal" xlink:to="p-FINREP_AdditionsLegalProceedingsProvision" order="2" weight="1" use="optional" />
    <loc xlink:type="locator" xlink:href="p-FINREP-2008-01-01.xsd#p-FINREP_AdditionsPensionsAndOtherPostRetirementBenefitObligationProvisions" xlink:label="p-FINREP_AdditionsPensionsAndOtherPostRetirementBenefitObligationProvisions" />
    <calculationArc xlink:type="arc" xlink:arcrole="http://www.xbrl.org/2003/arcrole/summation-item" xlink:from="p-FINREP_AdditionsProvisionsTotal" xlink:to="p-FINREP_AdditionsPensionsAndOtherPostRetirementBenefitObligationProvisions" order="3" weight="1" use="optional" />
    <loc xlink:type="locator" xlink:href="p-FINREP-2008-01-01.xsd#p-FINREP_AdditionsLoanCommitmentsAndGuaranteesProvision" xlink:label="p-FINREP_AdditionsLoanCommitmentsAndGuaranteesProvision" />
    <calculationArc xlink:type="arc" xlink:arcrole="http://www.xbrl.org/2003/arcrole/summation-item" xlink:from="p-FINREP_AdditionsProvisionsTotal" xlink:to="p-FINREP_AdditionsLoanCommitmentsAndGuaranteesProvision" order="4" weight="1" use="optional" />
    <loc xlink:type="locator" xlink:href="p-FINREP-2008-01-01.xsd#p-FINREP_AdditionsOnerousContractsProvision" xlink:label="p-FINREP_AdditionsOnerousContractsProvision" />
    <calculationArc xlink:type="arc" xlink:arcrole="http://www.xbrl.org/2003/arcrole/summation-item" xlink:from="p-FINREP_AdditionsProvisionsTotal" xlink:to="p-FINREP_AdditionsOnerousContractsProvision" order="5" weight="1" use="optional" />
    <loc xlink:type="locator" xlink:href="p-FINREP-2008-01-01.xsd#p-FINREP_AdditionsOtherProvisions" xlink:label="p-FINREP_AdditionsOtherProvisions" />
    <calculationArc xlink:type="arc" xlink:arcrole="http://www.xbrl.org/2003/arcrole/summation-item" xlink:from="p-FINREP_AdditionsProvisionsTotal" xlink:to="p-FINREP_AdditionsOtherProvisions" order="6" weight="1" use="optional" />
    <loc xlink:type="locator" xlink:href="p-FINREP-2008-01-01.xsd#p-FINREP_IncreaseDecreaseInTheTimeValueOfMoneyAdjustmentAndChangeInDiscountRateProvisionsTotal" xlink:label="p-FINREP_IncreaseDecreaseInTheTimeValueOfMoneyAdjustmentAndChangeInDiscountRateProvisionsTotal" />
    <loc xlink:type="locator" xlink:href="p-FINREP-2008-01-01.xsd#p-FINREP_IncreaseDecreaseInTheTimeValueOfMoneyAdjustmentAndChangeInDiscountRateRestructuringProvision" xlink:label="p-FINREP_IncreaseDecreaseInTheTimeValueOfMoneyAdjustmentAndChangeInDiscountRateRestructuringProvision" />
    <calculationArc xlink:type="arc" xlink:arcrole="http://www.xbrl.org/2003/arcrole/summation-item" xlink:from="p-FINREP_IncreaseDecreaseInTheTimeValueOfMoneyAdjustmentAndChangeInDiscountRateProvisionsTotal" xlink:to="p-FINREP_IncreaseDecreaseInTheTimeValueOfMoneyAdjustmentAndChangeInDiscountRateRestructuringProvision" order="1" weight="1" use="optional" />
    <loc xlink:type="locator" xlink:href="p-FINREP-2008-01-01.xsd#p-FINREP_IncreaseDecreaseInTheTimeValueOfMoneyAdjustmentAndChangeInDiscountRateLegalProceedingsProvision" xlink:label="p-FINREP_IncreaseDecreaseInTheTimeValueOfMoneyAdjustmentAndChangeInDiscountRateLegalProceedingsProvision" />
    <calculationArc xlink:type="arc" xlink:arcrole="http://www.xbrl.org/2003/arcrole/summation-item" xlink:from="p-FINREP_IncreaseDecreaseInTheTimeValueOfMoneyAdjustmentAndChangeInDiscountRateProvisionsTotal" xlink:to="p-FINREP_IncreaseDecreaseInTheTimeValueOfMoneyAdjustmentAndChangeInDiscountRateLegalProceedingsProvision" order="2" weight="1" use="optional" />
    <loc xlink:type="locator" xlink:href="p-FINREP-2008-01-01.xsd#p-FINREP_IncreaseDecreaseInTheTimeValueOfMoneyAdjustmentAndChangeInDiscountRatePensionsAndOtherPostRetirementBenefitObligationProvisions" xlink:label="p-FINREP_IncreaseDecreaseInTheTimeValueOfMoneyAdjustmentAndChangeInDiscountRatePensionsAndOtherPostRetirementBenefitObligationProvisions" />
    <calculationArc xlink:type="arc" xlink:arcrole="http://www.xbrl.org/2003/arcrole/summation-item" xlink:from="p-FINREP_IncreaseDecreaseInTheTimeValueOfMoneyAdjustmentAndChangeInDiscountRateProvisionsTotal" xlink:to="p-FINREP_IncreaseDecreaseInTheTimeValueOfMoneyAdjustmentAndChangeInDiscountRatePensionsAndOtherPostRetirementBenefitObligationProvisions" order="3" weight="1" use="optional" />
    <loc xlink:type="locator" xlink:href="p-FINREP-2008-01-01.xsd#p-FINREP_IncreaseDecreaseInTheTimeValueOfMoneyAdjustmentAndChangeInDiscountRateLoanCommitmentsAndGuaranteesProvision" xlink:label="p-FINREP_IncreaseDecreaseInTheTimeValueOfMoneyAdjustmentAndChangeInDiscountRateLoanCommitmentsAndGuaranteesProvision" />
    <calculationArc xlink:type="arc" xlink:arcrole="http://www.xbrl.org/2003/arcrole/summation-item" xlink:from="p-FINREP_IncreaseDecreaseInTheTimeValueOfMoneyAdjustmentAndChangeInDiscountRateProvisionsTotal" xlink:to="p-FINREP_IncreaseDecreaseInTheTimeValueOfMoneyAdjustmentAndChangeInDiscountRateLoanCommitmentsAndGuaranteesProvision" order="4" weight="1" use="optional" />
    <loc xlink:type="locator" xlink:href="p-FINREP-2008-01-01.xsd#p-FINREP_IncreaseDecreaseInTheTimeValueOfMoneyAdjustmentAndChangeInDiscountRateOnerousContractsProvision" xlink:label="p-FINREP_IncreaseDecreaseInTheTimeValueOfMoneyAdjustmentAndChangeInDiscountRateOnerousContractsProvision" />
    <calculationArc xlink:type="arc" xlink:arcrole="http://www.xbrl.org/2003/arcrole/summation-item" xlink:from="p-FINREP_IncreaseDecreaseInTheTimeValueOfMoneyAdjustmentAndChangeInDiscountRateProvisionsTotal" xlink:to="p-FINREP_IncreaseDecreaseInTheTimeValueOfMoneyAdjustmentAndChangeInDiscountRateOnerousContractsProvision" order="5" weight="1" use="optional" />
    <loc xlink:type="locator" xlink:href="p-FINREP-2008-01-01.xsd#p-FINREP_IncreaseDecreaseInTheTimeValueOfMoneyAdjustmentAndChangeInDiscountRateOtherProvisions" xlink:label="p-FINREP_IncreaseDecreaseInTheTimeValueOfMoneyAdjustmentAndChangeInDiscountRateOtherProvisions" />
    <calculationArc xlink:type="arc" xlink:arcrole="http://www.xbrl.org/2003/arcrole/summation-item" xlink:from="p-FINREP_IncreaseDecreaseInTheTimeValueOfMoneyAdjustmentAndChangeInDiscountRateProvisionsTotal" xlink:to="p-FINREP_IncreaseDecreaseInTheTimeValueOfMoneyAdjustmentAndChangeInDiscountRateOtherProvisions" order="6" weight="1" use="optional" />
  </calculationLink>
</linkbase>