<?xml version="1.0" encoding="utf-8"?>
<?taxonomy-version 1.3.2?>
<!--Copyright (C) 2011 EBA - European Banking Authority, Tower 42, 25 Old Broad Street, London, EC2N 1HQ, United Kingdom.-->   
<linkbase
	xmlns="http://www.xbrl.org/2003/linkbase"
	xmlns:xsi="http://www.w3.org/2001/XMLSchema-instance"
	xmlns:xlink="http://www.w3.org/1999/xlink"
	xsi:schemaLocation=" http://www.xbrl.org/2003/linkbase http://www.xbrl.org/2003/xbrl-linkbase-2003-12-31.xsd">
  <roleRef xlink:type="simple" xlink:href="p-FINREP-2008-01-01-T20-FeeAndCommissionIncomeAndExpenses.xsd#FeeAndCommissionIncomeAndExpenses" roleURI="http://www.c-ebs.org/eu/fr/esrs/finrep/2008-01-01/role/FeeAndCommissionIncomeAndExpenses" />
  <presentationLink xlink:type="extended" xlink:role="http://www.c-ebs.org/eu/fr/esrs/finrep/2008-01-01/role/FeeAndCommissionIncomeAndExpenses">
    <loc xlink:type="locator" xlink:href="p-FINREP-2008-01-01.xsd#p-FINREP_FeesAndCommissionPresentation" xlink:label="p-FINREP_FeesAndCommissionPresentation" />
    <loc xlink:type="locator" xlink:href="p-FINREP-2008-01-01.xsd#p-FINREP_FeesAndCommissionIncomePresentation" xlink:label="p-FINREP_FeesAndCommissionIncomePresentation" />
    <presentationArc xlink:type="arc" xlink:arcrole="http://www.xbrl.org/2003/arcrole/parent-child" xlink:from="p-FINREP_FeesAndCommissionPresentation" xlink:to="p-FINREP_FeesAndCommissionIncomePresentation" order="1" use="optional" />
    <loc xlink:type="locator" xlink:href="http://xbrl.iasb.org/int/fr/ifrs/gp/2006-08-15/ifrs-gp-2006-08-15.xsd#ifrs-gp_FeesAndCommissionIncomeSecuritiesIssuancesAndManagement" xlink:label="ifrs-gp_FeesAndCommissionIncomeSecuritiesIssuancesAndManagement" />
    <presentationArc xlink:type="arc" xlink:arcrole="http://www.xbrl.org/2003/arcrole/parent-child" xlink:from="p-FINREP_FeesAndCommissionIncomePresentation" xlink:to="ifrs-gp_FeesAndCommissionIncomeSecuritiesIssuancesAndManagement" order="1" use="optional" />
    <loc xlink:type="locator" xlink:href="p-FINREP-2008-01-01.xsd#p-FINREP_FeesAndCommissionIncomeSecuritiesIssued" xlink:label="p-FINREP_FeesAndCommissionIncomeSecuritiesIssued" />
    <presentationArc xlink:type="arc" xlink:arcrole="http://www.xbrl.org/2003/arcrole/parent-child" xlink:from="ifrs-gp_FeesAndCommissionIncomeSecuritiesIssuancesAndManagement" xlink:to="p-FINREP_FeesAndCommissionIncomeSecuritiesIssued" order="1" use="optional" />
    <loc xlink:type="locator" xlink:href="p-FINREP-2008-01-01.xsd#p-FINREP_FeesAndCommissionIncomeSecuritiesTransferOrders" xlink:label="p-FINREP_FeesAndCommissionIncomeSecuritiesTransferOrders" />
    <presentationArc xlink:type="arc" xlink:arcrole="http://www.xbrl.org/2003/arcrole/parent-child" xlink:from="ifrs-gp_FeesAndCommissionIncomeSecuritiesIssuancesAndManagement" xlink:to="p-FINREP_FeesAndCommissionIncomeSecuritiesTransferOrders" order="2" use="optional" />
    <loc xlink:type="locator" xlink:href="p-FINREP-2008-01-01.xsd#p-FINREP_FeesAndCommissionIncomeSecuritiesOther" xlink:label="p-FINREP_FeesAndCommissionIncomeSecuritiesOther" />
    <presentationArc xlink:type="arc" xlink:arcrole="http://www.xbrl.org/2003/arcrole/parent-child" xlink:from="ifrs-gp_FeesAndCommissionIncomeSecuritiesIssuancesAndManagement" xlink:to="p-FINREP_FeesAndCommissionIncomeSecuritiesOther" order="3" use="optional" />
    <loc xlink:type="locator" xlink:href="p-FINREP-2008-01-01.xsd#p-FINREP_FeesAndCommissionIncomeSecuritiesClearingAndSettlement" xlink:label="p-FINREP_FeesAndCommissionIncomeSecuritiesClearingAndSettlement" />
    <presentationArc xlink:type="arc" xlink:arcrole="http://www.xbrl.org/2003/arcrole/parent-child" xlink:from="p-FINREP_FeesAndCommissionIncomePresentation" xlink:to="p-FINREP_FeesAndCommissionIncomeSecuritiesClearingAndSettlement" order="2" use="optional" />
    <loc xlink:type="locator" xlink:href="p-FINREP-2008-01-01.xsd#p-FINREP_FeesAndCommissionIncomeTrustAndFiduciaryActivities" xlink:label="p-FINREP_FeesAndCommissionIncomeTrustAndFiduciaryActivities" />
    <presentationArc xlink:type="arc" xlink:arcrole="http://www.xbrl.org/2003/arcrole/parent-child" xlink:from="p-FINREP_FeesAndCommissionIncomePresentation" xlink:to="p-FINREP_FeesAndCommissionIncomeTrustAndFiduciaryActivities" order="3" use="optional" />
    <loc xlink:type="locator" xlink:href="http://xbrl.iasb.org/int/fr/ifrs/gp/2006-08-15/ifrs-gp-2006-08-15.xsd#ifrs-gp_FeesAndCommissionIncomeAssetsManagement" xlink:label="ifrs-gp_FeesAndCommissionIncomeAssetsManagement" />
    <presentationArc xlink:type="arc" xlink:arcrole="http://www.xbrl.org/2003/arcrole/parent-child" xlink:from="p-FINREP_FeesAndCommissionIncomeTrustAndFiduciaryActivities" xlink:to="ifrs-gp_FeesAndCommissionIncomeAssetsManagement" order="1" use="optional" />
    <loc xlink:type="locator" xlink:href="http://xbrl.iasb.org/int/fr/ifrs/gp/2006-08-15/ifrs-gp-2006-08-15.xsd#ifrs-gp_FeesAndCommissionIncomeCustody" xlink:label="ifrs-gp_FeesAndCommissionIncomeCustody" />
    <presentationArc xlink:type="arc" xlink:arcrole="http://www.xbrl.org/2003/arcrole/parent-child" xlink:from="p-FINREP_FeesAndCommissionIncomeTrustAndFiduciaryActivities" xlink:to="ifrs-gp_FeesAndCommissionIncomeCustody" order="2" use="optional" />
    <loc xlink:type="locator" xlink:href="http://xbrl.iasb.org/int/fr/ifrs/gp/2006-08-15/ifrs-gp-2006-08-15.xsd#ifrs-gp_FeesAndCommissionIncomeTrustAndOtherFiduciaryActivities" xlink:label="ifrs-gp_FeesAndCommissionIncomeTrustAndOtherFiduciaryActivities" />
    <presentationArc xlink:type="arc" xlink:arcrole="http://www.xbrl.org/2003/arcrole/parent-child" xlink:from="p-FINREP_FeesAndCommissionIncomeTrustAndFiduciaryActivities" xlink:to="ifrs-gp_FeesAndCommissionIncomeTrustAndOtherFiduciaryActivities" order="3" use="optional" />
    <loc xlink:type="locator" xlink:href="http://xbrl.iasb.org/int/fr/ifrs/gp/2006-08-15/ifrs-gp-2006-08-15.xsd#ifrs-gp_FeesAndCommissionIncomeCreditCommitments" xlink:label="ifrs-gp_FeesAndCommissionIncomeCreditCommitments" />
    <presentationArc xlink:type="arc" xlink:arcrole="http://www.xbrl.org/2003/arcrole/parent-child" xlink:from="p-FINREP_FeesAndCommissionIncomePresentation" xlink:to="ifrs-gp_FeesAndCommissionIncomeCreditCommitments" order="4" use="optional" />
    <loc xlink:type="locator" xlink:href="http://xbrl.iasb.org/int/fr/ifrs/gp/2006-08-15/ifrs-gp-2006-08-15.xsd#ifrs-gp_FeesAndCommissionIncomePaymentsServices" xlink:label="ifrs-gp_FeesAndCommissionIncomePaymentsServices" />
    <presentationArc xlink:type="arc" xlink:arcrole="http://www.xbrl.org/2003/arcrole/parent-child" xlink:from="p-FINREP_FeesAndCommissionIncomePresentation" xlink:to="ifrs-gp_FeesAndCommissionIncomePaymentsServices" order="5" use="optional" />
    <loc xlink:type="locator" xlink:href="p-FINREP-2008-01-01.xsd#p-FINREP_FeesAndCommissionIncomeStructuredFinance" xlink:label="p-FINREP_FeesAndCommissionIncomeStructuredFinance" />
    <presentationArc xlink:type="arc" xlink:arcrole="http://www.xbrl.org/2003/arcrole/parent-child" xlink:from="p-FINREP_FeesAndCommissionIncomePresentation" xlink:to="p-FINREP_FeesAndCommissionIncomeStructuredFinance" order="6" use="optional" />
    <loc xlink:type="locator" xlink:href="http://xbrl.iasb.org/int/fr/ifrs/gp/2006-08-15/ifrs-gp-2006-08-15.xsd#ifrs-gp_FeesAndCommissionIncomeServicingFeesFromSecuritisationActivities" xlink:label="ifrs-gp_FeesAndCommissionIncomeServicingFeesFromSecuritisationActivities" />
    <presentationArc xlink:type="arc" xlink:arcrole="http://www.xbrl.org/2003/arcrole/parent-child" xlink:from="p-FINREP_FeesAndCommissionIncomePresentation" xlink:to="ifrs-gp_FeesAndCommissionIncomeServicingFeesFromSecuritisationActivities" order="7" use="optional" />
    <loc xlink:type="locator" xlink:href="p-FINREP-2008-01-01.xsd#p-FINREP_FeesAndCommissionIncomeOther" xlink:label="p-FINREP_FeesAndCommissionIncomeOther" />
    <presentationArc xlink:type="arc" xlink:arcrole="http://www.xbrl.org/2003/arcrole/parent-child" xlink:from="p-FINREP_FeesAndCommissionIncomePresentation" xlink:to="p-FINREP_FeesAndCommissionIncomeOther" order="8" use="optional" />
    <loc xlink:type="locator" xlink:href="http://xbrl.iasb.org/int/fr/ifrs/gp/2006-08-15/ifrs-gp-2006-08-15.xsd#ifrs-gp_FeesAndCommissionIncomeTotal" xlink:label="ifrs-gp_FeesAndCommissionIncomeTotal" />
    <presentationArc xlink:type="arc" xlink:arcrole="http://www.xbrl.org/2003/arcrole/parent-child" xlink:from="p-FINREP_FeesAndCommissionIncomePresentation" xlink:to="ifrs-gp_FeesAndCommissionIncomeTotal" order="9" use="optional" />
    <loc xlink:type="locator" xlink:href="p-FINREP-2008-01-01.xsd#p-FINREP_FeesAndCommissionExpensePresentation" xlink:label="p-FINREP_FeesAndCommissionExpensePresentation" />
    <presentationArc xlink:type="arc" xlink:arcrole="http://www.xbrl.org/2003/arcrole/parent-child" xlink:from="p-FINREP_FeesAndCommissionPresentation" xlink:to="p-FINREP_FeesAndCommissionExpensePresentation" order="2" use="optional" />
    <loc xlink:type="locator" xlink:href="http://xbrl.iasb.org/int/fr/ifrs/gp/2006-08-15/ifrs-gp-2006-08-15.xsd#ifrs-gp_FeesAndCommissionExpenseAcquisitionCost" xlink:label="ifrs-gp_FeesAndCommissionExpenseAcquisitionCost" />
    <presentationArc xlink:type="arc" xlink:arcrole="http://www.xbrl.org/2003/arcrole/parent-child" xlink:from="p-FINREP_FeesAndCommissionExpensePresentation" xlink:to="ifrs-gp_FeesAndCommissionExpenseAcquisitionCost" order="1" use="optional" />
    <loc xlink:type="locator" xlink:href="http://xbrl.iasb.org/int/fr/ifrs/gp/2006-08-15/ifrs-gp-2006-08-15.xsd#ifrs-gp_FeesAndCommissionExpenseCustody" xlink:label="ifrs-gp_FeesAndCommissionExpenseCustody" />
    <presentationArc xlink:type="arc" xlink:arcrole="http://www.xbrl.org/2003/arcrole/parent-child" xlink:from="p-FINREP_FeesAndCommissionExpensePresentation" xlink:to="ifrs-gp_FeesAndCommissionExpenseCustody" order="2" use="optional" />
    <loc xlink:type="locator" xlink:href="p-FINREP-2008-01-01.xsd#p-FINREP_FeesAndCommissionExpenseClearingAndSettlement" xlink:label="p-FINREP_FeesAndCommissionExpenseClearingAndSettlement" />
    <presentationArc xlink:type="arc" xlink:arcrole="http://www.xbrl.org/2003/arcrole/parent-child" xlink:from="p-FINREP_FeesAndCommissionExpensePresentation" xlink:to="p-FINREP_FeesAndCommissionExpenseClearingAndSettlement" order="3" use="optional" />
    <loc xlink:type="locator" xlink:href="http://xbrl.iasb.org/int/fr/ifrs/gp/2006-08-15/ifrs-gp-2006-08-15.xsd#ifrs-gp_FeesAndCommissionExpenseServicingFeesFromSecuritisationActivities" xlink:label="ifrs-gp_FeesAndCommissionExpenseServicingFeesFromSecuritisationActivities" />
    <presentationArc xlink:type="arc" xlink:arcrole="http://www.xbrl.org/2003/arcrole/parent-child" xlink:from="p-FINREP_FeesAndCommissionExpensePresentation" xlink:to="ifrs-gp_FeesAndCommissionExpenseServicingFeesFromSecuritisationActivities" order="4" use="optional" />
    <loc xlink:type="locator" xlink:href="p-FINREP-2008-01-01.xsd#p-FINREP_FeesAndCommissionExpenseOther" xlink:label="p-FINREP_FeesAndCommissionExpenseOther" />
    <presentationArc xlink:type="arc" xlink:arcrole="http://www.xbrl.org/2003/arcrole/parent-child" xlink:from="p-FINREP_FeesAndCommissionExpensePresentation" xlink:to="p-FINREP_FeesAndCommissionExpenseOther" order="5" use="optional" />
    <loc xlink:type="locator" xlink:href="http://xbrl.iasb.org/int/fr/ifrs/gp/2006-08-15/ifrs-gp-2006-08-15.xsd#ifrs-gp_FeesAndCommissionExpenseTotal" xlink:label="ifrs-gp_FeesAndCommissionExpenseTotal" />
    <presentationArc xlink:type="arc" xlink:arcrole="http://www.xbrl.org/2003/arcrole/parent-child" xlink:from="p-FINREP_FeesAndCommissionExpensePresentation" xlink:to="ifrs-gp_FeesAndCommissionExpenseTotal" order="6" use="optional" />
  </presentationLink>
</linkbase>