<?xml version="1.0" encoding="utf-8"?>
<?taxonomy-version 1.3.2?>
<!--Copyright (C) 2011 EBA - European Banking Authority, Tower 42, 25 Old Broad Street, London, EC2N 1HQ, United Kingdom.-->   
<linkbase
	xmlns="http://www.xbrl.org/2003/linkbase"
	xmlns:xsi="http://www.w3.org/2001/XMLSchema-instance"
	xmlns:xlink="http://www.w3.org/1999/xlink"
	xsi:schemaLocation=" http://www.xbrl.org/2003/linkbase http://www.xbrl.org/2003/xbrl-linkbase-2003-12-31.xsd">
  <roleRef xlink:type="simple" xlink:href="p-FINREP-2008-01-01-T05-AFSFinancialAssets.xsd#AFSFinancialAssets" roleURI="http://www.c-ebs.org/eu/fr/esrs/finrep/2008-01-01/role/AFSFinancialAssets" />
  <presentationLink xlink:type="extended" xlink:role="http://www.c-ebs.org/eu/fr/esrs/finrep/2008-01-01/role/AFSFinancialAssets">
    <loc xlink:type="locator" xlink:href="p-FINREP-2008-01-01.xsd#p-FINREP_AvailableForSaleFinancialAssetsPresentation" xlink:label="p-FINREP_AvailableForSaleFinancialAssetsPresentation" />
    <loc xlink:type="locator" xlink:href="p-FINREP-2008-01-01.xsd#p-FINREP_AvailableForSaleFinancialAssetsEquityInstrumentsPresentation" xlink:label="p-FINREP_AvailableForSaleFinancialAssetsEquityInstrumentsPresentation" />
    <presentationArc xlink:type="arc" xlink:arcrole="http://www.xbrl.org/2003/arcrole/parent-child" xlink:from="p-FINREP_AvailableForSaleFinancialAssetsPresentation" xlink:to="p-FINREP_AvailableForSaleFinancialAssetsEquityInstrumentsPresentation" order="1" use="optional" />
    <loc xlink:type="locator" xlink:href="p-FINREP-2008-01-01.xsd#p-FINREP_FairValueOfUnimpairedAvailableForSaleFinancialAssetsEquityInstruments" xlink:label="p-FINREP_FairValueOfUnimpairedAvailableForSaleFinancialAssetsEquityInstruments" />
    <presentationArc xlink:type="arc" xlink:arcrole="http://www.xbrl.org/2003/arcrole/parent-child" xlink:from="p-FINREP_AvailableForSaleFinancialAssetsEquityInstrumentsPresentation" xlink:to="p-FINREP_FairValueOfUnimpairedAvailableForSaleFinancialAssetsEquityInstruments" order="1" use="optional" />
    <loc xlink:type="locator" xlink:href="p-FINREP-2008-01-01.xsd#p-FINREP_FairValueOfImpairedAvailableForSaleFinancialAssetsEquityInstruments" xlink:label="p-FINREP_FairValueOfImpairedAvailableForSaleFinancialAssetsEquityInstruments" />
    <presentationArc xlink:type="arc" xlink:arcrole="http://www.xbrl.org/2003/arcrole/parent-child" xlink:from="p-FINREP_AvailableForSaleFinancialAssetsEquityInstrumentsPresentation" xlink:to="p-FINREP_FairValueOfImpairedAvailableForSaleFinancialAssetsEquityInstruments" order="2" use="optional" />
    <loc xlink:type="locator" xlink:href="p-FINREP-2008-01-01.xsd#p-FINREP_AvailableForSaleFinancialAssetsEquityInstruments" xlink:label="p-FINREP_AvailableForSaleFinancialAssetsEquityInstruments" />
    <presentationArc xlink:type="arc" xlink:arcrole="http://www.xbrl.org/2003/arcrole/parent-child" xlink:from="p-FINREP_AvailableForSaleFinancialAssetsEquityInstrumentsPresentation" xlink:to="p-FINREP_AvailableForSaleFinancialAssetsEquityInstruments" order="3" use="optional" />
    <loc xlink:type="locator" xlink:href="p-FINREP-2008-01-01.xsd#p-FINREP_AvailableForSaleFinancialAssetsAccumulatedImpairmentLossesEquityInstruments" xlink:label="p-FINREP_AvailableForSaleFinancialAssetsAccumulatedImpairmentLossesEquityInstruments" />
    <presentationArc xlink:type="arc" xlink:arcrole="http://www.xbrl.org/2003/arcrole/parent-child" xlink:from="p-FINREP_AvailableForSaleFinancialAssetsEquityInstrumentsPresentation" xlink:to="p-FINREP_AvailableForSaleFinancialAssetsAccumulatedImpairmentLossesEquityInstruments" order="4" use="optional" />
    <loc xlink:type="locator" xlink:href="p-FINREP-2008-01-01.xsd#p-FINREP_AvailableForSaleFinancialAssetsOtherDebtInstrumentsPresentation" xlink:label="p-FINREP_AvailableForSaleFinancialAssetsOtherDebtInstrumentsPresentation" />
    <presentationArc xlink:type="arc" xlink:arcrole="http://www.xbrl.org/2003/arcrole/parent-child" xlink:from="p-FINREP_AvailableForSaleFinancialAssetsPresentation" xlink:to="p-FINREP_AvailableForSaleFinancialAssetsOtherDebtInstrumentsPresentation" order="2" use="optional" />
    <loc xlink:type="locator" xlink:href="p-FINREP-2008-01-01.xsd#p-FINREP_FairValueOfUnimpairedAvailableForSaleFinancialAssetsOtherDebtInstruments" xlink:label="p-FINREP_FairValueOfUnimpairedAvailableForSaleFinancialAssetsOtherDebtInstruments" />
    <presentationArc xlink:type="arc" xlink:arcrole="http://www.xbrl.org/2003/arcrole/parent-child" xlink:from="p-FINREP_AvailableForSaleFinancialAssetsOtherDebtInstrumentsPresentation" xlink:to="p-FINREP_FairValueOfUnimpairedAvailableForSaleFinancialAssetsOtherDebtInstruments" order="1" use="optional" />
    <loc xlink:type="locator" xlink:href="p-FINREP-2008-01-01.xsd#p-FINREP_FairValueOfImpairedAvailableForSaleFinancialAssetsOtherDebtInstruments" xlink:label="p-FINREP_FairValueOfImpairedAvailableForSaleFinancialAssetsOtherDebtInstruments" />
    <presentationArc xlink:type="arc" xlink:arcrole="http://www.xbrl.org/2003/arcrole/parent-child" xlink:from="p-FINREP_AvailableForSaleFinancialAssetsOtherDebtInstrumentsPresentation" xlink:to="p-FINREP_FairValueOfImpairedAvailableForSaleFinancialAssetsOtherDebtInstruments" order="2" use="optional" />
    <loc xlink:type="locator" xlink:href="http://xbrl.iasb.org/int/fr/ifrs/gp/2006-08-15/ifrs-gp-2006-08-15.xsd#ifrs-gp_AvailableForSaleFinancialAssetsOtherDebtInstruments" xlink:label="ifrs-gp_AvailableForSaleFinancialAssetsOtherDebtInstruments" />
    <presentationArc xlink:type="arc" xlink:arcrole="http://www.xbrl.org/2003/arcrole/parent-child" xlink:from="p-FINREP_AvailableForSaleFinancialAssetsOtherDebtInstrumentsPresentation" xlink:to="ifrs-gp_AvailableForSaleFinancialAssetsOtherDebtInstruments" order="3" use="optional" />
    <loc xlink:type="locator" xlink:href="p-FINREP-2008-01-01.xsd#p-FINREP_AvailableForSaleFinancialAssetsAccumulatedImpairmentLossesOtherDebtInstruments" xlink:label="p-FINREP_AvailableForSaleFinancialAssetsAccumulatedImpairmentLossesOtherDebtInstruments" />
    <presentationArc xlink:type="arc" xlink:arcrole="http://www.xbrl.org/2003/arcrole/parent-child" xlink:from="p-FINREP_AvailableForSaleFinancialAssetsOtherDebtInstrumentsPresentation" xlink:to="p-FINREP_AvailableForSaleFinancialAssetsAccumulatedImpairmentLossesOtherDebtInstruments" order="4" use="optional" />
    <loc xlink:type="locator" xlink:href="p-FINREP-2008-01-01.xsd#p-FINREP_AvailableForSaleFinancialAssetsLoansAndAdvancesPresentation" xlink:label="p-FINREP_AvailableForSaleFinancialAssetsLoansAndAdvancesPresentation" />
    <presentationArc xlink:type="arc" xlink:arcrole="http://www.xbrl.org/2003/arcrole/parent-child" xlink:from="p-FINREP_AvailableForSaleFinancialAssetsPresentation" xlink:to="p-FINREP_AvailableForSaleFinancialAssetsLoansAndAdvancesPresentation" order="3" use="optional" />
    <loc xlink:type="locator" xlink:href="p-FINREP-2008-01-01.xsd#p-FINREP_FairValueOfUnimpairedAvailableForSaleFinancialAssetsLoansAndAdvances" xlink:label="p-FINREP_FairValueOfUnimpairedAvailableForSaleFinancialAssetsLoansAndAdvances" />
    <presentationArc xlink:type="arc" xlink:arcrole="http://www.xbrl.org/2003/arcrole/parent-child" xlink:from="p-FINREP_AvailableForSaleFinancialAssetsLoansAndAdvancesPresentation" xlink:to="p-FINREP_FairValueOfUnimpairedAvailableForSaleFinancialAssetsLoansAndAdvances" order="1" use="optional" />
    <loc xlink:type="locator" xlink:href="p-FINREP-2008-01-01.xsd#p-FINREP_FairValueOfImpairedAvailableForSaleFinancialAssetsLoansAndAdvances" xlink:label="p-FINREP_FairValueOfImpairedAvailableForSaleFinancialAssetsLoansAndAdvances" />
    <presentationArc xlink:type="arc" xlink:arcrole="http://www.xbrl.org/2003/arcrole/parent-child" xlink:from="p-FINREP_AvailableForSaleFinancialAssetsLoansAndAdvancesPresentation" xlink:to="p-FINREP_FairValueOfImpairedAvailableForSaleFinancialAssetsLoansAndAdvances" order="2" use="optional" />
    <loc xlink:type="locator" xlink:href="http://xbrl.iasb.org/int/fr/ifrs/gp/2006-08-15/ifrs-gp-2006-08-15.xsd#ifrs-gp_AvailableForSaleFinancialAssetsLoansAndAdvances" xlink:label="ifrs-gp_AvailableForSaleFinancialAssetsLoansAndAdvances" />
    <presentationArc xlink:type="arc" xlink:arcrole="http://www.xbrl.org/2003/arcrole/parent-child" xlink:from="p-FINREP_AvailableForSaleFinancialAssetsLoansAndAdvancesPresentation" xlink:to="ifrs-gp_AvailableForSaleFinancialAssetsLoansAndAdvances" order="3" use="optional" />
    <loc xlink:type="locator" xlink:href="p-FINREP-2008-01-01.xsd#p-FINREP_AvailableForSaleFinancialAssetsAccumulatedImpairmentLossesLoansAndAdvances" xlink:label="p-FINREP_AvailableForSaleFinancialAssetsAccumulatedImpairmentLossesLoansAndAdvances" />
    <presentationArc xlink:type="arc" xlink:arcrole="http://www.xbrl.org/2003/arcrole/parent-child" xlink:from="p-FINREP_AvailableForSaleFinancialAssetsLoansAndAdvancesPresentation" xlink:to="p-FINREP_AvailableForSaleFinancialAssetsAccumulatedImpairmentLossesLoansAndAdvances" order="4" use="optional" />
    <loc xlink:type="locator" xlink:href="p-FINREP-2008-01-01.xsd#p-FINREP_AvailableForSaleFinancialAssetsTotalPresentation" xlink:label="p-FINREP_AvailableForSaleFinancialAssetsTotalPresentation" />
    <presentationArc xlink:type="arc" xlink:arcrole="http://www.xbrl.org/2003/arcrole/parent-child" xlink:from="p-FINREP_AvailableForSaleFinancialAssetsPresentation" xlink:to="p-FINREP_AvailableForSaleFinancialAssetsTotalPresentation" order="4" use="optional" />
    <loc xlink:type="locator" xlink:href="http://xbrl.iasb.org/int/fr/ifrs/gp/2006-08-15/ifrs-gp-2006-08-15.xsd#ifrs-gp_FairValueOfUnimpairedAvailableForSaleFinancialAssets" xlink:label="ifrs-gp_FairValueOfUnimpairedAvailableForSaleFinancialAssets" />
    <presentationArc xlink:type="arc" xlink:arcrole="http://www.xbrl.org/2003/arcrole/parent-child" xlink:from="p-FINREP_AvailableForSaleFinancialAssetsTotalPresentation" xlink:to="ifrs-gp_FairValueOfUnimpairedAvailableForSaleFinancialAssets" order="1" use="optional" />
    <loc xlink:type="locator" xlink:href="http://xbrl.iasb.org/int/fr/ifrs/gp/2006-08-15/ifrs-gp-2006-08-15.xsd#ifrs-gp_FairValueOfImpairedAvailableForSaleFinancialAssets" xlink:label="ifrs-gp_FairValueOfImpairedAvailableForSaleFinancialAssets" />
    <presentationArc xlink:type="arc" xlink:arcrole="http://www.xbrl.org/2003/arcrole/parent-child" xlink:from="p-FINREP_AvailableForSaleFinancialAssetsTotalPresentation" xlink:to="ifrs-gp_FairValueOfImpairedAvailableForSaleFinancialAssets" order="2" use="optional" />
    <loc xlink:type="locator" xlink:href="http://xbrl.iasb.org/int/fr/ifrs/gp/2006-08-15/ifrs-gp-2006-08-15.xsd#ifrs-gp_AvailableForSaleFinancialAssetsTotal" xlink:label="ifrs-gp_AvailableForSaleFinancialAssetsTotal" />
    <presentationArc xlink:type="arc" xlink:arcrole="http://www.xbrl.org/2003/arcrole/parent-child" xlink:from="p-FINREP_AvailableForSaleFinancialAssetsTotalPresentation" xlink:to="ifrs-gp_AvailableForSaleFinancialAssetsTotal" order="3" use="optional" />
    <loc xlink:type="locator" xlink:href="p-FINREP-2008-01-01.xsd#p-FINREP_AvailableForSaleFinancialAssetsAccumulatedImpairmentLosses" xlink:label="p-FINREP_AvailableForSaleFinancialAssetsAccumulatedImpairmentLosses" />
    <presentationArc xlink:type="arc" xlink:arcrole="http://www.xbrl.org/2003/arcrole/parent-child" xlink:from="p-FINREP_AvailableForSaleFinancialAssetsTotalPresentation" xlink:to="p-FINREP_AvailableForSaleFinancialAssetsAccumulatedImpairmentLosses" order="4" use="optional" />
  </presentationLink>
</linkbase>