<?xml version="1.0" encoding="utf-8"?>
<?taxonomy-version 1.3.2?>
<!--Copyright (C) 2011 EBA - European Banking Authority, Tower 42, 25 Old Broad Street, London, EC2N 1HQ, United Kingdom.-->   
<linkbase
	xmlns="http://www.xbrl.org/2003/linkbase"
	xmlns:xsi="http://www.w3.org/2001/XMLSchema-instance"
	xmlns:xlink="http://www.w3.org/1999/xlink"
	xsi:schemaLocation=" http://www.xbrl.org/2003/linkbase http://www.xbrl.org/2003/xbrl-linkbase-2003-12-31.xsd">
  <roleRef xlink:type="simple" xlink:href="p-FINREP-2008-01-01-T04-FinancialAssetsDesignatedCreditRiskInformation.xsd#FinancialAssetsDesignatedCreditRiskInformation" roleURI="http://www.c-ebs.org/eu/fr/esrs/finrep/2008-01-01/role/FinancialAssetsDesignatedCreditRiskInformation" />
  <arcroleRef arcroleURI="http://xbrl.org/int/dim/arcrole/domain-member" xlink:type="simple" xlink:href="http://www.xbrl.org/2005/xbrldt-2005.xsd#domain-member"/>
  <definitionLink xlink:type="extended" xlink:role="http://www.c-ebs.org/eu/fr/esrs/finrep/2008-01-01/role/FinancialAssetsDesignatedCreditRiskInformation">
    <loc xlink:type="locator" xlink:href="p-FINREP-2008-01-01.xsd#p-FINREP_FinancialAssetsDesignatedAsFairValueThroughProfitOrLossCreditRiskInformationOnLoansAndAdvancesPresentation" xlink:label="p-FINREP_FinancialAssetsDesignatedAsFairValueThroughProfitOrLossCreditRiskInformationOnLoansAndAdvancesPresentation" />
    <loc xlink:type="locator" xlink:href="p-FINREP-2008-01-01.xsd#p-FINREP_FinancialAssetsDesignatedAsFairValueThroughProfitOrLossLoansAndAdvancesMaximumExposureToCreditRisk" xlink:label="p-FINREP_FinancialAssetsDesignatedAsFairValueThroughProfitOrLossLoansAndAdvancesMaximumExposureToCreditRisk" />
    <definitionArc xlink:type="arc" xlink:arcrole="http://xbrl.org/int/dim/arcrole/domain-member" xlink:from="p-FINREP_FinancialAssetsDesignatedAsFairValueThroughProfitOrLossCreditRiskInformationOnLoansAndAdvancesPresentation" xlink:to="p-FINREP_FinancialAssetsDesignatedAsFairValueThroughProfitOrLossLoansAndAdvancesMaximumExposureToCreditRisk" order="1" use="optional" />
    <loc xlink:type="locator" xlink:href="p-FINREP-2008-01-01.xsd#p-FINREP_FinancialAssetsDesignatedAsFairValueThroughProfitOrLossLoansAndAdvancesAmountByWhichAnyRelatedCreditDerivativesMitigateMaximumExposureToCreditRisk" xlink:label="p-FINREP_FinancialAssetsDesignatedAsFairValueThroughProfitOrLossLoansAndAdvancesAmountByWhichAnyRelatedCreditDerivativesMitigateMaximumExposureToCreditRisk" />
    <definitionArc xlink:type="arc" xlink:arcrole="http://xbrl.org/int/dim/arcrole/domain-member" xlink:from="p-FINREP_FinancialAssetsDesignatedAsFairValueThroughProfitOrLossCreditRiskInformationOnLoansAndAdvancesPresentation" xlink:to="p-FINREP_FinancialAssetsDesignatedAsFairValueThroughProfitOrLossLoansAndAdvancesAmountByWhichAnyRelatedCreditDerivativesMitigateMaximumExposureToCreditRisk" order="2" use="optional" />
    <loc xlink:type="locator" xlink:href="p-FINREP-2008-01-01.xsd#p-FINREP_FinancialAssetsDesignatedAsFairValueThroughProfitOrLossLoansAndAdvancesAmountOfCumulativeChangeInFairValuesAttributableToChangesInCreditRisk" xlink:label="p-FINREP_FinancialAssetsDesignatedAsFairValueThroughProfitOrLossLoansAndAdvancesAmountOfCumulativeChangeInFairValuesAttributableToChangesInCreditRisk" />
    <definitionArc xlink:type="arc" xlink:arcrole="http://xbrl.org/int/dim/arcrole/domain-member" xlink:from="p-FINREP_FinancialAssetsDesignatedAsFairValueThroughProfitOrLossCreditRiskInformationOnLoansAndAdvancesPresentation" xlink:to="p-FINREP_FinancialAssetsDesignatedAsFairValueThroughProfitOrLossLoansAndAdvancesAmountOfCumulativeChangeInFairValuesAttributableToChangesInCreditRisk" order="3" use="optional" />
    <loc xlink:type="locator" xlink:href="p-FINREP-2008-01-01.xsd#p-FINREP_FinancialAssetsDesignatedAsFairValueThroughProfitOrLossLoansAndAdvancesAmountOfCumulativeChangeInFairValueOfAnyRelatedCreditDerivativesSinceDesignated" xlink:label="p-FINREP_FinancialAssetsDesignatedAsFairValueThroughProfitOrLossLoansAndAdvancesAmountOfCumulativeChangeInFairValueOfAnyRelatedCreditDerivativesSinceDesignated" />
    <definitionArc xlink:type="arc" xlink:arcrole="http://xbrl.org/int/dim/arcrole/domain-member" xlink:from="p-FINREP_FinancialAssetsDesignatedAsFairValueThroughProfitOrLossCreditRiskInformationOnLoansAndAdvancesPresentation" xlink:to="p-FINREP_FinancialAssetsDesignatedAsFairValueThroughProfitOrLossLoansAndAdvancesAmountOfCumulativeChangeInFairValueOfAnyRelatedCreditDerivativesSinceDesignated" order="4" use="optional" />
    <loc xlink:type="locator" xlink:href="p-FINREP-2008-01-01.xsd#p-FINREP_FinancialAssetsDesignatedAsFairValueThroughProfitOrLossLoansAndAdvancesAmountOfChangeInPeriodInFairValueOfLoanOrReceivableAttributableToChangesInCreditRiskOfFinancialAsset" xlink:label="p-FINREP_FinancialAssetsDesignatedAsFairValueThroughProfitOrLossLoansAndAdvancesAmountOfChangeInPeriodInFairValueOfLoanOrReceivableAttributableToChangesInCreditRiskOfFinancialAsset" />
    <definitionArc xlink:type="arc" xlink:arcrole="http://xbrl.org/int/dim/arcrole/domain-member" xlink:from="p-FINREP_FinancialAssetsDesignatedAsFairValueThroughProfitOrLossCreditRiskInformationOnLoansAndAdvancesPresentation" xlink:to="p-FINREP_FinancialAssetsDesignatedAsFairValueThroughProfitOrLossLoansAndAdvancesAmountOfChangeInPeriodInFairValueOfLoanOrReceivableAttributableToChangesInCreditRiskOfFinancialAsset" order="5" use="optional" />
    <loc xlink:type="locator" xlink:href="p-FINREP-2008-01-01.xsd#p-FINREP_FinancialAssetsDesignatedAsFairValueThroughProfitOrLossLoansAndAdvancesAmountOfChangeInFairValueOfAnyRelatedCreditDerivativesOrSimilarInstrument" xlink:label="p-FINREP_FinancialAssetsDesignatedAsFairValueThroughProfitOrLossLoansAndAdvancesAmountOfChangeInFairValueOfAnyRelatedCreditDerivativesOrSimilarInstrument" />
    <definitionArc xlink:type="arc" xlink:arcrole="http://xbrl.org/int/dim/arcrole/domain-member" xlink:from="p-FINREP_FinancialAssetsDesignatedAsFairValueThroughProfitOrLossCreditRiskInformationOnLoansAndAdvancesPresentation" xlink:to="p-FINREP_FinancialAssetsDesignatedAsFairValueThroughProfitOrLossLoansAndAdvancesAmountOfChangeInFairValueOfAnyRelatedCreditDerivativesOrSimilarInstrument" order="6" use="optional" />
</definitionLink>
</linkbase>