<?xml version="1.0" encoding="utf-8"?>
<?taxonomy-version 1.3.2?>
<!--Copyright (C) 2011 EBA - European Banking Authority, Tower 42, 25 Old Broad Street, London, EC2N 1HQ, United Kingdom.-->   
<linkbase
	xmlns="http://www.xbrl.org/2003/linkbase"
	xmlns:xsi="http://www.w3.org/2001/XMLSchema-instance"
	xmlns:xlink="http://www.w3.org/1999/xlink"
	xsi:schemaLocation=" http://www.xbrl.org/2003/linkbase http://www.xbrl.org/2003/xbrl-linkbase-2003-12-31.xsd">
  <roleRef xlink:type="simple" xlink:href="p-FINREP-2008-01-01-T22-GainsLossesOnFinancialAssetsAndLiabilitiesDesignated.xsd#GainsLossesOnFinancialAssetsAndLiabilitiesDesignated" roleURI="http://www.c-ebs.org/eu/fr/esrs/finrep/2008-01-01/role/GainsLossesOnFinancialAssetsAndLiabilitiesDesignated" />
  <presentationLink xlink:type="extended" xlink:role="http://www.c-ebs.org/eu/fr/esrs/finrep/2008-01-01/role/GainsLossesOnFinancialAssetsAndLiabilitiesDesignated">
    <loc xlink:type="locator" xlink:href="p-FINREP-2008-01-01.xsd#p-FINREP_GainsAndLossesOnFinancialAssetsAndLiabilitiesDesignatedAsFairValueThroughProfitOrLossPresentation" xlink:label="p-FINREP_GainsAndLossesOnFinancialAssetsAndLiabilitiesDesignatedAsFairValueThroughProfitOrLossPresentation" />
    <loc xlink:type="locator" xlink:href="p-FINREP-2008-01-01.xsd#p-FINREP_GainsOnFinancialInstrumentsDesignatedAsFairValueThroughProfitOrLoss" xlink:label="p-FINREP_GainsOnFinancialInstrumentsDesignatedAsFairValueThroughProfitOrLoss" />
    <presentationArc xlink:type="arc" xlink:arcrole="http://www.xbrl.org/2003/arcrole/parent-child" xlink:from="p-FINREP_GainsAndLossesOnFinancialAssetsAndLiabilitiesDesignatedAsFairValueThroughProfitOrLossPresentation" xlink:to="p-FINREP_GainsOnFinancialInstrumentsDesignatedAsFairValueThroughProfitOrLoss" order="1" use="optional" />
    <loc xlink:type="locator" xlink:href="p-FINREP-2008-01-01.xsd#p-FINREP_GainsOnFinancialAssetsDesignatedAsFairValueThroughProfitOrLoss" xlink:label="p-FINREP_GainsOnFinancialAssetsDesignatedAsFairValueThroughProfitOrLoss" />
    <presentationArc xlink:type="arc" xlink:arcrole="http://www.xbrl.org/2003/arcrole/parent-child" xlink:from="p-FINREP_GainsOnFinancialInstrumentsDesignatedAsFairValueThroughProfitOrLoss" xlink:to="p-FINREP_GainsOnFinancialAssetsDesignatedAsFairValueThroughProfitOrLoss" order="1" use="optional" />
    <loc xlink:type="locator" xlink:href="p-FINREP-2008-01-01.xsd#p-FINREP_GainsOnFinancialLiabilitiesDesignatedAsFairValueThroughProfitOrLoss" xlink:label="p-FINREP_GainsOnFinancialLiabilitiesDesignatedAsFairValueThroughProfitOrLoss" />
    <presentationArc xlink:type="arc" xlink:arcrole="http://www.xbrl.org/2003/arcrole/parent-child" xlink:from="p-FINREP_GainsOnFinancialInstrumentsDesignatedAsFairValueThroughProfitOrLoss" xlink:to="p-FINREP_GainsOnFinancialLiabilitiesDesignatedAsFairValueThroughProfitOrLoss" order="2" use="optional" />
    <loc xlink:type="locator" xlink:href="p-FINREP-2008-01-01.xsd#p-FINREP_LossesOnFinancialInstrumentsDesignatedAsFairValueThroughProfitOrLoss" xlink:label="p-FINREP_LossesOnFinancialInstrumentsDesignatedAsFairValueThroughProfitOrLoss" />
    <presentationArc xlink:type="arc" xlink:arcrole="http://www.xbrl.org/2003/arcrole/parent-child" xlink:from="p-FINREP_GainsAndLossesOnFinancialAssetsAndLiabilitiesDesignatedAsFairValueThroughProfitOrLossPresentation" xlink:to="p-FINREP_LossesOnFinancialInstrumentsDesignatedAsFairValueThroughProfitOrLoss" order="2" use="optional" />
    <loc xlink:type="locator" xlink:href="p-FINREP-2008-01-01.xsd#p-FINREP_LossesOnFinancialAssetsDesignatedAsFairValueThroughProfitOrLoss" xlink:label="p-FINREP_LossesOnFinancialAssetsDesignatedAsFairValueThroughProfitOrLoss" />
    <presentationArc xlink:type="arc" xlink:arcrole="http://www.xbrl.org/2003/arcrole/parent-child" xlink:from="p-FINREP_LossesOnFinancialInstrumentsDesignatedAsFairValueThroughProfitOrLoss" xlink:to="p-FINREP_LossesOnFinancialAssetsDesignatedAsFairValueThroughProfitOrLoss" order="1" use="optional" />
    <loc xlink:type="locator" xlink:href="p-FINREP-2008-01-01.xsd#p-FINREP_LossesOnFinancialLiabilitiesDesignatedAsFairValueThroughProfitOrLoss" xlink:label="p-FINREP_LossesOnFinancialLiabilitiesDesignatedAsFairValueThroughProfitOrLoss" />
    <presentationArc xlink:type="arc" xlink:arcrole="http://www.xbrl.org/2003/arcrole/parent-child" xlink:from="p-FINREP_LossesOnFinancialInstrumentsDesignatedAsFairValueThroughProfitOrLoss" xlink:to="p-FINREP_LossesOnFinancialLiabilitiesDesignatedAsFairValueThroughProfitOrLoss" order="2" use="optional" />
    <loc xlink:type="locator" xlink:href="http://xbrl.iasb.org/int/fr/ifrs/gp/2006-08-15/ifrs-gp-2006-08-15.xsd#ifrs-gp_GainsLossesOnFinancialInstrumentsDesignatedAsFairValueThroughProfitOrLossExcludingInterestFlows" xlink:label="ifrs-gp_GainsLossesOnFinancialInstrumentsDesignatedAsFairValueThroughProfitOrLossExcludingInterestFlows" />
    <presentationArc xlink:type="arc" xlink:arcrole="http://www.xbrl.org/2003/arcrole/parent-child" xlink:from="p-FINREP_GainsAndLossesOnFinancialAssetsAndLiabilitiesDesignatedAsFairValueThroughProfitOrLossPresentation" xlink:to="ifrs-gp_GainsLossesOnFinancialInstrumentsDesignatedAsFairValueThroughProfitOrLossExcludingInterestFlows" order="3" use="optional" />
    <loc xlink:type="locator" xlink:href="p-FINREP-2008-01-01.xsd#p-FINREP_GainsLossesOnFinancialAssetsDesignatedAsFairValueThroughProfitOrLoss" xlink:label="p-FINREP_GainsLossesOnFinancialAssetsDesignatedAsFairValueThroughProfitOrLoss" />
    <presentationArc xlink:type="arc" xlink:arcrole="http://www.xbrl.org/2003/arcrole/parent-child" xlink:from="ifrs-gp_GainsLossesOnFinancialInstrumentsDesignatedAsFairValueThroughProfitOrLossExcludingInterestFlows" xlink:to="p-FINREP_GainsLossesOnFinancialAssetsDesignatedAsFairValueThroughProfitOrLoss" order="1" use="optional" />
    <loc xlink:type="locator" xlink:href="p-FINREP-2008-01-01.xsd#p-FINREP_GainsLossesOnFinancialLiabilitiesDesignatedAsFairValueThroughProfitOrLoss" xlink:label="p-FINREP_GainsLossesOnFinancialLiabilitiesDesignatedAsFairValueThroughProfitOrLoss" />
    <presentationArc xlink:type="arc" xlink:arcrole="http://www.xbrl.org/2003/arcrole/parent-child" xlink:from="ifrs-gp_GainsLossesOnFinancialInstrumentsDesignatedAsFairValueThroughProfitOrLossExcludingInterestFlows" xlink:to="p-FINREP_GainsLossesOnFinancialLiabilitiesDesignatedAsFairValueThroughProfitOrLoss" order="2" use="optional" />
    <loc xlink:type="locator" xlink:href="p-FINREP-2008-01-01.xsd#p-FINREP_GainsLossesOnFinancialInstrumentsDesignatedAsFairValueThroughProfitOrLossAmountOfChangeInFairValueDueToChangesInCreditRisk" xlink:label="p-FINREP_GainsLossesOnFinancialInstrumentsDesignatedAsFairValueThroughProfitOrLossAmountOfChangeInFairValueDueToChangesInCreditRisk" />
    <presentationArc xlink:type="arc" xlink:arcrole="http://www.xbrl.org/2003/arcrole/parent-child" xlink:from="p-FINREP_GainsAndLossesOnFinancialAssetsAndLiabilitiesDesignatedAsFairValueThroughProfitOrLossPresentation" xlink:to="p-FINREP_GainsLossesOnFinancialInstrumentsDesignatedAsFairValueThroughProfitOrLossAmountOfChangeInFairValueDueToChangesInCreditRisk" order="4" use="optional" />
    <loc xlink:type="locator" xlink:href="p-FINREP-2008-01-01.xsd#p-FINREP_GainsLossesOnFinancialLiabilitiesDesignatedAsFairValueThroughProfitOrLossAmountOfChangeInFairValueDueToChangesInCreditRisk" xlink:label="p-FINREP_GainsLossesOnFinancialLiabilitiesDesignatedAsFairValueThroughProfitOrLossAmountOfChangeInFairValueDueToChangesInCreditRisk" />
    <presentationArc xlink:type="arc" xlink:arcrole="http://www.xbrl.org/2003/arcrole/parent-child" xlink:from="p-FINREP_GainsLossesOnFinancialInstrumentsDesignatedAsFairValueThroughProfitOrLossAmountOfChangeInFairValueDueToChangesInCreditRisk" xlink:to="p-FINREP_GainsLossesOnFinancialLiabilitiesDesignatedAsFairValueThroughProfitOrLossAmountOfChangeInFairValueDueToChangesInCreditRisk" order="1" use="optional" />
  </presentationLink>
</linkbase>