<?xml version="1.0" encoding="utf-8"?>
<?taxonomy-version 1.3.2?>
<!--Copyright (C) 2011 EBA - European Banking Authority, Tower 42, 25 Old Broad Street, London, EC2N 1HQ, United Kingdom.-->   
<linkbase
	xmlns="http://www.xbrl.org/2003/linkbase"
	xmlns:xsi="http://www.w3.org/2001/XMLSchema-instance"
	xmlns:xlink="http://www.w3.org/1999/xlink"
	xsi:schemaLocation=" http://www.xbrl.org/2003/linkbase http://www.xbrl.org/2003/xbrl-linkbase-2003-12-31.xsd">
  <arcroleRef xlink:type="simple" xlink:href="http://www.xbrl.org/2005/xbrldt-2005.xsd#domain-member" arcroleURI="http://xbrl.org/int/dim/arcrole/domain-member" />
  <roleRef xlink:type="simple" xlink:href="p-FINREP-2008-01-01-T10-InvestmentProperty.xsd#InvestmentProperty" roleURI="http://www.c-ebs.org/eu/fr/esrs/finrep/2008-01-01/role/InvestmentProperty" />
  <definitionLink xlink:type="extended" xlink:role="http://www.c-ebs.org/eu/fr/esrs/finrep/2008-01-01/role/InvestmentProperty">
    <loc xlink:type="locator" xlink:href="p-FINREP-2008-01-01.xsd#p-FINREP_InvestmentPropertyPresentation" xlink:label="p-FINREP_InvestmentPropertyPresentation" />
    <loc xlink:type="locator" xlink:href="p-FINREP-2008-01-01.xsd#p-FINREP_InvestmentPropertyCarryingAmountsPresentation" xlink:label="p-FINREP_InvestmentPropertyCarryingAmountsPresentation" />
    <definitionArc xlink:type="arc" xlink:arcrole="http://xbrl.org/int/dim/arcrole/domain-member" xlink:from="p-FINREP_InvestmentPropertyPresentation" xlink:to="p-FINREP_InvestmentPropertyCarryingAmountsPresentation" order="1" use="optional" />
    <loc xlink:type="locator" xlink:href="http://xbrl.iasb.org/int/fr/ifrs/gp/2006-08-15/ifrs-gp-2006-08-15.xsd#ifrs-gp_InvestmentProperty" xlink:label="ifrs-gp_InvestmentProperty" />
    <definitionArc xlink:type="arc" xlink:arcrole="http://xbrl.org/int/dim/arcrole/domain-member" xlink:from="p-FINREP_InvestmentPropertyCarryingAmountsPresentation" xlink:to="ifrs-gp_InvestmentProperty" order="1" use="optional" />
    <loc xlink:type="locator" xlink:href="p-FINREP-2008-01-01.xsd#p-FINREP_ChangesInInvestmentPropertyPresentation" xlink:label="p-FINREP_ChangesInInvestmentPropertyPresentation" />
    <definitionArc xlink:type="arc" xlink:arcrole="http://xbrl.org/int/dim/arcrole/domain-member" xlink:from="p-FINREP_InvestmentPropertyCarryingAmountsPresentation" xlink:to="p-FINREP_ChangesInInvestmentPropertyPresentation" order="2" use="optional" />
    <loc xlink:type="locator" xlink:href="p-FINREP-2008-01-01.xsd#p-FINREP_AcquisitionsInvestmentProperty" xlink:label="p-FINREP_AcquisitionsInvestmentProperty" />
    <definitionArc xlink:type="arc" xlink:arcrole="http://xbrl.org/int/dim/arcrole/domain-member" xlink:from="p-FINREP_ChangesInInvestmentPropertyPresentation" xlink:to="p-FINREP_AcquisitionsInvestmentProperty" order="1" use="optional" />
    <loc xlink:type="locator" xlink:href="p-FINREP-2008-01-01.xsd#p-FINREP_CapitalisedSubsequentExpendituresInvestmentProperty" xlink:label="p-FINREP_CapitalisedSubsequentExpendituresInvestmentProperty" />
    <definitionArc xlink:type="arc" xlink:arcrole="http://xbrl.org/int/dim/arcrole/domain-member" xlink:from="p-FINREP_ChangesInInvestmentPropertyPresentation" xlink:to="p-FINREP_CapitalisedSubsequentExpendituresInvestmentProperty" order="2" use="optional" />
    <loc xlink:type="locator" xlink:href="p-FINREP-2008-01-01.xsd#p-FINREP_AcquisitionsThroughBusinessCombinationsInvestmentProperty" xlink:label="p-FINREP_AcquisitionsThroughBusinessCombinationsInvestmentProperty" />
    <definitionArc xlink:type="arc" xlink:arcrole="http://xbrl.org/int/dim/arcrole/domain-member" xlink:from="p-FINREP_ChangesInInvestmentPropertyPresentation" xlink:to="p-FINREP_AcquisitionsThroughBusinessCombinationsInvestmentProperty" order="3" use="optional" />
    <loc xlink:type="locator" xlink:href="p-FINREP-2008-01-01.xsd#p-FINREP_DisposalsInvestmentProperty" xlink:label="p-FINREP_DisposalsInvestmentProperty" />
    <definitionArc xlink:type="arc" xlink:arcrole="http://xbrl.org/int/dim/arcrole/domain-member" xlink:from="p-FINREP_ChangesInInvestmentPropertyPresentation" xlink:to="p-FINREP_DisposalsInvestmentProperty" order="4" use="optional" />
    <loc xlink:type="locator" xlink:href="p-FINREP-2008-01-01.xsd#p-FINREP_DisposalsThroughBusinessDivestitureInvestmentProperty" xlink:label="p-FINREP_DisposalsThroughBusinessDivestitureInvestmentProperty" />
    <definitionArc xlink:type="arc" xlink:arcrole="http://xbrl.org/int/dim/arcrole/domain-member" xlink:from="p-FINREP_ChangesInInvestmentPropertyPresentation" xlink:to="p-FINREP_DisposalsThroughBusinessDivestitureInvestmentProperty" order="5" use="optional" />
    <loc xlink:type="locator" xlink:href="p-FINREP-2008-01-01.xsd#p-FINREP_DepreciationInvestmentProperty" xlink:label="p-FINREP_DepreciationInvestmentProperty" />
    <definitionArc xlink:type="arc" xlink:arcrole="http://xbrl.org/int/dim/arcrole/domain-member" xlink:from="p-FINREP_ChangesInInvestmentPropertyPresentation" xlink:to="p-FINREP_DepreciationInvestmentProperty" order="6" use="optional" />
    <loc xlink:type="locator" xlink:href="http://xbrl.iasb.org/int/fr/ifrs/gp/2006-08-15/ifrs-gp-2006-08-15.xsd#ifrs-gp_ImpairmentLossesInvestmentProperty" xlink:label="ifrs-gp_ImpairmentLossesInvestmentProperty" />
    <definitionArc xlink:type="arc" xlink:arcrole="http://xbrl.org/int/dim/arcrole/domain-member" xlink:from="p-FINREP_ChangesInInvestmentPropertyPresentation" xlink:to="ifrs-gp_ImpairmentLossesInvestmentProperty" order="7" use="optional" />
    <loc xlink:type="locator" xlink:href="http://xbrl.iasb.org/int/fr/ifrs/gp/2006-08-15/ifrs-gp-2006-08-15.xsd#ifrs-gp_ImpairmentReversalsInvestmentProperty" xlink:label="ifrs-gp_ImpairmentReversalsInvestmentProperty" />
    <definitionArc xlink:type="arc" xlink:arcrole="http://xbrl.org/int/dim/arcrole/domain-member" xlink:from="p-FINREP_ChangesInInvestmentPropertyPresentation" xlink:to="ifrs-gp_ImpairmentReversalsInvestmentProperty" order="8" use="optional" />
    <loc xlink:type="locator" xlink:href="p-FINREP-2008-01-01.xsd#p-FINREP_GainLossOnFairValueAdjustmentsInvestmentProperty" xlink:label="p-FINREP_GainLossOnFairValueAdjustmentsInvestmentProperty" />
    <definitionArc xlink:type="arc" xlink:arcrole="http://xbrl.org/int/dim/arcrole/domain-member" xlink:from="p-FINREP_ChangesInInvestmentPropertyPresentation" xlink:to="p-FINREP_GainLossOnFairValueAdjustmentsInvestmentProperty" order="9" use="optional" />
    <loc xlink:type="locator" xlink:href="p-FINREP-2008-01-01.xsd#p-FINREP_ForeignCurrencyExchangeIncreaseDecreaseInvestmentProperty" xlink:label="p-FINREP_ForeignCurrencyExchangeIncreaseDecreaseInvestmentProperty" />
    <definitionArc xlink:type="arc" xlink:arcrole="http://xbrl.org/int/dim/arcrole/domain-member" xlink:from="p-FINREP_ChangesInInvestmentPropertyPresentation" xlink:to="p-FINREP_ForeignCurrencyExchangeIncreaseDecreaseInvestmentProperty" order="10" use="optional" />
    <loc xlink:type="locator" xlink:href="p-FINREP-2008-01-01.xsd#p-FINREP_TransfersToFromInventoriesAndOwnerOccupiedPropertyInvestmentProperty" xlink:label="p-FINREP_TransfersToFromInventoriesAndOwnerOccupiedPropertyInvestmentProperty" />
    <definitionArc xlink:type="arc" xlink:arcrole="http://xbrl.org/int/dim/arcrole/domain-member" xlink:from="p-FINREP_ChangesInInvestmentPropertyPresentation" xlink:to="p-FINREP_TransfersToFromInventoriesAndOwnerOccupiedPropertyInvestmentProperty" order="11" use="optional" />
    <loc xlink:type="locator" xlink:href="p-FINREP-2008-01-01.xsd#p-FINREP_TransfersToFromNonCurrentAssetsAndDisposalGroupsHeldForSaleInvestmentProperty" xlink:label="p-FINREP_TransfersToFromNonCurrentAssetsAndDisposalGroupsHeldForSaleInvestmentProperty" />
    <definitionArc xlink:type="arc" xlink:arcrole="http://xbrl.org/int/dim/arcrole/domain-member" xlink:from="p-FINREP_ChangesInInvestmentPropertyPresentation" xlink:to="p-FINREP_TransfersToFromNonCurrentAssetsAndDisposalGroupsHeldForSaleInvestmentProperty" order="12" use="optional" />
    <loc xlink:type="locator" xlink:href="p-FINREP-2008-01-01.xsd#p-FINREP_OtherIncreaseDecreaseInvestmentProperty" xlink:label="p-FINREP_OtherIncreaseDecreaseInvestmentProperty" />
    <definitionArc xlink:type="arc" xlink:arcrole="http://xbrl.org/int/dim/arcrole/domain-member" xlink:from="p-FINREP_ChangesInInvestmentPropertyPresentation" xlink:to="p-FINREP_OtherIncreaseDecreaseInvestmentProperty" order="13" use="optional" />
    <loc xlink:type="locator" xlink:href="p-FINREP-2008-01-01.xsd#p-FINREP_InvestmentPropertyFairValueIfElectingForCostModelPresentation" xlink:label="p-FINREP_InvestmentPropertyFairValueIfElectingForCostModelPresentation" />
    <definitionArc xlink:type="arc" xlink:arcrole="http://xbrl.org/int/dim/arcrole/domain-member" xlink:from="p-FINREP_InvestmentPropertyPresentation" xlink:to="p-FINREP_InvestmentPropertyFairValueIfElectingForCostModelPresentation" order="2" use="optional" />
    <loc xlink:type="locator" xlink:href="p-FINREP-2008-01-01.xsd#p-FINREP_InvestmentPropertyAtFairValueCostModel" xlink:label="p-FINREP_InvestmentPropertyAtFairValueCostModel" />
    <definitionArc xlink:type="arc" xlink:arcrole="http://xbrl.org/int/dim/arcrole/domain-member" xlink:from="p-FINREP_InvestmentPropertyFairValueIfElectingForCostModelPresentation" xlink:to="p-FINREP_InvestmentPropertyAtFairValueCostModel" order="1" priority="1" use="optional" />
    <loc xlink:type="locator" xlink:href="p-FINREP-2008-01-01.xsd#p-FINREP_InvestmentPropertyExceptionalCasesOfUseOfCostModelIfElectingForFairValueModelPresentation" xlink:label="p-FINREP_InvestmentPropertyExceptionalCasesOfUseOfCostModelIfElectingForFairValueModelPresentation" />
    <definitionArc xlink:type="arc" xlink:arcrole="http://xbrl.org/int/dim/arcrole/domain-member" xlink:from="p-FINREP_InvestmentPropertyPresentation" xlink:to="p-FINREP_InvestmentPropertyExceptionalCasesOfUseOfCostModelIfElectingForFairValueModelPresentation" order="3" use="optional" />
    <loc xlink:type="locator" xlink:href="http://xbrl.iasb.org/int/fr/ifrs/gp/2006-08-15/ifrs-gp-2006-08-15.xsd#ifrs-gp_InvestmentPropertyAtCostFairValueInformationUnreliableFairValueModel" xlink:label="ifrs-gp_InvestmentPropertyAtCostFairValueInformationUnreliableFairValueModel" />
    <definitionArc xlink:type="arc" xlink:arcrole="http://xbrl.org/int/dim/arcrole/domain-member" xlink:from="p-FINREP_InvestmentPropertyExceptionalCasesOfUseOfCostModelIfElectingForFairValueModelPresentation" xlink:to="ifrs-gp_InvestmentPropertyAtCostFairValueInformationUnreliableFairValueModel" order="1" priority="2" use="optional" />
    <loc xlink:type="locator" xlink:href="p-FINREP-2008-01-01.xsd#p-FINREP_InvestmentPropertyUnderFinanceLeasesNet" xlink:label="p-FINREP_InvestmentPropertyUnderFinanceLeasesNet" />
    <definitionArc xlink:type="arc" xlink:arcrole="http://xbrl.org/int/dim/arcrole/domain-member" xlink:from="p-FINREP_InvestmentPropertyPresentation" xlink:to="p-FINREP_InvestmentPropertyUnderFinanceLeasesNet" order="4" use="optional" />
    <loc xlink:type="locator" xlink:href="p-FINREP-2008-01-01.xsd#p-FINREP_InvestmentPropertyUnderOperatingLeasesNet" xlink:label="p-FINREP_InvestmentPropertyUnderOperatingLeasesNet" />
    <definitionArc xlink:type="arc" xlink:arcrole="http://xbrl.org/int/dim/arcrole/domain-member" xlink:from="p-FINREP_InvestmentPropertyPresentation" xlink:to="p-FINREP_InvestmentPropertyUnderOperatingLeasesNet" order="5" priority="1" use="optional" />
    <loc xlink:type="locator" xlink:href="p-FINREP-2008-01-01.xsd#p-FINREP_InvestmentPropertyGross" xlink:label="p-FINREP_InvestmentPropertyGross" />
    <definitionArc xlink:type="arc" xlink:arcrole="http://xbrl.org/int/dim/arcrole/domain-member" xlink:from="p-FINREP_InvestmentPropertyPresentation" xlink:to="p-FINREP_InvestmentPropertyGross" order="6" use="optional" />
    <loc xlink:type="locator" xlink:href="p-FINREP-2008-01-01.xsd#p-FINREP_AccumulatedDepreciationInvestmentProperty" xlink:label="p-FINREP_AccumulatedDepreciationInvestmentProperty" />
    <definitionArc xlink:type="arc" xlink:arcrole="http://xbrl.org/int/dim/arcrole/domain-member" xlink:from="p-FINREP_InvestmentPropertyPresentation" xlink:to="p-FINREP_AccumulatedDepreciationInvestmentProperty" order="7" priority="1" use="optional" />
  </definitionLink>
</linkbase>