<?xml version="1.0" encoding="utf-8"?>
<?taxonomy-version 1.3.2?>
<!--Copyright (C) 2011 EBA - European Banking Authority, Tower 42, 25 Old Broad Street, London, EC2N 1HQ, United Kingdom.-->   
<linkbase
	xmlns="http://www.xbrl.org/2003/linkbase"
	xmlns:xsi="http://www.w3.org/2001/XMLSchema-instance"
	xmlns:xlink="http://www.w3.org/1999/xlink"
	xsi:schemaLocation=" http://www.xbrl.org/2003/linkbase http://www.xbrl.org/2003/xbrl-linkbase-2003-12-31.xsd">
  <roleRef xlink:type="simple" xlink:href="p-FINREP-2008-01-01-T24-GainsLossesOnDerecognitionOfAssetsOtherThanHeldForSale.xsd#GainsLossesOnDerecognitionOfAssetsOtherThanHeldForSale" roleURI="http://www.c-ebs.org/eu/fr/esrs/finrep/2008-01-01/role/GainsLossesOnDerecognitionOfAssetsOtherThanHeldForSale" />
  <presentationLink xlink:type="extended" xlink:role="http://www.c-ebs.org/eu/fr/esrs/finrep/2008-01-01/role/GainsLossesOnDerecognitionOfAssetsOtherThanHeldForSale">
    <loc xlink:type="locator" xlink:href="p-FINREP-2008-01-01.xsd#p-FINREP_GainsAndLossesOnDerecognitionOfAssetsOtherThanHeldForSalePresentation" xlink:label="p-FINREP_GainsAndLossesOnDerecognitionOfAssetsOtherThanHeldForSalePresentation" />
    <loc xlink:type="locator" xlink:href="p-FINREP-2008-01-01.xsd#p-FINREP_GainsOnDerecognitionOfNonCurrentAssetsNotHeldForSale" xlink:label="p-FINREP_GainsOnDerecognitionOfNonCurrentAssetsNotHeldForSale" />
    <presentationArc xlink:type="arc" xlink:arcrole="http://www.xbrl.org/2003/arcrole/parent-child" xlink:from="p-FINREP_GainsAndLossesOnDerecognitionOfAssetsOtherThanHeldForSalePresentation" xlink:to="p-FINREP_GainsOnDerecognitionOfNonCurrentAssetsNotHeldForSale" order="1" use="optional" />
    <loc xlink:type="locator" xlink:href="p-FINREP-2008-01-01.xsd#p-FINREP_GainsOnDerecognitionOfPropertyPlantAndEquipment" xlink:label="p-FINREP_GainsOnDerecognitionOfPropertyPlantAndEquipment" />
    <presentationArc xlink:type="arc" xlink:arcrole="http://www.xbrl.org/2003/arcrole/parent-child" xlink:from="p-FINREP_GainsOnDerecognitionOfNonCurrentAssetsNotHeldForSale" xlink:to="p-FINREP_GainsOnDerecognitionOfPropertyPlantAndEquipment" order="1" use="optional" />
    <loc xlink:type="locator" xlink:href="p-FINREP-2008-01-01.xsd#p-FINREP_GainsOnDerecognitionOfInvestmentProperty" xlink:label="p-FINREP_GainsOnDerecognitionOfInvestmentProperty" />
    <presentationArc xlink:type="arc" xlink:arcrole="http://www.xbrl.org/2003/arcrole/parent-child" xlink:from="p-FINREP_GainsOnDerecognitionOfNonCurrentAssetsNotHeldForSale" xlink:to="p-FINREP_GainsOnDerecognitionOfInvestmentProperty" order="2" use="optional" />
    <loc xlink:type="locator" xlink:href="p-FINREP-2008-01-01.xsd#p-FINREP_GainsOnDerecognitionOfIdentifiableIntangibleAssets" xlink:label="p-FINREP_GainsOnDerecognitionOfIdentifiableIntangibleAssets" />
    <presentationArc xlink:type="arc" xlink:arcrole="http://www.xbrl.org/2003/arcrole/parent-child" xlink:from="p-FINREP_GainsOnDerecognitionOfNonCurrentAssetsNotHeldForSale" xlink:to="p-FINREP_GainsOnDerecognitionOfIdentifiableIntangibleAssets" order="3" use="optional" />
    <loc xlink:type="locator" xlink:href="p-FINREP-2008-01-01.xsd#p-FINREP_GainsOnDerecognitionOfInvestmentsInSubsidiariesAssociatesAndJointVentures" xlink:label="p-FINREP_GainsOnDerecognitionOfInvestmentsInSubsidiariesAssociatesAndJointVentures" />
    <presentationArc xlink:type="arc" xlink:arcrole="http://www.xbrl.org/2003/arcrole/parent-child" xlink:from="p-FINREP_GainsOnDerecognitionOfNonCurrentAssetsNotHeldForSale" xlink:to="p-FINREP_GainsOnDerecognitionOfInvestmentsInSubsidiariesAssociatesAndJointVentures" order="4" use="optional" />
    <loc xlink:type="locator" xlink:href="p-FINREP-2008-01-01.xsd#p-FINREP_LossesOnDerecognitionOfNonCurrentAssetsNotHeldForSale" xlink:label="p-FINREP_LossesOnDerecognitionOfNonCurrentAssetsNotHeldForSale" />
    <presentationArc xlink:type="arc" xlink:arcrole="http://www.xbrl.org/2003/arcrole/parent-child" xlink:from="p-FINREP_GainsAndLossesOnDerecognitionOfAssetsOtherThanHeldForSalePresentation" xlink:to="p-FINREP_LossesOnDerecognitionOfNonCurrentAssetsNotHeldForSale" order="2" use="optional" />
    <loc xlink:type="locator" xlink:href="p-FINREP-2008-01-01.xsd#p-FINREP_LossesOnDerecognitionOfPropertyPlantAndEquipment" xlink:label="p-FINREP_LossesOnDerecognitionOfPropertyPlantAndEquipment" />
    <presentationArc xlink:type="arc" xlink:arcrole="http://www.xbrl.org/2003/arcrole/parent-child" xlink:from="p-FINREP_LossesOnDerecognitionOfNonCurrentAssetsNotHeldForSale" xlink:to="p-FINREP_LossesOnDerecognitionOfPropertyPlantAndEquipment" order="1" use="optional" />
    <loc xlink:type="locator" xlink:href="p-FINREP-2008-01-01.xsd#p-FINREP_LossesOnDerecognitionOfInvestmentProperty" xlink:label="p-FINREP_LossesOnDerecognitionOfInvestmentProperty" />
    <presentationArc xlink:type="arc" xlink:arcrole="http://www.xbrl.org/2003/arcrole/parent-child" xlink:from="p-FINREP_LossesOnDerecognitionOfNonCurrentAssetsNotHeldForSale" xlink:to="p-FINREP_LossesOnDerecognitionOfInvestmentProperty" order="2" use="optional" />
    <loc xlink:type="locator" xlink:href="p-FINREP-2008-01-01.xsd#p-FINREP_LossesOnDerecognitionOfIdentifiableIntangibleAssets" xlink:label="p-FINREP_LossesOnDerecognitionOfIdentifiableIntangibleAssets" />
    <presentationArc xlink:type="arc" xlink:arcrole="http://www.xbrl.org/2003/arcrole/parent-child" xlink:from="p-FINREP_LossesOnDerecognitionOfNonCurrentAssetsNotHeldForSale" xlink:to="p-FINREP_LossesOnDerecognitionOfIdentifiableIntangibleAssets" order="3" use="optional" />
    <loc xlink:type="locator" xlink:href="p-FINREP-2008-01-01.xsd#p-FINREP_LossesOnDerecognitionOfInvestmentsInSubsidiariesAssociatesAndJointVentures" xlink:label="p-FINREP_LossesOnDerecognitionOfInvestmentsInSubsidiariesAssociatesAndJointVentures" />
    <presentationArc xlink:type="arc" xlink:arcrole="http://www.xbrl.org/2003/arcrole/parent-child" xlink:from="p-FINREP_LossesOnDerecognitionOfNonCurrentAssetsNotHeldForSale" xlink:to="p-FINREP_LossesOnDerecognitionOfInvestmentsInSubsidiariesAssociatesAndJointVentures" order="4" use="optional" />
    <loc xlink:type="locator" xlink:href="p-FINREP-2008-01-01.xsd#p-FINREP_GainLossOnDerecognitionOfNonCurrentAssetsNotHeldForSaleTotal" xlink:label="p-FINREP_GainLossOnDerecognitionOfNonCurrentAssetsNotHeldForSaleTotal" />
    <presentationArc xlink:type="arc" xlink:arcrole="http://www.xbrl.org/2003/arcrole/parent-child" xlink:from="p-FINREP_GainsAndLossesOnDerecognitionOfAssetsOtherThanHeldForSalePresentation" xlink:to="p-FINREP_GainLossOnDerecognitionOfNonCurrentAssetsNotHeldForSaleTotal" order="3" use="optional" />
    <loc xlink:type="locator" xlink:href="http://xbrl.iasb.org/int/fr/ifrs/gp/2006-08-15/ifrs-gp-2006-08-15.xsd#ifrs-gp_GainLossOnDerecognitionOfPropertyPlantAndEquipment" xlink:label="ifrs-gp_GainLossOnDerecognitionOfPropertyPlantAndEquipment" />
    <presentationArc xlink:type="arc" xlink:arcrole="http://www.xbrl.org/2003/arcrole/parent-child" xlink:from="p-FINREP_GainLossOnDerecognitionOfNonCurrentAssetsNotHeldForSaleTotal" xlink:to="ifrs-gp_GainLossOnDerecognitionOfPropertyPlantAndEquipment" order="1" use="optional" />
    <loc xlink:type="locator" xlink:href="http://xbrl.iasb.org/int/fr/ifrs/gp/2006-08-15/ifrs-gp-2006-08-15.xsd#ifrs-gp_GainLossOnDerecognitionOfInvestmentProperty" xlink:label="ifrs-gp_GainLossOnDerecognitionOfInvestmentProperty" />
    <presentationArc xlink:type="arc" xlink:arcrole="http://www.xbrl.org/2003/arcrole/parent-child" xlink:from="p-FINREP_GainLossOnDerecognitionOfNonCurrentAssetsNotHeldForSaleTotal" xlink:to="ifrs-gp_GainLossOnDerecognitionOfInvestmentProperty" order="2" use="optional" />
    <loc xlink:type="locator" xlink:href="http://xbrl.iasb.org/int/fr/ifrs/gp/2006-08-15/ifrs-gp-2006-08-15.xsd#ifrs-gp_GainLossOnDerecognitionOfIdentifiableIntangibleAssets" xlink:label="ifrs-gp_GainLossOnDerecognitionOfIdentifiableIntangibleAssets" />
    <presentationArc xlink:type="arc" xlink:arcrole="http://www.xbrl.org/2003/arcrole/parent-child" xlink:from="p-FINREP_GainLossOnDerecognitionOfNonCurrentAssetsNotHeldForSaleTotal" xlink:to="ifrs-gp_GainLossOnDerecognitionOfIdentifiableIntangibleAssets" order="3" use="optional" />
    <loc xlink:type="locator" xlink:href="http://xbrl.iasb.org/int/fr/ifrs/gp/2006-08-15/ifrs-gp-2006-08-15.xsd#ifrs-gp_GainLossOnDerecognitionOfInvestmentsInSubsidiariesAssociatesAndJointVentures" xlink:label="ifrs-gp_GainLossOnDerecognitionOfInvestmentsInSubsidiariesAssociatesAndJointVentures" />
    <presentationArc xlink:type="arc" xlink:arcrole="http://www.xbrl.org/2003/arcrole/parent-child" xlink:from="p-FINREP_GainLossOnDerecognitionOfNonCurrentAssetsNotHeldForSaleTotal" xlink:to="ifrs-gp_GainLossOnDerecognitionOfInvestmentsInSubsidiariesAssociatesAndJointVentures" order="4" use="optional" />
  </presentationLink>
</linkbase>