<?xml version="1.0" encoding="utf-8"?>
<?taxonomy-version 1.3.2?>
<!--Copyright (C) 2011 EBA - European Banking Authority, Tower 42, 25 Old Broad Street, London, EC2N 1HQ, United Kingdom.-->   
<linkbase
	xmlns="http://www.xbrl.org/2003/linkbase"
	xmlns:xsi="http://www.w3.org/2001/XMLSchema-instance"
	xmlns:xlink="http://www.w3.org/1999/xlink"
	xsi:schemaLocation=" http://www.xbrl.org/2003/linkbase http://www.xbrl.org/2003/xbrl-linkbase-2003-12-31.xsd">
  <roleRef xlink:type="simple" xlink:href="p-FINREP-2008-01-01-T26-StaffExpenses.xsd#StaffExpenses" roleURI="http://www.c-ebs.org/eu/fr/esrs/finrep/2008-01-01/role/StaffExpenses" />
  <presentationLink xlink:type="extended" xlink:role="http://www.c-ebs.org/eu/fr/esrs/finrep/2008-01-01/role/StaffExpenses">
    <loc xlink:type="locator" xlink:href="http://xbrl.iasb.org/int/fr/ifrs/gp/2006-08-15/ifrs-gp-2006-08-15.xsd#ifrs-gp_EmployeeExpenses" xlink:label="ifrs-gp_EmployeeExpenses" />
    <loc xlink:type="locator" xlink:href="http://xbrl.iasb.org/int/fr/ifrs/gp/2006-08-15/ifrs-gp-2006-08-15.xsd#ifrs-gp_WageAndSalaries" xlink:label="ifrs-gp_WageAndSalaries" />
    <presentationArc xlink:type="arc" xlink:arcrole="http://www.xbrl.org/2003/arcrole/parent-child" xlink:from="ifrs-gp_EmployeeExpenses" xlink:to="ifrs-gp_WageAndSalaries" order="1" use="optional" />
    <loc xlink:type="locator" xlink:href="p-FINREP-2008-01-01.xsd#p-FINREP_EmployeeExpensesSocialSecurityCharges" xlink:label="p-FINREP_EmployeeExpensesSocialSecurityCharges" />
    <presentationArc xlink:type="arc" xlink:arcrole="http://www.xbrl.org/2003/arcrole/parent-child" xlink:from="ifrs-gp_EmployeeExpenses" xlink:to="p-FINREP_EmployeeExpensesSocialSecurityCharges" order="2" use="optional" />
    <loc xlink:type="locator" xlink:href="p-FINREP-2008-01-01.xsd#p-FINREP_EmployeeExpensesPensionAndSimilarExpenses" xlink:label="p-FINREP_EmployeeExpensesPensionAndSimilarExpenses" />
    <presentationArc xlink:type="arc" xlink:arcrole="http://www.xbrl.org/2003/arcrole/parent-child" xlink:from="ifrs-gp_EmployeeExpenses" xlink:to="p-FINREP_EmployeeExpensesPensionAndSimilarExpenses" order="3" use="optional" />
    <loc xlink:type="locator" xlink:href="p-FINREP-2008-01-01.xsd#p-FINREP_EmployeeExpensesTemporaryEmployeeExpenses" xlink:label="p-FINREP_EmployeeExpensesTemporaryEmployeeExpenses" />
    <presentationArc xlink:type="arc" xlink:arcrole="http://www.xbrl.org/2003/arcrole/parent-child" xlink:from="ifrs-gp_EmployeeExpenses" xlink:to="p-FINREP_EmployeeExpensesTemporaryEmployeeExpenses" order="4" use="optional" />
    <loc xlink:type="locator" xlink:href="http://xbrl.iasb.org/int/fr/ifrs/gp/2006-08-15/ifrs-gp-2006-08-15.xsd#ifrs-gp_ShareBasedPaymentTransactions" xlink:label="ifrs-gp_ShareBasedPaymentTransactions" />
    <presentationArc xlink:type="arc" xlink:arcrole="http://www.xbrl.org/2003/arcrole/parent-child" xlink:from="ifrs-gp_EmployeeExpenses" xlink:to="ifrs-gp_ShareBasedPaymentTransactions" order="5" use="optional" />
    <loc xlink:type="locator" xlink:href="p-FINREP-2008-01-01.xsd#p-FINREP_EmployeeExpensesOther" xlink:label="p-FINREP_EmployeeExpensesOther" />
    <presentationArc xlink:type="arc" xlink:arcrole="http://www.xbrl.org/2003/arcrole/parent-child" xlink:from="ifrs-gp_EmployeeExpenses" xlink:to="p-FINREP_EmployeeExpensesOther" order="6" use="optional" />
  </presentationLink>
</linkbase>