<?xml version="1.0" encoding="utf-8"?>
<?taxonomy-version 1.3.2?>
<!--Copyright (C) 2011 EBA - European Banking Authority, Tower 42, 25 Old Broad Street, London, EC2N 1HQ, United Kingdom.-->   
<linkbase
	xmlns="http://www.xbrl.org/2003/linkbase"
	xmlns:xsi="http://www.w3.org/2001/XMLSchema-instance"
	xmlns:xlink="http://www.w3.org/1999/xlink"
	xsi:schemaLocation=" http://www.xbrl.org/2003/linkbase http://www.xbrl.org/2003/xbrl-linkbase-2003-12-31.xsd">
  <roleRef xlink:type="simple" xlink:href="p-FINREP-2008-01-01-T23-GainsLossesFromHedgeAccounting.xsd#GainsLossesFromHedgeAccounting" roleURI="http://www.c-ebs.org/eu/fr/esrs/finrep/2008-01-01/role/GainsLossesFromHedgeAccounting" />
  <presentationLink xlink:type="extended" xlink:role="http://www.c-ebs.org/eu/fr/esrs/finrep/2008-01-01/role/GainsLossesFromHedgeAccounting">
    <loc xlink:type="locator" xlink:href="p-FINREP-2008-01-01.xsd#p-FINREP_GainsLossesFromHedgeAccountingPresentation" xlink:label="p-FINREP_GainsLossesFromHedgeAccountingPresentation" />
    <loc xlink:type="locator" xlink:href="p-FINREP-2008-01-01.xsd#p-FINREP_GainsOnFinancialInstrumentsDueToFairValueAdjustmentsInHedgeAccountingTotal" xlink:label="p-FINREP_GainsOnFinancialInstrumentsDueToFairValueAdjustmentsInHedgeAccountingTotal" />
    <presentationArc xlink:type="arc" xlink:arcrole="http://www.xbrl.org/2003/arcrole/parent-child" xlink:from="p-FINREP_GainsLossesFromHedgeAccountingPresentation" xlink:to="p-FINREP_GainsOnFinancialInstrumentsDueToFairValueAdjustmentsInHedgeAccountingTotal" order="1" use="optional" />
    <loc xlink:type="locator" xlink:href="p-FINREP-2008-01-01.xsd#p-FINREP_GainsOnFinancialInstrumentsDueToFairValueAdjustmentsInHedgeAccountingMicroHedgesFairValueHedges" xlink:label="p-FINREP_GainsOnFinancialInstrumentsDueToFairValueAdjustmentsInHedgeAccountingMicroHedgesFairValueHedges" />
    <presentationArc xlink:type="arc" xlink:arcrole="http://www.xbrl.org/2003/arcrole/parent-child" xlink:from="p-FINREP_GainsOnFinancialInstrumentsDueToFairValueAdjustmentsInHedgeAccountingTotal" xlink:to="p-FINREP_GainsOnFinancialInstrumentsDueToFairValueAdjustmentsInHedgeAccountingMicroHedgesFairValueHedges" order="1" use="optional" />
    <loc xlink:type="locator" xlink:href="p-FINREP-2008-01-01.xsd#p-FINREP_GainsOnFinancialInstrumentsDueToFairValueAdjustmentsInHedgeAccountingMicroHedgesFairValueHedgesFairValueAdjustmentsToHedgedItem" xlink:label="p-FINREP_GainsOnFinancialInstrumentsDueToFairValueAdjustmentsInHedgeAccountingMicroHedgesFairValueHedgesFairValueAdjustmentsToHedgedItem" />
    <presentationArc xlink:type="arc" xlink:arcrole="http://www.xbrl.org/2003/arcrole/parent-child" xlink:from="p-FINREP_GainsOnFinancialInstrumentsDueToFairValueAdjustmentsInHedgeAccountingMicroHedgesFairValueHedges" xlink:to="p-FINREP_GainsOnFinancialInstrumentsDueToFairValueAdjustmentsInHedgeAccountingMicroHedgesFairValueHedgesFairValueAdjustmentsToHedgedItem" order="1" use="optional" />
    <loc xlink:type="locator" xlink:href="p-FINREP-2008-01-01.xsd#p-FINREP_GainsOnFinancialInstrumentsDueToFairValueAdjustmentsInHedgeAccountingMicroHedgesFairValueHedgesFairValueAdjustmentsOfTheHedgeDerivatives" xlink:label="p-FINREP_GainsOnFinancialInstrumentsDueToFairValueAdjustmentsInHedgeAccountingMicroHedgesFairValueHedgesFairValueAdjustmentsOfTheHedgeDerivatives" />
    <presentationArc xlink:type="arc" xlink:arcrole="http://www.xbrl.org/2003/arcrole/parent-child" xlink:from="p-FINREP_GainsOnFinancialInstrumentsDueToFairValueAdjustmentsInHedgeAccountingMicroHedgesFairValueHedges" xlink:to="p-FINREP_GainsOnFinancialInstrumentsDueToFairValueAdjustmentsInHedgeAccountingMicroHedgesFairValueHedgesFairValueAdjustmentsOfTheHedgeDerivatives" order="2" use="optional" />
    <loc xlink:type="locator" xlink:href="p-FINREP-2008-01-01.xsd#p-FINREP_GainsOnFinancialInstrumentsDueToFairValueAdjustmentsInHedgeAccountingMicroHedgesCashFlowHedgesPresentation" xlink:label="p-FINREP_GainsOnFinancialInstrumentsDueToFairValueAdjustmentsInHedgeAccountingMicroHedgesCashFlowHedgesPresentation" />
    <presentationArc xlink:type="arc" xlink:arcrole="http://www.xbrl.org/2003/arcrole/parent-child" xlink:from="p-FINREP_GainsOnFinancialInstrumentsDueToFairValueAdjustmentsInHedgeAccountingTotal" xlink:to="p-FINREP_GainsOnFinancialInstrumentsDueToFairValueAdjustmentsInHedgeAccountingMicroHedgesCashFlowHedgesPresentation" order="2" use="optional" />
    <loc xlink:type="locator" xlink:href="p-FINREP-2008-01-01.xsd#p-FINREP_GainsOnFinancialInstrumentsDueToFairValueAdjustmentsInHedgeAccountingMicroHedgesCashFlowHedgesFairValueAdjustmentsOfTheHedgeDerivativesIneffectivePortion" xlink:label="p-FINREP_GainsOnFinancialInstrumentsDueToFairValueAdjustmentsInHedgeAccountingMicroHedgesCashFlowHedgesFairValueAdjustmentsOfTheHedgeDerivativesIneffectivePortion" />
    <presentationArc xlink:type="arc" xlink:arcrole="http://www.xbrl.org/2003/arcrole/parent-child" xlink:from="p-FINREP_GainsOnFinancialInstrumentsDueToFairValueAdjustmentsInHedgeAccountingMicroHedgesCashFlowHedgesPresentation" xlink:to="p-FINREP_GainsOnFinancialInstrumentsDueToFairValueAdjustmentsInHedgeAccountingMicroHedgesCashFlowHedgesFairValueAdjustmentsOfTheHedgeDerivativesIneffectivePortion" order="1" use="optional" />
    <loc xlink:type="locator" xlink:href="p-FINREP-2008-01-01.xsd#p-FINREP_GainsOnFinancialInstrumentsDueToFairValueAdjustmentsInHedgeAccountingMicroHedgesHedgesNetInvestmentInForeignOperationPresentation" xlink:label="p-FINREP_GainsOnFinancialInstrumentsDueToFairValueAdjustmentsInHedgeAccountingMicroHedgesHedgesNetInvestmentInForeignOperationPresentation" />
    <presentationArc xlink:type="arc" xlink:arcrole="http://www.xbrl.org/2003/arcrole/parent-child" xlink:from="p-FINREP_GainsOnFinancialInstrumentsDueToFairValueAdjustmentsInHedgeAccountingTotal" xlink:to="p-FINREP_GainsOnFinancialInstrumentsDueToFairValueAdjustmentsInHedgeAccountingMicroHedgesHedgesNetInvestmentInForeignOperationPresentation" order="3" use="optional" />
    <loc xlink:type="locator" xlink:href="p-FINREP-2008-01-01.xsd#p-FINREP_GainsOnFinancialInstrumentsDueToFairValueAdjustmentsInHedgeAccountingMicroHedgesHedgesOfNetInvestmentInForeignOperationFairValueAdjustmentsOfTheHedgeDerivativesIneffectivePortion" xlink:label="p-FINREP_GainsOnFinancialInstrumentsDueToFairValueAdjustmentsInHedgeAccountingMicroHedgesHedgesOfNetInvestmentInForeignOperationFairValueAdjustmentsOfTheHedgeDerivativesIneffectivePortion" />
    <presentationArc xlink:type="arc" xlink:arcrole="http://www.xbrl.org/2003/arcrole/parent-child" xlink:from="p-FINREP_GainsOnFinancialInstrumentsDueToFairValueAdjustmentsInHedgeAccountingMicroHedgesHedgesNetInvestmentInForeignOperationPresentation" xlink:to="p-FINREP_GainsOnFinancialInstrumentsDueToFairValueAdjustmentsInHedgeAccountingMicroHedgesHedgesOfNetInvestmentInForeignOperationFairValueAdjustmentsOfTheHedgeDerivativesIneffectivePortion" order="1" use="optional" />
    <loc xlink:type="locator" xlink:href="p-FINREP-2008-01-01.xsd#p-FINREP_GainsOnFinancialInstrumentsDueToFairValueAdjustmentsInHedgeAccountingPortfolioHedgesOfInterestRateRiskFairValueHedges" xlink:label="p-FINREP_GainsOnFinancialInstrumentsDueToFairValueAdjustmentsInHedgeAccountingPortfolioHedgesOfInterestRateRiskFairValueHedges" />
    <presentationArc xlink:type="arc" xlink:arcrole="http://www.xbrl.org/2003/arcrole/parent-child" xlink:from="p-FINREP_GainsOnFinancialInstrumentsDueToFairValueAdjustmentsInHedgeAccountingTotal" xlink:to="p-FINREP_GainsOnFinancialInstrumentsDueToFairValueAdjustmentsInHedgeAccountingPortfolioHedgesOfInterestRateRiskFairValueHedges" order="4" use="optional" />
    <loc xlink:type="locator" xlink:href="p-FINREP-2008-01-01.xsd#p-FINREP_GainsOnFinancialInstrumentsDueToFairValueAdjustmentsInHedgeAccountingPortfolioHedgesOfInterestRateRiskFairValueHedgesFairValueAdjustmentsToHedgedItem" xlink:label="p-FINREP_GainsOnFinancialInstrumentsDueToFairValueAdjustmentsInHedgeAccountingPortfolioHedgesOfInterestRateRiskFairValueHedgesFairValueAdjustmentsToHedgedItem" />
    <presentationArc xlink:type="arc" xlink:arcrole="http://www.xbrl.org/2003/arcrole/parent-child" xlink:from="p-FINREP_GainsOnFinancialInstrumentsDueToFairValueAdjustmentsInHedgeAccountingPortfolioHedgesOfInterestRateRiskFairValueHedges" xlink:to="p-FINREP_GainsOnFinancialInstrumentsDueToFairValueAdjustmentsInHedgeAccountingPortfolioHedgesOfInterestRateRiskFairValueHedgesFairValueAdjustmentsToHedgedItem" order="1" use="optional" />
    <loc xlink:type="locator" xlink:href="p-FINREP-2008-01-01.xsd#p-FINREP_GainsOnFinancialInstrumentsDueToFairValueAdjustmentsInHedgeAccountingPortfolioHedgesOfInterestRateRiskFairValueHedgesFairValueAdjustmentsOfTheHedgeDerivatives" xlink:label="p-FINREP_GainsOnFinancialInstrumentsDueToFairValueAdjustmentsInHedgeAccountingPortfolioHedgesOfInterestRateRiskFairValueHedgesFairValueAdjustmentsOfTheHedgeDerivatives" />
    <presentationArc xlink:type="arc" xlink:arcrole="http://www.xbrl.org/2003/arcrole/parent-child" xlink:from="p-FINREP_GainsOnFinancialInstrumentsDueToFairValueAdjustmentsInHedgeAccountingPortfolioHedgesOfInterestRateRiskFairValueHedges" xlink:to="p-FINREP_GainsOnFinancialInstrumentsDueToFairValueAdjustmentsInHedgeAccountingPortfolioHedgesOfInterestRateRiskFairValueHedgesFairValueAdjustmentsOfTheHedgeDerivatives" order="2" use="optional" />
    <loc xlink:type="locator" xlink:href="p-FINREP-2008-01-01.xsd#p-FINREP_GainsOnFinancialInstrumentsDueToFairValueAdjustmentsInHedgeAccountingPortfolioHedgesInterestRateRiskCashFlowHedgesPresentation" xlink:label="p-FINREP_GainsOnFinancialInstrumentsDueToFairValueAdjustmentsInHedgeAccountingPortfolioHedgesInterestRateRiskCashFlowHedgesPresentation" />
    <presentationArc xlink:type="arc" xlink:arcrole="http://www.xbrl.org/2003/arcrole/parent-child" xlink:from="p-FINREP_GainsOnFinancialInstrumentsDueToFairValueAdjustmentsInHedgeAccountingTotal" xlink:to="p-FINREP_GainsOnFinancialInstrumentsDueToFairValueAdjustmentsInHedgeAccountingPortfolioHedgesInterestRateRiskCashFlowHedgesPresentation" order="5" use="optional" />
    <loc xlink:type="locator" xlink:href="p-FINREP-2008-01-01.xsd#p-FINREP_GainsOnFinancialInstrumentsDueToFairValueAdjustmentsInHedgeAccountingPortfolioHedgesOfInterestRateRiskCashFlowHedgesFairValueAdjustmentsOfTheHedgingInstrumentIneffectivePortion" xlink:label="p-FINREP_GainsOnFinancialInstrumentsDueToFairValueAdjustmentsInHedgeAccountingPortfolioHedgesOfInterestRateRiskCashFlowHedgesFairValueAdjustmentsOfTheHedgingInstrumentIneffectivePortion" />
    <presentationArc xlink:type="arc" xlink:arcrole="http://www.xbrl.org/2003/arcrole/parent-child" xlink:from="p-FINREP_GainsOnFinancialInstrumentsDueToFairValueAdjustmentsInHedgeAccountingPortfolioHedgesInterestRateRiskCashFlowHedgesPresentation" xlink:to="p-FINREP_GainsOnFinancialInstrumentsDueToFairValueAdjustmentsInHedgeAccountingPortfolioHedgesOfInterestRateRiskCashFlowHedgesFairValueAdjustmentsOfTheHedgingInstrumentIneffectivePortion" order="1" use="optional" />
    <loc xlink:type="locator" xlink:href="p-FINREP-2008-01-01.xsd#p-FINREP_GainsOnFinancialInstrumentsDueToFairValueAdjustmentsInHedgeAccountingDiscontinuationOfHedgeAccountingInTheCaseOfACashFlowHedge" xlink:label="p-FINREP_GainsOnFinancialInstrumentsDueToFairValueAdjustmentsInHedgeAccountingDiscontinuationOfHedgeAccountingInTheCaseOfACashFlowHedge" />
    <presentationArc xlink:type="arc" xlink:arcrole="http://www.xbrl.org/2003/arcrole/parent-child" xlink:from="p-FINREP_GainsOnFinancialInstrumentsDueToFairValueAdjustmentsInHedgeAccountingTotal" xlink:to="p-FINREP_GainsOnFinancialInstrumentsDueToFairValueAdjustmentsInHedgeAccountingDiscontinuationOfHedgeAccountingInTheCaseOfACashFlowHedge" order="6" use="optional" />
    <loc xlink:type="locator" xlink:href="p-FINREP-2008-01-01.xsd#p-FINREP_LossesOnFinancialInstrumentsDueToFairValueAdjustmentsInHedgeAccountingTotal" xlink:label="p-FINREP_LossesOnFinancialInstrumentsDueToFairValueAdjustmentsInHedgeAccountingTotal" />
    <presentationArc xlink:type="arc" xlink:arcrole="http://www.xbrl.org/2003/arcrole/parent-child" xlink:from="p-FINREP_GainsLossesFromHedgeAccountingPresentation" xlink:to="p-FINREP_LossesOnFinancialInstrumentsDueToFairValueAdjustmentsInHedgeAccountingTotal" order="2" use="optional" />
    <loc xlink:type="locator" xlink:href="p-FINREP-2008-01-01.xsd#p-FINREP_LossesOnFinancialInstrumentsDueToFairValueAdjustmentsInHedgeAccountingMicroHedgesFairValueHedges" xlink:label="p-FINREP_LossesOnFinancialInstrumentsDueToFairValueAdjustmentsInHedgeAccountingMicroHedgesFairValueHedges" />
    <presentationArc xlink:type="arc" xlink:arcrole="http://www.xbrl.org/2003/arcrole/parent-child" xlink:from="p-FINREP_LossesOnFinancialInstrumentsDueToFairValueAdjustmentsInHedgeAccountingTotal" xlink:to="p-FINREP_LossesOnFinancialInstrumentsDueToFairValueAdjustmentsInHedgeAccountingMicroHedgesFairValueHedges" order="1" use="optional" />
    <loc xlink:type="locator" xlink:href="p-FINREP-2008-01-01.xsd#p-FINREP_LossesOnFinancialInstrumentsDueToFairValueAdjustmentsInHedgeAccountingMicroHedgesFairValueHedgesFairValueAdjustmentsToHedgedItem" xlink:label="p-FINREP_LossesOnFinancialInstrumentsDueToFairValueAdjustmentsInHedgeAccountingMicroHedgesFairValueHedgesFairValueAdjustmentsToHedgedItem" />
    <presentationArc xlink:type="arc" xlink:arcrole="http://www.xbrl.org/2003/arcrole/parent-child" xlink:from="p-FINREP_LossesOnFinancialInstrumentsDueToFairValueAdjustmentsInHedgeAccountingMicroHedgesFairValueHedges" xlink:to="p-FINREP_LossesOnFinancialInstrumentsDueToFairValueAdjustmentsInHedgeAccountingMicroHedgesFairValueHedgesFairValueAdjustmentsToHedgedItem" order="1" use="optional" />
    <loc xlink:type="locator" xlink:href="p-FINREP-2008-01-01.xsd#p-FINREP_LossesOnFinancialInstrumentsDueToFairValueAdjustmentsInHedgeAccountingMicroHedgesFairValueHedgesFairValueAdjustmentsOfTheHedgeDerivatives" xlink:label="p-FINREP_LossesOnFinancialInstrumentsDueToFairValueAdjustmentsInHedgeAccountingMicroHedgesFairValueHedgesFairValueAdjustmentsOfTheHedgeDerivatives" />
    <presentationArc xlink:type="arc" xlink:arcrole="http://www.xbrl.org/2003/arcrole/parent-child" xlink:from="p-FINREP_LossesOnFinancialInstrumentsDueToFairValueAdjustmentsInHedgeAccountingMicroHedgesFairValueHedges" xlink:to="p-FINREP_LossesOnFinancialInstrumentsDueToFairValueAdjustmentsInHedgeAccountingMicroHedgesFairValueHedgesFairValueAdjustmentsOfTheHedgeDerivatives" order="2" use="optional" />
    <loc xlink:type="locator" xlink:href="p-FINREP-2008-01-01.xsd#p-FINREP_LossesOnFinancialInstrumentsDueToFairValueAdjustmentsInHedgeAccountingMicroHedgesCashFlowHedgesPresentation" xlink:label="p-FINREP_LossesOnFinancialInstrumentsDueToFairValueAdjustmentsInHedgeAccountingMicroHedgesCashFlowHedgesPresentation" />
    <presentationArc xlink:type="arc" xlink:arcrole="http://www.xbrl.org/2003/arcrole/parent-child" xlink:from="p-FINREP_LossesOnFinancialInstrumentsDueToFairValueAdjustmentsInHedgeAccountingTotal" xlink:to="p-FINREP_LossesOnFinancialInstrumentsDueToFairValueAdjustmentsInHedgeAccountingMicroHedgesCashFlowHedgesPresentation" order="2" use="optional" />
    <loc xlink:type="locator" xlink:href="p-FINREP-2008-01-01.xsd#p-FINREP_LossesOnFinancialInstrumentsDueToFairValueAdjustmentsInHedgeAccountingMicroHedgesCashFlowHedgesFairValueAdjustmentsOfTheHedgeDerivativesIneffectivePortion" xlink:label="p-FINREP_LossesOnFinancialInstrumentsDueToFairValueAdjustmentsInHedgeAccountingMicroHedgesCashFlowHedgesFairValueAdjustmentsOfTheHedgeDerivativesIneffectivePortion" />
    <presentationArc xlink:type="arc" xlink:arcrole="http://www.xbrl.org/2003/arcrole/parent-child" xlink:from="p-FINREP_LossesOnFinancialInstrumentsDueToFairValueAdjustmentsInHedgeAccountingMicroHedgesCashFlowHedgesPresentation" xlink:to="p-FINREP_LossesOnFinancialInstrumentsDueToFairValueAdjustmentsInHedgeAccountingMicroHedgesCashFlowHedgesFairValueAdjustmentsOfTheHedgeDerivativesIneffectivePortion" order="1" use="optional" />
    <loc xlink:type="locator" xlink:href="p-FINREP-2008-01-01.xsd#p-FINREP_LossesOnFinancialInstrumentsDueToFairValueAdjustmentsInHedgeAccountingMicroHedgesHedgesNetInvestmentInForeignOperationPresentation" xlink:label="p-FINREP_LossesOnFinancialInstrumentsDueToFairValueAdjustmentsInHedgeAccountingMicroHedgesHedgesNetInvestmentInForeignOperationPresentation" />
    <presentationArc xlink:type="arc" xlink:arcrole="http://www.xbrl.org/2003/arcrole/parent-child" xlink:from="p-FINREP_LossesOnFinancialInstrumentsDueToFairValueAdjustmentsInHedgeAccountingTotal" xlink:to="p-FINREP_LossesOnFinancialInstrumentsDueToFairValueAdjustmentsInHedgeAccountingMicroHedgesHedgesNetInvestmentInForeignOperationPresentation" order="3" use="optional" />
    <loc xlink:type="locator" xlink:href="p-FINREP-2008-01-01.xsd#p-FINREP_LossesOnFinancialInstrumentsDueToFairValueAdjustmentsInHedgeAccountingMicroHedgesHedgesOfNetInvestmentInForeignOperationFairValueAdjustmentsOfTheHedgeDerivativesIneffectivePortion" xlink:label="p-FINREP_LossesOnFinancialInstrumentsDueToFairValueAdjustmentsInHedgeAccountingMicroHedgesHedgesOfNetInvestmentInForeignOperationFairValueAdjustmentsOfTheHedgeDerivativesIneffectivePortion" />
    <presentationArc xlink:type="arc" xlink:arcrole="http://www.xbrl.org/2003/arcrole/parent-child" xlink:from="p-FINREP_LossesOnFinancialInstrumentsDueToFairValueAdjustmentsInHedgeAccountingMicroHedgesHedgesNetInvestmentInForeignOperationPresentation" xlink:to="p-FINREP_LossesOnFinancialInstrumentsDueToFairValueAdjustmentsInHedgeAccountingMicroHedgesHedgesOfNetInvestmentInForeignOperationFairValueAdjustmentsOfTheHedgeDerivativesIneffectivePortion" order="1" use="optional" />
    <loc xlink:type="locator" xlink:href="p-FINREP-2008-01-01.xsd#p-FINREP_LossesOnFinancialInstrumentsDueToFairValueAdjustmentsInHedgeAccountingPortfolioHedgesOfInterestRateRiskFairValueHedges" xlink:label="p-FINREP_LossesOnFinancialInstrumentsDueToFairValueAdjustmentsInHedgeAccountingPortfolioHedgesOfInterestRateRiskFairValueHedges" />
    <presentationArc xlink:type="arc" xlink:arcrole="http://www.xbrl.org/2003/arcrole/parent-child" xlink:from="p-FINREP_LossesOnFinancialInstrumentsDueToFairValueAdjustmentsInHedgeAccountingTotal" xlink:to="p-FINREP_LossesOnFinancialInstrumentsDueToFairValueAdjustmentsInHedgeAccountingPortfolioHedgesOfInterestRateRiskFairValueHedges" order="4" use="optional" />
    <loc xlink:type="locator" xlink:href="p-FINREP-2008-01-01.xsd#p-FINREP_LossesOnFinancialInstrumentsDueToFairValueAdjustmentsInHedgeAccountingPortfolioHedgesOfInterestRateRiskFairValueHedgesFairValueAdjustmentsToHedgedItem" xlink:label="p-FINREP_LossesOnFinancialInstrumentsDueToFairValueAdjustmentsInHedgeAccountingPortfolioHedgesOfInterestRateRiskFairValueHedgesFairValueAdjustmentsToHedgedItem" />
    <presentationArc xlink:type="arc" xlink:arcrole="http://www.xbrl.org/2003/arcrole/parent-child" xlink:from="p-FINREP_LossesOnFinancialInstrumentsDueToFairValueAdjustmentsInHedgeAccountingPortfolioHedgesOfInterestRateRiskFairValueHedges" xlink:to="p-FINREP_LossesOnFinancialInstrumentsDueToFairValueAdjustmentsInHedgeAccountingPortfolioHedgesOfInterestRateRiskFairValueHedgesFairValueAdjustmentsToHedgedItem" order="1" use="optional" />
    <loc xlink:type="locator" xlink:href="p-FINREP-2008-01-01.xsd#p-FINREP_LossesOnFinancialInstrumentsDueToFairValueAdjustmentsInHedgeAccountingPortfolioHedgesOfInterestRateRiskFairValueHedgesFairValueAdjustmentsOfTheHedgeDerivatives" xlink:label="p-FINREP_LossesOnFinancialInstrumentsDueToFairValueAdjustmentsInHedgeAccountingPortfolioHedgesOfInterestRateRiskFairValueHedgesFairValueAdjustmentsOfTheHedgeDerivatives" />
    <presentationArc xlink:type="arc" xlink:arcrole="http://www.xbrl.org/2003/arcrole/parent-child" xlink:from="p-FINREP_LossesOnFinancialInstrumentsDueToFairValueAdjustmentsInHedgeAccountingPortfolioHedgesOfInterestRateRiskFairValueHedges" xlink:to="p-FINREP_LossesOnFinancialInstrumentsDueToFairValueAdjustmentsInHedgeAccountingPortfolioHedgesOfInterestRateRiskFairValueHedgesFairValueAdjustmentsOfTheHedgeDerivatives" order="2" use="optional" />
    <loc xlink:type="locator" xlink:href="p-FINREP-2008-01-01.xsd#p-FINREP_LossesOnFinancialInstrumentsDueToFairValueAdjustmentsInHedgeAccountingPortfolioHedgesInterestRateRiskCashFlowHedgesPresentation" xlink:label="p-FINREP_LossesOnFinancialInstrumentsDueToFairValueAdjustmentsInHedgeAccountingPortfolioHedgesInterestRateRiskCashFlowHedgesPresentation" />
    <presentationArc xlink:type="arc" xlink:arcrole="http://www.xbrl.org/2003/arcrole/parent-child" xlink:from="p-FINREP_LossesOnFinancialInstrumentsDueToFairValueAdjustmentsInHedgeAccountingTotal" xlink:to="p-FINREP_LossesOnFinancialInstrumentsDueToFairValueAdjustmentsInHedgeAccountingPortfolioHedgesInterestRateRiskCashFlowHedgesPresentation" order="5" use="optional" />
    <loc xlink:type="locator" xlink:href="p-FINREP-2008-01-01.xsd#p-FINREP_LossesOnFinancialInstrumentsDueToFairValueAdjustmentsInHedgeAccountingPortfolioHedgesOfInterestRateRiskCashFlowHedgesFairValueAdjustmentsOfTheHedgingInstrumentIneffectivePortion" xlink:label="p-FINREP_LossesOnFinancialInstrumentsDueToFairValueAdjustmentsInHedgeAccountingPortfolioHedgesOfInterestRateRiskCashFlowHedgesFairValueAdjustmentsOfTheHedgingInstrumentIneffectivePortion" />
    <presentationArc xlink:type="arc" xlink:arcrole="http://www.xbrl.org/2003/arcrole/parent-child" xlink:from="p-FINREP_LossesOnFinancialInstrumentsDueToFairValueAdjustmentsInHedgeAccountingPortfolioHedgesInterestRateRiskCashFlowHedgesPresentation" xlink:to="p-FINREP_LossesOnFinancialInstrumentsDueToFairValueAdjustmentsInHedgeAccountingPortfolioHedgesOfInterestRateRiskCashFlowHedgesFairValueAdjustmentsOfTheHedgingInstrumentIneffectivePortion" order="1" use="optional" />
    <loc xlink:type="locator" xlink:href="p-FINREP-2008-01-01.xsd#p-FINREP_LossesOnFinancialInstrumentsDueToFairValueAdjustmentsInHedgeAccountingDiscontinuationOfHedgeAccountingInTheCaseOfACashFlowHedge" xlink:label="p-FINREP_LossesOnFinancialInstrumentsDueToFairValueAdjustmentsInHedgeAccountingDiscontinuationOfHedgeAccountingInTheCaseOfACashFlowHedge" />
    <presentationArc xlink:type="arc" xlink:arcrole="http://www.xbrl.org/2003/arcrole/parent-child" xlink:from="p-FINREP_LossesOnFinancialInstrumentsDueToFairValueAdjustmentsInHedgeAccountingTotal" xlink:to="p-FINREP_LossesOnFinancialInstrumentsDueToFairValueAdjustmentsInHedgeAccountingDiscontinuationOfHedgeAccountingInTheCaseOfACashFlowHedge" order="6" use="optional" />
    <loc xlink:type="locator" xlink:href="http://xbrl.iasb.org/int/fr/ifrs/gp/2006-08-15/ifrs-gp-2006-08-15.xsd#ifrs-gp_GainsLossesOnFinancialInstrumentsDueToFairValueAdjustmentsInHedgeAccountingTotal" xlink:label="ifrs-gp_GainsLossesOnFinancialInstrumentsDueToFairValueAdjustmentsInHedgeAccountingTotal" />
    <presentationArc xlink:type="arc" xlink:arcrole="http://www.xbrl.org/2003/arcrole/parent-child" xlink:from="p-FINREP_GainsLossesFromHedgeAccountingPresentation" xlink:to="ifrs-gp_GainsLossesOnFinancialInstrumentsDueToFairValueAdjustmentsInHedgeAccountingTotal" order="3" use="optional" />
    <loc xlink:type="locator" xlink:href="p-FINREP-2008-01-01.xsd#p-FINREP_GainsLossesOnFinancialInstrumentsDueToFairValueAdjustmentsInHedgeAccountingMicroHedgesFairValueHedgesNet" xlink:label="p-FINREP_GainsLossesOnFinancialInstrumentsDueToFairValueAdjustmentsInHedgeAccountingMicroHedgesFairValueHedgesNet" />
    <presentationArc xlink:type="arc" xlink:arcrole="http://www.xbrl.org/2003/arcrole/parent-child" xlink:from="ifrs-gp_GainsLossesOnFinancialInstrumentsDueToFairValueAdjustmentsInHedgeAccountingTotal" xlink:to="p-FINREP_GainsLossesOnFinancialInstrumentsDueToFairValueAdjustmentsInHedgeAccountingMicroHedgesFairValueHedgesNet" order="1" use="optional" />
    <loc xlink:type="locator" xlink:href="p-FINREP-2008-01-01.xsd#p-FINREP_GainsLossesOnFinancialInstrumentsDueToFairValueAdjustmentsInHedgeAccountingMicroHedgesFairValueHedgesFairValueAdjustmentsToHedgedItemNet" xlink:label="p-FINREP_GainsLossesOnFinancialInstrumentsDueToFairValueAdjustmentsInHedgeAccountingMicroHedgesFairValueHedgesFairValueAdjustmentsToHedgedItemNet" />
    <presentationArc xlink:type="arc" xlink:arcrole="http://www.xbrl.org/2003/arcrole/parent-child" xlink:from="p-FINREP_GainsLossesOnFinancialInstrumentsDueToFairValueAdjustmentsInHedgeAccountingMicroHedgesFairValueHedgesNet" xlink:to="p-FINREP_GainsLossesOnFinancialInstrumentsDueToFairValueAdjustmentsInHedgeAccountingMicroHedgesFairValueHedgesFairValueAdjustmentsToHedgedItemNet" order="1" use="optional" />
    <loc xlink:type="locator" xlink:href="p-FINREP-2008-01-01.xsd#p-FINREP_GainsLossesOnFinancialInstrumentsDueToFairValueAdjustmentsInHedgeAccountingMicroHedgesFairValueHedgesFairValueAdjustmentsOfHedgeDerivativesNet" xlink:label="p-FINREP_GainsLossesOnFinancialInstrumentsDueToFairValueAdjustmentsInHedgeAccountingMicroHedgesFairValueHedgesFairValueAdjustmentsOfHedgeDerivativesNet" />
    <presentationArc xlink:type="arc" xlink:arcrole="http://www.xbrl.org/2003/arcrole/parent-child" xlink:from="p-FINREP_GainsLossesOnFinancialInstrumentsDueToFairValueAdjustmentsInHedgeAccountingMicroHedgesFairValueHedgesNet" xlink:to="p-FINREP_GainsLossesOnFinancialInstrumentsDueToFairValueAdjustmentsInHedgeAccountingMicroHedgesFairValueHedgesFairValueAdjustmentsOfHedgeDerivativesNet" order="2" use="optional" />
    <loc xlink:type="locator" xlink:href="p-FINREP-2008-01-01.xsd#p-FINREP_GainsLossesOnFinancialInstrumentsDueToFairValueAdjustmentsInHedgeAccountingMicroHedgesCashFlowHedgesPresentation" xlink:label="p-FINREP_GainsLossesOnFinancialInstrumentsDueToFairValueAdjustmentsInHedgeAccountingMicroHedgesCashFlowHedgesPresentation" />
    <presentationArc xlink:type="arc" xlink:arcrole="http://www.xbrl.org/2003/arcrole/parent-child" xlink:from="ifrs-gp_GainsLossesOnFinancialInstrumentsDueToFairValueAdjustmentsInHedgeAccountingTotal" xlink:to="p-FINREP_GainsLossesOnFinancialInstrumentsDueToFairValueAdjustmentsInHedgeAccountingMicroHedgesCashFlowHedgesPresentation" order="2" use="optional" />
    <loc xlink:type="locator" xlink:href="p-FINREP-2008-01-01.xsd#p-FINREP_GainsLossesOnFinancialInstrumentsDueToFairValueAdjustmentsInHedgeAccountingMicroHedgesCashFlowHedgesFairValueAdjustmentsOfHedgeDerivativesIneffectivePortionNet" xlink:label="p-FINREP_GainsLossesOnFinancialInstrumentsDueToFairValueAdjustmentsInHedgeAccountingMicroHedgesCashFlowHedgesFairValueAdjustmentsOfHedgeDerivativesIneffectivePortionNet" />
    <presentationArc xlink:type="arc" xlink:arcrole="http://www.xbrl.org/2003/arcrole/parent-child" xlink:from="p-FINREP_GainsLossesOnFinancialInstrumentsDueToFairValueAdjustmentsInHedgeAccountingMicroHedgesCashFlowHedgesPresentation" xlink:to="p-FINREP_GainsLossesOnFinancialInstrumentsDueToFairValueAdjustmentsInHedgeAccountingMicroHedgesCashFlowHedgesFairValueAdjustmentsOfHedgeDerivativesIneffectivePortionNet" order="1" use="optional" />
    <loc xlink:type="locator" xlink:href="p-FINREP-2008-01-01.xsd#p-FINREP_GainsLossesOnFinancialInstrumentsDueToFairValueAdjustmentsInHedgeAccountingMicroHedgesHedgesOfNetInvestmentInForeignOperationPresentation" xlink:label="p-FINREP_GainsLossesOnFinancialInstrumentsDueToFairValueAdjustmentsInHedgeAccountingMicroHedgesHedgesOfNetInvestmentInForeignOperationPresentation" />
    <presentationArc xlink:type="arc" xlink:arcrole="http://www.xbrl.org/2003/arcrole/parent-child" xlink:from="ifrs-gp_GainsLossesOnFinancialInstrumentsDueToFairValueAdjustmentsInHedgeAccountingTotal" xlink:to="p-FINREP_GainsLossesOnFinancialInstrumentsDueToFairValueAdjustmentsInHedgeAccountingMicroHedgesHedgesOfNetInvestmentInForeignOperationPresentation" order="3" use="optional" />
    <loc xlink:type="locator" xlink:href="p-FINREP-2008-01-01.xsd#p-FINREP_GainsLossesOnFinancialInstrumentsDueToFairValueAdjustmentsInHedgeAccountingMicroHedgesHedgesOfNetInvestmentInForeignOperationFairValueAdjustmentsOfHedgeDerivativesIneffectivePortionNet" xlink:label="p-FINREP_GainsLossesOnFinancialInstrumentsDueToFairValueAdjustmentsInHedgeAccountingMicroHedgesHedgesOfNetInvestmentInForeignOperationFairValueAdjustmentsOfHedgeDerivativesIneffectivePortionNet" />
    <presentationArc xlink:type="arc" xlink:arcrole="http://www.xbrl.org/2003/arcrole/parent-child" xlink:from="p-FINREP_GainsLossesOnFinancialInstrumentsDueToFairValueAdjustmentsInHedgeAccountingMicroHedgesHedgesOfNetInvestmentInForeignOperationPresentation" xlink:to="p-FINREP_GainsLossesOnFinancialInstrumentsDueToFairValueAdjustmentsInHedgeAccountingMicroHedgesHedgesOfNetInvestmentInForeignOperationFairValueAdjustmentsOfHedgeDerivativesIneffectivePortionNet" order="1" use="optional" />
    <loc xlink:type="locator" xlink:href="p-FINREP-2008-01-01.xsd#p-FINREP_GainsLossesOnFinancialInstrumentsDueToFairValueAdjustmentsInHedgeAccountingPortfolioHedgesOfInterestRateRiskFairValueHedgesNet" xlink:label="p-FINREP_GainsLossesOnFinancialInstrumentsDueToFairValueAdjustmentsInHedgeAccountingPortfolioHedgesOfInterestRateRiskFairValueHedgesNet" />
    <presentationArc xlink:type="arc" xlink:arcrole="http://www.xbrl.org/2003/arcrole/parent-child" xlink:from="ifrs-gp_GainsLossesOnFinancialInstrumentsDueToFairValueAdjustmentsInHedgeAccountingTotal" xlink:to="p-FINREP_GainsLossesOnFinancialInstrumentsDueToFairValueAdjustmentsInHedgeAccountingPortfolioHedgesOfInterestRateRiskFairValueHedgesNet" order="4" use="optional" />
    <loc xlink:type="locator" xlink:href="p-FINREP-2008-01-01.xsd#p-FINREP_GainsLossesOnFinancialInstrumentsDueToFairValueAdjustmentsInHedgeAccountingPortfolioHedgesOfInterestRateRiskFairValueHedgesFairValueAdjustmentsToHedgedItemNet" xlink:label="p-FINREP_GainsLossesOnFinancialInstrumentsDueToFairValueAdjustmentsInHedgeAccountingPortfolioHedgesOfInterestRateRiskFairValueHedgesFairValueAdjustmentsToHedgedItemNet" />
    <presentationArc xlink:type="arc" xlink:arcrole="http://www.xbrl.org/2003/arcrole/parent-child" xlink:from="p-FINREP_GainsLossesOnFinancialInstrumentsDueToFairValueAdjustmentsInHedgeAccountingPortfolioHedgesOfInterestRateRiskFairValueHedgesNet" xlink:to="p-FINREP_GainsLossesOnFinancialInstrumentsDueToFairValueAdjustmentsInHedgeAccountingPortfolioHedgesOfInterestRateRiskFairValueHedgesFairValueAdjustmentsToHedgedItemNet" order="1" use="optional" />
    <loc xlink:type="locator" xlink:href="p-FINREP-2008-01-01.xsd#p-FINREP_GainsLossesOnFinancialInstrumentsDueToFairValueAdjustmentsInHedgeAccountingPortfolioHedgesOfInterestRateRiskFairValueHedgesFairValueAdjustmentsOfHedgeDerivativesNet" xlink:label="p-FINREP_GainsLossesOnFinancialInstrumentsDueToFairValueAdjustmentsInHedgeAccountingPortfolioHedgesOfInterestRateRiskFairValueHedgesFairValueAdjustmentsOfHedgeDerivativesNet" />
    <presentationArc xlink:type="arc" xlink:arcrole="http://www.xbrl.org/2003/arcrole/parent-child" xlink:from="p-FINREP_GainsLossesOnFinancialInstrumentsDueToFairValueAdjustmentsInHedgeAccountingPortfolioHedgesOfInterestRateRiskFairValueHedgesNet" xlink:to="p-FINREP_GainsLossesOnFinancialInstrumentsDueToFairValueAdjustmentsInHedgeAccountingPortfolioHedgesOfInterestRateRiskFairValueHedgesFairValueAdjustmentsOfHedgeDerivativesNet" order="2" use="optional" />
    <loc xlink:type="locator" xlink:href="p-FINREP-2008-01-01.xsd#p-FINREP_GainsLossesOnFinancialInstrumentsDueToFairValueAdjustmentsInHedgeAccountingPortfolioHedgesOfInterestRateRiskCashFlowHedgesPresentation" xlink:label="p-FINREP_GainsLossesOnFinancialInstrumentsDueToFairValueAdjustmentsInHedgeAccountingPortfolioHedgesOfInterestRateRiskCashFlowHedgesPresentation" />
    <presentationArc xlink:type="arc" xlink:arcrole="http://www.xbrl.org/2003/arcrole/parent-child" xlink:from="ifrs-gp_GainsLossesOnFinancialInstrumentsDueToFairValueAdjustmentsInHedgeAccountingTotal" xlink:to="p-FINREP_GainsLossesOnFinancialInstrumentsDueToFairValueAdjustmentsInHedgeAccountingPortfolioHedgesOfInterestRateRiskCashFlowHedgesPresentation" order="5" use="optional" />
    <loc xlink:type="locator" xlink:href="p-FINREP-2008-01-01.xsd#p-FINREP_GainsLossesOnFinancialInstrumentsDueToFairValueAdjustmentsInHedgeAccountingPortfolioHedgesOfInterestRateRiskCashFlowHedgesFairValueAdjustmentsOfHedgingInstrumentIneffectivePortionNet" xlink:label="p-FINREP_GainsLossesOnFinancialInstrumentsDueToFairValueAdjustmentsInHedgeAccountingPortfolioHedgesOfInterestRateRiskCashFlowHedgesFairValueAdjustmentsOfHedgingInstrumentIneffectivePortionNet" />
    <presentationArc xlink:type="arc" xlink:arcrole="http://www.xbrl.org/2003/arcrole/parent-child" xlink:from="p-FINREP_GainsLossesOnFinancialInstrumentsDueToFairValueAdjustmentsInHedgeAccountingPortfolioHedgesOfInterestRateRiskCashFlowHedgesPresentation" xlink:to="p-FINREP_GainsLossesOnFinancialInstrumentsDueToFairValueAdjustmentsInHedgeAccountingPortfolioHedgesOfInterestRateRiskCashFlowHedgesFairValueAdjustmentsOfHedgingInstrumentIneffectivePortionNet" order="1" use="optional" />
    <loc xlink:type="locator" xlink:href="p-FINREP-2008-01-01.xsd#p-FINREP_GainsLossesOnFinancialInstrumentsDueToFairValueAdjustmentsInHedgeAccountingDiscontinuationOfHedgeAccountingInCaseOfCashFlowHedgeNet" xlink:label="p-FINREP_GainsLossesOnFinancialInstrumentsDueToFairValueAdjustmentsInHedgeAccountingDiscontinuationOfHedgeAccountingInCaseOfCashFlowHedgeNet" />
    <presentationArc xlink:type="arc" xlink:arcrole="http://www.xbrl.org/2003/arcrole/parent-child" xlink:from="ifrs-gp_GainsLossesOnFinancialInstrumentsDueToFairValueAdjustmentsInHedgeAccountingTotal" xlink:to="p-FINREP_GainsLossesOnFinancialInstrumentsDueToFairValueAdjustmentsInHedgeAccountingDiscontinuationOfHedgeAccountingInCaseOfCashFlowHedgeNet" order="6" use="optional" />
  </presentationLink>
</linkbase>