<?xml version="1.0" encoding="utf-8"?>
<?taxonomy-version 1.3.2?>
<!--Copyright (C) 2011 EBA - European Banking Authority, Tower 42, 25 Old Broad Street, London, EC2N 1HQ, United Kingdom.-->   
<linkbase
	xmlns="http://www.xbrl.org/2003/linkbase"
	xmlns:xsi="http://www.w3.org/2001/XMLSchema-instance"
	xmlns:xlink="http://www.w3.org/1999/xlink"
	xsi:schemaLocation=" http://www.xbrl.org/2003/linkbase http://www.xbrl.org/2003/xbrl-linkbase-2003-12-31.xsd">
  <roleRef xlink:type="simple" xlink:href="p-FINREP-2008-01-01-T11-GoodwillAndOtherIntangibleAssets.xsd#GoodwillAndOtherIntangibleAssets" roleURI="http://www.c-ebs.org/eu/fr/esrs/finrep/2008-01-01/role/GoodwillAndOtherIntangibleAssets" />
  <presentationLink xlink:type="extended" xlink:role="http://www.c-ebs.org/eu/fr/esrs/finrep/2008-01-01/role/GoodwillAndOtherIntangibleAssets">
    <loc xlink:type="locator" xlink:href="p-FINREP-2008-01-01.xsd#p-FINREP_GoodwillAndOtherIntangibleAssetsPresentation" xlink:label="p-FINREP_GoodwillAndOtherIntangibleAssetsPresentation" />
    <loc xlink:type="locator" xlink:href="p-FINREP-2008-01-01.xsd#p-FINREP_GoodwillAndOtherIntangibleAssetsGoodwillPresentation" xlink:label="p-FINREP_GoodwillAndOtherIntangibleAssetsGoodwillPresentation" />
    <presentationArc xlink:type="arc" xlink:arcrole="http://www.xbrl.org/2003/arcrole/parent-child" xlink:from="p-FINREP_GoodwillAndOtherIntangibleAssetsPresentation" xlink:to="p-FINREP_GoodwillAndOtherIntangibleAssetsGoodwillPresentation" order="1" use="optional" />
    <loc xlink:type="locator" xlink:href="http://xbrl.iasb.org/int/fr/ifrs/gp/2006-08-15/ifrs-gp-2006-08-15.xsd#ifrs-gp_GoodwillNet" xlink:label="ifrs-gp_GoodwillNet" />
    <presentationArc xlink:type="arc" xlink:arcrole="http://www.xbrl.org/2003/arcrole/parent-child" preferredLabel="http://www.xbrl.org/2003/role/periodStartLabel" xlink:from="p-FINREP_GoodwillAndOtherIntangibleAssetsGoodwillPresentation" xlink:to="ifrs-gp_GoodwillNet" order="1" use="optional" />
    <loc xlink:type="locator" xlink:href="http://xbrl.iasb.org/int/fr/ifrs/gp/2006-08-15/ifrs-gp-2006-08-15.xsd#ifrs-gp_ChangesInGoodwillPresentation" xlink:label="ifrs-gp_ChangesInGoodwillPresentation" />
    <presentationArc xlink:type="arc" xlink:arcrole="http://www.xbrl.org/2003/arcrole/parent-child" xlink:from="p-FINREP_GoodwillAndOtherIntangibleAssetsGoodwillPresentation" xlink:to="ifrs-gp_ChangesInGoodwillPresentation" order="2" use="optional" />
    <loc xlink:type="locator" xlink:href="http://xbrl.iasb.org/int/fr/ifrs/gp/2006-08-15/ifrs-gp-2006-08-15.xsd#ifrs-gp_AdditionalGoodwillRecognised" xlink:label="ifrs-gp_AdditionalGoodwillRecognised" />
    <presentationArc xlink:type="arc" xlink:arcrole="http://www.xbrl.org/2003/arcrole/parent-child" xlink:from="ifrs-gp_ChangesInGoodwillPresentation" xlink:to="ifrs-gp_AdditionalGoodwillRecognised" order="1" use="optional" />
    <loc xlink:type="locator" xlink:href="http://xbrl.iasb.org/int/fr/ifrs/gp/2006-08-15/ifrs-gp-2006-08-15.xsd#ifrs-gp_GoodwillDerecognisedOnDisposalOfBusiness" xlink:label="ifrs-gp_GoodwillDerecognisedOnDisposalOfBusiness" />
    <presentationArc xlink:type="arc" xlink:arcrole="http://www.xbrl.org/2003/arcrole/parent-child" xlink:from="ifrs-gp_ChangesInGoodwillPresentation" xlink:to="ifrs-gp_GoodwillDerecognisedOnDisposalOfBusiness" order="2" use="optional" />
    <loc xlink:type="locator" xlink:href="http://xbrl.iasb.org/int/fr/ifrs/gp/2006-08-15/ifrs-gp-2006-08-15.xsd#ifrs-gp_TransfersToFromNonCurrentAssetsAndDisposalGroupsHeldForSaleGoodwill" xlink:label="ifrs-gp_TransfersToFromNonCurrentAssetsAndDisposalGroupsHeldForSaleGoodwill" />
    <presentationArc xlink:type="arc" xlink:arcrole="http://www.xbrl.org/2003/arcrole/parent-child" xlink:from="ifrs-gp_ChangesInGoodwillPresentation" xlink:to="ifrs-gp_TransfersToFromNonCurrentAssetsAndDisposalGroupsHeldForSaleGoodwill" order="3" use="optional" />
    <loc xlink:type="locator" xlink:href="http://xbrl.iasb.org/int/fr/ifrs/gp/2006-08-15/ifrs-gp-2006-08-15.xsd#ifrs-gp_AdjustmentsFromSubsequentRecognitionOfDeferredTaxAssetsGoodwill" xlink:label="ifrs-gp_AdjustmentsFromSubsequentRecognitionOfDeferredTaxAssetsGoodwill" />
    <presentationArc xlink:type="arc" xlink:arcrole="http://www.xbrl.org/2003/arcrole/parent-child" xlink:from="ifrs-gp_ChangesInGoodwillPresentation" xlink:to="ifrs-gp_AdjustmentsFromSubsequentRecognitionOfDeferredTaxAssetsGoodwill" order="4" use="optional" />
    <loc xlink:type="locator" xlink:href="http://xbrl.iasb.org/int/fr/ifrs/gp/2006-08-15/ifrs-gp-2006-08-15.xsd#ifrs-gp_ImpairmentLossRecognisedInIncomeStatementGoodwill" xlink:label="ifrs-gp_ImpairmentLossRecognisedInIncomeStatementGoodwill" />
    <presentationArc xlink:type="arc" xlink:arcrole="http://www.xbrl.org/2003/arcrole/parent-child" xlink:from="ifrs-gp_ChangesInGoodwillPresentation" xlink:to="ifrs-gp_ImpairmentLossRecognisedInIncomeStatementGoodwill" order="5" use="optional" />
    <loc xlink:type="locator" xlink:href="http://xbrl.iasb.org/int/fr/ifrs/gp/2006-08-15/ifrs-gp-2006-08-15.xsd#ifrs-gp_ForeignCurrencyExchangeIncreaseDecreaseGoodwill" xlink:label="ifrs-gp_ForeignCurrencyExchangeIncreaseDecreaseGoodwill" />
    <presentationArc xlink:type="arc" xlink:arcrole="http://www.xbrl.org/2003/arcrole/parent-child" xlink:from="ifrs-gp_ChangesInGoodwillPresentation" xlink:to="ifrs-gp_ForeignCurrencyExchangeIncreaseDecreaseGoodwill" order="6" use="optional" />
    <loc xlink:type="locator" xlink:href="http://xbrl.iasb.org/int/fr/ifrs/gp/2006-08-15/ifrs-gp-2006-08-15.xsd#ifrs-gp_OtherIncreaseDecreaseGoodwill" xlink:label="ifrs-gp_OtherIncreaseDecreaseGoodwill" />
    <presentationArc xlink:type="arc" xlink:arcrole="http://www.xbrl.org/2003/arcrole/parent-child" xlink:from="ifrs-gp_ChangesInGoodwillPresentation" xlink:to="ifrs-gp_OtherIncreaseDecreaseGoodwill" order="7" use="optional" />
    <loc xlink:type="locator" xlink:href="p-FINREP-2008-01-01.xsd#p-FINREP_GoodwillRecoverableAmount" xlink:label="p-FINREP_GoodwillRecoverableAmount" />
    <presentationArc xlink:type="arc" xlink:arcrole="http://www.xbrl.org/2003/arcrole/parent-child" xlink:from="p-FINREP_GoodwillAndOtherIntangibleAssetsGoodwillPresentation" xlink:to="p-FINREP_GoodwillRecoverableAmount" order="4" use="optional" />
    <loc xlink:type="locator" xlink:href="http://xbrl.iasb.org/int/fr/ifrs/gp/2006-08-15/ifrs-gp-2006-08-15.xsd#ifrs-gp_GoodwillGross" xlink:label="ifrs-gp_GoodwillGross" />
    <presentationArc xlink:type="arc" xlink:arcrole="http://www.xbrl.org/2003/arcrole/parent-child" xlink:from="p-FINREP_GoodwillAndOtherIntangibleAssetsGoodwillPresentation" xlink:to="ifrs-gp_GoodwillGross" order="5" use="optional" />
    <loc xlink:type="locator" xlink:href="http://xbrl.iasb.org/int/fr/ifrs/gp/2006-08-15/ifrs-gp-2006-08-15.xsd#ifrs-gp_AccumulatedImpairmentGoodwill" xlink:label="ifrs-gp_AccumulatedImpairmentGoodwill" />
    <presentationArc xlink:type="arc" xlink:arcrole="http://www.xbrl.org/2003/arcrole/parent-child" xlink:from="p-FINREP_GoodwillAndOtherIntangibleAssetsGoodwillPresentation" xlink:to="ifrs-gp_AccumulatedImpairmentGoodwill" order="6" use="optional" />
    <loc xlink:type="locator" xlink:href="p-FINREP-2008-01-01.xsd#p-FINREP_GoodwillAndOtherIntangibleAssetsInternallyDevelopedSoftwarePresentation" xlink:label="p-FINREP_GoodwillAndOtherIntangibleAssetsInternallyDevelopedSoftwarePresentation" />
    <presentationArc xlink:type="arc" xlink:arcrole="http://www.xbrl.org/2003/arcrole/parent-child" xlink:from="p-FINREP_GoodwillAndOtherIntangibleAssetsPresentation" xlink:to="p-FINREP_GoodwillAndOtherIntangibleAssetsInternallyDevelopedSoftwarePresentation" order="2" use="optional" />
    <loc xlink:type="locator" xlink:href="p-FINREP-2008-01-01.xsd#p-FINREP_InternallyDevelopedSoftwareNet" xlink:label="p-FINREP_InternallyDevelopedSoftwareNet" />
    <presentationArc xlink:type="arc" xlink:arcrole="http://www.xbrl.org/2003/arcrole/parent-child" preferredLabel="http://www.xbrl.org/2003/role/periodStartLabel" xlink:from="p-FINREP_GoodwillAndOtherIntangibleAssetsInternallyDevelopedSoftwarePresentation" xlink:to="p-FINREP_InternallyDevelopedSoftwareNet" order="1" use="optional" />
    <loc xlink:type="locator" xlink:href="p-FINREP-2008-01-01.xsd#p-FINREP_ChangesInGoodwillAndOtherIntangibleAssetsInternallyDevelopedSoftwarePresentation" xlink:label="p-FINREP_ChangesInGoodwillAndOtherIntangibleAssetsInternallyDevelopedSoftwarePresentation" />
    <presentationArc xlink:type="arc" xlink:arcrole="http://www.xbrl.org/2003/arcrole/parent-child" xlink:from="p-FINREP_GoodwillAndOtherIntangibleAssetsInternallyDevelopedSoftwarePresentation" xlink:to="p-FINREP_ChangesInGoodwillAndOtherIntangibleAssetsInternallyDevelopedSoftwarePresentation" order="2" use="optional" />
    <loc xlink:type="locator" xlink:href="p-FINREP-2008-01-01.xsd#p-FINREP_AdditionsFromInternalDevelopmentInternallyDevelopedSoftware" xlink:label="p-FINREP_AdditionsFromInternalDevelopmentInternallyDevelopedSoftware" />
    <presentationArc xlink:type="arc" xlink:arcrole="http://www.xbrl.org/2003/arcrole/parent-child" xlink:from="p-FINREP_ChangesInGoodwillAndOtherIntangibleAssetsInternallyDevelopedSoftwarePresentation" xlink:to="p-FINREP_AdditionsFromInternalDevelopmentInternallyDevelopedSoftware" order="1" use="optional" />
    <loc xlink:type="locator" xlink:href="p-FINREP-2008-01-01.xsd#p-FINREP_AdditionsFromSeparateAcquisitionInternallyDevelopedSoftware" xlink:label="p-FINREP_AdditionsFromSeparateAcquisitionInternallyDevelopedSoftware" />
    <presentationArc xlink:type="arc" xlink:arcrole="http://www.xbrl.org/2003/arcrole/parent-child" xlink:from="p-FINREP_ChangesInGoodwillAndOtherIntangibleAssetsInternallyDevelopedSoftwarePresentation" xlink:to="p-FINREP_AdditionsFromSeparateAcquisitionInternallyDevelopedSoftware" order="2" use="optional" />
    <loc xlink:type="locator" xlink:href="p-FINREP-2008-01-01.xsd#p-FINREP_AdjustmentsFromBusinessCombinationsInternallyDevelopedSoftware" xlink:label="p-FINREP_AdjustmentsFromBusinessCombinationsInternallyDevelopedSoftware" />
    <presentationArc xlink:type="arc" xlink:arcrole="http://www.xbrl.org/2003/arcrole/parent-child" xlink:from="p-FINREP_ChangesInGoodwillAndOtherIntangibleAssetsInternallyDevelopedSoftwarePresentation" xlink:to="p-FINREP_AdjustmentsFromBusinessCombinationsInternallyDevelopedSoftware" order="3" use="optional" />
    <loc xlink:type="locator" xlink:href="p-FINREP-2008-01-01.xsd#p-FINREP_RetirementAndDisposalsInternallyDevelopedSoftware" xlink:label="p-FINREP_RetirementAndDisposalsInternallyDevelopedSoftware" />
    <presentationArc xlink:type="arc" xlink:arcrole="http://www.xbrl.org/2003/arcrole/parent-child" xlink:from="p-FINREP_ChangesInGoodwillAndOtherIntangibleAssetsInternallyDevelopedSoftwarePresentation" xlink:to="p-FINREP_RetirementAndDisposalsInternallyDevelopedSoftware" order="4" use="optional" />
    <loc xlink:type="locator" xlink:href="p-FINREP-2008-01-01.xsd#p-FINREP_TransfersToFromNonCurrentAssetsAndDisposalGroupsHeldForSaleInternallyDevelopedSoftware" xlink:label="p-FINREP_TransfersToFromNonCurrentAssetsAndDisposalGroupsHeldForSaleInternallyDevelopedSoftware" />
    <presentationArc xlink:type="arc" xlink:arcrole="http://www.xbrl.org/2003/arcrole/parent-child" xlink:from="p-FINREP_ChangesInGoodwillAndOtherIntangibleAssetsInternallyDevelopedSoftwarePresentation" xlink:to="p-FINREP_TransfersToFromNonCurrentAssetsAndDisposalGroupsHeldForSaleInternallyDevelopedSoftware" order="5" use="optional" />
    <loc xlink:type="locator" xlink:href="p-FINREP-2008-01-01.xsd#p-FINREP_AmortisationRecognisedInternallyDevelopedSoftware" xlink:label="p-FINREP_AmortisationRecognisedInternallyDevelopedSoftware" />
    <presentationArc xlink:type="arc" xlink:arcrole="http://www.xbrl.org/2003/arcrole/parent-child" xlink:from="p-FINREP_ChangesInGoodwillAndOtherIntangibleAssetsInternallyDevelopedSoftwarePresentation" xlink:to="p-FINREP_AmortisationRecognisedInternallyDevelopedSoftware" order="6" use="optional" />
    <loc xlink:type="locator" xlink:href="p-FINREP-2008-01-01.xsd#p-FINREP_RevaluationIncreasesDecreasesAndImpairmentLossesReversalsRecognisedInEquityInternallyDevelopedSoftware" xlink:label="p-FINREP_RevaluationIncreasesDecreasesAndImpairmentLossesReversalsRecognisedInEquityInternallyDevelopedSoftware" />
    <presentationArc xlink:type="arc" xlink:arcrole="http://www.xbrl.org/2003/arcrole/parent-child" xlink:from="p-FINREP_ChangesInGoodwillAndOtherIntangibleAssetsInternallyDevelopedSoftwarePresentation" xlink:to="p-FINREP_RevaluationIncreasesDecreasesAndImpairmentLossesReversalsRecognisedInEquityInternallyDevelopedSoftware" order="7" use="optional" />
    <loc xlink:type="locator" xlink:href="p-FINREP-2008-01-01.xsd#p-FINREP_RevaluationIncreaseDecreaseRecognisedInIncomeStatementInternallyDevelopedSoftware" xlink:label="p-FINREP_RevaluationIncreaseDecreaseRecognisedInIncomeStatementInternallyDevelopedSoftware" />
    <presentationArc xlink:type="arc" xlink:arcrole="http://www.xbrl.org/2003/arcrole/parent-child" xlink:from="p-FINREP_ChangesInGoodwillAndOtherIntangibleAssetsInternallyDevelopedSoftwarePresentation" xlink:to="p-FINREP_RevaluationIncreaseDecreaseRecognisedInIncomeStatementInternallyDevelopedSoftware" order="8" use="optional" />
    <loc xlink:type="locator" xlink:href="p-FINREP-2008-01-01.xsd#p-FINREP_ImpairmentLossRecognisedInIncomeStatementInternallyDevelopedSoftware" xlink:label="p-FINREP_ImpairmentLossRecognisedInIncomeStatementInternallyDevelopedSoftware" />
    <presentationArc xlink:type="arc" xlink:arcrole="http://www.xbrl.org/2003/arcrole/parent-child" xlink:from="p-FINREP_ChangesInGoodwillAndOtherIntangibleAssetsInternallyDevelopedSoftwarePresentation" xlink:to="p-FINREP_ImpairmentLossRecognisedInIncomeStatementInternallyDevelopedSoftware" order="9" use="optional" />
    <loc xlink:type="locator" xlink:href="p-FINREP-2008-01-01.xsd#p-FINREP_ImpairmentReversalRecognisedInIncomeStatementInternallyDevelopedSoftware" xlink:label="p-FINREP_ImpairmentReversalRecognisedInIncomeStatementInternallyDevelopedSoftware" />
    <presentationArc xlink:type="arc" xlink:arcrole="http://www.xbrl.org/2003/arcrole/parent-child" xlink:from="p-FINREP_ChangesInGoodwillAndOtherIntangibleAssetsInternallyDevelopedSoftwarePresentation" xlink:to="p-FINREP_ImpairmentReversalRecognisedInIncomeStatementInternallyDevelopedSoftware" order="10" use="optional" />
    <loc xlink:type="locator" xlink:href="p-FINREP-2008-01-01.xsd#p-FINREP_ForeignCurrencyExchangeIncreaseDecreaseInternallyDevelopedSoftware" xlink:label="p-FINREP_ForeignCurrencyExchangeIncreaseDecreaseInternallyDevelopedSoftware" />
    <presentationArc xlink:type="arc" xlink:arcrole="http://www.xbrl.org/2003/arcrole/parent-child" xlink:from="p-FINREP_ChangesInGoodwillAndOtherIntangibleAssetsInternallyDevelopedSoftwarePresentation" xlink:to="p-FINREP_ForeignCurrencyExchangeIncreaseDecreaseInternallyDevelopedSoftware" order="11" use="optional" />
    <loc xlink:type="locator" xlink:href="p-FINREP-2008-01-01.xsd#p-FINREP_OtherIncreaseDecreaseInternallyDevelopedSoftware" xlink:label="p-FINREP_OtherIncreaseDecreaseInternallyDevelopedSoftware" />
    <presentationArc xlink:type="arc" xlink:arcrole="http://www.xbrl.org/2003/arcrole/parent-child" xlink:from="p-FINREP_ChangesInGoodwillAndOtherIntangibleAssetsInternallyDevelopedSoftwarePresentation" xlink:to="p-FINREP_OtherIncreaseDecreaseInternallyDevelopedSoftware" order="12" use="optional" />
    <loc xlink:type="locator" xlink:href="p-FINREP-2008-01-01.xsd#p-FINREP_IntangibleAssetsUnderFinanceLeaseInternallyDevelopedSoftware" xlink:label="p-FINREP_IntangibleAssetsUnderFinanceLeaseInternallyDevelopedSoftware" />
    <presentationArc xlink:type="arc" xlink:arcrole="http://www.xbrl.org/2003/arcrole/parent-child" xlink:from="p-FINREP_GoodwillAndOtherIntangibleAssetsInternallyDevelopedSoftwarePresentation" xlink:to="p-FINREP_IntangibleAssetsUnderFinanceLeaseInternallyDevelopedSoftware" order="4" use="optional" />
    <loc xlink:type="locator" xlink:href="p-FINREP-2008-01-01.xsd#p-FINREP_IntangibleAssetsUnderAnOperatingLeaseInternallyDevelopedSoftware" xlink:label="p-FINREP_IntangibleAssetsUnderAnOperatingLeaseInternallyDevelopedSoftware" />
    <presentationArc xlink:type="arc" xlink:arcrole="http://www.xbrl.org/2003/arcrole/parent-child" xlink:from="p-FINREP_GoodwillAndOtherIntangibleAssetsInternallyDevelopedSoftwarePresentation" xlink:to="p-FINREP_IntangibleAssetsUnderAnOperatingLeaseInternallyDevelopedSoftware" order="5" use="optional" />
    <loc xlink:type="locator" xlink:href="p-FINREP-2008-01-01.xsd#p-FINREP_GoodwillAndOtherIntangibleAssetsAcquiredSoftwarePresentation" xlink:label="p-FINREP_GoodwillAndOtherIntangibleAssetsAcquiredSoftwarePresentation" />
    <presentationArc xlink:type="arc" xlink:arcrole="http://www.xbrl.org/2003/arcrole/parent-child" xlink:from="p-FINREP_GoodwillAndOtherIntangibleAssetsPresentation" xlink:to="p-FINREP_GoodwillAndOtherIntangibleAssetsAcquiredSoftwarePresentation" order="3" use="optional" />
    <loc xlink:type="locator" xlink:href="p-FINREP-2008-01-01.xsd#p-FINREP_AcquiredSoftwareNet" xlink:label="p-FINREP_AcquiredSoftwareNet" />
    <presentationArc xlink:type="arc" xlink:arcrole="http://www.xbrl.org/2003/arcrole/parent-child" preferredLabel="http://www.xbrl.org/2003/role/periodStartLabel" xlink:from="p-FINREP_GoodwillAndOtherIntangibleAssetsAcquiredSoftwarePresentation" xlink:to="p-FINREP_AcquiredSoftwareNet" order="1" use="optional" />
    <loc xlink:type="locator" xlink:href="p-FINREP-2008-01-01.xsd#p-FINREP_ChangesInGoodwillAndOtherIntangibleAssetsAcquiredSoftwarePresentation" xlink:label="p-FINREP_ChangesInGoodwillAndOtherIntangibleAssetsAcquiredSoftwarePresentation" />
    <presentationArc xlink:type="arc" xlink:arcrole="http://www.xbrl.org/2003/arcrole/parent-child" xlink:from="p-FINREP_GoodwillAndOtherIntangibleAssetsAcquiredSoftwarePresentation" xlink:to="p-FINREP_ChangesInGoodwillAndOtherIntangibleAssetsAcquiredSoftwarePresentation" order="2" use="optional" />
    <loc xlink:type="locator" xlink:href="p-FINREP-2008-01-01.xsd#p-FINREP_AdditionsFromInternalDevelopmentAcquiredSoftware" xlink:label="p-FINREP_AdditionsFromInternalDevelopmentAcquiredSoftware" />
    <presentationArc xlink:type="arc" xlink:arcrole="http://www.xbrl.org/2003/arcrole/parent-child" xlink:from="p-FINREP_ChangesInGoodwillAndOtherIntangibleAssetsAcquiredSoftwarePresentation" xlink:to="p-FINREP_AdditionsFromInternalDevelopmentAcquiredSoftware" order="1" use="optional" />
    <loc xlink:type="locator" xlink:href="p-FINREP-2008-01-01.xsd#p-FINREP_AdditionsFromSeparateAcquisitionAcquiredSoftware" xlink:label="p-FINREP_AdditionsFromSeparateAcquisitionAcquiredSoftware" />
    <presentationArc xlink:type="arc" xlink:arcrole="http://www.xbrl.org/2003/arcrole/parent-child" xlink:from="p-FINREP_ChangesInGoodwillAndOtherIntangibleAssetsAcquiredSoftwarePresentation" xlink:to="p-FINREP_AdditionsFromSeparateAcquisitionAcquiredSoftware" order="2" use="optional" />
    <loc xlink:type="locator" xlink:href="p-FINREP-2008-01-01.xsd#p-FINREP_AdjustmentsFromBusinessCombinationsAcquiredSoftware" xlink:label="p-FINREP_AdjustmentsFromBusinessCombinationsAcquiredSoftware" />
    <presentationArc xlink:type="arc" xlink:arcrole="http://www.xbrl.org/2003/arcrole/parent-child" xlink:from="p-FINREP_ChangesInGoodwillAndOtherIntangibleAssetsAcquiredSoftwarePresentation" xlink:to="p-FINREP_AdjustmentsFromBusinessCombinationsAcquiredSoftware" order="3" use="optional" />
    <loc xlink:type="locator" xlink:href="p-FINREP-2008-01-01.xsd#p-FINREP_RetirementAndDisposalsAcquiredSoftware" xlink:label="p-FINREP_RetirementAndDisposalsAcquiredSoftware" />
    <presentationArc xlink:type="arc" xlink:arcrole="http://www.xbrl.org/2003/arcrole/parent-child" xlink:from="p-FINREP_ChangesInGoodwillAndOtherIntangibleAssetsAcquiredSoftwarePresentation" xlink:to="p-FINREP_RetirementAndDisposalsAcquiredSoftware" order="4" use="optional" />
    <loc xlink:type="locator" xlink:href="p-FINREP-2008-01-01.xsd#p-FINREP_TransfersToFromNonCurrentAssetsAndDisposalGroupsHeldForSaleAcquiredSoftware" xlink:label="p-FINREP_TransfersToFromNonCurrentAssetsAndDisposalGroupsHeldForSaleAcquiredSoftware" />
    <presentationArc xlink:type="arc" xlink:arcrole="http://www.xbrl.org/2003/arcrole/parent-child" xlink:from="p-FINREP_ChangesInGoodwillAndOtherIntangibleAssetsAcquiredSoftwarePresentation" xlink:to="p-FINREP_TransfersToFromNonCurrentAssetsAndDisposalGroupsHeldForSaleAcquiredSoftware" order="5" use="optional" />
    <loc xlink:type="locator" xlink:href="p-FINREP-2008-01-01.xsd#p-FINREP_AmortisationRecognisedAcquiredSoftware" xlink:label="p-FINREP_AmortisationRecognisedAcquiredSoftware" />
    <presentationArc xlink:type="arc" xlink:arcrole="http://www.xbrl.org/2003/arcrole/parent-child" xlink:from="p-FINREP_ChangesInGoodwillAndOtherIntangibleAssetsAcquiredSoftwarePresentation" xlink:to="p-FINREP_AmortisationRecognisedAcquiredSoftware" order="6" use="optional" />
    <loc xlink:type="locator" xlink:href="p-FINREP-2008-01-01.xsd#p-FINREP_RevaluationIncreasesDecreasesAndImpairmentLossesReversalsRecognisedInEquityAcquiredSoftware" xlink:label="p-FINREP_RevaluationIncreasesDecreasesAndImpairmentLossesReversalsRecognisedInEquityAcquiredSoftware" />
    <presentationArc xlink:type="arc" xlink:arcrole="http://www.xbrl.org/2003/arcrole/parent-child" xlink:from="p-FINREP_ChangesInGoodwillAndOtherIntangibleAssetsAcquiredSoftwarePresentation" xlink:to="p-FINREP_RevaluationIncreasesDecreasesAndImpairmentLossesReversalsRecognisedInEquityAcquiredSoftware" order="7" use="optional" />
    <loc xlink:type="locator" xlink:href="p-FINREP-2008-01-01.xsd#p-FINREP_RevaluationIncreaseDecreaseRecognisedInIncomeStatementAcquiredSoftware" xlink:label="p-FINREP_RevaluationIncreaseDecreaseRecognisedInIncomeStatementAcquiredSoftware" />
    <presentationArc xlink:type="arc" xlink:arcrole="http://www.xbrl.org/2003/arcrole/parent-child" xlink:from="p-FINREP_ChangesInGoodwillAndOtherIntangibleAssetsAcquiredSoftwarePresentation" xlink:to="p-FINREP_RevaluationIncreaseDecreaseRecognisedInIncomeStatementAcquiredSoftware" order="8" use="optional" />
    <loc xlink:type="locator" xlink:href="p-FINREP-2008-01-01.xsd#p-FINREP_ImpairmentLossRecognisedInIncomeStatementAcquiredSoftware" xlink:label="p-FINREP_ImpairmentLossRecognisedInIncomeStatementAcquiredSoftware" />
    <presentationArc xlink:type="arc" xlink:arcrole="http://www.xbrl.org/2003/arcrole/parent-child" xlink:from="p-FINREP_ChangesInGoodwillAndOtherIntangibleAssetsAcquiredSoftwarePresentation" xlink:to="p-FINREP_ImpairmentLossRecognisedInIncomeStatementAcquiredSoftware" order="9" use="optional" />
    <loc xlink:type="locator" xlink:href="p-FINREP-2008-01-01.xsd#p-FINREP_ImpairmentReversalRecognisedInIncomeStatementAcquiredSoftware" xlink:label="p-FINREP_ImpairmentReversalRecognisedInIncomeStatementAcquiredSoftware" />
    <presentationArc xlink:type="arc" xlink:arcrole="http://www.xbrl.org/2003/arcrole/parent-child" xlink:from="p-FINREP_ChangesInGoodwillAndOtherIntangibleAssetsAcquiredSoftwarePresentation" xlink:to="p-FINREP_ImpairmentReversalRecognisedInIncomeStatementAcquiredSoftware" order="10" use="optional" />
    <loc xlink:type="locator" xlink:href="p-FINREP-2008-01-01.xsd#p-FINREP_ForeignCurrencyExchangeIncreaseDecreaseAcquiredSoftware" xlink:label="p-FINREP_ForeignCurrencyExchangeIncreaseDecreaseAcquiredSoftware" />
    <presentationArc xlink:type="arc" xlink:arcrole="http://www.xbrl.org/2003/arcrole/parent-child" xlink:from="p-FINREP_ChangesInGoodwillAndOtherIntangibleAssetsAcquiredSoftwarePresentation" xlink:to="p-FINREP_ForeignCurrencyExchangeIncreaseDecreaseAcquiredSoftware" order="11" use="optional" />
    <loc xlink:type="locator" xlink:href="p-FINREP-2008-01-01.xsd#p-FINREP_OtherIncreaseDecreaseAcquiredSoftware" xlink:label="p-FINREP_OtherIncreaseDecreaseAcquiredSoftware" />
    <presentationArc xlink:type="arc" xlink:arcrole="http://www.xbrl.org/2003/arcrole/parent-child" xlink:from="p-FINREP_ChangesInGoodwillAndOtherIntangibleAssetsAcquiredSoftwarePresentation" xlink:to="p-FINREP_OtherIncreaseDecreaseAcquiredSoftware" order="12" use="optional" />
    <loc xlink:type="locator" xlink:href="p-FINREP-2008-01-01.xsd#p-FINREP_IntangibleAssetsUnderFinanceLeaseAcquiredSoftware" xlink:label="p-FINREP_IntangibleAssetsUnderFinanceLeaseAcquiredSoftware" />
    <presentationArc xlink:type="arc" xlink:arcrole="http://www.xbrl.org/2003/arcrole/parent-child" xlink:from="p-FINREP_GoodwillAndOtherIntangibleAssetsAcquiredSoftwarePresentation" xlink:to="p-FINREP_IntangibleAssetsUnderFinanceLeaseAcquiredSoftware" order="4" use="optional" />
    <loc xlink:type="locator" xlink:href="p-FINREP-2008-01-01.xsd#p-FINREP_IntangibleAssetsUnderAnOperatingLeaseAcquiredSoftware" xlink:label="p-FINREP_IntangibleAssetsUnderAnOperatingLeaseAcquiredSoftware" />
    <presentationArc xlink:type="arc" xlink:arcrole="http://www.xbrl.org/2003/arcrole/parent-child" xlink:from="p-FINREP_GoodwillAndOtherIntangibleAssetsAcquiredSoftwarePresentation" xlink:to="p-FINREP_IntangibleAssetsUnderAnOperatingLeaseAcquiredSoftware" order="5" use="optional" />
    <loc xlink:type="locator" xlink:href="p-FINREP-2008-01-01.xsd#p-FINREP_GoodwillAndOtherIntangibleAssetsOtherInternallyDevelopedIntangibleAssetsPresentation" xlink:label="p-FINREP_GoodwillAndOtherIntangibleAssetsOtherInternallyDevelopedIntangibleAssetsPresentation" />
    <presentationArc xlink:type="arc" xlink:arcrole="http://www.xbrl.org/2003/arcrole/parent-child" xlink:from="p-FINREP_GoodwillAndOtherIntangibleAssetsPresentation" xlink:to="p-FINREP_GoodwillAndOtherIntangibleAssetsOtherInternallyDevelopedIntangibleAssetsPresentation" order="4" use="optional" />
    <loc xlink:type="locator" xlink:href="p-FINREP-2008-01-01.xsd#p-FINREP_OtherInternallyDevelopedIntangibleAssetsNet" xlink:label="p-FINREP_OtherInternallyDevelopedIntangibleAssetsNet" />
    <presentationArc xlink:type="arc" xlink:arcrole="http://www.xbrl.org/2003/arcrole/parent-child" preferredLabel="http://www.xbrl.org/2003/role/periodStartLabel" xlink:from="p-FINREP_GoodwillAndOtherIntangibleAssetsOtherInternallyDevelopedIntangibleAssetsPresentation" xlink:to="p-FINREP_OtherInternallyDevelopedIntangibleAssetsNet" order="1" use="optional" />
    <loc xlink:type="locator" xlink:href="p-FINREP-2008-01-01.xsd#p-FINREP_ChangesInGoodwillAndOtherIntangibleAssetsOtherInternallyDevelopedIntangibleAssetsPresentation" xlink:label="p-FINREP_ChangesInGoodwillAndOtherIntangibleAssetsOtherInternallyDevelopedIntangibleAssetsPresentation" />
    <presentationArc xlink:type="arc" xlink:arcrole="http://www.xbrl.org/2003/arcrole/parent-child" xlink:from="p-FINREP_GoodwillAndOtherIntangibleAssetsOtherInternallyDevelopedIntangibleAssetsPresentation" xlink:to="p-FINREP_ChangesInGoodwillAndOtherIntangibleAssetsOtherInternallyDevelopedIntangibleAssetsPresentation" order="2" use="optional" />
    <loc xlink:type="locator" xlink:href="p-FINREP-2008-01-01.xsd#p-FINREP_AdditionsFromInternalDevelopmentOtherInternallyDevelopedIntangibleAssets" xlink:label="p-FINREP_AdditionsFromInternalDevelopmentOtherInternallyDevelopedIntangibleAssets" />
    <presentationArc xlink:type="arc" xlink:arcrole="http://www.xbrl.org/2003/arcrole/parent-child" xlink:from="p-FINREP_ChangesInGoodwillAndOtherIntangibleAssetsOtherInternallyDevelopedIntangibleAssetsPresentation" xlink:to="p-FINREP_AdditionsFromInternalDevelopmentOtherInternallyDevelopedIntangibleAssets" order="1" use="optional" />
    <loc xlink:type="locator" xlink:href="p-FINREP-2008-01-01.xsd#p-FINREP_AdditionsFromSeparateAcquisitionOtherInternallyDevelopedIntangibleAssets" xlink:label="p-FINREP_AdditionsFromSeparateAcquisitionOtherInternallyDevelopedIntangibleAssets" />
    <presentationArc xlink:type="arc" xlink:arcrole="http://www.xbrl.org/2003/arcrole/parent-child" xlink:from="p-FINREP_ChangesInGoodwillAndOtherIntangibleAssetsOtherInternallyDevelopedIntangibleAssetsPresentation" xlink:to="p-FINREP_AdditionsFromSeparateAcquisitionOtherInternallyDevelopedIntangibleAssets" order="2" use="optional" />
    <loc xlink:type="locator" xlink:href="p-FINREP-2008-01-01.xsd#p-FINREP_AdjustmentsFromBusinessCombinationsOtherInternallyDevelopedIntangibleAssets" xlink:label="p-FINREP_AdjustmentsFromBusinessCombinationsOtherInternallyDevelopedIntangibleAssets" />
    <presentationArc xlink:type="arc" xlink:arcrole="http://www.xbrl.org/2003/arcrole/parent-child" xlink:from="p-FINREP_ChangesInGoodwillAndOtherIntangibleAssetsOtherInternallyDevelopedIntangibleAssetsPresentation" xlink:to="p-FINREP_AdjustmentsFromBusinessCombinationsOtherInternallyDevelopedIntangibleAssets" order="3" use="optional" />
    <loc xlink:type="locator" xlink:href="p-FINREP-2008-01-01.xsd#p-FINREP_RetirementAndDisposalsOtherInternallyDevelopedIntangibleAssets" xlink:label="p-FINREP_RetirementAndDisposalsOtherInternallyDevelopedIntangibleAssets" />
    <presentationArc xlink:type="arc" xlink:arcrole="http://www.xbrl.org/2003/arcrole/parent-child" xlink:from="p-FINREP_ChangesInGoodwillAndOtherIntangibleAssetsOtherInternallyDevelopedIntangibleAssetsPresentation" xlink:to="p-FINREP_RetirementAndDisposalsOtherInternallyDevelopedIntangibleAssets" order="4" use="optional" />
    <loc xlink:type="locator" xlink:href="p-FINREP-2008-01-01.xsd#p-FINREP_TransfersToFromNonCurrentAssetsAndDisposalGroupsHeldForSaleOtherInternallyDevelopedIntangibleAssets" xlink:label="p-FINREP_TransfersToFromNonCurrentAssetsAndDisposalGroupsHeldForSaleOtherInternallyDevelopedIntangibleAssets" />
    <presentationArc xlink:type="arc" xlink:arcrole="http://www.xbrl.org/2003/arcrole/parent-child" xlink:from="p-FINREP_ChangesInGoodwillAndOtherIntangibleAssetsOtherInternallyDevelopedIntangibleAssetsPresentation" xlink:to="p-FINREP_TransfersToFromNonCurrentAssetsAndDisposalGroupsHeldForSaleOtherInternallyDevelopedIntangibleAssets" order="5" use="optional" />
    <loc xlink:type="locator" xlink:href="p-FINREP-2008-01-01.xsd#p-FINREP_AmortisationRecognisedOtherInternallyDevelopedIntangibleAssets" xlink:label="p-FINREP_AmortisationRecognisedOtherInternallyDevelopedIntangibleAssets" />
    <presentationArc xlink:type="arc" xlink:arcrole="http://www.xbrl.org/2003/arcrole/parent-child" xlink:from="p-FINREP_ChangesInGoodwillAndOtherIntangibleAssetsOtherInternallyDevelopedIntangibleAssetsPresentation" xlink:to="p-FINREP_AmortisationRecognisedOtherInternallyDevelopedIntangibleAssets" order="6" use="optional" />
    <loc xlink:type="locator" xlink:href="p-FINREP-2008-01-01.xsd#p-FINREP_RevaluationIncreasesDecreasesAndImpairmentLossesReversalsRecognisedInEquityOtherInternallyDevelopedIntangibleAssets" xlink:label="p-FINREP_RevaluationIncreasesDecreasesAndImpairmentLossesReversalsRecognisedInEquityOtherInternallyDevelopedIntangibleAssets" />
    <presentationArc xlink:type="arc" xlink:arcrole="http://www.xbrl.org/2003/arcrole/parent-child" xlink:from="p-FINREP_ChangesInGoodwillAndOtherIntangibleAssetsOtherInternallyDevelopedIntangibleAssetsPresentation" xlink:to="p-FINREP_RevaluationIncreasesDecreasesAndImpairmentLossesReversalsRecognisedInEquityOtherInternallyDevelopedIntangibleAssets" order="7" use="optional" />
    <loc xlink:type="locator" xlink:href="p-FINREP-2008-01-01.xsd#p-FINREP_RevaluationIncreaseDecreaseRecognisedInIncomeStatementOtherInternallyDevelopedIntangibleAssets" xlink:label="p-FINREP_RevaluationIncreaseDecreaseRecognisedInIncomeStatementOtherInternallyDevelopedIntangibleAssets" />
    <presentationArc xlink:type="arc" xlink:arcrole="http://www.xbrl.org/2003/arcrole/parent-child" xlink:from="p-FINREP_ChangesInGoodwillAndOtherIntangibleAssetsOtherInternallyDevelopedIntangibleAssetsPresentation" xlink:to="p-FINREP_RevaluationIncreaseDecreaseRecognisedInIncomeStatementOtherInternallyDevelopedIntangibleAssets" order="8" use="optional" />
    <loc xlink:type="locator" xlink:href="p-FINREP-2008-01-01.xsd#p-FINREP_ImpairmentLossRecognisedInIncomeStatementOtherInternallyDevelopedIntangibleAssets" xlink:label="p-FINREP_ImpairmentLossRecognisedInIncomeStatementOtherInternallyDevelopedIntangibleAssets" />
    <presentationArc xlink:type="arc" xlink:arcrole="http://www.xbrl.org/2003/arcrole/parent-child" xlink:from="p-FINREP_ChangesInGoodwillAndOtherIntangibleAssetsOtherInternallyDevelopedIntangibleAssetsPresentation" xlink:to="p-FINREP_ImpairmentLossRecognisedInIncomeStatementOtherInternallyDevelopedIntangibleAssets" order="9" use="optional" />
    <loc xlink:type="locator" xlink:href="p-FINREP-2008-01-01.xsd#p-FINREP_ImpairmentReversalRecognisedInIncomeStatementOtherInternallyDevelopedIntangibleAssets" xlink:label="p-FINREP_ImpairmentReversalRecognisedInIncomeStatementOtherInternallyDevelopedIntangibleAssets" />
    <presentationArc xlink:type="arc" xlink:arcrole="http://www.xbrl.org/2003/arcrole/parent-child" xlink:from="p-FINREP_ChangesInGoodwillAndOtherIntangibleAssetsOtherInternallyDevelopedIntangibleAssetsPresentation" xlink:to="p-FINREP_ImpairmentReversalRecognisedInIncomeStatementOtherInternallyDevelopedIntangibleAssets" order="10" use="optional" />
    <loc xlink:type="locator" xlink:href="p-FINREP-2008-01-01.xsd#p-FINREP_ForeignCurrencyExchangeIncreaseDecreaseOtherInternallyDevelopedIntangibleAssets" xlink:label="p-FINREP_ForeignCurrencyExchangeIncreaseDecreaseOtherInternallyDevelopedIntangibleAssets" />
    <presentationArc xlink:type="arc" xlink:arcrole="http://www.xbrl.org/2003/arcrole/parent-child" xlink:from="p-FINREP_ChangesInGoodwillAndOtherIntangibleAssetsOtherInternallyDevelopedIntangibleAssetsPresentation" xlink:to="p-FINREP_ForeignCurrencyExchangeIncreaseDecreaseOtherInternallyDevelopedIntangibleAssets" order="11" use="optional" />
    <loc xlink:type="locator" xlink:href="p-FINREP-2008-01-01.xsd#p-FINREP_OtherIncreaseDecreaseOtherInternallyDevelopedIntangibleAssets" xlink:label="p-FINREP_OtherIncreaseDecreaseOtherInternallyDevelopedIntangibleAssets" />
    <presentationArc xlink:type="arc" xlink:arcrole="http://www.xbrl.org/2003/arcrole/parent-child" xlink:from="p-FINREP_ChangesInGoodwillAndOtherIntangibleAssetsOtherInternallyDevelopedIntangibleAssetsPresentation" xlink:to="p-FINREP_OtherIncreaseDecreaseOtherInternallyDevelopedIntangibleAssets" order="12" use="optional" />
    <loc xlink:type="locator" xlink:href="p-FINREP-2008-01-01.xsd#p-FINREP_IntangibleAssetsUnderFinanceLeaseOtherInternallyDevelopedIntangibleAssets" xlink:label="p-FINREP_IntangibleAssetsUnderFinanceLeaseOtherInternallyDevelopedIntangibleAssets" />
    <presentationArc xlink:type="arc" xlink:arcrole="http://www.xbrl.org/2003/arcrole/parent-child" xlink:from="p-FINREP_GoodwillAndOtherIntangibleAssetsOtherInternallyDevelopedIntangibleAssetsPresentation" xlink:to="p-FINREP_IntangibleAssetsUnderFinanceLeaseOtherInternallyDevelopedIntangibleAssets" order="4" use="optional" />
    <loc xlink:type="locator" xlink:href="p-FINREP-2008-01-01.xsd#p-FINREP_IntangibleAssetsUnderAnOperatingLeaseOtherInternallyDevelopedIntangibleAssets" xlink:label="p-FINREP_IntangibleAssetsUnderAnOperatingLeaseOtherInternallyDevelopedIntangibleAssets" />
    <presentationArc xlink:type="arc" xlink:arcrole="http://www.xbrl.org/2003/arcrole/parent-child" xlink:from="p-FINREP_GoodwillAndOtherIntangibleAssetsOtherInternallyDevelopedIntangibleAssetsPresentation" xlink:to="p-FINREP_IntangibleAssetsUnderAnOperatingLeaseOtherInternallyDevelopedIntangibleAssets" order="5" use="optional" />
    <loc xlink:type="locator" xlink:href="p-FINREP-2008-01-01.xsd#p-FINREP_GoodwillAndOtherIntangibleAssetsOtherIntangibleAssetsPresentation" xlink:label="p-FINREP_GoodwillAndOtherIntangibleAssetsOtherIntangibleAssetsPresentation" />
    <presentationArc xlink:type="arc" xlink:arcrole="http://www.xbrl.org/2003/arcrole/parent-child" xlink:from="p-FINREP_GoodwillAndOtherIntangibleAssetsPresentation" xlink:to="p-FINREP_GoodwillAndOtherIntangibleAssetsOtherIntangibleAssetsPresentation" order="5" use="optional" />
    <loc xlink:type="locator" xlink:href="p-FINREP-2008-01-01.xsd#p-FINREP_OtherIntangibleAssetsNet" xlink:label="p-FINREP_OtherIntangibleAssetsNet" />
    <presentationArc xlink:type="arc" xlink:arcrole="http://www.xbrl.org/2003/arcrole/parent-child" preferredLabel="http://www.xbrl.org/2003/role/periodStartLabel" xlink:from="p-FINREP_GoodwillAndOtherIntangibleAssetsOtherIntangibleAssetsPresentation" xlink:to="p-FINREP_OtherIntangibleAssetsNet" order="1" use="optional" />
    <loc xlink:type="locator" xlink:href="p-FINREP-2008-01-01.xsd#p-FINREP_ChangesInGoodwillAndOtherIntangibleAssetsOtherIntangibleAssetsPresentation" xlink:label="p-FINREP_ChangesInGoodwillAndOtherIntangibleAssetsOtherIntangibleAssetsPresentation" />
    <presentationArc xlink:type="arc" xlink:arcrole="http://www.xbrl.org/2003/arcrole/parent-child" xlink:from="p-FINREP_GoodwillAndOtherIntangibleAssetsOtherIntangibleAssetsPresentation" xlink:to="p-FINREP_ChangesInGoodwillAndOtherIntangibleAssetsOtherIntangibleAssetsPresentation" order="2" use="optional" />
    <loc xlink:type="locator" xlink:href="p-FINREP-2008-01-01.xsd#p-FINREP_AdditionsFromInternalDevelopmentOtherIntangibleAssets" xlink:label="p-FINREP_AdditionsFromInternalDevelopmentOtherIntangibleAssets" />
    <presentationArc xlink:type="arc" xlink:arcrole="http://www.xbrl.org/2003/arcrole/parent-child" xlink:from="p-FINREP_ChangesInGoodwillAndOtherIntangibleAssetsOtherIntangibleAssetsPresentation" xlink:to="p-FINREP_AdditionsFromInternalDevelopmentOtherIntangibleAssets" order="1" use="optional" />
    <loc xlink:type="locator" xlink:href="p-FINREP-2008-01-01.xsd#p-FINREP_AdditionsFromSeparateAcquisitionOtherIntangibleAssets" xlink:label="p-FINREP_AdditionsFromSeparateAcquisitionOtherIntangibleAssets" />
    <presentationArc xlink:type="arc" xlink:arcrole="http://www.xbrl.org/2003/arcrole/parent-child" xlink:from="p-FINREP_ChangesInGoodwillAndOtherIntangibleAssetsOtherIntangibleAssetsPresentation" xlink:to="p-FINREP_AdditionsFromSeparateAcquisitionOtherIntangibleAssets" order="2" use="optional" />
    <loc xlink:type="locator" xlink:href="p-FINREP-2008-01-01.xsd#p-FINREP_AdjustmentsFromBusinessCombinationsOtherIntangibleAssets" xlink:label="p-FINREP_AdjustmentsFromBusinessCombinationsOtherIntangibleAssets" />
    <presentationArc xlink:type="arc" xlink:arcrole="http://www.xbrl.org/2003/arcrole/parent-child" xlink:from="p-FINREP_ChangesInGoodwillAndOtherIntangibleAssetsOtherIntangibleAssetsPresentation" xlink:to="p-FINREP_AdjustmentsFromBusinessCombinationsOtherIntangibleAssets" order="3" use="optional" />
    <loc xlink:type="locator" xlink:href="p-FINREP-2008-01-01.xsd#p-FINREP_RetirementAndDisposalsOtherIntangibleAssets" xlink:label="p-FINREP_RetirementAndDisposalsOtherIntangibleAssets" />
    <presentationArc xlink:type="arc" xlink:arcrole="http://www.xbrl.org/2003/arcrole/parent-child" xlink:from="p-FINREP_ChangesInGoodwillAndOtherIntangibleAssetsOtherIntangibleAssetsPresentation" xlink:to="p-FINREP_RetirementAndDisposalsOtherIntangibleAssets" order="4" use="optional" />
    <loc xlink:type="locator" xlink:href="p-FINREP-2008-01-01.xsd#p-FINREP_TransfersToFromNonCurrentAssetsAndDisposalGroupsHeldForSaleOtherIntangibleAssets" xlink:label="p-FINREP_TransfersToFromNonCurrentAssetsAndDisposalGroupsHeldForSaleOtherIntangibleAssets" />
    <presentationArc xlink:type="arc" xlink:arcrole="http://www.xbrl.org/2003/arcrole/parent-child" xlink:from="p-FINREP_ChangesInGoodwillAndOtherIntangibleAssetsOtherIntangibleAssetsPresentation" xlink:to="p-FINREP_TransfersToFromNonCurrentAssetsAndDisposalGroupsHeldForSaleOtherIntangibleAssets" order="5" use="optional" />
    <loc xlink:type="locator" xlink:href="p-FINREP-2008-01-01.xsd#p-FINREP_AmortisationRecognisedOtherIntangibleAssets" xlink:label="p-FINREP_AmortisationRecognisedOtherIntangibleAssets" />
    <presentationArc xlink:type="arc" xlink:arcrole="http://www.xbrl.org/2003/arcrole/parent-child" xlink:from="p-FINREP_ChangesInGoodwillAndOtherIntangibleAssetsOtherIntangibleAssetsPresentation" xlink:to="p-FINREP_AmortisationRecognisedOtherIntangibleAssets" order="6" use="optional" />
    <loc xlink:type="locator" xlink:href="p-FINREP-2008-01-01.xsd#p-FINREP_RevaluationIncreasesDecreasesAndImpairmentLossesReversalsRecognisedInEquityOtherIntangibleAssets" xlink:label="p-FINREP_RevaluationIncreasesDecreasesAndImpairmentLossesReversalsRecognisedInEquityOtherIntangibleAssets" />
    <presentationArc xlink:type="arc" xlink:arcrole="http://www.xbrl.org/2003/arcrole/parent-child" xlink:from="p-FINREP_ChangesInGoodwillAndOtherIntangibleAssetsOtherIntangibleAssetsPresentation" xlink:to="p-FINREP_RevaluationIncreasesDecreasesAndImpairmentLossesReversalsRecognisedInEquityOtherIntangibleAssets" order="7" use="optional" />
    <loc xlink:type="locator" xlink:href="p-FINREP-2008-01-01.xsd#p-FINREP_RevaluationIncreaseDecreaseRecognisedInIncomeStatementOtherIntangibleAssets" xlink:label="p-FINREP_RevaluationIncreaseDecreaseRecognisedInIncomeStatementOtherIntangibleAssets" />
    <presentationArc xlink:type="arc" xlink:arcrole="http://www.xbrl.org/2003/arcrole/parent-child" xlink:from="p-FINREP_ChangesInGoodwillAndOtherIntangibleAssetsOtherIntangibleAssetsPresentation" xlink:to="p-FINREP_RevaluationIncreaseDecreaseRecognisedInIncomeStatementOtherIntangibleAssets" order="8" use="optional" />
    <loc xlink:type="locator" xlink:href="p-FINREP-2008-01-01.xsd#p-FINREP_ImpairmentLossRecognisedInIncomeStatementOtherIntangibleAssets" xlink:label="p-FINREP_ImpairmentLossRecognisedInIncomeStatementOtherIntangibleAssets" />
    <presentationArc xlink:type="arc" xlink:arcrole="http://www.xbrl.org/2003/arcrole/parent-child" xlink:from="p-FINREP_ChangesInGoodwillAndOtherIntangibleAssetsOtherIntangibleAssetsPresentation" xlink:to="p-FINREP_ImpairmentLossRecognisedInIncomeStatementOtherIntangibleAssets" order="9" use="optional" />
    <loc xlink:type="locator" xlink:href="p-FINREP-2008-01-01.xsd#p-FINREP_ImpairmentReversalRecognisedInIncomeStatementOtherIntangibleAssets" xlink:label="p-FINREP_ImpairmentReversalRecognisedInIncomeStatementOtherIntangibleAssets" />
    <presentationArc xlink:type="arc" xlink:arcrole="http://www.xbrl.org/2003/arcrole/parent-child" xlink:from="p-FINREP_ChangesInGoodwillAndOtherIntangibleAssetsOtherIntangibleAssetsPresentation" xlink:to="p-FINREP_ImpairmentReversalRecognisedInIncomeStatementOtherIntangibleAssets" order="10" use="optional" />
    <loc xlink:type="locator" xlink:href="p-FINREP-2008-01-01.xsd#p-FINREP_ForeignCurrencyExchangeIncreaseDecreaseOtherIntangibleAssets" xlink:label="p-FINREP_ForeignCurrencyExchangeIncreaseDecreaseOtherIntangibleAssets" />
    <presentationArc xlink:type="arc" xlink:arcrole="http://www.xbrl.org/2003/arcrole/parent-child" xlink:from="p-FINREP_ChangesInGoodwillAndOtherIntangibleAssetsOtherIntangibleAssetsPresentation" xlink:to="p-FINREP_ForeignCurrencyExchangeIncreaseDecreaseOtherIntangibleAssets" order="11" use="optional" />
    <loc xlink:type="locator" xlink:href="p-FINREP-2008-01-01.xsd#p-FINREP_OtherIncreaseDecreaseOtherIntangibleAssets" xlink:label="p-FINREP_OtherIncreaseDecreaseOtherIntangibleAssets" />
    <presentationArc xlink:type="arc" xlink:arcrole="http://www.xbrl.org/2003/arcrole/parent-child" xlink:from="p-FINREP_ChangesInGoodwillAndOtherIntangibleAssetsOtherIntangibleAssetsPresentation" xlink:to="p-FINREP_OtherIncreaseDecreaseOtherIntangibleAssets" order="12" use="optional" />
    <loc xlink:type="locator" xlink:href="p-FINREP-2008-01-01.xsd#p-FINREP_IntangibleAssetsUnderFinanceLeaseOtherIntangibleAssets" xlink:label="p-FINREP_IntangibleAssetsUnderFinanceLeaseOtherIntangibleAssets" />
    <presentationArc xlink:type="arc" xlink:arcrole="http://www.xbrl.org/2003/arcrole/parent-child" xlink:from="p-FINREP_GoodwillAndOtherIntangibleAssetsOtherIntangibleAssetsPresentation" xlink:to="p-FINREP_IntangibleAssetsUnderFinanceLeaseOtherIntangibleAssets" order="4" use="optional" />
    <loc xlink:type="locator" xlink:href="p-FINREP-2008-01-01.xsd#p-FINREP_IntangibleAssetsUnderAnOperatingLeaseOtherIntangibleAssets" xlink:label="p-FINREP_IntangibleAssetsUnderAnOperatingLeaseOtherIntangibleAssets" />
    <presentationArc xlink:type="arc" xlink:arcrole="http://www.xbrl.org/2003/arcrole/parent-child" xlink:from="p-FINREP_GoodwillAndOtherIntangibleAssetsOtherIntangibleAssetsPresentation" xlink:to="p-FINREP_IntangibleAssetsUnderAnOperatingLeaseOtherIntangibleAssets" order="5" use="optional" />
    <loc xlink:type="locator" xlink:href="p-FINREP-2008-01-01.xsd#p-FINREP_IntangibleAssetsTotalPresentation" xlink:label="p-FINREP_IntangibleAssetsTotalPresentation" />
    <presentationArc xlink:type="arc" xlink:arcrole="http://www.xbrl.org/2003/arcrole/parent-child" xlink:from="p-FINREP_GoodwillAndOtherIntangibleAssetsPresentation" xlink:to="p-FINREP_IntangibleAssetsTotalPresentation" order="6" use="optional" />
    <loc xlink:type="locator" xlink:href="http://xbrl.iasb.org/int/fr/ifrs/gp/2006-08-15/ifrs-gp-2006-08-15.xsd#ifrs-gp_IntangibleAssetsNet" xlink:label="ifrs-gp_IntangibleAssetsNet" />
    <presentationArc xlink:type="arc" xlink:arcrole="http://www.xbrl.org/2003/arcrole/parent-child" preferredLabel="http://www.xbrl.org/2003/role/periodStartLabel" xlink:from="p-FINREP_IntangibleAssetsTotalPresentation" xlink:to="ifrs-gp_IntangibleAssetsNet" order="1" use="optional" />
    <loc xlink:type="locator" xlink:href="p-FINREP-2008-01-01.xsd#p-FINREP_ChangesInIntangibleAssetsTotalPresentation" xlink:label="p-FINREP_ChangesInIntangibleAssetsTotalPresentation" />
    <presentationArc xlink:type="arc" xlink:arcrole="http://www.xbrl.org/2003/arcrole/parent-child" xlink:from="p-FINREP_IntangibleAssetsTotalPresentation" xlink:to="p-FINREP_ChangesInIntangibleAssetsTotalPresentation" order="2" use="optional" />
    <loc xlink:type="locator" xlink:href="p-FINREP-2008-01-01.xsd#p-FINREP_AdditionsFromInternalDevelopmentIntangibleAssetsTotal" xlink:label="p-FINREP_AdditionsFromInternalDevelopmentIntangibleAssetsTotal" />
    <presentationArc xlink:type="arc" xlink:arcrole="http://www.xbrl.org/2003/arcrole/parent-child" xlink:from="p-FINREP_ChangesInIntangibleAssetsTotalPresentation" xlink:to="p-FINREP_AdditionsFromInternalDevelopmentIntangibleAssetsTotal" order="1" use="optional" />
    <loc xlink:type="locator" xlink:href="p-FINREP-2008-01-01.xsd#p-FINREP_AdditionsFromSeparateAcquisitionIntangibleAssetsTotal" xlink:label="p-FINREP_AdditionsFromSeparateAcquisitionIntangibleAssetsTotal" />
    <presentationArc xlink:type="arc" xlink:arcrole="http://www.xbrl.org/2003/arcrole/parent-child" xlink:from="p-FINREP_ChangesInIntangibleAssetsTotalPresentation" xlink:to="p-FINREP_AdditionsFromSeparateAcquisitionIntangibleAssetsTotal" order="2" use="optional" />
    <loc xlink:type="locator" xlink:href="p-FINREP-2008-01-01.xsd#p-FINREP_AdjustmentsFromBusinessCombinationsIntangibleAssetsTotal" xlink:label="p-FINREP_AdjustmentsFromBusinessCombinationsIntangibleAssetsTotal" />
    <presentationArc xlink:type="arc" xlink:arcrole="http://www.xbrl.org/2003/arcrole/parent-child" xlink:from="p-FINREP_ChangesInIntangibleAssetsTotalPresentation" xlink:to="p-FINREP_AdjustmentsFromBusinessCombinationsIntangibleAssetsTotal" order="3" use="optional" />
    <loc xlink:type="locator" xlink:href="p-FINREP-2008-01-01.xsd#p-FINREP_RetirementAndDisposalsIntangibleAssetsTotal" xlink:label="p-FINREP_RetirementAndDisposalsIntangibleAssetsTotal" />
    <presentationArc xlink:type="arc" xlink:arcrole="http://www.xbrl.org/2003/arcrole/parent-child" xlink:from="p-FINREP_ChangesInIntangibleAssetsTotalPresentation" xlink:to="p-FINREP_RetirementAndDisposalsIntangibleAssetsTotal" order="4" use="optional" />
    <loc xlink:type="locator" xlink:href="p-FINREP-2008-01-01.xsd#p-FINREP_TransfersToFromNonCurrentAssetsAndDisposalGroupsHeldForSaleIntangibleAssetsTotal" xlink:label="p-FINREP_TransfersToFromNonCurrentAssetsAndDisposalGroupsHeldForSaleIntangibleAssetsTotal" />
    <presentationArc xlink:type="arc" xlink:arcrole="http://www.xbrl.org/2003/arcrole/parent-child" xlink:from="p-FINREP_ChangesInIntangibleAssetsTotalPresentation" xlink:to="p-FINREP_TransfersToFromNonCurrentAssetsAndDisposalGroupsHeldForSaleIntangibleAssetsTotal" order="5" use="optional" />
    <presentationArc xlink:type="arc" xlink:arcrole="http://www.xbrl.org/2003/arcrole/parent-child" xlink:from="p-FINREP_ChangesInIntangibleAssetsTotalPresentation" xlink:to="ifrs-gp_AdjustmentsFromSubsequentRecognitionOfDeferredTaxAssetsGoodwill" order="6" use="optional" />
    <loc xlink:type="locator" xlink:href="p-FINREP-2008-01-01.xsd#p-FINREP_AmortisationRecognisedIntangibleAssetsTotal" xlink:label="p-FINREP_AmortisationRecognisedIntangibleAssetsTotal" />
    <presentationArc xlink:type="arc" xlink:arcrole="http://www.xbrl.org/2003/arcrole/parent-child" xlink:from="p-FINREP_ChangesInIntangibleAssetsTotalPresentation" xlink:to="p-FINREP_AmortisationRecognisedIntangibleAssetsTotal" order="7" use="optional" />
    <loc xlink:type="locator" xlink:href="p-FINREP-2008-01-01.xsd#p-FINREP_RevaluationIncreasesDecreasesAndImpairmentLossesReversalsRecognisedInEquityIntangibleAssetsTotal" xlink:label="p-FINREP_RevaluationIncreasesDecreasesAndImpairmentLossesReversalsRecognisedInEquityIntangibleAssetsTotal" />
    <presentationArc xlink:type="arc" xlink:arcrole="http://www.xbrl.org/2003/arcrole/parent-child" xlink:from="p-FINREP_ChangesInIntangibleAssetsTotalPresentation" xlink:to="p-FINREP_RevaluationIncreasesDecreasesAndImpairmentLossesReversalsRecognisedInEquityIntangibleAssetsTotal" order="8" use="optional" />
    <loc xlink:type="locator" xlink:href="p-FINREP-2008-01-01.xsd#p-FINREP_RevaluationIncreaseDecreaseRecognisedInIncomeStatementIntangibleAssetsTotal" xlink:label="p-FINREP_RevaluationIncreaseDecreaseRecognisedInIncomeStatementIntangibleAssetsTotal" />
    <presentationArc xlink:type="arc" xlink:arcrole="http://www.xbrl.org/2003/arcrole/parent-child" xlink:from="p-FINREP_ChangesInIntangibleAssetsTotalPresentation" xlink:to="p-FINREP_RevaluationIncreaseDecreaseRecognisedInIncomeStatementIntangibleAssetsTotal" order="9" use="optional" />
    <loc xlink:type="locator" xlink:href="p-FINREP-2008-01-01.xsd#p-FINREP_ImpairmentLossRecognisedInIncomeStatementIntangibleAssetsTotal" xlink:label="p-FINREP_ImpairmentLossRecognisedInIncomeStatementIntangibleAssetsTotal" />
    <presentationArc xlink:type="arc" xlink:arcrole="http://www.xbrl.org/2003/arcrole/parent-child" xlink:from="p-FINREP_ChangesInIntangibleAssetsTotalPresentation" xlink:to="p-FINREP_ImpairmentLossRecognisedInIncomeStatementIntangibleAssetsTotal" order="10" use="optional" />
    <loc xlink:type="locator" xlink:href="p-FINREP-2008-01-01.xsd#p-FINREP_ImpairmentReversalRecognisedInIncomeStatementIntangibleAssetsTotal" xlink:label="p-FINREP_ImpairmentReversalRecognisedInIncomeStatementIntangibleAssetsTotal" />
    <presentationArc xlink:type="arc" xlink:arcrole="http://www.xbrl.org/2003/arcrole/parent-child" xlink:from="p-FINREP_ChangesInIntangibleAssetsTotalPresentation" xlink:to="p-FINREP_ImpairmentReversalRecognisedInIncomeStatementIntangibleAssetsTotal" order="11" use="optional" />
    <loc xlink:type="locator" xlink:href="p-FINREP-2008-01-01.xsd#p-FINREP_ForeignCurrencyExchangeIncreaseDecreaseIntangibleAssetsTotal" xlink:label="p-FINREP_ForeignCurrencyExchangeIncreaseDecreaseIntangibleAssetsTotal" />
    <presentationArc xlink:type="arc" xlink:arcrole="http://www.xbrl.org/2003/arcrole/parent-child" xlink:from="p-FINREP_ChangesInIntangibleAssetsTotalPresentation" xlink:to="p-FINREP_ForeignCurrencyExchangeIncreaseDecreaseIntangibleAssetsTotal" order="12" use="optional" />
    <loc xlink:type="locator" xlink:href="p-FINREP-2008-01-01.xsd#p-FINREP_OtherIncreaseDecreaseIntangibleAssetsTotal" xlink:label="p-FINREP_OtherIncreaseDecreaseIntangibleAssetsTotal" />
    <presentationArc xlink:type="arc" xlink:arcrole="http://www.xbrl.org/2003/arcrole/parent-child" xlink:from="p-FINREP_ChangesInIntangibleAssetsTotalPresentation" xlink:to="p-FINREP_OtherIncreaseDecreaseIntangibleAssetsTotal" order="13" use="optional" />
    <loc xlink:type="locator" xlink:href="p-FINREP-2008-01-01.xsd#p-FINREP_IntangibleAssetsUnderFinanceLease" xlink:label="p-FINREP_IntangibleAssetsUnderFinanceLease" />
    <presentationArc xlink:type="arc" xlink:arcrole="http://www.xbrl.org/2003/arcrole/parent-child" xlink:from="p-FINREP_IntangibleAssetsTotalPresentation" xlink:to="p-FINREP_IntangibleAssetsUnderFinanceLease" order="4" use="optional" />
    <loc xlink:type="locator" xlink:href="p-FINREP-2008-01-01.xsd#p-FINREP_IntangibleAssetsUnderAnOperatingLease" xlink:label="p-FINREP_IntangibleAssetsUnderAnOperatingLease" />
    <presentationArc xlink:type="arc" xlink:arcrole="http://www.xbrl.org/2003/arcrole/parent-child" xlink:from="p-FINREP_IntangibleAssetsTotalPresentation" xlink:to="p-FINREP_IntangibleAssetsUnderAnOperatingLease" order="5" use="optional" />
  </presentationLink>
  <presentationLink xlink:type="extended" xlink:role="http://www.c-ebs.org/eu/fr/esrs/finrep/2008-01-01/role/GoodwillAndOtherIntangibleAssets">
    <loc xlink:type="locator" xlink:href="p-FINREP-2008-01-01.xsd#p-FINREP_GoodwillAndOtherIntangibleAssetsGoodwillPresentation" xlink:label="p-FINREP_GoodwillAndOtherIntangibleAssetsGoodwillPresentation" />
    <loc xlink:type="locator" xlink:href="http://xbrl.iasb.org/int/fr/ifrs/gp/2006-08-15/ifrs-gp-2006-08-15.xsd#ifrs-gp_GoodwillNet" xlink:label="ifrs-gp_GoodwillNet" />
    <presentationArc xlink:type="arc" xlink:arcrole="http://www.xbrl.org/2003/arcrole/parent-child" preferredLabel="http://www.xbrl.org/2003/role/periodEndLabel" xlink:from="p-FINREP_GoodwillAndOtherIntangibleAssetsGoodwillPresentation" xlink:to="ifrs-gp_GoodwillNet" order="3" priority="1" use="optional" />
    <loc xlink:type="locator" xlink:href="p-FINREP-2008-01-01.xsd#p-FINREP_GoodwillAndOtherIntangibleAssetsInternallyDevelopedSoftwarePresentation" xlink:label="p-FINREP_GoodwillAndOtherIntangibleAssetsInternallyDevelopedSoftwarePresentation" />
    <loc xlink:type="locator" xlink:href="p-FINREP-2008-01-01.xsd#p-FINREP_InternallyDevelopedSoftwareNet" xlink:label="p-FINREP_InternallyDevelopedSoftwareNet" />
    <presentationArc xlink:type="arc" xlink:arcrole="http://www.xbrl.org/2003/arcrole/parent-child" preferredLabel="http://www.xbrl.org/2003/role/periodEndLabel" xlink:from="p-FINREP_GoodwillAndOtherIntangibleAssetsInternallyDevelopedSoftwarePresentation" xlink:to="p-FINREP_InternallyDevelopedSoftwareNet" order="3" priority="1" use="optional" />
    <loc xlink:type="locator" xlink:href="p-FINREP-2008-01-01.xsd#p-FINREP_GoodwillAndOtherIntangibleAssetsAcquiredSoftwarePresentation" xlink:label="p-FINREP_GoodwillAndOtherIntangibleAssetsAcquiredSoftwarePresentation" />
    <loc xlink:type="locator" xlink:href="p-FINREP-2008-01-01.xsd#p-FINREP_AcquiredSoftwareNet" xlink:label="p-FINREP_AcquiredSoftwareNet" />
    <presentationArc xlink:type="arc" xlink:arcrole="http://www.xbrl.org/2003/arcrole/parent-child" preferredLabel="http://www.xbrl.org/2003/role/periodEndLabel" xlink:from="p-FINREP_GoodwillAndOtherIntangibleAssetsAcquiredSoftwarePresentation" xlink:to="p-FINREP_AcquiredSoftwareNet" order="3" priority="1" use="optional" />
    <loc xlink:type="locator" xlink:href="p-FINREP-2008-01-01.xsd#p-FINREP_GoodwillAndOtherIntangibleAssetsOtherInternallyDevelopedIntangibleAssetsPresentation" xlink:label="p-FINREP_GoodwillAndOtherIntangibleAssetsOtherInternallyDevelopedIntangibleAssetsPresentation" />
    <loc xlink:type="locator" xlink:href="p-FINREP-2008-01-01.xsd#p-FINREP_OtherInternallyDevelopedIntangibleAssetsNet" xlink:label="p-FINREP_OtherInternallyDevelopedIntangibleAssetsNet" />
    <presentationArc xlink:type="arc" xlink:arcrole="http://www.xbrl.org/2003/arcrole/parent-child" preferredLabel="http://www.xbrl.org/2003/role/periodEndLabel" xlink:from="p-FINREP_GoodwillAndOtherIntangibleAssetsOtherInternallyDevelopedIntangibleAssetsPresentation" xlink:to="p-FINREP_OtherInternallyDevelopedIntangibleAssetsNet" order="3" priority="1" use="optional" />
    <loc xlink:type="locator" xlink:href="p-FINREP-2008-01-01.xsd#p-FINREP_GoodwillAndOtherIntangibleAssetsOtherIntangibleAssetsPresentation" xlink:label="p-FINREP_GoodwillAndOtherIntangibleAssetsOtherIntangibleAssetsPresentation" />
    <loc xlink:type="locator" xlink:href="p-FINREP-2008-01-01.xsd#p-FINREP_OtherIntangibleAssetsNet" xlink:label="p-FINREP_OtherIntangibleAssetsNet" />
    <presentationArc xlink:type="arc" xlink:arcrole="http://www.xbrl.org/2003/arcrole/parent-child" preferredLabel="http://www.xbrl.org/2003/role/periodEndLabel" xlink:from="p-FINREP_GoodwillAndOtherIntangibleAssetsOtherIntangibleAssetsPresentation" xlink:to="p-FINREP_OtherIntangibleAssetsNet" order="3" priority="1" use="optional" />
    <loc xlink:type="locator" xlink:href="p-FINREP-2008-01-01.xsd#p-FINREP_IntangibleAssetsTotalPresentation" xlink:label="p-FINREP_IntangibleAssetsTotalPresentation" />
    <loc xlink:type="locator" xlink:href="http://xbrl.iasb.org/int/fr/ifrs/gp/2006-08-15/ifrs-gp-2006-08-15.xsd#ifrs-gp_IntangibleAssetsNet" xlink:label="ifrs-gp_IntangibleAssetsNet" />
    <presentationArc xlink:type="arc" xlink:arcrole="http://www.xbrl.org/2003/arcrole/parent-child" preferredLabel="http://www.xbrl.org/2003/role/periodEndLabel" xlink:from="p-FINREP_IntangibleAssetsTotalPresentation" xlink:to="ifrs-gp_IntangibleAssetsNet" order="3" use="optional" />
  </presentationLink>
</linkbase>