<?xml version="1.0" encoding="utf-8"?>
<?taxonomy-version 1.3.2?>
<!--Copyright (C) 2011 EBA - European Banking Authority, Tower 42, 25 Old Broad Street, London, EC2N 1HQ, United Kingdom.-->   
<linkbase xmlns="http://www.xbrl.org/2003/linkbase" xmlns:xsi="http://www.w3.org/2001/XMLSchema-instance" xmlns:xlink="http://www.w3.org/1999/xlink" xsi:schemaLocation=" http://www.xbrl.org/2003/linkbase http://www.xbrl.org/2003/xbrl-linkbase-2003-12-31.xsd">
  <roleRef xlink:type="simple" xlink:href="p-FINREP-2008-01-01-T34-RelatedPartyDisclosures.xsd#RelatedPartyDisclosures" roleURI="http://www.c-ebs.org/eu/fr/esrs/finrep/2008-01-01/role/RelatedPartyDisclosures" />
  <calculationLink xlink:type="extended" xlink:role="http://www.c-ebs.org/eu/fr/esrs/finrep/2008-01-01/role/RelatedPartyDisclosures">
    <loc xlink:type="locator" xlink:href="http://xbrl.iasb.org/int/fr/ifrs/gp/2006-08-15/ifrs-gp-2006-08-15.xsd#ifrs-gp_KeyManagementPersonnelCompensationTotal" xlink:label="ifrs-gp_KeyManagementPersonnelCompensationTotal" />
    <loc xlink:type="locator" xlink:href="http://xbrl.iasb.org/int/fr/ifrs/gp/2006-08-15/ifrs-gp-2006-08-15.xsd#ifrs-gp_KeyManagementPersonnelCompensationShortTermEmployeeBenefits" xlink:label="ifrs-gp_KeyManagementPersonnelCompensationShortTermEmployeeBenefits" />
    <calculationArc xlink:type="arc" xlink:arcrole="http://www.xbrl.org/2003/arcrole/summation-item" xlink:from="ifrs-gp_KeyManagementPersonnelCompensationTotal" xlink:to="ifrs-gp_KeyManagementPersonnelCompensationShortTermEmployeeBenefits" order="1" weight="1" use="optional" />
    <loc xlink:type="locator" xlink:href="http://xbrl.iasb.org/int/fr/ifrs/gp/2006-08-15/ifrs-gp-2006-08-15.xsd#ifrs-gp_KeyManagementPersonnelCompensationPostEmploymentBenefits" xlink:label="ifrs-gp_KeyManagementPersonnelCompensationPostEmploymentBenefits" />
    <calculationArc xlink:type="arc" xlink:arcrole="http://www.xbrl.org/2003/arcrole/summation-item" xlink:from="ifrs-gp_KeyManagementPersonnelCompensationTotal" xlink:to="ifrs-gp_KeyManagementPersonnelCompensationPostEmploymentBenefits" order="2" weight="1" use="optional" />
    <loc xlink:type="locator" xlink:href="http://xbrl.iasb.org/int/fr/ifrs/gp/2006-08-15/ifrs-gp-2006-08-15.xsd#ifrs-gp_KeyManagementPersonnelCompensationOtherLongTermBenefits" xlink:label="ifrs-gp_KeyManagementPersonnelCompensationOtherLongTermBenefits" />
    <calculationArc xlink:type="arc" xlink:arcrole="http://www.xbrl.org/2003/arcrole/summation-item" xlink:from="ifrs-gp_KeyManagementPersonnelCompensationTotal" xlink:to="ifrs-gp_KeyManagementPersonnelCompensationOtherLongTermBenefits" order="3" weight="1" use="optional" />
    <loc xlink:type="locator" xlink:href="http://xbrl.iasb.org/int/fr/ifrs/gp/2006-08-15/ifrs-gp-2006-08-15.xsd#ifrs-gp_KeyManagementPersonnelCompensationTerminationBenefits" xlink:label="ifrs-gp_KeyManagementPersonnelCompensationTerminationBenefits" />
    <calculationArc xlink:type="arc" xlink:arcrole="http://www.xbrl.org/2003/arcrole/summation-item" xlink:from="ifrs-gp_KeyManagementPersonnelCompensationTotal" xlink:to="ifrs-gp_KeyManagementPersonnelCompensationTerminationBenefits" order="4" weight="1" use="optional" />
    <loc xlink:type="locator" xlink:href="http://xbrl.iasb.org/int/fr/ifrs/gp/2006-08-15/ifrs-gp-2006-08-15.xsd#ifrs-gp_KeyManagementPersonnelCompensationShareBasedPayment" xlink:label="ifrs-gp_KeyManagementPersonnelCompensationShareBasedPayment" />
    <calculationArc xlink:type="arc" xlink:arcrole="http://www.xbrl.org/2003/arcrole/summation-item" xlink:from="ifrs-gp_KeyManagementPersonnelCompensationTotal" xlink:to="ifrs-gp_KeyManagementPersonnelCompensationShareBasedPayment" order="5" weight="1" use="optional" />
    <loc xlink:type="locator" xlink:href="p-FINREP-2008-01-01.xsd#p-FINREP_AssetBalancesWithRelatedPartyTotal" xlink:label="p-FINREP_AssetBalancesWithRelatedPartyTotal" />
    <loc xlink:type="locator" xlink:href="p-FINREP-2008-01-01.xsd#p-FINREP_LoansAndAdvancesWithRelatedPartyTotal" xlink:label="p-FINREP_LoansAndAdvancesWithRelatedPartyTotal" />
    <calculationArc xlink:type="arc" xlink:arcrole="http://www.xbrl.org/2003/arcrole/summation-item" xlink:from="p-FINREP_AssetBalancesWithRelatedPartyTotal" xlink:to="p-FINREP_LoansAndAdvancesWithRelatedPartyTotal" order="1" weight="1" use="optional" />
    <loc xlink:type="locator" xlink:href="p-FINREP-2008-01-01.xsd#p-FINREP_LoansAndAdvancesWithRelatedPartyCurrentAccounts" xlink:label="p-FINREP_LoansAndAdvancesWithRelatedPartyCurrentAccounts" />
    <calculationArc xlink:type="arc" xlink:arcrole="http://www.xbrl.org/2003/arcrole/summation-item" xlink:from="p-FINREP_LoansAndAdvancesWithRelatedPartyTotal" xlink:to="p-FINREP_LoansAndAdvancesWithRelatedPartyCurrentAccounts" order="1" weight="1" use="optional" />
    <loc xlink:type="locator" xlink:href="p-FINREP-2008-01-01.xsd#p-FINREP_LoansAndAdvancesWithRelatedPartyTermLoans" xlink:label="p-FINREP_LoansAndAdvancesWithRelatedPartyTermLoans" />
    <calculationArc xlink:type="arc" xlink:arcrole="http://www.xbrl.org/2003/arcrole/summation-item" xlink:from="p-FINREP_LoansAndAdvancesWithRelatedPartyTotal" xlink:to="p-FINREP_LoansAndAdvancesWithRelatedPartyTermLoans" order="2" weight="1" use="optional" />
    <loc xlink:type="locator" xlink:href="p-FINREP-2008-01-01.xsd#p-FINREP_LoansAndAdvancesWithRelatedPartyFinanceLeases" xlink:label="p-FINREP_LoansAndAdvancesWithRelatedPartyFinanceLeases" />
    <calculationArc xlink:type="arc" xlink:arcrole="http://www.xbrl.org/2003/arcrole/summation-item" xlink:from="p-FINREP_LoansAndAdvancesWithRelatedPartyTotal" xlink:to="p-FINREP_LoansAndAdvancesWithRelatedPartyFinanceLeases" order="3" weight="1" use="optional" />
    <loc xlink:type="locator" xlink:href="p-FINREP-2008-01-01.xsd#p-FINREP_LoansAndAdvancesWithRelatedPartyConsumerCredit" xlink:label="p-FINREP_LoansAndAdvancesWithRelatedPartyConsumerCredit" />
    <calculationArc xlink:type="arc" xlink:arcrole="http://www.xbrl.org/2003/arcrole/summation-item" xlink:from="p-FINREP_LoansAndAdvancesWithRelatedPartyTotal" xlink:to="p-FINREP_LoansAndAdvancesWithRelatedPartyConsumerCredit" order="4" weight="1" use="optional" />
    <loc xlink:type="locator" xlink:href="p-FINREP-2008-01-01.xsd#p-FINREP_LoansAndAdvancesWithRelatedPartyMortgagesLoans" xlink:label="p-FINREP_LoansAndAdvancesWithRelatedPartyMortgagesLoans" />
    <calculationArc xlink:type="arc" xlink:arcrole="http://www.xbrl.org/2003/arcrole/summation-item" xlink:from="p-FINREP_LoansAndAdvancesWithRelatedPartyTotal" xlink:to="p-FINREP_LoansAndAdvancesWithRelatedPartyMortgagesLoans" order="5" weight="1" use="optional" />
    <loc xlink:type="locator" xlink:href="p-FINREP-2008-01-01.xsd#p-FINREP_LoansAndAdvancesWithRelatedPartyOther" xlink:label="p-FINREP_LoansAndAdvancesWithRelatedPartyOther" />
    <calculationArc xlink:type="arc" xlink:arcrole="http://www.xbrl.org/2003/arcrole/summation-item" xlink:from="p-FINREP_LoansAndAdvancesWithRelatedPartyTotal" xlink:to="p-FINREP_LoansAndAdvancesWithRelatedPartyOther" order="6" weight="1" use="optional" />
    <loc xlink:type="locator" xlink:href="p-FINREP-2008-01-01.xsd#p-FINREP_EquityInstrumentsWithRelatedPartyTotal" xlink:label="p-FINREP_EquityInstrumentsWithRelatedPartyTotal" />
    <calculationArc xlink:type="arc" xlink:arcrole="http://www.xbrl.org/2003/arcrole/summation-item" xlink:from="p-FINREP_AssetBalancesWithRelatedPartyTotal" xlink:to="p-FINREP_EquityInstrumentsWithRelatedPartyTotal" order="2" weight="1" use="optional" />
    <loc xlink:type="locator" xlink:href="p-FINREP-2008-01-01.xsd#p-FINREP_EquityInstrumentsWithRelatedPartyTradingSecurities" xlink:label="p-FINREP_EquityInstrumentsWithRelatedPartyTradingSecurities" />
    <calculationArc xlink:type="arc" xlink:arcrole="http://www.xbrl.org/2003/arcrole/summation-item" xlink:from="p-FINREP_EquityInstrumentsWithRelatedPartyTotal" xlink:to="p-FINREP_EquityInstrumentsWithRelatedPartyTradingSecurities" order="1" weight="1" use="optional" />
    <loc xlink:type="locator" xlink:href="p-FINREP-2008-01-01.xsd#p-FINREP_EquityInstrumentsWithRelatedPartyInvestmentsSecurities" xlink:label="p-FINREP_EquityInstrumentsWithRelatedPartyInvestmentsSecurities" />
    <calculationArc xlink:type="arc" xlink:arcrole="http://www.xbrl.org/2003/arcrole/summation-item" xlink:from="p-FINREP_EquityInstrumentsWithRelatedPartyTotal" xlink:to="p-FINREP_EquityInstrumentsWithRelatedPartyInvestmentsSecurities" order="2" weight="1" use="optional" />
    <loc xlink:type="locator" xlink:href="p-FINREP-2008-01-01.xsd#p-FINREP_OtherReceivablesWithRelatedParty" xlink:label="p-FINREP_OtherReceivablesWithRelatedParty" />
    <calculationArc xlink:type="arc" xlink:arcrole="http://www.xbrl.org/2003/arcrole/summation-item" xlink:from="p-FINREP_AssetBalancesWithRelatedPartyTotal" xlink:to="p-FINREP_OtherReceivablesWithRelatedParty" order="3" weight="1" use="optional" />
    <loc xlink:type="locator" xlink:href="p-FINREP-2008-01-01.xsd#p-FINREP_ExpensesWithRelatedPartyTotal" xlink:label="p-FINREP_ExpensesWithRelatedPartyTotal" />
    <loc xlink:type="locator" xlink:href="p-FINREP-2008-01-01.xsd#p-FINREP_InterestExpensesWithRelatedParty" xlink:label="p-FINREP_InterestExpensesWithRelatedParty" />
    <calculationArc xlink:type="arc" xlink:arcrole="http://www.xbrl.org/2003/arcrole/summation-item" xlink:from="p-FINREP_ExpensesWithRelatedPartyTotal" xlink:to="p-FINREP_InterestExpensesWithRelatedParty" order="1" weight="1" use="optional" />
    <loc xlink:type="locator" xlink:href="p-FINREP-2008-01-01.xsd#p-FINREP_ForeignExchangeExpensesWithRelatedParty" xlink:label="p-FINREP_ForeignExchangeExpensesWithRelatedParty" />
    <calculationArc xlink:type="arc" xlink:arcrole="http://www.xbrl.org/2003/arcrole/summation-item" xlink:from="p-FINREP_ExpensesWithRelatedPartyTotal" xlink:to="p-FINREP_ForeignExchangeExpensesWithRelatedParty" order="2" weight="1" use="optional" />
    <loc xlink:type="locator" xlink:href="p-FINREP-2008-01-01.xsd#p-FINREP_FeeAndCommissionExpensesWithRelatedParty" xlink:label="p-FINREP_FeeAndCommissionExpensesWithRelatedParty" />
    <calculationArc xlink:type="arc" xlink:arcrole="http://www.xbrl.org/2003/arcrole/summation-item" xlink:from="p-FINREP_ExpensesWithRelatedPartyTotal" xlink:to="p-FINREP_FeeAndCommissionExpensesWithRelatedParty" order="3" weight="1" use="optional" />
    <loc xlink:type="locator" xlink:href="p-FINREP-2008-01-01.xsd#p-FINREP_InsurancePremiumsExpensesWithRelatedParty" xlink:label="p-FINREP_InsurancePremiumsExpensesWithRelatedParty" />
    <calculationArc xlink:type="arc" xlink:arcrole="http://www.xbrl.org/2003/arcrole/summation-item" xlink:from="p-FINREP_ExpensesWithRelatedPartyTotal" xlink:to="p-FINREP_InsurancePremiumsExpensesWithRelatedParty" order="4" weight="1" use="optional" />
    <loc xlink:type="locator" xlink:href="p-FINREP-2008-01-01.xsd#p-FINREP_RenderingOfServicesWithRelatedParty" xlink:label="p-FINREP_RenderingOfServicesWithRelatedParty" />
    <calculationArc xlink:type="arc" xlink:arcrole="http://www.xbrl.org/2003/arcrole/summation-item" xlink:from="p-FINREP_ExpensesWithRelatedPartyTotal" xlink:to="p-FINREP_RenderingOfServicesWithRelatedParty" order="5" weight="1" use="optional" />
    <loc xlink:type="locator" xlink:href="p-FINREP-2008-01-01.xsd#p-FINREP_PurchaseOfGoodsPropertyAndOtherAssetsWithRelatedParty" xlink:label="p-FINREP_PurchaseOfGoodsPropertyAndOtherAssetsWithRelatedParty" />
    <calculationArc xlink:type="arc" xlink:arcrole="http://www.xbrl.org/2003/arcrole/summation-item" xlink:from="p-FINREP_ExpensesWithRelatedPartyTotal" xlink:to="p-FINREP_PurchaseOfGoodsPropertyAndOtherAssetsWithRelatedParty" order="6" weight="1" use="optional" />
    <loc xlink:type="locator" xlink:href="p-FINREP-2008-01-01.xsd#p-FINREP_TransfersExpensesWithRelatedPartyTotal" xlink:label="p-FINREP_TransfersExpensesWithRelatedPartyTotal" />
    <calculationArc xlink:type="arc" xlink:arcrole="http://www.xbrl.org/2003/arcrole/summation-item" xlink:from="p-FINREP_ExpensesWithRelatedPartyTotal" xlink:to="p-FINREP_TransfersExpensesWithRelatedPartyTotal" order="7" weight="1" use="optional" />
    <loc xlink:type="locator" xlink:href="p-FINREP-2008-01-01.xsd#p-FINREP_OtherExpensesWithRelatedParty" xlink:label="p-FINREP_OtherExpensesWithRelatedParty" />
    <calculationArc xlink:type="arc" xlink:arcrole="http://www.xbrl.org/2003/arcrole/summation-item" xlink:from="p-FINREP_ExpensesWithRelatedPartyTotal" xlink:to="p-FINREP_OtherExpensesWithRelatedParty" order="8" weight="1" use="optional" />
    <loc xlink:type="locator" xlink:href="p-FINREP-2008-01-01.xsd#p-FINREP_IncomeWithRelatedPartyTotal" xlink:label="p-FINREP_IncomeWithRelatedPartyTotal" />
    <loc xlink:type="locator" xlink:href="p-FINREP-2008-01-01.xsd#p-FINREP_InterestIncomeWithRelatedParty" xlink:label="p-FINREP_InterestIncomeWithRelatedParty" />
    <calculationArc xlink:type="arc" xlink:arcrole="http://www.xbrl.org/2003/arcrole/summation-item" xlink:from="p-FINREP_IncomeWithRelatedPartyTotal" xlink:to="p-FINREP_InterestIncomeWithRelatedParty" order="1" weight="1" use="optional" />
    <loc xlink:type="locator" xlink:href="p-FINREP-2008-01-01.xsd#p-FINREP_ForeignExchangeIncomeWithRelatedParty" xlink:label="p-FINREP_ForeignExchangeIncomeWithRelatedParty" />
    <calculationArc xlink:type="arc" xlink:arcrole="http://www.xbrl.org/2003/arcrole/summation-item" xlink:from="p-FINREP_IncomeWithRelatedPartyTotal" xlink:to="p-FINREP_ForeignExchangeIncomeWithRelatedParty" order="2" weight="1" use="optional" />
    <loc xlink:type="locator" xlink:href="p-FINREP-2008-01-01.xsd#p-FINREP_FeeAndCommissionIncomeWithRelatedParty" xlink:label="p-FINREP_FeeAndCommissionIncomeWithRelatedParty" />
    <calculationArc xlink:type="arc" xlink:arcrole="http://www.xbrl.org/2003/arcrole/summation-item" xlink:from="p-FINREP_IncomeWithRelatedPartyTotal" xlink:to="p-FINREP_FeeAndCommissionIncomeWithRelatedParty" order="3" weight="1" use="optional" />
    <loc xlink:type="locator" xlink:href="p-FINREP-2008-01-01.xsd#p-FINREP_DividendIncomeWithRelatedParty" xlink:label="p-FINREP_DividendIncomeWithRelatedParty" />
    <calculationArc xlink:type="arc" xlink:arcrole="http://www.xbrl.org/2003/arcrole/summation-item" xlink:from="p-FINREP_IncomeWithRelatedPartyTotal" xlink:to="p-FINREP_DividendIncomeWithRelatedParty" order="4" weight="1" use="optional" />
    <loc xlink:type="locator" xlink:href="p-FINREP-2008-01-01.xsd#p-FINREP_InsurancePremiumsIncomeWithRelatedParty" xlink:label="p-FINREP_InsurancePremiumsIncomeWithRelatedParty" />
    <calculationArc xlink:type="arc" xlink:arcrole="http://www.xbrl.org/2003/arcrole/summation-item" xlink:from="p-FINREP_IncomeWithRelatedPartyTotal" xlink:to="p-FINREP_InsurancePremiumsIncomeWithRelatedParty" order="5" weight="1" use="optional" />
    <loc xlink:type="locator" xlink:href="p-FINREP-2008-01-01.xsd#p-FINREP_ReceivingOfServicesWithRelatedParty" xlink:label="p-FINREP_ReceivingOfServicesWithRelatedParty" />
    <calculationArc xlink:type="arc" xlink:arcrole="http://www.xbrl.org/2003/arcrole/summation-item" xlink:from="p-FINREP_IncomeWithRelatedPartyTotal" xlink:to="p-FINREP_ReceivingOfServicesWithRelatedParty" order="6" weight="1" use="optional" />
    <loc xlink:type="locator" xlink:href="p-FINREP-2008-01-01.xsd#p-FINREP_SalesOfGoodsPropertyAndOtherAssetsWithRelatedParty" xlink:label="p-FINREP_SalesOfGoodsPropertyAndOtherAssetsWithRelatedParty" />
    <calculationArc xlink:type="arc" xlink:arcrole="http://www.xbrl.org/2003/arcrole/summation-item" xlink:from="p-FINREP_IncomeWithRelatedPartyTotal" xlink:to="p-FINREP_SalesOfGoodsPropertyAndOtherAssetsWithRelatedParty" order="7" weight="1" use="optional" />
    <loc xlink:type="locator" xlink:href="p-FINREP-2008-01-01.xsd#p-FINREP_TransfersIncomeWithRelatedPartyTotal" xlink:label="p-FINREP_TransfersIncomeWithRelatedPartyTotal" />
    <calculationArc xlink:type="arc" xlink:arcrole="http://www.xbrl.org/2003/arcrole/summation-item" xlink:from="p-FINREP_IncomeWithRelatedPartyTotal" xlink:to="p-FINREP_TransfersIncomeWithRelatedPartyTotal" order="8" weight="1" use="optional" />
    <loc xlink:type="locator" xlink:href="p-FINREP-2008-01-01.xsd#p-FINREP_OtherIncomeWithRelatedParty" xlink:label="p-FINREP_OtherIncomeWithRelatedParty" />
    <calculationArc xlink:type="arc" xlink:arcrole="http://www.xbrl.org/2003/arcrole/summation-item" xlink:from="p-FINREP_IncomeWithRelatedPartyTotal" xlink:to="p-FINREP_OtherIncomeWithRelatedParty" order="9" weight="1" use="optional" />
    <loc xlink:type="locator" xlink:href="p-FINREP-2008-01-01.xsd#p-FINREP_LiabilityBalancesWithRelatedPartyTotal" xlink:label="p-FINREP_LiabilityBalancesWithRelatedPartyTotal" />
    <loc xlink:type="locator" xlink:href="p-FINREP-2008-01-01.xsd#p-FINREP_DepositsWithRelatedPartyTotal" xlink:label="p-FINREP_DepositsWithRelatedPartyTotal" />
    <calculationArc xlink:type="arc" xlink:arcrole="http://www.xbrl.org/2003/arcrole/summation-item" xlink:from="p-FINREP_LiabilityBalancesWithRelatedPartyTotal" xlink:to="p-FINREP_DepositsWithRelatedPartyTotal" order="1" weight="1" use="optional" />
    <loc xlink:type="locator" xlink:href="p-FINREP-2008-01-01.xsd#p-FINREP_DepositsWithRelatedPartyDeposits" xlink:label="p-FINREP_DepositsWithRelatedPartyDeposits" />
    <calculationArc xlink:type="arc" xlink:arcrole="http://www.xbrl.org/2003/arcrole/summation-item" xlink:from="p-FINREP_DepositsWithRelatedPartyTotal" xlink:to="p-FINREP_DepositsWithRelatedPartyDeposits" order="1" weight="1" use="optional" />
    <loc xlink:type="locator" xlink:href="p-FINREP-2008-01-01.xsd#p-FINREP_DepositsWithRelatedPartyOtherBorrowings" xlink:label="p-FINREP_DepositsWithRelatedPartyOtherBorrowings" />
    <calculationArc xlink:type="arc" xlink:arcrole="http://www.xbrl.org/2003/arcrole/summation-item" xlink:from="p-FINREP_DepositsWithRelatedPartyTotal" xlink:to="p-FINREP_DepositsWithRelatedPartyOtherBorrowings" order="2" weight="1" use="optional" />
    <loc xlink:type="locator" xlink:href="p-FINREP-2008-01-01.xsd#p-FINREP_OtherFinancialLiabilitiesWithRelatedPartyTotal" xlink:label="p-FINREP_OtherFinancialLiabilitiesWithRelatedPartyTotal" />
    <calculationArc xlink:type="arc" xlink:arcrole="http://www.xbrl.org/2003/arcrole/summation-item" xlink:from="p-FINREP_LiabilityBalancesWithRelatedPartyTotal" xlink:to="p-FINREP_OtherFinancialLiabilitiesWithRelatedPartyTotal" order="2" weight="1" use="optional" />
    <loc xlink:type="locator" xlink:href="p-FINREP-2008-01-01.xsd#p-FINREP_OtherFinancialLiabilitiesWithRelatedPartyDebtCertificates" xlink:label="p-FINREP_OtherFinancialLiabilitiesWithRelatedPartyDebtCertificates" />
    <calculationArc xlink:type="arc" xlink:arcrole="http://www.xbrl.org/2003/arcrole/summation-item" xlink:from="p-FINREP_OtherFinancialLiabilitiesWithRelatedPartyTotal" xlink:to="p-FINREP_OtherFinancialLiabilitiesWithRelatedPartyDebtCertificates" order="1" weight="1" use="optional" />
    <loc xlink:type="locator" xlink:href="p-FINREP-2008-01-01.xsd#p-FINREP_OtherFinancialLiabilitiesWithRelatedPartySubordinatedLiabilities" xlink:label="p-FINREP_OtherFinancialLiabilitiesWithRelatedPartySubordinatedLiabilities" />
    <calculationArc xlink:type="arc" xlink:arcrole="http://www.xbrl.org/2003/arcrole/summation-item" xlink:from="p-FINREP_OtherFinancialLiabilitiesWithRelatedPartyTotal" xlink:to="p-FINREP_OtherFinancialLiabilitiesWithRelatedPartySubordinatedLiabilities" order="2" weight="1" use="optional" />
    <loc xlink:type="locator" xlink:href="p-FINREP-2008-01-01.xsd#p-FINREP_OtherFinancialLiabilitiesWithRelatedPartyShareBasedPaymentsTotal" xlink:label="p-FINREP_OtherFinancialLiabilitiesWithRelatedPartyShareBasedPaymentsTotal" />
    <calculationArc xlink:type="arc" xlink:arcrole="http://www.xbrl.org/2003/arcrole/summation-item" xlink:from="p-FINREP_OtherFinancialLiabilitiesWithRelatedPartyTotal" xlink:to="p-FINREP_OtherFinancialLiabilitiesWithRelatedPartyShareBasedPaymentsTotal" order="3" weight="1" use="optional" />
    <loc xlink:type="locator" xlink:href="p-FINREP-2008-01-01.xsd#p-FINREP_OtherFinancialLiabilitiesWithRelatedPartyShareBasedPaymentsGranted" xlink:label="p-FINREP_OtherFinancialLiabilitiesWithRelatedPartyShareBasedPaymentsGranted" />
    <calculationArc xlink:type="arc" xlink:arcrole="http://www.xbrl.org/2003/arcrole/summation-item" xlink:from="p-FINREP_OtherFinancialLiabilitiesWithRelatedPartyShareBasedPaymentsTotal" xlink:to="p-FINREP_OtherFinancialLiabilitiesWithRelatedPartyShareBasedPaymentsGranted" order="1" weight="1" use="optional" />
    <loc xlink:type="locator" xlink:href="p-FINREP-2008-01-01.xsd#p-FINREP_OtherFinancialLiabilitiesWithRelatedPartyShareBasedPaymentsExercised" xlink:label="p-FINREP_OtherFinancialLiabilitiesWithRelatedPartyShareBasedPaymentsExercised" />
    <calculationArc xlink:type="arc" xlink:arcrole="http://www.xbrl.org/2003/arcrole/summation-item" xlink:from="p-FINREP_OtherFinancialLiabilitiesWithRelatedPartyShareBasedPaymentsTotal" xlink:to="p-FINREP_OtherFinancialLiabilitiesWithRelatedPartyShareBasedPaymentsExercised" order="2" weight="1" use="optional" />
    <loc xlink:type="locator" xlink:href="p-FINREP-2008-01-01.xsd#p-FINREP_OtherLiabilitiesWithRelatedParty" xlink:label="p-FINREP_OtherLiabilitiesWithRelatedParty" />
    <calculationArc xlink:type="arc" xlink:arcrole="http://www.xbrl.org/2003/arcrole/summation-item" xlink:from="p-FINREP_LiabilityBalancesWithRelatedPartyTotal" xlink:to="p-FINREP_OtherLiabilitiesWithRelatedParty" order="3" weight="1" use="optional" />
  </calculationLink>
</linkbase>