<?xml version="1.0" encoding="utf-8"?>
<?taxonomy-version 1.3.2?>
<!--Copyright (C) 2011 EBA - European Banking Authority, Tower 42, 25 Old Broad Street, London, EC2N 1HQ, United Kingdom.-->   
<linkbase
	xmlns="http://www.xbrl.org/2003/linkbase"
	xmlns:xsi="http://www.w3.org/2001/XMLSchema-instance"
	xmlns:xlink="http://www.w3.org/1999/xlink"
	xsi:schemaLocation=" http://www.xbrl.org/2003/linkbase http://www.xbrl.org/2003/xbrl-linkbase-2003-12-31.xsd">
  <roleRef xlink:type="simple" xlink:href="p-FINREP-2008-01-01-T23-GainsLossesFromHedgeAccounting.xsd#GainsLossesFromHedgeAccounting" roleURI="http://www.c-ebs.org/eu/fr/esrs/finrep/2008-01-01/role/GainsLossesFromHedgeAccounting" />
  <calculationLink xlink:type="extended" xlink:role="http://www.c-ebs.org/eu/fr/esrs/finrep/2008-01-01/role/GainsLossesFromHedgeAccounting">
    <loc xlink:type="locator" xlink:href="http://xbrl.iasb.org/int/fr/ifrs/gp/2006-08-15/ifrs-gp-2006-08-15.xsd#ifrs-gp_GainsLossesOnFinancialInstrumentsDueToFairValueAdjustmentsInHedgeAccountingTotal" xlink:label="ifrs-gp_GainsLossesOnFinancialInstrumentsDueToFairValueAdjustmentsInHedgeAccountingTotal" />
    <loc xlink:type="locator" xlink:href="p-FINREP-2008-01-01.xsd#p-FINREP_GainsLossesOnFinancialInstrumentsDueToFairValueAdjustmentsInHedgeAccountingMicroHedgesFairValueHedgesNet" xlink:label="p-FINREP_GainsLossesOnFinancialInstrumentsDueToFairValueAdjustmentsInHedgeAccountingMicroHedgesFairValueHedgesNet" />
    <calculationArc xlink:type="arc" xlink:arcrole="http://www.xbrl.org/2003/arcrole/summation-item" xlink:from="ifrs-gp_GainsLossesOnFinancialInstrumentsDueToFairValueAdjustmentsInHedgeAccountingTotal" xlink:to="p-FINREP_GainsLossesOnFinancialInstrumentsDueToFairValueAdjustmentsInHedgeAccountingMicroHedgesFairValueHedgesNet" order="1" weight="1" use="optional" />
    <loc xlink:type="locator" xlink:href="p-FINREP-2008-01-01.xsd#p-FINREP_GainsLossesOnFinancialInstrumentsDueToFairValueAdjustmentsInHedgeAccountingMicroHedgesFairValueHedgesFairValueAdjustmentsToHedgedItemNet" xlink:label="p-FINREP_GainsLossesOnFinancialInstrumentsDueToFairValueAdjustmentsInHedgeAccountingMicroHedgesFairValueHedgesFairValueAdjustmentsToHedgedItemNet" />
    <calculationArc xlink:type="arc" xlink:arcrole="http://www.xbrl.org/2003/arcrole/summation-item" xlink:from="p-FINREP_GainsLossesOnFinancialInstrumentsDueToFairValueAdjustmentsInHedgeAccountingMicroHedgesFairValueHedgesNet" xlink:to="p-FINREP_GainsLossesOnFinancialInstrumentsDueToFairValueAdjustmentsInHedgeAccountingMicroHedgesFairValueHedgesFairValueAdjustmentsToHedgedItemNet" order="1" weight="1" use="optional" />
    <loc xlink:type="locator" xlink:href="p-FINREP-2008-01-01.xsd#p-FINREP_GainsOnFinancialInstrumentsDueToFairValueAdjustmentsInHedgeAccountingMicroHedgesFairValueHedgesFairValueAdjustmentsToHedgedItem" xlink:label="p-FINREP_GainsOnFinancialInstrumentsDueToFairValueAdjustmentsInHedgeAccountingMicroHedgesFairValueHedgesFairValueAdjustmentsToHedgedItem" />
    <calculationArc xlink:type="arc" xlink:arcrole="http://www.xbrl.org/2003/arcrole/summation-item" xlink:from="p-FINREP_GainsLossesOnFinancialInstrumentsDueToFairValueAdjustmentsInHedgeAccountingMicroHedgesFairValueHedgesFairValueAdjustmentsToHedgedItemNet" xlink:to="p-FINREP_GainsOnFinancialInstrumentsDueToFairValueAdjustmentsInHedgeAccountingMicroHedgesFairValueHedgesFairValueAdjustmentsToHedgedItem" order="1" weight="1" use="optional" />
    <loc xlink:type="locator" xlink:href="p-FINREP-2008-01-01.xsd#p-FINREP_LossesOnFinancialInstrumentsDueToFairValueAdjustmentsInHedgeAccountingMicroHedgesFairValueHedgesFairValueAdjustmentsToHedgedItem" xlink:label="p-FINREP_LossesOnFinancialInstrumentsDueToFairValueAdjustmentsInHedgeAccountingMicroHedgesFairValueHedgesFairValueAdjustmentsToHedgedItem" />
    <calculationArc xlink:type="arc" xlink:arcrole="http://www.xbrl.org/2003/arcrole/summation-item" xlink:from="p-FINREP_GainsLossesOnFinancialInstrumentsDueToFairValueAdjustmentsInHedgeAccountingMicroHedgesFairValueHedgesFairValueAdjustmentsToHedgedItemNet" xlink:to="p-FINREP_LossesOnFinancialInstrumentsDueToFairValueAdjustmentsInHedgeAccountingMicroHedgesFairValueHedgesFairValueAdjustmentsToHedgedItem" order="2" weight="-1" use="optional" />
    <loc xlink:type="locator" xlink:href="p-FINREP-2008-01-01.xsd#p-FINREP_GainsLossesOnFinancialInstrumentsDueToFairValueAdjustmentsInHedgeAccountingMicroHedgesFairValueHedgesFairValueAdjustmentsOfHedgeDerivativesNet" xlink:label="p-FINREP_GainsLossesOnFinancialInstrumentsDueToFairValueAdjustmentsInHedgeAccountingMicroHedgesFairValueHedgesFairValueAdjustmentsOfHedgeDerivativesNet" />
    <calculationArc xlink:type="arc" xlink:arcrole="http://www.xbrl.org/2003/arcrole/summation-item" xlink:from="p-FINREP_GainsLossesOnFinancialInstrumentsDueToFairValueAdjustmentsInHedgeAccountingMicroHedgesFairValueHedgesNet" xlink:to="p-FINREP_GainsLossesOnFinancialInstrumentsDueToFairValueAdjustmentsInHedgeAccountingMicroHedgesFairValueHedgesFairValueAdjustmentsOfHedgeDerivativesNet" order="2" weight="1" use="optional" />
    <loc xlink:type="locator" xlink:href="p-FINREP-2008-01-01.xsd#p-FINREP_GainsOnFinancialInstrumentsDueToFairValueAdjustmentsInHedgeAccountingMicroHedgesFairValueHedgesFairValueAdjustmentsOfTheHedgeDerivatives" xlink:label="p-FINREP_GainsOnFinancialInstrumentsDueToFairValueAdjustmentsInHedgeAccountingMicroHedgesFairValueHedgesFairValueAdjustmentsOfTheHedgeDerivatives" />
    <calculationArc xlink:type="arc" xlink:arcrole="http://www.xbrl.org/2003/arcrole/summation-item" xlink:from="p-FINREP_GainsLossesOnFinancialInstrumentsDueToFairValueAdjustmentsInHedgeAccountingMicroHedgesFairValueHedgesFairValueAdjustmentsOfHedgeDerivativesNet" xlink:to="p-FINREP_GainsOnFinancialInstrumentsDueToFairValueAdjustmentsInHedgeAccountingMicroHedgesFairValueHedgesFairValueAdjustmentsOfTheHedgeDerivatives" order="1" weight="1" use="optional" />
    <loc xlink:type="locator" xlink:href="p-FINREP-2008-01-01.xsd#p-FINREP_LossesOnFinancialInstrumentsDueToFairValueAdjustmentsInHedgeAccountingMicroHedgesFairValueHedgesFairValueAdjustmentsOfTheHedgeDerivatives" xlink:label="p-FINREP_LossesOnFinancialInstrumentsDueToFairValueAdjustmentsInHedgeAccountingMicroHedgesFairValueHedgesFairValueAdjustmentsOfTheHedgeDerivatives" />
    <calculationArc xlink:type="arc" xlink:arcrole="http://www.xbrl.org/2003/arcrole/summation-item" xlink:from="p-FINREP_GainsLossesOnFinancialInstrumentsDueToFairValueAdjustmentsInHedgeAccountingMicroHedgesFairValueHedgesFairValueAdjustmentsOfHedgeDerivativesNet" xlink:to="p-FINREP_LossesOnFinancialInstrumentsDueToFairValueAdjustmentsInHedgeAccountingMicroHedgesFairValueHedgesFairValueAdjustmentsOfTheHedgeDerivatives" order="2" weight="-1" use="optional" />
    <loc xlink:type="locator" xlink:href="p-FINREP-2008-01-01.xsd#p-FINREP_GainsLossesOnFinancialInstrumentsDueToFairValueAdjustmentsInHedgeAccountingMicroHedgesCashFlowHedgesFairValueAdjustmentsOfHedgeDerivativesIneffectivePortionNet" xlink:label="p-FINREP_GainsLossesOnFinancialInstrumentsDueToFairValueAdjustmentsInHedgeAccountingMicroHedgesCashFlowHedgesFairValueAdjustmentsOfHedgeDerivativesIneffectivePortionNet" />
    <calculationArc xlink:type="arc" xlink:arcrole="http://www.xbrl.org/2003/arcrole/summation-item" xlink:from="ifrs-gp_GainsLossesOnFinancialInstrumentsDueToFairValueAdjustmentsInHedgeAccountingTotal" xlink:to="p-FINREP_GainsLossesOnFinancialInstrumentsDueToFairValueAdjustmentsInHedgeAccountingMicroHedgesCashFlowHedgesFairValueAdjustmentsOfHedgeDerivativesIneffectivePortionNet" order="2" weight="1" use="optional" />
    <loc xlink:type="locator" xlink:href="p-FINREP-2008-01-01.xsd#p-FINREP_GainsOnFinancialInstrumentsDueToFairValueAdjustmentsInHedgeAccountingMicroHedgesCashFlowHedgesFairValueAdjustmentsOfTheHedgeDerivativesIneffectivePortion" xlink:label="p-FINREP_GainsOnFinancialInstrumentsDueToFairValueAdjustmentsInHedgeAccountingMicroHedgesCashFlowHedgesFairValueAdjustmentsOfTheHedgeDerivativesIneffectivePortion" />
    <calculationArc xlink:type="arc" xlink:arcrole="http://www.xbrl.org/2003/arcrole/summation-item" xlink:from="p-FINREP_GainsLossesOnFinancialInstrumentsDueToFairValueAdjustmentsInHedgeAccountingMicroHedgesCashFlowHedgesFairValueAdjustmentsOfHedgeDerivativesIneffectivePortionNet" xlink:to="p-FINREP_GainsOnFinancialInstrumentsDueToFairValueAdjustmentsInHedgeAccountingMicroHedgesCashFlowHedgesFairValueAdjustmentsOfTheHedgeDerivativesIneffectivePortion" order="1" weight="1" use="optional" />
    <loc xlink:type="locator" xlink:href="p-FINREP-2008-01-01.xsd#p-FINREP_LossesOnFinancialInstrumentsDueToFairValueAdjustmentsInHedgeAccountingMicroHedgesCashFlowHedgesFairValueAdjustmentsOfTheHedgeDerivativesIneffectivePortion" xlink:label="p-FINREP_LossesOnFinancialInstrumentsDueToFairValueAdjustmentsInHedgeAccountingMicroHedgesCashFlowHedgesFairValueAdjustmentsOfTheHedgeDerivativesIneffectivePortion" />
    <calculationArc xlink:type="arc" xlink:arcrole="http://www.xbrl.org/2003/arcrole/summation-item" xlink:from="p-FINREP_GainsLossesOnFinancialInstrumentsDueToFairValueAdjustmentsInHedgeAccountingMicroHedgesCashFlowHedgesFairValueAdjustmentsOfHedgeDerivativesIneffectivePortionNet" xlink:to="p-FINREP_LossesOnFinancialInstrumentsDueToFairValueAdjustmentsInHedgeAccountingMicroHedgesCashFlowHedgesFairValueAdjustmentsOfTheHedgeDerivativesIneffectivePortion" order="2" weight="-1" use="optional" />
    <loc xlink:type="locator" xlink:href="p-FINREP-2008-01-01.xsd#p-FINREP_GainsLossesOnFinancialInstrumentsDueToFairValueAdjustmentsInHedgeAccountingMicroHedgesHedgesOfNetInvestmentInForeignOperationFairValueAdjustmentsOfHedgeDerivativesIneffectivePortionNet" xlink:label="p-FINREP_GainsLossesOnFinancialInstrumentsDueToFairValueAdjustmentsInHedgeAccountingMicroHedgesHedgesOfNetInvestmentInForeignOperationFairValueAdjustmentsOfHedgeDerivativesIneffectivePortionNet" />
    <calculationArc xlink:type="arc" xlink:arcrole="http://www.xbrl.org/2003/arcrole/summation-item" xlink:from="ifrs-gp_GainsLossesOnFinancialInstrumentsDueToFairValueAdjustmentsInHedgeAccountingTotal" xlink:to="p-FINREP_GainsLossesOnFinancialInstrumentsDueToFairValueAdjustmentsInHedgeAccountingMicroHedgesHedgesOfNetInvestmentInForeignOperationFairValueAdjustmentsOfHedgeDerivativesIneffectivePortionNet" order="3" weight="1" use="optional" />
    <loc xlink:type="locator" xlink:href="p-FINREP-2008-01-01.xsd#p-FINREP_GainsOnFinancialInstrumentsDueToFairValueAdjustmentsInHedgeAccountingMicroHedgesHedgesOfNetInvestmentInForeignOperationFairValueAdjustmentsOfTheHedgeDerivativesIneffectivePortion" xlink:label="p-FINREP_GainsOnFinancialInstrumentsDueToFairValueAdjustmentsInHedgeAccountingMicroHedgesHedgesOfNetInvestmentInForeignOperationFairValueAdjustmentsOfTheHedgeDerivativesIneffectivePortion" />
    <calculationArc xlink:type="arc" xlink:arcrole="http://www.xbrl.org/2003/arcrole/summation-item" xlink:from="p-FINREP_GainsLossesOnFinancialInstrumentsDueToFairValueAdjustmentsInHedgeAccountingMicroHedgesHedgesOfNetInvestmentInForeignOperationFairValueAdjustmentsOfHedgeDerivativesIneffectivePortionNet" xlink:to="p-FINREP_GainsOnFinancialInstrumentsDueToFairValueAdjustmentsInHedgeAccountingMicroHedgesHedgesOfNetInvestmentInForeignOperationFairValueAdjustmentsOfTheHedgeDerivativesIneffectivePortion" order="1" weight="1" use="optional" />
    <loc xlink:type="locator" xlink:href="p-FINREP-2008-01-01.xsd#p-FINREP_LossesOnFinancialInstrumentsDueToFairValueAdjustmentsInHedgeAccountingMicroHedgesHedgesOfNetInvestmentInForeignOperationFairValueAdjustmentsOfTheHedgeDerivativesIneffectivePortion" xlink:label="p-FINREP_LossesOnFinancialInstrumentsDueToFairValueAdjustmentsInHedgeAccountingMicroHedgesHedgesOfNetInvestmentInForeignOperationFairValueAdjustmentsOfTheHedgeDerivativesIneffectivePortion" />
    <calculationArc xlink:type="arc" xlink:arcrole="http://www.xbrl.org/2003/arcrole/summation-item" xlink:from="p-FINREP_GainsLossesOnFinancialInstrumentsDueToFairValueAdjustmentsInHedgeAccountingMicroHedgesHedgesOfNetInvestmentInForeignOperationFairValueAdjustmentsOfHedgeDerivativesIneffectivePortionNet" xlink:to="p-FINREP_LossesOnFinancialInstrumentsDueToFairValueAdjustmentsInHedgeAccountingMicroHedgesHedgesOfNetInvestmentInForeignOperationFairValueAdjustmentsOfTheHedgeDerivativesIneffectivePortion" order="2" weight="-1" use="optional" />
    <loc xlink:type="locator" xlink:href="p-FINREP-2008-01-01.xsd#p-FINREP_GainsLossesOnFinancialInstrumentsDueToFairValueAdjustmentsInHedgeAccountingPortfolioHedgesOfInterestRateRiskFairValueHedgesNet" xlink:label="p-FINREP_GainsLossesOnFinancialInstrumentsDueToFairValueAdjustmentsInHedgeAccountingPortfolioHedgesOfInterestRateRiskFairValueHedgesNet" />
    <calculationArc xlink:type="arc" xlink:arcrole="http://www.xbrl.org/2003/arcrole/summation-item" xlink:from="ifrs-gp_GainsLossesOnFinancialInstrumentsDueToFairValueAdjustmentsInHedgeAccountingTotal" xlink:to="p-FINREP_GainsLossesOnFinancialInstrumentsDueToFairValueAdjustmentsInHedgeAccountingPortfolioHedgesOfInterestRateRiskFairValueHedgesNet" order="4" weight="1" use="optional" />
    <loc xlink:type="locator" xlink:href="p-FINREP-2008-01-01.xsd#p-FINREP_GainsLossesOnFinancialInstrumentsDueToFairValueAdjustmentsInHedgeAccountingPortfolioHedgesOfInterestRateRiskFairValueHedgesFairValueAdjustmentsToHedgedItemNet" xlink:label="p-FINREP_GainsLossesOnFinancialInstrumentsDueToFairValueAdjustmentsInHedgeAccountingPortfolioHedgesOfInterestRateRiskFairValueHedgesFairValueAdjustmentsToHedgedItemNet" />
    <calculationArc xlink:type="arc" xlink:arcrole="http://www.xbrl.org/2003/arcrole/summation-item" xlink:from="p-FINREP_GainsLossesOnFinancialInstrumentsDueToFairValueAdjustmentsInHedgeAccountingPortfolioHedgesOfInterestRateRiskFairValueHedgesNet" xlink:to="p-FINREP_GainsLossesOnFinancialInstrumentsDueToFairValueAdjustmentsInHedgeAccountingPortfolioHedgesOfInterestRateRiskFairValueHedgesFairValueAdjustmentsToHedgedItemNet" order="1" weight="1" use="optional" />
    <loc xlink:type="locator" xlink:href="p-FINREP-2008-01-01.xsd#p-FINREP_GainsOnFinancialInstrumentsDueToFairValueAdjustmentsInHedgeAccountingPortfolioHedgesOfInterestRateRiskFairValueHedgesFairValueAdjustmentsToHedgedItem" xlink:label="p-FINREP_GainsOnFinancialInstrumentsDueToFairValueAdjustmentsInHedgeAccountingPortfolioHedgesOfInterestRateRiskFairValueHedgesFairValueAdjustmentsToHedgedItem" />
    <calculationArc xlink:type="arc" xlink:arcrole="http://www.xbrl.org/2003/arcrole/summation-item" xlink:from="p-FINREP_GainsLossesOnFinancialInstrumentsDueToFairValueAdjustmentsInHedgeAccountingPortfolioHedgesOfInterestRateRiskFairValueHedgesFairValueAdjustmentsToHedgedItemNet" xlink:to="p-FINREP_GainsOnFinancialInstrumentsDueToFairValueAdjustmentsInHedgeAccountingPortfolioHedgesOfInterestRateRiskFairValueHedgesFairValueAdjustmentsToHedgedItem" order="1" weight="1" use="optional" />
    <loc xlink:type="locator" xlink:href="p-FINREP-2008-01-01.xsd#p-FINREP_LossesOnFinancialInstrumentsDueToFairValueAdjustmentsInHedgeAccountingPortfolioHedgesOfInterestRateRiskFairValueHedgesFairValueAdjustmentsToHedgedItem" xlink:label="p-FINREP_LossesOnFinancialInstrumentsDueToFairValueAdjustmentsInHedgeAccountingPortfolioHedgesOfInterestRateRiskFairValueHedgesFairValueAdjustmentsToHedgedItem" />
    <calculationArc xlink:type="arc" xlink:arcrole="http://www.xbrl.org/2003/arcrole/summation-item" xlink:from="p-FINREP_GainsLossesOnFinancialInstrumentsDueToFairValueAdjustmentsInHedgeAccountingPortfolioHedgesOfInterestRateRiskFairValueHedgesFairValueAdjustmentsToHedgedItemNet" xlink:to="p-FINREP_LossesOnFinancialInstrumentsDueToFairValueAdjustmentsInHedgeAccountingPortfolioHedgesOfInterestRateRiskFairValueHedgesFairValueAdjustmentsToHedgedItem" order="2" weight="-1" use="optional" />
    <loc xlink:type="locator" xlink:href="p-FINREP-2008-01-01.xsd#p-FINREP_GainsLossesOnFinancialInstrumentsDueToFairValueAdjustmentsInHedgeAccountingPortfolioHedgesOfInterestRateRiskFairValueHedgesFairValueAdjustmentsOfHedgeDerivativesNet" xlink:label="p-FINREP_GainsLossesOnFinancialInstrumentsDueToFairValueAdjustmentsInHedgeAccountingPortfolioHedgesOfInterestRateRiskFairValueHedgesFairValueAdjustmentsOfHedgeDerivativesNet" />
    <calculationArc xlink:type="arc" xlink:arcrole="http://www.xbrl.org/2003/arcrole/summation-item" xlink:from="p-FINREP_GainsLossesOnFinancialInstrumentsDueToFairValueAdjustmentsInHedgeAccountingPortfolioHedgesOfInterestRateRiskFairValueHedgesNet" xlink:to="p-FINREP_GainsLossesOnFinancialInstrumentsDueToFairValueAdjustmentsInHedgeAccountingPortfolioHedgesOfInterestRateRiskFairValueHedgesFairValueAdjustmentsOfHedgeDerivativesNet" order="2" weight="1" use="optional" />
    <loc xlink:type="locator" xlink:href="p-FINREP-2008-01-01.xsd#p-FINREP_GainsOnFinancialInstrumentsDueToFairValueAdjustmentsInHedgeAccountingPortfolioHedgesOfInterestRateRiskFairValueHedgesFairValueAdjustmentsOfTheHedgeDerivatives" xlink:label="p-FINREP_GainsOnFinancialInstrumentsDueToFairValueAdjustmentsInHedgeAccountingPortfolioHedgesOfInterestRateRiskFairValueHedgesFairValueAdjustmentsOfTheHedgeDerivatives" />
    <calculationArc xlink:type="arc" xlink:arcrole="http://www.xbrl.org/2003/arcrole/summation-item" xlink:from="p-FINREP_GainsLossesOnFinancialInstrumentsDueToFairValueAdjustmentsInHedgeAccountingPortfolioHedgesOfInterestRateRiskFairValueHedgesFairValueAdjustmentsOfHedgeDerivativesNet" xlink:to="p-FINREP_GainsOnFinancialInstrumentsDueToFairValueAdjustmentsInHedgeAccountingPortfolioHedgesOfInterestRateRiskFairValueHedgesFairValueAdjustmentsOfTheHedgeDerivatives" order="1" weight="1" use="optional" />
    <loc xlink:type="locator" xlink:href="p-FINREP-2008-01-01.xsd#p-FINREP_LossesOnFinancialInstrumentsDueToFairValueAdjustmentsInHedgeAccountingPortfolioHedgesOfInterestRateRiskFairValueHedgesFairValueAdjustmentsOfTheHedgeDerivatives" xlink:label="p-FINREP_LossesOnFinancialInstrumentsDueToFairValueAdjustmentsInHedgeAccountingPortfolioHedgesOfInterestRateRiskFairValueHedgesFairValueAdjustmentsOfTheHedgeDerivatives" />
    <calculationArc xlink:type="arc" xlink:arcrole="http://www.xbrl.org/2003/arcrole/summation-item" xlink:from="p-FINREP_GainsLossesOnFinancialInstrumentsDueToFairValueAdjustmentsInHedgeAccountingPortfolioHedgesOfInterestRateRiskFairValueHedgesFairValueAdjustmentsOfHedgeDerivativesNet" xlink:to="p-FINREP_LossesOnFinancialInstrumentsDueToFairValueAdjustmentsInHedgeAccountingPortfolioHedgesOfInterestRateRiskFairValueHedgesFairValueAdjustmentsOfTheHedgeDerivatives" order="2" weight="-1" use="optional" />
    <loc xlink:type="locator" xlink:href="p-FINREP-2008-01-01.xsd#p-FINREP_GainsLossesOnFinancialInstrumentsDueToFairValueAdjustmentsInHedgeAccountingPortfolioHedgesOfInterestRateRiskCashFlowHedgesFairValueAdjustmentsOfHedgingInstrumentIneffectivePortionNet" xlink:label="p-FINREP_GainsLossesOnFinancialInstrumentsDueToFairValueAdjustmentsInHedgeAccountingPortfolioHedgesOfInterestRateRiskCashFlowHedgesFairValueAdjustmentsOfHedgingInstrumentIneffectivePortionNet" />
    <calculationArc xlink:type="arc" xlink:arcrole="http://www.xbrl.org/2003/arcrole/summation-item" xlink:from="ifrs-gp_GainsLossesOnFinancialInstrumentsDueToFairValueAdjustmentsInHedgeAccountingTotal" xlink:to="p-FINREP_GainsLossesOnFinancialInstrumentsDueToFairValueAdjustmentsInHedgeAccountingPortfolioHedgesOfInterestRateRiskCashFlowHedgesFairValueAdjustmentsOfHedgingInstrumentIneffectivePortionNet" order="5" weight="1" use="optional" />
    <loc xlink:type="locator" xlink:href="p-FINREP-2008-01-01.xsd#p-FINREP_GainsOnFinancialInstrumentsDueToFairValueAdjustmentsInHedgeAccountingPortfolioHedgesOfInterestRateRiskCashFlowHedgesFairValueAdjustmentsOfTheHedgingInstrumentIneffectivePortion" xlink:label="p-FINREP_GainsOnFinancialInstrumentsDueToFairValueAdjustmentsInHedgeAccountingPortfolioHedgesOfInterestRateRiskCashFlowHedgesFairValueAdjustmentsOfTheHedgingInstrumentIneffectivePortion" />
    <calculationArc xlink:type="arc" xlink:arcrole="http://www.xbrl.org/2003/arcrole/summation-item" xlink:from="p-FINREP_GainsLossesOnFinancialInstrumentsDueToFairValueAdjustmentsInHedgeAccountingPortfolioHedgesOfInterestRateRiskCashFlowHedgesFairValueAdjustmentsOfHedgingInstrumentIneffectivePortionNet" xlink:to="p-FINREP_GainsOnFinancialInstrumentsDueToFairValueAdjustmentsInHedgeAccountingPortfolioHedgesOfInterestRateRiskCashFlowHedgesFairValueAdjustmentsOfTheHedgingInstrumentIneffectivePortion" order="1" weight="1" use="optional" />
    <loc xlink:type="locator" xlink:href="p-FINREP-2008-01-01.xsd#p-FINREP_LossesOnFinancialInstrumentsDueToFairValueAdjustmentsInHedgeAccountingPortfolioHedgesOfInterestRateRiskCashFlowHedgesFairValueAdjustmentsOfTheHedgingInstrumentIneffectivePortion" xlink:label="p-FINREP_LossesOnFinancialInstrumentsDueToFairValueAdjustmentsInHedgeAccountingPortfolioHedgesOfInterestRateRiskCashFlowHedgesFairValueAdjustmentsOfTheHedgingInstrumentIneffectivePortion" />
    <calculationArc xlink:type="arc" xlink:arcrole="http://www.xbrl.org/2003/arcrole/summation-item" xlink:from="p-FINREP_GainsLossesOnFinancialInstrumentsDueToFairValueAdjustmentsInHedgeAccountingPortfolioHedgesOfInterestRateRiskCashFlowHedgesFairValueAdjustmentsOfHedgingInstrumentIneffectivePortionNet" xlink:to="p-FINREP_LossesOnFinancialInstrumentsDueToFairValueAdjustmentsInHedgeAccountingPortfolioHedgesOfInterestRateRiskCashFlowHedgesFairValueAdjustmentsOfTheHedgingInstrumentIneffectivePortion" order="2" weight="-1" use="optional" />
    <loc xlink:type="locator" xlink:href="p-FINREP-2008-01-01.xsd#p-FINREP_GainsLossesOnFinancialInstrumentsDueToFairValueAdjustmentsInHedgeAccountingDiscontinuationOfHedgeAccountingInCaseOfCashFlowHedgeNet" xlink:label="p-FINREP_GainsLossesOnFinancialInstrumentsDueToFairValueAdjustmentsInHedgeAccountingDiscontinuationOfHedgeAccountingInCaseOfCashFlowHedgeNet" />
    <calculationArc xlink:type="arc" xlink:arcrole="http://www.xbrl.org/2003/arcrole/summation-item" xlink:from="ifrs-gp_GainsLossesOnFinancialInstrumentsDueToFairValueAdjustmentsInHedgeAccountingTotal" xlink:to="p-FINREP_GainsLossesOnFinancialInstrumentsDueToFairValueAdjustmentsInHedgeAccountingDiscontinuationOfHedgeAccountingInCaseOfCashFlowHedgeNet" order="6" weight="1" use="optional" />
    <loc xlink:type="locator" xlink:href="p-FINREP-2008-01-01.xsd#p-FINREP_GainsOnFinancialInstrumentsDueToFairValueAdjustmentsInHedgeAccountingDiscontinuationOfHedgeAccountingInTheCaseOfACashFlowHedge" xlink:label="p-FINREP_GainsOnFinancialInstrumentsDueToFairValueAdjustmentsInHedgeAccountingDiscontinuationOfHedgeAccountingInTheCaseOfACashFlowHedge" />
    <calculationArc xlink:type="arc" xlink:arcrole="http://www.xbrl.org/2003/arcrole/summation-item" xlink:from="p-FINREP_GainsLossesOnFinancialInstrumentsDueToFairValueAdjustmentsInHedgeAccountingDiscontinuationOfHedgeAccountingInCaseOfCashFlowHedgeNet" xlink:to="p-FINREP_GainsOnFinancialInstrumentsDueToFairValueAdjustmentsInHedgeAccountingDiscontinuationOfHedgeAccountingInTheCaseOfACashFlowHedge" order="1" weight="1" use="optional" />
    <loc xlink:type="locator" xlink:href="p-FINREP-2008-01-01.xsd#p-FINREP_LossesOnFinancialInstrumentsDueToFairValueAdjustmentsInHedgeAccountingDiscontinuationOfHedgeAccountingInTheCaseOfACashFlowHedge" xlink:label="p-FINREP_LossesOnFinancialInstrumentsDueToFairValueAdjustmentsInHedgeAccountingDiscontinuationOfHedgeAccountingInTheCaseOfACashFlowHedge" />
    <calculationArc xlink:type="arc" xlink:arcrole="http://www.xbrl.org/2003/arcrole/summation-item" xlink:from="p-FINREP_GainsLossesOnFinancialInstrumentsDueToFairValueAdjustmentsInHedgeAccountingDiscontinuationOfHedgeAccountingInCaseOfCashFlowHedgeNet" xlink:to="p-FINREP_LossesOnFinancialInstrumentsDueToFairValueAdjustmentsInHedgeAccountingDiscontinuationOfHedgeAccountingInTheCaseOfACashFlowHedge" order="2" weight="-1" use="optional" />
    <loc xlink:type="locator" xlink:href="p-FINREP-2008-01-01.xsd#p-FINREP_GainsOnFinancialInstrumentsDueToFairValueAdjustmentsInHedgeAccountingTotal" xlink:label="p-FINREP_GainsOnFinancialInstrumentsDueToFairValueAdjustmentsInHedgeAccountingTotal" />
    <loc xlink:type="locator" xlink:href="p-FINREP-2008-01-01.xsd#p-FINREP_GainsOnFinancialInstrumentsDueToFairValueAdjustmentsInHedgeAccountingMicroHedgesFairValueHedges" xlink:label="p-FINREP_GainsOnFinancialInstrumentsDueToFairValueAdjustmentsInHedgeAccountingMicroHedgesFairValueHedges" />
    <calculationArc xlink:type="arc" xlink:arcrole="http://www.xbrl.org/2003/arcrole/summation-item" xlink:from="p-FINREP_GainsOnFinancialInstrumentsDueToFairValueAdjustmentsInHedgeAccountingTotal" xlink:to="p-FINREP_GainsOnFinancialInstrumentsDueToFairValueAdjustmentsInHedgeAccountingMicroHedgesFairValueHedges" order="1" weight="1" use="optional" />
    <calculationArc xlink:type="arc" xlink:arcrole="http://www.xbrl.org/2003/arcrole/summation-item" xlink:from="p-FINREP_GainsOnFinancialInstrumentsDueToFairValueAdjustmentsInHedgeAccountingMicroHedgesFairValueHedges" xlink:to="p-FINREP_GainsOnFinancialInstrumentsDueToFairValueAdjustmentsInHedgeAccountingMicroHedgesFairValueHedgesFairValueAdjustmentsToHedgedItem" order="1" weight="1" use="optional" />
    <calculationArc xlink:type="arc" xlink:arcrole="http://www.xbrl.org/2003/arcrole/summation-item" xlink:from="p-FINREP_GainsOnFinancialInstrumentsDueToFairValueAdjustmentsInHedgeAccountingMicroHedgesFairValueHedges" xlink:to="p-FINREP_GainsOnFinancialInstrumentsDueToFairValueAdjustmentsInHedgeAccountingMicroHedgesFairValueHedgesFairValueAdjustmentsOfTheHedgeDerivatives" order="2" weight="1" use="optional" />
    <calculationArc xlink:type="arc" xlink:arcrole="http://www.xbrl.org/2003/arcrole/summation-item" xlink:from="p-FINREP_GainsOnFinancialInstrumentsDueToFairValueAdjustmentsInHedgeAccountingTotal" xlink:to="p-FINREP_GainsOnFinancialInstrumentsDueToFairValueAdjustmentsInHedgeAccountingMicroHedgesCashFlowHedgesFairValueAdjustmentsOfTheHedgeDerivativesIneffectivePortion" order="2" weight="1" use="optional" />
    <calculationArc xlink:type="arc" xlink:arcrole="http://www.xbrl.org/2003/arcrole/summation-item" xlink:from="p-FINREP_GainsOnFinancialInstrumentsDueToFairValueAdjustmentsInHedgeAccountingTotal" xlink:to="p-FINREP_GainsOnFinancialInstrumentsDueToFairValueAdjustmentsInHedgeAccountingMicroHedgesHedgesOfNetInvestmentInForeignOperationFairValueAdjustmentsOfTheHedgeDerivativesIneffectivePortion" order="3" weight="1" use="optional" />
    <loc xlink:type="locator" xlink:href="p-FINREP-2008-01-01.xsd#p-FINREP_GainsOnFinancialInstrumentsDueToFairValueAdjustmentsInHedgeAccountingPortfolioHedgesOfInterestRateRiskFairValueHedges" xlink:label="p-FINREP_GainsOnFinancialInstrumentsDueToFairValueAdjustmentsInHedgeAccountingPortfolioHedgesOfInterestRateRiskFairValueHedges" />
    <calculationArc xlink:type="arc" xlink:arcrole="http://www.xbrl.org/2003/arcrole/summation-item" xlink:from="p-FINREP_GainsOnFinancialInstrumentsDueToFairValueAdjustmentsInHedgeAccountingTotal" xlink:to="p-FINREP_GainsOnFinancialInstrumentsDueToFairValueAdjustmentsInHedgeAccountingPortfolioHedgesOfInterestRateRiskFairValueHedges" order="4" weight="1" use="optional" />
    <calculationArc xlink:type="arc" xlink:arcrole="http://www.xbrl.org/2003/arcrole/summation-item" xlink:from="p-FINREP_GainsOnFinancialInstrumentsDueToFairValueAdjustmentsInHedgeAccountingPortfolioHedgesOfInterestRateRiskFairValueHedges" xlink:to="p-FINREP_GainsOnFinancialInstrumentsDueToFairValueAdjustmentsInHedgeAccountingPortfolioHedgesOfInterestRateRiskFairValueHedgesFairValueAdjustmentsToHedgedItem" order="1" weight="1" use="optional" />
    <calculationArc xlink:type="arc" xlink:arcrole="http://www.xbrl.org/2003/arcrole/summation-item" xlink:from="p-FINREP_GainsOnFinancialInstrumentsDueToFairValueAdjustmentsInHedgeAccountingPortfolioHedgesOfInterestRateRiskFairValueHedges" xlink:to="p-FINREP_GainsOnFinancialInstrumentsDueToFairValueAdjustmentsInHedgeAccountingPortfolioHedgesOfInterestRateRiskFairValueHedgesFairValueAdjustmentsOfTheHedgeDerivatives" order="2" weight="1" use="optional" />
    <calculationArc xlink:type="arc" xlink:arcrole="http://www.xbrl.org/2003/arcrole/summation-item" xlink:from="p-FINREP_GainsOnFinancialInstrumentsDueToFairValueAdjustmentsInHedgeAccountingTotal" xlink:to="p-FINREP_GainsOnFinancialInstrumentsDueToFairValueAdjustmentsInHedgeAccountingPortfolioHedgesOfInterestRateRiskCashFlowHedgesFairValueAdjustmentsOfTheHedgingInstrumentIneffectivePortion" order="5" weight="1" use="optional" />
    <calculationArc xlink:type="arc" xlink:arcrole="http://www.xbrl.org/2003/arcrole/summation-item" xlink:from="p-FINREP_GainsOnFinancialInstrumentsDueToFairValueAdjustmentsInHedgeAccountingTotal" xlink:to="p-FINREP_GainsOnFinancialInstrumentsDueToFairValueAdjustmentsInHedgeAccountingDiscontinuationOfHedgeAccountingInTheCaseOfACashFlowHedge" order="6" weight="1" use="optional" />
    <loc xlink:type="locator" xlink:href="p-FINREP-2008-01-01.xsd#p-FINREP_LossesOnFinancialInstrumentsDueToFairValueAdjustmentsInHedgeAccountingTotal" xlink:label="p-FINREP_LossesOnFinancialInstrumentsDueToFairValueAdjustmentsInHedgeAccountingTotal" />
    <loc xlink:type="locator" xlink:href="p-FINREP-2008-01-01.xsd#p-FINREP_LossesOnFinancialInstrumentsDueToFairValueAdjustmentsInHedgeAccountingMicroHedgesFairValueHedges" xlink:label="p-FINREP_LossesOnFinancialInstrumentsDueToFairValueAdjustmentsInHedgeAccountingMicroHedgesFairValueHedges" />
    <calculationArc xlink:type="arc" xlink:arcrole="http://www.xbrl.org/2003/arcrole/summation-item" xlink:from="p-FINREP_LossesOnFinancialInstrumentsDueToFairValueAdjustmentsInHedgeAccountingTotal" xlink:to="p-FINREP_LossesOnFinancialInstrumentsDueToFairValueAdjustmentsInHedgeAccountingMicroHedgesFairValueHedges" order="1" weight="1" use="optional" />
    <calculationArc xlink:type="arc" xlink:arcrole="http://www.xbrl.org/2003/arcrole/summation-item" xlink:from="p-FINREP_LossesOnFinancialInstrumentsDueToFairValueAdjustmentsInHedgeAccountingMicroHedgesFairValueHedges" xlink:to="p-FINREP_LossesOnFinancialInstrumentsDueToFairValueAdjustmentsInHedgeAccountingMicroHedgesFairValueHedgesFairValueAdjustmentsToHedgedItem" order="1" weight="1" use="optional" />
    <calculationArc xlink:type="arc" xlink:arcrole="http://www.xbrl.org/2003/arcrole/summation-item" xlink:from="p-FINREP_LossesOnFinancialInstrumentsDueToFairValueAdjustmentsInHedgeAccountingMicroHedgesFairValueHedges" xlink:to="p-FINREP_LossesOnFinancialInstrumentsDueToFairValueAdjustmentsInHedgeAccountingMicroHedgesFairValueHedgesFairValueAdjustmentsOfTheHedgeDerivatives" order="2" weight="1" use="optional" />
    <calculationArc xlink:type="arc" xlink:arcrole="http://www.xbrl.org/2003/arcrole/summation-item" xlink:from="p-FINREP_LossesOnFinancialInstrumentsDueToFairValueAdjustmentsInHedgeAccountingTotal" xlink:to="p-FINREP_LossesOnFinancialInstrumentsDueToFairValueAdjustmentsInHedgeAccountingMicroHedgesCashFlowHedgesFairValueAdjustmentsOfTheHedgeDerivativesIneffectivePortion" order="2" weight="1" use="optional" />
    <calculationArc xlink:type="arc" xlink:arcrole="http://www.xbrl.org/2003/arcrole/summation-item" xlink:from="p-FINREP_LossesOnFinancialInstrumentsDueToFairValueAdjustmentsInHedgeAccountingTotal" xlink:to="p-FINREP_LossesOnFinancialInstrumentsDueToFairValueAdjustmentsInHedgeAccountingMicroHedgesHedgesOfNetInvestmentInForeignOperationFairValueAdjustmentsOfTheHedgeDerivativesIneffectivePortion" order="3" weight="1" use="optional" />
    <loc xlink:type="locator" xlink:href="p-FINREP-2008-01-01.xsd#p-FINREP_LossesOnFinancialInstrumentsDueToFairValueAdjustmentsInHedgeAccountingPortfolioHedgesOfInterestRateRiskFairValueHedges" xlink:label="p-FINREP_LossesOnFinancialInstrumentsDueToFairValueAdjustmentsInHedgeAccountingPortfolioHedgesOfInterestRateRiskFairValueHedges" />
    <calculationArc xlink:type="arc" xlink:arcrole="http://www.xbrl.org/2003/arcrole/summation-item" xlink:from="p-FINREP_LossesOnFinancialInstrumentsDueToFairValueAdjustmentsInHedgeAccountingTotal" xlink:to="p-FINREP_LossesOnFinancialInstrumentsDueToFairValueAdjustmentsInHedgeAccountingPortfolioHedgesOfInterestRateRiskFairValueHedges" order="4" weight="1" use="optional" />
    <calculationArc xlink:type="arc" xlink:arcrole="http://www.xbrl.org/2003/arcrole/summation-item" xlink:from="p-FINREP_LossesOnFinancialInstrumentsDueToFairValueAdjustmentsInHedgeAccountingPortfolioHedgesOfInterestRateRiskFairValueHedges" xlink:to="p-FINREP_LossesOnFinancialInstrumentsDueToFairValueAdjustmentsInHedgeAccountingPortfolioHedgesOfInterestRateRiskFairValueHedgesFairValueAdjustmentsToHedgedItem" order="1" weight="1" use="optional" />
    <calculationArc xlink:type="arc" xlink:arcrole="http://www.xbrl.org/2003/arcrole/summation-item" xlink:from="p-FINREP_LossesOnFinancialInstrumentsDueToFairValueAdjustmentsInHedgeAccountingPortfolioHedgesOfInterestRateRiskFairValueHedges" xlink:to="p-FINREP_LossesOnFinancialInstrumentsDueToFairValueAdjustmentsInHedgeAccountingPortfolioHedgesOfInterestRateRiskFairValueHedgesFairValueAdjustmentsOfTheHedgeDerivatives" order="2" weight="1" use="optional" />
    <calculationArc xlink:type="arc" xlink:arcrole="http://www.xbrl.org/2003/arcrole/summation-item" xlink:from="p-FINREP_LossesOnFinancialInstrumentsDueToFairValueAdjustmentsInHedgeAccountingTotal" xlink:to="p-FINREP_LossesOnFinancialInstrumentsDueToFairValueAdjustmentsInHedgeAccountingPortfolioHedgesOfInterestRateRiskCashFlowHedgesFairValueAdjustmentsOfTheHedgingInstrumentIneffectivePortion" order="5" weight="1" use="optional" />
    <calculationArc xlink:type="arc" xlink:arcrole="http://www.xbrl.org/2003/arcrole/summation-item" xlink:from="p-FINREP_LossesOnFinancialInstrumentsDueToFairValueAdjustmentsInHedgeAccountingTotal" xlink:to="p-FINREP_LossesOnFinancialInstrumentsDueToFairValueAdjustmentsInHedgeAccountingDiscontinuationOfHedgeAccountingInTheCaseOfACashFlowHedge" order="6" weight="1" use="optional" />
  </calculationLink>
</linkbase>