<?xml version="1.0" encoding="iso-8859-1"?>
<?taxonomy-version 1.3.2?>
<!--Copyright (C) 2011 EBA - European Banking Authority, Tower 42, 25 Old Broad Street, London, EC2N 1HQ, United Kingdom.-->   

<linkbase xmlns:xsi="http://www.w3.org/2001/XMLSchema-instance" xsi:schemaLocation="http://www.xbrl.org/2003/linkbase http://www.xbrl.org/2003/xbrl-linkbase-2003-12-31.xsd" xmlns="http://www.xbrl.org/2003/linkbase" xmlns:xlink="http://www.w3.org/1999/xlink">
  <roleRef roleURI="http://www.c-ebs.org/eu/fr/esrs/finrep/2008-01-01/role/CashFlowStatement" xlink:type="simple" xlink:href="p-FINREP-2008-01-01-T37-CashFlowStatement.xsd#CashFlowStatement"/>
  <presentationLink xlink:type="extended" xlink:role="http://www.c-ebs.org/eu/fr/esrs/finrep/2008-01-01/role/CashFlowStatement">
    <loc xlink:type="locator" xlink:href="http://xbrl.iasb.org/int/fr/ifrs/gp/2006-08-15/ifrs-gp-2006-08-15.xsd#ifrs-gp_CashFlowStatementPresentation" xlink:label="ifrs-gp_CashFlowStatementPresentation"/>
    <loc xlink:type="locator" xlink:href="p-FINREP-2008-01-01.xsd#p-FINREP_CashFlowStatementOperatingActivitiesPresentation" xlink:label="p-FINREP_CashFlowStatementOperatingActivitiesPresentation"/>
    <presentationArc xlink:type="arc" xlink:arcrole="http://www.xbrl.org/2003/arcrole/parent-child" xlink:from="ifrs-gp_CashFlowStatementPresentation" xlink:to="p-FINREP_CashFlowStatementOperatingActivitiesPresentation" use="optional" order="1.0"/>
    <loc xlink:type="locator" xlink:href="http://xbrl.iasb.org/int/fr/ifrs/gp/2006-08-15/ifrs-gp-2006-08-15.xsd#ifrs-gp_ProfitLossAttributableToEquityHoldersOfParent" xlink:label="ifrs-gp_ProfitLossAttributableToEquityHoldersOfParent"/>
    <presentationArc xlink:type="arc" xlink:arcrole="http://www.xbrl.org/2003/arcrole/parent-child" xlink:from="p-FINREP_CashFlowStatementOperatingActivitiesPresentation" xlink:to="ifrs-gp_ProfitLossAttributableToEquityHoldersOfParent" use="optional" order="1.0"/>
    <loc xlink:type="locator" xlink:href="p-FINREP-2008-01-01.xsd#p-FINREP_AdjustmentsToReconcileNetProfitLossToNetCashProvidedByOperatingActivities" xlink:label="p-FINREP_AdjustmentsToReconcileNetProfitLossToNetCashProvidedByOperatingActivities"/>
    <presentationArc xlink:type="arc" xlink:arcrole="http://www.xbrl.org/2003/arcrole/parent-child" xlink:from="ifrs-gp_ProfitLossAttributableToEquityHoldersOfParent" xlink:to="p-FINREP_AdjustmentsToReconcileNetProfitLossToNetCashProvidedByOperatingActivities" use="optional" order="1.0"/>
    <loc xlink:type="locator" xlink:href="p-FINREP-2008-01-01.xsd#p-FINREP_CurrentAndDeferredTaxIncomeRecognisedInIncomeStatement" xlink:label="p-FINREP_CurrentAndDeferredTaxIncomeRecognisedInIncomeStatement"/>
    <presentationArc xlink:type="arc" xlink:arcrole="http://www.xbrl.org/2003/arcrole/parent-child" xlink:from="p-FINREP_AdjustmentsToReconcileNetProfitLossToNetCashProvidedByOperatingActivities" xlink:to="p-FINREP_CurrentAndDeferredTaxIncomeRecognisedInIncomeStatement" use="optional" order="1.0"/>
    <loc xlink:type="locator" xlink:href="p-FINREP-2008-01-01.xsd#p-FINREP_CurrentAndDeferredTaxExpensesRecognisedInIncomeStatement" xlink:label="p-FINREP_CurrentAndDeferredTaxExpensesRecognisedInIncomeStatement"/>
    <presentationArc xlink:type="arc" xlink:arcrole="http://www.xbrl.org/2003/arcrole/parent-child" xlink:from="p-FINREP_AdjustmentsToReconcileNetProfitLossToNetCashProvidedByOperatingActivities" xlink:to="p-FINREP_CurrentAndDeferredTaxExpensesRecognisedInIncomeStatement" use="optional" order="2.0"/>
    <loc xlink:type="locator" xlink:href="http://xbrl.iasb.org/int/fr/ifrs/gp/2006-08-15/ifrs-gp-2006-08-15.xsd#ifrs-gp_ProfitLossAttributableToMinorityInterest" xlink:label="ifrs-gp_ProfitLossAttributableToMinorityInterest"/>
    <presentationArc xlink:type="arc" xlink:arcrole="http://www.xbrl.org/2003/arcrole/parent-child" xlink:from="p-FINREP_AdjustmentsToReconcileNetProfitLossToNetCashProvidedByOperatingActivities" xlink:to="ifrs-gp_ProfitLossAttributableToMinorityInterest" use="optional" order="3.0"/>
    <loc xlink:type="locator" xlink:href="http://xbrl.iasb.org/int/fr/ifrs/gp/2006-08-15/ifrs-gp-2006-08-15.xsd#ifrs-gp_UnrealisedGainsLossesOnForeignCurrencyExchange" xlink:label="ifrs-gp_UnrealisedGainsLossesOnForeignCurrencyExchange"/>
    <presentationArc xlink:type="arc" xlink:arcrole="http://www.xbrl.org/2003/arcrole/parent-child" xlink:from="p-FINREP_AdjustmentsToReconcileNetProfitLossToNetCashProvidedByOperatingActivities" xlink:to="ifrs-gp_UnrealisedGainsLossesOnForeignCurrencyExchange" use="optional" order="4.0"/>
    <loc xlink:type="locator" xlink:href="p-FINREP-2008-01-01.xsd#p-FINREP_CashFlowStatementOperatingActivitiesInvestingAndFinancingPresentation" xlink:label="p-FINREP_CashFlowStatementOperatingActivitiesInvestingAndFinancingPresentation"/>
    <presentationArc xlink:type="arc" xlink:arcrole="http://www.xbrl.org/2003/arcrole/parent-child" xlink:from="p-FINREP_AdjustmentsToReconcileNetProfitLossToNetCashProvidedByOperatingActivities" xlink:to="p-FINREP_CashFlowStatementOperatingActivitiesInvestingAndFinancingPresentation" use="optional" order="5.0"/>
    <loc xlink:type="locator" xlink:href="http://xbrl.iasb.org/int/fr/ifrs/gp/2006-08-15/ifrs-gp-2006-08-15.xsd#ifrs-gp_DepreciationAmortisation" xlink:label="ifrs-gp_DepreciationAmortisation"/>
    <presentationArc xlink:type="arc" xlink:arcrole="http://www.xbrl.org/2003/arcrole/parent-child" xlink:from="p-FINREP_CashFlowStatementOperatingActivitiesInvestingAndFinancingPresentation" xlink:to="ifrs-gp_DepreciationAmortisation" use="optional" order="1.0"/>
    <loc xlink:type="locator" xlink:href="p-FINREP-2008-01-01.xsd#p-FINREP_ImpairmentLossesReversalsOnInvestingAndFinancingActivities" xlink:label="p-FINREP_ImpairmentLossesReversalsOnInvestingAndFinancingActivities"/>
    <presentationArc xlink:type="arc" xlink:arcrole="http://www.xbrl.org/2003/arcrole/parent-child" xlink:from="p-FINREP_CashFlowStatementOperatingActivitiesInvestingAndFinancingPresentation" xlink:to="p-FINREP_ImpairmentLossesReversalsOnInvestingAndFinancingActivities" use="optional" order="2.0"/>
    <loc xlink:type="locator" xlink:href="p-FINREP-2008-01-01.xsd#p-FINREP_Provisions" xlink:label="p-FINREP_Provisions"/>
    <presentationArc xlink:type="arc" xlink:arcrole="http://www.xbrl.org/2003/arcrole/parent-child" xlink:from="p-FINREP_CashFlowStatementOperatingActivitiesInvestingAndFinancingPresentation" xlink:to="p-FINREP_Provisions" use="optional" order="3.0"/>
    <loc xlink:type="locator" xlink:href="p-FINREP-2008-01-01.xsd#p-FINREP_UnrealisedFairValueGainsLossesThroughProfitOrLossOnInvestingOrFinancingActivities" xlink:label="p-FINREP_UnrealisedFairValueGainsLossesThroughProfitOrLossOnInvestingOrFinancingActivities"/>
    <presentationArc xlink:type="arc" xlink:arcrole="http://www.xbrl.org/2003/arcrole/parent-child" xlink:from="p-FINREP_CashFlowStatementOperatingActivitiesInvestingAndFinancingPresentation" xlink:to="p-FINREP_UnrealisedFairValueGainsLossesThroughProfitOrLossOnInvestingOrFinancingActivities" use="optional" order="4.0"/>
    <loc xlink:type="locator" xlink:href="p-FINREP-2008-01-01.xsd#p-FINREP_NetGainsLossesOnSaleOfInvestmentsHTMAssociatesSubsidiariesTangibleAssets" xlink:label="p-FINREP_NetGainsLossesOnSaleOfInvestmentsHTMAssociatesSubsidiariesTangibleAssets"/>
    <presentationArc xlink:type="arc" xlink:arcrole="http://www.xbrl.org/2003/arcrole/parent-child" xlink:from="p-FINREP_CashFlowStatementOperatingActivitiesInvestingAndFinancingPresentation" xlink:to="p-FINREP_NetGainsLossesOnSaleOfInvestmentsHTMAssociatesSubsidiariesTangibleAssets" use="optional" order="5.0"/>
    <loc xlink:type="locator" xlink:href="p-FINREP-2008-01-01.xsd#p-FINREP_CashFlowStatementOperatingActivitiesOperatingPresentation" xlink:label="p-FINREP_CashFlowStatementOperatingActivitiesOperatingPresentation"/>
    <presentationArc xlink:type="arc" xlink:arcrole="http://www.xbrl.org/2003/arcrole/parent-child" xlink:from="p-FINREP_AdjustmentsToReconcileNetProfitLossToNetCashProvidedByOperatingActivities" xlink:to="p-FINREP_CashFlowStatementOperatingActivitiesOperatingPresentation" use="optional" order="6.0"/>
    <loc xlink:type="locator" xlink:href="http://xbrl.iasb.org/int/fr/ifrs/gp/2006-08-15/ifrs-gp-2006-08-15.xsd#ifrs-gp_UnrealisedFairValueGainLossOnCashFlowHedgingInstruments" xlink:label="ifrs-gp_UnrealisedFairValueGainLossOnCashFlowHedgingInstruments"/>
    <presentationArc xlink:type="arc" xlink:arcrole="http://www.xbrl.org/2003/arcrole/parent-child" xlink:from="p-FINREP_CashFlowStatementOperatingActivitiesOperatingPresentation" xlink:to="ifrs-gp_UnrealisedFairValueGainLossOnCashFlowHedgingInstruments" use="optional" order="1.0"/>
    <loc xlink:type="locator" xlink:href="http://xbrl.iasb.org/int/fr/ifrs/gp/2006-08-15/ifrs-gp-2006-08-15.xsd#ifrs-gp_UnrealisedFairValueGainLossOnAvailableForSaleFinancialAssets" xlink:label="ifrs-gp_UnrealisedFairValueGainLossOnAvailableForSaleFinancialAssets"/>
    <presentationArc xlink:type="arc" xlink:arcrole="http://www.xbrl.org/2003/arcrole/parent-child" xlink:from="p-FINREP_CashFlowStatementOperatingActivitiesOperatingPresentation" xlink:to="ifrs-gp_UnrealisedFairValueGainLossOnAvailableForSaleFinancialAssets" use="optional" order="2.0"/>
    <loc xlink:type="locator" xlink:href="p-FINREP-2008-01-01.xsd#p-FINREP_OtherAdjustments" xlink:label="p-FINREP_OtherAdjustments"/>
    <presentationArc xlink:type="arc" xlink:arcrole="http://www.xbrl.org/2003/arcrole/parent-child" xlink:from="p-FINREP_CashFlowStatementOperatingActivitiesOperatingPresentation" xlink:to="p-FINREP_OtherAdjustments" use="optional" order="3.0"/>
    <loc xlink:type="locator" xlink:href="http://xbrl.iasb.org/int/fr/ifrs/gp/2006-08-15/ifrs-gp-2006-08-15.xsd#ifrs-gp_CashFlowsBeforeChangesInWorkingCapitalTotal" xlink:label="ifrs-gp_CashFlowsBeforeChangesInWorkingCapitalTotal"/>
    <presentationArc xlink:type="arc" xlink:arcrole="http://www.xbrl.org/2003/arcrole/parent-child" xlink:from="ifrs-gp_ProfitLossAttributableToEquityHoldersOfParent" xlink:to="ifrs-gp_CashFlowsBeforeChangesInWorkingCapitalTotal" use="optional" order="2.0"/>
    <loc xlink:type="locator" xlink:href="http://xbrl.iasb.org/int/fr/ifrs/gp/2006-08-15/ifrs-gp-2006-08-15.xsd#ifrs-gp_IncreaseDecreaseInWorkingCapitalNet" xlink:label="ifrs-gp_IncreaseDecreaseInWorkingCapitalNet"/>
    <presentationArc xlink:type="arc" xlink:arcrole="http://www.xbrl.org/2003/arcrole/parent-child" xlink:from="ifrs-gp_ProfitLossAttributableToEquityHoldersOfParent" xlink:to="ifrs-gp_IncreaseDecreaseInWorkingCapitalNet" use="optional" order="3.0"/>
    <loc xlink:type="locator" xlink:href="http://xbrl.iasb.org/int/fr/ifrs/gp/2006-08-15/ifrs-gp-2006-08-15.xsd#ifrs-gp_IncreaseDecreaseInOperatingAssetsExcludingCashAndCashEquivalentsTotal" xlink:label="ifrs-gp_IncreaseDecreaseInOperatingAssetsExcludingCashAndCashEquivalentsTotal"/>
    <presentationArc xlink:type="arc" xlink:arcrole="http://www.xbrl.org/2003/arcrole/parent-child" xlink:from="ifrs-gp_IncreaseDecreaseInWorkingCapitalNet" xlink:to="ifrs-gp_IncreaseDecreaseInOperatingAssetsExcludingCashAndCashEquivalentsTotal" use="optional" order="1.0"/>
    <loc xlink:type="locator" xlink:href="http://xbrl.iasb.org/int/fr/ifrs/gp/2006-08-15/ifrs-gp-2006-08-15.xsd#ifrs-gp_IncreaseDecreaseInCashAndBalancesWithCentralBanks" xlink:label="ifrs-gp_IncreaseDecreaseInCashAndBalancesWithCentralBanks"/>
    <presentationArc xlink:type="arc" xlink:arcrole="http://www.xbrl.org/2003/arcrole/parent-child" xlink:from="ifrs-gp_IncreaseDecreaseInOperatingAssetsExcludingCashAndCashEquivalentsTotal" xlink:to="ifrs-gp_IncreaseDecreaseInCashAndBalancesWithCentralBanks" use="optional" order="1.0"/>
    <loc xlink:type="locator" xlink:href="http://xbrl.iasb.org/int/fr/ifrs/gp/2006-08-15/ifrs-gp-2006-08-15.xsd#ifrs-gp_IncreaseDecreaseInLoansAndReceivables" xlink:label="ifrs-gp_IncreaseDecreaseInLoansAndReceivables"/>
    <presentationArc xlink:type="arc" xlink:arcrole="http://www.xbrl.org/2003/arcrole/parent-child" xlink:from="ifrs-gp_IncreaseDecreaseInOperatingAssetsExcludingCashAndCashEquivalentsTotal" xlink:to="ifrs-gp_IncreaseDecreaseInLoansAndReceivables" use="optional" order="2.0"/>
    <loc xlink:type="locator" xlink:href="http://xbrl.iasb.org/int/fr/ifrs/gp/2006-08-15/ifrs-gp-2006-08-15.xsd#ifrs-gp_IncreaseDecreaseInAvailableForSaleFinancialAssets" xlink:label="ifrs-gp_IncreaseDecreaseInAvailableForSaleFinancialAssets"/>
    <presentationArc xlink:type="arc" xlink:arcrole="http://www.xbrl.org/2003/arcrole/parent-child" xlink:from="ifrs-gp_IncreaseDecreaseInOperatingAssetsExcludingCashAndCashEquivalentsTotal" xlink:to="ifrs-gp_IncreaseDecreaseInAvailableForSaleFinancialAssets" use="optional" order="3.0"/>
    <loc xlink:type="locator" xlink:href="http://xbrl.iasb.org/int/fr/ifrs/gp/2006-08-15/ifrs-gp-2006-08-15.xsd#ifrs-gp_IncreaseDecreaseInFinancialAssetsHeldForTrading" xlink:label="ifrs-gp_IncreaseDecreaseInFinancialAssetsHeldForTrading"/>
    <presentationArc xlink:type="arc" xlink:arcrole="http://www.xbrl.org/2003/arcrole/parent-child" xlink:from="ifrs-gp_IncreaseDecreaseInOperatingAssetsExcludingCashAndCashEquivalentsTotal" xlink:to="ifrs-gp_IncreaseDecreaseInFinancialAssetsHeldForTrading" use="optional" order="4.0"/>
    <loc xlink:type="locator" xlink:href="http://xbrl.iasb.org/int/fr/ifrs/gp/2006-08-15/ifrs-gp-2006-08-15.xsd#ifrs-gp_IncreaseDecreaseInFinancialAssetsDesignatedAsFairValueThroughProfitOrLoss" xlink:label="ifrs-gp_IncreaseDecreaseInFinancialAssetsDesignatedAsFairValueThroughProfitOrLoss"/>
    <presentationArc xlink:type="arc" xlink:arcrole="http://www.xbrl.org/2003/arcrole/parent-child" xlink:from="ifrs-gp_IncreaseDecreaseInOperatingAssetsExcludingCashAndCashEquivalentsTotal" xlink:to="ifrs-gp_IncreaseDecreaseInFinancialAssetsDesignatedAsFairValueThroughProfitOrLoss" use="optional" order="5.0"/>
    <loc xlink:type="locator" xlink:href="http://xbrl.iasb.org/int/fr/ifrs/gp/2006-08-15/ifrs-gp-2006-08-15.xsd#ifrs-gp_IncreaseDecreaseInHedgingAssets" xlink:label="ifrs-gp_IncreaseDecreaseInHedgingAssets"/>
    <presentationArc xlink:type="arc" xlink:arcrole="http://www.xbrl.org/2003/arcrole/parent-child" xlink:from="ifrs-gp_IncreaseDecreaseInOperatingAssetsExcludingCashAndCashEquivalentsTotal" xlink:to="ifrs-gp_IncreaseDecreaseInHedgingAssets" use="optional" order="6.0"/>
    <loc xlink:type="locator" xlink:href="http://xbrl.iasb.org/int/fr/ifrs/gp/2006-08-15/ifrs-gp-2006-08-15.xsd#ifrs-gp_IncreaseDecreaseInNonCurrentAssetsHeldForSaleAndDiscontinuedOperations" xlink:label="ifrs-gp_IncreaseDecreaseInNonCurrentAssetsHeldForSaleAndDiscontinuedOperations"/>
    <presentationArc xlink:type="arc" xlink:arcrole="http://www.xbrl.org/2003/arcrole/parent-child" xlink:from="ifrs-gp_IncreaseDecreaseInOperatingAssetsExcludingCashAndCashEquivalentsTotal" xlink:to="ifrs-gp_IncreaseDecreaseInNonCurrentAssetsHeldForSaleAndDiscontinuedOperations" use="optional" order="7.0"/>
    <loc xlink:type="locator" xlink:href="p-FINREP-2008-01-01.xsd#p-FINREP_IncreaseDecreaseInOtherAssetsDefinitionBalanceSheet" xlink:label="p-FINREP_IncreaseDecreaseInOtherAssetsDefinitionBalanceSheet"/>
    <presentationArc xlink:type="arc" xlink:arcrole="http://www.xbrl.org/2003/arcrole/parent-child" xlink:from="ifrs-gp_IncreaseDecreaseInOperatingAssetsExcludingCashAndCashEquivalentsTotal" xlink:to="p-FINREP_IncreaseDecreaseInOtherAssetsDefinitionBalanceSheet" use="optional" order="8.0"/>
    <loc xlink:type="locator" xlink:href="http://xbrl.iasb.org/int/fr/ifrs/gp/2006-08-15/ifrs-gp-2006-08-15.xsd#ifrs-gp_IncreaseDecreaseInOperatingLiabilitiesExcludingCashAndCashEquivalentsTotal" xlink:label="ifrs-gp_IncreaseDecreaseInOperatingLiabilitiesExcludingCashAndCashEquivalentsTotal"/>
    <presentationArc xlink:type="arc" xlink:arcrole="http://www.xbrl.org/2003/arcrole/parent-child" xlink:from="ifrs-gp_IncreaseDecreaseInWorkingCapitalNet" xlink:to="ifrs-gp_IncreaseDecreaseInOperatingLiabilitiesExcludingCashAndCashEquivalentsTotal" use="optional" order="2.0"/>
    <loc xlink:type="locator" xlink:href="http://xbrl.iasb.org/int/fr/ifrs/gp/2006-08-15/ifrs-gp-2006-08-15.xsd#ifrs-gp_IncreaseDecreaseInAdvancesFromCentralBanks" xlink:label="ifrs-gp_IncreaseDecreaseInAdvancesFromCentralBanks"/>
    <presentationArc xlink:type="arc" xlink:arcrole="http://www.xbrl.org/2003/arcrole/parent-child" xlink:from="ifrs-gp_IncreaseDecreaseInOperatingLiabilitiesExcludingCashAndCashEquivalentsTotal" xlink:to="ifrs-gp_IncreaseDecreaseInAdvancesFromCentralBanks" use="optional" order="1.0"/>
    <loc xlink:type="locator" xlink:href="http://xbrl.iasb.org/int/fr/ifrs/gp/2006-08-15/ifrs-gp-2006-08-15.xsd#ifrs-gp_IncreaseDecreaseInDepositsFromBanks" xlink:label="ifrs-gp_IncreaseDecreaseInDepositsFromBanks"/>
    <presentationArc xlink:type="arc" xlink:arcrole="http://www.xbrl.org/2003/arcrole/parent-child" xlink:from="ifrs-gp_IncreaseDecreaseInOperatingLiabilitiesExcludingCashAndCashEquivalentsTotal" xlink:to="ifrs-gp_IncreaseDecreaseInDepositsFromBanks" use="optional" order="2.0"/>
    <loc xlink:type="locator" xlink:href="http://xbrl.iasb.org/int/fr/ifrs/gp/2006-08-15/ifrs-gp-2006-08-15.xsd#ifrs-gp_IncreaseDecreaseInDepositsFromCustomers" xlink:label="ifrs-gp_IncreaseDecreaseInDepositsFromCustomers"/>
    <presentationArc xlink:type="arc" xlink:arcrole="http://www.xbrl.org/2003/arcrole/parent-child" xlink:from="ifrs-gp_IncreaseDecreaseInOperatingLiabilitiesExcludingCashAndCashEquivalentsTotal" xlink:to="ifrs-gp_IncreaseDecreaseInDepositsFromCustomers" use="optional" order="3.0"/>
    <loc xlink:type="locator" xlink:href="http://xbrl.iasb.org/int/fr/ifrs/gp/2006-08-15/ifrs-gp-2006-08-15.xsd#ifrs-gp_IncreaseDecreaseInDebenturesAndDebtCertificates" xlink:label="ifrs-gp_IncreaseDecreaseInDebenturesAndDebtCertificates"/>
    <presentationArc xlink:type="arc" xlink:arcrole="http://www.xbrl.org/2003/arcrole/parent-child" xlink:from="ifrs-gp_IncreaseDecreaseInOperatingLiabilitiesExcludingCashAndCashEquivalentsTotal" xlink:to="ifrs-gp_IncreaseDecreaseInDebenturesAndDebtCertificates" use="optional" order="4.0"/>
    <loc xlink:type="locator" xlink:href="http://xbrl.iasb.org/int/fr/ifrs/gp/2006-08-15/ifrs-gp-2006-08-15.xsd#ifrs-gp_IncreaseDecreaseInFinancialLiabilitiesHeldForTrading" xlink:label="ifrs-gp_IncreaseDecreaseInFinancialLiabilitiesHeldForTrading"/>
    <presentationArc xlink:type="arc" xlink:arcrole="http://www.xbrl.org/2003/arcrole/parent-child" xlink:from="ifrs-gp_IncreaseDecreaseInOperatingLiabilitiesExcludingCashAndCashEquivalentsTotal" xlink:to="ifrs-gp_IncreaseDecreaseInFinancialLiabilitiesHeldForTrading" use="optional" order="5.0"/>
    <loc xlink:type="locator" xlink:href="http://xbrl.iasb.org/int/fr/ifrs/gp/2006-08-15/ifrs-gp-2006-08-15.xsd#ifrs-gp_IncreaseDecreaseInFinancialLiabilitiesDesignatedAsFairValueThroughProfitOrLoss" xlink:label="ifrs-gp_IncreaseDecreaseInFinancialLiabilitiesDesignatedAsFairValueThroughProfitOrLoss"/>
    <presentationArc xlink:type="arc" xlink:arcrole="http://www.xbrl.org/2003/arcrole/parent-child" xlink:from="ifrs-gp_IncreaseDecreaseInOperatingLiabilitiesExcludingCashAndCashEquivalentsTotal" xlink:to="ifrs-gp_IncreaseDecreaseInFinancialLiabilitiesDesignatedAsFairValueThroughProfitOrLoss" use="optional" order="6.0"/>
    <loc xlink:type="locator" xlink:href="http://xbrl.iasb.org/int/fr/ifrs/gp/2006-08-15/ifrs-gp-2006-08-15.xsd#ifrs-gp_IncreaseDecreaseInHedgingLiabilities" xlink:label="ifrs-gp_IncreaseDecreaseInHedgingLiabilities"/>
    <presentationArc xlink:type="arc" xlink:arcrole="http://www.xbrl.org/2003/arcrole/parent-child" xlink:from="ifrs-gp_IncreaseDecreaseInOperatingLiabilitiesExcludingCashAndCashEquivalentsTotal" xlink:to="ifrs-gp_IncreaseDecreaseInHedgingLiabilities" use="optional" order="7.0"/>
    <loc xlink:type="locator" xlink:href="p-FINREP-2008-01-01.xsd#p-FINREP_IncreaseDecreaseInOtherLiabilitiesDefinitionBalanceSheet" xlink:label="p-FINREP_IncreaseDecreaseInOtherLiabilitiesDefinitionBalanceSheet"/>
    <presentationArc xlink:type="arc" xlink:arcrole="http://www.xbrl.org/2003/arcrole/parent-child" xlink:from="ifrs-gp_IncreaseDecreaseInOperatingLiabilitiesExcludingCashAndCashEquivalentsTotal" xlink:to="p-FINREP_IncreaseDecreaseInOtherLiabilitiesDefinitionBalanceSheet" use="optional" order="9.0"/>
    <loc xlink:type="locator" xlink:href="p-FINREP-2008-01-01.xsd#p-FINREP_IncreaseDecreaseInOtherFinancialLiabilities" xlink:label="IncreaseDecreaseInOtherFinancialLiabilities" xlink:title="IncreaseDecreaseInOtherFinancialLiabilities"/>
    <presentationArc xlink:type="arc" xlink:arcrole="http://www.xbrl.org/2003/arcrole/parent-child" xlink:from="ifrs-gp_IncreaseDecreaseInOperatingLiabilitiesExcludingCashAndCashEquivalentsTotal" xlink:to="IncreaseDecreaseInOtherFinancialLiabilities" xlink:title="presentation: IncreaseDecreaseInOperatingLiabilitiesExcludingCashAndCashEquivalentsTotal to IncreaseDecreaseInOtherFinancialLiabilities" order="8.0"/>
    <loc xlink:type="locator" xlink:href="http://xbrl.iasb.org/int/fr/ifrs/gp/2006-08-15/ifrs-gp-2006-08-15.xsd#ifrs-gp_CashFlowsFromUsedInOperationsTotal" xlink:label="ifrs-gp_CashFlowsFromUsedInOperationsTotal"/>
    <presentationArc xlink:type="arc" xlink:arcrole="http://www.xbrl.org/2003/arcrole/parent-child" xlink:from="p-FINREP_CashFlowStatementOperatingActivitiesPresentation" xlink:to="ifrs-gp_CashFlowsFromUsedInOperationsTotal" use="optional" order="2.0"/>
    <loc xlink:type="locator" xlink:href="p-FINREP-2008-01-01.xsd#p-FINREP_IncomeTaxPaidRefunded" xlink:label="p-FINREP_IncomeTaxPaidRefunded"/>
    <presentationArc xlink:type="arc" xlink:arcrole="http://www.xbrl.org/2003/arcrole/parent-child" xlink:from="p-FINREP_CashFlowStatementOperatingActivitiesPresentation" xlink:to="p-FINREP_IncomeTaxPaidRefunded" use="optional" order="3.0"/>
    <loc xlink:type="locator" xlink:href="http://xbrl.iasb.org/int/fr/ifrs/gp/2006-08-15/ifrs-gp-2006-08-15.xsd#ifrs-gp_NetCashFlowsFromUsedInOperatingActivities" xlink:label="ifrs-gp_NetCashFlowsFromUsedInOperatingActivities"/>
    <presentationArc xlink:type="arc" xlink:arcrole="http://www.xbrl.org/2003/arcrole/parent-child" xlink:from="p-FINREP_CashFlowStatementOperatingActivitiesPresentation" xlink:to="ifrs-gp_NetCashFlowsFromUsedInOperatingActivities" use="optional" order="4.0"/>
    <loc xlink:type="locator" xlink:href="p-FINREP-2008-01-01.xsd#p-FINREP_CashFlowStatementInvestingActivitiesPresentation" xlink:label="p-FINREP_CashFlowStatementInvestingActivitiesPresentation"/>
    <presentationArc xlink:type="arc" xlink:arcrole="http://www.xbrl.org/2003/arcrole/parent-child" xlink:from="ifrs-gp_CashFlowStatementPresentation" xlink:to="p-FINREP_CashFlowStatementInvestingActivitiesPresentation" use="optional" order="2.0"/>
    <loc xlink:type="locator" xlink:href="p-FINREP-2008-01-01.xsd#p-FINREP_CashPaymentsToAcquireTangibleAssets" xlink:label="p-FINREP_CashPaymentsToAcquireTangibleAssets"/>
    <presentationArc xlink:type="arc" xlink:arcrole="http://www.xbrl.org/2003/arcrole/parent-child" xlink:from="p-FINREP_CashFlowStatementInvestingActivitiesPresentation" xlink:to="p-FINREP_CashPaymentsToAcquireTangibleAssets" use="optional" order="1.0"/>
    <loc xlink:type="locator" xlink:href="p-FINREP-2008-01-01.xsd#p-FINREP_CashReceiptsFromTheSaleOfTangibleAssets" xlink:label="p-FINREP_CashReceiptsFromTheSaleOfTangibleAssets"/>
    <presentationArc xlink:type="arc" xlink:arcrole="http://www.xbrl.org/2003/arcrole/parent-child" xlink:from="p-FINREP_CashFlowStatementInvestingActivitiesPresentation" xlink:to="p-FINREP_CashReceiptsFromTheSaleOfTangibleAssets" use="optional" order="2.0"/>
    <loc xlink:type="locator" xlink:href="http://xbrl.iasb.org/int/fr/ifrs/gp/2006-08-15/ifrs-gp-2006-08-15.xsd#ifrs-gp_PaymentsToAcquireIntangibleAssets" xlink:label="ifrs-gp_PaymentsToAcquireIntangibleAssets"/>
    <presentationArc xlink:type="arc" xlink:arcrole="http://www.xbrl.org/2003/arcrole/parent-child" xlink:from="p-FINREP_CashFlowStatementInvestingActivitiesPresentation" xlink:to="ifrs-gp_PaymentsToAcquireIntangibleAssets" use="optional" order="3.0"/>
    <loc xlink:type="locator" xlink:href="http://xbrl.iasb.org/int/fr/ifrs/gp/2006-08-15/ifrs-gp-2006-08-15.xsd#ifrs-gp_ProceedsFromDisposalOfIntangibleAssets" xlink:label="ifrs-gp_ProceedsFromDisposalOfIntangibleAssets"/>
    <presentationArc xlink:type="arc" xlink:arcrole="http://www.xbrl.org/2003/arcrole/parent-child" xlink:from="p-FINREP_CashFlowStatementInvestingActivitiesPresentation" xlink:to="ifrs-gp_ProceedsFromDisposalOfIntangibleAssets" use="optional" order="4.0"/>
    <loc xlink:type="locator" xlink:href="p-FINREP-2008-01-01.xsd#p-FINREP_CashPaymentsForTheInvestmentInJointVenturesAssociatesSubsidiariesNetOfCashAcquired" xlink:label="p-FINREP_CashPaymentsForTheInvestmentInJointVenturesAssociatesSubsidiariesNetOfCashAcquired"/>
    <presentationArc xlink:type="arc" xlink:arcrole="http://www.xbrl.org/2003/arcrole/parent-child" xlink:from="p-FINREP_CashFlowStatementInvestingActivitiesPresentation" xlink:to="p-FINREP_CashPaymentsForTheInvestmentInJointVenturesAssociatesSubsidiariesNetOfCashAcquired" use="optional" order="5.0"/>
    <loc xlink:type="locator" xlink:href="p-FINREP-2008-01-01.xsd#p-FINREP_CashReceiptsFromTheDisposalOfJointVenturesAssociatesSubsidiariesNetOfCashDisposed" xlink:label="p-FINREP_CashReceiptsFromTheDisposalOfJointVenturesAssociatesSubsidiariesNetOfCashDisposed"/>
    <presentationArc xlink:type="arc" xlink:arcrole="http://www.xbrl.org/2003/arcrole/parent-child" xlink:from="p-FINREP_CashFlowStatementInvestingActivitiesPresentation" xlink:to="p-FINREP_CashReceiptsFromTheDisposalOfJointVenturesAssociatesSubsidiariesNetOfCashDisposed" use="optional" order="6.0"/>
    <loc xlink:type="locator" xlink:href="http://xbrl.iasb.org/int/fr/ifrs/gp/2006-08-15/ifrs-gp-2006-08-15.xsd#ifrs-gp_PaymentsToAcquireNonCurrentAssetsAndDisposalGroupsHeldForSaleAndDiscontinuedOperations" xlink:label="ifrs-gp_PaymentsToAcquireNonCurrentAssetsAndDisposalGroupsHeldForSaleAndDiscontinuedOperations"/>
    <presentationArc xlink:type="arc" xlink:arcrole="http://www.xbrl.org/2003/arcrole/parent-child" xlink:from="p-FINREP_CashFlowStatementInvestingActivitiesPresentation" xlink:to="ifrs-gp_PaymentsToAcquireNonCurrentAssetsAndDisposalGroupsHeldForSaleAndDiscontinuedOperations" use="optional" order="7.0"/>
    <loc xlink:type="locator" xlink:href="http://xbrl.iasb.org/int/fr/ifrs/gp/2006-08-15/ifrs-gp-2006-08-15.xsd#ifrs-gp_ProceedsFromDisposalOfNonCurrentAssetsHeldForSaleAndDiscontinuedOperations" xlink:label="ifrs-gp_ProceedsFromDisposalOfNonCurrentAssetsHeldForSaleAndDiscontinuedOperations"/>
    <presentationArc xlink:type="arc" xlink:arcrole="http://www.xbrl.org/2003/arcrole/parent-child" xlink:from="p-FINREP_CashFlowStatementInvestingActivitiesPresentation" xlink:to="ifrs-gp_ProceedsFromDisposalOfNonCurrentAssetsHeldForSaleAndDiscontinuedOperations" use="optional" order="8.0"/>
    <loc xlink:type="locator" xlink:href="http://xbrl.iasb.org/int/fr/ifrs/gp/2006-08-15/ifrs-gp-2006-08-15.xsd#ifrs-gp_PaymentsToAcquireHeldToMaturityInvestments" xlink:label="ifrs-gp_PaymentsToAcquireHeldToMaturityInvestments"/>
    <presentationArc xlink:type="arc" xlink:arcrole="http://www.xbrl.org/2003/arcrole/parent-child" xlink:from="p-FINREP_CashFlowStatementInvestingActivitiesPresentation" xlink:to="ifrs-gp_PaymentsToAcquireHeldToMaturityInvestments" use="optional" order="9.0"/>
    <loc xlink:type="locator" xlink:href="http://xbrl.iasb.org/int/fr/ifrs/gp/2006-08-15/ifrs-gp-2006-08-15.xsd#ifrs-gp_ProceedsFromDisposalOfHeldToMaturityInvestments" xlink:label="ifrs-gp_ProceedsFromDisposalOfHeldToMaturityInvestments"/>
    <presentationArc xlink:type="arc" xlink:arcrole="http://www.xbrl.org/2003/arcrole/parent-child" xlink:from="p-FINREP_CashFlowStatementInvestingActivitiesPresentation" xlink:to="ifrs-gp_ProceedsFromDisposalOfHeldToMaturityInvestments" use="optional" order="10.0"/>
    <loc xlink:type="locator" xlink:href="p-FINREP-2008-01-01.xsd#p-FINREP_OtherCashPaymentsRelatedToInvestingActivities" xlink:label="p-FINREP_OtherCashPaymentsRelatedToInvestingActivities"/>
    <presentationArc xlink:type="arc" xlink:arcrole="http://www.xbrl.org/2003/arcrole/parent-child" xlink:from="p-FINREP_CashFlowStatementInvestingActivitiesPresentation" xlink:to="p-FINREP_OtherCashPaymentsRelatedToInvestingActivities" use="optional" order="11.0"/>
    <loc xlink:type="locator" xlink:href="p-FINREP-2008-01-01.xsd#p-FINREP_OtherCashReceiptsRelatedToInvestingActivities" xlink:label="p-FINREP_OtherCashReceiptsRelatedToInvestingActivities"/>
    <presentationArc xlink:type="arc" xlink:arcrole="http://www.xbrl.org/2003/arcrole/parent-child" xlink:from="p-FINREP_CashFlowStatementInvestingActivitiesPresentation" xlink:to="p-FINREP_OtherCashReceiptsRelatedToInvestingActivities" use="optional" order="12.0"/>
    <loc xlink:type="locator" xlink:href="http://xbrl.iasb.org/int/fr/ifrs/gp/2006-08-15/ifrs-gp-2006-08-15.xsd#ifrs-gp_NetCashFlowsFromUsedInInvestingActivities" xlink:label="ifrs-gp_NetCashFlowsFromUsedInInvestingActivities"/>
    <presentationArc xlink:type="arc" xlink:arcrole="http://www.xbrl.org/2003/arcrole/parent-child" xlink:from="p-FINREP_CashFlowStatementInvestingActivitiesPresentation" xlink:to="ifrs-gp_NetCashFlowsFromUsedInInvestingActivities" use="optional" order="13.0"/>
    <loc xlink:type="locator" xlink:href="p-FINREP-2008-01-01.xsd#p-FINREP_CashFlowStatementFinancingActivitiesPresentation" xlink:label="p-FINREP_CashFlowStatementFinancingActivitiesPresentation"/>
    <presentationArc xlink:type="arc" xlink:arcrole="http://www.xbrl.org/2003/arcrole/parent-child" xlink:from="ifrs-gp_CashFlowStatementPresentation" xlink:to="p-FINREP_CashFlowStatementFinancingActivitiesPresentation" use="optional" order="3.0"/>
    <loc xlink:type="locator" xlink:href="p-FINREP-2008-01-01.xsd#p-FINREP_DividendsPaid" xlink:label="p-FINREP_DividendsPaid"/>
    <presentationArc xlink:type="arc" xlink:arcrole="http://www.xbrl.org/2003/arcrole/parent-child" xlink:from="p-FINREP_CashFlowStatementFinancingActivitiesPresentation" xlink:to="p-FINREP_DividendsPaid" use="optional" order="1.0"/>
    <loc xlink:type="locator" xlink:href="http://xbrl.iasb.org/int/fr/ifrs/gp/2006-08-15/ifrs-gp-2006-08-15.xsd#ifrs-gp_ProceedsFromSubordinatedLiabilities" xlink:label="ifrs-gp_ProceedsFromSubordinatedLiabilities"/>
    <presentationArc xlink:type="arc" xlink:arcrole="http://www.xbrl.org/2003/arcrole/parent-child" xlink:from="p-FINREP_CashFlowStatementFinancingActivitiesPresentation" xlink:to="ifrs-gp_ProceedsFromSubordinatedLiabilities" use="optional" order="2.0"/>
    <loc xlink:type="locator" xlink:href="http://xbrl.iasb.org/int/fr/ifrs/gp/2006-08-15/ifrs-gp-2006-08-15.xsd#ifrs-gp_RepaymentOfSubordinatedLiabilities" xlink:label="ifrs-gp_RepaymentOfSubordinatedLiabilities"/>
    <presentationArc xlink:type="arc" xlink:arcrole="http://www.xbrl.org/2003/arcrole/parent-child" xlink:from="p-FINREP_CashFlowStatementFinancingActivitiesPresentation" xlink:to="ifrs-gp_RepaymentOfSubordinatedLiabilities" use="optional" order="3.0"/>
    <loc xlink:type="locator" xlink:href="p-FINREP-2008-01-01.xsd#p-FINREP_CashPaymentsToRedeemSharesOrOtherEquityInstruments" xlink:label="p-FINREP_CashPaymentsToRedeemSharesOrOtherEquityInstruments"/>
    <presentationArc xlink:type="arc" xlink:arcrole="http://www.xbrl.org/2003/arcrole/parent-child" xlink:from="p-FINREP_CashFlowStatementFinancingActivitiesPresentation" xlink:to="p-FINREP_CashPaymentsToRedeemSharesOrOtherEquityInstruments" use="optional" order="4.0"/>
    <loc xlink:type="locator" xlink:href="http://xbrl.iasb.org/int/fr/ifrs/gp/2006-08-15/ifrs-gp-2006-08-15.xsd#ifrs-gp_ProceedsFromIssuanceOfEquityInstruments" xlink:label="ifrs-gp_ProceedsFromIssuanceOfEquityInstruments"/>
    <presentationArc xlink:type="arc" xlink:arcrole="http://www.xbrl.org/2003/arcrole/parent-child" xlink:from="p-FINREP_CashFlowStatementFinancingActivitiesPresentation" xlink:to="ifrs-gp_ProceedsFromIssuanceOfEquityInstruments" use="optional" order="5.0"/>
    <loc xlink:type="locator" xlink:href="http://xbrl.iasb.org/int/fr/ifrs/gp/2006-08-15/ifrs-gp-2006-08-15.xsd#ifrs-gp_PurchaseOfTreasuryShares" xlink:label="ifrs-gp_PurchaseOfTreasuryShares"/>
    <presentationArc xlink:type="arc" xlink:arcrole="http://www.xbrl.org/2003/arcrole/parent-child" xlink:from="p-FINREP_CashFlowStatementFinancingActivitiesPresentation" xlink:to="ifrs-gp_PurchaseOfTreasuryShares" use="optional" order="6.0"/>
    <loc xlink:type="locator" xlink:href="http://xbrl.iasb.org/int/fr/ifrs/gp/2006-08-15/ifrs-gp-2006-08-15.xsd#ifrs-gp_ProceedsFromIssuanceOfTreasuryShares" xlink:label="ifrs-gp_ProceedsFromIssuanceOfTreasuryShares"/>
    <presentationArc xlink:type="arc" xlink:arcrole="http://www.xbrl.org/2003/arcrole/parent-child" xlink:from="p-FINREP_CashFlowStatementFinancingActivitiesPresentation" xlink:to="ifrs-gp_ProceedsFromIssuanceOfTreasuryShares" use="optional" order="7.0"/>
    <loc xlink:type="locator" xlink:href="p-FINREP-2008-01-01.xsd#p-FINREP_OtherCashProceedsRelatedToFinancingActivities" xlink:label="p-FINREP_OtherCashProceedsRelatedToFinancingActivities"/>
    <presentationArc xlink:type="arc" xlink:arcrole="http://www.xbrl.org/2003/arcrole/parent-child" xlink:from="p-FINREP_CashFlowStatementFinancingActivitiesPresentation" xlink:to="p-FINREP_OtherCashProceedsRelatedToFinancingActivities" use="optional" order="8.0"/>
    <loc xlink:type="locator" xlink:href="p-FINREP-2008-01-01.xsd#p-FINREP_OtherCashPaymentsRelatedToFinancingActivities" xlink:label="p-FINREP_OtherCashPaymentsRelatedToFinancingActivities"/>
    <presentationArc xlink:type="arc" xlink:arcrole="http://www.xbrl.org/2003/arcrole/parent-child" xlink:from="p-FINREP_CashFlowStatementFinancingActivitiesPresentation" xlink:to="p-FINREP_OtherCashPaymentsRelatedToFinancingActivities" use="optional" order="9.0"/>
    <loc xlink:type="locator" xlink:href="http://xbrl.iasb.org/int/fr/ifrs/gp/2006-08-15/ifrs-gp-2006-08-15.xsd#ifrs-gp_NetCashFlowsFromUsedInFinancingActivities" xlink:label="ifrs-gp_NetCashFlowsFromUsedInFinancingActivities"/>
    <presentationArc xlink:type="arc" xlink:arcrole="http://www.xbrl.org/2003/arcrole/parent-child" xlink:from="p-FINREP_CashFlowStatementFinancingActivitiesPresentation" xlink:to="ifrs-gp_NetCashFlowsFromUsedInFinancingActivities" use="optional" order="10.0"/>
    <loc xlink:type="locator" xlink:href="http://xbrl.iasb.org/int/fr/ifrs/gp/2006-08-15/ifrs-gp-2006-08-15.xsd#ifrs-gp_EffectOfExchangeRateChangesOnCashAndCashEquivalents" xlink:label="ifrs-gp_EffectOfExchangeRateChangesOnCashAndCashEquivalents"/>
    <presentationArc xlink:type="arc" xlink:arcrole="http://www.xbrl.org/2003/arcrole/parent-child" xlink:from="ifrs-gp_CashFlowStatementPresentation" xlink:to="ifrs-gp_EffectOfExchangeRateChangesOnCashAndCashEquivalents" use="optional" order="4.0"/>
    <loc xlink:type="locator" xlink:href="http://xbrl.iasb.org/int/fr/ifrs/gp/2006-08-15/ifrs-gp-2006-08-15.xsd#ifrs-gp_NetIncreaseDecreaseInCashAndCashEquivalents" xlink:label="ifrs-gp_NetIncreaseDecreaseInCashAndCashEquivalents"/>
    <presentationArc xlink:type="arc" xlink:arcrole="http://www.xbrl.org/2003/arcrole/parent-child" xlink:from="ifrs-gp_CashFlowStatementPresentation" xlink:to="ifrs-gp_NetIncreaseDecreaseInCashAndCashEquivalents" use="optional" order="5.0"/>
    <loc xlink:type="locator" xlink:href="http://xbrl.iasb.org/int/fr/ifrs/gp/2006-08-15/ifrs-gp-2006-08-15.xsd#ifrs-gp_CashAndCashEquivalentsReportedInCashFlowStatement" xlink:label="ifrs-gp_CashAndCashEquivalentsReportedInCashFlowStatement"/>
    <presentationArc xlink:type="arc" xlink:arcrole="http://www.xbrl.org/2003/arcrole/parent-child" xlink:from="ifrs-gp_CashFlowStatementPresentation" xlink:to="ifrs-gp_CashAndCashEquivalentsReportedInCashFlowStatement" use="optional" order="6.0" preferredLabel="http://www.xbrl.org/2003/role/periodStartLabel"/>
    <loc xlink:type="locator" xlink:href="p-FINREP-2008-01-01.xsd#p-FINREP_CashFlowStatementComponentsOfCashAndCashEquivalentsPresentation" xlink:label="p-FINREP_CashFlowStatementComponentsOfCashAndCashEquivalentsPresentation"/>
    <presentationArc xlink:type="arc" xlink:arcrole="http://www.xbrl.org/2003/arcrole/parent-child" xlink:from="ifrs-gp_CashFlowStatementPresentation" xlink:to="p-FINREP_CashFlowStatementComponentsOfCashAndCashEquivalentsPresentation" use="optional" order="8.0"/>
    <loc xlink:type="locator" xlink:href="http://xbrl.iasb.org/int/fr/ifrs/gp/2006-08-15/ifrs-gp-2006-08-15.xsd#ifrs-gp_CashOnHand" xlink:label="ifrs-gp_CashOnHand"/>
    <presentationArc xlink:type="arc" xlink:arcrole="http://www.xbrl.org/2003/arcrole/parent-child" xlink:from="p-FINREP_CashFlowStatementComponentsOfCashAndCashEquivalentsPresentation" xlink:to="ifrs-gp_CashOnHand" use="optional" order="1.0"/>
    <loc xlink:type="locator" xlink:href="p-FINREP-2008-01-01.xsd#p-FINREP_CashAndCashEquivalentsBalancesWithCentralBanks" xlink:label="p-FINREP_CashAndCashEquivalentsBalancesWithCentralBanks"/>
    <presentationArc xlink:type="arc" xlink:arcrole="http://www.xbrl.org/2003/arcrole/parent-child" xlink:from="p-FINREP_CashFlowStatementComponentsOfCashAndCashEquivalentsPresentation" xlink:to="p-FINREP_CashAndCashEquivalentsBalancesWithCentralBanks" use="optional" order="2.0"/>
    <loc xlink:type="locator" xlink:href="p-FINREP-2008-01-01.xsd#p-FINREP_CashAndCashEquivalentsFinancialAssetsHeldForTrading" xlink:label="p-FINREP_CashAndCashEquivalentsFinancialAssetsHeldForTrading"/>
    <presentationArc xlink:type="arc" xlink:arcrole="http://www.xbrl.org/2003/arcrole/parent-child" xlink:from="p-FINREP_CashFlowStatementComponentsOfCashAndCashEquivalentsPresentation" xlink:to="p-FINREP_CashAndCashEquivalentsFinancialAssetsHeldForTrading" use="optional" order="3.0"/>
    <loc xlink:type="locator" xlink:href="p-FINREP-2008-01-01.xsd#p-FINREP_CashAndCashEquivalentsFinancialAssetsDesignatedAsFairValueThroughProfitLoss" xlink:label="p-FINREP_CashAndCashEquivalentsFinancialAssetsDesignatedAsFairValueThroughProfitLoss"/>
    <presentationArc xlink:type="arc" xlink:arcrole="http://www.xbrl.org/2003/arcrole/parent-child" xlink:from="p-FINREP_CashFlowStatementComponentsOfCashAndCashEquivalentsPresentation" xlink:to="p-FINREP_CashAndCashEquivalentsFinancialAssetsDesignatedAsFairValueThroughProfitLoss" use="optional" order="4.0"/>
    <loc xlink:type="locator" xlink:href="p-FINREP-2008-01-01.xsd#p-FINREP_CashAndCashEquivalentsAvailableForSaleAssets" xlink:label="p-FINREP_CashAndCashEquivalentsAvailableForSaleAssets"/>
    <presentationArc xlink:type="arc" xlink:arcrole="http://www.xbrl.org/2003/arcrole/parent-child" xlink:from="p-FINREP_CashFlowStatementComponentsOfCashAndCashEquivalentsPresentation" xlink:to="p-FINREP_CashAndCashEquivalentsAvailableForSaleAssets" use="optional" order="5.0"/>
    <loc xlink:type="locator" xlink:href="p-FINREP-2008-01-01.xsd#p-FINREP_CashAndCashEquivalentsLoansAndReceivables" xlink:label="p-FINREP_CashAndCashEquivalentsLoansAndReceivables"/>
    <presentationArc xlink:type="arc" xlink:arcrole="http://www.xbrl.org/2003/arcrole/parent-child" xlink:from="p-FINREP_CashFlowStatementComponentsOfCashAndCashEquivalentsPresentation" xlink:to="p-FINREP_CashAndCashEquivalentsLoansAndReceivables" use="optional" order="6.0"/>
    <loc xlink:type="locator" xlink:href="p-FINREP-2008-01-01.xsd#p-FINREP_CashAndCashEquivalentsHeldToMaturityInvestments" xlink:label="p-FINREP_CashAndCashEquivalentsHeldToMaturityInvestments"/>
    <presentationArc xlink:type="arc" xlink:arcrole="http://www.xbrl.org/2003/arcrole/parent-child" xlink:from="p-FINREP_CashFlowStatementComponentsOfCashAndCashEquivalentsPresentation" xlink:to="p-FINREP_CashAndCashEquivalentsHeldToMaturityInvestments" use="optional" order="7.0"/>
    <loc xlink:type="locator" xlink:href="p-FINREP-2008-01-01.xsd#p-FINREP_CashAndCashEquivalentsOtherShortTermHighlyLiquidInvestments" xlink:label="p-FINREP_CashAndCashEquivalentsOtherShortTermHighlyLiquidInvestments"/>
    <presentationArc xlink:type="arc" xlink:arcrole="http://www.xbrl.org/2003/arcrole/parent-child" xlink:from="p-FINREP_CashFlowStatementComponentsOfCashAndCashEquivalentsPresentation" xlink:to="p-FINREP_CashAndCashEquivalentsOtherShortTermHighlyLiquidInvestments" use="optional" order="8.0"/>
    <loc xlink:type="locator" xlink:href="http://xbrl.iasb.org/int/fr/ifrs/gp/2006-08-15/ifrs-gp-2006-08-15.xsd#ifrs-gp_BankOverdraftsUsedForCashManagement" xlink:label="ifrs-gp_BankOverdraftsUsedForCashManagement"/>
    <presentationArc xlink:type="arc" xlink:arcrole="http://www.xbrl.org/2003/arcrole/parent-child" xlink:from="p-FINREP_CashFlowStatementComponentsOfCashAndCashEquivalentsPresentation" xlink:to="ifrs-gp_BankOverdraftsUsedForCashManagement" use="optional" order="9.0"/>
    <presentationArc xlink:type="arc" xlink:arcrole="http://www.xbrl.org/2003/arcrole/parent-child" xlink:from="p-FINREP_CashFlowStatementComponentsOfCashAndCashEquivalentsPresentation" xlink:to="ifrs-gp_CashAndCashEquivalentsReportedInCashFlowStatement" use="optional" order="10.0" preferredLabel="http://www.xbrl.org/2003/role/periodEndLabel"/>
    <loc xlink:type="locator" xlink:href="http://xbrl.iasb.org/int/fr/ifrs/gp/2006-08-15/ifrs-gp-2006-08-15.xsd#ifrs-gp_AmountOfSignificantCashBalancesUnavailable" xlink:label="ifrs-gp_AmountOfSignificantCashBalancesUnavailable"/>
    <presentationArc xlink:type="arc" xlink:arcrole="http://www.xbrl.org/2003/arcrole/parent-child" xlink:from="p-FINREP_CashFlowStatementComponentsOfCashAndCashEquivalentsPresentation" xlink:to="ifrs-gp_AmountOfSignificantCashBalancesUnavailable" use="optional" order="11.0"/>
    <loc xlink:type="locator" xlink:href="p-FINREP-2008-01-01.xsd#p-FINREP_AggregateUndrawnBorrowingFacilitiesWithBreakdownIfMaterial" xlink:label="p-FINREP_AggregateUndrawnBorrowingFacilitiesWithBreakdownIfMaterial"/>
    <presentationArc xlink:type="arc" xlink:arcrole="http://www.xbrl.org/2003/arcrole/parent-child" xlink:from="p-FINREP_CashFlowStatementComponentsOfCashAndCashEquivalentsPresentation" xlink:to="p-FINREP_AggregateUndrawnBorrowingFacilitiesWithBreakdownIfMaterial" use="optional" order="12.0"/>
    <loc xlink:type="locator" xlink:href="p-FINREP-2008-01-01.xsd#p-FINREP_CashFlowStatementSupplementalDisclosuresOfOperatingCashFlowInformationPresentation" xlink:label="p-FINREP_CashFlowStatementSupplementalDisclosuresOfOperatingCashFlowInformationPresentation"/>
    <presentationArc xlink:type="arc" xlink:arcrole="http://www.xbrl.org/2003/arcrole/parent-child" xlink:from="ifrs-gp_CashFlowStatementPresentation" xlink:to="p-FINREP_CashFlowStatementSupplementalDisclosuresOfOperatingCashFlowInformationPresentation" use="optional" order="9.0"/>
    <loc xlink:type="locator" xlink:href="http://xbrl.iasb.org/int/fr/ifrs/gp/2006-08-15/ifrs-gp-2006-08-15.xsd#ifrs-gp_ReceiptsFromInterestIncomeAndOtherSimilarReceipts" xlink:label="ifrs-gp_ReceiptsFromInterestIncomeAndOtherSimilarReceipts"/>
    <presentationArc xlink:type="arc" xlink:arcrole="http://www.xbrl.org/2003/arcrole/parent-child" xlink:from="p-FINREP_CashFlowStatementSupplementalDisclosuresOfOperatingCashFlowInformationPresentation" xlink:to="ifrs-gp_ReceiptsFromInterestIncomeAndOtherSimilarReceipts" use="optional" order="1.0"/>
    <loc xlink:type="locator" xlink:href="p-FINREP-2008-01-01.xsd#p-FINREP_DividendIncomeReceived" xlink:label="p-FINREP_DividendIncomeReceived"/>
    <presentationArc xlink:type="arc" xlink:arcrole="http://www.xbrl.org/2003/arcrole/parent-child" xlink:from="p-FINREP_CashFlowStatementSupplementalDisclosuresOfOperatingCashFlowInformationPresentation" xlink:to="p-FINREP_DividendIncomeReceived" use="optional" order="2.0"/>
    <loc xlink:type="locator" xlink:href="http://xbrl.iasb.org/int/fr/ifrs/gp/2006-08-15/ifrs-gp-2006-08-15.xsd#ifrs-gp_PaymentsForInterest" xlink:label="ifrs-gp_PaymentsForInterest"/>
    <presentationArc xlink:type="arc" xlink:arcrole="http://www.xbrl.org/2003/arcrole/parent-child" xlink:from="p-FINREP_CashFlowStatementSupplementalDisclosuresOfOperatingCashFlowInformationPresentation" xlink:to="ifrs-gp_PaymentsForInterest" use="optional" order="3.0"/>
    <loc xlink:type="locator" xlink:href="p-FINREP-2008-01-01.xsd#p-FINREP_CashFlowStatementSupplementalDisclosuresOfAcquisitionsDisposalsOfSubsidiariesPresentation" xlink:label="p-FINREP_CashFlowStatementSupplementalDisclosuresOfAcquisitionsDisposalsOfSubsidiariesPresentation"/>
    <presentationArc xlink:type="arc" xlink:arcrole="http://www.xbrl.org/2003/arcrole/parent-child" xlink:from="ifrs-gp_CashFlowStatementPresentation" xlink:to="p-FINREP_CashFlowStatementSupplementalDisclosuresOfAcquisitionsDisposalsOfSubsidiariesPresentation" use="optional" order="10.0"/>
    <loc xlink:type="locator" xlink:href="p-FINREP-2008-01-01.xsd#p-FINREP_AggregateAmountOfPurchaseConsiderationPaidToAcquireEntitiesDisposalConsiderationReceivedInDisposalOfEntitiesNet" xlink:label="p-FINREP_AggregateAmountOfPurchaseConsiderationPaidToAcquireEntitiesDisposalConsiderationReceivedInDisposalOfEntitiesNet"/>
    <presentationArc xlink:type="arc" xlink:arcrole="http://www.xbrl.org/2003/arcrole/parent-child" xlink:from="p-FINREP_CashFlowStatementSupplementalDisclosuresOfAcquisitionsDisposalsOfSubsidiariesPresentation" xlink:to="p-FINREP_AggregateAmountOfPurchaseConsiderationPaidToAcquireEntitiesDisposalConsiderationReceivedInDisposalOfEntitiesNet" use="optional" order="1.0"/>
    <loc xlink:type="locator" xlink:href="p-FINREP-2008-01-01.xsd#p-FINREP_AggregateAmountOfPurchaseConsiderationPaidDisposalConsiderationReceivedByMeansOfCashAndCashEquivalents" xlink:label="p-FINREP_AggregateAmountOfPurchaseConsiderationPaidDisposalConsiderationReceivedByMeansOfCashAndCashEquivalents"/>
    <presentationArc xlink:type="arc" xlink:arcrole="http://www.xbrl.org/2003/arcrole/parent-child" xlink:from="p-FINREP_CashFlowStatementSupplementalDisclosuresOfAcquisitionsDisposalsOfSubsidiariesPresentation" xlink:to="p-FINREP_AggregateAmountOfPurchaseConsiderationPaidDisposalConsiderationReceivedByMeansOfCashAndCashEquivalents" use="optional" order="2.0"/>
    <loc xlink:type="locator" xlink:href="p-FINREP-2008-01-01.xsd#p-FINREP_AggregateAmountOfCashAndCashEquivalentsInEntitiesAcquiredDisposed" xlink:label="p-FINREP_AggregateAmountOfCashAndCashEquivalentsInEntitiesAcquiredDisposed"/>
    <presentationArc xlink:type="arc" xlink:arcrole="http://www.xbrl.org/2003/arcrole/parent-child" xlink:from="p-FINREP_CashFlowStatementSupplementalDisclosuresOfAcquisitionsDisposalsOfSubsidiariesPresentation" xlink:to="p-FINREP_AggregateAmountOfCashAndCashEquivalentsInEntitiesAcquiredDisposed" use="optional" order="3.0"/>
    <loc xlink:type="locator" xlink:href="p-FINREP-2008-01-01.xsd#p-FINREP_AggregateAmountOfAssetsAndLiabilitiesOtherThanCashOrCashEquivalentsInEntitiesAcquiredDisposed" xlink:label="p-FINREP_AggregateAmountOfAssetsAndLiabilitiesOtherThanCashOrCashEquivalentsInEntitiesAcquiredDisposed"/>
    <presentationArc xlink:type="arc" xlink:arcrole="http://www.xbrl.org/2003/arcrole/parent-child" xlink:from="p-FINREP_CashFlowStatementSupplementalDisclosuresOfAcquisitionsDisposalsOfSubsidiariesPresentation" xlink:to="p-FINREP_AggregateAmountOfAssetsAndLiabilitiesOtherThanCashOrCashEquivalentsInEntitiesAcquiredDisposed" use="optional" order="4.0"/>
    <loc xlink:type="locator" xlink:href="p-FINREP-2008-01-01.xsd#p-FINREP_CashFlowStatementNonCashFinancingAndInvestingActivitiesPresentation" xlink:label="p-FINREP_CashFlowStatementNonCashFinancingAndInvestingActivitiesPresentation"/>
    <presentationArc xlink:type="arc" xlink:arcrole="http://www.xbrl.org/2003/arcrole/parent-child" xlink:from="ifrs-gp_CashFlowStatementPresentation" xlink:to="p-FINREP_CashFlowStatementNonCashFinancingAndInvestingActivitiesPresentation" use="optional" order="11.0"/>
    <loc xlink:type="locator" xlink:href="p-FINREP-2008-01-01.xsd#p-FINREP_AcquisitionOfAssetsByAssumingDirectlyRelatedLiabilitiesOrByMeansOfAFinanceLease" xlink:label="p-FINREP_AcquisitionOfAssetsByAssumingDirectlyRelatedLiabilitiesOrByMeansOfAFinanceLease"/>
    <presentationArc xlink:type="arc" xlink:arcrole="http://www.xbrl.org/2003/arcrole/parent-child" xlink:from="p-FINREP_CashFlowStatementNonCashFinancingAndInvestingActivitiesPresentation" xlink:to="p-FINREP_AcquisitionOfAssetsByAssumingDirectlyRelatedLiabilitiesOrByMeansOfAFinanceLease" use="optional" order="1.0"/>
    <loc xlink:type="locator" xlink:href="p-FINREP-2008-01-01.xsd#p-FINREP_AcquisitionOfAnEnterpriseByMeansOfAnEquityIssue" xlink:label="p-FINREP_AcquisitionOfAnEnterpriseByMeansOfAnEquityIssue"/>
    <presentationArc xlink:type="arc" xlink:arcrole="http://www.xbrl.org/2003/arcrole/parent-child" xlink:from="p-FINREP_CashFlowStatementNonCashFinancingAndInvestingActivitiesPresentation" xlink:to="p-FINREP_AcquisitionOfAnEnterpriseByMeansOfAnEquityIssue" use="optional" order="2.0"/>
    <loc xlink:type="locator" xlink:href="http://xbrl.iasb.org/int/fr/ifrs/gp/2006-08-15/ifrs-gp-2006-08-15.xsd#ifrs-gp_ConversionOfDebtToEquityTotal" xlink:label="ifrs-gp_ConversionOfDebtToEquityTotal"/>
    <presentationArc xlink:type="arc" xlink:arcrole="http://www.xbrl.org/2003/arcrole/parent-child" xlink:from="p-FINREP_CashFlowStatementNonCashFinancingAndInvestingActivitiesPresentation" xlink:to="ifrs-gp_ConversionOfDebtToEquityTotal" use="optional" order="3.0"/>
  </presentationLink>
  <presentationLink xlink:type="extended" xlink:role="http://www.c-ebs.org/eu/fr/esrs/finrep/2008-01-01/role/CashFlowStatement">
    <loc xlink:type="locator" xlink:href="http://xbrl.iasb.org/int/fr/ifrs/gp/2006-08-15/ifrs-gp-2006-08-15.xsd#ifrs-gp_CashFlowStatementPresentation" xlink:label="ifrs-gp_CashFlowStatementPresentation"/>
    <loc xlink:type="locator" xlink:href="http://xbrl.iasb.org/int/fr/ifrs/gp/2006-08-15/ifrs-gp-2006-08-15.xsd#ifrs-gp_CashAndCashEquivalentsReportedInCashFlowStatement" xlink:label="ifrs-gp_CashAndCashEquivalentsReportedInCashFlowStatement"/>
    <presentationArc xlink:type="arc" xlink:arcrole="http://www.xbrl.org/2003/arcrole/parent-child" xlink:from="ifrs-gp_CashFlowStatementPresentation" xlink:to="ifrs-gp_CashAndCashEquivalentsReportedInCashFlowStatement" use="optional" priority="1" order="7.0" preferredLabel="http://www.xbrl.org/2003/role/periodEndLabel"/>
  </presentationLink>
</linkbase>
