<?xml version="1.0" encoding="utf-8"?>
<?taxonomy-version 1.3.2?>
<!--Copyright (C) 2011 EBA - European Banking Authority, Tower 42, 25 Old Broad Street, London, EC2N 1HQ, United Kingdom.-->   
<linkbase
	xmlns="http://www.xbrl.org/2003/linkbase"
	xmlns:xsi="http://www.w3.org/2001/XMLSchema-instance"
	xmlns:xlink="http://www.w3.org/1999/xlink"
	xsi:schemaLocation=" http://www.xbrl.org/2003/linkbase http://www.xbrl.org/2003/xbrl-linkbase-2003-12-31.xsd">
  <roleRef xlink:type="simple" xlink:href="p-FINREP-2008-01-01-T16-FinancialLiabilitiesMeasuredAtAmortisedCost.xsd#FinancialLiabilitiesMeasuredAtAmortisedCost" roleURI="http://www.c-ebs.org/eu/fr/esrs/finrep/2008-01-01/role/FinancialLiabilitiesMeasuredAtAmortisedCost" />
  <presentationLink xlink:type="extended" xlink:role="http://www.c-ebs.org/eu/fr/esrs/finrep/2008-01-01/role/FinancialLiabilitiesMeasuredAtAmortisedCost">
    <loc xlink:type="locator" xlink:href="p-FINREP-2008-01-01.xsd#p-FINREP_FinancialLiabilitiesMeasuredAtAmortisedCostPresentation" xlink:label="p-FINREP_FinancialLiabilitiesMeasuredAtAmortisedCostPresentation" />
    <loc xlink:type="locator" xlink:href="http://xbrl.iasb.org/int/fr/ifrs/gp/2006-08-15/ifrs-gp-2006-08-15.xsd#ifrs-gp_DepositsWithOtherBanks" xlink:label="ifrs-gp_DepositsWithOtherBanks" />
    <presentationArc xlink:type="arc" xlink:arcrole="http://www.xbrl.org/2003/arcrole/parent-child" xlink:from="p-FINREP_FinancialLiabilitiesMeasuredAtAmortisedCostPresentation" xlink:to="ifrs-gp_DepositsWithOtherBanks" order="1" use="optional" />
    <loc xlink:type="locator" xlink:href="p-FINREP-2008-01-01.xsd#p-FINREP_DepositsWithOtherBanksCurrentAccountsOvernightDeposits" xlink:label="p-FINREP_DepositsWithOtherBanksCurrentAccountsOvernightDeposits" />
    <presentationArc xlink:type="arc" xlink:arcrole="http://www.xbrl.org/2003/arcrole/parent-child" xlink:from="ifrs-gp_DepositsWithOtherBanks" xlink:to="p-FINREP_DepositsWithOtherBanksCurrentAccountsOvernightDeposits" order="1" use="optional" />
    <loc xlink:type="locator" xlink:href="p-FINREP-2008-01-01.xsd#p-FINREP_DepositsWithOtherBanksDepositsWithAgreedMaturity" xlink:label="p-FINREP_DepositsWithOtherBanksDepositsWithAgreedMaturity" />
    <presentationArc xlink:type="arc" xlink:arcrole="http://www.xbrl.org/2003/arcrole/parent-child" xlink:from="ifrs-gp_DepositsWithOtherBanks" xlink:to="p-FINREP_DepositsWithOtherBanksDepositsWithAgreedMaturity" order="2" use="optional" />
    <loc xlink:type="locator" xlink:href="p-FINREP-2008-01-01.xsd#p-FINREP_DepositsWithOtherBanksDepositsRedeemableNotice" xlink:label="p-FINREP_DepositsWithOtherBanksDepositsRedeemableNotice" />
    <presentationArc xlink:type="arc" xlink:arcrole="http://www.xbrl.org/2003/arcrole/parent-child" xlink:from="ifrs-gp_DepositsWithOtherBanks" xlink:to="p-FINREP_DepositsWithOtherBanksDepositsRedeemableNotice" order="3" use="optional" />
    <loc xlink:type="locator" xlink:href="p-FINREP-2008-01-01.xsd#p-FINREP_DepositsWithOtherBanksOtherDeposits" xlink:label="p-FINREP_DepositsWithOtherBanksOtherDeposits" />
    <presentationArc xlink:type="arc" xlink:arcrole="http://www.xbrl.org/2003/arcrole/parent-child" xlink:from="ifrs-gp_DepositsWithOtherBanks" xlink:to="p-FINREP_DepositsWithOtherBanksOtherDeposits" order="4" use="optional" />
    <loc xlink:type="locator" xlink:href="http://xbrl.iasb.org/int/fr/ifrs/gp/2006-08-15/ifrs-gp-2006-08-15.xsd#ifrs-gp_AmountsOwedToOtherDepositors" xlink:label="ifrs-gp_AmountsOwedToOtherDepositors" />
    <presentationArc xlink:type="arc" xlink:arcrole="http://www.xbrl.org/2003/arcrole/parent-child" xlink:from="p-FINREP_FinancialLiabilitiesMeasuredAtAmortisedCostPresentation" xlink:to="ifrs-gp_AmountsOwedToOtherDepositors" order="2" use="optional" />
    <loc xlink:type="locator" xlink:href="p-FINREP-2008-01-01.xsd#p-FINREP_AmountsOwedToOtherDepositorsCurrentAccountsOvernightDeposits" xlink:label="p-FINREP_AmountsOwedToOtherDepositorsCurrentAccountsOvernightDeposits" />
    <presentationArc xlink:type="arc" xlink:arcrole="http://www.xbrl.org/2003/arcrole/parent-child" xlink:from="ifrs-gp_AmountsOwedToOtherDepositors" xlink:to="p-FINREP_AmountsOwedToOtherDepositorsCurrentAccountsOvernightDeposits" order="1" use="optional" />
    <loc xlink:type="locator" xlink:href="p-FINREP-2008-01-01.xsd#p-FINREP_AmountsOwedToOtherDepositorsDepositsWithAgreedMaturity" xlink:label="p-FINREP_AmountsOwedToOtherDepositorsDepositsWithAgreedMaturity" />
    <presentationArc xlink:type="arc" xlink:arcrole="http://www.xbrl.org/2003/arcrole/parent-child" xlink:from="ifrs-gp_AmountsOwedToOtherDepositors" xlink:to="p-FINREP_AmountsOwedToOtherDepositorsDepositsWithAgreedMaturity" order="2" use="optional" />
    <loc xlink:type="locator" xlink:href="p-FINREP-2008-01-01.xsd#p-FINREP_AmountsOwedToOtherDepositorsDepositsRedeemableNotice" xlink:label="p-FINREP_AmountsOwedToOtherDepositorsDepositsRedeemableNotice" />
    <presentationArc xlink:type="arc" xlink:arcrole="http://www.xbrl.org/2003/arcrole/parent-child" xlink:from="ifrs-gp_AmountsOwedToOtherDepositors" xlink:to="p-FINREP_AmountsOwedToOtherDepositorsDepositsRedeemableNotice" order="3" use="optional" />
    <loc xlink:type="locator" xlink:href="p-FINREP-2008-01-01.xsd#p-FINREP_AmountsOwedToOtherDepositorsOtherDeposits" xlink:label="p-FINREP_AmountsOwedToOtherDepositorsOtherDeposits" />
    <presentationArc xlink:type="arc" xlink:arcrole="http://www.xbrl.org/2003/arcrole/parent-child" xlink:from="ifrs-gp_AmountsOwedToOtherDepositors" xlink:to="p-FINREP_AmountsOwedToOtherDepositorsOtherDeposits" order="4" use="optional" />
    <loc xlink:type="locator" xlink:href="http://xbrl.iasb.org/int/fr/ifrs/gp/2006-08-15/ifrs-gp-2006-08-15.xsd#ifrs-gp_DebenturesAndDebtCertificates" xlink:label="ifrs-gp_DebenturesAndDebtCertificates" />
    <presentationArc xlink:type="arc" xlink:arcrole="http://www.xbrl.org/2003/arcrole/parent-child" xlink:from="p-FINREP_FinancialLiabilitiesMeasuredAtAmortisedCostPresentation" xlink:to="ifrs-gp_DebenturesAndDebtCertificates" order="3" use="optional" />
    <loc xlink:type="locator" xlink:href="http://xbrl.iasb.org/int/fr/ifrs/gp/2006-08-15/ifrs-gp-2006-08-15.xsd#ifrs-gp_CertificatesOfDeposit" xlink:label="ifrs-gp_CertificatesOfDeposit" />
    <presentationArc xlink:type="arc" xlink:arcrole="http://www.xbrl.org/2003/arcrole/parent-child" xlink:from="ifrs-gp_DebenturesAndDebtCertificates" xlink:to="ifrs-gp_CertificatesOfDeposit" order="1" use="optional" />
    <loc xlink:type="locator" xlink:href="p-FINREP-2008-01-01.xsd#p-FINREP_DebtInstrumentsCustomerSavingCertificates" xlink:label="p-FINREP_DebtInstrumentsCustomerSavingCertificates" />
    <presentationArc xlink:type="arc" xlink:arcrole="http://www.xbrl.org/2003/arcrole/parent-child" xlink:from="ifrs-gp_DebenturesAndDebtCertificates" xlink:to="p-FINREP_DebtInstrumentsCustomerSavingCertificates" order="2" use="optional" />
    <loc xlink:type="locator" xlink:href="p-FINREP-2008-01-01.xsd#p-FINREP_DebtInstrumentsBonds" xlink:label="p-FINREP_DebtInstrumentsBonds" />
    <presentationArc xlink:type="arc" xlink:arcrole="http://www.xbrl.org/2003/arcrole/parent-child" xlink:from="ifrs-gp_DebenturesAndDebtCertificates" xlink:to="p-FINREP_DebtInstrumentsBonds" order="3" use="optional" />
    <loc xlink:type="locator" xlink:href="p-FINREP-2008-01-01.xsd#p-FINREP_DebtInstrumentsConvertibleBonds" xlink:label="p-FINREP_DebtInstrumentsConvertibleBonds" />
    <presentationArc xlink:type="arc" xlink:arcrole="http://www.xbrl.org/2003/arcrole/parent-child" xlink:from="p-FINREP_DebtInstrumentsBonds" xlink:to="p-FINREP_DebtInstrumentsConvertibleBonds" order="1" use="optional" />
    <loc xlink:type="locator" xlink:href="p-FINREP-2008-01-01.xsd#p-FINREP_DebtInstrumentsNonConvertibleBonds" xlink:label="p-FINREP_DebtInstrumentsNonConvertibleBonds" />
    <presentationArc xlink:type="arc" xlink:arcrole="http://www.xbrl.org/2003/arcrole/parent-child" xlink:from="p-FINREP_DebtInstrumentsBonds" xlink:to="p-FINREP_DebtInstrumentsNonConvertibleBonds" order="2" use="optional" />
    <loc xlink:type="locator" xlink:href="p-FINREP-2008-01-01.xsd#p-FINREP_DebtInstrumentsOther" xlink:label="p-FINREP_DebtInstrumentsOther" />
    <presentationArc xlink:type="arc" xlink:arcrole="http://www.xbrl.org/2003/arcrole/parent-child" xlink:from="ifrs-gp_DebenturesAndDebtCertificates" xlink:to="p-FINREP_DebtInstrumentsOther" order="4" use="optional" />
    <loc xlink:type="locator" xlink:href="http://xbrl.iasb.org/int/fr/ifrs/gp/2006-08-15/ifrs-gp-2006-08-15.xsd#ifrs-gp_SubordinatedLiabilities" xlink:label="ifrs-gp_SubordinatedLiabilities" />
    <presentationArc xlink:type="arc" xlink:arcrole="http://www.xbrl.org/2003/arcrole/parent-child" xlink:from="p-FINREP_FinancialLiabilitiesMeasuredAtAmortisedCostPresentation" xlink:to="ifrs-gp_SubordinatedLiabilities" order="4" use="optional" />
    <loc xlink:type="locator" xlink:href="http://xbrl.iasb.org/int/fr/ifrs/gp/2006-08-15/ifrs-gp-2006-08-15.xsd#ifrs-gp_OtherBorrowedFunds" xlink:label="ifrs-gp_OtherBorrowedFunds" />
    <presentationArc xlink:type="arc" xlink:arcrole="http://www.xbrl.org/2003/arcrole/parent-child" xlink:from="p-FINREP_FinancialLiabilitiesMeasuredAtAmortisedCostPresentation" xlink:to="ifrs-gp_OtherBorrowedFunds" order="5" use="optional" />
    <loc xlink:type="locator" xlink:href="http://xbrl.iasb.org/int/fr/ifrs/gp/2006-08-15/ifrs-gp-2006-08-15.xsd#ifrs-gp_FinancialLiabilitiesMeasuredAtAmortisedCostTotal" xlink:label="ifrs-gp_FinancialLiabilitiesMeasuredAtAmortisedCostTotal" />
    <presentationArc xlink:type="arc" xlink:arcrole="http://www.xbrl.org/2003/arcrole/parent-child" xlink:from="p-FINREP_FinancialLiabilitiesMeasuredAtAmortisedCostPresentation" xlink:to="ifrs-gp_FinancialLiabilitiesMeasuredAtAmortisedCostTotal" order="6" use="optional" />
  </presentationLink>
</linkbase>