<?xml version="1.0" encoding="utf-8"?>
<?taxonomy-version 1.3.2?>
<!--Copyright (C) 2011 EBA - European Banking Authority, Tower 42, 25 Old Broad Street, London, EC2N 1HQ, United Kingdom.-->   
<linkbase
	xmlns="http://www.xbrl.org/2003/linkbase"
	xmlns:xsi="http://www.w3.org/2001/XMLSchema-instance"
	xmlns:xlink="http://www.w3.org/1999/xlink"
	xsi:schemaLocation=" http://www.xbrl.org/2003/linkbase http://www.xbrl.org/2003/xbrl-linkbase-2003-12-31.xsd">
  <roleRef xlink:type="simple" xlink:href="p-FINREP-2008-01-01-T28-ReconciliationOfStatutoryTaxToEffectiveTax.xsd#ReconciliationOfStatutoryTaxToEffectiveTax" roleURI="http://www.c-ebs.org/eu/fr/esrs/finrep/2008-01-01/role/ReconciliationOfStatutoryTaxToEffectiveTax" />
  <presentationLink xlink:type="extended" xlink:role="http://www.c-ebs.org/eu/fr/esrs/finrep/2008-01-01/role/ReconciliationOfStatutoryTaxToEffectiveTax">
    <loc xlink:type="locator" xlink:href="p-FINREP-2008-01-01.xsd#p-FINREP_ReconciliationOfStatutoryTaxToEffectiveTaxPresentation" xlink:label="p-FINREP_ReconciliationOfStatutoryTaxToEffectiveTaxPresentation" />
    <loc xlink:type="locator" xlink:href="http://xbrl.iasb.org/int/fr/ifrs/gp/2006-08-15/ifrs-gp-2006-08-15.xsd#ifrs-gp_TaxExpenseUsingStatutoryRate" xlink:label="ifrs-gp_TaxExpenseUsingStatutoryRate" />
    <presentationArc xlink:type="arc" xlink:arcrole="http://www.xbrl.org/2003/arcrole/parent-child" xlink:from="p-FINREP_ReconciliationOfStatutoryTaxToEffectiveTaxPresentation" xlink:to="ifrs-gp_TaxExpenseUsingStatutoryRate" order="1" use="optional" />
    <loc xlink:type="locator" xlink:href="http://xbrl.iasb.org/int/fr/ifrs/gp/2006-08-15/ifrs-gp-2006-08-15.xsd#ifrs-gp_ProfitLossBeforeTax" xlink:label="ifrs-gp_ProfitLossBeforeTax" />
    <presentationArc xlink:type="arc" xlink:arcrole="http://www.xbrl.org/2003/arcrole/parent-child" xlink:from="ifrs-gp_TaxExpenseUsingStatutoryRate" xlink:to="ifrs-gp_ProfitLossBeforeTax" order="1" use="optional" />
    <loc xlink:type="locator" xlink:href="http://xbrl.iasb.org/int/fr/ifrs/gp/2006-08-15/ifrs-gp-2006-08-15.xsd#ifrs-gp_StatutoryTaxRate" xlink:label="ifrs-gp_StatutoryTaxRate" />
    <presentationArc xlink:type="arc" xlink:arcrole="http://www.xbrl.org/2003/arcrole/parent-child" xlink:from="ifrs-gp_TaxExpenseUsingStatutoryRate" xlink:to="ifrs-gp_StatutoryTaxRate" order="2" use="optional" />
    <loc xlink:type="locator" xlink:href="http://xbrl.iasb.org/int/fr/ifrs/gp/2006-08-15/ifrs-gp-2006-08-15.xsd#ifrs-gp_TaxEffectOfRatesInOtherJurisdictions" xlink:label="ifrs-gp_TaxEffectOfRatesInOtherJurisdictions" />
    <presentationArc xlink:type="arc" xlink:arcrole="http://www.xbrl.org/2003/arcrole/parent-child" xlink:from="p-FINREP_ReconciliationOfStatutoryTaxToEffectiveTaxPresentation" xlink:to="ifrs-gp_TaxEffectOfRatesInOtherJurisdictions" order="2" use="optional" />
    <loc xlink:type="locator" xlink:href="http://xbrl.iasb.org/int/fr/ifrs/gp/2006-08-15/ifrs-gp-2006-08-15.xsd#ifrs-gp_TaxEffectOfNonTaxableRevenues" xlink:label="ifrs-gp_TaxEffectOfNonTaxableRevenues" />
    <presentationArc xlink:type="arc" xlink:arcrole="http://www.xbrl.org/2003/arcrole/parent-child" xlink:from="p-FINREP_ReconciliationOfStatutoryTaxToEffectiveTaxPresentation" xlink:to="ifrs-gp_TaxEffectOfNonTaxableRevenues" order="3" use="optional" />
    <loc xlink:type="locator" xlink:href="http://xbrl.iasb.org/int/fr/ifrs/gp/2006-08-15/ifrs-gp-2006-08-15.xsd#ifrs-gp_TaxEffectOfNonTaxDeductibleExpenses" xlink:label="ifrs-gp_TaxEffectOfNonTaxDeductibleExpenses" />
    <presentationArc xlink:type="arc" xlink:arcrole="http://www.xbrl.org/2003/arcrole/parent-child" xlink:from="p-FINREP_ReconciliationOfStatutoryTaxToEffectiveTaxPresentation" xlink:to="ifrs-gp_TaxEffectOfNonTaxDeductibleExpenses" order="4" use="optional" />
    <loc xlink:type="locator" xlink:href="http://xbrl.iasb.org/int/fr/ifrs/gp/2006-08-15/ifrs-gp-2006-08-15.xsd#ifrs-gp_TaxEffectOfUtilisationOfPreviouslyUnrecognisedTaxLosses" xlink:label="ifrs-gp_TaxEffectOfUtilisationOfPreviouslyUnrecognisedTaxLosses" />
    <presentationArc xlink:type="arc" xlink:arcrole="http://www.xbrl.org/2003/arcrole/parent-child" xlink:from="p-FINREP_ReconciliationOfStatutoryTaxToEffectiveTaxPresentation" xlink:to="ifrs-gp_TaxEffectOfUtilisationOfPreviouslyUnrecognisedTaxLosses" order="5" use="optional" />
    <loc xlink:type="locator" xlink:href="http://xbrl.iasb.org/int/fr/ifrs/gp/2006-08-15/ifrs-gp-2006-08-15.xsd#ifrs-gp_TaxEffectOfTaxBenefitNotPreviouslyRecognisedInIncomeStatement" xlink:label="ifrs-gp_TaxEffectOfTaxBenefitNotPreviouslyRecognisedInIncomeStatement" />
    <presentationArc xlink:type="arc" xlink:arcrole="http://www.xbrl.org/2003/arcrole/parent-child" xlink:from="p-FINREP_ReconciliationOfStatutoryTaxToEffectiveTaxPresentation" xlink:to="ifrs-gp_TaxEffectOfTaxBenefitNotPreviouslyRecognisedInIncomeStatement" order="6" use="optional" />
    <loc xlink:type="locator" xlink:href="http://xbrl.iasb.org/int/fr/ifrs/gp/2006-08-15/ifrs-gp-2006-08-15.xsd#ifrs-gp_TaxEffectFromReassessmentOfUnrecognisedDeferredTaxAssets" xlink:label="ifrs-gp_TaxEffectFromReassessmentOfUnrecognisedDeferredTaxAssets" />
    <presentationArc xlink:type="arc" xlink:arcrole="http://www.xbrl.org/2003/arcrole/parent-child" xlink:from="p-FINREP_ReconciliationOfStatutoryTaxToEffectiveTaxPresentation" xlink:to="ifrs-gp_TaxEffectFromReassessmentOfUnrecognisedDeferredTaxAssets" order="7" use="optional" />
    <loc xlink:type="locator" xlink:href="http://xbrl.iasb.org/int/fr/ifrs/gp/2006-08-15/ifrs-gp-2006-08-15.xsd#ifrs-gp_TaxEffectOfChangeInTaxRates" xlink:label="ifrs-gp_TaxEffectOfChangeInTaxRates" />
    <presentationArc xlink:type="arc" xlink:arcrole="http://www.xbrl.org/2003/arcrole/parent-child" xlink:from="p-FINREP_ReconciliationOfStatutoryTaxToEffectiveTaxPresentation" xlink:to="ifrs-gp_TaxEffectOfChangeInTaxRates" order="8" use="optional" />
    <loc xlink:type="locator" xlink:href="http://xbrl.iasb.org/int/fr/ifrs/gp/2006-08-15/ifrs-gp-2006-08-15.xsd#ifrs-gp_TaxEffectFromUnderOrOverProvidedTaxInPriorPeriods" xlink:label="ifrs-gp_TaxEffectFromUnderOrOverProvidedTaxInPriorPeriods" />
    <presentationArc xlink:type="arc" xlink:arcrole="http://www.xbrl.org/2003/arcrole/parent-child" xlink:from="p-FINREP_ReconciliationOfStatutoryTaxToEffectiveTaxPresentation" xlink:to="ifrs-gp_TaxEffectFromUnderOrOverProvidedTaxInPriorPeriods" order="9" use="optional" />
    <loc xlink:type="locator" xlink:href="http://xbrl.iasb.org/int/fr/ifrs/gp/2006-08-15/ifrs-gp-2006-08-15.xsd#ifrs-gp_OtherIncreaseDecreaseInStatutoryTaxCharge" xlink:label="ifrs-gp_OtherIncreaseDecreaseInStatutoryTaxCharge" />
    <presentationArc xlink:type="arc" xlink:arcrole="http://www.xbrl.org/2003/arcrole/parent-child" xlink:from="p-FINREP_ReconciliationOfStatutoryTaxToEffectiveTaxPresentation" xlink:to="ifrs-gp_OtherIncreaseDecreaseInStatutoryTaxCharge" order="10" use="optional" />
    <loc xlink:type="locator" xlink:href="http://xbrl.iasb.org/int/fr/ifrs/gp/2006-08-15/ifrs-gp-2006-08-15.xsd#ifrs-gp_TaxExpenseUsingEffectiveRate" xlink:label="ifrs-gp_TaxExpenseUsingEffectiveRate" />
    <presentationArc xlink:type="arc" xlink:arcrole="http://www.xbrl.org/2003/arcrole/parent-child" xlink:from="p-FINREP_ReconciliationOfStatutoryTaxToEffectiveTaxPresentation" xlink:to="ifrs-gp_TaxExpenseUsingEffectiveRate" order="11" use="optional" />
    <presentationArc xlink:type="arc" xlink:arcrole="http://www.xbrl.org/2003/arcrole/parent-child" xlink:from="ifrs-gp_TaxExpenseUsingEffectiveRate" xlink:to="ifrs-gp_ProfitLossBeforeTax" order="1" use="optional" />
    <loc xlink:type="locator" xlink:href="http://xbrl.iasb.org/int/fr/ifrs/gp/2006-08-15/ifrs-gp-2006-08-15.xsd#ifrs-gp_EffectiveTaxRate" xlink:label="ifrs-gp_EffectiveTaxRate" />
    <presentationArc xlink:type="arc" xlink:arcrole="http://www.xbrl.org/2003/arcrole/parent-child" xlink:from="ifrs-gp_TaxExpenseUsingEffectiveRate" xlink:to="ifrs-gp_EffectiveTaxRate" order="2" use="optional" />
  </presentationLink>
</linkbase>