<?xml version="1.0" encoding="utf-8"?>
<?taxonomy-version 1.3.2?>
<!--Copyright (C) 2011 EBA - European Banking Authority, Tower 42, 25 Old Broad Street, London, EC2N 1HQ, United Kingdom.-->   
<linkbase
	xmlns="http://www.xbrl.org/2003/linkbase"
	xmlns:xsi="http://www.w3.org/2001/XMLSchema-instance"
	xmlns:xlink="http://www.w3.org/1999/xlink"
	xsi:schemaLocation=" http://www.xbrl.org/2003/linkbase http://www.xbrl.org/2003/xbrl-linkbase-2003-12-31.xsd">
  <roleRef xlink:type="simple" xlink:href="p-FINREP-2008-01-01-T39-ScopeOfConsolidation.xsd#ScopeOfConsolidation" roleURI="http://www.c-ebs.org/eu/fr/esrs/finrep/2008-01-01/role/ScopeOfConsolidation" />
  <presentationLink xlink:type="extended" xlink:role="http://www.c-ebs.org/eu/fr/esrs/finrep/2008-01-01/role/ScopeOfConsolidation">
    <loc xlink:type="locator" xlink:href="p-FINREP-2008-01-01.xsd#p-FINREP_ScopeOfConsolidation" xlink:label="p-FINREP_ScopeOfConsolidation" />
    <loc xlink:type="locator" xlink:href="p-FINREP-2008-01-01.xsd#p-FINREP_JurisdictionIncorporation" xlink:label="p-FINREP_JurisdictionIncorporation" />
    <presentationArc xlink:type="arc" xlink:arcrole="http://www.xbrl.org/2003/arcrole/parent-child" xlink:from="p-FINREP_ScopeOfConsolidation" xlink:to="p-FINREP_JurisdictionIncorporation" order="1" use="optional" />
    <loc xlink:type="locator" xlink:href="p-FINREP-2008-01-01.xsd#p-FINREP_DescriptionOfCurrency" xlink:label="p-FINREP_DescriptionOfCurrency" />
    <presentationArc xlink:type="arc" xlink:arcrole="http://www.xbrl.org/2003/arcrole/parent-child" xlink:from="p-FINREP_ScopeOfConsolidation" xlink:to="p-FINREP_DescriptionOfCurrency" order="2" use="optional" />
    <loc xlink:type="locator" xlink:href="http://xbrl.iasb.org/int/fr/ifrs/gp/2006-08-15/ifrs-gp-2006-08-15.xsd#ifrs-gp_ShareCapitalTotal" xlink:label="ifrs-gp_ShareCapitalTotal" />
    <presentationArc xlink:type="arc" xlink:arcrole="http://www.xbrl.org/2003/arcrole/parent-child" xlink:from="p-FINREP_ScopeOfConsolidation" xlink:to="ifrs-gp_ShareCapitalTotal" order="3" use="optional" />
    <loc xlink:type="locator" xlink:href="p-FINREP-2008-01-01.xsd#p-FINREP_PercentageOwnershipInterest" xlink:label="p-FINREP_PercentageOwnershipInterest" />
    <presentationArc xlink:type="arc" xlink:arcrole="http://www.xbrl.org/2003/arcrole/parent-child" xlink:from="p-FINREP_ScopeOfConsolidation" xlink:to="p-FINREP_PercentageOwnershipInterest" order="4" use="optional" />
    <loc xlink:type="locator" xlink:href="p-FINREP-2008-01-01.xsd#p-FINREP_ReasonForRemovalSubsidiary" xlink:label="p-FINREP_ReasonForRemovalSubsidiary" />
    <presentationArc xlink:type="arc" xlink:arcrole="http://www.xbrl.org/2003/arcrole/parent-child" xlink:from="p-FINREP_ScopeOfConsolidation" xlink:to="p-FINREP_ReasonForRemovalSubsidiary" order="5" use="optional" />
  </presentationLink>
</linkbase>