<?xml version="1.0" encoding="utf-8"?>
<?taxonomy-version 1.3.2?>
<!--Copyright (C) 2011 EBA - European Banking Authority, Tower 42, 25 Old Broad Street, London, EC2N 1HQ, United Kingdom.-->   
<linkbase
	xmlns="http://www.xbrl.org/2003/linkbase"
	xmlns:xsi="http://www.w3.org/2001/XMLSchema-instance"
	xmlns:xlink="http://www.w3.org/1999/xlink"
	xsi:schemaLocation=" http://www.xbrl.org/2003/linkbase http://www.xbrl.org/2003/xbrl-linkbase-2003-12-31.xsd">
  <roleRef xlink:type="simple" xlink:href="p-FINREP-2008-01-01-T12-InvestmentsInAssociatesSubsidiairiesAndJV.xsd#InvestmentsInAssociatesSubsidiairiesAndJV" roleURI="http://www.c-ebs.org/eu/fr/esrs/finrep/2008-01-01/role/InvestmentsInAssociatesSubsidiairiesAndJV" />
  <arcroleRef arcroleURI="http://xbrl.org/int/dim/arcrole/domain-member" xlink:type="simple" xlink:href="http://www.xbrl.org/2005/xbrldt-2005.xsd#domain-member"/>
  <definitionLink xlink:type="extended" xlink:role="http://www.c-ebs.org/eu/fr/esrs/finrep/2008-01-01/role/InvestmentsInAssociatesSubsidiairiesAndJV">
    <loc xlink:type="locator" xlink:href="p-FINREP-2008-01-01.xsd#p-FINREP_InvestmentsInAssociatesSubsidiariesAndJointVenturesPresentation" xlink:label="p-FINREP_InvestmentsInAssociatesSubsidiariesAndJointVenturesPresentation" />
    <loc xlink:type="locator" xlink:href="p-FINREP-2008-01-01.xsd#p-FINREP_PercentageOwnershipInterest" xlink:label="p-FINREP_PercentageOwnershipInterest" />
    <definitionArc xlink:type="arc" xlink:arcrole="http://xbrl.org/int/dim/arcrole/domain-member" xlink:from="p-FINREP_InvestmentsInAssociatesSubsidiariesAndJointVenturesPresentation" xlink:to="p-FINREP_PercentageOwnershipInterest" order="1" use="optional" />
    <loc xlink:type="locator" xlink:href="p-FINREP-2008-01-01.xsd#p-FINREP_AmountTotalAssets" xlink:label="p-FINREP_AmountTotalAssets" />
    <definitionArc xlink:type="arc" xlink:arcrole="http://xbrl.org/int/dim/arcrole/domain-member" xlink:from="p-FINREP_InvestmentsInAssociatesSubsidiariesAndJointVenturesPresentation" xlink:to="p-FINREP_AmountTotalAssets" order="2" use="optional" />
    <loc xlink:type="locator" xlink:href="p-FINREP-2008-01-01.xsd#p-FINREP_AmountTotalLiabilities" xlink:label="p-FINREP_AmountTotalLiabilities" />
    <definitionArc xlink:type="arc" xlink:arcrole="http://xbrl.org/int/dim/arcrole/domain-member" xlink:from="p-FINREP_InvestmentsInAssociatesSubsidiariesAndJointVenturesPresentation" xlink:to="p-FINREP_AmountTotalLiabilities" order="3" use="optional" />
    <loc xlink:type="locator" xlink:href="p-FINREP-2008-01-01.xsd#p-FINREP_AmountNetProfitLoss" xlink:label="p-FINREP_AmountNetProfitLoss" />
    <definitionArc xlink:type="arc" xlink:arcrole="http://xbrl.org/int/dim/arcrole/domain-member" xlink:from="p-FINREP_InvestmentsInAssociatesSubsidiariesAndJointVenturesPresentation" xlink:to="p-FINREP_AmountNetProfitLoss" order="4" use="optional" />
    <loc xlink:type="locator" xlink:href="http://xbrl.iasb.org/int/fr/ifrs/gp/2006-08-15/ifrs-gp-2006-08-15.xsd#ifrs-gp_FairValueOfInvestmentsInAssociatesWithPriceQuotations" xlink:label="ifrs-gp_FairValueOfInvestmentsInAssociatesWithPriceQuotations" />
    <definitionArc xlink:type="arc" xlink:arcrole="http://xbrl.org/int/dim/arcrole/domain-member" xlink:from="p-FINREP_InvestmentsInAssociatesSubsidiariesAndJointVenturesPresentation" xlink:to="ifrs-gp_FairValueOfInvestmentsInAssociatesWithPriceQuotations" order="5" use="optional" />
    <loc xlink:type="locator" xlink:href="p-FINREP-2008-01-01.xsd#p-FINREP_ReportingDate" xlink:label="p-FINREP_ReportingDate" />
    <definitionArc xlink:type="arc" xlink:arcrole="http://xbrl.org/int/dim/arcrole/domain-member" xlink:from="p-FINREP_InvestmentsInAssociatesSubsidiariesAndJointVenturesPresentation" xlink:to="p-FINREP_ReportingDate" order="6" use="optional" />
</definitionLink>
</linkbase>