<?xml version="1.0" encoding="utf-8"?>
<?taxonomy-version 1.3.2?>
<!--Copyright (C) 2011 EBA - European Banking Authority, Tower 42, 25 Old Broad Street, London, EC2N 1HQ, United Kingdom.-->   
<linkbase
	xmlns="http://www.xbrl.org/2003/linkbase"
	xmlns:xsi="http://www.w3.org/2001/XMLSchema-instance"
	xmlns:xlink="http://www.w3.org/1999/xlink"
	xsi:schemaLocation=" http://www.xbrl.org/2003/linkbase http://www.xbrl.org/2003/xbrl-linkbase-2003-12-31.xsd">
  <roleRef xlink:type="simple" xlink:href="p-FINREP-2008-01-01-T03-DerivativesHFT.xsd#DerivativesHFT" roleURI="http://www.c-ebs.org/eu/fr/esrs/finrep/2008-01-01/role/DerivativesHFT" />
  <arcroleRef arcroleURI="http://xbrl.org/int/dim/arcrole/domain-member" xlink:type="simple" xlink:href="http://www.xbrl.org/2005/xbrldt-2005.xsd#domain-member"/>
  <definitionLink xlink:type="extended" xlink:role="http://www.c-ebs.org/eu/fr/esrs/finrep/2008-01-01/role/DerivativesHFT">
    <loc xlink:type="locator" xlink:href="p-FINREP-2008-01-01.xsd#p-FINREP_DerivativesHeldForTradingPresentation" xlink:label="p-FINREP_DerivativesHeldForTradingPresentation" />
    <loc xlink:type="locator" xlink:href="http://xbrl.iasb.org/int/fr/ifrs/gp/2006-08-15/ifrs-gp-2006-08-15.xsd#ifrs-gp_FinancialAssetsHeldForTradingTradingDerivatives" xlink:label="ifrs-gp_FinancialAssetsHeldForTradingTradingDerivatives" />
    <definitionArc xlink:type="arc" xlink:arcrole="http://xbrl.org/int/dim/arcrole/domain-member" xlink:from="p-FINREP_DerivativesHeldForTradingPresentation" xlink:to="ifrs-gp_FinancialAssetsHeldForTradingTradingDerivatives" order="1" use="optional" />
    <loc xlink:type="locator" xlink:href="p-FINREP-2008-01-01.xsd#p-FINREP_FinancialAssetsHeldForTradingTradingDerivativesInterestRateOptions" xlink:label="p-FINREP_FinancialAssetsHeldForTradingTradingDerivativesInterestRateOptions" />
    <definitionArc xlink:type="arc" xlink:arcrole="http://xbrl.org/int/dim/arcrole/domain-member" xlink:from="ifrs-gp_FinancialAssetsHeldForTradingTradingDerivatives" xlink:to="p-FINREP_FinancialAssetsHeldForTradingTradingDerivativesInterestRateOptions" order="1" use="optional" />
    <loc xlink:type="locator" xlink:href="p-FINREP-2008-01-01.xsd#p-FINREP_FinancialAssetsHeldForTradingTradingDerivativesInterestRateSwaps" xlink:label="p-FINREP_FinancialAssetsHeldForTradingTradingDerivativesInterestRateSwaps" />
    <definitionArc xlink:type="arc" xlink:arcrole="http://xbrl.org/int/dim/arcrole/domain-member" xlink:from="ifrs-gp_FinancialAssetsHeldForTradingTradingDerivatives" xlink:to="p-FINREP_FinancialAssetsHeldForTradingTradingDerivativesInterestRateSwaps" order="2" use="optional" />
    <loc xlink:type="locator" xlink:href="p-FINREP-2008-01-01.xsd#p-FINREP_FinancialAssetsHeldForTradingTradingDerivativesInterestRateForwardRateAgreement" xlink:label="p-FINREP_FinancialAssetsHeldForTradingTradingDerivativesInterestRateForwardRateAgreement" />
    <definitionArc xlink:type="arc" xlink:arcrole="http://xbrl.org/int/dim/arcrole/domain-member" xlink:from="ifrs-gp_FinancialAssetsHeldForTradingTradingDerivatives" xlink:to="p-FINREP_FinancialAssetsHeldForTradingTradingDerivativesInterestRateForwardRateAgreement" order="3" use="optional" />
    <loc xlink:type="locator" xlink:href="p-FINREP-2008-01-01.xsd#p-FINREP_FinancialAssetsHeldForTradingTradingDerivativesInterestRateForward" xlink:label="p-FINREP_FinancialAssetsHeldForTradingTradingDerivativesInterestRateForward" />
    <definitionArc xlink:type="arc" xlink:arcrole="http://xbrl.org/int/dim/arcrole/domain-member" xlink:from="ifrs-gp_FinancialAssetsHeldForTradingTradingDerivatives" xlink:to="p-FINREP_FinancialAssetsHeldForTradingTradingDerivativesInterestRateForward" order="4" use="optional" />
    <loc xlink:type="locator" xlink:href="p-FINREP-2008-01-01.xsd#p-FINREP_FinancialAssetsHeldForTradingTradingDerivativesInterestRateFuture" xlink:label="p-FINREP_FinancialAssetsHeldForTradingTradingDerivativesInterestRateFuture" />
    <definitionArc xlink:type="arc" xlink:arcrole="http://xbrl.org/int/dim/arcrole/domain-member" xlink:from="ifrs-gp_FinancialAssetsHeldForTradingTradingDerivatives" xlink:to="p-FINREP_FinancialAssetsHeldForTradingTradingDerivativesInterestRateFuture" order="5" use="optional" />
    <loc xlink:type="locator" xlink:href="p-FINREP-2008-01-01.xsd#p-FINREP_FinancialAssetsHeldForTradingTradingDerivativesInterestRateOther" xlink:label="p-FINREP_FinancialAssetsHeldForTradingTradingDerivativesInterestRateOther" />
    <definitionArc xlink:type="arc" xlink:arcrole="http://xbrl.org/int/dim/arcrole/domain-member" xlink:from="ifrs-gp_FinancialAssetsHeldForTradingTradingDerivatives" xlink:to="p-FINREP_FinancialAssetsHeldForTradingTradingDerivativesInterestRateOther" order="6" use="optional" />
    <loc xlink:type="locator" xlink:href="p-FINREP-2008-01-01.xsd#p-FINREP_FinancialAssetsHeldForTradingTradingDerivativesEquityForward" xlink:label="p-FINREP_FinancialAssetsHeldForTradingTradingDerivativesEquityForward" />
    <definitionArc xlink:type="arc" xlink:arcrole="http://xbrl.org/int/dim/arcrole/domain-member" xlink:from="ifrs-gp_FinancialAssetsHeldForTradingTradingDerivatives" xlink:to="p-FINREP_FinancialAssetsHeldForTradingTradingDerivativesEquityForward" order="7" use="optional" />
    <loc xlink:type="locator" xlink:href="p-FINREP-2008-01-01.xsd#p-FINREP_FinancialAssetsHeldForTradingTradingDerivativesEquityFuture" xlink:label="p-FINREP_FinancialAssetsHeldForTradingTradingDerivativesEquityFuture" />
    <definitionArc xlink:type="arc" xlink:arcrole="http://xbrl.org/int/dim/arcrole/domain-member" xlink:from="ifrs-gp_FinancialAssetsHeldForTradingTradingDerivatives" xlink:to="p-FINREP_FinancialAssetsHeldForTradingTradingDerivativesEquityFuture" order="8" use="optional" />
    <loc xlink:type="locator" xlink:href="p-FINREP-2008-01-01.xsd#p-FINREP_FinancialAssetsHeldForTradingTradingDerivativesEquityOption" xlink:label="p-FINREP_FinancialAssetsHeldForTradingTradingDerivativesEquityOption" />
    <definitionArc xlink:type="arc" xlink:arcrole="http://xbrl.org/int/dim/arcrole/domain-member" xlink:from="ifrs-gp_FinancialAssetsHeldForTradingTradingDerivatives" xlink:to="p-FINREP_FinancialAssetsHeldForTradingTradingDerivativesEquityOption" order="9" use="optional" />
    <loc xlink:type="locator" xlink:href="p-FINREP-2008-01-01.xsd#p-FINREP_FinancialAssetsHeldForTradingTradingDerivativesEquityWarrant" xlink:label="p-FINREP_FinancialAssetsHeldForTradingTradingDerivativesEquityWarrant" />
    <definitionArc xlink:type="arc" xlink:arcrole="http://xbrl.org/int/dim/arcrole/domain-member" xlink:from="ifrs-gp_FinancialAssetsHeldForTradingTradingDerivatives" xlink:to="p-FINREP_FinancialAssetsHeldForTradingTradingDerivativesEquityWarrant" order="10" use="optional" />
    <loc xlink:type="locator" xlink:href="p-FINREP-2008-01-01.xsd#p-FINREP_FinancialAssetsHeldForTradingTradingDerivativesEquityOther" xlink:label="p-FINREP_FinancialAssetsHeldForTradingTradingDerivativesEquityOther" />
    <definitionArc xlink:type="arc" xlink:arcrole="http://xbrl.org/int/dim/arcrole/domain-member" xlink:from="ifrs-gp_FinancialAssetsHeldForTradingTradingDerivatives" xlink:to="p-FINREP_FinancialAssetsHeldForTradingTradingDerivativesEquityOther" order="11" use="optional" />
    <loc xlink:type="locator" xlink:href="p-FINREP-2008-01-01.xsd#p-FINREP_FinancialAssetsHeldForTradingTradingDerivativesFXForward" xlink:label="p-FINREP_FinancialAssetsHeldForTradingTradingDerivativesFXForward" />
    <definitionArc xlink:type="arc" xlink:arcrole="http://xbrl.org/int/dim/arcrole/domain-member" xlink:from="ifrs-gp_FinancialAssetsHeldForTradingTradingDerivatives" xlink:to="p-FINREP_FinancialAssetsHeldForTradingTradingDerivativesFXForward" order="12" use="optional" />
    <loc xlink:type="locator" xlink:href="p-FINREP-2008-01-01.xsd#p-FINREP_FinancialAssetsHeldForTradingTradingDerivativesFXFuture" xlink:label="p-FINREP_FinancialAssetsHeldForTradingTradingDerivativesFXFuture" />
    <definitionArc xlink:type="arc" xlink:arcrole="http://xbrl.org/int/dim/arcrole/domain-member" xlink:from="ifrs-gp_FinancialAssetsHeldForTradingTradingDerivatives" xlink:to="p-FINREP_FinancialAssetsHeldForTradingTradingDerivativesFXFuture" order="13" use="optional" />
    <loc xlink:type="locator" xlink:href="p-FINREP-2008-01-01.xsd#p-FINREP_FinancialAssetsHeldForTradingTradingDerivativesFXCrossCurrencySwap" xlink:label="p-FINREP_FinancialAssetsHeldForTradingTradingDerivativesFXCrossCurrencySwap" />
    <definitionArc xlink:type="arc" xlink:arcrole="http://xbrl.org/int/dim/arcrole/domain-member" xlink:from="ifrs-gp_FinancialAssetsHeldForTradingTradingDerivatives" xlink:to="p-FINREP_FinancialAssetsHeldForTradingTradingDerivativesFXCrossCurrencySwap" order="14" use="optional" />
    <loc xlink:type="locator" xlink:href="p-FINREP-2008-01-01.xsd#p-FINREP_FinancialAssetsHeldForTradingTradingDerivativesFXOption" xlink:label="p-FINREP_FinancialAssetsHeldForTradingTradingDerivativesFXOption" />
    <definitionArc xlink:type="arc" xlink:arcrole="http://xbrl.org/int/dim/arcrole/domain-member" xlink:from="ifrs-gp_FinancialAssetsHeldForTradingTradingDerivatives" xlink:to="p-FINREP_FinancialAssetsHeldForTradingTradingDerivativesFXOption" order="15" use="optional" />
    <loc xlink:type="locator" xlink:href="p-FINREP-2008-01-01.xsd#p-FINREP_FinancialAssetsHeldForTradingTradingDerivativesFXForwardRateAgreement" xlink:label="p-FINREP_FinancialAssetsHeldForTradingTradingDerivativesFXForwardRateAgreement" />
    <definitionArc xlink:type="arc" xlink:arcrole="http://xbrl.org/int/dim/arcrole/domain-member" xlink:from="ifrs-gp_FinancialAssetsHeldForTradingTradingDerivatives" xlink:to="p-FINREP_FinancialAssetsHeldForTradingTradingDerivativesFXForwardRateAgreement" order="16" use="optional" />
    <loc xlink:type="locator" xlink:href="p-FINREP-2008-01-01.xsd#p-FINREP_FinancialAssetsHeldForTradingTradingDerivativesFXOther" xlink:label="p-FINREP_FinancialAssetsHeldForTradingTradingDerivativesFXOther" />
    <definitionArc xlink:type="arc" xlink:arcrole="http://xbrl.org/int/dim/arcrole/domain-member" xlink:from="ifrs-gp_FinancialAssetsHeldForTradingTradingDerivatives" xlink:to="p-FINREP_FinancialAssetsHeldForTradingTradingDerivativesFXOther" order="17" use="optional" />
    <loc xlink:type="locator" xlink:href="p-FINREP-2008-01-01.xsd#p-FINREP_FinancialAssetsHeldForTradingTradingDerivativesCreditDefaultSwap" xlink:label="p-FINREP_FinancialAssetsHeldForTradingTradingDerivativesCreditDefaultSwap" />
    <definitionArc xlink:type="arc" xlink:arcrole="http://xbrl.org/int/dim/arcrole/domain-member" xlink:from="ifrs-gp_FinancialAssetsHeldForTradingTradingDerivatives" xlink:to="p-FINREP_FinancialAssetsHeldForTradingTradingDerivativesCreditDefaultSwap" order="18" use="optional" />
    <loc xlink:type="locator" xlink:href="p-FINREP-2008-01-01.xsd#p-FINREP_FinancialAssetsHeldForTradingTradingDerivativesCreditSpreadOption" xlink:label="p-FINREP_FinancialAssetsHeldForTradingTradingDerivativesCreditSpreadOption" />
    <definitionArc xlink:type="arc" xlink:arcrole="http://xbrl.org/int/dim/arcrole/domain-member" xlink:from="ifrs-gp_FinancialAssetsHeldForTradingTradingDerivatives" xlink:to="p-FINREP_FinancialAssetsHeldForTradingTradingDerivativesCreditSpreadOption" order="19" use="optional" />
    <loc xlink:type="locator" xlink:href="p-FINREP-2008-01-01.xsd#p-FINREP_FinancialAssetsHeldForTradingTradingDerivativesCreditTotalReturnSwap" xlink:label="p-FINREP_FinancialAssetsHeldForTradingTradingDerivativesCreditTotalReturnSwap" />
    <definitionArc xlink:type="arc" xlink:arcrole="http://xbrl.org/int/dim/arcrole/domain-member" xlink:from="ifrs-gp_FinancialAssetsHeldForTradingTradingDerivatives" xlink:to="p-FINREP_FinancialAssetsHeldForTradingTradingDerivativesCreditTotalReturnSwap" order="20" use="optional" />
    <loc xlink:type="locator" xlink:href="p-FINREP-2008-01-01.xsd#p-FINREP_FinancialAssetsHeldForTradingTradingDerivativesCreditOther" xlink:label="p-FINREP_FinancialAssetsHeldForTradingTradingDerivativesCreditOther" />
    <definitionArc xlink:type="arc" xlink:arcrole="http://xbrl.org/int/dim/arcrole/domain-member" xlink:from="ifrs-gp_FinancialAssetsHeldForTradingTradingDerivatives" xlink:to="p-FINREP_FinancialAssetsHeldForTradingTradingDerivativesCreditOther" order="21" use="optional" />
    <loc xlink:type="locator" xlink:href="p-FINREP-2008-01-01.xsd#p-FINREP_FinancialAssetsHeldForTradingTradingDerivativesCommodity" xlink:label="p-FINREP_FinancialAssetsHeldForTradingTradingDerivativesCommodity" />
    <definitionArc xlink:type="arc" xlink:arcrole="http://xbrl.org/int/dim/arcrole/domain-member" xlink:from="ifrs-gp_FinancialAssetsHeldForTradingTradingDerivatives" xlink:to="p-FINREP_FinancialAssetsHeldForTradingTradingDerivativesCommodity" order="22" use="optional" />
    <loc xlink:type="locator" xlink:href="p-FINREP-2008-01-01.xsd#p-FINREP_FinancialAssetsHeldForTradingTradingDerivativesOther" xlink:label="p-FINREP_FinancialAssetsHeldForTradingTradingDerivativesOther" />
    <definitionArc xlink:type="arc" xlink:arcrole="http://xbrl.org/int/dim/arcrole/domain-member" xlink:from="ifrs-gp_FinancialAssetsHeldForTradingTradingDerivatives" xlink:to="p-FINREP_FinancialAssetsHeldForTradingTradingDerivativesOther" order="23" use="optional" />
    <loc xlink:type="locator" xlink:href="http://xbrl.iasb.org/int/fr/ifrs/gp/2006-08-15/ifrs-gp-2006-08-15.xsd#ifrs-gp_FinancialLiabilitiesHeldForTradingTradingDerivatives" xlink:label="ifrs-gp_FinancialLiabilitiesHeldForTradingTradingDerivatives" />
    <definitionArc xlink:type="arc" xlink:arcrole="http://xbrl.org/int/dim/arcrole/domain-member" xlink:from="p-FINREP_DerivativesHeldForTradingPresentation" xlink:to="ifrs-gp_FinancialLiabilitiesHeldForTradingTradingDerivatives" order="2" use="optional" />
    <loc xlink:type="locator" xlink:href="p-FINREP-2008-01-01.xsd#p-FINREP_FinancialLiabilitiesHeldForTradingTradingDerivativesInterestRateOptions" xlink:label="p-FINREP_FinancialLiabilitiesHeldForTradingTradingDerivativesInterestRateOptions" />
    <definitionArc xlink:type="arc" xlink:arcrole="http://xbrl.org/int/dim/arcrole/domain-member" xlink:from="ifrs-gp_FinancialLiabilitiesHeldForTradingTradingDerivatives" xlink:to="p-FINREP_FinancialLiabilitiesHeldForTradingTradingDerivativesInterestRateOptions" order="1" use="optional" />
    <loc xlink:type="locator" xlink:href="p-FINREP-2008-01-01.xsd#p-FINREP_FinancialLiabilitiesHeldForTradingTradingDerivativesInterestRateSwaps" xlink:label="p-FINREP_FinancialLiabilitiesHeldForTradingTradingDerivativesInterestRateSwaps" />
    <definitionArc xlink:type="arc" xlink:arcrole="http://xbrl.org/int/dim/arcrole/domain-member" xlink:from="ifrs-gp_FinancialLiabilitiesHeldForTradingTradingDerivatives" xlink:to="p-FINREP_FinancialLiabilitiesHeldForTradingTradingDerivativesInterestRateSwaps" order="2" use="optional" />
    <loc xlink:type="locator" xlink:href="p-FINREP-2008-01-01.xsd#p-FINREP_FinancialLiabilitiesHeldForTradingTradingDerivativesInterestRateForwardRateAgreement" xlink:label="p-FINREP_FinancialLiabilitiesHeldForTradingTradingDerivativesInterestRateForwardRateAgreement" />
    <definitionArc xlink:type="arc" xlink:arcrole="http://xbrl.org/int/dim/arcrole/domain-member" xlink:from="ifrs-gp_FinancialLiabilitiesHeldForTradingTradingDerivatives" xlink:to="p-FINREP_FinancialLiabilitiesHeldForTradingTradingDerivativesInterestRateForwardRateAgreement" order="3" use="optional" />
    <loc xlink:type="locator" xlink:href="p-FINREP-2008-01-01.xsd#p-FINREP_FinancialLiabilitiesHeldForTradingTradingDerivativesInterestRateForward" xlink:label="p-FINREP_FinancialLiabilitiesHeldForTradingTradingDerivativesInterestRateForward" />
    <definitionArc xlink:type="arc" xlink:arcrole="http://xbrl.org/int/dim/arcrole/domain-member" xlink:from="ifrs-gp_FinancialLiabilitiesHeldForTradingTradingDerivatives" xlink:to="p-FINREP_FinancialLiabilitiesHeldForTradingTradingDerivativesInterestRateForward" order="4" use="optional" />
    <loc xlink:type="locator" xlink:href="p-FINREP-2008-01-01.xsd#p-FINREP_FinancialLiabilitiesHeldForTradingTradingDerivativesInterestRateFuture" xlink:label="p-FINREP_FinancialLiabilitiesHeldForTradingTradingDerivativesInterestRateFuture" />
    <definitionArc xlink:type="arc" xlink:arcrole="http://xbrl.org/int/dim/arcrole/domain-member" xlink:from="ifrs-gp_FinancialLiabilitiesHeldForTradingTradingDerivatives" xlink:to="p-FINREP_FinancialLiabilitiesHeldForTradingTradingDerivativesInterestRateFuture" order="5" use="optional" />
    <loc xlink:type="locator" xlink:href="p-FINREP-2008-01-01.xsd#p-FINREP_FinancialLiabilitiesHeldForTradingTradingDerivativesInterestRateOther" xlink:label="p-FINREP_FinancialLiabilitiesHeldForTradingTradingDerivativesInterestRateOther" />
    <definitionArc xlink:type="arc" xlink:arcrole="http://xbrl.org/int/dim/arcrole/domain-member" xlink:from="ifrs-gp_FinancialLiabilitiesHeldForTradingTradingDerivatives" xlink:to="p-FINREP_FinancialLiabilitiesHeldForTradingTradingDerivativesInterestRateOther" order="6" use="optional" />
    <loc xlink:type="locator" xlink:href="p-FINREP-2008-01-01.xsd#p-FINREP_FinancialLiabilitiesHeldForTradingTradingDerivativesEquityForward" xlink:label="p-FINREP_FinancialLiabilitiesHeldForTradingTradingDerivativesEquityForward" />
    <definitionArc xlink:type="arc" xlink:arcrole="http://xbrl.org/int/dim/arcrole/domain-member" xlink:from="ifrs-gp_FinancialLiabilitiesHeldForTradingTradingDerivatives" xlink:to="p-FINREP_FinancialLiabilitiesHeldForTradingTradingDerivativesEquityForward" order="7" use="optional" />
    <loc xlink:type="locator" xlink:href="p-FINREP-2008-01-01.xsd#p-FINREP_FinancialLiabilitiesHeldForTradingTradingDerivativesEquityFuture" xlink:label="p-FINREP_FinancialLiabilitiesHeldForTradingTradingDerivativesEquityFuture" />
    <definitionArc xlink:type="arc" xlink:arcrole="http://xbrl.org/int/dim/arcrole/domain-member" xlink:from="ifrs-gp_FinancialLiabilitiesHeldForTradingTradingDerivatives" xlink:to="p-FINREP_FinancialLiabilitiesHeldForTradingTradingDerivativesEquityFuture" order="8" use="optional" />
    <loc xlink:type="locator" xlink:href="p-FINREP-2008-01-01.xsd#p-FINREP_FinancialLiabilitiesHeldForTradingTradingDerivativesEquityOption" xlink:label="p-FINREP_FinancialLiabilitiesHeldForTradingTradingDerivativesEquityOption" />
    <definitionArc xlink:type="arc" xlink:arcrole="http://xbrl.org/int/dim/arcrole/domain-member" xlink:from="ifrs-gp_FinancialLiabilitiesHeldForTradingTradingDerivatives" xlink:to="p-FINREP_FinancialLiabilitiesHeldForTradingTradingDerivativesEquityOption" order="9" use="optional" />
    <loc xlink:type="locator" xlink:href="p-FINREP-2008-01-01.xsd#p-FINREP_FinancialLiabilitiesHeldForTradingTradingDerivativesEquityWarrant" xlink:label="p-FINREP_FinancialLiabilitiesHeldForTradingTradingDerivativesEquityWarrant" />
    <definitionArc xlink:type="arc" xlink:arcrole="http://xbrl.org/int/dim/arcrole/domain-member" xlink:from="ifrs-gp_FinancialLiabilitiesHeldForTradingTradingDerivatives" xlink:to="p-FINREP_FinancialLiabilitiesHeldForTradingTradingDerivativesEquityWarrant" order="10" use="optional" />
    <loc xlink:type="locator" xlink:href="p-FINREP-2008-01-01.xsd#p-FINREP_FinancialLiabilitiesHeldForTradingTradingDerivativesEquityOther" xlink:label="p-FINREP_FinancialLiabilitiesHeldForTradingTradingDerivativesEquityOther" />
    <definitionArc xlink:type="arc" xlink:arcrole="http://xbrl.org/int/dim/arcrole/domain-member" xlink:from="ifrs-gp_FinancialLiabilitiesHeldForTradingTradingDerivatives" xlink:to="p-FINREP_FinancialLiabilitiesHeldForTradingTradingDerivativesEquityOther" order="11" use="optional" />
    <loc xlink:type="locator" xlink:href="p-FINREP-2008-01-01.xsd#p-FINREP_FinancialLiabilitiesHeldForTradingTradingDerivativesFXForward" xlink:label="p-FINREP_FinancialLiabilitiesHeldForTradingTradingDerivativesFXForward" />
    <definitionArc xlink:type="arc" xlink:arcrole="http://xbrl.org/int/dim/arcrole/domain-member" xlink:from="ifrs-gp_FinancialLiabilitiesHeldForTradingTradingDerivatives" xlink:to="p-FINREP_FinancialLiabilitiesHeldForTradingTradingDerivativesFXForward" order="12" use="optional" />
    <loc xlink:type="locator" xlink:href="p-FINREP-2008-01-01.xsd#p-FINREP_FinancialLiabilitiesHeldForTradingTradingDerivativesFXFuture" xlink:label="p-FINREP_FinancialLiabilitiesHeldForTradingTradingDerivativesFXFuture" />
    <definitionArc xlink:type="arc" xlink:arcrole="http://xbrl.org/int/dim/arcrole/domain-member" xlink:from="ifrs-gp_FinancialLiabilitiesHeldForTradingTradingDerivatives" xlink:to="p-FINREP_FinancialLiabilitiesHeldForTradingTradingDerivativesFXFuture" order="13" use="optional" />
    <loc xlink:type="locator" xlink:href="p-FINREP-2008-01-01.xsd#p-FINREP_FinancialLiabilitiesHeldForTradingTradingDerivativesFXCrossCurrencySwap" xlink:label="p-FINREP_FinancialLiabilitiesHeldForTradingTradingDerivativesFXCrossCurrencySwap" />
    <definitionArc xlink:type="arc" xlink:arcrole="http://xbrl.org/int/dim/arcrole/domain-member" xlink:from="ifrs-gp_FinancialLiabilitiesHeldForTradingTradingDerivatives" xlink:to="p-FINREP_FinancialLiabilitiesHeldForTradingTradingDerivativesFXCrossCurrencySwap" order="14" use="optional" />
    <loc xlink:type="locator" xlink:href="p-FINREP-2008-01-01.xsd#p-FINREP_FinancialLiabilitiesHeldForTradingTradingDerivativesFXOption" xlink:label="p-FINREP_FinancialLiabilitiesHeldForTradingTradingDerivativesFXOption" />
    <definitionArc xlink:type="arc" xlink:arcrole="http://xbrl.org/int/dim/arcrole/domain-member" xlink:from="ifrs-gp_FinancialLiabilitiesHeldForTradingTradingDerivatives" xlink:to="p-FINREP_FinancialLiabilitiesHeldForTradingTradingDerivativesFXOption" order="15" use="optional" />
    <loc xlink:type="locator" xlink:href="p-FINREP-2008-01-01.xsd#p-FINREP_FinancialLiabilitiesHeldForTradingTradingDerivativesFXForwardRateAgreement" xlink:label="p-FINREP_FinancialLiabilitiesHeldForTradingTradingDerivativesFXForwardRateAgreement" />
    <definitionArc xlink:type="arc" xlink:arcrole="http://xbrl.org/int/dim/arcrole/domain-member" xlink:from="ifrs-gp_FinancialLiabilitiesHeldForTradingTradingDerivatives" xlink:to="p-FINREP_FinancialLiabilitiesHeldForTradingTradingDerivativesFXForwardRateAgreement" order="16" use="optional" />
    <loc xlink:type="locator" xlink:href="p-FINREP-2008-01-01.xsd#p-FINREP_FinancialLiabilitiesHeldForTradingTradingDerivativesFXOther" xlink:label="p-FINREP_FinancialLiabilitiesHeldForTradingTradingDerivativesFXOther" />
    <definitionArc xlink:type="arc" xlink:arcrole="http://xbrl.org/int/dim/arcrole/domain-member" xlink:from="ifrs-gp_FinancialLiabilitiesHeldForTradingTradingDerivatives" xlink:to="p-FINREP_FinancialLiabilitiesHeldForTradingTradingDerivativesFXOther" order="17" use="optional" />
    <loc xlink:type="locator" xlink:href="p-FINREP-2008-01-01.xsd#p-FINREP_FinancialLiabilitiesHeldForTradingTradingDerivativesCreditDefaultSwap" xlink:label="p-FINREP_FinancialLiabilitiesHeldForTradingTradingDerivativesCreditDefaultSwap" />
    <definitionArc xlink:type="arc" xlink:arcrole="http://xbrl.org/int/dim/arcrole/domain-member" xlink:from="ifrs-gp_FinancialLiabilitiesHeldForTradingTradingDerivatives" xlink:to="p-FINREP_FinancialLiabilitiesHeldForTradingTradingDerivativesCreditDefaultSwap" order="18" use="optional" />
    <loc xlink:type="locator" xlink:href="p-FINREP-2008-01-01.xsd#p-FINREP_FinancialLiabilitiesHeldForTradingTradingDerivativesCreditSpreadOption" xlink:label="p-FINREP_FinancialLiabilitiesHeldForTradingTradingDerivativesCreditSpreadOption" />
    <definitionArc xlink:type="arc" xlink:arcrole="http://xbrl.org/int/dim/arcrole/domain-member" xlink:from="ifrs-gp_FinancialLiabilitiesHeldForTradingTradingDerivatives" xlink:to="p-FINREP_FinancialLiabilitiesHeldForTradingTradingDerivativesCreditSpreadOption" order="19" use="optional" />
    <loc xlink:type="locator" xlink:href="p-FINREP-2008-01-01.xsd#p-FINREP_FinancialLiabilitiesHeldForTradingTradingDerivativesCreditTotalReturnSwap" xlink:label="p-FINREP_FinancialLiabilitiesHeldForTradingTradingDerivativesCreditTotalReturnSwap" />
    <definitionArc xlink:type="arc" xlink:arcrole="http://xbrl.org/int/dim/arcrole/domain-member" xlink:from="ifrs-gp_FinancialLiabilitiesHeldForTradingTradingDerivatives" xlink:to="p-FINREP_FinancialLiabilitiesHeldForTradingTradingDerivativesCreditTotalReturnSwap" order="20" use="optional" />
    <loc xlink:type="locator" xlink:href="p-FINREP-2008-01-01.xsd#p-FINREP_FinancialLiabilitiesHeldForTradingTradingDerivativesCreditOther" xlink:label="p-FINREP_FinancialLiabilitiesHeldForTradingTradingDerivativesCreditOther" />
    <definitionArc xlink:type="arc" xlink:arcrole="http://xbrl.org/int/dim/arcrole/domain-member" xlink:from="ifrs-gp_FinancialLiabilitiesHeldForTradingTradingDerivatives" xlink:to="p-FINREP_FinancialLiabilitiesHeldForTradingTradingDerivativesCreditOther" order="21" use="optional" />
    <loc xlink:type="locator" xlink:href="p-FINREP-2008-01-01.xsd#p-FINREP_FinancialLiabilitiesHeldForTradingTradingDerivativesCommodity" xlink:label="p-FINREP_FinancialLiabilitiesHeldForTradingTradingDerivativesCommodity" />
    <definitionArc xlink:type="arc" xlink:arcrole="http://xbrl.org/int/dim/arcrole/domain-member" xlink:from="ifrs-gp_FinancialLiabilitiesHeldForTradingTradingDerivatives" xlink:to="p-FINREP_FinancialLiabilitiesHeldForTradingTradingDerivativesCommodity" order="22" use="optional" />
    <loc xlink:type="locator" xlink:href="p-FINREP-2008-01-01.xsd#p-FINREP_FinancialLiabilitiesHeldForTradingTradingDerivativesOther" xlink:label="p-FINREP_FinancialLiabilitiesHeldForTradingTradingDerivativesOther" />
    <definitionArc xlink:type="arc" xlink:arcrole="http://xbrl.org/int/dim/arcrole/domain-member" xlink:from="ifrs-gp_FinancialLiabilitiesHeldForTradingTradingDerivatives" xlink:to="p-FINREP_FinancialLiabilitiesHeldForTradingTradingDerivativesOther" order="23" use="optional" />
    <loc xlink:type="locator" xlink:href="p-FINREP-2008-01-01.xsd#p-FINREP_FinancialInstrumentsHeldForTradingTradingDerivativesNotionalAmountTotal" xlink:label="p-FINREP_FinancialInstrumentsHeldForTradingTradingDerivativesNotionalAmountTotal" />
    <definitionArc xlink:type="arc" xlink:arcrole="http://xbrl.org/int/dim/arcrole/domain-member" xlink:from="p-FINREP_DerivativesHeldForTradingPresentation" xlink:to="p-FINREP_FinancialInstrumentsHeldForTradingTradingDerivativesNotionalAmountTotal" order="3" use="optional" />
    <loc xlink:type="locator" xlink:href="p-FINREP-2008-01-01.xsd#p-FINREP_FinancialInstrumentsHeldForTradingTradingDerivativesNotionalAmountInterestRateOptions" xlink:label="p-FINREP_FinancialInstrumentsHeldForTradingTradingDerivativesNotionalAmountInterestRateOptions" />
    <definitionArc xlink:type="arc" xlink:arcrole="http://xbrl.org/int/dim/arcrole/domain-member" xlink:from="p-FINREP_FinancialInstrumentsHeldForTradingTradingDerivativesNotionalAmountTotal" xlink:to="p-FINREP_FinancialInstrumentsHeldForTradingTradingDerivativesNotionalAmountInterestRateOptions" order="1" use="optional" />
    <loc xlink:type="locator" xlink:href="p-FINREP-2008-01-01.xsd#p-FINREP_FinancialInstrumentsHeldForTradingTradingDerivativesNotionalAmountInterestRateSwaps" xlink:label="p-FINREP_FinancialInstrumentsHeldForTradingTradingDerivativesNotionalAmountInterestRateSwaps" />
    <definitionArc xlink:type="arc" xlink:arcrole="http://xbrl.org/int/dim/arcrole/domain-member" xlink:from="p-FINREP_FinancialInstrumentsHeldForTradingTradingDerivativesNotionalAmountTotal" xlink:to="p-FINREP_FinancialInstrumentsHeldForTradingTradingDerivativesNotionalAmountInterestRateSwaps" order="2" use="optional" />
    <loc xlink:type="locator" xlink:href="p-FINREP-2008-01-01.xsd#p-FINREP_FinancialInstrumentsHeldForTradingTradingDerivativesNotionalAmountInterestRateForwardRateAgreement" xlink:label="p-FINREP_FinancialInstrumentsHeldForTradingTradingDerivativesNotionalAmountInterestRateForwardRateAgreement" />
    <definitionArc xlink:type="arc" xlink:arcrole="http://xbrl.org/int/dim/arcrole/domain-member" xlink:from="p-FINREP_FinancialInstrumentsHeldForTradingTradingDerivativesNotionalAmountTotal" xlink:to="p-FINREP_FinancialInstrumentsHeldForTradingTradingDerivativesNotionalAmountInterestRateForwardRateAgreement" order="3" use="optional" />
    <loc xlink:type="locator" xlink:href="p-FINREP-2008-01-01.xsd#p-FINREP_FinancialInstrumentsHeldForTradingTradingDerivativesNotionalAmountInterestRateForward" xlink:label="p-FINREP_FinancialInstrumentsHeldForTradingTradingDerivativesNotionalAmountInterestRateForward" />
    <definitionArc xlink:type="arc" xlink:arcrole="http://xbrl.org/int/dim/arcrole/domain-member" xlink:from="p-FINREP_FinancialInstrumentsHeldForTradingTradingDerivativesNotionalAmountTotal" xlink:to="p-FINREP_FinancialInstrumentsHeldForTradingTradingDerivativesNotionalAmountInterestRateForward" order="4" use="optional" />
    <loc xlink:type="locator" xlink:href="p-FINREP-2008-01-01.xsd#p-FINREP_FinancialInstrumentsHeldForTradingTradingDerivativesNotionalAmountInterestRateFuture" xlink:label="p-FINREP_FinancialInstrumentsHeldForTradingTradingDerivativesNotionalAmountInterestRateFuture" />
    <definitionArc xlink:type="arc" xlink:arcrole="http://xbrl.org/int/dim/arcrole/domain-member" xlink:from="p-FINREP_FinancialInstrumentsHeldForTradingTradingDerivativesNotionalAmountTotal" xlink:to="p-FINREP_FinancialInstrumentsHeldForTradingTradingDerivativesNotionalAmountInterestRateFuture" order="5" use="optional" />
    <loc xlink:type="locator" xlink:href="p-FINREP-2008-01-01.xsd#p-FINREP_FinancialInstrumentsHeldForTradingTradingDerivativesNotionalAmountInterestRateOther" xlink:label="p-FINREP_FinancialInstrumentsHeldForTradingTradingDerivativesNotionalAmountInterestRateOther" />
    <definitionArc xlink:type="arc" xlink:arcrole="http://xbrl.org/int/dim/arcrole/domain-member" xlink:from="p-FINREP_FinancialInstrumentsHeldForTradingTradingDerivativesNotionalAmountTotal" xlink:to="p-FINREP_FinancialInstrumentsHeldForTradingTradingDerivativesNotionalAmountInterestRateOther" order="6" use="optional" />
    <loc xlink:type="locator" xlink:href="p-FINREP-2008-01-01.xsd#p-FINREP_FinancialInstrumentsHeldForTradingTradingDerivativesNotionalAmountEquityForward" xlink:label="p-FINREP_FinancialInstrumentsHeldForTradingTradingDerivativesNotionalAmountEquityForward" />
    <definitionArc xlink:type="arc" xlink:arcrole="http://xbrl.org/int/dim/arcrole/domain-member" xlink:from="p-FINREP_FinancialInstrumentsHeldForTradingTradingDerivativesNotionalAmountTotal" xlink:to="p-FINREP_FinancialInstrumentsHeldForTradingTradingDerivativesNotionalAmountEquityForward" order="7" use="optional" />
    <loc xlink:type="locator" xlink:href="p-FINREP-2008-01-01.xsd#p-FINREP_FinancialInstrumentsHeldForTradingTradingDerivativesNotionalAmountEquityFuture" xlink:label="p-FINREP_FinancialInstrumentsHeldForTradingTradingDerivativesNotionalAmountEquityFuture" />
    <definitionArc xlink:type="arc" xlink:arcrole="http://xbrl.org/int/dim/arcrole/domain-member" xlink:from="p-FINREP_FinancialInstrumentsHeldForTradingTradingDerivativesNotionalAmountTotal" xlink:to="p-FINREP_FinancialInstrumentsHeldForTradingTradingDerivativesNotionalAmountEquityFuture" order="8" use="optional" />
    <loc xlink:type="locator" xlink:href="p-FINREP-2008-01-01.xsd#p-FINREP_FinancialInstrumentsHeldForTradingTradingDerivativesNotionalAmountEquityOption" xlink:label="p-FINREP_FinancialInstrumentsHeldForTradingTradingDerivativesNotionalAmountEquityOption" />
    <definitionArc xlink:type="arc" xlink:arcrole="http://xbrl.org/int/dim/arcrole/domain-member" xlink:from="p-FINREP_FinancialInstrumentsHeldForTradingTradingDerivativesNotionalAmountTotal" xlink:to="p-FINREP_FinancialInstrumentsHeldForTradingTradingDerivativesNotionalAmountEquityOption" order="9" use="optional" />
    <loc xlink:type="locator" xlink:href="p-FINREP-2008-01-01.xsd#p-FINREP_FinancialInstrumentsHeldForTradingTradingDerivativesNotionalAmountEquityWarrant" xlink:label="p-FINREP_FinancialInstrumentsHeldForTradingTradingDerivativesNotionalAmountEquityWarrant" />
    <definitionArc xlink:type="arc" xlink:arcrole="http://xbrl.org/int/dim/arcrole/domain-member" xlink:from="p-FINREP_FinancialInstrumentsHeldForTradingTradingDerivativesNotionalAmountTotal" xlink:to="p-FINREP_FinancialInstrumentsHeldForTradingTradingDerivativesNotionalAmountEquityWarrant" order="10" use="optional" />
    <loc xlink:type="locator" xlink:href="p-FINREP-2008-01-01.xsd#p-FINREP_FinancialInstrumentsHeldForTradingTradingDerivativesNotionalAmountEquityOther" xlink:label="p-FINREP_FinancialInstrumentsHeldForTradingTradingDerivativesNotionalAmountEquityOther" />
    <definitionArc xlink:type="arc" xlink:arcrole="http://xbrl.org/int/dim/arcrole/domain-member" xlink:from="p-FINREP_FinancialInstrumentsHeldForTradingTradingDerivativesNotionalAmountTotal" xlink:to="p-FINREP_FinancialInstrumentsHeldForTradingTradingDerivativesNotionalAmountEquityOther" order="11" use="optional" />
    <loc xlink:type="locator" xlink:href="p-FINREP-2008-01-01.xsd#p-FINREP_FinancialInstrumentsHeldForTradingTradingDerivativesNotionalAmountFXForward" xlink:label="p-FINREP_FinancialInstrumentsHeldForTradingTradingDerivativesNotionalAmountFXForward" />
    <definitionArc xlink:type="arc" xlink:arcrole="http://xbrl.org/int/dim/arcrole/domain-member" xlink:from="p-FINREP_FinancialInstrumentsHeldForTradingTradingDerivativesNotionalAmountTotal" xlink:to="p-FINREP_FinancialInstrumentsHeldForTradingTradingDerivativesNotionalAmountFXForward" order="12" use="optional" />
    <loc xlink:type="locator" xlink:href="p-FINREP-2008-01-01.xsd#p-FINREP_FinancialInstrumentsHeldForTradingTradingDerivativesNotionalAmountFXFuture" xlink:label="p-FINREP_FinancialInstrumentsHeldForTradingTradingDerivativesNotionalAmountFXFuture" />
    <definitionArc xlink:type="arc" xlink:arcrole="http://xbrl.org/int/dim/arcrole/domain-member" xlink:from="p-FINREP_FinancialInstrumentsHeldForTradingTradingDerivativesNotionalAmountTotal" xlink:to="p-FINREP_FinancialInstrumentsHeldForTradingTradingDerivativesNotionalAmountFXFuture" order="13" use="optional" />
    <loc xlink:type="locator" xlink:href="p-FINREP-2008-01-01.xsd#p-FINREP_FinancialInstrumentsHeldForTradingTradingDerivativesNotionalAmountFXCrossCurrencySwap" xlink:label="p-FINREP_FinancialInstrumentsHeldForTradingTradingDerivativesNotionalAmountFXCrossCurrencySwap" />
    <definitionArc xlink:type="arc" xlink:arcrole="http://xbrl.org/int/dim/arcrole/domain-member" xlink:from="p-FINREP_FinancialInstrumentsHeldForTradingTradingDerivativesNotionalAmountTotal" xlink:to="p-FINREP_FinancialInstrumentsHeldForTradingTradingDerivativesNotionalAmountFXCrossCurrencySwap" order="14" use="optional" />
    <loc xlink:type="locator" xlink:href="p-FINREP-2008-01-01.xsd#p-FINREP_FinancialInstrumentsHeldForTradingTradingDerivativesNotionalAmountFXOption" xlink:label="p-FINREP_FinancialInstrumentsHeldForTradingTradingDerivativesNotionalAmountFXOption" />
    <definitionArc xlink:type="arc" xlink:arcrole="http://xbrl.org/int/dim/arcrole/domain-member" xlink:from="p-FINREP_FinancialInstrumentsHeldForTradingTradingDerivativesNotionalAmountTotal" xlink:to="p-FINREP_FinancialInstrumentsHeldForTradingTradingDerivativesNotionalAmountFXOption" order="15" use="optional" />
    <loc xlink:type="locator" xlink:href="p-FINREP-2008-01-01.xsd#p-FINREP_FinancialInstrumentsHeldForTradingTradingDerivativesNotionalAmountFXForwardRateAgreement" xlink:label="p-FINREP_FinancialInstrumentsHeldForTradingTradingDerivativesNotionalAmountFXForwardRateAgreement" />
    <definitionArc xlink:type="arc" xlink:arcrole="http://xbrl.org/int/dim/arcrole/domain-member" xlink:from="p-FINREP_FinancialInstrumentsHeldForTradingTradingDerivativesNotionalAmountTotal" xlink:to="p-FINREP_FinancialInstrumentsHeldForTradingTradingDerivativesNotionalAmountFXForwardRateAgreement" order="16" use="optional" />
    <loc xlink:type="locator" xlink:href="p-FINREP-2008-01-01.xsd#p-FINREP_FinancialInstrumentsHeldForTradingTradingDerivativesNotionalAmountFXOther" xlink:label="p-FINREP_FinancialInstrumentsHeldForTradingTradingDerivativesNotionalAmountFXOther" />
    <definitionArc xlink:type="arc" xlink:arcrole="http://xbrl.org/int/dim/arcrole/domain-member" xlink:from="p-FINREP_FinancialInstrumentsHeldForTradingTradingDerivativesNotionalAmountTotal" xlink:to="p-FINREP_FinancialInstrumentsHeldForTradingTradingDerivativesNotionalAmountFXOther" order="17" use="optional" />
    <loc xlink:type="locator" xlink:href="p-FINREP-2008-01-01.xsd#p-FINREP_FinancialInstrumentsHeldForTradingTradingDerivativesNotionalAmountCreditDefaultSwap" xlink:label="p-FINREP_FinancialInstrumentsHeldForTradingTradingDerivativesNotionalAmountCreditDefaultSwap" />
    <definitionArc xlink:type="arc" xlink:arcrole="http://xbrl.org/int/dim/arcrole/domain-member" xlink:from="p-FINREP_FinancialInstrumentsHeldForTradingTradingDerivativesNotionalAmountTotal" xlink:to="p-FINREP_FinancialInstrumentsHeldForTradingTradingDerivativesNotionalAmountCreditDefaultSwap" order="18" use="optional" />
    <loc xlink:type="locator" xlink:href="p-FINREP-2008-01-01.xsd#p-FINREP_FinancialInstrumentsHeldForTradingTradingDerivativesNotionalAmountCreditSpreadOption" xlink:label="p-FINREP_FinancialInstrumentsHeldForTradingTradingDerivativesNotionalAmountCreditSpreadOption" />
    <definitionArc xlink:type="arc" xlink:arcrole="http://xbrl.org/int/dim/arcrole/domain-member" xlink:from="p-FINREP_FinancialInstrumentsHeldForTradingTradingDerivativesNotionalAmountTotal" xlink:to="p-FINREP_FinancialInstrumentsHeldForTradingTradingDerivativesNotionalAmountCreditSpreadOption" order="19" use="optional" />
    <loc xlink:type="locator" xlink:href="p-FINREP-2008-01-01.xsd#p-FINREP_FinancialInstrumentsHeldForTradingTradingDerivativesNotionalAmountCreditTotalReturnSwap" xlink:label="p-FINREP_FinancialInstrumentsHeldForTradingTradingDerivativesNotionalAmountCreditTotalReturnSwap" />
    <definitionArc xlink:type="arc" xlink:arcrole="http://xbrl.org/int/dim/arcrole/domain-member" xlink:from="p-FINREP_FinancialInstrumentsHeldForTradingTradingDerivativesNotionalAmountTotal" xlink:to="p-FINREP_FinancialInstrumentsHeldForTradingTradingDerivativesNotionalAmountCreditTotalReturnSwap" order="20" use="optional" />
    <loc xlink:type="locator" xlink:href="p-FINREP-2008-01-01.xsd#p-FINREP_FinancialInstrumentsHeldForTradingTradingDerivativesNotionalAmountCreditOther" xlink:label="p-FINREP_FinancialInstrumentsHeldForTradingTradingDerivativesNotionalAmountCreditOther" />
    <definitionArc xlink:type="arc" xlink:arcrole="http://xbrl.org/int/dim/arcrole/domain-member" xlink:from="p-FINREP_FinancialInstrumentsHeldForTradingTradingDerivativesNotionalAmountTotal" xlink:to="p-FINREP_FinancialInstrumentsHeldForTradingTradingDerivativesNotionalAmountCreditOther" order="21" use="optional" />
    <loc xlink:type="locator" xlink:href="p-FINREP-2008-01-01.xsd#p-FINREP_FinancialInstrumentsHeldForTradingTradingDerivativesNotionalAmountCommodity" xlink:label="p-FINREP_FinancialInstrumentsHeldForTradingTradingDerivativesNotionalAmountCommodity" />
    <definitionArc xlink:type="arc" xlink:arcrole="http://xbrl.org/int/dim/arcrole/domain-member" xlink:from="p-FINREP_FinancialInstrumentsHeldForTradingTradingDerivativesNotionalAmountTotal" xlink:to="p-FINREP_FinancialInstrumentsHeldForTradingTradingDerivativesNotionalAmountCommodity" order="22" use="optional" />
    <loc xlink:type="locator" xlink:href="p-FINREP-2008-01-01.xsd#p-FINREP_FinancialInstrumentsHeldForTradingTradingDerivativesNotionalAmountOther" xlink:label="p-FINREP_FinancialInstrumentsHeldForTradingTradingDerivativesNotionalAmountOther" />
    <definitionArc xlink:type="arc" xlink:arcrole="http://xbrl.org/int/dim/arcrole/domain-member" xlink:from="p-FINREP_FinancialInstrumentsHeldForTradingTradingDerivativesNotionalAmountTotal" xlink:to="p-FINREP_FinancialInstrumentsHeldForTradingTradingDerivativesNotionalAmountOther" order="23" use="optional" />
</definitionLink>
</linkbase>