<?xml version="1.0" encoding="UTF-8"?>
<?taxonomy-version 1.3.2?>
<!--Copyright (C) 2011 EBA - European Banking Authority, Tower 42, 25 Old Broad Street, London, EC2N 1HQ, United Kingdom.-->   
<linkbase xmlns="http://www.xbrl.org/2003/linkbase" xmlns:xlink="http://www.w3.org/1999/xlink" xmlns:xsi="http://www.w3.org/2001/XMLSchema-instance" xsi:schemaLocation="http://www.xbrl.org/2003/linkbase http://www.xbrl.org/2003/xbrl-linkbase-2003-12-31.xsd">
  <roleRef roleURI="http://www.c-ebs.org/eu/fr/esrs/finrep/2008-01-01/role/ReposReverseReposAndRelated" xlink:type="simple" xlink:href="p-FINREP-2008-01-01-T33-ReposReverseReposAndRelated.xsd#ReposReverseReposAndRelated"/>
  <arcroleRef arcroleURI="http://xbrl.org/int/dim/arcrole/domain-member" xlink:type="simple" xlink:href="http://www.xbrl.org/2005/xbrldt-2005.xsd#domain-member"/>
  <definitionLink xlink:type="extended" xlink:role="http://www.c-ebs.org/eu/fr/esrs/finrep/2008-01-01/role/ReposReverseReposAndRelated">
    <loc xlink:type="locator" xlink:href="p-FINREP-2008-01-01.xsd#p-FINREP_RepurchaseAgreementsReverseRepurchaseAgreementsAndRelatedAgreementsPresentation" xlink:label="p-FINREP_RepurchaseAgreementsReverseRepurchaseAgreementsAndRelatedAgreementsPresentation"/>
    <loc xlink:type="locator" xlink:href="p-FINREP-2008-01-01.xsd#p-FINREP_NonCashCollateralProvidedToTransfereePresentation" xlink:label="p-FINREP_NonCashCollateralProvidedToTransfereePresentation"/>
    <definitionArc xlink:type="arc" xlink:arcrole="http://xbrl.org/int/dim/arcrole/domain-member" xlink:from="p-FINREP_RepurchaseAgreementsReverseRepurchaseAgreementsAndRelatedAgreementsPresentation" xlink:to="p-FINREP_NonCashCollateralProvidedToTransfereePresentation" use="optional" order="1.0"/>
    <loc xlink:type="locator" xlink:href="p-FINREP-2008-01-01.xsd#p-FINREP_EquityInstrumentsProvidedAsNonCashCollateral" xlink:label="p-FINREP_EquityInstrumentsProvidedAsNonCashCollateral"/>
    <definitionArc xlink:type="arc" xlink:arcrole="http://xbrl.org/int/dim/arcrole/domain-member" xlink:from="p-FINREP_NonCashCollateralProvidedToTransfereePresentation" xlink:to="p-FINREP_EquityInstrumentsProvidedAsNonCashCollateral" use="optional" order="1.0"/>
    <loc xlink:type="locator" xlink:href="p-FINREP-2008-01-01.xsd#p-FINREP_EquityInstrumentsProvidedAsNonCashCollateralHeldForTrading" xlink:label="p-FINREP_EquityInstrumentsProvidedAsNonCashCollateralHeldForTrading"/>
    <definitionArc xlink:type="arc" xlink:arcrole="http://xbrl.org/int/dim/arcrole/domain-member" xlink:from="p-FINREP_EquityInstrumentsProvidedAsNonCashCollateral" xlink:to="p-FINREP_EquityInstrumentsProvidedAsNonCashCollateralHeldForTrading" use="optional" order="1.0"/>
    <loc xlink:type="locator" xlink:href="p-FINREP-2008-01-01.xsd#p-FINREP_EquityInstrumentsProvidedAsNonCashCollateralDesignatedAsFairValueThroughProfitOrLoss" xlink:label="p-FINREP_EquityInstrumentsProvidedAsNonCashCollateralDesignatedAsFairValueThroughProfitOrLoss"/>
    <definitionArc xlink:type="arc" xlink:arcrole="http://xbrl.org/int/dim/arcrole/domain-member" xlink:from="p-FINREP_EquityInstrumentsProvidedAsNonCashCollateral" xlink:to="p-FINREP_EquityInstrumentsProvidedAsNonCashCollateralDesignatedAsFairValueThroughProfitOrLoss" use="optional" order="2.0"/>
    <loc xlink:type="locator" xlink:href="p-FINREP-2008-01-01.xsd#p-FINREP_EquityInstrumentsProvidedAsNonCashCollateralAvailableForSale" xlink:label="p-FINREP_EquityInstrumentsProvidedAsNonCashCollateralAvailableForSale"/>
    <definitionArc xlink:type="arc" xlink:arcrole="http://xbrl.org/int/dim/arcrole/domain-member" xlink:from="p-FINREP_EquityInstrumentsProvidedAsNonCashCollateral" xlink:to="p-FINREP_EquityInstrumentsProvidedAsNonCashCollateralAvailableForSale" use="optional" order="3.0"/>
    <loc xlink:type="locator" xlink:href="p-FINREP-2008-01-01.xsd#p-FINREP_EquityInstrumentsProvidedAsNonCashCollateralLoansAndReceivables" xlink:label="p-FINREP_EquityInstrumentsProvidedAsNonCashCollateralLoansAndReceivables"/>
    <definitionArc xlink:type="arc" xlink:arcrole="http://xbrl.org/int/dim/arcrole/domain-member" xlink:from="p-FINREP_EquityInstrumentsProvidedAsNonCashCollateral" xlink:to="p-FINREP_EquityInstrumentsProvidedAsNonCashCollateralLoansAndReceivables" use="optional" order="4.0"/>
    <loc xlink:type="locator" xlink:href="p-FINREP-2008-01-01.xsd#p-FINREP_EquityInstrumentsProvidedAsNonCashCollateralHeldToMaturity" xlink:label="p-FINREP_EquityInstrumentsProvidedAsNonCashCollateralHeldToMaturity"/>
    <definitionArc xlink:type="arc" xlink:arcrole="http://xbrl.org/int/dim/arcrole/domain-member" xlink:from="p-FINREP_EquityInstrumentsProvidedAsNonCashCollateral" xlink:to="p-FINREP_EquityInstrumentsProvidedAsNonCashCollateralHeldToMaturity" use="optional" order="5.0"/>
    <loc xlink:type="locator" xlink:href="p-FINREP-2008-01-01.xsd#p-FINREP_EquityInstrumentsProvidedAsNonCashCollateralOther" xlink:label="p-FINREP_EquityInstrumentsProvidedAsNonCashCollateralOther"/>
    <definitionArc xlink:type="arc" xlink:arcrole="http://xbrl.org/int/dim/arcrole/domain-member" xlink:from="p-FINREP_EquityInstrumentsProvidedAsNonCashCollateral" xlink:to="p-FINREP_EquityInstrumentsProvidedAsNonCashCollateralOther" use="optional" order="6.0"/>
    <loc xlink:type="locator" xlink:href="p-FINREP-2008-01-01.xsd#p-FINREP_DebtInstrumentsProvidedAsNonCashCollateral" xlink:label="p-FINREP_DebtInstrumentsProvidedAsNonCashCollateral"/>
    <definitionArc xlink:type="arc" xlink:arcrole="http://xbrl.org/int/dim/arcrole/domain-member" xlink:from="p-FINREP_NonCashCollateralProvidedToTransfereePresentation" xlink:to="p-FINREP_DebtInstrumentsProvidedAsNonCashCollateral" use="optional" order="2.0"/>
    <loc xlink:type="locator" xlink:href="p-FINREP-2008-01-01.xsd#p-FINREP_DebtInstrumentsProvidedAsNonCashCollateralHeldForTrading" xlink:label="p-FINREP_DebtInstrumentsProvidedAsNonCashCollateralHeldForTrading"/>
    <definitionArc xlink:type="arc" xlink:arcrole="http://xbrl.org/int/dim/arcrole/domain-member" xlink:from="p-FINREP_DebtInstrumentsProvidedAsNonCashCollateral" xlink:to="p-FINREP_DebtInstrumentsProvidedAsNonCashCollateralHeldForTrading" use="optional" order="1.0"/>
    <loc xlink:type="locator" xlink:href="p-FINREP-2008-01-01.xsd#p-FINREP_DebtInstrumentsProvidedAsNonCashCollateralDesignatedAsFairValueThroughProfitOrLoss" xlink:label="p-FINREP_DebtInstrumentsProvidedAsNonCashCollateralDesignatedAsFairValueThroughProfitOrLoss"/>
    <definitionArc xlink:type="arc" xlink:arcrole="http://xbrl.org/int/dim/arcrole/domain-member" xlink:from="p-FINREP_DebtInstrumentsProvidedAsNonCashCollateral" xlink:to="p-FINREP_DebtInstrumentsProvidedAsNonCashCollateralDesignatedAsFairValueThroughProfitOrLoss" use="optional" order="2.0"/>
    <loc xlink:type="locator" xlink:href="p-FINREP-2008-01-01.xsd#p-FINREP_DebtInstrumentsProvidedAsNonCashCollateralAvailableForSale" xlink:label="p-FINREP_DebtInstrumentsProvidedAsNonCashCollateralAvailableForSale"/>
    <definitionArc xlink:type="arc" xlink:arcrole="http://xbrl.org/int/dim/arcrole/domain-member" xlink:from="p-FINREP_DebtInstrumentsProvidedAsNonCashCollateral" xlink:to="p-FINREP_DebtInstrumentsProvidedAsNonCashCollateralAvailableForSale" use="optional" order="3.0"/>
    <loc xlink:type="locator" xlink:href="p-FINREP-2008-01-01.xsd#p-FINREP_DebtInstrumentsProvidedAsNonCashCollateralLoansAndReceivables" xlink:label="p-FINREP_DebtInstrumentsProvidedAsNonCashCollateralLoansAndReceivables"/>
    <definitionArc xlink:type="arc" xlink:arcrole="http://xbrl.org/int/dim/arcrole/domain-member" xlink:from="p-FINREP_DebtInstrumentsProvidedAsNonCashCollateral" xlink:to="p-FINREP_DebtInstrumentsProvidedAsNonCashCollateralLoansAndReceivables" use="optional" order="4.0"/>
    <loc xlink:type="locator" xlink:href="p-FINREP-2008-01-01.xsd#p-FINREP_DebtInstrumentsProvidedAsNonCashCollateralHeldToMaturity" xlink:label="p-FINREP_DebtInstrumentsProvidedAsNonCashCollateralHeldToMaturity"/>
    <definitionArc xlink:type="arc" xlink:arcrole="http://xbrl.org/int/dim/arcrole/domain-member" xlink:from="p-FINREP_DebtInstrumentsProvidedAsNonCashCollateral" xlink:to="p-FINREP_DebtInstrumentsProvidedAsNonCashCollateralHeldToMaturity" use="optional" order="5.0"/>
    <loc xlink:type="locator" xlink:href="p-FINREP-2008-01-01.xsd#p-FINREP_DebtInstrumentsProvidedAsNonCashCollateralOther" xlink:label="p-FINREP_DebtInstrumentsProvidedAsNonCashCollateralOther"/>
    <definitionArc xlink:type="arc" xlink:arcrole="http://xbrl.org/int/dim/arcrole/domain-member" xlink:from="p-FINREP_DebtInstrumentsProvidedAsNonCashCollateral" xlink:to="p-FINREP_DebtInstrumentsProvidedAsNonCashCollateralOther" use="optional" order="6.0"/>
    <loc xlink:type="locator" xlink:href="p-FINREP-2008-01-01.xsd#p-FINREP_LoansAndAdvancesProvidedAsNonCashCollateral" xlink:label="p-FINREP_LoansAndAdvancesProvidedAsNonCashCollateral"/>
    <definitionArc xlink:type="arc" xlink:arcrole="http://xbrl.org/int/dim/arcrole/domain-member" xlink:from="p-FINREP_NonCashCollateralProvidedToTransfereePresentation" xlink:to="p-FINREP_LoansAndAdvancesProvidedAsNonCashCollateral" use="optional" order="3.0"/>
    <loc xlink:type="locator" xlink:href="p-FINREP-2008-01-01.xsd#p-FINREP_LoansAndAdvancesProvidedAsNonCashCollateralHeldForTrading" xlink:label="p-FINREP_LoansAndAdvancesProvidedAsNonCashCollateralHeldForTrading"/>
    <definitionArc xlink:type="arc" xlink:arcrole="http://xbrl.org/int/dim/arcrole/domain-member" xlink:from="p-FINREP_LoansAndAdvancesProvidedAsNonCashCollateral" xlink:to="p-FINREP_LoansAndAdvancesProvidedAsNonCashCollateralHeldForTrading" use="optional" order="1.0"/>
    <loc xlink:type="locator" xlink:href="p-FINREP-2008-01-01.xsd#p-FINREP_LoansAndAdvancesProvidedAsNonCashCollateralDesignatedAsFairValueThroughProfitOrLoss" xlink:label="p-FINREP_LoansAndAdvancesProvidedAsNonCashCollateralDesignatedAsFairValueThroughProfitOrLoss"/>
    <definitionArc xlink:type="arc" xlink:arcrole="http://xbrl.org/int/dim/arcrole/domain-member" xlink:from="p-FINREP_LoansAndAdvancesProvidedAsNonCashCollateral" xlink:to="p-FINREP_LoansAndAdvancesProvidedAsNonCashCollateralDesignatedAsFairValueThroughProfitOrLoss" use="optional" order="2.0"/>
    <loc xlink:type="locator" xlink:href="p-FINREP-2008-01-01.xsd#p-FINREP_LoansAndAdvancesProvidedAsNonCashCollateralAvailableForSale" xlink:label="p-FINREP_LoansAndAdvancesProvidedAsNonCashCollateralAvailableForSale"/>
    <definitionArc xlink:type="arc" xlink:arcrole="http://xbrl.org/int/dim/arcrole/domain-member" xlink:from="p-FINREP_LoansAndAdvancesProvidedAsNonCashCollateral" xlink:to="p-FINREP_LoansAndAdvancesProvidedAsNonCashCollateralAvailableForSale" use="optional" order="3.0"/>
    <loc xlink:type="locator" xlink:href="p-FINREP-2008-01-01.xsd#p-FINREP_LoansAndAdvancesProvidedAsNonCashCollateralLoansAndReceivables" xlink:label="p-FINREP_LoansAndAdvancesProvidedAsNonCashCollateralLoansAndReceivables"/>
    <definitionArc xlink:type="arc" xlink:arcrole="http://xbrl.org/int/dim/arcrole/domain-member" xlink:from="p-FINREP_LoansAndAdvancesProvidedAsNonCashCollateral" xlink:to="p-FINREP_LoansAndAdvancesProvidedAsNonCashCollateralLoansAndReceivables" use="optional" order="4.0"/>
    <loc xlink:type="locator" xlink:href="p-FINREP-2008-01-01.xsd#p-FINREP_LoansAndAdvancesProvidedAsNonCashCollateralHeldToMaturity" xlink:label="p-FINREP_LoansAndAdvancesProvidedAsNonCashCollateralHeldToMaturity"/>
    <definitionArc xlink:type="arc" xlink:arcrole="http://xbrl.org/int/dim/arcrole/domain-member" xlink:from="p-FINREP_LoansAndAdvancesProvidedAsNonCashCollateral" xlink:to="p-FINREP_LoansAndAdvancesProvidedAsNonCashCollateralHeldToMaturity" use="optional" order="5.0"/>
    <loc xlink:type="locator" xlink:href="p-FINREP-2008-01-01.xsd#p-FINREP_LoansAndAdvancesProvidedAsNonCashCollateralOther" xlink:label="p-FINREP_LoansAndAdvancesProvidedAsNonCashCollateralOther"/>
    <definitionArc xlink:type="arc" xlink:arcrole="http://xbrl.org/int/dim/arcrole/domain-member" xlink:from="p-FINREP_LoansAndAdvancesProvidedAsNonCashCollateral" xlink:to="p-FINREP_LoansAndAdvancesProvidedAsNonCashCollateralOther" use="optional" order="6.0"/>
    <loc xlink:type="locator" xlink:href="p-FINREP-2008-01-01.xsd#p-FINREP_OtherInstrumentsProvidedAsNonCashCollateral" xlink:label="p-FINREP_OtherInstrumentsProvidedAsNonCashCollateral"/>
    <definitionArc xlink:type="arc" xlink:arcrole="http://xbrl.org/int/dim/arcrole/domain-member" xlink:from="p-FINREP_NonCashCollateralProvidedToTransfereePresentation" xlink:to="p-FINREP_OtherInstrumentsProvidedAsNonCashCollateral" use="optional" order="4.0"/>
    <loc xlink:type="locator" xlink:href="p-FINREP-2008-01-01.xsd#p-FINREP_OtherInstrumentsProvidedAsNonCashCollateralHeldForTrading" xlink:label="p-FINREP_OtherInstrumentsProvidedAsNonCashCollateralHeldForTrading"/>
    <definitionArc xlink:type="arc" xlink:arcrole="http://xbrl.org/int/dim/arcrole/domain-member" xlink:from="p-FINREP_OtherInstrumentsProvidedAsNonCashCollateral" xlink:to="p-FINREP_OtherInstrumentsProvidedAsNonCashCollateralHeldForTrading" use="optional" order="1.0"/>
    <loc xlink:type="locator" xlink:href="p-FINREP-2008-01-01.xsd#p-FINREP_OtherInstrumentsProvidedAsNonCashCollateralDesignatedAsFairValueThroughProfitOrLoss" xlink:label="p-FINREP_OtherInstrumentsProvidedAsNonCashCollateralDesignatedAsFairValueThroughProfitOrLoss"/>
    <definitionArc xlink:type="arc" xlink:arcrole="http://xbrl.org/int/dim/arcrole/domain-member" xlink:from="p-FINREP_OtherInstrumentsProvidedAsNonCashCollateral" xlink:to="p-FINREP_OtherInstrumentsProvidedAsNonCashCollateralDesignatedAsFairValueThroughProfitOrLoss" use="optional" order="2.0"/>
    <loc xlink:type="locator" xlink:href="p-FINREP-2008-01-01.xsd#p-FINREP_OtherInstrumentsProvidedAsNonCashCollateralAvailableForSale" xlink:label="p-FINREP_OtherInstrumentsProvidedAsNonCashCollateralAvailableForSale"/>
    <definitionArc xlink:type="arc" xlink:arcrole="http://xbrl.org/int/dim/arcrole/domain-member" xlink:from="p-FINREP_OtherInstrumentsProvidedAsNonCashCollateral" xlink:to="p-FINREP_OtherInstrumentsProvidedAsNonCashCollateralAvailableForSale" use="optional" order="3.0"/>
    <loc xlink:type="locator" xlink:href="p-FINREP-2008-01-01.xsd#p-FINREP_OtherInstrumentsProvidedAsNonCashCollateralLoansAndReceivables" xlink:label="p-FINREP_OtherInstrumentsProvidedAsNonCashCollateralLoansAndReceivables"/>
    <definitionArc xlink:type="arc" xlink:arcrole="http://xbrl.org/int/dim/arcrole/domain-member" xlink:from="p-FINREP_OtherInstrumentsProvidedAsNonCashCollateral" xlink:to="p-FINREP_OtherInstrumentsProvidedAsNonCashCollateralLoansAndReceivables" use="optional" order="4.0"/>
    <loc xlink:type="locator" xlink:href="p-FINREP-2008-01-01.xsd#p-FINREP_OtherInstrumentsProvidedAsNonCashCollateralHeldToMaturity" xlink:label="p-FINREP_OtherInstrumentsProvidedAsNonCashCollateralHeldToMaturity"/>
    <definitionArc xlink:type="arc" xlink:arcrole="http://xbrl.org/int/dim/arcrole/domain-member" xlink:from="p-FINREP_OtherInstrumentsProvidedAsNonCashCollateral" xlink:to="p-FINREP_OtherInstrumentsProvidedAsNonCashCollateralHeldToMaturity" use="optional" order="5.0"/>
    <loc xlink:type="locator" xlink:href="p-FINREP-2008-01-01.xsd#p-FINREP_OtherInstrumentsProvidedAsNonCashCollateralOther" xlink:label="p-FINREP_OtherInstrumentsProvidedAsNonCashCollateralOther"/>
    <definitionArc xlink:type="arc" xlink:arcrole="http://xbrl.org/int/dim/arcrole/domain-member" xlink:from="p-FINREP_OtherInstrumentsProvidedAsNonCashCollateral" xlink:to="p-FINREP_OtherInstrumentsProvidedAsNonCashCollateralOther" use="optional" order="6.0"/>
    <loc xlink:type="locator" xlink:href="p-FINREP-2008-01-01.xsd#p-FINREP_NonCashCollateralProvidedTotal" xlink:label="p-FINREP_NonCashCollateralProvidedTotal"/>
    <definitionArc xlink:type="arc" xlink:arcrole="http://xbrl.org/int/dim/arcrole/domain-member" xlink:from="p-FINREP_NonCashCollateralProvidedToTransfereePresentation" xlink:to="p-FINREP_NonCashCollateralProvidedTotal" use="optional" order="5.0"/>
    <loc xlink:type="locator" xlink:href="p-FINREP-2008-01-01.xsd#p-FINREP_NonCashCollateralProvidedTotalHeldForTrading" xlink:label="p-FINREP_NonCashCollateralProvidedTotalHeldForTrading"/>
    <definitionArc xlink:type="arc" xlink:arcrole="http://xbrl.org/int/dim/arcrole/domain-member" xlink:from="p-FINREP_NonCashCollateralProvidedTotal" xlink:to="p-FINREP_NonCashCollateralProvidedTotalHeldForTrading" use="optional" order="1.0"/>
    <loc xlink:type="locator" xlink:href="p-FINREP-2008-01-01.xsd#p-FINREP_NonCashCollateralProvidedTotalDesignatedAsFairValueThroughProfitOrLoss" xlink:label="p-FINREP_NonCashCollateralProvidedTotalDesignatedAsFairValueThroughProfitOrLoss"/>
    <definitionArc xlink:type="arc" xlink:arcrole="http://xbrl.org/int/dim/arcrole/domain-member" xlink:from="p-FINREP_NonCashCollateralProvidedTotal" xlink:to="p-FINREP_NonCashCollateralProvidedTotalDesignatedAsFairValueThroughProfitOrLoss" use="optional" order="2.0"/>
    <loc xlink:type="locator" xlink:href="p-FINREP-2008-01-01.xsd#p-FINREP_NonCashCollateralProvidedTotalAvailableForSale" xlink:label="p-FINREP_NonCashCollateralProvidedTotalAvailableForSale"/>
    <definitionArc xlink:type="arc" xlink:arcrole="http://xbrl.org/int/dim/arcrole/domain-member" xlink:from="p-FINREP_NonCashCollateralProvidedTotal" xlink:to="p-FINREP_NonCashCollateralProvidedTotalAvailableForSale" use="optional" order="3.0"/>
    <loc xlink:type="locator" xlink:href="p-FINREP-2008-01-01.xsd#p-FINREP_NonCashCollateralProvidedTotalLoansAndReceivables" xlink:label="p-FINREP_NonCashCollateralProvidedTotalLoansAndReceivables"/>
    <definitionArc xlink:type="arc" xlink:arcrole="http://xbrl.org/int/dim/arcrole/domain-member" xlink:from="p-FINREP_NonCashCollateralProvidedTotal" xlink:to="p-FINREP_NonCashCollateralProvidedTotalLoansAndReceivables" use="optional" order="4.0"/>
    <loc xlink:type="locator" xlink:href="p-FINREP-2008-01-01.xsd#p-FINREP_NonCashCollateralProvidedTotalHeldToMaturity" xlink:label="p-FINREP_NonCashCollateralProvidedTotalHeldToMaturity"/>
    <definitionArc xlink:type="arc" xlink:arcrole="http://xbrl.org/int/dim/arcrole/domain-member" xlink:from="p-FINREP_NonCashCollateralProvidedTotal" xlink:to="p-FINREP_NonCashCollateralProvidedTotalHeldToMaturity" use="optional" order="5.0"/>
    <loc xlink:type="locator" xlink:href="p-FINREP-2008-01-01.xsd#p-FINREP_NonCashCollateralProvidedTotalOther" xlink:label="p-FINREP_NonCashCollateralProvidedTotalOther"/>
    <definitionArc xlink:type="arc" xlink:arcrole="http://xbrl.org/int/dim/arcrole/domain-member" xlink:from="p-FINREP_NonCashCollateralProvidedTotal" xlink:to="p-FINREP_NonCashCollateralProvidedTotalOther" use="optional" order="6.0"/>
    <loc xlink:type="locator" xlink:href="p-FINREP-2008-01-01.xsd#p-FINREP_LiabilitiesRecognisedForFinancingObtainedPresentation" xlink:label="p-FINREP_LiabilitiesRecognisedForFinancingObtainedPresentation"/>
    <definitionArc xlink:type="arc" xlink:arcrole="http://xbrl.org/int/dim/arcrole/domain-member" xlink:from="p-FINREP_RepurchaseAgreementsReverseRepurchaseAgreementsAndRelatedAgreementsPresentation" xlink:to="p-FINREP_LiabilitiesRecognisedForFinancingObtainedPresentation" use="optional" order="2.0"/>
    <loc xlink:type="locator" xlink:href="http://xbrl.iasb.org/int/fr/ifrs/gp/2006-08-15/ifrs-gp-2006-08-15.xsd#ifrs-gp_AmountOfLiabilitiesRecognisedForFinancingObtained" xlink:label="ifrs-gp_AmountOfLiabilitiesRecognisedForFinancingObtained"/>
    <definitionArc xlink:type="arc" xlink:arcrole="http://xbrl.org/int/dim/arcrole/domain-member" xlink:from="p-FINREP_LiabilitiesRecognisedForFinancingObtainedPresentation" xlink:to="ifrs-gp_AmountOfLiabilitiesRecognisedForFinancingObtained" use="optional" order="1.0"/>
    <loc xlink:type="locator" xlink:href="p-FINREP-2008-01-01.xsd#p-FINREP_AmountOfLiabilitiesRecognisedForFinancingObtainedCreditInstitutions" xlink:label="p-FINREP_AmountOfLiabilitiesRecognisedForFinancingObtainedCreditInstitutions"/>
    <definitionArc xlink:type="arc" xlink:arcrole="http://xbrl.org/int/dim/arcrole/domain-member" xlink:from="ifrs-gp_AmountOfLiabilitiesRecognisedForFinancingObtained" xlink:to="p-FINREP_AmountOfLiabilitiesRecognisedForFinancingObtainedCreditInstitutions" use="optional" order="1.0"/>
    <loc xlink:type="locator" xlink:href="p-FINREP-2008-01-01.xsd#p-FINREP_AmountOfLiabilitiesRecognisedForFinancingObtainedCreditInstitutionsRepo" xlink:label="p-FINREP_AmountOfLiabilitiesRecognisedForFinancingObtainedCreditInstitutionsRepo"/>
    <definitionArc xlink:type="arc" xlink:arcrole="http://xbrl.org/int/dim/arcrole/domain-member" xlink:from="p-FINREP_AmountOfLiabilitiesRecognisedForFinancingObtainedCreditInstitutions" xlink:to="p-FINREP_AmountOfLiabilitiesRecognisedForFinancingObtainedCreditInstitutionsRepo" use="optional" order="1.0"/>
    <loc xlink:type="locator" xlink:href="p-FINREP-2008-01-01.xsd#p-FINREP_AmountOfLiabilitiesRecognisedForFinancingObtainedCreditInstitutionsOtherAgreementsRecognisedAsALiability" xlink:label="p-FINREP_AmountOfLiabilitiesRecognisedForFinancingObtainedCreditInstitutionsOtherAgreementsRecognisedAsALiability"/>
    <definitionArc xlink:type="arc" xlink:arcrole="http://xbrl.org/int/dim/arcrole/domain-member" xlink:from="p-FINREP_AmountOfLiabilitiesRecognisedForFinancingObtainedCreditInstitutions" xlink:to="p-FINREP_AmountOfLiabilitiesRecognisedForFinancingObtainedCreditInstitutionsOtherAgreementsRecognisedAsALiability" use="optional" order="2.0"/>
    <loc xlink:type="locator" xlink:href="p-FINREP-2008-01-01.xsd#p-FINREP_AmountOfLiabilitiesRecognisedForFinancingObtainedOtherThanCreditInstitutions" xlink:label="p-FINREP_AmountOfLiabilitiesRecognisedForFinancingObtainedOtherThanCreditInstitutions"/>
    <definitionArc xlink:type="arc" xlink:arcrole="http://xbrl.org/int/dim/arcrole/domain-member" xlink:from="ifrs-gp_AmountOfLiabilitiesRecognisedForFinancingObtained" xlink:to="p-FINREP_AmountOfLiabilitiesRecognisedForFinancingObtainedOtherThanCreditInstitutions" use="optional" order="2.0"/>
    <loc xlink:type="locator" xlink:href="p-FINREP-2008-01-01.xsd#p-FINREP_AmountOfLiabilitiesRecognisedForFinancingObtainedOtherThanCreditInstitutionsRepo" xlink:label="p-FINREP_AmountOfLiabilitiesRecognisedForFinancingObtainedOtherThanCreditInstitutionsRepo"/>
    <definitionArc xlink:type="arc" xlink:arcrole="http://xbrl.org/int/dim/arcrole/domain-member" xlink:from="p-FINREP_AmountOfLiabilitiesRecognisedForFinancingObtainedOtherThanCreditInstitutions" xlink:to="p-FINREP_AmountOfLiabilitiesRecognisedForFinancingObtainedOtherThanCreditInstitutionsRepo" use="optional" order="1.0"/>
    <loc xlink:type="locator" xlink:href="p-FINREP-2008-01-01.xsd#p-FINREP_AmountOfLiabilitiesRecognisedForFinancingObtainedOtherThanCreditInstitutionsOtherAgreementsRecognisedAsALiability" xlink:label="p-FINREP_AmountOfLiabilitiesRecognisedForFinancingObtainedOtherThanCreditInstitutionsOtherAgreementsRecognisedAsALiability"/>
    <definitionArc xlink:type="arc" xlink:arcrole="http://xbrl.org/int/dim/arcrole/domain-member" xlink:from="p-FINREP_AmountOfLiabilitiesRecognisedForFinancingObtainedOtherThanCreditInstitutions" xlink:to="p-FINREP_AmountOfLiabilitiesRecognisedForFinancingObtainedOtherThanCreditInstitutionsOtherAgreementsRecognisedAsALiability" use="optional" order="2.0"/>
    <loc xlink:type="locator" xlink:href="p-FINREP-2008-01-01.xsd#p-FINREP_LiabilitiesRecognisedForObligationToReturnPledgedCollateralSoldPresentation" xlink:label="p-FINREP_LiabilitiesRecognisedForObligationToReturnPledgedCollateralSoldPresentation"/>
    <definitionArc xlink:type="arc" xlink:arcrole="http://xbrl.org/int/dim/arcrole/domain-member" xlink:from="p-FINREP_RepurchaseAgreementsReverseRepurchaseAgreementsAndRelatedAgreementsPresentation" xlink:to="p-FINREP_LiabilitiesRecognisedForObligationToReturnPledgedCollateralSoldPresentation" use="optional" order="3.0"/>
    <loc xlink:type="locator" xlink:href="p-FINREP-2008-01-01.xsd#p-FINREP_EquityInstrumentsCollateralsRecognisedForObligationToReturnPledgedCollateralSold" xlink:label="p-FINREP_EquityInstrumentsCollateralsRecognisedForObligationToReturnPledgedCollateralSold"/>
    <definitionArc xlink:type="arc" xlink:arcrole="http://xbrl.org/int/dim/arcrole/domain-member" xlink:from="p-FINREP_LiabilitiesRecognisedForObligationToReturnPledgedCollateralSoldPresentation" xlink:to="p-FINREP_EquityInstrumentsCollateralsRecognisedForObligationToReturnPledgedCollateralSold" use="optional" order="1.0"/>
    <loc xlink:type="locator" xlink:href="p-FINREP-2008-01-01.xsd#p-FINREP_DebtInstrumentsCollateralsRecognisedForObligationToReturnPledgedCollateralSold" xlink:label="p-FINREP_DebtInstrumentsCollateralsRecognisedForObligationToReturnPledgedCollateralSold"/>
    <definitionArc xlink:type="arc" xlink:arcrole="http://xbrl.org/int/dim/arcrole/domain-member" xlink:from="p-FINREP_LiabilitiesRecognisedForObligationToReturnPledgedCollateralSoldPresentation" xlink:to="p-FINREP_DebtInstrumentsCollateralsRecognisedForObligationToReturnPledgedCollateralSold" use="optional" order="2.0"/>
    <loc xlink:type="locator" xlink:href="p-FINREP-2008-01-01.xsd#p-FINREP_LoansAndAdvancesCollateralsRecognisedForObligationToReturnPledgedCollateralSold" xlink:label="p-FINREP_LoansAndAdvancesCollateralsRecognisedForObligationToReturnPledgedCollateralSold"/>
    <definitionArc xlink:type="arc" xlink:arcrole="http://xbrl.org/int/dim/arcrole/domain-member" xlink:from="p-FINREP_LiabilitiesRecognisedForObligationToReturnPledgedCollateralSoldPresentation" xlink:to="p-FINREP_LoansAndAdvancesCollateralsRecognisedForObligationToReturnPledgedCollateralSold" use="optional" order="3.0"/>
    <loc xlink:type="locator" xlink:href="p-FINREP-2008-01-01.xsd#p-FINREP_OtherInstrumentsCollateralsRecognisedForObligationToReturnPledgedCollateralSold" xlink:label="p-FINREP_OtherInstrumentsCollateralsRecognisedForObligationToReturnPledgedCollateralSold"/>
    <definitionArc xlink:type="arc" xlink:arcrole="http://xbrl.org/int/dim/arcrole/domain-member" xlink:from="p-FINREP_LiabilitiesRecognisedForObligationToReturnPledgedCollateralSoldPresentation" xlink:to="p-FINREP_OtherInstrumentsCollateralsRecognisedForObligationToReturnPledgedCollateralSold" use="optional" order="4.0"/>
    <loc xlink:type="locator" xlink:href="p-FINREP-2008-01-01.xsd#p-FINREP_CollateralsRecognisedForObligationToReturnPledgedCollateralSoldTotal" xlink:label="p-FINREP_CollateralsRecognisedForObligationToReturnPledgedCollateralSoldTotal"/>
    <definitionArc xlink:type="arc" xlink:arcrole="http://xbrl.org/int/dim/arcrole/domain-member" xlink:from="p-FINREP_LiabilitiesRecognisedForObligationToReturnPledgedCollateralSoldPresentation" xlink:to="p-FINREP_CollateralsRecognisedForObligationToReturnPledgedCollateralSoldTotal" use="optional" order="5.0"/>
    <loc xlink:type="locator" xlink:href="p-FINREP-2008-01-01.xsd#p-FINREP_AssetsRecognisedForFinancingGrantedPresentation" xlink:label="p-FINREP_AssetsRecognisedForFinancingGrantedPresentation"/>
    <definitionArc xlink:type="arc" xlink:arcrole="http://xbrl.org/int/dim/arcrole/domain-member" xlink:from="p-FINREP_RepurchaseAgreementsReverseRepurchaseAgreementsAndRelatedAgreementsPresentation" xlink:to="p-FINREP_AssetsRecognisedForFinancingGrantedPresentation" use="optional" order="4.0"/>
    <loc xlink:type="locator" xlink:href="http://xbrl.iasb.org/int/fr/ifrs/gp/2006-08-15/ifrs-gp-2006-08-15.xsd#ifrs-gp_AmountOfAssetsRecognisedForFinancingGranted" xlink:label="ifrs-gp_AmountOfAssetsRecognisedForFinancingGranted"/>
    <definitionArc xlink:type="arc" xlink:arcrole="http://xbrl.org/int/dim/arcrole/domain-member" xlink:from="p-FINREP_AssetsRecognisedForFinancingGrantedPresentation" xlink:to="ifrs-gp_AmountOfAssetsRecognisedForFinancingGranted" use="optional" order="1.0"/>
    <loc xlink:type="locator" xlink:href="p-FINREP-2008-01-01.xsd#p-FINREP_AssetsRecognisedForFinancingGrantedCreditInstitutions" xlink:label="p-FINREP_AssetsRecognisedForFinancingGrantedCreditInstitutions"/>
    <definitionArc xlink:type="arc" xlink:arcrole="http://xbrl.org/int/dim/arcrole/domain-member" xlink:from="ifrs-gp_AmountOfAssetsRecognisedForFinancingGranted" xlink:to="p-FINREP_AssetsRecognisedForFinancingGrantedCreditInstitutions" use="optional" order="1.0"/>
    <loc xlink:type="locator" xlink:href="p-FINREP-2008-01-01.xsd#p-FINREP_AmountRecognisedForFinancingGrantedCreditInstitutionsReverseRepo" xlink:label="p-FINREP_AmountRecognisedForFinancingGrantedCreditInstitutionsReverseRepo"/>
    <definitionArc xlink:type="arc" xlink:arcrole="http://xbrl.org/int/dim/arcrole/domain-member" xlink:from="p-FINREP_AssetsRecognisedForFinancingGrantedCreditInstitutions" xlink:to="p-FINREP_AmountRecognisedForFinancingGrantedCreditInstitutionsReverseRepo" use="optional" order="1.0"/>
    <loc xlink:type="locator" xlink:href="p-FINREP-2008-01-01.xsd#p-FINREP_AmountRecognisedForFinancingGrantedCreditInstitutionsOtherAgreementsRecognisedAsAnAsset" xlink:label="p-FINREP_AmountRecognisedForFinancingGrantedCreditInstitutionsOtherAgreementsRecognisedAsAnAsset"/>
    <definitionArc xlink:type="arc" xlink:arcrole="http://xbrl.org/int/dim/arcrole/domain-member" xlink:from="p-FINREP_AssetsRecognisedForFinancingGrantedCreditInstitutions" xlink:to="p-FINREP_AmountRecognisedForFinancingGrantedCreditInstitutionsOtherAgreementsRecognisedAsAnAsset" use="optional" order="2.0"/>
    <loc xlink:type="locator" xlink:href="p-FINREP-2008-01-01.xsd#p-FINREP_AssetsRecognisedForFinancingGrantedOtherThanCreditInstitutions" xlink:label="p-FINREP_AssetsRecognisedForFinancingGrantedOtherThanCreditInstitutions"/>
    <definitionArc xlink:type="arc" xlink:arcrole="http://xbrl.org/int/dim/arcrole/domain-member" xlink:from="ifrs-gp_AmountOfAssetsRecognisedForFinancingGranted" xlink:to="p-FINREP_AssetsRecognisedForFinancingGrantedOtherThanCreditInstitutions" use="optional" order="2.0"/>
    <loc xlink:type="locator" xlink:href="p-FINREP-2008-01-01.xsd#p-FINREP_AmountRecognisedForFinancingGrantedOtherThanCreditInstitutionsReverseRepo" xlink:label="p-FINREP_AmountRecognisedForFinancingGrantedOtherThanCreditInstitutionsReverseRepo"/>
    <definitionArc xlink:type="arc" xlink:arcrole="http://xbrl.org/int/dim/arcrole/domain-member" xlink:from="p-FINREP_AssetsRecognisedForFinancingGrantedOtherThanCreditInstitutions" xlink:to="p-FINREP_AmountRecognisedForFinancingGrantedOtherThanCreditInstitutionsReverseRepo" use="optional" order="1.0"/>
    <loc xlink:type="locator" xlink:href="p-FINREP-2008-01-01.xsd#p-FINREP_AmountRecognisedForFinancingGrantedOtherThanCreditInstitutionsOtherAgreementsRecognisedAsAnAsset" xlink:label="p-FINREP_AmountRecognisedForFinancingGrantedOtherThanCreditInstitutionsOtherAgreementsRecognisedAsAnAsset"/>
    <definitionArc xlink:type="arc" xlink:arcrole="http://xbrl.org/int/dim/arcrole/domain-member" xlink:from="p-FINREP_AssetsRecognisedForFinancingGrantedOtherThanCreditInstitutions" xlink:to="p-FINREP_AmountRecognisedForFinancingGrantedOtherThanCreditInstitutionsOtherAgreementsRecognisedAsAnAsset" use="optional" order="2.0"/>
</definitionLink>
</linkbase>
