<?xml version="1.0" encoding="utf-8"?>
<?taxonomy-version 1.3.2?>
<!--Copyright (C) 2011 EBA - European Banking Authority, Tower 42, 25 Old Broad Street, London, EC2N 1HQ, United Kingdom.-->   
<linkbase
	xmlns="http://www.xbrl.org/2003/linkbase"
	xmlns:xsi="http://www.w3.org/2001/XMLSchema-instance"
	xmlns:xlink="http://www.w3.org/1999/xlink"
	xsi:schemaLocation=" http://www.xbrl.org/2003/linkbase http://www.xbrl.org/2003/xbrl-linkbase-2003-12-31.xsd">
  <roleRef xlink:type="simple" xlink:href="p-FINREP-2008-01-01-T32-LeasingAdditionalInformation.xsd#LeasingAdditionalInformation" roleURI="http://www.c-ebs.org/eu/fr/esrs/finrep/2008-01-01/role/LeasingAdditionalInformation" />
  <arcroleRef arcroleURI="http://xbrl.org/int/dim/arcrole/domain-member" xlink:type="simple" xlink:href="http://www.xbrl.org/2005/xbrldt-2005.xsd#domain-member"/>
  <definitionLink xlink:type="extended" xlink:role="http://www.c-ebs.org/eu/fr/esrs/finrep/2008-01-01/role/LeasingAdditionalInformation">
    <loc xlink:type="locator" xlink:href="p-FINREP-2008-01-01.xsd#p-FINREP_LeasingPresentation" xlink:label="p-FINREP_LeasingPresentation" />
    <loc xlink:type="locator" xlink:href="p-FINREP-2008-01-01.xsd#p-FINREP_AssetsHeldUnderAFinanceLeaseAsALesseePresentation" xlink:label="p-FINREP_AssetsHeldUnderAFinanceLeaseAsALesseePresentation" />
    <definitionArc xlink:type="arc" xlink:arcrole="http://xbrl.org/int/dim/arcrole/domain-member" xlink:from="p-FINREP_LeasingPresentation" xlink:to="p-FINREP_AssetsHeldUnderAFinanceLeaseAsALesseePresentation" order="1" use="optional" />
    <loc xlink:type="locator" xlink:href="p-FINREP-2008-01-01.xsd#p-FINREP_NetCarryingAmountFinanceLeaseObligationsTotal" xlink:label="p-FINREP_NetCarryingAmountFinanceLeaseObligationsTotal" />
    <definitionArc xlink:type="arc" xlink:arcrole="http://xbrl.org/int/dim/arcrole/domain-member" xlink:from="p-FINREP_AssetsHeldUnderAFinanceLeaseAsALesseePresentation" xlink:to="p-FINREP_NetCarryingAmountFinanceLeaseObligationsTotal" order="1" use="optional" />
    <loc xlink:type="locator" xlink:href="p-FINREP-2008-01-01.xsd#p-FINREP_MinimumLeasePaymentsPayableFinanceLeaseObligationsTotal" xlink:label="p-FINREP_MinimumLeasePaymentsPayableFinanceLeaseObligationsTotal" />
    <definitionArc xlink:type="arc" xlink:arcrole="http://xbrl.org/int/dim/arcrole/domain-member" xlink:from="p-FINREP_AssetsHeldUnderAFinanceLeaseAsALesseePresentation" xlink:to="p-FINREP_MinimumLeasePaymentsPayableFinanceLeaseObligationsTotal" order="2" use="optional" />
    <loc xlink:type="locator" xlink:href="p-FINREP-2008-01-01.xsd#p-FINREP_MinimumLeasePaymentsPayableNotLaterThanOneYearFinanceLeaseObligationsTotal" xlink:label="p-FINREP_MinimumLeasePaymentsPayableNotLaterThanOneYearFinanceLeaseObligationsTotal" />
    <definitionArc xlink:type="arc" xlink:arcrole="http://xbrl.org/int/dim/arcrole/domain-member" xlink:from="p-FINREP_MinimumLeasePaymentsPayableFinanceLeaseObligationsTotal" xlink:to="p-FINREP_MinimumLeasePaymentsPayableNotLaterThanOneYearFinanceLeaseObligationsTotal" order="1" use="optional" />
    <loc xlink:type="locator" xlink:href="p-FINREP-2008-01-01.xsd#p-FINREP_MinimumLeasePaymentsPayableLaterThanOneYearNotLaterThanFiveYearsFinanceLeaseObligationsTotal" xlink:label="p-FINREP_MinimumLeasePaymentsPayableLaterThanOneYearNotLaterThanFiveYearsFinanceLeaseObligationsTotal" />
    <definitionArc xlink:type="arc" xlink:arcrole="http://xbrl.org/int/dim/arcrole/domain-member" xlink:from="p-FINREP_MinimumLeasePaymentsPayableFinanceLeaseObligationsTotal" xlink:to="p-FINREP_MinimumLeasePaymentsPayableLaterThanOneYearNotLaterThanFiveYearsFinanceLeaseObligationsTotal" order="2" use="optional" />
    <loc xlink:type="locator" xlink:href="p-FINREP-2008-01-01.xsd#p-FINREP_MinimumLeasePaymentsPayableOverFiveYearsFinanceLeaseObligationsTotal" xlink:label="p-FINREP_MinimumLeasePaymentsPayableOverFiveYearsFinanceLeaseObligationsTotal" />
    <definitionArc xlink:type="arc" xlink:arcrole="http://xbrl.org/int/dim/arcrole/domain-member" xlink:from="p-FINREP_MinimumLeasePaymentsPayableFinanceLeaseObligationsTotal" xlink:to="p-FINREP_MinimumLeasePaymentsPayableOverFiveYearsFinanceLeaseObligationsTotal" order="3" use="optional" />
    <loc xlink:type="locator" xlink:href="http://xbrl.iasb.org/int/fr/ifrs/gp/2006-08-15/ifrs-gp-2006-08-15.xsd#ifrs-gp_MinimumLeasePaymentsPayablePresentValueFinanceLeaseObligationsTotal" xlink:label="ifrs-gp_MinimumLeasePaymentsPayablePresentValueFinanceLeaseObligationsTotal" />
    <definitionArc xlink:type="arc" xlink:arcrole="http://xbrl.org/int/dim/arcrole/domain-member" xlink:from="p-FINREP_AssetsHeldUnderAFinanceLeaseAsALesseePresentation" xlink:to="ifrs-gp_MinimumLeasePaymentsPayablePresentValueFinanceLeaseObligationsTotal" order="3" use="optional" />
    <loc xlink:type="locator" xlink:href="http://xbrl.iasb.org/int/fr/ifrs/gp/2006-08-15/ifrs-gp-2006-08-15.xsd#ifrs-gp_MinimumLeasePaymentsPayableNotLaterThanOneYearPresentValueFinanceLeaseObligations" xlink:label="ifrs-gp_MinimumLeasePaymentsPayableNotLaterThanOneYearPresentValueFinanceLeaseObligations" />
    <definitionArc xlink:type="arc" xlink:arcrole="http://xbrl.org/int/dim/arcrole/domain-member" xlink:from="ifrs-gp_MinimumLeasePaymentsPayablePresentValueFinanceLeaseObligationsTotal" xlink:to="ifrs-gp_MinimumLeasePaymentsPayableNotLaterThanOneYearPresentValueFinanceLeaseObligations" order="1" use="optional" />
    <loc xlink:type="locator" xlink:href="http://xbrl.iasb.org/int/fr/ifrs/gp/2006-08-15/ifrs-gp-2006-08-15.xsd#ifrs-gp_MinimumLeasePaymentsPayableLaterThanOneYearButLessThanFiveYearsPresentValueFinanceLeaseObligations" xlink:label="ifrs-gp_MinimumLeasePaymentsPayableLaterThanOneYearButLessThanFiveYearsPresentValueFinanceLeaseObligations" />
    <definitionArc xlink:type="arc" xlink:arcrole="http://xbrl.org/int/dim/arcrole/domain-member" xlink:from="ifrs-gp_MinimumLeasePaymentsPayablePresentValueFinanceLeaseObligationsTotal" xlink:to="ifrs-gp_MinimumLeasePaymentsPayableLaterThanOneYearButLessThanFiveYearsPresentValueFinanceLeaseObligations" order="2" use="optional" />
    <loc xlink:type="locator" xlink:href="http://xbrl.iasb.org/int/fr/ifrs/gp/2006-08-15/ifrs-gp-2006-08-15.xsd#ifrs-gp_MinimumLeasePaymentsPayableOverFiveYearsPresentValueFinanceLeaseObligations" xlink:label="ifrs-gp_MinimumLeasePaymentsPayableOverFiveYearsPresentValueFinanceLeaseObligations" />
    <definitionArc xlink:type="arc" xlink:arcrole="http://xbrl.org/int/dim/arcrole/domain-member" xlink:from="ifrs-gp_MinimumLeasePaymentsPayablePresentValueFinanceLeaseObligationsTotal" xlink:to="ifrs-gp_MinimumLeasePaymentsPayableOverFiveYearsPresentValueFinanceLeaseObligations" order="3" use="optional" />
    <loc xlink:type="locator" xlink:href="http://xbrl.iasb.org/int/fr/ifrs/gp/2006-08-15/ifrs-gp-2006-08-15.xsd#ifrs-gp_MinimumSubleasePaymentsExpectedToBeReceivedUnderNonCancellableSubleases" xlink:label="ifrs-gp_MinimumSubleasePaymentsExpectedToBeReceivedUnderNonCancellableSubleases" />
    <definitionArc xlink:type="arc" xlink:arcrole="http://xbrl.org/int/dim/arcrole/domain-member" xlink:from="p-FINREP_AssetsHeldUnderAFinanceLeaseAsALesseePresentation" xlink:to="ifrs-gp_MinimumSubleasePaymentsExpectedToBeReceivedUnderNonCancellableSubleases" order="4" use="optional" />
    <loc xlink:type="locator" xlink:href="http://xbrl.iasb.org/int/fr/ifrs/gp/2006-08-15/ifrs-gp-2006-08-15.xsd#ifrs-gp_AmountOfContingentRentsRecognisedInNetProfitLoss" xlink:label="ifrs-gp_AmountOfContingentRentsRecognisedInNetProfitLoss" />
    <definitionArc xlink:type="arc" xlink:arcrole="http://xbrl.org/int/dim/arcrole/domain-member" xlink:from="p-FINREP_AssetsHeldUnderAFinanceLeaseAsALesseePresentation" xlink:to="ifrs-gp_AmountOfContingentRentsRecognisedInNetProfitLoss" order="5" use="optional" />
    <loc xlink:type="locator" xlink:href="p-FINREP-2008-01-01.xsd#p-FINREP_AssetsHeldUnderAnOperatingLeaseAsALesseePresentation" xlink:label="p-FINREP_AssetsHeldUnderAnOperatingLeaseAsALesseePresentation" />
    <definitionArc xlink:type="arc" xlink:arcrole="http://xbrl.org/int/dim/arcrole/domain-member" xlink:from="p-FINREP_LeasingPresentation" xlink:to="p-FINREP_AssetsHeldUnderAnOperatingLeaseAsALesseePresentation" order="2" use="optional" />
    <loc xlink:type="locator" xlink:href="http://xbrl.iasb.org/int/fr/ifrs/gp/2006-08-15/ifrs-gp-2006-08-15.xsd#ifrs-gp_NonCancellableFutureMinimumLeasePaymentsLesseesTotal" xlink:label="ifrs-gp_NonCancellableFutureMinimumLeasePaymentsLesseesTotal" />
    <definitionArc xlink:type="arc" xlink:arcrole="http://xbrl.org/int/dim/arcrole/domain-member" xlink:from="p-FINREP_AssetsHeldUnderAnOperatingLeaseAsALesseePresentation" xlink:to="ifrs-gp_NonCancellableFutureMinimumLeasePaymentsLesseesTotal" order="1" use="optional" />
    <loc xlink:type="locator" xlink:href="http://xbrl.iasb.org/int/fr/ifrs/gp/2006-08-15/ifrs-gp-2006-08-15.xsd#ifrs-gp_NonCancellableFutureMinimumLeasePaymentsNotLaterThanOneYearLessees" xlink:label="ifrs-gp_NonCancellableFutureMinimumLeasePaymentsNotLaterThanOneYearLessees" />
    <definitionArc xlink:type="arc" xlink:arcrole="http://xbrl.org/int/dim/arcrole/domain-member" xlink:from="ifrs-gp_NonCancellableFutureMinimumLeasePaymentsLesseesTotal" xlink:to="ifrs-gp_NonCancellableFutureMinimumLeasePaymentsNotLaterThanOneYearLessees" order="1" use="optional" />
    <loc xlink:type="locator" xlink:href="http://xbrl.iasb.org/int/fr/ifrs/gp/2006-08-15/ifrs-gp-2006-08-15.xsd#ifrs-gp_NonCancellableFutureMinimumLeasePaymentsLaterThanOneYearAndLessThanFiveYearsLessees" xlink:label="ifrs-gp_NonCancellableFutureMinimumLeasePaymentsLaterThanOneYearAndLessThanFiveYearsLessees" />
    <definitionArc xlink:type="arc" xlink:arcrole="http://xbrl.org/int/dim/arcrole/domain-member" xlink:from="ifrs-gp_NonCancellableFutureMinimumLeasePaymentsLesseesTotal" xlink:to="ifrs-gp_NonCancellableFutureMinimumLeasePaymentsLaterThanOneYearAndLessThanFiveYearsLessees" order="2" use="optional" />
    <loc xlink:type="locator" xlink:href="http://xbrl.iasb.org/int/fr/ifrs/gp/2006-08-15/ifrs-gp-2006-08-15.xsd#ifrs-gp_NonCancellableFutureMinimumLeasePaymentsLaterThanFiveYearsLessees" xlink:label="ifrs-gp_NonCancellableFutureMinimumLeasePaymentsLaterThanFiveYearsLessees" />
    <definitionArc xlink:type="arc" xlink:arcrole="http://xbrl.org/int/dim/arcrole/domain-member" xlink:from="ifrs-gp_NonCancellableFutureMinimumLeasePaymentsLesseesTotal" xlink:to="ifrs-gp_NonCancellableFutureMinimumLeasePaymentsLaterThanFiveYearsLessees" order="3" use="optional" />
    <loc xlink:type="locator" xlink:href="p-FINREP-2008-01-01.xsd#p-FINREP_NonCancellableFutureMinimumLeasePaymentsLesseesTotalPresentValue" xlink:label="p-FINREP_NonCancellableFutureMinimumLeasePaymentsLesseesTotalPresentValue" />
    <definitionArc xlink:type="arc" xlink:arcrole="http://xbrl.org/int/dim/arcrole/domain-member" xlink:from="p-FINREP_AssetsHeldUnderAnOperatingLeaseAsALesseePresentation" xlink:to="p-FINREP_NonCancellableFutureMinimumLeasePaymentsLesseesTotalPresentValue" order="2" use="optional" />
    <loc xlink:type="locator" xlink:href="http://xbrl.iasb.org/int/fr/ifrs/gp/2006-08-15/ifrs-gp-2006-08-15.xsd#ifrs-gp_FutureMinimumSubleasePaymentsExpectedToBeReceivedUnderNonCancellableSubleases" xlink:label="ifrs-gp_FutureMinimumSubleasePaymentsExpectedToBeReceivedUnderNonCancellableSubleases" />
    <definitionArc xlink:type="arc" xlink:arcrole="http://xbrl.org/int/dim/arcrole/domain-member" xlink:from="p-FINREP_AssetsHeldUnderAnOperatingLeaseAsALesseePresentation" xlink:to="ifrs-gp_FutureMinimumSubleasePaymentsExpectedToBeReceivedUnderNonCancellableSubleases" order="3" use="optional" />
    <loc xlink:type="locator" xlink:href="p-FINREP-2008-01-01.xsd#p-FINREP_FutureMinimumSubleasePaymentsExpectedToBeReceivedUnderNonCancellableSubleasesTotalPresentValue" xlink:label="p-FINREP_FutureMinimumSubleasePaymentsExpectedToBeReceivedUnderNonCancellableSubleasesTotalPresentValue" />
    <definitionArc xlink:type="arc" xlink:arcrole="http://xbrl.org/int/dim/arcrole/domain-member" xlink:from="p-FINREP_AssetsHeldUnderAnOperatingLeaseAsALesseePresentation" xlink:to="p-FINREP_FutureMinimumSubleasePaymentsExpectedToBeReceivedUnderNonCancellableSubleasesTotalPresentValue" order="4" use="optional" />
    <loc xlink:type="locator" xlink:href="http://xbrl.iasb.org/int/fr/ifrs/gp/2006-08-15/ifrs-gp-2006-08-15.xsd#ifrs-gp_MinimumLeasePaymentsUnderOperatingLeases" xlink:label="ifrs-gp_MinimumLeasePaymentsUnderOperatingLeases" />
    <definitionArc xlink:type="arc" xlink:arcrole="http://xbrl.org/int/dim/arcrole/domain-member" xlink:from="p-FINREP_AssetsHeldUnderAnOperatingLeaseAsALesseePresentation" xlink:to="ifrs-gp_MinimumLeasePaymentsUnderOperatingLeases" order="5" use="optional" />
    <loc xlink:type="locator" xlink:href="p-FINREP-2008-01-01.xsd#p-FINREP_MinimumLeasePaymentsUnderOperatingLeaseTotalPresentValue" xlink:label="p-FINREP_MinimumLeasePaymentsUnderOperatingLeaseTotalPresentValue" />
    <definitionArc xlink:type="arc" xlink:arcrole="http://xbrl.org/int/dim/arcrole/domain-member" xlink:from="p-FINREP_AssetsHeldUnderAnOperatingLeaseAsALesseePresentation" xlink:to="p-FINREP_MinimumLeasePaymentsUnderOperatingLeaseTotalPresentValue" order="6" use="optional" />
    <loc xlink:type="locator" xlink:href="http://xbrl.iasb.org/int/fr/ifrs/gp/2006-08-15/ifrs-gp-2006-08-15.xsd#ifrs-gp_ContingentRentsUnderOperatingLeases" xlink:label="ifrs-gp_ContingentRentsUnderOperatingLeases" />
    <definitionArc xlink:type="arc" xlink:arcrole="http://xbrl.org/int/dim/arcrole/domain-member" xlink:from="p-FINREP_AssetsHeldUnderAnOperatingLeaseAsALesseePresentation" xlink:to="ifrs-gp_ContingentRentsUnderOperatingLeases" order="7" use="optional" />
    <loc xlink:type="locator" xlink:href="p-FINREP-2008-01-01.xsd#p-FINREP_ContingentRentsUnderOperatingLeaseTotalPresentValue" xlink:label="p-FINREP_ContingentRentsUnderOperatingLeaseTotalPresentValue" />
    <definitionArc xlink:type="arc" xlink:arcrole="http://xbrl.org/int/dim/arcrole/domain-member" xlink:from="p-FINREP_AssetsHeldUnderAnOperatingLeaseAsALesseePresentation" xlink:to="p-FINREP_ContingentRentsUnderOperatingLeaseTotalPresentValue" order="8" use="optional" />
    <loc xlink:type="locator" xlink:href="http://xbrl.iasb.org/int/fr/ifrs/gp/2006-08-15/ifrs-gp-2006-08-15.xsd#ifrs-gp_SubleasePaymentsUnderOperatingLeases" xlink:label="ifrs-gp_SubleasePaymentsUnderOperatingLeases" />
    <definitionArc xlink:type="arc" xlink:arcrole="http://xbrl.org/int/dim/arcrole/domain-member" xlink:from="p-FINREP_AssetsHeldUnderAnOperatingLeaseAsALesseePresentation" xlink:to="ifrs-gp_SubleasePaymentsUnderOperatingLeases" order="9" use="optional" />
    <loc xlink:type="locator" xlink:href="p-FINREP-2008-01-01.xsd#p-FINREP_SubleasePaymentsRecognisedInIncomeStatementTotalPresentValue" xlink:label="p-FINREP_SubleasePaymentsRecognisedInIncomeStatementTotalPresentValue" />
    <definitionArc xlink:type="arc" xlink:arcrole="http://xbrl.org/int/dim/arcrole/domain-member" xlink:from="p-FINREP_AssetsHeldUnderAnOperatingLeaseAsALesseePresentation" xlink:to="p-FINREP_SubleasePaymentsRecognisedInIncomeStatementTotalPresentValue" order="10" use="optional" />
    <loc xlink:type="locator" xlink:href="p-FINREP-2008-01-01.xsd#p-FINREP_AssetsOfALessorSubjectToOperatingLeasePresentation" xlink:label="p-FINREP_AssetsOfALessorSubjectToOperatingLeasePresentation" />
    <definitionArc xlink:type="arc" xlink:arcrole="http://xbrl.org/int/dim/arcrole/domain-member" xlink:from="p-FINREP_LeasingPresentation" xlink:to="p-FINREP_AssetsOfALessorSubjectToOperatingLeasePresentation" order="3" use="optional" />
    <loc xlink:type="locator" xlink:href="http://xbrl.iasb.org/int/fr/ifrs/gp/2006-08-15/ifrs-gp-2006-08-15.xsd#ifrs-gp_NonCancellableFutureMinimumLeasePaymentsLessorsTotal" xlink:label="ifrs-gp_NonCancellableFutureMinimumLeasePaymentsLessorsTotal" />
    <definitionArc xlink:type="arc" xlink:arcrole="http://xbrl.org/int/dim/arcrole/domain-member" xlink:from="p-FINREP_AssetsOfALessorSubjectToOperatingLeasePresentation" xlink:to="ifrs-gp_NonCancellableFutureMinimumLeasePaymentsLessorsTotal" order="1" use="optional" />
    <loc xlink:type="locator" xlink:href="http://xbrl.iasb.org/int/fr/ifrs/gp/2006-08-15/ifrs-gp-2006-08-15.xsd#ifrs-gp_NonCancellableFutureMinimumLeasePaymentsNotLaterThanOneYearLessors" xlink:label="ifrs-gp_NonCancellableFutureMinimumLeasePaymentsNotLaterThanOneYearLessors" />
    <definitionArc xlink:type="arc" xlink:arcrole="http://xbrl.org/int/dim/arcrole/domain-member" xlink:from="ifrs-gp_NonCancellableFutureMinimumLeasePaymentsLessorsTotal" xlink:to="ifrs-gp_NonCancellableFutureMinimumLeasePaymentsNotLaterThanOneYearLessors" order="1" use="optional" />
    <loc xlink:type="locator" xlink:href="http://xbrl.iasb.org/int/fr/ifrs/gp/2006-08-15/ifrs-gp-2006-08-15.xsd#ifrs-gp_NonCancellableFutureMinimumLeasePaymentsLaterThanOneYearAndLessThanFiveYearsLessors" xlink:label="ifrs-gp_NonCancellableFutureMinimumLeasePaymentsLaterThanOneYearAndLessThanFiveYearsLessors" />
    <definitionArc xlink:type="arc" xlink:arcrole="http://xbrl.org/int/dim/arcrole/domain-member" xlink:from="ifrs-gp_NonCancellableFutureMinimumLeasePaymentsLessorsTotal" xlink:to="ifrs-gp_NonCancellableFutureMinimumLeasePaymentsLaterThanOneYearAndLessThanFiveYearsLessors" order="2" use="optional" />
    <loc xlink:type="locator" xlink:href="http://xbrl.iasb.org/int/fr/ifrs/gp/2006-08-15/ifrs-gp-2006-08-15.xsd#ifrs-gp_NonCancellableFutureMinimumLeasePaymentsLaterThanFiveYearsLessors" xlink:label="ifrs-gp_NonCancellableFutureMinimumLeasePaymentsLaterThanFiveYearsLessors" />
    <definitionArc xlink:type="arc" xlink:arcrole="http://xbrl.org/int/dim/arcrole/domain-member" xlink:from="ifrs-gp_NonCancellableFutureMinimumLeasePaymentsLessorsTotal" xlink:to="ifrs-gp_NonCancellableFutureMinimumLeasePaymentsLaterThanFiveYearsLessors" order="3" use="optional" />
    <loc xlink:type="locator" xlink:href="http://xbrl.iasb.org/int/fr/ifrs/gp/2006-08-15/ifrs-gp-2006-08-15.xsd#ifrs-gp_AmountOfContingentRentsRecognisedInIncomeStatement" xlink:label="ifrs-gp_AmountOfContingentRentsRecognisedInIncomeStatement" />
    <definitionArc xlink:type="arc" xlink:arcrole="http://xbrl.org/int/dim/arcrole/domain-member" xlink:from="p-FINREP_AssetsOfALessorSubjectToOperatingLeasePresentation" xlink:to="ifrs-gp_AmountOfContingentRentsRecognisedInIncomeStatement" order="2" use="optional" />
    <loc xlink:type="locator" xlink:href="p-FINREP-2008-01-01.xsd#p-FINREP_DisclosuresFinanceLeaseLessorPresentation" xlink:label="p-FINREP_DisclosuresFinanceLeaseLessorPresentation" />
    <definitionArc xlink:type="arc" xlink:arcrole="http://xbrl.org/int/dim/arcrole/domain-member" xlink:from="p-FINREP_LeasingPresentation" xlink:to="p-FINREP_DisclosuresFinanceLeaseLessorPresentation" order="4" use="optional" />
    <loc xlink:type="locator" xlink:href="http://xbrl.iasb.org/int/fr/ifrs/gp/2006-08-15/ifrs-gp-2006-08-15.xsd#ifrs-gp_MinimumLeasePaymentsReceivableGrossFinanceLeasesTotal" xlink:label="ifrs-gp_MinimumLeasePaymentsReceivableGrossFinanceLeasesTotal" />
    <definitionArc xlink:type="arc" xlink:arcrole="http://xbrl.org/int/dim/arcrole/domain-member" xlink:from="p-FINREP_DisclosuresFinanceLeaseLessorPresentation" xlink:to="ifrs-gp_MinimumLeasePaymentsReceivableGrossFinanceLeasesTotal" order="1" use="optional" />
    <loc xlink:type="locator" xlink:href="http://xbrl.iasb.org/int/fr/ifrs/gp/2006-08-15/ifrs-gp-2006-08-15.xsd#ifrs-gp_MinimumLeasePaymentsReceivableNotLaterThanOneYearGrossFinanceLeasesTotal" xlink:label="ifrs-gp_MinimumLeasePaymentsReceivableNotLaterThanOneYearGrossFinanceLeasesTotal" />
    <definitionArc xlink:type="arc" xlink:arcrole="http://xbrl.org/int/dim/arcrole/domain-member" xlink:from="ifrs-gp_MinimumLeasePaymentsReceivableGrossFinanceLeasesTotal" xlink:to="ifrs-gp_MinimumLeasePaymentsReceivableNotLaterThanOneYearGrossFinanceLeasesTotal" order="1" use="optional" />
    <loc xlink:type="locator" xlink:href="http://xbrl.iasb.org/int/fr/ifrs/gp/2006-08-15/ifrs-gp-2006-08-15.xsd#ifrs-gp_MinimumLeasePaymentsReceivableLaterThanOneYearAndLessThanFiveYearsGrossFinanceLeasesTotal" xlink:label="ifrs-gp_MinimumLeasePaymentsReceivableLaterThanOneYearAndLessThanFiveYearsGrossFinanceLeasesTotal" />
    <definitionArc xlink:type="arc" xlink:arcrole="http://xbrl.org/int/dim/arcrole/domain-member" xlink:from="ifrs-gp_MinimumLeasePaymentsReceivableGrossFinanceLeasesTotal" xlink:to="ifrs-gp_MinimumLeasePaymentsReceivableLaterThanOneYearAndLessThanFiveYearsGrossFinanceLeasesTotal" order="2" use="optional" />
    <loc xlink:type="locator" xlink:href="http://xbrl.iasb.org/int/fr/ifrs/gp/2006-08-15/ifrs-gp-2006-08-15.xsd#ifrs-gp_MinimumLeasePaymentsReceivableLaterThanFiveYearsGrossFinanceLeasesTotal" xlink:label="ifrs-gp_MinimumLeasePaymentsReceivableLaterThanFiveYearsGrossFinanceLeasesTotal" />
    <definitionArc xlink:type="arc" xlink:arcrole="http://xbrl.org/int/dim/arcrole/domain-member" xlink:from="ifrs-gp_MinimumLeasePaymentsReceivableGrossFinanceLeasesTotal" xlink:to="ifrs-gp_MinimumLeasePaymentsReceivableLaterThanFiveYearsGrossFinanceLeasesTotal" order="3" use="optional" />
    <loc xlink:type="locator" xlink:href="http://xbrl.iasb.org/int/fr/ifrs/gp/2006-08-15/ifrs-gp-2006-08-15.xsd#ifrs-gp_MinimumLeasePaymentsReceivablePresentValueFinanceLeasesTotal" xlink:label="ifrs-gp_MinimumLeasePaymentsReceivablePresentValueFinanceLeasesTotal" />
    <definitionArc xlink:type="arc" xlink:arcrole="http://xbrl.org/int/dim/arcrole/domain-member" xlink:from="p-FINREP_DisclosuresFinanceLeaseLessorPresentation" xlink:to="ifrs-gp_MinimumLeasePaymentsReceivablePresentValueFinanceLeasesTotal" order="2" use="optional" />
    <loc xlink:type="locator" xlink:href="http://xbrl.iasb.org/int/fr/ifrs/gp/2006-08-15/ifrs-gp-2006-08-15.xsd#ifrs-gp_MinimumLeasePaymentsReceivableNotLaterThanOneYearPresentValueFinanceLeases" xlink:label="ifrs-gp_MinimumLeasePaymentsReceivableNotLaterThanOneYearPresentValueFinanceLeases" />
    <definitionArc xlink:type="arc" xlink:arcrole="http://xbrl.org/int/dim/arcrole/domain-member" xlink:from="ifrs-gp_MinimumLeasePaymentsReceivablePresentValueFinanceLeasesTotal" xlink:to="ifrs-gp_MinimumLeasePaymentsReceivableNotLaterThanOneYearPresentValueFinanceLeases" order="1" use="optional" />
    <loc xlink:type="locator" xlink:href="http://xbrl.iasb.org/int/fr/ifrs/gp/2006-08-15/ifrs-gp-2006-08-15.xsd#ifrs-gp_MinimumLeasePaymentsReceivableLaterThanOneYearAndLessThanFiveYearsPresentValueFinanceLeases" xlink:label="ifrs-gp_MinimumLeasePaymentsReceivableLaterThanOneYearAndLessThanFiveYearsPresentValueFinanceLeases" />
    <definitionArc xlink:type="arc" xlink:arcrole="http://xbrl.org/int/dim/arcrole/domain-member" xlink:from="ifrs-gp_MinimumLeasePaymentsReceivablePresentValueFinanceLeasesTotal" xlink:to="ifrs-gp_MinimumLeasePaymentsReceivableLaterThanOneYearAndLessThanFiveYearsPresentValueFinanceLeases" order="2" use="optional" />
    <loc xlink:type="locator" xlink:href="http://xbrl.iasb.org/int/fr/ifrs/gp/2006-08-15/ifrs-gp-2006-08-15.xsd#ifrs-gp_MinimumLeasePaymentsReceivableLaterThanFiveYearsPresentValueFinanceLeases" xlink:label="ifrs-gp_MinimumLeasePaymentsReceivableLaterThanFiveYearsPresentValueFinanceLeases" />
    <definitionArc xlink:type="arc" xlink:arcrole="http://xbrl.org/int/dim/arcrole/domain-member" xlink:from="ifrs-gp_MinimumLeasePaymentsReceivablePresentValueFinanceLeasesTotal" xlink:to="ifrs-gp_MinimumLeasePaymentsReceivableLaterThanFiveYearsPresentValueFinanceLeases" order="3" use="optional" />
    <loc xlink:type="locator" xlink:href="http://xbrl.iasb.org/int/fr/ifrs/gp/2006-08-15/ifrs-gp-2006-08-15.xsd#ifrs-gp_UnearnedFinanceIncomeFromFinanceLeases" xlink:label="ifrs-gp_UnearnedFinanceIncomeFromFinanceLeases" />
    <definitionArc xlink:type="arc" xlink:arcrole="http://xbrl.org/int/dim/arcrole/domain-member" xlink:from="p-FINREP_DisclosuresFinanceLeaseLessorPresentation" xlink:to="ifrs-gp_UnearnedFinanceIncomeFromFinanceLeases" order="3" use="optional" />
    <loc xlink:type="locator" xlink:href="http://xbrl.iasb.org/int/fr/ifrs/gp/2006-08-15/ifrs-gp-2006-08-15.xsd#ifrs-gp_ContingentRentsRecognisedAsIncome" xlink:label="ifrs-gp_ContingentRentsRecognisedAsIncome" />
    <definitionArc xlink:type="arc" xlink:arcrole="http://xbrl.org/int/dim/arcrole/domain-member" xlink:from="p-FINREP_DisclosuresFinanceLeaseLessorPresentation" xlink:to="ifrs-gp_ContingentRentsRecognisedAsIncome" order="4" use="optional" />
    <loc xlink:type="locator" xlink:href="http://xbrl.iasb.org/int/fr/ifrs/gp/2006-08-15/ifrs-gp-2006-08-15.xsd#ifrs-gp_UnguaranteedResidualValuesAccruingToBenefitOfLessor" xlink:label="ifrs-gp_UnguaranteedResidualValuesAccruingToBenefitOfLessor" />
    <definitionArc xlink:type="arc" xlink:arcrole="http://xbrl.org/int/dim/arcrole/domain-member" xlink:from="p-FINREP_DisclosuresFinanceLeaseLessorPresentation" xlink:to="ifrs-gp_UnguaranteedResidualValuesAccruingToBenefitOfLessor" order="5" use="optional" />
    <loc xlink:type="locator" xlink:href="p-FINREP-2008-01-01.xsd#p-FINREP_AccumulatedAllowanceForUncollectibleMinimumLeasePayments" xlink:label="p-FINREP_AccumulatedAllowanceForUncollectibleMinimumLeasePayments" />
    <definitionArc xlink:type="arc" xlink:arcrole="http://xbrl.org/int/dim/arcrole/domain-member" xlink:from="p-FINREP_DisclosuresFinanceLeaseLessorPresentation" xlink:to="p-FINREP_AccumulatedAllowanceForUncollectibleMinimumLeasePayments" order="6" use="optional" />
</definitionLink>
</linkbase>