<?xml version="1.0" encoding="utf-8"?>
<?taxonomy-version 1.3.2?>
<!--Copyright (C) 2011 EBA - European Banking Authority, Tower 42, 25 Old Broad Street, London, EC2N 1HQ, United Kingdom.-->   
<linkbase
	xmlns="http://www.xbrl.org/2003/linkbase"
	xmlns:xsi="http://www.w3.org/2001/XMLSchema-instance"
	xmlns:xlink="http://www.w3.org/1999/xlink"
	xsi:schemaLocation=" http://www.xbrl.org/2003/linkbase http://www.xbrl.org/2003/xbrl-linkbase-2003-12-31.xsd">
  <roleRef xlink:type="simple" xlink:href="p-FINREP-2008-01-01-T27-GeneralAndAdministrativeExpenses.xsd#GeneralAndAdministrativeExpenses" roleURI="http://www.c-ebs.org/eu/fr/esrs/finrep/2008-01-01/role/GeneralAndAdministrativeExpenses" />
  <arcroleRef arcroleURI="http://xbrl.org/int/dim/arcrole/domain-member" xlink:type="simple" xlink:href="http://www.xbrl.org/2005/xbrldt-2005.xsd#domain-member"/>
  <definitionLink xlink:type="extended" xlink:role="http://www.c-ebs.org/eu/fr/esrs/finrep/2008-01-01/role/GeneralAndAdministrativeExpenses">
    <loc xlink:type="locator" xlink:href="http://xbrl.iasb.org/int/fr/ifrs/gp/2006-08-15/ifrs-gp-2006-08-15.xsd#ifrs-gp_OtherAdministrativeExpenses" xlink:label="ifrs-gp_OtherAdministrativeExpenses" />
    <loc xlink:type="locator" xlink:href="http://xbrl.iasb.org/int/fr/ifrs/gp/2006-08-15/ifrs-gp-2006-08-15.xsd#ifrs-gp_MarketingCosts" xlink:label="ifrs-gp_MarketingCosts" />
    <definitionArc xlink:type="arc" xlink:arcrole="http://xbrl.org/int/dim/arcrole/domain-member" xlink:from="ifrs-gp_OtherAdministrativeExpenses" xlink:to="ifrs-gp_MarketingCosts" order="1" use="optional" />
    <loc xlink:type="locator" xlink:href="p-FINREP-2008-01-01.xsd#p-FINREP_OtherAdministrativeExpensesProfessionalFees" xlink:label="p-FINREP_OtherAdministrativeExpensesProfessionalFees" />
    <definitionArc xlink:type="arc" xlink:arcrole="http://xbrl.org/int/dim/arcrole/domain-member" xlink:from="ifrs-gp_OtherAdministrativeExpenses" xlink:to="p-FINREP_OtherAdministrativeExpensesProfessionalFees" order="2" use="optional" />
    <loc xlink:type="locator" xlink:href="p-FINREP-2008-01-01.xsd#p-FINREP_OtherAdministrativeExpensesITExpenses" xlink:label="p-FINREP_OtherAdministrativeExpensesITExpenses" />
    <definitionArc xlink:type="arc" xlink:arcrole="http://xbrl.org/int/dim/arcrole/domain-member" xlink:from="ifrs-gp_OtherAdministrativeExpenses" xlink:to="p-FINREP_OtherAdministrativeExpensesITExpenses" order="3" use="optional" />
    <loc xlink:type="locator" xlink:href="p-FINREP-2008-01-01.xsd#p-FINREP_OtherAdministrativeExpensesRents" xlink:label="p-FINREP_OtherAdministrativeExpensesRents" />
    <definitionArc xlink:type="arc" xlink:arcrole="http://xbrl.org/int/dim/arcrole/domain-member" xlink:from="ifrs-gp_OtherAdministrativeExpenses" xlink:to="p-FINREP_OtherAdministrativeExpensesRents" order="4" use="optional" />
    <loc xlink:type="locator" xlink:href="p-FINREP-2008-01-01.xsd#p-FINREP_OtherAdministrativeExpensesOther" xlink:label="p-FINREP_OtherAdministrativeExpensesOther" />
    <definitionArc xlink:type="arc" xlink:arcrole="http://xbrl.org/int/dim/arcrole/domain-member" xlink:from="ifrs-gp_OtherAdministrativeExpenses" xlink:to="p-FINREP_OtherAdministrativeExpensesOther" order="5" use="optional" />
</definitionLink>
</linkbase>