<?xml version="1.0" encoding="UTF-8"?>
<?taxonomy-version 1.3.2?>
<!--Copyright (C) 2011 EBA - European Banking Authority, Tower 42, 25 Old Broad Street, London, EC2N 1HQ, United Kingdom.-->   
<linkbase xmlns="http://www.xbrl.org/2003/linkbase" xmlns:xlink="http://www.w3.org/1999/xlink" xmlns:xsi="http://www.w3.org/2001/XMLSchema-instance" xsi:schemaLocation="http://www.xbrl.org/2003/linkbase http://www.xbrl.org/2003/xbrl-linkbase-2003-12-31.xsd">
  <roleRef roleURI="http://www.c-ebs.org/eu/fr/esrs/finrep/2008-01-01/role/DerivativesUsedForHedging" xlink:type="simple" xlink:href="p-FINREP-2008-01-01-T08-DerivativesUsedForHedging.xsd#DerivativesUsedForHedging"/>
  <calculationLink xlink:type="extended" xlink:role="http://www.c-ebs.org/eu/fr/esrs/finrep/2008-01-01/role/DerivativesUsedForHedging">
    <loc xlink:type="locator" xlink:href="p-FINREP-2008-01-01.xsd#p-FINREP_HedgingAssetsMicroHedgeTotal" xlink:label="HedgingAssetsMicroHedgeTotal" xlink:title="HedgingAssetsMicroHedgeTotal"/>
    <loc xlink:type="locator" xlink:href="http://xbrl.iasb.org/int/fr/ifrs/gp/2006-08-15/ifrs-gp-2006-08-15.xsd#ifrs-gp_HedgingAssetsMicroHedgeFairValueHedge" xlink:label="ifrs-gp_HedgingAssetsMicroHedgeFairValueHedge"/>
    <calculationArc xlink:type="arc" xlink:arcrole="http://www.xbrl.org/2003/arcrole/summation-item" xlink:from="HedgingAssetsMicroHedgeTotal" xlink:to="ifrs-gp_HedgingAssetsMicroHedgeFairValueHedge" xlink:title="calculation: HedgingAssetsMicroHedgeTotal to HedgingAssetsMicroHedgeFairValueHedge" order="1.0" weight="1"/>
    <loc xlink:type="locator" xlink:href="p-FINREP-2008-01-01.xsd#p-FINREP_HedgingAssetsMicroHedgeFairValueHedgeInterestRateOptions" xlink:label="p-FINREP_HedgingAssetsMicroHedgeFairValueHedgeInterestRateOptions"/>
    <calculationArc xlink:type="arc" xlink:arcrole="http://www.xbrl.org/2003/arcrole/summation-item" xlink:from="ifrs-gp_HedgingAssetsMicroHedgeFairValueHedge" xlink:to="p-FINREP_HedgingAssetsMicroHedgeFairValueHedgeInterestRateOptions" use="optional" order="1.0" weight="1"/>
    <loc xlink:type="locator" xlink:href="p-FINREP-2008-01-01.xsd#p-FINREP_HedgingAssetsMicroHedgeFairValueHedgeInterestRateSwaps" xlink:label="p-FINREP_HedgingAssetsMicroHedgeFairValueHedgeInterestRateSwaps"/>
    <calculationArc xlink:type="arc" xlink:arcrole="http://www.xbrl.org/2003/arcrole/summation-item" xlink:from="ifrs-gp_HedgingAssetsMicroHedgeFairValueHedge" xlink:to="p-FINREP_HedgingAssetsMicroHedgeFairValueHedgeInterestRateSwaps" use="optional" order="2.0" weight="1"/>
    <loc xlink:type="locator" xlink:href="p-FINREP-2008-01-01.xsd#p-FINREP_HedgingAssetsMicroHedgeFairValueHedgeInterestRateForwardRateAgreement" xlink:label="p-FINREP_HedgingAssetsMicroHedgeFairValueHedgeInterestRateForwardRateAgreement"/>
    <calculationArc xlink:type="arc" xlink:arcrole="http://www.xbrl.org/2003/arcrole/summation-item" xlink:from="ifrs-gp_HedgingAssetsMicroHedgeFairValueHedge" xlink:to="p-FINREP_HedgingAssetsMicroHedgeFairValueHedgeInterestRateForwardRateAgreement" use="optional" order="3.0" weight="1"/>
    <loc xlink:type="locator" xlink:href="p-FINREP-2008-01-01.xsd#p-FINREP_HedgingAssetsMicroHedgeFairValueHedgeInterestRateForward" xlink:label="p-FINREP_HedgingAssetsMicroHedgeFairValueHedgeInterestRateForward"/>
    <calculationArc xlink:type="arc" xlink:arcrole="http://www.xbrl.org/2003/arcrole/summation-item" xlink:from="ifrs-gp_HedgingAssetsMicroHedgeFairValueHedge" xlink:to="p-FINREP_HedgingAssetsMicroHedgeFairValueHedgeInterestRateForward" use="optional" order="4.0" weight="1"/>
    <loc xlink:type="locator" xlink:href="p-FINREP-2008-01-01.xsd#p-FINREP_HedgingAssetsMicroHedgeFairValueHedgeInterestRateFuture" xlink:label="p-FINREP_HedgingAssetsMicroHedgeFairValueHedgeInterestRateFuture"/>
    <calculationArc xlink:type="arc" xlink:arcrole="http://www.xbrl.org/2003/arcrole/summation-item" xlink:from="ifrs-gp_HedgingAssetsMicroHedgeFairValueHedge" xlink:to="p-FINREP_HedgingAssetsMicroHedgeFairValueHedgeInterestRateFuture" use="optional" order="5.0" weight="1"/>
    <loc xlink:type="locator" xlink:href="p-FINREP-2008-01-01.xsd#p-FINREP_HedgingAssetsMicroHedgeFairValueHedgeInterestRateOther" xlink:label="p-FINREP_HedgingAssetsMicroHedgeFairValueHedgeInterestRateOther"/>
    <calculationArc xlink:type="arc" xlink:arcrole="http://www.xbrl.org/2003/arcrole/summation-item" xlink:from="ifrs-gp_HedgingAssetsMicroHedgeFairValueHedge" xlink:to="p-FINREP_HedgingAssetsMicroHedgeFairValueHedgeInterestRateOther" use="optional" order="6.0" weight="1"/>
    <loc xlink:type="locator" xlink:href="p-FINREP-2008-01-01.xsd#p-FINREP_HedgingAssetsMicroHedgeFairValueHedgeEquityForward" xlink:label="p-FINREP_HedgingAssetsMicroHedgeFairValueHedgeEquityForward"/>
    <calculationArc xlink:type="arc" xlink:arcrole="http://www.xbrl.org/2003/arcrole/summation-item" xlink:from="ifrs-gp_HedgingAssetsMicroHedgeFairValueHedge" xlink:to="p-FINREP_HedgingAssetsMicroHedgeFairValueHedgeEquityForward" use="optional" order="7.0" weight="1"/>
    <loc xlink:type="locator" xlink:href="p-FINREP-2008-01-01.xsd#p-FINREP_HedgingAssetsMicroHedgeFairValueHedgeEquityFuture" xlink:label="p-FINREP_HedgingAssetsMicroHedgeFairValueHedgeEquityFuture"/>
    <calculationArc xlink:type="arc" xlink:arcrole="http://www.xbrl.org/2003/arcrole/summation-item" xlink:from="ifrs-gp_HedgingAssetsMicroHedgeFairValueHedge" xlink:to="p-FINREP_HedgingAssetsMicroHedgeFairValueHedgeEquityFuture" use="optional" order="8.0" weight="1"/>
    <loc xlink:type="locator" xlink:href="p-FINREP-2008-01-01.xsd#p-FINREP_HedgingAssetsMicroHedgeFairValueHedgeEquityOption" xlink:label="p-FINREP_HedgingAssetsMicroHedgeFairValueHedgeEquityOption"/>
    <calculationArc xlink:type="arc" xlink:arcrole="http://www.xbrl.org/2003/arcrole/summation-item" xlink:from="ifrs-gp_HedgingAssetsMicroHedgeFairValueHedge" xlink:to="p-FINREP_HedgingAssetsMicroHedgeFairValueHedgeEquityOption" use="optional" order="9.0" weight="1"/>
    <loc xlink:type="locator" xlink:href="p-FINREP-2008-01-01.xsd#p-FINREP_HedgingAssetsMicroHedgeFairValueHedgeEquityWarrant" xlink:label="p-FINREP_HedgingAssetsMicroHedgeFairValueHedgeEquityWarrant"/>
    <calculationArc xlink:type="arc" xlink:arcrole="http://www.xbrl.org/2003/arcrole/summation-item" xlink:from="ifrs-gp_HedgingAssetsMicroHedgeFairValueHedge" xlink:to="p-FINREP_HedgingAssetsMicroHedgeFairValueHedgeEquityWarrant" use="optional" order="10.0" weight="1"/>
    <loc xlink:type="locator" xlink:href="p-FINREP-2008-01-01.xsd#p-FINREP_HedgingAssetsMicroHedgeFairValueHedgeEquityOther" xlink:label="p-FINREP_HedgingAssetsMicroHedgeFairValueHedgeEquityOther"/>
    <calculationArc xlink:type="arc" xlink:arcrole="http://www.xbrl.org/2003/arcrole/summation-item" xlink:from="ifrs-gp_HedgingAssetsMicroHedgeFairValueHedge" xlink:to="p-FINREP_HedgingAssetsMicroHedgeFairValueHedgeEquityOther" use="optional" order="11.0" weight="1"/>
    <loc xlink:type="locator" xlink:href="p-FINREP-2008-01-01.xsd#p-FINREP_HedgingAssetsMicroHedgeFairValueHedgeFXForward" xlink:label="p-FINREP_HedgingAssetsMicroHedgeFairValueHedgeFXForward"/>
    <calculationArc xlink:type="arc" xlink:arcrole="http://www.xbrl.org/2003/arcrole/summation-item" xlink:from="ifrs-gp_HedgingAssetsMicroHedgeFairValueHedge" xlink:to="p-FINREP_HedgingAssetsMicroHedgeFairValueHedgeFXForward" use="optional" order="12.0" weight="1"/>
    <loc xlink:type="locator" xlink:href="p-FINREP-2008-01-01.xsd#p-FINREP_HedgingAssetsMicroHedgeFairValueHedgeFXFuture" xlink:label="p-FINREP_HedgingAssetsMicroHedgeFairValueHedgeFXFuture"/>
    <calculationArc xlink:type="arc" xlink:arcrole="http://www.xbrl.org/2003/arcrole/summation-item" xlink:from="ifrs-gp_HedgingAssetsMicroHedgeFairValueHedge" xlink:to="p-FINREP_HedgingAssetsMicroHedgeFairValueHedgeFXFuture" use="optional" order="13.0" weight="1"/>
    <loc xlink:type="locator" xlink:href="p-FINREP-2008-01-01.xsd#p-FINREP_HedgingAssetsMicroHedgeFairValueHedgeFXCrossCurrencySwap" xlink:label="p-FINREP_HedgingAssetsMicroHedgeFairValueHedgeFXCrossCurrencySwap"/>
    <calculationArc xlink:type="arc" xlink:arcrole="http://www.xbrl.org/2003/arcrole/summation-item" xlink:from="ifrs-gp_HedgingAssetsMicroHedgeFairValueHedge" xlink:to="p-FINREP_HedgingAssetsMicroHedgeFairValueHedgeFXCrossCurrencySwap" use="optional" order="14.0" weight="1"/>
    <loc xlink:type="locator" xlink:href="p-FINREP-2008-01-01.xsd#p-FINREP_HedgingAssetsMicroHedgeFairValueHedgeFXOption" xlink:label="p-FINREP_HedgingAssetsMicroHedgeFairValueHedgeFXOption"/>
    <calculationArc xlink:type="arc" xlink:arcrole="http://www.xbrl.org/2003/arcrole/summation-item" xlink:from="ifrs-gp_HedgingAssetsMicroHedgeFairValueHedge" xlink:to="p-FINREP_HedgingAssetsMicroHedgeFairValueHedgeFXOption" use="optional" order="15.0" weight="1"/>
    <loc xlink:type="locator" xlink:href="p-FINREP-2008-01-01.xsd#p-FINREP_HedgingAssetsMicroHedgeFairValueHedgeFXForwardRateAgreement" xlink:label="p-FINREP_HedgingAssetsMicroHedgeFairValueHedgeFXForwardRateAgreement"/>
    <calculationArc xlink:type="arc" xlink:arcrole="http://www.xbrl.org/2003/arcrole/summation-item" xlink:from="ifrs-gp_HedgingAssetsMicroHedgeFairValueHedge" xlink:to="p-FINREP_HedgingAssetsMicroHedgeFairValueHedgeFXForwardRateAgreement" use="optional" order="16.0" weight="1"/>
    <loc xlink:type="locator" xlink:href="p-FINREP-2008-01-01.xsd#p-FINREP_HedgingAssetsMicroHedgeFairValueHedgeFXOther" xlink:label="p-FINREP_HedgingAssetsMicroHedgeFairValueHedgeFXOther"/>
    <calculationArc xlink:type="arc" xlink:arcrole="http://www.xbrl.org/2003/arcrole/summation-item" xlink:from="ifrs-gp_HedgingAssetsMicroHedgeFairValueHedge" xlink:to="p-FINREP_HedgingAssetsMicroHedgeFairValueHedgeFXOther" use="optional" order="17.0" weight="1"/>
    <loc xlink:type="locator" xlink:href="p-FINREP-2008-01-01.xsd#p-FINREP_HedgingAssetsMicroHedgeFairValueHedgeCreditDefaultSwap" xlink:label="p-FINREP_HedgingAssetsMicroHedgeFairValueHedgeCreditDefaultSwap"/>
    <calculationArc xlink:type="arc" xlink:arcrole="http://www.xbrl.org/2003/arcrole/summation-item" xlink:from="ifrs-gp_HedgingAssetsMicroHedgeFairValueHedge" xlink:to="p-FINREP_HedgingAssetsMicroHedgeFairValueHedgeCreditDefaultSwap" use="optional" order="18.0" weight="1"/>
    <loc xlink:type="locator" xlink:href="p-FINREP-2008-01-01.xsd#p-FINREP_HedgingAssetsMicroHedgeFairValueHedgeCreditSpreadOption" xlink:label="p-FINREP_HedgingAssetsMicroHedgeFairValueHedgeCreditSpreadOption"/>
    <calculationArc xlink:type="arc" xlink:arcrole="http://www.xbrl.org/2003/arcrole/summation-item" xlink:from="ifrs-gp_HedgingAssetsMicroHedgeFairValueHedge" xlink:to="p-FINREP_HedgingAssetsMicroHedgeFairValueHedgeCreditSpreadOption" use="optional" order="19.0" weight="1"/>
    <loc xlink:type="locator" xlink:href="p-FINREP-2008-01-01.xsd#p-FINREP_HedgingAssetsMicroHedgeFairValueHedgeCreditTotalReturnSwap" xlink:label="p-FINREP_HedgingAssetsMicroHedgeFairValueHedgeCreditTotalReturnSwap"/>
    <calculationArc xlink:type="arc" xlink:arcrole="http://www.xbrl.org/2003/arcrole/summation-item" xlink:from="ifrs-gp_HedgingAssetsMicroHedgeFairValueHedge" xlink:to="p-FINREP_HedgingAssetsMicroHedgeFairValueHedgeCreditTotalReturnSwap" use="optional" order="20.0" weight="1"/>
    <loc xlink:type="locator" xlink:href="p-FINREP-2008-01-01.xsd#p-FINREP_HedgingAssetsMicroHedgeFairValueHedgeCreditOther" xlink:label="p-FINREP_HedgingAssetsMicroHedgeFairValueHedgeCreditOther"/>
    <calculationArc xlink:type="arc" xlink:arcrole="http://www.xbrl.org/2003/arcrole/summation-item" xlink:from="ifrs-gp_HedgingAssetsMicroHedgeFairValueHedge" xlink:to="p-FINREP_HedgingAssetsMicroHedgeFairValueHedgeCreditOther" use="optional" order="21.0" weight="1"/>
    <loc xlink:type="locator" xlink:href="p-FINREP-2008-01-01.xsd#p-FINREP_HedgingAssetsMicroHedgeFairValueHedgeCommodity" xlink:label="p-FINREP_HedgingAssetsMicroHedgeFairValueHedgeCommodity"/>
    <calculationArc xlink:type="arc" xlink:arcrole="http://www.xbrl.org/2003/arcrole/summation-item" xlink:from="ifrs-gp_HedgingAssetsMicroHedgeFairValueHedge" xlink:to="p-FINREP_HedgingAssetsMicroHedgeFairValueHedgeCommodity" use="optional" order="22.0" weight="1"/>
    <loc xlink:type="locator" xlink:href="p-FINREP-2008-01-01.xsd#p-FINREP_HedgingAssetsMicroHedgeFairValueHedgeOther" xlink:label="p-FINREP_HedgingAssetsMicroHedgeFairValueHedgeOther"/>
    <calculationArc xlink:type="arc" xlink:arcrole="http://www.xbrl.org/2003/arcrole/summation-item" xlink:from="ifrs-gp_HedgingAssetsMicroHedgeFairValueHedge" xlink:to="p-FINREP_HedgingAssetsMicroHedgeFairValueHedgeOther" use="optional" order="23.0" weight="1"/>
    <loc xlink:type="locator" xlink:href="http://xbrl.iasb.org/int/fr/ifrs/gp/2006-08-15/ifrs-gp-2006-08-15.xsd#ifrs-gp_HedgingAssetsMicroHedgeCashFlowHedge" xlink:label="ifrs-gp_HedgingAssetsMicroHedgeCashFlowHedge"/>
    <calculationArc xlink:type="arc" xlink:arcrole="http://www.xbrl.org/2003/arcrole/summation-item" xlink:from="HedgingAssetsMicroHedgeTotal" xlink:to="ifrs-gp_HedgingAssetsMicroHedgeCashFlowHedge" xlink:title="calculation: HedgingAssetsMicroHedgeTotal to HedgingAssetsMicroHedgeCashFlowHedge" order="2.0" weight="1"/>
    <loc xlink:type="locator" xlink:href="p-FINREP-2008-01-01.xsd#p-FINREP_HedgingAssetsMicroHedgeCashFlowHedgeInterestRateOptions" xlink:label="p-FINREP_HedgingAssetsMicroHedgeCashFlowHedgeInterestRateOptions"/>
    <calculationArc xlink:type="arc" xlink:arcrole="http://www.xbrl.org/2003/arcrole/summation-item" xlink:from="ifrs-gp_HedgingAssetsMicroHedgeCashFlowHedge" xlink:to="p-FINREP_HedgingAssetsMicroHedgeCashFlowHedgeInterestRateOptions" use="optional" order="1.0" weight="1"/>
    <loc xlink:type="locator" xlink:href="p-FINREP-2008-01-01.xsd#p-FINREP_HedgingAssetsMicroHedgeCashFlowHedgeInterestRateSwaps" xlink:label="p-FINREP_HedgingAssetsMicroHedgeCashFlowHedgeInterestRateSwaps"/>
    <calculationArc xlink:type="arc" xlink:arcrole="http://www.xbrl.org/2003/arcrole/summation-item" xlink:from="ifrs-gp_HedgingAssetsMicroHedgeCashFlowHedge" xlink:to="p-FINREP_HedgingAssetsMicroHedgeCashFlowHedgeInterestRateSwaps" use="optional" order="2.0" weight="1"/>
    <loc xlink:type="locator" xlink:href="p-FINREP-2008-01-01.xsd#p-FINREP_HedgingAssetsMicroHedgeCashFlowHedgeInterestRateForwardRateAgreement" xlink:label="p-FINREP_HedgingAssetsMicroHedgeCashFlowHedgeInterestRateForwardRateAgreement"/>
    <calculationArc xlink:type="arc" xlink:arcrole="http://www.xbrl.org/2003/arcrole/summation-item" xlink:from="ifrs-gp_HedgingAssetsMicroHedgeCashFlowHedge" xlink:to="p-FINREP_HedgingAssetsMicroHedgeCashFlowHedgeInterestRateForwardRateAgreement" use="optional" order="3.0" weight="1"/>
    <loc xlink:type="locator" xlink:href="p-FINREP-2008-01-01.xsd#p-FINREP_HedgingAssetsMicroHedgeCashFlowHedgeInterestRateForward" xlink:label="p-FINREP_HedgingAssetsMicroHedgeCashFlowHedgeInterestRateForward"/>
    <calculationArc xlink:type="arc" xlink:arcrole="http://www.xbrl.org/2003/arcrole/summation-item" xlink:from="ifrs-gp_HedgingAssetsMicroHedgeCashFlowHedge" xlink:to="p-FINREP_HedgingAssetsMicroHedgeCashFlowHedgeInterestRateForward" use="optional" order="4.0" weight="1"/>
    <loc xlink:type="locator" xlink:href="p-FINREP-2008-01-01.xsd#p-FINREP_HedgingAssetsMicroHedgeCashFlowHedgeInterestRateFuture" xlink:label="p-FINREP_HedgingAssetsMicroHedgeCashFlowHedgeInterestRateFuture"/>
    <calculationArc xlink:type="arc" xlink:arcrole="http://www.xbrl.org/2003/arcrole/summation-item" xlink:from="ifrs-gp_HedgingAssetsMicroHedgeCashFlowHedge" xlink:to="p-FINREP_HedgingAssetsMicroHedgeCashFlowHedgeInterestRateFuture" use="optional" order="5.0" weight="1"/>
    <loc xlink:type="locator" xlink:href="p-FINREP-2008-01-01.xsd#p-FINREP_HedgingAssetsMicroHedgeCashFlowHedgeInterestRateOther" xlink:label="p-FINREP_HedgingAssetsMicroHedgeCashFlowHedgeInterestRateOther"/>
    <calculationArc xlink:type="arc" xlink:arcrole="http://www.xbrl.org/2003/arcrole/summation-item" xlink:from="ifrs-gp_HedgingAssetsMicroHedgeCashFlowHedge" xlink:to="p-FINREP_HedgingAssetsMicroHedgeCashFlowHedgeInterestRateOther" use="optional" order="6.0" weight="1"/>
    <loc xlink:type="locator" xlink:href="p-FINREP-2008-01-01.xsd#p-FINREP_HedgingAssetsMicroHedgeCashFlowHedgeEquityForward" xlink:label="p-FINREP_HedgingAssetsMicroHedgeCashFlowHedgeEquityForward"/>
    <calculationArc xlink:type="arc" xlink:arcrole="http://www.xbrl.org/2003/arcrole/summation-item" xlink:from="ifrs-gp_HedgingAssetsMicroHedgeCashFlowHedge" xlink:to="p-FINREP_HedgingAssetsMicroHedgeCashFlowHedgeEquityForward" use="optional" order="7.0" weight="1"/>
    <loc xlink:type="locator" xlink:href="p-FINREP-2008-01-01.xsd#p-FINREP_HedgingAssetsMicroHedgeCashFlowHedgeEquityFuture" xlink:label="p-FINREP_HedgingAssetsMicroHedgeCashFlowHedgeEquityFuture"/>
    <calculationArc xlink:type="arc" xlink:arcrole="http://www.xbrl.org/2003/arcrole/summation-item" xlink:from="ifrs-gp_HedgingAssetsMicroHedgeCashFlowHedge" xlink:to="p-FINREP_HedgingAssetsMicroHedgeCashFlowHedgeEquityFuture" use="optional" order="8.0" weight="1"/>
    <loc xlink:type="locator" xlink:href="p-FINREP-2008-01-01.xsd#p-FINREP_HedgingAssetsMicroHedgeCashFlowHedgeEquityOption" xlink:label="p-FINREP_HedgingAssetsMicroHedgeCashFlowHedgeEquityOption"/>
    <calculationArc xlink:type="arc" xlink:arcrole="http://www.xbrl.org/2003/arcrole/summation-item" xlink:from="ifrs-gp_HedgingAssetsMicroHedgeCashFlowHedge" xlink:to="p-FINREP_HedgingAssetsMicroHedgeCashFlowHedgeEquityOption" use="optional" order="9.0" weight="1"/>
    <loc xlink:type="locator" xlink:href="p-FINREP-2008-01-01.xsd#p-FINREP_HedgingAssetsMicroHedgeCashFlowHedgeEquityWarrant" xlink:label="p-FINREP_HedgingAssetsMicroHedgeCashFlowHedgeEquityWarrant"/>
    <calculationArc xlink:type="arc" xlink:arcrole="http://www.xbrl.org/2003/arcrole/summation-item" xlink:from="ifrs-gp_HedgingAssetsMicroHedgeCashFlowHedge" xlink:to="p-FINREP_HedgingAssetsMicroHedgeCashFlowHedgeEquityWarrant" use="optional" order="10.0" weight="1"/>
    <loc xlink:type="locator" xlink:href="p-FINREP-2008-01-01.xsd#p-FINREP_HedgingAssetsMicroHedgeCashFlowHedgeEquityOther" xlink:label="p-FINREP_HedgingAssetsMicroHedgeCashFlowHedgeEquityOther"/>
    <calculationArc xlink:type="arc" xlink:arcrole="http://www.xbrl.org/2003/arcrole/summation-item" xlink:from="ifrs-gp_HedgingAssetsMicroHedgeCashFlowHedge" xlink:to="p-FINREP_HedgingAssetsMicroHedgeCashFlowHedgeEquityOther" use="optional" order="11.0" weight="1"/>
    <loc xlink:type="locator" xlink:href="p-FINREP-2008-01-01.xsd#p-FINREP_HedgingAssetsMicroHedgeCashFlowHedgeFXForward" xlink:label="p-FINREP_HedgingAssetsMicroHedgeCashFlowHedgeFXForward"/>
    <calculationArc xlink:type="arc" xlink:arcrole="http://www.xbrl.org/2003/arcrole/summation-item" xlink:from="ifrs-gp_HedgingAssetsMicroHedgeCashFlowHedge" xlink:to="p-FINREP_HedgingAssetsMicroHedgeCashFlowHedgeFXForward" use="optional" order="12.0" weight="1"/>
    <loc xlink:type="locator" xlink:href="p-FINREP-2008-01-01.xsd#p-FINREP_HedgingAssetsMicroHedgeCashFlowHedgeFXFuture" xlink:label="p-FINREP_HedgingAssetsMicroHedgeCashFlowHedgeFXFuture"/>
    <calculationArc xlink:type="arc" xlink:arcrole="http://www.xbrl.org/2003/arcrole/summation-item" xlink:from="ifrs-gp_HedgingAssetsMicroHedgeCashFlowHedge" xlink:to="p-FINREP_HedgingAssetsMicroHedgeCashFlowHedgeFXFuture" use="optional" order="13.0" weight="1"/>
    <loc xlink:type="locator" xlink:href="p-FINREP-2008-01-01.xsd#p-FINREP_HedgingAssetsMicroHedgeCashFlowHedgeFXCrossCurrencySwap" xlink:label="p-FINREP_HedgingAssetsMicroHedgeCashFlowHedgeFXCrossCurrencySwap"/>
    <calculationArc xlink:type="arc" xlink:arcrole="http://www.xbrl.org/2003/arcrole/summation-item" xlink:from="ifrs-gp_HedgingAssetsMicroHedgeCashFlowHedge" xlink:to="p-FINREP_HedgingAssetsMicroHedgeCashFlowHedgeFXCrossCurrencySwap" use="optional" order="14.0" weight="1"/>
    <loc xlink:type="locator" xlink:href="p-FINREP-2008-01-01.xsd#p-FINREP_HedgingAssetsMicroHedgeCashFlowHedgeFXOption" xlink:label="p-FINREP_HedgingAssetsMicroHedgeCashFlowHedgeFXOption"/>
    <calculationArc xlink:type="arc" xlink:arcrole="http://www.xbrl.org/2003/arcrole/summation-item" xlink:from="ifrs-gp_HedgingAssetsMicroHedgeCashFlowHedge" xlink:to="p-FINREP_HedgingAssetsMicroHedgeCashFlowHedgeFXOption" use="optional" order="15.0" weight="1"/>
    <loc xlink:type="locator" xlink:href="p-FINREP-2008-01-01.xsd#p-FINREP_HedgingAssetsMicroHedgeCashFlowHedgeFXForwardRateAgreement" xlink:label="p-FINREP_HedgingAssetsMicroHedgeCashFlowHedgeFXForwardRateAgreement"/>
    <calculationArc xlink:type="arc" xlink:arcrole="http://www.xbrl.org/2003/arcrole/summation-item" xlink:from="ifrs-gp_HedgingAssetsMicroHedgeCashFlowHedge" xlink:to="p-FINREP_HedgingAssetsMicroHedgeCashFlowHedgeFXForwardRateAgreement" use="optional" order="16.0" weight="1"/>
    <loc xlink:type="locator" xlink:href="p-FINREP-2008-01-01.xsd#p-FINREP_HedgingAssetsMicroHedgeCashFlowHedgeFXOther" xlink:label="p-FINREP_HedgingAssetsMicroHedgeCashFlowHedgeFXOther"/>
    <calculationArc xlink:type="arc" xlink:arcrole="http://www.xbrl.org/2003/arcrole/summation-item" xlink:from="ifrs-gp_HedgingAssetsMicroHedgeCashFlowHedge" xlink:to="p-FINREP_HedgingAssetsMicroHedgeCashFlowHedgeFXOther" use="optional" order="17.0" weight="1"/>
    <loc xlink:type="locator" xlink:href="p-FINREP-2008-01-01.xsd#p-FINREP_HedgingAssetsMicroHedgeCashFlowHedgeCreditDefaultSwap" xlink:label="p-FINREP_HedgingAssetsMicroHedgeCashFlowHedgeCreditDefaultSwap"/>
    <calculationArc xlink:type="arc" xlink:arcrole="http://www.xbrl.org/2003/arcrole/summation-item" xlink:from="ifrs-gp_HedgingAssetsMicroHedgeCashFlowHedge" xlink:to="p-FINREP_HedgingAssetsMicroHedgeCashFlowHedgeCreditDefaultSwap" use="optional" order="18.0" weight="1"/>
    <loc xlink:type="locator" xlink:href="p-FINREP-2008-01-01.xsd#p-FINREP_HedgingAssetsMicroHedgeCashFlowHedgeCreditSpreadOption" xlink:label="p-FINREP_HedgingAssetsMicroHedgeCashFlowHedgeCreditSpreadOption"/>
    <calculationArc xlink:type="arc" xlink:arcrole="http://www.xbrl.org/2003/arcrole/summation-item" xlink:from="ifrs-gp_HedgingAssetsMicroHedgeCashFlowHedge" xlink:to="p-FINREP_HedgingAssetsMicroHedgeCashFlowHedgeCreditSpreadOption" use="optional" order="19.0" weight="1"/>
    <loc xlink:type="locator" xlink:href="p-FINREP-2008-01-01.xsd#p-FINREP_HedgingAssetsMicroHedgeCashFlowHedgeCreditTotalReturnSwap" xlink:label="p-FINREP_HedgingAssetsMicroHedgeCashFlowHedgeCreditTotalReturnSwap"/>
    <calculationArc xlink:type="arc" xlink:arcrole="http://www.xbrl.org/2003/arcrole/summation-item" xlink:from="ifrs-gp_HedgingAssetsMicroHedgeCashFlowHedge" xlink:to="p-FINREP_HedgingAssetsMicroHedgeCashFlowHedgeCreditTotalReturnSwap" use="optional" order="20.0" weight="1"/>
    <loc xlink:type="locator" xlink:href="p-FINREP-2008-01-01.xsd#p-FINREP_HedgingAssetsMicroHedgeCashFlowHedgeCreditOther" xlink:label="p-FINREP_HedgingAssetsMicroHedgeCashFlowHedgeCreditOther"/>
    <calculationArc xlink:type="arc" xlink:arcrole="http://www.xbrl.org/2003/arcrole/summation-item" xlink:from="ifrs-gp_HedgingAssetsMicroHedgeCashFlowHedge" xlink:to="p-FINREP_HedgingAssetsMicroHedgeCashFlowHedgeCreditOther" use="optional" order="21.0" weight="1"/>
    <loc xlink:type="locator" xlink:href="p-FINREP-2008-01-01.xsd#p-FINREP_HedgingAssetsMicroHedgeCashFlowHedgeCommodity" xlink:label="p-FINREP_HedgingAssetsMicroHedgeCashFlowHedgeCommodity"/>
    <calculationArc xlink:type="arc" xlink:arcrole="http://www.xbrl.org/2003/arcrole/summation-item" xlink:from="ifrs-gp_HedgingAssetsMicroHedgeCashFlowHedge" xlink:to="p-FINREP_HedgingAssetsMicroHedgeCashFlowHedgeCommodity" use="optional" order="22.0" weight="1"/>
    <loc xlink:type="locator" xlink:href="p-FINREP-2008-01-01.xsd#p-FINREP_HedgingAssetsMicroHedgeCashFlowHedgeOther" xlink:label="p-FINREP_HedgingAssetsMicroHedgeCashFlowHedgeOther"/>
    <calculationArc xlink:type="arc" xlink:arcrole="http://www.xbrl.org/2003/arcrole/summation-item" xlink:from="ifrs-gp_HedgingAssetsMicroHedgeCashFlowHedge" xlink:to="p-FINREP_HedgingAssetsMicroHedgeCashFlowHedgeOther" use="optional" order="23.0" weight="1"/>
    <loc xlink:type="locator" xlink:href="http://xbrl.iasb.org/int/fr/ifrs/gp/2006-08-15/ifrs-gp-2006-08-15.xsd#ifrs-gp_HedgingAssetsMicroHedgeHedgeOfNetInvestmentInForeignOperation" xlink:label="HedgingAssetsMicroHedgeHedgeOfNetInvestmentInForeignOperation" xlink:title="HedgingAssetsMicroHedgeHedgeOfNetInvestmentInForeignOperation"/>
    <calculationArc xlink:type="arc" xlink:arcrole="http://www.xbrl.org/2003/arcrole/summation-item" xlink:from="HedgingAssetsMicroHedgeTotal" xlink:to="HedgingAssetsMicroHedgeHedgeOfNetInvestmentInForeignOperation" xlink:title="calculation: HedgingAssetsMicroHedgeTotal to HedgingAssetsMicroHedgeHedgeOfNetInvestmentInForeignOperation" order="3.0" weight="1"/>
    <loc xlink:type="locator" xlink:href="p-FINREP-2008-01-01.xsd#p-FINREP_HedgingLiabilitiesMicroHedgeTotal" xlink:label="HedgingLiabilitiesMicroHedgeTotal" xlink:title="HedgingLiabilitiesMicroHedgeTotal"/>
    <loc xlink:type="locator" xlink:href="http://xbrl.iasb.org/int/fr/ifrs/gp/2006-08-15/ifrs-gp-2006-08-15.xsd#ifrs-gp_HedgingLiabilitiesMicroHedgeFairValueHedge" xlink:label="ifrs-gp_HedgingLiabilitiesMicroHedgeFairValueHedge"/>
    <calculationArc xlink:type="arc" xlink:arcrole="http://www.xbrl.org/2003/arcrole/summation-item" xlink:from="HedgingLiabilitiesMicroHedgeTotal" xlink:to="ifrs-gp_HedgingLiabilitiesMicroHedgeFairValueHedge" xlink:title="calculation: HedgingLiabilitiesMicroHedgeTotal to HedgingLiabilitiesMicroHedgeFairValueHedge" order="1.0" weight="1"/>
    <loc xlink:type="locator" xlink:href="p-FINREP-2008-01-01.xsd#p-FINREP_HedgingLiabilitiesMicroHedgeFairValueHedgeInterestRateOptions" xlink:label="p-FINREP_HedgingLiabilitiesMicroHedgeFairValueHedgeInterestRateOptions"/>
    <calculationArc xlink:type="arc" xlink:arcrole="http://www.xbrl.org/2003/arcrole/summation-item" xlink:from="ifrs-gp_HedgingLiabilitiesMicroHedgeFairValueHedge" xlink:to="p-FINREP_HedgingLiabilitiesMicroHedgeFairValueHedgeInterestRateOptions" use="optional" order="1.0" weight="1"/>
    <loc xlink:type="locator" xlink:href="p-FINREP-2008-01-01.xsd#p-FINREP_HedgingLiabilitiesMicroHedgeFairValueHedgeInterestRateSwaps" xlink:label="p-FINREP_HedgingLiabilitiesMicroHedgeFairValueHedgeInterestRateSwaps"/>
    <calculationArc xlink:type="arc" xlink:arcrole="http://www.xbrl.org/2003/arcrole/summation-item" xlink:from="ifrs-gp_HedgingLiabilitiesMicroHedgeFairValueHedge" xlink:to="p-FINREP_HedgingLiabilitiesMicroHedgeFairValueHedgeInterestRateSwaps" use="optional" order="2.0" weight="1"/>
    <loc xlink:type="locator" xlink:href="p-FINREP-2008-01-01.xsd#p-FINREP_HedgingLiabilitiesMicroHedgeFairValueHedgeInterestRateForwardRateAgreement" xlink:label="p-FINREP_HedgingLiabilitiesMicroHedgeFairValueHedgeInterestRateForwardRateAgreement"/>
    <calculationArc xlink:type="arc" xlink:arcrole="http://www.xbrl.org/2003/arcrole/summation-item" xlink:from="ifrs-gp_HedgingLiabilitiesMicroHedgeFairValueHedge" xlink:to="p-FINREP_HedgingLiabilitiesMicroHedgeFairValueHedgeInterestRateForwardRateAgreement" use="optional" order="3.0" weight="1"/>
    <loc xlink:type="locator" xlink:href="p-FINREP-2008-01-01.xsd#p-FINREP_HedgingLiabilitiesMicroHedgeFairValueHedgeInterestRateForward" xlink:label="p-FINREP_HedgingLiabilitiesMicroHedgeFairValueHedgeInterestRateForward"/>
    <calculationArc xlink:type="arc" xlink:arcrole="http://www.xbrl.org/2003/arcrole/summation-item" xlink:from="ifrs-gp_HedgingLiabilitiesMicroHedgeFairValueHedge" xlink:to="p-FINREP_HedgingLiabilitiesMicroHedgeFairValueHedgeInterestRateForward" use="optional" order="4.0" weight="1"/>
    <loc xlink:type="locator" xlink:href="p-FINREP-2008-01-01.xsd#p-FINREP_HedgingLiabilitiesMicroHedgeFairValueHedgeInterestRateFuture" xlink:label="p-FINREP_HedgingLiabilitiesMicroHedgeFairValueHedgeInterestRateFuture"/>
    <calculationArc xlink:type="arc" xlink:arcrole="http://www.xbrl.org/2003/arcrole/summation-item" xlink:from="ifrs-gp_HedgingLiabilitiesMicroHedgeFairValueHedge" xlink:to="p-FINREP_HedgingLiabilitiesMicroHedgeFairValueHedgeInterestRateFuture" use="optional" order="5.0" weight="1"/>
    <loc xlink:type="locator" xlink:href="p-FINREP-2008-01-01.xsd#p-FINREP_HedgingLiabilitiesMicroHedgeFairValueHedgeInterestRateOther" xlink:label="p-FINREP_HedgingLiabilitiesMicroHedgeFairValueHedgeInterestRateOther"/>
    <calculationArc xlink:type="arc" xlink:arcrole="http://www.xbrl.org/2003/arcrole/summation-item" xlink:from="ifrs-gp_HedgingLiabilitiesMicroHedgeFairValueHedge" xlink:to="p-FINREP_HedgingLiabilitiesMicroHedgeFairValueHedgeInterestRateOther" use="optional" order="6.0" weight="1"/>
    <loc xlink:type="locator" xlink:href="p-FINREP-2008-01-01.xsd#p-FINREP_HedgingLiabilitiesMicroHedgeFairValueHedgeEquityForward" xlink:label="p-FINREP_HedgingLiabilitiesMicroHedgeFairValueHedgeEquityForward"/>
    <calculationArc xlink:type="arc" xlink:arcrole="http://www.xbrl.org/2003/arcrole/summation-item" xlink:from="ifrs-gp_HedgingLiabilitiesMicroHedgeFairValueHedge" xlink:to="p-FINREP_HedgingLiabilitiesMicroHedgeFairValueHedgeEquityForward" use="optional" order="7.0" weight="1"/>
    <loc xlink:type="locator" xlink:href="p-FINREP-2008-01-01.xsd#p-FINREP_HedgingLiabilitiesMicroHedgeFairValueHedgeEquityFuture" xlink:label="p-FINREP_HedgingLiabilitiesMicroHedgeFairValueHedgeEquityFuture"/>
    <calculationArc xlink:type="arc" xlink:arcrole="http://www.xbrl.org/2003/arcrole/summation-item" xlink:from="ifrs-gp_HedgingLiabilitiesMicroHedgeFairValueHedge" xlink:to="p-FINREP_HedgingLiabilitiesMicroHedgeFairValueHedgeEquityFuture" use="optional" order="8.0" weight="1"/>
    <loc xlink:type="locator" xlink:href="p-FINREP-2008-01-01.xsd#p-FINREP_HedgingLiabilitiesMicroHedgeFairValueHedgeEquityOption" xlink:label="p-FINREP_HedgingLiabilitiesMicroHedgeFairValueHedgeEquityOption"/>
    <calculationArc xlink:type="arc" xlink:arcrole="http://www.xbrl.org/2003/arcrole/summation-item" xlink:from="ifrs-gp_HedgingLiabilitiesMicroHedgeFairValueHedge" xlink:to="p-FINREP_HedgingLiabilitiesMicroHedgeFairValueHedgeEquityOption" use="optional" order="9.0" weight="1"/>
    <loc xlink:type="locator" xlink:href="p-FINREP-2008-01-01.xsd#p-FINREP_HedgingLiabilitiesMicroHedgeFairValueHedgeEquityWarrant" xlink:label="p-FINREP_HedgingLiabilitiesMicroHedgeFairValueHedgeEquityWarrant"/>
    <calculationArc xlink:type="arc" xlink:arcrole="http://www.xbrl.org/2003/arcrole/summation-item" xlink:from="ifrs-gp_HedgingLiabilitiesMicroHedgeFairValueHedge" xlink:to="p-FINREP_HedgingLiabilitiesMicroHedgeFairValueHedgeEquityWarrant" use="optional" order="10.0" weight="1"/>
    <loc xlink:type="locator" xlink:href="p-FINREP-2008-01-01.xsd#p-FINREP_HedgingLiabilitiesMicroHedgeFairValueHedgeEquityOther" xlink:label="p-FINREP_HedgingLiabilitiesMicroHedgeFairValueHedgeEquityOther"/>
    <calculationArc xlink:type="arc" xlink:arcrole="http://www.xbrl.org/2003/arcrole/summation-item" xlink:from="ifrs-gp_HedgingLiabilitiesMicroHedgeFairValueHedge" xlink:to="p-FINREP_HedgingLiabilitiesMicroHedgeFairValueHedgeEquityOther" use="optional" order="11.0" weight="1"/>
    <loc xlink:type="locator" xlink:href="p-FINREP-2008-01-01.xsd#p-FINREP_HedgingLiabilitiesMicroHedgeFairValueHedgeFXForward" xlink:label="p-FINREP_HedgingLiabilitiesMicroHedgeFairValueHedgeFXForward"/>
    <calculationArc xlink:type="arc" xlink:arcrole="http://www.xbrl.org/2003/arcrole/summation-item" xlink:from="ifrs-gp_HedgingLiabilitiesMicroHedgeFairValueHedge" xlink:to="p-FINREP_HedgingLiabilitiesMicroHedgeFairValueHedgeFXForward" use="optional" order="12.0" weight="1"/>
    <loc xlink:type="locator" xlink:href="p-FINREP-2008-01-01.xsd#p-FINREP_HedgingLiabilitiesMicroHedgeFairValueHedgeFXFuture" xlink:label="p-FINREP_HedgingLiabilitiesMicroHedgeFairValueHedgeFXFuture"/>
    <calculationArc xlink:type="arc" xlink:arcrole="http://www.xbrl.org/2003/arcrole/summation-item" xlink:from="ifrs-gp_HedgingLiabilitiesMicroHedgeFairValueHedge" xlink:to="p-FINREP_HedgingLiabilitiesMicroHedgeFairValueHedgeFXFuture" use="optional" order="13.0" weight="1"/>
    <loc xlink:type="locator" xlink:href="p-FINREP-2008-01-01.xsd#p-FINREP_HedgingLiabilitiesMicroHedgeFairValueHedgeFXCrossCurrencySwap" xlink:label="p-FINREP_HedgingLiabilitiesMicroHedgeFairValueHedgeFXCrossCurrencySwap"/>
    <calculationArc xlink:type="arc" xlink:arcrole="http://www.xbrl.org/2003/arcrole/summation-item" xlink:from="ifrs-gp_HedgingLiabilitiesMicroHedgeFairValueHedge" xlink:to="p-FINREP_HedgingLiabilitiesMicroHedgeFairValueHedgeFXCrossCurrencySwap" use="optional" order="14.0" weight="1"/>
    <loc xlink:type="locator" xlink:href="p-FINREP-2008-01-01.xsd#p-FINREP_HedgingLiabilitiesMicroHedgeFairValueHedgeFXOption" xlink:label="p-FINREP_HedgingLiabilitiesMicroHedgeFairValueHedgeFXOption"/>
    <calculationArc xlink:type="arc" xlink:arcrole="http://www.xbrl.org/2003/arcrole/summation-item" xlink:from="ifrs-gp_HedgingLiabilitiesMicroHedgeFairValueHedge" xlink:to="p-FINREP_HedgingLiabilitiesMicroHedgeFairValueHedgeFXOption" use="optional" order="15.0" weight="1"/>
    <loc xlink:type="locator" xlink:href="p-FINREP-2008-01-01.xsd#p-FINREP_HedgingLiabilitiesMicroHedgeFairValueHedgeFXForwardRateAgreement" xlink:label="p-FINREP_HedgingLiabilitiesMicroHedgeFairValueHedgeFXForwardRateAgreement"/>
    <calculationArc xlink:type="arc" xlink:arcrole="http://www.xbrl.org/2003/arcrole/summation-item" xlink:from="ifrs-gp_HedgingLiabilitiesMicroHedgeFairValueHedge" xlink:to="p-FINREP_HedgingLiabilitiesMicroHedgeFairValueHedgeFXForwardRateAgreement" use="optional" order="16.0" weight="1"/>
    <loc xlink:type="locator" xlink:href="p-FINREP-2008-01-01.xsd#p-FINREP_HedgingLiabilitiesMicroHedgeFairValueHedgeFXOther" xlink:label="p-FINREP_HedgingLiabilitiesMicroHedgeFairValueHedgeFXOther"/>
    <calculationArc xlink:type="arc" xlink:arcrole="http://www.xbrl.org/2003/arcrole/summation-item" xlink:from="ifrs-gp_HedgingLiabilitiesMicroHedgeFairValueHedge" xlink:to="p-FINREP_HedgingLiabilitiesMicroHedgeFairValueHedgeFXOther" use="optional" order="17.0" weight="1"/>
    <loc xlink:type="locator" xlink:href="p-FINREP-2008-01-01.xsd#p-FINREP_HedgingLiabilitiesMicroHedgeFairValueHedgeCreditDefaultSwap" xlink:label="p-FINREP_HedgingLiabilitiesMicroHedgeFairValueHedgeCreditDefaultSwap"/>
    <calculationArc xlink:type="arc" xlink:arcrole="http://www.xbrl.org/2003/arcrole/summation-item" xlink:from="ifrs-gp_HedgingLiabilitiesMicroHedgeFairValueHedge" xlink:to="p-FINREP_HedgingLiabilitiesMicroHedgeFairValueHedgeCreditDefaultSwap" use="optional" order="18.0" weight="1"/>
    <loc xlink:type="locator" xlink:href="p-FINREP-2008-01-01.xsd#p-FINREP_HedgingLiabilitiesMicroHedgeFairValueHedgeCreditSpreadOption" xlink:label="p-FINREP_HedgingLiabilitiesMicroHedgeFairValueHedgeCreditSpreadOption"/>
    <calculationArc xlink:type="arc" xlink:arcrole="http://www.xbrl.org/2003/arcrole/summation-item" xlink:from="ifrs-gp_HedgingLiabilitiesMicroHedgeFairValueHedge" xlink:to="p-FINREP_HedgingLiabilitiesMicroHedgeFairValueHedgeCreditSpreadOption" use="optional" order="19.0" weight="1"/>
    <loc xlink:type="locator" xlink:href="p-FINREP-2008-01-01.xsd#p-FINREP_HedgingLiabilitiesMicroHedgeFairValueHedgeCreditTotalReturnSwap" xlink:label="p-FINREP_HedgingLiabilitiesMicroHedgeFairValueHedgeCreditTotalReturnSwap"/>
    <calculationArc xlink:type="arc" xlink:arcrole="http://www.xbrl.org/2003/arcrole/summation-item" xlink:from="ifrs-gp_HedgingLiabilitiesMicroHedgeFairValueHedge" xlink:to="p-FINREP_HedgingLiabilitiesMicroHedgeFairValueHedgeCreditTotalReturnSwap" use="optional" order="20.0" weight="1"/>
    <loc xlink:type="locator" xlink:href="p-FINREP-2008-01-01.xsd#p-FINREP_HedgingLiabilitiesMicroHedgeFairValueHedgeCreditOther" xlink:label="p-FINREP_HedgingLiabilitiesMicroHedgeFairValueHedgeCreditOther"/>
    <calculationArc xlink:type="arc" xlink:arcrole="http://www.xbrl.org/2003/arcrole/summation-item" xlink:from="ifrs-gp_HedgingLiabilitiesMicroHedgeFairValueHedge" xlink:to="p-FINREP_HedgingLiabilitiesMicroHedgeFairValueHedgeCreditOther" use="optional" order="21.0" weight="1"/>
    <loc xlink:type="locator" xlink:href="p-FINREP-2008-01-01.xsd#p-FINREP_HedgingLiabilitiesMicroHedgeFairValueHedgeCommodity" xlink:label="p-FINREP_HedgingLiabilitiesMicroHedgeFairValueHedgeCommodity"/>
    <calculationArc xlink:type="arc" xlink:arcrole="http://www.xbrl.org/2003/arcrole/summation-item" xlink:from="ifrs-gp_HedgingLiabilitiesMicroHedgeFairValueHedge" xlink:to="p-FINREP_HedgingLiabilitiesMicroHedgeFairValueHedgeCommodity" use="optional" order="22.0" weight="1"/>
    <loc xlink:type="locator" xlink:href="p-FINREP-2008-01-01.xsd#p-FINREP_HedgingLiabilitiesMicroHedgeFairValueHedgeOther" xlink:label="p-FINREP_HedgingLiabilitiesMicroHedgeFairValueHedgeOther"/>
    <calculationArc xlink:type="arc" xlink:arcrole="http://www.xbrl.org/2003/arcrole/summation-item" xlink:from="ifrs-gp_HedgingLiabilitiesMicroHedgeFairValueHedge" xlink:to="p-FINREP_HedgingLiabilitiesMicroHedgeFairValueHedgeOther" use="optional" order="23.0" weight="1"/>
    <loc xlink:type="locator" xlink:href="http://xbrl.iasb.org/int/fr/ifrs/gp/2006-08-15/ifrs-gp-2006-08-15.xsd#ifrs-gp_HedgingLiabilitiesMicroHedgeCashFlowHedge" xlink:label="ifrs-gp_HedgingLiabilitiesMicroHedgeCashFlowHedge"/>
    <calculationArc xlink:type="arc" xlink:arcrole="http://www.xbrl.org/2003/arcrole/summation-item" xlink:from="HedgingLiabilitiesMicroHedgeTotal" xlink:to="ifrs-gp_HedgingLiabilitiesMicroHedgeCashFlowHedge" xlink:title="calculation: HedgingLiabilitiesMicroHedgeTotal to HedgingLiabilitiesMicroHedgeCashFlowHedge" order="2.0" weight="1"/>
    <loc xlink:type="locator" xlink:href="p-FINREP-2008-01-01.xsd#p-FINREP_HedgingLiabilitiesMicroHedgeCashFlowHedgeInterestRateOptions" xlink:label="p-FINREP_HedgingLiabilitiesMicroHedgeCashFlowHedgeInterestRateOptions"/>
    <calculationArc xlink:type="arc" xlink:arcrole="http://www.xbrl.org/2003/arcrole/summation-item" xlink:from="ifrs-gp_HedgingLiabilitiesMicroHedgeCashFlowHedge" xlink:to="p-FINREP_HedgingLiabilitiesMicroHedgeCashFlowHedgeInterestRateOptions" use="optional" order="1.0" weight="1"/>
    <loc xlink:type="locator" xlink:href="p-FINREP-2008-01-01.xsd#p-FINREP_HedgingLiabilitiesMicroHedgeCashFlowHedgeInterestRateSwaps" xlink:label="p-FINREP_HedgingLiabilitiesMicroHedgeCashFlowHedgeInterestRateSwaps"/>
    <calculationArc xlink:type="arc" xlink:arcrole="http://www.xbrl.org/2003/arcrole/summation-item" xlink:from="ifrs-gp_HedgingLiabilitiesMicroHedgeCashFlowHedge" xlink:to="p-FINREP_HedgingLiabilitiesMicroHedgeCashFlowHedgeInterestRateSwaps" use="optional" order="2.0" weight="1"/>
    <loc xlink:type="locator" xlink:href="p-FINREP-2008-01-01.xsd#p-FINREP_HedgingLiabilitiesMicroHedgeCashFlowHedgeInterestRateForwardRateAgreement" xlink:label="p-FINREP_HedgingLiabilitiesMicroHedgeCashFlowHedgeInterestRateForwardRateAgreement"/>
    <calculationArc xlink:type="arc" xlink:arcrole="http://www.xbrl.org/2003/arcrole/summation-item" xlink:from="ifrs-gp_HedgingLiabilitiesMicroHedgeCashFlowHedge" xlink:to="p-FINREP_HedgingLiabilitiesMicroHedgeCashFlowHedgeInterestRateForwardRateAgreement" use="optional" order="3.0" weight="1"/>
    <loc xlink:type="locator" xlink:href="p-FINREP-2008-01-01.xsd#p-FINREP_HedgingLiabilitiesMicroHedgeCashFlowHedgeInterestRateForward" xlink:label="p-FINREP_HedgingLiabilitiesMicroHedgeCashFlowHedgeInterestRateForward"/>
    <calculationArc xlink:type="arc" xlink:arcrole="http://www.xbrl.org/2003/arcrole/summation-item" xlink:from="ifrs-gp_HedgingLiabilitiesMicroHedgeCashFlowHedge" xlink:to="p-FINREP_HedgingLiabilitiesMicroHedgeCashFlowHedgeInterestRateForward" use="optional" order="4.0" weight="1"/>
    <loc xlink:type="locator" xlink:href="p-FINREP-2008-01-01.xsd#p-FINREP_HedgingLiabilitiesMicroHedgeCashFlowHedgeInterestRateFuture" xlink:label="p-FINREP_HedgingLiabilitiesMicroHedgeCashFlowHedgeInterestRateFuture"/>
    <calculationArc xlink:type="arc" xlink:arcrole="http://www.xbrl.org/2003/arcrole/summation-item" xlink:from="ifrs-gp_HedgingLiabilitiesMicroHedgeCashFlowHedge" xlink:to="p-FINREP_HedgingLiabilitiesMicroHedgeCashFlowHedgeInterestRateFuture" use="optional" order="5.0" weight="1"/>
    <loc xlink:type="locator" xlink:href="p-FINREP-2008-01-01.xsd#p-FINREP_HedgingLiabilitiesMicroHedgeCashFlowHedgeInterestRateOther" xlink:label="p-FINREP_HedgingLiabilitiesMicroHedgeCashFlowHedgeInterestRateOther"/>
    <calculationArc xlink:type="arc" xlink:arcrole="http://www.xbrl.org/2003/arcrole/summation-item" xlink:from="ifrs-gp_HedgingLiabilitiesMicroHedgeCashFlowHedge" xlink:to="p-FINREP_HedgingLiabilitiesMicroHedgeCashFlowHedgeInterestRateOther" use="optional" order="6.0" weight="1"/>
    <loc xlink:type="locator" xlink:href="p-FINREP-2008-01-01.xsd#p-FINREP_HedgingLiabilitiesMicroHedgeCashFlowHedgeEquityForward" xlink:label="p-FINREP_HedgingLiabilitiesMicroHedgeCashFlowHedgeEquityForward"/>
    <calculationArc xlink:type="arc" xlink:arcrole="http://www.xbrl.org/2003/arcrole/summation-item" xlink:from="ifrs-gp_HedgingLiabilitiesMicroHedgeCashFlowHedge" xlink:to="p-FINREP_HedgingLiabilitiesMicroHedgeCashFlowHedgeEquityForward" use="optional" order="7.0" weight="1"/>
    <loc xlink:type="locator" xlink:href="p-FINREP-2008-01-01.xsd#p-FINREP_HedgingLiabilitiesMicroHedgeCashFlowHedgeEquityFuture" xlink:label="p-FINREP_HedgingLiabilitiesMicroHedgeCashFlowHedgeEquityFuture"/>
    <calculationArc xlink:type="arc" xlink:arcrole="http://www.xbrl.org/2003/arcrole/summation-item" xlink:from="ifrs-gp_HedgingLiabilitiesMicroHedgeCashFlowHedge" xlink:to="p-FINREP_HedgingLiabilitiesMicroHedgeCashFlowHedgeEquityFuture" use="optional" order="8.0" weight="1"/>
    <loc xlink:type="locator" xlink:href="p-FINREP-2008-01-01.xsd#p-FINREP_HedgingLiabilitiesMicroHedgeCashFlowHedgeEquityOption" xlink:label="p-FINREP_HedgingLiabilitiesMicroHedgeCashFlowHedgeEquityOption"/>
    <calculationArc xlink:type="arc" xlink:arcrole="http://www.xbrl.org/2003/arcrole/summation-item" xlink:from="ifrs-gp_HedgingLiabilitiesMicroHedgeCashFlowHedge" xlink:to="p-FINREP_HedgingLiabilitiesMicroHedgeCashFlowHedgeEquityOption" use="optional" order="9.0" weight="1"/>
    <loc xlink:type="locator" xlink:href="p-FINREP-2008-01-01.xsd#p-FINREP_HedgingLiabilitiesMicroHedgeCashFlowHedgeEquityWarrant" xlink:label="p-FINREP_HedgingLiabilitiesMicroHedgeCashFlowHedgeEquityWarrant"/>
    <calculationArc xlink:type="arc" xlink:arcrole="http://www.xbrl.org/2003/arcrole/summation-item" xlink:from="ifrs-gp_HedgingLiabilitiesMicroHedgeCashFlowHedge" xlink:to="p-FINREP_HedgingLiabilitiesMicroHedgeCashFlowHedgeEquityWarrant" use="optional" order="10.0" weight="1"/>
    <loc xlink:type="locator" xlink:href="p-FINREP-2008-01-01.xsd#p-FINREP_HedgingLiabilitiesMicroHedgeCashFlowHedgeEquityOther" xlink:label="p-FINREP_HedgingLiabilitiesMicroHedgeCashFlowHedgeEquityOther"/>
    <calculationArc xlink:type="arc" xlink:arcrole="http://www.xbrl.org/2003/arcrole/summation-item" xlink:from="ifrs-gp_HedgingLiabilitiesMicroHedgeCashFlowHedge" xlink:to="p-FINREP_HedgingLiabilitiesMicroHedgeCashFlowHedgeEquityOther" use="optional" order="11.0" weight="1"/>
    <loc xlink:type="locator" xlink:href="p-FINREP-2008-01-01.xsd#p-FINREP_HedgingLiabilitiesMicroHedgeCashFlowHedgeFXForward" xlink:label="p-FINREP_HedgingLiabilitiesMicroHedgeCashFlowHedgeFXForward"/>
    <calculationArc xlink:type="arc" xlink:arcrole="http://www.xbrl.org/2003/arcrole/summation-item" xlink:from="ifrs-gp_HedgingLiabilitiesMicroHedgeCashFlowHedge" xlink:to="p-FINREP_HedgingLiabilitiesMicroHedgeCashFlowHedgeFXForward" use="optional" order="12.0" weight="1"/>
    <loc xlink:type="locator" xlink:href="p-FINREP-2008-01-01.xsd#p-FINREP_HedgingLiabilitiesMicroHedgeCashFlowHedgeFXFuture" xlink:label="p-FINREP_HedgingLiabilitiesMicroHedgeCashFlowHedgeFXFuture"/>
    <calculationArc xlink:type="arc" xlink:arcrole="http://www.xbrl.org/2003/arcrole/summation-item" xlink:from="ifrs-gp_HedgingLiabilitiesMicroHedgeCashFlowHedge" xlink:to="p-FINREP_HedgingLiabilitiesMicroHedgeCashFlowHedgeFXFuture" use="optional" order="13.0" weight="1"/>
    <loc xlink:type="locator" xlink:href="p-FINREP-2008-01-01.xsd#p-FINREP_HedgingLiabilitiesMicroHedgeCashFlowHedgeFXCrossCurrencySwap" xlink:label="p-FINREP_HedgingLiabilitiesMicroHedgeCashFlowHedgeFXCrossCurrencySwap"/>
    <calculationArc xlink:type="arc" xlink:arcrole="http://www.xbrl.org/2003/arcrole/summation-item" xlink:from="ifrs-gp_HedgingLiabilitiesMicroHedgeCashFlowHedge" xlink:to="p-FINREP_HedgingLiabilitiesMicroHedgeCashFlowHedgeFXCrossCurrencySwap" use="optional" order="14.0" weight="1"/>
    <loc xlink:type="locator" xlink:href="p-FINREP-2008-01-01.xsd#p-FINREP_HedgingLiabilitiesMicroHedgeCashFlowHedgeFXOption" xlink:label="p-FINREP_HedgingLiabilitiesMicroHedgeCashFlowHedgeFXOption"/>
    <calculationArc xlink:type="arc" xlink:arcrole="http://www.xbrl.org/2003/arcrole/summation-item" xlink:from="ifrs-gp_HedgingLiabilitiesMicroHedgeCashFlowHedge" xlink:to="p-FINREP_HedgingLiabilitiesMicroHedgeCashFlowHedgeFXOption" use="optional" order="15.0" weight="1"/>
    <loc xlink:type="locator" xlink:href="p-FINREP-2008-01-01.xsd#p-FINREP_HedgingLiabilitiesMicroHedgeCashFlowHedgeFXForwardRateAgreement" xlink:label="p-FINREP_HedgingLiabilitiesMicroHedgeCashFlowHedgeFXForwardRateAgreement"/>
    <calculationArc xlink:type="arc" xlink:arcrole="http://www.xbrl.org/2003/arcrole/summation-item" xlink:from="ifrs-gp_HedgingLiabilitiesMicroHedgeCashFlowHedge" xlink:to="p-FINREP_HedgingLiabilitiesMicroHedgeCashFlowHedgeFXForwardRateAgreement" use="optional" order="16.0" weight="1"/>
    <loc xlink:type="locator" xlink:href="p-FINREP-2008-01-01.xsd#p-FINREP_HedgingLiabilitiesMicroHedgeCashFlowHedgeFXOther" xlink:label="p-FINREP_HedgingLiabilitiesMicroHedgeCashFlowHedgeFXOther"/>
    <calculationArc xlink:type="arc" xlink:arcrole="http://www.xbrl.org/2003/arcrole/summation-item" xlink:from="ifrs-gp_HedgingLiabilitiesMicroHedgeCashFlowHedge" xlink:to="p-FINREP_HedgingLiabilitiesMicroHedgeCashFlowHedgeFXOther" use="optional" order="17.0" weight="1"/>
    <loc xlink:type="locator" xlink:href="p-FINREP-2008-01-01.xsd#p-FINREP_HedgingLiabilitiesMicroHedgeCashFlowHedgeCreditDefaultSwap" xlink:label="p-FINREP_HedgingLiabilitiesMicroHedgeCashFlowHedgeCreditDefaultSwap"/>
    <calculationArc xlink:type="arc" xlink:arcrole="http://www.xbrl.org/2003/arcrole/summation-item" xlink:from="ifrs-gp_HedgingLiabilitiesMicroHedgeCashFlowHedge" xlink:to="p-FINREP_HedgingLiabilitiesMicroHedgeCashFlowHedgeCreditDefaultSwap" use="optional" order="18.0" weight="1"/>
    <loc xlink:type="locator" xlink:href="p-FINREP-2008-01-01.xsd#p-FINREP_HedgingLiabilitiesMicroHedgeCashFlowHedgeCreditSpreadOption" xlink:label="p-FINREP_HedgingLiabilitiesMicroHedgeCashFlowHedgeCreditSpreadOption"/>
    <calculationArc xlink:type="arc" xlink:arcrole="http://www.xbrl.org/2003/arcrole/summation-item" xlink:from="ifrs-gp_HedgingLiabilitiesMicroHedgeCashFlowHedge" xlink:to="p-FINREP_HedgingLiabilitiesMicroHedgeCashFlowHedgeCreditSpreadOption" use="optional" order="19.0" weight="1"/>
    <loc xlink:type="locator" xlink:href="p-FINREP-2008-01-01.xsd#p-FINREP_HedgingLiabilitiesMicroHedgeCashFlowHedgeCreditTotalReturnSwap" xlink:label="p-FINREP_HedgingLiabilitiesMicroHedgeCashFlowHedgeCreditTotalReturnSwap"/>
    <calculationArc xlink:type="arc" xlink:arcrole="http://www.xbrl.org/2003/arcrole/summation-item" xlink:from="ifrs-gp_HedgingLiabilitiesMicroHedgeCashFlowHedge" xlink:to="p-FINREP_HedgingLiabilitiesMicroHedgeCashFlowHedgeCreditTotalReturnSwap" use="optional" order="20.0" weight="1"/>
    <loc xlink:type="locator" xlink:href="p-FINREP-2008-01-01.xsd#p-FINREP_HedgingLiabilitiesMicroHedgeCashFlowHedgeCreditOther" xlink:label="p-FINREP_HedgingLiabilitiesMicroHedgeCashFlowHedgeCreditOther"/>
    <calculationArc xlink:type="arc" xlink:arcrole="http://www.xbrl.org/2003/arcrole/summation-item" xlink:from="ifrs-gp_HedgingLiabilitiesMicroHedgeCashFlowHedge" xlink:to="p-FINREP_HedgingLiabilitiesMicroHedgeCashFlowHedgeCreditOther" use="optional" order="21.0" weight="1"/>
    <loc xlink:type="locator" xlink:href="p-FINREP-2008-01-01.xsd#p-FINREP_HedgingLiabilitiesMicroHedgeCashFlowHedgeCommodity" xlink:label="p-FINREP_HedgingLiabilitiesMicroHedgeCashFlowHedgeCommodity"/>
    <calculationArc xlink:type="arc" xlink:arcrole="http://www.xbrl.org/2003/arcrole/summation-item" xlink:from="ifrs-gp_HedgingLiabilitiesMicroHedgeCashFlowHedge" xlink:to="p-FINREP_HedgingLiabilitiesMicroHedgeCashFlowHedgeCommodity" use="optional" order="22.0" weight="1"/>
    <loc xlink:type="locator" xlink:href="p-FINREP-2008-01-01.xsd#p-FINREP_HedgingLiabilitiesMicroHedgeCashFlowHedgeOther" xlink:label="p-FINREP_HedgingLiabilitiesMicroHedgeCashFlowHedgeOther"/>
    <calculationArc xlink:type="arc" xlink:arcrole="http://www.xbrl.org/2003/arcrole/summation-item" xlink:from="ifrs-gp_HedgingLiabilitiesMicroHedgeCashFlowHedge" xlink:to="p-FINREP_HedgingLiabilitiesMicroHedgeCashFlowHedgeOther" use="optional" order="23.0" weight="1"/>
    <loc xlink:type="locator" xlink:href="http://xbrl.iasb.org/int/fr/ifrs/gp/2006-08-15/ifrs-gp-2006-08-15.xsd#ifrs-gp_HedgingLiabilitiesMicroHedgeHedgeOfNetInvestmentInForeignOperation" xlink:label="HedgingLiabilitiesMicroHedgeHedgeOfNetInvestmentInForeignOperation" xlink:title="HedgingLiabilitiesMicroHedgeHedgeOfNetInvestmentInForeignOperation"/>
    <calculationArc xlink:type="arc" xlink:arcrole="http://www.xbrl.org/2003/arcrole/summation-item" xlink:from="HedgingLiabilitiesMicroHedgeTotal" xlink:to="HedgingLiabilitiesMicroHedgeHedgeOfNetInvestmentInForeignOperation" xlink:title="calculation: HedgingLiabilitiesMicroHedgeTotal to HedgingLiabilitiesMicroHedgeHedgeOfNetInvestmentInForeignOperation" order="3.0" weight="1"/>
    <loc xlink:type="locator" xlink:href="p-FINREP-2008-01-01.xsd#p-FINREP_HedgingInstrumentsMicroHedgeNotionalAmountTotal" xlink:label="HedgingInstrumentsMicroHedgeNotionalAmountTotal" xlink:title="HedgingInstrumentsMicroHedgeNotionalAmountTotal"/>
    <loc xlink:type="locator" xlink:href="p-FINREP-2008-01-01.xsd#p-FINREP_HedgingInstrumentsMicroHedgeFairValueHedgeNotionalAmountTotal" xlink:label="p-FINREP_HedgingInstrumentsMicroHedgeFairValueHedgeNotionalAmountTotal"/>
    <calculationArc xlink:type="arc" xlink:arcrole="http://www.xbrl.org/2003/arcrole/summation-item" xlink:from="HedgingInstrumentsMicroHedgeNotionalAmountTotal" xlink:to="p-FINREP_HedgingInstrumentsMicroHedgeFairValueHedgeNotionalAmountTotal" xlink:title="calculation: HedgingInstrumentsMicroHedgeNotionalAmountTotal to HedgingInstrumentsMicroHedgeFairValueHedgeNotionalAmountTotal" order="1.0" weight="1.0"/>
    <loc xlink:type="locator" xlink:href="p-FINREP-2008-01-01.xsd#p-FINREP_HedgingInstrumentsMicroHedgeFairValueHedgeNotionalAmountInterestRateOptions" xlink:label="p-FINREP_HedgingInstrumentsMicroHedgeFairValueHedgeNotionalAmountInterestRateOptions"/>
    <calculationArc xlink:type="arc" xlink:arcrole="http://www.xbrl.org/2003/arcrole/summation-item" xlink:from="p-FINREP_HedgingInstrumentsMicroHedgeFairValueHedgeNotionalAmountTotal" xlink:to="p-FINREP_HedgingInstrumentsMicroHedgeFairValueHedgeNotionalAmountInterestRateOptions" use="optional" order="1.0" weight="1"/>
    <loc xlink:type="locator" xlink:href="p-FINREP-2008-01-01.xsd#p-FINREP_HedgingInstrumentsMicroHedgeFairValueHedgeNotionalAmountInterestRateSwaps" xlink:label="p-FINREP_HedgingInstrumentsMicroHedgeFairValueHedgeNotionalAmountInterestRateSwaps"/>
    <calculationArc xlink:type="arc" xlink:arcrole="http://www.xbrl.org/2003/arcrole/summation-item" xlink:from="p-FINREP_HedgingInstrumentsMicroHedgeFairValueHedgeNotionalAmountTotal" xlink:to="p-FINREP_HedgingInstrumentsMicroHedgeFairValueHedgeNotionalAmountInterestRateSwaps" use="optional" order="2.0" weight="1"/>
    <loc xlink:type="locator" xlink:href="p-FINREP-2008-01-01.xsd#p-FINREP_HedgingInstrumentsMicroHedgeFairValueHedgeNotionalAmountInterestRateForwardRateAgreement" xlink:label="p-FINREP_HedgingInstrumentsMicroHedgeFairValueHedgeNotionalAmountInterestRateForwardRateAgreement"/>
    <calculationArc xlink:type="arc" xlink:arcrole="http://www.xbrl.org/2003/arcrole/summation-item" xlink:from="p-FINREP_HedgingInstrumentsMicroHedgeFairValueHedgeNotionalAmountTotal" xlink:to="p-FINREP_HedgingInstrumentsMicroHedgeFairValueHedgeNotionalAmountInterestRateForwardRateAgreement" use="optional" order="3.0" weight="1"/>
    <loc xlink:type="locator" xlink:href="p-FINREP-2008-01-01.xsd#p-FINREP_HedgingInstrumentsMicroHedgeFairValueHedgeNotionalAmountInterestRateForward" xlink:label="p-FINREP_HedgingInstrumentsMicroHedgeFairValueHedgeNotionalAmountInterestRateForward"/>
    <calculationArc xlink:type="arc" xlink:arcrole="http://www.xbrl.org/2003/arcrole/summation-item" xlink:from="p-FINREP_HedgingInstrumentsMicroHedgeFairValueHedgeNotionalAmountTotal" xlink:to="p-FINREP_HedgingInstrumentsMicroHedgeFairValueHedgeNotionalAmountInterestRateForward" use="optional" order="4.0" weight="1"/>
    <loc xlink:type="locator" xlink:href="p-FINREP-2008-01-01.xsd#p-FINREP_HedgingInstrumentsMicroHedgeFairValueHedgeNotionalAmountInterestRateFuture" xlink:label="p-FINREP_HedgingInstrumentsMicroHedgeFairValueHedgeNotionalAmountInterestRateFuture"/>
    <calculationArc xlink:type="arc" xlink:arcrole="http://www.xbrl.org/2003/arcrole/summation-item" xlink:from="p-FINREP_HedgingInstrumentsMicroHedgeFairValueHedgeNotionalAmountTotal" xlink:to="p-FINREP_HedgingInstrumentsMicroHedgeFairValueHedgeNotionalAmountInterestRateFuture" use="optional" order="5.0" weight="1"/>
    <loc xlink:type="locator" xlink:href="p-FINREP-2008-01-01.xsd#p-FINREP_HedgingInstrumentsMicroHedgeFairValueHedgeNotionalAmountInterestRateOther" xlink:label="p-FINREP_HedgingInstrumentsMicroHedgeFairValueHedgeNotionalAmountInterestRateOther"/>
    <calculationArc xlink:type="arc" xlink:arcrole="http://www.xbrl.org/2003/arcrole/summation-item" xlink:from="p-FINREP_HedgingInstrumentsMicroHedgeFairValueHedgeNotionalAmountTotal" xlink:to="p-FINREP_HedgingInstrumentsMicroHedgeFairValueHedgeNotionalAmountInterestRateOther" use="optional" order="6.0" weight="1"/>
    <loc xlink:type="locator" xlink:href="p-FINREP-2008-01-01.xsd#p-FINREP_HedgingInstrumentsMicroHedgeFairValueHedgeNotionalAmountEquityForward" xlink:label="p-FINREP_HedgingInstrumentsMicroHedgeFairValueHedgeNotionalAmountEquityForward"/>
    <calculationArc xlink:type="arc" xlink:arcrole="http://www.xbrl.org/2003/arcrole/summation-item" xlink:from="p-FINREP_HedgingInstrumentsMicroHedgeFairValueHedgeNotionalAmountTotal" xlink:to="p-FINREP_HedgingInstrumentsMicroHedgeFairValueHedgeNotionalAmountEquityForward" use="optional" order="7.0" weight="1"/>
    <loc xlink:type="locator" xlink:href="p-FINREP-2008-01-01.xsd#p-FINREP_HedgingInstrumentsMicroHedgeFairValueHedgeNotionalAmountEquityFuture" xlink:label="p-FINREP_HedgingInstrumentsMicroHedgeFairValueHedgeNotionalAmountEquityFuture"/>
    <calculationArc xlink:type="arc" xlink:arcrole="http://www.xbrl.org/2003/arcrole/summation-item" xlink:from="p-FINREP_HedgingInstrumentsMicroHedgeFairValueHedgeNotionalAmountTotal" xlink:to="p-FINREP_HedgingInstrumentsMicroHedgeFairValueHedgeNotionalAmountEquityFuture" use="optional" order="8.0" weight="1"/>
    <loc xlink:type="locator" xlink:href="p-FINREP-2008-01-01.xsd#p-FINREP_HedgingInstrumentsMicroHedgeFairValueHedgeNotionalAmountEquityOption" xlink:label="p-FINREP_HedgingInstrumentsMicroHedgeFairValueHedgeNotionalAmountEquityOption"/>
    <calculationArc xlink:type="arc" xlink:arcrole="http://www.xbrl.org/2003/arcrole/summation-item" xlink:from="p-FINREP_HedgingInstrumentsMicroHedgeFairValueHedgeNotionalAmountTotal" xlink:to="p-FINREP_HedgingInstrumentsMicroHedgeFairValueHedgeNotionalAmountEquityOption" use="optional" order="9.0" weight="1"/>
    <loc xlink:type="locator" xlink:href="p-FINREP-2008-01-01.xsd#p-FINREP_HedgingInstrumentsMicroHedgeFairValueHedgeNotionalAmountEquityWarrant" xlink:label="p-FINREP_HedgingInstrumentsMicroHedgeFairValueHedgeNotionalAmountEquityWarrant"/>
    <calculationArc xlink:type="arc" xlink:arcrole="http://www.xbrl.org/2003/arcrole/summation-item" xlink:from="p-FINREP_HedgingInstrumentsMicroHedgeFairValueHedgeNotionalAmountTotal" xlink:to="p-FINREP_HedgingInstrumentsMicroHedgeFairValueHedgeNotionalAmountEquityWarrant" use="optional" order="10.0" weight="1"/>
    <loc xlink:type="locator" xlink:href="p-FINREP-2008-01-01.xsd#p-FINREP_HedgingInstrumentsMicroHedgeFairValueHedgeNotionalAmountEquityOther" xlink:label="p-FINREP_HedgingInstrumentsMicroHedgeFairValueHedgeNotionalAmountEquityOther"/>
    <calculationArc xlink:type="arc" xlink:arcrole="http://www.xbrl.org/2003/arcrole/summation-item" xlink:from="p-FINREP_HedgingInstrumentsMicroHedgeFairValueHedgeNotionalAmountTotal" xlink:to="p-FINREP_HedgingInstrumentsMicroHedgeFairValueHedgeNotionalAmountEquityOther" use="optional" order="11.0" weight="1"/>
    <loc xlink:type="locator" xlink:href="p-FINREP-2008-01-01.xsd#p-FINREP_HedgingInstrumentsMicroHedgeFairValueHedgeNotionalAmountFXForward" xlink:label="p-FINREP_HedgingInstrumentsMicroHedgeFairValueHedgeNotionalAmountFXForward"/>
    <calculationArc xlink:type="arc" xlink:arcrole="http://www.xbrl.org/2003/arcrole/summation-item" xlink:from="p-FINREP_HedgingInstrumentsMicroHedgeFairValueHedgeNotionalAmountTotal" xlink:to="p-FINREP_HedgingInstrumentsMicroHedgeFairValueHedgeNotionalAmountFXForward" use="optional" order="12.0" weight="1"/>
    <loc xlink:type="locator" xlink:href="p-FINREP-2008-01-01.xsd#p-FINREP_HedgingInstrumentsMicroHedgeFairValueHedgeNotionalAmountFXFuture" xlink:label="p-FINREP_HedgingInstrumentsMicroHedgeFairValueHedgeNotionalAmountFXFuture"/>
    <calculationArc xlink:type="arc" xlink:arcrole="http://www.xbrl.org/2003/arcrole/summation-item" xlink:from="p-FINREP_HedgingInstrumentsMicroHedgeFairValueHedgeNotionalAmountTotal" xlink:to="p-FINREP_HedgingInstrumentsMicroHedgeFairValueHedgeNotionalAmountFXFuture" use="optional" order="13.0" weight="1"/>
    <loc xlink:type="locator" xlink:href="p-FINREP-2008-01-01.xsd#p-FINREP_HedgingInstrumentsMicroHedgeFairValueHedgeNotionalAmountFXCrossCurrencySwap" xlink:label="p-FINREP_HedgingInstrumentsMicroHedgeFairValueHedgeNotionalAmountFXCrossCurrencySwap"/>
    <calculationArc xlink:type="arc" xlink:arcrole="http://www.xbrl.org/2003/arcrole/summation-item" xlink:from="p-FINREP_HedgingInstrumentsMicroHedgeFairValueHedgeNotionalAmountTotal" xlink:to="p-FINREP_HedgingInstrumentsMicroHedgeFairValueHedgeNotionalAmountFXCrossCurrencySwap" use="optional" order="14.0" weight="1"/>
    <loc xlink:type="locator" xlink:href="p-FINREP-2008-01-01.xsd#p-FINREP_HedgingInstrumentsMicroHedgeFairValueHedgeNotionalAmountFXOption" xlink:label="p-FINREP_HedgingInstrumentsMicroHedgeFairValueHedgeNotionalAmountFXOption"/>
    <calculationArc xlink:type="arc" xlink:arcrole="http://www.xbrl.org/2003/arcrole/summation-item" xlink:from="p-FINREP_HedgingInstrumentsMicroHedgeFairValueHedgeNotionalAmountTotal" xlink:to="p-FINREP_HedgingInstrumentsMicroHedgeFairValueHedgeNotionalAmountFXOption" use="optional" order="15.0" weight="1"/>
    <loc xlink:type="locator" xlink:href="p-FINREP-2008-01-01.xsd#p-FINREP_HedgingInstrumentsMicroHedgeFairValueHedgeNotionalAmountFXForwardRateAgreement" xlink:label="p-FINREP_HedgingInstrumentsMicroHedgeFairValueHedgeNotionalAmountFXForwardRateAgreement"/>
    <calculationArc xlink:type="arc" xlink:arcrole="http://www.xbrl.org/2003/arcrole/summation-item" xlink:from="p-FINREP_HedgingInstrumentsMicroHedgeFairValueHedgeNotionalAmountTotal" xlink:to="p-FINREP_HedgingInstrumentsMicroHedgeFairValueHedgeNotionalAmountFXForwardRateAgreement" use="optional" order="16.0" weight="1"/>
    <loc xlink:type="locator" xlink:href="p-FINREP-2008-01-01.xsd#p-FINREP_HedgingInstrumentsMicroHedgeFairValueHedgeNotionalAmountFXOther" xlink:label="p-FINREP_HedgingInstrumentsMicroHedgeFairValueHedgeNotionalAmountFXOther"/>
    <calculationArc xlink:type="arc" xlink:arcrole="http://www.xbrl.org/2003/arcrole/summation-item" xlink:from="p-FINREP_HedgingInstrumentsMicroHedgeFairValueHedgeNotionalAmountTotal" xlink:to="p-FINREP_HedgingInstrumentsMicroHedgeFairValueHedgeNotionalAmountFXOther" use="optional" order="17.0" weight="1"/>
    <loc xlink:type="locator" xlink:href="p-FINREP-2008-01-01.xsd#p-FINREP_HedgingInstrumentsMicroHedgeFairValueHedgeNotionalAmountCreditDefaultSwap" xlink:label="p-FINREP_HedgingInstrumentsMicroHedgeFairValueHedgeNotionalAmountCreditDefaultSwap"/>
    <calculationArc xlink:type="arc" xlink:arcrole="http://www.xbrl.org/2003/arcrole/summation-item" xlink:from="p-FINREP_HedgingInstrumentsMicroHedgeFairValueHedgeNotionalAmountTotal" xlink:to="p-FINREP_HedgingInstrumentsMicroHedgeFairValueHedgeNotionalAmountCreditDefaultSwap" use="optional" order="18.0" weight="1"/>
    <loc xlink:type="locator" xlink:href="p-FINREP-2008-01-01.xsd#p-FINREP_HedgingInstrumentsMicroHedgeFairValueHedgeNotionalAmountCreditSpreadOption" xlink:label="p-FINREP_HedgingInstrumentsMicroHedgeFairValueHedgeNotionalAmountCreditSpreadOption"/>
    <calculationArc xlink:type="arc" xlink:arcrole="http://www.xbrl.org/2003/arcrole/summation-item" xlink:from="p-FINREP_HedgingInstrumentsMicroHedgeFairValueHedgeNotionalAmountTotal" xlink:to="p-FINREP_HedgingInstrumentsMicroHedgeFairValueHedgeNotionalAmountCreditSpreadOption" use="optional" order="19.0" weight="1"/>
    <loc xlink:type="locator" xlink:href="p-FINREP-2008-01-01.xsd#p-FINREP_HedgingInstrumentsMicroHedgeFairValueHedgeNotionalAmountCreditTotalReturnSwap" xlink:label="p-FINREP_HedgingInstrumentsMicroHedgeFairValueHedgeNotionalAmountCreditTotalReturnSwap"/>
    <calculationArc xlink:type="arc" xlink:arcrole="http://www.xbrl.org/2003/arcrole/summation-item" xlink:from="p-FINREP_HedgingInstrumentsMicroHedgeFairValueHedgeNotionalAmountTotal" xlink:to="p-FINREP_HedgingInstrumentsMicroHedgeFairValueHedgeNotionalAmountCreditTotalReturnSwap" use="optional" order="20.0" weight="1"/>
    <loc xlink:type="locator" xlink:href="p-FINREP-2008-01-01.xsd#p-FINREP_HedgingInstrumentsMicroHedgeFairValueHedgeNotionalAmountCreditOther" xlink:label="p-FINREP_HedgingInstrumentsMicroHedgeFairValueHedgeNotionalAmountCreditOther"/>
    <calculationArc xlink:type="arc" xlink:arcrole="http://www.xbrl.org/2003/arcrole/summation-item" xlink:from="p-FINREP_HedgingInstrumentsMicroHedgeFairValueHedgeNotionalAmountTotal" xlink:to="p-FINREP_HedgingInstrumentsMicroHedgeFairValueHedgeNotionalAmountCreditOther" use="optional" order="21.0" weight="1"/>
    <loc xlink:type="locator" xlink:href="p-FINREP-2008-01-01.xsd#p-FINREP_HedgingInstrumentsMicroHedgeFairValueHedgeNotionalAmountCommodity" xlink:label="p-FINREP_HedgingInstrumentsMicroHedgeFairValueHedgeNotionalAmountCommodity"/>
    <calculationArc xlink:type="arc" xlink:arcrole="http://www.xbrl.org/2003/arcrole/summation-item" xlink:from="p-FINREP_HedgingInstrumentsMicroHedgeFairValueHedgeNotionalAmountTotal" xlink:to="p-FINREP_HedgingInstrumentsMicroHedgeFairValueHedgeNotionalAmountCommodity" use="optional" order="22.0" weight="1"/>
    <loc xlink:type="locator" xlink:href="p-FINREP-2008-01-01.xsd#p-FINREP_HedgingInstrumentsMicroHedgeFairValueHedgeNotionalAmountOther" xlink:label="p-FINREP_HedgingInstrumentsMicroHedgeFairValueHedgeNotionalAmountOther"/>
    <calculationArc xlink:type="arc" xlink:arcrole="http://www.xbrl.org/2003/arcrole/summation-item" xlink:from="p-FINREP_HedgingInstrumentsMicroHedgeFairValueHedgeNotionalAmountTotal" xlink:to="p-FINREP_HedgingInstrumentsMicroHedgeFairValueHedgeNotionalAmountOther" use="optional" order="23.0" weight="1"/>
    <loc xlink:type="locator" xlink:href="p-FINREP-2008-01-01.xsd#p-FINREP_HedgingInstrumentsMicroHedgeCashFlowHedgeNotionalAmountTotal" xlink:label="p-FINREP_HedgingInstrumentsMicroHedgeCashFlowHedgeNotionalAmountTotal"/>
    <calculationArc xlink:type="arc" xlink:arcrole="http://www.xbrl.org/2003/arcrole/summation-item" xlink:from="HedgingInstrumentsMicroHedgeNotionalAmountTotal" xlink:to="p-FINREP_HedgingInstrumentsMicroHedgeCashFlowHedgeNotionalAmountTotal" xlink:title="calculation: HedgingInstrumentsMicroHedgeNotionalAmountTotal to HedgingInstrumentsMicroHedgeCashFlowHedgeNotionalAmountTotal" order="2.0" weight="1.0"/>
    <loc xlink:type="locator" xlink:href="p-FINREP-2008-01-01.xsd#p-FINREP_HedgingInstrumentsMicroHedgeCashFlowHedgeNotionalAmountInterestRateOptions" xlink:label="p-FINREP_HedgingInstrumentsMicroHedgeCashFlowHedgeNotionalAmountInterestRateOptions"/>
    <calculationArc xlink:type="arc" xlink:arcrole="http://www.xbrl.org/2003/arcrole/summation-item" xlink:from="p-FINREP_HedgingInstrumentsMicroHedgeCashFlowHedgeNotionalAmountTotal" xlink:to="p-FINREP_HedgingInstrumentsMicroHedgeCashFlowHedgeNotionalAmountInterestRateOptions" use="optional" order="1.0" weight="1"/>
    <loc xlink:type="locator" xlink:href="p-FINREP-2008-01-01.xsd#p-FINREP_HedgingInstrumentsMicroHedgeCashFlowHedgeNotionalAmountInterestRateSwaps" xlink:label="p-FINREP_HedgingInstrumentsMicroHedgeCashFlowHedgeNotionalAmountInterestRateSwaps"/>
    <calculationArc xlink:type="arc" xlink:arcrole="http://www.xbrl.org/2003/arcrole/summation-item" xlink:from="p-FINREP_HedgingInstrumentsMicroHedgeCashFlowHedgeNotionalAmountTotal" xlink:to="p-FINREP_HedgingInstrumentsMicroHedgeCashFlowHedgeNotionalAmountInterestRateSwaps" use="optional" order="2.0" weight="1"/>
    <loc xlink:type="locator" xlink:href="p-FINREP-2008-01-01.xsd#p-FINREP_HedgingInstrumentsMicroHedgeCashFlowHedgeNotionalAmountInterestRateForwardRateAgreement" xlink:label="p-FINREP_HedgingInstrumentsMicroHedgeCashFlowHedgeNotionalAmountInterestRateForwardRateAgreement"/>
    <calculationArc xlink:type="arc" xlink:arcrole="http://www.xbrl.org/2003/arcrole/summation-item" xlink:from="p-FINREP_HedgingInstrumentsMicroHedgeCashFlowHedgeNotionalAmountTotal" xlink:to="p-FINREP_HedgingInstrumentsMicroHedgeCashFlowHedgeNotionalAmountInterestRateForwardRateAgreement" use="optional" order="3.0" weight="1"/>
    <loc xlink:type="locator" xlink:href="p-FINREP-2008-01-01.xsd#p-FINREP_HedgingInstrumentsMicroHedgeCashFlowHedgeNotionalAmountInterestRateForward" xlink:label="p-FINREP_HedgingInstrumentsMicroHedgeCashFlowHedgeNotionalAmountInterestRateForward"/>
    <calculationArc xlink:type="arc" xlink:arcrole="http://www.xbrl.org/2003/arcrole/summation-item" xlink:from="p-FINREP_HedgingInstrumentsMicroHedgeCashFlowHedgeNotionalAmountTotal" xlink:to="p-FINREP_HedgingInstrumentsMicroHedgeCashFlowHedgeNotionalAmountInterestRateForward" use="optional" order="4.0" weight="1"/>
    <loc xlink:type="locator" xlink:href="p-FINREP-2008-01-01.xsd#p-FINREP_HedgingInstrumentsMicroHedgeCashFlowHedgeNotionalAmountInterestRateFuture" xlink:label="p-FINREP_HedgingInstrumentsMicroHedgeCashFlowHedgeNotionalAmountInterestRateFuture"/>
    <calculationArc xlink:type="arc" xlink:arcrole="http://www.xbrl.org/2003/arcrole/summation-item" xlink:from="p-FINREP_HedgingInstrumentsMicroHedgeCashFlowHedgeNotionalAmountTotal" xlink:to="p-FINREP_HedgingInstrumentsMicroHedgeCashFlowHedgeNotionalAmountInterestRateFuture" use="optional" order="5.0" weight="1"/>
    <loc xlink:type="locator" xlink:href="p-FINREP-2008-01-01.xsd#p-FINREP_HedgingInstrumentsMicroHedgeCashFlowHedgeNotionalAmountInterestRateOther" xlink:label="p-FINREP_HedgingInstrumentsMicroHedgeCashFlowHedgeNotionalAmountInterestRateOther"/>
    <calculationArc xlink:type="arc" xlink:arcrole="http://www.xbrl.org/2003/arcrole/summation-item" xlink:from="p-FINREP_HedgingInstrumentsMicroHedgeCashFlowHedgeNotionalAmountTotal" xlink:to="p-FINREP_HedgingInstrumentsMicroHedgeCashFlowHedgeNotionalAmountInterestRateOther" use="optional" order="6.0" weight="1"/>
    <loc xlink:type="locator" xlink:href="p-FINREP-2008-01-01.xsd#p-FINREP_HedgingInstrumentsMicroHedgeCashFlowHedgeNotionalAmountEquityForward" xlink:label="p-FINREP_HedgingInstrumentsMicroHedgeCashFlowHedgeNotionalAmountEquityForward"/>
    <calculationArc xlink:type="arc" xlink:arcrole="http://www.xbrl.org/2003/arcrole/summation-item" xlink:from="p-FINREP_HedgingInstrumentsMicroHedgeCashFlowHedgeNotionalAmountTotal" xlink:to="p-FINREP_HedgingInstrumentsMicroHedgeCashFlowHedgeNotionalAmountEquityForward" use="optional" order="7.0" weight="1"/>
    <loc xlink:type="locator" xlink:href="p-FINREP-2008-01-01.xsd#p-FINREP_HedgingInstrumentsMicroHedgeCashFlowHedgeNotionalAmountEquityFuture" xlink:label="p-FINREP_HedgingInstrumentsMicroHedgeCashFlowHedgeNotionalAmountEquityFuture"/>
    <calculationArc xlink:type="arc" xlink:arcrole="http://www.xbrl.org/2003/arcrole/summation-item" xlink:from="p-FINREP_HedgingInstrumentsMicroHedgeCashFlowHedgeNotionalAmountTotal" xlink:to="p-FINREP_HedgingInstrumentsMicroHedgeCashFlowHedgeNotionalAmountEquityFuture" use="optional" order="8.0" weight="1"/>
    <loc xlink:type="locator" xlink:href="p-FINREP-2008-01-01.xsd#p-FINREP_HedgingInstrumentsMicroHedgeCashFlowHedgeNotionalAmountEquityOption" xlink:label="p-FINREP_HedgingInstrumentsMicroHedgeCashFlowHedgeNotionalAmountEquityOption"/>
    <calculationArc xlink:type="arc" xlink:arcrole="http://www.xbrl.org/2003/arcrole/summation-item" xlink:from="p-FINREP_HedgingInstrumentsMicroHedgeCashFlowHedgeNotionalAmountTotal" xlink:to="p-FINREP_HedgingInstrumentsMicroHedgeCashFlowHedgeNotionalAmountEquityOption" use="optional" order="9.0" weight="1"/>
    <loc xlink:type="locator" xlink:href="p-FINREP-2008-01-01.xsd#p-FINREP_HedgingInstrumentsMicroHedgeCashFlowHedgeNotionalAmountEquityWarrant" xlink:label="p-FINREP_HedgingInstrumentsMicroHedgeCashFlowHedgeNotionalAmountEquityWarrant"/>
    <calculationArc xlink:type="arc" xlink:arcrole="http://www.xbrl.org/2003/arcrole/summation-item" xlink:from="p-FINREP_HedgingInstrumentsMicroHedgeCashFlowHedgeNotionalAmountTotal" xlink:to="p-FINREP_HedgingInstrumentsMicroHedgeCashFlowHedgeNotionalAmountEquityWarrant" use="optional" order="10.0" weight="1"/>
    <loc xlink:type="locator" xlink:href="p-FINREP-2008-01-01.xsd#p-FINREP_HedgingInstrumentsMicroHedgeCashFlowHedgeNotionalAmountEquityOther" xlink:label="p-FINREP_HedgingInstrumentsMicroHedgeCashFlowHedgeNotionalAmountEquityOther"/>
    <calculationArc xlink:type="arc" xlink:arcrole="http://www.xbrl.org/2003/arcrole/summation-item" xlink:from="p-FINREP_HedgingInstrumentsMicroHedgeCashFlowHedgeNotionalAmountTotal" xlink:to="p-FINREP_HedgingInstrumentsMicroHedgeCashFlowHedgeNotionalAmountEquityOther" use="optional" order="11.0" weight="1"/>
    <loc xlink:type="locator" xlink:href="p-FINREP-2008-01-01.xsd#p-FINREP_HedgingInstrumentsMicroHedgeCashFlowHedgeNotionalAmountFXForward" xlink:label="p-FINREP_HedgingInstrumentsMicroHedgeCashFlowHedgeNotionalAmountFXForward"/>
    <calculationArc xlink:type="arc" xlink:arcrole="http://www.xbrl.org/2003/arcrole/summation-item" xlink:from="p-FINREP_HedgingInstrumentsMicroHedgeCashFlowHedgeNotionalAmountTotal" xlink:to="p-FINREP_HedgingInstrumentsMicroHedgeCashFlowHedgeNotionalAmountFXForward" use="optional" order="12.0" weight="1"/>
    <loc xlink:type="locator" xlink:href="p-FINREP-2008-01-01.xsd#p-FINREP_HedgingInstrumentsMicroHedgeCashFlowHedgeNotionalAmountFXFuture" xlink:label="p-FINREP_HedgingInstrumentsMicroHedgeCashFlowHedgeNotionalAmountFXFuture"/>
    <calculationArc xlink:type="arc" xlink:arcrole="http://www.xbrl.org/2003/arcrole/summation-item" xlink:from="p-FINREP_HedgingInstrumentsMicroHedgeCashFlowHedgeNotionalAmountTotal" xlink:to="p-FINREP_HedgingInstrumentsMicroHedgeCashFlowHedgeNotionalAmountFXFuture" use="optional" order="13.0" weight="1"/>
    <loc xlink:type="locator" xlink:href="p-FINREP-2008-01-01.xsd#p-FINREP_HedgingInstrumentsMicroHedgeCashFlowHedgeNotionalAmountFXCrossCurrencySwap" xlink:label="p-FINREP_HedgingInstrumentsMicroHedgeCashFlowHedgeNotionalAmountFXCrossCurrencySwap"/>
    <calculationArc xlink:type="arc" xlink:arcrole="http://www.xbrl.org/2003/arcrole/summation-item" xlink:from="p-FINREP_HedgingInstrumentsMicroHedgeCashFlowHedgeNotionalAmountTotal" xlink:to="p-FINREP_HedgingInstrumentsMicroHedgeCashFlowHedgeNotionalAmountFXCrossCurrencySwap" use="optional" order="14.0" weight="1"/>
    <loc xlink:type="locator" xlink:href="p-FINREP-2008-01-01.xsd#p-FINREP_HedgingInstrumentsMicroHedgeCashFlowHedgeNotionalAmountFXOption" xlink:label="p-FINREP_HedgingInstrumentsMicroHedgeCashFlowHedgeNotionalAmountFXOption"/>
    <calculationArc xlink:type="arc" xlink:arcrole="http://www.xbrl.org/2003/arcrole/summation-item" xlink:from="p-FINREP_HedgingInstrumentsMicroHedgeCashFlowHedgeNotionalAmountTotal" xlink:to="p-FINREP_HedgingInstrumentsMicroHedgeCashFlowHedgeNotionalAmountFXOption" use="optional" order="15.0" weight="1"/>
    <loc xlink:type="locator" xlink:href="p-FINREP-2008-01-01.xsd#p-FINREP_HedgingInstrumentsMicroHedgeCashFlowHedgeNotionalAmountFXForwardRateAgreement" xlink:label="p-FINREP_HedgingInstrumentsMicroHedgeCashFlowHedgeNotionalAmountFXForwardRateAgreement"/>
    <calculationArc xlink:type="arc" xlink:arcrole="http://www.xbrl.org/2003/arcrole/summation-item" xlink:from="p-FINREP_HedgingInstrumentsMicroHedgeCashFlowHedgeNotionalAmountTotal" xlink:to="p-FINREP_HedgingInstrumentsMicroHedgeCashFlowHedgeNotionalAmountFXForwardRateAgreement" use="optional" order="16.0" weight="1"/>
    <loc xlink:type="locator" xlink:href="p-FINREP-2008-01-01.xsd#p-FINREP_HedgingInstrumentsMicroHedgeCashFlowHedgeNotionalAmountFXOther" xlink:label="p-FINREP_HedgingInstrumentsMicroHedgeCashFlowHedgeNotionalAmountFXOther"/>
    <calculationArc xlink:type="arc" xlink:arcrole="http://www.xbrl.org/2003/arcrole/summation-item" xlink:from="p-FINREP_HedgingInstrumentsMicroHedgeCashFlowHedgeNotionalAmountTotal" xlink:to="p-FINREP_HedgingInstrumentsMicroHedgeCashFlowHedgeNotionalAmountFXOther" use="optional" order="17.0" weight="1"/>
    <loc xlink:type="locator" xlink:href="p-FINREP-2008-01-01.xsd#p-FINREP_HedgingInstrumentsMicroHedgeCashFlowHedgeNotionalAmountCreditDefaultSwap" xlink:label="p-FINREP_HedgingInstrumentsMicroHedgeCashFlowHedgeNotionalAmountCreditDefaultSwap"/>
    <calculationArc xlink:type="arc" xlink:arcrole="http://www.xbrl.org/2003/arcrole/summation-item" xlink:from="p-FINREP_HedgingInstrumentsMicroHedgeCashFlowHedgeNotionalAmountTotal" xlink:to="p-FINREP_HedgingInstrumentsMicroHedgeCashFlowHedgeNotionalAmountCreditDefaultSwap" use="optional" order="18.0" weight="1"/>
    <loc xlink:type="locator" xlink:href="p-FINREP-2008-01-01.xsd#p-FINREP_HedgingInstrumentsMicroHedgeCashFlowHedgeNotionalAmountCreditSpreadOption" xlink:label="p-FINREP_HedgingInstrumentsMicroHedgeCashFlowHedgeNotionalAmountCreditSpreadOption"/>
    <calculationArc xlink:type="arc" xlink:arcrole="http://www.xbrl.org/2003/arcrole/summation-item" xlink:from="p-FINREP_HedgingInstrumentsMicroHedgeCashFlowHedgeNotionalAmountTotal" xlink:to="p-FINREP_HedgingInstrumentsMicroHedgeCashFlowHedgeNotionalAmountCreditSpreadOption" use="optional" order="19.0" weight="1"/>
    <loc xlink:type="locator" xlink:href="p-FINREP-2008-01-01.xsd#p-FINREP_HedgingInstrumentsMicroHedgeCashFlowHedgeNotionalAmountCreditTotalReturnSwap" xlink:label="p-FINREP_HedgingInstrumentsMicroHedgeCashFlowHedgeNotionalAmountCreditTotalReturnSwap"/>
    <calculationArc xlink:type="arc" xlink:arcrole="http://www.xbrl.org/2003/arcrole/summation-item" xlink:from="p-FINREP_HedgingInstrumentsMicroHedgeCashFlowHedgeNotionalAmountTotal" xlink:to="p-FINREP_HedgingInstrumentsMicroHedgeCashFlowHedgeNotionalAmountCreditTotalReturnSwap" use="optional" order="20.0" weight="1"/>
    <loc xlink:type="locator" xlink:href="p-FINREP-2008-01-01.xsd#p-FINREP_HedgingInstrumentsMicroHedgeCashFlowHedgeNotionalAmountCreditOther" xlink:label="p-FINREP_HedgingInstrumentsMicroHedgeCashFlowHedgeNotionalAmountCreditOther"/>
    <calculationArc xlink:type="arc" xlink:arcrole="http://www.xbrl.org/2003/arcrole/summation-item" xlink:from="p-FINREP_HedgingInstrumentsMicroHedgeCashFlowHedgeNotionalAmountTotal" xlink:to="p-FINREP_HedgingInstrumentsMicroHedgeCashFlowHedgeNotionalAmountCreditOther" use="optional" order="21.0" weight="1"/>
    <loc xlink:type="locator" xlink:href="p-FINREP-2008-01-01.xsd#p-FINREP_HedgingInstrumentsMicroHedgeCashFlowHedgeNotionalAmountCommodity" xlink:label="p-FINREP_HedgingInstrumentsMicroHedgeCashFlowHedgeNotionalAmountCommodity"/>
    <calculationArc xlink:type="arc" xlink:arcrole="http://www.xbrl.org/2003/arcrole/summation-item" xlink:from="p-FINREP_HedgingInstrumentsMicroHedgeCashFlowHedgeNotionalAmountTotal" xlink:to="p-FINREP_HedgingInstrumentsMicroHedgeCashFlowHedgeNotionalAmountCommodity" use="optional" order="22.0" weight="1"/>
    <loc xlink:type="locator" xlink:href="p-FINREP-2008-01-01.xsd#p-FINREP_HedgingInstrumentsMicroHedgeCashFlowHedgeNotionalAmountOther" xlink:label="p-FINREP_HedgingInstrumentsMicroHedgeCashFlowHedgeNotionalAmountOther"/>
    <calculationArc xlink:type="arc" xlink:arcrole="http://www.xbrl.org/2003/arcrole/summation-item" xlink:from="p-FINREP_HedgingInstrumentsMicroHedgeCashFlowHedgeNotionalAmountTotal" xlink:to="p-FINREP_HedgingInstrumentsMicroHedgeCashFlowHedgeNotionalAmountOther" use="optional" order="23.0" weight="1"/>
    <loc xlink:type="locator" xlink:href="p-FINREP-2008-01-01.xsd#p-FINREP_HedgingInstrumentsMicroHedgeOfNetInvestmentInForeignOperationsNotionalAmountTotal" xlink:label="HedgingInstrumentsMicroHedgeOfNetInvestmentInForeignOperationsNotionalAmountTotal" xlink:title="HedgingInstrumentsMicroHedgeOfNetInvestmentInForeignOperationsNotionalAmountTotal"/>
    <calculationArc xlink:type="arc" xlink:arcrole="http://www.xbrl.org/2003/arcrole/summation-item" xlink:from="HedgingInstrumentsMicroHedgeNotionalAmountTotal" xlink:to="HedgingInstrumentsMicroHedgeOfNetInvestmentInForeignOperationsNotionalAmountTotal" xlink:title="calculation: HedgingInstrumentsMicroHedgeNotionalAmountTotal to HedgingInstrumentsMicroHedgeOfNetInvestmentInForeignOperationsNotionalAmountTotal" order="3.0" weight="1.0"/>
  </calculationLink>
</linkbase>
