<?xml version="1.0" encoding="utf-8"?>
<?taxonomy-version 1.3.2?>
<!--Copyright (C) 2011 EBA - European Banking Authority, Tower 42, 25 Old Broad Street, London, EC2N 1HQ, United Kingdom.-->   
<linkbase
	xmlns="http://www.xbrl.org/2003/linkbase"
	xmlns:xsi="http://www.w3.org/2001/XMLSchema-instance"
	xmlns:xlink="http://www.w3.org/1999/xlink"
	xsi:schemaLocation=" http://www.xbrl.org/2003/linkbase http://www.xbrl.org/2003/xbrl-linkbase-2003-12-31.xsd">
  <roleRef xlink:type="simple" xlink:href="p-FINREP-2008-01-01-T19-MinorityInterestsRevaluationReservesAndOtherValuationDifferences.xsd#MinorityInterestsRevaluationReservesAndOtherValuationDifferences" roleURI="http://www.c-ebs.org/eu/fr/esrs/finrep/2008-01-01/role/MinorityInterestsRevaluationReservesAndOtherValuationDifferences" />
  <presentationLink xlink:type="extended" xlink:role="http://www.c-ebs.org/eu/fr/esrs/finrep/2008-01-01/role/MinorityInterestsRevaluationReservesAndOtherValuationDifferences">
    <loc xlink:type="locator" xlink:href="p-FINREP-2008-01-01.xsd#p-FINREP_MinorityInterestsRevaluationReservesAndOtherValuationDifferencesPresentation" xlink:label="p-FINREP_MinorityInterestsRevaluationReservesAndOtherValuationDifferencesPresentation" />
    <loc xlink:type="locator" xlink:href="p-FINREP-2008-01-01.xsd#p-FINREP_MinorityInterestsRevaluationReservesAndOtherValuationDifferencesTangibleAssets" xlink:label="p-FINREP_MinorityInterestsRevaluationReservesAndOtherValuationDifferencesTangibleAssets" />
    <presentationArc xlink:type="arc" xlink:arcrole="http://www.xbrl.org/2003/arcrole/parent-child" xlink:from="p-FINREP_MinorityInterestsRevaluationReservesAndOtherValuationDifferencesPresentation" xlink:to="p-FINREP_MinorityInterestsRevaluationReservesAndOtherValuationDifferencesTangibleAssets" order="1" use="optional" />
    <loc xlink:type="locator" xlink:href="p-FINREP-2008-01-01.xsd#p-FINREP_MinorityInterestsRevaluationReservesAndOtherValuationDifferencesIntangibleAssets" xlink:label="p-FINREP_MinorityInterestsRevaluationReservesAndOtherValuationDifferencesIntangibleAssets" />
    <presentationArc xlink:type="arc" xlink:arcrole="http://www.xbrl.org/2003/arcrole/parent-child" xlink:from="p-FINREP_MinorityInterestsRevaluationReservesAndOtherValuationDifferencesPresentation" xlink:to="p-FINREP_MinorityInterestsRevaluationReservesAndOtherValuationDifferencesIntangibleAssets" order="2" use="optional" />
    <loc xlink:type="locator" xlink:href="p-FINREP-2008-01-01.xsd#p-FINREP_MinorityInterestsRevaluationReservesAndOtherValuationDifferencesHedgeOfNetInvestmentInForeignOperationsEffectivePortion" xlink:label="p-FINREP_MinorityInterestsRevaluationReservesAndOtherValuationDifferencesHedgeOfNetInvestmentInForeignOperationsEffectivePortion" />
    <presentationArc xlink:type="arc" xlink:arcrole="http://www.xbrl.org/2003/arcrole/parent-child" xlink:from="p-FINREP_MinorityInterestsRevaluationReservesAndOtherValuationDifferencesPresentation" xlink:to="p-FINREP_MinorityInterestsRevaluationReservesAndOtherValuationDifferencesHedgeOfNetInvestmentInForeignOperationsEffectivePortion" order="3" use="optional" />
    <loc xlink:type="locator" xlink:href="p-FINREP-2008-01-01.xsd#p-FINREP_MinorityInterestsRevaluationReservesAndOtherValuationDifferencesForeignCurrencyTranslation" xlink:label="p-FINREP_MinorityInterestsRevaluationReservesAndOtherValuationDifferencesForeignCurrencyTranslation" />
    <presentationArc xlink:type="arc" xlink:arcrole="http://www.xbrl.org/2003/arcrole/parent-child" xlink:from="p-FINREP_MinorityInterestsRevaluationReservesAndOtherValuationDifferencesPresentation" xlink:to="p-FINREP_MinorityInterestsRevaluationReservesAndOtherValuationDifferencesForeignCurrencyTranslation" order="4" use="optional" />
    <loc xlink:type="locator" xlink:href="p-FINREP-2008-01-01.xsd#p-FINREP_MinorityInterestsRevaluationReservesAndOtherValuationDifferencesCashFlowHedgesEffectivePortion" xlink:label="p-FINREP_MinorityInterestsRevaluationReservesAndOtherValuationDifferencesCashFlowHedgesEffectivePortion" />
    <presentationArc xlink:type="arc" xlink:arcrole="http://www.xbrl.org/2003/arcrole/parent-child" xlink:from="p-FINREP_MinorityInterestsRevaluationReservesAndOtherValuationDifferencesPresentation" xlink:to="p-FINREP_MinorityInterestsRevaluationReservesAndOtherValuationDifferencesCashFlowHedgesEffectivePortion" order="5" use="optional" />
    <loc xlink:type="locator" xlink:href="p-FINREP-2008-01-01.xsd#p-FINREP_MinorityInterestsRevaluationReservesAndOtherValuationDifferencesAvailableForSaleFinancialAssets" xlink:label="p-FINREP_MinorityInterestsRevaluationReservesAndOtherValuationDifferencesAvailableForSaleFinancialAssets" />
    <presentationArc xlink:type="arc" xlink:arcrole="http://www.xbrl.org/2003/arcrole/parent-child" xlink:from="p-FINREP_MinorityInterestsRevaluationReservesAndOtherValuationDifferencesPresentation" xlink:to="p-FINREP_MinorityInterestsRevaluationReservesAndOtherValuationDifferencesAvailableForSaleFinancialAssets" order="6" use="optional" />
    <loc xlink:type="locator" xlink:href="p-FINREP-2008-01-01.xsd#p-FINREP_MinorityInterestsRevaluationReservesAndOtherValuationDifferencesNonCurrentAssetsAndDisposalGroupsHeldForSale" xlink:label="p-FINREP_MinorityInterestsRevaluationReservesAndOtherValuationDifferencesNonCurrentAssetsAndDisposalGroupsHeldForSale" />
    <presentationArc xlink:type="arc" xlink:arcrole="http://www.xbrl.org/2003/arcrole/parent-child" xlink:from="p-FINREP_MinorityInterestsRevaluationReservesAndOtherValuationDifferencesPresentation" xlink:to="p-FINREP_MinorityInterestsRevaluationReservesAndOtherValuationDifferencesNonCurrentAssetsAndDisposalGroupsHeldForSale" order="7" use="optional" />
    <loc xlink:type="locator" xlink:href="p-FINREP-2008-01-01.xsd#p-FINREP_MinorityInterestsRevaluationReservesAndOtherValuationDifferencesOtherItems" xlink:label="p-FINREP_MinorityInterestsRevaluationReservesAndOtherValuationDifferencesOtherItems" />
    <presentationArc xlink:type="arc" xlink:arcrole="http://www.xbrl.org/2003/arcrole/parent-child" xlink:from="p-FINREP_MinorityInterestsRevaluationReservesAndOtherValuationDifferencesPresentation" xlink:to="p-FINREP_MinorityInterestsRevaluationReservesAndOtherValuationDifferencesOtherItems" order="8" use="optional" />
    <loc xlink:type="locator" xlink:href="p-FINREP-2008-01-01.xsd#p-FINREP_MinorityInterestRevaluationReservesAndOtherValuationDifferences" xlink:label="p-FINREP_MinorityInterestRevaluationReservesAndOtherValuationDifferences" />
    <presentationArc xlink:type="arc" xlink:arcrole="http://www.xbrl.org/2003/arcrole/parent-child" xlink:from="p-FINREP_MinorityInterestsRevaluationReservesAndOtherValuationDifferencesPresentation" xlink:to="p-FINREP_MinorityInterestRevaluationReservesAndOtherValuationDifferences" order="9" use="optional" />
  </presentationLink>
</linkbase>