<?xml version="1.0" encoding="utf-8"?>
<?taxonomy-version 1.3.2?>
<!--Copyright (C) 2011 EBA - European Banking Authority, Tower 42, 25 Old Broad Street, London, EC2N 1HQ, United Kingdom.-->   
<linkbase
	xmlns="http://www.xbrl.org/2003/linkbase"
	xmlns:xsi="http://www.w3.org/2001/XMLSchema-instance"
	xmlns:xlink="http://www.w3.org/1999/xlink"
	xsi:schemaLocation=" http://www.xbrl.org/2003/linkbase http://www.xbrl.org/2003/xbrl-linkbase-2003-12-31.xsd">
  <roleRef xlink:type="simple" xlink:href="p-FINREP-2008-01-01-T15-FinancialLiabilitiesDesignated.xsd#FinancialLiabilitiesDesignated" roleURI="http://www.c-ebs.org/eu/fr/esrs/finrep/2008-01-01/role/FinancialLiabilitiesDesignated" />
  <arcroleRef arcroleURI="http://xbrl.org/int/dim/arcrole/domain-member" xlink:type="simple" xlink:href="http://www.xbrl.org/2005/xbrldt-2005.xsd#domain-member"/>
  <definitionLink xlink:type="extended" xlink:role="http://www.c-ebs.org/eu/fr/esrs/finrep/2008-01-01/role/FinancialLiabilitiesDesignated">
    <loc xlink:type="locator" xlink:href="p-FINREP-2008-01-01.xsd#p-FINREP_FinancialLiabilitiesDesignatedAsFairValueThroughProfitOrLossPresentation" xlink:label="p-FINREP_FinancialLiabilitiesDesignatedAsFairValueThroughProfitOrLossPresentation" />
    <loc xlink:type="locator" xlink:href="p-FINREP-2008-01-01.xsd#p-FINREP_FinancialLiabilitiesDesignatedAsFairValueThroughProfitOrLossCarryingAmountPresentation" xlink:label="p-FINREP_FinancialLiabilitiesDesignatedAsFairValueThroughProfitOrLossCarryingAmountPresentation" />
    <definitionArc xlink:type="arc" xlink:arcrole="http://xbrl.org/int/dim/arcrole/domain-member" xlink:from="p-FINREP_FinancialLiabilitiesDesignatedAsFairValueThroughProfitOrLossPresentation" xlink:to="p-FINREP_FinancialLiabilitiesDesignatedAsFairValueThroughProfitOrLossCarryingAmountPresentation" order="1" use="optional" />
    <loc xlink:type="locator" xlink:href="p-FINREP-2008-01-01.xsd#p-FINREP_FinancialLiabilitiesDesignatedAsFairValueThroughProfitOrLossDepositsWithOtherBanks" xlink:label="p-FINREP_FinancialLiabilitiesDesignatedAsFairValueThroughProfitOrLossDepositsWithOtherBanks" />
    <definitionArc xlink:type="arc" xlink:arcrole="http://xbrl.org/int/dim/arcrole/domain-member" xlink:from="p-FINREP_FinancialLiabilitiesDesignatedAsFairValueThroughProfitOrLossCarryingAmountPresentation" xlink:to="p-FINREP_FinancialLiabilitiesDesignatedAsFairValueThroughProfitOrLossDepositsWithOtherBanks" order="1" use="optional" />
    <loc xlink:type="locator" xlink:href="p-FINREP-2008-01-01.xsd#p-FINREP_FinancialLiabilitiesDesignatedAsFairValueThroughProfitOrLossDepositsWithOtherBanksCurrentAccountsOvernightDeposits" xlink:label="p-FINREP_FinancialLiabilitiesDesignatedAsFairValueThroughProfitOrLossDepositsWithOtherBanksCurrentAccountsOvernightDeposits" />
    <definitionArc xlink:type="arc" xlink:arcrole="http://xbrl.org/int/dim/arcrole/domain-member" xlink:from="p-FINREP_FinancialLiabilitiesDesignatedAsFairValueThroughProfitOrLossDepositsWithOtherBanks" xlink:to="p-FINREP_FinancialLiabilitiesDesignatedAsFairValueThroughProfitOrLossDepositsWithOtherBanksCurrentAccountsOvernightDeposits" order="1" use="optional" />
    <loc xlink:type="locator" xlink:href="p-FINREP-2008-01-01.xsd#p-FINREP_FinancialLiabilitiesDesignatedAsFairValueThroughProfitOrLossDepositsWithOtherBanksDepositsWithAgreedMaturity" xlink:label="p-FINREP_FinancialLiabilitiesDesignatedAsFairValueThroughProfitOrLossDepositsWithOtherBanksDepositsWithAgreedMaturity" />
    <definitionArc xlink:type="arc" xlink:arcrole="http://xbrl.org/int/dim/arcrole/domain-member" xlink:from="p-FINREP_FinancialLiabilitiesDesignatedAsFairValueThroughProfitOrLossDepositsWithOtherBanks" xlink:to="p-FINREP_FinancialLiabilitiesDesignatedAsFairValueThroughProfitOrLossDepositsWithOtherBanksDepositsWithAgreedMaturity" order="2" use="optional" />
    <loc xlink:type="locator" xlink:href="p-FINREP-2008-01-01.xsd#p-FINREP_FinancialLiabilitiesDesignatedAsFairValueThroughProfitOrLossDepositsWithOtherBanksDepositsRedeemableAtNotice" xlink:label="p-FINREP_FinancialLiabilitiesDesignatedAsFairValueThroughProfitOrLossDepositsWithOtherBanksDepositsRedeemableAtNotice" />
    <definitionArc xlink:type="arc" xlink:arcrole="http://xbrl.org/int/dim/arcrole/domain-member" xlink:from="p-FINREP_FinancialLiabilitiesDesignatedAsFairValueThroughProfitOrLossDepositsWithOtherBanks" xlink:to="p-FINREP_FinancialLiabilitiesDesignatedAsFairValueThroughProfitOrLossDepositsWithOtherBanksDepositsRedeemableAtNotice" order="3" use="optional" />
    <loc xlink:type="locator" xlink:href="p-FINREP-2008-01-01.xsd#p-FINREP_FinancialLiabilitiesDesignatedAsFairValueThroughProfitOrLossDepositsWithOtherBanksOtherDeposits" xlink:label="p-FINREP_FinancialLiabilitiesDesignatedAsFairValueThroughProfitOrLossDepositsWithOtherBanksOtherDeposits" />
    <definitionArc xlink:type="arc" xlink:arcrole="http://xbrl.org/int/dim/arcrole/domain-member" xlink:from="p-FINREP_FinancialLiabilitiesDesignatedAsFairValueThroughProfitOrLossDepositsWithOtherBanks" xlink:to="p-FINREP_FinancialLiabilitiesDesignatedAsFairValueThroughProfitOrLossDepositsWithOtherBanksOtherDeposits" order="4" use="optional" />
    <loc xlink:type="locator" xlink:href="p-FINREP-2008-01-01.xsd#p-FINREP_FinancialLiabilitiesDesignatedAsFairValueThroughProfitOrLossAmountsOwedToOtherDepositors" xlink:label="p-FINREP_FinancialLiabilitiesDesignatedAsFairValueThroughProfitOrLossAmountsOwedToOtherDepositors" />
    <definitionArc xlink:type="arc" xlink:arcrole="http://xbrl.org/int/dim/arcrole/domain-member" xlink:from="p-FINREP_FinancialLiabilitiesDesignatedAsFairValueThroughProfitOrLossCarryingAmountPresentation" xlink:to="p-FINREP_FinancialLiabilitiesDesignatedAsFairValueThroughProfitOrLossAmountsOwedToOtherDepositors" order="2" use="optional" />
    <loc xlink:type="locator" xlink:href="p-FINREP-2008-01-01.xsd#p-FINREP_FinancialLiabilitiesDesignatedAsFairValueThroughProfitOrLossAmountsOwedToOtherDepositorsCurrentAccountsOvernightDeposits" xlink:label="p-FINREP_FinancialLiabilitiesDesignatedAsFairValueThroughProfitOrLossAmountsOwedToOtherDepositorsCurrentAccountsOvernightDeposits" />
    <definitionArc xlink:type="arc" xlink:arcrole="http://xbrl.org/int/dim/arcrole/domain-member" xlink:from="p-FINREP_FinancialLiabilitiesDesignatedAsFairValueThroughProfitOrLossAmountsOwedToOtherDepositors" xlink:to="p-FINREP_FinancialLiabilitiesDesignatedAsFairValueThroughProfitOrLossAmountsOwedToOtherDepositorsCurrentAccountsOvernightDeposits" order="1" use="optional" />
    <loc xlink:type="locator" xlink:href="p-FINREP-2008-01-01.xsd#p-FINREP_FinancialLiabilitiesDesignatedAsFairValueThroughProfitOrLossAmountsOwedToOtherDepositorsDepositsWithAgreedMaturity" xlink:label="p-FINREP_FinancialLiabilitiesDesignatedAsFairValueThroughProfitOrLossAmountsOwedToOtherDepositorsDepositsWithAgreedMaturity" />
    <definitionArc xlink:type="arc" xlink:arcrole="http://xbrl.org/int/dim/arcrole/domain-member" xlink:from="p-FINREP_FinancialLiabilitiesDesignatedAsFairValueThroughProfitOrLossAmountsOwedToOtherDepositors" xlink:to="p-FINREP_FinancialLiabilitiesDesignatedAsFairValueThroughProfitOrLossAmountsOwedToOtherDepositorsDepositsWithAgreedMaturity" order="2" use="optional" />
    <loc xlink:type="locator" xlink:href="p-FINREP-2008-01-01.xsd#p-FINREP_FinancialLiabilitiesDesignatedAsFairValueThroughProfitOrLossAmountsOwedToOtherDepositorsDepositsRedeemableAtNotice" xlink:label="p-FINREP_FinancialLiabilitiesDesignatedAsFairValueThroughProfitOrLossAmountsOwedToOtherDepositorsDepositsRedeemableAtNotice" />
    <definitionArc xlink:type="arc" xlink:arcrole="http://xbrl.org/int/dim/arcrole/domain-member" xlink:from="p-FINREP_FinancialLiabilitiesDesignatedAsFairValueThroughProfitOrLossAmountsOwedToOtherDepositors" xlink:to="p-FINREP_FinancialLiabilitiesDesignatedAsFairValueThroughProfitOrLossAmountsOwedToOtherDepositorsDepositsRedeemableAtNotice" order="3" use="optional" />
    <loc xlink:type="locator" xlink:href="p-FINREP-2008-01-01.xsd#p-FINREP_FinancialLiabilitiesDesignatedAsFairValueThroughProfitOrLossAmountsOwedToOtherDepositorsOtherDeposits" xlink:label="p-FINREP_FinancialLiabilitiesDesignatedAsFairValueThroughProfitOrLossAmountsOwedToOtherDepositorsOtherDeposits" />
    <definitionArc xlink:type="arc" xlink:arcrole="http://xbrl.org/int/dim/arcrole/domain-member" xlink:from="p-FINREP_FinancialLiabilitiesDesignatedAsFairValueThroughProfitOrLossAmountsOwedToOtherDepositors" xlink:to="p-FINREP_FinancialLiabilitiesDesignatedAsFairValueThroughProfitOrLossAmountsOwedToOtherDepositorsOtherDeposits" order="4" use="optional" />
    <loc xlink:type="locator" xlink:href="http://xbrl.iasb.org/int/fr/ifrs/gp/2006-08-15/ifrs-gp-2006-08-15.xsd#ifrs-gp_FinancialLiabilitiesDesignatedAsFairValueThroughProfitOrLossDebenturesAndDebtCertificates" xlink:label="ifrs-gp_FinancialLiabilitiesDesignatedAsFairValueThroughProfitOrLossDebenturesAndDebtCertificates" />
    <definitionArc xlink:type="arc" xlink:arcrole="http://xbrl.org/int/dim/arcrole/domain-member" xlink:from="p-FINREP_FinancialLiabilitiesDesignatedAsFairValueThroughProfitOrLossCarryingAmountPresentation" xlink:to="ifrs-gp_FinancialLiabilitiesDesignatedAsFairValueThroughProfitOrLossDebenturesAndDebtCertificates" order="3" use="optional" />
    <loc xlink:type="locator" xlink:href="p-FINREP-2008-01-01.xsd#p-FINREP_FinancialLiabilitiesDesignatedAsFairValueThroughProfitOrLossDebtInstrumentsCertificatesOfDeposits" xlink:label="p-FINREP_FinancialLiabilitiesDesignatedAsFairValueThroughProfitOrLossDebtInstrumentsCertificatesOfDeposits" />
    <definitionArc xlink:type="arc" xlink:arcrole="http://xbrl.org/int/dim/arcrole/domain-member" xlink:from="ifrs-gp_FinancialLiabilitiesDesignatedAsFairValueThroughProfitOrLossDebenturesAndDebtCertificates" xlink:to="p-FINREP_FinancialLiabilitiesDesignatedAsFairValueThroughProfitOrLossDebtInstrumentsCertificatesOfDeposits" order="1" use="optional" />
    <loc xlink:type="locator" xlink:href="p-FINREP-2008-01-01.xsd#p-FINREP_FinancialLiabilitiesDesignatedAsFairValueThroughProfitOrLossDebtInstrumentsCustomerSavingCertificates" xlink:label="p-FINREP_FinancialLiabilitiesDesignatedAsFairValueThroughProfitOrLossDebtInstrumentsCustomerSavingCertificates" />
    <definitionArc xlink:type="arc" xlink:arcrole="http://xbrl.org/int/dim/arcrole/domain-member" xlink:from="ifrs-gp_FinancialLiabilitiesDesignatedAsFairValueThroughProfitOrLossDebenturesAndDebtCertificates" xlink:to="p-FINREP_FinancialLiabilitiesDesignatedAsFairValueThroughProfitOrLossDebtInstrumentsCustomerSavingCertificates" order="2" use="optional" />
    <loc xlink:type="locator" xlink:href="p-FINREP-2008-01-01.xsd#p-FINREP_FinancialLiabilitiesDesignatedAsFairValueThroughProfitOrLossDebtInstrumentsBonds" xlink:label="p-FINREP_FinancialLiabilitiesDesignatedAsFairValueThroughProfitOrLossDebtInstrumentsBonds" />
    <definitionArc xlink:type="arc" xlink:arcrole="http://xbrl.org/int/dim/arcrole/domain-member" xlink:from="ifrs-gp_FinancialLiabilitiesDesignatedAsFairValueThroughProfitOrLossDebenturesAndDebtCertificates" xlink:to="p-FINREP_FinancialLiabilitiesDesignatedAsFairValueThroughProfitOrLossDebtInstrumentsBonds" order="3" use="optional" />
    <loc xlink:type="locator" xlink:href="p-FINREP-2008-01-01.xsd#p-FINREP_FinancialLiabilitiesDesignatedAsFairValueThroughProfitOrLossDebtInstrumentsConvertibleBonds" xlink:label="p-FINREP_FinancialLiabilitiesDesignatedAsFairValueThroughProfitOrLossDebtInstrumentsConvertibleBonds" />
    <definitionArc xlink:type="arc" xlink:arcrole="http://xbrl.org/int/dim/arcrole/domain-member" xlink:from="p-FINREP_FinancialLiabilitiesDesignatedAsFairValueThroughProfitOrLossDebtInstrumentsBonds" xlink:to="p-FINREP_FinancialLiabilitiesDesignatedAsFairValueThroughProfitOrLossDebtInstrumentsConvertibleBonds" order="1" use="optional" />
    <loc xlink:type="locator" xlink:href="p-FINREP-2008-01-01.xsd#p-FINREP_FinancialLiabilitiesDesignatedAsFairValueThroughProfitOrLossDebtInstrumentsNonConvertibleBonds" xlink:label="p-FINREP_FinancialLiabilitiesDesignatedAsFairValueThroughProfitOrLossDebtInstrumentsNonConvertibleBonds" />
    <definitionArc xlink:type="arc" xlink:arcrole="http://xbrl.org/int/dim/arcrole/domain-member" xlink:from="p-FINREP_FinancialLiabilitiesDesignatedAsFairValueThroughProfitOrLossDebtInstrumentsBonds" xlink:to="p-FINREP_FinancialLiabilitiesDesignatedAsFairValueThroughProfitOrLossDebtInstrumentsNonConvertibleBonds" order="2" use="optional" />
    <loc xlink:type="locator" xlink:href="p-FINREP-2008-01-01.xsd#p-FINREP_FinancialLiabilitiesDesignatedAsFairValueThroughProfitOrLossDebtInstrumentsOther" xlink:label="p-FINREP_FinancialLiabilitiesDesignatedAsFairValueThroughProfitOrLossDebtInstrumentsOther" />
    <definitionArc xlink:type="arc" xlink:arcrole="http://xbrl.org/int/dim/arcrole/domain-member" xlink:from="ifrs-gp_FinancialLiabilitiesDesignatedAsFairValueThroughProfitOrLossDebenturesAndDebtCertificates" xlink:to="p-FINREP_FinancialLiabilitiesDesignatedAsFairValueThroughProfitOrLossDebtInstrumentsOther" order="4" use="optional" />
    <loc xlink:type="locator" xlink:href="http://xbrl.iasb.org/int/fr/ifrs/gp/2006-08-15/ifrs-gp-2006-08-15.xsd#ifrs-gp_FinancialLiabilitiesDesignatedAsFairValueThroughProfitOrLossSubordinatedLiabilities" xlink:label="ifrs-gp_FinancialLiabilitiesDesignatedAsFairValueThroughProfitOrLossSubordinatedLiabilities" />
    <definitionArc xlink:type="arc" xlink:arcrole="http://xbrl.org/int/dim/arcrole/domain-member" xlink:from="p-FINREP_FinancialLiabilitiesDesignatedAsFairValueThroughProfitOrLossCarryingAmountPresentation" xlink:to="ifrs-gp_FinancialLiabilitiesDesignatedAsFairValueThroughProfitOrLossSubordinatedLiabilities" order="4" use="optional" />
    <loc xlink:type="locator" xlink:href="p-FINREP-2008-01-01.xsd#p-FINREP_FinancialLiabilitiesDesignatedAsFairValueThroughProfitOrLossOtherLiabilities" xlink:label="p-FINREP_FinancialLiabilitiesDesignatedAsFairValueThroughProfitOrLossOtherLiabilities" />
    <definitionArc xlink:type="arc" xlink:arcrole="http://xbrl.org/int/dim/arcrole/domain-member" xlink:from="p-FINREP_FinancialLiabilitiesDesignatedAsFairValueThroughProfitOrLossCarryingAmountPresentation" xlink:to="p-FINREP_FinancialLiabilitiesDesignatedAsFairValueThroughProfitOrLossOtherLiabilities" order="5" use="optional" />
    <loc xlink:type="locator" xlink:href="http://xbrl.iasb.org/int/fr/ifrs/gp/2006-08-15/ifrs-gp-2006-08-15.xsd#ifrs-gp_FinancialLiabilitiesDesignatedAsFairValueThroughProfitOrLossTotal" xlink:label="ifrs-gp_FinancialLiabilitiesDesignatedAsFairValueThroughProfitOrLossTotal" />
    <definitionArc xlink:type="arc" xlink:arcrole="http://xbrl.org/int/dim/arcrole/domain-member" xlink:from="p-FINREP_FinancialLiabilitiesDesignatedAsFairValueThroughProfitOrLossCarryingAmountPresentation" xlink:to="ifrs-gp_FinancialLiabilitiesDesignatedAsFairValueThroughProfitOrLossTotal" order="6" use="optional" />
    <loc xlink:type="locator" xlink:href="p-FINREP-2008-01-01.xsd#p-FINREP_FinancialLiabilitiesDesignatedAsFairValueThroughProfitOrLossAmountOfCumulativeChangeInFairValuesAttributableToChangesInCreditRiskPresentation" xlink:label="p-FINREP_FinancialLiabilitiesDesignatedAsFairValueThroughProfitOrLossAmountOfCumulativeChangeInFairValuesAttributableToChangesInCreditRiskPresentation" />
    <definitionArc xlink:type="arc" xlink:arcrole="http://xbrl.org/int/dim/arcrole/domain-member" xlink:from="p-FINREP_FinancialLiabilitiesDesignatedAsFairValueThroughProfitOrLossPresentation" xlink:to="p-FINREP_FinancialLiabilitiesDesignatedAsFairValueThroughProfitOrLossAmountOfCumulativeChangeInFairValuesAttributableToChangesInCreditRiskPresentation" order="2" use="optional" />
    <loc xlink:type="locator" xlink:href="p-FINREP-2008-01-01.xsd#p-FINREP_FinancialLiabilitiesDesignatedAsFairValueThroughProfitOrLossDepositsWithOtherBanksAmountOfCumulativeChangeInFairValuesAttributableToChangesInCreditRisk" xlink:label="p-FINREP_FinancialLiabilitiesDesignatedAsFairValueThroughProfitOrLossDepositsWithOtherBanksAmountOfCumulativeChangeInFairValuesAttributableToChangesInCreditRisk" />
    <definitionArc xlink:type="arc" xlink:arcrole="http://xbrl.org/int/dim/arcrole/domain-member" xlink:from="p-FINREP_FinancialLiabilitiesDesignatedAsFairValueThroughProfitOrLossAmountOfCumulativeChangeInFairValuesAttributableToChangesInCreditRiskPresentation" xlink:to="p-FINREP_FinancialLiabilitiesDesignatedAsFairValueThroughProfitOrLossDepositsWithOtherBanksAmountOfCumulativeChangeInFairValuesAttributableToChangesInCreditRisk" order="1" use="optional" />
    <loc xlink:type="locator" xlink:href="p-FINREP-2008-01-01.xsd#p-FINREP_FinancialLiabilitiesDesignatedAsFairValueThroughProfitOrLossDepositsWithOtherBanksCurrentAccountsOvernightDepositsAmountOfCumulativeChangeInFairValuesAttributableToChangesInCreditRisk" xlink:label="p-FINREP_FinancialLiabilitiesDesignatedAsFairValueThroughProfitOrLossDepositsWithOtherBanksCurrentAccountsOvernightDepositsAmountOfCumulativeChangeInFairValuesAttributableToChangesInCreditRisk" />
    <definitionArc xlink:type="arc" xlink:arcrole="http://xbrl.org/int/dim/arcrole/domain-member" xlink:from="p-FINREP_FinancialLiabilitiesDesignatedAsFairValueThroughProfitOrLossDepositsWithOtherBanksAmountOfCumulativeChangeInFairValuesAttributableToChangesInCreditRisk" xlink:to="p-FINREP_FinancialLiabilitiesDesignatedAsFairValueThroughProfitOrLossDepositsWithOtherBanksCurrentAccountsOvernightDepositsAmountOfCumulativeChangeInFairValuesAttributableToChangesInCreditRisk" order="1" use="optional" />
    <loc xlink:type="locator" xlink:href="p-FINREP-2008-01-01.xsd#p-FINREP_FinancialLiabilitiesDesignatedAsFairValueThroughProfitOrLossDepositsWithOtherBanksDepositsWithAgreedMaturityAmountOfCumulativeChangeInFairValuesAttributableToChangesInCreditRisk" xlink:label="p-FINREP_FinancialLiabilitiesDesignatedAsFairValueThroughProfitOrLossDepositsWithOtherBanksDepositsWithAgreedMaturityAmountOfCumulativeChangeInFairValuesAttributableToChangesInCreditRisk" />
    <definitionArc xlink:type="arc" xlink:arcrole="http://xbrl.org/int/dim/arcrole/domain-member" xlink:from="p-FINREP_FinancialLiabilitiesDesignatedAsFairValueThroughProfitOrLossDepositsWithOtherBanksAmountOfCumulativeChangeInFairValuesAttributableToChangesInCreditRisk" xlink:to="p-FINREP_FinancialLiabilitiesDesignatedAsFairValueThroughProfitOrLossDepositsWithOtherBanksDepositsWithAgreedMaturityAmountOfCumulativeChangeInFairValuesAttributableToChangesInCreditRisk" order="2" use="optional" />
    <loc xlink:type="locator" xlink:href="p-FINREP-2008-01-01.xsd#p-FINREP_FinancialLiabilitiesDesignatedAsFairValueThroughProfitOrLossDepositsWithOtherBanksDepositsRedeemableNoticeAmountOfCumulativeChangeInFairValuesAttributableToChangesInCreditRisk" xlink:label="p-FINREP_FinancialLiabilitiesDesignatedAsFairValueThroughProfitOrLossDepositsWithOtherBanksDepositsRedeemableNoticeAmountOfCumulativeChangeInFairValuesAttributableToChangesInCreditRisk" />
    <definitionArc xlink:type="arc" xlink:arcrole="http://xbrl.org/int/dim/arcrole/domain-member" xlink:from="p-FINREP_FinancialLiabilitiesDesignatedAsFairValueThroughProfitOrLossDepositsWithOtherBanksAmountOfCumulativeChangeInFairValuesAttributableToChangesInCreditRisk" xlink:to="p-FINREP_FinancialLiabilitiesDesignatedAsFairValueThroughProfitOrLossDepositsWithOtherBanksDepositsRedeemableNoticeAmountOfCumulativeChangeInFairValuesAttributableToChangesInCreditRisk" order="3" use="optional" />
    <loc xlink:type="locator" xlink:href="p-FINREP-2008-01-01.xsd#p-FINREP_FinancialLiabilitiesDesignatedAsFairValueThroughProfitOrLossDepositsWithOtherBanksOtherDepositsAmountOfCumulativeChangeInFairValuesAttributableToChangesInCreditRisk" xlink:label="p-FINREP_FinancialLiabilitiesDesignatedAsFairValueThroughProfitOrLossDepositsWithOtherBanksOtherDepositsAmountOfCumulativeChangeInFairValuesAttributableToChangesInCreditRisk" />
    <definitionArc xlink:type="arc" xlink:arcrole="http://xbrl.org/int/dim/arcrole/domain-member" xlink:from="p-FINREP_FinancialLiabilitiesDesignatedAsFairValueThroughProfitOrLossDepositsWithOtherBanksAmountOfCumulativeChangeInFairValuesAttributableToChangesInCreditRisk" xlink:to="p-FINREP_FinancialLiabilitiesDesignatedAsFairValueThroughProfitOrLossDepositsWithOtherBanksOtherDepositsAmountOfCumulativeChangeInFairValuesAttributableToChangesInCreditRisk" order="4" use="optional" />
    <loc xlink:type="locator" xlink:href="p-FINREP-2008-01-01.xsd#p-FINREP_FinancialLiabilitiesDesignatedAsFairValueThroughProfitOrLossAmountsOwedToOtherDepositorsAmountOfCumulativeChangeInFairValuesAttributableToChangesInCreditRisk" xlink:label="p-FINREP_FinancialLiabilitiesDesignatedAsFairValueThroughProfitOrLossAmountsOwedToOtherDepositorsAmountOfCumulativeChangeInFairValuesAttributableToChangesInCreditRisk" />
    <definitionArc xlink:type="arc" xlink:arcrole="http://xbrl.org/int/dim/arcrole/domain-member" xlink:from="p-FINREP_FinancialLiabilitiesDesignatedAsFairValueThroughProfitOrLossAmountOfCumulativeChangeInFairValuesAttributableToChangesInCreditRiskPresentation" xlink:to="p-FINREP_FinancialLiabilitiesDesignatedAsFairValueThroughProfitOrLossAmountsOwedToOtherDepositorsAmountOfCumulativeChangeInFairValuesAttributableToChangesInCreditRisk" order="2" use="optional" />
    <loc xlink:type="locator" xlink:href="p-FINREP-2008-01-01.xsd#p-FINREP_FinancialLiabilitiesDesignatedAsFairValueThroughProfitOrLossAmountsOwedToOtherDepositorsCurrentAccountsOvernightDepositsAmountOfCumulativeChangeInFairValuesAttributableToChangesInCreditRisk" xlink:label="p-FINREP_FinancialLiabilitiesDesignatedAsFairValueThroughProfitOrLossAmountsOwedToOtherDepositorsCurrentAccountsOvernightDepositsAmountOfCumulativeChangeInFairValuesAttributableToChangesInCreditRisk" />
    <definitionArc xlink:type="arc" xlink:arcrole="http://xbrl.org/int/dim/arcrole/domain-member" xlink:from="p-FINREP_FinancialLiabilitiesDesignatedAsFairValueThroughProfitOrLossAmountsOwedToOtherDepositorsAmountOfCumulativeChangeInFairValuesAttributableToChangesInCreditRisk" xlink:to="p-FINREP_FinancialLiabilitiesDesignatedAsFairValueThroughProfitOrLossAmountsOwedToOtherDepositorsCurrentAccountsOvernightDepositsAmountOfCumulativeChangeInFairValuesAttributableToChangesInCreditRisk" order="1" use="optional" />
    <loc xlink:type="locator" xlink:href="p-FINREP-2008-01-01.xsd#p-FINREP_FinancialLiabilitiesDesignatedAsFairValueThroughProfitOrLossAmountsOwedToOtherDepositorsDepositsWithAgreedMaturityAmountOfCumulativeChangeInFairValuesAttributableToChangesInCreditRisk" xlink:label="p-FINREP_FinancialLiabilitiesDesignatedAsFairValueThroughProfitOrLossAmountsOwedToOtherDepositorsDepositsWithAgreedMaturityAmountOfCumulativeChangeInFairValuesAttributableToChangesInCreditRisk" />
    <definitionArc xlink:type="arc" xlink:arcrole="http://xbrl.org/int/dim/arcrole/domain-member" xlink:from="p-FINREP_FinancialLiabilitiesDesignatedAsFairValueThroughProfitOrLossAmountsOwedToOtherDepositorsAmountOfCumulativeChangeInFairValuesAttributableToChangesInCreditRisk" xlink:to="p-FINREP_FinancialLiabilitiesDesignatedAsFairValueThroughProfitOrLossAmountsOwedToOtherDepositorsDepositsWithAgreedMaturityAmountOfCumulativeChangeInFairValuesAttributableToChangesInCreditRisk" order="2" use="optional" />
    <loc xlink:type="locator" xlink:href="p-FINREP-2008-01-01.xsd#p-FINREP_FinancialLiabilitiesDesignatedAsFairValueThroughProfitOrLossAmountsOwedToOtherDepositorsDepositsRedeemableAtNoticeAmountOfCumulativeChangeInFairValuesAttributableToChangesInCreditRisk" xlink:label="p-FINREP_FinancialLiabilitiesDesignatedAsFairValueThroughProfitOrLossAmountsOwedToOtherDepositorsDepositsRedeemableAtNoticeAmountOfCumulativeChangeInFairValuesAttributableToChangesInCreditRisk" />
    <definitionArc xlink:type="arc" xlink:arcrole="http://xbrl.org/int/dim/arcrole/domain-member" xlink:from="p-FINREP_FinancialLiabilitiesDesignatedAsFairValueThroughProfitOrLossAmountsOwedToOtherDepositorsAmountOfCumulativeChangeInFairValuesAttributableToChangesInCreditRisk" xlink:to="p-FINREP_FinancialLiabilitiesDesignatedAsFairValueThroughProfitOrLossAmountsOwedToOtherDepositorsDepositsRedeemableAtNoticeAmountOfCumulativeChangeInFairValuesAttributableToChangesInCreditRisk" order="3" use="optional" />
    <loc xlink:type="locator" xlink:href="p-FINREP-2008-01-01.xsd#p-FINREP_FinancialLiabilitiesDesignatedAsFairValueThroughProfitOrLossAmountsOwedToOtherDepositorsOtherDepositsAmountOfCumulativeChangeInFairValuesAttributableToChangesInCreditRisk" xlink:label="p-FINREP_FinancialLiabilitiesDesignatedAsFairValueThroughProfitOrLossAmountsOwedToOtherDepositorsOtherDepositsAmountOfCumulativeChangeInFairValuesAttributableToChangesInCreditRisk" />
    <definitionArc xlink:type="arc" xlink:arcrole="http://xbrl.org/int/dim/arcrole/domain-member" xlink:from="p-FINREP_FinancialLiabilitiesDesignatedAsFairValueThroughProfitOrLossAmountsOwedToOtherDepositorsAmountOfCumulativeChangeInFairValuesAttributableToChangesInCreditRisk" xlink:to="p-FINREP_FinancialLiabilitiesDesignatedAsFairValueThroughProfitOrLossAmountsOwedToOtherDepositorsOtherDepositsAmountOfCumulativeChangeInFairValuesAttributableToChangesInCreditRisk" order="4" use="optional" />
    <loc xlink:type="locator" xlink:href="p-FINREP-2008-01-01.xsd#p-FINREP_FinancialLiabilitiesDesignatedAsFairValueThroughProfitOrLossDebtInstrumentsAmountOfCumulativeChangeInFairValuesAttributableToChangesInCreditRisk" xlink:label="p-FINREP_FinancialLiabilitiesDesignatedAsFairValueThroughProfitOrLossDebtInstrumentsAmountOfCumulativeChangeInFairValuesAttributableToChangesInCreditRisk" />
    <definitionArc xlink:type="arc" xlink:arcrole="http://xbrl.org/int/dim/arcrole/domain-member" xlink:from="p-FINREP_FinancialLiabilitiesDesignatedAsFairValueThroughProfitOrLossAmountOfCumulativeChangeInFairValuesAttributableToChangesInCreditRiskPresentation" xlink:to="p-FINREP_FinancialLiabilitiesDesignatedAsFairValueThroughProfitOrLossDebtInstrumentsAmountOfCumulativeChangeInFairValuesAttributableToChangesInCreditRisk" order="3" use="optional" />
    <loc xlink:type="locator" xlink:href="p-FINREP-2008-01-01.xsd#p-FINREP_FinancialLiabilitiesDesignatedAsFairValueThroughProfitOrLossDebtInstrumentsCertificatesOfDepositsAmountOfCumulativeChangeInFairValuesAttributableToChangesInCreditRisk" xlink:label="p-FINREP_FinancialLiabilitiesDesignatedAsFairValueThroughProfitOrLossDebtInstrumentsCertificatesOfDepositsAmountOfCumulativeChangeInFairValuesAttributableToChangesInCreditRisk" />
    <definitionArc xlink:type="arc" xlink:arcrole="http://xbrl.org/int/dim/arcrole/domain-member" xlink:from="p-FINREP_FinancialLiabilitiesDesignatedAsFairValueThroughProfitOrLossDebtInstrumentsAmountOfCumulativeChangeInFairValuesAttributableToChangesInCreditRisk" xlink:to="p-FINREP_FinancialLiabilitiesDesignatedAsFairValueThroughProfitOrLossDebtInstrumentsCertificatesOfDepositsAmountOfCumulativeChangeInFairValuesAttributableToChangesInCreditRisk" order="1" use="optional" />
    <loc xlink:type="locator" xlink:href="p-FINREP-2008-01-01.xsd#p-FINREP_FinancialLiabilitiesDesignatedAsFairValueThroughProfitOrLossDebtInstrumentsCustomerSavingCertificatesAmountOfCumulativeChangeInFairValuesAttributableToChangesInCreditRisk" xlink:label="p-FINREP_FinancialLiabilitiesDesignatedAsFairValueThroughProfitOrLossDebtInstrumentsCustomerSavingCertificatesAmountOfCumulativeChangeInFairValuesAttributableToChangesInCreditRisk" />
    <definitionArc xlink:type="arc" xlink:arcrole="http://xbrl.org/int/dim/arcrole/domain-member" xlink:from="p-FINREP_FinancialLiabilitiesDesignatedAsFairValueThroughProfitOrLossDebtInstrumentsAmountOfCumulativeChangeInFairValuesAttributableToChangesInCreditRisk" xlink:to="p-FINREP_FinancialLiabilitiesDesignatedAsFairValueThroughProfitOrLossDebtInstrumentsCustomerSavingCertificatesAmountOfCumulativeChangeInFairValuesAttributableToChangesInCreditRisk" order="2" use="optional" />
    <loc xlink:type="locator" xlink:href="p-FINREP-2008-01-01.xsd#p-FINREP_FinancialLiabilitiesDesignatedAsFairValueThroughProfitOrLossDebtInstrumentsBondsAmountOfCumulativeChangeInFairValuesAttributableToChangesInCreditRisk" xlink:label="p-FINREP_FinancialLiabilitiesDesignatedAsFairValueThroughProfitOrLossDebtInstrumentsBondsAmountOfCumulativeChangeInFairValuesAttributableToChangesInCreditRisk" />
    <definitionArc xlink:type="arc" xlink:arcrole="http://xbrl.org/int/dim/arcrole/domain-member" xlink:from="p-FINREP_FinancialLiabilitiesDesignatedAsFairValueThroughProfitOrLossDebtInstrumentsAmountOfCumulativeChangeInFairValuesAttributableToChangesInCreditRisk" xlink:to="p-FINREP_FinancialLiabilitiesDesignatedAsFairValueThroughProfitOrLossDebtInstrumentsBondsAmountOfCumulativeChangeInFairValuesAttributableToChangesInCreditRisk" order="3" use="optional" />
    <loc xlink:type="locator" xlink:href="p-FINREP-2008-01-01.xsd#p-FINREP_FinancialLiabilitiesDesignatedAsFairValueThroughProfitOrLossDebtInstrumentsConvertibleBondsAmountOfCumulativeChangeInFairValuesAttributableToChangesInCreditRisk" xlink:label="p-FINREP_FinancialLiabilitiesDesignatedAsFairValueThroughProfitOrLossDebtInstrumentsConvertibleBondsAmountOfCumulativeChangeInFairValuesAttributableToChangesInCreditRisk" />
    <definitionArc xlink:type="arc" xlink:arcrole="http://xbrl.org/int/dim/arcrole/domain-member" xlink:from="p-FINREP_FinancialLiabilitiesDesignatedAsFairValueThroughProfitOrLossDebtInstrumentsBondsAmountOfCumulativeChangeInFairValuesAttributableToChangesInCreditRisk" xlink:to="p-FINREP_FinancialLiabilitiesDesignatedAsFairValueThroughProfitOrLossDebtInstrumentsConvertibleBondsAmountOfCumulativeChangeInFairValuesAttributableToChangesInCreditRisk" order="1" use="optional" />
    <loc xlink:type="locator" xlink:href="p-FINREP-2008-01-01.xsd#p-FINREP_FinancialLiabilitiesDesignatedAsFairValueThroughProfitOrLossDebtInstrumentsNonConvertibleBondsAmountOfCumulativeChangeInFairValuesAttributableToChangesInCreditRisk" xlink:label="p-FINREP_FinancialLiabilitiesDesignatedAsFairValueThroughProfitOrLossDebtInstrumentsNonConvertibleBondsAmountOfCumulativeChangeInFairValuesAttributableToChangesInCreditRisk" />
    <definitionArc xlink:type="arc" xlink:arcrole="http://xbrl.org/int/dim/arcrole/domain-member" xlink:from="p-FINREP_FinancialLiabilitiesDesignatedAsFairValueThroughProfitOrLossDebtInstrumentsBondsAmountOfCumulativeChangeInFairValuesAttributableToChangesInCreditRisk" xlink:to="p-FINREP_FinancialLiabilitiesDesignatedAsFairValueThroughProfitOrLossDebtInstrumentsNonConvertibleBondsAmountOfCumulativeChangeInFairValuesAttributableToChangesInCreditRisk" order="2" use="optional" />
    <loc xlink:type="locator" xlink:href="p-FINREP-2008-01-01.xsd#p-FINREP_FinancialLiabilitiesDesignatedAsFairValueThroughProfitOrLossDebtInstrumentsOtherAmountOfCumulativeChangeInFairValuesAttributableToChangesInCreditRisk" xlink:label="p-FINREP_FinancialLiabilitiesDesignatedAsFairValueThroughProfitOrLossDebtInstrumentsOtherAmountOfCumulativeChangeInFairValuesAttributableToChangesInCreditRisk" />
    <definitionArc xlink:type="arc" xlink:arcrole="http://xbrl.org/int/dim/arcrole/domain-member" xlink:from="p-FINREP_FinancialLiabilitiesDesignatedAsFairValueThroughProfitOrLossDebtInstrumentsAmountOfCumulativeChangeInFairValuesAttributableToChangesInCreditRisk" xlink:to="p-FINREP_FinancialLiabilitiesDesignatedAsFairValueThroughProfitOrLossDebtInstrumentsOtherAmountOfCumulativeChangeInFairValuesAttributableToChangesInCreditRisk" order="4" use="optional" />
    <loc xlink:type="locator" xlink:href="p-FINREP-2008-01-01.xsd#p-FINREP_FinancialLiabilitiesDesignatedAsFairValueThroughProfitOrLossSubordinatedLiabilitiesAmountOfCumulativeChangeInFairValuesAttributableToChangesInCreditRisk" xlink:label="p-FINREP_FinancialLiabilitiesDesignatedAsFairValueThroughProfitOrLossSubordinatedLiabilitiesAmountOfCumulativeChangeInFairValuesAttributableToChangesInCreditRisk" />
    <definitionArc xlink:type="arc" xlink:arcrole="http://xbrl.org/int/dim/arcrole/domain-member" xlink:from="p-FINREP_FinancialLiabilitiesDesignatedAsFairValueThroughProfitOrLossAmountOfCumulativeChangeInFairValuesAttributableToChangesInCreditRiskPresentation" xlink:to="p-FINREP_FinancialLiabilitiesDesignatedAsFairValueThroughProfitOrLossSubordinatedLiabilitiesAmountOfCumulativeChangeInFairValuesAttributableToChangesInCreditRisk" order="4" use="optional" />
    <loc xlink:type="locator" xlink:href="p-FINREP-2008-01-01.xsd#p-FINREP_FinancialLiabilitiesDesignatedAsFairValueThroughProfitOrLossOtherLiabilitiesAmountOfCumulativeChangeInFairValuesAttributableToChangesInCreditRisk" xlink:label="p-FINREP_FinancialLiabilitiesDesignatedAsFairValueThroughProfitOrLossOtherLiabilitiesAmountOfCumulativeChangeInFairValuesAttributableToChangesInCreditRisk" />
    <definitionArc xlink:type="arc" xlink:arcrole="http://xbrl.org/int/dim/arcrole/domain-member" xlink:from="p-FINREP_FinancialLiabilitiesDesignatedAsFairValueThroughProfitOrLossAmountOfCumulativeChangeInFairValuesAttributableToChangesInCreditRiskPresentation" xlink:to="p-FINREP_FinancialLiabilitiesDesignatedAsFairValueThroughProfitOrLossOtherLiabilitiesAmountOfCumulativeChangeInFairValuesAttributableToChangesInCreditRisk" order="5" use="optional" />
    <loc xlink:type="locator" xlink:href="p-FINREP-2008-01-01.xsd#p-FINREP_FinancialLiabilitiesDesignatedAsFairValueThroughProfitOrLossAmountOfCumulativeChangeInFairValuesAttributableToChangesInCreditRisk" xlink:label="p-FINREP_FinancialLiabilitiesDesignatedAsFairValueThroughProfitOrLossAmountOfCumulativeChangeInFairValuesAttributableToChangesInCreditRisk" />
    <definitionArc xlink:type="arc" xlink:arcrole="http://xbrl.org/int/dim/arcrole/domain-member" xlink:from="p-FINREP_FinancialLiabilitiesDesignatedAsFairValueThroughProfitOrLossAmountOfCumulativeChangeInFairValuesAttributableToChangesInCreditRiskPresentation" xlink:to="p-FINREP_FinancialLiabilitiesDesignatedAsFairValueThroughProfitOrLossAmountOfCumulativeChangeInFairValuesAttributableToChangesInCreditRisk" order="6" use="optional" />
    <loc xlink:type="locator" xlink:href="p-FINREP-2008-01-01.xsd#p-FINREP_FinancialLiabilitiesDesignatedAsFairValueThroughProfitOrLossAmountOfDifferenceBetweenCarryingAmountAndAmountToPayAtMaturityPresentation" xlink:label="p-FINREP_FinancialLiabilitiesDesignatedAsFairValueThroughProfitOrLossAmountOfDifferenceBetweenCarryingAmountAndAmountToPayAtMaturityPresentation" />
    <definitionArc xlink:type="arc" xlink:arcrole="http://xbrl.org/int/dim/arcrole/domain-member" xlink:from="p-FINREP_FinancialLiabilitiesDesignatedAsFairValueThroughProfitOrLossPresentation" xlink:to="p-FINREP_FinancialLiabilitiesDesignatedAsFairValueThroughProfitOrLossAmountOfDifferenceBetweenCarryingAmountAndAmountToPayAtMaturityPresentation" order="3" use="optional" />
    <loc xlink:type="locator" xlink:href="p-FINREP-2008-01-01.xsd#p-FINREP_FinancialLiabilitiesDesignatedAsFairValueThroughProfitOrLossDepositsWithOtherBanksAmountDifferenceBetweenCarryingAmountAmountToPayMaturity" xlink:label="p-FINREP_FinancialLiabilitiesDesignatedAsFairValueThroughProfitOrLossDepositsWithOtherBanksAmountDifferenceBetweenCarryingAmountAmountToPayMaturity" />
    <definitionArc xlink:type="arc" xlink:arcrole="http://xbrl.org/int/dim/arcrole/domain-member" xlink:from="p-FINREP_FinancialLiabilitiesDesignatedAsFairValueThroughProfitOrLossAmountOfDifferenceBetweenCarryingAmountAndAmountToPayAtMaturityPresentation" xlink:to="p-FINREP_FinancialLiabilitiesDesignatedAsFairValueThroughProfitOrLossDepositsWithOtherBanksAmountDifferenceBetweenCarryingAmountAmountToPayMaturity" order="1" use="optional" />
    <loc xlink:type="locator" xlink:href="p-FINREP-2008-01-01.xsd#p-FINREP_FinancialLiabilitiesDesignatedAsFairValueThroughProfitOrLossDepositsWithOtherBanksCurrentAccountsOvernightDepositsAmountDifferenceBetweenCarryingAmountAmountToPayMaturity" xlink:label="p-FINREP_FinancialLiabilitiesDesignatedAsFairValueThroughProfitOrLossDepositsWithOtherBanksCurrentAccountsOvernightDepositsAmountDifferenceBetweenCarryingAmountAmountToPayMaturity" />
    <definitionArc xlink:type="arc" xlink:arcrole="http://xbrl.org/int/dim/arcrole/domain-member" xlink:from="p-FINREP_FinancialLiabilitiesDesignatedAsFairValueThroughProfitOrLossDepositsWithOtherBanksAmountDifferenceBetweenCarryingAmountAmountToPayMaturity" xlink:to="p-FINREP_FinancialLiabilitiesDesignatedAsFairValueThroughProfitOrLossDepositsWithOtherBanksCurrentAccountsOvernightDepositsAmountDifferenceBetweenCarryingAmountAmountToPayMaturity" order="1" use="optional" />
    <loc xlink:type="locator" xlink:href="p-FINREP-2008-01-01.xsd#p-FINREP_FinancialLiabilitiesDesignatedAsFairValueThroughProfitOrLossDepositsWithOtherBanksDepositsWithAgreedMaturityAmountDifferenceBetweenCarryingAmountAmountToPayMaturity" xlink:label="p-FINREP_FinancialLiabilitiesDesignatedAsFairValueThroughProfitOrLossDepositsWithOtherBanksDepositsWithAgreedMaturityAmountDifferenceBetweenCarryingAmountAmountToPayMaturity" />
    <definitionArc xlink:type="arc" xlink:arcrole="http://xbrl.org/int/dim/arcrole/domain-member" xlink:from="p-FINREP_FinancialLiabilitiesDesignatedAsFairValueThroughProfitOrLossDepositsWithOtherBanksAmountDifferenceBetweenCarryingAmountAmountToPayMaturity" xlink:to="p-FINREP_FinancialLiabilitiesDesignatedAsFairValueThroughProfitOrLossDepositsWithOtherBanksDepositsWithAgreedMaturityAmountDifferenceBetweenCarryingAmountAmountToPayMaturity" order="2" use="optional" />
    <loc xlink:type="locator" xlink:href="p-FINREP-2008-01-01.xsd#p-FINREP_FinancialLiabilitiesDesignatedAsFairValueThroughProfitOrLossDepositsWithOtherBanksDepositsRedeemableNoticeAmountDifferenceBetweenCarryingAmountAmountToPayMaturity" xlink:label="p-FINREP_FinancialLiabilitiesDesignatedAsFairValueThroughProfitOrLossDepositsWithOtherBanksDepositsRedeemableNoticeAmountDifferenceBetweenCarryingAmountAmountToPayMaturity" />
    <definitionArc xlink:type="arc" xlink:arcrole="http://xbrl.org/int/dim/arcrole/domain-member" xlink:from="p-FINREP_FinancialLiabilitiesDesignatedAsFairValueThroughProfitOrLossDepositsWithOtherBanksAmountDifferenceBetweenCarryingAmountAmountToPayMaturity" xlink:to="p-FINREP_FinancialLiabilitiesDesignatedAsFairValueThroughProfitOrLossDepositsWithOtherBanksDepositsRedeemableNoticeAmountDifferenceBetweenCarryingAmountAmountToPayMaturity" order="3" use="optional" />
    <loc xlink:type="locator" xlink:href="p-FINREP-2008-01-01.xsd#p-FINREP_FinancialLiabilitiesDesignatedAsFairValueThroughProfitOrLossDepositsWithOtherBanksOtherDepositsAmountDifferenceBetweenCarryingAmountAmountToPayMaturity" xlink:label="p-FINREP_FinancialLiabilitiesDesignatedAsFairValueThroughProfitOrLossDepositsWithOtherBanksOtherDepositsAmountDifferenceBetweenCarryingAmountAmountToPayMaturity" />
    <definitionArc xlink:type="arc" xlink:arcrole="http://xbrl.org/int/dim/arcrole/domain-member" xlink:from="p-FINREP_FinancialLiabilitiesDesignatedAsFairValueThroughProfitOrLossDepositsWithOtherBanksAmountDifferenceBetweenCarryingAmountAmountToPayMaturity" xlink:to="p-FINREP_FinancialLiabilitiesDesignatedAsFairValueThroughProfitOrLossDepositsWithOtherBanksOtherDepositsAmountDifferenceBetweenCarryingAmountAmountToPayMaturity" order="4" use="optional" />
    <loc xlink:type="locator" xlink:href="p-FINREP-2008-01-01.xsd#p-FINREP_FinancialLiabilitiesDesignatedAsFairValueThroughProfitOrLossAmountsOwedToOtherDepositorsAmountDifferenceBetweenCarryingAmountAmountToPayMaturity" xlink:label="p-FINREP_FinancialLiabilitiesDesignatedAsFairValueThroughProfitOrLossAmountsOwedToOtherDepositorsAmountDifferenceBetweenCarryingAmountAmountToPayMaturity" />
    <definitionArc xlink:type="arc" xlink:arcrole="http://xbrl.org/int/dim/arcrole/domain-member" xlink:from="p-FINREP_FinancialLiabilitiesDesignatedAsFairValueThroughProfitOrLossAmountOfDifferenceBetweenCarryingAmountAndAmountToPayAtMaturityPresentation" xlink:to="p-FINREP_FinancialLiabilitiesDesignatedAsFairValueThroughProfitOrLossAmountsOwedToOtherDepositorsAmountDifferenceBetweenCarryingAmountAmountToPayMaturity" order="2" use="optional" />
    <loc xlink:type="locator" xlink:href="p-FINREP-2008-01-01.xsd#p-FINREP_FinancialLiabilitiesDesignatedAsFairValueThroughProfitOrLossAmountsOwedToOtherDepositorsCurrentAccountsOvernightDepositsAmountOfDifferenceBetweenCarryingAmountAndAmountToPayAtMaturity" xlink:label="p-FINREP_FinancialLiabilitiesDesignatedAsFairValueThroughProfitOrLossAmountsOwedToOtherDepositorsCurrentAccountsOvernightDepositsAmountOfDifferenceBetweenCarryingAmountAndAmountToPayAtMaturity" />
    <definitionArc xlink:type="arc" xlink:arcrole="http://xbrl.org/int/dim/arcrole/domain-member" xlink:from="p-FINREP_FinancialLiabilitiesDesignatedAsFairValueThroughProfitOrLossAmountsOwedToOtherDepositorsAmountDifferenceBetweenCarryingAmountAmountToPayMaturity" xlink:to="p-FINREP_FinancialLiabilitiesDesignatedAsFairValueThroughProfitOrLossAmountsOwedToOtherDepositorsCurrentAccountsOvernightDepositsAmountOfDifferenceBetweenCarryingAmountAndAmountToPayAtMaturity" order="1" use="optional" />
    <loc xlink:type="locator" xlink:href="p-FINREP-2008-01-01.xsd#p-FINREP_FinancialLiabilitiesDesignatedAsFairValueThroughProfitOrLossAmountsOwedToOtherDepositorsDepositsWithAgreedMaturityAmountOfDifferenceBetweenCarryingAmountAndAmountToPayAtMaturity" xlink:label="p-FINREP_FinancialLiabilitiesDesignatedAsFairValueThroughProfitOrLossAmountsOwedToOtherDepositorsDepositsWithAgreedMaturityAmountOfDifferenceBetweenCarryingAmountAndAmountToPayAtMaturity" />
    <definitionArc xlink:type="arc" xlink:arcrole="http://xbrl.org/int/dim/arcrole/domain-member" xlink:from="p-FINREP_FinancialLiabilitiesDesignatedAsFairValueThroughProfitOrLossAmountsOwedToOtherDepositorsAmountDifferenceBetweenCarryingAmountAmountToPayMaturity" xlink:to="p-FINREP_FinancialLiabilitiesDesignatedAsFairValueThroughProfitOrLossAmountsOwedToOtherDepositorsDepositsWithAgreedMaturityAmountOfDifferenceBetweenCarryingAmountAndAmountToPayAtMaturity" order="2" use="optional" />
    <loc xlink:type="locator" xlink:href="p-FINREP-2008-01-01.xsd#p-FINREP_FinancialLiabilitiesDesignatedAsFairValueThroughProfitOrLossAmountsOwedToOtherDepositorsDepositsRedeemableAtNoticeAmountOfDifferenceBetweenCarryingAmountAndAmountToPayAtMaturity" xlink:label="p-FINREP_FinancialLiabilitiesDesignatedAsFairValueThroughProfitOrLossAmountsOwedToOtherDepositorsDepositsRedeemableAtNoticeAmountOfDifferenceBetweenCarryingAmountAndAmountToPayAtMaturity" />
    <definitionArc xlink:type="arc" xlink:arcrole="http://xbrl.org/int/dim/arcrole/domain-member" xlink:from="p-FINREP_FinancialLiabilitiesDesignatedAsFairValueThroughProfitOrLossAmountsOwedToOtherDepositorsAmountDifferenceBetweenCarryingAmountAmountToPayMaturity" xlink:to="p-FINREP_FinancialLiabilitiesDesignatedAsFairValueThroughProfitOrLossAmountsOwedToOtherDepositorsDepositsRedeemableAtNoticeAmountOfDifferenceBetweenCarryingAmountAndAmountToPayAtMaturity" order="3" use="optional" />
    <loc xlink:type="locator" xlink:href="p-FINREP-2008-01-01.xsd#p-FINREP_FinancialLiabilitiesDesignatedAsFairValueThroughProfitOrLossAmountsOwedToOtherDepositorsOtherDepositsAmountOfDifferenceBetweenCarryingAmountAndAmountToPayAtMaturity" xlink:label="p-FINREP_FinancialLiabilitiesDesignatedAsFairValueThroughProfitOrLossAmountsOwedToOtherDepositorsOtherDepositsAmountOfDifferenceBetweenCarryingAmountAndAmountToPayAtMaturity" />
    <definitionArc xlink:type="arc" xlink:arcrole="http://xbrl.org/int/dim/arcrole/domain-member" xlink:from="p-FINREP_FinancialLiabilitiesDesignatedAsFairValueThroughProfitOrLossAmountsOwedToOtherDepositorsAmountDifferenceBetweenCarryingAmountAmountToPayMaturity" xlink:to="p-FINREP_FinancialLiabilitiesDesignatedAsFairValueThroughProfitOrLossAmountsOwedToOtherDepositorsOtherDepositsAmountOfDifferenceBetweenCarryingAmountAndAmountToPayAtMaturity" order="4" use="optional" />
    <loc xlink:type="locator" xlink:href="p-FINREP-2008-01-01.xsd#p-FINREP_FinancialLiabilitiesDesignatedAsFairValueThroughProfitOrLossDebtInstrumentsAmountOfDifferenceBetweenCarryingAmountAndAmountToPayAtMaturity" xlink:label="p-FINREP_FinancialLiabilitiesDesignatedAsFairValueThroughProfitOrLossDebtInstrumentsAmountOfDifferenceBetweenCarryingAmountAndAmountToPayAtMaturity" />
    <definitionArc xlink:type="arc" xlink:arcrole="http://xbrl.org/int/dim/arcrole/domain-member" xlink:from="p-FINREP_FinancialLiabilitiesDesignatedAsFairValueThroughProfitOrLossAmountOfDifferenceBetweenCarryingAmountAndAmountToPayAtMaturityPresentation" xlink:to="p-FINREP_FinancialLiabilitiesDesignatedAsFairValueThroughProfitOrLossDebtInstrumentsAmountOfDifferenceBetweenCarryingAmountAndAmountToPayAtMaturity" order="3" use="optional" />
    <loc xlink:type="locator" xlink:href="p-FINREP-2008-01-01.xsd#p-FINREP_FinancialLiabilitiesDesignatedAsFairValueThroughProfitOrLossDebtInstrumentsCertificatesOfDepositsAmountOfDifferenceBetweenCarryingAmountAndAmountToPayAtMaturity" xlink:label="p-FINREP_FinancialLiabilitiesDesignatedAsFairValueThroughProfitOrLossDebtInstrumentsCertificatesOfDepositsAmountOfDifferenceBetweenCarryingAmountAndAmountToPayAtMaturity" />
    <definitionArc xlink:type="arc" xlink:arcrole="http://xbrl.org/int/dim/arcrole/domain-member" xlink:from="p-FINREP_FinancialLiabilitiesDesignatedAsFairValueThroughProfitOrLossDebtInstrumentsAmountOfDifferenceBetweenCarryingAmountAndAmountToPayAtMaturity" xlink:to="p-FINREP_FinancialLiabilitiesDesignatedAsFairValueThroughProfitOrLossDebtInstrumentsCertificatesOfDepositsAmountOfDifferenceBetweenCarryingAmountAndAmountToPayAtMaturity" order="1" use="optional" />
    <loc xlink:type="locator" xlink:href="p-FINREP-2008-01-01.xsd#p-FINREP_FinancialLiabilitiesDesignatedAsFairValueThroughProfitOrLossDebtInstrumentsCustomerSavingCertificatesAmountOfDifferenceBetweenCarryingAmountAndAmountToPayAtMaturity" xlink:label="p-FINREP_FinancialLiabilitiesDesignatedAsFairValueThroughProfitOrLossDebtInstrumentsCustomerSavingCertificatesAmountOfDifferenceBetweenCarryingAmountAndAmountToPayAtMaturity" />
    <definitionArc xlink:type="arc" xlink:arcrole="http://xbrl.org/int/dim/arcrole/domain-member" xlink:from="p-FINREP_FinancialLiabilitiesDesignatedAsFairValueThroughProfitOrLossDebtInstrumentsAmountOfDifferenceBetweenCarryingAmountAndAmountToPayAtMaturity" xlink:to="p-FINREP_FinancialLiabilitiesDesignatedAsFairValueThroughProfitOrLossDebtInstrumentsCustomerSavingCertificatesAmountOfDifferenceBetweenCarryingAmountAndAmountToPayAtMaturity" order="2" use="optional" />
    <loc xlink:type="locator" xlink:href="p-FINREP-2008-01-01.xsd#p-FINREP_FinancialLiabilitiesDesignatedAsFairValueThroughProfitOrLossDebtInstrumentsBondsAmountOfDifferenceBetweenCarryingAmountAndAmountToPayAtMaturity" xlink:label="p-FINREP_FinancialLiabilitiesDesignatedAsFairValueThroughProfitOrLossDebtInstrumentsBondsAmountOfDifferenceBetweenCarryingAmountAndAmountToPayAtMaturity" />
    <definitionArc xlink:type="arc" xlink:arcrole="http://xbrl.org/int/dim/arcrole/domain-member" xlink:from="p-FINREP_FinancialLiabilitiesDesignatedAsFairValueThroughProfitOrLossDebtInstrumentsAmountOfDifferenceBetweenCarryingAmountAndAmountToPayAtMaturity" xlink:to="p-FINREP_FinancialLiabilitiesDesignatedAsFairValueThroughProfitOrLossDebtInstrumentsBondsAmountOfDifferenceBetweenCarryingAmountAndAmountToPayAtMaturity" order="3" use="optional" />
    <loc xlink:type="locator" xlink:href="p-FINREP-2008-01-01.xsd#p-FINREP_FinancialLiabilitiesDesignatedAsFairValueThroughProfitOrLossDebtInstrumentsConvertibleBondsAmountOfDifferenceBetweenCarryingAmountAndAmountToPayAtMaturity" xlink:label="p-FINREP_FinancialLiabilitiesDesignatedAsFairValueThroughProfitOrLossDebtInstrumentsConvertibleBondsAmountOfDifferenceBetweenCarryingAmountAndAmountToPayAtMaturity" />
    <definitionArc xlink:type="arc" xlink:arcrole="http://xbrl.org/int/dim/arcrole/domain-member" xlink:from="p-FINREP_FinancialLiabilitiesDesignatedAsFairValueThroughProfitOrLossDebtInstrumentsBondsAmountOfDifferenceBetweenCarryingAmountAndAmountToPayAtMaturity" xlink:to="p-FINREP_FinancialLiabilitiesDesignatedAsFairValueThroughProfitOrLossDebtInstrumentsConvertibleBondsAmountOfDifferenceBetweenCarryingAmountAndAmountToPayAtMaturity" order="1" use="optional" />
    <loc xlink:type="locator" xlink:href="p-FINREP-2008-01-01.xsd#p-FINREP_FinancialLiabilitiesDesignatedAsFairValueThroughProfitOrLossDebtInstrumentsNonConvertibleBondsAmountOfDifferenceBetweenCarryingAmountAndAmountToPayAtMaturity" xlink:label="p-FINREP_FinancialLiabilitiesDesignatedAsFairValueThroughProfitOrLossDebtInstrumentsNonConvertibleBondsAmountOfDifferenceBetweenCarryingAmountAndAmountToPayAtMaturity" />
    <definitionArc xlink:type="arc" xlink:arcrole="http://xbrl.org/int/dim/arcrole/domain-member" xlink:from="p-FINREP_FinancialLiabilitiesDesignatedAsFairValueThroughProfitOrLossDebtInstrumentsBondsAmountOfDifferenceBetweenCarryingAmountAndAmountToPayAtMaturity" xlink:to="p-FINREP_FinancialLiabilitiesDesignatedAsFairValueThroughProfitOrLossDebtInstrumentsNonConvertibleBondsAmountOfDifferenceBetweenCarryingAmountAndAmountToPayAtMaturity" order="2" use="optional" />
    <loc xlink:type="locator" xlink:href="p-FINREP-2008-01-01.xsd#p-FINREP_FinancialLiabilitiesDesignatedAsFairValueThroughProfitOrLossDebtInstrumentsOtherAmountOfDifferenceBetweenCarryingAmountAndAmountToPayAtMaturity" xlink:label="p-FINREP_FinancialLiabilitiesDesignatedAsFairValueThroughProfitOrLossDebtInstrumentsOtherAmountOfDifferenceBetweenCarryingAmountAndAmountToPayAtMaturity" />
    <definitionArc xlink:type="arc" xlink:arcrole="http://xbrl.org/int/dim/arcrole/domain-member" xlink:from="p-FINREP_FinancialLiabilitiesDesignatedAsFairValueThroughProfitOrLossDebtInstrumentsAmountOfDifferenceBetweenCarryingAmountAndAmountToPayAtMaturity" xlink:to="p-FINREP_FinancialLiabilitiesDesignatedAsFairValueThroughProfitOrLossDebtInstrumentsOtherAmountOfDifferenceBetweenCarryingAmountAndAmountToPayAtMaturity" order="4" use="optional" />
    <loc xlink:type="locator" xlink:href="p-FINREP-2008-01-01.xsd#p-FINREP_FinancialLiabilitiesDesignatedAsFairValueThroughProfitOrLossSubordinatedLiabilitiesAmountOfDifferenceBetweenCarryingAmountAndAmountToPayAtMaturity" xlink:label="p-FINREP_FinancialLiabilitiesDesignatedAsFairValueThroughProfitOrLossSubordinatedLiabilitiesAmountOfDifferenceBetweenCarryingAmountAndAmountToPayAtMaturity" />
    <definitionArc xlink:type="arc" xlink:arcrole="http://xbrl.org/int/dim/arcrole/domain-member" xlink:from="p-FINREP_FinancialLiabilitiesDesignatedAsFairValueThroughProfitOrLossAmountOfDifferenceBetweenCarryingAmountAndAmountToPayAtMaturityPresentation" xlink:to="p-FINREP_FinancialLiabilitiesDesignatedAsFairValueThroughProfitOrLossSubordinatedLiabilitiesAmountOfDifferenceBetweenCarryingAmountAndAmountToPayAtMaturity" order="4" use="optional" />
    <loc xlink:type="locator" xlink:href="p-FINREP-2008-01-01.xsd#p-FINREP_FinancialLiabilitiesDesignatedAsFairValueThroughProfitOrLossOtherLiabilitiesAmountOfDifferenceBetweenCarryingAmountAndAmountToPayAtMaturity" xlink:label="p-FINREP_FinancialLiabilitiesDesignatedAsFairValueThroughProfitOrLossOtherLiabilitiesAmountOfDifferenceBetweenCarryingAmountAndAmountToPayAtMaturity" />
    <definitionArc xlink:type="arc" xlink:arcrole="http://xbrl.org/int/dim/arcrole/domain-member" xlink:from="p-FINREP_FinancialLiabilitiesDesignatedAsFairValueThroughProfitOrLossAmountOfDifferenceBetweenCarryingAmountAndAmountToPayAtMaturityPresentation" xlink:to="p-FINREP_FinancialLiabilitiesDesignatedAsFairValueThroughProfitOrLossOtherLiabilitiesAmountOfDifferenceBetweenCarryingAmountAndAmountToPayAtMaturity" order="5" use="optional" />
    <loc xlink:type="locator" xlink:href="http://xbrl.iasb.org/int/fr/ifrs/gp/2006-08-15/ifrs-gp-2006-08-15.xsd#ifrs-gp_AmountOfDifferenceBetweenCarryingAmountAndAmountToPayAtMaturity" xlink:label="ifrs-gp_AmountOfDifferenceBetweenCarryingAmountAndAmountToPayAtMaturity" />
    <definitionArc xlink:type="arc" xlink:arcrole="http://xbrl.org/int/dim/arcrole/domain-member" xlink:from="p-FINREP_FinancialLiabilitiesDesignatedAsFairValueThroughProfitOrLossAmountOfDifferenceBetweenCarryingAmountAndAmountToPayAtMaturityPresentation" xlink:to="ifrs-gp_AmountOfDifferenceBetweenCarryingAmountAndAmountToPayAtMaturity" order="6" use="optional" />
</definitionLink>
</linkbase>