<?xml version="1.0" encoding="utf-8"?>
<?taxonomy-version 1.3.2?>
<!--Copyright (C) 2011 EBA - European Banking Authority, Tower 42, 25 Old Broad Street, London, EC2N 1HQ, United Kingdom.-->   
<linkbase 
	xmlns="http://www.xbrl.org/2003/linkbase" 
	xmlns:xlink="http://www.w3.org/1999/xlink" 
	xmlns:xbrldt="http://xbrl.org/2005/xbrldt"> 
  <arcroleRef xlink:type="simple" xlink:href="http://www.xbrl.org/2005/xbrldt-2005.xsd#all" arcroleURI="http://xbrl.org/int/dim/arcrole/all" />
  <arcroleRef xlink:type="simple" xlink:href="http://www.xbrl.org/2005/xbrldt-2005.xsd#notAll" arcroleURI="http://xbrl.org/int/dim/arcrole/notAll" />
  <arcroleRef xlink:type="simple" xlink:href="http://www.xbrl.org/2005/xbrldt-2005.xsd#domain-member" arcroleURI="http://xbrl.org/int/dim/arcrole/domain-member" />
  <arcroleRef xlink:type="simple" xlink:href="http://www.xbrl.org/2005/xbrldt-2005.xsd#hypercube-dimension" arcroleURI="http://xbrl.org/int/dim/arcrole/hypercube-dimension" />
  <arcroleRef xlink:type="simple" xlink:href="http://www.xbrl.org/2005/xbrldt-2005.xsd#dimension-domain" arcroleURI="http://xbrl.org/int/dim/arcrole/dimension-domain" />
  <arcroleRef xlink:type="simple" xlink:href="http://www.xbrl.org/2005/xbrldt-2005.xsd#dimension-default" arcroleURI="http://xbrl.org/int/dim/arcrole/dimension-default" />
  <roleRef xlink:type="simple" xlink:href="d-hh-2008-01-01.xsd#ProhibitedItems" roleURI="http://www.c-ebs.org/eu/fr/esrs/finrep/2008-01-01/role/ProhibitedItems" />
  <roleRef xlink:type="simple" xlink:href="p-FINREP-2008-01-01-T39-ScopeOfConsolidation.xsd#ScopeOfConsolidation" roleURI="http://www.c-ebs.org/eu/fr/esrs/finrep/2008-01-01/role/ScopeOfConsolidation" />
  <roleRef xlink:type="simple" xlink:href="dc-EnConsMov-2008-01-01.xsd#HcConsolidationMovementsHypercube" roleURI="http://www.c-ebs.org/eu/fr/esrs/finrep/2008-01-01/role/HcConsolidationMovementsHypercube" />
  <roleRef xlink:type="simple" xlink:href="dc-EnConsMov-2008-01-01.xsd#HcExcludedConsolidationMovementsExcludingReasonForRemovalHypercube" roleURI="http://www.c-ebs.org/eu/fr/esrs/finrep/2008-01-01/role/HcExcludedConsolidationMovementsExcludingReasonForRemovalHypercube" />
  <definitionLink xlink:type="extended" xlink:role="http://www.c-ebs.org/eu/fr/esrs/finrep/2008-01-01/role/ScopeOfConsolidation">
    <loc xlink:type="locator" xlink:href="p-FINREP-2008-01-01.xsd#p-FINREP_ReasonForRemovalSubsidiary" xlink:label="p-FINREP_ReasonForRemovalSubsidiary" />
    <loc xlink:type="locator" xlink:href="dc-EnConsMov-2008-01-01.xsd#dc-EnConsMov_HcExcludedConsolidationMovementsExcludingReasonForRemovalHypercube" xlink:label="dc-EnConsMov_HcExcludedConsolidationMovementsExcludingReasonForRemovalHypercube" />
    <definitionArc xlink:type="arc" xlink:arcrole="http://xbrl.org/int/dim/arcrole/notAll" xlink:from="p-FINREP_ReasonForRemovalSubsidiary" xlink:to="dc-EnConsMov_HcExcludedConsolidationMovementsExcludingReasonForRemovalHypercube" order="1" use="optional" xbrldt:targetRole="http://www.c-ebs.org/eu/fr/esrs/finrep/2008-01-01/role/HcExcludedConsolidationMovementsExcludingReasonForRemovalHypercube" xbrldt:contextElement="scenario" />
    <loc xlink:type="locator" xlink:href="p-FINREP-2008-01-01.xsd#p-FINREP_ScopeOfConsolidation" xlink:label="p-FINREP_ScopeOfConsolidation" />
    <loc xlink:type="locator" xlink:href="dc-EnConsMov-2008-01-01.xsd#dc-EnConsMov_HcConsolidationMovementsHypercube" xlink:label="dc-EnConsMov_HcConsolidationMovementsHypercube" />
    <definitionArc xlink:type="arc" xlink:arcrole="http://xbrl.org/int/dim/arcrole/all" xlink:from="p-FINREP_ScopeOfConsolidation" xlink:to="dc-EnConsMov_HcConsolidationMovementsHypercube" order="6" use="optional" xbrldt:targetRole="http://www.c-ebs.org/eu/fr/esrs/finrep/2008-01-01/role/HcConsolidationMovementsHypercube" xbrldt:contextElement="scenario" xbrldt:closed="true" />
  </definitionLink>
</linkbase>
