<?xml version="1.0" encoding="utf-8"?>
<?taxonomy-version 1.3.2?>
<!--Copyright (C) 2011 EBA - European Banking Authority, Tower 42, 25 Old Broad Street, London, EC2N 1HQ, United Kingdom.-->   
<linkbase 
	xmlns="http://www.xbrl.org/2003/linkbase" 
	xmlns:xlink="http://www.w3.org/1999/xlink" 
	xmlns:xbrldt="http://xbrl.org/2005/xbrldt"> 
  <arcroleRef xlink:type="simple" xlink:href="http://www.xbrl.org/2005/xbrldt-2005.xsd#all" arcroleURI="http://xbrl.org/int/dim/arcrole/all" />
  <arcroleRef xlink:type="simple" xlink:href="http://www.xbrl.org/2005/xbrldt-2005.xsd#notAll" arcroleURI="http://xbrl.org/int/dim/arcrole/notAll" />
  <arcroleRef xlink:type="simple" xlink:href="http://www.xbrl.org/2005/xbrldt-2005.xsd#domain-member" arcroleURI="http://xbrl.org/int/dim/arcrole/domain-member" />
  <arcroleRef xlink:type="simple" xlink:href="http://www.xbrl.org/2005/xbrldt-2005.xsd#hypercube-dimension" arcroleURI="http://xbrl.org/int/dim/arcrole/hypercube-dimension" />
  <arcroleRef xlink:type="simple" xlink:href="http://www.xbrl.org/2005/xbrldt-2005.xsd#dimension-domain" arcroleURI="http://xbrl.org/int/dim/arcrole/dimension-domain" />
  <arcroleRef xlink:type="simple" xlink:href="http://www.xbrl.org/2005/xbrldt-2005.xsd#dimension-default" arcroleURI="http://xbrl.org/int/dim/arcrole/dimension-default" />
  <roleRef xlink:type="simple" xlink:href="d-hh-2008-01-01.xsd#ProhibitedItems" roleURI="http://www.c-ebs.org/eu/fr/esrs/finrep/2008-01-01/role/ProhibitedItems" />
  <roleRef xlink:type="simple" xlink:href="d-hh-2008-01-01.xsd#ADimensionalItems" roleURI="http://www.c-ebs.org/eu/fr/esrs/finrep/2008-01-01/role/ADimensionalItems" />
  <roleRef xlink:type="simple" xlink:href="p-FINREP-2008-01-01-T01-BalanceSheet.xsd#BalanceSheet" roleURI="http://www.c-ebs.org/eu/fr/esrs/finrep/2008-01-01/role/BalanceSheet" />
  <roleRef xlink:type="simple" xlink:href="d-EqInstr-2008-01-01.xsd#HcEquityInstrumentsHypercube" roleURI="http://www.c-ebs.org/eu/fr/esrs/finrep/2008-01-01/role/HcEquityInstrumentsHypercube" />
  <roleRef xlink:type="simple" xlink:href="d-EqInstr-2008-01-01.xsd#HcExcludedEquityInstrumentsExcludingAtCostHypercube" roleURI="http://www.c-ebs.org/eu/fr/esrs/finrep/2008-01-01/role/HcExcludedEquityInstrumentsExcludingAtCostHypercube" />
  <roleRef xlink:type="simple" xlink:href="d-Counterpts-2008-01-01.xsd#HcCounterpartiesHypercube" roleURI="http://www.c-ebs.org/eu/fr/esrs/finrep/2008-01-01/role/HcCounterpartiesHypercube" />
  <definitionLink xlink:type="extended" xlink:role="http://www.c-ebs.org/eu/fr/esrs/finrep/2008-01-01/role/BalanceSheet">
    <loc xlink:type="locator" xlink:href="http://xbrl.iasb.org/int/fr/ifrs/gp/2006-08-15/ifrs-gp-2006-08-15.xsd#ifrs-gp_AvailableForSaleFinancialAssetsLoansAndAdvances" xlink:label="ifrs-gp_AvailableForSaleFinancialAssetsLoansAndAdvances" />
    <loc xlink:type="locator" xlink:href="d-Counterpts-2008-01-01.xsd#d-Counterpts_HcCounterpartiesHypercube" xlink:label="d-Counterpts_HcCounterpartiesHypercube" />
    <definitionArc xlink:type="arc" xlink:arcrole="http://xbrl.org/int/dim/arcrole/all" xlink:from="ifrs-gp_AvailableForSaleFinancialAssetsLoansAndAdvances" xlink:to="d-Counterpts_HcCounterpartiesHypercube" order="1" use="optional" xbrldt:targetRole="http://www.c-ebs.org/eu/fr/esrs/finrep/2008-01-01/role/HcCounterpartiesHypercube" xbrldt:contextElement="scenario" xbrldt:closed="true" />
    <loc xlink:type="locator" xlink:href="http://xbrl.iasb.org/int/fr/ifrs/gp/2006-08-15/ifrs-gp-2006-08-15.xsd#ifrs-gp_AvailableForSaleFinancialAssetsOtherDebtInstruments" xlink:label="ifrs-gp_AvailableForSaleFinancialAssetsOtherDebtInstruments" />
    <definitionArc xlink:type="arc" xlink:arcrole="http://xbrl.org/int/dim/arcrole/all" xlink:from="ifrs-gp_AvailableForSaleFinancialAssetsOtherDebtInstruments" xlink:to="d-Counterpts_HcCounterpartiesHypercube" order="1" use="optional" xbrldt:targetRole="http://www.c-ebs.org/eu/fr/esrs/finrep/2008-01-01/role/HcCounterpartiesHypercube" xbrldt:contextElement="scenario" xbrldt:closed="true" />
    <loc xlink:type="locator" xlink:href="http://xbrl.iasb.org/int/fr/ifrs/gp/2006-08-15/ifrs-gp-2006-08-15.xsd#ifrs-gp_FinancialAssetsDesignatedAsFairValueThroughProfitOrLossEquityInstruments" xlink:label="ifrs-gp_FinancialAssetsDesignatedAsFairValueThroughProfitOrLossEquityInstruments" />
    <loc xlink:type="locator" xlink:href="d-EqInstr-2008-01-01.xsd#d-EqInstr_HcEquityInstrumentsHypercube" xlink:label="d-EqInstr_HcEquityInstrumentsHypercube" />
    <definitionArc xlink:type="arc" xlink:arcrole="http://xbrl.org/int/dim/arcrole/all" xlink:from="ifrs-gp_FinancialAssetsDesignatedAsFairValueThroughProfitOrLossEquityInstruments" xlink:to="d-EqInstr_HcEquityInstrumentsHypercube" order="1" use="optional" xbrldt:targetRole="http://www.c-ebs.org/eu/fr/esrs/finrep/2008-01-01/role/HcEquityInstrumentsHypercube" xbrldt:contextElement="scenario" xbrldt:closed="true" />
    <loc xlink:type="locator" xlink:href="d-EqInstr-2008-01-01.xsd#d-EqInstr_HcExcludedEquityInstrumentsExcludingAtCostHypercube" xlink:label="d-EqInstr_HcExcludedEquityInstrumentsExcludingAtCostHypercube" />
    <definitionArc xlink:type="arc" xlink:arcrole="http://xbrl.org/int/dim/arcrole/notAll" xlink:from="ifrs-gp_FinancialAssetsDesignatedAsFairValueThroughProfitOrLossEquityInstruments" xlink:to="d-EqInstr_HcExcludedEquityInstrumentsExcludingAtCostHypercube" order="2" use="optional" xbrldt:targetRole="http://www.c-ebs.org/eu/fr/esrs/finrep/2008-01-01/role/HcExcludedEquityInstrumentsExcludingAtCostHypercube" xbrldt:contextElement="scenario" />
    <loc xlink:type="locator" xlink:href="http://xbrl.iasb.org/int/fr/ifrs/gp/2006-08-15/ifrs-gp-2006-08-15.xsd#ifrs-gp_FinancialAssetsDesignatedAsFairValueThroughProfitOrLossLoansAndAdvancesTotal" xlink:label="ifrs-gp_FinancialAssetsDesignatedAsFairValueThroughProfitOrLossLoansAndAdvancesTotal" />
    <definitionArc xlink:type="arc" xlink:arcrole="http://xbrl.org/int/dim/arcrole/all" xlink:from="ifrs-gp_FinancialAssetsDesignatedAsFairValueThroughProfitOrLossLoansAndAdvancesTotal" xlink:to="d-Counterpts_HcCounterpartiesHypercube" order="1" use="optional" xbrldt:targetRole="http://www.c-ebs.org/eu/fr/esrs/finrep/2008-01-01/role/HcCounterpartiesHypercube" xbrldt:contextElement="scenario" xbrldt:closed="true" />
    <loc xlink:type="locator" xlink:href="http://xbrl.iasb.org/int/fr/ifrs/gp/2006-08-15/ifrs-gp-2006-08-15.xsd#ifrs-gp_FinancialAssetsDesignatedAsFairValueThroughProfitOrLossOtherDebtInstruments" xlink:label="ifrs-gp_FinancialAssetsDesignatedAsFairValueThroughProfitOrLossOtherDebtInstruments" />
    <definitionArc xlink:type="arc" xlink:arcrole="http://xbrl.org/int/dim/arcrole/all" xlink:from="ifrs-gp_FinancialAssetsDesignatedAsFairValueThroughProfitOrLossOtherDebtInstruments" xlink:to="d-Counterpts_HcCounterpartiesHypercube" order="1" use="optional" xbrldt:targetRole="http://www.c-ebs.org/eu/fr/esrs/finrep/2008-01-01/role/HcCounterpartiesHypercube" xbrldt:contextElement="scenario" xbrldt:closed="true" />
    <loc xlink:type="locator" xlink:href="http://xbrl.iasb.org/int/fr/ifrs/gp/2006-08-15/ifrs-gp-2006-08-15.xsd#ifrs-gp_FinancialAssetsHeldForTradingEquityInstruments" xlink:label="ifrs-gp_FinancialAssetsHeldForTradingEquityInstruments" />
    <definitionArc xlink:type="arc" xlink:arcrole="http://xbrl.org/int/dim/arcrole/all" xlink:from="ifrs-gp_FinancialAssetsHeldForTradingEquityInstruments" xlink:to="d-EqInstr_HcEquityInstrumentsHypercube" order="1" use="optional" xbrldt:targetRole="http://www.c-ebs.org/eu/fr/esrs/finrep/2008-01-01/role/HcEquityInstrumentsHypercube" xbrldt:contextElement="scenario" xbrldt:closed="true" />
    <loc xlink:type="locator" xlink:href="http://xbrl.iasb.org/int/fr/ifrs/gp/2006-08-15/ifrs-gp-2006-08-15.xsd#ifrs-gp_FinancialAssetsHeldForTradingLoansAndAdvances" xlink:label="ifrs-gp_FinancialAssetsHeldForTradingLoansAndAdvances" />
    <definitionArc xlink:type="arc" xlink:arcrole="http://xbrl.org/int/dim/arcrole/all" xlink:from="ifrs-gp_FinancialAssetsHeldForTradingLoansAndAdvances" xlink:to="d-Counterpts_HcCounterpartiesHypercube" order="1" use="optional" xbrldt:targetRole="http://www.c-ebs.org/eu/fr/esrs/finrep/2008-01-01/role/HcCounterpartiesHypercube" xbrldt:contextElement="scenario" xbrldt:closed="true" />
    <loc xlink:type="locator" xlink:href="http://xbrl.iasb.org/int/fr/ifrs/gp/2006-08-15/ifrs-gp-2006-08-15.xsd#ifrs-gp_FinancialAssetsHeldForTradingOtherDebtInstruments" xlink:label="ifrs-gp_FinancialAssetsHeldForTradingOtherDebtInstruments" />
    <definitionArc xlink:type="arc" xlink:arcrole="http://xbrl.org/int/dim/arcrole/all" xlink:from="ifrs-gp_FinancialAssetsHeldForTradingOtherDebtInstruments" xlink:to="d-Counterpts_HcCounterpartiesHypercube" order="1" use="optional" xbrldt:targetRole="http://www.c-ebs.org/eu/fr/esrs/finrep/2008-01-01/role/HcCounterpartiesHypercube" xbrldt:contextElement="scenario" xbrldt:closed="true" />
    <loc xlink:type="locator" xlink:href="p-FINREP-2008-01-01.xsd#p-FINREP_AvailableForSaleFinancialAssetsEquityInstruments" xlink:label="p-FINREP_AvailableForSaleFinancialAssetsEquityInstruments" />
    <definitionArc xlink:type="arc" xlink:arcrole="http://xbrl.org/int/dim/arcrole/all" xlink:from="p-FINREP_AvailableForSaleFinancialAssetsEquityInstruments" xlink:to="d-EqInstr_HcEquityInstrumentsHypercube" order="1" use="optional" xbrldt:targetRole="http://www.c-ebs.org/eu/fr/esrs/finrep/2008-01-01/role/HcEquityInstrumentsHypercube" xbrldt:contextElement="scenario" xbrldt:closed="true" />
    <loc xlink:type="locator" xlink:href="p-FINREP-2008-01-01.xsd#p-FINREP_HeldToMaturityInvestmentsDebtInstruments" xlink:label="p-FINREP_HeldToMaturityInvestmentsDebtInstruments" />
    <definitionArc xlink:type="arc" xlink:arcrole="http://xbrl.org/int/dim/arcrole/all" xlink:from="p-FINREP_HeldToMaturityInvestmentsDebtInstruments" xlink:to="d-Counterpts_HcCounterpartiesHypercube" order="2" use="optional" xbrldt:targetRole="http://www.c-ebs.org/eu/fr/esrs/finrep/2008-01-01/role/HcCounterpartiesHypercube" xbrldt:contextElement="scenario" xbrldt:closed="true" />
    <loc xlink:type="locator" xlink:href="p-FINREP-2008-01-01.xsd#p-FINREP_HeldToMaturityInvestmentsLoansAndAdvancesTotal" xlink:label="p-FINREP_HeldToMaturityInvestmentsLoansAndAdvancesTotal" />
    <definitionArc xlink:type="arc" xlink:arcrole="http://xbrl.org/int/dim/arcrole/all" xlink:from="p-FINREP_HeldToMaturityInvestmentsLoansAndAdvancesTotal" xlink:to="d-Counterpts_HcCounterpartiesHypercube" order="1" use="optional" xbrldt:targetRole="http://www.c-ebs.org/eu/fr/esrs/finrep/2008-01-01/role/HcCounterpartiesHypercube" xbrldt:contextElement="scenario" xbrldt:closed="true" />
    <loc xlink:type="locator" xlink:href="p-FINREP-2008-01-01.xsd#p-FINREP_LoansAndReceivablesDebtInstruments" xlink:label="p-FINREP_LoansAndReceivablesDebtInstruments" />
    <definitionArc xlink:type="arc" xlink:arcrole="http://xbrl.org/int/dim/arcrole/all" xlink:from="p-FINREP_LoansAndReceivablesDebtInstruments" xlink:to="d-Counterpts_HcCounterpartiesHypercube" order="1" use="optional" xbrldt:targetRole="http://www.c-ebs.org/eu/fr/esrs/finrep/2008-01-01/role/HcCounterpartiesHypercube" xbrldt:contextElement="scenario" xbrldt:closed="true" />
    <loc xlink:type="locator" xlink:href="p-FINREP-2008-01-01.xsd#p-FINREP_LoansAndReceivablesLoansAndAdvances" xlink:label="p-FINREP_LoansAndReceivablesLoansAndAdvances" />
    <definitionArc xlink:type="arc" xlink:arcrole="http://xbrl.org/int/dim/arcrole/all" xlink:from="p-FINREP_LoansAndReceivablesLoansAndAdvances" xlink:to="d-Counterpts_HcCounterpartiesHypercube" order="1" use="optional" xbrldt:targetRole="http://www.c-ebs.org/eu/fr/esrs/finrep/2008-01-01/role/HcCounterpartiesHypercube" xbrldt:contextElement="scenario" xbrldt:closed="true" />
  </definitionLink>
  <definitionLink xlink:type="extended" xlink:role="http://www.c-ebs.org/eu/fr/esrs/finrep/2008-01-01/role/ADimensionalItems">
    <loc xlink:type="locator" xlink:href="d-hh-2008-01-01.xsd#d-hh_AdimensionalItemsPlaceholder" xlink:label="d-hh_AdimensionalItemsPlaceholder" />
    <loc xlink:type="locator" xlink:href="http://xbrl.iasb.org/int/fr/ifrs/gp/2006-08-15/ifrs-gp-2006-08-15.xsd#ifrs-gp_BalanceSheetPresentation" xlink:label="ifrs-gp_BalanceSheetPresentation" />
    <definitionArc xlink:type="arc" xlink:arcrole="http://xbrl.org/int/dim/arcrole/domain-member" xlink:from="d-hh_AdimensionalItemsPlaceholder" xlink:to="ifrs-gp_BalanceSheetPresentation" order="1" use="optional" xbrldt:targetRole="http://www.c-ebs.org/eu/fr/esrs/finrep/2008-01-01/role/BalanceSheet" />
  </definitionLink>
</linkbase>
