<?xml version="1.0" encoding="UTF-8"?>
<?taxonomy-version 1.3.2?>
<!--Copyright (C) 2011 EBA - European Banking Authority, Tower 42, 25 Old Broad Street, London, EC2N 1HQ, United Kingdom.-->   
<linkbase xmlns="http://www.xbrl.org/2003/linkbase" xmlns:xlink="http://www.w3.org/1999/xlink" xmlns:xbrldt="http://xbrl.org/2005/xbrldt">
	<roleRef roleURI="http://www.c-ebs.org/eu/fr/esrs/finrep/2008-01-01/role/ProhibitedItems" xlink:type="simple" xlink:href="d-hh-2008-01-01.xsd#ProhibitedItems"/>
	<roleRef roleURI="http://www.c-ebs.org/eu/fr/esrs/finrep/2008-01-01/role/ADimensionalItems" xlink:type="simple" xlink:href="d-hh-2008-01-01.xsd#ADimensionalItems"/>
	<roleRef roleURI="http://www.c-ebs.org/eu/fr/esrs/finrep/2008-01-01/role/AnalysisOfEquity" xlink:type="simple" xlink:href="p-FINREP-2008-01-01-T38-AnalysisOfEquity.xsd#AnalysisOfEquity"/>
	<roleRef roleURI="http://www.c-ebs.org/eu/fr/esrs/finrep/2008-01-01/role/StatementOfRecognisedIncomeAndExpense" xlink:type="simple" xlink:href="p-FINREP-2008-01-01-T38-AnalysisOfEquity.xsd#StatementOfRecognisedIncomeAndExpense"/>
	<roleRef roleURI="http://www.c-ebs.org/eu/fr/esrs/finrep/2008-01-01/role/AnalysisOfEquityOtherThanIncomeAndExpenses" xlink:type="simple" xlink:href="p-FINREP-2008-01-01-T38-AnalysisOfEquity.xsd#AnalysisOfEquityOtherThanIncomeAndExpenses"/>
	<arcroleRef arcroleURI="http://xbrl.org/int/dim/arcrole/all" xlink:type="simple" xlink:href="http://www.xbrl.org/2005/xbrldt-2005.xsd#all"/>
	<arcroleRef arcroleURI="http://xbrl.org/int/dim/arcrole/notAll" xlink:type="simple" xlink:href="http://www.xbrl.org/2005/xbrldt-2005.xsd#notAll"/>
	<arcroleRef arcroleURI="http://xbrl.org/int/dim/arcrole/domain-member" xlink:type="simple" xlink:href="http://www.xbrl.org/2005/xbrldt-2005.xsd#domain-member"/>
	<arcroleRef arcroleURI="http://xbrl.org/int/dim/arcrole/hypercube-dimension" xlink:type="simple" xlink:href="http://www.xbrl.org/2005/xbrldt-2005.xsd#hypercube-dimension"/>
	<arcroleRef arcroleURI="http://xbrl.org/int/dim/arcrole/dimension-domain" xlink:type="simple" xlink:href="http://www.xbrl.org/2005/xbrldt-2005.xsd#dimension-domain"/>
	<arcroleRef arcroleURI="http://xbrl.org/int/dim/arcrole/dimension-default" xlink:type="simple" xlink:href="http://www.xbrl.org/2005/xbrldt-2005.xsd#dimension-default"/>
	<definitionLink xlink:type="extended" xlink:role="http://www.c-ebs.org/eu/fr/esrs/finrep/2008-01-01/role/ADimensionalItems">
		<loc xlink:type="locator" xlink:href="d-hh-2008-01-01.xsd#d-hh_AdimensionalItemsPlaceholder" xlink:label="d-hh_AdimensionalItemsPlaceholder"/>
		<loc xlink:type="locator" xlink:href="p-FINREP-2008-01-01.xsd#p-FINREP_AnalysisOfEquityPresentation" xlink:label="p-FINREP_AnalysisOfEquityPresentation"/>
		<definitionArc xlink:type="arc" xlink:arcrole="http://xbrl.org/int/dim/arcrole/domain-member" xlink:from="d-hh_AdimensionalItemsPlaceholder" xlink:to="p-FINREP_AnalysisOfEquityPresentation" use="optional" order="38.0" xbrldt:targetRole="http://www.c-ebs.org/eu/fr/esrs/finrep/2008-01-01/role/AnalysisOfEquity"/>
		<loc xlink:type="locator" xlink:href="p-FINREP-2008-01-01.xsd#p-FINREP_StatementOfRecognisedIncomeAndExpensePresentation" xlink:label="StatementOfRecognisedIncomeAndExpensePresentation" xlink:title="StatementOfRecognisedIncomeAndExpensePresentation"/>
		<definitionArc xlink:type="arc" xlink:arcrole="http://xbrl.org/int/dim/arcrole/domain-member" xlink:from="d-hh_AdimensionalItemsPlaceholder" xlink:to="StatementOfRecognisedIncomeAndExpensePresentation" xlink:title="definition: AdimensionalItemsPlaceholder to StatementOfRecognisedIncomeAndExpensePresentation" order="38.1" xbrldt:targetRole="http://www.c-ebs.org/eu/fr/esrs/finrep/2008-01-01/role/StatementOfRecognisedIncomeAndExpense"/>
		<loc xlink:type="locator" xlink:href="p-FINREP-2008-01-01.xsd#p-FINREP_StatementOfChangesInEquityOtherThanIncomeAndExpensesPresentation" xlink:label="StatementOfChangesInEquityOtherThanIncomeAndExpensesPresentation" xlink:title="StatementOfChangesInEquityOtherThanIncomeAndExpensesPresentation"/>
		<definitionArc xlink:type="arc" xlink:arcrole="http://xbrl.org/int/dim/arcrole/domain-member" xlink:from="d-hh_AdimensionalItemsPlaceholder" xlink:to="StatementOfChangesInEquityOtherThanIncomeAndExpensesPresentation" xlink:title="definition: AdimensionalItemsPlaceholder to StatementOfChangesInEquityOtherThanIncomeAndExpensesPresentation" order="38.2" xbrldt:targetRole="http://www.c-ebs.org/eu/fr/esrs/finrep/2008-01-01/role/AnalysisOfEquityOtherThanIncomeAndExpenses"/>
	</definitionLink>
</linkbase>
