<?xml version="1.0" encoding="utf-8"?>
<?taxonomy-version 1.3.2?>
<!--Copyright (C) 2011 EBA - European Banking Authority, Tower 42, 25 Old Broad Street, London, EC2N 1HQ, United Kingdom.-->   
<linkbase 
	xmlns="http://www.xbrl.org/2003/linkbase" 
	xmlns:xlink="http://www.w3.org/1999/xlink" 
	xmlns:xbrldt="http://xbrl.org/2005/xbrldt"> 
  <arcroleRef xlink:type="simple" xlink:href="http://www.xbrl.org/2005/xbrldt-2005.xsd#all" arcroleURI="http://xbrl.org/int/dim/arcrole/all" />
  <arcroleRef xlink:type="simple" xlink:href="http://www.xbrl.org/2005/xbrldt-2005.xsd#notAll" arcroleURI="http://xbrl.org/int/dim/arcrole/notAll" />
  <arcroleRef xlink:type="simple" xlink:href="http://www.xbrl.org/2005/xbrldt-2005.xsd#domain-member" arcroleURI="http://xbrl.org/int/dim/arcrole/domain-member" />
  <arcroleRef xlink:type="simple" xlink:href="http://www.xbrl.org/2005/xbrldt-2005.xsd#hypercube-dimension" arcroleURI="http://xbrl.org/int/dim/arcrole/hypercube-dimension" />
  <arcroleRef xlink:type="simple" xlink:href="http://www.xbrl.org/2005/xbrldt-2005.xsd#dimension-domain" arcroleURI="http://xbrl.org/int/dim/arcrole/dimension-domain" />
  <arcroleRef xlink:type="simple" xlink:href="http://www.xbrl.org/2005/xbrldt-2005.xsd#dimension-default" arcroleURI="http://xbrl.org/int/dim/arcrole/dimension-default" />
  <roleRef xlink:type="simple" xlink:href="d-hh-2008-01-01.xsd#ProhibitedItems" roleURI="http://www.c-ebs.org/eu/fr/esrs/finrep/2008-01-01/role/ProhibitedItems" />
  <roleRef xlink:type="simple" xlink:href="d-hh-2008-01-01.xsd#ADimensionalItems" roleURI="http://www.c-ebs.org/eu/fr/esrs/finrep/2008-01-01/role/ADimensionalItems" />
  <roleRef xlink:type="simple" xlink:href="p-FINREP-2008-01-01-T07-InformationOnImpairmentAndPDAssets.xsd#InformationOnImpairmentAndPDAssets" roleURI="http://www.c-ebs.org/eu/fr/esrs/finrep/2008-01-01/role/InformationOnImpairmentAndPDAssets" />
  <roleRef xlink:type="simple" xlink:href="d-Counterpts-2008-01-01.xsd#HcCounterpartiesHypercube" roleURI="http://www.c-ebs.org/eu/fr/esrs/finrep/2008-01-01/role/HcCounterpartiesHypercube" />
  <roleRef xlink:type="simple" xlink:href="d-PastDue-2008-01-01.xsd#HcPastDueHypercube" roleURI="http://www.c-ebs.org/eu/fr/esrs/finrep/2008-01-01/role/HcPastDueHypercube" />
  <roleRef xlink:type="simple" xlink:href="dc-PDCountpt-2008-01-01.xsd#HcPastDueAndCounterpartyBreakdownHypercube" roleURI="http://www.c-ebs.org/eu/fr/esrs/finrep/2008-01-01/role/HcPastDueAndCounterpartyBreakdownHypercube" />
  <roleRef xlink:type="simple" xlink:href="d-EqInstr-2008-01-01.xsd#HcEquityInstrumentsHypercube" roleURI="http://www.c-ebs.org/eu/fr/esrs/finrep/2008-01-01/role/HcEquityInstrumentsHypercube" />
  <definitionLink xlink:type="extended" xlink:role="http://www.c-ebs.org/eu/fr/esrs/finrep/2008-01-01/role/InformationOnImpairmentAndPDAssets">
    <loc xlink:type="locator" xlink:href="p-FINREP-2008-01-01.xsd#p-FINREP_FinancialAssetsDebtInstruments" xlink:label="p-FINREP_FinancialAssetsDebtInstruments" />
    <loc xlink:type="locator" xlink:href="dc-PDCountpt-2008-01-01.xsd#dc-PDCountpt_HcPastDueAndCounterpartyBreakdownHypercube" xlink:label="dc-PDCountpt_HcPastDueAndCounterpartyBreakdownHypercube" />
    <definitionArc xlink:type="arc" xlink:arcrole="http://xbrl.org/int/dim/arcrole/all" xlink:from="p-FINREP_FinancialAssetsDebtInstruments" xlink:to="dc-PDCountpt_HcPastDueAndCounterpartyBreakdownHypercube" order="1" use="optional" xbrldt:targetRole="http://www.c-ebs.org/eu/fr/esrs/finrep/2008-01-01/role/HcPastDueAndCounterpartyBreakdownHypercube" xbrldt:contextElement="scenario" xbrldt:closed="true" />
    <loc xlink:type="locator" xlink:href="p-FINREP-2008-01-01.xsd#p-FINREP_FinancialAssetsDebtInstrumentsCarryingAmountOfImpairedAsset" xlink:label="p-FINREP_FinancialAssetsDebtInstrumentsCarryingAmountOfImpairedAsset" />
    <loc xlink:type="locator" xlink:href="d-Counterpts-2008-01-01.xsd#d-Counterpts_HcCounterpartiesHypercube" xlink:label="d-Counterpts_HcCounterpartiesHypercube" />
    <definitionArc xlink:type="arc" xlink:arcrole="http://xbrl.org/int/dim/arcrole/all" xlink:from="p-FINREP_FinancialAssetsDebtInstrumentsCarryingAmountOfImpairedAsset" xlink:to="d-Counterpts_HcCounterpartiesHypercube" order="1" use="optional" xbrldt:targetRole="http://www.c-ebs.org/eu/fr/esrs/finrep/2008-01-01/role/HcCounterpartiesHypercube" xbrldt:contextElement="scenario" xbrldt:closed="true" />
    <loc xlink:type="locator" xlink:href="p-FINREP-2008-01-01.xsd#p-FINREP_FinancialAssetsDebtInstrumentsCollateralAndOtherCreditEnhancementsReceivedAsSecurityForRelatedImpairedAndPastDueAssets" xlink:label="p-FINREP_FinancialAssetsDebtInstrumentsCollateralAndOtherCreditEnhancementsReceivedAsSecurityForRelatedImpairedAndPastDueAssets" />
    <definitionArc xlink:type="arc" xlink:arcrole="http://xbrl.org/int/dim/arcrole/all" xlink:from="p-FINREP_FinancialAssetsDebtInstrumentsCollateralAndOtherCreditEnhancementsReceivedAsSecurityForRelatedImpairedAndPastDueAssets" xlink:to="d-Counterpts_HcCounterpartiesHypercube" order="1" use="optional" xbrldt:targetRole="http://www.c-ebs.org/eu/fr/esrs/finrep/2008-01-01/role/HcCounterpartiesHypercube" xbrldt:contextElement="scenario" xbrldt:closed="true" />
    <loc xlink:type="locator" xlink:href="p-FINREP-2008-01-01.xsd#p-FINREP_FinancialAssetsDebtInstrumentsSpecificAllowancesForCollectivelyAssessedFinancialAssets" xlink:label="p-FINREP_FinancialAssetsDebtInstrumentsSpecificAllowancesForCollectivelyAssessedFinancialAssets" />
    <definitionArc xlink:type="arc" xlink:arcrole="http://xbrl.org/int/dim/arcrole/all" xlink:from="p-FINREP_FinancialAssetsDebtInstrumentsSpecificAllowancesForCollectivelyAssessedFinancialAssets" xlink:to="d-Counterpts_HcCounterpartiesHypercube" order="1" use="optional" xbrldt:targetRole="http://www.c-ebs.org/eu/fr/esrs/finrep/2008-01-01/role/HcCounterpartiesHypercube" xbrldt:contextElement="scenario" xbrldt:closed="true" />
    <loc xlink:type="locator" xlink:href="p-FINREP-2008-01-01.xsd#p-FINREP_FinancialAssetsDebtInstrumentsSpecificAllowancesForIndividuallyAssessedFinancialAssets" xlink:label="p-FINREP_FinancialAssetsDebtInstrumentsSpecificAllowancesForIndividuallyAssessedFinancialAssets" />
    <definitionArc xlink:type="arc" xlink:arcrole="http://xbrl.org/int/dim/arcrole/all" xlink:from="p-FINREP_FinancialAssetsDebtInstrumentsSpecificAllowancesForIndividuallyAssessedFinancialAssets" xlink:to="d-Counterpts_HcCounterpartiesHypercube" order="1" use="optional" xbrldt:targetRole="http://www.c-ebs.org/eu/fr/esrs/finrep/2008-01-01/role/HcCounterpartiesHypercube" xbrldt:contextElement="scenario" xbrldt:closed="true" />
    <loc xlink:type="locator" xlink:href="p-FINREP-2008-01-01.xsd#p-FINREP_FinancialAssetsLoansAndAdvances" xlink:label="p-FINREP_FinancialAssetsLoansAndAdvances" />
    <definitionArc xlink:type="arc" xlink:arcrole="http://xbrl.org/int/dim/arcrole/all" xlink:from="p-FINREP_FinancialAssetsLoansAndAdvances" xlink:to="dc-PDCountpt_HcPastDueAndCounterpartyBreakdownHypercube" order="1" use="optional" xbrldt:targetRole="http://www.c-ebs.org/eu/fr/esrs/finrep/2008-01-01/role/HcPastDueAndCounterpartyBreakdownHypercube" xbrldt:contextElement="scenario" xbrldt:closed="true" />
    <loc xlink:type="locator" xlink:href="p-FINREP-2008-01-01.xsd#p-FINREP_FinancialAssetsLoansAndAdvancesCarryingAmountOfTheImpairedAsset" xlink:label="p-FINREP_FinancialAssetsLoansAndAdvancesCarryingAmountOfTheImpairedAsset" />
    <definitionArc xlink:type="arc" xlink:arcrole="http://xbrl.org/int/dim/arcrole/all" xlink:from="p-FINREP_FinancialAssetsLoansAndAdvancesCarryingAmountOfTheImpairedAsset" xlink:to="d-Counterpts_HcCounterpartiesHypercube" order="1" use="optional" xbrldt:targetRole="http://www.c-ebs.org/eu/fr/esrs/finrep/2008-01-01/role/HcCounterpartiesHypercube" xbrldt:contextElement="scenario" xbrldt:closed="true" />
    <loc xlink:type="locator" xlink:href="p-FINREP-2008-01-01.xsd#p-FINREP_FinancialAssetsLoansAndAdvancesCollateralAndOtherCreditEnhancementsReceivedAsSecurityForTheRelatedImpairedAndPastDueAssets" xlink:label="p-FINREP_FinancialAssetsLoansAndAdvancesCollateralAndOtherCreditEnhancementsReceivedAsSecurityForTheRelatedImpairedAndPastDueAssets" />
    <definitionArc xlink:type="arc" xlink:arcrole="http://xbrl.org/int/dim/arcrole/all" xlink:from="p-FINREP_FinancialAssetsLoansAndAdvancesCollateralAndOtherCreditEnhancementsReceivedAsSecurityForTheRelatedImpairedAndPastDueAssets" xlink:to="d-Counterpts_HcCounterpartiesHypercube" order="1" use="optional" xbrldt:targetRole="http://www.c-ebs.org/eu/fr/esrs/finrep/2008-01-01/role/HcCounterpartiesHypercube" xbrldt:contextElement="scenario" xbrldt:closed="true" />
    <loc xlink:type="locator" xlink:href="p-FINREP-2008-01-01.xsd#p-FINREP_FinancialAssetsLoansAndAdvancesSpecificAllowancesForCollectivelyAssessedFinancialAssets" xlink:label="p-FINREP_FinancialAssetsLoansAndAdvancesSpecificAllowancesForCollectivelyAssessedFinancialAssets" />
    <definitionArc xlink:type="arc" xlink:arcrole="http://xbrl.org/int/dim/arcrole/all" xlink:from="p-FINREP_FinancialAssetsLoansAndAdvancesSpecificAllowancesForCollectivelyAssessedFinancialAssets" xlink:to="d-Counterpts_HcCounterpartiesHypercube" order="1" use="optional" xbrldt:targetRole="http://www.c-ebs.org/eu/fr/esrs/finrep/2008-01-01/role/HcCounterpartiesHypercube" xbrldt:contextElement="scenario" xbrldt:closed="true" />
    <loc xlink:type="locator" xlink:href="p-FINREP-2008-01-01.xsd#p-FINREP_FinancialAssetsLoansAndAdvancesSpecificAllowancesForIndividuallyAssessedFinancialAssets" xlink:label="p-FINREP_FinancialAssetsLoansAndAdvancesSpecificAllowancesForIndividuallyAssessedFinancialAssets" />
    <definitionArc xlink:type="arc" xlink:arcrole="http://xbrl.org/int/dim/arcrole/all" xlink:from="p-FINREP_FinancialAssetsLoansAndAdvancesSpecificAllowancesForIndividuallyAssessedFinancialAssets" xlink:to="d-Counterpts_HcCounterpartiesHypercube" order="1" use="optional" xbrldt:targetRole="http://www.c-ebs.org/eu/fr/esrs/finrep/2008-01-01/role/HcCounterpartiesHypercube" xbrldt:contextElement="scenario" xbrldt:closed="true" />
    <loc xlink:type="locator" xlink:href="p-FINREP-2008-01-01.xsd#p-FINREP_FinancialAssetsOther" xlink:label="p-FINREP_FinancialAssetsOther" />
    <loc xlink:type="locator" xlink:href="d-PastDue-2008-01-01.xsd#d-PastDue_HcPastDueHypercube" xlink:label="d-PastDue_HcPastDueHypercube" />
    <definitionArc xlink:type="arc" xlink:arcrole="http://xbrl.org/int/dim/arcrole/all" xlink:from="p-FINREP_FinancialAssetsOther" xlink:to="d-PastDue_HcPastDueHypercube" order="1" use="optional" xbrldt:targetRole="http://www.c-ebs.org/eu/fr/esrs/finrep/2008-01-01/role/HcPastDueHypercube" xbrldt:contextElement="scenario" xbrldt:closed="true" />
    <loc xlink:type="locator" xlink:href="p-FINREP-2008-01-01.xsd#p-FINREP_FinancialAssetsTotal" xlink:label="p-FINREP_FinancialAssetsTotal" />
    <definitionArc xlink:type="arc" xlink:arcrole="http://xbrl.org/int/dim/arcrole/all" xlink:from="p-FINREP_FinancialAssetsTotal" xlink:to="d-PastDue_HcPastDueHypercube" order="1" use="optional" xbrldt:targetRole="http://www.c-ebs.org/eu/fr/esrs/finrep/2008-01-01/role/HcPastDueHypercube" xbrldt:contextElement="scenario" xbrldt:closed="true" />
    <loc xlink:type="locator" xlink:href="p-FINREP-2008-01-01.xsd#p-FINREP_ImpairedAndPastDueFinancialAssetsEquityInstrumentsPresentation" xlink:label="p-FINREP_ImpairedAndPastDueFinancialAssetsEquityInstrumentsPresentation" />
    <loc xlink:type="locator" xlink:href="d-EqInstr-2008-01-01.xsd#d-EqInstr_HcEquityInstrumentsHypercube" xlink:label="d-EqInstr_HcEquityInstrumentsHypercube" />
    <definitionArc xlink:type="arc" xlink:arcrole="http://xbrl.org/int/dim/arcrole/all" xlink:from="p-FINREP_ImpairedAndPastDueFinancialAssetsEquityInstrumentsPresentation" xlink:to="d-EqInstr_HcEquityInstrumentsHypercube" order="5" use="optional" xbrldt:targetRole="http://www.c-ebs.org/eu/fr/esrs/finrep/2008-01-01/role/HcEquityInstrumentsHypercube" xbrldt:contextElement="scenario" xbrldt:closed="true" />
  </definitionLink>
  <definitionLink xlink:type="extended" xlink:role="http://www.c-ebs.org/eu/fr/esrs/finrep/2008-01-01/role/ADimensionalItems">
    <loc xlink:type="locator" xlink:href="d-hh-2008-01-01.xsd#d-hh_AdimensionalItemsPlaceholder" xlink:label="d-hh_AdimensionalItemsPlaceholder" />
    <loc xlink:type="locator" xlink:href="p-FINREP-2008-01-01.xsd#p-FINREP_InformationOnImpairmentAndPastDueAssetsPresentation" xlink:label="p-FINREP_InformationOnImpairmentAndPastDueAssetsPresentation" />
    <definitionArc xlink:type="arc" xlink:arcrole="http://xbrl.org/int/dim/arcrole/domain-member" xlink:from="d-hh_AdimensionalItemsPlaceholder" xlink:to="p-FINREP_InformationOnImpairmentAndPastDueAssetsPresentation" order="7" use="optional" xbrldt:targetRole="http://www.c-ebs.org/eu/fr/esrs/finrep/2008-01-01/role/InformationOnImpairmentAndPDAssets" />
  </definitionLink>
</linkbase>
