<?xml version="1.0" encoding="utf-8"?>
<?taxonomy-version 1.3.2?>
<!--Copyright (C) 2011 EBA - European Banking Authority, Tower 42, 25 Old Broad Street, London, EC2N 1HQ, United Kingdom.-->   
<linkbase 
	xmlns="http://www.xbrl.org/2003/linkbase" 
	xmlns:xlink="http://www.w3.org/1999/xlink" 
	xmlns:xbrldt="http://xbrl.org/2005/xbrldt"> 
  <arcroleRef xlink:type="simple" xlink:href="http://www.xbrl.org/2005/xbrldt-2005.xsd#all" arcroleURI="http://xbrl.org/int/dim/arcrole/all" />
  <arcroleRef xlink:type="simple" xlink:href="http://www.xbrl.org/2005/xbrldt-2005.xsd#notAll" arcroleURI="http://xbrl.org/int/dim/arcrole/notAll" />
  <arcroleRef xlink:type="simple" xlink:href="http://www.xbrl.org/2005/xbrldt-2005.xsd#domain-member" arcroleURI="http://xbrl.org/int/dim/arcrole/domain-member" />
  <arcroleRef xlink:type="simple" xlink:href="http://www.xbrl.org/2005/xbrldt-2005.xsd#hypercube-dimension" arcroleURI="http://xbrl.org/int/dim/arcrole/hypercube-dimension" />
  <arcroleRef xlink:type="simple" xlink:href="http://www.xbrl.org/2005/xbrldt-2005.xsd#dimension-domain" arcroleURI="http://xbrl.org/int/dim/arcrole/dimension-domain" />
  <arcroleRef xlink:type="simple" xlink:href="http://www.xbrl.org/2005/xbrldt-2005.xsd#dimension-default" arcroleURI="http://xbrl.org/int/dim/arcrole/dimension-default" />
  <roleRef xlink:type="simple" xlink:href="d-hh-2008-01-01.xsd#ProhibitedItems" roleURI="http://www.c-ebs.org/eu/fr/esrs/finrep/2008-01-01/role/ProhibitedItems" />
  <roleRef xlink:type="simple" xlink:href="p-FINREP-2008-01-01-T09-PropertyPlantAndEquipment.xsd#PropertyPlantAndEquipment" roleURI="http://www.c-ebs.org/eu/fr/esrs/finrep/2008-01-01/role/PropertyPlantAndEquipment" />
  <roleRef xlink:type="simple" xlink:href="d-ValModel-2008-01-01.xsd#HcExcludedValuationModelExcludingTotalHypercube" roleURI="http://www.c-ebs.org/eu/fr/esrs/finrep/2008-01-01/role/HcExcludedValuationModelExcludingTotalHypercube" />
  <roleRef xlink:type="simple" xlink:href="d-ValModel-2008-01-01.xsd#HcExcludedValuationModelExcludingCostHypercube" roleURI="http://www.c-ebs.org/eu/fr/esrs/finrep/2008-01-01/role/HcExcludedValuationModelExcludingCostHypercube" />
  <roleRef xlink:type="simple" xlink:href="d-ValModel-2008-01-01.xsd#HcValuationModelHypercube" roleURI="http://www.c-ebs.org/eu/fr/esrs/finrep/2008-01-01/role/HcValuationModelHypercube" />
  <roleRef xlink:type="simple" xlink:href="d-ValModel-2008-01-01.xsd#HcExcludedValuationModelExcludingFairValueHypercube" roleURI="http://www.c-ebs.org/eu/fr/esrs/finrep/2008-01-01/role/HcExcludedValuationModelExcludingFairValueHypercube" />
  <definitionLink xlink:type="extended" xlink:role="http://www.c-ebs.org/eu/fr/esrs/finrep/2008-01-01/role/PropertyPlantAndEquipment">
    <loc xlink:type="locator" xlink:href="http://xbrl.iasb.org/int/fr/ifrs/gp/2006-08-15/ifrs-gp-2006-08-15.xsd#ifrs-gp_PropertyPlantAndEquipmentUnderFinanceLeasesNetTotal" xlink:label="ifrs-gp_PropertyPlantAndEquipmentUnderFinanceLeasesNetTotal" />
    <loc xlink:type="locator" xlink:href="d-ValModel-2008-01-01.xsd#d-ValModel_HcExcludedValuationModelExcludingTotalHypercube" xlink:label="t-FINREP_HcExcludedValuationModelExcludingTotalHypercube" />
    <definitionArc xlink:type="arc" xlink:arcrole="http://xbrl.org/int/dim/arcrole/notAll" xlink:from="ifrs-gp_PropertyPlantAndEquipmentUnderFinanceLeasesNetTotal" xlink:to="t-FINREP_HcExcludedValuationModelExcludingTotalHypercube" order="1" use="optional" xbrldt:targetRole="http://www.c-ebs.org/eu/fr/esrs/finrep/2008-01-01/role/HcExcludedValuationModelExcludingTotalHypercube" xbrldt:contextElement="scenario" />
    <loc xlink:type="locator" xlink:href="p-FINREP-2008-01-01.xsd#p-FINREP_ChangesInPropertyPlantAndEquipmentTotalPresentation" xlink:label="p-FINREP_ChangesInPropertyPlantAndEquipmentTotalPresentation" />
    <definitionArc xlink:type="arc" xlink:arcrole="http://xbrl.org/int/dim/arcrole/notAll" xlink:from="p-FINREP_ChangesInPropertyPlantAndEquipmentTotalPresentation" xlink:to="t-FINREP_HcExcludedValuationModelExcludingTotalHypercube" order="13" use="optional" xbrldt:targetRole="http://www.c-ebs.org/eu/fr/esrs/finrep/2008-01-01/role/HcExcludedValuationModelExcludingTotalHypercube" xbrldt:contextElement="scenario" />
    <loc xlink:type="locator" xlink:href="p-FINREP-2008-01-01.xsd#p-FINREP_ImpairmentLossRecognisedOrReversedInEquityITEquipment" xlink:label="p-FINREP_ImpairmentLossRecognisedOrReversedInEquityITEquipment" />
    <loc xlink:type="locator" xlink:href="d-ValModel-2008-01-01.xsd#d-ValModel_HcExcludedValuationModelExcludingCostHypercube" xlink:label="t-FINREP_HcExcludedValuationModelExcludingCostHypercube" />
    <definitionArc xlink:type="arc" xlink:arcrole="http://xbrl.org/int/dim/arcrole/notAll" xlink:from="p-FINREP_ImpairmentLossRecognisedOrReversedInEquityITEquipment" xlink:to="t-FINREP_HcExcludedValuationModelExcludingCostHypercube" order="1" use="optional" xbrldt:targetRole="http://www.c-ebs.org/eu/fr/esrs/finrep/2008-01-01/role/HcExcludedValuationModelExcludingCostHypercube" xbrldt:contextElement="scenario" />
    <loc xlink:type="locator" xlink:href="p-FINREP-2008-01-01.xsd#p-FINREP_ImpairmentLossRecognisedOrReversedInEquityOfficeEquipment" xlink:label="p-FINREP_ImpairmentLossRecognisedOrReversedInEquityOfficeEquipment" />
    <definitionArc xlink:type="arc" xlink:arcrole="http://xbrl.org/int/dim/arcrole/notAll" xlink:from="p-FINREP_ImpairmentLossRecognisedOrReversedInEquityOfficeEquipment" xlink:to="t-FINREP_HcExcludedValuationModelExcludingCostHypercube" order="1" use="optional" xbrldt:targetRole="http://www.c-ebs.org/eu/fr/esrs/finrep/2008-01-01/role/HcExcludedValuationModelExcludingCostHypercube" xbrldt:contextElement="scenario" />
    <loc xlink:type="locator" xlink:href="p-FINREP-2008-01-01.xsd#p-FINREP_ImpairmentLossRecognisedOrReversedInEquityOtherPropertyPlantAndEquipment" xlink:label="p-FINREP_ImpairmentLossRecognisedOrReversedInEquityOtherPropertyPlantAndEquipment" />
    <definitionArc xlink:type="arc" xlink:arcrole="http://xbrl.org/int/dim/arcrole/notAll" xlink:from="p-FINREP_ImpairmentLossRecognisedOrReversedInEquityOtherPropertyPlantAndEquipment" xlink:to="t-FINREP_HcExcludedValuationModelExcludingCostHypercube" order="1" use="optional" xbrldt:targetRole="http://www.c-ebs.org/eu/fr/esrs/finrep/2008-01-01/role/HcExcludedValuationModelExcludingCostHypercube" xbrldt:contextElement="scenario" />
    <loc xlink:type="locator" xlink:href="p-FINREP-2008-01-01.xsd#p-FINREP_ImpairmentLossRecognisedOrReversedInEquityOwnerOccupiedLandAndBuildings" xlink:label="p-FINREP_ImpairmentLossRecognisedOrReversedInEquityOwnerOccupiedLandAndBuildings" />
    <definitionArc xlink:type="arc" xlink:arcrole="http://xbrl.org/int/dim/arcrole/notAll" xlink:from="p-FINREP_ImpairmentLossRecognisedOrReversedInEquityOwnerOccupiedLandAndBuildings" xlink:to="t-FINREP_HcExcludedValuationModelExcludingCostHypercube" order="1" use="optional" xbrldt:targetRole="http://www.c-ebs.org/eu/fr/esrs/finrep/2008-01-01/role/HcExcludedValuationModelExcludingCostHypercube" xbrldt:contextElement="scenario" />
    <loc xlink:type="locator" xlink:href="p-FINREP-2008-01-01.xsd#p-FINREP_ImpairmentLossRecognisedOrReversedInEquityPropertyPlantAndEquipmentTotal" xlink:label="p-FINREP_ImpairmentLossRecognisedOrReversedInEquityPropertyPlantAndEquipmentTotal" />
    <definitionArc xlink:type="arc" xlink:arcrole="http://xbrl.org/int/dim/arcrole/notAll" xlink:from="p-FINREP_ImpairmentLossRecognisedOrReversedInEquityPropertyPlantAndEquipmentTotal" xlink:to="t-FINREP_HcExcludedValuationModelExcludingCostHypercube" order="1" use="optional" xbrldt:targetRole="http://www.c-ebs.org/eu/fr/esrs/finrep/2008-01-01/role/HcExcludedValuationModelExcludingCostHypercube" xbrldt:contextElement="scenario" />
    <loc xlink:type="locator" xlink:href="p-FINREP-2008-01-01.xsd#p-FINREP_PropertyPlantAndEquipmentAccumulatedDepreciationTotal" xlink:label="p-FINREP_PropertyPlantAndEquipmentAccumulatedDepreciationTotal" />
    <definitionArc xlink:type="arc" xlink:arcrole="http://xbrl.org/int/dim/arcrole/notAll" xlink:from="p-FINREP_PropertyPlantAndEquipmentAccumulatedDepreciationTotal" xlink:to="t-FINREP_HcExcludedValuationModelExcludingTotalHypercube" order="1" use="optional" xbrldt:targetRole="http://www.c-ebs.org/eu/fr/esrs/finrep/2008-01-01/role/HcExcludedValuationModelExcludingTotalHypercube" xbrldt:contextElement="scenario" />
    <loc xlink:type="locator" xlink:href="p-FINREP-2008-01-01.xsd#p-FINREP_PropertyPlantAndEquipmentITEquipmentPresentation" xlink:label="p-FINREP_PropertyPlantAndEquipmentITEquipmentPresentation" />
    <definitionArc xlink:type="arc" xlink:arcrole="http://xbrl.org/int/dim/arcrole/notAll" xlink:from="p-FINREP_PropertyPlantAndEquipmentITEquipmentPresentation" xlink:to="t-FINREP_HcExcludedValuationModelExcludingTotalHypercube" order="6" use="optional" xbrldt:targetRole="http://www.c-ebs.org/eu/fr/esrs/finrep/2008-01-01/role/HcExcludedValuationModelExcludingTotalHypercube" xbrldt:contextElement="scenario" />
    <loc xlink:type="locator" xlink:href="p-FINREP-2008-01-01.xsd#p-FINREP_PropertyPlantAndEquipmentOfficeEquipmentPresentation" xlink:label="p-FINREP_PropertyPlantAndEquipmentOfficeEquipmentPresentation" />
    <definitionArc xlink:type="arc" xlink:arcrole="http://xbrl.org/int/dim/arcrole/notAll" xlink:from="p-FINREP_PropertyPlantAndEquipmentOfficeEquipmentPresentation" xlink:to="t-FINREP_HcExcludedValuationModelExcludingTotalHypercube" order="7" use="optional" xbrldt:targetRole="http://www.c-ebs.org/eu/fr/esrs/finrep/2008-01-01/role/HcExcludedValuationModelExcludingTotalHypercube" xbrldt:contextElement="scenario" />
    <loc xlink:type="locator" xlink:href="p-FINREP-2008-01-01.xsd#p-FINREP_PropertyPlantAndEquipmentOtherPropertyPlantAndEquipmentIncludingCarsPresentation" xlink:label="p-FINREP_PropertyPlantAndEquipmentOtherPropertyPlantAndEquipmentIncludingCarsPresentation" />
    <definitionArc xlink:type="arc" xlink:arcrole="http://xbrl.org/int/dim/arcrole/notAll" xlink:from="p-FINREP_PropertyPlantAndEquipmentOtherPropertyPlantAndEquipmentIncludingCarsPresentation" xlink:to="t-FINREP_HcExcludedValuationModelExcludingTotalHypercube" order="7" use="optional" xbrldt:targetRole="http://www.c-ebs.org/eu/fr/esrs/finrep/2008-01-01/role/HcExcludedValuationModelExcludingTotalHypercube" xbrldt:contextElement="scenario" />
    <loc xlink:type="locator" xlink:href="p-FINREP-2008-01-01.xsd#p-FINREP_PropertyPlantAndEquipmentOwnerOccupiedLandBuildingsPresentation" xlink:label="p-FINREP_PropertyPlantAndEquipmentOwnerOccupiedLandBuildingsPresentation" />
    <definitionArc xlink:type="arc" xlink:arcrole="http://xbrl.org/int/dim/arcrole/notAll" xlink:from="p-FINREP_PropertyPlantAndEquipmentOwnerOccupiedLandBuildingsPresentation" xlink:to="t-FINREP_HcExcludedValuationModelExcludingTotalHypercube" order="6" use="optional" xbrldt:targetRole="http://www.c-ebs.org/eu/fr/esrs/finrep/2008-01-01/role/HcExcludedValuationModelExcludingTotalHypercube" xbrldt:contextElement="scenario" />
    <loc xlink:type="locator" xlink:href="p-FINREP-2008-01-01.xsd#p-FINREP_PropertyPlantAndEquipmentPresentation" xlink:label="p-FINREP_PropertyPlantAndEquipmentPresentation" />
    <loc xlink:type="locator" xlink:href="d-ValModel-2008-01-01.xsd#d-ValModel_HcValuationModelHypercube" xlink:label="t-FINREP_HcValuationModelHypercube" />
    <definitionArc xlink:type="arc" xlink:arcrole="http://xbrl.org/int/dim/arcrole/all" xlink:from="p-FINREP_PropertyPlantAndEquipmentPresentation" xlink:to="t-FINREP_HcValuationModelHypercube" order="6" use="optional" xbrldt:targetRole="http://www.c-ebs.org/eu/fr/esrs/finrep/2008-01-01/role/HcValuationModelHypercube" xbrldt:contextElement="scenario" xbrldt:closed="true" />
    <loc xlink:type="locator" xlink:href="p-FINREP-2008-01-01.xsd#p-FINREP_PropertyPlantAndEquipmentUnderOperatingLeasesNet" xlink:label="p-FINREP_PropertyPlantAndEquipmentUnderOperatingLeasesNet" />
    <definitionArc xlink:type="arc" xlink:arcrole="http://xbrl.org/int/dim/arcrole/notAll" xlink:from="p-FINREP_PropertyPlantAndEquipmentUnderOperatingLeasesNet" xlink:to="t-FINREP_HcExcludedValuationModelExcludingTotalHypercube" order="1" use="optional" xbrldt:targetRole="http://www.c-ebs.org/eu/fr/esrs/finrep/2008-01-01/role/HcExcludedValuationModelExcludingTotalHypercube" xbrldt:contextElement="scenario" />
    <loc xlink:type="locator" xlink:href="p-FINREP-2008-01-01.xsd#p-FINREP_RevaluationIncreasesDecreasesITEquipment" xlink:label="p-FINREP_RevaluationIncreasesDecreasesITEquipment" />
    <definitionArc xlink:type="arc" xlink:arcrole="http://xbrl.org/int/dim/arcrole/notAll" xlink:from="p-FINREP_RevaluationIncreasesDecreasesITEquipment" xlink:to="t-FINREP_HcExcludedValuationModelExcludingCostHypercube" order="1" use="optional" xbrldt:targetRole="http://www.c-ebs.org/eu/fr/esrs/finrep/2008-01-01/role/HcExcludedValuationModelExcludingCostHypercube" xbrldt:contextElement="scenario" />
    <loc xlink:type="locator" xlink:href="p-FINREP-2008-01-01.xsd#p-FINREP_RevaluationIncreasesDecreasesOfficeEquipment" xlink:label="p-FINREP_RevaluationIncreasesDecreasesOfficeEquipment" />
    <definitionArc xlink:type="arc" xlink:arcrole="http://xbrl.org/int/dim/arcrole/notAll" xlink:from="p-FINREP_RevaluationIncreasesDecreasesOfficeEquipment" xlink:to="t-FINREP_HcExcludedValuationModelExcludingCostHypercube" order="1" use="optional" xbrldt:targetRole="http://www.c-ebs.org/eu/fr/esrs/finrep/2008-01-01/role/HcExcludedValuationModelExcludingCostHypercube" xbrldt:contextElement="scenario" />
    <loc xlink:type="locator" xlink:href="p-FINREP-2008-01-01.xsd#p-FINREP_RevaluationIncreasesDecreasesOtherPropertyPlantAndEquipment" xlink:label="p-FINREP_RevaluationIncreasesDecreasesOtherPropertyPlantAndEquipment" />
    <definitionArc xlink:type="arc" xlink:arcrole="http://xbrl.org/int/dim/arcrole/notAll" xlink:from="p-FINREP_RevaluationIncreasesDecreasesOtherPropertyPlantAndEquipment" xlink:to="t-FINREP_HcExcludedValuationModelExcludingCostHypercube" order="1" use="optional" xbrldt:targetRole="http://www.c-ebs.org/eu/fr/esrs/finrep/2008-01-01/role/HcExcludedValuationModelExcludingCostHypercube" xbrldt:contextElement="scenario" />
    <loc xlink:type="locator" xlink:href="p-FINREP-2008-01-01.xsd#p-FINREP_RevaluationIncreasesDecreasesOwnerOccupiedLandAndBuildings" xlink:label="p-FINREP_RevaluationIncreasesDecreasesOwnerOccupiedLandAndBuildings" />
    <definitionArc xlink:type="arc" xlink:arcrole="http://xbrl.org/int/dim/arcrole/notAll" xlink:from="p-FINREP_RevaluationIncreasesDecreasesOwnerOccupiedLandAndBuildings" xlink:to="t-FINREP_HcExcludedValuationModelExcludingCostHypercube" order="1" use="optional" xbrldt:targetRole="http://www.c-ebs.org/eu/fr/esrs/finrep/2008-01-01/role/HcExcludedValuationModelExcludingCostHypercube" xbrldt:contextElement="scenario" />
    <loc xlink:type="locator" xlink:href="p-FINREP-2008-01-01.xsd#p-FINREP_RevaluationIncreasesDecreasesPropertyPlantAndEquipmentTotal" xlink:label="p-FINREP_RevaluationIncreasesDecreasesPropertyPlantAndEquipmentTotal" />
    <definitionArc xlink:type="arc" xlink:arcrole="http://xbrl.org/int/dim/arcrole/notAll" xlink:from="p-FINREP_RevaluationIncreasesDecreasesPropertyPlantAndEquipmentTotal" xlink:to="t-FINREP_HcExcludedValuationModelExcludingCostHypercube" order="1" use="optional" xbrldt:targetRole="http://www.c-ebs.org/eu/fr/esrs/finrep/2008-01-01/role/HcExcludedValuationModelExcludingCostHypercube" xbrldt:contextElement="scenario" />
  </definitionLink>
</linkbase>
