<?xml version="1.0" encoding="utf-8"?>
<?taxonomy-version 1.3.2?>
<!--Copyright (C) 2011 EBA - European Banking Authority, Tower 42, 25 Old Broad Street, London, EC2N 1HQ, United Kingdom.-->   
<linkbase 
	xmlns="http://www.xbrl.org/2003/linkbase" 
	xmlns:xlink="http://www.w3.org/1999/xlink"> 
  <roleRef xlink:type="simple" xlink:href="p-FINREP-2008-01-01-T01-BalanceSheet.xsd#BalanceSheet" roleURI="http://www.c-ebs.org/eu/fr/esrs/finrep/2008-01-01/role/BalanceSheet" />
  <calculationLink xlink:type="extended" xlink:role="http://www.c-ebs.org/eu/fr/esrs/finrep/2008-01-01/role/BalanceSheet">
    <loc xlink:type="locator" xlink:href="http://xbrl.iasb.org/int/fr/ifrs/gp/2006-08-15/ifrs-gp-2006-08-15.xsd#ifrs-gp_IntangibleAssetsNet" xlink:label="ifrs-gp_IntangibleAssetsNet" />
    <loc xlink:type="locator" xlink:href="http://xbrl.iasb.org/int/fr/ifrs/gp/2006-08-15/ifrs-gp-2006-08-15.xsd#ifrs-gp_GoodwillNet" xlink:label="ifrs-gp_GoodwillNet" />
    <calculationArc xlink:type="arc" xlink:arcrole="http://www.xbrl.org/2003/arcrole/summation-item" xlink:from="ifrs-gp_IntangibleAssetsNet" xlink:to="ifrs-gp_GoodwillNet" order="1" weight="1" priority="1" use="prohibited" />
    <loc xlink:type="locator" xlink:href="http://xbrl.iasb.org/int/fr/ifrs/gp/2006-08-15/ifrs-gp-2006-08-15.xsd#ifrs-gp_IdentifiableIntangibleAssetsNet" xlink:label="ifrs-gp_IdentifiableIntangibleAssetsNet" />
    <calculationArc xlink:type="arc" xlink:arcrole="http://www.xbrl.org/2003/arcrole/summation-item" xlink:from="ifrs-gp_IntangibleAssetsNet" xlink:to="ifrs-gp_IdentifiableIntangibleAssetsNet" order="2" weight="1" priority="1" use="prohibited" />
  </calculationLink>
</linkbase>