<?xml version="1.0" encoding="utf-8"?>
<?taxonomy-version 1.3.2?>
<!--Copyright (C) 2011 EBA - European Banking Authority, Tower 42, 25 Old Broad Street, London, EC2N 1HQ, United Kingdom.-->   
<linkbase 
	xmlns="http://www.xbrl.org/2003/linkbase" 
	xmlns:xlink="http://www.w3.org/1999/xlink" 
	xmlns:xbrldt="http://xbrl.org/2005/xbrldt"> 
  <arcroleRef xlink:type="simple" xlink:href="http://www.xbrl.org/2005/xbrldt-2005.xsd#all" arcroleURI="http://xbrl.org/int/dim/arcrole/all" />
  <arcroleRef xlink:type="simple" xlink:href="http://www.xbrl.org/2005/xbrldt-2005.xsd#notAll" arcroleURI="http://xbrl.org/int/dim/arcrole/notAll" />
  <arcroleRef xlink:type="simple" xlink:href="http://www.xbrl.org/2005/xbrldt-2005.xsd#domain-member" arcroleURI="http://xbrl.org/int/dim/arcrole/domain-member" />
  <arcroleRef xlink:type="simple" xlink:href="http://www.xbrl.org/2005/xbrldt-2005.xsd#hypercube-dimension" arcroleURI="http://xbrl.org/int/dim/arcrole/hypercube-dimension" />
  <arcroleRef xlink:type="simple" xlink:href="http://www.xbrl.org/2005/xbrldt-2005.xsd#dimension-domain" arcroleURI="http://xbrl.org/int/dim/arcrole/dimension-domain" />
  <arcroleRef xlink:type="simple" xlink:href="http://www.xbrl.org/2005/xbrldt-2005.xsd#dimension-default" arcroleURI="http://xbrl.org/int/dim/arcrole/dimension-default" />
  <roleRef xlink:type="simple" xlink:href="d-hh-2008-01-01.xsd#ProhibitedItems" roleURI="http://www.c-ebs.org/eu/fr/esrs/finrep/2008-01-01/role/ProhibitedItems" />
  <roleRef xlink:type="simple" xlink:href="d-hh-2008-01-01.xsd#ADimensionalItems" roleURI="http://www.c-ebs.org/eu/fr/esrs/finrep/2008-01-01/role/ADimensionalItems" />
  <roleRef xlink:type="simple" xlink:href="p-FINREP-2008-01-01-T02-ProfitOrLoss.xsd#ProfitOrLoss" roleURI="http://www.c-ebs.org/eu/fr/esrs/finrep/2008-01-01/role/ProfitOrLoss" />
  <definitionLink xlink:type="extended" xlink:role="http://www.c-ebs.org/eu/fr/esrs/finrep/2008-01-01/role/ADimensionalItems">
    <loc xlink:type="locator" xlink:href="d-hh-2008-01-01.xsd#d-hh_AdimensionalItemsPlaceholder" xlink:label="d-hh_AdimensionalItemsPlaceholder" />
    <loc xlink:type="locator" xlink:href="p-FINREP-2008-01-01.xsd#p-FINREP_ConsolidatedProfitOrLossPresentation" xlink:label="p-FINREP_ConsolidatedProfitOrLossPresentation" />
    <definitionArc xlink:type="arc" xlink:arcrole="http://xbrl.org/int/dim/arcrole/domain-member" xlink:from="d-hh_AdimensionalItemsPlaceholder" xlink:to="p-FINREP_ConsolidatedProfitOrLossPresentation" order="2" use="optional" xbrldt:targetRole="http://www.c-ebs.org/eu/fr/esrs/finrep/2008-01-01/role/ProfitOrLoss" />
  </definitionLink>
</linkbase>
