<?xml version="1.0" encoding="utf-8"?>
<?taxonomy-version 1.3.2?>
<!--Copyright (C) 2011 EBA - European Banking Authority, Tower 42, 25 Old Broad Street, London, EC2N 1HQ, United Kingdom.-->   
<linkbase 
	xmlns="http://www.xbrl.org/2003/linkbase" 
	xmlns:xlink="http://www.w3.org/1999/xlink" 
	xmlns:xbrldt="http://xbrl.org/2005/xbrldt"> 
  <arcroleRef xlink:type="simple" xlink:href="http://www.xbrl.org/2005/xbrldt-2005.xsd#all" arcroleURI="http://xbrl.org/int/dim/arcrole/all" />
  <arcroleRef xlink:type="simple" xlink:href="http://www.xbrl.org/2005/xbrldt-2005.xsd#notAll" arcroleURI="http://xbrl.org/int/dim/arcrole/notAll" />
  <arcroleRef xlink:type="simple" xlink:href="http://www.xbrl.org/2005/xbrldt-2005.xsd#domain-member" arcroleURI="http://xbrl.org/int/dim/arcrole/domain-member" />
  <arcroleRef xlink:type="simple" xlink:href="http://www.xbrl.org/2005/xbrldt-2005.xsd#hypercube-dimension" arcroleURI="http://xbrl.org/int/dim/arcrole/hypercube-dimension" />
  <arcroleRef xlink:type="simple" xlink:href="http://www.xbrl.org/2005/xbrldt-2005.xsd#dimension-domain" arcroleURI="http://xbrl.org/int/dim/arcrole/dimension-domain" />
  <arcroleRef xlink:type="simple" xlink:href="http://www.xbrl.org/2005/xbrldt-2005.xsd#dimension-default" arcroleURI="http://xbrl.org/int/dim/arcrole/dimension-default" />
  <roleRef xlink:type="simple" xlink:href="d-hh-2008-01-01.xsd#ProhibitedItems" roleURI="http://www.c-ebs.org/eu/fr/esrs/finrep/2008-01-01/role/ProhibitedItems" />
  <roleRef xlink:type="simple" xlink:href="d-hh-2008-01-01.xsd#ADimensionalItems" roleURI="http://www.c-ebs.org/eu/fr/esrs/finrep/2008-01-01/role/ADimensionalItems" />
  <roleRef xlink:type="simple" xlink:href="p-FINREP-2008-01-01-T17-DerecognitionAndFinancialLiabilitiesAssociatedWithTransferredAssets.xsd#DerecognitionAndFinancialLiabilitiesAssociatedWithTransferredAssets" roleURI="http://www.c-ebs.org/eu/fr/esrs/finrep/2008-01-01/role/DerecognitionAndFinancialLiabilitiesAssociatedWithTransferredAssets" />
  <roleRef xlink:type="simple" xlink:href="t-FINREP-2008-01-01-T17-DerecognitionAndFinancialLiabilitiesAssociatedWithTransferredAssets.xsd#DerecognitionAndFinancialLiabilitiesAssociatedWithTransferredAssetsII" roleURI="http://www.c-ebs.org/eu/fr/esrs/finrep/2008-01-01/role/DerecognitionAndFinancialLiabilitiesAssociatedWithTransferredAssetsII" />
  <roleRef xlink:type="simple" xlink:href="d-Portfolio-2008-01-01.xsd#HcPortfolioHypercube" roleURI="http://www.c-ebs.org/eu/fr/esrs/finrep/2008-01-01/role/HcPortfolioHypercube" />
  <roleRef xlink:type="simple" xlink:href="dc-PortFinA-2008-01-01.xsd#HcNatureAssetsHypercube" roleURI="http://www.c-ebs.org/eu/fr/esrs/finrep/2008-01-01/role/HcNatureAssetsHypercube" />
  <roleRef xlink:type="simple" xlink:href="dc-PortFinA-2008-01-01.xsd#HcExcludedNatureAssetsHypercube" roleURI="http://www.c-ebs.org/eu/fr/esrs/finrep/2008-01-01/role/HcExcludedNatureAssetsHypercube" />
  <definitionLink xlink:type="extended" xlink:role="http://www.c-ebs.org/eu/fr/esrs/finrep/2008-01-01/role/DerecognitionAndFinancialLiabilitiesAssociatedWithTransferredAssets">
    <loc xlink:type="locator" xlink:href="p-FINREP-2008-01-01.xsd#p-FINREP_FinancialLiabilitiesAssociatedWithTransferredAssetsPresentation" xlink:label="p-FINREP_FinancialLiabilitiesAssociatedWithTransferredAssetsPresentation" />
    <loc xlink:type="locator" xlink:href="dc-PortFinA-2008-01-01.xsd#dc-PortFinA_HcNatureAssetsHypercube" xlink:label="dc-PortFinA_HcNatureAssetsHypercube" />
    <definitionArc xlink:type="arc" xlink:arcrole="http://xbrl.org/int/dim/arcrole/all" xlink:from="p-FINREP_FinancialLiabilitiesAssociatedWithTransferredAssetsPresentation" xlink:to="dc-PortFinA_HcNatureAssetsHypercube" order="7" use="optional" xbrldt:targetRole="http://www.c-ebs.org/eu/fr/esrs/finrep/2008-01-01/role/HcNatureAssetsHypercube" xbrldt:contextElement="scenario" xbrldt:closed="true" />
    <loc xlink:type="locator" xlink:href="dc-PortFinA-2008-01-01.xsd#dc-PortFinA_HcExcludedNatureAssetsHypercube" xlink:label="dc-PortFinA_HcExcludedNatureAssetsHypercube" />
    <definitionArc xlink:type="arc" xlink:arcrole="http://xbrl.org/int/dim/arcrole/notAll" xlink:from="p-FINREP_FinancialLiabilitiesAssociatedWithTransferredAssetsPresentation" xlink:to="dc-PortFinA_HcExcludedNatureAssetsHypercube" order="8" use="optional" xbrldt:targetRole="http://www.c-ebs.org/eu/fr/esrs/finrep/2008-01-01/role/HcExcludedNatureAssetsHypercube" xbrldt:contextElement="scenario" />
  </definitionLink>
  <definitionLink xlink:type="extended" xlink:role="http://www.c-ebs.org/eu/fr/esrs/finrep/2008-01-01/role/DerecognitionAndFinancialLiabilitiesAssociatedWithTransferredAssetsII">
    <loc xlink:type="locator" xlink:href="p-FINREP-2008-01-01.xsd#p-FINREP_FinancialLiabilitiesAssociatedWithTransferredAssetsPresentation" xlink:label="p-FINREP_FinancialLiabilitiesAssociatedWithTransferredAssetsPresentation" />
    <loc xlink:type="locator" xlink:href="p-FINREP-2008-01-01.xsd#p-FINREP_FinancialLiabilitiesAssociatedWithTransferredFinancialAssetsTotalCarryingAmountOriginalAssets" xlink:label="p-FINREP_FinancialLiabilitiesAssociatedWithTransferredFinancialAssetsTotalCarryingAmountOriginalAssets" />
    <definitionArc xlink:type="arc" xlink:arcrole="http://xbrl.org/int/dim/arcrole/domain-member" xlink:from="p-FINREP_FinancialLiabilitiesAssociatedWithTransferredAssetsPresentation" xlink:to="p-FINREP_FinancialLiabilitiesAssociatedWithTransferredFinancialAssetsTotalCarryingAmountOriginalAssets" order="1" use="optional" />
    <loc xlink:type="locator" xlink:href="p-FINREP-2008-01-01.xsd#p-FINREP_FinancialLiabilitiesAssociatedWithTransferredFinancialAssetsPartAssetStillRecognisedContinuingInvolvement" xlink:label="p-FINREP_FinancialLiabilitiesAssociatedWithTransferredFinancialAssetsPartAssetStillRecognisedContinuingInvolvement" />
    <definitionArc xlink:type="arc" xlink:arcrole="http://xbrl.org/int/dim/arcrole/domain-member" xlink:from="p-FINREP_FinancialLiabilitiesAssociatedWithTransferredAssetsPresentation" xlink:to="p-FINREP_FinancialLiabilitiesAssociatedWithTransferredFinancialAssetsPartAssetStillRecognisedContinuingInvolvement" order="2" use="optional" />
    <loc xlink:type="locator" xlink:href="p-FINREP-2008-01-01.xsd#p-FINREP_FinancialLiabilitiesAssociatedWithTransferredFinancialAssets" xlink:label="p-FINREP_FinancialLiabilitiesAssociatedWithTransferredFinancialAssets" />
    <definitionArc xlink:type="arc" xlink:arcrole="http://xbrl.org/int/dim/arcrole/domain-member" xlink:from="p-FINREP_FinancialLiabilitiesAssociatedWithTransferredAssetsPresentation" xlink:to="p-FINREP_FinancialLiabilitiesAssociatedWithTransferredFinancialAssets" order="3" use="optional" />
    <loc xlink:type="locator" xlink:href="p-FINREP-2008-01-01.xsd#p-FINREP_FinancialLiabilitiesAssociatedWithTransferredFinancialAssetsAmountsDerecognisedForCapitalPurposes" xlink:label="p-FINREP_FinancialLiabilitiesAssociatedWithTransferredFinancialAssetsAmountsDerecognisedForCapitalPurposes" />
    <definitionArc xlink:type="arc" xlink:arcrole="http://xbrl.org/int/dim/arcrole/domain-member" xlink:from="p-FINREP_FinancialLiabilitiesAssociatedWithTransferredAssetsPresentation" xlink:to="p-FINREP_FinancialLiabilitiesAssociatedWithTransferredFinancialAssetsAmountsDerecognisedForCapitalPurposes" order="4" use="optional" />
    <loc xlink:type="locator" xlink:href="d-Portfolio-2008-01-01.xsd#d-Portfolio_HcPortfolioHypercube" xlink:label="d-Portfolio_HcPortfolioHypercube" />
    <definitionArc xlink:type="arc" xlink:arcrole="http://xbrl.org/int/dim/arcrole/all" xlink:from="p-FINREP_FinancialLiabilitiesAssociatedWithTransferredAssetsPresentation" xlink:to="d-Portfolio_HcPortfolioHypercube" order="5" use="optional" xbrldt:targetRole="http://www.c-ebs.org/eu/fr/esrs/finrep/2008-01-01/role/HcPortfolioHypercube" xbrldt:contextElement="scenario" xbrldt:closed="true" />
  </definitionLink>
  <definitionLink xlink:type="extended" xlink:role="http://www.c-ebs.org/eu/fr/esrs/finrep/2008-01-01/role/ADimensionalItems">
    <loc xlink:type="locator" xlink:href="d-hh-2008-01-01.xsd#d-hh_AdimensionalItemsPlaceholder" xlink:label="d-hh_AdimensionalItemsPlaceholder" />
    <loc xlink:type="locator" xlink:href="p-FINREP-2008-01-01.xsd#p-FINREP_FinancialLiabilitiesAssociatedWithTransferredAssetsPresentation" xlink:label="p-FINREP_FinancialLiabilitiesAssociatedWithTransferredAssetsPresentation" />
    <definitionArc xlink:type="arc" xlink:arcrole="http://xbrl.org/int/dim/arcrole/domain-member" xlink:from="d-hh_AdimensionalItemsPlaceholder" xlink:to="p-FINREP_FinancialLiabilitiesAssociatedWithTransferredAssetsPresentation" order="17" use="optional" xbrldt:targetRole="http://www.c-ebs.org/eu/fr/esrs/finrep/2008-01-01/role/DerecognitionAndFinancialLiabilitiesAssociatedWithTransferredAssets" />
  </definitionLink>
</linkbase>
