<?xml version="1.0" encoding="UTF-8"?>
<?taxonomy-version 1.3.2?>
<!--Copyright (C) 2011 EBA - European Banking Authority, Tower 42, 25 Old Broad Street, London, EC2N 1HQ, United Kingdom.-->   
<linkbase xmlns="http://www.xbrl.org/2003/linkbase" xmlns:xlink="http://www.w3.org/1999/xlink" xmlns:xbrldt="http://xbrl.org/2005/xbrldt">
  <roleRef roleURI="http://www.c-ebs.org/eu/fr/esrs/finrep/2008-01-01/role/ProhibitedItems" xlink:type="simple" xlink:href="d-hh-2008-01-01.xsd#ProhibitedItems"/>
  <roleRef roleURI="http://www.c-ebs.org/eu/fr/esrs/finrep/2008-01-01/role/ADimensionalItems" xlink:type="simple" xlink:href="d-hh-2008-01-01.xsd#ADimensionalItems"/>
  <roleRef roleURI="http://www.c-ebs.org/eu/fr/esrs/finrep/2008-01-01/role/ReposReverseReposAndRelated" xlink:type="simple" xlink:href="p-FINREP-2008-01-01-T33-ReposReverseReposAndRelated.xsd#ReposReverseReposAndRelated"/>
  <roleRef roleURI="http://www.c-ebs.org/eu/fr/esrs/finrep/2008-01-01/role/HcEquityInstrumentsHypercube" xlink:type="simple" xlink:href="d-EqInstr-2008-01-01.xsd#HcEquityInstrumentsHypercube"/>
  <roleRef roleURI="http://www.c-ebs.org/eu/fr/esrs/finrep/2008-01-01/role/HcExcludedEquityInstrumentsExcludingAtCostHypercube" xlink:type="simple" xlink:href="d-EqInstr-2008-01-01.xsd#HcExcludedEquityInstrumentsExcludingAtCostHypercube"/>
  <roleRef roleURI="http://www.c-ebs.org/eu/fr/esrs/finrep/2008-01-01/role/HcCounterpartiesHypercube" xlink:type="simple" xlink:href="d-Counterpts-2008-01-01.xsd#HcCounterpartiesHypercube"/>
  <arcroleRef arcroleURI="http://xbrl.org/int/dim/arcrole/all" xlink:type="simple" xlink:href="http://www.xbrl.org/2005/xbrldt-2005.xsd#all"/>
  <arcroleRef arcroleURI="http://xbrl.org/int/dim/arcrole/notAll" xlink:type="simple" xlink:href="http://www.xbrl.org/2005/xbrldt-2005.xsd#notAll"/>
  <arcroleRef arcroleURI="http://xbrl.org/int/dim/arcrole/domain-member" xlink:type="simple" xlink:href="http://www.xbrl.org/2005/xbrldt-2005.xsd#domain-member"/>
  <arcroleRef arcroleURI="http://xbrl.org/int/dim/arcrole/hypercube-dimension" xlink:type="simple" xlink:href="http://www.xbrl.org/2005/xbrldt-2005.xsd#hypercube-dimension"/>
  <arcroleRef arcroleURI="http://xbrl.org/int/dim/arcrole/dimension-domain" xlink:type="simple" xlink:href="http://www.xbrl.org/2005/xbrldt-2005.xsd#dimension-domain"/>
  <arcroleRef arcroleURI="http://xbrl.org/int/dim/arcrole/dimension-default" xlink:type="simple" xlink:href="http://www.xbrl.org/2005/xbrldt-2005.xsd#dimension-default"/>
  <definitionLink xlink:type="extended" xlink:role="http://www.c-ebs.org/eu/fr/esrs/finrep/2008-01-01/role/ReposReverseReposAndRelated">
    <loc xlink:type="locator" xlink:href="p-FINREP-2008-01-01.xsd#p-FINREP_EquityInstrumentsProvidedAsNonCashCollateralDesignatedAsFairValueThroughProfitOrLoss" xlink:label="p-FINREP_EquityInstrumentsProvidedAsNonCashCollateralDesignatedAsFairValueThroughProfitOrLoss"/>
    <loc xlink:type="locator" xlink:href="d-EqInstr-2008-01-01.xsd#d-EqInstr_HcExcludedEquityInstrumentsExcludingAtCostHypercube" xlink:label="d-EqInstr_HcExcludedEquityInstrumentsExcludingAtCostHypercube"/>
    <definitionArc xlink:type="arc" xlink:arcrole="http://xbrl.org/int/dim/arcrole/notAll" xlink:from="p-FINREP_EquityInstrumentsProvidedAsNonCashCollateralDesignatedAsFairValueThroughProfitOrLoss" xlink:to="d-EqInstr_HcExcludedEquityInstrumentsExcludingAtCostHypercube" use="optional" order="1.0" xbrldt:targetRole="http://www.c-ebs.org/eu/fr/esrs/finrep/2008-01-01/role/HcExcludedEquityInstrumentsExcludingAtCostHypercube" xbrldt:contextElement="scenario"/>
    <loc xlink:type="locator" xlink:href="p-FINREP-2008-01-01.xsd#p-FINREP_EquityInstrumentsProvidedAsNonCashCollateral" xlink:label="p-FINREP_EquityInstrumentsProvidedAsNonCashCollateral"/>
    <loc xlink:type="locator" xlink:href="d-EqInstr-2008-01-01.xsd#d-EqInstr_HcEquityInstrumentsHypercube" xlink:label="d-EqInstr_HcEquityInstrumentsHypercube"/>
    <definitionArc xlink:type="arc" xlink:arcrole="http://xbrl.org/int/dim/arcrole/all" xlink:from="p-FINREP_EquityInstrumentsProvidedAsNonCashCollateral" xlink:to="d-EqInstr_HcEquityInstrumentsHypercube" use="optional" order="7.0" xbrldt:targetRole="http://www.c-ebs.org/eu/fr/esrs/finrep/2008-01-01/role/HcEquityInstrumentsHypercube" xbrldt:contextElement="scenario" xbrldt:closed="true"/>
    <loc xlink:type="locator" xlink:href="p-FINREP-2008-01-01.xsd#p-FINREP_DebtInstrumentsProvidedAsNonCashCollateral" xlink:label="p-FINREP_DebtInstrumentsProvidedAsNonCashCollateral"/>
    <loc xlink:type="locator" xlink:href="d-Counterpts-2008-01-01.xsd#d-Counterpts_HcCounterpartiesHypercube" xlink:label="d-Counterpts_HcCounterpartiesHypercube"/>
    <definitionArc xlink:type="arc" xlink:arcrole="http://xbrl.org/int/dim/arcrole/all" xlink:from="p-FINREP_DebtInstrumentsProvidedAsNonCashCollateral" xlink:to="d-Counterpts_HcCounterpartiesHypercube" use="optional" order="7.0" xbrldt:targetRole="http://www.c-ebs.org/eu/fr/esrs/finrep/2008-01-01/role/HcCounterpartiesHypercube" xbrldt:contextElement="scenario" xbrldt:closed="true"/>
    <loc xlink:type="locator" xlink:href="p-FINREP-2008-01-01.xsd#p-FINREP_LoansAndAdvancesProvidedAsNonCashCollateral" xlink:label="p-FINREP_LoansAndAdvancesProvidedAsNonCashCollateral"/>
    <definitionArc xlink:type="arc" xlink:arcrole="http://xbrl.org/int/dim/arcrole/all" xlink:from="p-FINREP_LoansAndAdvancesProvidedAsNonCashCollateral" xlink:to="d-Counterpts_HcCounterpartiesHypercube" use="optional" order="7.0" xbrldt:targetRole="http://www.c-ebs.org/eu/fr/esrs/finrep/2008-01-01/role/HcCounterpartiesHypercube" xbrldt:contextElement="scenario" xbrldt:closed="true"/>
    <loc xlink:type="locator" xlink:href="p-FINREP-2008-01-01.xsd#p-FINREP_EquityInstrumentsCollateralsRecognisedForObligationToReturnPledgedCollateralSold" xlink:label="p-FINREP_EquityInstrumentsCollateralsRecognisedForObligationToReturnPledgedCollateralSold"/>
    <definitionArc xlink:type="arc" xlink:arcrole="http://xbrl.org/int/dim/arcrole/all" xlink:from="p-FINREP_EquityInstrumentsCollateralsRecognisedForObligationToReturnPledgedCollateralSold" xlink:to="d-EqInstr_HcEquityInstrumentsHypercube" use="optional" order="4.0" xbrldt:targetRole="http://www.c-ebs.org/eu/fr/esrs/finrep/2008-01-01/role/HcEquityInstrumentsHypercube" xbrldt:contextElement="scenario" xbrldt:closed="true"/>
    <loc xlink:type="locator" xlink:href="p-FINREP-2008-01-01.xsd#p-FINREP_DebtInstrumentsCollateralsRecognisedForObligationToReturnPledgedCollateralSold" xlink:label="p-FINREP_DebtInstrumentsCollateralsRecognisedForObligationToReturnPledgedCollateralSold"/>
    <definitionArc xlink:type="arc" xlink:arcrole="http://xbrl.org/int/dim/arcrole/all" xlink:from="p-FINREP_DebtInstrumentsCollateralsRecognisedForObligationToReturnPledgedCollateralSold" xlink:to="d-Counterpts_HcCounterpartiesHypercube" use="optional" order="4.0" xbrldt:targetRole="http://www.c-ebs.org/eu/fr/esrs/finrep/2008-01-01/role/HcCounterpartiesHypercube" xbrldt:contextElement="scenario" xbrldt:closed="true"/>
    <loc xlink:type="locator" xlink:href="p-FINREP-2008-01-01.xsd#p-FINREP_LoansAndAdvancesCollateralsRecognisedForObligationToReturnPledgedCollateralSold" xlink:label="p-FINREP_LoansAndAdvancesCollateralsRecognisedForObligationToReturnPledgedCollateralSold"/>
    <definitionArc xlink:type="arc" xlink:arcrole="http://xbrl.org/int/dim/arcrole/all" xlink:from="p-FINREP_LoansAndAdvancesCollateralsRecognisedForObligationToReturnPledgedCollateralSold" xlink:to="d-Counterpts_HcCounterpartiesHypercube" use="optional" order="4.0" xbrldt:targetRole="http://www.c-ebs.org/eu/fr/esrs/finrep/2008-01-01/role/HcCounterpartiesHypercube" xbrldt:contextElement="scenario" xbrldt:closed="true"/>
  </definitionLink>
  <definitionLink xlink:type="extended" xlink:role="http://www.c-ebs.org/eu/fr/esrs/finrep/2008-01-01/role/ADimensionalItems">
    <loc xlink:type="locator" xlink:href="d-hh-2008-01-01.xsd#d-hh_AdimensionalItemsPlaceholder" xlink:label="d-hh_AdimensionalItemsPlaceholder"/>
    <loc xlink:type="locator" xlink:href="p-FINREP-2008-01-01.xsd#p-FINREP_RepurchaseAgreementsReverseRepurchaseAgreementsAndRelatedAgreementsPresentation" xlink:label="p-FINREP_RepurchaseAgreementsReverseRepurchaseAgreementsAndRelatedAgreementsPresentation"/>
    <definitionArc xlink:type="arc" xlink:arcrole="http://xbrl.org/int/dim/arcrole/domain-member" xlink:from="d-hh_AdimensionalItemsPlaceholder" xlink:to="p-FINREP_RepurchaseAgreementsReverseRepurchaseAgreementsAndRelatedAgreementsPresentation" use="optional" order="33.0" xbrldt:targetRole="http://www.c-ebs.org/eu/fr/esrs/finrep/2008-01-01/role/ReposReverseReposAndRelated"/>
  </definitionLink>
</linkbase>
