<?xml version="1.0" encoding="utf-8"?>
<?taxonomy-version 1.3.2?>
<!--Copyright (C) 2011 EBA - European Banking Authority, Tower 42, 25 Old Broad Street, London, EC2N 1HQ, United Kingdom.-->   
<linkbase xmlns="http://www.xbrl.org/2003/linkbase" xmlns:xsi="http://www.w3.org/2001/XMLSchema-instance" xmlns:xlink="http://www.w3.org/1999/xlink" xmlns:xbrldt="http://xbrl.org/2005/xbrldt" xsi:schemaLocation=" http://www.xbrl.org/2003/linkbase http://www.xbrl.org/2003/xbrl-linkbase-2003-12-31.xsd http://xbrl.org/2005/xbrldt http://www.xbrl.org/2005/xbrldt-2005.xsd">
  <roleRef xlink:type="simple" xlink:href="p-FINREP-2008-01-01-T30-InformationOnCreditRiskAndImpairment.xsd#InformationOnCreditRiskAndImpairment" roleURI="http://www.c-ebs.org/eu/fr/esrs/finrep/2008-01-01/role/InformationOnCreditRiskAndImpairment" />
  <arcroleRef xlink:type="simple" xlink:href="http://www.xbrl.org/2005/xbrldt-2005.xsd#all" arcroleURI="http://xbrl.org/int/dim/arcrole/all" />
  <roleRef xlink:type="simple" xlink:href="d-Counterpts-2008-01-01.xsd#HcCounterpartiesHypercube" roleURI="http://www.c-ebs.org/eu/fr/esrs/finrep/2008-01-01/role/HcCounterpartiesHypercube" />
  <roleRef xlink:type="simple" xlink:href="d-EqInstr-2008-01-01.xsd#HcEquityInstrumentsHypercube" roleURI="http://www.c-ebs.org/eu/fr/esrs/finrep/2008-01-01/role/HcEquityInstrumentsHypercube" />
  <roleRef xlink:type="simple" xlink:href="d-hh-2008-01-01.xsd#ADimensionalItems" roleURI="http://www.c-ebs.org/eu/fr/esrs/finrep/2008-01-01/role/ADimensionalItems" />
  <arcroleRef xlink:type="simple" xlink:href="http://www.xbrl.org/2005/xbrldt-2005.xsd#domain-member" arcroleURI="http://xbrl.org/int/dim/arcrole/domain-member" />
  <definitionLink xlink:type="extended" xlink:role="http://www.c-ebs.org/eu/fr/esrs/finrep/2008-01-01/role/InformationOnCreditRiskAndImpairment">
    <loc xlink:type="locator" xlink:href="p-FINREP-2008-01-01.xsd#p-FINREP_AllowancesMovementsForCreditLossesAllowancesForIncurredButNotReportedLossesOnFinancialAssetsDebtInstruments" xlink:label="p-FINREP_AllowancesMovementsForCreditLossesAllowancesForIncurredButNotReportedLossesOnFinancialAssetsDebtInstruments" />
    <loc xlink:type="locator" xlink:href="d-Counterpts-2008-01-01.xsd#d-Counterpts_HcCounterpartiesHypercube" xlink:label="d-Counterpts_HcCounterpartiesHypercube" />
    <definitionArc xlink:type="arc" xlink:arcrole="http://xbrl.org/int/dim/arcrole/all" xlink:from="p-FINREP_AllowancesMovementsForCreditLossesAllowancesForIncurredButNotReportedLossesOnFinancialAssetsDebtInstruments" xlink:to="d-Counterpts_HcCounterpartiesHypercube" order="1" use="optional" xbrldt:targetRole="http://www.c-ebs.org/eu/fr/esrs/finrep/2008-01-01/role/HcCounterpartiesHypercube" xbrldt:contextElement="scenario" xbrldt:closed="true" />
    <loc xlink:type="locator" xlink:href="p-FINREP-2008-01-01.xsd#p-FINREP_AllowancesMovementsForCreditLossesAllowancesForIncurredButNotReportedLossesOnFinancialAssetsLoansAndAdvances" xlink:label="p-FINREP_AllowancesMovementsForCreditLossesAllowancesForIncurredButNotReportedLossesOnFinancialAssetsLoansAndAdvances" />
    <definitionArc xlink:type="arc" xlink:arcrole="http://xbrl.org/int/dim/arcrole/all" xlink:from="p-FINREP_AllowancesMovementsForCreditLossesAllowancesForIncurredButNotReportedLossesOnFinancialAssetsLoansAndAdvances" xlink:to="d-Counterpts_HcCounterpartiesHypercube" order="1" use="optional" xbrldt:targetRole="http://www.c-ebs.org/eu/fr/esrs/finrep/2008-01-01/role/HcCounterpartiesHypercube" xbrldt:contextElement="scenario" xbrldt:closed="true" />
    <loc xlink:type="locator" xlink:href="p-FINREP-2008-01-01.xsd#p-FINREP_AllowancesMovementsForCreditLossesSpecificAllowancesForIndividuallyAndCollectivelyAssessedFinancialAssetsDebtInstruments" xlink:label="p-FINREP_AllowancesMovementsForCreditLossesSpecificAllowancesForIndividuallyAndCollectivelyAssessedFinancialAssetsDebtInstruments" />
    <definitionArc xlink:type="arc" xlink:arcrole="http://xbrl.org/int/dim/arcrole/all" xlink:from="p-FINREP_AllowancesMovementsForCreditLossesSpecificAllowancesForIndividuallyAndCollectivelyAssessedFinancialAssetsDebtInstruments" xlink:to="d-Counterpts_HcCounterpartiesHypercube" order="1" use="optional" xbrldt:targetRole="http://www.c-ebs.org/eu/fr/esrs/finrep/2008-01-01/role/HcCounterpartiesHypercube" xbrldt:contextElement="scenario" xbrldt:closed="true" />
    <loc xlink:type="locator" xlink:href="p-FINREP-2008-01-01.xsd#p-FINREP_AllowancesMovementsForCreditLossesSpecificAllowancesForIndividuallyAndCollectivelyAssessedFinancialAssetsEquityInstruments" xlink:label="p-FINREP_AllowancesMovementsForCreditLossesSpecificAllowancesForIndividuallyAndCollectivelyAssessedFinancialAssetsEquityInstruments" />
    <loc xlink:type="locator" xlink:href="d-EqInstr-2008-01-01.xsd#d-EqInstr_HcEquityInstrumentsHypercube" xlink:label="d-EqInstr_HcEquityInstrumentsHypercube" />
    <definitionArc xlink:type="arc" xlink:arcrole="http://xbrl.org/int/dim/arcrole/all" xlink:from="p-FINREP_AllowancesMovementsForCreditLossesSpecificAllowancesForIndividuallyAndCollectivelyAssessedFinancialAssetsEquityInstruments" xlink:to="d-EqInstr_HcEquityInstrumentsHypercube" order="1" use="optional" xbrldt:targetRole="http://www.c-ebs.org/eu/fr/esrs/finrep/2008-01-01/role/HcEquityInstrumentsHypercube" xbrldt:contextElement="scenario" xbrldt:closed="true" />
    <loc xlink:type="locator" xlink:href="p-FINREP-2008-01-01.xsd#p-FINREP_AllowancesMovementsForCreditLossesSpecificAllowancesForIndividuallyAndCollectivelyAssessedFinancialAssetsLoansAndAdvances" xlink:label="p-FINREP_AllowancesMovementsForCreditLossesSpecificAllowancesForIndividuallyAndCollectivelyAssessedFinancialAssetsLoansAndAdvances" />
    <definitionArc xlink:type="arc" xlink:arcrole="http://xbrl.org/int/dim/arcrole/all" xlink:from="p-FINREP_AllowancesMovementsForCreditLossesSpecificAllowancesForIndividuallyAndCollectivelyAssessedFinancialAssetsLoansAndAdvances" xlink:to="d-Counterpts_HcCounterpartiesHypercube" order="1" use="optional" xbrldt:targetRole="http://www.c-ebs.org/eu/fr/esrs/finrep/2008-01-01/role/HcCounterpartiesHypercube" xbrldt:contextElement="scenario" xbrldt:closed="true" />
    <loc xlink:type="locator" xlink:href="p-FINREP-2008-01-01.xsd#p-FINREP_CollateralHeldFairValuesCollateralSoldOrRepledgedDebtInstruments" xlink:label="p-FINREP_CollateralHeldFairValuesCollateralSoldOrRepledgedDebtInstruments" />
    <definitionArc xlink:type="arc" xlink:arcrole="http://xbrl.org/int/dim/arcrole/all" xlink:from="p-FINREP_CollateralHeldFairValuesCollateralSoldOrRepledgedDebtInstruments" xlink:to="d-Counterpts_HcCounterpartiesHypercube" order="1" use="optional" xbrldt:targetRole="http://www.c-ebs.org/eu/fr/esrs/finrep/2008-01-01/role/HcCounterpartiesHypercube" xbrldt:contextElement="scenario" xbrldt:closed="true" />
    <loc xlink:type="locator" xlink:href="p-FINREP-2008-01-01.xsd#p-FINREP_CollateralHeldFairValuesCollateralSoldOrRepledgedEquityInstruments" xlink:label="p-FINREP_CollateralHeldFairValuesCollateralSoldOrRepledgedEquityInstruments" />
    <definitionArc xlink:type="arc" xlink:arcrole="http://xbrl.org/int/dim/arcrole/all" xlink:from="p-FINREP_CollateralHeldFairValuesCollateralSoldOrRepledgedEquityInstruments" xlink:to="d-EqInstr_HcEquityInstrumentsHypercube" order="1" use="optional" xbrldt:targetRole="http://www.c-ebs.org/eu/fr/esrs/finrep/2008-01-01/role/HcEquityInstrumentsHypercube" xbrldt:contextElement="scenario" xbrldt:closed="true" />
    <loc xlink:type="locator" xlink:href="p-FINREP-2008-01-01.xsd#p-FINREP_CollateralHeldFairValuesCollateralSoldOrRepledgedLoansAndAdvances" xlink:label="p-FINREP_CollateralHeldFairValuesCollateralSoldOrRepledgedLoansAndAdvances" />
    <definitionArc xlink:type="arc" xlink:arcrole="http://xbrl.org/int/dim/arcrole/all" xlink:from="p-FINREP_CollateralHeldFairValuesCollateralSoldOrRepledgedLoansAndAdvances" xlink:to="d-Counterpts_HcCounterpartiesHypercube" order="1" use="optional" xbrldt:targetRole="http://www.c-ebs.org/eu/fr/esrs/finrep/2008-01-01/role/HcCounterpartiesHypercube" xbrldt:contextElement="scenario" xbrldt:closed="true" />
    <loc xlink:type="locator" xlink:href="p-FINREP-2008-01-01.xsd#p-FINREP_CollateralHeldFairValuesOfCollateralHeldDebtInstruments" xlink:label="p-FINREP_CollateralHeldFairValuesOfCollateralHeldDebtInstruments" />
    <definitionArc xlink:type="arc" xlink:arcrole="http://xbrl.org/int/dim/arcrole/all" xlink:from="p-FINREP_CollateralHeldFairValuesOfCollateralHeldDebtInstruments" xlink:to="d-Counterpts_HcCounterpartiesHypercube" order="1" use="optional" xbrldt:targetRole="http://www.c-ebs.org/eu/fr/esrs/finrep/2008-01-01/role/HcCounterpartiesHypercube" xbrldt:contextElement="scenario" xbrldt:closed="true" />
    <loc xlink:type="locator" xlink:href="p-FINREP-2008-01-01.xsd#p-FINREP_CollateralHeldFairValuesOfCollateralHeldEquityInstruments" xlink:label="p-FINREP_CollateralHeldFairValuesOfCollateralHeldEquityInstruments" />
    <definitionArc xlink:type="arc" xlink:arcrole="http://xbrl.org/int/dim/arcrole/all" xlink:from="p-FINREP_CollateralHeldFairValuesOfCollateralHeldEquityInstruments" xlink:to="d-EqInstr_HcEquityInstrumentsHypercube" order="1" use="optional" xbrldt:targetRole="http://www.c-ebs.org/eu/fr/esrs/finrep/2008-01-01/role/HcEquityInstrumentsHypercube" xbrldt:contextElement="scenario" xbrldt:closed="true" />
    <loc xlink:type="locator" xlink:href="p-FINREP-2008-01-01.xsd#p-FINREP_CollateralHeldFairValuesOfCollateralHeldLoansAndAdvances" xlink:label="p-FINREP_CollateralHeldFairValuesOfCollateralHeldLoansAndAdvances" />
    <definitionArc xlink:type="arc" xlink:arcrole="http://xbrl.org/int/dim/arcrole/all" xlink:from="p-FINREP_CollateralHeldFairValuesOfCollateralHeldLoansAndAdvances" xlink:to="d-Counterpts_HcCounterpartiesHypercube" order="1" use="optional" xbrldt:targetRole="http://www.c-ebs.org/eu/fr/esrs/finrep/2008-01-01/role/HcCounterpartiesHypercube" xbrldt:contextElement="scenario" xbrldt:closed="true" />
    <loc xlink:type="locator" xlink:href="p-FINREP-2008-01-01.xsd#p-FINREP_MaximumCreditExposureEquityInstruments" xlink:label="p-FINREP_MaximumCreditExposureEquityInstruments" />
    <definitionArc xlink:type="arc" xlink:arcrole="http://xbrl.org/int/dim/arcrole/all" xlink:from="p-FINREP_MaximumCreditExposureEquityInstruments" xlink:to="d-EqInstr_HcEquityInstrumentsHypercube" order="1" use="optional" xbrldt:targetRole="http://www.c-ebs.org/eu/fr/esrs/finrep/2008-01-01/role/HcEquityInstrumentsHypercube" xbrldt:contextElement="scenario" xbrldt:closed="true" />
    <loc xlink:type="locator" xlink:href="p-FINREP-2008-01-01.xsd#p-FINREP_MaximumCreditExposureLoansAndAdvances" xlink:label="p-FINREP_MaximumCreditExposureLoansAndAdvances" />
    <definitionArc xlink:type="arc" xlink:arcrole="http://xbrl.org/int/dim/arcrole/all" xlink:from="p-FINREP_MaximumCreditExposureLoansAndAdvances" xlink:to="d-Counterpts_HcCounterpartiesHypercube" order="1" use="optional" xbrldt:targetRole="http://www.c-ebs.org/eu/fr/esrs/finrep/2008-01-01/role/HcCounterpartiesHypercube" xbrldt:contextElement="scenario" xbrldt:closed="true" />
    <loc xlink:type="locator" xlink:href="p-FINREP-2008-01-01.xsd#p-FINREP_MaximumCreditExposureOtherDebtInstruments" xlink:label="p-FINREP_MaximumCreditExposureOtherDebtInstruments" />
    <definitionArc xlink:type="arc" xlink:arcrole="http://xbrl.org/int/dim/arcrole/all" xlink:from="p-FINREP_MaximumCreditExposureOtherDebtInstruments" xlink:to="d-Counterpts_HcCounterpartiesHypercube" order="1" use="optional" xbrldt:targetRole="http://www.c-ebs.org/eu/fr/esrs/finrep/2008-01-01/role/HcCounterpartiesHypercube" xbrldt:contextElement="scenario" xbrldt:closed="true" />
  </definitionLink>
  <definitionLink xlink:type="extended" xlink:role="http://www.c-ebs.org/eu/fr/esrs/finrep/2008-01-01/role/ADimensionalItems">
    <loc xlink:type="locator" xlink:href="d-hh-2008-01-01.xsd#d-hh_AdimensionalItemsPlaceholder" xlink:label="d-hh_AdimensionalItemsPlaceholder" />
    <loc xlink:type="locator" xlink:href="p-FINREP-2008-01-01.xsd#p-FINREP_InformationOnCreditRiskAndImpairmentPresentation" xlink:label="p-FINREP_InformationOnCreditRiskAndImpairmentPresentation" />
    <definitionArc xlink:type="arc" xlink:arcrole="http://xbrl.org/int/dim/arcrole/domain-member" xlink:from="d-hh_AdimensionalItemsPlaceholder" xlink:to="p-FINREP_InformationOnCreditRiskAndImpairmentPresentation" order="30" use="optional" xbrldt:targetRole="http://www.c-ebs.org/eu/fr/esrs/finrep/2008-01-01/role/InformationOnCreditRiskAndImpairment" />
  </definitionLink>
</linkbase>