<?xml version="1.0" encoding="UTF-8"?>

<?taxonomy-version 1.3.1?>

<!-- Copyright (C) 2009 CEBS Secretariat Ltd., Tower 42, 25 Old Broad Street, London, EC2N 1HQ, United Kingdom. -->
<linkbase xmlns:t-KRI-FR-Balance="http://www.c-ebs.org/eu/fr/esrs/finrep/t-KRI-FINREP/BalanceSheet/2008-01-01" xmlns="http://www.xbrl.org/2003/linkbase" xmlns:xlink="http://www.w3.org/1999/xlink">
  <roleRef roleURI="http://www.c-ebs.org/eu/fr/esrs/finrep/2008-01-01/role/BalanceSheet" xlink:type="simple" xlink:href="p-FINREP-2008-01-01-T01-BalanceSheet.xsd#BalanceSheet"/>
  <calculationLink xlink:type="extended" xlink:role="http://www.c-ebs.org/eu/fr/esrs/finrep/2008-01-01/role/BalanceSheet">
    <loc xlink:type="locator" xlink:href="http://xbrl.iasb.org/int/fr/ifrs/gp/2006-08-15/ifrs-gp-2006-08-15.xsd#ifrs-gp_IntangibleAssetsNet" xlink:label="ifrs-gp_IntangibleAssetsNet"/>
    <loc xlink:type="locator" xlink:href="http://xbrl.iasb.org/int/fr/ifrs/gp/2006-08-15/ifrs-gp-2006-08-15.xsd#ifrs-gp_GoodwillNet" xlink:label="ifrs-gp_GoodwillNet"/>
    <calculationArc xlink:type="arc" xlink:arcrole="http://www.xbrl.org/2003/arcrole/summation-item" xlink:from="ifrs-gp_IntangibleAssetsNet" xlink:to="ifrs-gp_GoodwillNet" use="prohibited" priority="1" order="1.0" weight="1"/>
    <loc xlink:type="locator" xlink:href="http://xbrl.iasb.org/int/fr/ifrs/gp/2006-08-15/ifrs-gp-2006-08-15.xsd#ifrs-gp_IdentifiableIntangibleAssetsNet" xlink:label="ifrs-gp_IdentifiableIntangibleAssetsNet"/>
    <calculationArc xlink:type="arc" xlink:arcrole="http://www.xbrl.org/2003/arcrole/summation-item" xlink:from="ifrs-gp_IntangibleAssetsNet" xlink:to="ifrs-gp_IdentifiableIntangibleAssetsNet" use="prohibited" priority="1" order="2.0" weight="1"/>
  </calculationLink>
</linkbase>
