<?xml version="1.0" encoding="UTF-8"?>
<!-- Generated by Fujitsu XWand B0150 -->
<link:linkbase xmlns:xsi="http://www.w3.org/2001/XMLSchema-instance" xsi:schemaLocation="http://www.xbrl.org/2003/linkbase http://www.xbrl.org/2003/xbrl-linkbase-2003-12-31.xsd" xmlns:link="http://www.xbrl.org/2003/linkbase" xmlns:xbrli="http://www.xbrl.org/2003/instance" xmlns:xlink="http://www.w3.org/1999/xlink" xmlns:p0="http://xbrl.org/2005/xbrldt">
  <link:roleRef roleURI="http://vertical/role/ConsolidatedStatementsOfShareholdersEquity" xlink:type="simple" xlink:href="vertical-20110101.xsd#ConsolidatedStatementsOfShareholdersEquity"/>
  <link:arcroleRef arcroleURI="http://xbrl.org/int/dim/arcrole/all" xlink:type="simple" xlink:href="http://www.xbrl.org/2005/xbrldt-2005.xsd#all"/>
  <link:arcroleRef arcroleURI="http://xbrl.org/int/dim/arcrole/dimension-default" xlink:type="simple" xlink:href="http://www.xbrl.org/2005/xbrldt-2005.xsd#dimension-default"/>
  <link:arcroleRef arcroleURI="http://xbrl.org/int/dim/arcrole/dimension-domain" xlink:type="simple" xlink:href="http://www.xbrl.org/2005/xbrldt-2005.xsd#dimension-domain"/>
  <link:arcroleRef arcroleURI="http://xbrl.org/int/dim/arcrole/domain-member" xlink:type="simple" xlink:href="http://www.xbrl.org/2005/xbrldt-2005.xsd#domain-member"/>
  <link:arcroleRef arcroleURI="http://xbrl.org/int/dim/arcrole/hypercube-dimension" xlink:type="simple" xlink:href="http://www.xbrl.org/2005/xbrldt-2005.xsd#hypercube-dimension"/>
  <link:definitionLink xlink:type="extended" xlink:role="http://vertical/role/ConsolidatedStatementsOfShareholdersEquity">
    <link:loc xlink:type="locator" xlink:href="http://taxonomies.xbrl.us/us-gaap/2009/elts/us-gaap-2009-01-31.xsd#us-gaap_StatementLineItems" xlink:label="StatementLineItems"/>
    <link:loc xlink:type="locator" xlink:href="http://taxonomies.xbrl.us/us-gaap/2009/elts/us-gaap-2009-01-31.xsd#us-gaap_ComprehensiveIncomeNetOfTaxIncludingPortionAttributableToNoncontrollingInterestAbstract" xlink:label="ComprehensiveIncomeNetOfTaxIncludingPortionAttributableToNoncontrollingInterestAbstract"/>
    <link:loc xlink:type="locator" xlink:href="http://taxonomies.xbrl.us/us-gaap/2009/elts/us-gaap-2009-01-31.xsd#us-gaap_StatementTable" xlink:label="StatementTable"/>
    <link:loc xlink:type="locator" xlink:href="http://taxonomies.xbrl.us/us-gaap/2009/elts/us-gaap-2009-01-31.xsd#us-gaap_StatementEquityComponentsAxis" xlink:label="StatementEquityComponentsAxis"/>
    <link:loc xlink:type="locator" xlink:href="http://taxonomies.xbrl.us/us-gaap/2009/elts/us-gaap-2009-01-31.xsd#us-gaap_EquityComponentDomain" xlink:label="EquityComponentDomain"/>
    <link:loc xlink:type="locator" xlink:href="http://taxonomies.xbrl.us/us-gaap/2009/elts/us-gaap-2009-01-31.xsd#us-gaap_StockholdersEquityIncludingPortionAttributableToNoncontrollingInterest" xlink:label="StockholdersEquityIncludingPortionAttributableToNoncontrollingInterest"/>
    <link:loc xlink:type="locator" xlink:href="http://taxonomies.xbrl.us/us-gaap/2009/elts/us-gaap-2009-01-31.xsd#us-gaap_ProfitLoss" xlink:label="ProfitLoss"/>
    <link:loc xlink:type="locator" xlink:href="http://taxonomies.xbrl.us/us-gaap/2009/elts/us-gaap-2009-01-31.xsd#us-gaap_OtherComprehensiveIncomeDefinedBenefitPlansAdjustmentNetOfTaxPeriodIncreaseDecrease" xlink:label="OtherComprehensiveIncomeDefinedBenefitPlansAdjustmentNetOfTaxPeriodIncreaseDecrease"/>
    <link:loc xlink:type="locator" xlink:href="http://taxonomies.xbrl.us/us-gaap/2009/elts/us-gaap-2009-01-31.xsd#us-gaap_OtherComprehensiveIncomeForeignCurrencyTransactionAndTranslationAdjustmentNetOfTaxPeriodIncreaseDecrease" xlink:label="OtherComprehensiveIncomeForeignCurrencyTransactionAndTranslationAdjustmentNetOfTaxPeriodIncreaseDecrease"/>
    <link:loc xlink:type="locator" xlink:href="http://taxonomies.xbrl.us/us-gaap/2009/elts/us-gaap-2009-01-31.xsd#us-gaap_ComprehensiveIncomeNetOfTaxIncludingPortionAttributableToNoncontrollingInterest" xlink:label="ComprehensiveIncomeNetOfTaxIncludingPortionAttributableToNoncontrollingInterest"/>
    <link:loc xlink:type="locator" xlink:href="http://taxonomies.xbrl.us/us-gaap/2009/elts/us-gaap-2009-01-31.xsd#us-gaap_DividendsCommonStockCash" xlink:label="DividendsCommonStockCash"/>
    <link:loc xlink:type="locator" xlink:href="http://taxonomies.xbrl.us/us-gaap/2009/elts/us-gaap-2009-01-31.xsd#us-gaap_AdjustmentsToAdditionalPaidInCapitalSharebasedCompensationRequisiteServicePeriodRecognitionValue" xlink:label="AdjustmentsToAdditionalPaidInCapitalSharebasedCompensationRequisiteServicePeriodRecognitionValue"/>
    <link:loc xlink:type="locator" xlink:href="http://taxonomies.xbrl.us/us-gaap/2009/elts/us-gaap-2009-01-31.xsd#us-gaap_StockIssuedDuringPeriodValueStockOptionsExercised" xlink:label="StockIssuedDuringPeriodValueStockOptionsExercised"/>
    <link:loc xlink:type="locator" xlink:href="http://taxonomies.xbrl.us/us-gaap/2009/elts/us-gaap-2009-01-31.xsd#us-gaap_AdjustmentsToAdditionalPaidInCapitalTaxEffectFromShareBasedCompensation" xlink:label="AdjustmentsToAdditionalPaidInCapitalTaxEffectFromShareBasedCompensation"/>
    <link:loc xlink:type="locator" xlink:href="vertical-20110101.xsd#vertical_ConsolidationOfVariableInterestEntity" xlink:label="ConsolidationOfVariableInterestEntity"/>
    <link:loc xlink:type="locator" xlink:href="http://taxonomies.xbrl.us/us-gaap/2009/elts/us-gaap-2009-01-31.xsd#us-gaap_EquityComponentDomain" xlink:label="EquityComponentDomain_2"/>
    <link:loc xlink:type="locator" xlink:href="http://taxonomies.xbrl.us/us-gaap/2009/elts/us-gaap-2009-01-31.xsd#us-gaap_CommonStockMember" xlink:label="CommonStockMember"/>
    <link:loc xlink:type="locator" xlink:href="http://taxonomies.xbrl.us/us-gaap/2009/elts/us-gaap-2009-01-31.xsd#us-gaap_AdditionalPaidInCapitalMember" xlink:label="AdditionalPaidInCapitalMember"/>
    <link:loc xlink:type="locator" xlink:href="http://taxonomies.xbrl.us/us-gaap/2009/elts/us-gaap-2009-01-31.xsd#us-gaap_AccumulatedOtherComprehensiveIncomeMember" xlink:label="AccumulatedOtherComprehensiveIncomeMember"/>
    <link:loc xlink:type="locator" xlink:href="http://taxonomies.xbrl.us/us-gaap/2009/elts/us-gaap-2009-01-31.xsd#us-gaap_RetainedEarningsMember" xlink:label="RetainedEarningsMember"/>
    <link:loc xlink:type="locator" xlink:href="http://taxonomies.xbrl.us/us-gaap/2009/elts/us-gaap-2009-01-31.xsd#us-gaap_TreasuryStockMember" xlink:label="TreasuryStockMember"/>
    <link:loc xlink:type="locator" xlink:href="http://taxonomies.xbrl.us/us-gaap/2009/elts/us-gaap-2009-01-31.xsd#us-gaap_NoncontrollingInterestMember" xlink:label="NoncontrollingInterestMember"/>
    <link:loc xlink:type="locator" xlink:href="http://taxonomies.xbrl.us/us-gaap/2009/elts/us-gaap-2009-01-31.xsd#us-gaap_IncomeLossFromEquityMethodInvestments" xlink:label="IncomeLossFromEquityMethodInvestments"/>
    <link:loc xlink:type="locator" xlink:href="http://taxonomies.xbrl.us/us-gaap/2009/elts/us-gaap-2009-01-31.xsd#us-gaap_EquityMethodInvestmentDividendsOrDistributions" xlink:label="EquityMethodInvestmentDividendsOrDistributions"/>
    <link:loc xlink:type="locator" xlink:href="http://taxonomies.xbrl.us/us-gaap/2009/elts/us-gaap-2009-01-31.xsd#us-gaap_PaymentsToAcquireBusinessesNetOfCashAcquired" xlink:label="PaymentsToAcquireBusinessesNetOfCashAcquired"/>
    <link:loc xlink:type="locator" xlink:href="http://taxonomies.xbrl.us/us-gaap/2009/elts/us-gaap-2009-01-31.xsd#us-gaap_PaymentsToAcquireEquityMethodInvestments" xlink:label="PaymentsToAcquireEquityMethodInvestments"/>
    <link:loc xlink:type="locator" xlink:href="http://taxonomies.xbrl.us/us-gaap/2009/elts/us-gaap-2009-01-31.xsd#us-gaap_PaymentsForRepurchaseOfCommonStock" xlink:label="PaymentsForRepurchaseOfCommonStock"/>
    <link:definitionArc xlink:type="arc" xlink:arcrole="http://xbrl.org/int/dim/arcrole/domain-member" xlink:from="StatementLineItems" xlink:to="StockholdersEquityIncludingPortionAttributableToNoncontrollingInterest" use="optional" order="1.0"/>
    <link:definitionArc xlink:type="arc" xlink:arcrole="http://xbrl.org/int/dim/arcrole/domain-member" xlink:from="StatementLineItems" xlink:to="ComprehensiveIncomeNetOfTaxIncludingPortionAttributableToNoncontrollingInterestAbstract" use="optional" order="2.0"/>
    <link:definitionArc xlink:type="arc" xlink:arcrole="http://xbrl.org/int/dim/arcrole/domain-member" xlink:from="ComprehensiveIncomeNetOfTaxIncludingPortionAttributableToNoncontrollingInterestAbstract" xlink:to="ProfitLoss" use="optional" order="1.0"/>
    <link:definitionArc xlink:type="arc" xlink:arcrole="http://xbrl.org/int/dim/arcrole/domain-member" xlink:from="ComprehensiveIncomeNetOfTaxIncludingPortionAttributableToNoncontrollingInterestAbstract" xlink:to="OtherComprehensiveIncomeDefinedBenefitPlansAdjustmentNetOfTaxPeriodIncreaseDecrease" use="optional" order="2.0"/>
    <link:definitionArc xlink:type="arc" xlink:arcrole="http://xbrl.org/int/dim/arcrole/domain-member" xlink:from="ComprehensiveIncomeNetOfTaxIncludingPortionAttributableToNoncontrollingInterestAbstract" xlink:to="OtherComprehensiveIncomeForeignCurrencyTransactionAndTranslationAdjustmentNetOfTaxPeriodIncreaseDecrease" use="optional" order="3.0"/>
    <link:definitionArc xlink:type="arc" xlink:arcrole="http://xbrl.org/int/dim/arcrole/domain-member" xlink:from="ComprehensiveIncomeNetOfTaxIncludingPortionAttributableToNoncontrollingInterestAbstract" xlink:to="ComprehensiveIncomeNetOfTaxIncludingPortionAttributableToNoncontrollingInterest" use="optional" order="4.0"/>
    <link:definitionArc xlink:type="arc" xlink:arcrole="http://xbrl.org/int/dim/arcrole/domain-member" xlink:from="StatementLineItems" xlink:to="DividendsCommonStockCash" use="optional" order="9.0"/>
    <link:definitionArc xlink:type="arc" xlink:arcrole="http://xbrl.org/int/dim/arcrole/domain-member" xlink:from="StatementLineItems" xlink:to="AdjustmentsToAdditionalPaidInCapitalSharebasedCompensationRequisiteServicePeriodRecognitionValue" use="optional" order="4.0"/>
    <link:definitionArc xlink:type="arc" xlink:arcrole="http://xbrl.org/int/dim/arcrole/domain-member" xlink:from="StatementLineItems" xlink:to="StockIssuedDuringPeriodValueStockOptionsExercised" use="optional" order="10.0"/>
    <link:definitionArc xlink:type="arc" xlink:arcrole="http://xbrl.org/int/dim/arcrole/domain-member" xlink:from="StatementLineItems" xlink:to="AdjustmentsToAdditionalPaidInCapitalTaxEffectFromShareBasedCompensation" use="optional" order="11.0"/>
    <link:definitionArc xlink:type="arc" xlink:arcrole="http://xbrl.org/int/dim/arcrole/domain-member" xlink:from="StatementLineItems" xlink:to="ConsolidationOfVariableInterestEntity" use="optional" order="12.0"/>
    <link:definitionArc xlink:type="arc" xlink:arcrole="http://xbrl.org/int/dim/arcrole/all" xlink:from="StatementLineItems" xlink:to="StatementTable" order="8.0" p0:contextElement="segment"/>
    <link:definitionArc xlink:type="arc" xlink:arcrole="http://xbrl.org/int/dim/arcrole/hypercube-dimension" xlink:from="StatementTable" xlink:to="StatementEquityComponentsAxis" order="1.0"/>
    <link:definitionArc xlink:type="arc" xlink:arcrole="http://xbrl.org/int/dim/arcrole/dimension-domain" xlink:from="StatementEquityComponentsAxis" xlink:to="EquityComponentDomain" use="optional" order="1.0"/>
    <link:definitionArc xlink:type="arc" xlink:arcrole="http://xbrl.org/int/dim/arcrole/dimension-default" xlink:from="StatementEquityComponentsAxis" xlink:to="EquityComponentDomain_2" use="optional" priority="1" order="2.0"/>
    <link:definitionArc xlink:type="arc" xlink:arcrole="http://xbrl.org/int/dim/arcrole/domain-member" xlink:from="EquityComponentDomain" xlink:to="CommonStockMember" use="optional" order="1.0"/>
    <link:definitionArc xlink:type="arc" xlink:arcrole="http://xbrl.org/int/dim/arcrole/domain-member" xlink:from="EquityComponentDomain" xlink:to="AdditionalPaidInCapitalMember" use="optional" order="2.0"/>
    <link:definitionArc xlink:type="arc" xlink:arcrole="http://xbrl.org/int/dim/arcrole/domain-member" xlink:from="EquityComponentDomain" xlink:to="AccumulatedOtherComprehensiveIncomeMember" use="optional" order="3.0"/>
    <link:definitionArc xlink:type="arc" xlink:arcrole="http://xbrl.org/int/dim/arcrole/domain-member" xlink:from="EquityComponentDomain" xlink:to="RetainedEarningsMember" use="optional" order="4.0"/>
    <link:definitionArc xlink:type="arc" xlink:arcrole="http://xbrl.org/int/dim/arcrole/domain-member" xlink:from="EquityComponentDomain" xlink:to="TreasuryStockMember" use="optional" order="5.0"/>
    <link:definitionArc xlink:type="arc" xlink:arcrole="http://xbrl.org/int/dim/arcrole/domain-member" xlink:from="EquityComponentDomain" xlink:to="NoncontrollingInterestMember" use="optional" order="6.0"/>
  </link:definitionLink>
</link:linkbase>
