<?xml version="1.0" encoding="UTF-8"?>
<!-- Generated by Fujitsu XWand B0150 -->
<link:linkbase xmlns:xsi="http://www.w3.org/2001/XMLSchema-instance" xsi:schemaLocation="http://www.xbrl.org/2003/linkbase http://www.xbrl.org/2003/xbrl-linkbase-2003-12-31.xsd" xmlns:vertical="http://vertical/20110101" xmlns:link="http://www.xbrl.org/2003/linkbase" xmlns:xbrli="http://www.xbrl.org/2003/instance" xmlns:xlink="http://www.w3.org/1999/xlink">
  <link:roleRef roleURI="http://vertical/role/ConsolidatedStatementsOfShareholdersEquity" xlink:type="simple" xlink:href="vertical-20110101.xsd#ConsolidatedStatementsOfShareholdersEquity"/>
  <link:roleRef roleURI="http://vertical/role/Other" xlink:type="simple" xlink:href="vertical-20110101.xsd#Other"/>
  <link:presentationLink xlink:type="extended" xlink:role="http://vertical/role/Other">
    <link:loc xlink:type="locator" xlink:href="http://taxonomies.xbrl.us/us-gaap/2009/non-gaap/dei-2009-01-31.xsd#dei_DocumentInformationLineItems" xlink:label="DocumentInformationLineItems"/>
    <link:loc xlink:type="locator" xlink:href="http://taxonomies.xbrl.us/us-gaap/2009/non-gaap/dei-2009-01-31.xsd#dei_DocumentType" xlink:label="DocumentType"/>
    <link:loc xlink:type="locator" xlink:href="http://taxonomies.xbrl.us/us-gaap/2009/non-gaap/dei-2009-01-31.xsd#dei_EntityCentralIndexKey" xlink:label="EntityCentralIndexKey"/>
    <link:loc xlink:type="locator" xlink:href="http://taxonomies.xbrl.us/us-gaap/2009/non-gaap/dei-2009-01-31.xsd#dei_EntityRegistrantName" xlink:label="EntityRegistrantName"/>
    <link:loc xlink:type="locator" xlink:href="http://taxonomies.xbrl.us/us-gaap/2009/non-gaap/dei-2009-01-31.xsd#dei_AmendmentFlag" xlink:label="AmendmentFlag"/>
    <link:loc xlink:type="locator" xlink:href="http://taxonomies.xbrl.us/us-gaap/2009/non-gaap/dei-2009-01-31.xsd#dei_DocumentPeriodEndDate" xlink:label="DocumentPeriodEndDate"/>
    <link:presentationArc xlink:type="arc" xlink:arcrole="http://www.xbrl.org/2003/arcrole/parent-child" xlink:from="DocumentInformationLineItems" xlink:to="DocumentType" order="1.0"/>
    <link:presentationArc xlink:type="arc" xlink:arcrole="http://www.xbrl.org/2003/arcrole/parent-child" xlink:from="DocumentInformationLineItems" xlink:to="EntityCentralIndexKey" order="2.0"/>
    <link:presentationArc xlink:type="arc" xlink:arcrole="http://www.xbrl.org/2003/arcrole/parent-child" xlink:from="DocumentInformationLineItems" xlink:to="EntityRegistrantName" order="3.0"/>
    <link:presentationArc xlink:type="arc" xlink:arcrole="http://www.xbrl.org/2003/arcrole/parent-child" xlink:from="DocumentInformationLineItems" xlink:to="AmendmentFlag" order="4.0"/>
    <link:presentationArc xlink:type="arc" xlink:arcrole="http://www.xbrl.org/2003/arcrole/parent-child" xlink:from="DocumentInformationLineItems" xlink:to="DocumentPeriodEndDate" order="5.0"/>
  </link:presentationLink>
  <link:presentationLink xlink:type="extended" xlink:role="http://vertical/role/ConsolidatedStatementsOfShareholdersEquity">
    <link:loc xlink:type="locator" xlink:href="http://taxonomies.xbrl.us/us-gaap/2009/elts/us-gaap-2009-01-31.xsd#us-gaap_StatementOfStockholdersEquityAbstract" xlink:label="StatementOfStockholdersEquityAbstract"/>
    <link:loc xlink:type="locator" xlink:href="http://taxonomies.xbrl.us/us-gaap/2009/elts/us-gaap-2009-01-31.xsd#us-gaap_StatementTable" xlink:label="StatementTable"/>
    <link:loc xlink:type="locator" xlink:href="http://taxonomies.xbrl.us/us-gaap/2009/elts/us-gaap-2009-01-31.xsd#us-gaap_StatementEquityComponentsAxis" xlink:label="StatementEquityComponentsAxis"/>
    <link:loc xlink:type="locator" xlink:href="http://taxonomies.xbrl.us/us-gaap/2009/elts/us-gaap-2009-01-31.xsd#us-gaap_EquityComponentDomain" xlink:label="EquityComponentDomain"/>
    <link:loc xlink:type="locator" xlink:href="http://taxonomies.xbrl.us/us-gaap/2009/elts/us-gaap-2009-01-31.xsd#us-gaap_StatementLineItems" xlink:label="StatementLineItems"/>
    <link:loc xlink:type="locator" xlink:href="http://taxonomies.xbrl.us/us-gaap/2009/elts/us-gaap-2009-01-31.xsd#us-gaap_ComprehensiveIncomeNetOfTaxIncludingPortionAttributableToNoncontrollingInterestAbstract" xlink:label="ComprehensiveIncomeNetOfTaxIncludingPortionAttributableToNoncontrollingInterestAbstract"/>
    <link:loc xlink:type="locator" xlink:href="http://taxonomies.xbrl.us/us-gaap/2009/elts/us-gaap-2009-01-31.xsd#us-gaap_CommonStockMember" xlink:label="CommonStockMember"/>
    <link:loc xlink:type="locator" xlink:href="http://taxonomies.xbrl.us/us-gaap/2009/elts/us-gaap-2009-01-31.xsd#us-gaap_AdditionalPaidInCapitalMember" xlink:label="AdditionalPaidInCapitalMember"/>
    <link:loc xlink:type="locator" xlink:href="http://taxonomies.xbrl.us/us-gaap/2009/elts/us-gaap-2009-01-31.xsd#us-gaap_AccumulatedOtherComprehensiveIncomeMember" xlink:label="AccumulatedOtherComprehensiveIncomeMember"/>
    <link:loc xlink:type="locator" xlink:href="http://taxonomies.xbrl.us/us-gaap/2009/elts/us-gaap-2009-01-31.xsd#us-gaap_RetainedEarningsMember" xlink:label="RetainedEarningsMember"/>
    <link:loc xlink:type="locator" xlink:href="http://taxonomies.xbrl.us/us-gaap/2009/elts/us-gaap-2009-01-31.xsd#us-gaap_TreasuryStockMember" xlink:label="TreasuryStockMember"/>
    <link:loc xlink:type="locator" xlink:href="http://taxonomies.xbrl.us/us-gaap/2009/elts/us-gaap-2009-01-31.xsd#us-gaap_NoncontrollingInterestMember" xlink:label="NoncontrollingInterestMember"/>
    <link:loc xlink:type="locator" xlink:href="http://taxonomies.xbrl.us/us-gaap/2009/elts/us-gaap-2009-01-31.xsd#us-gaap_StockholdersEquityIncludingPortionAttributableToNoncontrollingInterest" xlink:label="StockholdersEquityIncludingPortionAttributableToNoncontrollingInterest"/>
    <link:loc xlink:type="locator" xlink:href="http://taxonomies.xbrl.us/us-gaap/2009/elts/us-gaap-2009-01-31.xsd#us-gaap_ProfitLoss" xlink:label="ProfitLoss"/>
    <link:loc xlink:type="locator" xlink:href="http://taxonomies.xbrl.us/us-gaap/2009/elts/us-gaap-2009-01-31.xsd#us-gaap_OtherComprehensiveIncomeDefinedBenefitPlansAdjustmentNetOfTaxPeriodIncreaseDecrease" xlink:label="OtherComprehensiveIncomeDefinedBenefitPlansAdjustmentNetOfTaxPeriodIncreaseDecrease"/>
    <link:loc xlink:type="locator" xlink:href="http://taxonomies.xbrl.us/us-gaap/2009/elts/us-gaap-2009-01-31.xsd#us-gaap_OtherComprehensiveIncomeForeignCurrencyTransactionAndTranslationAdjustmentNetOfTaxPeriodIncreaseDecrease" xlink:label="OtherComprehensiveIncomeForeignCurrencyTransactionAndTranslationAdjustmentNetOfTaxPeriodIncreaseDecrease"/>
    <link:loc xlink:type="locator" xlink:href="http://taxonomies.xbrl.us/us-gaap/2009/elts/us-gaap-2009-01-31.xsd#us-gaap_ComprehensiveIncomeNetOfTaxIncludingPortionAttributableToNoncontrollingInterest" xlink:label="ComprehensiveIncomeNetOfTaxIncludingPortionAttributableToNoncontrollingInterest"/>
    <link:loc xlink:type="locator" xlink:href="http://taxonomies.xbrl.us/us-gaap/2009/elts/us-gaap-2009-01-31.xsd#us-gaap_DividendsCommonStockCash" xlink:label="DividendsCommonStockCash"/>
    <link:loc xlink:type="locator" xlink:href="http://taxonomies.xbrl.us/us-gaap/2009/elts/us-gaap-2009-01-31.xsd#us-gaap_AdjustmentsToAdditionalPaidInCapitalSharebasedCompensationRequisiteServicePeriodRecognitionValue" xlink:label="AdjustmentsToAdditionalPaidInCapitalSharebasedCompensationRequisiteServicePeriodRecognitionValue"/>
    <link:loc xlink:type="locator" xlink:href="http://taxonomies.xbrl.us/us-gaap/2009/elts/us-gaap-2009-01-31.xsd#us-gaap_StockIssuedDuringPeriodValueStockOptionsExercised" xlink:label="StockIssuedDuringPeriodValueStockOptionsExercised"/>
    <link:loc xlink:type="locator" xlink:href="http://taxonomies.xbrl.us/us-gaap/2009/elts/us-gaap-2009-01-31.xsd#us-gaap_AdjustmentsToAdditionalPaidInCapitalTaxEffectFromShareBasedCompensation" xlink:label="AdjustmentsToAdditionalPaidInCapitalTaxEffectFromShareBasedCompensation"/>
    <link:loc xlink:type="locator" xlink:href="vertical-20110101.xsd#vertical_ConsolidationOfVariableInterestEntity" xlink:label="ConsolidationOfVariableInterestEntity"/>
    <link:presentationArc xlink:type="arc" xlink:arcrole="http://www.xbrl.org/2003/arcrole/parent-child" xlink:from="StatementOfStockholdersEquityAbstract" xlink:to="StatementTable" order="1.0"/>
    <link:presentationArc xlink:type="arc" xlink:arcrole="http://www.xbrl.org/2003/arcrole/parent-child" xlink:from="StatementTable" xlink:to="StatementEquityComponentsAxis" order="1.0"/>
    <link:presentationArc xlink:type="arc" xlink:arcrole="http://www.xbrl.org/2003/arcrole/parent-child" xlink:from="StatementEquityComponentsAxis" xlink:to="EquityComponentDomain" order="1.0"/>
    <link:presentationArc xlink:type="arc" xlink:arcrole="http://www.xbrl.org/2003/arcrole/parent-child" xlink:from="EquityComponentDomain" xlink:to="CommonStockMember" order="1.0"/>
    <link:presentationArc xlink:type="arc" xlink:arcrole="http://www.xbrl.org/2003/arcrole/parent-child" xlink:from="EquityComponentDomain" xlink:to="AdditionalPaidInCapitalMember" order="2.0"/>
    <link:presentationArc xlink:type="arc" xlink:arcrole="http://www.xbrl.org/2003/arcrole/parent-child" xlink:from="EquityComponentDomain" xlink:to="AccumulatedOtherComprehensiveIncomeMember" order="3.0"/>
    <link:presentationArc xlink:type="arc" xlink:arcrole="http://www.xbrl.org/2003/arcrole/parent-child" xlink:from="EquityComponentDomain" xlink:to="RetainedEarningsMember" order="4.0"/>
    <link:presentationArc xlink:type="arc" xlink:arcrole="http://www.xbrl.org/2003/arcrole/parent-child" xlink:from="EquityComponentDomain" xlink:to="TreasuryStockMember" order="5.0"/>
    <link:presentationArc xlink:type="arc" xlink:arcrole="http://www.xbrl.org/2003/arcrole/parent-child" xlink:from="EquityComponentDomain" xlink:to="NoncontrollingInterestMember" order="6.0"/>
    <link:presentationArc xlink:type="arc" xlink:arcrole="http://www.xbrl.org/2003/arcrole/parent-child" xlink:from="StatementTable" xlink:to="StatementLineItems" order="2.0"/>
    <link:presentationArc xlink:type="arc" xlink:arcrole="http://www.xbrl.org/2003/arcrole/parent-child" xlink:from="StatementLineItems" xlink:to="StockholdersEquityIncludingPortionAttributableToNoncontrollingInterest" order="1.0" preferredLabel="http://www.xbrl.org/2003/role/periodStartLabel"/>
    <link:presentationArc xlink:type="arc" xlink:arcrole="http://www.xbrl.org/2003/arcrole/parent-child" xlink:from="StatementLineItems" xlink:to="ComprehensiveIncomeNetOfTaxIncludingPortionAttributableToNoncontrollingInterestAbstract" order="2.0"/>
    <link:presentationArc xlink:type="arc" xlink:arcrole="http://www.xbrl.org/2003/arcrole/parent-child" xlink:from="ComprehensiveIncomeNetOfTaxIncludingPortionAttributableToNoncontrollingInterestAbstract" xlink:to="ProfitLoss" use="optional" order="1.0" preferredLabel="http://www.xbrl.org/2003/role/terseLabel"/>
    <link:presentationArc xlink:type="arc" xlink:arcrole="http://www.xbrl.org/2003/arcrole/parent-child" xlink:from="ComprehensiveIncomeNetOfTaxIncludingPortionAttributableToNoncontrollingInterestAbstract" xlink:to="OtherComprehensiveIncomeDefinedBenefitPlansAdjustmentNetOfTaxPeriodIncreaseDecrease" order="2.0"/>
    <link:presentationArc xlink:type="arc" xlink:arcrole="http://www.xbrl.org/2003/arcrole/parent-child" xlink:from="ComprehensiveIncomeNetOfTaxIncludingPortionAttributableToNoncontrollingInterestAbstract" xlink:to="OtherComprehensiveIncomeForeignCurrencyTransactionAndTranslationAdjustmentNetOfTaxPeriodIncreaseDecrease" order="3.0"/>
    <link:presentationArc xlink:type="arc" xlink:arcrole="http://www.xbrl.org/2003/arcrole/parent-child" xlink:from="ComprehensiveIncomeNetOfTaxIncludingPortionAttributableToNoncontrollingInterestAbstract" xlink:to="ComprehensiveIncomeNetOfTaxIncludingPortionAttributableToNoncontrollingInterest" order="4.0" preferredLabel="http://www.xbrl.org/2003/role/totalLabel"/>
    <link:presentationArc xlink:type="arc" xlink:arcrole="http://www.xbrl.org/2003/arcrole/parent-child" xlink:from="StatementLineItems" xlink:to="DividendsCommonStockCash" order="3.0"/>
    <link:presentationArc xlink:type="arc" xlink:arcrole="http://www.xbrl.org/2003/arcrole/parent-child" xlink:from="StatementLineItems" xlink:to="AdjustmentsToAdditionalPaidInCapitalSharebasedCompensationRequisiteServicePeriodRecognitionValue" order="4.0"/>
    <link:presentationArc xlink:type="arc" xlink:arcrole="http://www.xbrl.org/2003/arcrole/parent-child" xlink:from="StatementLineItems" xlink:to="StockIssuedDuringPeriodValueStockOptionsExercised" order="5.0" preferredLabel="http://www.xbrl.org/2003/role/terseLabel"/>
    <link:presentationArc xlink:type="arc" xlink:arcrole="http://www.xbrl.org/2003/arcrole/parent-child" xlink:from="StatementLineItems" xlink:to="AdjustmentsToAdditionalPaidInCapitalTaxEffectFromShareBasedCompensation" order="6.0"/>
    <link:presentationArc xlink:type="arc" xlink:arcrole="http://www.xbrl.org/2003/arcrole/parent-child" xlink:from="StatementLineItems" xlink:to="ConsolidationOfVariableInterestEntity" order="7.0" preferredLabel="http://www.xbrl.org/2003/role/terseLabel"/>
  </link:presentationLink>
</link:linkbase>
