<?xml version="1.0" encoding="utf-8"?>
<?taxonomy-version 1.3.2?>
<!--Copyright (C) 2011 EBA - European Banking Authority, Tower 42, 25 Old Broad Street, London, EC2N 1HQ, United Kingdom.-->   <!-- Copyright (C) 2009 CEBS Secretariat Ltd., Tower 42, 25 Old Broad Street, London, EC2N 1HQ, United Kingdom. -->
<linkbase
	xmlns="http://www.xbrl.org/2003/linkbase"
	xmlns:xsi="http://www.w3.org/2001/XMLSchema-instance"
	xmlns:xlink="http://www.w3.org/1999/xlink"
	xsi:schemaLocation=" http://www.xbrl.org/2003/linkbase http://www.xbrl.org/2003/xbrl-linkbase-2003-12-31.xsd">
  <labelLink xlink:type="extended" xlink:role="http://www.xbrl.org/2003/role/link">
    <loc xlink:type="locator" xlink:href="d-PastDue-2008-01-01.xsd#d-PastDue_HcPastDueHypercube" xlink:label="d-PastDue_HcPastDueHypercube" />
    <labelArc xlink:type="arc" xlink:arcrole="http://www.xbrl.org/2003/arcrole/concept-label" xlink:from="d-PastDue_HcPastDueHypercube" xlink:to="d-PastDue_HcPastDueHypercube_lbl" />
    <label id="d-PastDue_HcPastDueHypercube_lbl_55" xlink:type="resource" xlink:role="http://www.xbrl.org/2003/role/label" xlink:label="d-PastDue_HcPastDueHypercube_lbl" xml:lang="en">Past-Due Hypercube</label>
    <loc xlink:type="locator" xlink:href="d-PastDue-2008-01-01.xsd#d-PastDue_Between181Days1Year" xlink:label="d-PastDue_Between181Days1Year" />
    <labelArc xlink:type="arc" xlink:arcrole="http://www.xbrl.org/2003/arcrole/concept-label" xlink:from="d-PastDue_Between181Days1Year" xlink:to="d-PastDue_Between181Days1Year_lbl" />
    <label xlink:type="resource" xlink:role="http://www.xbrl.org/2003/role/label" xlink:label="d-PastDue_Between181Days1Year_lbl" id="d-PastDue_Between181Days1Year_lbl_6" xml:lang="en">Between 181 Days and 1 Year</label>
    <loc xlink:type="locator" xlink:href="d-PastDue-2008-01-01.xsd#d-PastDue_Between91180Days" xlink:label="d-PastDue_Between91180Days" />
    <labelArc xlink:type="arc" xlink:arcrole="http://www.xbrl.org/2003/arcrole/concept-label" xlink:from="d-PastDue_Between91180Days" xlink:to="d-PastDue_Between91180Days_lbl" />
    <label xlink:type="resource" xlink:role="http://www.xbrl.org/2003/role/label" xlink:label="d-PastDue_Between91180Days_lbl" id="d-PastDue_Between91180Days_lbl_9" xml:lang="en">Between 91 and 180 Days</label>
    <loc xlink:type="locator" xlink:href="d-PastDue-2008-01-01.xsd#d-PastDue_LessThan90Days" xlink:label="d-PastDue_LessThan90Days" />
    <labelArc xlink:type="arc" xlink:arcrole="http://www.xbrl.org/2003/arcrole/concept-label" xlink:from="d-PastDue_LessThan90Days" xlink:to="d-PastDue_LessThan90Days_lbl" />
    <label xlink:type="resource" xlink:role="http://www.xbrl.org/2003/role/label" xlink:label="d-PastDue_LessThan90Days_lbl" id="d-PastDue_LessThan90Days_lbl_12" xml:lang="en">Less than 90 Days</label>
    <loc xlink:type="locator" xlink:href="d-PastDue-2008-01-01.xsd#d-PastDue_Over1Year" xlink:label="d-PastDue_Over1Year" />
    <labelArc xlink:type="arc" xlink:arcrole="http://www.xbrl.org/2003/arcrole/concept-label" xlink:from="d-PastDue_Over1Year" xlink:to="d-PastDue_Over1Year_lbl" />
    <label xlink:type="resource" xlink:role="http://www.xbrl.org/2003/role/label" xlink:label="d-PastDue_Over1Year_lbl" id="d-PastDue_Over1Year_lbl_15" xml:lang="en">Over 1 Year</label>
    <loc xlink:type="locator" xlink:href="d-PastDue-2008-01-01.xsd#d-PastDue_PastDueDomain" xlink:label="d-PastDue_PastDueDomain" />
    <labelArc xlink:type="arc" xlink:arcrole="http://www.xbrl.org/2003/arcrole/concept-label" xlink:from="d-PastDue_PastDueDomain" xlink:to="d-PastDue_PastDueDomain_lbl" />
    <label xlink:type="resource" xlink:role="http://www.xbrl.org/2003/role/label" xlink:label="d-PastDue_PastDueDomain_lbl" id="d-PastDue_PastDueDomain_lbl_18" xml:lang="en">PastDue (Domain)</label>
    <loc xlink:type="locator" xlink:href="d-PastDue-2008-01-01.xsd#d-PastDue_ByPastDueDimension" xlink:label="d-PastDue_ByPastDueDimension" />
    <labelArc xlink:type="arc" xlink:arcrole="http://www.xbrl.org/2003/arcrole/concept-label" xlink:from="d-PastDue_ByPastDueDimension" xlink:to="d-PastDue_ByPastDueDimension_lbl" />
    <label xlink:type="resource" xlink:role="http://www.xbrl.org/2003/role/label" xlink:label="d-PastDue_ByPastDueDimension_lbl" id="d-PastDue_ByPastDueDimension_lbl_21" xml:lang="en">by Past-Due Dimension</label>
  </labelLink>
</linkbase>