<?xml version="1.0" encoding="utf-8"?>
<?taxonomy-version 1.3.2?>
<!--Copyright (C) 2011 EBA - European Banking Authority, Tower 42, 25 Old Broad Street, London, EC2N 1HQ, United Kingdom.-->   <!-- Copyright (C) 2009 CEBS Secretariat Ltd., Tower 42, 25 Old Broad Street, London, EC2N 1HQ, United Kingdom. -->
<linkbase
	xmlns="http://www.xbrl.org/2003/linkbase"
	xmlns:xsi="http://www.w3.org/2001/XMLSchema-instance"
	xmlns:xlink="http://www.w3.org/1999/xlink"
	xsi:schemaLocation=" http://www.xbrl.org/2003/linkbase http://www.xbrl.org/2003/xbrl-linkbase-2003-12-31.xsd">
  <roleRef xlink:type="simple" xlink:href="p-FINREP-2008-01-01-T36-LoanCommitmentsFinancialGuaranteesAndOtherCommitments.xsd#LoanCommitmentsFinancialGuaranteesAndOtherCommitments" roleURI="http://www.c-ebs.org/eu/fr/esrs/finrep/2008-01-01/role/LoanCommitmentsFinancialGuaranteesAndOtherCommitments" />
  <arcroleRef arcroleURI="http://xbrl.org/int/dim/arcrole/domain-member" xlink:type="simple" xlink:href="http://www.xbrl.org/2005/xbrldt-2005.xsd#domain-member"/>
  <definitionLink xlink:type="extended" xlink:role="http://www.c-ebs.org/eu/fr/esrs/finrep/2008-01-01/role/LoanCommitmentsFinancialGuaranteesAndOtherCommitments">
    <loc xlink:type="locator" xlink:href="p-FINREP-2008-01-01.xsd#p-FINREP_NotionalAmountsOfOffBalanceSheetCommitmentsPresentation" xlink:label="p-FINREP_NotionalAmountsOfOffBalanceSheetCommitmentsPresentation" />
    <loc xlink:type="locator" xlink:href="p-FINREP-2008-01-01.xsd#p-FINREP_LoanCommitmentsNotionalAmount" xlink:label="p-FINREP_LoanCommitmentsNotionalAmount" />
    <definitionArc xlink:type="arc" xlink:arcrole="http://xbrl.org/int/dim/arcrole/domain-member" xlink:from="p-FINREP_NotionalAmountsOfOffBalanceSheetCommitmentsPresentation" xlink:to="p-FINREP_LoanCommitmentsNotionalAmount" order="1" use="optional" />
    <loc xlink:type="locator" xlink:href="p-FINREP-2008-01-01.xsd#p-FINREP_LoanCommitmentsGivenNotionalAmount" xlink:label="p-FINREP_LoanCommitmentsGivenNotionalAmount" />
    <definitionArc xlink:type="arc" xlink:arcrole="http://xbrl.org/int/dim/arcrole/domain-member" xlink:from="p-FINREP_LoanCommitmentsNotionalAmount" xlink:to="p-FINREP_LoanCommitmentsGivenNotionalAmount" order="1" use="optional" />
    <loc xlink:type="locator" xlink:href="p-FINREP-2008-01-01.xsd#p-FINREP_LoanCommitmentsReceivedNotionalAmount" xlink:label="p-FINREP_LoanCommitmentsReceivedNotionalAmount" />
    <definitionArc xlink:type="arc" xlink:arcrole="http://xbrl.org/int/dim/arcrole/domain-member" xlink:from="p-FINREP_LoanCommitmentsNotionalAmount" xlink:to="p-FINREP_LoanCommitmentsReceivedNotionalAmount" order="2" use="optional" />
    <loc xlink:type="locator" xlink:href="p-FINREP-2008-01-01.xsd#p-FINREP_FinancialGuaranteesNotionalAmount" xlink:label="p-FINREP_FinancialGuaranteesNotionalAmount" />
    <definitionArc xlink:type="arc" xlink:arcrole="http://xbrl.org/int/dim/arcrole/domain-member" xlink:from="p-FINREP_NotionalAmountsOfOffBalanceSheetCommitmentsPresentation" xlink:to="p-FINREP_FinancialGuaranteesNotionalAmount" order="2" use="optional" />
    <loc xlink:type="locator" xlink:href="p-FINREP-2008-01-01.xsd#p-FINREP_FinancialGuaranteesGivenNotionalAmount" xlink:label="p-FINREP_FinancialGuaranteesGivenNotionalAmount" />
    <definitionArc xlink:type="arc" xlink:arcrole="http://xbrl.org/int/dim/arcrole/domain-member" xlink:from="p-FINREP_FinancialGuaranteesNotionalAmount" xlink:to="p-FINREP_FinancialGuaranteesGivenNotionalAmount" order="1" use="optional" />
    <loc xlink:type="locator" xlink:href="p-FINREP-2008-01-01.xsd#p-FINREP_GuaranteesReceivedNotionalAmount" xlink:label="p-FINREP_GuaranteesReceivedNotionalAmount" />
    <definitionArc xlink:type="arc" xlink:arcrole="http://xbrl.org/int/dim/arcrole/domain-member" xlink:from="p-FINREP_FinancialGuaranteesNotionalAmount" xlink:to="p-FINREP_GuaranteesReceivedNotionalAmount" order="2" use="optional" />
    <loc xlink:type="locator" xlink:href="p-FINREP-2008-01-01.xsd#p-FINREP_CreditDerivativesReceivedNotionalAmount" xlink:label="p-FINREP_CreditDerivativesReceivedNotionalAmount" />
    <definitionArc xlink:type="arc" xlink:arcrole="http://xbrl.org/int/dim/arcrole/domain-member" xlink:from="p-FINREP_FinancialGuaranteesNotionalAmount" xlink:to="p-FINREP_CreditDerivativesReceivedNotionalAmount" order="3" use="optional" />
    <loc xlink:type="locator" xlink:href="p-FINREP-2008-01-01.xsd#p-FINREP_OtherCommitmentsNotionalAmount" xlink:label="p-FINREP_OtherCommitmentsNotionalAmount" />
    <definitionArc xlink:type="arc" xlink:arcrole="http://xbrl.org/int/dim/arcrole/domain-member" xlink:from="p-FINREP_NotionalAmountsOfOffBalanceSheetCommitmentsPresentation" xlink:to="p-FINREP_OtherCommitmentsNotionalAmount" order="3" use="optional" />
    <loc xlink:type="locator" xlink:href="p-FINREP-2008-01-01.xsd#p-FINREP_OtherCommitmentsGivenNotionalAmount" xlink:label="p-FINREP_OtherCommitmentsGivenNotionalAmount" />
    <definitionArc xlink:type="arc" xlink:arcrole="http://xbrl.org/int/dim/arcrole/domain-member" xlink:from="p-FINREP_OtherCommitmentsNotionalAmount" xlink:to="p-FINREP_OtherCommitmentsGivenNotionalAmount" order="1" use="optional" />
    <loc xlink:type="locator" xlink:href="p-FINREP-2008-01-01.xsd#p-FINREP_OtherCommitmentsReceivedNotionalAmount" xlink:label="p-FINREP_OtherCommitmentsReceivedNotionalAmount" />
    <definitionArc xlink:type="arc" xlink:arcrole="http://xbrl.org/int/dim/arcrole/domain-member" xlink:from="p-FINREP_OtherCommitmentsNotionalAmount" xlink:to="p-FINREP_OtherCommitmentsReceivedNotionalAmount" order="2" use="optional" />
</definitionLink>
</linkbase>