<?xml version="1.0" encoding="UTF-8"?>

<?taxonomy-version 1.3.2?>

<!--Copyright (C) 2011 EBA - European Banking Authority, Tower 42, 25 Old Broad Street, London, EC2N 1HQ, United Kingdom.-->
<link:linkbase xmlns:xsi="http://www.w3.org/2001/XMLSchema-instance" xsi:schemaLocation="http://www.xbrl.org/2003/linkbase http://www.xbrl.org/2003/xbrl-linkbase-2003-12-31.xsd" xmlns:link="http://www.xbrl.org/2003/linkbase" xmlns:xbrldt="http://xbrl.org/2005/xbrldt" xmlns:xlink="http://www.w3.org/1999/xlink" xmlns:xbrli="http://www.xbrl.org/2003/instance">
  <link:roleRef roleURI="http://www.c-ebs.org/eu/fr/esrs/finrep/2008-01-01/role/HcCRDConsolidationScope" xlink:type="simple" xlink:href="t-KRI-FINREP-2010-12-31-T01-BalanceSheet.xsd#CRDConsolidationScope"/>
  <link:roleRef roleURI="http://www.c-ebs.org/eu/fr/esrs/finrep/2008-01-01/role/HcIFRSConsolidationScope" xlink:type="simple" xlink:href="t-KRI-FINREP-2010-12-31-T01-BalanceSheet.xsd#IFRSConsolidationScope"/>
  <link:roleRef roleURI="http://www.c-ebs.org/eu/fr/esrs/finrep/2008-01-01/role/ProhibitedItems" xlink:type="simple" xlink:href="d-hh-2008-01-01.xsd#ProhibitedItems"/>
  <link:roleRef roleURI="http://www.c-ebs.org/eu/fr/esrs/finrep/2008-01-01/role/BalanceSheet" xlink:type="simple" xlink:href="p-FINREP-2008-01-01-T01-BalanceSheet.xsd#BalanceSheet"/>
  <link:roleRef roleURI="http://www.c-ebs.org/eu/fr/esrs/finrep/2008-01-01/role/HcCRDConsolidationScopeHypercube" xlink:type="simple" xlink:href="d-ConsScope-2008-01-01.xsd#CRDConsolidationScopeHypercube"/>
  <link:roleRef roleURI="http://www.c-ebs.org/eu/fr/esrs/finrep/2008-01-01/role/HcConsolidationScopeHypercube" xlink:type="simple" xlink:href="d-ConsScope-2008-01-01.xsd#ConsolidationScopeHypercube"/>
  <link:arcroleRef arcroleURI="http://xbrl.org/int/dim/arcrole/all" xlink:type="simple" xlink:href="http://www.xbrl.org/2005/xbrldt-2005.xsd#all"/>
  <link:arcroleRef arcroleURI="http://xbrl.org/int/dim/arcrole/dimension-default" xlink:type="simple" xlink:href="http://www.xbrl.org/2005/xbrldt-2005.xsd#dimension-default"/>
  <link:arcroleRef arcroleURI="http://xbrl.org/int/dim/arcrole/dimension-domain" xlink:type="simple" xlink:href="http://www.xbrl.org/2005/xbrldt-2005.xsd#dimension-domain"/>
  <link:arcroleRef arcroleURI="http://xbrl.org/int/dim/arcrole/domain-member" xlink:type="simple" xlink:href="http://www.xbrl.org/2005/xbrldt-2005.xsd#domain-member"/>
  <link:arcroleRef arcroleURI="http://xbrl.org/int/dim/arcrole/hypercube-dimension" xlink:type="simple" xlink:href="http://www.xbrl.org/2005/xbrldt-2005.xsd#hypercube-dimension"/>
  <link:definitionLink xlink:type="extended" xlink:role="http://www.c-ebs.org/eu/fr/esrs/finrep/2008-01-01/role/HcCRDConsolidationScope">
    <link:loc xlink:type="locator" xlink:href="http://xbrl.iasb.org/int/fr/ifrs/gp/2006-08-15/ifrs-gp-2006-08-15.xsd#ifrs-gp_BalanceSheetPresentation" xlink:label="BalanceSheetPresentation" xlink:title="BalanceSheetPresentation"/>
    <link:loc xlink:type="locator" xlink:href="http://xbrl.iasb.org/int/fr/ifrs/gp/2006-08-15/ifrs-gp-2006-08-15.xsd#ifrs-gp_AssetsPresentation" xlink:label="AssetsPresentation" xlink:title="AssetsPresentation"/>
    <link:definitionArc xlink:type="arc" xlink:arcrole="http://xbrl.org/int/dim/arcrole/domain-member" xlink:from="BalanceSheetPresentation" xlink:to="AssetsPresentation" xlink:title="definition: BalanceSheetPresentation to AssetsPresentation" order="8.0"/>
    <link:loc xlink:type="locator" xlink:href="http://xbrl.iasb.org/int/fr/ifrs/gp/2006-08-15/ifrs-gp-2006-08-15.xsd#ifrs-gp_CashAndBalancesWithCentralBanks" xlink:label="CashAndBalancesWithCentralBanks" xlink:title="CashAndBalancesWithCentralBanks"/>
    <link:definitionArc xlink:type="arc" xlink:arcrole="http://xbrl.org/int/dim/arcrole/domain-member" xlink:from="AssetsPresentation" xlink:to="CashAndBalancesWithCentralBanks" xlink:title="definition: AssetsPresentation to CashAndBalancesWithCentralBanks" order="1.0"/>
    <link:loc xlink:type="locator" xlink:href="http://xbrl.iasb.org/int/fr/ifrs/gp/2006-08-15/ifrs-gp-2006-08-15.xsd#ifrs-gp_FinancialAssetsHeldForTradingTotal" xlink:label="FinancialAssetsHeldForTradingTotal" xlink:title="FinancialAssetsHeldForTradingTotal"/>
    <link:definitionArc xlink:type="arc" xlink:arcrole="http://xbrl.org/int/dim/arcrole/domain-member" xlink:from="AssetsPresentation" xlink:to="FinancialAssetsHeldForTradingTotal" xlink:title="definition: AssetsPresentation to FinancialAssetsHeldForTradingTotal" order="2.0"/>
    <link:loc xlink:type="locator" xlink:href="http://xbrl.iasb.org/int/fr/ifrs/gp/2006-08-15/ifrs-gp-2006-08-15.xsd#ifrs-gp_FinancialAssetsHeldForTradingTradingDerivatives" xlink:label="FinancialAssetsHeldForTradingTradingDerivatives"/>
    <link:definitionArc xlink:type="arc" xlink:arcrole="http://xbrl.org/int/dim/arcrole/domain-member" xlink:from="FinancialAssetsHeldForTradingTotal" xlink:to="FinancialAssetsHeldForTradingTradingDerivatives" xlink:title="definition: FinancialAssetsHeldForTradingTotal to FinancialAssetsHeldForTradingTradingDerivatives" use="optional" order="1.0"/>
    <link:loc xlink:type="locator" xlink:href="http://xbrl.iasb.org/int/fr/ifrs/gp/2006-08-15/ifrs-gp-2006-08-15.xsd#ifrs-gp_FinancialAssetsHeldForTradingEquityInstruments" xlink:label="FinancialAssetsHeldForTradingEquityInstruments"/>
    <link:definitionArc xlink:type="arc" xlink:arcrole="http://xbrl.org/int/dim/arcrole/domain-member" xlink:from="FinancialAssetsHeldForTradingTotal" xlink:to="FinancialAssetsHeldForTradingEquityInstruments" xlink:title="definition: FinancialAssetsHeldForTradingTotal to FinancialAssetsHeldForTradingEquityInstruments" use="optional" order="2.0"/>
    <link:loc xlink:type="locator" xlink:href="http://xbrl.iasb.org/int/fr/ifrs/gp/2006-08-15/ifrs-gp-2006-08-15.xsd#ifrs-gp_FinancialAssetsHeldForTradingOtherDebtInstruments" xlink:label="FinancialAssetsHeldForTradingOtherDebtInstruments"/>
    <link:definitionArc xlink:type="arc" xlink:arcrole="http://xbrl.org/int/dim/arcrole/domain-member" xlink:from="FinancialAssetsHeldForTradingTotal" xlink:to="FinancialAssetsHeldForTradingOtherDebtInstruments" xlink:title="definition: FinancialAssetsHeldForTradingTotal to FinancialAssetsHeldForTradingOtherDebtInstruments" use="optional" order="3.0"/>
    <link:loc xlink:type="locator" xlink:href="http://xbrl.iasb.org/int/fr/ifrs/gp/2006-08-15/ifrs-gp-2006-08-15.xsd#ifrs-gp_FinancialAssetsHeldForTradingLoansAndAdvances" xlink:label="FinancialAssetsHeldForTradingLoansAndAdvances"/>
    <link:definitionArc xlink:type="arc" xlink:arcrole="http://xbrl.org/int/dim/arcrole/domain-member" xlink:from="FinancialAssetsHeldForTradingTotal" xlink:to="FinancialAssetsHeldForTradingLoansAndAdvances" xlink:title="definition: FinancialAssetsHeldForTradingTotal to FinancialAssetsHeldForTradingLoansAndAdvances" use="optional" order="4.0"/>
    <link:loc xlink:type="locator" xlink:href="http://xbrl.iasb.org/int/fr/ifrs/gp/2006-08-15/ifrs-gp-2006-08-15.xsd#ifrs-gp_FinancialAssetsDesignatedAsFairValueThroughProfitOrLossTotal" xlink:label="FinancialAssetsDesignatedAsFairValueThroughProfitOrLossTotal" xlink:title="FinancialAssetsDesignatedAsFairValueThroughProfitOrLossTotal"/>
    <link:definitionArc xlink:type="arc" xlink:arcrole="http://xbrl.org/int/dim/arcrole/domain-member" xlink:from="AssetsPresentation" xlink:to="FinancialAssetsDesignatedAsFairValueThroughProfitOrLossTotal" xlink:title="definition: AssetsPresentation to FinancialAssetsDesignatedAsFairValueThroughProfitOrLossTotal" use="optional" order="3.0"/>
    <link:loc xlink:type="locator" xlink:href="http://xbrl.iasb.org/int/fr/ifrs/gp/2006-08-15/ifrs-gp-2006-08-15.xsd#ifrs-gp_FinancialAssetsDesignatedAsFairValueThroughProfitOrLossEquityInstruments" xlink:label="FinancialAssetsDesignatedAsFairValueThroughProfitOrLossEquityInstruments"/>
    <link:definitionArc xlink:type="arc" xlink:arcrole="http://xbrl.org/int/dim/arcrole/domain-member" xlink:from="FinancialAssetsDesignatedAsFairValueThroughProfitOrLossTotal" xlink:to="FinancialAssetsDesignatedAsFairValueThroughProfitOrLossEquityInstruments" xlink:title="definition: FinancialAssetsDesignatedAsFairValueThroughProfitOrLossTotal to FinancialAssetsDesignatedAsFairValueThroughProfitOrLossEquityInstruments" use="optional" order="1.0"/>
    <link:loc xlink:type="locator" xlink:href="http://xbrl.iasb.org/int/fr/ifrs/gp/2006-08-15/ifrs-gp-2006-08-15.xsd#ifrs-gp_FinancialAssetsDesignatedAsFairValueThroughProfitOrLossOtherDebtInstruments" xlink:label="FinancialAssetsDesignatedAsFairValueThroughProfitOrLossOtherDebtInstruments"/>
    <link:definitionArc xlink:type="arc" xlink:arcrole="http://xbrl.org/int/dim/arcrole/domain-member" xlink:from="FinancialAssetsDesignatedAsFairValueThroughProfitOrLossTotal" xlink:to="FinancialAssetsDesignatedAsFairValueThroughProfitOrLossOtherDebtInstruments" xlink:title="definition: FinancialAssetsDesignatedAsFairValueThroughProfitOrLossTotal to FinancialAssetsDesignatedAsFairValueThroughProfitOrLossOtherDebtInstruments" use="optional" order="2.0"/>
    <link:loc xlink:type="locator" xlink:href="http://xbrl.iasb.org/int/fr/ifrs/gp/2006-08-15/ifrs-gp-2006-08-15.xsd#ifrs-gp_FinancialAssetsDesignatedAsFairValueThroughProfitOrLossLoansAndAdvancesTotal" xlink:label="FinancialAssetsDesignatedAsFairValueThroughProfitOrLossLoansAndAdvancesTotal"/>
    <link:definitionArc xlink:type="arc" xlink:arcrole="http://xbrl.org/int/dim/arcrole/domain-member" xlink:from="FinancialAssetsDesignatedAsFairValueThroughProfitOrLossTotal" xlink:to="FinancialAssetsDesignatedAsFairValueThroughProfitOrLossLoansAndAdvancesTotal" xlink:title="definition: FinancialAssetsDesignatedAsFairValueThroughProfitOrLossTotal to FinancialAssetsDesignatedAsFairValueThroughProfitOrLossLoansAndAdvancesTotal" use="optional" order="3.0"/>
    <link:loc xlink:type="locator" xlink:href="http://xbrl.iasb.org/int/fr/ifrs/gp/2006-08-15/ifrs-gp-2006-08-15.xsd#ifrs-gp_AvailableForSaleFinancialAssetsTotal" xlink:label="AvailableForSaleFinancialAssetsTotal" xlink:title="AvailableForSaleFinancialAssetsTotal"/>
    <link:definitionArc xlink:type="arc" xlink:arcrole="http://xbrl.org/int/dim/arcrole/domain-member" xlink:from="AssetsPresentation" xlink:to="AvailableForSaleFinancialAssetsTotal" xlink:title="definition: AssetsPresentation to AvailableForSaleFinancialAssetsTotal" order="4.0"/>
    <link:loc xlink:type="locator" xlink:href="p-FINREP-2008-01-01.xsd#p-FINREP_AvailableForSaleFinancialAssetsEquityInstruments" xlink:label="AvailableForSaleFinancialAssetsEquityInstruments"/>
    <link:definitionArc xlink:type="arc" xlink:arcrole="http://xbrl.org/int/dim/arcrole/domain-member" xlink:from="AvailableForSaleFinancialAssetsTotal" xlink:to="AvailableForSaleFinancialAssetsEquityInstruments" xlink:title="definition: AvailableForSaleFinancialAssetsTotal to AvailableForSaleFinancialAssetsEquityInstruments" use="optional" order="1.0"/>
    <link:loc xlink:type="locator" xlink:href="http://xbrl.iasb.org/int/fr/ifrs/gp/2006-08-15/ifrs-gp-2006-08-15.xsd#ifrs-gp_AvailableForSaleFinancialAssetsOtherDebtInstruments" xlink:label="AvailableForSaleFinancialAssetsOtherDebtInstruments"/>
    <link:definitionArc xlink:type="arc" xlink:arcrole="http://xbrl.org/int/dim/arcrole/domain-member" xlink:from="AvailableForSaleFinancialAssetsTotal" xlink:to="AvailableForSaleFinancialAssetsOtherDebtInstruments" xlink:title="definition: AvailableForSaleFinancialAssetsTotal to AvailableForSaleFinancialAssetsOtherDebtInstruments" use="optional" order="2.0"/>
    <link:loc xlink:type="locator" xlink:href="http://xbrl.iasb.org/int/fr/ifrs/gp/2006-08-15/ifrs-gp-2006-08-15.xsd#ifrs-gp_AvailableForSaleFinancialAssetsLoansAndAdvances" xlink:label="AvailableForSaleFinancialAssetsLoansAndAdvances"/>
    <link:definitionArc xlink:type="arc" xlink:arcrole="http://xbrl.org/int/dim/arcrole/domain-member" xlink:from="AvailableForSaleFinancialAssetsTotal" xlink:to="AvailableForSaleFinancialAssetsLoansAndAdvances" xlink:title="definition: AvailableForSaleFinancialAssetsTotal to AvailableForSaleFinancialAssetsLoansAndAdvances" use="optional" order="3.0"/>
    <link:loc xlink:type="locator" xlink:href="http://xbrl.iasb.org/int/fr/ifrs/gp/2006-08-15/ifrs-gp-2006-08-15.xsd#ifrs-gp_LoansAndReceivablesTotal" xlink:label="LoansAndReceivablesTotal"/>
    <link:definitionArc xlink:type="arc" xlink:arcrole="http://xbrl.org/int/dim/arcrole/domain-member" xlink:from="AssetsPresentation" xlink:to="LoansAndReceivablesTotal" xlink:title="definition: AssetsPresentation to LoansAndReceivablesTotal" use="optional" order="5.0"/>
    <link:loc xlink:type="locator" xlink:href="p-FINREP-2008-01-01.xsd#p-FINREP_LoansAndReceivablesDebtInstruments" xlink:label="LoansAndReceivablesDebtInstruments"/>
    <link:definitionArc xlink:type="arc" xlink:arcrole="http://xbrl.org/int/dim/arcrole/domain-member" xlink:from="LoansAndReceivablesTotal" xlink:to="LoansAndReceivablesDebtInstruments" xlink:title="definition: LoansAndReceivablesTotal to LoansAndReceivablesDebtInstruments" use="optional" order="1.0"/>
    <link:loc xlink:type="locator" xlink:href="p-FINREP-2008-01-01.xsd#p-FINREP_LoansAndReceivablesLoansAndAdvances" xlink:label="LoansAndReceivablesLoansAndAdvances"/>
    <link:definitionArc xlink:type="arc" xlink:arcrole="http://xbrl.org/int/dim/arcrole/domain-member" xlink:from="LoansAndReceivablesTotal" xlink:to="LoansAndReceivablesLoansAndAdvances" xlink:title="definition: LoansAndReceivablesTotal to LoansAndReceivablesLoansAndAdvances" use="optional" order="2.0"/>
    <link:loc xlink:type="locator" xlink:href="http://xbrl.iasb.org/int/fr/ifrs/gp/2006-08-15/ifrs-gp-2006-08-15.xsd#ifrs-gp_HeldToMaturityInvestmentsTotal" xlink:label="HeldToMaturityInvestmentsTotal" xlink:title="HeldToMaturityInvestmentsTotal"/>
    <link:definitionArc xlink:type="arc" xlink:arcrole="http://xbrl.org/int/dim/arcrole/domain-member" xlink:from="AssetsPresentation" xlink:to="HeldToMaturityInvestmentsTotal" xlink:title="definition: AssetsPresentation to HeldToMaturityInvestmentsTotal" order="6.0"/>
    <link:loc xlink:type="locator" xlink:href="p-FINREP-2008-01-01.xsd#p-FINREP_HeldToMaturityInvestmentsDebtInstruments" xlink:label="HeldToMaturityInvestmentsDebtInstruments" xlink:title="HeldToMaturityInvestmentsDebtInstruments"/>
    <link:definitionArc xlink:type="arc" xlink:arcrole="http://xbrl.org/int/dim/arcrole/domain-member" xlink:from="HeldToMaturityInvestmentsTotal" xlink:to="HeldToMaturityInvestmentsDebtInstruments" xlink:title="definition: HeldToMaturityInvestmentsTotal to HeldToMaturityInvestmentsDebtInstruments" use="optional" order="1.0"/>
    <link:loc xlink:type="locator" xlink:href="p-FINREP-2008-01-01.xsd#p-FINREP_HeldToMaturityInvestmentsLoansAndAdvancesTotal" xlink:label="HeldToMaturityInvestmentsLoansAndAdvancesTotal" xlink:title="HeldToMaturityInvestmentsLoansAndAdvancesTotal"/>
    <link:definitionArc xlink:type="arc" xlink:arcrole="http://xbrl.org/int/dim/arcrole/domain-member" xlink:from="HeldToMaturityInvestmentsTotal" xlink:to="HeldToMaturityInvestmentsLoansAndAdvancesTotal" xlink:title="definition: HeldToMaturityInvestmentsTotal to HeldToMaturityInvestmentsLoansAndAdvancesTotal" use="optional" order="2.0"/>
    <link:loc xlink:type="locator" xlink:href="http://xbrl.iasb.org/int/fr/ifrs/gp/2006-08-15/ifrs-gp-2006-08-15.xsd#ifrs-gp_HedgingAssetsTotal" xlink:label="HedgingAssetsTotal" xlink:title="HedgingAssetsTotal"/>
    <link:definitionArc xlink:type="arc" xlink:arcrole="http://xbrl.org/int/dim/arcrole/domain-member" xlink:from="AssetsPresentation" xlink:to="HedgingAssetsTotal" xlink:title="definition: AssetsPresentation to HedgingAssetsTotal" order="7.0"/>
    <link:loc xlink:type="locator" xlink:href="http://xbrl.iasb.org/int/fr/ifrs/gp/2006-08-15/ifrs-gp-2006-08-15.xsd#ifrs-gp_AssetRecognisedForFairValueChangesOfHedgedItemInPortfolioHedgeOfInterestRateRisk" xlink:label="AssetRecognisedForFairValueChangesOfHedgedItemInPortfolioHedgeOfInterestRateRisk"/>
    <link:definitionArc xlink:type="arc" xlink:arcrole="http://xbrl.org/int/dim/arcrole/domain-member" xlink:from="AssetsPresentation" xlink:to="AssetRecognisedForFairValueChangesOfHedgedItemInPortfolioHedgeOfInterestRateRisk" xlink:title="definition: AssetsPresentation to AssetRecognisedForFairValueChangesOfHedgedItemInPortfolioHedgeOfInterestRateRisk" use="optional" order="14.5"/>
    <link:loc xlink:type="locator" xlink:href="p-FINREP-2008-01-01.xsd#p-FINREP_TangibleAssets" xlink:label="TangibleAssets"/>
    <link:definitionArc xlink:type="arc" xlink:arcrole="http://xbrl.org/int/dim/arcrole/domain-member" xlink:from="AssetsPresentation" xlink:to="TangibleAssets" xlink:title="definition: AssetsPresentation to TangibleAssets" use="optional" order="15.0"/>
    <link:loc xlink:type="locator" xlink:href="http://xbrl.iasb.org/int/fr/ifrs/gp/2006-08-15/ifrs-gp-2006-08-15.xsd#ifrs-gp_IntangibleAssetsNet" xlink:label="IntangibleAssetsNet"/>
    <link:definitionArc xlink:type="arc" xlink:arcrole="http://xbrl.org/int/dim/arcrole/domain-member" xlink:from="AssetsPresentation" xlink:to="IntangibleAssetsNet" xlink:title="definition: AssetsPresentation to IntangibleAssetsNet" use="optional" order="17.0"/>
    <link:loc xlink:type="locator" xlink:href="http://xbrl.iasb.org/int/fr/ifrs/gp/2006-08-15/ifrs-gp-2006-08-15.xsd#ifrs-gp_EquityMethodAccountedInvestmentsTotal" xlink:label="EquityMethodAccountedInvestmentsTotal"/>
    <link:definitionArc xlink:type="arc" xlink:arcrole="http://xbrl.org/int/dim/arcrole/domain-member" xlink:from="AssetsPresentation" xlink:to="EquityMethodAccountedInvestmentsTotal" xlink:title="definition: AssetsPresentation to EquityMethodAccountedInvestmentsTotal" use="optional" order="18.0"/>
    <link:loc xlink:type="locator" xlink:href="http://xbrl.iasb.org/int/fr/ifrs/gp/2006-08-15/ifrs-gp-2006-08-15.xsd#ifrs-gp_TaxAssetsTotal" xlink:label="TaxAssetsTotal"/>
    <link:definitionArc xlink:type="arc" xlink:arcrole="http://xbrl.org/int/dim/arcrole/domain-member" xlink:from="AssetsPresentation" xlink:to="TaxAssetsTotal" xlink:title="definition: AssetsPresentation to TaxAssetsTotal" use="optional" order="19.0"/>
    <link:loc xlink:type="locator" xlink:href="p-FINREP-2008-01-01.xsd#p-FINREP_OtherAssets" xlink:label="OtherAssets"/>
    <link:definitionArc xlink:type="arc" xlink:arcrole="http://xbrl.org/int/dim/arcrole/domain-member" xlink:from="AssetsPresentation" xlink:to="OtherAssets" xlink:title="definition: AssetsPresentation to OtherAssets" use="optional" order="20.0"/>
    <link:loc xlink:type="locator" xlink:href="http://xbrl.iasb.org/int/fr/ifrs/gp/2006-08-15/ifrs-gp-2006-08-15.xsd#ifrs-gp_NonCurrentAssetsAndDisposalGroupsHeldForSale" xlink:label="NonCurrentAssetsAndDisposalGroupsHeldForSale"/>
    <link:definitionArc xlink:type="arc" xlink:arcrole="http://xbrl.org/int/dim/arcrole/domain-member" xlink:from="AssetsPresentation" xlink:to="NonCurrentAssetsAndDisposalGroupsHeldForSale" xlink:title="definition: AssetsPresentation to NonCurrentAssetsAndDisposalGroupsHeldForSale" use="optional" order="21.0"/>
    <link:loc xlink:type="locator" xlink:href="http://xbrl.iasb.org/int/fr/ifrs/gp/2006-08-15/ifrs-gp-2006-08-15.xsd#ifrs-gp_AssetsTotal" xlink:label="AssetsTotal" xlink:title="AssetsTotal"/>
    <link:definitionArc xlink:type="arc" xlink:arcrole="http://xbrl.org/int/dim/arcrole/domain-member" xlink:from="AssetsPresentation" xlink:to="AssetsTotal" xlink:title="definition: AssetsPresentation to AssetsTotal" order="22.0"/>
    <link:loc xlink:type="locator" xlink:href="http://xbrl.iasb.org/int/fr/ifrs/gp/2006-08-15/ifrs-gp-2006-08-15.xsd#ifrs-gp_LiabilitiesPresentation" xlink:label="LiabilitiesPresentation" xlink:title="LiabilitiesPresentation"/>
    <link:definitionArc xlink:type="arc" xlink:arcrole="http://xbrl.org/int/dim/arcrole/domain-member" xlink:from="BalanceSheetPresentation" xlink:to="LiabilitiesPresentation" xlink:title="definition: BalanceSheetPresentation to LiabilitiesPresentation" order="9.0"/>
    <link:loc xlink:type="locator" xlink:href="http://xbrl.iasb.org/int/fr/ifrs/gp/2006-08-15/ifrs-gp-2006-08-15.xsd#ifrs-gp_AdvancesFromCentralBanks" xlink:label="AdvancesFromCentralBanks" xlink:title="AdvancesFromCentralBanks"/>
    <link:definitionArc xlink:type="arc" xlink:arcrole="http://xbrl.org/int/dim/arcrole/domain-member" xlink:from="LiabilitiesPresentation" xlink:to="AdvancesFromCentralBanks" xlink:title="definition: LiabilitiesPresentation to AdvancesFromCentralBanks" order="1.0"/>
    <link:loc xlink:type="locator" xlink:href="http://xbrl.iasb.org/int/fr/ifrs/gp/2006-08-15/ifrs-gp-2006-08-15.xsd#ifrs-gp_FinancialLiabilitiesHeldForTradingTotal" xlink:label="FinancialLiabilitiesHeldForTradingTotal" xlink:title="FinancialLiabilitiesHeldForTradingTotal"/>
    <link:definitionArc xlink:type="arc" xlink:arcrole="http://xbrl.org/int/dim/arcrole/domain-member" xlink:from="LiabilitiesPresentation" xlink:to="FinancialLiabilitiesHeldForTradingTotal" xlink:title="definition: LiabilitiesPresentation to FinancialLiabilitiesHeldForTradingTotal" order="2.0"/>
    <link:loc xlink:type="locator" xlink:href="http://xbrl.iasb.org/int/fr/ifrs/gp/2006-08-15/ifrs-gp-2006-08-15.xsd#ifrs-gp_FinancialLiabilitiesHeldForTradingTradingDerivatives" xlink:label="FinancialLiabilitiesHeldForTradingTradingDerivatives"/>
    <link:definitionArc xlink:type="arc" xlink:arcrole="http://xbrl.org/int/dim/arcrole/domain-member" xlink:from="FinancialLiabilitiesHeldForTradingTotal" xlink:to="FinancialLiabilitiesHeldForTradingTradingDerivatives" xlink:title="definition: FinancialLiabilitiesHeldForTradingTotal to FinancialLiabilitiesHeldForTradingTradingDerivatives" use="optional" order="1.0"/>
    <link:loc xlink:type="locator" xlink:href="p-FINREP-2008-01-01.xsd#p-FINREP_FinancialLiabilitiesHeldForTradingShortPositions" xlink:label="FinancialLiabilitiesHeldForTradingShortPositions"/>
    <link:definitionArc xlink:type="arc" xlink:arcrole="http://xbrl.org/int/dim/arcrole/domain-member" xlink:from="FinancialLiabilitiesHeldForTradingTotal" xlink:to="FinancialLiabilitiesHeldForTradingShortPositions" xlink:title="definition: FinancialLiabilitiesHeldForTradingTotal to FinancialLiabilitiesHeldForTradingShortPositions" use="optional" order="2.0"/>
    <link:loc xlink:type="locator" xlink:href="p-FINREP-2008-01-01.xsd#p-FINREP_FinancialLiabilitiesHeldForTradingDepositsWithOtherBanks" xlink:label="FinancialLiabilitiesHeldForTradingDepositsWithOtherBanks"/>
    <link:definitionArc xlink:type="arc" xlink:arcrole="http://xbrl.org/int/dim/arcrole/domain-member" xlink:from="FinancialLiabilitiesHeldForTradingTotal" xlink:to="FinancialLiabilitiesHeldForTradingDepositsWithOtherBanks" xlink:title="definition: FinancialLiabilitiesHeldForTradingTotal to FinancialLiabilitiesHeldForTradingDepositsWithOtherBanks" use="optional" order="3.0"/>
    <link:loc xlink:type="locator" xlink:href="p-FINREP-2008-01-01.xsd#p-FINREP_FinancialLiabilitiesHeldForTradingAmountsOwedToOtherDepositors" xlink:label="FinancialLiabilitiesHeldForTradingAmountsOwedToOtherDepositors"/>
    <link:definitionArc xlink:type="arc" xlink:arcrole="http://xbrl.org/int/dim/arcrole/domain-member" xlink:from="FinancialLiabilitiesHeldForTradingTotal" xlink:to="FinancialLiabilitiesHeldForTradingAmountsOwedToOtherDepositors" xlink:title="definition: FinancialLiabilitiesHeldForTradingTotal to FinancialLiabilitiesHeldForTradingAmountsOwedToOtherDepositors" use="optional" order="4.0"/>
    <link:loc xlink:type="locator" xlink:href="http://xbrl.iasb.org/int/fr/ifrs/gp/2006-08-15/ifrs-gp-2006-08-15.xsd#ifrs-gp_FinancialLiabilitiesHeldForTradingDebtInstrumentsThatAreNotShortPositions" xlink:label="FinancialLiabilitiesHeldForTradingDebtInstrumentsThatAreNotShortPositions"/>
    <link:definitionArc xlink:type="arc" xlink:arcrole="http://xbrl.org/int/dim/arcrole/domain-member" xlink:from="FinancialLiabilitiesHeldForTradingTotal" xlink:to="FinancialLiabilitiesHeldForTradingDebtInstrumentsThatAreNotShortPositions" xlink:title="definition: FinancialLiabilitiesHeldForTradingTotal to FinancialLiabilitiesHeldForTradingDebtInstrumentsThatAreNotShortPositions" use="optional" order="5.0"/>
    <link:loc xlink:type="locator" xlink:href="http://xbrl.iasb.org/int/fr/ifrs/gp/2006-08-15/ifrs-gp-2006-08-15.xsd#ifrs-gp_FinancialLiabilitiesDesignatedAsFairValueThroughProfitOrLossTotal" xlink:label="FinancialLiabilitiesDesignatedAsFairValueThroughProfitOrLossTotal" xlink:title="FinancialLiabilitiesDesignatedAsFairValueThroughProfitOrLossTotal"/>
    <link:definitionArc xlink:type="arc" xlink:arcrole="http://xbrl.org/int/dim/arcrole/domain-member" xlink:from="LiabilitiesPresentation" xlink:to="FinancialLiabilitiesDesignatedAsFairValueThroughProfitOrLossTotal" xlink:title="definition: LiabilitiesPresentation to FinancialLiabilitiesDesignatedAsFairValueThroughProfitOrLossTotal" use="optional" order="3.0"/>
    <link:loc xlink:type="locator" xlink:href="p-FINREP-2008-01-01.xsd#p-FINREP_FinancialLiabilitiesDesignatedAsFairValueThroughProfitOrLossDepositsWithOtherBanks" xlink:label="FinancialLiabilitiesDesignatedAsFairValueThroughProfitOrLossDepositsWithOtherBanks"/>
    <link:definitionArc xlink:type="arc" xlink:arcrole="http://xbrl.org/int/dim/arcrole/domain-member" xlink:from="FinancialLiabilitiesDesignatedAsFairValueThroughProfitOrLossTotal" xlink:to="FinancialLiabilitiesDesignatedAsFairValueThroughProfitOrLossDepositsWithOtherBanks" xlink:title="definition: FinancialLiabilitiesDesignatedAsFairValueThroughProfitOrLossTotal to FinancialLiabilitiesDesignatedAsFairValueThroughProfitOrLossDepositsWithOtherBanks" use="optional" order="1.0"/>
    <link:loc xlink:type="locator" xlink:href="p-FINREP-2008-01-01.xsd#p-FINREP_FinancialLiabilitiesDesignatedAsFairValueThroughProfitOrLossAmountsOwedToOtherDepositors" xlink:label="FinancialLiabilitiesDesignatedAsFairValueThroughProfitOrLossAmountsOwedToOtherDepositors"/>
    <link:definitionArc xlink:type="arc" xlink:arcrole="http://xbrl.org/int/dim/arcrole/domain-member" xlink:from="FinancialLiabilitiesDesignatedAsFairValueThroughProfitOrLossTotal" xlink:to="FinancialLiabilitiesDesignatedAsFairValueThroughProfitOrLossAmountsOwedToOtherDepositors" xlink:title="definition: FinancialLiabilitiesDesignatedAsFairValueThroughProfitOrLossTotal to FinancialLiabilitiesDesignatedAsFairValueThroughProfitOrLossAmountsOwedToOtherDepositors" use="optional" order="2.0"/>
    <link:loc xlink:type="locator" xlink:href="http://xbrl.iasb.org/int/fr/ifrs/gp/2006-08-15/ifrs-gp-2006-08-15.xsd#ifrs-gp_FinancialLiabilitiesDesignatedAsFairValueThroughProfitOrLossDebenturesAndDebtCertificates" xlink:label="FinancialLiabilitiesDesignatedAsFairValueThroughProfitOrLossDebenturesAndDebtCertificates"/>
    <link:definitionArc xlink:type="arc" xlink:arcrole="http://xbrl.org/int/dim/arcrole/domain-member" xlink:from="FinancialLiabilitiesDesignatedAsFairValueThroughProfitOrLossTotal" xlink:to="FinancialLiabilitiesDesignatedAsFairValueThroughProfitOrLossDebenturesAndDebtCertificates" xlink:title="definition: FinancialLiabilitiesDesignatedAsFairValueThroughProfitOrLossTotal to FinancialLiabilitiesDesignatedAsFairValueThroughProfitOrLossDebenturesAndDebtCertificates" use="optional" order="3.0"/>
    <link:loc xlink:type="locator" xlink:href="http://xbrl.iasb.org/int/fr/ifrs/gp/2006-08-15/ifrs-gp-2006-08-15.xsd#ifrs-gp_FinancialLiabilitiesDesignatedAsFairValueThroughProfitOrLossSubordinatedLiabilities" xlink:label="FinancialLiabilitiesDesignatedAsFairValueThroughProfitOrLossSubordinatedLiabilities"/>
    <link:definitionArc xlink:type="arc" xlink:arcrole="http://xbrl.org/int/dim/arcrole/domain-member" xlink:from="FinancialLiabilitiesDesignatedAsFairValueThroughProfitOrLossTotal" xlink:to="FinancialLiabilitiesDesignatedAsFairValueThroughProfitOrLossSubordinatedLiabilities" xlink:title="definition: FinancialLiabilitiesDesignatedAsFairValueThroughProfitOrLossTotal to FinancialLiabilitiesDesignatedAsFairValueThroughProfitOrLossSubordinatedLiabilities" use="optional" order="4.0"/>
    <link:loc xlink:type="locator" xlink:href="http://xbrl.iasb.org/int/fr/ifrs/gp/2006-08-15/ifrs-gp-2006-08-15.xsd#ifrs-gp_FinancialLiabilitiesMeasuredAtAmortisedCostTotal" xlink:label="FinancialLiabilitiesMeasuredAtAmortisedCostTotal" xlink:title="FinancialLiabilitiesMeasuredAtAmortisedCostTotal"/>
    <link:definitionArc xlink:type="arc" xlink:arcrole="http://xbrl.org/int/dim/arcrole/domain-member" xlink:from="LiabilitiesPresentation" xlink:to="FinancialLiabilitiesMeasuredAtAmortisedCostTotal" xlink:title="definition: LiabilitiesPresentation to FinancialLiabilitiesMeasuredAtAmortisedCostTotal" order="4.0"/>
    <link:loc xlink:type="locator" xlink:href="http://xbrl.iasb.org/int/fr/ifrs/gp/2006-08-15/ifrs-gp-2006-08-15.xsd#ifrs-gp_DepositsWithOtherBanks" xlink:label="DepositsWithOtherBanks"/>
    <link:definitionArc xlink:type="arc" xlink:arcrole="http://xbrl.org/int/dim/arcrole/domain-member" xlink:from="FinancialLiabilitiesMeasuredAtAmortisedCostTotal" xlink:to="DepositsWithOtherBanks" xlink:title="definition: FinancialLiabilitiesMeasuredAtAmortisedCostTotal to DepositsWithOtherBanks" use="optional" order="1.0"/>
    <link:loc xlink:type="locator" xlink:href="http://xbrl.iasb.org/int/fr/ifrs/gp/2006-08-15/ifrs-gp-2006-08-15.xsd#ifrs-gp_AmountsOwedToOtherDepositors" xlink:label="AmountsOwedToOtherDepositors"/>
    <link:definitionArc xlink:type="arc" xlink:arcrole="http://xbrl.org/int/dim/arcrole/domain-member" xlink:from="FinancialLiabilitiesMeasuredAtAmortisedCostTotal" xlink:to="AmountsOwedToOtherDepositors" xlink:title="definition: FinancialLiabilitiesMeasuredAtAmortisedCostTotal to AmountsOwedToOtherDepositors" use="optional" order="2.0"/>
    <link:loc xlink:type="locator" xlink:href="http://xbrl.iasb.org/int/fr/ifrs/gp/2006-08-15/ifrs-gp-2006-08-15.xsd#ifrs-gp_DebenturesAndDebtCertificates" xlink:label="DebenturesAndDebtCertificates"/>
    <link:definitionArc xlink:type="arc" xlink:arcrole="http://xbrl.org/int/dim/arcrole/domain-member" xlink:from="FinancialLiabilitiesMeasuredAtAmortisedCostTotal" xlink:to="DebenturesAndDebtCertificates" xlink:title="definition: FinancialLiabilitiesMeasuredAtAmortisedCostTotal to DebenturesAndDebtCertificates" use="optional" order="3.0"/>
    <link:loc xlink:type="locator" xlink:href="http://xbrl.iasb.org/int/fr/ifrs/gp/2006-08-15/ifrs-gp-2006-08-15.xsd#ifrs-gp_SubordinatedLiabilities" xlink:label="SubordinatedLiabilities"/>
    <link:definitionArc xlink:type="arc" xlink:arcrole="http://xbrl.org/int/dim/arcrole/domain-member" xlink:from="FinancialLiabilitiesMeasuredAtAmortisedCostTotal" xlink:to="SubordinatedLiabilities" xlink:title="definition: FinancialLiabilitiesMeasuredAtAmortisedCostTotal to SubordinatedLiabilities" use="optional" order="4.0"/>
    <link:loc xlink:type="locator" xlink:href="p-FINREP-2008-01-01.xsd#p-FINREP_FinancialLiabilitiesAssociatedWithTransferredFinancialAssets" xlink:label="FinancialLiabilitiesAssociatedWithTransferredFinancialAssets"/>
    <link:definitionArc xlink:type="arc" xlink:arcrole="http://xbrl.org/int/dim/arcrole/domain-member" xlink:from="LiabilitiesPresentation" xlink:to="FinancialLiabilitiesAssociatedWithTransferredFinancialAssets" xlink:title="definition: LiabilitiesPresentation to FinancialLiabilitiesAssociatedWithTransferredFinancialAssets" use="optional" order="5.0"/>
    <link:loc xlink:type="locator" xlink:href="http://xbrl.iasb.org/int/fr/ifrs/gp/2006-08-15/ifrs-gp-2006-08-15.xsd#ifrs-gp_HedgingLiabilitiesTotal" xlink:label="HedgingLiabilitiesTotal" xlink:title="HedgingLiabilitiesTotal"/>
    <link:definitionArc xlink:type="arc" xlink:arcrole="http://xbrl.org/int/dim/arcrole/domain-member" xlink:from="LiabilitiesPresentation" xlink:to="HedgingLiabilitiesTotal" xlink:title="definition: LiabilitiesPresentation to HedgingLiabilitiesTotal" order="5.0"/>
    <link:loc xlink:type="locator" xlink:href="http://xbrl.iasb.org/int/fr/ifrs/gp/2006-08-15/ifrs-gp-2006-08-15.xsd#ifrs-gp_LiabilityRecognisedForFairValueChangesOfHedgedItemInPortfolioHedgeOfInterestRateRisk" xlink:label="LiabilityRecognisedForFairValueChangesOfHedgedItemInPortfolioHedgeOfInterestRateRisk" xlink:title="LiabilityRecognisedForFairValueChangesOfHedgedItemInPortfolioHedgeOfInterestRateRisk"/>
    <link:definitionArc xlink:type="arc" xlink:arcrole="http://xbrl.org/int/dim/arcrole/domain-member" xlink:from="LiabilitiesPresentation" xlink:to="LiabilityRecognisedForFairValueChangesOfHedgedItemInPortfolioHedgeOfInterestRateRisk" xlink:title="definition: LiabilitiesPresentation to LiabilityRecognisedForFairValueChangesOfHedgedItemInPortfolioHedgeOfInterestRateRisk" order="16.5"/>
    <link:loc xlink:type="locator" xlink:href="http://xbrl.iasb.org/int/fr/ifrs/gp/2006-08-15/ifrs-gp-2006-08-15.xsd#ifrs-gp_ProvisionsTotal" xlink:label="ProvisionsTotal" xlink:title="ProvisionsTotal"/>
    <link:definitionArc xlink:type="arc" xlink:arcrole="http://xbrl.org/int/dim/arcrole/domain-member" xlink:from="LiabilitiesPresentation" xlink:to="ProvisionsTotal" xlink:title="definition: LiabilitiesPresentation to ProvisionsTotal" order="17.0"/>
    <link:loc xlink:type="locator" xlink:href="p-FINREP-2008-01-01.xsd#p-FINREP_LoanCommitmentsAndGuaranteesProvisionTotal" xlink:label="LoanCommitmentsAndGuaranteesProvisionTotal" xlink:title="LoanCommitmentsAndGuaranteesProvisionTotal"/>
    <link:definitionArc xlink:type="arc" xlink:arcrole="http://xbrl.org/int/dim/arcrole/domain-member" xlink:from="ProvisionsTotal" xlink:to="LoanCommitmentsAndGuaranteesProvisionTotal" xlink:title="definition: ProvisionsTotal to LoanCommitmentsAndGuaranteesProvisionTotal" order="1.0"/>
    <link:loc xlink:type="locator" xlink:href="http://xbrl.iasb.org/int/fr/ifrs/gp/2006-08-15/ifrs-gp-2006-08-15.xsd#ifrs-gp_TaxLiabilitiesTotal" xlink:label="TaxLiabilitiesTotal" xlink:title="TaxLiabilitiesTotal"/>
    <link:definitionArc xlink:type="arc" xlink:arcrole="http://xbrl.org/int/dim/arcrole/domain-member" xlink:from="LiabilitiesPresentation" xlink:to="TaxLiabilitiesTotal" xlink:title="definition: LiabilitiesPresentation to TaxLiabilitiesTotal" order="18.0"/>
    <link:loc xlink:type="locator" xlink:href="p-FINREP-2008-01-01.xsd#p-FINREP_OtherLiabilities" xlink:label="OtherLiabilities"/>
    <link:definitionArc xlink:type="arc" xlink:arcrole="http://xbrl.org/int/dim/arcrole/domain-member" xlink:from="LiabilitiesPresentation" xlink:to="OtherLiabilities" xlink:title="definition: LiabilitiesPresentation to OtherLiabilities" use="optional" order="19.0"/>
    <link:loc xlink:type="locator" xlink:href="http://xbrl.iasb.org/int/fr/ifrs/gp/2006-08-15/ifrs-gp-2006-08-15.xsd#ifrs-gp_ShareCapitalRepayableOnDemandCooperatives" xlink:label="ShareCapitalRepayableOnDemandCooperatives"/>
    <link:definitionArc xlink:type="arc" xlink:arcrole="http://xbrl.org/int/dim/arcrole/domain-member" xlink:from="LiabilitiesPresentation" xlink:to="ShareCapitalRepayableOnDemandCooperatives" xlink:title="definition: LiabilitiesPresentation to ShareCapitalRepayableOnDemandCooperatives" use="optional" order="20.0"/>
    <link:loc xlink:type="locator" xlink:href="http://xbrl.iasb.org/int/fr/ifrs/gp/2006-08-15/ifrs-gp-2006-08-15.xsd#ifrs-gp_LiabilitiesIncludedInDisposalGroupsClassifiedAsHeldForSale" xlink:label="LiabilitiesIncludedInDisposalGroupsClassifiedAsHeldForSale"/>
    <link:definitionArc xlink:type="arc" xlink:arcrole="http://xbrl.org/int/dim/arcrole/domain-member" xlink:from="LiabilitiesPresentation" xlink:to="LiabilitiesIncludedInDisposalGroupsClassifiedAsHeldForSale" xlink:title="definition: LiabilitiesPresentation to LiabilitiesIncludedInDisposalGroupsClassifiedAsHeldForSale" use="optional" order="21.0"/>
    <link:loc xlink:type="locator" xlink:href="http://xbrl.iasb.org/int/fr/ifrs/gp/2006-08-15/ifrs-gp-2006-08-15.xsd#ifrs-gp_LiabilitiesTotal" xlink:label="LiabilitiesTotal" xlink:title="LiabilitiesTotal"/>
    <link:definitionArc xlink:type="arc" xlink:arcrole="http://xbrl.org/int/dim/arcrole/domain-member" xlink:from="LiabilitiesPresentation" xlink:to="LiabilitiesTotal" xlink:title="definition: LiabilitiesPresentation to LiabilitiesTotal" order="22.0"/>
    <link:loc xlink:type="locator" xlink:href="http://xbrl.iasb.org/int/fr/ifrs/gp/2006-08-15/ifrs-gp-2006-08-15.xsd#ifrs-gp_EquityPresentation" xlink:label="EquityPresentation" xlink:title="EquityPresentation"/>
    <link:definitionArc xlink:type="arc" xlink:arcrole="http://xbrl.org/int/dim/arcrole/domain-member" xlink:from="BalanceSheetPresentation" xlink:to="EquityPresentation" xlink:title="definition: BalanceSheetPresentation to EquityPresentation" order="10.0"/>
    <link:loc xlink:type="locator" xlink:href="http://xbrl.iasb.org/int/fr/ifrs/gp/2006-08-15/ifrs-gp-2006-08-15.xsd#ifrs-gp_EquityTotal" xlink:label="EquityTotal" xlink:title="EquityTotal"/>
    <link:definitionArc xlink:type="arc" xlink:arcrole="http://xbrl.org/int/dim/arcrole/domain-member" xlink:from="EquityPresentation" xlink:to="EquityTotal" xlink:title="definition: EquityPresentation to EquityTotal" order="1.0"/>
    <link:loc xlink:type="locator" xlink:href="http://xbrl.iasb.org/int/fr/ifrs/gp/2006-08-15/ifrs-gp-2006-08-15.xsd#ifrs-gp_EquityAndLiabilitiesPresentation" xlink:label="EquityAndLiabilitiesPresentation" xlink:title="EquityAndLiabilitiesPresentation"/>
    <link:definitionArc xlink:type="arc" xlink:arcrole="http://xbrl.org/int/dim/arcrole/domain-member" xlink:from="BalanceSheetPresentation" xlink:to="EquityAndLiabilitiesPresentation" xlink:title="definition: BalanceSheetPresentation to EquityAndLiabilitiesPresentation" order="11.0"/>
    <link:loc xlink:type="locator" xlink:href="http://xbrl.iasb.org/int/fr/ifrs/gp/2006-08-15/ifrs-gp-2006-08-15.xsd#ifrs-gp_EquityAndLiabilitiesTotal" xlink:label="EquityAndLiabilitiesTotal" xlink:title="EquityAndLiabilitiesTotal"/>
    <link:definitionArc xlink:type="arc" xlink:arcrole="http://xbrl.org/int/dim/arcrole/domain-member" xlink:from="EquityAndLiabilitiesPresentation" xlink:to="EquityAndLiabilitiesTotal" xlink:title="definition: EquityAndLiabilitiesPresentation to EquityAndLiabilitiesTotal" use="optional" order="1.0"/>
    <link:loc xlink:type="locator" xlink:href="d-ConsScope-2008-01-01.xsd#d-ConsScope_CRDConsolidationScopeHypercube" xlink:label="CRDConsolidationScopeHypercube_2" xlink:title="CRDConsolidationScopeHypercube"/>
    <link:definitionArc xlink:type="arc" xlink:arcrole="http://xbrl.org/int/dim/arcrole/all" xlink:from="BalanceSheetPresentation" xlink:to="CRDConsolidationScopeHypercube_2" xlink:title="definition: BalanceSheetPresentation to CRDConsolidationScopeHypercube" order="13.0" xbrldt:targetRole="http://www.c-ebs.org/eu/fr/esrs/finrep/2008-01-01/role/HcCRDConsolidationScopeHypercube" xbrldt:contextElement="scenario" xbrldt:closed="true"/>
  </link:definitionLink>
  <link:definitionLink xlink:type="extended" xlink:role="http://www.c-ebs.org/eu/fr/esrs/finrep/2008-01-01/role/ProhibitedItems">
    <link:loc xlink:type="locator" xlink:href="d-hh-2008-01-01.xsd#d-hh_ProhibitedItemsPlaceholder" xlink:label="d-hh_ProhibitedItemsPlaceholder"/>
    <link:loc xlink:type="locator" xlink:href="http://xbrl.iasb.org/int/fr/ifrs/gp/2006-08-15/ifrs-gp-2006-08-15.xsd#ifrs-gp_BalanceSheetPresentation" xlink:label="BalanceSheetPresentation" xlink:title="BalanceSheetPresentation"/>
    <link:definitionArc xlink:type="arc" xlink:arcrole="http://xbrl.org/int/dim/arcrole/domain-member" xlink:from="d-hh_ProhibitedItemsPlaceholder" xlink:to="BalanceSheetPresentation" xlink:title="definition: ProhibitedItemsPlaceholder to CommonCAItemsDomain" order="1.0" xbrldt:targetRole="http://www.c-ebs.org/eu/fr/esrs/finrep/2008-01-01/role/BalanceSheet"/>
  </link:definitionLink>
  <link:definitionLink xlink:type="extended" xlink:role="http://www.c-ebs.org/eu/fr/esrs/finrep/2008-01-01/role/HcConsolidationScopeHypercube"/>
  <link:definitionLink xlink:type="extended" xlink:role="http://www.c-ebs.org/eu/fr/esrs/finrep/2008-01-01/role/HcCRDConsolidationScopeHypercube"/>
</link:linkbase>
