<?xml version="1.0" encoding="US-ASCII"?>
<link:linkbase xmlns:xsi="http://www.w3.org/2001/XMLSchema-instance"
xmlns:link="http://www.xbrl.org/2003/linkbase"
xmlns:xbrli="http://www.xbrl.org/2003/instance"
xmlns:xlink="http://www.w3.org/1999/xlink"
xsi:schemaLocation="http://www.xbrl.org/2003/linkbase http://www.xbrl.org/2003/xbrl-linkbase-2003-12-31.xsd">
<link:roleRef roleURI="http://edgar.qlabel/20101231/role/ScheduleOfInvestmentHoldings301"
xlink:type="simple"
xlink:href="qlabel-20101231.xsd#R301"/>
<link:roleRef roleURI="http://edgar.qlabel/20101231/role/ScheduleOfInvestmentHoldings4011"
xlink:type="simple"
xlink:href="qlabel-20101231.xsd#R4011"/>
<link:roleRef roleURI="http://edgar.qlabel/20101231/role/SummaryOfInvestmentHoldings4012"
xlink:type="simple"
xlink:href="qlabel-20101231.xsd#R4012"/>
<link:roleRef roleURI="http://edgar.qlabel/20101231/role/DocumentAndEntity"
xlink:type="simple"
xlink:href="qlabel-20101231.xsd#DocuumentAndEntity"/>
<link:presentationLink xlink:type="extended"
xlink:role="http://edgar.qlabel/20101231/role/ScheduleOfInvestmentHoldings4011">
<link:loc xlink:type="locator"
xlink:href="http://xbrl.fasb.org/us-gaap/2011/elts/us-gaap-2011-01-31.xsd#us-gaap_SummaryOfInvestmentHoldingsLineItems"
xlink:label="SummaryOfInvestmentHoldingsLineItems"/>
<link:loc xlink:type="locator"
xlink:href="http://xbrl.fasb.org/us-gaap/2011/elts/us-gaap-2011-01-31.xsd#us-gaap_InvestmentHoldingsTable"
xlink:label="InvestmentHoldingsTable"/>
<link:loc xlink:type="locator"
xlink:href="http://xbrl.fasb.org/us-gaap/2011/elts/us-gaap-2011-01-31.xsd#us-gaap_InvestmentHoldingsLineItems"
xlink:label="InvestmentHoldingsLineItems"/>
<link:loc xlink:type="locator"
xlink:href="http://xbrl.sec.gov/invest/2011/invest-2011-01-31.xsd#invest_InvestmentIssuerAxis"
xlink:label="InvestmentIssuerAxis"/>
<link:loc xlink:type="locator"
xlink:href="http://xbrl.sec.gov/invest/2011/invest-2011-01-31.xsd#invest_InvestmentGeographicRegionAxis"
xlink:label="InvestmentGeographicRegionAxis"/>
<link:loc xlink:type="locator"
xlink:href="http://xbrl.sec.gov/invest/2011/invest-2011-01-31.xsd#invest_InvestmentAxis"
xlink:label="InvestmentAxis"/>
<link:loc xlink:type="locator"
xlink:href="http://xbrl.sec.gov/invest/2011/invest-2011-01-31.xsd#invest_InvestmentSecuritiesClassAxis"
xlink:label="InvestmentSecuritiesClassAxis"/>
<link:loc xlink:type="locator"
xlink:href="http://xbrl.sec.gov/invest/2011/invest-2011-01-31.xsd#invest_InvestmentSecuritiesSeriesAxis"
xlink:label="InvestmentSecuritiesSeriesAxis"/>
<link:loc xlink:type="locator"
xlink:href="http://xbrl.sec.gov/invest/2011/invest-2011-01-31.xsd#invest_InvestmentHoldingAxis"
xlink:label="InvestmentHoldingAxis"/>
<link:loc xlink:type="locator"
xlink:href="http://xbrl.sec.gov/invest/2011/invest-2011-01-31.xsd#invest_CreditRatingSourceAxis"
xlink:label="CreditRatingSourceAxis"/>
<link:loc xlink:type="locator"
xlink:href="http://xbrl.sec.gov/invest/2011/invest-2011-01-31.xsd#invest_InvestmentIdentifierSchemeAxis"
xlink:label="InvestmentIdentifierSchemeAxis"/>
<link:loc xlink:type="locator"
xlink:href="http://xbrl.sec.gov/invest/2011/invest-2011-01-31.xsd#invest_InvestmentIdentifier"
xlink:label="InvestmentIdentifier"/>
<link:loc xlink:type="locator"
xlink:href="http://xbrl.fasb.org/us-gaap/2011/elts/us-gaap-2011-01-31.xsd#us-gaap_DebtInstrumentCreditRating"
xlink:label="DebtInstrumentCreditRating"/>
<link:loc xlink:type="locator"
xlink:href="http://xbrl.sec.gov/invest/2011/invest-2011-01-31.xsd#invest_InvestmentInterestRate"
xlink:label="InvestmentInterestRate"/>
<link:loc xlink:type="locator"
xlink:href="http://xbrl.sec.gov/invest/2011/invest-2011-01-31.xsd#invest_InvestmentMaturityDate1"
xlink:label="InvestmentMaturityDate1"/>
<link:loc xlink:type="locator"
xlink:href="http://xbrl.fasb.org/us-gaap/2011/elts/us-gaap-2011-01-31.xsd#us-gaap_InvestmentOwnedBalancePrincipalAmount"
xlink:label="InvestmentOwnedBalancePrincipalAmount"/>
<link:loc xlink:type="locator"
xlink:href="http://xbrl.fasb.org/us-gaap/2011/elts/us-gaap-2011-01-31.xsd#us-gaap_InvestmentOwnedAtFairValue"
xlink:label="InvestmentOwnedAtFairValue"/>
<link:loc xlink:type="locator" xlink:href="qlabel-20101231.xsd#qlabel_A1Member"
xlink:label="A1Member"/>
<link:loc xlink:type="locator" xlink:href="qlabel-20101231.xsd#qlabel_A2Member"
xlink:label="A2Member"/>
<link:loc xlink:type="locator" xlink:href="qlabel-20101231.xsd#qlabel_A3Member"
xlink:label="A3Member"/>
<link:loc xlink:type="locator" xlink:href="qlabel-20101231.xsd#qlabel_A4Member"
xlink:label="A4Member"/>
<link:loc xlink:type="locator"
xlink:href="http://xbrl.sec.gov/invest/2011/invest-2011-01-31.xsd#invest_InvestmentIssuerDomain"
xlink:label="InvestmentIssuerDomain"/>
<link:loc xlink:type="locator"
xlink:href="http://xbrl.sec.gov/country/2011/country-2011-01-31.xsd#country_SE"
xlink:label="SE"/>
<link:loc xlink:type="locator"
xlink:href="http://xbrl.sec.gov/country/2011/country-2011-01-31.xsd#country_TH"
xlink:label="TH"/>
<link:loc xlink:type="locator"
xlink:href="http://xbrl.sec.gov/invest/2011/invest-2011-01-31.xsd#invest_InvestmentGeographicRegionDomain"
xlink:label="InvestmentGeographicRegionDomain"/>
<link:loc xlink:type="locator" xlink:href="qlabel-20101231.xsd#qlabel_C1Member"
xlink:label="C1Member"/>
<link:loc xlink:type="locator" xlink:href="qlabel-20101231.xsd#qlabel_C2Member"
xlink:label="C2Member"/>
<link:loc xlink:type="locator" xlink:href="qlabel-20101231.xsd#qlabel_C3Member"
xlink:label="C3Member"/>
<link:loc xlink:type="locator" xlink:href="qlabel-20101231.xsd#qlabel_C4Member"
xlink:label="C4Member"/>
<link:loc xlink:type="locator"
xlink:href="http://xbrl.sec.gov/invest/2011/invest-2011-01-31.xsd#invest_InvestmentDomain"
xlink:label="InvestmentDomain"/>
<link:loc xlink:type="locator" xlink:href="qlabel-20101231.xsd#qlabel_D1Member"
xlink:label="D1Member"/>
<link:loc xlink:type="locator" xlink:href="qlabel-20101231.xsd#qlabel_D2Member"
xlink:label="D2Member"/>
<link:loc xlink:type="locator"
xlink:href="http://xbrl.sec.gov/invest/2011/invest-2011-01-31.xsd#invest_InvestmentSecuritiesClassDomain"
xlink:label="InvestmentSecuritiesClassDomain"/>
<link:loc xlink:type="locator" xlink:href="qlabel-20101231.xsd#qlabel_E1Member"
xlink:label="E1Member"/>
<link:loc xlink:type="locator" xlink:href="qlabel-20101231.xsd#qlabel_E2Member"
xlink:label="E2Member"/>
<link:loc xlink:type="locator"
xlink:href="http://xbrl.sec.gov/invest/2011/invest-2011-01-31.xsd#invest_InvestmentSecuritiesSeriesDomain"
xlink:label="InvestmentSecuritiesSeriesDomain"/>
<link:loc xlink:type="locator" xlink:href="qlabel-20101231.xsd#qlabel_F1Member"
xlink:label="F1Member"/>
<link:loc xlink:type="locator" xlink:href="qlabel-20101231.xsd#qlabel_F2Member"
xlink:label="F2Member"/>
<link:loc xlink:type="locator" xlink:href="qlabel-20101231.xsd#qlabel_F3Member"
xlink:label="F3Member"/>
<link:loc xlink:type="locator" xlink:href="qlabel-20101231.xsd#qlabel_F4Member"
xlink:label="F4Member"/>
<link:loc xlink:type="locator"
xlink:href="http://xbrl.sec.gov/invest/2011/invest-2011-01-31.xsd#invest_InvestmentHoldingDomain"
xlink:label="InvestmentHoldingDomain"/>
<link:loc xlink:type="locator" xlink:href="qlabel-20101231.xsd#qlabel_G1Member"
xlink:label="G1Member"/>
<link:loc xlink:type="locator" xlink:href="qlabel-20101231.xsd#qlabel_G2Member"
xlink:label="G2Member"/>
<link:loc xlink:type="locator"
xlink:href="http://xbrl.sec.gov/invest/2011/invest-2011-01-31.xsd#invest_CreditRatingSourceDomain"
xlink:label="CreditRatingSourceDomain"/>
<link:loc xlink:type="locator"
xlink:href="http://xbrl.sec.gov/invest/2011/invest-2011-01-31.xsd#invest_ISINMember"
xlink:label="ISINMember"/>
<link:loc xlink:type="locator"
xlink:href="http://xbrl.sec.gov/invest/2011/invest-2011-01-31.xsd#invest_InvestmentIdentifierSchemeDomain"
xlink:label="InvestmentIdentifierSchemeDomain"/>
<link:presentationArc xlink:type="arc" xlink:arcrole="http://www.xbrl.org/2003/arcrole/parent-child"
xlink:from="SummaryOfInvestmentHoldingsLineItems"
xlink:to="InvestmentHoldingsTable"
order="1.0"/>
<link:presentationArc xlink:type="arc" xlink:arcrole="http://www.xbrl.org/2003/arcrole/parent-child"
xlink:from="InvestmentHoldingsTable"
xlink:to="InvestmentHoldingsLineItems"
order="101.0"/>
<link:presentationArc xlink:type="arc" xlink:arcrole="http://www.xbrl.org/2003/arcrole/parent-child"
xlink:from="InvestmentHoldingsLineItems"
xlink:to="InvestmentIdentifier"
use="optional"
order="1.0"/>
<link:presentationArc xlink:type="arc" xlink:arcrole="http://www.xbrl.org/2003/arcrole/parent-child"
xlink:from="InvestmentHoldingsLineItems"
xlink:to="DebtInstrumentCreditRating"
use="optional"
order="2.0"/>
<link:presentationArc xlink:type="arc" xlink:arcrole="http://www.xbrl.org/2003/arcrole/parent-child"
xlink:from="InvestmentHoldingsLineItems"
xlink:to="InvestmentInterestRate"
use="optional"
order="3.0"/>
<link:presentationArc xlink:type="arc" xlink:arcrole="http://www.xbrl.org/2003/arcrole/parent-child"
xlink:from="InvestmentHoldingsLineItems"
xlink:to="InvestmentMaturityDate1"
use="optional"
order="4.0"/>
<link:presentationArc xlink:type="arc" xlink:arcrole="http://www.xbrl.org/2003/arcrole/parent-child"
xlink:from="InvestmentHoldingsLineItems"
xlink:to="InvestmentOwnedBalancePrincipalAmount"
use="optional"
order="5.0"/>
<link:presentationArc xlink:type="arc" xlink:arcrole="http://www.xbrl.org/2003/arcrole/parent-child"
xlink:from="InvestmentHoldingsLineItems"
xlink:to="InvestmentOwnedAtFairValue"
use="optional"
order="6.0"/>
<link:presentationArc xlink:type="arc" xlink:arcrole="http://www.xbrl.org/2003/arcrole/parent-child"
xlink:from="InvestmentHoldingsTable"
xlink:to="InvestmentIssuerAxis"
order="1.0"/>
<link:presentationArc xlink:type="arc" xlink:arcrole="http://www.xbrl.org/2003/arcrole/parent-child"
xlink:from="InvestmentIssuerAxis"
xlink:to="A1Member"
order="1.0"/>
<link:presentationArc xlink:type="arc" xlink:arcrole="http://www.xbrl.org/2003/arcrole/parent-child"
xlink:from="InvestmentIssuerAxis"
xlink:to="A2Member"
order="2.0"/>
<link:presentationArc xlink:type="arc" xlink:arcrole="http://www.xbrl.org/2003/arcrole/parent-child"
xlink:from="InvestmentIssuerAxis"
xlink:to="A3Member"
order="3.0"/>
<link:presentationArc xlink:type="arc" xlink:arcrole="http://www.xbrl.org/2003/arcrole/parent-child"
xlink:from="InvestmentIssuerAxis"
xlink:to="A4Member"
order="4.0"/>
<link:presentationArc xlink:type="arc" xlink:arcrole="http://www.xbrl.org/2003/arcrole/parent-child"
xlink:from="InvestmentIssuerAxis"
xlink:to="InvestmentIssuerDomain"
order="5.0"/>
<link:presentationArc xlink:type="arc" xlink:arcrole="http://www.xbrl.org/2003/arcrole/parent-child"
xlink:from="InvestmentHoldingsTable"
xlink:to="InvestmentGeographicRegionAxis"
order="2.0"/>
<link:presentationArc xlink:type="arc" xlink:arcrole="http://www.xbrl.org/2003/arcrole/parent-child"
xlink:from="InvestmentGeographicRegionAxis"
xlink:to="SE"
order="1.0"/>
<link:presentationArc xlink:type="arc" xlink:arcrole="http://www.xbrl.org/2003/arcrole/parent-child"
xlink:from="InvestmentGeographicRegionAxis"
xlink:to="TH"
order="2.0"/>
<link:presentationArc xlink:type="arc" xlink:arcrole="http://www.xbrl.org/2003/arcrole/parent-child"
xlink:from="InvestmentGeographicRegionAxis"
xlink:to="InvestmentGeographicRegionDomain"
order="3.0"/>
<link:presentationArc xlink:type="arc" xlink:arcrole="http://www.xbrl.org/2003/arcrole/parent-child"
xlink:from="InvestmentHoldingsTable"
xlink:to="InvestmentAxis"
order="3.0"/>
<link:presentationArc xlink:type="arc" xlink:arcrole="http://www.xbrl.org/2003/arcrole/parent-child"
xlink:from="InvestmentAxis"
xlink:to="C1Member"
order="1.0"/>
<link:presentationArc xlink:type="arc" xlink:arcrole="http://www.xbrl.org/2003/arcrole/parent-child"
xlink:from="InvestmentAxis"
xlink:to="C2Member"
order="2.0"/>
<link:presentationArc xlink:type="arc" xlink:arcrole="http://www.xbrl.org/2003/arcrole/parent-child"
xlink:from="InvestmentAxis"
xlink:to="C3Member"
order="3.0"/>
<link:presentationArc xlink:type="arc" xlink:arcrole="http://www.xbrl.org/2003/arcrole/parent-child"
xlink:from="InvestmentAxis"
xlink:to="C4Member"
order="4.0"/>
<link:presentationArc xlink:type="arc" xlink:arcrole="http://www.xbrl.org/2003/arcrole/parent-child"
xlink:from="InvestmentAxis"
xlink:to="InvestmentDomain"
order="5.0"/>
<link:presentationArc xlink:type="arc" xlink:arcrole="http://www.xbrl.org/2003/arcrole/parent-child"
xlink:from="InvestmentHoldingsTable"
xlink:to="InvestmentSecuritiesClassAxis"
order="4.0"/>
<link:presentationArc xlink:type="arc" xlink:arcrole="http://www.xbrl.org/2003/arcrole/parent-child"
xlink:from="InvestmentSecuritiesClassAxis"
xlink:to="D1Member"
order="1.0"/>
<link:presentationArc xlink:type="arc" xlink:arcrole="http://www.xbrl.org/2003/arcrole/parent-child"
xlink:from="InvestmentSecuritiesClassAxis"
xlink:to="D2Member"
order="2.0"/>
<link:presentationArc xlink:type="arc" xlink:arcrole="http://www.xbrl.org/2003/arcrole/parent-child"
xlink:from="InvestmentSecuritiesClassAxis"
xlink:to="InvestmentSecuritiesClassDomain"
order="3.0"/>
<link:presentationArc xlink:type="arc" xlink:arcrole="http://www.xbrl.org/2003/arcrole/parent-child"
xlink:from="InvestmentHoldingsTable"
xlink:to="InvestmentSecuritiesSeriesAxis"
order="5.0"/>
<link:presentationArc xlink:type="arc" xlink:arcrole="http://www.xbrl.org/2003/arcrole/parent-child"
xlink:from="InvestmentSecuritiesSeriesAxis"
xlink:to="E1Member"
order="1.0"/>
<link:presentationArc xlink:type="arc" xlink:arcrole="http://www.xbrl.org/2003/arcrole/parent-child"
xlink:from="InvestmentSecuritiesSeriesAxis"
xlink:to="E2Member"
order="2.0"/>
<link:presentationArc xlink:type="arc" xlink:arcrole="http://www.xbrl.org/2003/arcrole/parent-child"
xlink:from="InvestmentSecuritiesSeriesAxis"
xlink:to="InvestmentSecuritiesSeriesDomain"
order="3.0"/>
<link:presentationArc xlink:type="arc" xlink:arcrole="http://www.xbrl.org/2003/arcrole/parent-child"
xlink:from="InvestmentHoldingsTable"
xlink:to="InvestmentHoldingAxis"
order="6.0"/>
<link:presentationArc xlink:type="arc" xlink:arcrole="http://www.xbrl.org/2003/arcrole/parent-child"
xlink:from="InvestmentHoldingAxis"
xlink:to="F1Member"
order="1.0"/>
<link:presentationArc xlink:type="arc" xlink:arcrole="http://www.xbrl.org/2003/arcrole/parent-child"
xlink:from="InvestmentHoldingAxis"
xlink:to="F2Member"
order="2.0"/>
<link:presentationArc xlink:type="arc" xlink:arcrole="http://www.xbrl.org/2003/arcrole/parent-child"
xlink:from="InvestmentHoldingAxis"
xlink:to="F3Member"
order="3.0"/>
<link:presentationArc xlink:type="arc" xlink:arcrole="http://www.xbrl.org/2003/arcrole/parent-child"
xlink:from="InvestmentHoldingAxis"
xlink:to="F4Member"
order="4.0"/>
<link:presentationArc xlink:type="arc" xlink:arcrole="http://www.xbrl.org/2003/arcrole/parent-child"
xlink:from="InvestmentHoldingAxis"
xlink:to="InvestmentHoldingDomain"
order="5.0"/>
<link:presentationArc xlink:type="arc" xlink:arcrole="http://www.xbrl.org/2003/arcrole/parent-child"
xlink:from="InvestmentHoldingsTable"
xlink:to="CreditRatingSourceAxis"
order="7.0"/>
<link:presentationArc xlink:type="arc" xlink:arcrole="http://www.xbrl.org/2003/arcrole/parent-child"
xlink:from="CreditRatingSourceAxis"
xlink:to="G1Member"
order="1.0"/>
<link:presentationArc xlink:type="arc" xlink:arcrole="http://www.xbrl.org/2003/arcrole/parent-child"
xlink:from="CreditRatingSourceAxis"
xlink:to="G2Member"
order="2.0"/>
<link:presentationArc xlink:type="arc" xlink:arcrole="http://www.xbrl.org/2003/arcrole/parent-child"
xlink:from="CreditRatingSourceAxis"
xlink:to="CreditRatingSourceDomain"
order="3.0"/>
<link:presentationArc xlink:type="arc" xlink:arcrole="http://www.xbrl.org/2003/arcrole/parent-child"
xlink:from="InvestmentHoldingsTable"
xlink:to="InvestmentIdentifierSchemeAxis"
order="8.0"/>
<link:presentationArc xlink:type="arc" xlink:arcrole="http://www.xbrl.org/2003/arcrole/parent-child"
xlink:from="InvestmentIdentifierSchemeAxis"
xlink:to="ISINMember"
order="1.0"/>
<link:presentationArc xlink:type="arc" xlink:arcrole="http://www.xbrl.org/2003/arcrole/parent-child"
xlink:from="InvestmentIdentifierSchemeAxis"
xlink:to="InvestmentIdentifierSchemeDomain"
order="2.0"/>
</link:presentationLink>
<link:presentationLink xlink:type="extended"
xlink:role="http://edgar.qlabel/20101231/role/SummaryOfInvestmentHoldings4012">
<link:loc xlink:type="locator"
xlink:href="http://xbrl.fasb.org/us-gaap/2011/elts/us-gaap-2011-01-31.xsd#us-gaap_AssetsNetAbstract"
xlink:label="AssetsNetAbstract"/>
<link:loc xlink:type="locator"
xlink:href="http://xbrl.sec.gov/invest/2011/invest-2011-01-31.xsd#invest_InvestmentInterestRate"
xlink:label="InvestmentInterestRate"/>
<link:loc xlink:type="locator"
xlink:href="http://xbrl.sec.gov/invest/2011/invest-2011-01-31.xsd#invest_InvestmentMaturityDate1"
xlink:label="InvestmentMaturityDate1"/>
<link:loc xlink:type="locator"
xlink:href="http://xbrl.fasb.org/us-gaap/2011/elts/us-gaap-2011-01-31.xsd#us-gaap_InvestmentOwnedBalancePrincipalAmount"
xlink:label="InvestmentOwnedBalancePrincipalAmount"/>
<link:loc xlink:type="locator"
xlink:href="http://xbrl.fasb.org/us-gaap/2011/elts/us-gaap-2011-01-31.xsd#us-gaap_InvestmentOwnedAtFairValue"
xlink:label="InvestmentOwnedAtFairValue"/>
<link:loc xlink:type="locator"
xlink:href="http://xbrl.fasb.org/us-gaap/2011/elts/us-gaap-2011-01-31.xsd#us-gaap_InvestmentOwnedPercentOfNetAssets"
xlink:label="InvestmentOwnedPercentOfNetAssets"/>
<link:presentationArc xlink:type="arc" xlink:arcrole="http://www.xbrl.org/2003/arcrole/parent-child"
xlink:from="AssetsNetAbstract"
xlink:to="InvestmentInterestRate"
order="3.0"/>
<link:presentationArc xlink:type="arc" xlink:arcrole="http://www.xbrl.org/2003/arcrole/parent-child"
xlink:from="AssetsNetAbstract"
xlink:to="InvestmentMaturityDate1"
order="4.0"/>
<link:presentationArc xlink:type="arc" xlink:arcrole="http://www.xbrl.org/2003/arcrole/parent-child"
xlink:from="AssetsNetAbstract"
xlink:to="InvestmentOwnedBalancePrincipalAmount"
order="5.0"/>
<link:presentationArc xlink:type="arc" xlink:arcrole="http://www.xbrl.org/2003/arcrole/parent-child"
xlink:from="AssetsNetAbstract"
xlink:to="InvestmentOwnedAtFairValue"
order="6.0"/>
<link:presentationArc xlink:type="arc" xlink:arcrole="http://www.xbrl.org/2003/arcrole/parent-child"
xlink:from="AssetsNetAbstract"
xlink:to="InvestmentOwnedPercentOfNetAssets"
order="1.0"/>
</link:presentationLink>
<link:presentationLink xlink:type="extended"
xlink:role="http://edgar.qlabel/20101231/role/ScheduleOfInvestmentHoldings301">
<link:loc xlink:type="locator"
xlink:href="http://xbrl.fasb.org/us-gaap/2011/elts/us-gaap-2011-01-31.xsd#us-gaap_SummaryOfInvestmentHoldingsLineItems"
xlink:label="SummaryOfInvestmentHoldingsLineItems"/>
<link:loc xlink:type="locator"
xlink:href="http://xbrl.sec.gov/invest/2011/invest-2011-01-31.xsd#invest_InvestmentEmbeddedTableTextBlock"
xlink:label="InvestmentEmbeddedTableTextBlock"/>
<link:loc xlink:type="locator"
xlink:href="http://xbrl.fasb.org/us-gaap/2011/elts/us-gaap-2011-01-31.xsd#us-gaap_SummaryInvestmentHoldingsTextBlock"
xlink:label="SummaryInvestmentHoldingsTextBlock"/>
<link:presentationArc xlink:type="arc" xlink:arcrole="http://www.xbrl.org/2003/arcrole/parent-child"
xlink:from="SummaryOfInvestmentHoldingsLineItems"
xlink:to="InvestmentEmbeddedTableTextBlock"
order="1.0"/>
<link:presentationArc xlink:type="arc" xlink:arcrole="http://www.xbrl.org/2003/arcrole/parent-child"
xlink:from="SummaryOfInvestmentHoldingsLineItems"
xlink:to="SummaryInvestmentHoldingsTextBlock"
order="3.0"/>
</link:presentationLink>
<link:presentationLink xlink:type="extended"
xlink:role="http://edgar.qlabel/20101231/role/DocumentAndEntity">
<link:loc xlink:type="locator"
xlink:href="http://xbrl.sec.gov/dei/2011/dei-2011-01-31.xsd#dei_DocumentInformationLineItems"
xlink:label="DocumentInformationLineItems"/>
<link:loc xlink:type="locator"
xlink:href="http://xbrl.sec.gov/dei/2011/dei-2011-01-31.xsd#dei_EntityInformationLineItems"
xlink:label="EntityInformationLineItems"/>
<link:loc xlink:type="locator"
xlink:href="http://xbrl.sec.gov/dei/2011/dei-2011-01-31.xsd#dei_DocumentType"
xlink:label="DocumentType"/>
<link:loc xlink:type="locator"
xlink:href="http://xbrl.sec.gov/dei/2011/dei-2011-01-31.xsd#dei_AmendmentFlag"
xlink:label="AmendmentFlag"/>
<link:loc xlink:type="locator"
xlink:href="http://xbrl.sec.gov/dei/2011/dei-2011-01-31.xsd#dei_AmendmentDescription"
xlink:label="AmendmentDescription"/>
<link:loc xlink:type="locator"
xlink:href="http://xbrl.sec.gov/dei/2011/dei-2011-01-31.xsd#dei_DocumentPeriodEndDate"
xlink:label="DocumentPeriodEndDate"/>
<link:loc xlink:type="locator"
xlink:href="http://xbrl.sec.gov/dei/2011/dei-2011-01-31.xsd#dei_DocumentFiscalYearFocus"
xlink:label="DocumentFiscalYearFocus"/>
<link:loc xlink:type="locator"
xlink:href="http://xbrl.sec.gov/dei/2011/dei-2011-01-31.xsd#dei_DocumentFiscalPeriodFocus"
xlink:label="DocumentFiscalPeriodFocus"/>
<link:loc xlink:type="locator"
xlink:href="http://xbrl.sec.gov/dei/2011/dei-2011-01-31.xsd#dei_EntityRegistrantName"
xlink:label="EntityRegistrantName"/>
<link:loc xlink:type="locator"
xlink:href="http://xbrl.sec.gov/dei/2011/dei-2011-01-31.xsd#dei_EntityCentralIndexKey"
xlink:label="EntityCentralIndexKey"/>
<link:loc xlink:type="locator"
xlink:href="http://xbrl.sec.gov/dei/2011/dei-2011-01-31.xsd#dei_CurrentFiscalYearEndDate"
xlink:label="CurrentFiscalYearEndDate"/>
<link:loc xlink:type="locator"
xlink:href="http://xbrl.sec.gov/dei/2011/dei-2011-01-31.xsd#dei_EntityWellKnownSeasonedIssuer"
xlink:label="EntityWellKnownSeasonedIssuer"/>
<link:loc xlink:type="locator"
xlink:href="http://xbrl.sec.gov/dei/2011/dei-2011-01-31.xsd#dei_EntityVoluntaryFilers"
xlink:label="EntityVoluntaryFilers"/>
<link:loc xlink:type="locator"
xlink:href="http://xbrl.sec.gov/dei/2011/dei-2011-01-31.xsd#dei_EntityCurrentReportingStatus"
xlink:label="EntityCurrentReportingStatus"/>
<link:loc xlink:type="locator"
xlink:href="http://xbrl.sec.gov/dei/2011/dei-2011-01-31.xsd#dei_EntityFilerCategory"
xlink:label="EntityFilerCategory"/>
<link:loc xlink:type="locator"
xlink:href="http://xbrl.sec.gov/dei/2011/dei-2011-01-31.xsd#dei_EntityPublicFloat"
xlink:label="EntityPublicFloat"/>
<link:presentationArc xlink:type="arc" xlink:arcrole="http://www.xbrl.org/2003/arcrole/parent-child"
xlink:from="DocumentInformationLineItems"
xlink:to="DocumentType"
use="optional"
order="5.0"/>
<link:presentationArc xlink:type="arc" xlink:arcrole="http://www.xbrl.org/2003/arcrole/parent-child"
xlink:from="DocumentInformationLineItems"
xlink:to="AmendmentFlag"
use="optional"
order="6.0"/>
<link:presentationArc xlink:type="arc" xlink:arcrole="http://www.xbrl.org/2003/arcrole/parent-child"
xlink:from="DocumentInformationLineItems"
xlink:to="AmendmentDescription"
use="optional"
order="7.0"/>
<link:presentationArc xlink:type="arc" xlink:arcrole="http://www.xbrl.org/2003/arcrole/parent-child"
xlink:from="DocumentInformationLineItems"
xlink:to="DocumentPeriodEndDate"
use="optional"
order="15.0"/>
<link:presentationArc xlink:type="arc" xlink:arcrole="http://www.xbrl.org/2003/arcrole/parent-child"
xlink:from="DocumentInformationLineItems"
xlink:to="DocumentFiscalYearFocus"
use="optional"
order="16.0"/>
<link:presentationArc xlink:type="arc" xlink:arcrole="http://www.xbrl.org/2003/arcrole/parent-child"
xlink:from="DocumentInformationLineItems"
xlink:to="DocumentFiscalPeriodFocus"
use="optional"
order="17.0"/>
<link:presentationArc xlink:type="arc" xlink:arcrole="http://www.xbrl.org/2003/arcrole/parent-child"
xlink:from="EntityInformationLineItems"
xlink:to="EntityRegistrantName"
use="optional"
order="1.0"/>
<link:presentationArc xlink:type="arc" xlink:arcrole="http://www.xbrl.org/2003/arcrole/parent-child"
xlink:from="EntityInformationLineItems"
xlink:to="EntityCentralIndexKey"
use="optional"
order="2.0"/>
<link:presentationArc xlink:type="arc" xlink:arcrole="http://www.xbrl.org/2003/arcrole/parent-child"
xlink:from="EntityInformationLineItems"
xlink:to="CurrentFiscalYearEndDate"
use="optional"
order="18.0"/>
<link:presentationArc xlink:type="arc" xlink:arcrole="http://www.xbrl.org/2003/arcrole/parent-child"
xlink:from="EntityInformationLineItems"
xlink:to="EntityWellKnownSeasonedIssuer"
use="optional"
order="20.0"/>
<link:presentationArc xlink:type="arc" xlink:arcrole="http://www.xbrl.org/2003/arcrole/parent-child"
xlink:from="EntityInformationLineItems"
xlink:to="EntityVoluntaryFilers"
use="optional"
order="21.0"/>
<link:presentationArc xlink:type="arc" xlink:arcrole="http://www.xbrl.org/2003/arcrole/parent-child"
xlink:from="EntityInformationLineItems"
xlink:to="EntityCurrentReportingStatus"
use="optional"
order="22.0"/>
<link:presentationArc xlink:type="arc" xlink:arcrole="http://www.xbrl.org/2003/arcrole/parent-child"
xlink:from="EntityInformationLineItems"
xlink:to="EntityFilerCategory"
use="optional"
order="23.0"/>
<link:presentationArc xlink:type="arc" xlink:arcrole="http://www.xbrl.org/2003/arcrole/parent-child"
xlink:from="EntityInformationLineItems"
xlink:to="EntityPublicFloat"
use="optional"
order="24.0"/>
</link:presentationLink>
</link:linkbase>