<?xml version="1.0" encoding="US-ASCII"?>
<link:linkbase xmlns:xsi="http://www.w3.org/2001/XMLSchema-instance"
xmlns:link="http://www.xbrl.org/2003/linkbase"
xmlns:p0="http://xbrl.org/2005/xbrldt"
xmlns:xlink="http://www.w3.org/1999/xlink"
xmlns:xbrli="http://www.xbrl.org/2003/instance"
xsi:schemaLocation="http://www.xbrl.org/2003/linkbase http://www.xbrl.org/2003/xbrl-linkbase-2003-12-31.xsd">
<link:roleRef roleURI="http://edgar.qlabel/20101231/role/ScheduleOfInvestmentHoldings4011"
xlink:type="simple"
xlink:href="qlabel-20101231.xsd#R4011"/>
<link:roleRef roleURI="http://edgar.qlabel/20101231/role/Defaults" xlink:type="simple"
xlink:href="qlabel-20101231.xsd#Defaults"/>
<link:arcroleRef arcroleURI="http://xbrl.org/int/dim/arcrole/all" xlink:type="simple"
xlink:href="http://www.xbrl.org/2005/xbrldt-2005.xsd#all"/>
<link:arcroleRef arcroleURI="http://xbrl.org/int/dim/arcrole/dimension-default"
xlink:type="simple"
xlink:href="http://www.xbrl.org/2005/xbrldt-2005.xsd#dimension-default"/>
<link:arcroleRef arcroleURI="http://xbrl.org/int/dim/arcrole/dimension-domain"
xlink:type="simple"
xlink:href="http://www.xbrl.org/2005/xbrldt-2005.xsd#dimension-domain"/>
<link:arcroleRef arcroleURI="http://xbrl.org/int/dim/arcrole/hypercube-dimension"
xlink:type="simple"
xlink:href="http://www.xbrl.org/2005/xbrldt-2005.xsd#hypercube-dimension"/>
<link:arcroleRef arcroleURI="http://xbrl.org/int/dim/arcrole/domain-member" xlink:type="simple"
xlink:href="http://www.xbrl.org/2005/xbrldt-2005.xsd#domain-member"/>
<link:definitionLink xlink:type="extended"
xlink:role="http://edgar.qlabel/20101231/role/ScheduleOfInvestmentHoldings4011">
<link:loc xlink:type="locator"
xlink:href="http://xbrl.fasb.org/us-gaap/2011/elts/us-gaap-2011-01-31.xsd#us-gaap_InvestmentHoldingsLineItems"
xlink:label="InvestmentHoldingsLineItems"/>
<link:loc xlink:type="locator"
xlink:href="http://xbrl.fasb.org/us-gaap/2011/elts/us-gaap-2011-01-31.xsd#us-gaap_InvestmentHoldingsTable"
xlink:label="InvestmentHoldingsTable"/>
<link:loc xlink:type="locator"
xlink:href="http://xbrl.sec.gov/invest/2011/invest-2011-01-31.xsd#invest_InvestmentIssuerAxis"
xlink:label="InvestmentIssuerAxis"/>
<link:loc xlink:type="locator"
xlink:href="http://xbrl.sec.gov/invest/2011/invest-2011-01-31.xsd#invest_InvestmentIssuerDomain"
xlink:label="InvestmentIssuerDomain"/>
<link:loc xlink:type="locator"
xlink:href="http://xbrl.sec.gov/invest/2011/invest-2011-01-31.xsd#invest_InvestmentGeographicRegionAxis"
xlink:label="InvestmentGeographicRegionAxis"/>
<link:loc xlink:type="locator"
xlink:href="http://xbrl.sec.gov/invest/2011/invest-2011-01-31.xsd#invest_InvestmentGeographicRegionDomain"
xlink:label="InvestmentGeographicRegionDomain"/>
<link:loc xlink:type="locator"
xlink:href="http://xbrl.sec.gov/invest/2011/invest-2011-01-31.xsd#invest_InvestmentAxis"
xlink:label="InvestmentAxis"/>
<link:loc xlink:type="locator"
xlink:href="http://xbrl.sec.gov/invest/2011/invest-2011-01-31.xsd#invest_InvestmentDomain"
xlink:label="InvestmentDomain"/>
<link:loc xlink:type="locator"
xlink:href="http://xbrl.sec.gov/invest/2011/invest-2011-01-31.xsd#invest_InvestmentSecuritiesClassAxis"
xlink:label="InvestmentSecuritiesClassAxis"/>
<link:loc xlink:type="locator"
xlink:href="http://xbrl.sec.gov/invest/2011/invest-2011-01-31.xsd#invest_InvestmentSecuritiesClassDomain"
xlink:label="InvestmentSecuritiesClassDomain"/>
<link:loc xlink:type="locator"
xlink:href="http://xbrl.sec.gov/invest/2011/invest-2011-01-31.xsd#invest_InvestmentSecuritiesSeriesAxis"
xlink:label="InvestmentSecuritiesSeriesAxis"/>
<link:loc xlink:type="locator"
xlink:href="http://xbrl.sec.gov/invest/2011/invest-2011-01-31.xsd#invest_InvestmentSecuritiesSeriesDomain"
xlink:label="InvestmentSecuritiesSeriesDomain"/>
<link:loc xlink:type="locator"
xlink:href="http://xbrl.sec.gov/invest/2011/invest-2011-01-31.xsd#invest_InvestmentHoldingAxis"
xlink:label="InvestmentHoldingAxis"/>
<link:loc xlink:type="locator"
xlink:href="http://xbrl.sec.gov/invest/2011/invest-2011-01-31.xsd#invest_InvestmentHoldingDomain"
xlink:label="InvestmentHoldingDomain"/>
<link:loc xlink:type="locator"
xlink:href="http://xbrl.sec.gov/invest/2011/invest-2011-01-31.xsd#invest_CreditRatingSourceAxis"
xlink:label="CreditRatingSourceAxis"/>
<link:loc xlink:type="locator"
xlink:href="http://xbrl.sec.gov/invest/2011/invest-2011-01-31.xsd#invest_CreditRatingSourceDomain"
xlink:label="CreditRatingSourceDomain"/>
<link:loc xlink:type="locator"
xlink:href="http://xbrl.sec.gov/invest/2011/invest-2011-01-31.xsd#invest_InvestmentIdentifierSchemeAxis"
xlink:label="InvestmentIdentifierSchemeAxis"/>
<link:loc xlink:type="locator"
xlink:href="http://xbrl.sec.gov/invest/2011/invest-2011-01-31.xsd#invest_InvestmentIdentifierSchemeDomain"
xlink:label="InvestmentIdentifierSchemeDomain"/>
<link:loc xlink:type="locator" xlink:href="qlabel-20101231.xsd#qlabel_A1Member"
xlink:label="A1Member"/>
<link:loc xlink:type="locator" xlink:href="qlabel-20101231.xsd#qlabel_A2Member"
xlink:label="A2Member"/>
<link:loc xlink:type="locator" xlink:href="qlabel-20101231.xsd#qlabel_A3Member"
xlink:label="A3Member"/>
<link:loc xlink:type="locator" xlink:href="qlabel-20101231.xsd#qlabel_A4Member"
xlink:label="A4Member"/>
<link:loc xlink:type="locator"
xlink:href="http://xbrl.sec.gov/country/2011/country-2011-01-31.xsd#country_SE"
xlink:label="SE"/>
<link:loc xlink:type="locator"
xlink:href="http://xbrl.sec.gov/country/2011/country-2011-01-31.xsd#country_TH"
xlink:label="TH"/>
<link:loc xlink:type="locator" xlink:href="qlabel-20101231.xsd#qlabel_C1Member"
xlink:label="C1Member"/>
<link:loc xlink:type="locator" xlink:href="qlabel-20101231.xsd#qlabel_C2Member"
xlink:label="C2Member"/>
<link:loc xlink:type="locator" xlink:href="qlabel-20101231.xsd#qlabel_C3Member"
xlink:label="C3Member"/>
<link:loc xlink:type="locator" xlink:href="qlabel-20101231.xsd#qlabel_C4Member"
xlink:label="C4Member"/>
<link:loc xlink:type="locator" xlink:href="qlabel-20101231.xsd#qlabel_D1Member"
xlink:label="D1Member"/>
<link:loc xlink:type="locator" xlink:href="qlabel-20101231.xsd#qlabel_D2Member"
xlink:label="D2Member"/>
<link:loc xlink:type="locator" xlink:href="qlabel-20101231.xsd#qlabel_E1Member"
xlink:label="E1Member"/>
<link:loc xlink:type="locator" xlink:href="qlabel-20101231.xsd#qlabel_E2Member"
xlink:label="E2Member"/>
<link:loc xlink:type="locator" xlink:href="qlabel-20101231.xsd#qlabel_F1Member"
xlink:label="F1Member"/>
<link:loc xlink:type="locator" xlink:href="qlabel-20101231.xsd#qlabel_F2Member"
xlink:label="F2Member"/>
<link:loc xlink:type="locator" xlink:href="qlabel-20101231.xsd#qlabel_F3Member"
xlink:label="F3Member"/>
<link:loc xlink:type="locator" xlink:href="qlabel-20101231.xsd#qlabel_F4Member"
xlink:label="F4Member"/>
<link:loc xlink:type="locator" xlink:href="qlabel-20101231.xsd#qlabel_G1Member"
xlink:label="G1Member"/>
<link:loc xlink:type="locator" xlink:href="qlabel-20101231.xsd#qlabel_G2Member"
xlink:label="G2Member"/>
<link:loc xlink:type="locator"
xlink:href="http://xbrl.sec.gov/invest/2011/invest-2011-01-31.xsd#invest_ISINMember"
xlink:label="ISINMember"/>
<link:loc xlink:type="locator"
xlink:href="http://xbrl.sec.gov/invest/2011/invest-2011-01-31.xsd#invest_InvestmentIdentifier"
xlink:label="InvestmentIdentifier"/>
<link:loc xlink:type="locator"
xlink:href="http://xbrl.fasb.org/us-gaap/2011/elts/us-gaap-2011-01-31.xsd#us-gaap_DebtInstrumentCreditRating"
xlink:label="DebtInstrumentCreditRating"/>
<link:loc xlink:type="locator"
xlink:href="http://xbrl.sec.gov/invest/2011/invest-2011-01-31.xsd#invest_InvestmentInterestRate"
xlink:label="InvestmentInterestRate"/>
<link:loc xlink:type="locator"
xlink:href="http://xbrl.sec.gov/invest/2011/invest-2011-01-31.xsd#invest_InvestmentMaturityDate1"
xlink:label="InvestmentMaturityDate1"/>
<link:loc xlink:type="locator"
xlink:href="http://xbrl.fasb.org/us-gaap/2011/elts/us-gaap-2011-01-31.xsd#us-gaap_InvestmentOwnedBalancePrincipalAmount"
xlink:label="InvestmentOwnedBalancePrincipalAmount"/>
<link:loc xlink:type="locator"
xlink:href="http://xbrl.fasb.org/us-gaap/2011/elts/us-gaap-2011-01-31.xsd#us-gaap_InvestmentOwnedAtFairValue"
xlink:label="InvestmentOwnedAtFairValue"/>
<link:definitionArc xlink:type="arc" xlink:arcrole="http://xbrl.org/int/dim/arcrole/all"
xlink:from="InvestmentHoldingsLineItems"
xlink:to="InvestmentHoldingsTable"
order="1.0"
p0:contextElement="segment"/>
<link:definitionArc xlink:type="arc"
xlink:arcrole="http://xbrl.org/int/dim/arcrole/hypercube-dimension"
xlink:from="InvestmentHoldingsTable"
xlink:to="InvestmentIssuerAxis"
order="1.0"/>
<link:definitionArc xlink:type="arc"
xlink:arcrole="http://xbrl.org/int/dim/arcrole/dimension-domain"
xlink:from="InvestmentIssuerAxis"
xlink:to="InvestmentIssuerDomain"
order="5.0"/>
<link:definitionArc xlink:type="arc" xlink:arcrole="http://xbrl.org/int/dim/arcrole/domain-member"
xlink:from="InvestmentIssuerDomain"
xlink:to="A1Member"
order="1.0"/>
<link:definitionArc xlink:type="arc" xlink:arcrole="http://xbrl.org/int/dim/arcrole/domain-member"
xlink:from="InvestmentIssuerDomain"
xlink:to="A2Member"
order="2.0"/>
<link:definitionArc xlink:type="arc" xlink:arcrole="http://xbrl.org/int/dim/arcrole/domain-member"
xlink:from="InvestmentIssuerDomain"
xlink:to="A3Member"
order="3.0"/>
<link:definitionArc xlink:type="arc" xlink:arcrole="http://xbrl.org/int/dim/arcrole/domain-member"
xlink:from="InvestmentIssuerDomain"
xlink:to="A4Member"
order="4.0"/>
<link:definitionArc xlink:type="arc"
xlink:arcrole="http://xbrl.org/int/dim/arcrole/hypercube-dimension"
xlink:from="InvestmentHoldingsTable"
xlink:to="InvestmentGeographicRegionAxis"
order="2.0"/>
<link:definitionArc xlink:type="arc"
xlink:arcrole="http://xbrl.org/int/dim/arcrole/dimension-domain"
xlink:from="InvestmentGeographicRegionAxis"
xlink:to="InvestmentGeographicRegionDomain"
order="3.0"/>
<link:definitionArc xlink:type="arc" xlink:arcrole="http://xbrl.org/int/dim/arcrole/domain-member"
xlink:from="InvestmentGeographicRegionDomain"
xlink:to="SE"
order="1.0"/>
<link:definitionArc xlink:type="arc" xlink:arcrole="http://xbrl.org/int/dim/arcrole/domain-member"
xlink:from="InvestmentGeographicRegionDomain"
xlink:to="TH"
order="2.0"/>
<link:definitionArc xlink:type="arc"
xlink:arcrole="http://xbrl.org/int/dim/arcrole/hypercube-dimension"
xlink:from="InvestmentHoldingsTable"
xlink:to="InvestmentAxis"
order="3.0"/>
<link:definitionArc xlink:type="arc"
xlink:arcrole="http://xbrl.org/int/dim/arcrole/dimension-domain"
xlink:from="InvestmentAxis"
xlink:to="InvestmentDomain"
order="5.0"/>
<link:definitionArc xlink:type="arc" xlink:arcrole="http://xbrl.org/int/dim/arcrole/domain-member"
xlink:from="InvestmentDomain"
xlink:to="C1Member"
order="1.0"/>
<link:definitionArc xlink:type="arc" xlink:arcrole="http://xbrl.org/int/dim/arcrole/domain-member"
xlink:from="InvestmentDomain"
xlink:to="C2Member"
order="2.0"/>
<link:definitionArc xlink:type="arc" xlink:arcrole="http://xbrl.org/int/dim/arcrole/domain-member"
xlink:from="InvestmentDomain"
xlink:to="C3Member"
order="3.0"/>
<link:definitionArc xlink:type="arc" xlink:arcrole="http://xbrl.org/int/dim/arcrole/domain-member"
xlink:from="InvestmentDomain"
xlink:to="C4Member"
order="4.0"/>
<link:definitionArc xlink:type="arc"
xlink:arcrole="http://xbrl.org/int/dim/arcrole/hypercube-dimension"
xlink:from="InvestmentHoldingsTable"
xlink:to="InvestmentSecuritiesClassAxis"
order="4.0"/>
<link:definitionArc xlink:type="arc"
xlink:arcrole="http://xbrl.org/int/dim/arcrole/dimension-domain"
xlink:from="InvestmentSecuritiesClassAxis"
xlink:to="InvestmentSecuritiesClassDomain"
order="3.0"/>
<link:definitionArc xlink:type="arc" xlink:arcrole="http://xbrl.org/int/dim/arcrole/domain-member"
xlink:from="InvestmentSecuritiesClassDomain"
xlink:to="D1Member"
order="1.0"/>
<link:definitionArc xlink:type="arc" xlink:arcrole="http://xbrl.org/int/dim/arcrole/domain-member"
xlink:from="InvestmentSecuritiesClassDomain"
xlink:to="D2Member"
order="2.0"/>
<link:definitionArc xlink:type="arc"
xlink:arcrole="http://xbrl.org/int/dim/arcrole/hypercube-dimension"
xlink:from="InvestmentHoldingsTable"
xlink:to="InvestmentSecuritiesSeriesAxis"
order="5.0"/>
<link:definitionArc xlink:type="arc"
xlink:arcrole="http://xbrl.org/int/dim/arcrole/dimension-domain"
xlink:from="InvestmentSecuritiesSeriesAxis"
xlink:to="InvestmentSecuritiesSeriesDomain"
order="3.0"/>
<link:definitionArc xlink:type="arc" xlink:arcrole="http://xbrl.org/int/dim/arcrole/domain-member"
xlink:from="InvestmentSecuritiesSeriesDomain"
xlink:to="E1Member"
order="1.0"/>
<link:definitionArc xlink:type="arc" xlink:arcrole="http://xbrl.org/int/dim/arcrole/domain-member"
xlink:from="InvestmentSecuritiesSeriesDomain"
xlink:to="E2Member"
order="2.0"/>
<link:definitionArc xlink:type="arc"
xlink:arcrole="http://xbrl.org/int/dim/arcrole/hypercube-dimension"
xlink:from="InvestmentHoldingsTable"
xlink:to="InvestmentHoldingAxis"
order="6.0"/>
<link:definitionArc xlink:type="arc"
xlink:arcrole="http://xbrl.org/int/dim/arcrole/dimension-domain"
xlink:from="InvestmentHoldingAxis"
xlink:to="InvestmentHoldingDomain"
order="5.0"/>
<link:definitionArc xlink:type="arc" xlink:arcrole="http://xbrl.org/int/dim/arcrole/domain-member"
xlink:from="InvestmentHoldingDomain"
xlink:to="F1Member"
order="1.0"/>
<link:definitionArc xlink:type="arc" xlink:arcrole="http://xbrl.org/int/dim/arcrole/domain-member"
xlink:from="InvestmentHoldingDomain"
xlink:to="F2Member"
order="2.0"/>
<link:definitionArc xlink:type="arc" xlink:arcrole="http://xbrl.org/int/dim/arcrole/domain-member"
xlink:from="InvestmentHoldingDomain"
xlink:to="F3Member"
order="3.0"/>
<link:definitionArc xlink:type="arc" xlink:arcrole="http://xbrl.org/int/dim/arcrole/domain-member"
xlink:from="InvestmentHoldingDomain"
xlink:to="F4Member"
order="4.0"/>
<link:definitionArc xlink:type="arc"
xlink:arcrole="http://xbrl.org/int/dim/arcrole/hypercube-dimension"
xlink:from="InvestmentHoldingsTable"
xlink:to="CreditRatingSourceAxis"
order="7.0"/>
<link:definitionArc xlink:type="arc"
xlink:arcrole="http://xbrl.org/int/dim/arcrole/dimension-domain"
xlink:from="CreditRatingSourceAxis"
xlink:to="CreditRatingSourceDomain"
order="3.0"/>
<link:definitionArc xlink:type="arc" xlink:arcrole="http://xbrl.org/int/dim/arcrole/domain-member"
xlink:from="CreditRatingSourceDomain"
xlink:to="G1Member"
order="1.0"/>
<link:definitionArc xlink:type="arc" xlink:arcrole="http://xbrl.org/int/dim/arcrole/domain-member"
xlink:from="CreditRatingSourceDomain"
xlink:to="G2Member"
order="2.0"/>
<link:definitionArc xlink:type="arc"
xlink:arcrole="http://xbrl.org/int/dim/arcrole/hypercube-dimension"
xlink:from="InvestmentHoldingsTable"
xlink:to="InvestmentIdentifierSchemeAxis"
order="8.0"/>
<link:definitionArc xlink:type="arc"
xlink:arcrole="http://xbrl.org/int/dim/arcrole/dimension-domain"
xlink:from="InvestmentIdentifierSchemeAxis"
xlink:to="InvestmentIdentifierSchemeDomain"
order="2.0"/>
<link:definitionArc xlink:type="arc" xlink:arcrole="http://xbrl.org/int/dim/arcrole/domain-member"
xlink:from="InvestmentIdentifierSchemeDomain"
xlink:to="ISINMember"
order="1.0"/>
<link:definitionArc xlink:type="arc" xlink:arcrole="http://xbrl.org/int/dim/arcrole/domain-member"
xlink:from="InvestmentHoldingsLineItems"
xlink:to="InvestmentIdentifier"
order="1.0"/>
<link:definitionArc xlink:type="arc" xlink:arcrole="http://xbrl.org/int/dim/arcrole/domain-member"
xlink:from="InvestmentHoldingsLineItems"
xlink:to="DebtInstrumentCreditRating"
order="2.0"/>
<link:definitionArc xlink:type="arc" xlink:arcrole="http://xbrl.org/int/dim/arcrole/domain-member"
xlink:from="InvestmentHoldingsLineItems"
xlink:to="InvestmentInterestRate"
order="3.0"/>
<link:definitionArc xlink:type="arc" xlink:arcrole="http://xbrl.org/int/dim/arcrole/domain-member"
xlink:from="InvestmentHoldingsLineItems"
xlink:to="InvestmentMaturityDate1"
order="4.0"/>
<link:definitionArc xlink:type="arc" xlink:arcrole="http://xbrl.org/int/dim/arcrole/domain-member"
xlink:from="InvestmentHoldingsLineItems"
xlink:to="InvestmentOwnedBalancePrincipalAmount"
order="5.0"/>
<link:definitionArc xlink:type="arc" xlink:arcrole="http://xbrl.org/int/dim/arcrole/domain-member"
xlink:from="InvestmentHoldingsLineItems"
xlink:to="InvestmentOwnedAtFairValue"
order="6.0"/>
</link:definitionLink>
<link:definitionLink xlink:type="extended" xlink:role="http://edgar.qlabel/20101231/role/Defaults">
<link:loc xlink:type="locator"
xlink:href="http://xbrl.sec.gov/invest/2011/invest-2011-01-31.xsd#invest_InvestmentIssuerAxis"
xlink:label="InvestmentIssuerAxis"/>
<link:loc xlink:type="locator"
xlink:href="http://xbrl.sec.gov/invest/2011/invest-2011-01-31.xsd#invest_InvestmentGeographicRegionAxis"
xlink:label="InvestmentGeographicRegionAxis"/>
<link:loc xlink:type="locator"
xlink:href="http://xbrl.sec.gov/invest/2011/invest-2011-01-31.xsd#invest_InvestmentAxis"
xlink:label="InvestmentAxis"/>
<link:loc xlink:type="locator"
xlink:href="http://xbrl.sec.gov/invest/2011/invest-2011-01-31.xsd#invest_InvestmentSecuritiesClassAxis"
xlink:label="InvestmentSecuritiesClassAxis"/>
<link:loc xlink:type="locator"
xlink:href="http://xbrl.sec.gov/invest/2011/invest-2011-01-31.xsd#invest_InvestmentSecuritiesSeriesAxis"
xlink:label="InvestmentSecuritiesSeriesAxis"/>
<link:loc xlink:type="locator"
xlink:href="http://xbrl.sec.gov/invest/2011/invest-2011-01-31.xsd#invest_InvestmentHoldingAxis"
xlink:label="InvestmentHoldingAxis"/>
<link:loc xlink:type="locator"
xlink:href="http://xbrl.sec.gov/invest/2011/invest-2011-01-31.xsd#invest_CreditRatingSourceAxis"
xlink:label="CreditRatingSourceAxis"/>
<link:loc xlink:type="locator"
xlink:href="http://xbrl.sec.gov/invest/2011/invest-2011-01-31.xsd#invest_InvestmentIdentifierSchemeAxis"
xlink:label="InvestmentIdentifierSchemeAxis"/>
<link:loc xlink:type="locator"
xlink:href="http://xbrl.sec.gov/invest/2011/invest-2011-01-31.xsd#invest_InvestmentIssuerDomain"
xlink:label="InvestmentIssuerDomain"/>
<link:loc xlink:type="locator"
xlink:href="http://xbrl.sec.gov/invest/2011/invest-2011-01-31.xsd#invest_InvestmentGeographicRegionDomain"
xlink:label="InvestmentGeographicRegionDomain"/>
<link:loc xlink:type="locator"
xlink:href="http://xbrl.sec.gov/invest/2011/invest-2011-01-31.xsd#invest_InvestmentDomain"
xlink:label="InvestmentDomain"/>
<link:loc xlink:type="locator"
xlink:href="http://xbrl.sec.gov/invest/2011/invest-2011-01-31.xsd#invest_InvestmentSecuritiesClassDomain"
xlink:label="InvestmentSecuritiesClassDomain"/>
<link:loc xlink:type="locator"
xlink:href="http://xbrl.sec.gov/invest/2011/invest-2011-01-31.xsd#invest_InvestmentSecuritiesSeriesDomain"
xlink:label="InvestmentSecuritiesSeriesDomain"/>
<link:loc xlink:type="locator"
xlink:href="http://xbrl.sec.gov/invest/2011/invest-2011-01-31.xsd#invest_InvestmentHoldingDomain"
xlink:label="InvestmentHoldingDomain"/>
<link:loc xlink:type="locator"
xlink:href="http://xbrl.sec.gov/invest/2011/invest-2011-01-31.xsd#invest_CreditRatingSourceDomain"
xlink:label="CreditRatingSourceDomain"/>
<link:loc xlink:type="locator"
xlink:href="http://xbrl.sec.gov/invest/2011/invest-2011-01-31.xsd#invest_InvestmentIdentifierSchemeDomain"
xlink:label="InvestmentIdentifierSchemeDomain"/>
<link:definitionArc xlink:type="arc"
xlink:arcrole="http://xbrl.org/int/dim/arcrole/dimension-default"
xlink:from="InvestmentIssuerAxis"
xlink:to="InvestmentIssuerDomain"
order="1.0"/>
<link:definitionArc xlink:type="arc"
xlink:arcrole="http://xbrl.org/int/dim/arcrole/dimension-default"
xlink:from="InvestmentGeographicRegionAxis"
xlink:to="InvestmentGeographicRegionDomain"
order="1.0"/>
<link:definitionArc xlink:type="arc"
xlink:arcrole="http://xbrl.org/int/dim/arcrole/dimension-default"
xlink:from="InvestmentAxis"
xlink:to="InvestmentDomain"
order="1.0"/>
<link:definitionArc xlink:type="arc"
xlink:arcrole="http://xbrl.org/int/dim/arcrole/dimension-default"
xlink:from="InvestmentSecuritiesClassAxis"
xlink:to="InvestmentSecuritiesClassDomain"
order="1.0"/>
<link:definitionArc xlink:type="arc"
xlink:arcrole="http://xbrl.org/int/dim/arcrole/dimension-default"
xlink:from="InvestmentSecuritiesSeriesAxis"
xlink:to="InvestmentSecuritiesSeriesDomain"
order="1.0"/>
<link:definitionArc xlink:type="arc"
xlink:arcrole="http://xbrl.org/int/dim/arcrole/dimension-default"
xlink:from="InvestmentHoldingAxis"
xlink:to="InvestmentHoldingDomain"
order="1.0"/>
<link:definitionArc xlink:type="arc"
xlink:arcrole="http://xbrl.org/int/dim/arcrole/dimension-default"
xlink:from="CreditRatingSourceAxis"
xlink:to="CreditRatingSourceDomain"
order="1.0"/>
<link:definitionArc xlink:type="arc"
xlink:arcrole="http://xbrl.org/int/dim/arcrole/dimension-default"
xlink:from="InvestmentIdentifierSchemeAxis"
xlink:to="InvestmentIdentifierSchemeDomain"
order="1.0"/>
</link:definitionLink>
</link:linkbase>