<?xml version="1.0" encoding="US-ASCII"?>
<xbrli:xbrl xmlns:qlabel="http://edgar.qlabel/20101231"
xmlns:dei="http://xbrl.sec.gov/dei/2011-01-31"
xmlns:invest="http://xbrl.sec.gov/invest/2011-01-31"
xmlns:country="http://xbrl.sec.gov/country/2011-01-31"
xmlns:currency="http://xbrl.sec.gov/currency/2011-01-31"
xmlns:link="http://www.xbrl.org/2003/linkbase"
xmlns:us-gaap="http://fasb.org/us-gaap/2011-01-31"
xmlns:ref="http://www.xbrl.org/2006/ref"
xmlns:num="http://www.xbrl.org/dtr/type/numeric"
xmlns:xbrldt="http://xbrl.org/2005/xbrldt"
xmlns:xsi="http://www.w3.org/2001/XMLSchema-instance"
xmlns:xbrldi="http://xbrl.org/2006/xbrldi"
xmlns:xbrli="http://www.xbrl.org/2003/instance"
xmlns:iso4217="http://www.xbrl.org/2003/iso4217"
xmlns:xlink="http://www.w3.org/1999/xlink">
<link:schemaRef xlink:type="simple" xlink:href="qlabel-20101231.xsd"/>

<xbrli:unit id="USD">
<xbrli:measure>iso4217:USD</xbrli:measure>
</xbrli:unit>
<xbrli:unit id="pure">
<xbrli:measure>xbrli:pure</xbrli:measure>
</xbrli:unit>

<dei:DocumentType contextRef="no-dim-D">NCSR</dei:DocumentType>
<dei:AmendmentFlag contextRef="no-dim-D">false</dei:AmendmentFlag>
<dei:DocumentPeriodEndDate contextRef="no-dim-D">2010-12-31</dei:DocumentPeriodEndDate>
<dei:DocumentFiscalYearFocus contextRef="no-dim-D">2010</dei:DocumentFiscalYearFocus>
<dei:DocumentFiscalPeriodFocus contextRef="no-dim-D">Q1</dei:DocumentFiscalPeriodFocus>
<dei:EntityRegistrantName contextRef="no-dim-D">THALER</dei:EntityRegistrantName>
<dei:EntityCentralIndexKey contextRef="no-dim-D">9876543210</dei:EntityCentralIndexKey>
<dei:CurrentFiscalYearEndDate contextRef="no-dim-D">--12-31</dei:CurrentFiscalYearEndDate>
<dei:EntityPublicFloat decimals="0" contextRef="no-dim" unitRef="USD">0</dei:EntityPublicFloat>



<xbrli:context id="no-dim">
<xbrli:entity>
<xbrli:identifier scheme="http://www.sec.gov/CIK">9876543210</xbrli:identifier>
</xbrli:entity>
<xbrli:period>
<xbrli:instant>2010-12-31</xbrli:instant>
</xbrli:period>
</xbrli:context>
<xbrli:context id="no-dim-D">
<xbrli:entity>
<xbrli:identifier scheme="http://www.sec.gov/CIK">9876543210</xbrli:identifier>
</xbrli:entity>
<xbrli:period>
<xbrli:startDate>2010-01-01</xbrli:startDate>
<xbrli:endDate>2010-12-31</xbrli:endDate>
</xbrli:period>
</xbrli:context>


<xbrli:context id="d1e3">
<xbrli:entity>
<xbrli:identifier scheme="http://www.sec.gov/CIK">9876543210</xbrli:identifier>
<xbrli:segment>
<xbrldi:explicitMember dimension="invest:InvestmentIssuerAxis">qlabel:A1Member</xbrldi:explicitMember>
<xbrldi:explicitMember dimension="invest:InvestmentAxis">qlabel:C2Member</xbrldi:explicitMember>
<xbrldi:explicitMember dimension="invest:InvestmentSecuritiesClassAxis">qlabel:D1Member</xbrldi:explicitMember>
<xbrldi:explicitMember dimension="invest:InvestmentHoldingAxis">qlabel:F1Member</xbrldi:explicitMember>
</xbrli:segment>
</xbrli:entity>
<xbrli:period>
<xbrli:instant>2010-12-31</xbrli:instant>
</xbrli:period>
</xbrli:context>
<xbrli:context id="d1e3-D">
<xbrli:entity>
<xbrli:identifier scheme="http://www.sec.gov/CIK">9876543210</xbrli:identifier>
<xbrli:segment>
<xbrldi:explicitMember dimension="invest:InvestmentIssuerAxis">qlabel:A1Member</xbrldi:explicitMember>
<xbrldi:explicitMember dimension="invest:InvestmentAxis">qlabel:C2Member</xbrldi:explicitMember>
<xbrldi:explicitMember dimension="invest:InvestmentSecuritiesClassAxis">qlabel:D1Member</xbrldi:explicitMember>
<xbrldi:explicitMember dimension="invest:InvestmentHoldingAxis">qlabel:F1Member</xbrldi:explicitMember>
</xbrli:segment>
</xbrli:entity>
<xbrli:period>
<xbrli:startDate>2010-01-01</xbrli:startDate>
<xbrli:endDate>2010-12-31</xbrli:endDate>
</xbrli:period>
</xbrli:context>
<xbrli:context id="d1e20-D">
<xbrli:entity>
<xbrli:identifier scheme="http://www.sec.gov/CIK">9876543210</xbrli:identifier>
<xbrli:segment>
<xbrldi:explicitMember dimension="invest:InvestmentIssuerAxis">qlabel:A1Member</xbrldi:explicitMember>
<xbrldi:explicitMember dimension="invest:InvestmentAxis">qlabel:C2Member</xbrldi:explicitMember>
<xbrldi:explicitMember dimension="invest:InvestmentSecuritiesClassAxis">qlabel:D1Member</xbrldi:explicitMember>
<xbrldi:explicitMember dimension="invest:InvestmentHoldingAxis">qlabel:F1Member</xbrldi:explicitMember>
<xbrldi:explicitMember dimension="invest:CreditRatingSourceAxis">qlabel:G1Member</xbrldi:explicitMember>
</xbrli:segment>
</xbrli:entity>
<xbrli:period>
<xbrli:startDate>2010-01-01</xbrli:startDate>
<xbrli:endDate>2010-12-31</xbrli:endDate>
</xbrli:period>
</xbrli:context>
<us-gaap:DebtInstrumentCreditRating contextRef="d1e20-D">us-gaap:MoodysB3RatingMember</us-gaap:DebtInstrumentCreditRating>
<xbrli:context id="d1e26-D">
<xbrli:entity>
<xbrli:identifier scheme="http://www.sec.gov/CIK">9876543210</xbrli:identifier>
<xbrli:segment>
<xbrldi:explicitMember dimension="invest:InvestmentIssuerAxis">qlabel:A1Member</xbrldi:explicitMember>
<xbrldi:explicitMember dimension="invest:InvestmentAxis">qlabel:C2Member</xbrldi:explicitMember>
<xbrldi:explicitMember dimension="invest:InvestmentSecuritiesClassAxis">qlabel:D1Member</xbrldi:explicitMember>
<xbrldi:explicitMember dimension="invest:InvestmentHoldingAxis">qlabel:F1Member</xbrldi:explicitMember>
<xbrldi:explicitMember dimension="invest:CreditRatingSourceAxis">qlabel:G2Member</xbrldi:explicitMember>
</xbrli:segment>
</xbrli:entity>
<xbrli:period>
<xbrli:startDate>2010-01-01</xbrli:startDate>
<xbrli:endDate>2010-12-31</xbrli:endDate>
</xbrli:period>
</xbrli:context>
<us-gaap:DebtInstrumentCreditRating contextRef="d1e26-D">us-gaap:StandardPoorsCCCRatingMember</us-gaap:DebtInstrumentCreditRating>
<invest:InvestmentInterestRate contextRef="d1e3-D" unitRef="pure" decimals="4">.0200</invest:InvestmentInterestRate>
<invest:InvestmentMaturityDate1 contextRef="d1e3-D">2014-06-06</invest:InvestmentMaturityDate1>
<us-gaap:InvestmentOwnedBalancePrincipalAmount contextRef="d1e3" unitRef="USD" decimals="0">229108</us-gaap:InvestmentOwnedBalancePrincipalAmount>
<us-gaap:InvestmentOwnedAtFairValue contextRef="d1e3" unitRef="USD" decimals="0">55129</us-gaap:InvestmentOwnedAtFairValue>


<xbrli:context id="d1e45">
<xbrli:entity>
<xbrli:identifier scheme="http://www.sec.gov/CIK">9876543210</xbrli:identifier>
<xbrli:segment>
<xbrldi:explicitMember dimension="invest:InvestmentIssuerAxis">qlabel:A2Member</xbrldi:explicitMember>
<xbrldi:explicitMember dimension="invest:InvestmentAxis">qlabel:C3Member</xbrldi:explicitMember>
<xbrldi:explicitMember dimension="invest:InvestmentSecuritiesSeriesAxis">qlabel:E1Member</xbrldi:explicitMember>
<xbrldi:explicitMember dimension="invest:InvestmentSecuritiesClassAxis">qlabel:D2Member</xbrldi:explicitMember>
<xbrldi:explicitMember dimension="invest:InvestmentHoldingAxis">qlabel:F2Member</xbrldi:explicitMember>
</xbrli:segment>
</xbrli:entity>
<xbrli:period>
<xbrli:instant>2010-12-31</xbrli:instant>
</xbrli:period>
</xbrli:context>
<xbrli:context id="d1e45-D">
<xbrli:entity>
<xbrli:identifier scheme="http://www.sec.gov/CIK">9876543210</xbrli:identifier>
<xbrli:segment>
<xbrldi:explicitMember dimension="invest:InvestmentIssuerAxis">qlabel:A2Member</xbrldi:explicitMember>
<xbrldi:explicitMember dimension="invest:InvestmentAxis">qlabel:C3Member</xbrldi:explicitMember>
<xbrldi:explicitMember dimension="invest:InvestmentSecuritiesSeriesAxis">qlabel:E1Member</xbrldi:explicitMember>
<xbrldi:explicitMember dimension="invest:InvestmentSecuritiesClassAxis">qlabel:D2Member</xbrldi:explicitMember>
<xbrldi:explicitMember dimension="invest:InvestmentHoldingAxis">qlabel:F2Member</xbrldi:explicitMember>
</xbrli:segment>
</xbrli:entity>
<xbrli:period>
<xbrli:startDate>2010-01-01</xbrli:startDate>
<xbrli:endDate>2010-12-31</xbrli:endDate>
</xbrli:period>
</xbrli:context>
<xbrli:context id="d1e63-D">
<xbrli:entity>
<xbrli:identifier scheme="http://www.sec.gov/CIK">9876543210</xbrli:identifier>
<xbrli:segment>
<xbrldi:explicitMember dimension="invest:InvestmentIssuerAxis">qlabel:A2Member</xbrldi:explicitMember>
<xbrldi:explicitMember dimension="invest:InvestmentAxis">qlabel:C3Member</xbrldi:explicitMember>
<xbrldi:explicitMember dimension="invest:InvestmentSecuritiesSeriesAxis">qlabel:E1Member</xbrldi:explicitMember>
<xbrldi:explicitMember dimension="invest:InvestmentSecuritiesClassAxis">qlabel:D2Member</xbrldi:explicitMember>
<xbrldi:explicitMember dimension="invest:InvestmentHoldingAxis">qlabel:F2Member</xbrldi:explicitMember>
<xbrldi:explicitMember dimension="invest:CreditRatingSourceAxis">qlabel:G1Member</xbrldi:explicitMember>
</xbrli:segment>
</xbrli:entity>
<xbrli:period>
<xbrli:startDate>2010-01-01</xbrli:startDate>
<xbrli:endDate>2010-12-31</xbrli:endDate>
</xbrli:period>
</xbrli:context>
<us-gaap:DebtInstrumentCreditRating contextRef="d1e63-D">us-gaap:MoodysCaa2RatingMember</us-gaap:DebtInstrumentCreditRating>
<xbrli:context id="d1e69-D">
<xbrli:entity>
<xbrli:identifier scheme="http://www.sec.gov/CIK">9876543210</xbrli:identifier>
<xbrli:segment>
<xbrldi:explicitMember dimension="invest:InvestmentIssuerAxis">qlabel:A2Member</xbrldi:explicitMember>
<xbrldi:explicitMember dimension="invest:InvestmentAxis">qlabel:C3Member</xbrldi:explicitMember>
<xbrldi:explicitMember dimension="invest:InvestmentSecuritiesSeriesAxis">qlabel:E1Member</xbrldi:explicitMember>
<xbrldi:explicitMember dimension="invest:InvestmentSecuritiesClassAxis">qlabel:D2Member</xbrldi:explicitMember>
<xbrldi:explicitMember dimension="invest:InvestmentHoldingAxis">qlabel:F2Member</xbrldi:explicitMember>
<xbrldi:explicitMember dimension="invest:CreditRatingSourceAxis">qlabel:G2Member</xbrldi:explicitMember>
</xbrli:segment>
</xbrli:entity>
<xbrli:period>
<xbrli:startDate>2010-01-01</xbrli:startDate>
<xbrli:endDate>2010-12-31</xbrli:endDate>
</xbrli:period>
</xbrli:context>
<us-gaap:DebtInstrumentCreditRating contextRef="d1e69-D">us-gaap:StandardPoorsCCCRatingMember</us-gaap:DebtInstrumentCreditRating>
<invest:InvestmentInterestRate contextRef="d1e45-D" unitRef="pure" decimals="4">.05500</invest:InvestmentInterestRate>
<invest:InvestmentMaturityDate1 contextRef="d1e45-D">2032-01-15</invest:InvestmentMaturityDate1>
<us-gaap:InvestmentOwnedBalancePrincipalAmount contextRef="d1e45" unitRef="USD" decimals="0">750000</us-gaap:InvestmentOwnedBalancePrincipalAmount>
<us-gaap:InvestmentOwnedAtFairValue contextRef="d1e45" unitRef="USD" decimals="0">789891</us-gaap:InvestmentOwnedAtFairValue>


<xbrli:context id="d1e88">
<xbrli:entity>
<xbrli:identifier scheme="http://www.sec.gov/CIK">9876543210</xbrli:identifier>
<xbrli:segment>
<xbrldi:explicitMember dimension="invest:InvestmentIssuerAxis">qlabel:A3Member</xbrldi:explicitMember>
<xbrldi:explicitMember dimension="invest:InvestmentGeographicRegionAxis">country:SE</xbrldi:explicitMember>
<xbrldi:explicitMember dimension="invest:InvestmentAxis">qlabel:C4Member</xbrldi:explicitMember>
<xbrldi:explicitMember dimension="invest:InvestmentHoldingAxis">qlabel:F3Member</xbrldi:explicitMember>
</xbrli:segment>
</xbrli:entity>
<xbrli:period>
<xbrli:instant>2010-12-31</xbrli:instant>
</xbrli:period>
</xbrli:context>
<xbrli:context id="d1e88-D">
<xbrli:entity>
<xbrli:identifier scheme="http://www.sec.gov/CIK">9876543210</xbrli:identifier>
<xbrli:segment>
<xbrldi:explicitMember dimension="invest:InvestmentIssuerAxis">qlabel:A3Member</xbrldi:explicitMember>
<xbrldi:explicitMember dimension="invest:InvestmentGeographicRegionAxis">country:SE</xbrldi:explicitMember>
<xbrldi:explicitMember dimension="invest:InvestmentAxis">qlabel:C4Member</xbrldi:explicitMember>
<xbrldi:explicitMember dimension="invest:InvestmentHoldingAxis">qlabel:F3Member</xbrldi:explicitMember>
</xbrli:segment>
</xbrli:entity>
<xbrli:period>
<xbrli:startDate>2010-01-01</xbrli:startDate>
<xbrli:endDate>2010-12-31</xbrli:endDate>
</xbrli:period>
</xbrli:context>
<xbrli:context id="d1e102-D">
<xbrli:entity>
<xbrli:identifier scheme="http://www.sec.gov/CIK">9876543210</xbrli:identifier>
<xbrli:segment>
<xbrldi:explicitMember dimension="invest:InvestmentIssuerAxis">qlabel:A3Member</xbrldi:explicitMember>
<xbrldi:explicitMember dimension="invest:InvestmentGeographicRegionAxis">country:SE</xbrldi:explicitMember>
<xbrldi:explicitMember dimension="invest:InvestmentAxis">qlabel:C4Member</xbrldi:explicitMember>
<xbrldi:explicitMember dimension="invest:InvestmentHoldingAxis">qlabel:F3Member</xbrldi:explicitMember>
<xbrldi:explicitMember dimension="invest:InvestmentIdentifierSchemeAxis">invest:ISINMember</xbrldi:explicitMember>
</xbrli:segment>
</xbrli:entity>
<xbrli:period>
<xbrli:startDate>2010-01-01</xbrli:startDate>
<xbrli:endDate>2010-12-31</xbrli:endDate>
</xbrli:period>
</xbrli:context>
<invest:InvestmentIdentifier contextRef="d1e102-D">SE0000412389</invest:InvestmentIdentifier>
<invest:InvestmentInterestRate contextRef="d1e88-D" unitRef="pure" decimals="4">.06750</invest:InvestmentInterestRate>
<invest:InvestmentMaturityDate1 contextRef="d1e88-D">2014-05-05</invest:InvestmentMaturityDate1>
<us-gaap:InvestmentOwnedBalancePrincipalAmount contextRef="d1e88" unitRef="USD" decimals="0">752500</us-gaap:InvestmentOwnedBalancePrincipalAmount>
<us-gaap:InvestmentOwnedAtFairValue contextRef="d1e88" unitRef="USD" decimals="0">856000</us-gaap:InvestmentOwnedAtFairValue>


<xbrli:context id="d1e124">
<xbrli:entity>
<xbrli:identifier scheme="http://www.sec.gov/CIK">9876543210</xbrli:identifier>
<xbrli:segment>
<xbrldi:explicitMember dimension="invest:InvestmentIssuerAxis">qlabel:A4Member</xbrldi:explicitMember>
<xbrldi:explicitMember dimension="invest:InvestmentGeographicRegionAxis">country:TH</xbrldi:explicitMember>
<xbrldi:explicitMember dimension="invest:InvestmentAxis">qlabel:C1Member</xbrldi:explicitMember>
<xbrldi:explicitMember dimension="invest:InvestmentSecuritiesSeriesAxis">qlabel:E2Member</xbrldi:explicitMember>
<xbrldi:explicitMember dimension="invest:InvestmentHoldingAxis">qlabel:F4Member</xbrldi:explicitMember>
</xbrli:segment>
</xbrli:entity>
<xbrli:period>
<xbrli:instant>2010-12-31</xbrli:instant>
</xbrli:period>
</xbrli:context>
<xbrli:context id="d1e124-D">
<xbrli:entity>
<xbrli:identifier scheme="http://www.sec.gov/CIK">9876543210</xbrli:identifier>
<xbrli:segment>
<xbrldi:explicitMember dimension="invest:InvestmentIssuerAxis">qlabel:A4Member</xbrldi:explicitMember>
<xbrldi:explicitMember dimension="invest:InvestmentGeographicRegionAxis">country:TH</xbrldi:explicitMember>
<xbrldi:explicitMember dimension="invest:InvestmentAxis">qlabel:C1Member</xbrldi:explicitMember>
<xbrldi:explicitMember dimension="invest:InvestmentSecuritiesSeriesAxis">qlabel:E2Member</xbrldi:explicitMember>
<xbrldi:explicitMember dimension="invest:InvestmentHoldingAxis">qlabel:F4Member</xbrldi:explicitMember>
</xbrli:segment>
</xbrli:entity>
<xbrli:period>
<xbrli:startDate>2010-01-01</xbrli:startDate>
<xbrli:endDate>2010-12-31</xbrli:endDate>
</xbrli:period>
</xbrli:context>
<xbrli:context id="d1e142-D">
<xbrli:entity>
<xbrli:identifier scheme="http://www.sec.gov/CIK">9876543210</xbrli:identifier>
<xbrli:segment>
<xbrldi:explicitMember dimension="invest:InvestmentIssuerAxis">qlabel:A4Member</xbrldi:explicitMember>
<xbrldi:explicitMember dimension="invest:InvestmentGeographicRegionAxis">country:TH</xbrldi:explicitMember>
<xbrldi:explicitMember dimension="invest:InvestmentAxis">qlabel:C1Member</xbrldi:explicitMember>
<xbrldi:explicitMember dimension="invest:InvestmentSecuritiesSeriesAxis">qlabel:E2Member</xbrldi:explicitMember>
<xbrldi:explicitMember dimension="invest:InvestmentHoldingAxis">qlabel:F4Member</xbrldi:explicitMember>
<xbrldi:explicitMember dimension="invest:InvestmentIdentifierSchemeAxis">invest:ISINMember</xbrldi:explicitMember>
</xbrli:segment>
</xbrli:entity>
<xbrli:period>
<xbrli:startDate>2010-01-01</xbrli:startDate>
<xbrli:endDate>2010-12-31</xbrli:endDate>
</xbrli:period>
</xbrli:context>
<invest:InvestmentIdentifier contextRef="d1e142-D">TH062303P508</invest:InvestmentIdentifier>
<invest:InvestmentInterestRate contextRef="d1e124-D" unitRef="pure" decimals="4">.036300</invest:InvestmentInterestRate>
<invest:InvestmentMaturityDate1 contextRef="d1e124-D">2015-05-22</invest:InvestmentMaturityDate1>
<us-gaap:InvestmentOwnedBalancePrincipalAmount contextRef="d1e124" unitRef="USD" decimals="0">154250</us-gaap:InvestmentOwnedBalancePrincipalAmount>
<us-gaap:InvestmentOwnedAtFairValue contextRef="d1e124" unitRef="USD" decimals="0">169000</us-gaap:InvestmentOwnedAtFairValue>



<invest:InvestmentEmbeddedTableTextBlock contextRef="no-dim-D">&lt;div style="display:none;"&gt;~ http://edgar.qlabel/20101231/role/ScheduleOfInvestmentHoldings4011
column primary compact *
row invest_InvestmentIssuerAxis compact *
row invest_InvestmentGeographicRegionAxis compact *
row invest_InvestmentAxis compact *
row invest_InvestmentSecuritiesClassAxis compact *
row invest_InvestmentSecuritiesSeriesAxis compact *
row invest_InvestmentHoldingAxis nodisplay *
row separator segment ", "
~&lt;/div&gt;</invest:InvestmentEmbeddedTableTextBlock>

</xbrli:xbrl>