<?xml version="1.0" encoding="UTF-8"?>
<?taxonomy-version 1.3.1?>
<!--Copyright (C) 2011 EBA - European Banking Authority, Tower 42, 25 Old Broad Street, London, EC2N 1HQ, United Kingdom.-->            
<link:linkbase xmlns:xsi="http://www.w3.org/2001/XMLSchema-instance"
               xmlns:ref-corep="http://www.c-ebs.org/eu/fr/esrs/corep/2005-09-30/ref-corep-2005-09-30"
               xmlns:link="http://www.xbrl.org/2003/linkbase"
               xmlns:ref="http://www.xbrl.org/2004/ref"
               xmlns:xbrli="http://www.xbrl.org/2003/instance"
               xmlns:xlink="http://www.w3.org/1999/xlink"
               xsi:schemaLocation="http://www.xbrl.org/2003/linkbase http://www.xbrl.org/2003/xbrl-linkbase-2003-12-31.xsd http://www.c-ebs.org/eu/fr/esrs/corep/2005-09-30/ref-corep-2005-09-30 ref-corep-2005-09-30.xsd http://www.xbrl.org/2004/ref http://www.xbrl.org/2004/ref-2004-08-10.xsd">
  <link:roleRef roleURI="http://www.c-ebs.org/2006/corep/eu/ss" xlink:type="simple"
                 xlink:href="p-ss-2006-07-01.xsd#rt_ss"/>
  <link:referenceLink xlink:type="extended" xlink:role="http://www.c-ebs.org/2006/corep/eu/ss">
      <link:loc xlink:type="locator" xlink:href="d-et-2006-07-01.xsd#d-et_OnBalanceSheetItems"
                xlink:label="OnBalanceSheetItems"
                xlink:title="OnBalanceSheetItems"/>
      <link:reference xlink:type="resource" xlink:label="reference_OnBalanceSheetItems"
                      xlink:role="http://www.xbrl.org/2003/role/reference"
                      xlink:title="reference_OnBalanceSheetItems"
                      id="reference_OnBalanceSheetItems">
         <ref-corep:Comment>See CR SA template and Annex IX, part 4, point 2, letters (a) and (b) of Directive 2006/48/EC</ref-corep:Comment>
      </link:reference>
      <link:referenceArc xlink:type="arc"
                         xlink:arcrole="http://www.xbrl.org/2003/arcrole/concept-reference"
                         xlink:from="OnBalanceSheetItems"
                         xlink:to="reference_OnBalanceSheetItems"
                         xlink:title="reference: OnBalanceSheetItems to reference_OnBalanceSheetItems"/>
      <link:loc xlink:type="locator"
                xlink:href="d-cr-2006-07-01.xsd#d-cr_CreditRiskSASecutizationOriginator"
                xlink:label="CreditRiskSASecutizationOriginator"
                xlink:title="CreditRiskSASecutizationOriginator"/>
      <link:reference xlink:type="resource"
                      xlink:label="reference_CreditRiskSASecutizationOriginator"
                      xlink:role="http://www.xbrl.org/2003/role/reference"
                      xlink:title="reference_CreditRiskSASecutizationOriginator"
                      id="reference_CreditRiskSASecutizationOriginator">
         <ref-corep:Directive>2006/48/EC</ref-corep:Directive>
         <ref:Article>4</ref:Article>
         <ref:Paragraph>41</ref:Paragraph>
      </link:reference>
      <link:referenceArc xlink:type="arc"
                         xlink:arcrole="http://www.xbrl.org/2003/arcrole/concept-reference"
                         xlink:from="CreditRiskSASecutizationOriginator"
                         xlink:to="reference_CreditRiskSASecutizationOriginator"
                         xlink:title="reference: CreditRiskSASecutizationOriginator to reference_CreditRiskSASecutizationOriginator"/>
      <link:loc xlink:type="locator"
                xlink:href="d-cr-2006-07-01.xsd#d-cr_CreditRiskSASecutizationSponsor"
                xlink:label="CreditRiskSASecutizationSponsor"
                xlink:title="CreditRiskSASecutizationSponsor"/>
      <link:reference xlink:type="resource" xlink:label="reference_CreditRiskSASecutizationSponsor"
                      xlink:role="http://www.xbrl.org/2003/role/reference"
                      xlink:title="reference_CreditRiskSASecutizationSponsor"
                      id="reference_CreditRiskSASecutizationSponsor">
         <ref-corep:Directive>2006/48/EC</ref-corep:Directive>
         <ref:Article>4</ref:Article>
         <ref:Paragraph>42</ref:Paragraph>
         <ref-corep:Comment>If a sponsor is also securitising its own assets, it should fill in in the originator's rows the information regarding its own securitised assets</ref-corep:Comment>
      </link:reference>
      <link:referenceArc xlink:type="arc"
                         xlink:arcrole="http://www.xbrl.org/2003/arcrole/concept-reference"
                         xlink:from="CreditRiskSASecutizationSponsor"
                         xlink:to="reference_CreditRiskSASecutizationSponsor"
                         xlink:title="reference: CreditRiskSASecutizationSponsor to reference_CreditRiskSASecutizationSponsor"/>
      <link:loc xlink:type="locator"
                xlink:href="d-et-2006-07-01.xsd#d-et_OffBalanceSheetItemsDerivatives"
                xlink:label="OffBalanceSheetItemsDerivatives"
                xlink:title="OffBalanceSheetItemsDerivatives"/>
      <link:reference xlink:type="resource" xlink:label="reference_OffBalanceSheetItemsDerivatives"
                      xlink:role="http://www.xbrl.org/2003/role/reference"
                      xlink:title="reference_OffBalanceSheetItemsDerivatives"
                      id="reference_OffBalanceSheetItemsDerivatives">
         <ref-corep:Comment>Off-balance sheet securitisation positions subject to a conversion factor under the securitisation framework as mentioned in Annex IX part 4 point 2 letter c) and securitisation positions arising from a derivative instrument listed in Annex IV of Directive 2006/48/EC. For liquidity facilities, credit facilities, servicer cash advances and market disruption lines, institutions should provide the undrawn amount. For interest rate and currency swaps they should provide the exposure value according to annex IX part 4 point 3 of Directive 2006/48/EC as specified in the CR SA template.</ref-corep:Comment>
      </link:reference>
      <link:referenceArc xlink:type="arc"
                         xlink:arcrole="http://www.xbrl.org/2003/arcrole/concept-reference"
                         xlink:from="OffBalanceSheetItemsDerivatives"
                         xlink:to="reference_OffBalanceSheetItemsDerivatives"
                         xlink:title="reference: OffBalanceSheetItemsDerivatives to reference_OffBalanceSheetItemsDerivatives"/>
      <link:loc xlink:type="locator"
                xlink:href="d-et-2006-07-01.xsd#d-et_OnBalanceSheetItemsMezzanine"
                xlink:label="OnBalanceSheetItemsMezzanine"
                xlink:title="OnBalanceSheetItemsMezzanine"/>
      <link:reference xlink:type="resource" xlink:label="reference_OnBalanceSheetItemsMezzanine"
                      xlink:role="http://www.xbrl.org/2003/role/reference"
                      xlink:title="reference_OnBalanceSheetItemsMezzanine"
                      id="reference_OnBalanceSheetItemsMezzanine">
         <ref-corep:Comment>All tranches that do not qualify as most senior or first losses will be included in this category.</ref-corep:Comment>
      </link:reference>
      <link:referenceArc xlink:type="arc"
                         xlink:arcrole="http://www.xbrl.org/2003/arcrole/concept-reference"
                         xlink:from="OnBalanceSheetItemsMezzanine"
                         xlink:to="reference_OnBalanceSheetItemsMezzanine"
                         xlink:title="reference: OnBalanceSheetItemsMezzanine to reference_OnBalanceSheetItemsMezzanine"/>
  </link:referenceLink>
</link:linkbase>