<?xml version="1.0" encoding="UTF-8"?>
<?taxonomy-version 1.3.1?>
<!--Copyright (C) 2011 EBA - European Banking Authority, Tower 42, 25 Old Broad Street, London, EC2N 1HQ, United Kingdom.-->            
<link:linkbase xmlns:xsi="http://www.w3.org/2001/XMLSchema-instance"
               xmlns:link="http://www.xbrl.org/2003/linkbase"
               xmlns:xbrli="http://www.xbrl.org/2003/instance"
               xmlns:xlink="http://www.w3.org/1999/xlink"
               xsi:schemaLocation="http://www.xbrl.org/2003/linkbase http://www.xbrl.org/2003/xbrl-linkbase-2003-12-31.xsd">
  <link:roleRef roleURI="http://www.c-ebs.org/2006/corep/eu/ss" xlink:type="simple"
                 xlink:href="p-ss-2006-07-01.xsd#rt_ss"/>
  <link:labelLink xlink:type="extended" xlink:role="http://www.c-ebs.org/2006/corep/eu/ss">
      <link:loc xlink:type="locator"
                xlink:href="p-cm-cr-2006-07-01.xsd#p-cm-cr_OverallEffectAdjustmentDueInfringementDueDiligenceProvisions"
                xlink:label="OverallEffectAdjustmentDueInfringementDueDiligenceProvisions"
                xlink:title="OverallEffectAdjustmentDueInfringementDueDiligenceProvisions"/>
      <link:label xlink:type="resource"
                  xlink:label="label_OverallEffectAdjustmentDueInfringementDueDiligenceProvisions"
                  xlink:role="http://www.xbrl.org/2003/role/documentation"
                  xlink:title="label_OverallEffectAdjustmentDueInfringementDueDiligenceProvisions"
                  xml:lang="en"
                  id="label_OverallEffectAdjustmentDueInfringementDueDiligenceProvisions">Core Layer</link:label>
      <link:labelArc xlink:type="arc" xlink:arcrole="http://www.xbrl.org/2003/arcrole/concept-label"
                     xlink:from="OverallEffectAdjustmentDueInfringementDueDiligenceProvisions"
                     xlink:to="label_OverallEffectAdjustmentDueInfringementDueDiligenceProvisions"
                     xlink:title="label: OverallEffectAdjustmentDueInfringementDueDiligenceProvisions to label_OverallEffectAdjustmentDueInfringementDueDiligenceProvisions"/>
      <link:loc xlink:type="locator"
                xlink:href="p-cm-cr-2006-07-01.xsd#p-cm-cr_AdjustmentRiskWeightedExposureAmountDueMaturityMismatches"
                xlink:label="AdjustmentRiskWeightedExposureAmountDueMaturityMismatches"
                xlink:title="AdjustmentRiskWeightedExposureAmountDueMaturityMismatches"/>
      <link:label xlink:type="resource"
                  xlink:label="label_AdjustmentRiskWeightedExposureAmountDueMaturityMismatches"
                  xlink:role="http://www.xbrl.org/2003/role/documentation"
                  xlink:title="label_AdjustmentRiskWeightedExposureAmountDueMaturityMismatches"
                  xml:lang="en"
                  id="label_AdjustmentRiskWeightedExposureAmountDueMaturityMismatches">Core Layer</link:label>
      <link:labelArc xlink:type="arc" xlink:arcrole="http://www.xbrl.org/2003/arcrole/concept-label"
                     xlink:from="AdjustmentRiskWeightedExposureAmountDueMaturityMismatches"
                     xlink:to="label_AdjustmentRiskWeightedExposureAmountDueMaturityMismatches"
                     xlink:title="label: AdjustmentRiskWeightedExposureAmountDueMaturityMismatches to label_AdjustmentRiskWeightedExposureAmountDueMaturityMismatches"/>
      <link:loc xlink:type="locator"
                xlink:href="d-cr-2006-07-01.xsd#d-cr_CreditRiskSASecuritization"
                xlink:label="CreditRiskSASecuritization"
                xlink:title="CreditRiskSASecuritization"/>
      <link:label xlink:type="resource" xlink:label="label_CreditRiskSASecuritization"
                  xlink:role="http://www.xbrl.org/2003/role/label"
                  xlink:title="label_CreditRiskSASecuritization"
                  xml:lang="en"
                  id="label_CreditRiskSASecuritization">Total Exposures</link:label>
      <link:labelArc xlink:type="arc" xlink:arcrole="http://www.xbrl.org/2003/arcrole/concept-label"
                     xlink:from="CreditRiskSASecuritization"
                     xlink:to="label_CreditRiskSASecuritization"
                     xlink:title="label: CreditRiskSASecuritization to label_CreditRiskSASecuritization"/>
  </link:labelLink>
  <link:labelLink xlink:type="extended" xlink:role="http://www.xbrl.org/2003/role/link">
      <link:loc xlink:type="locator"
                xlink:href="t-ss-2006-07-01.xsd#t-ss_ExcEarlyAmortizationHypercube"
                xlink:label="t-ss_hcExcEarlyAmortization"/>
      <link:label xlink:type="resource" xlink:label="t-ss_hcExcEarlyAmortization_lbl"
                  xlink:role="http://www.xbrl.org/2003/role/label"
                  xlink:title="label_hcExcEarlyAmortization"
                  xml:lang="en"
                  id="label_hcExcEarlyAmortization_1134475216988_1">Excluded Early Amortization (Hypercube)</link:label>
      <link:labelArc xlink:type="arc" xlink:arcrole="http://www.xbrl.org/2003/arcrole/concept-label"
                     xlink:from="t-ss_hcExcEarlyAmortization"
                     xlink:to="t-ss_hcExcEarlyAmortization_lbl"/>
      <link:loc xlink:type="locator"
                xlink:href="t-ss-2006-07-01.xsd#t-ss_ExcInvestorAndSponsorTotalExposuresHypercube"
                xlink:label="t-ss_hcExcInvestorAndSponsorTotalExposures"/>
      <link:label xlink:type="resource"
                  xlink:label="t-ss_hcExcInvestorAndSponsorTotalExposures_lbl"
                  xlink:role="http://www.xbrl.org/2003/role/label"
                  xlink:title="label_hcExcInvestorTotalExposures"
                  xml:lang="en"
                  id="label_hcExcInvestorTotalExposures_1134475374149_1">Excluded Investor and Sponsor Total Exposures (Hypercube)</link:label>
      <link:labelArc xlink:type="arc" xlink:arcrole="http://www.xbrl.org/2003/arcrole/concept-label"
                     xlink:from="t-ss_hcExcInvestorAndSponsorTotalExposures"
                     xlink:to="t-ss_hcExcInvestorAndSponsorTotalExposures_lbl"/>
      <link:loc xlink:type="locator"
                xlink:href="t-ss-2006-07-01.xsd#t-ss_ExcOnBalanceSheetItemsForInvestorHypercube"
                xlink:label="t-ss_hcExcOnBalanceSheetItemsBreakdown"/>
      <link:label xlink:type="resource" xlink:label="t-ss_hcExcOnBalanceSheetItemsBreakdown_lbl"
                  xlink:role="http://www.xbrl.org/2003/role/label"
                  xlink:title="label_hcExcOnBalanceSheetExposuresBreakdown"
                  xml:lang="en"
                  id="label_hcExcOnBalanceSheetExposuresBreakdown_1134477342036_1">Excluded On Balance Sheet Itmes for Investor (Hypercube)</link:label>
      <link:labelArc xlink:type="arc" xlink:arcrole="http://www.xbrl.org/2003/arcrole/concept-label"
                     xlink:from="t-ss_hcExcOnBalanceSheetItemsBreakdown"
                     xlink:to="t-ss_hcExcOnBalanceSheetItemsBreakdown_lbl"/>
      <link:loc xlink:type="locator"
                xlink:href="t-ss-2006-07-01.xsd#t-ss_ExcOnBalanceSheetItemsForOriginatorHypercube"
                xlink:label="t-ss_hcExcOnBalanceSheetItems"/>
      <link:label xlink:type="resource" xlink:label="t-ss_hcExcOnBalanceSheetItems_lbl"
                  xlink:role="http://www.xbrl.org/2003/role/label"
                  xlink:title="label_hcExcOnBalanceSheetItems"
                  xml:lang="en"
                  id="label_hcExcOnBalanceSheetItems_1134474647466_1">Excluded On Balance Sheet Items for Originator (Hypercube)</link:label>
      <link:labelArc xlink:type="arc" xlink:arcrole="http://www.xbrl.org/2003/arcrole/concept-label"
                     xlink:from="t-ss_hcExcOnBalanceSheetItems"
                     xlink:to="t-ss_hcExcOnBalanceSheetItems_lbl"/>
      <link:loc xlink:type="locator"
                xlink:href="t-ss-2006-07-01.xsd#t-ss_ExcOriginatorTotalExposuresHypercube"
                xlink:label="t-ss_hcExcOriginatorTotalExposures"/>
      <link:label xlink:type="resource" xlink:label="t-ss_hcExcOriginatorTotalExposures_lbl"
                  xlink:role="http://www.xbrl.org/2003/role/label"
                  xlink:title="label_hcExcOriginatorTotalExposures"
                  xml:lang="en"
                  id="label_hcExcOriginatorTotalExposures_1134475373158_1">Excuded Originator Total Exposures (Hypercube)</link:label>
      <link:labelArc xlink:type="arc" xlink:arcrole="http://www.xbrl.org/2003/arcrole/concept-label"
                     xlink:from="t-ss_hcExcOriginatorTotalExposures"
                     xlink:to="t-ss_hcExcOriginatorTotalExposures_lbl"/>
      <link:loc xlink:type="locator"
                xlink:href="t-ss-2006-07-01.xsd#t-ss_SectionExposuresHypercube"
                xlink:label="t-ss_hcSectionExposures"/>
      <link:label xlink:type="resource" xlink:label="t-ss_hcSectionExposures_lbl"
                  xlink:role="http://www.xbrl.org/2003/role/label"
                  xlink:title="label_hcSectionExposures"
                  xml:lang="en"
                  id="label_hcSectionExposures_1134473006045_1">Section Exposures (Hypercube)</link:label>
      <link:labelArc xlink:type="arc" xlink:arcrole="http://www.xbrl.org/2003/arcrole/concept-label"
                     xlink:from="t-ss_hcSectionExposures"
                     xlink:to="t-ss_hcSectionExposures_lbl"/>
      <link:loc xlink:type="locator"
                xlink:href="t-ss-2006-07-01.xsd#t-ss_SectionExposureTypesForInvestorHypercube"
                xlink:label="t-ss_hcSectionExposureTypesForInvestor"/>
      <link:label xlink:type="resource" xlink:label="t-ss_hcSectionExposureTypesForInvestor_lbl"
                  xlink:role="http://www.xbrl.org/2003/role/label"
                  xlink:title="label_newItem"
                  xml:lang="en"
                  id="label_newItem_1134473113827_1">Section Exposure Types for Investor (Hypercube)</link:label>
      <link:labelArc xlink:type="arc" xlink:arcrole="http://www.xbrl.org/2003/arcrole/concept-label"
                     xlink:from="t-ss_hcSectionExposureTypesForInvestor"
                     xlink:to="t-ss_hcSectionExposureTypesForInvestor_lbl"/>
      <link:loc xlink:type="locator"
                xlink:href="t-ss-2006-07-01.xsd#t-ss_SectionExposureTypesForOriginatorHypercube"
                xlink:label="t-ss_hcSectionExposureTypesForOriginator"/>
      <link:label xlink:type="resource"
                  xlink:label="t-ss_hcSectionExposureTypesForOriginator_lbl"
                  xlink:role="http://www.xbrl.org/2003/role/label"
                  xlink:title="label_hcSectionExposureTypes"
                  xml:lang="en"
                  id="label_hcSectionExposureTypes_1134473006045_3">Section Exposure Types for Originator (Hypercube)</link:label>
      <link:labelArc xlink:type="arc" xlink:arcrole="http://www.xbrl.org/2003/arcrole/concept-label"
                     xlink:from="t-ss_hcSectionExposureTypesForOriginator"
                     xlink:to="t-ss_hcSectionExposureTypesForOriginator_lbl"/>
      <link:loc xlink:type="locator"
                xlink:href="t-ss-2006-07-01.xsd#t-ss_SectionExposureTypesForSponsorHypercube"
                xlink:label="t-ss_hcSectionExposureTypesForSponsor"/>
      <link:label xlink:type="resource" xlink:label="t-ss_hcSectionExposureTypesForSponsor_lbl"
                  xlink:role="http://www.xbrl.org/2003/role/label"
                  xlink:title="label_hcSectionExposureTypesForSponsor"
                  xml:lang="en"
                  id="label_hcSectionExposureTypesForSponsor_1134473156727_1">Section Exposure Types for Sponsor (Hypercube)</link:label>
      <link:labelArc xlink:type="arc" xlink:arcrole="http://www.xbrl.org/2003/arcrole/concept-label"
                     xlink:from="t-ss_hcSectionExposureTypesForSponsor"
                     xlink:to="t-ss_hcSectionExposureTypesForSponsor_lbl"/>
      <link:loc xlink:type="locator"
                xlink:href="t-ss-2006-07-01.xsd#t-ss_ExcOnBalanceSheetItemsForSponsorHypercube"
                xlink:label="hcExcOnBalanceSheetItemsForSponsor"
                xlink:title="hcExcOnBalanceSheetItemsForSponsor"/>
      <link:label xlink:type="resource" xlink:label="label_hcExcOnBalanceSheetItemsForSponsor"
                  xlink:role="http://www.xbrl.org/2003/role/label"
                  xlink:title="label_hcExcOnBalanceSheetItemsForSponsor"
                  xml:lang="en"
                  id="label_hcExcOnBalanceSheetItemsForSponsor">Excluded On Balance Sheet Itmes for Sponsor (Hypercube)</link:label>
      <link:labelArc xlink:type="arc" xlink:arcrole="http://www.xbrl.org/2003/arcrole/concept-label"
                     xlink:from="hcExcOnBalanceSheetItemsForSponsor"
                     xlink:to="label_hcExcOnBalanceSheetItemsForSponsor"
                     xlink:title="label: hcExcOnBalanceSheetItemsForSponsor to label_hcExcOnBalanceSheetItemsForSponsor"/>
      <link:loc xlink:type="locator"
                xlink:href="t-ss-2006-07-01.xsd#t-ss_ExcTraditionalSecuritisationTotalExposuresHypercube"
                xlink:label="hcExcTraditionalSecuritisationTotalExposures"
                xlink:title="hcExcTraditionalSecuritisationTotalExposures"/>
      <link:label xlink:type="resource"
                  xlink:label="label_hcExcTraditionalSecuritisationTotalExposures"
                  xlink:role="http://www.xbrl.org/2003/role/label"
                  xlink:title="label_hcExcTraditionalSecuritisationTotalExposures"
                  xml:lang="en"
                  id="label_hcExcTraditionalSecuritisationTotalExposures">Excluded Traditional Securitisation Total Exposures (Hypercube)</link:label>
      <link:labelArc xlink:type="arc" xlink:arcrole="http://www.xbrl.org/2003/arcrole/concept-label"
                     xlink:from="hcExcTraditionalSecuritisationTotalExposures"
                     xlink:to="label_hcExcTraditionalSecuritisationTotalExposures"
                     xlink:title="label: hcExcTraditionalSecuritisationTotalExposures to label_hcExcTraditionalSecuritisationTotalExposures"/>
      <link:loc xlink:type="locator"
                xlink:href="t-ss-2006-07-01.xsd#t-ss_ExcTraditionalSecuritisationForOriginatorHypercube"
                xlink:label="hcExcTraditionalSecuritisationForOriginator"
                xlink:title="hcExcTraditionalSecuritisationForOriginator"/>
      <link:label xlink:type="resource"
                  xlink:label="label_hcExcTraditionalSecuritisationForOriginator"
                  xlink:role="http://www.xbrl.org/2003/role/label"
                  xlink:title="label_hcExcTraditionalSecuritisationForOriginator"
                  xml:lang="en"
                  id="label_hcExcTraditionalSecuritisationForOriginator">Excluded Traditional Securitisation for Originator (Hypercube)</link:label>
      <link:labelArc xlink:type="arc" xlink:arcrole="http://www.xbrl.org/2003/arcrole/concept-label"
                     xlink:from="hcExcTraditionalSecuritisationForOriginator"
                     xlink:to="label_hcExcTraditionalSecuritisationForOriginator"
                     xlink:title="label: hcExcTraditionalSecuritisationForOriginator to label_hcExcTraditionalSecuritisationForOriginator"/>
      <link:loc xlink:type="locator"
                xlink:href="t-ss-2006-07-01.xsd#t-ss_ExcOfwhichOriginatedAndSponsoredHypercube"
                xlink:label="ExcOfwhichOriginatedAndSponsoredHypercube"
                xlink:title="ExcOfwhichOriginatedAndSponsoredHypercube"/>
      <link:label xlink:type="resource"
                  xlink:label="label_ExcOfwhichOriginatedAndSponsoredHypercube"
                  xlink:role="http://www.xbrl.org/2003/role/label"
                  xlink:title="label_ExcOfwhichOriginatedAndSponsoredHypercube"
                  xml:lang="en"
                  id="label_ExcOfwhichOriginatedAndSponsoredHypercube">Excluded Of which Originated And Sponsored (Hypercube)</link:label>
      <link:labelArc xlink:type="arc" xlink:arcrole="http://www.xbrl.org/2003/arcrole/concept-label"
                     xlink:from="ExcOfwhichOriginatedAndSponsoredHypercube"
                     xlink:to="label_ExcOfwhichOriginatedAndSponsoredHypercube"
                     xlink:title="label: ExcOfwhichOriginatedAndSponsoredHypercube to label_ExcOfwhichOriginatedAndSponsoredHypercube"/>
  </link:labelLink>
</link:linkbase>