<?xml version="1.0" encoding="utf-8"?>
<?taxonomy-version 1.3.2?>
<!--Copyright (C) 2011 EBA - European Banking Authority, Tower 42, 25 Old Broad Street, London, EC2N 1HQ, United Kingdom.-->   <!-- Copyright (C) 2009 CEBS Secretariat Ltd., Tower 42, 25 Old Broad Street, London, EC2N 1HQ, United Kingdom. -->
<linkbase 
	xmlns="http://www.xbrl.org/2003/linkbase" 
	xmlns:xsi="http://www.w3.org/2001/XMLSchema-instance" 
	xmlns:xlink="http://www.w3.org/1999/xlink" 
	xmlns:xbrldt="http://xbrl.org/2005/xbrldt" 
	xsi:schemaLocation=" 
		http://www.xbrl.org/2003/linkbase http://www.xbrl.org/2003/xbrl-linkbase-2003-12-31.xsd 
		http://xbrl.org/2005/xbrldt http://www.xbrl.org/2005/xbrldt-2005.xsd">
  <roleRef xlink:type="simple" xlink:href="d-hh-2008-01-01.xsd#ADimensionalItems" roleURI="http://www.c-ebs.org/eu/fr/esrs/finrep/2008-01-01/role/ADimensionalItems" />
  <roleRef xlink:type="simple" xlink:href="d-hh-2008-01-01.xsd#ProhibitedItems" roleURI="http://www.c-ebs.org/eu/fr/esrs/finrep/2008-01-01/role/ProhibitedItems" />
  <arcroleRef xlink:type="simple" xlink:href="http://www.xbrl.org/2005/xbrldt-2005.xsd#all" arcroleURI="http://xbrl.org/int/dim/arcrole/all" />
  <arcroleRef xlink:type="simple" xlink:href="http://www.xbrl.org/2005/xbrldt-2005.xsd#notAll" arcroleURI="http://xbrl.org/int/dim/arcrole/notAll" />
  <arcroleRef xlink:type="simple" xlink:href="http://www.xbrl.org/2005/xbrldt-2005.xsd#domain-member" arcroleURI="http://xbrl.org/int/dim/arcrole/domain-member" />
  <arcroleRef xlink:type="simple" xlink:href="http://www.xbrl.org/2005/xbrldt-2005.xsd#hypercube-dimension" arcroleURI="http://xbrl.org/int/dim/arcrole/hypercube-dimension" />
  <arcroleRef xlink:type="simple" xlink:href="http://www.xbrl.org/2005/xbrldt-2005.xsd#dimension-domain" arcroleURI="http://xbrl.org/int/dim/arcrole/dimension-domain" />
  <arcroleRef xlink:type="simple" xlink:href="http://www.xbrl.org/2005/xbrldt-2005.xsd#dimension-default" arcroleURI="http://xbrl.org/int/dim/arcrole/dimension-default" />
  <definitionLink xlink:type="extended" xlink:role="http://www.c-ebs.org/eu/fr/esrs/finrep/2008-01-01/role/ADimensionalItems">
    <loc xlink:type="locator" xlink:href="d-hh-2008-01-01.xsd#d-hh_AdimensionalItemsPlaceholder" xlink:label="d-hh_AdimensionalItemsPlaceholder" />
    <loc xlink:type="locator" xlink:href="d-hh-2008-01-01.xsd#d-hh_EmptyHypercube" xlink:label="d-hh_EmptyHypercube" />
    <definitionArc xlink:type="arc" xlink:arcrole="http://xbrl.org/int/dim/arcrole/all" xlink:from="d-hh_AdimensionalItemsPlaceholder" xlink:to="d-hh_EmptyHypercube" order="0" use="optional" xbrldt:closed="true" xbrldt:contextElement="scenario" />
  </definitionLink>
  <definitionLink xlink:type="extended" xlink:role="http://www.c-ebs.org/eu/fr/esrs/finrep/2008-01-01/role/ProhibitedItems">
    <loc xlink:type="locator" xlink:href="d-hh-2008-01-01.xsd#d-hh_ProhibitedItemsPlaceholder" xlink:label="d-hh_ProhibitedItemsPlaceholder" />
    <loc xlink:type="locator" xlink:href="d-hh-2008-01-01.xsd#d-hh_ProhibitingHypercube" xlink:label="d-hh_ProhibitingHypercube" />
    <definitionArc xlink:type="arc" xlink:arcrole="http://xbrl.org/int/dim/arcrole/all" xlink:from="d-hh_ProhibitedItemsPlaceholder" xlink:to="d-hh_ProhibitingHypercube" order="0" use="optional" xbrldt:closed="true" xbrldt:contextElement="scenario" />
    <loc xlink:type="locator" xlink:href="d-hh-2008-01-01.xsd#d-hh_NullDimension" xlink:label="d-hh_NullDimension" />
    <definitionArc xlink:type="arc" xlink:arcrole="http://xbrl.org/int/dim/arcrole/hypercube-dimension" xlink:from="d-hh_ProhibitingHypercube" xlink:to="d-hh_NullDimension" order="0" use="optional" />
  </definitionLink>
</linkbase>