<?xml version="1.0" encoding="utf-8"?>
<?taxonomy-version 1.3.2?>
<!--Copyright (C) 2011 EBA - European Banking Authority, Tower 42, 25 Old Broad Street, London, EC2N 1HQ, United Kingdom.-->   <!-- Copyright (C) 2009 CEBS Secretariat Ltd., Tower 42, 25 Old Broad Street, London, EC2N 1HQ, United Kingdom. -->
<linkbase
	xmlns="http://www.xbrl.org/2003/linkbase"
	xmlns:xbrldt="http://xbrl.org/2005/xbrldt" 
	xmlns:xsi="http://www.w3.org/2001/XMLSchema-instance"
	xmlns:xlink="http://www.w3.org/1999/xlink"
	xsi:schemaLocation=" 
		http://www.xbrl.org/2003/linkbase http://www.xbrl.org/2003/xbrl-linkbase-2003-12-31.xsd">
  <arcroleRef xlink:type="simple" xlink:href="http://www.xbrl.org/2005/xbrldt-2005.xsd#all" arcroleURI="http://xbrl.org/int/dim/arcrole/all" />
  <arcroleRef xlink:type="simple" xlink:href="http://www.xbrl.org/2005/xbrldt-2005.xsd#notAll" arcroleURI="http://xbrl.org/int/dim/arcrole/notAll" />
  <arcroleRef xlink:type="simple" xlink:href="http://www.xbrl.org/2005/xbrldt-2005.xsd#domain-member" arcroleURI="http://xbrl.org/int/dim/arcrole/domain-member" />
  <arcroleRef xlink:type="simple" xlink:href="http://www.xbrl.org/2005/xbrldt-2005.xsd#hypercube-dimension" arcroleURI="http://xbrl.org/int/dim/arcrole/hypercube-dimension" />
  <arcroleRef xlink:type="simple" xlink:href="http://www.xbrl.org/2005/xbrldt-2005.xsd#dimension-domain" arcroleURI="http://xbrl.org/int/dim/arcrole/dimension-domain" />
  <arcroleRef xlink:type="simple" xlink:href="http://www.xbrl.org/2005/xbrldt-2005.xsd#dimension-default" arcroleURI="http://xbrl.org/int/dim/arcrole/dimension-default" />  
  <roleRef xlink:type="simple" xlink:href="d-PastDue-2008-01-01.xsd#HcPastDueHypercube" roleURI="http://www.c-ebs.org/eu/fr/esrs/finrep/2008-01-01/role/HcPastDueHypercube" />
  <definitionLink xlink:type="extended" xlink:role="http://www.xbrl.org/2003/role/link">
    <loc xlink:type="locator" xlink:href="d-PastDue-2008-01-01.xsd#d-PastDue_PastDueDomain" xlink:label="d-PastDue_PastDueDomain" />
    <loc xlink:type="locator" xlink:href="d-PastDue-2008-01-01.xsd#d-PastDue_LessThan90Days" xlink:label="d-PastDue_LessThan90Days" />
    <definitionArc xlink:type="arc" xlink:arcrole="http://xbrl.org/int/dim/arcrole/domain-member" xlink:from="d-PastDue_PastDueDomain" xlink:to="d-PastDue_LessThan90Days" order="1" use="optional" />
    <loc xlink:type="locator" xlink:href="d-PastDue-2008-01-01.xsd#d-PastDue_Between91180Days" xlink:label="d-PastDue_Between91180Days" />
    <definitionArc xlink:type="arc" xlink:arcrole="http://xbrl.org/int/dim/arcrole/domain-member" xlink:from="d-PastDue_PastDueDomain" xlink:to="d-PastDue_Between91180Days" order="2" use="optional" />
    <loc xlink:type="locator" xlink:href="d-PastDue-2008-01-01.xsd#d-PastDue_Between181Days1Year" xlink:label="d-PastDue_Between181Days1Year" />
    <definitionArc xlink:type="arc" xlink:arcrole="http://xbrl.org/int/dim/arcrole/domain-member" xlink:from="d-PastDue_PastDueDomain" xlink:to="d-PastDue_Between181Days1Year" order="3" use="optional" />
    <loc xlink:type="locator" xlink:href="d-PastDue-2008-01-01.xsd#d-PastDue_Over1Year" xlink:label="d-PastDue_Over1Year" />
    <definitionArc xlink:type="arc" xlink:arcrole="http://xbrl.org/int/dim/arcrole/domain-member" xlink:from="d-PastDue_PastDueDomain" xlink:to="d-PastDue_Over1Year" order="4" use="optional" />
  </definitionLink>
  <definitionLink xlink:type="extended" xlink:role="http://www.c-ebs.org/eu/fr/esrs/finrep/2008-01-01/role/HcPastDueHypercube">
    <loc xlink:type="locator" xlink:href="d-PastDue-2008-01-01.xsd#d-PastDue_HcPastDueHypercube" xlink:label="d-PastDue_HcPastDueHypercube" />
    <loc xlink:type="locator" xlink:href="d-PastDue-2008-01-01.xsd#d-PastDue_ByPastDueDimension" xlink:label="d-PastDue_ByPastDueDimension" />
    <definitionArc xlink:type="arc" xlink:arcrole="http://xbrl.org/int/dim/arcrole/hypercube-dimension" xlink:from="d-PastDue_HcPastDueHypercube" xlink:to="d-PastDue_ByPastDueDimension" order="1" use="optional" />
    <loc xlink:type="locator" xlink:href="d-PastDue-2008-01-01.xsd#d-PastDue_PastDueDomain" xlink:label="d-PastDue_PastDueDomain" />
    <definitionArc xlink:type="arc" xlink:arcrole="http://xbrl.org/int/dim/arcrole/dimension-domain" xlink:from="d-PastDue_ByPastDueDimension" xlink:to="d-PastDue_PastDueDomain" order="1" use="optional" xbrldt:targetRole="http://www.xbrl.org/2003/role/link" xbrldt:usable="false" />
  </definitionLink>
</linkbase>