<?xml version="1.0" encoding="utf-8"?>
<?taxonomy-version 1.3.2?>
<!--Copyright (C) 2011 EBA - European Banking Authority, Tower 42, 25 Old Broad Street, London, EC2N 1HQ, United Kingdom.-->   <!-- Copyright (C) 2009 CEBS Secretariat Ltd., Tower 42, 25 Old Broad Street, London, EC2N 1HQ, United Kingdom. -->
<linkbase
	xmlns="http://www.xbrl.org/2003/linkbase"
	xmlns:xsi="http://www.w3.org/2001/XMLSchema-instance"
	xmlns:xlink="http://www.w3.org/1999/xlink"
	xsi:schemaLocation=" http://www.xbrl.org/2003/linkbase http://www.xbrl.org/2003/xbrl-linkbase-2003-12-31.xsd">
  <roleRef xlink:type="simple" xlink:href="d-PastDue-2008-01-01.xsd#PastDue" roleURI="http://www.c-ebs.org/eu/fr/esrs/finrep/2008-01-01/role/PastDue" />
  <presentationLink xlink:type="extended" xlink:role="http://www.c-ebs.org/eu/fr/esrs/finrep/2008-01-01/role/PastDue">
    <loc xlink:type="locator" xlink:href="d-PastDue-2008-01-01.xsd#d-PastDue_PastDueDomain" xlink:label="d-PastDue_PastDueDomain" />
    <loc xlink:type="locator" xlink:href="d-PastDue-2008-01-01.xsd#d-PastDue_LessThan90Days" xlink:label="d-PastDue_LessThan90Days" />
    <presentationArc xlink:type="arc" xlink:arcrole="http://www.xbrl.org/2003/arcrole/parent-child" xlink:from="d-PastDue_PastDueDomain" xlink:to="d-PastDue_LessThan90Days" order="1" use="optional" />
    <loc xlink:type="locator" xlink:href="d-PastDue-2008-01-01.xsd#d-PastDue_Between91180Days" xlink:label="d-PastDue_Between91180Days" />
    <presentationArc xlink:type="arc" xlink:arcrole="http://www.xbrl.org/2003/arcrole/parent-child" xlink:from="d-PastDue_PastDueDomain" xlink:to="d-PastDue_Between91180Days" order="2" use="optional" />
    <loc xlink:type="locator" xlink:href="d-PastDue-2008-01-01.xsd#d-PastDue_Between181Days1Year" xlink:label="d-PastDue_Between181Days1Year" />
    <presentationArc xlink:type="arc" xlink:arcrole="http://www.xbrl.org/2003/arcrole/parent-child" xlink:from="d-PastDue_PastDueDomain" xlink:to="d-PastDue_Between181Days1Year" order="3" use="optional" />
    <loc xlink:type="locator" xlink:href="d-PastDue-2008-01-01.xsd#d-PastDue_Over1Year" xlink:label="d-PastDue_Over1Year" />
    <presentationArc xlink:type="arc" xlink:arcrole="http://www.xbrl.org/2003/arcrole/parent-child" xlink:from="d-PastDue_PastDueDomain" xlink:to="d-PastDue_Over1Year" order="4" use="optional" />
  </presentationLink>
</linkbase>