<?xml version="1.0" encoding="utf-8"?>
<?taxonomy-version 1.3.2?>
<!--Copyright (C) 2011 EBA - European Banking Authority, Tower 42, 25 Old Broad Street, London, EC2N 1HQ, United Kingdom.-->   <!-- Copyright (C) 2009 CEBS Secretariat Ltd., Tower 42, 25 Old Broad Street, London, EC2N 1HQ, United Kingdom. -->
<linkbase
	xmlns="http://www.xbrl.org/2003/linkbase"
	xmlns:xsi="http://www.w3.org/2001/XMLSchema-instance"
	xmlns:xlink="http://www.w3.org/1999/xlink"
	xmlns:PastDue="http://www.c-ebs.org/eu/fr/esrs/finrep/d-PastDue/2008-01-01"
	xmlns:ref="http://www.xbrl.org/2004/ref"
	xsi:schemaLocation=" http://www.xbrl.org/2003/linkbase http://www.xbrl.org/2003/xbrl-linkbase-2003-12-31.xsd http://www.c-ebs.org/eu/fr/esrs/finrep/d-PastDue/2008-01-01 d-PastDue-2008-01-01.xsd http://www.xbrl.org/2004/ref http://www.xbrl.org/2004/ref-2004-08-10.xsd">
  <referenceLink xlink:type="extended" xlink:role="http://www.xbrl.org/2003/role/link">
    <loc xlink:type="locator" xlink:href="d-PastDue-2008-01-01.xsd#d-PastDue_HcPastDueHypercube" xlink:label="d-PastDue_HcPastDueHypercube" />
    <referenceArc xlink:type="arc" xlink:arcrole="http://www.xbrl.org/2003/arcrole/concept-reference" xlink:from="d-PastDue_HcPastDueHypercube" xlink:to="d-PastDue_HcPastDueHypercube_ref" />
    <reference id="d-PastDue_HcPastDueHypercube_ref_83" xlink:type="resource" xlink:role="http://www.xbrl.org/2003/role/reference" xlink:label="d-PastDue_HcPastDueHypercube_ref">
      <ref:Name>CEBS-FINREP</ref:Name>
    </reference>
    <loc xlink:type="locator" xlink:href="d-PastDue-2008-01-01.xsd#d-PastDue_Between181Days1Year" xlink:label="d-PastDue_Between181Days1Year" />
    <referenceArc xlink:type="arc" xlink:arcrole="http://www.xbrl.org/2003/arcrole/concept-reference" xlink:from="d-PastDue_Between181Days1Year" xlink:to="d-PastDue_Between181Days1Year_ref" />
    <reference xlink:type="resource" xlink:role="http://www.xbrl.org/2003/role/reference" xlink:label="d-PastDue_Between181Days1Year_ref" id="d-PastDue_Between181Days1Year_ref_6">
      <ref:Name>CEBS-FINREP</ref:Name>
    </reference>
    <loc xlink:type="locator" xlink:href="d-PastDue-2008-01-01.xsd#d-PastDue_Between91180Days" xlink:label="d-PastDue_Between91180Days" />
    <referenceArc xlink:type="arc" xlink:arcrole="http://www.xbrl.org/2003/arcrole/concept-reference" xlink:from="d-PastDue_Between91180Days" xlink:to="d-PastDue_Between91180Days_ref" />
    <reference xlink:type="resource" xlink:role="http://www.xbrl.org/2003/role/reference" xlink:label="d-PastDue_Between91180Days_ref" id="d-PastDue_Between91180Days_ref_11">
      <ref:Name>CEBS-FINREP</ref:Name>
    </reference>
    <loc xlink:type="locator" xlink:href="d-PastDue-2008-01-01.xsd#d-PastDue_LessThan90Days" xlink:label="d-PastDue_LessThan90Days" />
    <referenceArc xlink:type="arc" xlink:arcrole="http://www.xbrl.org/2003/arcrole/concept-reference" xlink:from="d-PastDue_LessThan90Days" xlink:to="d-PastDue_LessThan90Days_ref" />
    <reference xlink:type="resource" xlink:role="http://www.xbrl.org/2003/role/reference" xlink:label="d-PastDue_LessThan90Days_ref" id="d-PastDue_LessThan90Days_ref_16">
      <ref:Name>CEBS-FINREP</ref:Name>
    </reference>
    <loc xlink:type="locator" xlink:href="d-PastDue-2008-01-01.xsd#d-PastDue_Over1Year" xlink:label="d-PastDue_Over1Year" />
    <referenceArc xlink:type="arc" xlink:arcrole="http://www.xbrl.org/2003/arcrole/concept-reference" xlink:from="d-PastDue_Over1Year" xlink:to="d-PastDue_Over1Year_ref" />
    <reference xlink:type="resource" xlink:role="http://www.xbrl.org/2003/role/reference" xlink:label="d-PastDue_Over1Year_ref" id="d-PastDue_Over1Year_ref_21">
      <ref:Name>CEBS-FINREP</ref:Name>
    </reference>
    <loc xlink:type="locator" xlink:href="d-PastDue-2008-01-01.xsd#d-PastDue_PastDueDomain" xlink:label="d-PastDue_PastDueDomain" />
    <referenceArc xlink:type="arc" xlink:arcrole="http://www.xbrl.org/2003/arcrole/concept-reference" xlink:from="d-PastDue_PastDueDomain" xlink:to="d-PastDue_PastDueDomain_ref" />
    <reference xlink:type="resource" xlink:role="http://www.xbrl.org/2003/role/reference" xlink:label="d-PastDue_PastDueDomain_ref" id="d-PastDue_PastDueDomain_ref_26">
      <ref:Name>CEBS-FINREP</ref:Name>
    </reference>
    <loc xlink:type="locator" xlink:href="d-PastDue-2008-01-01.xsd#d-PastDue_ByPastDueDimension" xlink:label="d-PastDue_ByPastDueDimension" />
    <referenceArc xlink:type="arc" xlink:arcrole="http://www.xbrl.org/2003/arcrole/concept-reference" xlink:from="d-PastDue_ByPastDueDimension" xlink:to="d-PastDue_ByPastDueDimension_ref" />
    <reference xlink:type="resource" xlink:role="http://www.xbrl.org/2003/role/reference" xlink:label="d-PastDue_ByPastDueDimension_ref" id="d-PastDue_ByPastDueDimension_ref_31">
      <ref:Name>CEBS-FINREP</ref:Name>
    </reference>
  </referenceLink>
</linkbase>