<?xml version="1.0" encoding="utf-8"?>
<?taxonomy-version 1.3.2?>
<!--Copyright (C) 2011 EBA - European Banking Authority, Tower 42, 25 Old Broad Street, London, EC2N 1HQ, United Kingdom.-->   <!-- Copyright (C) 2009 CEBS Secretariat Ltd., Tower 42, 25 Old Broad Street, London, EC2N 1HQ, United Kingdom. -->
<linkbase
	xmlns="http://www.xbrl.org/2003/linkbase"
	xmlns:xsi="http://www.w3.org/2001/XMLSchema-instance"
	xmlns:xlink="http://www.w3.org/1999/xlink"
	xsi:schemaLocation=" http://www.xbrl.org/2003/linkbase http://www.xbrl.org/2003/xbrl-linkbase-2003-12-31.xsd">
  <roleRef xlink:type="simple" xlink:href="p-FINREP-2008-01-01-T01-BalanceSheet.xsd#BalanceSheet" roleURI="http://www.c-ebs.org/eu/fr/esrs/finrep/2008-01-01/role/BalanceSheet" />
  <presentationLink xlink:type="extended" xlink:role="http://www.c-ebs.org/eu/fr/esrs/finrep/2008-01-01/role/BalanceSheet">
    <loc xlink:type="locator" xlink:href="http://xbrl.iasb.org/int/fr/ifrs/gp/2006-08-15/ifrs-gp-2006-08-15.xsd#ifrs-gp_BalanceSheetPresentation" xlink:label="ifrs-gp_BalanceSheetPresentation" />
    <loc xlink:type="locator" xlink:href="http://xbrl.iasb.org/int/fr/ifrs/gp/2006-08-15/ifrs-gp-2006-08-15.xsd#ifrs-gp_AssetsPresentation" xlink:label="ifrs-gp_AssetsPresentation" />
    <presentationArc xlink:type="arc" xlink:arcrole="http://www.xbrl.org/2003/arcrole/parent-child" xlink:from="ifrs-gp_BalanceSheetPresentation" xlink:to="ifrs-gp_AssetsPresentation" order="1" use="optional" />
    <loc xlink:type="locator" xlink:href="http://xbrl.iasb.org/int/fr/ifrs/gp/2006-08-15/ifrs-gp-2006-08-15.xsd#ifrs-gp_CashAndBalancesWithCentralBanks" xlink:label="ifrs-gp_CashAndBalancesWithCentralBanks" />
    <presentationArc xlink:type="arc" xlink:arcrole="http://www.xbrl.org/2003/arcrole/parent-child" xlink:from="ifrs-gp_AssetsPresentation" xlink:to="ifrs-gp_CashAndBalancesWithCentralBanks" order="1" use="optional" />
    <loc xlink:type="locator" xlink:href="http://xbrl.iasb.org/int/fr/ifrs/gp/2006-08-15/ifrs-gp-2006-08-15.xsd#ifrs-gp_FinancialAssetsHeldForTradingTotal" xlink:label="ifrs-gp_FinancialAssetsHeldForTradingTotal" />
    <presentationArc xlink:type="arc" xlink:arcrole="http://www.xbrl.org/2003/arcrole/parent-child" xlink:from="ifrs-gp_AssetsPresentation" xlink:to="ifrs-gp_FinancialAssetsHeldForTradingTotal" order="2" use="optional" />
    <loc xlink:type="locator" xlink:href="http://xbrl.iasb.org/int/fr/ifrs/gp/2006-08-15/ifrs-gp-2006-08-15.xsd#ifrs-gp_FinancialAssetsHeldForTradingTradingDerivatives" xlink:label="ifrs-gp_FinancialAssetsHeldForTradingTradingDerivatives" />
    <presentationArc xlink:type="arc" xlink:arcrole="http://www.xbrl.org/2003/arcrole/parent-child" xlink:from="ifrs-gp_FinancialAssetsHeldForTradingTotal" xlink:to="ifrs-gp_FinancialAssetsHeldForTradingTradingDerivatives" order="1" use="optional" />
    <loc xlink:type="locator" xlink:href="http://xbrl.iasb.org/int/fr/ifrs/gp/2006-08-15/ifrs-gp-2006-08-15.xsd#ifrs-gp_FinancialAssetsHeldForTradingEquityInstruments" xlink:label="ifrs-gp_FinancialAssetsHeldForTradingEquityInstruments" />
    <presentationArc xlink:type="arc" xlink:arcrole="http://www.xbrl.org/2003/arcrole/parent-child" xlink:from="ifrs-gp_FinancialAssetsHeldForTradingTotal" xlink:to="ifrs-gp_FinancialAssetsHeldForTradingEquityInstruments" order="2" use="optional" />
    <loc xlink:type="locator" xlink:href="http://xbrl.iasb.org/int/fr/ifrs/gp/2006-08-15/ifrs-gp-2006-08-15.xsd#ifrs-gp_FinancialAssetsHeldForTradingOtherDebtInstruments" xlink:label="ifrs-gp_FinancialAssetsHeldForTradingOtherDebtInstruments" />
    <presentationArc xlink:type="arc" xlink:arcrole="http://www.xbrl.org/2003/arcrole/parent-child" xlink:from="ifrs-gp_FinancialAssetsHeldForTradingTotal" xlink:to="ifrs-gp_FinancialAssetsHeldForTradingOtherDebtInstruments" order="3" use="optional" />
    <loc xlink:type="locator" xlink:href="http://xbrl.iasb.org/int/fr/ifrs/gp/2006-08-15/ifrs-gp-2006-08-15.xsd#ifrs-gp_FinancialAssetsHeldForTradingLoansAndAdvances" xlink:label="ifrs-gp_FinancialAssetsHeldForTradingLoansAndAdvances" />
    <presentationArc xlink:type="arc" xlink:arcrole="http://www.xbrl.org/2003/arcrole/parent-child" xlink:from="ifrs-gp_FinancialAssetsHeldForTradingTotal" xlink:to="ifrs-gp_FinancialAssetsHeldForTradingLoansAndAdvances" order="4" use="optional" />
    <loc xlink:type="locator" xlink:href="http://xbrl.iasb.org/int/fr/ifrs/gp/2006-08-15/ifrs-gp-2006-08-15.xsd#ifrs-gp_FinancialAssetsDesignatedAsFairValueThroughProfitOrLossTotal" xlink:label="ifrs-gp_FinancialAssetsDesignatedAsFairValueThroughProfitOrLossTotal" />
    <presentationArc xlink:type="arc" xlink:arcrole="http://www.xbrl.org/2003/arcrole/parent-child" xlink:from="ifrs-gp_AssetsPresentation" xlink:to="ifrs-gp_FinancialAssetsDesignatedAsFairValueThroughProfitOrLossTotal" order="3" use="optional" />
    <loc xlink:type="locator" xlink:href="http://xbrl.iasb.org/int/fr/ifrs/gp/2006-08-15/ifrs-gp-2006-08-15.xsd#ifrs-gp_FinancialAssetsDesignatedAsFairValueThroughProfitOrLossEquityInstruments" xlink:label="ifrs-gp_FinancialAssetsDesignatedAsFairValueThroughProfitOrLossEquityInstruments" />
    <presentationArc xlink:type="arc" xlink:arcrole="http://www.xbrl.org/2003/arcrole/parent-child" xlink:from="ifrs-gp_FinancialAssetsDesignatedAsFairValueThroughProfitOrLossTotal" xlink:to="ifrs-gp_FinancialAssetsDesignatedAsFairValueThroughProfitOrLossEquityInstruments" order="1" use="optional" />
    <loc xlink:type="locator" xlink:href="http://xbrl.iasb.org/int/fr/ifrs/gp/2006-08-15/ifrs-gp-2006-08-15.xsd#ifrs-gp_FinancialAssetsDesignatedAsFairValueThroughProfitOrLossOtherDebtInstruments" xlink:label="ifrs-gp_FinancialAssetsDesignatedAsFairValueThroughProfitOrLossOtherDebtInstruments" />
    <presentationArc xlink:type="arc" xlink:arcrole="http://www.xbrl.org/2003/arcrole/parent-child" xlink:from="ifrs-gp_FinancialAssetsDesignatedAsFairValueThroughProfitOrLossTotal" xlink:to="ifrs-gp_FinancialAssetsDesignatedAsFairValueThroughProfitOrLossOtherDebtInstruments" order="2" use="optional" />
    <loc xlink:type="locator" xlink:href="http://xbrl.iasb.org/int/fr/ifrs/gp/2006-08-15/ifrs-gp-2006-08-15.xsd#ifrs-gp_FinancialAssetsDesignatedAsFairValueThroughProfitOrLossLoansAndAdvancesTotal" xlink:label="ifrs-gp_FinancialAssetsDesignatedAsFairValueThroughProfitOrLossLoansAndAdvancesTotal" />
    <presentationArc xlink:type="arc" xlink:arcrole="http://www.xbrl.org/2003/arcrole/parent-child" xlink:from="ifrs-gp_FinancialAssetsDesignatedAsFairValueThroughProfitOrLossTotal" xlink:to="ifrs-gp_FinancialAssetsDesignatedAsFairValueThroughProfitOrLossLoansAndAdvancesTotal" order="3" use="optional" />
    <loc xlink:type="locator" xlink:href="http://xbrl.iasb.org/int/fr/ifrs/gp/2006-08-15/ifrs-gp-2006-08-15.xsd#ifrs-gp_AvailableForSaleFinancialAssetsTotal" xlink:label="ifrs-gp_AvailableForSaleFinancialAssetsTotal" />
    <presentationArc xlink:type="arc" xlink:arcrole="http://www.xbrl.org/2003/arcrole/parent-child" xlink:from="ifrs-gp_AssetsPresentation" xlink:to="ifrs-gp_AvailableForSaleFinancialAssetsTotal" order="4" use="optional" />
    <loc xlink:type="locator" xlink:href="p-FINREP-2008-01-01.xsd#p-FINREP_AvailableForSaleFinancialAssetsEquityInstruments" xlink:label="p-FINREP_AvailableForSaleFinancialAssetsEquityInstruments" />
    <presentationArc xlink:type="arc" xlink:arcrole="http://www.xbrl.org/2003/arcrole/parent-child" xlink:from="ifrs-gp_AvailableForSaleFinancialAssetsTotal" xlink:to="p-FINREP_AvailableForSaleFinancialAssetsEquityInstruments" order="1" use="optional" />
    <loc xlink:type="locator" xlink:href="http://xbrl.iasb.org/int/fr/ifrs/gp/2006-08-15/ifrs-gp-2006-08-15.xsd#ifrs-gp_AvailableForSaleFinancialAssetsOtherDebtInstruments" xlink:label="ifrs-gp_AvailableForSaleFinancialAssetsOtherDebtInstruments" />
    <presentationArc xlink:type="arc" xlink:arcrole="http://www.xbrl.org/2003/arcrole/parent-child" xlink:from="ifrs-gp_AvailableForSaleFinancialAssetsTotal" xlink:to="ifrs-gp_AvailableForSaleFinancialAssetsOtherDebtInstruments" order="2" use="optional" />
    <loc xlink:type="locator" xlink:href="http://xbrl.iasb.org/int/fr/ifrs/gp/2006-08-15/ifrs-gp-2006-08-15.xsd#ifrs-gp_AvailableForSaleFinancialAssetsLoansAndAdvances" xlink:label="ifrs-gp_AvailableForSaleFinancialAssetsLoansAndAdvances" />
    <presentationArc xlink:type="arc" xlink:arcrole="http://www.xbrl.org/2003/arcrole/parent-child" xlink:from="ifrs-gp_AvailableForSaleFinancialAssetsTotal" xlink:to="ifrs-gp_AvailableForSaleFinancialAssetsLoansAndAdvances" order="3" use="optional" />
    <loc xlink:type="locator" xlink:href="http://xbrl.iasb.org/int/fr/ifrs/gp/2006-08-15/ifrs-gp-2006-08-15.xsd#ifrs-gp_LoansAndReceivablesTotal" xlink:label="ifrs-gp_LoansAndReceivablesTotal" />
    <presentationArc xlink:type="arc" xlink:arcrole="http://www.xbrl.org/2003/arcrole/parent-child" xlink:from="ifrs-gp_AssetsPresentation" xlink:to="ifrs-gp_LoansAndReceivablesTotal" order="5" use="optional" />
    <loc xlink:type="locator" xlink:href="p-FINREP-2008-01-01.xsd#p-FINREP_LoansAndReceivablesDebtInstruments" xlink:label="p-FINREP_LoansAndReceivablesDebtInstruments" />
    <presentationArc xlink:type="arc" xlink:arcrole="http://www.xbrl.org/2003/arcrole/parent-child" xlink:from="ifrs-gp_LoansAndReceivablesTotal" xlink:to="p-FINREP_LoansAndReceivablesDebtInstruments" order="1" use="optional" />
    <loc xlink:type="locator" xlink:href="p-FINREP-2008-01-01.xsd#p-FINREP_LoansAndReceivablesLoansAndAdvances" xlink:label="p-FINREP_LoansAndReceivablesLoansAndAdvances" />
    <presentationArc xlink:type="arc" xlink:arcrole="http://www.xbrl.org/2003/arcrole/parent-child" xlink:from="ifrs-gp_LoansAndReceivablesTotal" xlink:to="p-FINREP_LoansAndReceivablesLoansAndAdvances" order="2" use="optional" />
    <loc xlink:type="locator" xlink:href="http://xbrl.iasb.org/int/fr/ifrs/gp/2006-08-15/ifrs-gp-2006-08-15.xsd#ifrs-gp_HeldToMaturityInvestmentsTotal" xlink:label="ifrs-gp_HeldToMaturityInvestmentsTotal" />
    <presentationArc xlink:type="arc" xlink:arcrole="http://www.xbrl.org/2003/arcrole/parent-child" xlink:from="ifrs-gp_AssetsPresentation" xlink:to="ifrs-gp_HeldToMaturityInvestmentsTotal" order="6" use="optional" />
    <loc xlink:type="locator" xlink:href="p-FINREP-2008-01-01.xsd#p-FINREP_HeldToMaturityInvestmentsDebtInstruments" xlink:label="p-FINREP_HeldToMaturityInvestmentsDebtInstruments" />
    <presentationArc xlink:type="arc" xlink:arcrole="http://www.xbrl.org/2003/arcrole/parent-child" xlink:from="ifrs-gp_HeldToMaturityInvestmentsTotal" xlink:to="p-FINREP_HeldToMaturityInvestmentsDebtInstruments" order="1" use="optional" />
    <loc xlink:type="locator" xlink:href="p-FINREP-2008-01-01.xsd#p-FINREP_HeldToMaturityInvestmentsLoansAndAdvancesTotal" xlink:label="p-FINREP_HeldToMaturityInvestmentsLoansAndAdvancesTotal" />
    <presentationArc xlink:type="arc" xlink:arcrole="http://www.xbrl.org/2003/arcrole/parent-child" xlink:from="ifrs-gp_HeldToMaturityInvestmentsTotal" xlink:to="p-FINREP_HeldToMaturityInvestmentsLoansAndAdvancesTotal" order="2" use="optional" />
    <loc xlink:type="locator" xlink:href="http://xbrl.iasb.org/int/fr/ifrs/gp/2006-08-15/ifrs-gp-2006-08-15.xsd#ifrs-gp_HedgingAssetsTotal" xlink:label="ifrs-gp_HedgingAssetsTotal" />
    <presentationArc xlink:type="arc" xlink:arcrole="http://www.xbrl.org/2003/arcrole/parent-child" xlink:from="ifrs-gp_AssetsPresentation" xlink:to="ifrs-gp_HedgingAssetsTotal" order="7" use="optional" />
    <loc xlink:type="locator" xlink:href="http://xbrl.iasb.org/int/fr/ifrs/gp/2006-08-15/ifrs-gp-2006-08-15.xsd#ifrs-gp_HedgingAssetsMicroHedgeFairValueHedge" xlink:label="ifrs-gp_HedgingAssetsMicroHedgeFairValueHedge" />
    <presentationArc xlink:type="arc" xlink:arcrole="http://www.xbrl.org/2003/arcrole/parent-child" xlink:from="ifrs-gp_HedgingAssetsTotal" xlink:to="ifrs-gp_HedgingAssetsMicroHedgeFairValueHedge" order="1" use="optional" />
    <loc xlink:type="locator" xlink:href="http://xbrl.iasb.org/int/fr/ifrs/gp/2006-08-15/ifrs-gp-2006-08-15.xsd#ifrs-gp_HedgingAssetsMicroHedgeCashFlowHedge" xlink:label="ifrs-gp_HedgingAssetsMicroHedgeCashFlowHedge" />
    <presentationArc xlink:type="arc" xlink:arcrole="http://www.xbrl.org/2003/arcrole/parent-child" xlink:from="ifrs-gp_HedgingAssetsTotal" xlink:to="ifrs-gp_HedgingAssetsMicroHedgeCashFlowHedge" order="2" use="optional" />
    <loc xlink:type="locator" xlink:href="http://xbrl.iasb.org/int/fr/ifrs/gp/2006-08-15/ifrs-gp-2006-08-15.xsd#ifrs-gp_HedgingAssetsMicroHedgeHedgeOfNetInvestmentInForeignOperation" xlink:label="ifrs-gp_HedgingAssetsMicroHedgeHedgeOfNetInvestmentInForeignOperation" />
    <presentationArc xlink:type="arc" xlink:arcrole="http://www.xbrl.org/2003/arcrole/parent-child" xlink:from="ifrs-gp_HedgingAssetsTotal" xlink:to="ifrs-gp_HedgingAssetsMicroHedgeHedgeOfNetInvestmentInForeignOperation" order="3" use="optional" />
    <loc xlink:type="locator" xlink:href="http://xbrl.iasb.org/int/fr/ifrs/gp/2006-08-15/ifrs-gp-2006-08-15.xsd#ifrs-gp_HedgingAssetsFairValueHedgeOfInterestRateRisk" xlink:label="ifrs-gp_HedgingAssetsFairValueHedgeOfInterestRateRisk" />
    <presentationArc xlink:type="arc" xlink:arcrole="http://www.xbrl.org/2003/arcrole/parent-child" xlink:from="ifrs-gp_HedgingAssetsTotal" xlink:to="ifrs-gp_HedgingAssetsFairValueHedgeOfInterestRateRisk" order="4" use="optional" />
    <loc xlink:type="locator" xlink:href="http://xbrl.iasb.org/int/fr/ifrs/gp/2006-08-15/ifrs-gp-2006-08-15.xsd#ifrs-gp_HedgingAssetsCashFlowHedgeOfInterestRateRisk" xlink:label="ifrs-gp_HedgingAssetsCashFlowHedgeOfInterestRateRisk" />
    <presentationArc xlink:type="arc" xlink:arcrole="http://www.xbrl.org/2003/arcrole/parent-child" xlink:from="ifrs-gp_HedgingAssetsTotal" xlink:to="ifrs-gp_HedgingAssetsCashFlowHedgeOfInterestRateRisk" order="5" use="optional" />
    <loc xlink:type="locator" xlink:href="http://xbrl.iasb.org/int/fr/ifrs/gp/2006-08-15/ifrs-gp-2006-08-15.xsd#ifrs-gp_AssetRecognisedForFairValueChangesOfHedgedItemInPortfolioHedgeOfInterestRateRisk" xlink:label="ifrs-gp_AssetRecognisedForFairValueChangesOfHedgedItemInPortfolioHedgeOfInterestRateRisk" />
    <presentationArc xlink:type="arc" xlink:arcrole="http://www.xbrl.org/2003/arcrole/parent-child" xlink:from="ifrs-gp_AssetsPresentation" xlink:to="ifrs-gp_AssetRecognisedForFairValueChangesOfHedgedItemInPortfolioHedgeOfInterestRateRisk" order="8" use="optional" />
    <loc xlink:type="locator" xlink:href="p-FINREP-2008-01-01.xsd#p-FINREP_TangibleAssets" xlink:label="p-FINREP_TangibleAssets" />
    <presentationArc xlink:type="arc" xlink:arcrole="http://www.xbrl.org/2003/arcrole/parent-child" xlink:from="ifrs-gp_AssetsPresentation" xlink:to="p-FINREP_TangibleAssets" order="9" use="optional" />
    <loc xlink:type="locator" xlink:href="http://xbrl.iasb.org/int/fr/ifrs/gp/2006-08-15/ifrs-gp-2006-08-15.xsd#ifrs-gp_PropertyPlantAndEquipmentNet" xlink:label="ifrs-gp_PropertyPlantAndEquipmentNet" />
    <presentationArc xlink:type="arc" xlink:arcrole="http://www.xbrl.org/2003/arcrole/parent-child" xlink:from="p-FINREP_TangibleAssets" xlink:to="ifrs-gp_PropertyPlantAndEquipmentNet" order="1" use="optional" />
    <loc xlink:type="locator" xlink:href="http://xbrl.iasb.org/int/fr/ifrs/gp/2006-08-15/ifrs-gp-2006-08-15.xsd#ifrs-gp_InvestmentProperty" xlink:label="ifrs-gp_InvestmentProperty" />
    <presentationArc xlink:type="arc" xlink:arcrole="http://www.xbrl.org/2003/arcrole/parent-child" xlink:from="p-FINREP_TangibleAssets" xlink:to="ifrs-gp_InvestmentProperty" order="2" use="optional" />
    <loc xlink:type="locator" xlink:href="http://xbrl.iasb.org/int/fr/ifrs/gp/2006-08-15/ifrs-gp-2006-08-15.xsd#ifrs-gp_IntangibleAssetsNet" xlink:label="ifrs-gp_IntangibleAssetsNet" />
    <presentationArc xlink:type="arc" xlink:arcrole="http://www.xbrl.org/2003/arcrole/parent-child" xlink:from="ifrs-gp_AssetsPresentation" xlink:to="ifrs-gp_IntangibleAssetsNet" order="10" use="optional" />
    <loc xlink:type="locator" xlink:href="http://xbrl.iasb.org/int/fr/ifrs/gp/2006-08-15/ifrs-gp-2006-08-15.xsd#ifrs-gp_GoodwillNet" xlink:label="ifrs-gp_GoodwillNet" />
    <presentationArc xlink:type="arc" xlink:arcrole="http://www.xbrl.org/2003/arcrole/parent-child" xlink:from="ifrs-gp_IntangibleAssetsNet" xlink:to="ifrs-gp_GoodwillNet" order="1" use="optional" />
    <loc xlink:type="locator" xlink:href="http://xbrl.iasb.org/int/fr/ifrs/gp/2006-08-15/ifrs-gp-2006-08-15.xsd#ifrs-gp_IdentifiableIntangibleAssetsNet" xlink:label="ifrs-gp_IdentifiableIntangibleAssetsNet" />
    <presentationArc xlink:type="arc" xlink:arcrole="http://www.xbrl.org/2003/arcrole/parent-child" xlink:from="ifrs-gp_IntangibleAssetsNet" xlink:to="ifrs-gp_IdentifiableIntangibleAssetsNet" order="2" use="optional" />
    <loc xlink:type="locator" xlink:href="http://xbrl.iasb.org/int/fr/ifrs/gp/2006-08-15/ifrs-gp-2006-08-15.xsd#ifrs-gp_EquityMethodAccountedInvestmentsTotal" xlink:label="ifrs-gp_EquityMethodAccountedInvestmentsTotal" />
    <presentationArc xlink:type="arc" xlink:arcrole="http://www.xbrl.org/2003/arcrole/parent-child" xlink:from="ifrs-gp_AssetsPresentation" xlink:to="ifrs-gp_EquityMethodAccountedInvestmentsTotal" order="11" use="optional" />
    <loc xlink:type="locator" xlink:href="http://xbrl.iasb.org/int/fr/ifrs/gp/2006-08-15/ifrs-gp-2006-08-15.xsd#ifrs-gp_TaxAssetsTotal" xlink:label="ifrs-gp_TaxAssetsTotal" />
    <presentationArc xlink:type="arc" xlink:arcrole="http://www.xbrl.org/2003/arcrole/parent-child" xlink:from="ifrs-gp_AssetsPresentation" xlink:to="ifrs-gp_TaxAssetsTotal" order="12" use="optional" />
    <loc xlink:type="locator" xlink:href="http://xbrl.iasb.org/int/fr/ifrs/gp/2006-08-15/ifrs-gp-2006-08-15.xsd#ifrs-gp_CurrentTaxReceivables" xlink:label="ifrs-gp_CurrentTaxReceivables" />
    <presentationArc xlink:type="arc" xlink:arcrole="http://www.xbrl.org/2003/arcrole/parent-child" xlink:from="ifrs-gp_TaxAssetsTotal" xlink:to="ifrs-gp_CurrentTaxReceivables" order="1" use="optional" />
    <loc xlink:type="locator" xlink:href="http://xbrl.iasb.org/int/fr/ifrs/gp/2006-08-15/ifrs-gp-2006-08-15.xsd#ifrs-gp_DeferredTaxAssets" xlink:label="ifrs-gp_DeferredTaxAssets" />
    <presentationArc xlink:type="arc" xlink:arcrole="http://www.xbrl.org/2003/arcrole/parent-child" xlink:from="ifrs-gp_TaxAssetsTotal" xlink:to="ifrs-gp_DeferredTaxAssets" order="2" use="optional" />
    <loc xlink:type="locator" xlink:href="p-FINREP-2008-01-01.xsd#p-FINREP_OtherAssets" xlink:label="p-FINREP_OtherAssets" />
    <presentationArc xlink:type="arc" xlink:arcrole="http://www.xbrl.org/2003/arcrole/parent-child" xlink:from="ifrs-gp_AssetsPresentation" xlink:to="p-FINREP_OtherAssets" order="13" use="optional" />
    <loc xlink:type="locator" xlink:href="http://xbrl.iasb.org/int/fr/ifrs/gp/2006-08-15/ifrs-gp-2006-08-15.xsd#ifrs-gp_NonCurrentAssetsAndDisposalGroupsHeldForSale" xlink:label="ifrs-gp_NonCurrentAssetsAndDisposalGroupsHeldForSale" />
    <presentationArc xlink:type="arc" xlink:arcrole="http://www.xbrl.org/2003/arcrole/parent-child" xlink:from="ifrs-gp_AssetsPresentation" xlink:to="ifrs-gp_NonCurrentAssetsAndDisposalGroupsHeldForSale" order="14" use="optional" />
    <loc xlink:type="locator" xlink:href="http://xbrl.iasb.org/int/fr/ifrs/gp/2006-08-15/ifrs-gp-2006-08-15.xsd#ifrs-gp_AssetsTotal" xlink:label="ifrs-gp_AssetsTotal" />
    <presentationArc xlink:type="arc" xlink:arcrole="http://www.xbrl.org/2003/arcrole/parent-child" xlink:from="ifrs-gp_AssetsPresentation" xlink:to="ifrs-gp_AssetsTotal" order="15" use="optional" />
    <loc xlink:type="locator" xlink:href="http://xbrl.iasb.org/int/fr/ifrs/gp/2006-08-15/ifrs-gp-2006-08-15.xsd#ifrs-gp_LiabilitiesPresentation" xlink:label="ifrs-gp_LiabilitiesPresentation" />
    <presentationArc xlink:type="arc" xlink:arcrole="http://www.xbrl.org/2003/arcrole/parent-child" xlink:from="ifrs-gp_BalanceSheetPresentation" xlink:to="ifrs-gp_LiabilitiesPresentation" order="2" use="optional" />
    <loc xlink:type="locator" xlink:href="http://xbrl.iasb.org/int/fr/ifrs/gp/2006-08-15/ifrs-gp-2006-08-15.xsd#ifrs-gp_AdvancesFromCentralBanks" xlink:label="ifrs-gp_AdvancesFromCentralBanks" />
    <presentationArc xlink:type="arc" xlink:arcrole="http://www.xbrl.org/2003/arcrole/parent-child" xlink:from="ifrs-gp_LiabilitiesPresentation" xlink:to="ifrs-gp_AdvancesFromCentralBanks" order="1" use="optional" />
    <loc xlink:type="locator" xlink:href="http://xbrl.iasb.org/int/fr/ifrs/gp/2006-08-15/ifrs-gp-2006-08-15.xsd#ifrs-gp_FinancialLiabilitiesHeldForTradingTotal" xlink:label="ifrs-gp_FinancialLiabilitiesHeldForTradingTotal" />
    <presentationArc xlink:type="arc" xlink:arcrole="http://www.xbrl.org/2003/arcrole/parent-child" xlink:from="ifrs-gp_LiabilitiesPresentation" xlink:to="ifrs-gp_FinancialLiabilitiesHeldForTradingTotal" order="2" use="optional" />
    <loc xlink:type="locator" xlink:href="http://xbrl.iasb.org/int/fr/ifrs/gp/2006-08-15/ifrs-gp-2006-08-15.xsd#ifrs-gp_FinancialLiabilitiesHeldForTradingTradingDerivatives" xlink:label="ifrs-gp_FinancialLiabilitiesHeldForTradingTradingDerivatives" />
    <presentationArc xlink:type="arc" xlink:arcrole="http://www.xbrl.org/2003/arcrole/parent-child" xlink:from="ifrs-gp_FinancialLiabilitiesHeldForTradingTotal" xlink:to="ifrs-gp_FinancialLiabilitiesHeldForTradingTradingDerivatives" order="1" use="optional" />
    <loc xlink:type="locator" xlink:href="p-FINREP-2008-01-01.xsd#p-FINREP_FinancialLiabilitiesHeldForTradingShortPositions" xlink:label="p-FINREP_FinancialLiabilitiesHeldForTradingShortPositions" />
    <presentationArc xlink:type="arc" xlink:arcrole="http://www.xbrl.org/2003/arcrole/parent-child" xlink:from="ifrs-gp_FinancialLiabilitiesHeldForTradingTotal" xlink:to="p-FINREP_FinancialLiabilitiesHeldForTradingShortPositions" order="2" use="optional" />
    <loc xlink:type="locator" xlink:href="p-FINREP-2008-01-01.xsd#p-FINREP_FinancialLiabilitiesHeldForTradingDepositsWithOtherBanks" xlink:label="p-FINREP_FinancialLiabilitiesHeldForTradingDepositsWithOtherBanks" />
    <presentationArc xlink:type="arc" xlink:arcrole="http://www.xbrl.org/2003/arcrole/parent-child" xlink:from="ifrs-gp_FinancialLiabilitiesHeldForTradingTotal" xlink:to="p-FINREP_FinancialLiabilitiesHeldForTradingDepositsWithOtherBanks" order="3" use="optional" />
    <loc xlink:type="locator" xlink:href="p-FINREP-2008-01-01.xsd#p-FINREP_FinancialLiabilitiesHeldForTradingAmountsOwedToOtherDepositors" xlink:label="p-FINREP_FinancialLiabilitiesHeldForTradingAmountsOwedToOtherDepositors" />
    <presentationArc xlink:type="arc" xlink:arcrole="http://www.xbrl.org/2003/arcrole/parent-child" xlink:from="ifrs-gp_FinancialLiabilitiesHeldForTradingTotal" xlink:to="p-FINREP_FinancialLiabilitiesHeldForTradingAmountsOwedToOtherDepositors" order="4" use="optional" />
    <loc xlink:type="locator" xlink:href="http://xbrl.iasb.org/int/fr/ifrs/gp/2006-08-15/ifrs-gp-2006-08-15.xsd#ifrs-gp_FinancialLiabilitiesHeldForTradingDebtInstrumentsThatAreNotShortPositions" xlink:label="ifrs-gp_FinancialLiabilitiesHeldForTradingDebtInstrumentsThatAreNotShortPositions" />
    <presentationArc xlink:type="arc" xlink:arcrole="http://www.xbrl.org/2003/arcrole/parent-child" xlink:from="ifrs-gp_FinancialLiabilitiesHeldForTradingTotal" xlink:to="ifrs-gp_FinancialLiabilitiesHeldForTradingDebtInstrumentsThatAreNotShortPositions" order="5" use="optional" />
    <loc xlink:type="locator" xlink:href="p-FINREP-2008-01-01.xsd#p-FINREP_FinancialLiabilitiesHeldForTradingOtherLiabilities" xlink:label="p-FINREP_FinancialLiabilitiesHeldForTradingOtherLiabilities" />
    <presentationArc xlink:type="arc" xlink:arcrole="http://www.xbrl.org/2003/arcrole/parent-child" xlink:from="ifrs-gp_FinancialLiabilitiesHeldForTradingTotal" xlink:to="p-FINREP_FinancialLiabilitiesHeldForTradingOtherLiabilities" order="6" use="optional" />
    <loc xlink:type="locator" xlink:href="http://xbrl.iasb.org/int/fr/ifrs/gp/2006-08-15/ifrs-gp-2006-08-15.xsd#ifrs-gp_FinancialLiabilitiesDesignatedAsFairValueThroughProfitOrLossTotal" xlink:label="ifrs-gp_FinancialLiabilitiesDesignatedAsFairValueThroughProfitOrLossTotal" />
    <presentationArc xlink:type="arc" xlink:arcrole="http://www.xbrl.org/2003/arcrole/parent-child" xlink:from="ifrs-gp_LiabilitiesPresentation" xlink:to="ifrs-gp_FinancialLiabilitiesDesignatedAsFairValueThroughProfitOrLossTotal" order="3" use="optional" />
    <loc xlink:type="locator" xlink:href="p-FINREP-2008-01-01.xsd#p-FINREP_FinancialLiabilitiesDesignatedAsFairValueThroughProfitOrLossDepositsWithOtherBanks" xlink:label="p-FINREP_FinancialLiabilitiesDesignatedAsFairValueThroughProfitOrLossDepositsWithOtherBanks" />
    <presentationArc xlink:type="arc" xlink:arcrole="http://www.xbrl.org/2003/arcrole/parent-child" xlink:from="ifrs-gp_FinancialLiabilitiesDesignatedAsFairValueThroughProfitOrLossTotal" xlink:to="p-FINREP_FinancialLiabilitiesDesignatedAsFairValueThroughProfitOrLossDepositsWithOtherBanks" order="1" use="optional" />
    <loc xlink:type="locator" xlink:href="p-FINREP-2008-01-01.xsd#p-FINREP_FinancialLiabilitiesDesignatedAsFairValueThroughProfitOrLossAmountsOwedToOtherDepositors" xlink:label="p-FINREP_FinancialLiabilitiesDesignatedAsFairValueThroughProfitOrLossAmountsOwedToOtherDepositors" />
    <presentationArc xlink:type="arc" xlink:arcrole="http://www.xbrl.org/2003/arcrole/parent-child" xlink:from="ifrs-gp_FinancialLiabilitiesDesignatedAsFairValueThroughProfitOrLossTotal" xlink:to="p-FINREP_FinancialLiabilitiesDesignatedAsFairValueThroughProfitOrLossAmountsOwedToOtherDepositors" order="2" use="optional" />
    <loc xlink:type="locator" xlink:href="http://xbrl.iasb.org/int/fr/ifrs/gp/2006-08-15/ifrs-gp-2006-08-15.xsd#ifrs-gp_FinancialLiabilitiesDesignatedAsFairValueThroughProfitOrLossDebenturesAndDebtCertificates" xlink:label="ifrs-gp_FinancialLiabilitiesDesignatedAsFairValueThroughProfitOrLossDebenturesAndDebtCertificates" />
    <presentationArc xlink:type="arc" xlink:arcrole="http://www.xbrl.org/2003/arcrole/parent-child" xlink:from="ifrs-gp_FinancialLiabilitiesDesignatedAsFairValueThroughProfitOrLossTotal" xlink:to="ifrs-gp_FinancialLiabilitiesDesignatedAsFairValueThroughProfitOrLossDebenturesAndDebtCertificates" order="3" use="optional" />
    <loc xlink:type="locator" xlink:href="http://xbrl.iasb.org/int/fr/ifrs/gp/2006-08-15/ifrs-gp-2006-08-15.xsd#ifrs-gp_FinancialLiabilitiesDesignatedAsFairValueThroughProfitOrLossSubordinatedLiabilities" xlink:label="ifrs-gp_FinancialLiabilitiesDesignatedAsFairValueThroughProfitOrLossSubordinatedLiabilities" />
    <presentationArc xlink:type="arc" xlink:arcrole="http://www.xbrl.org/2003/arcrole/parent-child" xlink:from="ifrs-gp_FinancialLiabilitiesDesignatedAsFairValueThroughProfitOrLossTotal" xlink:to="ifrs-gp_FinancialLiabilitiesDesignatedAsFairValueThroughProfitOrLossSubordinatedLiabilities" order="4" use="optional" />
    <loc xlink:type="locator" xlink:href="p-FINREP-2008-01-01.xsd#p-FINREP_FinancialLiabilitiesDesignatedAsFairValueThroughProfitOrLossOtherLiabilities" xlink:label="p-FINREP_FinancialLiabilitiesDesignatedAsFairValueThroughProfitOrLossOtherLiabilities" />
    <presentationArc xlink:type="arc" xlink:arcrole="http://www.xbrl.org/2003/arcrole/parent-child" xlink:from="ifrs-gp_FinancialLiabilitiesDesignatedAsFairValueThroughProfitOrLossTotal" xlink:to="p-FINREP_FinancialLiabilitiesDesignatedAsFairValueThroughProfitOrLossOtherLiabilities" order="5" use="optional" />
    <loc xlink:type="locator" xlink:href="http://xbrl.iasb.org/int/fr/ifrs/gp/2006-08-15/ifrs-gp-2006-08-15.xsd#ifrs-gp_FinancialLiabilitiesMeasuredAtAmortisedCostTotal" xlink:label="ifrs-gp_FinancialLiabilitiesMeasuredAtAmortisedCostTotal" />
    <presentationArc xlink:type="arc" xlink:arcrole="http://www.xbrl.org/2003/arcrole/parent-child" xlink:from="ifrs-gp_LiabilitiesPresentation" xlink:to="ifrs-gp_FinancialLiabilitiesMeasuredAtAmortisedCostTotal" order="4" use="optional" />
    <loc xlink:type="locator" xlink:href="http://xbrl.iasb.org/int/fr/ifrs/gp/2006-08-15/ifrs-gp-2006-08-15.xsd#ifrs-gp_DepositsWithOtherBanks" xlink:label="ifrs-gp_DepositsWithOtherBanks" />
    <presentationArc xlink:type="arc" xlink:arcrole="http://www.xbrl.org/2003/arcrole/parent-child" xlink:from="ifrs-gp_FinancialLiabilitiesMeasuredAtAmortisedCostTotal" xlink:to="ifrs-gp_DepositsWithOtherBanks" order="1" use="optional" />
    <loc xlink:type="locator" xlink:href="http://xbrl.iasb.org/int/fr/ifrs/gp/2006-08-15/ifrs-gp-2006-08-15.xsd#ifrs-gp_AmountsOwedToOtherDepositors" xlink:label="ifrs-gp_AmountsOwedToOtherDepositors" />
    <presentationArc xlink:type="arc" xlink:arcrole="http://www.xbrl.org/2003/arcrole/parent-child" xlink:from="ifrs-gp_FinancialLiabilitiesMeasuredAtAmortisedCostTotal" xlink:to="ifrs-gp_AmountsOwedToOtherDepositors" order="2" use="optional" />
    <loc xlink:type="locator" xlink:href="http://xbrl.iasb.org/int/fr/ifrs/gp/2006-08-15/ifrs-gp-2006-08-15.xsd#ifrs-gp_DebenturesAndDebtCertificates" xlink:label="ifrs-gp_DebenturesAndDebtCertificates" />
    <presentationArc xlink:type="arc" xlink:arcrole="http://www.xbrl.org/2003/arcrole/parent-child" xlink:from="ifrs-gp_FinancialLiabilitiesMeasuredAtAmortisedCostTotal" xlink:to="ifrs-gp_DebenturesAndDebtCertificates" order="3" use="optional" />
    <loc xlink:type="locator" xlink:href="http://xbrl.iasb.org/int/fr/ifrs/gp/2006-08-15/ifrs-gp-2006-08-15.xsd#ifrs-gp_SubordinatedLiabilities" xlink:label="ifrs-gp_SubordinatedLiabilities" />
    <presentationArc xlink:type="arc" xlink:arcrole="http://www.xbrl.org/2003/arcrole/parent-child" xlink:from="ifrs-gp_FinancialLiabilitiesMeasuredAtAmortisedCostTotal" xlink:to="ifrs-gp_SubordinatedLiabilities" order="4" use="optional" />
    <loc xlink:type="locator" xlink:href="http://xbrl.iasb.org/int/fr/ifrs/gp/2006-08-15/ifrs-gp-2006-08-15.xsd#ifrs-gp_OtherBorrowedFunds" xlink:label="ifrs-gp_OtherBorrowedFunds" />
    <presentationArc xlink:type="arc" xlink:arcrole="http://www.xbrl.org/2003/arcrole/parent-child" xlink:from="ifrs-gp_FinancialLiabilitiesMeasuredAtAmortisedCostTotal" xlink:to="ifrs-gp_OtherBorrowedFunds" order="5" use="optional" />
    <loc xlink:type="locator" xlink:href="p-FINREP-2008-01-01.xsd#p-FINREP_FinancialLiabilitiesAssociatedWithTransferredFinancialAssets" xlink:label="p-FINREP_FinancialLiabilitiesAssociatedWithTransferredFinancialAssets" />
    <presentationArc xlink:type="arc" xlink:arcrole="http://www.xbrl.org/2003/arcrole/parent-child" xlink:from="ifrs-gp_LiabilitiesPresentation" xlink:to="p-FINREP_FinancialLiabilitiesAssociatedWithTransferredFinancialAssets" order="5" use="optional" />
    <loc xlink:type="locator" xlink:href="http://xbrl.iasb.org/int/fr/ifrs/gp/2006-08-15/ifrs-gp-2006-08-15.xsd#ifrs-gp_HedgingLiabilitiesTotal" xlink:label="ifrs-gp_HedgingLiabilitiesTotal" />
    <presentationArc xlink:type="arc" xlink:arcrole="http://www.xbrl.org/2003/arcrole/parent-child" xlink:from="ifrs-gp_LiabilitiesPresentation" xlink:to="ifrs-gp_HedgingLiabilitiesTotal" order="6" use="optional" />
    <loc xlink:type="locator" xlink:href="http://xbrl.iasb.org/int/fr/ifrs/gp/2006-08-15/ifrs-gp-2006-08-15.xsd#ifrs-gp_HedgingLiabilitiesMicroHedgeFairValueHedge" xlink:label="ifrs-gp_HedgingLiabilitiesMicroHedgeFairValueHedge" />
    <presentationArc xlink:type="arc" xlink:arcrole="http://www.xbrl.org/2003/arcrole/parent-child" xlink:from="ifrs-gp_HedgingLiabilitiesTotal" xlink:to="ifrs-gp_HedgingLiabilitiesMicroHedgeFairValueHedge" order="1" use="optional" />
    <loc xlink:type="locator" xlink:href="http://xbrl.iasb.org/int/fr/ifrs/gp/2006-08-15/ifrs-gp-2006-08-15.xsd#ifrs-gp_HedgingLiabilitiesMicroHedgeCashFlowHedge" xlink:label="ifrs-gp_HedgingLiabilitiesMicroHedgeCashFlowHedge" />
    <presentationArc xlink:type="arc" xlink:arcrole="http://www.xbrl.org/2003/arcrole/parent-child" xlink:from="ifrs-gp_HedgingLiabilitiesTotal" xlink:to="ifrs-gp_HedgingLiabilitiesMicroHedgeCashFlowHedge" order="2" use="optional" />
    <loc xlink:type="locator" xlink:href="http://xbrl.iasb.org/int/fr/ifrs/gp/2006-08-15/ifrs-gp-2006-08-15.xsd#ifrs-gp_HedgingLiabilitiesMicroHedgeHedgeOfNetInvestmentInForeignOperation" xlink:label="ifrs-gp_HedgingLiabilitiesMicroHedgeHedgeOfNetInvestmentInForeignOperation" />
    <presentationArc xlink:type="arc" xlink:arcrole="http://www.xbrl.org/2003/arcrole/parent-child" xlink:from="ifrs-gp_HedgingLiabilitiesTotal" xlink:to="ifrs-gp_HedgingLiabilitiesMicroHedgeHedgeOfNetInvestmentInForeignOperation" order="3" use="optional" />
    <loc xlink:type="locator" xlink:href="http://xbrl.iasb.org/int/fr/ifrs/gp/2006-08-15/ifrs-gp-2006-08-15.xsd#ifrs-gp_HedgingLiabilitiesFairValueHedgeOfInterestRateRisk" xlink:label="ifrs-gp_HedgingLiabilitiesFairValueHedgeOfInterestRateRisk" />
    <presentationArc xlink:type="arc" xlink:arcrole="http://www.xbrl.org/2003/arcrole/parent-child" xlink:from="ifrs-gp_HedgingLiabilitiesTotal" xlink:to="ifrs-gp_HedgingLiabilitiesFairValueHedgeOfInterestRateRisk" order="4" use="optional" />
    <loc xlink:type="locator" xlink:href="http://xbrl.iasb.org/int/fr/ifrs/gp/2006-08-15/ifrs-gp-2006-08-15.xsd#ifrs-gp_HedgingLiabilitiesCashFlowHedgeOfInterestRateRisk" xlink:label="ifrs-gp_HedgingLiabilitiesCashFlowHedgeOfInterestRateRisk" />
    <presentationArc xlink:type="arc" xlink:arcrole="http://www.xbrl.org/2003/arcrole/parent-child" xlink:from="ifrs-gp_HedgingLiabilitiesTotal" xlink:to="ifrs-gp_HedgingLiabilitiesCashFlowHedgeOfInterestRateRisk" order="5" use="optional" />
    <loc xlink:type="locator" xlink:href="http://xbrl.iasb.org/int/fr/ifrs/gp/2006-08-15/ifrs-gp-2006-08-15.xsd#ifrs-gp_LiabilityRecognisedForFairValueChangesOfHedgedItemInPortfolioHedgeOfInterestRateRisk" xlink:label="ifrs-gp_LiabilityRecognisedForFairValueChangesOfHedgedItemInPortfolioHedgeOfInterestRateRisk" />
    <presentationArc xlink:type="arc" xlink:arcrole="http://www.xbrl.org/2003/arcrole/parent-child" xlink:from="ifrs-gp_LiabilitiesPresentation" xlink:to="ifrs-gp_LiabilityRecognisedForFairValueChangesOfHedgedItemInPortfolioHedgeOfInterestRateRisk" order="7" use="optional" />
    <loc xlink:type="locator" xlink:href="http://xbrl.iasb.org/int/fr/ifrs/gp/2006-08-15/ifrs-gp-2006-08-15.xsd#ifrs-gp_ProvisionsTotal" xlink:label="ifrs-gp_ProvisionsTotal" />
    <presentationArc xlink:type="arc" xlink:arcrole="http://www.xbrl.org/2003/arcrole/parent-child" xlink:from="ifrs-gp_LiabilitiesPresentation" xlink:to="ifrs-gp_ProvisionsTotal" order="8" use="optional" />
    <loc xlink:type="locator" xlink:href="http://xbrl.iasb.org/int/fr/ifrs/gp/2006-08-15/ifrs-gp-2006-08-15.xsd#ifrs-gp_RestructuringProvisionTotal" xlink:label="ifrs-gp_RestructuringProvisionTotal" />
    <presentationArc xlink:type="arc" xlink:arcrole="http://www.xbrl.org/2003/arcrole/parent-child" xlink:from="ifrs-gp_ProvisionsTotal" xlink:to="ifrs-gp_RestructuringProvisionTotal" order="1" use="optional" />
    <loc xlink:type="locator" xlink:href="http://xbrl.iasb.org/int/fr/ifrs/gp/2006-08-15/ifrs-gp-2006-08-15.xsd#ifrs-gp_LegalProceedingsProvisionTotal" xlink:label="ifrs-gp_LegalProceedingsProvisionTotal" />
    <presentationArc xlink:type="arc" xlink:arcrole="http://www.xbrl.org/2003/arcrole/parent-child" xlink:from="ifrs-gp_ProvisionsTotal" xlink:to="ifrs-gp_LegalProceedingsProvisionTotal" order="2" use="optional" />
    <loc xlink:type="locator" xlink:href="p-FINREP-2008-01-01.xsd#p-FINREP_PensionsAndOtherPostRetirementBenefitObligationProvisionTotal" xlink:label="p-FINREP_PensionsAndOtherPostRetirementBenefitObligationProvisionTotal" />
    <presentationArc xlink:type="arc" xlink:arcrole="http://www.xbrl.org/2003/arcrole/parent-child" xlink:from="ifrs-gp_ProvisionsTotal" xlink:to="p-FINREP_PensionsAndOtherPostRetirementBenefitObligationProvisionTotal" order="3" use="optional" />
    <loc xlink:type="locator" xlink:href="p-FINREP-2008-01-01.xsd#p-FINREP_LoanCommitmentsAndGuaranteesProvisionTotal" xlink:label="p-FINREP_LoanCommitmentsAndGuaranteesProvisionTotal" />
    <presentationArc xlink:type="arc" xlink:arcrole="http://www.xbrl.org/2003/arcrole/parent-child" xlink:from="ifrs-gp_ProvisionsTotal" xlink:to="p-FINREP_LoanCommitmentsAndGuaranteesProvisionTotal" order="4" use="optional" />
    <loc xlink:type="locator" xlink:href="http://xbrl.iasb.org/int/fr/ifrs/gp/2006-08-15/ifrs-gp-2006-08-15.xsd#ifrs-gp_OnerousContractsProvisionTotal" xlink:label="ifrs-gp_OnerousContractsProvisionTotal" />
    <presentationArc xlink:type="arc" xlink:arcrole="http://www.xbrl.org/2003/arcrole/parent-child" xlink:from="ifrs-gp_ProvisionsTotal" xlink:to="ifrs-gp_OnerousContractsProvisionTotal" order="5" use="optional" />
    <loc xlink:type="locator" xlink:href="p-FINREP-2008-01-01.xsd#p-FINREP_OtherProvisionsTotal" xlink:label="p-FINREP_OtherProvisionsTotal" />
    <presentationArc xlink:type="arc" xlink:arcrole="http://www.xbrl.org/2003/arcrole/parent-child" xlink:from="ifrs-gp_ProvisionsTotal" xlink:to="p-FINREP_OtherProvisionsTotal" order="6" use="optional" />
    <loc xlink:type="locator" xlink:href="http://xbrl.iasb.org/int/fr/ifrs/gp/2006-08-15/ifrs-gp-2006-08-15.xsd#ifrs-gp_TaxLiabilitiesTotal" xlink:label="ifrs-gp_TaxLiabilitiesTotal" />
    <presentationArc xlink:type="arc" xlink:arcrole="http://www.xbrl.org/2003/arcrole/parent-child" xlink:from="ifrs-gp_LiabilitiesPresentation" xlink:to="ifrs-gp_TaxLiabilitiesTotal" order="9" use="optional" />
    <loc xlink:type="locator" xlink:href="http://xbrl.iasb.org/int/fr/ifrs/gp/2006-08-15/ifrs-gp-2006-08-15.xsd#ifrs-gp_CurrentTaxPayables" xlink:label="ifrs-gp_CurrentTaxPayables" />
    <presentationArc xlink:type="arc" xlink:arcrole="http://www.xbrl.org/2003/arcrole/parent-child" xlink:from="ifrs-gp_TaxLiabilitiesTotal" xlink:to="ifrs-gp_CurrentTaxPayables" order="1" use="optional" />
    <loc xlink:type="locator" xlink:href="http://xbrl.iasb.org/int/fr/ifrs/gp/2006-08-15/ifrs-gp-2006-08-15.xsd#ifrs-gp_DeferredTaxLiabilities" xlink:label="ifrs-gp_DeferredTaxLiabilities" />
    <presentationArc xlink:type="arc" xlink:arcrole="http://www.xbrl.org/2003/arcrole/parent-child" xlink:from="ifrs-gp_TaxLiabilitiesTotal" xlink:to="ifrs-gp_DeferredTaxLiabilities" order="2" use="optional" />
    <loc xlink:type="locator" xlink:href="p-FINREP-2008-01-01.xsd#p-FINREP_OtherLiabilities" xlink:label="p-FINREP_OtherLiabilities" />
    <presentationArc xlink:type="arc" xlink:arcrole="http://www.xbrl.org/2003/arcrole/parent-child" xlink:from="ifrs-gp_LiabilitiesPresentation" xlink:to="p-FINREP_OtherLiabilities" order="10" use="optional" />
    <loc xlink:type="locator" xlink:href="http://xbrl.iasb.org/int/fr/ifrs/gp/2006-08-15/ifrs-gp-2006-08-15.xsd#ifrs-gp_ShareCapitalRepayableOnDemandCooperatives" xlink:label="ifrs-gp_ShareCapitalRepayableOnDemandCooperatives" />
    <presentationArc xlink:type="arc" xlink:arcrole="http://www.xbrl.org/2003/arcrole/parent-child" xlink:from="ifrs-gp_LiabilitiesPresentation" xlink:to="ifrs-gp_ShareCapitalRepayableOnDemandCooperatives" order="11" use="optional" />
    <loc xlink:type="locator" xlink:href="http://xbrl.iasb.org/int/fr/ifrs/gp/2006-08-15/ifrs-gp-2006-08-15.xsd#ifrs-gp_LiabilitiesIncludedInDisposalGroupsClassifiedAsHeldForSale" xlink:label="ifrs-gp_LiabilitiesIncludedInDisposalGroupsClassifiedAsHeldForSale" />
    <presentationArc xlink:type="arc" xlink:arcrole="http://www.xbrl.org/2003/arcrole/parent-child" xlink:from="ifrs-gp_LiabilitiesPresentation" xlink:to="ifrs-gp_LiabilitiesIncludedInDisposalGroupsClassifiedAsHeldForSale" order="12" use="optional" />
    <loc xlink:type="locator" xlink:href="http://xbrl.iasb.org/int/fr/ifrs/gp/2006-08-15/ifrs-gp-2006-08-15.xsd#ifrs-gp_LiabilitiesTotal" xlink:label="ifrs-gp_LiabilitiesTotal" />
    <presentationArc xlink:type="arc" xlink:arcrole="http://www.xbrl.org/2003/arcrole/parent-child" xlink:from="ifrs-gp_LiabilitiesPresentation" xlink:to="ifrs-gp_LiabilitiesTotal" order="13" use="optional" />
    <loc xlink:type="locator" xlink:href="http://xbrl.iasb.org/int/fr/ifrs/gp/2006-08-15/ifrs-gp-2006-08-15.xsd#ifrs-gp_EquityPresentation" xlink:label="ifrs-gp_EquityPresentation" />
    <presentationArc xlink:type="arc" xlink:arcrole="http://www.xbrl.org/2003/arcrole/parent-child" xlink:from="ifrs-gp_BalanceSheetPresentation" xlink:to="ifrs-gp_EquityPresentation" order="3" use="optional" />
    <loc xlink:type="locator" xlink:href="http://xbrl.iasb.org/int/fr/ifrs/gp/2006-08-15/ifrs-gp-2006-08-15.xsd#ifrs-gp_IssuedCapital" xlink:label="ifrs-gp_IssuedCapital" />
    <presentationArc xlink:type="arc" xlink:arcrole="http://www.xbrl.org/2003/arcrole/parent-child" xlink:from="ifrs-gp_EquityPresentation" xlink:to="ifrs-gp_IssuedCapital" order="1" use="optional" />
    <loc xlink:type="locator" xlink:href="p-FINREP-2008-01-01.xsd#p-FINREP_PaidInCapital" xlink:label="p-FINREP_PaidInCapital" />
    <presentationArc xlink:type="arc" xlink:arcrole="http://www.xbrl.org/2003/arcrole/parent-child" xlink:from="ifrs-gp_IssuedCapital" xlink:to="p-FINREP_PaidInCapital" order="1" use="optional" />
    <loc xlink:type="locator" xlink:href="p-FINREP-2008-01-01.xsd#p-FINREP_UnpaidCapitalWhichHasBeenCalledUp" xlink:label="p-FINREP_UnpaidCapitalWhichHasBeenCalledUp" />
    <presentationArc xlink:type="arc" xlink:arcrole="http://www.xbrl.org/2003/arcrole/parent-child" xlink:from="ifrs-gp_IssuedCapital" xlink:to="p-FINREP_UnpaidCapitalWhichHasBeenCalledUp" order="2" use="optional" />
    <loc xlink:type="locator" xlink:href="http://xbrl.iasb.org/int/fr/ifrs/gp/2006-08-15/ifrs-gp-2006-08-15.xsd#ifrs-gp_SharePremiumTotal" xlink:label="ifrs-gp_SharePremiumTotal" />
    <presentationArc xlink:type="arc" xlink:arcrole="http://www.xbrl.org/2003/arcrole/parent-child" xlink:from="ifrs-gp_EquityPresentation" xlink:to="ifrs-gp_SharePremiumTotal" order="2" use="optional" />
    <loc xlink:type="locator" xlink:href="p-FINREP-2008-01-01.xsd#p-FINREP_OtherEquityInstruments" xlink:label="p-FINREP_OtherEquityInstruments" />
    <presentationArc xlink:type="arc" xlink:arcrole="http://www.xbrl.org/2003/arcrole/parent-child" xlink:from="ifrs-gp_EquityPresentation" xlink:to="p-FINREP_OtherEquityInstruments" order="3" use="optional" />
    <loc xlink:type="locator" xlink:href="p-FINREP-2008-01-01.xsd#p-FINREP_OtherEquityInstrumentsEquityComponentOfCompoundFinancialInstruments" xlink:label="p-FINREP_OtherEquityInstrumentsEquityComponentOfCompoundFinancialInstruments" />
    <presentationArc xlink:type="arc" xlink:arcrole="http://www.xbrl.org/2003/arcrole/parent-child" xlink:from="p-FINREP_OtherEquityInstruments" xlink:to="p-FINREP_OtherEquityInstrumentsEquityComponentOfCompoundFinancialInstruments" order="1" use="optional" />
    <loc xlink:type="locator" xlink:href="p-FINREP-2008-01-01.xsd#p-FINREP_OtherEquityInstrumentsOther" xlink:label="p-FINREP_OtherEquityInstrumentsOther" />
    <presentationArc xlink:type="arc" xlink:arcrole="http://www.xbrl.org/2003/arcrole/parent-child" xlink:from="p-FINREP_OtherEquityInstruments" xlink:to="p-FINREP_OtherEquityInstrumentsOther" order="2" use="optional" />
    <loc xlink:type="locator" xlink:href="p-FINREP-2008-01-01.xsd#p-FINREP_RevaluationReservesAndOtherValuationDifferencesTotal" xlink:label="p-FINREP_RevaluationReservesAndOtherValuationDifferencesTotal" />
    <presentationArc xlink:type="arc" xlink:arcrole="http://www.xbrl.org/2003/arcrole/parent-child" xlink:from="ifrs-gp_EquityPresentation" xlink:to="p-FINREP_RevaluationReservesAndOtherValuationDifferencesTotal" order="4" use="optional" />
    <loc xlink:type="locator" xlink:href="p-FINREP-2008-01-01.xsd#p-FINREP_RevaluationReservesAndOtherValuationDifferencesOnTangibleAssets" xlink:label="p-FINREP_RevaluationReservesAndOtherValuationDifferencesOnTangibleAssets" />
    <presentationArc xlink:type="arc" xlink:arcrole="http://www.xbrl.org/2003/arcrole/parent-child" xlink:from="p-FINREP_RevaluationReservesAndOtherValuationDifferencesTotal" xlink:to="p-FINREP_RevaluationReservesAndOtherValuationDifferencesOnTangibleAssets" order="1" use="optional" />
    <loc xlink:type="locator" xlink:href="p-FINREP-2008-01-01.xsd#p-FINREP_RevaluationReservesAndOtherValuationDifferencesOnIntangibleAssets" xlink:label="p-FINREP_RevaluationReservesAndOtherValuationDifferencesOnIntangibleAssets" />
    <presentationArc xlink:type="arc" xlink:arcrole="http://www.xbrl.org/2003/arcrole/parent-child" xlink:from="p-FINREP_RevaluationReservesAndOtherValuationDifferencesTotal" xlink:to="p-FINREP_RevaluationReservesAndOtherValuationDifferencesOnIntangibleAssets" order="2" use="optional" />
    <loc xlink:type="locator" xlink:href="p-FINREP-2008-01-01.xsd#p-FINREP_RevaluationReservesAndOtherValuationDifferencesOnHedgeOfNetInvestmentInForeignOperationsEffectivePortion" xlink:label="p-FINREP_RevaluationReservesAndOtherValuationDifferencesOnHedgeOfNetInvestmentInForeignOperationsEffectivePortion" />
    <presentationArc xlink:type="arc" xlink:arcrole="http://www.xbrl.org/2003/arcrole/parent-child" xlink:from="p-FINREP_RevaluationReservesAndOtherValuationDifferencesTotal" xlink:to="p-FINREP_RevaluationReservesAndOtherValuationDifferencesOnHedgeOfNetInvestmentInForeignOperationsEffectivePortion" order="3" use="optional" />
    <loc xlink:type="locator" xlink:href="http://xbrl.iasb.org/int/fr/ifrs/gp/2006-08-15/ifrs-gp-2006-08-15.xsd#ifrs-gp_TranslationReserves" xlink:label="ifrs-gp_TranslationReserves" />
    <presentationArc xlink:type="arc" xlink:arcrole="http://www.xbrl.org/2003/arcrole/parent-child" xlink:from="p-FINREP_RevaluationReservesAndOtherValuationDifferencesTotal" xlink:to="ifrs-gp_TranslationReserves" order="4" use="optional" />
    <loc xlink:type="locator" xlink:href="p-FINREP-2008-01-01.xsd#p-FINREP_RevaluationReservesAndOtherValuationDifferencesOnCashFlowHedgesEffectivePortion" xlink:label="p-FINREP_RevaluationReservesAndOtherValuationDifferencesOnCashFlowHedgesEffectivePortion" />
    <presentationArc xlink:type="arc" xlink:arcrole="http://www.xbrl.org/2003/arcrole/parent-child" xlink:from="p-FINREP_RevaluationReservesAndOtherValuationDifferencesTotal" xlink:to="p-FINREP_RevaluationReservesAndOtherValuationDifferencesOnCashFlowHedgesEffectivePortion" order="5" use="optional" />
    <loc xlink:type="locator" xlink:href="http://xbrl.iasb.org/int/fr/ifrs/gp/2006-08-15/ifrs-gp-2006-08-15.xsd#ifrs-gp_AvailableForSaleReserves" xlink:label="ifrs-gp_AvailableForSaleReserves" />
    <presentationArc xlink:type="arc" xlink:arcrole="http://www.xbrl.org/2003/arcrole/parent-child" xlink:from="p-FINREP_RevaluationReservesAndOtherValuationDifferencesTotal" xlink:to="ifrs-gp_AvailableForSaleReserves" order="6" use="optional" />
    <loc xlink:type="locator" xlink:href="http://xbrl.iasb.org/int/fr/ifrs/gp/2006-08-15/ifrs-gp-2006-08-15.xsd#ifrs-gp_CumulativeIncomeExpenseRelatingToNonCurrentAssetsAndDisposalGroupsHeldForSale" xlink:label="ifrs-gp_CumulativeIncomeExpenseRelatingToNonCurrentAssetsAndDisposalGroupsHeldForSale" />
    <presentationArc xlink:type="arc" xlink:arcrole="http://www.xbrl.org/2003/arcrole/parent-child" xlink:from="p-FINREP_RevaluationReservesAndOtherValuationDifferencesTotal" xlink:to="ifrs-gp_CumulativeIncomeExpenseRelatingToNonCurrentAssetsAndDisposalGroupsHeldForSale" order="7" use="optional" />
    <loc xlink:type="locator" xlink:href="p-FINREP-2008-01-01.xsd#p-FINREP_RevaluationReservesAndOtherValuationDifferencesOther" xlink:label="p-FINREP_RevaluationReservesAndOtherValuationDifferencesOther" />
    <presentationArc xlink:type="arc" xlink:arcrole="http://www.xbrl.org/2003/arcrole/parent-child" xlink:from="p-FINREP_RevaluationReservesAndOtherValuationDifferencesTotal" xlink:to="p-FINREP_RevaluationReservesAndOtherValuationDifferencesOther" order="8" use="optional" />
    <loc xlink:type="locator" xlink:href="p-FINREP-2008-01-01.xsd#p-FINREP_ReservesIncludingRetainedEarnings" xlink:label="p-FINREP_ReservesIncludingRetainedEarnings" />
    <presentationArc xlink:type="arc" xlink:arcrole="http://www.xbrl.org/2003/arcrole/parent-child" xlink:from="ifrs-gp_EquityPresentation" xlink:to="p-FINREP_ReservesIncludingRetainedEarnings" order="5" use="optional" />
    <loc xlink:type="locator" xlink:href="http://xbrl.iasb.org/int/fr/ifrs/gp/2006-08-15/ifrs-gp-2006-08-15.xsd#ifrs-gp_TreasuryShares" xlink:label="ifrs-gp_TreasuryShares" />
    <presentationArc xlink:type="arc" xlink:arcrole="http://www.xbrl.org/2003/arcrole/parent-child" xlink:from="ifrs-gp_EquityPresentation" xlink:to="ifrs-gp_TreasuryShares" order="6" use="optional" />
    <loc xlink:type="locator" xlink:href="p-FINREP-2008-01-01.xsd#p-FINREP_IncomeFromCurrentYear" xlink:label="p-FINREP_IncomeFromCurrentYear" />
    <presentationArc xlink:type="arc" xlink:arcrole="http://www.xbrl.org/2003/arcrole/parent-child" xlink:from="ifrs-gp_EquityPresentation" xlink:to="p-FINREP_IncomeFromCurrentYear" order="7" use="optional" />
    <loc xlink:type="locator" xlink:href="p-FINREP-2008-01-01.xsd#p-FINREP_InterimDividendsBalanceSheetTotal" xlink:label="p-FINREP_InterimDividendsBalanceSheetTotal" />
    <presentationArc xlink:type="arc" xlink:arcrole="http://www.xbrl.org/2003/arcrole/parent-child" xlink:from="ifrs-gp_EquityPresentation" xlink:to="p-FINREP_InterimDividendsBalanceSheetTotal" order="8" use="optional" />
    <loc xlink:type="locator" xlink:href="http://xbrl.iasb.org/int/fr/ifrs/gp/2006-08-15/ifrs-gp-2006-08-15.xsd#ifrs-gp_MinorityInterest" xlink:label="ifrs-gp_MinorityInterest" />
    <presentationArc xlink:type="arc" xlink:arcrole="http://www.xbrl.org/2003/arcrole/parent-child" xlink:from="ifrs-gp_EquityPresentation" xlink:to="ifrs-gp_MinorityInterest" order="9" use="optional" />
    <loc xlink:type="locator" xlink:href="p-FINREP-2008-01-01.xsd#p-FINREP_MinorityInterestRevaluationReservesAndOtherValuationDifferences" xlink:label="p-FINREP_MinorityInterestRevaluationReservesAndOtherValuationDifferences" />
    <presentationArc xlink:type="arc" xlink:arcrole="http://www.xbrl.org/2003/arcrole/parent-child" xlink:from="ifrs-gp_MinorityInterest" xlink:to="p-FINREP_MinorityInterestRevaluationReservesAndOtherValuationDifferences" order="1" use="optional" />
    <loc xlink:type="locator" xlink:href="p-FINREP-2008-01-01.xsd#p-FINREP_MinorityInterestOther" xlink:label="p-FINREP_MinorityInterestOther" />
    <presentationArc xlink:type="arc" xlink:arcrole="http://www.xbrl.org/2003/arcrole/parent-child" xlink:from="ifrs-gp_MinorityInterest" xlink:to="p-FINREP_MinorityInterestOther" order="2" use="optional" />
    <loc xlink:type="locator" xlink:href="http://xbrl.iasb.org/int/fr/ifrs/gp/2006-08-15/ifrs-gp-2006-08-15.xsd#ifrs-gp_EquityTotal" xlink:label="ifrs-gp_EquityTotal" />
    <presentationArc xlink:type="arc" xlink:arcrole="http://www.xbrl.org/2003/arcrole/parent-child" xlink:from="ifrs-gp_EquityPresentation" xlink:to="ifrs-gp_EquityTotal" order="10" use="optional" />
    <loc xlink:type="locator" xlink:href="http://xbrl.iasb.org/int/fr/ifrs/gp/2006-08-15/ifrs-gp-2006-08-15.xsd#ifrs-gp_EquityAndLiabilitiesPresentation" xlink:label="ifrs-gp_EquityAndLiabilitiesPresentation" />
    <presentationArc xlink:type="arc" xlink:arcrole="http://www.xbrl.org/2003/arcrole/parent-child" xlink:from="ifrs-gp_BalanceSheetPresentation" xlink:to="ifrs-gp_EquityAndLiabilitiesPresentation" order="4" use="optional" />
    <loc xlink:type="locator" xlink:href="http://xbrl.iasb.org/int/fr/ifrs/gp/2006-08-15/ifrs-gp-2006-08-15.xsd#ifrs-gp_EquityAndLiabilitiesTotal" xlink:label="ifrs-gp_EquityAndLiabilitiesTotal" />
    <presentationArc xlink:type="arc" xlink:arcrole="http://www.xbrl.org/2003/arcrole/parent-child" xlink:from="ifrs-gp_EquityAndLiabilitiesPresentation" xlink:to="ifrs-gp_EquityAndLiabilitiesTotal" order="1" use="optional" />
  </presentationLink>
</linkbase>