<?xml version="1.0" encoding="utf-8"?>
<?taxonomy-version 1.3.2?>
<!--Copyright (C) 2011 EBA - European Banking Authority, Tower 42, 25 Old Broad Street, London, EC2N 1HQ, United Kingdom.-->   <!-- Copyright (C) 2009 CEBS Secretariat Ltd., Tower 42, 25 Old Broad Street, London, EC2N 1HQ, United Kingdom. -->
<linkbase
	xmlns="http://www.xbrl.org/2003/linkbase"
	xmlns:xsi="http://www.w3.org/2001/XMLSchema-instance"
	xmlns:xlink="http://www.w3.org/1999/xlink"
	xsi:schemaLocation=" http://www.xbrl.org/2003/linkbase http://www.xbrl.org/2003/xbrl-linkbase-2003-12-31.xsd">
  <roleRef xlink:type="simple" xlink:href="p-FINREP-2008-01-01-T02-ProfitOrLoss.xsd#ProfitOrLoss" roleURI="http://www.c-ebs.org/eu/fr/esrs/finrep/2008-01-01/role/ProfitOrLoss" />
  <presentationLink xlink:type="extended" xlink:role="http://www.c-ebs.org/eu/fr/esrs/finrep/2008-01-01/role/ProfitOrLoss">
    <loc xlink:type="locator" xlink:href="p-FINREP-2008-01-01.xsd#p-FINREP_ConsolidatedProfitOrLossPresentation" xlink:label="p-FINREP_ConsolidatedProfitOrLossPresentation" />
    <loc xlink:type="locator" xlink:href="p-FINREP-2008-01-01.xsd#p-FINREP_FinancialAndOperatingIncomeAndExpenses" xlink:label="p-FINREP_FinancialAndOperatingIncomeAndExpenses" />
    <presentationArc xlink:type="arc" xlink:arcrole="http://www.xbrl.org/2003/arcrole/parent-child" xlink:from="p-FINREP_ConsolidatedProfitOrLossPresentation" xlink:to="p-FINREP_FinancialAndOperatingIncomeAndExpenses" order="1" use="optional" />
    <loc xlink:type="locator" xlink:href="http://xbrl.iasb.org/int/fr/ifrs/gp/2006-08-15/ifrs-gp-2006-08-15.xsd#ifrs-gp_InterestIncomeTotalFinancialInstitutions" xlink:label="ifrs-gp_InterestIncomeTotalFinancialInstitutions" />
    <presentationArc xlink:type="arc" xlink:arcrole="http://www.xbrl.org/2003/arcrole/parent-child" xlink:from="p-FINREP_FinancialAndOperatingIncomeAndExpenses" xlink:to="ifrs-gp_InterestIncomeTotalFinancialInstitutions" order="1" use="optional" />
    <loc xlink:type="locator" xlink:href="http://xbrl.iasb.org/int/fr/ifrs/gp/2006-08-15/ifrs-gp-2006-08-15.xsd#ifrs-gp_InterestIncomeCashAndBalancesWithCentralBanks" xlink:label="ifrs-gp_InterestIncomeCashAndBalancesWithCentralBanks" />
    <presentationArc xlink:type="arc" xlink:arcrole="http://www.xbrl.org/2003/arcrole/parent-child" xlink:from="ifrs-gp_InterestIncomeTotalFinancialInstitutions" xlink:to="ifrs-gp_InterestIncomeCashAndBalancesWithCentralBanks" order="1" use="optional" />
    <loc xlink:type="locator" xlink:href="http://xbrl.iasb.org/int/fr/ifrs/gp/2006-08-15/ifrs-gp-2006-08-15.xsd#ifrs-gp_InterestIncomeFinancialAssetsHeldForTrading" xlink:label="ifrs-gp_InterestIncomeFinancialAssetsHeldForTrading" />
    <presentationArc xlink:type="arc" xlink:arcrole="http://www.xbrl.org/2003/arcrole/parent-child" xlink:from="ifrs-gp_InterestIncomeTotalFinancialInstitutions" xlink:to="ifrs-gp_InterestIncomeFinancialAssetsHeldForTrading" order="2" use="optional" />
    <loc xlink:type="locator" xlink:href="http://xbrl.iasb.org/int/fr/ifrs/gp/2006-08-15/ifrs-gp-2006-08-15.xsd#ifrs-gp_InterestIncomeFinancialAssetsDesignatedAsFairValueThroughProfitOrLoss" xlink:label="ifrs-gp_InterestIncomeFinancialAssetsDesignatedAsFairValueThroughProfitOrLoss" />
    <presentationArc xlink:type="arc" xlink:arcrole="http://www.xbrl.org/2003/arcrole/parent-child" xlink:from="ifrs-gp_InterestIncomeTotalFinancialInstitutions" xlink:to="ifrs-gp_InterestIncomeFinancialAssetsDesignatedAsFairValueThroughProfitOrLoss" order="3" use="optional" />
    <loc xlink:type="locator" xlink:href="http://xbrl.iasb.org/int/fr/ifrs/gp/2006-08-15/ifrs-gp-2006-08-15.xsd#ifrs-gp_InterestIncomeAvailableForSaleFinancialAssets" xlink:label="ifrs-gp_InterestIncomeAvailableForSaleFinancialAssets" />
    <presentationArc xlink:type="arc" xlink:arcrole="http://www.xbrl.org/2003/arcrole/parent-child" xlink:from="ifrs-gp_InterestIncomeTotalFinancialInstitutions" xlink:to="ifrs-gp_InterestIncomeAvailableForSaleFinancialAssets" order="4" use="optional" />
    <loc xlink:type="locator" xlink:href="http://xbrl.iasb.org/int/fr/ifrs/gp/2006-08-15/ifrs-gp-2006-08-15.xsd#ifrs-gp_InterestIncomeLoansAndReceivables" xlink:label="ifrs-gp_InterestIncomeLoansAndReceivables" />
    <presentationArc xlink:type="arc" xlink:arcrole="http://www.xbrl.org/2003/arcrole/parent-child" xlink:from="ifrs-gp_InterestIncomeTotalFinancialInstitutions" xlink:to="ifrs-gp_InterestIncomeLoansAndReceivables" order="5" use="optional" />
    <loc xlink:type="locator" xlink:href="http://xbrl.iasb.org/int/fr/ifrs/gp/2006-08-15/ifrs-gp-2006-08-15.xsd#ifrs-gp_InterestIncomeHeldToMaturityInvestments" xlink:label="ifrs-gp_InterestIncomeHeldToMaturityInvestments" />
    <presentationArc xlink:type="arc" xlink:arcrole="http://www.xbrl.org/2003/arcrole/parent-child" xlink:from="ifrs-gp_InterestIncomeTotalFinancialInstitutions" xlink:to="ifrs-gp_InterestIncomeHeldToMaturityInvestments" order="6" use="optional" />
    <loc xlink:type="locator" xlink:href="p-FINREP-2008-01-01.xsd#p-FINREP_InterestIncomeHedgingDerivatives" xlink:label="p-FINREP_InterestIncomeHedgingDerivatives" />
    <presentationArc xlink:type="arc" xlink:arcrole="http://www.xbrl.org/2003/arcrole/parent-child" xlink:from="ifrs-gp_InterestIncomeTotalFinancialInstitutions" xlink:to="p-FINREP_InterestIncomeHedgingDerivatives" order="7" use="optional" />
    <loc xlink:type="locator" xlink:href="p-FINREP-2008-01-01.xsd#p-FINREP_InterestIncomeOtherAssets" xlink:label="p-FINREP_InterestIncomeOtherAssets" />
    <presentationArc xlink:type="arc" xlink:arcrole="http://www.xbrl.org/2003/arcrole/parent-child" xlink:from="ifrs-gp_InterestIncomeTotalFinancialInstitutions" xlink:to="p-FINREP_InterestIncomeOtherAssets" order="8" use="optional" />
    <loc xlink:type="locator" xlink:href="p-FINREP-2008-01-01.xsd#p-FINREP_InterestExpenseTotalFinancialInstitutions" xlink:label="p-FINREP_InterestExpenseTotalFinancialInstitutions" />
    <presentationArc xlink:type="arc" xlink:arcrole="http://www.xbrl.org/2003/arcrole/parent-child" xlink:from="p-FINREP_FinancialAndOperatingIncomeAndExpenses" xlink:to="p-FINREP_InterestExpenseTotalFinancialInstitutions" order="2" use="optional" />
    <loc xlink:type="locator" xlink:href="p-FINREP-2008-01-01.xsd#p-FINREP_InterestExpenseDepositsFromCentralBanks" xlink:label="p-FINREP_InterestExpenseDepositsFromCentralBanks" />
    <presentationArc xlink:type="arc" xlink:arcrole="http://www.xbrl.org/2003/arcrole/parent-child" xlink:from="p-FINREP_InterestExpenseTotalFinancialInstitutions" xlink:to="p-FINREP_InterestExpenseDepositsFromCentralBanks" order="1" use="optional" />
    <loc xlink:type="locator" xlink:href="http://xbrl.iasb.org/int/fr/ifrs/gp/2006-08-15/ifrs-gp-2006-08-15.xsd#ifrs-gp_InterestExpenseFinancialLiabilitiesHeldForTrading" xlink:label="ifrs-gp_InterestExpenseFinancialLiabilitiesHeldForTrading" />
    <presentationArc xlink:type="arc" xlink:arcrole="http://www.xbrl.org/2003/arcrole/parent-child" xlink:from="p-FINREP_InterestExpenseTotalFinancialInstitutions" xlink:to="ifrs-gp_InterestExpenseFinancialLiabilitiesHeldForTrading" order="2" use="optional" />
    <loc xlink:type="locator" xlink:href="http://xbrl.iasb.org/int/fr/ifrs/gp/2006-08-15/ifrs-gp-2006-08-15.xsd#ifrs-gp_InterestExpenseFinancialLiabilitiesDesignatedAsFairValueThroughProfitOrLoss" xlink:label="ifrs-gp_InterestExpenseFinancialLiabilitiesDesignatedAsFairValueThroughProfitOrLoss" />
    <presentationArc xlink:type="arc" xlink:arcrole="http://www.xbrl.org/2003/arcrole/parent-child" xlink:from="p-FINREP_InterestExpenseTotalFinancialInstitutions" xlink:to="ifrs-gp_InterestExpenseFinancialLiabilitiesDesignatedAsFairValueThroughProfitOrLoss" order="3" use="optional" />
    <loc xlink:type="locator" xlink:href="http://xbrl.iasb.org/int/fr/ifrs/gp/2006-08-15/ifrs-gp-2006-08-15.xsd#ifrs-gp_InterestExpenseFinancialLiabilitiesMeasuredAtAmortisedCost" xlink:label="ifrs-gp_InterestExpenseFinancialLiabilitiesMeasuredAtAmortisedCost" />
    <presentationArc xlink:type="arc" xlink:arcrole="http://www.xbrl.org/2003/arcrole/parent-child" xlink:from="p-FINREP_InterestExpenseTotalFinancialInstitutions" xlink:to="ifrs-gp_InterestExpenseFinancialLiabilitiesMeasuredAtAmortisedCost" order="4" use="optional" />
    <loc xlink:type="locator" xlink:href="p-FINREP-2008-01-01.xsd#p-FINREP_InterestExpenseHedgingDerivatives" xlink:label="p-FINREP_InterestExpenseHedgingDerivatives" />
    <presentationArc xlink:type="arc" xlink:arcrole="http://www.xbrl.org/2003/arcrole/parent-child" xlink:from="p-FINREP_InterestExpenseTotalFinancialInstitutions" xlink:to="p-FINREP_InterestExpenseHedgingDerivatives" order="5" use="optional" />
    <loc xlink:type="locator" xlink:href="p-FINREP-2008-01-01.xsd#p-FINREP_InterestExpenseOtherLiabilities" xlink:label="p-FINREP_InterestExpenseOtherLiabilities" />
    <presentationArc xlink:type="arc" xlink:arcrole="http://www.xbrl.org/2003/arcrole/parent-child" xlink:from="p-FINREP_InterestExpenseTotalFinancialInstitutions" xlink:to="p-FINREP_InterestExpenseOtherLiabilities" order="6" use="optional" />
    <loc xlink:type="locator" xlink:href="p-FINREP-2008-01-01.xsd#p-FINREP_ExpensesOnShareCapitalRepayableOnDemand" xlink:label="p-FINREP_ExpensesOnShareCapitalRepayableOnDemand" />
    <presentationArc xlink:type="arc" xlink:arcrole="http://www.xbrl.org/2003/arcrole/parent-child" xlink:from="p-FINREP_FinancialAndOperatingIncomeAndExpenses" xlink:to="p-FINREP_ExpensesOnShareCapitalRepayableOnDemand" order="3" use="optional" />
    <loc xlink:type="locator" xlink:href="http://xbrl.iasb.org/int/fr/ifrs/gp/2006-08-15/ifrs-gp-2006-08-15.xsd#ifrs-gp_DividendIncomeTotal" xlink:label="ifrs-gp_DividendIncomeTotal" />
    <presentationArc xlink:type="arc" xlink:arcrole="http://www.xbrl.org/2003/arcrole/parent-child" xlink:from="p-FINREP_FinancialAndOperatingIncomeAndExpenses" xlink:to="ifrs-gp_DividendIncomeTotal" order="4" use="optional" />
    <loc xlink:type="locator" xlink:href="p-FINREP-2008-01-01.xsd#p-FINREP_DividendIncomeFinancialAssetsHeldForTrading" xlink:label="p-FINREP_DividendIncomeFinancialAssetsHeldForTrading" />
    <presentationArc xlink:type="arc" xlink:arcrole="http://www.xbrl.org/2003/arcrole/parent-child" xlink:from="ifrs-gp_DividendIncomeTotal" xlink:to="p-FINREP_DividendIncomeFinancialAssetsHeldForTrading" order="1" use="optional" />
    <loc xlink:type="locator" xlink:href="p-FINREP-2008-01-01.xsd#p-FINREP_DividendIncomeFinancialAssetsDesignatedAsFairValueThroughProfitOrLoss" xlink:label="p-FINREP_DividendIncomeFinancialAssetsDesignatedAsFairValueThroughProfitOrLoss" />
    <presentationArc xlink:type="arc" xlink:arcrole="http://www.xbrl.org/2003/arcrole/parent-child" xlink:from="ifrs-gp_DividendIncomeTotal" xlink:to="p-FINREP_DividendIncomeFinancialAssetsDesignatedAsFairValueThroughProfitOrLoss" order="2" use="optional" />
    <loc xlink:type="locator" xlink:href="p-FINREP-2008-01-01.xsd#p-FINREP_DividendIncomeAvailableForSaleFinancialAssets" xlink:label="p-FINREP_DividendIncomeAvailableForSaleFinancialAssets" />
    <presentationArc xlink:type="arc" xlink:arcrole="http://www.xbrl.org/2003/arcrole/parent-child" xlink:from="ifrs-gp_DividendIncomeTotal" xlink:to="p-FINREP_DividendIncomeAvailableForSaleFinancialAssets" order="3" use="optional" />
    <loc xlink:type="locator" xlink:href="http://xbrl.iasb.org/int/fr/ifrs/gp/2006-08-15/ifrs-gp-2006-08-15.xsd#ifrs-gp_FeesAndCommissionIncomeTotal" xlink:label="ifrs-gp_FeesAndCommissionIncomeTotal" />
    <presentationArc xlink:type="arc" xlink:arcrole="http://www.xbrl.org/2003/arcrole/parent-child" xlink:from="p-FINREP_FinancialAndOperatingIncomeAndExpenses" xlink:to="ifrs-gp_FeesAndCommissionIncomeTotal" order="5" use="optional" />
    <loc xlink:type="locator" xlink:href="http://xbrl.iasb.org/int/fr/ifrs/gp/2006-08-15/ifrs-gp-2006-08-15.xsd#ifrs-gp_FeesAndCommissionExpenseTotal" xlink:label="ifrs-gp_FeesAndCommissionExpenseTotal" />
    <presentationArc xlink:type="arc" xlink:arcrole="http://www.xbrl.org/2003/arcrole/parent-child" xlink:from="p-FINREP_FinancialAndOperatingIncomeAndExpenses" xlink:to="ifrs-gp_FeesAndCommissionExpenseTotal" order="6" use="optional" />
    <loc xlink:type="locator" xlink:href="http://xbrl.iasb.org/int/fr/ifrs/gp/2006-08-15/ifrs-gp-2006-08-15.xsd#ifrs-gp_RealisedGainsLossesOnFinancialInstrumentsExcludingInterestFlowsTotal" xlink:label="ifrs-gp_RealisedGainsLossesOnFinancialInstrumentsExcludingInterestFlowsTotal" />
    <presentationArc xlink:type="arc" xlink:arcrole="http://www.xbrl.org/2003/arcrole/parent-child" xlink:from="p-FINREP_FinancialAndOperatingIncomeAndExpenses" xlink:to="ifrs-gp_RealisedGainsLossesOnFinancialInstrumentsExcludingInterestFlowsTotal" order="7" use="optional" />
    <loc xlink:type="locator" xlink:href="p-FINREP-2008-01-01.xsd#p-FINREP_RealisedGainsLossesOnFinancialAssetsAvailableForSaleFinancialAssets" xlink:label="p-FINREP_RealisedGainsLossesOnFinancialAssetsAvailableForSaleFinancialAssets" />
    <presentationArc xlink:type="arc" xlink:arcrole="http://www.xbrl.org/2003/arcrole/parent-child" xlink:from="ifrs-gp_RealisedGainsLossesOnFinancialInstrumentsExcludingInterestFlowsTotal" xlink:to="p-FINREP_RealisedGainsLossesOnFinancialAssetsAvailableForSaleFinancialAssets" order="1" use="optional" />
    <loc xlink:type="locator" xlink:href="p-FINREP-2008-01-01.xsd#p-FINREP_RealisedGainsLossesOnFinancialAssetsLoansAndReceivables" xlink:label="p-FINREP_RealisedGainsLossesOnFinancialAssetsLoansAndReceivables" />
    <presentationArc xlink:type="arc" xlink:arcrole="http://www.xbrl.org/2003/arcrole/parent-child" xlink:from="ifrs-gp_RealisedGainsLossesOnFinancialInstrumentsExcludingInterestFlowsTotal" xlink:to="p-FINREP_RealisedGainsLossesOnFinancialAssetsLoansAndReceivables" order="2" use="optional" />
    <loc xlink:type="locator" xlink:href="p-FINREP-2008-01-01.xsd#p-FINREP_RealisedGainsLossesOnFinancialAssetsHeldToMaturityInvestments" xlink:label="p-FINREP_RealisedGainsLossesOnFinancialAssetsHeldToMaturityInvestments" />
    <presentationArc xlink:type="arc" xlink:arcrole="http://www.xbrl.org/2003/arcrole/parent-child" xlink:from="ifrs-gp_RealisedGainsLossesOnFinancialInstrumentsExcludingInterestFlowsTotal" xlink:to="p-FINREP_RealisedGainsLossesOnFinancialAssetsHeldToMaturityInvestments" order="3" use="optional" />
    <loc xlink:type="locator" xlink:href="p-FINREP-2008-01-01.xsd#p-FINREP_RealisedGainsLossesOnFinancialLiabilitiesMeasuredAtAmortisedCost" xlink:label="p-FINREP_RealisedGainsLossesOnFinancialLiabilitiesMeasuredAtAmortisedCost" />
    <presentationArc xlink:type="arc" xlink:arcrole="http://www.xbrl.org/2003/arcrole/parent-child" xlink:from="ifrs-gp_RealisedGainsLossesOnFinancialInstrumentsExcludingInterestFlowsTotal" xlink:to="p-FINREP_RealisedGainsLossesOnFinancialLiabilitiesMeasuredAtAmortisedCost" order="4" use="optional" />
    <loc xlink:type="locator" xlink:href="p-FINREP-2008-01-01.xsd#p-FINREP_RealisedGainsLossesOnFinancialInstrumentsOther" xlink:label="p-FINREP_RealisedGainsLossesOnFinancialInstrumentsOther" />
    <presentationArc xlink:type="arc" xlink:arcrole="http://www.xbrl.org/2003/arcrole/parent-child" xlink:from="ifrs-gp_RealisedGainsLossesOnFinancialInstrumentsExcludingInterestFlowsTotal" xlink:to="p-FINREP_RealisedGainsLossesOnFinancialInstrumentsOther" order="5" use="optional" />
    <loc xlink:type="locator" xlink:href="http://xbrl.iasb.org/int/fr/ifrs/gp/2006-08-15/ifrs-gp-2006-08-15.xsd#ifrs-gp_GainsLossesOnFinancialInstrumentsHeldForTradingTotal" xlink:label="ifrs-gp_GainsLossesOnFinancialInstrumentsHeldForTradingTotal" />
    <presentationArc xlink:type="arc" xlink:arcrole="http://www.xbrl.org/2003/arcrole/parent-child" xlink:from="p-FINREP_FinancialAndOperatingIncomeAndExpenses" xlink:to="ifrs-gp_GainsLossesOnFinancialInstrumentsHeldForTradingTotal" order="8" use="optional" />
    <loc xlink:type="locator" xlink:href="p-FINREP-2008-01-01.xsd#p-FINREP_GainsLossesOnFinancialInstrumentsHeldForTradingEquityInstruments" xlink:label="p-FINREP_GainsLossesOnFinancialInstrumentsHeldForTradingEquityInstruments" />
    <presentationArc xlink:type="arc" xlink:arcrole="http://www.xbrl.org/2003/arcrole/parent-child" xlink:from="ifrs-gp_GainsLossesOnFinancialInstrumentsHeldForTradingTotal" xlink:to="p-FINREP_GainsLossesOnFinancialInstrumentsHeldForTradingEquityInstruments" order="1" use="optional" />
    <loc xlink:type="locator" xlink:href="p-FINREP-2008-01-01.xsd#p-FINREP_GainsLossesOnFinancialInstrumentsHeldForTradingInterestRateInstruments" xlink:label="p-FINREP_GainsLossesOnFinancialInstrumentsHeldForTradingInterestRateInstruments" />
    <presentationArc xlink:type="arc" xlink:arcrole="http://www.xbrl.org/2003/arcrole/parent-child" xlink:from="ifrs-gp_GainsLossesOnFinancialInstrumentsHeldForTradingTotal" xlink:to="p-FINREP_GainsLossesOnFinancialInstrumentsHeldForTradingInterestRateInstruments" order="2" use="optional" />
    <loc xlink:type="locator" xlink:href="p-FINREP-2008-01-01.xsd#p-FINREP_GainsLossesOnFinancialInstrumentsHeldForTradingForeignCurrency" xlink:label="p-FINREP_GainsLossesOnFinancialInstrumentsHeldForTradingForeignCurrency" />
    <presentationArc xlink:type="arc" xlink:arcrole="http://www.xbrl.org/2003/arcrole/parent-child" xlink:from="ifrs-gp_GainsLossesOnFinancialInstrumentsHeldForTradingTotal" xlink:to="p-FINREP_GainsLossesOnFinancialInstrumentsHeldForTradingForeignCurrency" order="3" use="optional" />
    <loc xlink:type="locator" xlink:href="p-FINREP-2008-01-01.xsd#p-FINREP_GainsLossesOnFinancialInstrumentsHeldForTradingCreditDerivatives" xlink:label="p-FINREP_GainsLossesOnFinancialInstrumentsHeldForTradingCreditDerivatives" />
    <presentationArc xlink:type="arc" xlink:arcrole="http://www.xbrl.org/2003/arcrole/parent-child" xlink:from="ifrs-gp_GainsLossesOnFinancialInstrumentsHeldForTradingTotal" xlink:to="p-FINREP_GainsLossesOnFinancialInstrumentsHeldForTradingCreditDerivatives" order="4" use="optional" />
    <loc xlink:type="locator" xlink:href="p-FINREP-2008-01-01.xsd#p-FINREP_GainsLossesOnFinancialInstrumentsHeldForTradingCommodities" xlink:label="p-FINREP_GainsLossesOnFinancialInstrumentsHeldForTradingCommodities" />
    <presentationArc xlink:type="arc" xlink:arcrole="http://www.xbrl.org/2003/arcrole/parent-child" xlink:from="ifrs-gp_GainsLossesOnFinancialInstrumentsHeldForTradingTotal" xlink:to="p-FINREP_GainsLossesOnFinancialInstrumentsHeldForTradingCommodities" order="5" use="optional" />
    <loc xlink:type="locator" xlink:href="p-FINREP-2008-01-01.xsd#p-FINREP_GainsLossesOnFinancialInstrumentsHeldForTradingOtherInstruments" xlink:label="p-FINREP_GainsLossesOnFinancialInstrumentsHeldForTradingOtherInstruments" />
    <presentationArc xlink:type="arc" xlink:arcrole="http://www.xbrl.org/2003/arcrole/parent-child" xlink:from="ifrs-gp_GainsLossesOnFinancialInstrumentsHeldForTradingTotal" xlink:to="p-FINREP_GainsLossesOnFinancialInstrumentsHeldForTradingOtherInstruments" order="6" use="optional" />
    <loc xlink:type="locator" xlink:href="http://xbrl.iasb.org/int/fr/ifrs/gp/2006-08-15/ifrs-gp-2006-08-15.xsd#ifrs-gp_GainsLossesOnFinancialInstrumentsDesignatedAsFairValueThroughProfitOrLossExcludingInterestFlows" xlink:label="ifrs-gp_GainsLossesOnFinancialInstrumentsDesignatedAsFairValueThroughProfitOrLossExcludingInterestFlows" />
    <presentationArc xlink:type="arc" xlink:arcrole="http://www.xbrl.org/2003/arcrole/parent-child" xlink:from="p-FINREP_FinancialAndOperatingIncomeAndExpenses" xlink:to="ifrs-gp_GainsLossesOnFinancialInstrumentsDesignatedAsFairValueThroughProfitOrLossExcludingInterestFlows" order="9" use="optional" />
    <loc xlink:type="locator" xlink:href="http://xbrl.iasb.org/int/fr/ifrs/gp/2006-08-15/ifrs-gp-2006-08-15.xsd#ifrs-gp_GainsLossesOnFinancialInstrumentsDueToFairValueAdjustmentsInHedgeAccountingTotal" xlink:label="ifrs-gp_GainsLossesOnFinancialInstrumentsDueToFairValueAdjustmentsInHedgeAccountingTotal" />
    <presentationArc xlink:type="arc" xlink:arcrole="http://www.xbrl.org/2003/arcrole/parent-child" xlink:from="p-FINREP_FinancialAndOperatingIncomeAndExpenses" xlink:to="ifrs-gp_GainsLossesOnFinancialInstrumentsDueToFairValueAdjustmentsInHedgeAccountingTotal" order="10" use="optional" />
    <loc xlink:type="locator" xlink:href="http://xbrl.iasb.org/int/fr/ifrs/gp/2006-08-15/ifrs-gp-2006-08-15.xsd#ifrs-gp_GainsLossesOnFinancialInstrumentsExchangeDifferenceRevaluations" xlink:label="ifrs-gp_GainsLossesOnFinancialInstrumentsExchangeDifferenceRevaluations" />
    <presentationArc xlink:type="arc" xlink:arcrole="http://www.xbrl.org/2003/arcrole/parent-child" xlink:from="p-FINREP_FinancialAndOperatingIncomeAndExpenses" xlink:to="ifrs-gp_GainsLossesOnFinancialInstrumentsExchangeDifferenceRevaluations" order="11" use="optional" />
    <loc xlink:type="locator" xlink:href="http://xbrl.iasb.org/int/fr/ifrs/gp/2006-08-15/ifrs-gp-2006-08-15.xsd#ifrs-gp_GainLossOnDerecognitionOfNonCurrentAssetsNotHeldForSaleTotal" xlink:label="ifrs-gp_GainLossOnDerecognitionOfNonCurrentAssetsNotHeldForSaleTotal" />
    <presentationArc xlink:type="arc" xlink:arcrole="http://www.xbrl.org/2003/arcrole/parent-child" xlink:from="p-FINREP_FinancialAndOperatingIncomeAndExpenses" xlink:to="ifrs-gp_GainLossOnDerecognitionOfNonCurrentAssetsNotHeldForSaleTotal" order="12" use="optional" />
    <loc xlink:type="locator" xlink:href="p-FINREP-2008-01-01.xsd#p-FINREP_OtherOperatingIncome" xlink:label="p-FINREP_OtherOperatingIncome" />
    <presentationArc xlink:type="arc" xlink:arcrole="http://www.xbrl.org/2003/arcrole/parent-child" xlink:from="p-FINREP_FinancialAndOperatingIncomeAndExpenses" xlink:to="p-FINREP_OtherOperatingIncome" order="13" use="optional" />
    <loc xlink:type="locator" xlink:href="p-FINREP-2008-01-01.xsd#p-FINREP_OtherOperatingExpenses" xlink:label="p-FINREP_OtherOperatingExpenses" />
    <presentationArc xlink:type="arc" xlink:arcrole="http://www.xbrl.org/2003/arcrole/parent-child" xlink:from="p-FINREP_FinancialAndOperatingIncomeAndExpenses" xlink:to="p-FINREP_OtherOperatingExpenses" order="14" use="optional" />
    <loc xlink:type="locator" xlink:href="p-FINREP-2008-01-01.xsd#p-FINREP_AdministrationCosts" xlink:label="p-FINREP_AdministrationCosts" />
    <presentationArc xlink:type="arc" xlink:arcrole="http://www.xbrl.org/2003/arcrole/parent-child" xlink:from="p-FINREP_ConsolidatedProfitOrLossPresentation" xlink:to="p-FINREP_AdministrationCosts" order="2" use="optional" />
    <loc xlink:type="locator" xlink:href="http://xbrl.iasb.org/int/fr/ifrs/gp/2006-08-15/ifrs-gp-2006-08-15.xsd#ifrs-gp_EmployeeExpenses" xlink:label="ifrs-gp_EmployeeExpenses" />
    <presentationArc xlink:type="arc" xlink:arcrole="http://www.xbrl.org/2003/arcrole/parent-child" xlink:from="p-FINREP_AdministrationCosts" xlink:to="ifrs-gp_EmployeeExpenses" order="1" use="optional" />
    <loc xlink:type="locator" xlink:href="http://xbrl.iasb.org/int/fr/ifrs/gp/2006-08-15/ifrs-gp-2006-08-15.xsd#ifrs-gp_OtherAdministrativeExpenses" xlink:label="ifrs-gp_OtherAdministrativeExpenses" />
    <presentationArc xlink:type="arc" xlink:arcrole="http://www.xbrl.org/2003/arcrole/parent-child" xlink:from="p-FINREP_AdministrationCosts" xlink:to="ifrs-gp_OtherAdministrativeExpenses" order="2" use="optional" />
    <loc xlink:type="locator" xlink:href="http://xbrl.iasb.org/int/fr/ifrs/gp/2006-08-15/ifrs-gp-2006-08-15.xsd#ifrs-gp_DepreciationAmortisation" xlink:label="ifrs-gp_DepreciationAmortisation" />
    <presentationArc xlink:type="arc" xlink:arcrole="http://www.xbrl.org/2003/arcrole/parent-child" xlink:from="p-FINREP_ConsolidatedProfitOrLossPresentation" xlink:to="ifrs-gp_DepreciationAmortisation" order="3" use="optional" />
    <loc xlink:type="locator" xlink:href="p-FINREP-2008-01-01.xsd#p-FINREP_DepreciationOnPropertyPlantAndEquipment" xlink:label="p-FINREP_DepreciationOnPropertyPlantAndEquipment" />
    <presentationArc xlink:type="arc" xlink:arcrole="http://www.xbrl.org/2003/arcrole/parent-child" xlink:from="ifrs-gp_DepreciationAmortisation" xlink:to="p-FINREP_DepreciationOnPropertyPlantAndEquipment" order="1" use="optional" />
    <loc xlink:type="locator" xlink:href="p-FINREP-2008-01-01.xsd#p-FINREP_DepreciationOnInvestmentProperty" xlink:label="p-FINREP_DepreciationOnInvestmentProperty" />
    <presentationArc xlink:type="arc" xlink:arcrole="http://www.xbrl.org/2003/arcrole/parent-child" xlink:from="ifrs-gp_DepreciationAmortisation" xlink:to="p-FINREP_DepreciationOnInvestmentProperty" order="2" use="optional" />
    <loc xlink:type="locator" xlink:href="http://xbrl.iasb.org/int/fr/ifrs/gp/2006-08-15/ifrs-gp-2006-08-15.xsd#ifrs-gp_AmortisationOfIntangibleAssets" xlink:label="ifrs-gp_AmortisationOfIntangibleAssets" />
    <presentationArc xlink:type="arc" xlink:arcrole="http://www.xbrl.org/2003/arcrole/parent-child" xlink:from="ifrs-gp_DepreciationAmortisation" xlink:to="ifrs-gp_AmortisationOfIntangibleAssets" order="3" use="optional" />
    <loc xlink:type="locator" xlink:href="p-FINREP-2008-01-01.xsd#p-FINREP_Provisions" xlink:label="p-FINREP_Provisions" />
    <presentationArc xlink:type="arc" xlink:arcrole="http://www.xbrl.org/2003/arcrole/parent-child" xlink:from="p-FINREP_ConsolidatedProfitOrLossPresentation" xlink:to="p-FINREP_Provisions" order="4" use="optional" />
    <loc xlink:type="locator" xlink:href="http://xbrl.iasb.org/int/fr/ifrs/gp/2006-08-15/ifrs-gp-2006-08-15.xsd#ifrs-gp_ImpairmentLossesReversalsTotalNet" xlink:label="ifrs-gp_ImpairmentLossesReversalsTotalNet" />
    <presentationArc xlink:type="arc" xlink:arcrole="http://www.xbrl.org/2003/arcrole/parent-child" xlink:from="p-FINREP_ConsolidatedProfitOrLossPresentation" xlink:to="ifrs-gp_ImpairmentLossesReversalsTotalNet" order="5" use="optional" />
    <loc xlink:type="locator" xlink:href="http://xbrl.iasb.org/int/fr/ifrs/gp/2006-08-15/ifrs-gp-2006-08-15.xsd#ifrs-gp_ImpairmentLossesReversalsFinancialInstrumentsNet" xlink:label="ifrs-gp_ImpairmentLossesReversalsFinancialInstrumentsNet" />
    <presentationArc xlink:type="arc" xlink:arcrole="http://www.xbrl.org/2003/arcrole/parent-child" xlink:from="ifrs-gp_ImpairmentLossesReversalsTotalNet" xlink:to="ifrs-gp_ImpairmentLossesReversalsFinancialInstrumentsNet" order="1" use="optional" />
    <loc xlink:type="locator" xlink:href="http://xbrl.iasb.org/int/fr/ifrs/gp/2006-08-15/ifrs-gp-2006-08-15.xsd#ifrs-gp_ImpairmentLossesFinancialInstrumentsOther" xlink:label="ifrs-gp_ImpairmentLossesFinancialInstrumentsOther" />
    <presentationArc xlink:type="arc" xlink:arcrole="http://www.xbrl.org/2003/arcrole/parent-child" xlink:from="ifrs-gp_ImpairmentLossesReversalsFinancialInstrumentsNet" xlink:to="ifrs-gp_ImpairmentLossesFinancialInstrumentsOther" order="1" use="optional" />
    <loc xlink:type="locator" xlink:href="http://xbrl.iasb.org/int/fr/ifrs/gp/2006-08-15/ifrs-gp-2006-08-15.xsd#ifrs-gp_ImpairmentLossesReversalsFinancialInstrumentsAvailableForSaleFinancialAssetsNet" xlink:label="ifrs-gp_ImpairmentLossesReversalsFinancialInstrumentsAvailableForSaleFinancialAssetsNet" />
    <presentationArc xlink:type="arc" xlink:arcrole="http://www.xbrl.org/2003/arcrole/parent-child" xlink:from="ifrs-gp_ImpairmentLossesReversalsFinancialInstrumentsNet" xlink:to="ifrs-gp_ImpairmentLossesReversalsFinancialInstrumentsAvailableForSaleFinancialAssetsNet" order="2" use="optional" />
    <loc xlink:type="locator" xlink:href="http://xbrl.iasb.org/int/fr/ifrs/gp/2006-08-15/ifrs-gp-2006-08-15.xsd#ifrs-gp_ImpairmentLossesReversalsFinancialInstrumentsLoansAndReceivablesNet" xlink:label="ifrs-gp_ImpairmentLossesReversalsFinancialInstrumentsLoansAndReceivablesNet" />
    <presentationArc xlink:type="arc" xlink:arcrole="http://www.xbrl.org/2003/arcrole/parent-child" xlink:from="ifrs-gp_ImpairmentLossesReversalsFinancialInstrumentsNet" xlink:to="ifrs-gp_ImpairmentLossesReversalsFinancialInstrumentsLoansAndReceivablesNet" order="3" use="optional" />
    <loc xlink:type="locator" xlink:href="http://xbrl.iasb.org/int/fr/ifrs/gp/2006-08-15/ifrs-gp-2006-08-15.xsd#ifrs-gp_ImpairmentLossesReversalsFinancialInstrumentsHeldToMaturityInvestmentsNet" xlink:label="ifrs-gp_ImpairmentLossesReversalsFinancialInstrumentsHeldToMaturityInvestmentsNet" />
    <presentationArc xlink:type="arc" xlink:arcrole="http://www.xbrl.org/2003/arcrole/parent-child" xlink:from="ifrs-gp_ImpairmentLossesReversalsFinancialInstrumentsNet" xlink:to="ifrs-gp_ImpairmentLossesReversalsFinancialInstrumentsHeldToMaturityInvestmentsNet" order="4" use="optional" />
    <loc xlink:type="locator" xlink:href="p-FINREP-2008-01-01.xsd#p-FINREP_ImpairmentOnNonFinancialAssets" xlink:label="p-FINREP_ImpairmentOnNonFinancialAssets" />
    <presentationArc xlink:type="arc" xlink:arcrole="http://www.xbrl.org/2003/arcrole/parent-child" xlink:from="ifrs-gp_ImpairmentLossesReversalsTotalNet" xlink:to="p-FINREP_ImpairmentOnNonFinancialAssets" order="2" use="optional" />
    <loc xlink:type="locator" xlink:href="http://xbrl.iasb.org/int/fr/ifrs/gp/2006-08-15/ifrs-gp-2006-08-15.xsd#ifrs-gp_ImpairmentLossesReversalsPropertyPlantAndEquipmentNet" xlink:label="ifrs-gp_ImpairmentLossesReversalsPropertyPlantAndEquipmentNet" />
    <presentationArc xlink:type="arc" xlink:arcrole="http://www.xbrl.org/2003/arcrole/parent-child" xlink:from="p-FINREP_ImpairmentOnNonFinancialAssets" xlink:to="ifrs-gp_ImpairmentLossesReversalsPropertyPlantAndEquipmentNet" order="1" use="optional" />
    <loc xlink:type="locator" xlink:href="http://xbrl.iasb.org/int/fr/ifrs/gp/2006-08-15/ifrs-gp-2006-08-15.xsd#ifrs-gp_ImpairmentLossesReversalsInvestmentPropertyNet" xlink:label="ifrs-gp_ImpairmentLossesReversalsInvestmentPropertyNet" />
    <presentationArc xlink:type="arc" xlink:arcrole="http://www.xbrl.org/2003/arcrole/parent-child" xlink:from="p-FINREP_ImpairmentOnNonFinancialAssets" xlink:to="ifrs-gp_ImpairmentLossesReversalsInvestmentPropertyNet" order="2" use="optional" />
    <loc xlink:type="locator" xlink:href="http://xbrl.iasb.org/int/fr/ifrs/gp/2006-08-15/ifrs-gp-2006-08-15.xsd#ifrs-gp_ImpairmentLossesGoodwill" xlink:label="ifrs-gp_ImpairmentLossesGoodwill" />
    <presentationArc xlink:type="arc" xlink:arcrole="http://www.xbrl.org/2003/arcrole/parent-child" xlink:from="p-FINREP_ImpairmentOnNonFinancialAssets" xlink:to="ifrs-gp_ImpairmentLossesGoodwill" order="3" use="optional" />
    <loc xlink:type="locator" xlink:href="http://xbrl.iasb.org/int/fr/ifrs/gp/2006-08-15/ifrs-gp-2006-08-15.xsd#ifrs-gp_ImpairmentLossesReversalsIdentifiableIntangibleAssetsNet" xlink:label="ifrs-gp_ImpairmentLossesReversalsIdentifiableIntangibleAssetsNet" />
    <presentationArc xlink:type="arc" xlink:arcrole="http://www.xbrl.org/2003/arcrole/parent-child" xlink:from="p-FINREP_ImpairmentOnNonFinancialAssets" xlink:to="ifrs-gp_ImpairmentLossesReversalsIdentifiableIntangibleAssetsNet" order="4" use="optional" />
    <loc xlink:type="locator" xlink:href="p-FINREP-2008-01-01.xsd#p-FINREP_ImpairmentOnInvestmentsInAssociatesAndJointVenturesAccountedForUsingEquityMethod" xlink:label="p-FINREP_ImpairmentOnInvestmentsInAssociatesAndJointVenturesAccountedForUsingEquityMethod" />
    <presentationArc xlink:type="arc" xlink:arcrole="http://www.xbrl.org/2003/arcrole/parent-child" xlink:from="p-FINREP_ImpairmentOnNonFinancialAssets" xlink:to="p-FINREP_ImpairmentOnInvestmentsInAssociatesAndJointVenturesAccountedForUsingEquityMethod" order="5" use="optional" />
    <loc xlink:type="locator" xlink:href="p-FINREP-2008-01-01.xsd#p-FINREP_ImpairmentOther" xlink:label="p-FINREP_ImpairmentOther" />
    <presentationArc xlink:type="arc" xlink:arcrole="http://www.xbrl.org/2003/arcrole/parent-child" xlink:from="p-FINREP_ImpairmentOnNonFinancialAssets" xlink:to="p-FINREP_ImpairmentOther" order="6" use="optional" />
    <loc xlink:type="locator" xlink:href="http://xbrl.iasb.org/int/fr/ifrs/gp/2006-08-15/ifrs-gp-2006-08-15.xsd#ifrs-gp_NegativeGoodwillImmediatelyRecognised" xlink:label="ifrs-gp_NegativeGoodwillImmediatelyRecognised" />
    <presentationArc xlink:type="arc" xlink:arcrole="http://www.xbrl.org/2003/arcrole/parent-child" xlink:from="p-FINREP_ConsolidatedProfitOrLossPresentation" xlink:to="ifrs-gp_NegativeGoodwillImmediatelyRecognised" order="6" use="optional" />
    <loc xlink:type="locator" xlink:href="http://xbrl.iasb.org/int/fr/ifrs/gp/2006-08-15/ifrs-gp-2006-08-15.xsd#ifrs-gp_ShareOfProfitLossFromEquityAccountedInvestments" xlink:label="ifrs-gp_ShareOfProfitLossFromEquityAccountedInvestments" />
    <presentationArc xlink:type="arc" xlink:arcrole="http://www.xbrl.org/2003/arcrole/parent-child" xlink:from="p-FINREP_ConsolidatedProfitOrLossPresentation" xlink:to="ifrs-gp_ShareOfProfitLossFromEquityAccountedInvestments" order="7" use="optional" />
    <loc xlink:type="locator" xlink:href="p-FINREP-2008-01-01.xsd#p-FINREP_TotalProfitLossFromNonCurrentAssetsAndDisposalGroupsClassifiedAsHeldForSaleNotQualifyingAsDiscontinuedOperations" xlink:label="p-FINREP_TotalProfitLossFromNonCurrentAssetsAndDisposalGroupsClassifiedAsHeldForSaleNotQualifyingAsDiscontinuedOperations" />
    <presentationArc xlink:type="arc" xlink:arcrole="http://www.xbrl.org/2003/arcrole/parent-child" xlink:from="p-FINREP_ConsolidatedProfitOrLossPresentation" xlink:to="p-FINREP_TotalProfitLossFromNonCurrentAssetsAndDisposalGroupsClassifiedAsHeldForSaleNotQualifyingAsDiscontinuedOperations" order="8" use="optional" />
    <loc xlink:type="locator" xlink:href="http://xbrl.iasb.org/int/fr/ifrs/gp/2006-08-15/ifrs-gp-2006-08-15.xsd#ifrs-gp_ProfitLossBeforeTax" xlink:label="ifrs-gp_ProfitLossBeforeTax" />
    <presentationArc xlink:type="arc" xlink:arcrole="http://www.xbrl.org/2003/arcrole/parent-child" xlink:from="p-FINREP_ConsolidatedProfitOrLossPresentation" xlink:to="ifrs-gp_ProfitLossBeforeTax" order="9" use="optional" />
    <loc xlink:type="locator" xlink:href="http://xbrl.iasb.org/int/fr/ifrs/gp/2006-08-15/ifrs-gp-2006-08-15.xsd#ifrs-gp_IncomeTaxExpenseIncome" xlink:label="ifrs-gp_IncomeTaxExpenseIncome" />
    <presentationArc xlink:type="arc" xlink:arcrole="http://www.xbrl.org/2003/arcrole/parent-child" xlink:from="p-FINREP_ConsolidatedProfitOrLossPresentation" xlink:to="ifrs-gp_IncomeTaxExpenseIncome" order="10" use="optional" />
    <loc xlink:type="locator" xlink:href="http://xbrl.iasb.org/int/fr/ifrs/gp/2006-08-15/ifrs-gp-2006-08-15.xsd#ifrs-gp_ProfitLossAfterTaxFromContinuingOperations" xlink:label="ifrs-gp_ProfitLossAfterTaxFromContinuingOperations" />
    <presentationArc xlink:type="arc" xlink:arcrole="http://www.xbrl.org/2003/arcrole/parent-child" xlink:from="p-FINREP_ConsolidatedProfitOrLossPresentation" xlink:to="ifrs-gp_ProfitLossAfterTaxFromContinuingOperations" order="11" use="optional" />
    <loc xlink:type="locator" xlink:href="http://xbrl.iasb.org/int/fr/ifrs/gp/2006-08-15/ifrs-gp-2006-08-15.xsd#ifrs-gp_ProfitLossFromDiscontinuedOperationsNetOfTax" xlink:label="ifrs-gp_ProfitLossFromDiscontinuedOperationsNetOfTax" />
    <presentationArc xlink:type="arc" xlink:arcrole="http://www.xbrl.org/2003/arcrole/parent-child" xlink:from="p-FINREP_ConsolidatedProfitOrLossPresentation" xlink:to="ifrs-gp_ProfitLossFromDiscontinuedOperationsNetOfTax" order="12" use="optional" />
    <loc xlink:type="locator" xlink:href="http://xbrl.iasb.org/int/fr/ifrs/gp/2006-08-15/ifrs-gp-2006-08-15.xsd#ifrs-gp_ProfitLoss" xlink:label="ifrs-gp_ProfitLoss" />
    <presentationArc xlink:type="arc" xlink:arcrole="http://www.xbrl.org/2003/arcrole/parent-child" xlink:from="p-FINREP_ConsolidatedProfitOrLossPresentation" xlink:to="ifrs-gp_ProfitLoss" order="13" use="optional" />
    <loc xlink:type="locator" xlink:href="http://xbrl.iasb.org/int/fr/ifrs/gp/2006-08-15/ifrs-gp-2006-08-15.xsd#ifrs-gp_ProfitLossAttributableToMinorityInterest" xlink:label="ifrs-gp_ProfitLossAttributableToMinorityInterest" />
    <presentationArc xlink:type="arc" xlink:arcrole="http://www.xbrl.org/2003/arcrole/parent-child" xlink:from="p-FINREP_ConsolidatedProfitOrLossPresentation" xlink:to="ifrs-gp_ProfitLossAttributableToMinorityInterest" order="14" use="optional" />
    <loc xlink:type="locator" xlink:href="http://xbrl.iasb.org/int/fr/ifrs/gp/2006-08-15/ifrs-gp-2006-08-15.xsd#ifrs-gp_ProfitLossAttributableToEquityHoldersOfParent" xlink:label="ifrs-gp_ProfitLossAttributableToEquityHoldersOfParent" />
    <presentationArc xlink:type="arc" xlink:arcrole="http://www.xbrl.org/2003/arcrole/parent-child" xlink:from="p-FINREP_ConsolidatedProfitOrLossPresentation" xlink:to="ifrs-gp_ProfitLossAttributableToEquityHoldersOfParent" order="15" use="optional" />
  </presentationLink>
</linkbase>