<?xml version="1.0" encoding="utf-8"?>
<?taxonomy-version 1.3.2?>
<!--Copyright (C) 2011 EBA - European Banking Authority, Tower 42, 25 Old Broad Street, London, EC2N 1HQ, United Kingdom.-->   <!-- Copyright (C) 2009 CEBS Secretariat Ltd., Tower 42, 25 Old Broad Street, London, EC2N 1HQ, United Kingdom. -->
<linkbase
	xmlns="http://www.xbrl.org/2003/linkbase"
	xmlns:xsi="http://www.w3.org/2001/XMLSchema-instance"
	xmlns:xlink="http://www.w3.org/1999/xlink"
	xsi:schemaLocation=" http://www.xbrl.org/2003/linkbase http://www.xbrl.org/2003/xbrl-linkbase-2003-12-31.xsd">
  <roleRef xlink:type="simple" xlink:href="p-FINREP-2008-01-01-T07-InformationOnImpairmentAndPDAssets.xsd#InformationOnImpairmentAndPDAssets" roleURI="http://www.c-ebs.org/eu/fr/esrs/finrep/2008-01-01/role/InformationOnImpairmentAndPDAssets" />
  <arcroleRef arcroleURI="http://xbrl.org/int/dim/arcrole/domain-member" xlink:type="simple" xlink:href="http://www.xbrl.org/2005/xbrldt-2005.xsd#domain-member"/>
  <definitionLink xlink:type="extended" xlink:role="http://www.c-ebs.org/eu/fr/esrs/finrep/2008-01-01/role/InformationOnImpairmentAndPDAssets">
    <loc xlink:type="locator" xlink:href="p-FINREP-2008-01-01.xsd#p-FINREP_InformationOnImpairmentAndPastDueAssetsPresentation" xlink:label="p-FINREP_InformationOnImpairmentAndPastDueAssetsPresentation" />
    <loc xlink:type="locator" xlink:href="p-FINREP-2008-01-01.xsd#p-FINREP_ImpairedAndPastDueFinancialAssetsEquityInstrumentsPresentation" xlink:label="p-FINREP_ImpairedAndPastDueFinancialAssetsEquityInstrumentsPresentation" />
    <definitionArc xlink:type="arc" xlink:arcrole="http://xbrl.org/int/dim/arcrole/domain-member" xlink:from="p-FINREP_InformationOnImpairmentAndPastDueAssetsPresentation" xlink:to="p-FINREP_ImpairedAndPastDueFinancialAssetsEquityInstrumentsPresentation" order="1" use="optional" />
    <loc xlink:type="locator" xlink:href="p-FINREP-2008-01-01.xsd#p-FINREP_FinancialAssetsEquityInstrumentsCarryingAmountOfTheImpairedAsset" xlink:label="p-FINREP_FinancialAssetsEquityInstrumentsCarryingAmountOfTheImpairedAsset" />
    <definitionArc xlink:type="arc" xlink:arcrole="http://xbrl.org/int/dim/arcrole/domain-member" xlink:from="p-FINREP_ImpairedAndPastDueFinancialAssetsEquityInstrumentsPresentation" xlink:to="p-FINREP_FinancialAssetsEquityInstrumentsCarryingAmountOfTheImpairedAsset" order="1" use="optional" />
    <loc xlink:type="locator" xlink:href="p-FINREP-2008-01-01.xsd#p-FINREP_FinancialAssetsEquityInstrumentsSpecificAllowancesForIndividuallyAssessedFinancialAssets" xlink:label="p-FINREP_FinancialAssetsEquityInstrumentsSpecificAllowancesForIndividuallyAssessedFinancialAssets" />
    <definitionArc xlink:type="arc" xlink:arcrole="http://xbrl.org/int/dim/arcrole/domain-member" xlink:from="p-FINREP_ImpairedAndPastDueFinancialAssetsEquityInstrumentsPresentation" xlink:to="p-FINREP_FinancialAssetsEquityInstrumentsSpecificAllowancesForIndividuallyAssessedFinancialAssets" order="2" use="optional" />
    <loc xlink:type="locator" xlink:href="p-FINREP-2008-01-01.xsd#p-FINREP_FinancialAssetsEquityInstrumentsSpecificAllowancesForCollectivelyAssessedFinancialAssets" xlink:label="p-FINREP_FinancialAssetsEquityInstrumentsSpecificAllowancesForCollectivelyAssessedFinancialAssets" />
    <definitionArc xlink:type="arc" xlink:arcrole="http://xbrl.org/int/dim/arcrole/domain-member" xlink:from="p-FINREP_ImpairedAndPastDueFinancialAssetsEquityInstrumentsPresentation" xlink:to="p-FINREP_FinancialAssetsEquityInstrumentsSpecificAllowancesForCollectivelyAssessedFinancialAssets" order="3" use="optional" />
    <loc xlink:type="locator" xlink:href="p-FINREP-2008-01-01.xsd#p-FINREP_FinancialAssetsEquityInstrumentsCollateralAndOtherCreditEnhancementsReceivedAsSecurityForTheRelatedImpairedAndPastDueAssets" xlink:label="p-FINREP_FinancialAssetsEquityInstrumentsCollateralAndOtherCreditEnhancementsReceivedAsSecurityForTheRelatedImpairedAndPastDueAssets" />
    <definitionArc xlink:type="arc" xlink:arcrole="http://xbrl.org/int/dim/arcrole/domain-member" xlink:from="p-FINREP_ImpairedAndPastDueFinancialAssetsEquityInstrumentsPresentation" xlink:to="p-FINREP_FinancialAssetsEquityInstrumentsCollateralAndOtherCreditEnhancementsReceivedAsSecurityForTheRelatedImpairedAndPastDueAssets" order="4" use="optional" />
    <loc xlink:type="locator" xlink:href="p-FINREP-2008-01-01.xsd#p-FINREP_ImpairedAndPastDueFinancialAssetsDebtInstrumentsPresentation" xlink:label="p-FINREP_ImpairedAndPastDueFinancialAssetsDebtInstrumentsPresentation" />
    <definitionArc xlink:type="arc" xlink:arcrole="http://xbrl.org/int/dim/arcrole/domain-member" xlink:from="p-FINREP_InformationOnImpairmentAndPastDueAssetsPresentation" xlink:to="p-FINREP_ImpairedAndPastDueFinancialAssetsDebtInstrumentsPresentation" order="2" use="optional" />
    <loc xlink:type="locator" xlink:href="p-FINREP-2008-01-01.xsd#p-FINREP_FinancialAssetsDebtInstruments" xlink:label="p-FINREP_FinancialAssetsDebtInstruments" />
    <definitionArc xlink:type="arc" xlink:arcrole="http://xbrl.org/int/dim/arcrole/domain-member" xlink:from="p-FINREP_ImpairedAndPastDueFinancialAssetsDebtInstrumentsPresentation" xlink:to="p-FINREP_FinancialAssetsDebtInstruments" order="1" use="optional" />
    <loc xlink:type="locator" xlink:href="p-FINREP-2008-01-01.xsd#p-FINREP_FinancialAssetsDebtInstrumentsCarryingAmountOfImpairedAsset" xlink:label="p-FINREP_FinancialAssetsDebtInstrumentsCarryingAmountOfImpairedAsset" />
    <definitionArc xlink:type="arc" xlink:arcrole="http://xbrl.org/int/dim/arcrole/domain-member" xlink:from="p-FINREP_ImpairedAndPastDueFinancialAssetsDebtInstrumentsPresentation" xlink:to="p-FINREP_FinancialAssetsDebtInstrumentsCarryingAmountOfImpairedAsset" order="2" use="optional" />
    <loc xlink:type="locator" xlink:href="p-FINREP-2008-01-01.xsd#p-FINREP_FinancialAssetsDebtInstrumentsSpecificAllowancesForIndividuallyAssessedFinancialAssets" xlink:label="p-FINREP_FinancialAssetsDebtInstrumentsSpecificAllowancesForIndividuallyAssessedFinancialAssets" />
    <definitionArc xlink:type="arc" xlink:arcrole="http://xbrl.org/int/dim/arcrole/domain-member" xlink:from="p-FINREP_ImpairedAndPastDueFinancialAssetsDebtInstrumentsPresentation" xlink:to="p-FINREP_FinancialAssetsDebtInstrumentsSpecificAllowancesForIndividuallyAssessedFinancialAssets" order="3" use="optional" />
    <loc xlink:type="locator" xlink:href="p-FINREP-2008-01-01.xsd#p-FINREP_FinancialAssetsDebtInstrumentsSpecificAllowancesForCollectivelyAssessedFinancialAssets" xlink:label="p-FINREP_FinancialAssetsDebtInstrumentsSpecificAllowancesForCollectivelyAssessedFinancialAssets" />
    <definitionArc xlink:type="arc" xlink:arcrole="http://xbrl.org/int/dim/arcrole/domain-member" xlink:from="p-FINREP_ImpairedAndPastDueFinancialAssetsDebtInstrumentsPresentation" xlink:to="p-FINREP_FinancialAssetsDebtInstrumentsSpecificAllowancesForCollectivelyAssessedFinancialAssets" order="4" use="optional" />
    <loc xlink:type="locator" xlink:href="p-FINREP-2008-01-01.xsd#p-FINREP_FinancialAssetsDebtInstrumentsCollateralAndOtherCreditEnhancementsReceivedAsSecurityForRelatedImpairedAndPastDueAssets" xlink:label="p-FINREP_FinancialAssetsDebtInstrumentsCollateralAndOtherCreditEnhancementsReceivedAsSecurityForRelatedImpairedAndPastDueAssets" />
    <definitionArc xlink:type="arc" xlink:arcrole="http://xbrl.org/int/dim/arcrole/domain-member" xlink:from="p-FINREP_ImpairedAndPastDueFinancialAssetsDebtInstrumentsPresentation" xlink:to="p-FINREP_FinancialAssetsDebtInstrumentsCollateralAndOtherCreditEnhancementsReceivedAsSecurityForRelatedImpairedAndPastDueAssets" order="5" use="optional" />
    <loc xlink:type="locator" xlink:href="p-FINREP-2008-01-01.xsd#p-FINREP_ImpairedAndPastDueFinancialAssetsLoansAndAdvancesPresentation" xlink:label="p-FINREP_ImpairedAndPastDueFinancialAssetsLoansAndAdvancesPresentation" />
    <definitionArc xlink:type="arc" xlink:arcrole="http://xbrl.org/int/dim/arcrole/domain-member" xlink:from="p-FINREP_InformationOnImpairmentAndPastDueAssetsPresentation" xlink:to="p-FINREP_ImpairedAndPastDueFinancialAssetsLoansAndAdvancesPresentation" order="3" use="optional" />
    <loc xlink:type="locator" xlink:href="p-FINREP-2008-01-01.xsd#p-FINREP_FinancialAssetsLoansAndAdvances" xlink:label="p-FINREP_FinancialAssetsLoansAndAdvances" />
    <definitionArc xlink:type="arc" xlink:arcrole="http://xbrl.org/int/dim/arcrole/domain-member" xlink:from="p-FINREP_ImpairedAndPastDueFinancialAssetsLoansAndAdvancesPresentation" xlink:to="p-FINREP_FinancialAssetsLoansAndAdvances" order="1" use="optional" />
    <loc xlink:type="locator" xlink:href="p-FINREP-2008-01-01.xsd#p-FINREP_FinancialAssetsLoansAndAdvancesCarryingAmountOfTheImpairedAsset" xlink:label="p-FINREP_FinancialAssetsLoansAndAdvancesCarryingAmountOfTheImpairedAsset" />
    <definitionArc xlink:type="arc" xlink:arcrole="http://xbrl.org/int/dim/arcrole/domain-member" xlink:from="p-FINREP_ImpairedAndPastDueFinancialAssetsLoansAndAdvancesPresentation" xlink:to="p-FINREP_FinancialAssetsLoansAndAdvancesCarryingAmountOfTheImpairedAsset" order="2" use="optional" />
    <loc xlink:type="locator" xlink:href="p-FINREP-2008-01-01.xsd#p-FINREP_FinancialAssetsLoansAndAdvancesSpecificAllowancesForIndividuallyAssessedFinancialAssets" xlink:label="p-FINREP_FinancialAssetsLoansAndAdvancesSpecificAllowancesForIndividuallyAssessedFinancialAssets" />
    <definitionArc xlink:type="arc" xlink:arcrole="http://xbrl.org/int/dim/arcrole/domain-member" xlink:from="p-FINREP_ImpairedAndPastDueFinancialAssetsLoansAndAdvancesPresentation" xlink:to="p-FINREP_FinancialAssetsLoansAndAdvancesSpecificAllowancesForIndividuallyAssessedFinancialAssets" order="3" use="optional" />
    <loc xlink:type="locator" xlink:href="p-FINREP-2008-01-01.xsd#p-FINREP_FinancialAssetsLoansAndAdvancesSpecificAllowancesForCollectivelyAssessedFinancialAssets" xlink:label="p-FINREP_FinancialAssetsLoansAndAdvancesSpecificAllowancesForCollectivelyAssessedFinancialAssets" />
    <definitionArc xlink:type="arc" xlink:arcrole="http://xbrl.org/int/dim/arcrole/domain-member" xlink:from="p-FINREP_ImpairedAndPastDueFinancialAssetsLoansAndAdvancesPresentation" xlink:to="p-FINREP_FinancialAssetsLoansAndAdvancesSpecificAllowancesForCollectivelyAssessedFinancialAssets" order="4" use="optional" />
    <loc xlink:type="locator" xlink:href="p-FINREP-2008-01-01.xsd#p-FINREP_FinancialAssetsLoansAndAdvancesCollateralAndOtherCreditEnhancementsReceivedAsSecurityForTheRelatedImpairedAndPastDueAssets" xlink:label="p-FINREP_FinancialAssetsLoansAndAdvancesCollateralAndOtherCreditEnhancementsReceivedAsSecurityForTheRelatedImpairedAndPastDueAssets" />
    <definitionArc xlink:type="arc" xlink:arcrole="http://xbrl.org/int/dim/arcrole/domain-member" xlink:from="p-FINREP_ImpairedAndPastDueFinancialAssetsLoansAndAdvancesPresentation" xlink:to="p-FINREP_FinancialAssetsLoansAndAdvancesCollateralAndOtherCreditEnhancementsReceivedAsSecurityForTheRelatedImpairedAndPastDueAssets" order="5" use="optional" />
    <loc xlink:type="locator" xlink:href="p-FINREP-2008-01-01.xsd#p-FINREP_ImpairedAndPastDueFinancialAssetsOtherFinancialAssetsPresentation" xlink:label="p-FINREP_ImpairedAndPastDueFinancialAssetsOtherFinancialAssetsPresentation" />
    <definitionArc xlink:type="arc" xlink:arcrole="http://xbrl.org/int/dim/arcrole/domain-member" xlink:from="p-FINREP_InformationOnImpairmentAndPastDueAssetsPresentation" xlink:to="p-FINREP_ImpairedAndPastDueFinancialAssetsOtherFinancialAssetsPresentation" order="4" use="optional" />
    <loc xlink:type="locator" xlink:href="p-FINREP-2008-01-01.xsd#p-FINREP_FinancialAssetsOther" xlink:label="p-FINREP_FinancialAssetsOther" />
    <definitionArc xlink:type="arc" xlink:arcrole="http://xbrl.org/int/dim/arcrole/domain-member" xlink:from="p-FINREP_ImpairedAndPastDueFinancialAssetsOtherFinancialAssetsPresentation" xlink:to="p-FINREP_FinancialAssetsOther" order="1" use="optional" />
    <loc xlink:type="locator" xlink:href="p-FINREP-2008-01-01.xsd#p-FINREP_FinancialAssetsOtherCarryingAmountOfTheImpairedAsset" xlink:label="p-FINREP_FinancialAssetsOtherCarryingAmountOfTheImpairedAsset" />
    <definitionArc xlink:type="arc" xlink:arcrole="http://xbrl.org/int/dim/arcrole/domain-member" xlink:from="p-FINREP_ImpairedAndPastDueFinancialAssetsOtherFinancialAssetsPresentation" xlink:to="p-FINREP_FinancialAssetsOtherCarryingAmountOfTheImpairedAsset" order="2" use="optional" />
    <loc xlink:type="locator" xlink:href="p-FINREP-2008-01-01.xsd#p-FINREP_FinancialAssetsOtherSpecificAllowancesForIndividuallyAssessedFinancialAssets" xlink:label="p-FINREP_FinancialAssetsOtherSpecificAllowancesForIndividuallyAssessedFinancialAssets" />
    <definitionArc xlink:type="arc" xlink:arcrole="http://xbrl.org/int/dim/arcrole/domain-member" xlink:from="p-FINREP_ImpairedAndPastDueFinancialAssetsOtherFinancialAssetsPresentation" xlink:to="p-FINREP_FinancialAssetsOtherSpecificAllowancesForIndividuallyAssessedFinancialAssets" order="3" use="optional" />
    <loc xlink:type="locator" xlink:href="p-FINREP-2008-01-01.xsd#p-FINREP_FinancialAssetsOtherSpecificAllowancesForCollectivelyAssessedFinancialAssets" xlink:label="p-FINREP_FinancialAssetsOtherSpecificAllowancesForCollectivelyAssessedFinancialAssets" />
    <definitionArc xlink:type="arc" xlink:arcrole="http://xbrl.org/int/dim/arcrole/domain-member" xlink:from="p-FINREP_ImpairedAndPastDueFinancialAssetsOtherFinancialAssetsPresentation" xlink:to="p-FINREP_FinancialAssetsOtherSpecificAllowancesForCollectivelyAssessedFinancialAssets" order="4" use="optional" />
    <loc xlink:type="locator" xlink:href="p-FINREP-2008-01-01.xsd#p-FINREP_FinancialAssetsOtherCollateralAndOtherCreditEnhancementsReceivedAsSecurityForTheRelatedImpairedAndPastDueAssets" xlink:label="p-FINREP_FinancialAssetsOtherCollateralAndOtherCreditEnhancementsReceivedAsSecurityForTheRelatedImpairedAndPastDueAssets" />
    <definitionArc xlink:type="arc" xlink:arcrole="http://xbrl.org/int/dim/arcrole/domain-member" xlink:from="p-FINREP_ImpairedAndPastDueFinancialAssetsOtherFinancialAssetsPresentation" xlink:to="p-FINREP_FinancialAssetsOtherCollateralAndOtherCreditEnhancementsReceivedAsSecurityForTheRelatedImpairedAndPastDueAssets" order="5" use="optional" />
    <loc xlink:type="locator" xlink:href="p-FINREP-2008-01-01.xsd#p-FINREP_ImpairedAndPastDueFinancialAssetsTotalPresentation" xlink:label="p-FINREP_ImpairedAndPastDueFinancialAssetsTotalPresentation" />
    <definitionArc xlink:type="arc" xlink:arcrole="http://xbrl.org/int/dim/arcrole/domain-member" xlink:from="p-FINREP_InformationOnImpairmentAndPastDueAssetsPresentation" xlink:to="p-FINREP_ImpairedAndPastDueFinancialAssetsTotalPresentation" order="5" use="optional" />
    <loc xlink:type="locator" xlink:href="p-FINREP-2008-01-01.xsd#p-FINREP_FinancialAssetsTotal" xlink:label="p-FINREP_FinancialAssetsTotal" />
    <definitionArc xlink:type="arc" xlink:arcrole="http://xbrl.org/int/dim/arcrole/domain-member" xlink:from="p-FINREP_ImpairedAndPastDueFinancialAssetsTotalPresentation" xlink:to="p-FINREP_FinancialAssetsTotal" order="1" use="optional" />
    <loc xlink:type="locator" xlink:href="p-FINREP-2008-01-01.xsd#p-FINREP_FinancialAssetsTotalCarryingAmountOfTheImpairedAsset" xlink:label="p-FINREP_FinancialAssetsTotalCarryingAmountOfTheImpairedAsset" />
    <definitionArc xlink:type="arc" xlink:arcrole="http://xbrl.org/int/dim/arcrole/domain-member" xlink:from="p-FINREP_ImpairedAndPastDueFinancialAssetsTotalPresentation" xlink:to="p-FINREP_FinancialAssetsTotalCarryingAmountOfTheImpairedAsset" order="2" use="optional" />
    <loc xlink:type="locator" xlink:href="p-FINREP-2008-01-01.xsd#p-FINREP_FinancialAssetsTotalSpecificAllowancesForIndividuallyAssessedFinancialAssets" xlink:label="p-FINREP_FinancialAssetsTotalSpecificAllowancesForIndividuallyAssessedFinancialAssets" />
    <definitionArc xlink:type="arc" xlink:arcrole="http://xbrl.org/int/dim/arcrole/domain-member" xlink:from="p-FINREP_ImpairedAndPastDueFinancialAssetsTotalPresentation" xlink:to="p-FINREP_FinancialAssetsTotalSpecificAllowancesForIndividuallyAssessedFinancialAssets" order="3" use="optional" />
    <loc xlink:type="locator" xlink:href="p-FINREP-2008-01-01.xsd#p-FINREP_FinancialAssetsTotalSpecificAllowancesForCollectivelyAssessedFinancialAssets" xlink:label="p-FINREP_FinancialAssetsTotalSpecificAllowancesForCollectivelyAssessedFinancialAssets" />
    <definitionArc xlink:type="arc" xlink:arcrole="http://xbrl.org/int/dim/arcrole/domain-member" xlink:from="p-FINREP_ImpairedAndPastDueFinancialAssetsTotalPresentation" xlink:to="p-FINREP_FinancialAssetsTotalSpecificAllowancesForCollectivelyAssessedFinancialAssets" order="4" use="optional" />
    <loc xlink:type="locator" xlink:href="p-FINREP-2008-01-01.xsd#p-FINREP_FinancialAssetsTotalCollateralAndOtherCreditEnhancementsReceivedAsSecurityForTheRelatedImpairedAndPastDueAssets" xlink:label="p-FINREP_FinancialAssetsTotalCollateralAndOtherCreditEnhancementsReceivedAsSecurityForTheRelatedImpairedAndPastDueAssets" />
    <definitionArc xlink:type="arc" xlink:arcrole="http://xbrl.org/int/dim/arcrole/domain-member" xlink:from="p-FINREP_ImpairedAndPastDueFinancialAssetsTotalPresentation" xlink:to="p-FINREP_FinancialAssetsTotalCollateralAndOtherCreditEnhancementsReceivedAsSecurityForTheRelatedImpairedAndPastDueAssets" order="5" use="optional" />
    <loc xlink:type="locator" xlink:href="p-FINREP-2008-01-01.xsd#p-FINREP_AllowancesForIncurredButNotReportedLossesOnFinancialAssetsCarryingAmountOfTheImpairedAsset" xlink:label="p-FINREP_AllowancesForIncurredButNotReportedLossesOnFinancialAssetsCarryingAmountOfTheImpairedAsset" />
    <definitionArc xlink:type="arc" xlink:arcrole="http://xbrl.org/int/dim/arcrole/domain-member" xlink:from="p-FINREP_InformationOnImpairmentAndPastDueAssetsPresentation" xlink:to="p-FINREP_AllowancesForIncurredButNotReportedLossesOnFinancialAssetsCarryingAmountOfTheImpairedAsset" order="6" use="optional" />
    <loc xlink:type="locator" xlink:href="p-FINREP-2008-01-01.xsd#p-FINREP_NonSpecificallyAttributableCollateralsCarryingAmountOfTheImpairedAsset" xlink:label="p-FINREP_NonSpecificallyAttributableCollateralsCarryingAmountOfTheImpairedAsset" />
    <definitionArc xlink:type="arc" xlink:arcrole="http://xbrl.org/int/dim/arcrole/domain-member" xlink:from="p-FINREP_InformationOnImpairmentAndPastDueAssetsPresentation" xlink:to="p-FINREP_NonSpecificallyAttributableCollateralsCarryingAmountOfTheImpairedAsset" order="7" use="optional" />
</definitionLink>
</linkbase>