<?xml version="1.0" encoding="UTF-8"?>
<?taxonomy-version 1.3.2?>
<!--Copyright (C) 2011 EBA - European Banking Authority, Tower 42, 25 Old Broad Street, London, EC2N 1HQ, United Kingdom.-->   
<linkbase xmlns:t-KRI-FR-ImprPDA="http://www.c-ebs.org/eu/fr/esrs/finrep/t-KRI-FINREP/InformationOnImpairmentAndPDAssets/2008-01-01" xmlns="http://www.xbrl.org/2003/linkbase" xmlns:xbrldt="http://xbrl.org/2005/xbrldt" xmlns:xlink="http://www.w3.org/1999/xlink">
  <roleRef roleURI="http://www.c-ebs.org/eu/fr/esrs/finrep/2008-01-01/role/ProhibitedItems" xlink:type="simple" xlink:href="d-hh-2008-01-01.xsd#ProhibitedItems"/>
  <roleRef roleURI="http://www.c-ebs.org/eu/fr/esrs/finrep/2008-01-01/role/HcPastDueHypercube" xlink:type="simple" xlink:href="d-PastDue-2008-01-01.xsd#HcPastDueHypercube"/>
  <roleRef roleURI="http://www.c-ebs.org/eu/fr/esrs/finrep/2008-01-01/role/InformationOnImpairmentAndPDAssets" xlink:type="simple" xlink:href="p-FINREP-2008-01-01-T07-InformationOnImpairmentAndPDAssets.xsd#InformationOnImpairmentAndPDAssets"/>
  <roleRef roleURI="http://www.c-ebs.org/eu/fr/esrs/finrep/2008-01-01/role/HcPastDueCRDConsolidationScopeHypercube" xlink:type="simple" xlink:href="t-KRI-FINREP-2010-12-31-T07-InformationOnImpairmentAndPDAssets.xsd#HcPastDueCRDConsolidationScopeHypercube"/>
  <roleRef roleURI="http://www.c-ebs.org/eu/fr/esrs/finrep/2008-01-01/role/HcCRDConsolidationScope" xlink:type="simple" xlink:href="t-KRI-FINREP-2010-12-31-T07-InformationOnImpairmentAndPDAssets.xsd#CRDConsolidationScope"/>
  <roleRef roleURI="http://www.c-ebs.org/eu/fr/esrs/finrep/2008-01-01/role/PastDueCRDConsolidationScope" xlink:type="simple" xlink:href="t-KRI-FINREP-2010-12-31-T07-InformationOnImpairmentAndPDAssets.xsd#PastDueCRDConsolidationScope"/>
  <roleRef roleURI="http://www.c-ebs.org/eu/fr/esrs/finrep/2008-01-01/role/HcCRDConsolidationScopeHypercube" xlink:type="simple" xlink:href="d-ConsScope-2008-01-01.xsd#CRDConsolidationScopeHypercube"/>
  <arcroleRef arcroleURI="http://xbrl.org/int/dim/arcrole/all" xlink:type="simple" xlink:href="http://www.xbrl.org/2005/xbrldt-2005.xsd#all"/>
  <arcroleRef arcroleURI="http://xbrl.org/int/dim/arcrole/notAll" xlink:type="simple" xlink:href="http://www.xbrl.org/2005/xbrldt-2005.xsd#notAll"/>
  <arcroleRef arcroleURI="http://xbrl.org/int/dim/arcrole/domain-member" xlink:type="simple" xlink:href="http://www.xbrl.org/2005/xbrldt-2005.xsd#domain-member"/>
  <arcroleRef arcroleURI="http://xbrl.org/int/dim/arcrole/hypercube-dimension" xlink:type="simple" xlink:href="http://www.xbrl.org/2005/xbrldt-2005.xsd#hypercube-dimension"/>
  <arcroleRef arcroleURI="http://xbrl.org/int/dim/arcrole/dimension-domain" xlink:type="simple" xlink:href="http://www.xbrl.org/2005/xbrldt-2005.xsd#dimension-domain"/>
  <arcroleRef arcroleURI="http://xbrl.org/int/dim/arcrole/dimension-default" xlink:type="simple" xlink:href="http://www.xbrl.org/2005/xbrldt-2005.xsd#dimension-default"/>
  <definitionLink xlink:type="extended" xlink:role="http://www.c-ebs.org/eu/fr/esrs/finrep/2008-01-01/role/PastDueCRDConsolidationScope">
    <loc xlink:type="locator" xlink:href="p-FINREP-2008-01-01.xsd#p-FINREP_FinancialAssetsDebtInstruments" xlink:label="p-FINREP_FinancialAssetsDebtInstruments"/>
    <loc xlink:type="locator" xlink:href="t-KRI-FINREP-2010-12-31-T07-InformationOnImpairmentAndPDAssets.xsd#t-KRI-FR-HcPastDue_CRDConsolidationScopeHypercube" xlink:label="HcPastDueCRDConsolidationScopeHypercube"/>
    <definitionArc xlink:type="arc" xlink:arcrole="http://xbrl.org/int/dim/arcrole/all" xlink:from="p-FINREP_FinancialAssetsDebtInstruments" xlink:to="HcPastDueCRDConsolidationScopeHypercube" xlink:title="definition: FinancialAssetsDebtInstruments to HcPastDueCRDConsolidationScopeHypercube" order="2.0" xbrldt:targetRole="http://www.c-ebs.org/eu/fr/esrs/finrep/2008-01-01/role/HcPastDueCRDConsolidationScopeHypercube" xbrldt:contextElement="scenario" xbrldt:closed="true"/>
    <loc xlink:type="locator" xlink:href="p-FINREP-2008-01-01.xsd#p-FINREP_FinancialAssetsLoansAndAdvances" xlink:label="FinancialAssetsLoansAndAdvances" xlink:title="FinancialAssetsLoansAndAdvances"/>
    <definitionArc xlink:type="arc" xlink:arcrole="http://xbrl.org/int/dim/arcrole/all" xlink:from="FinancialAssetsLoansAndAdvances" xlink:to="HcPastDueCRDConsolidationScopeHypercube" xlink:title="definition: FinancialAssetsLoansAndAdvances to HcPastDueCRDConsolidationScopeHypercube" order="1.0" xbrldt:targetRole="http://www.c-ebs.org/eu/fr/esrs/finrep/2008-01-01/role/HcPastDueCRDConsolidationScopeHypercube" xbrldt:contextElement="scenario" xbrldt:closed="true"/>
    <loc xlink:type="locator" xlink:href="p-FINREP-2008-01-01.xsd#p-FINREP_FinancialAssetsTotal" xlink:label="p-FINREP_FinancialAssetsTotal"/>
    <definitionArc xlink:type="arc" xlink:arcrole="http://xbrl.org/int/dim/arcrole/all" xlink:from="p-FINREP_FinancialAssetsTotal" xlink:to="HcPastDueCRDConsolidationScopeHypercube" use="optional" order="1.0" xbrldt:targetRole="http://www.c-ebs.org/eu/fr/esrs/finrep/2008-01-01/role/HcPastDueCRDConsolidationScopeHypercube" xbrldt:contextElement="scenario" xbrldt:closed="true"/>
  </definitionLink>
  <definitionLink xlink:type="extended" xlink:role="http://www.c-ebs.org/eu/fr/esrs/finrep/2008-01-01/role/HcCRDConsolidationScope">
    <loc xlink:type="locator" xlink:href="p-FINREP-2008-01-01.xsd#p-FINREP_InformationOnImpairmentAndPastDueAssetsPresentation" xlink:label="InformationOnImpairmentAndPastDueAssetsPresentation" xlink:title="InformationOnImpairmentAndPastDueAssetsPresentation"/>
    <loc xlink:type="locator" xlink:href="p-FINREP-2008-01-01.xsd#p-FINREP_FinancialAssetsDebtInstrumentsCarryingAmountOfImpairedAsset" xlink:label="FinancialAssetsDebtInstrumentsCarryingAmountOfImpairedAsset"/>
    <definitionArc xlink:type="arc" xlink:arcrole="http://xbrl.org/int/dim/arcrole/domain-member" xlink:from="InformationOnImpairmentAndPastDueAssetsPresentation" xlink:to="FinancialAssetsDebtInstrumentsCarryingAmountOfImpairedAsset" xlink:title="definition: InformationOnImpairmentAndPastDueAssetsPresentation to FinancialAssetsDebtInstrumentsCarryingAmountOfImpairedAsset" use="optional" order="2.0"/>
    <loc xlink:type="locator" xlink:href="p-FINREP-2008-01-01.xsd#p-FINREP_FinancialAssetsLoansAndAdvancesCarryingAmountOfTheImpairedAsset" xlink:label="FinancialAssetsLoansAndAdvancesCarryingAmountOfTheImpairedAsset"/>
    <definitionArc xlink:type="arc" xlink:arcrole="http://xbrl.org/int/dim/arcrole/domain-member" xlink:from="InformationOnImpairmentAndPastDueAssetsPresentation" xlink:to="FinancialAssetsLoansAndAdvancesCarryingAmountOfTheImpairedAsset" xlink:title="definition: InformationOnImpairmentAndPastDueAssetsPresentation to FinancialAssetsLoansAndAdvancesCarryingAmountOfTheImpairedAsset" use="optional" order="3.0"/>
    <loc xlink:type="locator" xlink:href="p-FINREP-2008-01-01.xsd#p-FINREP_FinancialAssetsOtherCarryingAmountOfTheImpairedAsset" xlink:label="FinancialAssetsOtherCarryingAmountOfTheImpairedAsset"/>
    <definitionArc xlink:type="arc" xlink:arcrole="http://xbrl.org/int/dim/arcrole/domain-member" xlink:from="InformationOnImpairmentAndPastDueAssetsPresentation" xlink:to="FinancialAssetsOtherCarryingAmountOfTheImpairedAsset" xlink:title="definition: InformationOnImpairmentAndPastDueAssetsPresentation to FinancialAssetsOtherCarryingAmountOfTheImpairedAsset" use="optional" order="4.0"/>
    <loc xlink:type="locator" xlink:href="p-FINREP-2008-01-01.xsd#p-FINREP_FinancialAssetsTotalCarryingAmountOfTheImpairedAsset" xlink:label="FinancialAssetsTotalCarryingAmountOfTheImpairedAsset"/>
    <definitionArc xlink:type="arc" xlink:arcrole="http://xbrl.org/int/dim/arcrole/domain-member" xlink:from="InformationOnImpairmentAndPastDueAssetsPresentation" xlink:to="FinancialAssetsTotalCarryingAmountOfTheImpairedAsset" xlink:title="definition: InformationOnImpairmentAndPastDueAssetsPresentation to FinancialAssetsTotalCarryingAmountOfTheImpairedAsset" use="optional" order="5.0"/>
    <loc xlink:type="locator" xlink:href="p-FINREP-2008-01-01.xsd#p-FINREP_FinancialAssetsEquityInstrumentsCarryingAmountOfTheImpairedAsset" xlink:label="FinancialAssetsEquityInstrumentsCarryingAmountOfTheImpairedAsset"/>
    <definitionArc xlink:type="arc" xlink:arcrole="http://xbrl.org/int/dim/arcrole/domain-member" xlink:from="InformationOnImpairmentAndPastDueAssetsPresentation" xlink:to="FinancialAssetsEquityInstrumentsCarryingAmountOfTheImpairedAsset" xlink:title="definition: InformationOnImpairmentAndPastDueAssetsPresentation to FinancialAssetsEquityInstrumentsCarryingAmountOfTheImpairedAsset" use="optional" order="1.0"/>
    <loc xlink:type="locator" xlink:href="d-ConsScope-2008-01-01.xsd#d-ConsScope_CRDConsolidationScopeHypercube" xlink:label="CRDConsolidationScopeHypercube_2" xlink:title="CRDConsolidationScopeHypercube"/>
    <definitionArc xlink:type="arc" xlink:arcrole="http://xbrl.org/int/dim/arcrole/all" xlink:from="InformationOnImpairmentAndPastDueAssetsPresentation" xlink:to="CRDConsolidationScopeHypercube_2" xlink:title="definition: InformationOnImpairmentAndPastDueAssetsPresentation to CRDConsolidationScopeHypercube" order="0.0" xbrldt:targetRole="http://www.c-ebs.org/eu/fr/esrs/finrep/2008-01-01/role/HcCRDConsolidationScopeHypercube" xbrldt:contextElement="scenario" xbrldt:closed="true"/>
  </definitionLink>
  <definitionLink xlink:type="extended" xlink:role="http://www.c-ebs.org/eu/fr/esrs/finrep/2008-01-01/role/ProhibitedItems">
    <loc xlink:type="locator" xlink:href="d-hh-2008-01-01.xsd#d-hh_ProhibitedItemsPlaceholder" xlink:label="d-hh_ProhibitedItemsPlaceholder"/>
    <loc xlink:type="locator" xlink:href="p-FINREP-2008-01-01.xsd#p-FINREP_InformationOnImpairmentAndPastDueAssetsPresentation" xlink:label="InformationOnImpairmentAndPastDueAssetsPresentation" xlink:title="InformationOnImpairmentAndPastDueAssetsPresentation"/>
    <definitionArc xlink:type="arc" xlink:arcrole="http://xbrl.org/int/dim/arcrole/domain-member" xlink:from="d-hh_ProhibitedItemsPlaceholder" xlink:to="InformationOnImpairmentAndPastDueAssetsPresentation" xlink:title="definition: ProhibitedItemsPlaceholder to InformationOnImpairmentAndPastDueAssetsPresentation" order="1.0" xbrldt:targetRole="http://www.c-ebs.org/eu/fr/esrs/finrep/2008-01-01/role/InformationOnImpairmentAndPDAssets"/>
  </definitionLink>
  <definitionLink xlink:type="extended" xlink:role="http://www.c-ebs.org/eu/fr/esrs/finrep/2008-01-01/role/HcPastDueCRDConsolidationScopeHypercube">
    <loc xlink:type="locator" xlink:href="t-KRI-FINREP-2010-12-31-T07-InformationOnImpairmentAndPDAssets.xsd#t-KRI-FR-HcPastDue_CRDConsolidationScopeHypercube" xlink:label="HcPastDueCRDConsolidationScopeHypercube" xlink:title="HcPastDueCRDConsolidationScopeHypercube"/>
    <loc xlink:type="locator" xlink:href="d-ConsScope-2008-01-01.xsd#d-ConsScope_ConsolidationScopeDimension" xlink:label="ConsolidationScopeDimension" xlink:title="ConsolidationScopeDimension"/>
    <definitionArc xlink:type="arc" xlink:arcrole="http://xbrl.org/int/dim/arcrole/hypercube-dimension" xlink:from="HcPastDueCRDConsolidationScopeHypercube" xlink:to="ConsolidationScopeDimension" xlink:title="definition: HcPastDueCRDConsolidationScopeHypercube to ConsolidationScopeDimension" order="1.0"/>
    <loc xlink:type="locator" xlink:href="d-ConsScope-2008-01-01.xsd#d-ConsScope_CRD" xlink:label="CRD" xlink:title="CRD"/>
    <definitionArc xlink:type="arc" xlink:arcrole="http://xbrl.org/int/dim/arcrole/dimension-domain" xlink:from="ConsolidationScopeDimension" xlink:to="CRD" xlink:title="definition: ConsolidationScopeDimension to CRD" order="1.0"/>
    <loc xlink:type="locator" xlink:href="d-PastDue-2008-01-01.xsd#d-PastDue_ByPastDueDimension" xlink:label="ByPastDueDimension" xlink:title="ByPastDueDimension"/>
    <definitionArc xlink:type="arc" xlink:arcrole="http://xbrl.org/int/dim/arcrole/hypercube-dimension" xlink:from="HcPastDueCRDConsolidationScopeHypercube" xlink:to="ByPastDueDimension" xlink:title="definition: HcPastDueCRDConsolidationScopeHypercube to ByPastDueDimension" order="2.0"/>
    <loc xlink:type="locator" xlink:href="d-PastDue-2008-01-01.xsd#d-PastDue_PastDueDomain" xlink:label="PastDueDomain" xlink:title="PastDueDomain"/>
    <definitionArc xlink:type="arc" xlink:arcrole="http://xbrl.org/int/dim/arcrole/dimension-domain" xlink:from="ByPastDueDimension" xlink:to="PastDueDomain" xlink:title="definition: ByPastDueDimension to PastDueDomain" order="1.0" xbrldt:targetRole="http://www.xbrl.org/2003/role/link" xbrldt:usable="false"/>
  </definitionLink>
  <definitionLink xlink:type="extended" xlink:role="http://www.c-ebs.org/eu/fr/esrs/finrep/2008-01-01/role/HcCRDConsolidationScopeHypercube"/>
</linkbase>
