<?xml version="1.0" encoding="UTF-8"?>

<?taxonomy-version 1.3.2?>

<!--Copyright (C) 2011 EBA - European Banking Authority, Tower 42, 25 Old Broad Street, London, EC2N 1HQ, United Kingdom.-->
<link:linkbase xmlns:xsi="http://www.w3.org/2001/XMLSchema-instance" xsi:schemaLocation="http://www.xbrl.org/2003/linkbase http://www.xbrl.org/2003/xbrl-linkbase-2003-12-31.xsd" xmlns:link="http://www.xbrl.org/2003/linkbase" xmlns:xbrli="http://www.xbrl.org/2003/instance" xmlns:xlink="http://www.w3.org/1999/xlink">
  <link:labelLink xlink:type="extended" xlink:role="http://www.xbrl.org/2003/role/link">
    <link:loc xlink:type="locator" xlink:href="t-KRI-FINREP-2010-12-31.xsd#t-KRI-FINREP_DataSourceType" xlink:label="DataSourceType" xlink:title="DataSourceType"/>
    <link:label xlink:type="resource" xlink:label="label_DataSourceType" xlink:role="http://www.xbrl.org/2003/role/label" xlink:title="label_DataSourceType" xml:lang="en" id="label_DataSourceType">Data Source Type</link:label>
    <link:labelArc xlink:type="arc" xlink:arcrole="http://www.xbrl.org/2003/arcrole/concept-label" xlink:from="DataSourceType" xlink:to="label_DataSourceType" xlink:title="label: DataSourceType to label_DataSourceType"/>
    <link:loc xlink:type="locator" xlink:href="t-KRI-FINREP-2010-12-31.xsd#t-KRI-FINREP_DataQualityComment" xlink:label="DataQualityComment" xlink:title="DataQualityComment"/>
    <link:label xlink:type="resource" xlink:label="label_DataQualityComment" xlink:role="http://www.xbrl.org/2003/role/label" xlink:title="label_DataQualityComment" xml:lang="en" id="label_DataQualityComment">Data Quality Comment</link:label>
    <link:labelArc xlink:type="arc" xlink:arcrole="http://www.xbrl.org/2003/arcrole/concept-label" xlink:from="DataQualityComment" xlink:to="label_DataQualityComment" xlink:title="label: DataQualityComment to label_DataQualityComment"/>
  </link:labelLink>
</link:linkbase>
