<?xml version="1.0" encoding="UTF-8"?>
<?taxonomy-version 1.3.2?>
<!--Copyright (C) 2011 EBA - European Banking Authority, Tower 42, 25 Old Broad Street, London, EC2N 1HQ, United Kingdom.-->   
<linkbase xmlns:t-KRI-FR-LCFinGu="http://www.c-ebs.org/eu/fr/esrs/finrep/t-KRI-FINREP/LoanCommitmentsFinancialGuaranteesAndOtherCommitments/2008-01-01" xmlns="http://www.xbrl.org/2003/linkbase" xmlns:xbrldt="http://xbrl.org/2005/xbrldt" xmlns:xlink="http://www.w3.org/1999/xlink">
  <roleRef roleURI="http://www.c-ebs.org/eu/fr/esrs/finrep/2008-01-01/role/ProhibitedItems" xlink:type="simple" xlink:href="d-hh-2008-01-01.xsd#ProhibitedItems"/>
  <roleRef roleURI="http://www.c-ebs.org/eu/fr/esrs/finrep/2008-01-01/role/HcCRDConsolidationScope" xlink:type="simple" xlink:href="t-KRI-FINREP-2010-12-31-T36-LoanCommitmentsFinancialGuaranteesAndOtherCommitments.xsd#CRDConsolidationScope"/>
  <roleRef roleURI="http://www.c-ebs.org/eu/fr/esrs/finrep/2008-01-01/role/LoanCommitmentsFinancialGuaranteesAndOtherCommitments" xlink:type="simple" xlink:href="p-FINREP-2008-01-01-T36-LoanCommitmentsFinancialGuaranteesAndOtherCommitments.xsd#LoanCommitmentsFinancialGuaranteesAndOtherCommitments"/>
  <roleRef roleURI="http://www.c-ebs.org/eu/fr/esrs/finrep/2008-01-01/role/HcCRDConsolidationScopeHypercube" xlink:type="simple" xlink:href="d-ConsScope-2008-01-01.xsd#CRDConsolidationScopeHypercube"/>
  <arcroleRef arcroleURI="http://xbrl.org/int/dim/arcrole/all" xlink:type="simple" xlink:href="http://www.xbrl.org/2005/xbrldt-2005.xsd#all"/>
  <arcroleRef arcroleURI="http://xbrl.org/int/dim/arcrole/notAll" xlink:type="simple" xlink:href="http://www.xbrl.org/2005/xbrldt-2005.xsd#notAll"/>
  <arcroleRef arcroleURI="http://xbrl.org/int/dim/arcrole/domain-member" xlink:type="simple" xlink:href="http://www.xbrl.org/2005/xbrldt-2005.xsd#domain-member"/>
  <arcroleRef arcroleURI="http://xbrl.org/int/dim/arcrole/hypercube-dimension" xlink:type="simple" xlink:href="http://www.xbrl.org/2005/xbrldt-2005.xsd#hypercube-dimension"/>
  <arcroleRef arcroleURI="http://xbrl.org/int/dim/arcrole/dimension-domain" xlink:type="simple" xlink:href="http://www.xbrl.org/2005/xbrldt-2005.xsd#dimension-domain"/>
  <arcroleRef arcroleURI="http://xbrl.org/int/dim/arcrole/dimension-default" xlink:type="simple" xlink:href="http://www.xbrl.org/2005/xbrldt-2005.xsd#dimension-default"/>
  <definitionLink xlink:type="extended" xlink:role="http://www.c-ebs.org/eu/fr/esrs/finrep/2008-01-01/role/HcCRDConsolidationScope">
    <loc xlink:type="locator" xlink:href="p-FINREP-2008-01-01.xsd#p-FINREP_NotionalAmountsOfOffBalanceSheetCommitmentsPresentation" xlink:label="NotionalAmountsOfOffBalanceSheetCommitmentsPresentation" xlink:title="NotionalAmountsOfOffBalanceSheetCommitmentsPresentation"/>
    <loc xlink:type="locator" xlink:href="p-FINREP-2008-01-01.xsd#p-FINREP_LoanCommitmentsGivenNotionalAmount" xlink:label="LoanCommitmentsGivenNotionalAmount" xlink:title="LoanCommitmentsGivenNotionalAmount"/>
    <definitionArc xlink:type="arc" xlink:arcrole="http://xbrl.org/int/dim/arcrole/domain-member" xlink:from="NotionalAmountsOfOffBalanceSheetCommitmentsPresentation" xlink:to="LoanCommitmentsGivenNotionalAmount" xlink:title="definition: NotionalAmountsOfOffBalanceSheetCommitmentsPresentation to LoanCommitmentsGivenNotionalAmount" order="1.0"/>
    <loc xlink:type="locator" xlink:href="p-FINREP-2008-01-01.xsd#p-FINREP_FinancialGuaranteesGivenNotionalAmount" xlink:label="FinancialGuaranteesGivenNotionalAmount" xlink:title="FinancialGuaranteesGivenNotionalAmount"/>
    <definitionArc xlink:type="arc" xlink:arcrole="http://xbrl.org/int/dim/arcrole/domain-member" xlink:from="NotionalAmountsOfOffBalanceSheetCommitmentsPresentation" xlink:to="FinancialGuaranteesGivenNotionalAmount" xlink:title="definition: NotionalAmountsOfOffBalanceSheetCommitmentsPresentation to FinancialGuaranteesGivenNotionalAmount" order="2.0"/>
    <loc xlink:type="locator" xlink:href="p-FINREP-2008-01-01.xsd#p-FINREP_OtherCommitmentsGivenNotionalAmount" xlink:label="OtherCommitmentsGivenNotionalAmount" xlink:title="OtherCommitmentsGivenNotionalAmount"/>
    <definitionArc xlink:type="arc" xlink:arcrole="http://xbrl.org/int/dim/arcrole/domain-member" xlink:from="NotionalAmountsOfOffBalanceSheetCommitmentsPresentation" xlink:to="OtherCommitmentsGivenNotionalAmount" xlink:title="definition: NotionalAmountsOfOffBalanceSheetCommitmentsPresentation to OtherCommitmentsGivenNotionalAmount" order="3.0"/>
    <loc xlink:type="locator" xlink:href="d-ConsScope-2008-01-01.xsd#d-ConsScope_CRDConsolidationScopeHypercube" xlink:label="CRDConsolidationScopeHypercube_2" xlink:title="CRDConsolidationScopeHypercube"/>
    <definitionArc xlink:type="arc" xlink:arcrole="http://xbrl.org/int/dim/arcrole/all" xlink:from="NotionalAmountsOfOffBalanceSheetCommitmentsPresentation" xlink:to="CRDConsolidationScopeHypercube_2" xlink:title="definition: NotionalAmountsOfOffBalanceSheetCommitmentsPresentation to CRDConsolidationScopeHypercube" order="0.0" xbrldt:targetRole="http://www.c-ebs.org/eu/fr/esrs/finrep/2008-01-01/role/HcCRDConsolidationScopeHypercube" xbrldt:contextElement="scenario" xbrldt:closed="true"/>
  </definitionLink>
  <definitionLink xlink:type="extended" xlink:role="http://www.c-ebs.org/eu/fr/esrs/finrep/2008-01-01/role/ProhibitedItems">
    <loc xlink:type="locator" xlink:href="d-hh-2008-01-01.xsd#d-hh_ProhibitedItemsPlaceholder" xlink:label="d-hh_ProhibitedItemsPlaceholder"/>
    <loc xlink:type="locator" xlink:href="p-FINREP-2008-01-01.xsd#p-FINREP_NotionalAmountsOfOffBalanceSheetCommitmentsPresentation" xlink:label="NotionalAmountsOfOffBalanceSheetCommitmentsPresentation" xlink:title="NotionalAmountsOfOffBalanceSheetCommitmentsPresentation"/>
    <definitionArc xlink:type="arc" xlink:arcrole="http://xbrl.org/int/dim/arcrole/domain-member" xlink:from="d-hh_ProhibitedItemsPlaceholder" xlink:to="NotionalAmountsOfOffBalanceSheetCommitmentsPresentation" xlink:title="definition: ProhibitedItemsPlaceholder to NotionalAmountsOfOffBalanceSheetCommitmentsPresentation" order="1.0" xbrldt:targetRole="http://www.c-ebs.org/eu/fr/esrs/finrep/2008-01-01/role/LoanCommitmentsFinancialGuaranteesAndOtherCommitments"/>
  </definitionLink>
  <definitionLink xlink:type="extended" xlink:role="http://www.c-ebs.org/eu/fr/esrs/finrep/2008-01-01/role/HcCRDConsolidationScopeHypercube"/>
</linkbase>
