<?xml version="1.0" encoding="UTF-8"?>

<link:linkbase xmlns:xsi="http://www.w3.org/2001/XMLSchema-instance" xsi:schemaLocation="http://www.xbrl.org/2003/linkbase http://www.xbrl.org/2003/xbrl-linkbase-2003-12-31.xsd" xmlns:link="http://www.xbrl.org/2003/linkbase" xmlns:xbrli="http://www.xbrl.org/2003/instance" xmlns:xlink="http://www.w3.org/1999/xlink">
  <link:roleRef roleURI="http://www.c-ebs.org/eu/fr/esrs/finrep/2008-01-01/role/ADimensionalItems" xlink:type="simple" xlink:href="d-hh-2008-01-01.xsd#ADimensionalItems"/>
  <link:arcroleRef arcroleURI="http://xbrl.org/int/dim/arcrole/domain-member" xlink:type="simple" xlink:href="http://www.xbrl.org/2005/xbrldt-2005.xsd#domain-member"/>
  <link:definitionLink xlink:type="extended" xlink:role="http://www.c-ebs.org/eu/fr/esrs/finrep/2008-01-01/role/ADimensionalItems">
    <link:loc xlink:type="locator" xlink:href="d-hh-2008-01-01.xsd#d-hh_AdimensionalItemsPlaceholder" xlink:label="AdimensionalItemsPlaceholder" xlink:title="AdimensionalItemsPlaceholder"/>
    <link:loc xlink:type="locator" xlink:href="t-KRI-FINREP-2010-12-31.xsd#t-KRI-FINREP_DataSourceType" xlink:label="DataSourceType" xlink:title="DataSourceType"/>
    <link:definitionArc xlink:type="arc" xlink:arcrole="http://xbrl.org/int/dim/arcrole/domain-member" xlink:from="AdimensionalItemsPlaceholder" xlink:to="DataSourceType" xlink:title="definition: AdimensionalItemsPlaceholder to DataSourceType" order="1.0"/>
    <link:loc xlink:type="locator" xlink:href="t-KRI-FINREP-2010-12-31.xsd#t-KRI-FINREP_DataQualityComment" xlink:label="DataQualityComment" xlink:title="DataQualityComment"/>
    <link:definitionArc xlink:type="arc" xlink:arcrole="http://xbrl.org/int/dim/arcrole/domain-member" xlink:from="AdimensionalItemsPlaceholder" xlink:to="DataQualityComment" xlink:title="definition: AdimensionalItemsPlaceholder to DataQualityComment" order="2.0"/>
  </link:definitionLink>
</link:linkbase>
