<?xml version="1.0" encoding="UTF-8"?>
<?taxonomy-version 1.3.2?>
<!--Copyright (C) 2011 EBA - European Banking Authority, Tower 42, 25 Old Broad Street, London, EC2N 1HQ, United Kingdom.-->   
<linkbase xmlns:xsi="http://www.w3.org/2001/XMLSchema-instance" xsi:schemaLocation="http://www.xbrl.org/2003/linkbase http://www.xbrl.org/2003/xbrl-linkbase-2003-12-31.xsd http://xbrl.org/2005/xbrldt http://www.xbrl.org/2005/xbrldt-2005.xsd" xmlns:t-KRI-FR-CrRImpr="http://www.c-ebs.org/eu/fr/esrs/finrep/t-KRI-FINREP/InformationOnCreditRiskAndImpairment/2008-01-01" xmlns="http://www.xbrl.org/2003/linkbase" xmlns:xbrldt="http://xbrl.org/2005/xbrldt" xmlns:xlink="http://www.w3.org/1999/xlink">
  <roleRef roleURI="http://www.c-ebs.org/eu/fr/esrs/finrep/2008-01-01/role/InformationOnCreditRiskAndImpairment" xlink:type="simple" xlink:href="p-FINREP-2008-01-01-T30-InformationOnCreditRiskAndImpairment.xsd#InformationOnCreditRiskAndImpairment"/>
  <roleRef roleURI="http://www.c-ebs.org/eu/fr/esrs/finrep/2008-01-01/role/ProhibitedItems" xlink:type="simple" xlink:href="d-hh-2008-01-01.xsd#ProhibitedItems"/>
  <roleRef roleURI="http://www.c-ebs.org/eu/fr/esrs/finrep/2008-01-01/role/HcCRDConsolidationScope" xlink:type="simple" xlink:href="t-KRI-FINREP-2010-12-31-T30-InformationOnCreditRiskAndImpairment.xsd#CRDConsolidationScope"/>
  <roleRef roleURI="http://www.c-ebs.org/eu/fr/esrs/finrep/2008-01-01/role/HcCRDConsolidationScopeHypercube" xlink:type="simple" xlink:href="d-ConsScope-2008-01-01.xsd#CRDConsolidationScopeHypercube"/>
  <arcroleRef arcroleURI="http://xbrl.org/int/dim/arcrole/all" xlink:type="simple" xlink:href="http://www.xbrl.org/2005/xbrldt-2005.xsd#all"/>
  <arcroleRef arcroleURI="http://xbrl.org/int/dim/arcrole/domain-member" xlink:type="simple" xlink:href="http://www.xbrl.org/2005/xbrldt-2005.xsd#domain-member"/>
  <arcroleRef arcroleURI="http://xbrl.org/int/dim/arcrole/dimension-domain" xlink:type="simple" xlink:href="http://www.xbrl.org/2005/xbrldt-2005.xsd#dimension-domain"/>
  <arcroleRef arcroleURI="http://xbrl.org/int/dim/arcrole/hypercube-dimension" xlink:type="simple" xlink:href="http://www.xbrl.org/2005/xbrldt-2005.xsd#hypercube-dimension"/>
  <definitionLink xlink:type="extended" xlink:role="http://www.c-ebs.org/eu/fr/esrs/finrep/2008-01-01/role/HcCRDConsolidationScope">
    <loc xlink:type="locator" xlink:href="p-FINREP-2008-01-01.xsd#p-FINREP_InformationOnCreditRiskAndImpairmentPresentation" xlink:label="InformationOnCreditRiskAndImpairmentPresentation" xlink:title="InformationOnCreditRiskAndImpairmentPresentation"/>
    <loc xlink:type="locator" xlink:href="p-FINREP-2008-01-01.xsd#p-FINREP_AllowancesMovementsForCreditLossesSpecificAllowancesForIndividuallyAndCollectivelyAssessedFinancialAssetsDebtInstruments" xlink:label="AllowancesMovementsForCreditLossesSpecificAllowancesForIndividuallyAndCollectivelyAssessedFinancialAssetsDebtInstruments" xlink:title="AllowancesMovementsForCreditLossesSpecificAllowancesForIndividuallyAndCollectivelyAssessedFinancialAssetsDebtInstruments"/>
    <definitionArc xlink:type="arc" xlink:arcrole="http://xbrl.org/int/dim/arcrole/domain-member" xlink:from="InformationOnCreditRiskAndImpairmentPresentation" xlink:to="AllowancesMovementsForCreditLossesSpecificAllowancesForIndividuallyAndCollectivelyAssessedFinancialAssetsDebtInstruments" xlink:title="definition: InformationOnCreditRiskAndImpairmentPresentation to AllowancesMovementsForCreditLossesSpecificAllowancesForIndividuallyAndCollectivelyAssessedFinancialAssetsDebtInstruments" order="1.0"/>
    <loc xlink:type="locator" xlink:href="p-FINREP-2008-01-01.xsd#p-FINREP_AllowancesMovementsForCreditLossesSpecificAllowancesForIndividuallyAndCollectivelyAssessedFinancialAssetsLoansAndAdvances" xlink:label="AllowancesMovementsForCreditLossesSpecificAllowancesForIndividuallyAndCollectivelyAssessedFinancialAssetsLoansAndAdvances" xlink:title="AllowancesMovementsForCreditLossesSpecificAllowancesForIndividuallyAndCollectivelyAssessedFinancialAssetsLoansAndAdvances"/>
    <definitionArc xlink:type="arc" xlink:arcrole="http://xbrl.org/int/dim/arcrole/domain-member" xlink:from="InformationOnCreditRiskAndImpairmentPresentation" xlink:to="AllowancesMovementsForCreditLossesSpecificAllowancesForIndividuallyAndCollectivelyAssessedFinancialAssetsLoansAndAdvances" xlink:title="definition: InformationOnCreditRiskAndImpairmentPresentation to AllowancesMovementsForCreditLossesSpecificAllowancesForIndividuallyAndCollectivelyAssessedFinancialAssetsLoansAndAdvances" order="2.0"/>
    <loc xlink:type="locator" xlink:href="p-FINREP-2008-01-01.xsd#p-FINREP_AllowancesMovementsForCreditLossesAllowancesForIncurredButNotReportedLossesOnFinancialAssetsDebtInstruments" xlink:label="AllowancesMovementsForCreditLossesAllowancesForIncurredButNotReportedLossesOnFinancialAssetsDebtInstruments" xlink:title="AllowancesMovementsForCreditLossesAllowancesForIncurredButNotReportedLossesOnFinancialAssetsDebtInstruments"/>
    <definitionArc xlink:type="arc" xlink:arcrole="http://xbrl.org/int/dim/arcrole/domain-member" xlink:from="InformationOnCreditRiskAndImpairmentPresentation" xlink:to="AllowancesMovementsForCreditLossesAllowancesForIncurredButNotReportedLossesOnFinancialAssetsDebtInstruments" xlink:title="definition: InformationOnCreditRiskAndImpairmentPresentation to AllowancesMovementsForCreditLossesAllowancesForIncurredButNotReportedLossesOnFinancialAssetsDebtInstruments" order="3.0"/>
    <loc xlink:type="locator" xlink:href="p-FINREP-2008-01-01.xsd#p-FINREP_AllowancesMovementsForCreditLossesAllowancesForIncurredButNotReportedLossesOnFinancialAssetsLoansAndAdvances" xlink:label="AllowancesMovementsForCreditLossesAllowancesForIncurredButNotReportedLossesOnFinancialAssetsLoansAndAdvances" xlink:title="AllowancesMovementsForCreditLossesAllowancesForIncurredButNotReportedLossesOnFinancialAssetsLoansAndAdvances"/>
    <definitionArc xlink:type="arc" xlink:arcrole="http://xbrl.org/int/dim/arcrole/domain-member" xlink:from="InformationOnCreditRiskAndImpairmentPresentation" xlink:to="AllowancesMovementsForCreditLossesAllowancesForIncurredButNotReportedLossesOnFinancialAssetsLoansAndAdvances" xlink:title="definition: InformationOnCreditRiskAndImpairmentPresentation to AllowancesMovementsForCreditLossesAllowancesForIncurredButNotReportedLossesOnFinancialAssetsLoansAndAdvances" order="4.0"/>
    <loc xlink:type="locator" xlink:href="d-ConsScope-2008-01-01.xsd#d-ConsScope_CRDConsolidationScopeHypercube" xlink:label="CRDConsolidationScopeHypercube_2" xlink:title="CRDConsolidationScopeHypercube"/>
    <definitionArc xlink:type="arc" xlink:arcrole="http://xbrl.org/int/dim/arcrole/all" xlink:from="InformationOnCreditRiskAndImpairmentPresentation" xlink:to="CRDConsolidationScopeHypercube_2" xlink:title="definition: InformationOnCreditRiskAndImpairmentPresentation to CRDConsolidationScopeHypercube" order="0.0" xbrldt:targetRole="http://www.c-ebs.org/eu/fr/esrs/finrep/2008-01-01/role/HcCRDConsolidationScopeHypercube" xbrldt:contextElement="scenario" xbrldt:closed="true"/>
  </definitionLink>
  <definitionLink xlink:type="extended" xlink:role="http://www.c-ebs.org/eu/fr/esrs/finrep/2008-01-01/role/ProhibitedItems">
    <loc xlink:type="locator" xlink:href="d-hh-2008-01-01.xsd#d-hh_ProhibitedItemsPlaceholder" xlink:label="d-hh_ProhibitedItemsPlaceholder"/>
    <loc xlink:type="locator" xlink:href="p-FINREP-2008-01-01.xsd#p-FINREP_InformationOnCreditRiskAndImpairmentPresentation" xlink:label="InformationOnCreditRiskAndImpairmentPresentation" xlink:title="InformationOnCreditRiskAndImpairmentPresentation"/>
    <definitionArc xlink:type="arc" xlink:arcrole="http://xbrl.org/int/dim/arcrole/domain-member" xlink:from="d-hh_ProhibitedItemsPlaceholder" xlink:to="InformationOnCreditRiskAndImpairmentPresentation" xlink:title="definition: ProhibitedItemsPlaceholder to InformationOnCreditRiskAndImpairmentPresentation" order="1.0" xbrldt:targetRole="http://www.c-ebs.org/eu/fr/esrs/finrep/2008-01-01/role/InformationOnCreditRiskAndImpairment"/>
  </definitionLink>
  <definitionLink xlink:type="extended" xlink:role="http://www.c-ebs.org/eu/fr/esrs/finrep/2008-01-01/role/HcCRDConsolidationScopeHypercube"/>
</linkbase>
