<?xml version="1.0" encoding="UTF-8"?>

<?taxonomy-version 1.3.2?>

<!--Copyright (C) 2011 EBA - European Banking Authority, Tower 42, 25 Old Broad Street, London, EC2N 1HQ, United Kingdom.-->
<linkbase xmlns:t-KRI-FR-ProfLos="http://www.c-ebs.org/eu/fr/esrs/finrep/t-KRI-FINREP/ProfitOrLoss/2008-01-01" xmlns="http://www.xbrl.org/2003/linkbase" xmlns:xlink="http://www.w3.org/1999/xlink" xmlns:xbrldt="http://xbrl.org/2005/xbrldt">
  <roleRef roleURI="http://www.c-ebs.org/eu/fr/esrs/finrep/2008-01-01/role/ProhibitedItems" xlink:type="simple" xlink:href="d-hh-2008-01-01.xsd#ProhibitedItems"/>
  <roleRef roleURI="http://www.c-ebs.org/eu/fr/esrs/finrep/2008-01-01/role/ProfitOrLoss" xlink:type="simple" xlink:href="p-FINREP-2008-01-01-T02-ProfitOrLoss.xsd#ProfitOrLoss"/>
  <roleRef roleURI="http://www.c-ebs.org/eu/fr/esrs/finrep/2008-01-01/role/HcCRDConsolidationScope" xlink:type="simple" xlink:href="t-KRI-FINREP-2010-12-31-T02-ProfitOrLoss.xsd#CRDConsolidationScope"/>
  <roleRef roleURI="http://www.c-ebs.org/eu/fr/esrs/finrep/2008-01-01/role/HcIFRSConsolidationScope" xlink:type="simple" xlink:href="t-KRI-FINREP-2010-12-31-T02-ProfitOrLoss.xsd#IFRSConsolidationScope"/>
  <roleRef roleURI="http://www.c-ebs.org/eu/fr/esrs/finrep/2008-01-01/role/HcCRDConsolidationScopeHypercube" xlink:type="simple" xlink:href="d-ConsScope-2008-01-01.xsd#CRDConsolidationScopeHypercube"/>
  <roleRef roleURI="http://www.c-ebs.org/eu/fr/esrs/finrep/2008-01-01/role/HcConsolidationScopeHypercube" xlink:type="simple" xlink:href="d-ConsScope-2008-01-01.xsd#ConsolidationScopeHypercube"/>
  <arcroleRef arcroleURI="http://xbrl.org/int/dim/arcrole/all" xlink:type="simple" xlink:href="http://www.xbrl.org/2005/xbrldt-2005.xsd#all"/>
  <arcroleRef arcroleURI="http://xbrl.org/int/dim/arcrole/notAll" xlink:type="simple" xlink:href="http://www.xbrl.org/2005/xbrldt-2005.xsd#notAll"/>
  <arcroleRef arcroleURI="http://xbrl.org/int/dim/arcrole/domain-member" xlink:type="simple" xlink:href="http://www.xbrl.org/2005/xbrldt-2005.xsd#domain-member"/>
  <arcroleRef arcroleURI="http://xbrl.org/int/dim/arcrole/hypercube-dimension" xlink:type="simple" xlink:href="http://www.xbrl.org/2005/xbrldt-2005.xsd#hypercube-dimension"/>
  <arcroleRef arcroleURI="http://xbrl.org/int/dim/arcrole/dimension-domain" xlink:type="simple" xlink:href="http://www.xbrl.org/2005/xbrldt-2005.xsd#dimension-domain"/>
  <arcroleRef arcroleURI="http://xbrl.org/int/dim/arcrole/dimension-default" xlink:type="simple" xlink:href="http://www.xbrl.org/2005/xbrldt-2005.xsd#dimension-default"/>
  <definitionLink xlink:type="extended" xlink:role="http://www.c-ebs.org/eu/fr/esrs/finrep/2008-01-01/role/HcConsolidationScopeHypercube"/>
  <definitionLink xlink:type="extended" xlink:role="http://www.c-ebs.org/eu/fr/esrs/finrep/2008-01-01/role/HcCRDConsolidationScopeHypercube"/>
  <definitionLink xlink:type="extended" xlink:role="http://www.c-ebs.org/eu/fr/esrs/finrep/2008-01-01/role/HcCRDConsolidationScope">
    <loc xlink:type="locator" xlink:href="p-FINREP-2008-01-01.xsd#p-FINREP_ConsolidatedProfitOrLossPresentation" xlink:label="ConsolidatedProfitOrLossPresentation" xlink:title="ConsolidatedProfitOrLossPresentation"/>
    <loc xlink:type="locator" xlink:href="p-FINREP-2008-01-01.xsd#p-FINREP_AdministrationCosts" xlink:label="AdministrationCosts" xlink:title="AdministrationCosts"/>
    <definitionArc xlink:type="arc" xlink:arcrole="http://xbrl.org/int/dim/arcrole/domain-member" xlink:from="ConsolidatedProfitOrLossPresentation" xlink:to="AdministrationCosts" xlink:title="definition: ConsolidatedProfitOrLossPresentation to AdministrationCosts" order="15.5"/>
    <loc xlink:type="locator" xlink:href="http://xbrl.iasb.org/int/fr/ifrs/gp/2006-08-15/ifrs-gp-2006-08-15.xsd#ifrs-gp_DepreciationAmortisation" xlink:label="DepreciationAmortisation" xlink:title="DepreciationAmortisation"/>
    <definitionArc xlink:type="arc" xlink:arcrole="http://xbrl.org/int/dim/arcrole/domain-member" xlink:from="ConsolidatedProfitOrLossPresentation" xlink:to="DepreciationAmortisation" xlink:title="definition: ConsolidatedProfitOrLossPresentation to DepreciationAmortisation" order="16.0"/>
    <loc xlink:type="locator" xlink:href="p-FINREP-2008-01-01.xsd#p-FINREP_Provisions" xlink:label="Provisions" xlink:title="Provisions"/>
    <definitionArc xlink:type="arc" xlink:arcrole="http://xbrl.org/int/dim/arcrole/domain-member" xlink:from="ConsolidatedProfitOrLossPresentation" xlink:to="Provisions" xlink:title="definition: ConsolidatedProfitOrLossPresentation to Provisions" order="17.0"/>
    <loc xlink:type="locator" xlink:href="http://xbrl.iasb.org/int/fr/ifrs/gp/2006-08-15/ifrs-gp-2006-08-15.xsd#ifrs-gp_ImpairmentLossesReversalsTotalNet" xlink:label="ImpairmentLossesReversalsTotalNet" xlink:title="ImpairmentLossesReversalsTotalNet"/>
    <definitionArc xlink:type="arc" xlink:arcrole="http://xbrl.org/int/dim/arcrole/domain-member" xlink:from="ConsolidatedProfitOrLossPresentation" xlink:to="ImpairmentLossesReversalsTotalNet" xlink:title="definition: ConsolidatedProfitOrLossPresentation to ImpairmentLossesReversalsTotalNet" order="17.5"/>
    <loc xlink:type="locator" xlink:href="http://xbrl.iasb.org/int/fr/ifrs/gp/2006-08-15/ifrs-gp-2006-08-15.xsd#ifrs-gp_ImpairmentLossesReversalsFinancialInstrumentsNet" xlink:label="ImpairmentLossesReversalsFinancialInstrumentsNet"/>
    <loc xlink:type="locator" xlink:href="http://xbrl.iasb.org/int/fr/ifrs/gp/2006-08-15/ifrs-gp-2006-08-15.xsd#ifrs-gp_ImpairmentLossesFinancialInstrumentsOther" xlink:label="ImpairmentLossesFinancialInstrumentsOther"/>
    <definitionArc xlink:type="arc" xlink:arcrole="http://xbrl.org/int/dim/arcrole/domain-member" xlink:from="ImpairmentLossesReversalsFinancialInstrumentsNet" xlink:to="ImpairmentLossesFinancialInstrumentsOther" xlink:title="definition: ImpairmentLossesReversalsFinancialInstrumentsNet to ImpairmentLossesFinancialInstrumentsOther" use="optional" order="1.0"/>
    <loc xlink:type="locator" xlink:href="http://xbrl.iasb.org/int/fr/ifrs/gp/2006-08-15/ifrs-gp-2006-08-15.xsd#ifrs-gp_ImpairmentLossesReversalsFinancialInstrumentsAvailableForSaleFinancialAssetsNet" xlink:label="ImpairmentLossesReversalsFinancialInstrumentsAvailableForSaleFinancialAssetsNet"/>
    <definitionArc xlink:type="arc" xlink:arcrole="http://xbrl.org/int/dim/arcrole/domain-member" xlink:from="ImpairmentLossesReversalsFinancialInstrumentsNet" xlink:to="ImpairmentLossesReversalsFinancialInstrumentsAvailableForSaleFinancialAssetsNet" xlink:title="definition: ImpairmentLossesReversalsFinancialInstrumentsNet to ImpairmentLossesReversalsFinancialInstrumentsAvailableForSaleFinancialAssetsNet" use="optional" order="2.0"/>
    <loc xlink:type="locator" xlink:href="http://xbrl.iasb.org/int/fr/ifrs/gp/2006-08-15/ifrs-gp-2006-08-15.xsd#ifrs-gp_ImpairmentLossesReversalsFinancialInstrumentsLoansAndReceivablesNet" xlink:label="ImpairmentLossesReversalsFinancialInstrumentsLoansAndReceivablesNet"/>
    <definitionArc xlink:type="arc" xlink:arcrole="http://xbrl.org/int/dim/arcrole/domain-member" xlink:from="ImpairmentLossesReversalsFinancialInstrumentsNet" xlink:to="ImpairmentLossesReversalsFinancialInstrumentsLoansAndReceivablesNet" xlink:title="definition: ImpairmentLossesReversalsFinancialInstrumentsNet to ImpairmentLossesReversalsFinancialInstrumentsLoansAndReceivablesNet" use="optional" order="3.0"/>
    <loc xlink:type="locator" xlink:href="http://xbrl.iasb.org/int/fr/ifrs/gp/2006-08-15/ifrs-gp-2006-08-15.xsd#ifrs-gp_ImpairmentLossesReversalsFinancialInstrumentsHeldToMaturityInvestmentsNet" xlink:label="ImpairmentLossesReversalsFinancialInstrumentsHeldToMaturityInvestmentsNet"/>
    <definitionArc xlink:type="arc" xlink:arcrole="http://xbrl.org/int/dim/arcrole/domain-member" xlink:from="ImpairmentLossesReversalsFinancialInstrumentsNet" xlink:to="ImpairmentLossesReversalsFinancialInstrumentsHeldToMaturityInvestmentsNet" xlink:title="definition: ImpairmentLossesReversalsFinancialInstrumentsNet to ImpairmentLossesReversalsFinancialInstrumentsHeldToMaturityInvestmentsNet" use="optional" order="4.0"/>
    <loc xlink:type="locator" xlink:href="http://xbrl.iasb.org/int/fr/ifrs/gp/2006-08-15/ifrs-gp-2006-08-15.xsd#ifrs-gp_ProfitLossBeforeTax" xlink:label="ProfitLossBeforeTax" xlink:title="ProfitLossBeforeTax"/>
    <definitionArc xlink:type="arc" xlink:arcrole="http://xbrl.org/int/dim/arcrole/domain-member" xlink:from="ConsolidatedProfitOrLossPresentation" xlink:to="ProfitLossBeforeTax" xlink:title="definition: ConsolidatedProfitOrLossPresentation to ProfitLossBeforeTax" order="19.2"/>
    <loc xlink:type="locator" xlink:href="http://xbrl.iasb.org/int/fr/ifrs/gp/2006-08-15/ifrs-gp-2006-08-15.xsd#ifrs-gp_ProfitLossAfterTaxFromContinuingOperations" xlink:label="ProfitLossAfterTaxFromContinuingOperations" xlink:title="ProfitLossAfterTaxFromContinuingOperations"/>
    <definitionArc xlink:type="arc" xlink:arcrole="http://xbrl.org/int/dim/arcrole/domain-member" xlink:from="ConsolidatedProfitOrLossPresentation" xlink:to="ProfitLossAfterTaxFromContinuingOperations" xlink:title="definition: ConsolidatedProfitOrLossPresentation to ProfitLossAfterTaxFromContinuingOperations" order="19.3"/>
    <loc xlink:type="locator" xlink:href="http://xbrl.iasb.org/int/fr/ifrs/gp/2006-08-15/ifrs-gp-2006-08-15.xsd#ifrs-gp_ProfitLoss" xlink:label="ProfitLoss" xlink:title="ProfitLoss"/>
    <definitionArc xlink:type="arc" xlink:arcrole="http://xbrl.org/int/dim/arcrole/domain-member" xlink:from="ConsolidatedProfitOrLossPresentation" xlink:to="ProfitLoss" xlink:title="definition: ConsolidatedProfitOrLossPresentation to ProfitLoss" order="20.0"/>
    <loc xlink:type="locator" xlink:href="http://xbrl.iasb.org/int/fr/ifrs/gp/2006-08-15/ifrs-gp-2006-08-15.xsd#ifrs-gp_ProfitLossAttributableToEquityHoldersOfParent" xlink:label="ProfitLossAttributableToEquityHoldersOfParent" xlink:title="ProfitLossAttributableToEquityHoldersOfParent"/>
    <definitionArc xlink:type="arc" xlink:arcrole="http://xbrl.org/int/dim/arcrole/domain-member" xlink:from="ConsolidatedProfitOrLossPresentation" xlink:to="ProfitLossAttributableToEquityHoldersOfParent" xlink:title="definition: ConsolidatedProfitOrLossPresentation to ProfitLossAttributableToEquityHoldersOfParent" order="20.2"/>
    <loc xlink:type="locator" xlink:href="http://xbrl.iasb.org/int/fr/ifrs/gp/2006-08-15/ifrs-gp-2006-08-15.xsd#ifrs-gp_InterestIncomeTotalFinancialInstitutions" xlink:label="InterestIncomeTotalFinancialInstitutions" xlink:title="InterestIncomeTotalFinancialInstitutions"/>
    <definitionArc xlink:type="arc" xlink:arcrole="http://xbrl.org/int/dim/arcrole/domain-member" xlink:from="ConsolidatedProfitOrLossPresentation" xlink:to="InterestIncomeTotalFinancialInstitutions" xlink:title="definition: ConsolidatedProfitOrLossPresentation to InterestIncomeTotalFinancialInstitutions" order="1.0"/>
    <loc xlink:type="locator" xlink:href="p-FINREP-2008-01-01.xsd#p-FINREP_InterestExpenseTotalFinancialInstitutions" xlink:label="InterestExpenseTotalFinancialInstitutions" xlink:title="InterestExpenseTotalFinancialInstitutions"/>
    <definitionArc xlink:type="arc" xlink:arcrole="http://xbrl.org/int/dim/arcrole/domain-member" xlink:from="ConsolidatedProfitOrLossPresentation" xlink:to="InterestExpenseTotalFinancialInstitutions" xlink:title="definition: ConsolidatedProfitOrLossPresentation to InterestExpenseTotalFinancialInstitutions" order="2.0"/>
    <loc xlink:type="locator" xlink:href="p-FINREP-2008-01-01.xsd#p-FINREP_ExpensesOnShareCapitalRepayableOnDemand" xlink:label="ExpensesOnShareCapitalRepayableOnDemand" xlink:title="ExpensesOnShareCapitalRepayableOnDemand"/>
    <definitionArc xlink:type="arc" xlink:arcrole="http://xbrl.org/int/dim/arcrole/domain-member" xlink:from="ConsolidatedProfitOrLossPresentation" xlink:to="ExpensesOnShareCapitalRepayableOnDemand" xlink:title="definition: ConsolidatedProfitOrLossPresentation to ExpensesOnShareCapitalRepayableOnDemand" order="3.0"/>
    <loc xlink:type="locator" xlink:href="http://xbrl.iasb.org/int/fr/ifrs/gp/2006-08-15/ifrs-gp-2006-08-15.xsd#ifrs-gp_DividendIncomeTotal" xlink:label="DividendIncomeTotal" xlink:title="DividendIncomeTotal"/>
    <definitionArc xlink:type="arc" xlink:arcrole="http://xbrl.org/int/dim/arcrole/domain-member" xlink:from="ConsolidatedProfitOrLossPresentation" xlink:to="DividendIncomeTotal" xlink:title="definition: ConsolidatedProfitOrLossPresentation to DividendIncomeTotal" order="4.0"/>
    <loc xlink:type="locator" xlink:href="http://xbrl.iasb.org/int/fr/ifrs/gp/2006-08-15/ifrs-gp-2006-08-15.xsd#ifrs-gp_GainsLossesOnFinancialInstrumentsDesignatedAsFairValueThroughProfitOrLossExcludingInterestFlows" xlink:label="GainsLossesOnFinancialInstrumentsDesignatedAsFairValueThroughProfitOrLossExcludingInterestFlows"/>
    <definitionArc xlink:type="arc" xlink:arcrole="http://xbrl.org/int/dim/arcrole/domain-member" xlink:from="ConsolidatedProfitOrLossPresentation" xlink:to="GainsLossesOnFinancialInstrumentsDesignatedAsFairValueThroughProfitOrLossExcludingInterestFlows" xlink:title="definition: ConsolidatedProfitOrLossPresentation to GainsLossesOnFinancialInstrumentsDesignatedAsFairValueThroughProfitOrLossExcludingInterestFlows" use="optional" order="8.0"/>
    <loc xlink:type="locator" xlink:href="http://xbrl.iasb.org/int/fr/ifrs/gp/2006-08-15/ifrs-gp-2006-08-15.xsd#ifrs-gp_GainsLossesOnFinancialInstrumentsDueToFairValueAdjustmentsInHedgeAccountingTotal" xlink:label="GainsLossesOnFinancialInstrumentsDueToFairValueAdjustmentsInHedgeAccountingTotal"/>
    <definitionArc xlink:type="arc" xlink:arcrole="http://xbrl.org/int/dim/arcrole/domain-member" xlink:from="ConsolidatedProfitOrLossPresentation" xlink:to="GainsLossesOnFinancialInstrumentsDueToFairValueAdjustmentsInHedgeAccountingTotal" xlink:title="definition: ConsolidatedProfitOrLossPresentation to GainsLossesOnFinancialInstrumentsDueToFairValueAdjustmentsInHedgeAccountingTotal" use="optional" order="9.0"/>
    <loc xlink:type="locator" xlink:href="http://xbrl.iasb.org/int/fr/ifrs/gp/2006-08-15/ifrs-gp-2006-08-15.xsd#ifrs-gp_GainsLossesOnFinancialInstrumentsExchangeDifferenceRevaluations" xlink:label="GainsLossesOnFinancialInstrumentsExchangeDifferenceRevaluations"/>
    <definitionArc xlink:type="arc" xlink:arcrole="http://xbrl.org/int/dim/arcrole/domain-member" xlink:from="ConsolidatedProfitOrLossPresentation" xlink:to="GainsLossesOnFinancialInstrumentsExchangeDifferenceRevaluations" xlink:title="definition: ConsolidatedProfitOrLossPresentation to GainsLossesOnFinancialInstrumentsExchangeDifferenceRevaluations" use="optional" order="10.0"/>
    <loc xlink:type="locator" xlink:href="http://xbrl.iasb.org/int/fr/ifrs/gp/2006-08-15/ifrs-gp-2006-08-15.xsd#ifrs-gp_GainLossOnDerecognitionOfNonCurrentAssetsNotHeldForSaleTotal" xlink:label="GainLossOnDerecognitionOfNonCurrentAssetsNotHeldForSaleTotal"/>
    <definitionArc xlink:type="arc" xlink:arcrole="http://xbrl.org/int/dim/arcrole/domain-member" xlink:from="ConsolidatedProfitOrLossPresentation" xlink:to="GainLossOnDerecognitionOfNonCurrentAssetsNotHeldForSaleTotal" xlink:title="definition: ConsolidatedProfitOrLossPresentation to GainLossOnDerecognitionOfNonCurrentAssetsNotHeldForSaleTotal" use="optional" order="12.0"/>
    <loc xlink:type="locator" xlink:href="p-FINREP-2008-01-01.xsd#p-FINREP_OtherOperatingIncome" xlink:label="OtherOperatingIncome"/>
    <definitionArc xlink:type="arc" xlink:arcrole="http://xbrl.org/int/dim/arcrole/domain-member" xlink:from="ConsolidatedProfitOrLossPresentation" xlink:to="OtherOperatingIncome" xlink:title="definition: ConsolidatedProfitOrLossPresentation to OtherOperatingIncome" use="optional" order="14.0"/>
    <loc xlink:type="locator" xlink:href="p-FINREP-2008-01-01.xsd#p-FINREP_OtherOperatingExpenses" xlink:label="OtherOperatingExpenses"/>
    <definitionArc xlink:type="arc" xlink:arcrole="http://xbrl.org/int/dim/arcrole/domain-member" xlink:from="ConsolidatedProfitOrLossPresentation" xlink:to="OtherOperatingExpenses" xlink:title="definition: ConsolidatedProfitOrLossPresentation to OtherOperatingExpenses" use="optional" order="15.0"/>
    <definitionArc xlink:type="arc" xlink:arcrole="http://xbrl.org/int/dim/arcrole/domain-member" xlink:from="ConsolidatedProfitOrLossPresentation" xlink:to="ImpairmentLossesReversalsFinancialInstrumentsNet" xlink:title="definition: ConsolidatedProfitOrLossPresentation to ImpairmentLossesReversalsFinancialInstrumentsNet" use="optional" order="18.0"/>
    <loc xlink:type="locator" xlink:href="p-FINREP-2008-01-01.xsd#p-FINREP_ImpairmentOnNonFinancialAssets" xlink:label="ImpairmentOnNonFinancialAssets" xlink:title="ImpairmentOnNonFinancialAssets"/>
    <definitionArc xlink:type="arc" xlink:arcrole="http://xbrl.org/int/dim/arcrole/domain-member" xlink:from="ConsolidatedProfitOrLossPresentation" xlink:to="ImpairmentOnNonFinancialAssets" xlink:title="definition: ConsolidatedProfitOrLossPresentation to ImpairmentOnNonFinancialAssets" order="19.0"/>
    <loc xlink:type="locator" xlink:href="d-ConsScope-2008-01-01.xsd#d-ConsScope_CRDConsolidationScopeHypercube" xlink:label="CRDConsolidationScopeHypercube_2" xlink:title="CRDConsolidationScopeHypercube"/>
    <definitionArc xlink:type="arc" xlink:arcrole="http://xbrl.org/int/dim/arcrole/all" xlink:from="ConsolidatedProfitOrLossPresentation" xlink:to="CRDConsolidationScopeHypercube_2" xlink:title="definition: ConsolidatedProfitOrLossPresentation to CRDConsolidationScopeHypercube" order="0.0" xbrldt:targetRole="http://www.c-ebs.org/eu/fr/esrs/finrep/2008-01-01/role/HcCRDConsolidationScopeHypercube" xbrldt:contextElement="scenario" xbrldt:closed="true"/>
    <loc xlink:type="locator" xlink:href="http://xbrl.iasb.org/int/fr/ifrs/gp/2006-08-15/ifrs-gp-2006-08-15.xsd#ifrs-gp_FeesAndCommissionIncomeTotal" xlink:label="FeesAndCommissionIncomeTotal" xlink:title="FeesAndCommissionIncomeTotal"/>
    <definitionArc xlink:type="arc" xlink:arcrole="http://xbrl.org/int/dim/arcrole/domain-member" xlink:from="ConsolidatedProfitOrLossPresentation" xlink:to="FeesAndCommissionIncomeTotal" xlink:title="definition: ConsolidatedProfitOrLossPresentation to FeesAndCommissionIncomeTotal" order="4.2"/>
    <loc xlink:type="locator" xlink:href="http://xbrl.iasb.org/int/fr/ifrs/gp/2006-08-15/ifrs-gp-2006-08-15.xsd#ifrs-gp_FeesAndCommissionExpenseTotal" xlink:label="FeesAndCommissionExpenseTotal" xlink:title="FeesAndCommissionExpenseTotal"/>
    <definitionArc xlink:type="arc" xlink:arcrole="http://xbrl.org/int/dim/arcrole/domain-member" xlink:from="ConsolidatedProfitOrLossPresentation" xlink:to="FeesAndCommissionExpenseTotal" xlink:title="definition: ConsolidatedProfitOrLossPresentation to FeesAndCommissionExpenseTotal" order="4.3"/>
    <loc xlink:type="locator" xlink:href="http://xbrl.iasb.org/int/fr/ifrs/gp/2006-08-15/ifrs-gp-2006-08-15.xsd#ifrs-gp_RealisedGainsLossesOnFinancialInstrumentsExcludingInterestFlowsTotal" xlink:label="RealisedGainsLossesOnFinancialInstrumentsExcludingInterestFlowsTotal" xlink:title="RealisedGainsLossesOnFinancialInstrumentsExcludingInterestFlowsTotal"/>
    <definitionArc xlink:type="arc" xlink:arcrole="http://xbrl.org/int/dim/arcrole/domain-member" xlink:from="ConsolidatedProfitOrLossPresentation" xlink:to="RealisedGainsLossesOnFinancialInstrumentsExcludingInterestFlowsTotal" xlink:title="definition: ConsolidatedProfitOrLossPresentation to RealisedGainsLossesOnFinancialInstrumentsExcludingInterestFlowsTotal" order="4.4"/>
    <loc xlink:type="locator" xlink:href="http://xbrl.iasb.org/int/fr/ifrs/gp/2006-08-15/ifrs-gp-2006-08-15.xsd#ifrs-gp_GainsLossesOnFinancialInstrumentsHeldForTradingTotal" xlink:label="GainsLossesOnFinancialInstrumentsHeldForTradingTotal" xlink:title="GainsLossesOnFinancialInstrumentsHeldForTradingTotal"/>
    <definitionArc xlink:type="arc" xlink:arcrole="http://xbrl.org/int/dim/arcrole/domain-member" xlink:from="ConsolidatedProfitOrLossPresentation" xlink:to="GainsLossesOnFinancialInstrumentsHeldForTradingTotal" xlink:title="definition: ConsolidatedProfitOrLossPresentation to GainsLossesOnFinancialInstrumentsHeldForTradingTotal" order="4.5"/>
  </definitionLink>
  <definitionLink xlink:type="extended" xlink:role="http://www.c-ebs.org/eu/fr/esrs/finrep/2008-01-01/role/ProhibitedItems">
    <loc xlink:type="locator" xlink:href="d-hh-2008-01-01.xsd#d-hh_ProhibitedItemsPlaceholder" xlink:label="d-hh_ProhibitedItemsPlaceholder"/>
    <loc xlink:type="locator" xlink:href="p-FINREP-2008-01-01.xsd#p-FINREP_ConsolidatedProfitOrLossPresentation" xlink:label="ConsolidatedProfitOrLossPresentation" xlink:title="ConsolidatedProfitOrLossPresentation"/>
    <definitionArc xlink:type="arc" xlink:arcrole="http://xbrl.org/int/dim/arcrole/domain-member" xlink:from="d-hh_ProhibitedItemsPlaceholder" xlink:to="ConsolidatedProfitOrLossPresentation" xlink:title="definition: ProhibitedItemsPlaceholder to CommonCAItemsDomain" order="1.0" xbrldt:targetRole="http://www.c-ebs.org/eu/fr/esrs/finrep/2008-01-01/role/ProfitOrLoss"/>
  </definitionLink>
</linkbase>
