<?xml version="1.0" encoding="US-ASCII"?>

<!-- Generated by Fujitsu XWand B0150 -->
<link:linkbase xmlns:xbrli='http://www.xbrl.org/2003/instance' xmlns:xsi='http://www.w3.org/2001/XMLSchema-instance' xmlns:xbrldt='http://xbrl.org/2005/xbrldt' xmlns:edgar='http://edgar/20081231' xmlns:xlink='http://www.w3.org/1999/xlink' xsi:schemaLocation='http://www.xbrl.org/2003/linkbase http://www.xbrl.org/2003/xbrl-linkbase-2003-12-31.xsd' xmlns:link='http://www.xbrl.org/2003/linkbase'>
<link:roleRef xlink:href='edgar-20120131.xsd#DocumentInformation' roleURI='http://edgar/role/DocumentInformation' xlink:type='simple' />
<link:roleRef xlink:href='edgar-20120131.xsd#EntityInformation' roleURI='http://edgar/role/EntityInformation' xlink:type='simple' />
<link:roleRef xlink:href='edgar-20120131.xsd#OtherInformation' roleURI='http://edgar/role/OtherInformation' xlink:type='simple' />
<link:arcroleRef xlink:href='http://www.xbrl.org/2005/xbrldt-2005.xsd#all' arcroleURI='http://xbrl.org/int/dim/arcrole/all' xlink:type='simple' />
<link:arcroleRef xlink:href='http://www.xbrl.org/2005/xbrldt-2005.xsd#dimension-default' arcroleURI='http://xbrl.org/int/dim/arcrole/dimension-default' xlink:type='simple' />
<link:arcroleRef xlink:href='http://www.xbrl.org/2005/xbrldt-2005.xsd#dimension-domain' arcroleURI='http://xbrl.org/int/dim/arcrole/dimension-domain' xlink:type='simple' />
<link:arcroleRef xlink:href='http://www.xbrl.org/2005/xbrldt-2005.xsd#domain-member' arcroleURI='http://xbrl.org/int/dim/arcrole/domain-member' xlink:type='simple' />
<link:arcroleRef xlink:href='http://www.xbrl.org/2005/xbrldt-2005.xsd#hypercube-dimension' arcroleURI='http://xbrl.org/int/dim/arcrole/hypercube-dimension' xlink:type='simple' />
<link:definitionLink xlink:type='extended' xlink:role='http://edgar/role/OtherInformation'>
<link:loc xlink:href='http://xbrl.sec.gov/dei/2012/dei-2012-01-31.xsd#dei_LegalEntityAxis' xlink:type='locator' xlink:label='LegalEntityAxis' />
<link:loc xlink:href='http://xbrl.sec.gov/dei/2012/dei-2012-01-31.xsd#dei_EntityDomain' xlink:type='locator' xlink:label='EntityDomain_2' />
<link:definitionArc xlink:to='EntityDomain_2' priority='1' use='optional' order='1.0' xlink:from='LegalEntityAxis' xlink:type='arc' xlink:arcrole='http://xbrl.org/int/dim/arcrole/dimension-default' />
</link:definitionLink>
</link:linkbase>
