<?xml version="1.0" encoding="US-ASCII"?>

<xbrli:xbrl xmlns:xbrli='http://www.xbrl.org/2003/instance' xmlns:dei='http://xbrl.sec.gov/dei/2012-01-31' xmlns:xlink='http://www.w3.org/1999/xlink' xmlns:link='http://www.xbrl.org/2003/linkbase' xmlns:iso4217='http://www.xbrl.org/2003/iso4217' xmlns:xbrldt='http://xbrl.org/2005/xbrldt' xmlns:xsi='http://www.w3.org/2001/XMLSchema-instance' xmlns:edgar='http://edgar/20081231'>
<link:schemaRef xlink:href='edgar-20120131.xsd' xlink:type='simple' />
<xbrli:context id='FY08'>
<xbrli:entity>
<xbrli:identifier scheme='http://www.sec.gov/CIK'>9876543210</xbrli:identifier>
</xbrli:entity>
<xbrli:period>
<xbrli:startDate>2012-01-01</xbrli:startDate>
<xbrli:endDate>2012-12-31</xbrli:endDate>
</xbrli:period>
</xbrli:context>
<dei:DocumentType contextRef='FY08'>8-K</dei:DocumentType>
<dei:AmendmentFlag contextRef='FY08'>false</dei:AmendmentFlag>
<dei:EntityCentralIndexKey contextRef='FY08'>9876543210</dei:EntityCentralIndexKey>
<dei:EntityRegistrantName contextRef='FY08'>TEST COMPANY</dei:EntityRegistrantName>
<dei:CurrentFiscalYearEndDate contextRef='FY08'>--12-31</dei:CurrentFiscalYearEndDate>
<dei:DocumentPeriodEndDate contextRef='FY08'>2012-12-31</dei:DocumentPeriodEndDate>
</xbrli:xbrl>
