<?xml version="1.0" encoding="US-ASCII"?>

<!-- Generated by Fujitsu XWand B0150 -->
<link:linkbase xmlns:xbrli='http://www.xbrl.org/2003/instance' xmlns:xsi='http://www.w3.org/2001/XMLSchema-instance' xmlns:edgar='http://edgar/20081231' xmlns:xlink='http://www.w3.org/1999/xlink' xsi:schemaLocation='http://www.xbrl.org/2003/linkbase http://www.xbrl.org/2003/xbrl-linkbase-2003-12-31.xsd' xmlns:link='http://www.xbrl.org/2003/linkbase'>
<link:labelLink xlink:type='extended' xlink:role='http://www.xbrl.org/2003/role/link'>
<link:loc xlink:href='edgar-20120131.xsd#edgar_Form10KMember' xlink:type='locator' xlink:label='Form10KMember' />
<link:loc xlink:href='edgar-20120131.xsd#edgar_Exhibit31Member' xlink:type='locator' xlink:label='Exhibit31Member' />
<link:loc xlink:href='edgar-20120131.xsd#edgar_AbcfsMember' xlink:type='locator' xlink:label='AbcfsMember' />
<link:loc xlink:href='edgar-20120131.xsd#edgar_AbcMember' xlink:type='locator' xlink:label='AbcMember' />
<link:loc xlink:href='edgar-20120131.xsd#edgar_Top' xlink:type='locator' xlink:label='Top' />
<link:loc xlink:href='http://xbrl.sec.gov/dei/2012/dei-2012-01-31.xsd#dei_AccountingAddressMember' xlink:type='locator' xlink:label='AccountingAddressMember' />
<link:loc xlink:href='http://xbrl.sec.gov/dei/2012/dei-2012-01-31.xsd#dei_AccountingContactMember' xlink:type='locator' xlink:label='AccountingContactMember' />
<link:loc xlink:href='http://xbrl.sec.gov/dei/2012/dei-2012-01-31.xsd#dei_AccountingFaxMember' xlink:type='locator' xlink:label='AccountingFaxMember' />
<link:loc xlink:href='http://xbrl.sec.gov/dei/2012/dei-2012-01-31.xsd#dei_AccountingPhoneMember' xlink:type='locator' xlink:label='AccountingPhoneMember' />
<link:loc xlink:href='http://xbrl.sec.gov/dei/2012/dei-2012-01-31.xsd#dei_AddressTypeDomain' xlink:type='locator' xlink:label='AddressTypeDomain' />
<link:loc xlink:href='http://xbrl.sec.gov/dei/2012/dei-2012-01-31.xsd#dei_AmendmentDescription' xlink:type='locator' xlink:label='AmendmentDescription' />
<link:loc xlink:href='http://xbrl.sec.gov/dei/2012/dei-2012-01-31.xsd#dei_AmendmentFlag' xlink:type='locator' xlink:label='AmendmentFlag' />
<link:loc xlink:href='http://xbrl.sec.gov/dei/2012/dei-2012-01-31.xsd#dei_ApproximateDateOfCommencementOfProposedSaleToThePublic' xlink:type='locator' xlink:label='ApproximateDateOfCommencementOfProposedSaleToThePublic' />
<link:loc xlink:href='http://xbrl.sec.gov/dei/2012/dei-2012-01-31.xsd#dei_BusinessContactMember' xlink:type='locator' xlink:label='BusinessContactMember' />
<link:loc xlink:href='http://xbrl.sec.gov/dei/2012/dei-2012-01-31.xsd#dei_CityAreaCode' xlink:type='locator' xlink:label='CityAreaCode' />
<link:loc xlink:href='http://xbrl.sec.gov/dei/2012/dei-2012-01-31.xsd#dei_ContactAddressMember' xlink:type='locator' xlink:label='ContactAddressMember' />
<link:loc xlink:href='http://xbrl.sec.gov/dei/2012/dei-2012-01-31.xsd#dei_ContactFaxMember' xlink:type='locator' xlink:label='ContactFaxMember' />
<link:loc xlink:href='http://xbrl.sec.gov/dei/2012/dei-2012-01-31.xsd#dei_ContactPersonnelEmailAddress' xlink:type='locator' xlink:label='ContactPersonnelEmailAddress' />
<link:loc xlink:href='http://xbrl.sec.gov/dei/2012/dei-2012-01-31.xsd#dei_ContactPersonnelName' xlink:type='locator' xlink:label='ContactPersonnelName' />
<link:loc xlink:href='http://xbrl.sec.gov/dei/2012/dei-2012-01-31.xsd#dei_ContactPersonnelUniformResourceLocatorURL' xlink:type='locator' xlink:label='ContactPersonnelUniformResourceLocatorURL' />
<link:loc xlink:href='http://xbrl.sec.gov/dei/2012/dei-2012-01-31.xsd#dei_ContactPersonTypeDomain' xlink:type='locator' xlink:label='ContactPersonTypeDomain' />
<link:loc xlink:href='http://xbrl.sec.gov/dei/2012/dei-2012-01-31.xsd#dei_ContactPhoneMember' xlink:type='locator' xlink:label='ContactPhoneMember' />
<link:loc xlink:href='http://xbrl.sec.gov/dei/2012/dei-2012-01-31.xsd#dei_ContainedFileInformationFileDescription' xlink:type='locator' xlink:label='ContainedFileInformationFileDescription' />
<link:loc xlink:href='http://xbrl.sec.gov/dei/2012/dei-2012-01-31.xsd#dei_ContainedFileInformationFileName' xlink:type='locator' xlink:label='ContainedFileInformationFileName' />
<link:loc xlink:href='http://xbrl.sec.gov/dei/2012/dei-2012-01-31.xsd#dei_ContainedFileInformationFileNumber' xlink:type='locator' xlink:label='ContainedFileInformationFileNumber' />
<link:loc xlink:href='http://xbrl.sec.gov/dei/2012/dei-2012-01-31.xsd#dei_ContainedFileInformationFileType' xlink:type='locator' xlink:label='ContainedFileInformationFileType' />
<link:loc xlink:href='http://xbrl.sec.gov/dei/2012/dei-2012-01-31.xsd#dei_CountryRegion' xlink:type='locator' xlink:label='CountryRegion' />
<link:loc xlink:href='http://xbrl.sec.gov/dei/2012/dei-2012-01-31.xsd#dei_CurrentFiscalYearEndDate' xlink:type='locator' xlink:label='CurrentFiscalYearEndDate' />
<link:loc xlink:href='http://xbrl.sec.gov/dei/2012/dei-2012-01-31.xsd#dei_DeprecatedItemsForDEI' xlink:type='locator' xlink:label='DeprecatedItemsForDEI' />
<link:loc xlink:href='http://xbrl.sec.gov/dei/2012/dei-2012-01-31.xsd#dei_DocumentContactMember' xlink:type='locator' xlink:label='DocumentContactMember' />
<link:loc xlink:href='http://xbrl.sec.gov/dei/2012/dei-2012-01-31.xsd#dei_DocumentCopyrightInformation' xlink:type='locator' xlink:label='DocumentCopyrightInformation' />
<link:loc xlink:href='http://xbrl.sec.gov/dei/2012/dei-2012-01-31.xsd#dei_DocumentCreationDate' xlink:type='locator' xlink:label='DocumentCreationDate' />
<link:loc xlink:href='http://xbrl.sec.gov/dei/2012/dei-2012-01-31.xsd#dei_DocumentDescription' xlink:type='locator' xlink:label='DocumentDescription' />
<link:loc xlink:href='http://xbrl.sec.gov/dei/2012/dei-2012-01-31.xsd#dei_DocumentDomain' xlink:type='locator' xlink:label='DocumentDomain' />
<link:loc xlink:href='http://xbrl.sec.gov/dei/2012/dei-2012-01-31.xsd#dei_DocumentEffectiveDate' xlink:type='locator' xlink:label='DocumentEffectiveDate' />
<link:loc xlink:href='http://xbrl.sec.gov/dei/2012/dei-2012-01-31.xsd#dei_DocumentFiscalPeriodFocus' xlink:type='locator' xlink:label='DocumentFiscalPeriodFocus' />
<link:loc xlink:href='http://xbrl.sec.gov/dei/2012/dei-2012-01-31.xsd#dei_DocumentFiscalYearFocus' xlink:type='locator' xlink:label='DocumentFiscalYearFocus' />
<link:loc xlink:href='http://xbrl.sec.gov/dei/2012/dei-2012-01-31.xsd#dei_DocumentInformationDocumentAxis' xlink:type='locator' xlink:label='DocumentInformationDocumentAxis' />
<link:loc xlink:href='http://xbrl.sec.gov/dei/2012/dei-2012-01-31.xsd#dei_DocumentInformationLineItems' xlink:type='locator' xlink:label='DocumentInformationLineItems' />
<link:loc xlink:href='http://xbrl.sec.gov/dei/2012/dei-2012-01-31.xsd#dei_DocumentInformationTable' xlink:type='locator' xlink:label='DocumentInformationTable' />
<link:loc xlink:href='http://xbrl.sec.gov/dei/2012/dei-2012-01-31.xsd#dei_DocumentInformationTextBlock' xlink:type='locator' xlink:label='DocumentInformationTextBlock' />
<link:loc xlink:href='http://xbrl.sec.gov/dei/2012/dei-2012-01-31.xsd#dei_DocumentName' xlink:type='locator' xlink:label='DocumentName' />
<link:loc xlink:href='http://xbrl.sec.gov/dei/2012/dei-2012-01-31.xsd#dei_DocumentPeriodEndDate' xlink:type='locator' xlink:label='DocumentPeriodEndDate' />
<link:loc xlink:href='http://xbrl.sec.gov/dei/2012/dei-2012-01-31.xsd#dei_DocumentPeriodStartDate' xlink:type='locator' xlink:label='DocumentPeriodStartDate' />
<link:loc xlink:href='http://xbrl.sec.gov/dei/2012/dei-2012-01-31.xsd#dei_DocumentSubtitle' xlink:type='locator' xlink:label='DocumentSubtitle' />
<link:loc xlink:href='http://xbrl.sec.gov/dei/2012/dei-2012-01-31.xsd#dei_DocumentSynopsis' xlink:type='locator' xlink:label='DocumentSynopsis' />
<link:loc xlink:href='http://xbrl.sec.gov/dei/2012/dei-2012-01-31.xsd#dei_DocumentTitle' xlink:type='locator' xlink:label='DocumentTitle' />
<link:loc xlink:href='http://xbrl.sec.gov/dei/2012/dei-2012-01-31.xsd#dei_DocumentType' xlink:type='locator' xlink:label='DocumentType' />
<link:loc xlink:href='http://xbrl.sec.gov/dei/2012/dei-2012-01-31.xsd#dei_DocumentVersion' xlink:type='locator' xlink:label='DocumentVersion' />
<link:loc xlink:href='http://xbrl.sec.gov/dei/2012/dei-2012-01-31.xsd#dei_EntitiesTable' xlink:type='locator' xlink:label='EntitiesTable' />
<link:loc xlink:href='http://xbrl.sec.gov/dei/2012/dei-2012-01-31.xsd#dei_EntityAccountingStandard' xlink:type='locator' xlink:label='EntityAccountingStandard' />
<link:loc xlink:href='http://xbrl.sec.gov/dei/2012/dei-2012-01-31.xsd#dei_EntityAddressAddressDescription' xlink:type='locator' xlink:label='EntityAddressAddressDescription' />
<link:loc xlink:href='http://xbrl.sec.gov/dei/2012/dei-2012-01-31.xsd#dei_EntityAddressAddressLine1' xlink:type='locator' xlink:label='EntityAddressAddressLine1' />
<link:loc xlink:href='http://xbrl.sec.gov/dei/2012/dei-2012-01-31.xsd#dei_EntityAddressAddressLine2' xlink:type='locator' xlink:label='EntityAddressAddressLine2' />
<link:loc xlink:href='http://xbrl.sec.gov/dei/2012/dei-2012-01-31.xsd#dei_EntityAddressAddressLine3' xlink:type='locator' xlink:label='EntityAddressAddressLine3' />
<link:loc xlink:href='http://xbrl.sec.gov/dei/2012/dei-2012-01-31.xsd#dei_EntityAddressCityOrTown' xlink:type='locator' xlink:label='EntityAddressCityOrTown' />
<link:loc xlink:href='http://xbrl.sec.gov/dei/2012/dei-2012-01-31.xsd#dei_EntityAddressCountry' xlink:type='locator' xlink:label='EntityAddressCountry' />
<link:loc xlink:href='http://xbrl.sec.gov/dei/2012/dei-2012-01-31.xsd#dei_EntityAddressesAddressTypeAxis' xlink:type='locator' xlink:label='EntityAddressesAddressTypeAxis' />
<link:loc xlink:href='http://xbrl.sec.gov/dei/2012/dei-2012-01-31.xsd#dei_EntityAddressesLineItems' xlink:type='locator' xlink:label='EntityAddressesLineItems' />
<link:loc xlink:href='http://xbrl.sec.gov/dei/2012/dei-2012-01-31.xsd#dei_EntityAddressesTable' xlink:type='locator' xlink:label='EntityAddressesTable' />
<link:loc xlink:href='http://xbrl.sec.gov/dei/2012/dei-2012-01-31.xsd#dei_EntityAddressPostalZipCode' xlink:type='locator' xlink:label='EntityAddressPostalZipCode' />
<link:loc xlink:href='http://xbrl.sec.gov/dei/2012/dei-2012-01-31.xsd#dei_EntityAddressRegion' xlink:type='locator' xlink:label='EntityAddressRegion' />
<link:loc xlink:href='http://xbrl.sec.gov/dei/2012/dei-2012-01-31.xsd#dei_EntityAddressStateOrProvince' xlink:type='locator' xlink:label='EntityAddressStateOrProvince' />
<link:loc xlink:href='http://xbrl.sec.gov/dei/2012/dei-2012-01-31.xsd#dei_EntityByLocationAxis' xlink:type='locator' xlink:label='EntityByLocationAxis' />
<link:loc xlink:href='http://xbrl.sec.gov/dei/2012/dei-2012-01-31.xsd#dei_EntityCentralIndexKey' xlink:type='locator' xlink:label='EntityCentralIndexKey' />
<link:loc xlink:href='http://xbrl.sec.gov/dei/2012/dei-2012-01-31.xsd#dei_EntityCommonStockSharesOutstanding' xlink:type='locator' xlink:label='EntityCommonStockSharesOutstanding' />
<link:loc xlink:href='http://xbrl.sec.gov/dei/2012/dei-2012-01-31.xsd#dei_EntityContactPersonnelContactPersonTypeAxis' xlink:type='locator' xlink:label='EntityContactPersonnelContactPersonTypeAxis' />
<link:loc xlink:href='http://xbrl.sec.gov/dei/2012/dei-2012-01-31.xsd#dei_EntityContactPersonnelLineItems' xlink:type='locator' xlink:label='EntityContactPersonnelLineItems' />
<link:loc xlink:href='http://xbrl.sec.gov/dei/2012/dei-2012-01-31.xsd#dei_EntityContactPersonnelTable' xlink:type='locator' xlink:label='EntityContactPersonnelTable' />
<link:loc xlink:href='http://xbrl.sec.gov/dei/2012/dei-2012-01-31.xsd#dei_EntityCurrentReportingStatus' xlink:type='locator' xlink:label='EntityCurrentReportingStatus' />
<link:loc xlink:href='http://xbrl.sec.gov/dei/2012/dei-2012-01-31.xsd#dei_EntityDataUniversalNumberingSystemNumber' xlink:type='locator' xlink:label='EntityDataUniversalNumberingSystemNumber' />
<link:loc xlink:href='http://xbrl.sec.gov/dei/2012/dei-2012-01-31.xsd#dei_EntityDomain' xlink:type='locator' xlink:label='EntityDomain' />
<link:loc xlink:href='http://xbrl.sec.gov/dei/2012/dei-2012-01-31.xsd#dei_EntityFilerCategory' xlink:type='locator' xlink:label='EntityFilerCategory' />
<link:loc xlink:href='http://xbrl.sec.gov/dei/2012/dei-2012-01-31.xsd#dei_EntityHomeCountryISOCode' xlink:type='locator' xlink:label='EntityHomeCountryISOCode' />
<link:loc xlink:href='http://xbrl.sec.gov/dei/2012/dei-2012-01-31.xsd#dei_EntityIncorporationDateOfIncorporation' xlink:type='locator' xlink:label='EntityIncorporationDateOfIncorporation' />
<link:loc xlink:href='http://xbrl.sec.gov/dei/2012/dei-2012-01-31.xsd#dei_EntityIncorporationStateCountryName' xlink:type='locator' xlink:label='EntityIncorporationStateCountryName' />
<link:loc xlink:href='http://xbrl.sec.gov/dei/2012/dei-2012-01-31.xsd#dei_EntityInformationDateToChangeFormerLegalOrRegisteredName' xlink:type='locator' xlink:label='EntityInformationDateToChangeFormerLegalOrRegisteredName' />
<link:loc xlink:href='http://xbrl.sec.gov/dei/2012/dei-2012-01-31.xsd#dei_EntityInformationFormerLegalOrRegisteredName' xlink:type='locator' xlink:label='EntityInformationFormerLegalOrRegisteredName' />
<link:loc xlink:href='http://xbrl.sec.gov/dei/2012/dei-2012-01-31.xsd#dei_EntityInformationLineItems' xlink:type='locator' xlink:label='EntityInformationLineItems' />
<link:loc xlink:href='http://xbrl.sec.gov/dei/2012/dei-2012-01-31.xsd#dei_EntityLegalForm' xlink:type='locator' xlink:label='EntityLegalForm' />
<link:loc xlink:href='http://xbrl.sec.gov/dei/2012/dei-2012-01-31.xsd#dei_EntityListingDepositoryReceiptRatio' xlink:type='locator' xlink:label='EntityListingDepositoryReceiptRatio' />
<link:loc xlink:href='http://xbrl.sec.gov/dei/2012/dei-2012-01-31.xsd#dei_EntityListingDescription' xlink:type='locator' xlink:label='EntityListingDescription' />
<link:loc xlink:href='http://xbrl.sec.gov/dei/2012/dei-2012-01-31.xsd#dei_EntityListingForeign' xlink:type='locator' xlink:label='EntityListingForeign' />
<link:loc xlink:href='http://xbrl.sec.gov/dei/2012/dei-2012-01-31.xsd#dei_EntityListingParValuePerShare' xlink:type='locator' xlink:label='EntityListingParValuePerShare' />
<link:loc xlink:href='http://xbrl.sec.gov/dei/2012/dei-2012-01-31.xsd#dei_EntityListingPrimary' xlink:type='locator' xlink:label='EntityListingPrimary' />
<link:loc xlink:href='http://xbrl.sec.gov/dei/2012/dei-2012-01-31.xsd#dei_EntityListingSecurityTradingCurrency' xlink:type='locator' xlink:label='EntityListingSecurityTradingCurrency' />
<link:loc xlink:href='http://xbrl.sec.gov/dei/2012/dei-2012-01-31.xsd#dei_EntityListingsExchangeAxis' xlink:type='locator' xlink:label='EntityListingsExchangeAxis' />
<link:loc xlink:href='http://xbrl.sec.gov/dei/2012/dei-2012-01-31.xsd#dei_EntityListingsInstrumentAxis' xlink:type='locator' xlink:label='EntityListingsInstrumentAxis' />
<link:loc xlink:href='http://xbrl.sec.gov/dei/2012/dei-2012-01-31.xsd#dei_EntityListingsLineItems' xlink:type='locator' xlink:label='EntityListingsLineItems' />
<link:loc xlink:href='http://xbrl.sec.gov/dei/2012/dei-2012-01-31.xsd#dei_EntityListingsTable' xlink:type='locator' xlink:label='EntityListingsTable' />
<link:loc xlink:href='http://xbrl.sec.gov/dei/2012/dei-2012-01-31.xsd#dei_EntityLocationLineItems' xlink:type='locator' xlink:label='EntityLocationLineItems' />
<link:loc xlink:href='http://xbrl.sec.gov/dei/2012/dei-2012-01-31.xsd#dei_EntityLocationPrimary' xlink:type='locator' xlink:label='EntityLocationPrimary' />
<link:loc xlink:href='http://xbrl.sec.gov/dei/2012/dei-2012-01-31.xsd#dei_EntityLocationTable' xlink:type='locator' xlink:label='EntityLocationTable' />
<link:loc xlink:href='http://xbrl.sec.gov/dei/2012/dei-2012-01-31.xsd#dei_EntityNorthAmericanIndustryClassificationPrimary' xlink:type='locator' xlink:label='EntityNorthAmericanIndustryClassificationPrimary' />
<link:loc xlink:href='http://xbrl.sec.gov/dei/2012/dei-2012-01-31.xsd#dei_EntityNorthAmericanIndustryClassificationsIndustryAxis' xlink:type='locator' xlink:label='EntityNorthAmericanIndustryClassificationsIndustryAxis' />
<link:loc xlink:href='http://xbrl.sec.gov/dei/2012/dei-2012-01-31.xsd#dei_EntityNorthAmericanIndustryClassificationsLineItems' xlink:type='locator' xlink:label='EntityNorthAmericanIndustryClassificationsLineItems' />
<link:loc xlink:href='http://xbrl.sec.gov/dei/2012/dei-2012-01-31.xsd#dei_EntityNorthAmericanIndustryClassificationsTable' xlink:type='locator' xlink:label='EntityNorthAmericanIndustryClassificationsTable' />
<link:loc xlink:href='http://xbrl.sec.gov/dei/2012/dei-2012-01-31.xsd#dei_EntityNumberOfEmployees' xlink:type='locator' xlink:label='EntityNumberOfEmployees' />
<link:loc xlink:href='http://xbrl.sec.gov/dei/2012/dei-2012-01-31.xsd#dei_EntityOtherIdentificationType' xlink:type='locator' xlink:label='EntityOtherIdentificationType' />
<link:loc xlink:href='http://xbrl.sec.gov/dei/2012/dei-2012-01-31.xsd#dei_EntityOtherIdentificationValue' xlink:type='locator' xlink:label='EntityOtherIdentificationValue' />
<link:loc xlink:href='http://xbrl.sec.gov/dei/2012/dei-2012-01-31.xsd#dei_EntityPhoneFaxNumbersLineItems' xlink:type='locator' xlink:label='EntityPhoneFaxNumbersLineItems' />
<link:loc xlink:href='http://xbrl.sec.gov/dei/2012/dei-2012-01-31.xsd#dei_EntityPhoneFaxNumbersPhoneFaxNumberTypeAxis' xlink:type='locator' xlink:label='EntityPhoneFaxNumbersPhoneFaxNumberTypeAxis' />
<link:loc xlink:href='http://xbrl.sec.gov/dei/2012/dei-2012-01-31.xsd#dei_EntityPhoneFaxNumbersTable' xlink:type='locator' xlink:label='EntityPhoneFaxNumbersTable' />
<link:loc xlink:href='http://xbrl.sec.gov/dei/2012/dei-2012-01-31.xsd#dei_EntityPublicFloat' xlink:type='locator' xlink:label='EntityPublicFloat' />
<link:loc xlink:href='http://xbrl.sec.gov/dei/2012/dei-2012-01-31.xsd#dei_EntityRegistrantName' xlink:type='locator' xlink:label='EntityRegistrantName' />
<link:loc xlink:href='http://xbrl.sec.gov/dei/2012/dei-2012-01-31.xsd#dei_EntityReportingCurrencyISOCode' xlink:type='locator' xlink:label='EntityReportingCurrencyISOCode' />
<link:loc xlink:href='http://xbrl.sec.gov/dei/2012/dei-2012-01-31.xsd#dei_EntitySectorIndustryClassificationPrimary' xlink:type='locator' xlink:label='EntitySectorIndustryClassificationPrimary' />
<link:loc xlink:href='http://xbrl.sec.gov/dei/2012/dei-2012-01-31.xsd#dei_EntitySectorIndustryClassificationsLineItems' xlink:type='locator' xlink:label='EntitySectorIndustryClassificationsLineItems' />
<link:loc xlink:href='http://xbrl.sec.gov/dei/2012/dei-2012-01-31.xsd#dei_EntitySectorIndustryClassificationsSectorAxis' xlink:type='locator' xlink:label='EntitySectorIndustryClassificationsSectorAxis' />
<link:loc xlink:href='http://xbrl.sec.gov/dei/2012/dei-2012-01-31.xsd#dei_EntitySectorIndustryClassificationsTable' xlink:type='locator' xlink:label='EntitySectorIndustryClassificationsTable' />
<link:loc xlink:href='http://xbrl.sec.gov/dei/2012/dei-2012-01-31.xsd#dei_EntityTaxIdentificationNumber' xlink:type='locator' xlink:label='EntityTaxIdentificationNumber' />
<link:loc xlink:href='http://xbrl.sec.gov/dei/2012/dei-2012-01-31.xsd#dei_EntityTextBlock' xlink:type='locator' xlink:label='EntityTextBlock' />
<link:loc xlink:href='http://xbrl.sec.gov/dei/2012/dei-2012-01-31.xsd#dei_EntityVoluntaryFilers' xlink:type='locator' xlink:label='EntityVoluntaryFilers' />
<link:loc xlink:href='http://xbrl.sec.gov/dei/2012/dei-2012-01-31.xsd#dei_EntityWellKnownSeasonedIssuer' xlink:type='locator' xlink:label='EntityWellKnownSeasonedIssuer' />
<link:loc xlink:href='http://xbrl.sec.gov/dei/2012/dei-2012-01-31.xsd#dei_ExchangeDomain' xlink:type='locator' xlink:label='ExchangeDomain' />
<link:loc xlink:href='http://xbrl.sec.gov/dei/2012/dei-2012-01-31.xsd#dei_Extension' xlink:type='locator' xlink:label='Extension' />
<link:loc xlink:href='http://xbrl.sec.gov/dei/2012/dei-2012-01-31.xsd#dei_FormerFiscalYearEndDate' xlink:type='locator' xlink:label='FormerFiscalYearEndDate' />
<link:loc xlink:href='http://xbrl.sec.gov/dei/2012/dei-2012-01-31.xsd#dei_GeneralFaxMember' xlink:type='locator' xlink:label='GeneralFaxMember' />
<link:loc xlink:href='http://xbrl.sec.gov/dei/2012/dei-2012-01-31.xsd#dei_GeneralPhoneMember' xlink:type='locator' xlink:label='GeneralPhoneMember' />
<link:loc xlink:href='http://xbrl.sec.gov/dei/2012/dei-2012-01-31.xsd#dei_HumanResourcesContactMember' xlink:type='locator' xlink:label='HumanResourcesContactMember' />
<link:loc xlink:href='http://xbrl.sec.gov/dei/2012/dei-2012-01-31.xsd#dei_InstrumentDomain' xlink:type='locator' xlink:label='InstrumentDomain' />
<link:loc xlink:href='http://xbrl.sec.gov/dei/2012/dei-2012-01-31.xsd#dei_InvestorRelationsContactMember' xlink:type='locator' xlink:label='InvestorRelationsContactMember' />
<link:loc xlink:href='http://xbrl.sec.gov/dei/2012/dei-2012-01-31.xsd#dei_InvestorRelationsFaxMember' xlink:type='locator' xlink:label='InvestorRelationsFaxMember' />
<link:loc xlink:href='http://xbrl.sec.gov/dei/2012/dei-2012-01-31.xsd#dei_InvestorRelationsPhoneMember' xlink:type='locator' xlink:label='InvestorRelationsPhoneMember' />
<link:loc xlink:href='http://xbrl.sec.gov/dei/2012/dei-2012-01-31.xsd#dei_LegalAddressMember' xlink:type='locator' xlink:label='LegalAddressMember' />
<link:loc xlink:href='http://xbrl.sec.gov/dei/2012/dei-2012-01-31.xsd#dei_LegalContactMember' xlink:type='locator' xlink:label='LegalContactMember' />
<link:loc xlink:href='http://xbrl.sec.gov/dei/2012/dei-2012-01-31.xsd#dei_LegalEntityAxis' xlink:type='locator' xlink:label='LegalEntityAxis' />
<link:loc xlink:href='http://xbrl.sec.gov/dei/2012/dei-2012-01-31.xsd#dei_LegalFaxMember' xlink:type='locator' xlink:label='LegalFaxMember' />
<link:loc xlink:href='http://xbrl.sec.gov/dei/2012/dei-2012-01-31.xsd#dei_LegalPhoneMember' xlink:type='locator' xlink:label='LegalPhoneMember' />
<link:loc xlink:href='http://xbrl.sec.gov/dei/2012/dei-2012-01-31.xsd#dei_LocalPhoneNumber' xlink:type='locator' xlink:label='LocalPhoneNumber' />
<link:loc xlink:href='http://xbrl.sec.gov/dei/2012/dei-2012-01-31.xsd#dei_LocationDomain' xlink:type='locator' xlink:label='LocationDomain' />
<link:loc xlink:href='http://xbrl.sec.gov/dei/2012/dei-2012-01-31.xsd#dei_MailingAddressMember' xlink:type='locator' xlink:label='MailingAddressMember' />
<link:loc xlink:href='http://xbrl.sec.gov/dei/2012/dei-2012-01-31.xsd#dei_NAICSDomain' xlink:type='locator' xlink:label='NAICSDomain' />
<link:loc xlink:href='http://xbrl.sec.gov/dei/2012/dei-2012-01-31.xsd#dei_OtherAddressMember' xlink:type='locator' xlink:label='OtherAddressMember' />
<link:loc xlink:href='http://xbrl.sec.gov/dei/2012/dei-2012-01-31.xsd#dei_ParentEntityLegalName' xlink:type='locator' xlink:label='ParentEntityLegalName' />
<link:loc xlink:href='http://xbrl.sec.gov/dei/2012/dei-2012-01-31.xsd#dei_PhoneFaxNumberDescription' xlink:type='locator' xlink:label='PhoneFaxNumberDescription' />
<link:loc xlink:href='http://xbrl.sec.gov/dei/2012/dei-2012-01-31.xsd#dei_PhoneFaxNumberTypeDomain' xlink:type='locator' xlink:label='PhoneFaxNumberTypeDomain' />
<link:loc xlink:href='http://xbrl.sec.gov/dei/2012/dei-2012-01-31.xsd#dei_PostEffectiveAmendmentNumber' xlink:type='locator' xlink:label='PostEffectiveAmendmentNumber' />
<link:loc xlink:href='http://xbrl.sec.gov/dei/2012/dei-2012-01-31.xsd#dei_PreEffectiveAmendmentNumber' xlink:type='locator' xlink:label='PreEffectiveAmendmentNumber' />
<link:loc xlink:href='http://xbrl.sec.gov/dei/2012/dei-2012-01-31.xsd#dei_PrincipalAddressMember' xlink:type='locator' xlink:label='PrincipalAddressMember' />
<link:loc xlink:href='http://xbrl.sec.gov/dei/2012/dei-2012-01-31.xsd#dei_RegistrationStatementAmendmentNumber' xlink:type='locator' xlink:label='RegistrationStatementAmendmentNumber' />
<link:loc xlink:href='http://xbrl.sec.gov/dei/2012/dei-2012-01-31.xsd#dei_SectorDomain' xlink:type='locator' xlink:label='SectorDomain' />
<link:loc xlink:href='http://xbrl.sec.gov/dei/2012/dei-2012-01-31.xsd#dei_TradingSymbol' xlink:type='locator' xlink:label='TradingSymbol' />
<link:label id='label_Form10KMember' xlink:type='resource' xlink:label='label_Form10KMember' xlink:role='http://www.xbrl.org/2003/role/label' xml:lang='en-US'>Form 10K [Member]</link:label>
<link:label id='label_Exhibit31Member' xlink:type='resource' xlink:label='label_Exhibit31Member' xlink:role='http://www.xbrl.org/2003/role/label' xml:lang='en-US'>Exhibit 31 [Member]</link:label>
<link:label id='label_AbcfsMember' xlink:type='resource' xlink:label='label_AbcfsMember' xlink:role='http://www.xbrl.org/2003/role/label' xml:lang='en-US'>ABCFS [Member]</link:label>
<link:label id='label_AbcMember' xlink:type='resource' xlink:label='label_AbcMember' xlink:role='http://www.xbrl.org/2003/role/label' xml:lang='en-US'>ABC [Member]</link:label>
<link:label id='label_Top' xlink:type='resource' xlink:label='label_Top' xlink:role='http://www.xbrl.org/2003/role/label' xml:lang='en-US'>Top</link:label>
<link:label xlink:type='resource' xlink:label='label_AccountingAddressMember' xlink:role='http://www.xbrl.org/2003/role/label' xml:lang='en-US'>Accounting Address [Member]</link:label>
<link:label xlink:type='resource' xlink:label='label_AccountingContactMember' xlink:role='http://www.xbrl.org/2003/role/label' xml:lang='en-US'>Accounting Contact [Member]</link:label>
<link:label xlink:type='resource' xlink:label='label_AccountingFaxMember' xlink:role='http://www.xbrl.org/2003/role/label' xml:lang='en-US'>Accounting Fax [Member]</link:label>
<link:label xlink:type='resource' xlink:label='label_AccountingPhoneMember' xlink:role='http://www.xbrl.org/2003/role/label' xml:lang='en-US'>Accounting Phone [Member]</link:label>
<link:label xlink:type='resource' xlink:label='label_AddressTypeDomain' xlink:role='http://www.xbrl.org/2003/role/label' xml:lang='en-US'>Address Type [Domain]</link:label>
<link:label xlink:type='resource' xlink:label='label_AmendmentDescription' xlink:role='http://www.xbrl.org/2003/role/label' xml:lang='en-US'>Amendment Description</link:label>
<link:label xlink:type='resource' xlink:label='label_AmendmentFlag' xlink:role='http://www.xbrl.org/2003/role/label' xml:lang='en-US'>Amendment Flag</link:label>
<link:label xlink:type='resource' xlink:label='label_ApproximateDateOfCommencementOfProposedSaleToThePublic' xlink:role='http://www.xbrl.org/2003/role/label' xml:lang='en-US'>Approximate Date of Commencement of Proposed Sale to Public</link:label>
<link:label xlink:type='resource' xlink:label='label_BusinessContactMember' xlink:role='http://www.xbrl.org/2003/role/label' xml:lang='en-US'>Business Contact [Member]</link:label>
<link:label xlink:type='resource' xlink:label='label_CityAreaCode' xlink:role='http://www.xbrl.org/2003/role/label' xml:lang='en-US'>City Area Code</link:label>
<link:label xlink:type='resource' xlink:label='label_ContactAddressMember' xlink:role='http://www.xbrl.org/2003/role/label' xml:lang='en-US'>Contact Address [Member]</link:label>
<link:label xlink:type='resource' xlink:label='label_ContactFaxMember' xlink:role='http://www.xbrl.org/2003/role/label' xml:lang='en-US'>Contact Fax [Member]</link:label>
<link:label xlink:type='resource' xlink:label='label_ContactPersonnelEmailAddress' xlink:role='http://www.xbrl.org/2003/role/label' xml:lang='en-US'>Contact Personnel Email Address</link:label>
<link:label xlink:type='resource' xlink:label='label_ContactPersonnelName' xlink:role='http://www.xbrl.org/2003/role/label' xml:lang='en-US'>Contact Personnel Name</link:label>
<link:label xlink:type='resource' xlink:label='label_ContactPersonnelUniformResourceLocatorURL' xlink:role='http://www.xbrl.org/2003/role/label' xml:lang='en-US'>Contact Personnel Uniform Resource Locator (URL)</link:label>
<link:label xlink:type='resource' xlink:label='label_ContactPersonTypeDomain' xlink:role='http://www.xbrl.org/2003/role/label' xml:lang='en-US'>Contact Person Type [Domain]</link:label>
<link:label xlink:type='resource' xlink:label='label_ContactPhoneMember' xlink:role='http://www.xbrl.org/2003/role/label' xml:lang='en-US'>Contact Phone [Member]</link:label>
<link:label xlink:type='resource' xlink:label='label_ContainedFileInformationFileDescription' xlink:role='http://www.xbrl.org/2003/role/label' xml:lang='en-US'>Contained File Information, File Description</link:label>
<link:label xlink:type='resource' xlink:label='label_ContainedFileInformationFileName' xlink:role='http://www.xbrl.org/2003/role/label' xml:lang='en-US'>Contained File Information, File Name</link:label>
<link:label xlink:type='resource' xlink:label='label_ContainedFileInformationFileNumber' xlink:role='http://www.xbrl.org/2003/role/label' xml:lang='en-US'>Contained File Information, File Number</link:label>
<link:label xlink:type='resource' xlink:label='label_ContainedFileInformationFileType' xlink:role='http://www.xbrl.org/2003/role/label' xml:lang='en-US'>Contained File Information, File Type</link:label>
<link:label xlink:type='resource' xlink:label='label_CountryRegion' xlink:role='http://www.xbrl.org/2003/role/label' xml:lang='en-US'>Country Region</link:label>
<link:label xlink:type='resource' xlink:label='label_CurrentFiscalYearEndDate' xlink:role='http://www.xbrl.org/2003/role/label' xml:lang='en-US'>Current Fiscal Year End Date</link:label>
<link:label xlink:type='resource' xlink:label='label_DeprecatedItemsForDEI' xlink:role='http://www.xbrl.org/2003/role/label' xml:lang='en-US'>Deprecated Items for DEI [Abstract]</link:label>
<link:label xlink:type='resource' xlink:label='label_DocumentContactMember' xlink:role='http://www.xbrl.org/2003/role/label' xml:lang='en-US'>Document Contact [Member]</link:label>
<link:label xlink:type='resource' xlink:label='label_DocumentCopyrightInformation' xlink:role='http://www.xbrl.org/2003/role/label' xml:lang='en-US'>Document Copyright Information</link:label>
<link:label xlink:type='resource' xlink:label='label_DocumentCreationDate' xlink:role='http://www.xbrl.org/2003/role/label' xml:lang='en-US'>Document Creation Date</link:label>
<link:label xlink:type='resource' xlink:label='label_DocumentDescription' xlink:role='http://www.xbrl.org/2003/role/label' xml:lang='en-US'>Document Description</link:label>
<link:label xlink:type='resource' xlink:label='label_DocumentDomain' xlink:role='http://www.xbrl.org/2003/role/label' xml:lang='en-US'>Document [Domain]</link:label>
<link:label xlink:type='resource' xlink:label='label_DocumentEffectiveDate' xlink:role='http://www.xbrl.org/2003/role/label' xml:lang='en-US'>Document Effective Date</link:label>
<link:label xlink:type='resource' xlink:label='label_DocumentFiscalPeriodFocus' xlink:role='http://www.xbrl.org/2003/role/label' xml:lang='en-US'>Document Fiscal Period Focus</link:label>
<link:label xlink:type='resource' xlink:label='label_DocumentFiscalYearFocus' xlink:role='http://www.xbrl.org/2003/role/label' xml:lang='en-US'>Document Fiscal Year Focus</link:label>
<link:label xlink:type='resource' xlink:label='label_DocumentInformationDocumentAxis' xlink:role='http://www.xbrl.org/2003/role/label' xml:lang='en-US'>Document Information, Document [Axis]</link:label>
<link:label xlink:type='resource' xlink:label='label_DocumentInformationLineItems' xlink:role='http://www.xbrl.org/2003/role/label' xml:lang='en-US'>Document Information [Line Items]</link:label>
<link:label xlink:type='resource' xlink:label='label_DocumentInformationTable' xlink:role='http://www.xbrl.org/2003/role/label' xml:lang='en-US'>Document Information [Table]</link:label>
<link:label xlink:type='resource' xlink:label='label_DocumentInformationTextBlock' xlink:role='http://www.xbrl.org/2003/role/label' xml:lang='en-US'>Document Information [Text Block]</link:label>
<link:label xlink:type='resource' xlink:label='label_DocumentName' xlink:role='http://www.xbrl.org/2003/role/label' xml:lang='en-US'>Document Name</link:label>
<link:label xlink:type='resource' xlink:label='label_DocumentPeriodEndDate' xlink:role='http://www.xbrl.org/2003/role/label' xml:lang='en-US'>Document Period End Date</link:label>
<link:label xlink:type='resource' xlink:label='label_DocumentPeriodStartDate' xlink:role='http://www.xbrl.org/2003/role/label' xml:lang='en-US'>Document Period Start Date</link:label>
<link:label xlink:type='resource' xlink:label='label_DocumentSubtitle' xlink:role='http://www.xbrl.org/2003/role/label' xml:lang='en-US'>Document Subtitle</link:label>
<link:label xlink:type='resource' xlink:label='label_DocumentSynopsis' xlink:role='http://www.xbrl.org/2003/role/label' xml:lang='en-US'>Document Synopsis</link:label>
<link:label xlink:type='resource' xlink:label='label_DocumentTitle' xlink:role='http://www.xbrl.org/2003/role/label' xml:lang='en-US'>Document Title</link:label>
<link:label xlink:type='resource' xlink:label='label_DocumentType' xlink:role='http://www.xbrl.org/2003/role/label' xml:lang='en-US'>Document Type</link:label>
<link:label xlink:type='resource' xlink:label='label_DocumentVersion' xlink:role='http://www.xbrl.org/2003/role/label' xml:lang='en-US'>Document Version</link:label>
<link:label xlink:type='resource' xlink:label='label_EntitiesTable' xlink:role='http://www.xbrl.org/2003/role/label' xml:lang='en-US'>Entities [Table]</link:label>
<link:label xlink:type='resource' xlink:label='label_EntityAccountingStandard' xlink:role='http://www.xbrl.org/2003/role/label' xml:lang='en-US'>Entity Accounting Standard</link:label>
<link:label xlink:type='resource' xlink:label='label_EntityAddressAddressDescription' xlink:role='http://www.xbrl.org/2003/role/label' xml:lang='en-US'>Entity Address, Address Description</link:label>
<link:label xlink:type='resource' xlink:label='label_EntityAddressAddressLine1' xlink:role='http://www.xbrl.org/2003/role/label' xml:lang='en-US'>Entity Address, Address Line One</link:label>
<link:label xlink:type='resource' xlink:label='label_EntityAddressAddressLine2' xlink:role='http://www.xbrl.org/2003/role/label' xml:lang='en-US'>Entity Address, Address Line Two</link:label>
<link:label xlink:type='resource' xlink:label='label_EntityAddressAddressLine3' xlink:role='http://www.xbrl.org/2003/role/label' xml:lang='en-US'>Entity Address, Address Line Three</link:label>
<link:label xlink:type='resource' xlink:label='label_EntityAddressCityOrTown' xlink:role='http://www.xbrl.org/2003/role/label' xml:lang='en-US'>Entity Address, City or Town</link:label>
<link:label xlink:type='resource' xlink:label='label_EntityAddressCountry' xlink:role='http://www.xbrl.org/2003/role/label' xml:lang='en-US'>Entity Address, Country</link:label>
<link:label xlink:type='resource' xlink:label='label_EntityAddressesAddressTypeAxis' xlink:role='http://www.xbrl.org/2003/role/label' xml:lang='en-US'>Entity Addresses, Address Type [Axis]</link:label>
<link:label xlink:type='resource' xlink:label='label_EntityAddressesLineItems' xlink:role='http://www.xbrl.org/2003/role/label' xml:lang='en-US'>Entity Addresses [Line Items]</link:label>
<link:label xlink:type='resource' xlink:label='label_EntityAddressesTable' xlink:role='http://www.xbrl.org/2003/role/label' xml:lang='en-US'>Entity Addresses [Table]</link:label>
<link:label xlink:type='resource' xlink:label='label_EntityAddressPostalZipCode' xlink:role='http://www.xbrl.org/2003/role/label' xml:lang='en-US'>Entity Address, Postal Zip Code</link:label>
<link:label xlink:type='resource' xlink:label='label_EntityAddressRegion' xlink:role='http://www.xbrl.org/2003/role/label' xml:lang='en-US'>Entity Address, Region</link:label>
<link:label xlink:type='resource' xlink:label='label_EntityAddressStateOrProvince' xlink:role='http://www.xbrl.org/2003/role/label' xml:lang='en-US'>Entity Address, State or Province</link:label>
<link:label xlink:type='resource' xlink:label='label_EntityByLocationAxis' xlink:role='http://www.xbrl.org/2003/role/label' xml:lang='en-US'>Entity by Location [Axis]</link:label>
<link:label xlink:type='resource' xlink:label='label_EntityCentralIndexKey' xlink:role='http://www.xbrl.org/2003/role/label' xml:lang='en-US'>Entity Central Index Key</link:label>
<link:label xlink:type='resource' xlink:label='label_EntityCommonStockSharesOutstanding' xlink:role='http://www.xbrl.org/2003/role/label' xml:lang='en-US'>Entity Common Stock, Shares Outstanding</link:label>
<link:label xlink:type='resource' xlink:label='label_EntityContactPersonnelContactPersonTypeAxis' xlink:role='http://www.xbrl.org/2003/role/label' xml:lang='en-US'>Entity Contact Personnel, Contact Person Type [Axis]</link:label>
<link:label xlink:type='resource' xlink:label='label_EntityContactPersonnelLineItems' xlink:role='http://www.xbrl.org/2003/role/label' xml:lang='en-US'>Entity Contact Personnel [Line Items]</link:label>
<link:label xlink:type='resource' xlink:label='label_EntityContactPersonnelTable' xlink:role='http://www.xbrl.org/2003/role/label' xml:lang='en-US'>Entity Contact Personnel [Table]</link:label>
<link:label xlink:type='resource' xlink:label='label_EntityCurrentReportingStatus' xlink:role='http://www.xbrl.org/2003/role/label' xml:lang='en-US'>Entity Current Reporting Status</link:label>
<link:label xlink:type='resource' xlink:label='label_EntityDataUniversalNumberingSystemNumber' xlink:role='http://www.xbrl.org/2003/role/label' xml:lang='en-US'>Entity Data Universal Numbering System Number</link:label>
<link:label xlink:type='resource' xlink:label='label_EntityDomain' xlink:role='http://www.xbrl.org/2003/role/label' xml:lang='en-US'>Entity [Domain]</link:label>
<link:label xlink:type='resource' xlink:label='label_EntityFilerCategory' xlink:role='http://www.xbrl.org/2003/role/label' xml:lang='en-US'>Entity Filer Category</link:label>
<link:label xlink:type='resource' xlink:label='label_EntityHomeCountryISOCode' xlink:role='http://www.xbrl.org/2003/role/label' xml:lang='en-US'>Entity Home Country ISO Code</link:label>
<link:label xlink:type='resource' xlink:label='label_EntityIncorporationDateOfIncorporation' xlink:role='http://www.xbrl.org/2003/role/label' xml:lang='en-US'>Entity Incorporation, Date of Incorporation</link:label>
<link:label xlink:type='resource' xlink:label='label_EntityIncorporationStateCountryName' xlink:role='http://www.xbrl.org/2003/role/label' xml:lang='en-US'>Entity Incorporation, State Country Name</link:label>
<link:label xlink:type='resource' xlink:label='label_EntityInformationDateToChangeFormerLegalOrRegisteredName' xlink:role='http://www.xbrl.org/2003/role/label' xml:lang='en-US'>Entity Information, Date to Change Former Legal or Registered Name</link:label>
<link:label xlink:type='resource' xlink:label='label_EntityInformationFormerLegalOrRegisteredName' xlink:role='http://www.xbrl.org/2003/role/label' xml:lang='en-US'>Entity Information, Former Legal or Registered Name</link:label>
<link:label xlink:type='resource' xlink:label='label_EntityInformationLineItems' xlink:role='http://www.xbrl.org/2003/role/label' xml:lang='en-US'>Entity Information [Line Items]</link:label>
<link:label xlink:type='resource' xlink:label='label_EntityLegalForm' xlink:role='http://www.xbrl.org/2003/role/label' xml:lang='en-US'>Entity Legal Form</link:label>
<link:label xlink:type='resource' xlink:label='label_EntityListingDepositoryReceiptRatio' xlink:role='http://www.xbrl.org/2003/role/label' xml:lang='en-US'>Entity Listing, Depository Receipt Ratio</link:label>
<link:label xlink:type='resource' xlink:label='label_EntityListingDescription' xlink:role='http://www.xbrl.org/2003/role/label' xml:lang='en-US'>Entity Listing, Description</link:label>
<link:label xlink:type='resource' xlink:label='label_EntityListingForeign' xlink:role='http://www.xbrl.org/2003/role/label' xml:lang='en-US'>Entity Listing, Foreign</link:label>
<link:label xlink:type='resource' xlink:label='label_EntityListingParValuePerShare' xlink:role='http://www.xbrl.org/2003/role/label' xml:lang='en-US'>Entity Listing, Par Value Per Share</link:label>
<link:label xlink:type='resource' xlink:label='label_EntityListingPrimary' xlink:role='http://www.xbrl.org/2003/role/label' xml:lang='en-US'>Entity Listing, Primary</link:label>
<link:label xlink:type='resource' xlink:label='label_EntityListingSecurityTradingCurrency' xlink:role='http://www.xbrl.org/2003/role/label' xml:lang='en-US'>Entity Listing, Security Trading Currency</link:label>
<link:label xlink:type='resource' xlink:label='label_EntityListingsExchangeAxis' xlink:role='http://www.xbrl.org/2003/role/label' xml:lang='en-US'>Entity Listings, Exchange [Axis]</link:label>
<link:label xlink:type='resource' xlink:label='label_EntityListingsInstrumentAxis' xlink:role='http://www.xbrl.org/2003/role/label' xml:lang='en-US'>Entity Listings, Instrument [Axis]</link:label>
<link:label xlink:type='resource' xlink:label='label_EntityListingsLineItems' xlink:role='http://www.xbrl.org/2003/role/label' xml:lang='en-US'>Entity Listings [Line Items]</link:label>
<link:label xlink:type='resource' xlink:label='label_EntityListingsTable' xlink:role='http://www.xbrl.org/2003/role/label' xml:lang='en-US'>Entity Listings [Table]</link:label>
<link:label xlink:type='resource' xlink:label='label_EntityLocationLineItems' xlink:role='http://www.xbrl.org/2003/role/label' xml:lang='en-US'>Entity Location [Line Items]</link:label>
<link:label xlink:type='resource' xlink:label='label_EntityLocationPrimary' xlink:role='http://www.xbrl.org/2003/role/label' xml:lang='en-US'>Entity Location, Primary</link:label>
<link:label xlink:type='resource' xlink:label='label_EntityLocationTable' xlink:role='http://www.xbrl.org/2003/role/label' xml:lang='en-US'>Entity Location [Table]</link:label>
<link:label xlink:type='resource' xlink:label='label_EntityNorthAmericanIndustryClassificationPrimary' xlink:role='http://www.xbrl.org/2003/role/label' xml:lang='en-US'>Entity North American Industry Classification, Primary</link:label>
<link:label xlink:type='resource' xlink:label='label_EntityNorthAmericanIndustryClassificationsIndustryAxis' xlink:role='http://www.xbrl.org/2003/role/label' xml:lang='en-US'>Entity North American Industry Classifications, Industry [Axis]</link:label>
<link:label xlink:type='resource' xlink:label='label_EntityNorthAmericanIndustryClassificationsLineItems' xlink:role='http://www.xbrl.org/2003/role/label' xml:lang='en-US'>Entity North American Industry Classifications [Line Items]</link:label>
<link:label xlink:type='resource' xlink:label='label_EntityNorthAmericanIndustryClassificationsTable' xlink:role='http://www.xbrl.org/2003/role/label' xml:lang='en-US'>Entity North American Industry Classifications [Table]</link:label>
<link:label xlink:type='resource' xlink:label='label_EntityNumberOfEmployees' xlink:role='http://www.xbrl.org/2003/role/label' xml:lang='en-US'>Entity Number of Employees</link:label>
<link:label xlink:type='resource' xlink:label='label_EntityOtherIdentificationType' xlink:role='http://www.xbrl.org/2003/role/label' xml:lang='en-US'>Entity Other Identification Type</link:label>
<link:label xlink:type='resource' xlink:label='label_EntityOtherIdentificationValue' xlink:role='http://www.xbrl.org/2003/role/label' xml:lang='en-US'>Entity Other Identification Value</link:label>
<link:label xlink:type='resource' xlink:label='label_EntityPhoneFaxNumbersLineItems' xlink:role='http://www.xbrl.org/2003/role/label' xml:lang='en-US'>Entity Phone Fax Numbers [Line Items]</link:label>
<link:label xlink:type='resource' xlink:label='label_EntityPhoneFaxNumbersPhoneFaxNumberTypeAxis' xlink:role='http://www.xbrl.org/2003/role/label' xml:lang='en-US'>Entity Phone Fax Numbers, Phone Fax Number Type [Axis]</link:label>
<link:label xlink:type='resource' xlink:label='label_EntityPhoneFaxNumbersTable' xlink:role='http://www.xbrl.org/2003/role/label' xml:lang='en-US'>Entity Phone Fax Numbers [Table]</link:label>
<link:label xlink:type='resource' xlink:label='label_EntityPublicFloat' xlink:role='http://www.xbrl.org/2003/role/label' xml:lang='en-US'>Entity Public Float</link:label>
<link:label xlink:type='resource' xlink:label='label_EntityRegistrantName' xlink:role='http://www.xbrl.org/2003/role/label' xml:lang='en-US'>Entity Registrant Name</link:label>
<link:label xlink:type='resource' xlink:label='label_EntityReportingCurrencyISOCode' xlink:role='http://www.xbrl.org/2003/role/label' xml:lang='en-US'>Entity Reporting Currency ISO Code</link:label>
<link:label xlink:type='resource' xlink:label='label_EntitySectorIndustryClassificationPrimary' xlink:role='http://www.xbrl.org/2003/role/label' xml:lang='en-US'>Entity Sector Industry Classification, Primary</link:label>
<link:label xlink:type='resource' xlink:label='label_EntitySectorIndustryClassificationsLineItems' xlink:role='http://www.xbrl.org/2003/role/label' xml:lang='en-US'>Entity Sector Industry Classifications [Line Items]</link:label>
<link:label xlink:type='resource' xlink:label='label_EntitySectorIndustryClassificationsSectorAxis' xlink:role='http://www.xbrl.org/2003/role/label' xml:lang='en-US'>Entity Sector Industry Classifications, Sector [Axis]</link:label>
<link:label xlink:type='resource' xlink:label='label_EntitySectorIndustryClassificationsTable' xlink:role='http://www.xbrl.org/2003/role/label' xml:lang='en-US'>Entity Sector Industry Classifications [Table]</link:label>
<link:label xlink:type='resource' xlink:label='label_EntityTaxIdentificationNumber' xlink:role='http://www.xbrl.org/2003/role/label' xml:lang='en-US'>Entity Tax Identification Number</link:label>
<link:label xlink:type='resource' xlink:label='label_EntityTextBlock' xlink:role='http://www.xbrl.org/2003/role/label' xml:lang='en-US'>Entity [Text Block]</link:label>
<link:label xlink:type='resource' xlink:label='label_EntityVoluntaryFilers' xlink:role='http://www.xbrl.org/2003/role/label' xml:lang='en-US'>Entity Voluntary Filers</link:label>
<link:label xlink:type='resource' xlink:label='label_EntityWellKnownSeasonedIssuer' xlink:role='http://www.xbrl.org/2003/role/label' xml:lang='en-US'>Entity Well-known Seasoned Issuer</link:label>
<link:label xlink:type='resource' xlink:label='label_ExchangeDomain' xlink:role='http://www.xbrl.org/2003/role/label' xml:lang='en-US'>Exchange [Domain]</link:label>
<link:label xlink:type='resource' xlink:label='label_Extension' xlink:role='http://www.xbrl.org/2003/role/label' xml:lang='en-US'>Extension</link:label>
<link:label xlink:type='resource' xlink:label='label_FormerFiscalYearEndDate' xlink:role='http://www.xbrl.org/2003/role/label' xml:lang='en-US'>Former Fiscal Year End Date</link:label>
<link:label xlink:type='resource' xlink:label='label_GeneralFaxMember' xlink:role='http://www.xbrl.org/2003/role/label' xml:lang='en-US'>General Fax [Member]</link:label>
<link:label xlink:type='resource' xlink:label='label_GeneralPhoneMember' xlink:role='http://www.xbrl.org/2003/role/label' xml:lang='en-US'>General Phone [Member]</link:label>
<link:label xlink:type='resource' xlink:label='label_HumanResourcesContactMember' xlink:role='http://www.xbrl.org/2003/role/label' xml:lang='en-US'>Human Resources Contact [Member]</link:label>
<link:label xlink:type='resource' xlink:label='label_InstrumentDomain' xlink:role='http://www.xbrl.org/2003/role/label' xml:lang='en-US'>Instrument [Domain]</link:label>
<link:label xlink:type='resource' xlink:label='label_InvestorRelationsContactMember' xlink:role='http://www.xbrl.org/2003/role/label' xml:lang='en-US'>Investor Relations Contact [Member]</link:label>
<link:label xlink:type='resource' xlink:label='label_InvestorRelationsFaxMember' xlink:role='http://www.xbrl.org/2003/role/label' xml:lang='en-US'>Investor Relations Fax [Member]</link:label>
<link:label xlink:type='resource' xlink:label='label_InvestorRelationsPhoneMember' xlink:role='http://www.xbrl.org/2003/role/label' xml:lang='en-US'>Investor Relations Phone [Member]</link:label>
<link:label xlink:type='resource' xlink:label='label_LegalAddressMember' xlink:role='http://www.xbrl.org/2003/role/label' xml:lang='en-US'>Legal Address [Member]</link:label>
<link:label xlink:type='resource' xlink:label='label_LegalContactMember' xlink:role='http://www.xbrl.org/2003/role/label' xml:lang='en-US'>Legal Contact [Member]</link:label>
<link:label xlink:type='resource' xlink:label='label_LegalEntityAxis' xlink:role='http://www.xbrl.org/2003/role/label' xml:lang='en-US'>Legal Entity [Axis]</link:label>
<link:label xlink:type='resource' xlink:label='label_LegalFaxMember' xlink:role='http://www.xbrl.org/2003/role/label' xml:lang='en-US'>Legal Fax [Member]</link:label>
<link:label xlink:type='resource' xlink:label='label_LegalPhoneMember' xlink:role='http://www.xbrl.org/2003/role/label' xml:lang='en-US'>Legal Phone [Member]</link:label>
<link:label xlink:type='resource' xlink:label='label_LocalPhoneNumber' xlink:role='http://www.xbrl.org/2003/role/label' xml:lang='en-US'>Local Phone Number</link:label>
<link:label xlink:type='resource' xlink:label='label_LocationDomain' xlink:role='http://www.xbrl.org/2003/role/label' xml:lang='en-US'>Location [Domain]</link:label>
<link:label xlink:type='resource' xlink:label='label_MailingAddressMember' xlink:role='http://www.xbrl.org/2003/role/label' xml:lang='en-US'>Mailing Address [Member]</link:label>
<link:label xlink:type='resource' xlink:label='label_NAICSDomain' xlink:role='http://www.xbrl.org/2003/role/label' xml:lang='en-US'>NAICS [Domain]</link:label>
<link:label xlink:type='resource' xlink:label='label_OtherAddressMember' xlink:role='http://www.xbrl.org/2003/role/label' xml:lang='en-US'>Other Address [Member]</link:label>
<link:label xlink:type='resource' xlink:label='label_ParentEntityLegalName' xlink:role='http://www.xbrl.org/2003/role/label' xml:lang='en-US'>Parent Entity Legal Name</link:label>
<link:label xlink:type='resource' xlink:label='label_PhoneFaxNumberDescription' xlink:role='http://www.xbrl.org/2003/role/label' xml:lang='en-US'>Phone Fax Number Description</link:label>
<link:label xlink:type='resource' xlink:label='label_PhoneFaxNumberTypeDomain' xlink:role='http://www.xbrl.org/2003/role/label' xml:lang='en-US'>Phone Fax Number Type [Domain]</link:label>
<link:label xlink:type='resource' xlink:label='label_PostEffectiveAmendmentNumber' xlink:role='http://www.xbrl.org/2003/role/label' xml:lang='en-US'>Post-Effective Amendment Number</link:label>
<link:label xlink:type='resource' xlink:label='label_PreEffectiveAmendmentNumber' xlink:role='http://www.xbrl.org/2003/role/label' xml:lang='en-US'>Pre-Effective Amendment Number</link:label>
<link:label xlink:type='resource' xlink:label='label_PrincipalAddressMember' xlink:role='http://www.xbrl.org/2003/role/label' xml:lang='en-US'>Principal Address [Member]</link:label>
<link:label xlink:type='resource' xlink:label='label_RegistrationStatementAmendmentNumber' xlink:role='http://www.xbrl.org/2003/role/label' xml:lang='en-US'>Registration Statement Amendment Number</link:label>
<link:label xlink:type='resource' xlink:label='label_SectorDomain' xlink:role='http://www.xbrl.org/2003/role/label' xml:lang='en-US'>Sector [Domain]</link:label>
<link:label xlink:type='resource' xlink:label='label_TradingSymbol' xlink:role='http://www.xbrl.org/2003/role/label' xml:lang='en-US'>Trading Symbol</link:label>
<link:labelArc xlink:to='label_Form10KMember' xlink:from='Form10KMember' xlink:type='arc' xlink:arcrole='http://www.xbrl.org/2003/arcrole/concept-label' />
<link:labelArc xlink:to='label_Exhibit31Member' xlink:from='Exhibit31Member' xlink:type='arc' xlink:arcrole='http://www.xbrl.org/2003/arcrole/concept-label' />
<link:labelArc xlink:to='label_AbcfsMember' xlink:from='AbcfsMember' xlink:type='arc' xlink:arcrole='http://www.xbrl.org/2003/arcrole/concept-label' />
<link:labelArc xlink:to='label_AbcMember' xlink:from='AbcMember' xlink:type='arc' xlink:arcrole='http://www.xbrl.org/2003/arcrole/concept-label' />
<link:labelArc xlink:to='label_Top' xlink:from='Top' xlink:type='arc' xlink:arcrole='http://www.xbrl.org/2003/arcrole/concept-label' />
<link:labelArc xlink:to='label_AccountingAddressMember' xlink:from='AccountingAddressMember' xlink:type='arc' xlink:arcrole='http://www.xbrl.org/2003/arcrole/concept-label' />
<link:labelArc xlink:to='label_AccountingContactMember' xlink:from='AccountingContactMember' xlink:type='arc' xlink:arcrole='http://www.xbrl.org/2003/arcrole/concept-label' />
<link:labelArc xlink:to='label_AccountingFaxMember' xlink:from='AccountingFaxMember' xlink:type='arc' xlink:arcrole='http://www.xbrl.org/2003/arcrole/concept-label' />
<link:labelArc xlink:to='label_AccountingPhoneMember' xlink:from='AccountingPhoneMember' xlink:type='arc' xlink:arcrole='http://www.xbrl.org/2003/arcrole/concept-label' />
<link:labelArc xlink:to='label_AddressTypeDomain' xlink:from='AddressTypeDomain' xlink:type='arc' xlink:arcrole='http://www.xbrl.org/2003/arcrole/concept-label' />
<link:labelArc xlink:to='label_AmendmentDescription' xlink:from='AmendmentDescription' xlink:type='arc' xlink:arcrole='http://www.xbrl.org/2003/arcrole/concept-label' />
<link:labelArc xlink:to='label_AmendmentFlag' xlink:from='AmendmentFlag' xlink:type='arc' xlink:arcrole='http://www.xbrl.org/2003/arcrole/concept-label' />
<link:labelArc xlink:to='label_ApproximateDateOfCommencementOfProposedSaleToThePublic' xlink:from='ApproximateDateOfCommencementOfProposedSaleToThePublic' xlink:type='arc' xlink:arcrole='http://www.xbrl.org/2003/arcrole/concept-label' />
<link:labelArc xlink:to='label_BusinessContactMember' xlink:from='BusinessContactMember' xlink:type='arc' xlink:arcrole='http://www.xbrl.org/2003/arcrole/concept-label' />
<link:labelArc xlink:to='label_CityAreaCode' xlink:from='CityAreaCode' xlink:type='arc' xlink:arcrole='http://www.xbrl.org/2003/arcrole/concept-label' />
<link:labelArc xlink:to='label_ContactAddressMember' xlink:from='ContactAddressMember' xlink:type='arc' xlink:arcrole='http://www.xbrl.org/2003/arcrole/concept-label' />
<link:labelArc xlink:to='label_ContactFaxMember' xlink:from='ContactFaxMember' xlink:type='arc' xlink:arcrole='http://www.xbrl.org/2003/arcrole/concept-label' />
<link:labelArc xlink:to='label_ContactPersonnelEmailAddress' xlink:from='ContactPersonnelEmailAddress' xlink:type='arc' xlink:arcrole='http://www.xbrl.org/2003/arcrole/concept-label' />
<link:labelArc xlink:to='label_ContactPersonnelName' xlink:from='ContactPersonnelName' xlink:type='arc' xlink:arcrole='http://www.xbrl.org/2003/arcrole/concept-label' />
<link:labelArc xlink:to='label_ContactPersonnelUniformResourceLocatorURL' xlink:from='ContactPersonnelUniformResourceLocatorURL' xlink:type='arc' xlink:arcrole='http://www.xbrl.org/2003/arcrole/concept-label' />
<link:labelArc xlink:to='label_ContactPersonTypeDomain' xlink:from='ContactPersonTypeDomain' xlink:type='arc' xlink:arcrole='http://www.xbrl.org/2003/arcrole/concept-label' />
<link:labelArc xlink:to='label_ContactPhoneMember' xlink:from='ContactPhoneMember' xlink:type='arc' xlink:arcrole='http://www.xbrl.org/2003/arcrole/concept-label' />
<link:labelArc xlink:to='label_ContainedFileInformationFileDescription' xlink:from='ContainedFileInformationFileDescription' xlink:type='arc' xlink:arcrole='http://www.xbrl.org/2003/arcrole/concept-label' />
<link:labelArc xlink:to='label_ContainedFileInformationFileName' xlink:from='ContainedFileInformationFileName' xlink:type='arc' xlink:arcrole='http://www.xbrl.org/2003/arcrole/concept-label' />
<link:labelArc xlink:to='label_ContainedFileInformationFileNumber' xlink:from='ContainedFileInformationFileNumber' xlink:type='arc' xlink:arcrole='http://www.xbrl.org/2003/arcrole/concept-label' />
<link:labelArc xlink:to='label_ContainedFileInformationFileType' xlink:from='ContainedFileInformationFileType' xlink:type='arc' xlink:arcrole='http://www.xbrl.org/2003/arcrole/concept-label' />
<link:labelArc xlink:to='label_CountryRegion' xlink:from='CountryRegion' xlink:type='arc' xlink:arcrole='http://www.xbrl.org/2003/arcrole/concept-label' />
<link:labelArc xlink:to='label_CurrentFiscalYearEndDate' xlink:from='CurrentFiscalYearEndDate' xlink:type='arc' xlink:arcrole='http://www.xbrl.org/2003/arcrole/concept-label' />
<link:labelArc xlink:to='label_DeprecatedItemsForDEI' xlink:from='DeprecatedItemsForDEI' xlink:type='arc' xlink:arcrole='http://www.xbrl.org/2003/arcrole/concept-label' />
<link:labelArc xlink:to='label_DocumentContactMember' xlink:from='DocumentContactMember' xlink:type='arc' xlink:arcrole='http://www.xbrl.org/2003/arcrole/concept-label' />
<link:labelArc xlink:to='label_DocumentCopyrightInformation' xlink:from='DocumentCopyrightInformation' xlink:type='arc' xlink:arcrole='http://www.xbrl.org/2003/arcrole/concept-label' />
<link:labelArc xlink:to='label_DocumentCreationDate' xlink:from='DocumentCreationDate' xlink:type='arc' xlink:arcrole='http://www.xbrl.org/2003/arcrole/concept-label' />
<link:labelArc xlink:to='label_DocumentDescription' xlink:from='DocumentDescription' xlink:type='arc' xlink:arcrole='http://www.xbrl.org/2003/arcrole/concept-label' />
<link:labelArc xlink:to='label_DocumentDomain' xlink:from='DocumentDomain' xlink:type='arc' xlink:arcrole='http://www.xbrl.org/2003/arcrole/concept-label' />
<link:labelArc xlink:to='label_DocumentEffectiveDate' xlink:from='DocumentEffectiveDate' xlink:type='arc' xlink:arcrole='http://www.xbrl.org/2003/arcrole/concept-label' />
<link:labelArc xlink:to='label_DocumentFiscalPeriodFocus' xlink:from='DocumentFiscalPeriodFocus' xlink:type='arc' xlink:arcrole='http://www.xbrl.org/2003/arcrole/concept-label' />
<link:labelArc xlink:to='label_DocumentFiscalYearFocus' xlink:from='DocumentFiscalYearFocus' xlink:type='arc' xlink:arcrole='http://www.xbrl.org/2003/arcrole/concept-label' />
<link:labelArc xlink:to='label_DocumentInformationDocumentAxis' xlink:from='DocumentInformationDocumentAxis' xlink:type='arc' xlink:arcrole='http://www.xbrl.org/2003/arcrole/concept-label' />
<link:labelArc xlink:to='label_DocumentInformationLineItems' xlink:from='DocumentInformationLineItems' xlink:type='arc' xlink:arcrole='http://www.xbrl.org/2003/arcrole/concept-label' />
<link:labelArc xlink:to='label_DocumentInformationTable' xlink:from='DocumentInformationTable' xlink:type='arc' xlink:arcrole='http://www.xbrl.org/2003/arcrole/concept-label' />
<link:labelArc xlink:to='label_DocumentInformationTextBlock' xlink:from='DocumentInformationTextBlock' xlink:type='arc' xlink:arcrole='http://www.xbrl.org/2003/arcrole/concept-label' />
<link:labelArc xlink:to='label_DocumentName' xlink:from='DocumentName' xlink:type='arc' xlink:arcrole='http://www.xbrl.org/2003/arcrole/concept-label' />
<link:labelArc xlink:to='label_DocumentPeriodEndDate' xlink:from='DocumentPeriodEndDate' xlink:type='arc' xlink:arcrole='http://www.xbrl.org/2003/arcrole/concept-label' />
<link:labelArc xlink:to='label_DocumentPeriodStartDate' xlink:from='DocumentPeriodStartDate' xlink:type='arc' xlink:arcrole='http://www.xbrl.org/2003/arcrole/concept-label' />
<link:labelArc xlink:to='label_DocumentSubtitle' xlink:from='DocumentSubtitle' xlink:type='arc' xlink:arcrole='http://www.xbrl.org/2003/arcrole/concept-label' />
<link:labelArc xlink:to='label_DocumentSynopsis' xlink:from='DocumentSynopsis' xlink:type='arc' xlink:arcrole='http://www.xbrl.org/2003/arcrole/concept-label' />
<link:labelArc xlink:to='label_DocumentTitle' xlink:from='DocumentTitle' xlink:type='arc' xlink:arcrole='http://www.xbrl.org/2003/arcrole/concept-label' />
<link:labelArc xlink:to='label_DocumentType' xlink:from='DocumentType' xlink:type='arc' xlink:arcrole='http://www.xbrl.org/2003/arcrole/concept-label' />
<link:labelArc xlink:to='label_DocumentVersion' xlink:from='DocumentVersion' xlink:type='arc' xlink:arcrole='http://www.xbrl.org/2003/arcrole/concept-label' />
<link:labelArc xlink:to='label_EntitiesTable' xlink:from='EntitiesTable' xlink:type='arc' xlink:arcrole='http://www.xbrl.org/2003/arcrole/concept-label' />
<link:labelArc xlink:to='label_EntityAccountingStandard' xlink:from='EntityAccountingStandard' xlink:type='arc' xlink:arcrole='http://www.xbrl.org/2003/arcrole/concept-label' />
<link:labelArc xlink:to='label_EntityAddressAddressDescription' xlink:from='EntityAddressAddressDescription' xlink:type='arc' xlink:arcrole='http://www.xbrl.org/2003/arcrole/concept-label' />
<link:labelArc xlink:to='label_EntityAddressAddressLine1' xlink:from='EntityAddressAddressLine1' xlink:type='arc' xlink:arcrole='http://www.xbrl.org/2003/arcrole/concept-label' />
<link:labelArc xlink:to='label_EntityAddressAddressLine2' xlink:from='EntityAddressAddressLine2' xlink:type='arc' xlink:arcrole='http://www.xbrl.org/2003/arcrole/concept-label' />
<link:labelArc xlink:to='label_EntityAddressAddressLine3' xlink:from='EntityAddressAddressLine3' xlink:type='arc' xlink:arcrole='http://www.xbrl.org/2003/arcrole/concept-label' />
<link:labelArc xlink:to='label_EntityAddressCityOrTown' xlink:from='EntityAddressCityOrTown' xlink:type='arc' xlink:arcrole='http://www.xbrl.org/2003/arcrole/concept-label' />
<link:labelArc xlink:to='label_EntityAddressCountry' xlink:from='EntityAddressCountry' xlink:type='arc' xlink:arcrole='http://www.xbrl.org/2003/arcrole/concept-label' />
<link:labelArc xlink:to='label_EntityAddressesAddressTypeAxis' xlink:from='EntityAddressesAddressTypeAxis' xlink:type='arc' xlink:arcrole='http://www.xbrl.org/2003/arcrole/concept-label' />
<link:labelArc xlink:to='label_EntityAddressesLineItems' xlink:from='EntityAddressesLineItems' xlink:type='arc' xlink:arcrole='http://www.xbrl.org/2003/arcrole/concept-label' />
<link:labelArc xlink:to='label_EntityAddressesTable' xlink:from='EntityAddressesTable' xlink:type='arc' xlink:arcrole='http://www.xbrl.org/2003/arcrole/concept-label' />
<link:labelArc xlink:to='label_EntityAddressPostalZipCode' xlink:from='EntityAddressPostalZipCode' xlink:type='arc' xlink:arcrole='http://www.xbrl.org/2003/arcrole/concept-label' />
<link:labelArc xlink:to='label_EntityAddressRegion' xlink:from='EntityAddressRegion' xlink:type='arc' xlink:arcrole='http://www.xbrl.org/2003/arcrole/concept-label' />
<link:labelArc xlink:to='label_EntityAddressStateOrProvince' xlink:from='EntityAddressStateOrProvince' xlink:type='arc' xlink:arcrole='http://www.xbrl.org/2003/arcrole/concept-label' />
<link:labelArc xlink:to='label_EntityByLocationAxis' xlink:from='EntityByLocationAxis' xlink:type='arc' xlink:arcrole='http://www.xbrl.org/2003/arcrole/concept-label' />
<link:labelArc xlink:to='label_EntityCentralIndexKey' xlink:from='EntityCentralIndexKey' xlink:type='arc' xlink:arcrole='http://www.xbrl.org/2003/arcrole/concept-label' />
<link:labelArc xlink:to='label_EntityCommonStockSharesOutstanding' xlink:from='EntityCommonStockSharesOutstanding' xlink:type='arc' xlink:arcrole='http://www.xbrl.org/2003/arcrole/concept-label' />
<link:labelArc xlink:to='label_EntityContactPersonnelContactPersonTypeAxis' xlink:from='EntityContactPersonnelContactPersonTypeAxis' xlink:type='arc' xlink:arcrole='http://www.xbrl.org/2003/arcrole/concept-label' />
<link:labelArc xlink:to='label_EntityContactPersonnelLineItems' xlink:from='EntityContactPersonnelLineItems' xlink:type='arc' xlink:arcrole='http://www.xbrl.org/2003/arcrole/concept-label' />
<link:labelArc xlink:to='label_EntityContactPersonnelTable' xlink:from='EntityContactPersonnelTable' xlink:type='arc' xlink:arcrole='http://www.xbrl.org/2003/arcrole/concept-label' />
<link:labelArc xlink:to='label_EntityCurrentReportingStatus' xlink:from='EntityCurrentReportingStatus' xlink:type='arc' xlink:arcrole='http://www.xbrl.org/2003/arcrole/concept-label' />
<link:labelArc xlink:to='label_EntityDataUniversalNumberingSystemNumber' xlink:from='EntityDataUniversalNumberingSystemNumber' xlink:type='arc' xlink:arcrole='http://www.xbrl.org/2003/arcrole/concept-label' />
<link:labelArc xlink:to='label_EntityDomain' xlink:from='EntityDomain' xlink:type='arc' xlink:arcrole='http://www.xbrl.org/2003/arcrole/concept-label' />
<link:labelArc xlink:to='label_EntityFilerCategory' xlink:from='EntityFilerCategory' xlink:type='arc' xlink:arcrole='http://www.xbrl.org/2003/arcrole/concept-label' />
<link:labelArc xlink:to='label_EntityHomeCountryISOCode' xlink:from='EntityHomeCountryISOCode' xlink:type='arc' xlink:arcrole='http://www.xbrl.org/2003/arcrole/concept-label' />
<link:labelArc xlink:to='label_EntityIncorporationDateOfIncorporation' xlink:from='EntityIncorporationDateOfIncorporation' xlink:type='arc' xlink:arcrole='http://www.xbrl.org/2003/arcrole/concept-label' />
<link:labelArc xlink:to='label_EntityIncorporationStateCountryName' xlink:from='EntityIncorporationStateCountryName' xlink:type='arc' xlink:arcrole='http://www.xbrl.org/2003/arcrole/concept-label' />
<link:labelArc xlink:to='label_EntityInformationDateToChangeFormerLegalOrRegisteredName' xlink:from='EntityInformationDateToChangeFormerLegalOrRegisteredName' xlink:type='arc' xlink:arcrole='http://www.xbrl.org/2003/arcrole/concept-label' />
<link:labelArc xlink:to='label_EntityInformationFormerLegalOrRegisteredName' xlink:from='EntityInformationFormerLegalOrRegisteredName' xlink:type='arc' xlink:arcrole='http://www.xbrl.org/2003/arcrole/concept-label' />
<link:labelArc xlink:to='label_EntityInformationLineItems' xlink:from='EntityInformationLineItems' xlink:type='arc' xlink:arcrole='http://www.xbrl.org/2003/arcrole/concept-label' />
<link:labelArc xlink:to='label_EntityLegalForm' xlink:from='EntityLegalForm' xlink:type='arc' xlink:arcrole='http://www.xbrl.org/2003/arcrole/concept-label' />
<link:labelArc xlink:to='label_EntityListingDepositoryReceiptRatio' xlink:from='EntityListingDepositoryReceiptRatio' xlink:type='arc' xlink:arcrole='http://www.xbrl.org/2003/arcrole/concept-label' />
<link:labelArc xlink:to='label_EntityListingDescription' xlink:from='EntityListingDescription' xlink:type='arc' xlink:arcrole='http://www.xbrl.org/2003/arcrole/concept-label' />
<link:labelArc xlink:to='label_EntityListingForeign' xlink:from='EntityListingForeign' xlink:type='arc' xlink:arcrole='http://www.xbrl.org/2003/arcrole/concept-label' />
<link:labelArc xlink:to='label_EntityListingParValuePerShare' xlink:from='EntityListingParValuePerShare' xlink:type='arc' xlink:arcrole='http://www.xbrl.org/2003/arcrole/concept-label' />
<link:labelArc xlink:to='label_EntityListingPrimary' xlink:from='EntityListingPrimary' xlink:type='arc' xlink:arcrole='http://www.xbrl.org/2003/arcrole/concept-label' />
<link:labelArc xlink:to='label_EntityListingSecurityTradingCurrency' xlink:from='EntityListingSecurityTradingCurrency' xlink:type='arc' xlink:arcrole='http://www.xbrl.org/2003/arcrole/concept-label' />
<link:labelArc xlink:to='label_EntityListingsExchangeAxis' xlink:from='EntityListingsExchangeAxis' xlink:type='arc' xlink:arcrole='http://www.xbrl.org/2003/arcrole/concept-label' />
<link:labelArc xlink:to='label_EntityListingsInstrumentAxis' xlink:from='EntityListingsInstrumentAxis' xlink:type='arc' xlink:arcrole='http://www.xbrl.org/2003/arcrole/concept-label' />
<link:labelArc xlink:to='label_EntityListingsLineItems' xlink:from='EntityListingsLineItems' xlink:type='arc' xlink:arcrole='http://www.xbrl.org/2003/arcrole/concept-label' />
<link:labelArc xlink:to='label_EntityListingsTable' xlink:from='EntityListingsTable' xlink:type='arc' xlink:arcrole='http://www.xbrl.org/2003/arcrole/concept-label' />
<link:labelArc xlink:to='label_EntityLocationLineItems' xlink:from='EntityLocationLineItems' xlink:type='arc' xlink:arcrole='http://www.xbrl.org/2003/arcrole/concept-label' />
<link:labelArc xlink:to='label_EntityLocationPrimary' xlink:from='EntityLocationPrimary' xlink:type='arc' xlink:arcrole='http://www.xbrl.org/2003/arcrole/concept-label' />
<link:labelArc xlink:to='label_EntityLocationTable' xlink:from='EntityLocationTable' xlink:type='arc' xlink:arcrole='http://www.xbrl.org/2003/arcrole/concept-label' />
<link:labelArc xlink:to='label_EntityNorthAmericanIndustryClassificationPrimary' xlink:from='EntityNorthAmericanIndustryClassificationPrimary' xlink:type='arc' xlink:arcrole='http://www.xbrl.org/2003/arcrole/concept-label' />
<link:labelArc xlink:to='label_EntityNorthAmericanIndustryClassificationsIndustryAxis' xlink:from='EntityNorthAmericanIndustryClassificationsIndustryAxis' xlink:type='arc' xlink:arcrole='http://www.xbrl.org/2003/arcrole/concept-label' />
<link:labelArc xlink:to='label_EntityNorthAmericanIndustryClassificationsLineItems' xlink:from='EntityNorthAmericanIndustryClassificationsLineItems' xlink:type='arc' xlink:arcrole='http://www.xbrl.org/2003/arcrole/concept-label' />
<link:labelArc xlink:to='label_EntityNorthAmericanIndustryClassificationsTable' xlink:from='EntityNorthAmericanIndustryClassificationsTable' xlink:type='arc' xlink:arcrole='http://www.xbrl.org/2003/arcrole/concept-label' />
<link:labelArc xlink:to='label_EntityNumberOfEmployees' xlink:from='EntityNumberOfEmployees' xlink:type='arc' xlink:arcrole='http://www.xbrl.org/2003/arcrole/concept-label' />
<link:labelArc xlink:to='label_EntityOtherIdentificationType' xlink:from='EntityOtherIdentificationType' xlink:type='arc' xlink:arcrole='http://www.xbrl.org/2003/arcrole/concept-label' />
<link:labelArc xlink:to='label_EntityOtherIdentificationValue' xlink:from='EntityOtherIdentificationValue' xlink:type='arc' xlink:arcrole='http://www.xbrl.org/2003/arcrole/concept-label' />
<link:labelArc xlink:to='label_EntityPhoneFaxNumbersLineItems' xlink:from='EntityPhoneFaxNumbersLineItems' xlink:type='arc' xlink:arcrole='http://www.xbrl.org/2003/arcrole/concept-label' />
<link:labelArc xlink:to='label_EntityPhoneFaxNumbersPhoneFaxNumberTypeAxis' xlink:from='EntityPhoneFaxNumbersPhoneFaxNumberTypeAxis' xlink:type='arc' xlink:arcrole='http://www.xbrl.org/2003/arcrole/concept-label' />
<link:labelArc xlink:to='label_EntityPhoneFaxNumbersTable' xlink:from='EntityPhoneFaxNumbersTable' xlink:type='arc' xlink:arcrole='http://www.xbrl.org/2003/arcrole/concept-label' />
<link:labelArc xlink:to='label_EntityPublicFloat' xlink:from='EntityPublicFloat' xlink:type='arc' xlink:arcrole='http://www.xbrl.org/2003/arcrole/concept-label' />
<link:labelArc xlink:to='label_EntityRegistrantName' xlink:from='EntityRegistrantName' xlink:type='arc' xlink:arcrole='http://www.xbrl.org/2003/arcrole/concept-label' />
<link:labelArc xlink:to='label_EntityReportingCurrencyISOCode' xlink:from='EntityReportingCurrencyISOCode' xlink:type='arc' xlink:arcrole='http://www.xbrl.org/2003/arcrole/concept-label' />
<link:labelArc xlink:to='label_EntitySectorIndustryClassificationPrimary' xlink:from='EntitySectorIndustryClassificationPrimary' xlink:type='arc' xlink:arcrole='http://www.xbrl.org/2003/arcrole/concept-label' />
<link:labelArc xlink:to='label_EntitySectorIndustryClassificationsLineItems' xlink:from='EntitySectorIndustryClassificationsLineItems' xlink:type='arc' xlink:arcrole='http://www.xbrl.org/2003/arcrole/concept-label' />
<link:labelArc xlink:to='label_EntitySectorIndustryClassificationsSectorAxis' xlink:from='EntitySectorIndustryClassificationsSectorAxis' xlink:type='arc' xlink:arcrole='http://www.xbrl.org/2003/arcrole/concept-label' />
<link:labelArc xlink:to='label_EntitySectorIndustryClassificationsTable' xlink:from='EntitySectorIndustryClassificationsTable' xlink:type='arc' xlink:arcrole='http://www.xbrl.org/2003/arcrole/concept-label' />
<link:labelArc xlink:to='label_EntityTaxIdentificationNumber' xlink:from='EntityTaxIdentificationNumber' xlink:type='arc' xlink:arcrole='http://www.xbrl.org/2003/arcrole/concept-label' />
<link:labelArc xlink:to='label_EntityTextBlock' xlink:from='EntityTextBlock' xlink:type='arc' xlink:arcrole='http://www.xbrl.org/2003/arcrole/concept-label' />
<link:labelArc xlink:to='label_EntityVoluntaryFilers' xlink:from='EntityVoluntaryFilers' xlink:type='arc' xlink:arcrole='http://www.xbrl.org/2003/arcrole/concept-label' />
<link:labelArc xlink:to='label_EntityWellKnownSeasonedIssuer' xlink:from='EntityWellKnownSeasonedIssuer' xlink:type='arc' xlink:arcrole='http://www.xbrl.org/2003/arcrole/concept-label' />
<link:labelArc xlink:to='label_ExchangeDomain' xlink:from='ExchangeDomain' xlink:type='arc' xlink:arcrole='http://www.xbrl.org/2003/arcrole/concept-label' />
<link:labelArc xlink:to='label_Extension' xlink:from='Extension' xlink:type='arc' xlink:arcrole='http://www.xbrl.org/2003/arcrole/concept-label' />
<link:labelArc xlink:to='label_FormerFiscalYearEndDate' xlink:from='FormerFiscalYearEndDate' xlink:type='arc' xlink:arcrole='http://www.xbrl.org/2003/arcrole/concept-label' />
<link:labelArc xlink:to='label_GeneralFaxMember' xlink:from='GeneralFaxMember' xlink:type='arc' xlink:arcrole='http://www.xbrl.org/2003/arcrole/concept-label' />
<link:labelArc xlink:to='label_GeneralPhoneMember' xlink:from='GeneralPhoneMember' xlink:type='arc' xlink:arcrole='http://www.xbrl.org/2003/arcrole/concept-label' />
<link:labelArc xlink:to='label_HumanResourcesContactMember' xlink:from='HumanResourcesContactMember' xlink:type='arc' xlink:arcrole='http://www.xbrl.org/2003/arcrole/concept-label' />
<link:labelArc xlink:to='label_InstrumentDomain' xlink:from='InstrumentDomain' xlink:type='arc' xlink:arcrole='http://www.xbrl.org/2003/arcrole/concept-label' />
<link:labelArc xlink:to='label_InvestorRelationsContactMember' xlink:from='InvestorRelationsContactMember' xlink:type='arc' xlink:arcrole='http://www.xbrl.org/2003/arcrole/concept-label' />
<link:labelArc xlink:to='label_InvestorRelationsFaxMember' xlink:from='InvestorRelationsFaxMember' xlink:type='arc' xlink:arcrole='http://www.xbrl.org/2003/arcrole/concept-label' />
<link:labelArc xlink:to='label_InvestorRelationsPhoneMember' xlink:from='InvestorRelationsPhoneMember' xlink:type='arc' xlink:arcrole='http://www.xbrl.org/2003/arcrole/concept-label' />
<link:labelArc xlink:to='label_LegalAddressMember' xlink:from='LegalAddressMember' xlink:type='arc' xlink:arcrole='http://www.xbrl.org/2003/arcrole/concept-label' />
<link:labelArc xlink:to='label_LegalContactMember' xlink:from='LegalContactMember' xlink:type='arc' xlink:arcrole='http://www.xbrl.org/2003/arcrole/concept-label' />
<link:labelArc xlink:to='label_LegalEntityAxis' xlink:from='LegalEntityAxis' xlink:type='arc' xlink:arcrole='http://www.xbrl.org/2003/arcrole/concept-label' />
<link:labelArc xlink:to='label_LegalFaxMember' xlink:from='LegalFaxMember' xlink:type='arc' xlink:arcrole='http://www.xbrl.org/2003/arcrole/concept-label' />
<link:labelArc xlink:to='label_LegalPhoneMember' xlink:from='LegalPhoneMember' xlink:type='arc' xlink:arcrole='http://www.xbrl.org/2003/arcrole/concept-label' />
<link:labelArc xlink:to='label_LocalPhoneNumber' xlink:from='LocalPhoneNumber' xlink:type='arc' xlink:arcrole='http://www.xbrl.org/2003/arcrole/concept-label' />
<link:labelArc xlink:to='label_LocationDomain' xlink:from='LocationDomain' xlink:type='arc' xlink:arcrole='http://www.xbrl.org/2003/arcrole/concept-label' />
<link:labelArc xlink:to='label_MailingAddressMember' xlink:from='MailingAddressMember' xlink:type='arc' xlink:arcrole='http://www.xbrl.org/2003/arcrole/concept-label' />
<link:labelArc xlink:to='label_NAICSDomain' xlink:from='NAICSDomain' xlink:type='arc' xlink:arcrole='http://www.xbrl.org/2003/arcrole/concept-label' />
<link:labelArc xlink:to='label_OtherAddressMember' xlink:from='OtherAddressMember' xlink:type='arc' xlink:arcrole='http://www.xbrl.org/2003/arcrole/concept-label' />
<link:labelArc xlink:to='label_ParentEntityLegalName' xlink:from='ParentEntityLegalName' xlink:type='arc' xlink:arcrole='http://www.xbrl.org/2003/arcrole/concept-label' />
<link:labelArc xlink:to='label_PhoneFaxNumberDescription' xlink:from='PhoneFaxNumberDescription' xlink:type='arc' xlink:arcrole='http://www.xbrl.org/2003/arcrole/concept-label' />
<link:labelArc xlink:to='label_PhoneFaxNumberTypeDomain' xlink:from='PhoneFaxNumberTypeDomain' xlink:type='arc' xlink:arcrole='http://www.xbrl.org/2003/arcrole/concept-label' />
<link:labelArc xlink:to='label_PostEffectiveAmendmentNumber' xlink:from='PostEffectiveAmendmentNumber' xlink:type='arc' xlink:arcrole='http://www.xbrl.org/2003/arcrole/concept-label' />
<link:labelArc xlink:to='label_PreEffectiveAmendmentNumber' xlink:from='PreEffectiveAmendmentNumber' xlink:type='arc' xlink:arcrole='http://www.xbrl.org/2003/arcrole/concept-label' />
<link:labelArc xlink:to='label_PrincipalAddressMember' xlink:from='PrincipalAddressMember' xlink:type='arc' xlink:arcrole='http://www.xbrl.org/2003/arcrole/concept-label' />
<link:labelArc xlink:to='label_RegistrationStatementAmendmentNumber' xlink:from='RegistrationStatementAmendmentNumber' xlink:type='arc' xlink:arcrole='http://www.xbrl.org/2003/arcrole/concept-label' />
<link:labelArc xlink:to='label_SectorDomain' xlink:from='SectorDomain' xlink:type='arc' xlink:arcrole='http://www.xbrl.org/2003/arcrole/concept-label' />
<link:labelArc xlink:to='label_TradingSymbol' xlink:from='TradingSymbol' xlink:type='arc' xlink:arcrole='http://www.xbrl.org/2003/arcrole/concept-label' />
</link:labelLink>
</link:linkbase>
