<?xml version="1.0" encoding="us-ascii"?>
<!--XBRL document created with Dragon Tag (R) XBRL Enabler by Rivet Software version 3.1.0.74-->
<!--Based on XBRL 2.1-->
<!--Created on: 11/15/2011 2:50:53 AM-->
<!--Modified on: 11/15/2011 2:50:53 AM-->
<linkbase xmlns="http://www.xbrl.org/2003/linkbase" xmlns:xsi="http://www.w3.org/2001/XMLSchema-instance" xmlns:xlink="http://www.w3.org/1999/xlink" xsi:schemaLocation="http://www.xbrl.org/2003/linkbase http://www.xbrl.org/2003/xbrl-linkbase-2003-12-31.xsd">
  <labelLink xlink:type="extended" xlink:role="http://www.xbrl.org/2003/role/link">
    <loc xlink:type="locator" xlink:href="../../elts/us-gaap-2011-01-31.xsd#us-gaap_IncomeStatementAbstract" xlink:label="us-gaap_IncomeStatementAbstract" />
    <labelArc xlink:type="arc" xlink:arcrole="http://www.xbrl.org/2003/arcrole/concept-label" xlink:from="us-gaap_IncomeStatementAbstract" xlink:to="us-gaap_IncomeStatementAbstract_lbl" />
    <label xlink:type="resource" xlink:role="http://www.xbrl.org/2003/role/label" xlink:label="us-gaap_IncomeStatementAbstract_lbl" xml:lang="en-US">Statement of Activities [Abstract]</label>
    <loc xlink:type="locator" xlink:href="CFAInstituteTaxonomy_2011.xsd#cfainstitute_ChangeInNetAssetsAbstract" xlink:label="cfainstitute_ChangeInNetAssetsAbstract" />
    <labelArc xlink:type="arc" xlink:arcrole="http://www.xbrl.org/2003/arcrole/concept-label" xlink:from="cfainstitute_ChangeInNetAssetsAbstract" xlink:to="cfainstitute_ChangeInNetAssetsAbstract_lbl" />
    <label xlink:type="resource" xlink:role="http://www.xbrl.org/2003/role/documentation" xlink:label="cfainstitute_ChangeInNetAssetsAbstract_lbl" xml:lang="en-US">Change in Net Assets.</label>
    <label xlink:type="resource" xlink:role="http://www.xbrl.org/2003/role/label" xlink:label="cfainstitute_ChangeInNetAssetsAbstract_lbl" xml:lang="en-US">Change in Net Assets [Abstract]</label>
    <loc xlink:type="locator" xlink:href="CFAInstituteTaxonomy_2011.xsd#cfainstitute_NetAssetsBeginningOfYear" xlink:label="cfainstitute_NetAssetsBeginningOfYear" />
    <labelArc xlink:type="arc" xlink:arcrole="http://www.xbrl.org/2003/arcrole/concept-label" xlink:from="cfainstitute_NetAssetsBeginningOfYear" xlink:to="cfainstitute_NetAssetsBeginningOfYear_lbl" />
    <label xlink:type="resource" xlink:role="http://www.xbrl.org/2003/role/documentation" xlink:label="cfainstitute_NetAssetsBeginningOfYear_lbl" xml:lang="en-US">Net Assets at beginning of fiscal year.</label>
    <label xlink:type="resource" xlink:role="http://www.xbrl.org/2003/role/label" xlink:label="cfainstitute_NetAssetsBeginningOfYear_lbl" xml:lang="en-US">Net Assets, beginning of year</label>
    <loc xlink:type="locator" xlink:href="CFAInstituteTaxonomy_2011.xsd#cfainstitute_NetAssetsEndOfYear" xlink:label="cfainstitute_NetAssetsEndOfYear" />
    <labelArc xlink:type="arc" xlink:arcrole="http://www.xbrl.org/2003/arcrole/concept-label" xlink:from="cfainstitute_NetAssetsEndOfYear" xlink:to="cfainstitute_NetAssetsEndOfYear_lbl" />
    <label xlink:type="resource" xlink:role="http://www.xbrl.org/2003/role/documentation" xlink:label="cfainstitute_NetAssetsEndOfYear_lbl" xml:lang="en-US">Net Assets at end of fiscal year.</label>
    <label xlink:type="resource" xlink:role="http://www.xbrl.org/2003/role/label" xlink:label="cfainstitute_NetAssetsEndOfYear_lbl" xml:lang="en-US">Net Assets, end of year</label>
    <loc xlink:type="locator" xlink:href="CFAInstituteTaxonomy_2011.xsd#cfainstitute_IncomeFromOperationsAbstract" xlink:label="cfainstitute_IncomeFromOperationsAbstract" />
    <labelArc xlink:type="arc" xlink:arcrole="http://www.xbrl.org/2003/arcrole/concept-label" xlink:from="cfainstitute_IncomeFromOperationsAbstract" xlink:to="cfainstitute_IncomeFromOperationsAbstract_lbl" />
    <label xlink:type="resource" xlink:role="http://www.xbrl.org/2003/role/documentation" xlink:label="cfainstitute_IncomeFromOperationsAbstract_lbl" xml:lang="en-US">Total Operating Revenues less Operating Expenses.</label>
    <label xlink:type="resource" xlink:role="http://www.xbrl.org/2003/role/label" xlink:label="cfainstitute_IncomeFromOperationsAbstract_lbl" xml:lang="en-US">Income From Operations [Abstract]</label>
    <loc xlink:type="locator" xlink:href="CFAInstituteTaxonomy_2011.xsd#cfainstitute_RealizedGainsLossesInterestAndDividends" xlink:label="cfainstitute_RealizedGainsLossesInterestAndDividends" />
    <labelArc xlink:type="arc" xlink:arcrole="http://www.xbrl.org/2003/arcrole/concept-label" xlink:from="cfainstitute_RealizedGainsLossesInterestAndDividends" xlink:to="cfainstitute_RealizedGainsLossesInterestAndDividends_lbl" />
    <label xlink:type="resource" xlink:role="http://www.xbrl.org/2003/role/label" xlink:label="cfainstitute_RealizedGainsLossesInterestAndDividends_lbl" xml:lang="en-US">Realized Gains (Losses), Interest and Dividends</label>
    <label xlink:type="resource" xlink:role="http://www.xbrl.org/2003/role/documentation" xlink:label="cfainstitute_RealizedGainsLossesInterestAndDividends_lbl" xml:lang="en-US">Realized gains (losses) on sale of investments and interest/dividends on investments.</label>
    <loc xlink:type="locator" xlink:href="CFAInstituteTaxonomy_2011.xsd#cfainstitute_ChangeInNetAssetsFromOperations" xlink:label="cfainstitute_ChangeInNetAssetsFromOperations" />
    <labelArc xlink:type="arc" xlink:arcrole="http://www.xbrl.org/2003/arcrole/concept-label" xlink:from="cfainstitute_ChangeInNetAssetsFromOperations" xlink:to="cfainstitute_ChangeInNetAssetsFromOperations_lbl" />
    <label xlink:type="resource" xlink:role="http://www.xbrl.org/2003/role/documentation" xlink:label="cfainstitute_ChangeInNetAssetsFromOperations_lbl" xml:lang="en-US">Change in unrestricted net assets from operations.</label>
    <label xlink:type="resource" xlink:role="http://www.xbrl.org/2003/role/label" xlink:label="cfainstitute_ChangeInNetAssetsFromOperations_lbl" xml:lang="en-US">Change in  Net Assets from Operations</label>
    <loc xlink:type="locator" xlink:href="CFAInstituteTaxonomy_2011.xsd#cfainstitute_OperatingRevenuesAbstract" xlink:label="cfainstitute_OperatingRevenuesAbstract" />
    <labelArc xlink:type="arc" xlink:arcrole="http://www.xbrl.org/2003/arcrole/concept-label" xlink:from="cfainstitute_OperatingRevenuesAbstract" xlink:to="cfainstitute_OperatingRevenuesAbstract_lbl" />
    <label xlink:type="resource" xlink:role="http://www.xbrl.org/2003/role/documentation" xlink:label="cfainstitute_OperatingRevenuesAbstract_lbl" xml:lang="en-US">Operating Revenues.</label>
    <label xlink:type="resource" xlink:role="http://www.xbrl.org/2003/role/label" xlink:label="cfainstitute_OperatingRevenuesAbstract_lbl" xml:lang="en-US">Operating Revenues [Abstract]</label>
    <loc xlink:type="locator" xlink:href="CFAInstituteTaxonomy_2011.xsd#cfainstitute_OperatingExpensesAbstract" xlink:label="cfainstitute_OperatingExpensesAbstract" />
    <labelArc xlink:type="arc" xlink:arcrole="http://www.xbrl.org/2003/arcrole/concept-label" xlink:from="cfainstitute_OperatingExpensesAbstract" xlink:to="cfainstitute_OperatingExpensesAbstract_lbl" />
    <label xlink:type="resource" xlink:role="http://www.xbrl.org/2003/role/documentation" xlink:label="cfainstitute_OperatingExpensesAbstract_lbl" xml:lang="en-US">Total Operating Expenses.</label>
    <label xlink:type="resource" xlink:role="http://www.xbrl.org/2003/role/label" xlink:label="cfainstitute_OperatingExpensesAbstract_lbl" xml:lang="en-US">Operating Expenses [Abstract]</label>
    <loc xlink:type="locator" xlink:href="CFAInstituteTaxonomy_2011.xsd#cfainstitute_IncomeFromOperations" xlink:label="cfainstitute_IncomeFromOperations" />
    <labelArc xlink:type="arc" xlink:arcrole="http://www.xbrl.org/2003/arcrole/concept-label" xlink:from="cfainstitute_IncomeFromOperations" xlink:to="cfainstitute_IncomeFromOperations_lbl" />
    <label xlink:type="resource" xlink:role="http://www.xbrl.org/2003/role/documentation" xlink:label="cfainstitute_IncomeFromOperations_lbl" xml:lang="en-US">Total Operating Revenues less Operating Expenses.</label>
    <label xlink:type="resource" xlink:role="http://www.xbrl.org/2003/role/label" xlink:label="cfainstitute_IncomeFromOperations_lbl" xml:lang="en-US">Income From Operations</label>
    <loc xlink:type="locator" xlink:href="CFAInstituteTaxonomy_2011.xsd#cfainstitute_CandidateFees" xlink:label="cfainstitute_CandidateFees" />
    <labelArc xlink:type="arc" xlink:arcrole="http://www.xbrl.org/2003/arcrole/concept-label" xlink:from="cfainstitute_CandidateFees" xlink:to="cfainstitute_CandidateFees_lbl" />
    <label xlink:type="resource" xlink:role="http://www.xbrl.org/2003/role/documentation" xlink:label="cfainstitute_CandidateFees_lbl" xml:lang="en-US">Registration and enrollment fees from exam candidates.</label>
    <label xlink:type="resource" xlink:role="http://www.xbrl.org/2003/role/label" xlink:label="cfainstitute_CandidateFees_lbl" xml:lang="en-US">Candidate Fees</label>
    <loc xlink:type="locator" xlink:href="CFAInstituteTaxonomy_2011.xsd#cfainstitute_EducationalProducts" xlink:label="cfainstitute_EducationalProducts" />
    <labelArc xlink:type="arc" xlink:arcrole="http://www.xbrl.org/2003/arcrole/concept-label" xlink:from="cfainstitute_EducationalProducts" xlink:to="cfainstitute_EducationalProducts_lbl" />
    <label xlink:type="resource" xlink:role="http://www.xbrl.org/2003/role/documentation" xlink:label="cfainstitute_EducationalProducts_lbl" xml:lang="en-US">Fees for exam-related study materials and other textbooks, conference revenue, and publication and subscription revenue.</label>
    <label xlink:type="resource" xlink:role="http://www.xbrl.org/2003/role/label" xlink:label="cfainstitute_EducationalProducts_lbl" xml:lang="en-US">Educational Products</label>
    <loc xlink:type="locator" xlink:href="CFAInstituteTaxonomy_2011.xsd#cfainstitute_MemberDuesAndOther" xlink:label="cfainstitute_MemberDuesAndOther" />
    <labelArc xlink:type="arc" xlink:arcrole="http://www.xbrl.org/2003/arcrole/concept-label" xlink:from="cfainstitute_MemberDuesAndOther" xlink:to="cfainstitute_MemberDuesAndOther_lbl" />
    <label xlink:type="resource" xlink:role="http://www.xbrl.org/2003/role/documentation" xlink:label="cfainstitute_MemberDuesAndOther_lbl" xml:lang="en-US">Fees received for membership dues and publication advertising revenue.</label>
    <label xlink:type="resource" xlink:role="http://www.xbrl.org/2003/role/label" xlink:label="cfainstitute_MemberDuesAndOther_lbl" xml:lang="en-US">Member Dues and Other</label>
    <loc xlink:type="locator" xlink:href="CFAInstituteTaxonomy_2011.xsd#cfainstitute_Contributions" xlink:label="cfainstitute_Contributions" />
    <labelArc xlink:type="arc" xlink:arcrole="http://www.xbrl.org/2003/arcrole/concept-label" xlink:from="cfainstitute_Contributions" xlink:to="cfainstitute_Contributions_lbl" />
    <label xlink:type="resource" xlink:role="http://www.xbrl.org/2003/role/documentation" xlink:label="cfainstitute_Contributions_lbl" xml:lang="en-US">Revenue from contributions.</label>
    <label xlink:type="resource" xlink:role="http://www.xbrl.org/2003/role/label" xlink:label="cfainstitute_Contributions_lbl" xml:lang="en-US">Contributions</label>
    <loc xlink:type="locator" xlink:href="CFAInstituteTaxonomy_2011.xsd#cfainstitute_TotalOperatingRevenues" xlink:label="cfainstitute_TotalOperatingRevenues" />
    <labelArc xlink:type="arc" xlink:arcrole="http://www.xbrl.org/2003/arcrole/concept-label" xlink:from="cfainstitute_TotalOperatingRevenues" xlink:to="cfainstitute_TotalOperatingRevenues_lbl" />
    <label xlink:type="resource" xlink:role="http://www.xbrl.org/2003/role/documentation" xlink:label="cfainstitute_TotalOperatingRevenues_lbl" xml:lang="en-US">Total Operating Revenues.</label>
    <label xlink:type="resource" xlink:role="http://www.xbrl.org/2003/role/label" xlink:label="cfainstitute_TotalOperatingRevenues_lbl" xml:lang="en-US">Total Operating Revenues</label>
    <loc xlink:type="locator" xlink:href="CFAInstituteTaxonomy_2011.xsd#cfainstitute_ProgramServicesAbstract" xlink:label="cfainstitute_ProgramServicesAbstract" />
    <labelArc xlink:type="arc" xlink:arcrole="http://www.xbrl.org/2003/arcrole/concept-label" xlink:from="cfainstitute_ProgramServicesAbstract" xlink:to="cfainstitute_ProgramServicesAbstract_lbl" />
    <label xlink:type="resource" xlink:role="http://www.xbrl.org/2003/role/documentation" xlink:label="cfainstitute_ProgramServicesAbstract_lbl" xml:lang="en-US">Program services costs.</label>
    <label xlink:type="resource" xlink:role="http://www.xbrl.org/2003/role/label" xlink:label="cfainstitute_ProgramServicesAbstract_lbl" xml:lang="en-US">Program Services [Abstract]</label>
    <loc xlink:type="locator" xlink:href="CFAInstituteTaxonomy_2011.xsd#cfainstitute_CertificationAndCertificatePrograms" xlink:label="cfainstitute_CertificationAndCertificatePrograms" />
    <labelArc xlink:type="arc" xlink:arcrole="http://www.xbrl.org/2003/arcrole/concept-label" xlink:from="cfainstitute_CertificationAndCertificatePrograms" xlink:to="cfainstitute_CertificationAndCertificatePrograms_lbl" />
    <label xlink:type="resource" xlink:role="http://www.xbrl.org/2003/role/documentation" xlink:label="cfainstitute_CertificationAndCertificatePrograms_lbl" xml:lang="en-US">Facilities, salaries, and other expenses related to exam administration.</label>
    <label xlink:type="resource" xlink:role="http://www.xbrl.org/2003/role/label" xlink:label="cfainstitute_CertificationAndCertificatePrograms_lbl" xml:lang="en-US">Certification and Certificate Programs</label>
    <loc xlink:type="locator" xlink:href="CFAInstituteTaxonomy_2011.xsd#cfainstitute_EducationalContentAndProducts" xlink:label="cfainstitute_EducationalContentAndProducts" />
    <labelArc xlink:type="arc" xlink:arcrole="http://www.xbrl.org/2003/arcrole/concept-label" xlink:from="cfainstitute_EducationalContentAndProducts" xlink:to="cfainstitute_EducationalContentAndProducts_lbl" />
    <label xlink:type="resource" xlink:role="http://www.xbrl.org/2003/role/documentation" xlink:label="cfainstitute_EducationalContentAndProducts_lbl" xml:lang="en-US">Textbooks, conferences, and publication costs.</label>
    <label xlink:type="resource" xlink:role="http://www.xbrl.org/2003/role/label" xlink:label="cfainstitute_EducationalContentAndProducts_lbl" xml:lang="en-US">Educational Content and Products</label>
    <loc xlink:type="locator" xlink:href="CFAInstituteTaxonomy_2011.xsd#cfainstitute_Scholarships" xlink:label="cfainstitute_Scholarships" />
    <labelArc xlink:type="arc" xlink:arcrole="http://www.xbrl.org/2003/arcrole/concept-label" xlink:from="cfainstitute_Scholarships" xlink:to="cfainstitute_Scholarships_lbl" />
    <label xlink:type="resource" xlink:role="http://www.xbrl.org/2003/role/documentation" xlink:label="cfainstitute_Scholarships_lbl" xml:lang="en-US">Expenses for scholarships.</label>
    <label xlink:type="resource" xlink:role="http://www.xbrl.org/2003/role/label" xlink:label="cfainstitute_Scholarships_lbl" xml:lang="en-US">Scholarships</label>
    <loc xlink:type="locator" xlink:href="CFAInstituteTaxonomy_2011.xsd#cfainstitute_MarketingAndCommunications" xlink:label="cfainstitute_MarketingAndCommunications" />
    <labelArc xlink:type="arc" xlink:arcrole="http://www.xbrl.org/2003/arcrole/concept-label" xlink:from="cfainstitute_MarketingAndCommunications" xlink:to="cfainstitute_MarketingAndCommunications_lbl" />
    <label xlink:type="resource" xlink:role="http://www.xbrl.org/2003/role/documentation" xlink:label="cfainstitute_MarketingAndCommunications_lbl" xml:lang="en-US">Advertising and communication related expenses.</label>
    <label xlink:type="resource" xlink:role="http://www.xbrl.org/2003/role/label" xlink:label="cfainstitute_MarketingAndCommunications_lbl" xml:lang="en-US">Marketing and Communications</label>
    <loc xlink:type="locator" xlink:href="CFAInstituteTaxonomy_2011.xsd#cfainstitute_InternationalOperations" xlink:label="cfainstitute_InternationalOperations" />
    <labelArc xlink:type="arc" xlink:arcrole="http://www.xbrl.org/2003/arcrole/concept-label" xlink:from="cfainstitute_InternationalOperations" xlink:to="cfainstitute_InternationalOperations_lbl" />
    <label xlink:type="resource" xlink:role="http://www.xbrl.org/2003/role/documentation" xlink:label="cfainstitute_InternationalOperations_lbl" xml:lang="en-US">Expenses relating to international offices.</label>
    <label xlink:type="resource" xlink:role="http://www.xbrl.org/2003/role/label" xlink:label="cfainstitute_InternationalOperations_lbl" xml:lang="en-US">International Operations</label>
    <loc xlink:type="locator" xlink:href="CFAInstituteTaxonomy_2011.xsd#cfainstitute_StandardsAndFinancialMarketIntegrity" xlink:label="cfainstitute_StandardsAndFinancialMarketIntegrity" />
    <labelArc xlink:type="arc" xlink:arcrole="http://www.xbrl.org/2003/arcrole/concept-label" xlink:from="cfainstitute_StandardsAndFinancialMarketIntegrity" xlink:to="cfainstitute_StandardsAndFinancialMarketIntegrity_lbl" />
    <label xlink:type="resource" xlink:role="http://www.xbrl.org/2003/role/documentation" xlink:label="cfainstitute_StandardsAndFinancialMarketIntegrity_lbl" xml:lang="en-US">Expenses for New York office of CFA Institute.</label>
    <label xlink:type="resource" xlink:role="http://www.xbrl.org/2003/role/label" xlink:label="cfainstitute_StandardsAndFinancialMarketIntegrity_lbl" xml:lang="en-US">Standards and Financial Market Integrity</label>
    <loc xlink:type="locator" xlink:href="CFAInstituteTaxonomy_2011.xsd#cfainstitute_MemberAndSocietyServices" xlink:label="cfainstitute_MemberAndSocietyServices" />
    <labelArc xlink:type="arc" xlink:arcrole="http://www.xbrl.org/2003/arcrole/concept-label" xlink:from="cfainstitute_MemberAndSocietyServices" xlink:to="cfainstitute_MemberAndSocietyServices_lbl" />
    <label xlink:type="resource" xlink:role="http://www.xbrl.org/2003/role/documentation" xlink:label="cfainstitute_MemberAndSocietyServices_lbl" xml:lang="en-US">Expenses related to membership and professional conduct activities, speaker retainers, conferences, and sponsorships/grants given to local societies.</label>
    <label xlink:type="resource" xlink:role="http://www.xbrl.org/2003/role/label" xlink:label="cfainstitute_MemberAndSocietyServices_lbl" xml:lang="en-US">Member and Society Services</label>
    <loc xlink:type="locator" xlink:href="CFAInstituteTaxonomy_2011.xsd#cfainstitute_SupportServicesAbstract" xlink:label="cfainstitute_SupportServicesAbstract" />
    <labelArc xlink:type="arc" xlink:arcrole="http://www.xbrl.org/2003/arcrole/concept-label" xlink:from="cfainstitute_SupportServicesAbstract" xlink:to="cfainstitute_SupportServicesAbstract_lbl" />
    <label xlink:type="resource" xlink:role="http://www.xbrl.org/2003/role/documentation" xlink:label="cfainstitute_SupportServicesAbstract_lbl" xml:lang="en-US">Support services costs.</label>
    <label xlink:type="resource" xlink:role="http://www.xbrl.org/2003/role/label" xlink:label="cfainstitute_SupportServicesAbstract_lbl" xml:lang="en-US">Support Services [Abstract]</label>
    <loc xlink:type="locator" xlink:href="CFAInstituteTaxonomy_2011.xsd#cfainstitute_TotalOperatingExpenses" xlink:label="cfainstitute_TotalOperatingExpenses" />
    <labelArc xlink:type="arc" xlink:arcrole="http://www.xbrl.org/2003/arcrole/concept-label" xlink:from="cfainstitute_TotalOperatingExpenses" xlink:to="cfainstitute_TotalOperatingExpenses_lbl" />
    <label xlink:type="resource" xlink:role="http://www.xbrl.org/2003/role/documentation" xlink:label="cfainstitute_TotalOperatingExpenses_lbl" xml:lang="en-US">Total Operating Expenses.</label>
    <label xlink:type="resource" xlink:role="http://www.xbrl.org/2003/role/label" xlink:label="cfainstitute_TotalOperatingExpenses_lbl" xml:lang="en-US">Total Operating Expenses</label>
    <loc xlink:type="locator" xlink:href="CFAInstituteTaxonomy_2011.xsd#cfainstitute_ManagementAndGeneral" xlink:label="cfainstitute_ManagementAndGeneral" />
    <labelArc xlink:type="arc" xlink:arcrole="http://www.xbrl.org/2003/arcrole/concept-label" xlink:from="cfainstitute_ManagementAndGeneral" xlink:to="cfainstitute_ManagementAndGeneral_lbl" />
    <label xlink:type="resource" xlink:role="http://www.xbrl.org/2003/role/documentation" xlink:label="cfainstitute_ManagementAndGeneral_lbl" xml:lang="en-US">Overhead costs including Accounting, Office of General Counsel, Information Technology, and Human Resources.</label>
    <label xlink:type="resource" xlink:role="http://www.xbrl.org/2003/role/label" xlink:label="cfainstitute_ManagementAndGeneral_lbl" xml:lang="en-US">Management and General</label>
    <loc xlink:type="locator" xlink:href="CFAInstituteTaxonomy_2011.xsd#cfainstitute_OtherChangesInNetAssetsAbstract" xlink:label="cfainstitute_OtherChangesInNetAssetsAbstract" />
    <labelArc xlink:type="arc" xlink:arcrole="http://www.xbrl.org/2003/arcrole/concept-label" xlink:from="cfainstitute_OtherChangesInNetAssetsAbstract" xlink:to="cfainstitute_OtherChangesInNetAssetsAbstract_lbl" />
    <label xlink:type="resource" xlink:role="http://www.xbrl.org/2003/role/documentation" xlink:label="cfainstitute_OtherChangesInNetAssetsAbstract_lbl" xml:lang="en-US">Other Changes in Net Assets.</label>
    <label xlink:type="resource" xlink:role="http://www.xbrl.org/2003/role/label" xlink:label="cfainstitute_OtherChangesInNetAssetsAbstract_lbl" xml:lang="en-US">Other Changes in Net Assets [Abstract]</label>
    <loc xlink:type="locator" xlink:href="CFAInstituteTaxonomy_2011.xsd#cfainstitute_UnrealizedGainsLossesOnInvestments" xlink:label="cfainstitute_UnrealizedGainsLossesOnInvestments" />
    <labelArc xlink:type="arc" xlink:arcrole="http://www.xbrl.org/2003/arcrole/concept-label" xlink:from="cfainstitute_UnrealizedGainsLossesOnInvestments" xlink:to="cfainstitute_UnrealizedGainsLossesOnInvestments_lbl" />
    <label xlink:type="resource" xlink:role="http://www.xbrl.org/2003/role/documentation" xlink:label="cfainstitute_UnrealizedGainsLossesOnInvestments_lbl" xml:lang="en-US">Unrealized gains (losses) on investments.</label>
    <label xlink:type="resource" xlink:role="http://www.xbrl.org/2003/role/label" xlink:label="cfainstitute_UnrealizedGainsLossesOnInvestments_lbl" xml:lang="en-US">Unrealized Gains (Losses) on Investments</label>
    <loc xlink:type="locator" xlink:href="CFAInstituteTaxonomy_2011.xsd#cfainstitute_ChangeInNetAssets" xlink:label="cfainstitute_ChangeInNetAssets" />
    <labelArc xlink:type="arc" xlink:arcrole="http://www.xbrl.org/2003/arcrole/concept-label" xlink:from="cfainstitute_ChangeInNetAssets" xlink:to="cfainstitute_ChangeInNetAssets_lbl" />
    <label xlink:type="resource" xlink:role="http://www.xbrl.org/2003/role/documentation" xlink:label="cfainstitute_ChangeInNetAssets_lbl" xml:lang="en-US">Change in net assets.</label>
    <label xlink:type="resource" xlink:role="http://www.xbrl.org/2003/role/label" xlink:label="cfainstitute_ChangeInNetAssets_lbl" xml:lang="en-US">Change in Net Assets</label>
    <loc xlink:type="locator" xlink:href="CFAInstituteTaxonomy_2011.xsd#cfainstitute_ChangeInNetAssetsFromOperationsAbstract" xlink:label="cfainstitute_ChangeInNetAssetsFromOperationsAbstract" />
    <labelArc xlink:type="arc" xlink:arcrole="http://www.xbrl.org/2003/arcrole/concept-label" xlink:from="cfainstitute_ChangeInNetAssetsFromOperationsAbstract" xlink:to="cfainstitute_ChangeInNetAssetsFromOperationsAbstract_lbl" />
    <label xlink:type="resource" xlink:role="http://www.xbrl.org/2003/role/documentation" xlink:label="cfainstitute_ChangeInNetAssetsFromOperationsAbstract_lbl" xml:lang="en-US">Change in Net Assets.</label>
    <label xlink:type="resource" xlink:role="http://www.xbrl.org/2003/role/label" xlink:label="cfainstitute_ChangeInNetAssetsFromOperationsAbstract_lbl" xml:lang="en-US">Change in Net Assets from Operations [Abstract]</label>
    <loc xlink:type="locator" xlink:href="../../elts/us-gaap-2011-01-31.xsd#us-gaap_CashAndCashEquivalentsAtCarryingValue" xlink:label="us-gaap_CashAndCashEquivalentsAtCarryingValue" />
    <labelArc xlink:type="arc" xlink:arcrole="http://www.xbrl.org/2003/arcrole/concept-label" xlink:from="us-gaap_CashAndCashEquivalentsAtCarryingValue" xlink:to="us-gaap_CashAndCashEquivalentsAtCarryingValue_lbl" />
    <label xlink:type="resource" xlink:role="http://www.xbrl.org/2003/role/totalLabel" xlink:label="us-gaap_CashAndCashEquivalentsAtCarryingValue_lbl" xml:lang="en-US">Cash and Cash Equivalents, at Carrying Value</label>
    <loc xlink:type="locator" xlink:href="../../elts/us-gaap-2011-01-31.xsd#us-gaap_ShortTermInvestments" xlink:label="us-gaap_ShortTermInvestments" />
    <labelArc xlink:type="arc" xlink:arcrole="http://www.xbrl.org/2003/arcrole/concept-label" xlink:from="us-gaap_ShortTermInvestments" xlink:to="us-gaap_ShortTermInvestments_lbl" />
    <label xlink:type="resource" xlink:role="http://www.xbrl.org/2003/role/totalLabel" xlink:label="us-gaap_ShortTermInvestments_lbl" xml:lang="en-US">Short-term Investments</label>
    <loc xlink:type="locator" xlink:href="../../elts/us-gaap-2011-01-31.xsd#us-gaap_ReceivablesNetCurrent" xlink:label="us-gaap_ReceivablesNetCurrent" />
    <labelArc xlink:type="arc" xlink:arcrole="http://www.xbrl.org/2003/arcrole/concept-label" xlink:from="us-gaap_ReceivablesNetCurrent" xlink:to="us-gaap_ReceivablesNetCurrent_lbl" />
    <label xlink:type="resource" xlink:role="http://www.xbrl.org/2003/role/totalLabel" xlink:label="us-gaap_ReceivablesNetCurrent_lbl" xml:lang="en-US">Receivables, Net, Current</label>
    <label xlink:type="resource" xlink:role="http://www.xbrl.org/2003/role/label" xlink:label="us-gaap_ReceivablesNetCurrent_lbl" xml:lang="en-US">Receivables, Net, Current</label>
    <label xlink:type="resource" xlink:role="http://www.xbrl.org/2003/role/label" xlink:label="us-gaap_ShortTermInvestments_lbl" xml:lang="en-US">Short-term Investments</label>
    <label xlink:type="resource" xlink:role="http://www.xbrl.org/2003/role/label" xlink:label="us-gaap_CashAndCashEquivalentsAtCarryingValue_lbl" xml:lang="en-US">Cash and Cash Equivalents, at Carrying Value</label>
    <loc xlink:type="locator" xlink:href="../../elts/us-gaap-2011-01-31.xsd#us-gaap_OtherPrepaidExpenseCurrent" xlink:label="us-gaap_OtherPrepaidExpenseCurrent" />
    <labelArc xlink:type="arc" xlink:arcrole="http://www.xbrl.org/2003/arcrole/concept-label" xlink:from="us-gaap_OtherPrepaidExpenseCurrent" xlink:to="us-gaap_OtherPrepaidExpenseCurrent_lbl" />
    <label xlink:type="resource" xlink:role="http://www.xbrl.org/2003/role/label" xlink:label="us-gaap_OtherPrepaidExpenseCurrent_lbl" xml:lang="en-US">Prepaid Expense, Current</label>
    <loc xlink:type="locator" xlink:href="../../elts/us-gaap-2011-01-31.xsd#us-gaap_InventoryNet" xlink:label="us-gaap_InventoryNet" />
    <labelArc xlink:type="arc" xlink:arcrole="http://www.xbrl.org/2003/arcrole/concept-label" xlink:from="us-gaap_InventoryNet" xlink:to="us-gaap_InventoryNet_lbl" />
    <label xlink:type="resource" xlink:role="http://www.xbrl.org/2003/role/totalLabel" xlink:label="us-gaap_InventoryNet_lbl" xml:lang="en-US">Inventory, Net</label>
    <label xlink:type="resource" xlink:role="http://www.xbrl.org/2003/role/label" xlink:label="us-gaap_InventoryNet_lbl" xml:lang="en-US">Inventory, Net</label>
    <loc xlink:type="locator" xlink:href="../../elts/us-gaap-2011-01-31.xsd#us-gaap_OtherAssetsCurrent" xlink:label="us-gaap_OtherAssetsCurrent" />
    <labelArc xlink:type="arc" xlink:arcrole="http://www.xbrl.org/2003/arcrole/concept-label" xlink:from="us-gaap_OtherAssetsCurrent" xlink:to="us-gaap_OtherAssetsCurrent_lbl" />
    <label xlink:type="resource" xlink:role="http://www.xbrl.org/2003/role/totalLabel" xlink:label="us-gaap_OtherAssetsCurrent_lbl" xml:lang="en-US">Other Assets, Current</label>
    <loc xlink:type="locator" xlink:href="../../elts/us-gaap-2011-01-31.xsd#us-gaap_OtherLongTermInvestments" xlink:label="us-gaap_OtherLongTermInvestments" />
    <labelArc xlink:type="arc" xlink:arcrole="http://www.xbrl.org/2003/arcrole/concept-label" xlink:from="us-gaap_OtherLongTermInvestments" xlink:to="us-gaap_OtherLongTermInvestments_lbl" />
    <label xlink:type="resource" xlink:role="http://www.xbrl.org/2003/role/label" xlink:label="us-gaap_OtherLongTermInvestments_lbl" xml:lang="en-US">Long-term Investments</label>
    <loc xlink:type="locator" xlink:href="../../elts/us-gaap-2011-01-31.xsd#us-gaap_RestrictedCashAndCashEquivalentsNoncurrent" xlink:label="us-gaap_RestrictedCashAndCashEquivalentsNoncurrent" />
    <labelArc xlink:type="arc" xlink:arcrole="http://www.xbrl.org/2003/arcrole/concept-label" xlink:from="us-gaap_RestrictedCashAndCashEquivalentsNoncurrent" xlink:to="us-gaap_RestrictedCashAndCashEquivalentsNoncurrent_lbl" />
    <label xlink:type="resource" xlink:role="http://www.xbrl.org/2003/role/label" xlink:label="us-gaap_RestrictedCashAndCashEquivalentsNoncurrent_lbl" xml:lang="en-US">Restricted Cash, Noncurrent</label>
    <label xlink:type="resource" xlink:role="http://www.xbrl.org/2003/role/label" xlink:label="us-gaap_OtherAssetsCurrent_lbl" xml:lang="en-US">Other Assets, Current</label>
    <loc xlink:type="locator" xlink:href="../../elts/us-gaap-2011-01-31.xsd#us-gaap_PropertyPlantAndEquipmentNet" xlink:label="us-gaap_PropertyPlantAndEquipmentNet" />
    <labelArc xlink:type="arc" xlink:arcrole="http://www.xbrl.org/2003/arcrole/concept-label" xlink:from="us-gaap_PropertyPlantAndEquipmentNet" xlink:to="us-gaap_PropertyPlantAndEquipmentNet_lbl" />
    <label xlink:type="resource" xlink:role="http://www.xbrl.org/2003/role/totalLabel" xlink:label="us-gaap_PropertyPlantAndEquipmentNet_lbl" xml:lang="en-US">Property, Plant and Equipment, Net</label>
    <loc xlink:type="locator" xlink:href="../../elts/us-gaap-2011-01-31.xsd#us-gaap_IntangibleAssetsNetExcludingGoodwill" xlink:label="us-gaap_IntangibleAssetsNetExcludingGoodwill" />
    <labelArc xlink:type="arc" xlink:arcrole="http://www.xbrl.org/2003/arcrole/concept-label" xlink:from="us-gaap_IntangibleAssetsNetExcludingGoodwill" xlink:to="us-gaap_IntangibleAssetsNetExcludingGoodwill_lbl" />
    <label xlink:type="resource" xlink:role="http://www.xbrl.org/2003/role/totalLabel" xlink:label="us-gaap_IntangibleAssetsNetExcludingGoodwill_lbl" xml:lang="en-US">Intangible Assets, Net (Excluding Goodwill)</label>
    <label xlink:type="resource" xlink:role="http://www.xbrl.org/2003/role/totalLabel" xlink:label="us-gaap_RestrictedCashAndCashEquivalentsNoncurrent_lbl" xml:lang="en-US">Restricted Cash, Noncurrent</label>
    <loc xlink:type="locator" xlink:href="../../elts/us-gaap-2011-01-31.xsd#us-gaap_DeferredRevenueCurrent" xlink:label="us-gaap_DeferredRevenueCurrent" />
    <labelArc xlink:type="arc" xlink:arcrole="http://www.xbrl.org/2003/arcrole/concept-label" xlink:from="us-gaap_DeferredRevenueCurrent" xlink:to="us-gaap_DeferredRevenueCurrent_lbl" />
    <label xlink:type="resource" xlink:role="http://www.xbrl.org/2003/role/totalLabel" xlink:label="us-gaap_DeferredRevenueCurrent_lbl" xml:lang="en-US">Deferred Revenue, Current, Total</label>
    <loc xlink:type="locator" xlink:href="../../elts/us-gaap-2011-01-31.xsd#us-gaap_OtherLiabilitiesNoncurrent" xlink:label="us-gaap_OtherLiabilitiesNoncurrent" />
    <labelArc xlink:type="arc" xlink:arcrole="http://www.xbrl.org/2003/arcrole/concept-label" xlink:from="us-gaap_OtherLiabilitiesNoncurrent" xlink:to="us-gaap_OtherLiabilitiesNoncurrent_lbl" />
    <label xlink:type="resource" xlink:role="http://www.xbrl.org/2003/role/totalLabel" xlink:label="us-gaap_OtherLiabilitiesNoncurrent_lbl" xml:lang="en-US">Other Liabilities, Noncurrent, Total</label>
    <loc xlink:type="locator" xlink:href="../../elts/us-gaap-2011-01-31.xsd#us-gaap_StockholdersEquityIncludingPortionAttributableToNoncontrollingInterestAbstract" xlink:label="us-gaap_StockholdersEquityIncludingPortionAttributableToNoncontrollingInterestAbstract" />
    <labelArc xlink:type="arc" xlink:arcrole="http://www.xbrl.org/2003/arcrole/concept-label" xlink:from="us-gaap_StockholdersEquityIncludingPortionAttributableToNoncontrollingInterestAbstract" xlink:to="us-gaap_StockholdersEquityIncludingPortionAttributableToNoncontrollingInterestAbstract_lbl" />
    <label xlink:type="resource" xlink:role="http://www.xbrl.org/2003/role/label" xlink:label="us-gaap_StockholdersEquityIncludingPortionAttributableToNoncontrollingInterestAbstract_lbl" xml:lang="en-US">Net Assets [Abstract]</label>
    <loc xlink:type="locator" xlink:href="../../elts/us-gaap-2011-01-31.xsd#us-gaap_StockholdersEquityAbstract" xlink:label="us-gaap_StockholdersEquityAbstract" />
    <labelArc xlink:type="arc" xlink:arcrole="http://www.xbrl.org/2003/arcrole/concept-label" xlink:from="us-gaap_StockholdersEquityAbstract" xlink:to="us-gaap_StockholdersEquityAbstract_lbl" />
    <label xlink:type="resource" xlink:role="http://www.xbrl.org/2003/role/label" xlink:label="us-gaap_StockholdersEquityAbstract_lbl" xml:lang="en-US">Net Assets Attributable to Parent [Abstract]</label>
    <loc xlink:type="locator" xlink:href="CFAInstituteTaxonomy_2011.xsd#cfainstitute_UnrestrictedNetAssetsAbstract" xlink:label="cfainstitute_UnrestrictedNetAssetsAbstract" />
    <labelArc xlink:type="arc" xlink:arcrole="http://www.xbrl.org/2003/arcrole/concept-label" xlink:from="cfainstitute_UnrestrictedNetAssetsAbstract" xlink:to="cfainstitute_UnrestrictedNetAssetsAbstract_lbl" />
    <label xlink:type="resource" xlink:role="http://www.xbrl.org/2003/role/documentation" xlink:label="cfainstitute_UnrestrictedNetAssetsAbstract_lbl" xml:lang="en-US">The part of net assets of a non-for-profit organization that is neither permanently restricted nor temporally restricted by donor-imposed stipulations.</label>
    <label xlink:type="resource" xlink:role="http://www.xbrl.org/2003/role/label" xlink:label="cfainstitute_UnrestrictedNetAssetsAbstract_lbl" xml:lang="en-US">Unrestricted Net Assets [Abstract]</label>
    <loc xlink:type="locator" xlink:href="CFAInstituteTaxonomy_2011.xsd#cfainstitute_UnrestrictedNetAssetsUndesignated" xlink:label="cfainstitute_UnrestrictedNetAssetsUndesignated" />
    <labelArc xlink:type="arc" xlink:arcrole="http://www.xbrl.org/2003/arcrole/concept-label" xlink:from="cfainstitute_UnrestrictedNetAssetsUndesignated" xlink:to="cfainstitute_UnrestrictedNetAssetsUndesignated_lbl" />
    <label xlink:type="resource" xlink:role="http://www.xbrl.org/2003/role/documentation" xlink:label="cfainstitute_UnrestrictedNetAssetsUndesignated_lbl" xml:lang="en-US">The part of net assets of a non-for-profit organization that is neither unrestricted nor designated.</label>
    <label xlink:type="resource" xlink:role="http://www.xbrl.org/2003/role/label" xlink:label="cfainstitute_UnrestrictedNetAssetsUndesignated_lbl" xml:lang="en-US">Unrestricted Net Assets-Undesignated</label>
    <loc xlink:type="locator" xlink:href="CFAInstituteTaxonomy_2011.xsd#cfainstitute_UnrestrictedNetAssetsDesignated" xlink:label="cfainstitute_UnrestrictedNetAssetsDesignated" />
    <labelArc xlink:type="arc" xlink:arcrole="http://www.xbrl.org/2003/arcrole/concept-label" xlink:from="cfainstitute_UnrestrictedNetAssetsDesignated" xlink:to="cfainstitute_UnrestrictedNetAssetsDesignated_lbl" />
    <label xlink:type="resource" xlink:role="http://www.xbrl.org/2003/role/documentation" xlink:label="cfainstitute_UnrestrictedNetAssetsDesignated_lbl" xml:lang="en-US">The part of net assets of a non-for-profit organization that is not restricted but designated.</label>
    <label xlink:type="resource" xlink:role="http://www.xbrl.org/2003/role/label" xlink:label="cfainstitute_UnrestrictedNetAssetsDesignated_lbl" xml:lang="en-US">Unrestricted Net Assets-Designated</label>
    <loc xlink:type="locator" xlink:href="CFAInstituteTaxonomy_2011.xsd#cfainstitute_TotalUnrestrictedNetAssets" xlink:label="cfainstitute_TotalUnrestrictedNetAssets" />
    <labelArc xlink:type="arc" xlink:arcrole="http://www.xbrl.org/2003/arcrole/concept-label" xlink:from="cfainstitute_TotalUnrestrictedNetAssets" xlink:to="cfainstitute_TotalUnrestrictedNetAssets_lbl" />
    <label xlink:type="resource" xlink:role="http://www.xbrl.org/2003/role/documentation" xlink:label="cfainstitute_TotalUnrestrictedNetAssets_lbl" xml:lang="en-US">The part of net assets of a non-for-profit organization that is neither permanently restricted nor temporally restricted by donor-imposed stipulations.</label>
    <label xlink:type="resource" xlink:role="http://www.xbrl.org/2003/role/label" xlink:label="cfainstitute_TotalUnrestrictedNetAssets_lbl" xml:lang="en-US">Total Unrestricted Net Assets</label>
    <loc xlink:type="locator" xlink:href="CFAInstituteTaxonomy_2011.xsd#cfainstitute_TemporarilyRestrictedNetAssetsAbstract" xlink:label="cfainstitute_TemporarilyRestrictedNetAssetsAbstract" />
    <labelArc xlink:type="arc" xlink:arcrole="http://www.xbrl.org/2003/arcrole/concept-label" xlink:from="cfainstitute_TemporarilyRestrictedNetAssetsAbstract" xlink:to="cfainstitute_TemporarilyRestrictedNetAssetsAbstract_lbl" />
    <label xlink:type="resource" xlink:role="http://www.xbrl.org/2003/role/documentation" xlink:label="cfainstitute_TemporarilyRestrictedNetAssetsAbstract_lbl" xml:lang="en-US">The part of net assets of a non-for-profit organization resulting (a) from contributions and other inflows of assets whose use by the organization is limited by donor-imposed stipulations that either expire by passage of time or can be fulfilled and removed by actions of the organization pursuant to those stipulations, (b) from other asset enhancements and diminishments subject to the same kinds of stipulations, and (c) from reclassification to (or from) other classes of net assets as a consequence of donor-imposed stipulations, their expiration by passage of time, or their fulfillment and removal by actions of the organization pursuant to those stipulations.</label>
    <label xlink:type="resource" xlink:role="http://www.xbrl.org/2003/role/label" xlink:label="cfainstitute_TemporarilyRestrictedNetAssetsAbstract_lbl" xml:lang="en-US">Temporarily Restricted Net Assets [Abstract]</label>
    <loc xlink:type="locator" xlink:href="CFAInstituteTaxonomy_2011.xsd#cfainstitute_TemporarilyRestrictedNetAssets" xlink:label="cfainstitute_TemporarilyRestrictedNetAssets" />
    <labelArc xlink:type="arc" xlink:arcrole="http://www.xbrl.org/2003/arcrole/concept-label" xlink:from="cfainstitute_TemporarilyRestrictedNetAssets" xlink:to="cfainstitute_TemporarilyRestrictedNetAssets_lbl" />
    <label xlink:type="resource" xlink:role="http://www.xbrl.org/2003/role/documentation" xlink:label="cfainstitute_TemporarilyRestrictedNetAssets_lbl" xml:lang="en-US">The part of net assets of a non-for-profit organization resulting (a) from contributions and other inflows of assets whose use by the organization is limited by donor-imposed stipulations that either expire by passage of time or can be fulfilled and removed by actions of the organization pursuant to those stipulations, (b) from other asset enhancements and diminishments subject to the same kinds of stipulations, and (c) from reclassification to (or from) other classes of net assets as a consequence of donor-imposed stipulations, their expiration by passage of time, or their fulfillment and removal by actions of the organization pursuant to those stipulations.</label>
    <label xlink:type="resource" xlink:role="http://www.xbrl.org/2003/role/label" xlink:label="cfainstitute_TemporarilyRestrictedNetAssets_lbl" xml:lang="en-US">Temporarily Restricted Net Assets</label>
    <loc xlink:type="locator" xlink:href="CFAInstituteTaxonomy_2011.xsd#cfainstitute_TotalTemporarilyRestrictedNetAssets" xlink:label="cfainstitute_TotalTemporarilyRestrictedNetAssets" />
    <labelArc xlink:type="arc" xlink:arcrole="http://www.xbrl.org/2003/arcrole/concept-label" xlink:from="cfainstitute_TotalTemporarilyRestrictedNetAssets" xlink:to="cfainstitute_TotalTemporarilyRestrictedNetAssets_lbl" />
    <label xlink:type="resource" xlink:role="http://www.xbrl.org/2003/role/documentation" xlink:label="cfainstitute_TotalTemporarilyRestrictedNetAssets_lbl" xml:lang="en-US">The part of net assets of a non-for-profit organization resulting (a) from contributions and other inflows of assets whose use by the organization is limited by donor-imposed stipulations that either expire by passage of time or can be fulfilled and removed by actions of the organization pursuant to those stipulations, (b) from other asset enhancements and diminishments subject to the same kinds of stipulations, and (c) from reclassification to (or from) other classes of net assets as a consequence of donor-imposed stipulations, their expiration by passage of time, or their fulfillment and removal by actions of the organization pursuant to those stipulations.</label>
    <label xlink:type="resource" xlink:role="http://www.xbrl.org/2003/role/label" xlink:label="cfainstitute_TotalTemporarilyRestrictedNetAssets_lbl" xml:lang="en-US">Total Temporarily Restricted Net Assets</label>
    <loc xlink:type="locator" xlink:href="../../elts/us-gaap-2011-01-31.xsd#us-gaap_MinorityInterest" xlink:label="us-gaap_MinorityInterest" />
    <labelArc xlink:type="arc" xlink:arcrole="http://www.xbrl.org/2003/arcrole/concept-label" xlink:from="us-gaap_MinorityInterest" xlink:to="us-gaap_MinorityInterest_lbl" />
    <label xlink:type="resource" xlink:role="http://www.xbrl.org/2003/role/label" xlink:label="us-gaap_MinorityInterest_lbl" xml:lang="en-US">Stockholders Equity Attributable to Noncontrolling Interest</label>
    <loc xlink:type="locator" xlink:href="../../elts/us-gaap-2011-01-31.xsd#us-gaap_StockholdersEquity" xlink:label="us-gaap_StockholdersEquity" />
    <labelArc xlink:type="arc" xlink:arcrole="http://www.xbrl.org/2003/arcrole/concept-label" xlink:from="us-gaap_StockholdersEquity" xlink:to="us-gaap_StockholdersEquity_lbl" />
    <label xlink:type="resource" xlink:role="http://www.xbrl.org/2003/role/totalLabel" xlink:label="us-gaap_StockholdersEquity_lbl" xml:lang="en-US">Total Net Assets Attributable to Parent, Total</label>
    <loc xlink:type="locator" xlink:href="../../elts/us-gaap-2011-01-31.xsd#us-gaap_StockholdersEquityIncludingPortionAttributableToNoncontrollingInterest" xlink:label="us-gaap_StockholdersEquityIncludingPortionAttributableToNoncontrollingInterest" />
    <labelArc xlink:type="arc" xlink:arcrole="http://www.xbrl.org/2003/arcrole/concept-label" xlink:from="us-gaap_StockholdersEquityIncludingPortionAttributableToNoncontrollingInterest" xlink:to="us-gaap_StockholdersEquityIncludingPortionAttributableToNoncontrollingInterest_lbl" />
    <label xlink:type="resource" xlink:role="http://www.xbrl.org/2003/role/totalLabel" xlink:label="us-gaap_StockholdersEquityIncludingPortionAttributableToNoncontrollingInterest_lbl" xml:lang="en-US">Liabilities and Net Assets, Total</label>
    <label xlink:type="resource" xlink:role="http://www.xbrl.org/2003/role/totalLabel" xlink:label="cfainstitute_UnrestrictedNetAssetsDesignated_lbl" xml:lang="en-US">Unrestricted Net Assets-Designated</label>
    <loc xlink:type="locator" xlink:href="CFAInstituteTaxonomy_2011.xsd#cfainstitute_ProceedsFromCandidateFees" xlink:label="cfainstitute_ProceedsFromCandidateFees" />
    <labelArc xlink:type="arc" xlink:arcrole="http://www.xbrl.org/2003/arcrole/concept-label" xlink:from="cfainstitute_ProceedsFromCandidateFees" xlink:to="cfainstitute_ProceedsFromCandidateFees_lbl" />
    <label xlink:type="resource" xlink:role="http://www.xbrl.org/2003/role/documentation" xlink:label="cfainstitute_ProceedsFromCandidateFees_lbl" xml:lang="en-US">Proceeds from Candidate Fees: Proceeds of registration and enrollment fees from exam candidates.</label>
    <label xlink:type="resource" xlink:role="http://www.xbrl.org/2003/role/label" xlink:label="cfainstitute_ProceedsFromCandidateFees_lbl" xml:lang="en-US">Proceeds from Candidate Fees</label>
    <loc xlink:type="locator" xlink:href="CFAInstituteTaxonomy_2011.xsd#cfainstitute_ProceedsFromMemberAndSocietyDues" xlink:label="cfainstitute_ProceedsFromMemberAndSocietyDues" />
    <labelArc xlink:type="arc" xlink:arcrole="http://www.xbrl.org/2003/arcrole/concept-label" xlink:from="cfainstitute_ProceedsFromMemberAndSocietyDues" xlink:to="cfainstitute_ProceedsFromMemberAndSocietyDues_lbl" />
    <label xlink:type="resource" xlink:role="http://www.xbrl.org/2003/role/documentation" xlink:label="cfainstitute_ProceedsFromMemberAndSocietyDues_lbl" xml:lang="en-US">Proceeds from membership dues and publication advertising revenue.</label>
    <label xlink:type="resource" xlink:role="http://www.xbrl.org/2003/role/label" xlink:label="cfainstitute_ProceedsFromMemberAndSocietyDues_lbl" xml:lang="en-US">Proceeds from Member Dues, Society Dues and Other</label>
    <loc xlink:type="locator" xlink:href="CFAInstituteTaxonomy_2011.xsd#cfainstitute_ProceedsFromEducationalProducts" xlink:label="cfainstitute_ProceedsFromEducationalProducts" />
    <labelArc xlink:type="arc" xlink:arcrole="http://www.xbrl.org/2003/arcrole/concept-label" xlink:from="cfainstitute_ProceedsFromEducationalProducts" xlink:to="cfainstitute_ProceedsFromEducationalProducts_lbl" />
    <label xlink:type="resource" xlink:role="http://www.xbrl.org/2003/role/documentation" xlink:label="cfainstitute_ProceedsFromEducationalProducts_lbl" xml:lang="en-US">Proceeds from Educational Products: Proceeds from exam-related study materials, textbooks, subscriptions and conferences.
</label>
    <label xlink:type="resource" xlink:role="http://www.xbrl.org/2003/role/label" xlink:label="cfainstitute_ProceedsFromEducationalProducts_lbl" xml:lang="en-US">Proceeds from Educational Products</label>
    <loc xlink:type="locator" xlink:href="CFAInstituteTaxonomy_2011.xsd#cfainstitute_ProceedsFromContributions" xlink:label="cfainstitute_ProceedsFromContributions" />
    <labelArc xlink:type="arc" xlink:arcrole="http://www.xbrl.org/2003/arcrole/concept-label" xlink:from="cfainstitute_ProceedsFromContributions" xlink:to="cfainstitute_ProceedsFromContributions_lbl" />
    <label xlink:type="resource" xlink:role="http://www.xbrl.org/2003/role/documentation" xlink:label="cfainstitute_ProceedsFromContributions_lbl" xml:lang="en-US">Proceeds from contributions.</label>
    <label xlink:type="resource" xlink:role="http://www.xbrl.org/2003/role/label" xlink:label="cfainstitute_ProceedsFromContributions_lbl" xml:lang="en-US">Proceeds from Contributions</label>
    <loc xlink:type="locator" xlink:href="CFAInstituteTaxonomy_2011.xsd#cfainstitute_PaymentsForSupportServicesAbstract" xlink:label="cfainstitute_PaymentsForSupportServicesAbstract" />
    <labelArc xlink:type="arc" xlink:arcrole="http://www.xbrl.org/2003/arcrole/concept-label" xlink:from="cfainstitute_PaymentsForSupportServicesAbstract" xlink:to="cfainstitute_PaymentsForSupportServicesAbstract_lbl" />
    <label xlink:type="resource" xlink:role="http://www.xbrl.org/2003/role/documentation" xlink:label="cfainstitute_PaymentsForSupportServicesAbstract_lbl" xml:lang="en-US">Disbursements to support candidate, member and society programs.</label>
    <label xlink:type="resource" xlink:role="http://www.xbrl.org/2003/role/label" xlink:label="cfainstitute_PaymentsForSupportServicesAbstract_lbl" xml:lang="en-US">Payments for Support Services [Abstract]</label>
    <loc xlink:type="locator" xlink:href="CFAInstituteTaxonomy_2011.xsd#cfainstitute_PaymentsForProgramServicesAbstract" xlink:label="cfainstitute_PaymentsForProgramServicesAbstract" />
    <labelArc xlink:type="arc" xlink:arcrole="http://www.xbrl.org/2003/arcrole/concept-label" xlink:from="cfainstitute_PaymentsForProgramServicesAbstract" xlink:to="cfainstitute_PaymentsForProgramServicesAbstract_lbl" />
    <label xlink:type="resource" xlink:role="http://www.xbrl.org/2003/role/documentation" xlink:label="cfainstitute_PaymentsForProgramServicesAbstract_lbl" xml:lang="en-US">Disbursements to administer candidate, member and society programs.</label>
    <label xlink:type="resource" xlink:role="http://www.xbrl.org/2003/role/label" xlink:label="cfainstitute_PaymentsForProgramServicesAbstract_lbl" xml:lang="en-US">Payments for Program Services [Abstract]</label>
    <loc xlink:type="locator" xlink:href="CFAInstituteTaxonomy_2011.xsd#cfainstitute_PaymentsForCertificationAndCertificatePrograms" xlink:label="cfainstitute_PaymentsForCertificationAndCertificatePrograms" />
    <labelArc xlink:type="arc" xlink:arcrole="http://www.xbrl.org/2003/arcrole/concept-label" xlink:from="cfainstitute_PaymentsForCertificationAndCertificatePrograms" xlink:to="cfainstitute_PaymentsForCertificationAndCertificatePrograms_lbl" />
    <label xlink:type="resource" xlink:role="http://www.xbrl.org/2003/role/documentation" xlink:label="cfainstitute_PaymentsForCertificationAndCertificatePrograms_lbl" xml:lang="en-US">Disbursements for all exam related expenses including exam development and administration.</label>
    <label xlink:type="resource" xlink:role="http://www.xbrl.org/2003/role/label" xlink:label="cfainstitute_PaymentsForCertificationAndCertificatePrograms_lbl" xml:lang="en-US">Payments for Certification and Certificate Programs</label>
    <loc xlink:type="locator" xlink:href="CFAInstituteTaxonomy_2011.xsd#cfainstitute_PaymentsForScholarshipExpenses" xlink:label="cfainstitute_PaymentsForScholarshipExpenses" />
    <labelArc xlink:type="arc" xlink:arcrole="http://www.xbrl.org/2003/arcrole/concept-label" xlink:from="cfainstitute_PaymentsForScholarshipExpenses" xlink:to="cfainstitute_PaymentsForScholarshipExpenses_lbl" />
    <label xlink:type="resource" xlink:role="http://www.xbrl.org/2003/role/documentation" xlink:label="cfainstitute_PaymentsForScholarshipExpenses_lbl" xml:lang="en-US">Disbursements funding college and university scholarships benefitting disabled survivors and families of the casualties of the 11 September terrorist attacks.</label>
    <label xlink:type="resource" xlink:role="http://www.xbrl.org/2003/role/label" xlink:label="cfainstitute_PaymentsForScholarshipExpenses_lbl" xml:lang="en-US">Payments for Scholarship Expenses</label>
    <loc xlink:type="locator" xlink:href="CFAInstituteTaxonomy_2011.xsd#cfainstitute_PaymentsForMarketingAndCommunications" xlink:label="cfainstitute_PaymentsForMarketingAndCommunications" />
    <labelArc xlink:type="arc" xlink:arcrole="http://www.xbrl.org/2003/arcrole/concept-label" xlink:from="cfainstitute_PaymentsForMarketingAndCommunications" xlink:to="cfainstitute_PaymentsForMarketingAndCommunications_lbl" />
    <label xlink:type="resource" xlink:role="http://www.xbrl.org/2003/role/documentation" xlink:label="cfainstitute_PaymentsForMarketingAndCommunications_lbl" xml:lang="en-US">Disbursements for marketing and communications.</label>
    <label xlink:type="resource" xlink:role="http://www.xbrl.org/2003/role/label" xlink:label="cfainstitute_PaymentsForMarketingAndCommunications_lbl" xml:lang="en-US">Payments for Marketing and Communications</label>
    <loc xlink:type="locator" xlink:href="CFAInstituteTaxonomy_2011.xsd#cfainstitute_PaymentsForInternationalOperations" xlink:label="cfainstitute_PaymentsForInternationalOperations" />
    <labelArc xlink:type="arc" xlink:arcrole="http://www.xbrl.org/2003/arcrole/concept-label" xlink:from="cfainstitute_PaymentsForInternationalOperations" xlink:to="cfainstitute_PaymentsForInternationalOperations_lbl" />
    <label xlink:type="resource" xlink:role="http://www.xbrl.org/2003/role/documentation" xlink:label="cfainstitute_PaymentsForInternationalOperations_lbl" xml:lang="en-US">Disbursements for the international office operations.</label>
    <label xlink:type="resource" xlink:role="http://www.xbrl.org/2003/role/label" xlink:label="cfainstitute_PaymentsForInternationalOperations_lbl" xml:lang="en-US">Payments for International Operations</label>
    <loc xlink:type="locator" xlink:href="CFAInstituteTaxonomy_2011.xsd#cfainstitute_PaymentsForStandardsAndFinancialMarketIntegrity" xlink:label="cfainstitute_PaymentsForStandardsAndFinancialMarketIntegrity" />
    <labelArc xlink:type="arc" xlink:arcrole="http://www.xbrl.org/2003/arcrole/concept-label" xlink:from="cfainstitute_PaymentsForStandardsAndFinancialMarketIntegrity" xlink:to="cfainstitute_PaymentsForStandardsAndFinancialMarketIntegrity_lbl" />
    <label xlink:type="resource" xlink:role="http://www.xbrl.org/2003/role/documentation" xlink:label="cfainstitute_PaymentsForStandardsAndFinancialMarketIntegrity_lbl" xml:lang="en-US">Disbursements for the Standards and Markets Integrity Division operations.</label>
    <label xlink:type="resource" xlink:role="http://www.xbrl.org/2003/role/label" xlink:label="cfainstitute_PaymentsForStandardsAndFinancialMarketIntegrity_lbl" xml:lang="en-US">Payments for Standards and Financial Market Integrity</label>
    <loc xlink:type="locator" xlink:href="CFAInstituteTaxonomy_2011.xsd#cfainstitute_PaymentsForMemberAndSocietyServices" xlink:label="cfainstitute_PaymentsForMemberAndSocietyServices" />
    <labelArc xlink:type="arc" xlink:arcrole="http://www.xbrl.org/2003/arcrole/concept-label" xlink:from="cfainstitute_PaymentsForMemberAndSocietyServices" xlink:to="cfainstitute_PaymentsForMemberAndSocietyServices_lbl" />
    <label xlink:type="resource" xlink:role="http://www.xbrl.org/2003/role/documentation" xlink:label="cfainstitute_PaymentsForMemberAndSocietyServices_lbl" xml:lang="en-US">Disbursements for member related services, including call center and society funding.</label>
    <label xlink:type="resource" xlink:role="http://www.xbrl.org/2003/role/label" xlink:label="cfainstitute_PaymentsForMemberAndSocietyServices_lbl" xml:lang="en-US">Payments for Member and Society Services</label>
    <loc xlink:type="locator" xlink:href="CFAInstituteTaxonomy_2011.xsd#cfainstitute_PaymentsForEducationalContentAndProducts" xlink:label="cfainstitute_PaymentsForEducationalContentAndProducts" />
    <labelArc xlink:type="arc" xlink:arcrole="http://www.xbrl.org/2003/arcrole/concept-label" xlink:from="cfainstitute_PaymentsForEducationalContentAndProducts" xlink:to="cfainstitute_PaymentsForEducationalContentAndProducts_lbl" />
    <label xlink:type="resource" xlink:role="http://www.xbrl.org/2003/role/documentation" xlink:label="cfainstitute_PaymentsForEducationalContentAndProducts_lbl" xml:lang="en-US">Disbursements for publications, including content development and curriculum production costs, as well as conference related expenses.</label>
    <label xlink:type="resource" xlink:role="http://www.xbrl.org/2003/role/label" xlink:label="cfainstitute_PaymentsForEducationalContentAndProducts_lbl" xml:lang="en-US">Payments for Educational Content and Products</label>
    <loc xlink:type="locator" xlink:href="CFAInstituteTaxonomy_2011.xsd#cfainstitute_PaymentsForFundraising" xlink:label="cfainstitute_PaymentsForFundraising" />
    <labelArc xlink:type="arc" xlink:arcrole="http://www.xbrl.org/2003/arcrole/concept-label" xlink:from="cfainstitute_PaymentsForFundraising" xlink:to="cfainstitute_PaymentsForFundraising_lbl" />
    <label xlink:type="resource" xlink:role="http://www.xbrl.org/2003/role/documentation" xlink:label="cfainstitute_PaymentsForFundraising_lbl" xml:lang="en-US">Disbursements for fundraising activities.</label>
    <label xlink:type="resource" xlink:role="http://www.xbrl.org/2003/role/label" xlink:label="cfainstitute_PaymentsForFundraising_lbl" xml:lang="en-US">Payments for Fundraising</label>
    <loc xlink:type="locator" xlink:href="CFAInstituteTaxonomy_2011.xsd#cfainstitute_PaymentsForPublishingAndContentServices" xlink:label="cfainstitute_PaymentsForPublishingAndContentServices" />
    <labelArc xlink:type="arc" xlink:arcrole="http://www.xbrl.org/2003/arcrole/concept-label" xlink:from="cfainstitute_PaymentsForPublishingAndContentServices" xlink:to="cfainstitute_PaymentsForPublishingAndContentServices_lbl" />
    <label xlink:type="resource" xlink:role="http://www.xbrl.org/2003/role/documentation" xlink:label="cfainstitute_PaymentsForPublishingAndContentServices_lbl" xml:lang="en-US">Disbursements for publishing and content services support.</label>
    <label xlink:type="resource" xlink:role="http://www.xbrl.org/2003/role/label" xlink:label="cfainstitute_PaymentsForPublishingAndContentServices_lbl" xml:lang="en-US">Payments for Publishing and Content Services</label>
    <loc xlink:type="locator" xlink:href="CFAInstituteTaxonomy_2011.xsd#cfainstitute_PaymentsForTravelSupportAndEventManagement" xlink:label="cfainstitute_PaymentsForTravelSupportAndEventManagement" />
    <labelArc xlink:type="arc" xlink:arcrole="http://www.xbrl.org/2003/arcrole/concept-label" xlink:from="cfainstitute_PaymentsForTravelSupportAndEventManagement" xlink:to="cfainstitute_PaymentsForTravelSupportAndEventManagement_lbl" />
    <label xlink:type="resource" xlink:role="http://www.xbrl.org/2003/role/documentation" xlink:label="cfainstitute_PaymentsForTravelSupportAndEventManagement_lbl" xml:lang="en-US">Disbursements for travel related support.</label>
    <label xlink:type="resource" xlink:role="http://www.xbrl.org/2003/role/label" xlink:label="cfainstitute_PaymentsForTravelSupportAndEventManagement_lbl" xml:lang="en-US">Payments for Travel Support and Event Management</label>
    <loc xlink:type="locator" xlink:href="CFAInstituteTaxonomy_2011.xsd#cfainstitute_PaymentsForHumanResources" xlink:label="cfainstitute_PaymentsForHumanResources" />
    <labelArc xlink:type="arc" xlink:arcrole="http://www.xbrl.org/2003/arcrole/concept-label" xlink:from="cfainstitute_PaymentsForHumanResources" xlink:to="cfainstitute_PaymentsForHumanResources_lbl" />
    <label xlink:type="resource" xlink:role="http://www.xbrl.org/2003/role/documentation" xlink:label="cfainstitute_PaymentsForHumanResources_lbl" xml:lang="en-US">Disbursements for human resources support.</label>
    <label xlink:type="resource" xlink:role="http://www.xbrl.org/2003/role/label" xlink:label="cfainstitute_PaymentsForHumanResources_lbl" xml:lang="en-US">Payments for Human Resources</label>
    <loc xlink:type="locator" xlink:href="CFAInstituteTaxonomy_2011.xsd#cfainstitute_PaymentsForOfficeOfGeneralCounsel" xlink:label="cfainstitute_PaymentsForOfficeOfGeneralCounsel" />
    <labelArc xlink:type="arc" xlink:arcrole="http://www.xbrl.org/2003/arcrole/concept-label" xlink:from="cfainstitute_PaymentsForOfficeOfGeneralCounsel" xlink:to="cfainstitute_PaymentsForOfficeOfGeneralCounsel_lbl" />
    <label xlink:type="resource" xlink:role="http://www.xbrl.org/2003/role/documentation" xlink:label="cfainstitute_PaymentsForOfficeOfGeneralCounsel_lbl" xml:lang="en-US">Disbursements for legal support.</label>
    <label xlink:type="resource" xlink:role="http://www.xbrl.org/2003/role/label" xlink:label="cfainstitute_PaymentsForOfficeOfGeneralCounsel_lbl" xml:lang="en-US">Payments for the Office of General Counsel</label>
    <loc xlink:type="locator" xlink:href="CFAInstituteTaxonomy_2011.xsd#cfainstitute_PaymentsForFacilityRentPlanningAndOperations" xlink:label="cfainstitute_PaymentsForFacilityRentPlanningAndOperations" />
    <labelArc xlink:type="arc" xlink:arcrole="http://www.xbrl.org/2003/arcrole/concept-label" xlink:from="cfainstitute_PaymentsForFacilityRentPlanningAndOperations" xlink:to="cfainstitute_PaymentsForFacilityRentPlanningAndOperations_lbl" />
    <label xlink:type="resource" xlink:role="http://www.xbrl.org/2003/role/documentation" xlink:label="cfainstitute_PaymentsForFacilityRentPlanningAndOperations_lbl" xml:lang="en-US">Disbursements for facility costs, planning and operations.</label>
    <label xlink:type="resource" xlink:role="http://www.xbrl.org/2003/role/label" xlink:label="cfainstitute_PaymentsForFacilityRentPlanningAndOperations_lbl" xml:lang="en-US">Payments for Facility, Rent, Planning and Operations:</label>
    <loc xlink:type="locator" xlink:href="CFAInstituteTaxonomy_2011.xsd#cfainstitute_PaymentsForFinancialOperationsAndExecutive" xlink:label="cfainstitute_PaymentsForFinancialOperationsAndExecutive" />
    <labelArc xlink:type="arc" xlink:arcrole="http://www.xbrl.org/2003/arcrole/concept-label" xlink:from="cfainstitute_PaymentsForFinancialOperationsAndExecutive" xlink:to="cfainstitute_PaymentsForFinancialOperationsAndExecutive_lbl" />
    <label xlink:type="resource" xlink:role="http://www.xbrl.org/2003/role/documentation" xlink:label="cfainstitute_PaymentsForFinancialOperationsAndExecutive_lbl" xml:lang="en-US">Disbursements for executive and finance support.</label>
    <label xlink:type="resource" xlink:role="http://www.xbrl.org/2003/role/label" xlink:label="cfainstitute_PaymentsForFinancialOperationsAndExecutive_lbl" xml:lang="en-US">Payments for Financial Operations and Executive</label>
    <loc xlink:type="locator" xlink:href="CFAInstituteTaxonomy_2011.xsd#cfainstitute_PaymentsForInformationTechnology" xlink:label="cfainstitute_PaymentsForInformationTechnology" />
    <labelArc xlink:type="arc" xlink:arcrole="http://www.xbrl.org/2003/arcrole/concept-label" xlink:from="cfainstitute_PaymentsForInformationTechnology" xlink:to="cfainstitute_PaymentsForInformationTechnology_lbl" />
    <label xlink:type="resource" xlink:role="http://www.xbrl.org/2003/role/documentation" xlink:label="cfainstitute_PaymentsForInformationTechnology_lbl" xml:lang="en-US">Disbursements for informational technology support.</label>
    <label xlink:type="resource" xlink:role="http://www.xbrl.org/2003/role/label" xlink:label="cfainstitute_PaymentsForInformationTechnology_lbl" xml:lang="en-US">Payments for Information technology</label>
    <loc xlink:type="locator" xlink:href="CFAInstituteTaxonomy_2011.xsd#cfainstitute_PaymentsForOtherSupportServices" xlink:label="cfainstitute_PaymentsForOtherSupportServices" />
    <labelArc xlink:type="arc" xlink:arcrole="http://www.xbrl.org/2003/arcrole/concept-label" xlink:from="cfainstitute_PaymentsForOtherSupportServices" xlink:to="cfainstitute_PaymentsForOtherSupportServices_lbl" />
    <label xlink:type="resource" xlink:role="http://www.xbrl.org/2003/role/documentation" xlink:label="cfainstitute_PaymentsForOtherSupportServices_lbl" xml:lang="en-US">Disbursements for Other Support Services</label>
    <label xlink:type="resource" xlink:role="http://www.xbrl.org/2003/role/label" xlink:label="cfainstitute_PaymentsForOtherSupportServices_lbl" xml:lang="en-US">Payments for Other Support Services</label>
    <loc xlink:type="locator" xlink:href="CFAInstituteTaxonomy_2011.xsd#cfainstitute_NetCashProvidedByUsedInInvestingActivitiesAbstract" xlink:label="cfainstitute_NetCashProvidedByUsedInInvestingActivitiesAbstract" />
    <labelArc xlink:type="arc" xlink:arcrole="http://www.xbrl.org/2003/arcrole/concept-label" xlink:from="cfainstitute_NetCashProvidedByUsedInInvestingActivitiesAbstract" xlink:to="cfainstitute_NetCashProvidedByUsedInInvestingActivitiesAbstract_lbl" />
    <label xlink:type="resource" xlink:role="http://www.xbrl.org/2003/role/documentation" xlink:label="cfainstitute_NetCashProvidedByUsedInInvestingActivitiesAbstract_lbl" xml:lang="en-US">Net Cash Provided by (Used in) Investing Activities [Abstract]</label>
    <label xlink:type="resource" xlink:role="http://www.xbrl.org/2003/role/label" xlink:label="cfainstitute_NetCashProvidedByUsedInInvestingActivitiesAbstract_lbl" xml:lang="en-US">Net Cash Provided by (Used in) Investing Activities [Abstract]</label>
    <loc xlink:type="locator" xlink:href="CFAInstituteTaxonomy_2011.xsd#cfainstitute_NetCashProvidedByUsedInInvestingActivitiesContinuingOperationsAbstract" xlink:label="cfainstitute_NetCashProvidedByUsedInInvestingActivitiesContinuingOperationsAbstract" />
    <labelArc xlink:type="arc" xlink:arcrole="http://www.xbrl.org/2003/arcrole/concept-label" xlink:from="cfainstitute_NetCashProvidedByUsedInInvestingActivitiesContinuingOperationsAbstract" xlink:to="cfainstitute_NetCashProvidedByUsedInInvestingActivitiesContinuingOperationsAbstract_lbl" />
    <label xlink:type="resource" xlink:role="http://www.xbrl.org/2003/role/documentation" xlink:label="cfainstitute_NetCashProvidedByUsedInInvestingActivitiesContinuingOperationsAbstract_lbl" xml:lang="en-US">Net Cash Provided by (Used in) Investing Activities, Continuing Operations [Abstract]</label>
    <label xlink:type="resource" xlink:role="http://www.xbrl.org/2003/role/label" xlink:label="cfainstitute_NetCashProvidedByUsedInInvestingActivitiesContinuingOperationsAbstract_lbl" xml:lang="en-US">Net Cash Provided by (Used in) Investing Activities, Continuing Operations [Abstract]</label>
    <loc xlink:type="locator" xlink:href="CFAInstituteTaxonomy_2011.xsd#cfainstitute_PaymentsForProceedsFromProductiveAssetsAbstract" xlink:label="cfainstitute_PaymentsForProceedsFromProductiveAssetsAbstract" />
    <labelArc xlink:type="arc" xlink:arcrole="http://www.xbrl.org/2003/arcrole/concept-label" xlink:from="cfainstitute_PaymentsForProceedsFromProductiveAssetsAbstract" xlink:to="cfainstitute_PaymentsForProceedsFromProductiveAssetsAbstract_lbl" />
    <label xlink:type="resource" xlink:role="http://www.xbrl.org/2003/role/documentation" xlink:label="cfainstitute_PaymentsForProceedsFromProductiveAssetsAbstract_lbl" xml:lang="en-US">Payments for (Proceeds from) Productive Assets [Abstract]</label>
    <label xlink:type="resource" xlink:role="http://www.xbrl.org/2003/role/label" xlink:label="cfainstitute_PaymentsForProceedsFromProductiveAssetsAbstract_lbl" xml:lang="en-US">Payments for (Proceeds from) Productive Assets [Abstract]</label>
    <loc xlink:type="locator" xlink:href="CFAInstituteTaxonomy_2011.xsd#cfainstitute_PaymentsToAcquireProductiveAssetsAbstract" xlink:label="cfainstitute_PaymentsToAcquireProductiveAssetsAbstract" />
    <labelArc xlink:type="arc" xlink:arcrole="http://www.xbrl.org/2003/arcrole/concept-label" xlink:from="cfainstitute_PaymentsToAcquireProductiveAssetsAbstract" xlink:to="cfainstitute_PaymentsToAcquireProductiveAssetsAbstract_lbl" />
    <label xlink:type="resource" xlink:role="http://www.xbrl.org/2003/role/documentation" xlink:label="cfainstitute_PaymentsToAcquireProductiveAssetsAbstract_lbl" xml:lang="en-US">Payments to Acquire Productive Assets [Abstract]</label>
    <label xlink:type="resource" xlink:role="http://www.xbrl.org/2003/role/label" xlink:label="cfainstitute_PaymentsToAcquireProductiveAssetsAbstract_lbl" xml:lang="en-US">Payments to Acquire Productive Assets [Abstract]</label>
    <loc xlink:type="locator" xlink:href="CFAInstituteTaxonomy_2011.xsd#cfainstitute_PaymentsForProceedsFromInvestmentsAbstract" xlink:label="cfainstitute_PaymentsForProceedsFromInvestmentsAbstract" />
    <labelArc xlink:type="arc" xlink:arcrole="http://www.xbrl.org/2003/arcrole/concept-label" xlink:from="cfainstitute_PaymentsForProceedsFromInvestmentsAbstract" xlink:to="cfainstitute_PaymentsForProceedsFromInvestmentsAbstract_lbl" />
    <label xlink:type="resource" xlink:role="http://www.xbrl.org/2003/role/documentation" xlink:label="cfainstitute_PaymentsForProceedsFromInvestmentsAbstract_lbl" xml:lang="en-US">Payments for (Proceeds from) Investments [Abstract]</label>
    <label xlink:type="resource" xlink:role="http://www.xbrl.org/2003/role/label" xlink:label="cfainstitute_PaymentsForProceedsFromInvestmentsAbstract_lbl" xml:lang="en-US">Payments for (Proceeds from) Investments [Abstract]</label>
    <loc xlink:type="locator" xlink:href="CFAInstituteTaxonomy_2011.xsd#cfainstitute_ProceedsFromSaleOfProductiveAssetsAbstract" xlink:label="cfainstitute_ProceedsFromSaleOfProductiveAssetsAbstract" />
    <labelArc xlink:type="arc" xlink:arcrole="http://www.xbrl.org/2003/arcrole/concept-label" xlink:from="cfainstitute_ProceedsFromSaleOfProductiveAssetsAbstract" xlink:to="cfainstitute_ProceedsFromSaleOfProductiveAssetsAbstract_lbl" />
    <label xlink:type="resource" xlink:role="http://www.xbrl.org/2003/role/documentation" xlink:label="cfainstitute_ProceedsFromSaleOfProductiveAssetsAbstract_lbl" xml:lang="en-US">Proceeds from Sale of Productive Assets [Abstract]</label>
    <label xlink:type="resource" xlink:role="http://www.xbrl.org/2003/role/label" xlink:label="cfainstitute_ProceedsFromSaleOfProductiveAssetsAbstract_lbl" xml:lang="en-US">Proceeds from Sale of Productive Assets [Abstract]</label>
    <loc xlink:type="locator" xlink:href="CFAInstituteTaxonomy_2011.xsd#cfainstitute_PaymentsToAcquirePropertyPlantAndEquipmentAbstract" xlink:label="cfainstitute_PaymentsToAcquirePropertyPlantAndEquipmentAbstract" />
    <labelArc xlink:type="arc" xlink:arcrole="http://www.xbrl.org/2003/arcrole/concept-label" xlink:from="cfainstitute_PaymentsToAcquirePropertyPlantAndEquipmentAbstract" xlink:to="cfainstitute_PaymentsToAcquirePropertyPlantAndEquipmentAbstract_lbl" />
    <label xlink:type="resource" xlink:role="http://www.xbrl.org/2003/role/documentation" xlink:label="cfainstitute_PaymentsToAcquirePropertyPlantAndEquipmentAbstract_lbl" xml:lang="en-US">Payments to Acquire Property, Plant and Equipment [Abstract]</label>
    <label xlink:type="resource" xlink:role="http://www.xbrl.org/2003/role/label" xlink:label="cfainstitute_PaymentsToAcquirePropertyPlantAndEquipmentAbstract_lbl" xml:lang="en-US">Payments to Acquire Property, Plant and Equipment [Abstract]</label>
    <loc xlink:type="locator" xlink:href="CFAInstituteTaxonomy_2011.xsd#cfainstitute_PaymentsToAcquirePropertyPlantAndEquipment" xlink:label="cfainstitute_PaymentsToAcquirePropertyPlantAndEquipment" />
    <labelArc xlink:type="arc" xlink:arcrole="http://www.xbrl.org/2003/arcrole/concept-label" xlink:from="cfainstitute_PaymentsToAcquirePropertyPlantAndEquipment" xlink:to="cfainstitute_PaymentsToAcquirePropertyPlantAndEquipment_lbl" />
    <label xlink:type="resource" xlink:role="http://www.xbrl.org/2003/role/label" xlink:label="cfainstitute_PaymentsToAcquirePropertyPlantAndEquipment_lbl" xml:lang="en-US">Payments to Acquire Property, Plant and Equipment</label>
    <label xlink:type="resource" xlink:role="http://www.xbrl.org/2003/role/documentation" xlink:label="cfainstitute_PaymentsToAcquirePropertyPlantAndEquipment_lbl" xml:lang="en-US">Payments to Acquire Property, Plant and Equipment</label>
    <loc xlink:type="locator" xlink:href="CFAInstituteTaxonomy_2011.xsd#cfainstitute_ProceedsFromSaleOfPropertyPlantAndEquipmentAbstract" xlink:label="cfainstitute_ProceedsFromSaleOfPropertyPlantAndEquipmentAbstract" />
    <labelArc xlink:type="arc" xlink:arcrole="http://www.xbrl.org/2003/arcrole/concept-label" xlink:from="cfainstitute_ProceedsFromSaleOfPropertyPlantAndEquipmentAbstract" xlink:to="cfainstitute_ProceedsFromSaleOfPropertyPlantAndEquipmentAbstract_lbl" />
    <label xlink:type="resource" xlink:role="http://www.xbrl.org/2003/role/documentation" xlink:label="cfainstitute_ProceedsFromSaleOfPropertyPlantAndEquipmentAbstract_lbl" xml:lang="en-US">Proceeds from Sale of Property, Plant and Equipment [Abstract]</label>
    <label xlink:type="resource" xlink:role="http://www.xbrl.org/2003/role/label" xlink:label="cfainstitute_ProceedsFromSaleOfPropertyPlantAndEquipmentAbstract_lbl" xml:lang="en-US">Proceeds from Sale of Property, Plant and Equipment [Abstract]</label>
    <loc xlink:type="locator" xlink:href="CFAInstituteTaxonomy_2011.xsd#cfainstitute_ProceedsFromSaleOfPropertyPlantAndEquipment" xlink:label="cfainstitute_ProceedsFromSaleOfPropertyPlantAndEquipment" />
    <labelArc xlink:type="arc" xlink:arcrole="http://www.xbrl.org/2003/arcrole/concept-label" xlink:from="cfainstitute_ProceedsFromSaleOfPropertyPlantAndEquipment" xlink:to="cfainstitute_ProceedsFromSaleOfPropertyPlantAndEquipment_lbl" />
    <label xlink:type="resource" xlink:role="http://www.xbrl.org/2003/role/documentation" xlink:label="cfainstitute_ProceedsFromSaleOfPropertyPlantAndEquipment_lbl" xml:lang="en-US">Proceeds from Sale of Property, Plant and Equipment</label>
    <label xlink:type="resource" xlink:role="http://www.xbrl.org/2003/role/label" xlink:label="cfainstitute_ProceedsFromSaleOfPropertyPlantAndEquipment_lbl" xml:lang="en-US">Proceeds from Sale of Property, Plant and Equipment</label>
    <loc xlink:type="locator" xlink:href="CFAInstituteTaxonomy_2011.xsd#cfainstitute_ProceedsFromSaleMaturityAndCollectionsOfInvestmentsAbstract" xlink:label="cfainstitute_ProceedsFromSaleMaturityAndCollectionsOfInvestmentsAbstract" />
    <labelArc xlink:type="arc" xlink:arcrole="http://www.xbrl.org/2003/arcrole/concept-label" xlink:from="cfainstitute_ProceedsFromSaleMaturityAndCollectionsOfInvestmentsAbstract" xlink:to="cfainstitute_ProceedsFromSaleMaturityAndCollectionsOfInvestmentsAbstract_lbl" />
    <label xlink:type="resource" xlink:role="http://www.xbrl.org/2003/role/documentation" xlink:label="cfainstitute_ProceedsFromSaleMaturityAndCollectionsOfInvestmentsAbstract_lbl" xml:lang="en-US">Proceeds from Sale, Maturity and Collections of Investments [Abstract]
</label>
    <label xlink:type="resource" xlink:role="http://www.xbrl.org/2003/role/label" xlink:label="cfainstitute_ProceedsFromSaleMaturityAndCollectionsOfInvestmentsAbstract_lbl" xml:lang="en-US">Proceeds from Sale, Maturity and Collections of Investments [Abstract]</label>
    <loc xlink:type="locator" xlink:href="CFAInstituteTaxonomy_2011.xsd#cfainstitute_PaymentsToAcquireInvestmentsAbstract" xlink:label="cfainstitute_PaymentsToAcquireInvestmentsAbstract" />
    <labelArc xlink:type="arc" xlink:arcrole="http://www.xbrl.org/2003/arcrole/concept-label" xlink:from="cfainstitute_PaymentsToAcquireInvestmentsAbstract" xlink:to="cfainstitute_PaymentsToAcquireInvestmentsAbstract_lbl" />
    <label xlink:type="resource" xlink:role="http://www.xbrl.org/2003/role/documentation" xlink:label="cfainstitute_PaymentsToAcquireInvestmentsAbstract_lbl" xml:lang="en-US">Payments to Acquire Investments [Abstract]
</label>
    <label xlink:type="resource" xlink:role="http://www.xbrl.org/2003/role/label" xlink:label="cfainstitute_PaymentsToAcquireInvestmentsAbstract_lbl" xml:lang="en-US">Payments to Acquire Investments [Abstract]</label>
    <loc xlink:type="locator" xlink:href="CFAInstituteTaxonomy_2011.xsd#cfainstitute_PaymentsToAcquireInvestments" xlink:label="cfainstitute_PaymentsToAcquireInvestments" />
    <labelArc xlink:type="arc" xlink:arcrole="http://www.xbrl.org/2003/arcrole/concept-label" xlink:from="cfainstitute_PaymentsToAcquireInvestments" xlink:to="cfainstitute_PaymentsToAcquireInvestments_lbl" />
    <label xlink:type="resource" xlink:role="http://www.xbrl.org/2003/role/documentation" xlink:label="cfainstitute_PaymentsToAcquireInvestments_lbl" xml:lang="en-US">Payments to Acquire Investments</label>
    <label xlink:type="resource" xlink:role="http://www.xbrl.org/2003/role/label" xlink:label="cfainstitute_PaymentsToAcquireInvestments_lbl" xml:lang="en-US">Payments to Acquire Investments</label>
    <loc xlink:type="locator" xlink:href="CFAInstituteTaxonomy_2011.xsd#cfainstitute_ProceedsFromSaleMaturityAndCollectionsOfInvestments" xlink:label="cfainstitute_ProceedsFromSaleMaturityAndCollectionsOfInvestments" />
    <labelArc xlink:type="arc" xlink:arcrole="http://www.xbrl.org/2003/arcrole/concept-label" xlink:from="cfainstitute_ProceedsFromSaleMaturityAndCollectionsOfInvestments" xlink:to="cfainstitute_ProceedsFromSaleMaturityAndCollectionsOfInvestments_lbl" />
    <label xlink:type="resource" xlink:role="http://www.xbrl.org/2003/role/documentation" xlink:label="cfainstitute_ProceedsFromSaleMaturityAndCollectionsOfInvestments_lbl" xml:lang="en-US">Proceeds from Sale, Maturity and Collections of Investments</label>
    <label xlink:type="resource" xlink:role="http://www.xbrl.org/2003/role/label" xlink:label="cfainstitute_ProceedsFromSaleMaturityAndCollectionsOfInvestments_lbl" xml:lang="en-US">Proceeds from Sale, Maturity and Collections of Investments</label>
    <loc xlink:type="locator" xlink:href="CFAInstituteTaxonomy_2011.xsd#cfainstitute_PaymentsForProceedsFromInvestmentsTotal" xlink:label="cfainstitute_PaymentsForProceedsFromInvestmentsTotal" />
    <labelArc xlink:type="arc" xlink:arcrole="http://www.xbrl.org/2003/arcrole/concept-label" xlink:from="cfainstitute_PaymentsForProceedsFromInvestmentsTotal" xlink:to="cfainstitute_PaymentsForProceedsFromInvestmentsTotal_lbl" />
    <label xlink:type="resource" xlink:role="http://www.xbrl.org/2003/role/documentation" xlink:label="cfainstitute_PaymentsForProceedsFromInvestmentsTotal_lbl" xml:lang="en-US">Payments for (Proceeds from) Investments, Total</label>
    <label xlink:type="resource" xlink:role="http://www.xbrl.org/2003/role/label" xlink:label="cfainstitute_PaymentsForProceedsFromInvestmentsTotal_lbl" xml:lang="en-US">Payments for (Proceeds from) Investments, Total</label>
    <loc xlink:type="locator" xlink:href="CFAInstituteTaxonomy_2011.xsd#cfainstitute_NetCashProvidedByUsedInInvestingActivitiesContinuingOperationsTotal" xlink:label="cfainstitute_NetCashProvidedByUsedInInvestingActivitiesContinuingOperationsTotal" />
    <labelArc xlink:type="arc" xlink:arcrole="http://www.xbrl.org/2003/arcrole/concept-label" xlink:from="cfainstitute_NetCashProvidedByUsedInInvestingActivitiesContinuingOperationsTotal" xlink:to="cfainstitute_NetCashProvidedByUsedInInvestingActivitiesContinuingOperationsTotal_lbl" />
    <label xlink:type="resource" xlink:role="http://www.xbrl.org/2003/role/documentation" xlink:label="cfainstitute_NetCashProvidedByUsedInInvestingActivitiesContinuingOperationsTotal_lbl" xml:lang="en-US">Net Cash Provided by (Used in) Investing Activities, Continuing Operations, Total</label>
    <label xlink:type="resource" xlink:role="http://www.xbrl.org/2003/role/label" xlink:label="cfainstitute_NetCashProvidedByUsedInInvestingActivitiesContinuingOperationsTotal_lbl" xml:lang="en-US">Net Cash Provided by (Used in) Investing Activities, Continuing Operations, Total</label>
    <loc xlink:type="locator" xlink:href="CFAInstituteTaxonomy_2011.xsd#cfainstitute_PaymentsToAcquireIntangibleAssets" xlink:label="cfainstitute_PaymentsToAcquireIntangibleAssets" />
    <labelArc xlink:type="arc" xlink:arcrole="http://www.xbrl.org/2003/arcrole/concept-label" xlink:from="cfainstitute_PaymentsToAcquireIntangibleAssets" xlink:to="cfainstitute_PaymentsToAcquireIntangibleAssets_lbl" />
    <label xlink:type="resource" xlink:role="http://www.xbrl.org/2003/role/documentation" xlink:label="cfainstitute_PaymentsToAcquireIntangibleAssets_lbl" xml:lang="en-US">Payments to Acquire Intangible Assets</label>
    <label xlink:type="resource" xlink:role="http://www.xbrl.org/2003/role/label" xlink:label="cfainstitute_PaymentsToAcquireIntangibleAssets_lbl" xml:lang="en-US">Payments to Acquire Intangible Assets</label>
    <loc xlink:type="locator" xlink:href="../../elts/us-gaap-2011-01-31.xsd#us-gaap_PaymentsForOtherOperatingActivities" xlink:label="us-gaap_PaymentsForOtherOperatingActivities" />
    <labelArc xlink:type="arc" xlink:arcrole="http://www.xbrl.org/2003/arcrole/concept-label" xlink:from="us-gaap_PaymentsForOtherOperatingActivities" xlink:to="us-gaap_PaymentsForOtherOperatingActivities_lbl" />
    <label xlink:type="resource" xlink:role="http://www.xbrl.org/2003/role/totalLabel" xlink:label="us-gaap_PaymentsForOtherOperatingActivities_lbl" xml:lang="en-US">Payments for Other Operating Activities</label>
    <loc xlink:type="locator" xlink:href="CFAInstituteTaxonomy_2011.xsd#cfainstitute_CashAndCashEquivalentsBeginningOfYear" xlink:label="cfainstitute_CashAndCashEquivalentsBeginningOfYear" />
    <labelArc xlink:type="arc" xlink:arcrole="http://www.xbrl.org/2003/arcrole/concept-label" xlink:from="cfainstitute_CashAndCashEquivalentsBeginningOfYear" xlink:to="cfainstitute_CashAndCashEquivalentsBeginningOfYear_lbl" />
    <label xlink:type="resource" xlink:role="http://www.xbrl.org/2003/role/documentation" xlink:label="cfainstitute_CashAndCashEquivalentsBeginningOfYear_lbl" xml:lang="en-US">Beginning of year's balance of Cash and Cash Equivalents.</label>
    <label xlink:type="resource" xlink:role="http://www.xbrl.org/2003/role/label" xlink:label="cfainstitute_CashAndCashEquivalentsBeginningOfYear_lbl" xml:lang="en-US">Cash and Cash Equivalents, beginning of year</label>
    <loc xlink:type="locator" xlink:href="CFAInstituteTaxonomy_2011.xsd#cfainstitute_CashAndCashEquivalentsEndOfYear" xlink:label="cfainstitute_CashAndCashEquivalentsEndOfYear" />
    <labelArc xlink:type="arc" xlink:arcrole="http://www.xbrl.org/2003/arcrole/concept-label" xlink:from="cfainstitute_CashAndCashEquivalentsEndOfYear" xlink:to="cfainstitute_CashAndCashEquivalentsEndOfYear_lbl" />
    <label xlink:type="resource" xlink:role="http://www.xbrl.org/2003/role/documentation" xlink:label="cfainstitute_CashAndCashEquivalentsEndOfYear_lbl" xml:lang="en-US">Ending year's balance of Cash and Cash Equivalents.</label>
    <label xlink:type="resource" xlink:role="http://www.xbrl.org/2003/role/label" xlink:label="cfainstitute_CashAndCashEquivalentsEndOfYear_lbl" xml:lang="en-US">Cash and Cash Equivalents, end of year</label>
    <label xlink:type="resource" xlink:role="http://www.xbrl.org/2003/role/totalLabel" xlink:label="cfainstitute_CashAndCashEquivalentsBeginningOfYear_lbl" xml:lang="en-US">Cash and Cash Equivalents, beginning of year</label>
    <label xlink:type="resource" xlink:role="http://www.xbrl.org/2003/role/totalLabel" xlink:label="cfainstitute_CashAndCashEquivalentsEndOfYear_lbl" xml:lang="en-US">Cash and Cash Equivalents, end of year</label>
    <label xlink:type="resource" xlink:role="http://www.xbrl.org/2003/role/totalLabel" xlink:label="cfainstitute_ProceedsFromSaleMaturityAndCollectionsOfInvestments_lbl" xml:lang="en-US">Proceeds from Sale, Maturity and Collections of Investments</label>
    <label xlink:type="resource" xlink:role="http://www.xbrl.org/2003/role/totalLabel" xlink:label="cfainstitute_PaymentsForOtherSupportServices_lbl" xml:lang="en-US">Payments for Other Support Services</label>
    <label xlink:type="resource" xlink:role="http://www.xbrl.org/2003/role/totalLabel" xlink:label="cfainstitute_PaymentsToAcquireInvestments_lbl" xml:lang="en-US">Payments to Acquire Investments</label>
    <label xlink:type="resource" xlink:role="http://www.xbrl.org/2003/role/totalLabel" xlink:label="cfainstitute_NetCashProvidedByUsedInInvestingActivitiesContinuingOperationsTotal_lbl" xml:lang="en-US">Net Cash Provided by (Used in) Investing Activities, Continuing Operations, Total</label>
    <loc xlink:type="locator" xlink:href="../../elts/us-gaap-2011-01-31.xsd#us-gaap_NetCashProvidedByUsedInOperatingActivities" xlink:label="us-gaap_NetCashProvidedByUsedInOperatingActivities" />
    <labelArc xlink:type="arc" xlink:arcrole="http://www.xbrl.org/2003/arcrole/concept-label" xlink:from="us-gaap_NetCashProvidedByUsedInOperatingActivities" xlink:to="us-gaap_NetCashProvidedByUsedInOperatingActivities_lbl" />
    <label xlink:type="resource" xlink:role="http://www.xbrl.org/2003/role/label" xlink:label="us-gaap_NetCashProvidedByUsedInOperatingActivities_lbl" xml:lang="en-US">Net Cash Provided by (Used in) Operating Activities</label>
    <label xlink:type="resource" xlink:role="http://www.xbrl.org/2003/role/label" xlink:label="us-gaap_IntangibleAssetsNetExcludingGoodwill_lbl" xml:lang="en-US">Intangible Assets, Net (Excluding Goodwill)</label>
    <label xlink:type="resource" xlink:role="http://www.xbrl.org/2003/role/label" xlink:label="us-gaap_PropertyPlantAndEquipmentNet_lbl" xml:lang="en-US">Property, Plant and Equipment, Net</label>
    <label xlink:type="resource" xlink:role="http://www.xbrl.org/2003/role/totalLabel" xlink:label="cfainstitute_TotalUnrestrictedNetAssets_lbl" xml:lang="en-US">Total Unrestricted Net Assets</label>
    <label xlink:type="resource" xlink:role="http://www.xbrl.org/2003/role/totalLabel" xlink:label="cfainstitute_Contributions_lbl" xml:lang="en-US">Contributions</label>
    <label xlink:type="resource" xlink:role="http://www.xbrl.org/2003/role/totalLabel" xlink:label="cfainstitute_TotalOperatingExpenses_lbl" xml:lang="en-US">Total Operating Expenses</label>
    <label xlink:type="resource" xlink:role="http://www.xbrl.org/2003/role/totalLabel" xlink:label="cfainstitute_ManagementAndGeneral_lbl" xml:lang="en-US">Management and General</label>
    <label xlink:type="resource" xlink:role="http://www.xbrl.org/2003/role/totalLabel" xlink:label="cfainstitute_RealizedGainsLossesInterestAndDividends_lbl" xml:lang="en-US">Realized Gains (Losses), Interest and Dividends</label>
    <label xlink:type="resource" xlink:role="http://www.xbrl.org/2003/role/totalLabel" xlink:label="cfainstitute_ChangeInNetAssetsFromOperations_lbl" xml:lang="en-US">Change in  Net Assets from Operations</label>
    <label xlink:type="resource" xlink:role="http://www.xbrl.org/2003/role/totalLabel" xlink:label="cfainstitute_UnrealizedGainsLossesOnInvestments_lbl" xml:lang="en-US">Unrealized Gains (Losses) on Investments</label>
    <label xlink:type="resource" xlink:role="http://www.xbrl.org/2003/role/totalLabel" xlink:label="cfainstitute_ChangeInNetAssets_lbl" xml:lang="en-US">Change in Net Assets</label>
    <label xlink:type="resource" xlink:role="http://www.xbrl.org/2003/role/totalLabel" xlink:label="cfainstitute_NetAssetsBeginningOfYear_lbl" xml:lang="en-US">Net Assets, beginning of year</label>
    <label xlink:type="resource" xlink:role="http://www.xbrl.org/2003/role/totalLabel" xlink:label="cfainstitute_TotalOperatingRevenues_lbl" xml:lang="en-US">Total Operating Revenues</label>
  </labelLink>
</linkbase>