<?xml version="1.0" encoding="us-ascii"?>
<!--XBRL document created with Dragon Tag (R) XBRL Enabler by Rivet Software version 3.1.0.74-->
<!--Based on XBRL 2.1-->
<!--Created on: 11/15/2011 2:50:53 AM-->
<!--Modified on: 11/15/2011 2:50:53 AM-->
<linkbase xmlns="http://www.xbrl.org/2003/linkbase" xmlns:xsi="http://www.w3.org/2001/XMLSchema-instance" xmlns:xlink="http://www.w3.org/1999/xlink" xsi:schemaLocation="http://www.xbrl.org/2003/linkbase http://www.xbrl.org/2003/xbrl-linkbase-2003-12-31.xsd">
  <roleRef xlink:type="simple" xlink:href="CFAInstituteTaxonomy_2011.xsd#StatementStatementOfActivities" roleURI="http://www.cfainstitute.org/role/StatementStatementOfActivities" />
  <roleRef xlink:type="simple" xlink:href="../../elts/us-roles-2011-01-31.xsd#sfp-cls" roleURI="http://fasb.org/us-gaap/role/statement/StatementOfFinancialPositionClassified" />
  <roleRef xlink:type="simple" xlink:href="../../elts/us-roles-2011-01-31.xsd#scf-dir" roleURI="http://fasb.org/us-gaap/role/statement/StatementOfCashFlowsDirect" />
  <presentationLink xlink:role="http://www.cfainstitute.org/role/StatementStatementOfActivities" xlink:type="extended" xlink:title="124999 - Statement - Statement of Activities">
    <loc xlink:type="locator" xlink:href="../../elts/us-gaap-2011-01-31.xsd#us-gaap_IncomeStatementAbstract" xlink:label="us-gaap_IncomeStatementAbstract_634551881685532333" />
    <loc xlink:type="locator" xlink:href="../../elts/us-gaap-2011-01-31.xsd#us-gaap_StatementTable" xlink:label="loc_StatementTable" />
    <presentationArc xlink:type="arc" xlink:arcrole="http://www.xbrl.org/2003/arcrole/parent-child" xlink:from="us-gaap_IncomeStatementAbstract_634551881685532333" xlink:to="loc_StatementTable" order="10" use="optional" />
    <loc xlink:type="locator" xlink:href="../../elts/us-gaap-2011-01-31.xsd#us-gaap_StatementScenarioAxis" xlink:label="loc_StatementScenarioAxis" />
    <presentationArc xlink:type="arc" xlink:arcrole="http://www.xbrl.org/2003/arcrole/parent-child" xlink:from="loc_StatementTable" xlink:to="loc_StatementScenarioAxis" order="10" use="optional" />
    <loc xlink:type="locator" xlink:href="../../elts/us-gaap-2011-01-31.xsd#us-gaap_ScenarioUnspecifiedDomain" xlink:label="loc_ScenarioUnspecifiedDomain" />
    <presentationArc xlink:type="arc" xlink:arcrole="http://www.xbrl.org/2003/arcrole/parent-child" xlink:from="loc_StatementScenarioAxis" xlink:to="loc_ScenarioUnspecifiedDomain" order="10" use="optional" />
    <loc xlink:type="locator" xlink:href="../../elts/us-gaap-2011-01-31.xsd#us-gaap_StatementLineItems" xlink:label="loc_StatementLineItems" />
    <presentationArc xlink:type="arc" xlink:arcrole="http://www.xbrl.org/2003/arcrole/parent-child" xlink:from="loc_StatementTable" xlink:to="loc_StatementLineItems" order="20" use="optional" />
    <loc xlink:type="locator" xlink:href="CFAInstituteTaxonomy_2011.xsd#cfainstitute_ChangeInNetAssetsAbstract" xlink:label="cfainstitute_ChangeInNetAssetsAbstract" />
    <presentationArc xlink:type="arc" xlink:arcrole="http://www.xbrl.org/2003/arcrole/parent-child" xlink:from="loc_StatementLineItems" xlink:to="cfainstitute_ChangeInNetAssetsAbstract" order="1" use="optional" preferredLabel="http://www.xbrl.org/2003/role/label" priority="1" />
    <loc xlink:type="locator" xlink:href="CFAInstituteTaxonomy_2011.xsd#cfainstitute_NetAssetsEndOfYear" xlink:label="cfainstitute_NetAssetsEndOfYear" />
    <presentationArc xlink:type="arc" xlink:arcrole="http://www.xbrl.org/2003/arcrole/parent-child" xlink:from="loc_StatementLineItems" xlink:to="cfainstitute_NetAssetsEndOfYear" order="2" use="optional" preferredLabel="http://www.xbrl.org/2003/role/label" priority="1" />
    <loc xlink:type="locator" xlink:href="CFAInstituteTaxonomy_2011.xsd#cfainstitute_IncomeFromOperationsAbstract" xlink:label="cfainstitute_IncomeFromOperationsAbstract" />
    <loc xlink:type="locator" xlink:href="CFAInstituteTaxonomy_2011.xsd#cfainstitute_OperatingRevenuesAbstract" xlink:label="cfainstitute_OperatingRevenuesAbstract" />
    <presentationArc xlink:type="arc" xlink:arcrole="http://www.xbrl.org/2003/arcrole/parent-child" xlink:from="cfainstitute_IncomeFromOperationsAbstract" xlink:to="cfainstitute_OperatingRevenuesAbstract" order="1" use="optional" preferredLabel="http://www.xbrl.org/2003/role/label" priority="1" />
    <loc xlink:type="locator" xlink:href="CFAInstituteTaxonomy_2011.xsd#cfainstitute_OperatingExpensesAbstract" xlink:label="cfainstitute_OperatingExpensesAbstract" />
    <presentationArc xlink:type="arc" xlink:arcrole="http://www.xbrl.org/2003/arcrole/parent-child" xlink:from="cfainstitute_IncomeFromOperationsAbstract" xlink:to="cfainstitute_OperatingExpensesAbstract" order="1.5" use="optional" preferredLabel="http://www.xbrl.org/2003/role/label" priority="1" />
    <loc xlink:type="locator" xlink:href="CFAInstituteTaxonomy_2011.xsd#cfainstitute_IncomeFromOperations" xlink:label="cfainstitute_IncomeFromOperations" />
    <presentationArc xlink:type="arc" xlink:arcrole="http://www.xbrl.org/2003/arcrole/parent-child" xlink:from="cfainstitute_IncomeFromOperationsAbstract" xlink:to="cfainstitute_IncomeFromOperations" order="2" use="optional" preferredLabel="http://www.xbrl.org/2003/role/label" priority="1" />
    <loc xlink:type="locator" xlink:href="CFAInstituteTaxonomy_2011.xsd#cfainstitute_EducationalProducts" xlink:label="cfainstitute_EducationalProducts" />
    <presentationArc xlink:type="arc" xlink:arcrole="http://www.xbrl.org/2003/arcrole/parent-child" xlink:from="cfainstitute_OperatingRevenuesAbstract" xlink:to="cfainstitute_EducationalProducts" order="0.5" use="optional" preferredLabel="http://www.xbrl.org/2003/role/label" priority="1" />
    <loc xlink:type="locator" xlink:href="CFAInstituteTaxonomy_2011.xsd#cfainstitute_CandidateFees" xlink:label="cfainstitute_CandidateFees_634552309066698247" />
    <presentationArc xlink:type="arc" xlink:arcrole="http://www.xbrl.org/2003/arcrole/parent-child" xlink:from="cfainstitute_OperatingRevenuesAbstract" xlink:to="cfainstitute_CandidateFees_634552309066698247" order="0.25" use="optional" preferredLabel="http://www.xbrl.org/2003/role/label" priority="2" />
    <loc xlink:type="locator" xlink:href="CFAInstituteTaxonomy_2011.xsd#cfainstitute_MemberDuesAndOther" xlink:label="cfainstitute_MemberDuesAndOther_634552309728260747" />
    <presentationArc xlink:type="arc" xlink:arcrole="http://www.xbrl.org/2003/arcrole/parent-child" xlink:from="cfainstitute_OperatingRevenuesAbstract" xlink:to="cfainstitute_MemberDuesAndOther_634552309728260747" order="0.75" use="optional" preferredLabel="http://www.xbrl.org/2003/role/label" priority="2" />
    <loc xlink:type="locator" xlink:href="CFAInstituteTaxonomy_2011.xsd#cfainstitute_ProgramServicesAbstract" xlink:label="cfainstitute_ProgramServicesAbstract" />
    <presentationArc xlink:type="arc" xlink:arcrole="http://www.xbrl.org/2003/arcrole/parent-child" xlink:from="cfainstitute_OperatingExpensesAbstract" xlink:to="cfainstitute_ProgramServicesAbstract" order="1" use="optional" preferredLabel="http://www.xbrl.org/2003/role/label" priority="1" />
    <loc xlink:type="locator" xlink:href="CFAInstituteTaxonomy_2011.xsd#cfainstitute_CertificationAndCertificatePrograms" xlink:label="cfainstitute_CertificationAndCertificatePrograms" />
    <presentationArc xlink:type="arc" xlink:arcrole="http://www.xbrl.org/2003/arcrole/parent-child" xlink:from="cfainstitute_ProgramServicesAbstract" xlink:to="cfainstitute_CertificationAndCertificatePrograms" order="1" use="optional" preferredLabel="http://www.xbrl.org/2003/role/label" priority="1" />
    <loc xlink:type="locator" xlink:href="CFAInstituteTaxonomy_2011.xsd#cfainstitute_EducationalContentAndProducts" xlink:label="cfainstitute_EducationalContentAndProducts_634552312548835442" />
    <presentationArc xlink:type="arc" xlink:arcrole="http://www.xbrl.org/2003/arcrole/parent-child" xlink:from="cfainstitute_ProgramServicesAbstract" xlink:to="cfainstitute_EducationalContentAndProducts_634552312548835442" order="1.5" use="optional" preferredLabel="http://www.xbrl.org/2003/role/label" priority="2" />
    <loc xlink:type="locator" xlink:href="CFAInstituteTaxonomy_2011.xsd#cfainstitute_Scholarships" xlink:label="cfainstitute_Scholarships_634552313294280337" />
    <presentationArc xlink:type="arc" xlink:arcrole="http://www.xbrl.org/2003/arcrole/parent-child" xlink:from="cfainstitute_ProgramServicesAbstract" xlink:to="cfainstitute_Scholarships_634552313294280337" order="2" use="optional" preferredLabel="http://www.xbrl.org/2003/role/label" priority="2" />
    <loc xlink:type="locator" xlink:href="CFAInstituteTaxonomy_2011.xsd#cfainstitute_MarketingAndCommunications" xlink:label="cfainstitute_MarketingAndCommunications_634552313780358532" />
    <presentationArc xlink:type="arc" xlink:arcrole="http://www.xbrl.org/2003/arcrole/parent-child" xlink:from="cfainstitute_ProgramServicesAbstract" xlink:to="cfainstitute_MarketingAndCommunications_634552313780358532" order="1.75" use="optional" preferredLabel="http://www.xbrl.org/2003/role/label" priority="2" />
    <loc xlink:type="locator" xlink:href="CFAInstituteTaxonomy_2011.xsd#cfainstitute_InternationalOperations" xlink:label="cfainstitute_InternationalOperations_634552314136600201" />
    <presentationArc xlink:type="arc" xlink:arcrole="http://www.xbrl.org/2003/arcrole/parent-child" xlink:from="cfainstitute_ProgramServicesAbstract" xlink:to="cfainstitute_InternationalOperations_634552314136600201" order="1.625" use="optional" preferredLabel="http://www.xbrl.org/2003/role/label" priority="2" />
    <loc xlink:type="locator" xlink:href="CFAInstituteTaxonomy_2011.xsd#cfainstitute_StandardsAndFinancialMarketIntegrity" xlink:label="cfainstitute_StandardsAndFinancialMarketIntegrity_634552314505345481" />
    <presentationArc xlink:type="arc" xlink:arcrole="http://www.xbrl.org/2003/arcrole/parent-child" xlink:from="cfainstitute_ProgramServicesAbstract" xlink:to="cfainstitute_StandardsAndFinancialMarketIntegrity_634552314505345481" order="1.5625" use="optional" preferredLabel="http://www.xbrl.org/2003/role/label" priority="2" />
    <loc xlink:type="locator" xlink:href="CFAInstituteTaxonomy_2011.xsd#cfainstitute_MemberAndSocietyServices" xlink:label="cfainstitute_MemberAndSocietyServices_634552314919558929" />
    <presentationArc xlink:type="arc" xlink:arcrole="http://www.xbrl.org/2003/arcrole/parent-child" xlink:from="cfainstitute_ProgramServicesAbstract" xlink:to="cfainstitute_MemberAndSocietyServices_634552314919558929" order="1.5313" use="optional" preferredLabel="http://www.xbrl.org/2003/role/label" priority="2" />
    <loc xlink:type="locator" xlink:href="CFAInstituteTaxonomy_2011.xsd#cfainstitute_SupportServicesAbstract" xlink:label="cfainstitute_SupportServicesAbstract_634552315569706857" />
    <presentationArc xlink:type="arc" xlink:arcrole="http://www.xbrl.org/2003/arcrole/parent-child" xlink:from="cfainstitute_OperatingExpensesAbstract" xlink:to="cfainstitute_SupportServicesAbstract_634552315569706857" order="1.5" use="optional" preferredLabel="http://www.xbrl.org/2003/role/label" priority="2" />
    <loc xlink:type="locator" xlink:href="CFAInstituteTaxonomy_2011.xsd#cfainstitute_SupportServicesAbstract" xlink:label="cfainstitute_SupportServicesAbstract" />
    <loc xlink:type="locator" xlink:href="CFAInstituteTaxonomy_2011.xsd#cfainstitute_TotalOperatingExpenses" xlink:label="cfainstitute_TotalOperatingExpenses" />
    <presentationArc xlink:type="arc" xlink:arcrole="http://www.xbrl.org/2003/arcrole/parent-child" xlink:from="cfainstitute_SupportServicesAbstract" xlink:to="cfainstitute_TotalOperatingExpenses" order="1" use="optional" preferredLabel="http://www.xbrl.org/2003/role/label" priority="1" />
    <loc xlink:type="locator" xlink:href="CFAInstituteTaxonomy_2011.xsd#cfainstitute_ManagementAndGeneral" xlink:label="cfainstitute_ManagementAndGeneral" />
    <presentationArc xlink:type="arc" xlink:arcrole="http://www.xbrl.org/2003/arcrole/parent-child" xlink:from="cfainstitute_SupportServicesAbstract" xlink:to="cfainstitute_ManagementAndGeneral" order="0.5" use="optional" preferredLabel="http://www.xbrl.org/2003/role/label" priority="1" />
    <loc xlink:type="locator" xlink:href="CFAInstituteTaxonomy_2011.xsd#cfainstitute_OtherChangesInNetAssetsAbstract" xlink:label="cfainstitute_OtherChangesInNetAssetsAbstract" />
    <loc xlink:type="locator" xlink:href="CFAInstituteTaxonomy_2011.xsd#cfainstitute_UnrealizedGainsLossesOnInvestments" xlink:label="cfainstitute_UnrealizedGainsLossesOnInvestments" />
    <presentationArc xlink:type="arc" xlink:arcrole="http://www.xbrl.org/2003/arcrole/parent-child" xlink:from="cfainstitute_OtherChangesInNetAssetsAbstract" xlink:to="cfainstitute_UnrealizedGainsLossesOnInvestments" order="1" use="optional" preferredLabel="http://www.xbrl.org/2003/role/label" priority="1" />
    <loc xlink:type="locator" xlink:href="CFAInstituteTaxonomy_2011.xsd#cfainstitute_ChangeInNetAssetsFromOperationsAbstract" xlink:label="cfainstitute_ChangeInNetAssetsFromOperationsAbstract" />
    <loc xlink:type="locator" xlink:href="CFAInstituteTaxonomy_2011.xsd#cfainstitute_IncomeFromOperationsAbstract" xlink:label="cfainstitute_IncomeFromOperationsAbstract_634552374522130090" />
    <presentationArc xlink:type="arc" xlink:arcrole="http://www.xbrl.org/2003/arcrole/parent-child" xlink:from="cfainstitute_ChangeInNetAssetsFromOperationsAbstract" xlink:to="cfainstitute_IncomeFromOperationsAbstract_634552374522130090" order="1" use="optional" preferredLabel="http://www.xbrl.org/2003/role/label" priority="2" />
    <loc xlink:type="locator" xlink:href="CFAInstituteTaxonomy_2011.xsd#cfainstitute_OtherChangesInNetAssetsAbstract" xlink:label="cfainstitute_OtherChangesInNetAssetsAbstract_634552375488129410" />
    <presentationArc xlink:type="arc" xlink:arcrole="http://www.xbrl.org/2003/arcrole/parent-child" xlink:from="cfainstitute_ChangeInNetAssetsAbstract" xlink:to="cfainstitute_OtherChangesInNetAssetsAbstract_634552375488129410" order="0.25" use="optional" preferredLabel="http://www.xbrl.org/2003/role/label" priority="3" />
    <loc xlink:type="locator" xlink:href="CFAInstituteTaxonomy_2011.xsd#cfainstitute_ChangeInNetAssetsFromOperationsAbstract" xlink:label="cfainstitute_ChangeInNetAssetsFromOperationsAbstract_634552375575322490" />
    <presentationArc xlink:type="arc" xlink:arcrole="http://www.xbrl.org/2003/arcrole/parent-child" xlink:from="cfainstitute_ChangeInNetAssetsAbstract" xlink:to="cfainstitute_ChangeInNetAssetsFromOperationsAbstract_634552375575322490" order="0.125" use="optional" preferredLabel="http://www.xbrl.org/2003/role/label" priority="2" />
    <loc xlink:type="locator" xlink:href="CFAInstituteTaxonomy_2011.xsd#cfainstitute_Contributions" xlink:label="cfainstitute_Contributions_634552310353885747" />
    <presentationArc xlink:type="arc" xlink:arcrole="http://www.xbrl.org/2003/arcrole/parent-child" xlink:from="cfainstitute_OperatingRevenuesAbstract" xlink:to="cfainstitute_Contributions_634552310353885747" order="0.875" use="optional" preferredLabel="http://www.xbrl.org/2003/role/totalLabel" priority="4" />
    <presentationArc xlink:type="arc" xlink:arcrole="http://www.xbrl.org/2003/arcrole/parent-child" xlink:from="cfainstitute_SupportServicesAbstract_634552315569706857" xlink:to="cfainstitute_TotalOperatingExpenses" order="1" use="optional" priority="3" preferredLabel="http://www.xbrl.org/2003/role/totalLabel" />
    <presentationArc xlink:type="arc" xlink:arcrole="http://www.xbrl.org/2003/arcrole/parent-child" xlink:from="cfainstitute_SupportServicesAbstract_634552315569706857" xlink:to="cfainstitute_ManagementAndGeneral" order="0.5" use="optional" priority="3" preferredLabel="http://www.xbrl.org/2003/role/totalLabel" />
    <loc xlink:type="locator" xlink:href="CFAInstituteTaxonomy_2011.xsd#cfainstitute_RealizedGainsLossesInterestAndDividends" xlink:label="cfainstitute_RealizedGainsLossesInterestAndDividends" />
    <presentationArc xlink:type="arc" xlink:arcrole="http://www.xbrl.org/2003/arcrole/parent-child" xlink:from="cfainstitute_ChangeInNetAssetsAbstract" xlink:to="cfainstitute_RealizedGainsLossesInterestAndDividends" order="1.5" use="optional" preferredLabel="http://www.xbrl.org/2003/role/totalLabel" priority="3" />
    <loc xlink:type="locator" xlink:href="CFAInstituteTaxonomy_2011.xsd#cfainstitute_ChangeInNetAssetsFromOperations" xlink:label="cfainstitute_ChangeInNetAssetsFromOperations" />
    <presentationArc xlink:type="arc" xlink:arcrole="http://www.xbrl.org/2003/arcrole/parent-child" xlink:from="cfainstitute_ChangeInNetAssetsAbstract" xlink:to="cfainstitute_ChangeInNetAssetsFromOperations" order="2" use="optional" preferredLabel="http://www.xbrl.org/2003/role/totalLabel" priority="3" />
    <presentationArc xlink:type="arc" xlink:arcrole="http://www.xbrl.org/2003/arcrole/parent-child" xlink:from="cfainstitute_OtherChangesInNetAssetsAbstract_634552375488129410" xlink:to="cfainstitute_UnrealizedGainsLossesOnInvestments" order="1" use="prohibited" priority="2" preferredLabel="http://www.xbrl.org/2003/role/label" />
    <loc xlink:type="locator" xlink:href="CFAInstituteTaxonomy_2011.xsd#cfainstitute_UnrealizedGainsLossesOnInvestments" xlink:label="cfainstitute_UnrealizedGainsLossesOnInvestments_634568885953160490" />
    <presentationArc xlink:type="arc" xlink:arcrole="http://www.xbrl.org/2003/arcrole/parent-child" xlink:from="cfainstitute_ChangeInNetAssetsAbstract" xlink:to="cfainstitute_UnrealizedGainsLossesOnInvestments_634568885953160490" order="2.5" use="optional" preferredLabel="http://www.xbrl.org/2003/role/totalLabel" priority="3" />
    <loc xlink:type="locator" xlink:href="CFAInstituteTaxonomy_2011.xsd#cfainstitute_ChangeInNetAssets" xlink:label="cfainstitute_ChangeInNetAssets_634552355825277430" />
    <presentationArc xlink:type="arc" xlink:arcrole="http://www.xbrl.org/2003/arcrole/parent-child" xlink:from="loc_StatementLineItems" xlink:to="cfainstitute_ChangeInNetAssets_634552355825277430" order="1.375" use="optional" preferredLabel="http://www.xbrl.org/2003/role/totalLabel" priority="5" />
    <loc xlink:type="locator" xlink:href="CFAInstituteTaxonomy_2011.xsd#cfainstitute_NetAssetsBeginningOfYear" xlink:label="cfainstitute_NetAssetsBeginningOfYear" />
    <presentationArc xlink:type="arc" xlink:arcrole="http://www.xbrl.org/2003/arcrole/parent-child" xlink:from="loc_StatementLineItems" xlink:to="cfainstitute_NetAssetsBeginningOfYear" order="1.5" use="optional" preferredLabel="http://www.xbrl.org/2003/role/totalLabel" priority="3" />
    <loc xlink:type="locator" xlink:href="CFAInstituteTaxonomy_2011.xsd#cfainstitute_TotalOperatingRevenues" xlink:label="cfainstitute_TotalOperatingRevenues_634552310986385442" />
    <presentationArc xlink:type="arc" xlink:arcrole="http://www.xbrl.org/2003/arcrole/parent-child" xlink:from="cfainstitute_OperatingRevenuesAbstract" xlink:to="cfainstitute_TotalOperatingRevenues_634552310986385442" order="0.9375" use="optional" preferredLabel="http://www.xbrl.org/2003/role/totalLabel" priority="4" />
  </presentationLink>
  <presentationLink xlink:role="http://fasb.org/us-gaap/role/statement/StatementOfFinancialPositionClassified" xlink:type="extended" xlink:title="104000 - Statement - Statement of Financial Position, Classified">
    <loc xlink:type="locator" xlink:href="../../elts/us-gaap-2011-01-31.xsd#us-gaap_ReceivablesNetCurrentAbstract" xlink:label="loc_ReceivablesNetCurrentAbstract" />
    <loc xlink:type="locator" xlink:href="../../elts/us-gaap-2011-01-31.xsd#us-gaap_ReceivablesNetCurrent" xlink:label="loc_ReceivablesNetCurrent" />
    <presentationArc xlink:type="arc" xlink:arcrole="http://www.xbrl.org/2003/arcrole/parent-child" xlink:from="loc_ReceivablesNetCurrentAbstract" xlink:to="loc_ReceivablesNetCurrent" order="70" use="prohibited" priority="1" preferredLabel="http://www.xbrl.org/2003/role/totalLabel" />
    <loc xlink:type="locator" xlink:href="../../elts/us-gaap-2011-01-31.xsd#us-gaap_ReceivablesNetCurrent" xlink:label="us-gaap_ReceivablesNetCurrent_634552392610475170" />
    <presentationArc xlink:type="arc" xlink:arcrole="http://www.xbrl.org/2003/arcrole/parent-child" xlink:from="loc_ReceivablesNetCurrentAbstract" xlink:to="us-gaap_ReceivablesNetCurrent_634552392610475170" order="70" use="optional" preferredLabel="http://www.xbrl.org/2003/role/label" priority="2" />
    <loc xlink:type="locator" xlink:href="../../elts/us-gaap-2011-01-31.xsd#us-gaap_ShortTermInvestmentsAbstract" xlink:label="loc_ShortTermInvestmentsAbstract" />
    <loc xlink:type="locator" xlink:href="../../elts/us-gaap-2011-01-31.xsd#us-gaap_ShortTermInvestments" xlink:label="loc_ShortTermInvestments" />
    <presentationArc xlink:type="arc" xlink:arcrole="http://www.xbrl.org/2003/arcrole/parent-child" xlink:from="loc_ShortTermInvestmentsAbstract" xlink:to="loc_ShortTermInvestments" order="40" use="prohibited" priority="1" preferredLabel="http://www.xbrl.org/2003/role/totalLabel" />
    <loc xlink:type="locator" xlink:href="../../elts/us-gaap-2011-01-31.xsd#us-gaap_ShortTermInvestments" xlink:label="us-gaap_ShortTermInvestments_634552392680167130" />
    <presentationArc xlink:type="arc" xlink:arcrole="http://www.xbrl.org/2003/arcrole/parent-child" xlink:from="loc_ShortTermInvestmentsAbstract" xlink:to="us-gaap_ShortTermInvestments_634552392680167130" order="40" use="optional" preferredLabel="http://www.xbrl.org/2003/role/label" priority="2" />
    <loc xlink:type="locator" xlink:href="../../elts/us-gaap-2011-01-31.xsd#us-gaap_CashAndCashEquivalentsAtCarryingValueAbstract" xlink:label="loc_CashAndCashEquivalentsAtCarryingValueAbstract" />
    <loc xlink:type="locator" xlink:href="../../elts/us-gaap-2011-01-31.xsd#us-gaap_CashAndCashEquivalentsAtCarryingValue" xlink:label="loc_CashAndCashEquivalentsAtCarryingValue" />
    <presentationArc xlink:type="arc" xlink:arcrole="http://www.xbrl.org/2003/arcrole/parent-child" xlink:from="loc_CashAndCashEquivalentsAtCarryingValueAbstract" xlink:to="loc_CashAndCashEquivalentsAtCarryingValue" order="30" use="prohibited" priority="1" preferredLabel="http://www.xbrl.org/2003/role/totalLabel" />
    <loc xlink:type="locator" xlink:href="../../elts/us-gaap-2011-01-31.xsd#us-gaap_CashAndCashEquivalentsAtCarryingValue" xlink:label="us-gaap_CashAndCashEquivalentsAtCarryingValue_634552392733295530" />
    <presentationArc xlink:type="arc" xlink:arcrole="http://www.xbrl.org/2003/arcrole/parent-child" xlink:from="loc_CashAndCashEquivalentsAtCarryingValueAbstract" xlink:to="us-gaap_CashAndCashEquivalentsAtCarryingValue_634552392733295530" order="30" use="optional" preferredLabel="http://www.xbrl.org/2003/role/label" priority="2" />
    <loc xlink:type="locator" xlink:href="../../elts/us-gaap-2011-01-31.xsd#us-gaap_AssetsCurrentAbstract" xlink:label="loc_AssetsCurrentAbstract" />
    <loc xlink:type="locator" xlink:href="../../elts/us-gaap-2011-01-31.xsd#us-gaap_PrepaidExpenseAndOtherAssetsCurrentAbstract" xlink:label="loc_PrepaidExpenseAndOtherAssetsCurrentAbstract" />
    <presentationArc xlink:type="arc" xlink:arcrole="http://www.xbrl.org/2003/arcrole/parent-child" xlink:from="loc_AssetsCurrentAbstract" xlink:to="loc_PrepaidExpenseAndOtherAssetsCurrentAbstract" order="40" use="prohibited" priority="1" />
    <loc xlink:type="locator" xlink:href="../../elts/us-gaap-2011-01-31.xsd#us-gaap_PrepaidExpenseAndOtherAssetsCurrentAbstract" xlink:label="us-gaap_PrepaidExpenseAndOtherAssetsCurrentAbstract_634552393239890450" />
    <presentationArc xlink:type="arc" xlink:arcrole="http://www.xbrl.org/2003/arcrole/parent-child" xlink:from="loc_AssetsCurrentAbstract" xlink:to="us-gaap_PrepaidExpenseAndOtherAssetsCurrentAbstract_634552393239890450" order="25" use="optional" priority="1" />
    <loc xlink:type="locator" xlink:href="../../elts/us-gaap-2011-01-31.xsd#us-gaap_InventoryNetAbstract" xlink:label="loc_InventoryNetAbstract" />
    <loc xlink:type="locator" xlink:href="../../elts/us-gaap-2011-01-31.xsd#us-gaap_InventoryNet" xlink:label="loc_InventoryNet" />
    <presentationArc xlink:type="arc" xlink:arcrole="http://www.xbrl.org/2003/arcrole/parent-child" xlink:from="loc_InventoryNetAbstract" xlink:to="loc_InventoryNet" order="90" use="prohibited" priority="1" preferredLabel="http://www.xbrl.org/2003/role/totalLabel" />
    <loc xlink:type="locator" xlink:href="../../elts/us-gaap-2011-01-31.xsd#us-gaap_OtherAssetsCurrent" xlink:label="loc_OtherAssetsCurrent" />
    <presentationArc xlink:type="arc" xlink:arcrole="http://www.xbrl.org/2003/arcrole/parent-child" xlink:from="us-gaap_PrepaidExpenseAndOtherAssetsCurrentAbstract_634552393239890450" xlink:to="loc_OtherAssetsCurrent" order="20" use="prohibited" priority="1" />
    <loc xlink:type="locator" xlink:href="../../elts/us-gaap-2011-01-31.xsd#us-gaap_PrepaidExpenseCurrentAbstract" xlink:label="loc_PrepaidExpenseCurrentAbstract" />
    <loc xlink:type="locator" xlink:href="../../elts/us-gaap-2011-01-31.xsd#us-gaap_OtherAssetsCurrent" xlink:label="us-gaap_OtherAssetsCurrent_634552411699665550" />
    <presentationArc xlink:type="arc" xlink:arcrole="http://www.xbrl.org/2003/arcrole/parent-child" xlink:from="loc_PrepaidExpenseCurrentAbstract" xlink:to="us-gaap_OtherAssetsCurrent_634552411699665550" order="85" use="optional" preferredLabel="http://www.xbrl.org/2003/role/label" priority="3" />
    <loc xlink:type="locator" xlink:href="../../elts/us-gaap-2011-01-31.xsd#us-gaap_InventoryNet" xlink:label="us-gaap_InventoryNet_634552411838111910" />
    <presentationArc xlink:type="arc" xlink:arcrole="http://www.xbrl.org/2003/arcrole/parent-child" xlink:from="loc_InventoryNetAbstract" xlink:to="us-gaap_InventoryNet_634552411838111910" order="90" use="optional" preferredLabel="http://www.xbrl.org/2003/role/totalLabel" priority="4" />
    <loc xlink:type="locator" xlink:href="../../elts/us-gaap-2011-01-31.xsd#us-gaap_RestrictedCashAndInvestmentsNoncurrentAbstract" xlink:label="loc_RestrictedCashAndInvestmentsNoncurrentAbstract" />
    <loc xlink:type="locator" xlink:href="../../elts/us-gaap-2011-01-31.xsd#us-gaap_RestrictedCashAndCashEquivalentsNoncurrent" xlink:label="loc_RestrictedCashAndCashEquivalentsNoncurrent" />
    <presentationArc xlink:type="arc" xlink:arcrole="http://www.xbrl.org/2003/arcrole/parent-child" xlink:from="loc_RestrictedCashAndInvestmentsNoncurrentAbstract" xlink:to="loc_RestrictedCashAndCashEquivalentsNoncurrent" order="10" use="prohibited" priority="1" />
    <loc xlink:type="locator" xlink:href="../../elts/us-gaap-2011-01-31.xsd#us-gaap_RestrictedCashAndCashEquivalentsNoncurrent" xlink:label="us-gaap_RestrictedCashAndCashEquivalentsNoncurrent_634552414784237950" />
    <presentationArc xlink:type="arc" xlink:arcrole="http://www.xbrl.org/2003/arcrole/parent-child" xlink:from="loc_RestrictedCashAndInvestmentsNoncurrentAbstract" xlink:to="us-gaap_RestrictedCashAndCashEquivalentsNoncurrent_634552414784237950" order="10" use="optional" preferredLabel="http://www.xbrl.org/2003/role/totalLabel" priority="2" />
    <loc xlink:type="locator" xlink:href="../../elts/us-gaap-2011-01-31.xsd#us-gaap_DeferredRevenueAndCreditsCurrentAbstract" xlink:label="loc_DeferredRevenueAndCreditsCurrentAbstract" />
    <loc xlink:type="locator" xlink:href="../../elts/us-gaap-2011-01-31.xsd#us-gaap_DeferredRevenueCurrent" xlink:label="loc_DeferredRevenueCurrent" />
    <presentationArc xlink:type="arc" xlink:arcrole="http://www.xbrl.org/2003/arcrole/parent-child" xlink:from="loc_DeferredRevenueAndCreditsCurrentAbstract" xlink:to="loc_DeferredRevenueCurrent" order="10" use="prohibited" priority="1" />
    <loc xlink:type="locator" xlink:href="../../elts/us-gaap-2011-01-31.xsd#us-gaap_DeferredRevenueCurrent" xlink:label="us-gaap_DeferredRevenueCurrent_634552441618611490" />
    <presentationArc xlink:type="arc" xlink:arcrole="http://www.xbrl.org/2003/arcrole/parent-child" xlink:from="loc_DeferredRevenueAndCreditsCurrentAbstract" xlink:to="us-gaap_DeferredRevenueCurrent_634552441618611490" order="10" use="optional" preferredLabel="http://www.xbrl.org/2003/role/totalLabel" priority="2" />
    <loc xlink:type="locator" xlink:href="../../elts/us-gaap-2011-01-31.xsd#us-gaap_LiabilitiesOtherThanLongTermDebtNoncurrentAbstract" xlink:label="loc_LiabilitiesOtherThanLongTermDebtNoncurrentAbstract" />
    <loc xlink:type="locator" xlink:href="../../elts/us-gaap-2011-01-31.xsd#us-gaap_OtherLiabilitiesNoncurrent" xlink:label="loc_OtherLiabilitiesNoncurrent" />
    <presentationArc xlink:type="arc" xlink:arcrole="http://www.xbrl.org/2003/arcrole/parent-child" xlink:from="loc_LiabilitiesOtherThanLongTermDebtNoncurrentAbstract" xlink:to="loc_OtherLiabilitiesNoncurrent" order="250" use="prohibited" priority="1" />
    <loc xlink:type="locator" xlink:href="../../elts/us-gaap-2011-01-31.xsd#us-gaap_OtherLiabilitiesNoncurrent" xlink:label="us-gaap_OtherLiabilitiesNoncurrent_634552446634616228" />
    <presentationArc xlink:type="arc" xlink:arcrole="http://www.xbrl.org/2003/arcrole/parent-child" xlink:from="loc_LiabilitiesOtherThanLongTermDebtNoncurrentAbstract" xlink:to="us-gaap_OtherLiabilitiesNoncurrent_634552446634616228" order="250" use="optional" preferredLabel="http://www.xbrl.org/2003/role/totalLabel" priority="2" />
    <loc xlink:type="locator" xlink:href="../../elts/us-gaap-2011-01-31.xsd#us-gaap_StockholdersEquityAbstract" xlink:label="loc_StockholdersEquityAbstract" />
    <loc xlink:type="locator" xlink:href="CFAInstituteTaxonomy_2011.xsd#cfainstitute_UnrestrictedNetAssetsAbstract" xlink:label="cfainstitute_UnrestrictedNetAssetsAbstract" />
    <presentationArc xlink:type="arc" xlink:arcrole="http://www.xbrl.org/2003/arcrole/parent-child" xlink:from="loc_StockholdersEquityAbstract" xlink:to="cfainstitute_UnrestrictedNetAssetsAbstract" order="5" use="optional" preferredLabel="http://www.xbrl.org/2003/role/label" priority="1" />
    <loc xlink:type="locator" xlink:href="CFAInstituteTaxonomy_2011.xsd#cfainstitute_UnrestrictedNetAssetsUndesignated" xlink:label="cfainstitute_UnrestrictedNetAssetsUndesignated_634552467972703886" />
    <presentationArc xlink:type="arc" xlink:arcrole="http://www.xbrl.org/2003/arcrole/parent-child" xlink:from="cfainstitute_UnrestrictedNetAssetsAbstract" xlink:to="cfainstitute_UnrestrictedNetAssetsUndesignated_634552467972703886" order="0.25" use="optional" preferredLabel="http://www.xbrl.org/2003/role/label" priority="2" />
    <loc xlink:type="locator" xlink:href="CFAInstituteTaxonomy_2011.xsd#cfainstitute_TemporarilyRestrictedNetAssetsAbstract" xlink:label="cfainstitute_TemporarilyRestrictedNetAssetsAbstract_634552469800008326" />
    <presentationArc xlink:type="arc" xlink:arcrole="http://www.xbrl.org/2003/arcrole/parent-child" xlink:from="loc_StockholdersEquityAbstract" xlink:to="cfainstitute_TemporarilyRestrictedNetAssetsAbstract_634552469800008326" order="7.5" use="optional" preferredLabel="http://www.xbrl.org/2003/role/label" priority="2" />
    <loc xlink:type="locator" xlink:href="CFAInstituteTaxonomy_2011.xsd#cfainstitute_TemporarilyRestrictedNetAssetsAbstract" xlink:label="cfainstitute_TemporarilyRestrictedNetAssetsAbstract" />
    <loc xlink:type="locator" xlink:href="CFAInstituteTaxonomy_2011.xsd#cfainstitute_TemporarilyRestrictedNetAssets" xlink:label="cfainstitute_TemporarilyRestrictedNetAssets" />
    <presentationArc xlink:type="arc" xlink:arcrole="http://www.xbrl.org/2003/arcrole/parent-child" xlink:from="cfainstitute_TemporarilyRestrictedNetAssetsAbstract" xlink:to="cfainstitute_TemporarilyRestrictedNetAssets" order="1" use="optional" preferredLabel="http://www.xbrl.org/2003/role/label" priority="1" />
    <loc xlink:type="locator" xlink:href="CFAInstituteTaxonomy_2011.xsd#cfainstitute_TotalTemporarilyRestrictedNetAssets" xlink:label="cfainstitute_TotalTemporarilyRestrictedNetAssets_634552470666626286" />
    <presentationArc xlink:type="arc" xlink:arcrole="http://www.xbrl.org/2003/arcrole/parent-child" xlink:from="cfainstitute_TemporarilyRestrictedNetAssetsAbstract" xlink:to="cfainstitute_TotalTemporarilyRestrictedNetAssets_634552470666626286" order="1.5" use="optional" preferredLabel="http://www.xbrl.org/2003/role/label" priority="2" />
    <loc xlink:type="locator" xlink:href="CFAInstituteTaxonomy_2011.xsd#cfainstitute_UnrestrictedNetAssetsDesignated" xlink:label="cfainstitute_UnrestrictedNetAssetsDesignated" />
    <presentationArc xlink:type="arc" xlink:arcrole="http://www.xbrl.org/2003/arcrole/parent-child" xlink:from="cfainstitute_UnrestrictedNetAssetsAbstract" xlink:to="cfainstitute_UnrestrictedNetAssetsDesignated" order="0.5" use="optional" preferredLabel="http://www.xbrl.org/2003/role/totalLabel" priority="3" />
    <loc xlink:type="locator" xlink:href="../../elts/us-gaap-2011-01-31.xsd#us-gaap_IntangibleAssetsNetExcludingGoodwillAbstract" xlink:label="loc_IntangibleAssetsNetExcludingGoodwillAbstract" />
    <loc xlink:type="locator" xlink:href="../../elts/us-gaap-2011-01-31.xsd#us-gaap_IntangibleAssetsNetExcludingGoodwill" xlink:label="loc_IntangibleAssetsNetExcludingGoodwill" />
    <presentationArc xlink:type="arc" xlink:arcrole="http://www.xbrl.org/2003/arcrole/parent-child" xlink:from="loc_IntangibleAssetsNetExcludingGoodwillAbstract" xlink:to="loc_IntangibleAssetsNetExcludingGoodwill" order="30" use="prohibited" priority="1" preferredLabel="http://www.xbrl.org/2003/role/totalLabel" />
    <loc xlink:type="locator" xlink:href="../../elts/us-gaap-2011-01-31.xsd#us-gaap_IntangibleAssetsNetExcludingGoodwill" xlink:label="us-gaap_IntangibleAssetsNetExcludingGoodwill_634568878809749072" />
    <presentationArc xlink:type="arc" xlink:arcrole="http://www.xbrl.org/2003/arcrole/parent-child" xlink:from="loc_IntangibleAssetsNetExcludingGoodwillAbstract" xlink:to="us-gaap_IntangibleAssetsNetExcludingGoodwill_634568878809749072" order="30" use="optional" preferredLabel="http://www.xbrl.org/2003/role/label" priority="2" />
    <loc xlink:type="locator" xlink:href="../../elts/us-gaap-2011-01-31.xsd#us-gaap_PropertyPlantAndEquipmentNetAbstract" xlink:label="loc_PropertyPlantAndEquipmentNetAbstract" />
    <loc xlink:type="locator" xlink:href="../../elts/us-gaap-2011-01-31.xsd#us-gaap_PropertyPlantAndEquipmentNet" xlink:label="loc_PropertyPlantAndEquipmentNet" />
    <presentationArc xlink:type="arc" xlink:arcrole="http://www.xbrl.org/2003/arcrole/parent-child" xlink:from="loc_PropertyPlantAndEquipmentNetAbstract" xlink:to="loc_PropertyPlantAndEquipmentNet" order="30" use="prohibited" priority="1" preferredLabel="http://www.xbrl.org/2003/role/totalLabel" />
    <loc xlink:type="locator" xlink:href="../../elts/us-gaap-2011-01-31.xsd#us-gaap_PropertyPlantAndEquipmentNet" xlink:label="us-gaap_PropertyPlantAndEquipmentNet_634568879423684790" />
    <presentationArc xlink:type="arc" xlink:arcrole="http://www.xbrl.org/2003/arcrole/parent-child" xlink:from="loc_PropertyPlantAndEquipmentNetAbstract" xlink:to="us-gaap_PropertyPlantAndEquipmentNet_634568879423684790" order="30" use="optional" preferredLabel="http://www.xbrl.org/2003/role/label" priority="2" />
    <loc xlink:type="locator" xlink:href="CFAInstituteTaxonomy_2011.xsd#cfainstitute_TotalUnrestrictedNetAssets" xlink:label="cfainstitute_TotalUnrestrictedNetAssets_634552468579305206" />
    <presentationArc xlink:type="arc" xlink:arcrole="http://www.xbrl.org/2003/arcrole/parent-child" xlink:from="cfainstitute_UnrestrictedNetAssetsAbstract" xlink:to="cfainstitute_TotalUnrestrictedNetAssets_634552468579305206" order="0.75" use="optional" preferredLabel="http://www.xbrl.org/2003/role/totalLabel" priority="4" />
  </presentationLink>
  <presentationLink xlink:role="http://fasb.org/us-gaap/role/statement/StatementOfCashFlowsDirect" xlink:type="extended" xlink:title="172600 - Statement - Statement of Cash Flows, Direct Method Operating Activities">
    <loc xlink:type="locator" xlink:href="../../elts/us-gaap-2011-01-31.xsd#us-gaap_ProceedsFromOperatingActivitiesAbstract" xlink:label="loc_ProceedsFromOperatingActivitiesAbstract" />
    <loc xlink:type="locator" xlink:href="CFAInstituteTaxonomy_2011.xsd#cfainstitute_ProceedsFromMemberAndSocietyDues" xlink:label="cfainstitute_ProceedsFromMemberAndSocietyDues" />
    <presentationArc xlink:type="arc" xlink:arcrole="http://www.xbrl.org/2003/arcrole/parent-child" xlink:from="loc_ProceedsFromOperatingActivitiesAbstract" xlink:to="cfainstitute_ProceedsFromMemberAndSocietyDues" order="0.3125" use="optional" preferredLabel="http://www.xbrl.org/2003/role/label" priority="1" />
    <loc xlink:type="locator" xlink:href="CFAInstituteTaxonomy_2011.xsd#cfainstitute_ProceedsFromEducationalProducts" xlink:label="cfainstitute_ProceedsFromEducationalProducts" />
    <presentationArc xlink:type="arc" xlink:arcrole="http://www.xbrl.org/2003/arcrole/parent-child" xlink:from="loc_ProceedsFromOperatingActivitiesAbstract" xlink:to="cfainstitute_ProceedsFromEducationalProducts" order="0.0781" use="optional" preferredLabel="http://www.xbrl.org/2003/role/label" priority="1" />
    <loc xlink:type="locator" xlink:href="CFAInstituteTaxonomy_2011.xsd#cfainstitute_ProceedsFromCandidateFees" xlink:label="cfainstitute_ProceedsFromCandidateFees_634553084275219531" />
    <presentationArc xlink:type="arc" xlink:arcrole="http://www.xbrl.org/2003/arcrole/parent-child" xlink:from="loc_ProceedsFromOperatingActivitiesAbstract" xlink:to="cfainstitute_ProceedsFromCandidateFees_634553084275219531" order="0.0391" use="optional" preferredLabel="http://www.xbrl.org/2003/role/label" priority="3" />
    <loc xlink:type="locator" xlink:href="CFAInstituteTaxonomy_2011.xsd#cfainstitute_ProceedsFromContributions" xlink:label="cfainstitute_ProceedsFromContributions_634553086667163814" />
    <presentationArc xlink:type="arc" xlink:arcrole="http://www.xbrl.org/2003/arcrole/parent-child" xlink:from="loc_ProceedsFromOperatingActivitiesAbstract" xlink:to="cfainstitute_ProceedsFromContributions_634553086667163814" order="5.1563" use="optional" preferredLabel="http://www.xbrl.org/2003/role/label" priority="2" />
    <loc xlink:type="locator" xlink:href="../../elts/us-gaap-2011-01-31.xsd#us-gaap_PaymentsForOperatingActivitiesAbstract" xlink:label="loc_PaymentsForOperatingActivitiesAbstract" />
    <loc xlink:type="locator" xlink:href="CFAInstituteTaxonomy_2011.xsd#cfainstitute_PaymentsForSupportServicesAbstract" xlink:label="cfainstitute_PaymentsForSupportServicesAbstract" />
    <presentationArc xlink:type="arc" xlink:arcrole="http://www.xbrl.org/2003/arcrole/parent-child" xlink:from="loc_PaymentsForOperatingActivitiesAbstract" xlink:to="cfainstitute_PaymentsForSupportServicesAbstract" order="5" use="optional" preferredLabel="http://www.xbrl.org/2003/role/label" priority="1" />
    <loc xlink:type="locator" xlink:href="CFAInstituteTaxonomy_2011.xsd#cfainstitute_PaymentsForProgramServicesAbstract" xlink:label="cfainstitute_PaymentsForProgramServicesAbstract" />
    <presentationArc xlink:type="arc" xlink:arcrole="http://www.xbrl.org/2003/arcrole/parent-child" xlink:from="loc_PaymentsForOperatingActivitiesAbstract" xlink:to="cfainstitute_PaymentsForProgramServicesAbstract" order="2.5" use="optional" preferredLabel="http://www.xbrl.org/2003/role/label" priority="1" />
    <loc xlink:type="locator" xlink:href="CFAInstituteTaxonomy_2011.xsd#cfainstitute_PaymentsForScholarshipExpenses" xlink:label="cfainstitute_PaymentsForScholarshipExpenses" />
    <presentationArc xlink:type="arc" xlink:arcrole="http://www.xbrl.org/2003/arcrole/parent-child" xlink:from="cfainstitute_PaymentsForProgramServicesAbstract" xlink:to="cfainstitute_PaymentsForScholarshipExpenses" order="0.5" use="optional" preferredLabel="http://www.xbrl.org/2003/role/label" priority="1" />
    <loc xlink:type="locator" xlink:href="CFAInstituteTaxonomy_2011.xsd#cfainstitute_PaymentsForMarketingAndCommunications" xlink:label="cfainstitute_PaymentsForMarketingAndCommunications" />
    <presentationArc xlink:type="arc" xlink:arcrole="http://www.xbrl.org/2003/arcrole/parent-child" xlink:from="cfainstitute_PaymentsForProgramServicesAbstract" xlink:to="cfainstitute_PaymentsForMarketingAndCommunications" order="0.25" use="optional" preferredLabel="http://www.xbrl.org/2003/role/label" priority="1" />
    <loc xlink:type="locator" xlink:href="CFAInstituteTaxonomy_2011.xsd#cfainstitute_PaymentsForInternationalOperations" xlink:label="cfainstitute_PaymentsForInternationalOperations" />
    <presentationArc xlink:type="arc" xlink:arcrole="http://www.xbrl.org/2003/arcrole/parent-child" xlink:from="cfainstitute_PaymentsForProgramServicesAbstract" xlink:to="cfainstitute_PaymentsForInternationalOperations" order="0.125" use="optional" preferredLabel="http://www.xbrl.org/2003/role/label" priority="1" />
    <loc xlink:type="locator" xlink:href="CFAInstituteTaxonomy_2011.xsd#cfainstitute_PaymentsForStandardsAndFinancialMarketIntegrity" xlink:label="cfainstitute_PaymentsForStandardsAndFinancialMarketIntegrity" />
    <presentationArc xlink:type="arc" xlink:arcrole="http://www.xbrl.org/2003/arcrole/parent-child" xlink:from="cfainstitute_PaymentsForProgramServicesAbstract" xlink:to="cfainstitute_PaymentsForStandardsAndFinancialMarketIntegrity" order="0.0625" use="optional" preferredLabel="http://www.xbrl.org/2003/role/label" priority="1" />
    <loc xlink:type="locator" xlink:href="CFAInstituteTaxonomy_2011.xsd#cfainstitute_PaymentsForMemberAndSocietyServices" xlink:label="cfainstitute_PaymentsForMemberAndSocietyServices" />
    <presentationArc xlink:type="arc" xlink:arcrole="http://www.xbrl.org/2003/arcrole/parent-child" xlink:from="cfainstitute_PaymentsForProgramServicesAbstract" xlink:to="cfainstitute_PaymentsForMemberAndSocietyServices" order="0.0313" use="optional" preferredLabel="http://www.xbrl.org/2003/role/label" priority="1" />
    <loc xlink:type="locator" xlink:href="CFAInstituteTaxonomy_2011.xsd#cfainstitute_PaymentsForEducationalContentAndProducts" xlink:label="cfainstitute_PaymentsForEducationalContentAndProducts" />
    <presentationArc xlink:type="arc" xlink:arcrole="http://www.xbrl.org/2003/arcrole/parent-child" xlink:from="cfainstitute_PaymentsForProgramServicesAbstract" xlink:to="cfainstitute_PaymentsForEducationalContentAndProducts" order="0.0156" use="optional" preferredLabel="http://www.xbrl.org/2003/role/label" priority="1" />
    <loc xlink:type="locator" xlink:href="CFAInstituteTaxonomy_2011.xsd#cfainstitute_PaymentsForCertificationAndCertificatePrograms" xlink:label="cfainstitute_PaymentsForCertificationAndCertificatePrograms_634553185642483715" />
    <presentationArc xlink:type="arc" xlink:arcrole="http://www.xbrl.org/2003/arcrole/parent-child" xlink:from="cfainstitute_PaymentsForProgramServicesAbstract" xlink:to="cfainstitute_PaymentsForCertificationAndCertificatePrograms_634553185642483715" order="0.0078" use="optional" preferredLabel="http://www.xbrl.org/2003/role/label" priority="2" />
    <loc xlink:type="locator" xlink:href="CFAInstituteTaxonomy_2011.xsd#cfainstitute_PaymentsForFundraising" xlink:label="cfainstitute_PaymentsForFundraising" />
    <presentationArc xlink:type="arc" xlink:arcrole="http://www.xbrl.org/2003/arcrole/parent-child" xlink:from="cfainstitute_PaymentsForSupportServicesAbstract" xlink:to="cfainstitute_PaymentsForFundraising" order="1" use="optional" preferredLabel="http://www.xbrl.org/2003/role/label" priority="1" />
    <loc xlink:type="locator" xlink:href="CFAInstituteTaxonomy_2011.xsd#cfainstitute_PaymentsForPublishingAndContentServices" xlink:label="cfainstitute_PaymentsForPublishingAndContentServices" />
    <presentationArc xlink:type="arc" xlink:arcrole="http://www.xbrl.org/2003/arcrole/parent-child" xlink:from="cfainstitute_PaymentsForSupportServicesAbstract" xlink:to="cfainstitute_PaymentsForPublishingAndContentServices" order="0.5" use="optional" preferredLabel="http://www.xbrl.org/2003/role/label" priority="1" />
    <loc xlink:type="locator" xlink:href="CFAInstituteTaxonomy_2011.xsd#cfainstitute_PaymentsForTravelSupportAndEventManagement" xlink:label="cfainstitute_PaymentsForTravelSupportAndEventManagement" />
    <presentationArc xlink:type="arc" xlink:arcrole="http://www.xbrl.org/2003/arcrole/parent-child" xlink:from="cfainstitute_PaymentsForSupportServicesAbstract" xlink:to="cfainstitute_PaymentsForTravelSupportAndEventManagement" order="0.25" use="optional" preferredLabel="http://www.xbrl.org/2003/role/label" priority="1" />
    <loc xlink:type="locator" xlink:href="CFAInstituteTaxonomy_2011.xsd#cfainstitute_PaymentsForHumanResources" xlink:label="cfainstitute_PaymentsForHumanResources" />
    <presentationArc xlink:type="arc" xlink:arcrole="http://www.xbrl.org/2003/arcrole/parent-child" xlink:from="cfainstitute_PaymentsForSupportServicesAbstract" xlink:to="cfainstitute_PaymentsForHumanResources" order="0.125" use="optional" preferredLabel="http://www.xbrl.org/2003/role/label" priority="1" />
    <loc xlink:type="locator" xlink:href="CFAInstituteTaxonomy_2011.xsd#cfainstitute_PaymentsForOfficeOfGeneralCounsel" xlink:label="cfainstitute_PaymentsForOfficeOfGeneralCounsel" />
    <presentationArc xlink:type="arc" xlink:arcrole="http://www.xbrl.org/2003/arcrole/parent-child" xlink:from="cfainstitute_PaymentsForSupportServicesAbstract" xlink:to="cfainstitute_PaymentsForOfficeOfGeneralCounsel" order="0.0625" use="optional" preferredLabel="http://www.xbrl.org/2003/role/label" priority="1" />
    <loc xlink:type="locator" xlink:href="CFAInstituteTaxonomy_2011.xsd#cfainstitute_PaymentsForFacilityRentPlanningAndOperations" xlink:label="cfainstitute_PaymentsForFacilityRentPlanningAndOperations" />
    <presentationArc xlink:type="arc" xlink:arcrole="http://www.xbrl.org/2003/arcrole/parent-child" xlink:from="cfainstitute_PaymentsForSupportServicesAbstract" xlink:to="cfainstitute_PaymentsForFacilityRentPlanningAndOperations" order="0.0313" use="optional" preferredLabel="http://www.xbrl.org/2003/role/label" priority="1" />
    <loc xlink:type="locator" xlink:href="CFAInstituteTaxonomy_2011.xsd#cfainstitute_PaymentsForFinancialOperationsAndExecutive" xlink:label="cfainstitute_PaymentsForFinancialOperationsAndExecutive" />
    <presentationArc xlink:type="arc" xlink:arcrole="http://www.xbrl.org/2003/arcrole/parent-child" xlink:from="cfainstitute_PaymentsForSupportServicesAbstract" xlink:to="cfainstitute_PaymentsForFinancialOperationsAndExecutive" order="0.0156" use="optional" preferredLabel="http://www.xbrl.org/2003/role/label" priority="1" />
    <loc xlink:type="locator" xlink:href="CFAInstituteTaxonomy_2011.xsd#cfainstitute_PaymentsForInformationTechnology" xlink:label="cfainstitute_PaymentsForInformationTechnology" />
    <presentationArc xlink:type="arc" xlink:arcrole="http://www.xbrl.org/2003/arcrole/parent-child" xlink:from="cfainstitute_PaymentsForSupportServicesAbstract" xlink:to="cfainstitute_PaymentsForInformationTechnology" order="0.0078" use="optional" preferredLabel="http://www.xbrl.org/2003/role/label" priority="1" />
    <loc xlink:type="locator" xlink:href="../../elts/us-gaap-2011-01-31.xsd#us-gaap_NetCashProvidedByUsedInOperatingActivitiesAbstract" xlink:label="loc_NetCashProvidedByUsedInOperatingActivitiesAbstract" />
    <loc xlink:type="locator" xlink:href="CFAInstituteTaxonomy_2011.xsd#cfainstitute_NetCashProvidedByUsedInInvestingActivitiesAbstract" xlink:label="cfainstitute_NetCashProvidedByUsedInInvestingActivitiesAbstract" />
    <presentationArc xlink:type="arc" xlink:arcrole="http://www.xbrl.org/2003/arcrole/parent-child" xlink:from="loc_NetCashProvidedByUsedInOperatingActivitiesAbstract" xlink:to="cfainstitute_NetCashProvidedByUsedInInvestingActivitiesAbstract" order="5" use="optional" preferredLabel="http://www.xbrl.org/2003/role/label" priority="1" />
    <loc xlink:type="locator" xlink:href="../../elts/us-gaap-2011-01-31.xsd#us-gaap_NetCashProvidedByUsedInOperatingActivitiesContinuingOperationsAbstract" xlink:label="loc_NetCashProvidedByUsedInOperatingActivitiesContinuingOperationsAbstract" />
    <presentationArc xlink:type="arc" xlink:arcrole="http://www.xbrl.org/2003/arcrole/parent-child" xlink:from="loc_NetCashProvidedByUsedInOperatingActivitiesAbstract" xlink:to="loc_NetCashProvidedByUsedInOperatingActivitiesContinuingOperationsAbstract" order="10" use="prohibited" priority="1" />
    <loc xlink:type="locator" xlink:href="../../elts/us-gaap-2011-01-31.xsd#us-gaap_NetCashProvidedByUsedInOperatingActivitiesContinuingOperationsAbstract" xlink:label="us-gaap_NetCashProvidedByUsedInOperatingActivitiesContinuingOperationsAbstract_634553265618643249" />
    <presentationArc xlink:type="arc" xlink:arcrole="http://www.xbrl.org/2003/arcrole/parent-child" xlink:from="loc_NetCashProvidedByUsedInOperatingActivitiesAbstract" xlink:to="us-gaap_NetCashProvidedByUsedInOperatingActivitiesContinuingOperationsAbstract_634553265618643249" order="2.5" use="optional" priority="1" />
    <loc xlink:type="locator" xlink:href="CFAInstituteTaxonomy_2011.xsd#cfainstitute_NetCashProvidedByUsedInInvestingActivitiesContinuingOperationsAbstract" xlink:label="cfainstitute_NetCashProvidedByUsedInInvestingActivitiesContinuingOperationsAbstract" />
    <presentationArc xlink:type="arc" xlink:arcrole="http://www.xbrl.org/2003/arcrole/parent-child" xlink:from="cfainstitute_NetCashProvidedByUsedInInvestingActivitiesAbstract" xlink:to="cfainstitute_NetCashProvidedByUsedInInvestingActivitiesContinuingOperationsAbstract" order="1" use="optional" preferredLabel="http://www.xbrl.org/2003/role/label" priority="1" />
    <loc xlink:type="locator" xlink:href="CFAInstituteTaxonomy_2011.xsd#cfainstitute_PaymentsForProceedsFromProductiveAssetsAbstract" xlink:label="cfainstitute_PaymentsForProceedsFromProductiveAssetsAbstract" />
    <loc xlink:type="locator" xlink:href="CFAInstituteTaxonomy_2011.xsd#cfainstitute_PaymentsForProceedsFromInvestmentsAbstract" xlink:label="cfainstitute_PaymentsForProceedsFromInvestmentsAbstract" />
    <presentationArc xlink:type="arc" xlink:arcrole="http://www.xbrl.org/2003/arcrole/parent-child" xlink:from="cfainstitute_NetCashProvidedByUsedInInvestingActivitiesContinuingOperationsAbstract" xlink:to="cfainstitute_PaymentsForProceedsFromInvestmentsAbstract" order="0.5" use="optional" preferredLabel="http://www.xbrl.org/2003/role/label" priority="1" />
    <loc xlink:type="locator" xlink:href="CFAInstituteTaxonomy_2011.xsd#cfainstitute_PaymentsForProceedsFromProductiveAssetsAbstract" xlink:label="cfainstitute_PaymentsForProceedsFromProductiveAssetsAbstract_634553267348196637" />
    <presentationArc xlink:type="arc" xlink:arcrole="http://www.xbrl.org/2003/arcrole/parent-child" xlink:from="cfainstitute_NetCashProvidedByUsedInInvestingActivitiesContinuingOperationsAbstract" xlink:to="cfainstitute_PaymentsForProceedsFromProductiveAssetsAbstract_634553267348196637" order="0.25" use="optional" preferredLabel="http://www.xbrl.org/2003/role/label" priority="2" />
    <loc xlink:type="locator" xlink:href="CFAInstituteTaxonomy_2011.xsd#cfainstitute_ProceedsFromSaleOfProductiveAssetsAbstract" xlink:label="cfainstitute_ProceedsFromSaleOfProductiveAssetsAbstract" />
    <presentationArc xlink:type="arc" xlink:arcrole="http://www.xbrl.org/2003/arcrole/parent-child" xlink:from="cfainstitute_PaymentsForProceedsFromProductiveAssetsAbstract" xlink:to="cfainstitute_ProceedsFromSaleOfProductiveAssetsAbstract" order="0.5" use="optional" preferredLabel="http://www.xbrl.org/2003/role/label" priority="1" />
    <loc xlink:type="locator" xlink:href="CFAInstituteTaxonomy_2011.xsd#cfainstitute_PaymentsToAcquireProductiveAssetsAbstract" xlink:label="cfainstitute_PaymentsToAcquireProductiveAssetsAbstract_634553268389731666" />
    <presentationArc xlink:type="arc" xlink:arcrole="http://www.xbrl.org/2003/arcrole/parent-child" xlink:from="cfainstitute_PaymentsForProceedsFromProductiveAssetsAbstract" xlink:to="cfainstitute_PaymentsToAcquireProductiveAssetsAbstract_634553268389731666" order="0.25" use="optional" preferredLabel="http://www.xbrl.org/2003/role/label" priority="2" />
    <loc xlink:type="locator" xlink:href="CFAInstituteTaxonomy_2011.xsd#cfainstitute_PaymentsToAcquireProductiveAssetsAbstract" xlink:label="cfainstitute_PaymentsToAcquireProductiveAssetsAbstract" />
    <loc xlink:type="locator" xlink:href="CFAInstituteTaxonomy_2011.xsd#cfainstitute_PaymentsToAcquirePropertyPlantAndEquipmentAbstract" xlink:label="cfainstitute_PaymentsToAcquirePropertyPlantAndEquipmentAbstract" />
    <presentationArc xlink:type="arc" xlink:arcrole="http://www.xbrl.org/2003/arcrole/parent-child" xlink:from="cfainstitute_PaymentsToAcquireProductiveAssetsAbstract" xlink:to="cfainstitute_PaymentsToAcquirePropertyPlantAndEquipmentAbstract" order="0.5" use="optional" preferredLabel="http://www.xbrl.org/2003/role/label" priority="1" />
    <loc xlink:type="locator" xlink:href="CFAInstituteTaxonomy_2011.xsd#cfainstitute_PaymentsToAcquirePropertyPlantAndEquipment" xlink:label="cfainstitute_PaymentsToAcquirePropertyPlantAndEquipment" />
    <presentationArc xlink:type="arc" xlink:arcrole="http://www.xbrl.org/2003/arcrole/parent-child" xlink:from="cfainstitute_PaymentsToAcquirePropertyPlantAndEquipmentAbstract" xlink:to="cfainstitute_PaymentsToAcquirePropertyPlantAndEquipment" order="1" use="optional" preferredLabel="http://www.xbrl.org/2003/role/label" priority="1" />
    <loc xlink:type="locator" xlink:href="CFAInstituteTaxonomy_2011.xsd#cfainstitute_ProceedsFromSaleOfPropertyPlantAndEquipmentAbstract" xlink:label="cfainstitute_ProceedsFromSaleOfPropertyPlantAndEquipmentAbstract" />
    <presentationArc xlink:type="arc" xlink:arcrole="http://www.xbrl.org/2003/arcrole/parent-child" xlink:from="cfainstitute_ProceedsFromSaleOfProductiveAssetsAbstract" xlink:to="cfainstitute_ProceedsFromSaleOfPropertyPlantAndEquipmentAbstract" order="1" use="optional" preferredLabel="http://www.xbrl.org/2003/role/label" priority="1" />
    <loc xlink:type="locator" xlink:href="CFAInstituteTaxonomy_2011.xsd#cfainstitute_ProceedsFromSaleOfPropertyPlantAndEquipment" xlink:label="cfainstitute_ProceedsFromSaleOfPropertyPlantAndEquipment" />
    <presentationArc xlink:type="arc" xlink:arcrole="http://www.xbrl.org/2003/arcrole/parent-child" xlink:from="cfainstitute_ProceedsFromSaleOfPropertyPlantAndEquipmentAbstract" xlink:to="cfainstitute_ProceedsFromSaleOfPropertyPlantAndEquipment" order="1" use="optional" preferredLabel="http://www.xbrl.org/2003/role/label" priority="1" />
    <loc xlink:type="locator" xlink:href="CFAInstituteTaxonomy_2011.xsd#cfainstitute_ProceedsFromSaleMaturityAndCollectionsOfInvestmentsAbstract" xlink:label="cfainstitute_ProceedsFromSaleMaturityAndCollectionsOfInvestmentsAbstract" />
    <presentationArc xlink:type="arc" xlink:arcrole="http://www.xbrl.org/2003/arcrole/parent-child" xlink:from="cfainstitute_PaymentsForProceedsFromInvestmentsAbstract" xlink:to="cfainstitute_ProceedsFromSaleMaturityAndCollectionsOfInvestmentsAbstract" order="1" use="optional" preferredLabel="http://www.xbrl.org/2003/role/label" priority="1" />
    <loc xlink:type="locator" xlink:href="CFAInstituteTaxonomy_2011.xsd#cfainstitute_PaymentsToAcquireInvestmentsAbstract" xlink:label="cfainstitute_PaymentsToAcquireInvestmentsAbstract" />
    <presentationArc xlink:type="arc" xlink:arcrole="http://www.xbrl.org/2003/arcrole/parent-child" xlink:from="cfainstitute_PaymentsForProceedsFromInvestmentsAbstract" xlink:to="cfainstitute_PaymentsToAcquireInvestmentsAbstract" order="0.5" use="optional" preferredLabel="http://www.xbrl.org/2003/role/label" priority="1" />
    <loc xlink:type="locator" xlink:href="CFAInstituteTaxonomy_2011.xsd#cfainstitute_PaymentsForProceedsFromInvestmentsTotal" xlink:label="cfainstitute_PaymentsForProceedsFromInvestmentsTotal_634553273733737737" />
    <presentationArc xlink:type="arc" xlink:arcrole="http://www.xbrl.org/2003/arcrole/parent-child" xlink:from="cfainstitute_PaymentsForProceedsFromInvestmentsAbstract" xlink:to="cfainstitute_PaymentsForProceedsFromInvestmentsTotal_634553273733737737" order="1.5" use="optional" preferredLabel="http://www.xbrl.org/2003/role/label" priority="2" />
    <loc xlink:type="locator" xlink:href="CFAInstituteTaxonomy_2011.xsd#cfainstitute_PaymentsToAcquireIntangibleAssets" xlink:label="cfainstitute_PaymentsToAcquireIntangibleAssets_634553277552260305" />
    <presentationArc xlink:type="arc" xlink:arcrole="http://www.xbrl.org/2003/arcrole/parent-child" xlink:from="cfainstitute_PaymentsToAcquireProductiveAssetsAbstract_634553268389731666" xlink:to="cfainstitute_PaymentsToAcquireIntangibleAssets_634553277552260305" order="1" use="optional" preferredLabel="http://www.xbrl.org/2003/role/label" priority="2" />
    <loc xlink:type="locator" xlink:href="../../elts/us-gaap-2011-01-31.xsd#us-gaap_PaymentsForOtherOperatingActivities" xlink:label="loc_PaymentsForOtherOperatingActivities" />
    <presentationArc xlink:type="arc" xlink:arcrole="http://www.xbrl.org/2003/arcrole/parent-child" xlink:from="loc_PaymentsForOperatingActivitiesAbstract" xlink:to="loc_PaymentsForOtherOperatingActivities" order="300" use="prohibited" priority="1" />
    <loc xlink:type="locator" xlink:href="../../elts/us-gaap-2011-01-31.xsd#us-gaap_PaymentsForOtherOperatingActivities" xlink:label="us-gaap_PaymentsForOtherOperatingActivities_634568859405362410" />
    <presentationArc xlink:type="arc" xlink:arcrole="http://www.xbrl.org/2003/arcrole/parent-child" xlink:from="loc_PaymentsForOperatingActivitiesAbstract" xlink:to="us-gaap_PaymentsForOtherOperatingActivities_634568859405362410" order="300" use="optional" preferredLabel="http://www.xbrl.org/2003/role/totalLabel" priority="2" />
    <loc xlink:type="locator" xlink:href="CFAInstituteTaxonomy_2011.xsd#cfainstitute_CashAndCashEquivalentsBeginningOfYear" xlink:label="cfainstitute_CashAndCashEquivalentsBeginningOfYear" />
    <presentationArc xlink:type="arc" xlink:arcrole="http://www.xbrl.org/2003/arcrole/parent-child" xlink:from="loc_NetCashProvidedByUsedInOperatingActivitiesAbstract" xlink:to="cfainstitute_CashAndCashEquivalentsBeginningOfYear" order="30.5" use="optional" preferredLabel="http://www.xbrl.org/2003/role/totalLabel" priority="3" />
    <loc xlink:type="locator" xlink:href="CFAInstituteTaxonomy_2011.xsd#cfainstitute_CashAndCashEquivalentsEndOfYear" xlink:label="cfainstitute_CashAndCashEquivalentsEndOfYear" />
    <presentationArc xlink:type="arc" xlink:arcrole="http://www.xbrl.org/2003/arcrole/parent-child" xlink:from="loc_NetCashProvidedByUsedInOperatingActivitiesAbstract" xlink:to="cfainstitute_CashAndCashEquivalentsEndOfYear" order="31" use="optional" preferredLabel="http://www.xbrl.org/2003/role/totalLabel" priority="3" />
    <loc xlink:type="locator" xlink:href="CFAInstituteTaxonomy_2011.xsd#cfainstitute_ProceedsFromSaleMaturityAndCollectionsOfInvestments" xlink:label="cfainstitute_ProceedsFromSaleMaturityAndCollectionsOfInvestments" />
    <presentationArc xlink:type="arc" xlink:arcrole="http://www.xbrl.org/2003/arcrole/parent-child" xlink:from="cfainstitute_ProceedsFromSaleMaturityAndCollectionsOfInvestmentsAbstract" xlink:to="cfainstitute_ProceedsFromSaleMaturityAndCollectionsOfInvestments" order="1" use="optional" preferredLabel="http://www.xbrl.org/2003/role/totalLabel" priority="3" />
    <loc xlink:type="locator" xlink:href="CFAInstituteTaxonomy_2011.xsd#cfainstitute_PaymentsForOtherSupportServices" xlink:label="cfainstitute_PaymentsForOtherSupportServices_634553191110643711" />
    <presentationArc xlink:type="arc" xlink:arcrole="http://www.xbrl.org/2003/arcrole/parent-child" xlink:from="cfainstitute_PaymentsForSupportServicesAbstract" xlink:to="cfainstitute_PaymentsForOtherSupportServices_634553191110643711" order="1.5" use="optional" preferredLabel="http://www.xbrl.org/2003/role/totalLabel" priority="4" />
    <loc xlink:type="locator" xlink:href="CFAInstituteTaxonomy_2011.xsd#cfainstitute_PaymentsToAcquireInvestments" xlink:label="cfainstitute_PaymentsToAcquireInvestments" />
    <presentationArc xlink:type="arc" xlink:arcrole="http://www.xbrl.org/2003/arcrole/parent-child" xlink:from="cfainstitute_PaymentsToAcquireInvestmentsAbstract" xlink:to="cfainstitute_PaymentsToAcquireInvestments" order="1" use="optional" preferredLabel="http://www.xbrl.org/2003/role/label" priority="5" />
    <loc xlink:type="locator" xlink:href="CFAInstituteTaxonomy_2011.xsd#cfainstitute_NetCashProvidedByUsedInInvestingActivitiesContinuingOperationsTotal" xlink:label="cfainstitute_NetCashProvidedByUsedInInvestingActivitiesContinuingOperationsTotal_634553274775289095" />
    <presentationArc xlink:type="arc" xlink:arcrole="http://www.xbrl.org/2003/arcrole/parent-child" xlink:from="cfainstitute_NetCashProvidedByUsedInInvestingActivitiesContinuingOperationsAbstract" xlink:to="cfainstitute_NetCashProvidedByUsedInInvestingActivitiesContinuingOperationsTotal_634553274775289095" order="1" use="optional" preferredLabel="http://www.xbrl.org/2003/role/totalLabel" priority="4" />
    <loc xlink:type="locator" xlink:href="../../elts/us-gaap-2011-01-31.xsd#us-gaap_NetCashProvidedByUsedInOperatingActivities" xlink:label="loc_NetCashProvidedByUsedInOperatingActivities" />
    <presentationArc xlink:type="arc" xlink:arcrole="http://www.xbrl.org/2003/arcrole/parent-child" xlink:from="loc_NetCashProvidedByUsedInOperatingActivitiesAbstract" xlink:to="loc_NetCashProvidedByUsedInOperatingActivities" order="30" use="prohibited" priority="1" preferredLabel="http://www.xbrl.org/2003/role/totalLabel" />
    <loc xlink:type="locator" xlink:href="../../elts/us-gaap-2011-01-31.xsd#us-gaap_NetCashProvidedByUsedInOperatingActivities" xlink:label="us-gaap_NetCashProvidedByUsedInOperatingActivities_634568876410082489" />
    <presentationArc xlink:type="arc" xlink:arcrole="http://www.xbrl.org/2003/arcrole/parent-child" xlink:from="loc_NetCashProvidedByUsedInOperatingActivitiesAbstract" xlink:to="us-gaap_NetCashProvidedByUsedInOperatingActivities_634568876410082489" order="30" use="optional" preferredLabel="http://www.xbrl.org/2003/role/label" priority="2" />
  </presentationLink>
</linkbase>