<?xml version="1.0" encoding="UTF-8" standalone="no"?>

<!--
(c) XBRL US, Inc. 2007-2010; Financial Accounting Foundation, Inc. 2010-2011.  All Rights Reserved.
Notice: Authorized Uses are Set Forth at http://xbrl.fasb.org/terms/TaxonomiesTermsConditions.html
  -->
<link:linkbase xmlns:link='http://www.xbrl.org/2003/linkbase' xmlns:xlink='http://www.w3.org/1999/xlink' xmlns:xsi='http://www.w3.org/2001/XMLSchema-instance' xsi:schemaLocation='http://www.xbrl.org/2003/linkbase http://www.xbrl.org/2003/xbrl-linkbase-2003-12-31.xsd'>
<link:roleRef roleURI='http://fasb.org/us-gaap/role/disclosure/ReceivablesLoansNotesReceivableAndOthersLoansAlternate' xlink:href='../elts/us-roles-2011-01-31.xsd#rlnro2' xlink:type='simple' />
<calculationLink xlink:role='http://fasb.org/us-gaap/role/disclosure/ReceivablesLoansNotesReceivableAndOthersLoansAlternate' xlink:type='extended' xmlns='http://www.xbrl.org/2003/linkbase'>
<link:loc xlink:href='../elts/us-gaap-2011-01-31.xsd#us-gaap_LoansAndLeasesReceivableNetOfDeferredIncome' xlink:label='loc_LoansAndLeasesReceivableNetOfDeferredIncome' xlink:type='locator' />
<link:loc xlink:href='../elts/us-gaap-2011-01-31.xsd#us-gaap_LoansAndLeasesReceivableCommercialNetOfDeferredIncome' xlink:label='loc_LoansAndLeasesReceivableCommercialNetOfDeferredIncome' xlink:type='locator' />
<link:loc xlink:href='../elts/us-gaap-2011-01-31.xsd#us-gaap_LoansAndLeasesReceivableGrossCarryingAmountCommercial' xlink:label='loc_LoansAndLeasesReceivableGrossCarryingAmountCommercial' xlink:type='locator' />
<link:loc xlink:href='../elts/us-gaap-2011-01-31.xsd#us-gaap_LoansAndLeasesReceivableCommercial' xlink:label='loc_LoansAndLeasesReceivableCommercial' xlink:type='locator' />
<link:loc xlink:href='../elts/us-gaap-2011-01-31.xsd#us-gaap_UnamortizedLoanCommitmentAndOriginationFeesAndUnamortizedDiscountsOrPremiumsCommercial' xlink:label='loc_UnamortizedLoanCommitmentAndOriginationFeesAndUnamortizedDiscountsOrPremiumsCommercial' xlink:type='locator' />
<link:loc xlink:href='../elts/us-gaap-2011-01-31.xsd#us-gaap_LoansAndLeasesReceivableDeferredIncomeCommercial' xlink:label='loc_LoansAndLeasesReceivableDeferredIncomeCommercial' xlink:type='locator' />
<link:loc xlink:href='../elts/us-gaap-2011-01-31.xsd#us-gaap_LoansAndLeasesReceivableConsumerNetOfDeferredIncome' xlink:label='loc_LoansAndLeasesReceivableConsumerNetOfDeferredIncome' xlink:type='locator' />
<link:loc xlink:href='../elts/us-gaap-2011-01-31.xsd#us-gaap_LoansAndLeasesReceivableGrossCarryingAmountConsumer' xlink:label='loc_LoansAndLeasesReceivableGrossCarryingAmountConsumer' xlink:type='locator' />
<link:loc xlink:href='../elts/us-gaap-2011-01-31.xsd#us-gaap_LoansAndLeasesReceivableConsumer' xlink:label='loc_LoansAndLeasesReceivableConsumer' xlink:type='locator' />
<link:loc xlink:href='../elts/us-gaap-2011-01-31.xsd#us-gaap_UnamortizedLoanCommitmentAndOriginationFeesAndUnamortizedDiscountsOrPremiumsConsumer' xlink:label='loc_UnamortizedLoanCommitmentAndOriginationFeesAndUnamortizedDiscountsOrPremiumsConsumer' xlink:type='locator' />
<link:loc xlink:href='../elts/us-gaap-2011-01-31.xsd#us-gaap_LoansAndLeasesReceivableDeferredIncomeConsumer' xlink:label='loc_LoansAndLeasesReceivableDeferredIncomeConsumer' xlink:type='locator' />
<link:loc xlink:href='../elts/us-gaap-2011-01-31.xsd#us-gaap_LoansAndLeasesReceivableForeignNetOfDeferredIncome' xlink:label='loc_LoansAndLeasesReceivableForeignNetOfDeferredIncome' xlink:type='locator' />
<link:loc xlink:href='../elts/us-gaap-2011-01-31.xsd#us-gaap_LoansAndLeasesReceivableGrossCarryingAmountForeign' xlink:label='loc_LoansAndLeasesReceivableGrossCarryingAmountForeign' xlink:type='locator' />
<link:loc xlink:href='../elts/us-gaap-2011-01-31.xsd#us-gaap_LoansAndLeasesReceivableForeign' xlink:label='loc_LoansAndLeasesReceivableForeign' xlink:type='locator' />
<link:loc xlink:href='../elts/us-gaap-2011-01-31.xsd#us-gaap_UnamortizedLoanCommitmentAndOriginationFeesAndUnamortizedDiscountsOrPremiumsForeign' xlink:label='loc_UnamortizedLoanCommitmentAndOriginationFeesAndUnamortizedDiscountsOrPremiumsForeign' xlink:type='locator' />
<link:loc xlink:href='../elts/us-gaap-2011-01-31.xsd#us-gaap_LoansAndLeasesReceivableDeferredIncomeForeign' xlink:label='loc_LoansAndLeasesReceivableDeferredIncomeForeign' xlink:type='locator' />
<link:loc xlink:href='../elts/us-gaap-2011-01-31.xsd#us-gaap_LoansAndLeasesReceivableOtherNetOfDeferredIncome' xlink:label='loc_LoansAndLeasesReceivableOtherNetOfDeferredIncome' xlink:type='locator' />
<link:loc xlink:href='../elts/us-gaap-2011-01-31.xsd#us-gaap_LoansAndLeasesReceivableGrossCarryingAmountOther' xlink:label='loc_LoansAndLeasesReceivableGrossCarryingAmountOther' xlink:type='locator' />
<link:loc xlink:href='../elts/us-gaap-2011-01-31.xsd#us-gaap_LoansAndLeasesReceivableOther' xlink:label='loc_LoansAndLeasesReceivableOther' xlink:type='locator' />
<link:loc xlink:href='../elts/us-gaap-2011-01-31.xsd#us-gaap_UnamortizedLoanCommitmentAndOriginationFeesAndUnamortizedDiscountsOrPremiumsOther' xlink:label='loc_UnamortizedLoanCommitmentAndOriginationFeesAndUnamortizedDiscountsOrPremiumsOther' xlink:type='locator' />
<link:loc xlink:href='../elts/us-gaap-2011-01-31.xsd#us-gaap_LoansAndLeasesReceivableDeferredIncomeOther' xlink:label='loc_LoansAndLeasesReceivableDeferredIncomeOther' xlink:type='locator' />
<link:loc xlink:href='../elts/us-gaap-2011-01-31.xsd#us-gaap_LoansAndLeasesReceivableGrossCarryingAmount' xlink:label='loc_LoansAndLeasesReceivableGrossCarryingAmount' xlink:type='locator' />
<link:loc xlink:href='../elts/us-gaap-2011-01-31.xsd#us-gaap_LoansReceivableNet' xlink:label='loc_LoansReceivableNet' xlink:type='locator' />
<link:loc xlink:href='../elts/us-gaap-2011-01-31.xsd#us-gaap_LoansAndLeasesReceivableNetReportedAmount' xlink:label='loc_LoansAndLeasesReceivableNetReportedAmount' xlink:type='locator' />
<link:loc xlink:href='../elts/us-gaap-2011-01-31.xsd#us-gaap_LoansReceivableHeldForSaleNet' xlink:label='loc_LoansReceivableHeldForSaleNet' xlink:type='locator' />
<link:loc xlink:href='../elts/us-gaap-2011-01-31.xsd#us-gaap_LoansHeldForSaleMortgages' xlink:label='loc_LoansHeldForSaleMortgages' xlink:type='locator' />
<link:loc xlink:href='../elts/us-gaap-2011-01-31.xsd#us-gaap_LoansHeldForSaleOther' xlink:label='loc_LoansHeldForSaleOther' xlink:type='locator' />
<link:loc xlink:href='../elts/us-gaap-2011-01-31.xsd#us-gaap_LoansHeldForSaleCommercialAndIndustrial' xlink:label='loc_LoansHeldForSaleCommercialAndIndustrial' xlink:type='locator' />
<link:loc xlink:href='../elts/us-gaap-2011-01-31.xsd#us-gaap_LoansHeldForSaleCommercialRealEstate' xlink:label='loc_LoansHeldForSaleCommercialRealEstate' xlink:type='locator' />
<link:loc xlink:href='../elts/us-gaap-2011-01-31.xsd#us-gaap_LoansHeldForSaleConsumerHomeEquity' xlink:label='loc_LoansHeldForSaleConsumerHomeEquity' xlink:type='locator' />
<link:loc xlink:href='../elts/us-gaap-2011-01-31.xsd#us-gaap_LoansHeldForSaleConsumerInstallmentStudent' xlink:label='loc_LoansHeldForSaleConsumerInstallmentStudent' xlink:type='locator' />
<link:loc xlink:href='../elts/us-gaap-2011-01-31.xsd#us-gaap_LoansHeldForSaleConsumerCreditCard' xlink:label='loc_LoansHeldForSaleConsumerCreditCard' xlink:type='locator' />
<link:loc xlink:href='../elts/us-gaap-2011-01-31.xsd#us-gaap_MortgageLoansOnRealEstateCommercialAndConsumerNet' xlink:label='loc_MortgageLoansOnRealEstateCommercialAndConsumerNet' xlink:type='locator' />
<link:loc xlink:href='../elts/us-gaap-2011-01-31.xsd#us-gaap_LoansReceivableCommercialRealEstate' xlink:label='loc_LoansReceivableCommercialRealEstate' xlink:type='locator' />
<link:loc xlink:href='../elts/us-gaap-2011-01-31.xsd#us-gaap_LoansReceivableCommercialMortgage' xlink:label='loc_LoansReceivableCommercialMortgage' xlink:type='locator' />
<link:loc xlink:href='../elts/us-gaap-2011-01-31.xsd#us-gaap_LoansReceivableCommercialAcquisition' xlink:label='loc_LoansReceivableCommercialAcquisition' xlink:type='locator' />
<link:loc xlink:href='../elts/us-gaap-2011-01-31.xsd#us-gaap_LoansReceivableCommercialDevelopment' xlink:label='loc_LoansReceivableCommercialDevelopment' xlink:type='locator' />
<link:loc xlink:href='../elts/us-gaap-2011-01-31.xsd#us-gaap_LoansReceivableCommercialConstruction' xlink:label='loc_LoansReceivableCommercialConstruction' xlink:type='locator' />
<link:loc xlink:href='../elts/us-gaap-2011-01-31.xsd#us-gaap_LoansAndLeasesReceivableConsumerRealEstate' xlink:label='loc_LoansAndLeasesReceivableConsumerRealEstate' xlink:type='locator' />
<link:loc xlink:href='../elts/us-gaap-2011-01-31.xsd#us-gaap_LoansAndLeasesReceivableConsumerMortgage' xlink:label='loc_LoansAndLeasesReceivableConsumerMortgage' xlink:type='locator' />
<link:loc xlink:href='../elts/us-gaap-2011-01-31.xsd#us-gaap_LoansAndLeasesReceivableConsumerHomeEquity' xlink:label='loc_LoansAndLeasesReceivableConsumerHomeEquity' xlink:type='locator' />
<link:loc xlink:href='../elts/us-gaap-2011-01-31.xsd#us-gaap_LoansAndLeasesReceivableConsumerConstruction' xlink:label='loc_LoansAndLeasesReceivableConsumerConstruction' xlink:type='locator' />
<link:loc xlink:href='../elts/us-gaap-2011-01-31.xsd#us-gaap_AllowanceForLoanAndLeaseLossesRealEstate' xlink:label='loc_AllowanceForLoanAndLeaseLossesRealEstate' xlink:type='locator' />
<calculationArc order='10' weight='1.0' xlink:arcrole='http://www.xbrl.org/2003/arcrole/summation-item' xlink:from='loc_LoansAndLeasesReceivableNetOfDeferredIncome' xlink:to='loc_LoansAndLeasesReceivableCommercialNetOfDeferredIncome' xlink:type='arc' />
<calculationArc order='10' weight='1.0' xlink:arcrole='http://www.xbrl.org/2003/arcrole/summation-item' xlink:from='loc_LoansAndLeasesReceivableCommercialNetOfDeferredIncome' xlink:to='loc_LoansAndLeasesReceivableGrossCarryingAmountCommercial' xlink:type='arc' />
<calculationArc order='10' weight='1.0' xlink:arcrole='http://www.xbrl.org/2003/arcrole/summation-item' xlink:from='loc_LoansAndLeasesReceivableGrossCarryingAmountCommercial' xlink:to='loc_LoansAndLeasesReceivableCommercial' xlink:type='arc' />
<calculationArc order='20' weight='1.0' xlink:arcrole='http://www.xbrl.org/2003/arcrole/summation-item' xlink:from='loc_LoansAndLeasesReceivableGrossCarryingAmountCommercial' xlink:to='loc_UnamortizedLoanCommitmentAndOriginationFeesAndUnamortizedDiscountsOrPremiumsCommercial' xlink:type='arc' />
<calculationArc order='20' weight='-1.0' xlink:arcrole='http://www.xbrl.org/2003/arcrole/summation-item' xlink:from='loc_LoansAndLeasesReceivableCommercialNetOfDeferredIncome' xlink:to='loc_LoansAndLeasesReceivableDeferredIncomeCommercial' xlink:type='arc' />
<calculationArc order='20' weight='1.0' xlink:arcrole='http://www.xbrl.org/2003/arcrole/summation-item' xlink:from='loc_LoansAndLeasesReceivableNetOfDeferredIncome' xlink:to='loc_LoansAndLeasesReceivableConsumerNetOfDeferredIncome' xlink:type='arc' />
<calculationArc order='10' weight='1.0' xlink:arcrole='http://www.xbrl.org/2003/arcrole/summation-item' xlink:from='loc_LoansAndLeasesReceivableConsumerNetOfDeferredIncome' xlink:to='loc_LoansAndLeasesReceivableGrossCarryingAmountConsumer' xlink:type='arc' />
<calculationArc order='10' weight='1.0' xlink:arcrole='http://www.xbrl.org/2003/arcrole/summation-item' xlink:from='loc_LoansAndLeasesReceivableGrossCarryingAmountConsumer' xlink:to='loc_LoansAndLeasesReceivableConsumer' xlink:type='arc' />
<calculationArc order='20' weight='1.0' xlink:arcrole='http://www.xbrl.org/2003/arcrole/summation-item' xlink:from='loc_LoansAndLeasesReceivableGrossCarryingAmountConsumer' xlink:to='loc_UnamortizedLoanCommitmentAndOriginationFeesAndUnamortizedDiscountsOrPremiumsConsumer' xlink:type='arc' />
<calculationArc order='20' weight='-1.0' xlink:arcrole='http://www.xbrl.org/2003/arcrole/summation-item' xlink:from='loc_LoansAndLeasesReceivableConsumerNetOfDeferredIncome' xlink:to='loc_LoansAndLeasesReceivableDeferredIncomeConsumer' xlink:type='arc' />
<calculationArc order='30' weight='1.0' xlink:arcrole='http://www.xbrl.org/2003/arcrole/summation-item' xlink:from='loc_LoansAndLeasesReceivableNetOfDeferredIncome' xlink:to='loc_LoansAndLeasesReceivableForeignNetOfDeferredIncome' xlink:type='arc' />
<calculationArc order='10' weight='1.0' xlink:arcrole='http://www.xbrl.org/2003/arcrole/summation-item' xlink:from='loc_LoansAndLeasesReceivableForeignNetOfDeferredIncome' xlink:to='loc_LoansAndLeasesReceivableGrossCarryingAmountForeign' xlink:type='arc' />
<calculationArc order='10' weight='1.0' xlink:arcrole='http://www.xbrl.org/2003/arcrole/summation-item' xlink:from='loc_LoansAndLeasesReceivableGrossCarryingAmountForeign' xlink:to='loc_LoansAndLeasesReceivableForeign' xlink:type='arc' />
<calculationArc order='20' weight='1.0' xlink:arcrole='http://www.xbrl.org/2003/arcrole/summation-item' xlink:from='loc_LoansAndLeasesReceivableGrossCarryingAmountForeign' xlink:to='loc_UnamortizedLoanCommitmentAndOriginationFeesAndUnamortizedDiscountsOrPremiumsForeign' xlink:type='arc' />
<calculationArc order='20' weight='-1.0' xlink:arcrole='http://www.xbrl.org/2003/arcrole/summation-item' xlink:from='loc_LoansAndLeasesReceivableForeignNetOfDeferredIncome' xlink:to='loc_LoansAndLeasesReceivableDeferredIncomeForeign' xlink:type='arc' />
<calculationArc order='40' weight='1.0' xlink:arcrole='http://www.xbrl.org/2003/arcrole/summation-item' xlink:from='loc_LoansAndLeasesReceivableNetOfDeferredIncome' xlink:to='loc_LoansAndLeasesReceivableOtherNetOfDeferredIncome' xlink:type='arc' />
<calculationArc order='10' weight='1.0' xlink:arcrole='http://www.xbrl.org/2003/arcrole/summation-item' xlink:from='loc_LoansAndLeasesReceivableOtherNetOfDeferredIncome' xlink:to='loc_LoansAndLeasesReceivableGrossCarryingAmountOther' xlink:type='arc' />
<calculationArc order='10' weight='1.0' xlink:arcrole='http://www.xbrl.org/2003/arcrole/summation-item' xlink:from='loc_LoansAndLeasesReceivableGrossCarryingAmountOther' xlink:to='loc_LoansAndLeasesReceivableOther' xlink:type='arc' />
<calculationArc order='20' weight='1.0' xlink:arcrole='http://www.xbrl.org/2003/arcrole/summation-item' xlink:from='loc_LoansAndLeasesReceivableGrossCarryingAmountOther' xlink:to='loc_UnamortizedLoanCommitmentAndOriginationFeesAndUnamortizedDiscountsOrPremiumsOther' xlink:type='arc' />
<calculationArc order='20' weight='-1.0' xlink:arcrole='http://www.xbrl.org/2003/arcrole/summation-item' xlink:from='loc_LoansAndLeasesReceivableOtherNetOfDeferredIncome' xlink:to='loc_LoansAndLeasesReceivableDeferredIncomeOther' xlink:type='arc' />
<calculationArc order='10' weight='1.0' xlink:arcrole='http://www.xbrl.org/2003/arcrole/summation-item' xlink:from='loc_LoansAndLeasesReceivableGrossCarryingAmount' xlink:to='loc_LoansAndLeasesReceivableGrossCarryingAmountCommercial' xlink:type='arc' />
<calculationArc order='20' weight='1.0' xlink:arcrole='http://www.xbrl.org/2003/arcrole/summation-item' xlink:from='loc_LoansAndLeasesReceivableGrossCarryingAmount' xlink:to='loc_LoansAndLeasesReceivableGrossCarryingAmountConsumer' xlink:type='arc' />
<calculationArc order='30' weight='1.0' xlink:arcrole='http://www.xbrl.org/2003/arcrole/summation-item' xlink:from='loc_LoansAndLeasesReceivableGrossCarryingAmount' xlink:to='loc_LoansAndLeasesReceivableGrossCarryingAmountForeign' xlink:type='arc' />
<calculationArc order='40' weight='1.0' xlink:arcrole='http://www.xbrl.org/2003/arcrole/summation-item' xlink:from='loc_LoansAndLeasesReceivableGrossCarryingAmount' xlink:to='loc_LoansAndLeasesReceivableGrossCarryingAmountOther' xlink:type='arc' />
<calculationArc order='10' weight='1.0' xlink:arcrole='http://www.xbrl.org/2003/arcrole/summation-item' xlink:from='loc_LoansReceivableNet' xlink:to='loc_LoansAndLeasesReceivableNetReportedAmount' xlink:type='arc' />
<calculationArc order='20' weight='1.0' xlink:arcrole='http://www.xbrl.org/2003/arcrole/summation-item' xlink:from='loc_LoansReceivableNet' xlink:to='loc_LoansReceivableHeldForSaleNet' xlink:type='arc' />
<calculationArc order='10' weight='1.0' xlink:arcrole='http://www.xbrl.org/2003/arcrole/summation-item' xlink:from='loc_LoansReceivableHeldForSaleNet' xlink:to='loc_LoansHeldForSaleMortgages' xlink:type='arc' />
<calculationArc order='20' weight='1.0' xlink:arcrole='http://www.xbrl.org/2003/arcrole/summation-item' xlink:from='loc_LoansReceivableHeldForSaleNet' xlink:to='loc_LoansHeldForSaleOther' xlink:type='arc' />
<calculationArc order='30' weight='1.0' xlink:arcrole='http://www.xbrl.org/2003/arcrole/summation-item' xlink:from='loc_LoansReceivableHeldForSaleNet' xlink:to='loc_LoansHeldForSaleCommercialAndIndustrial' xlink:type='arc' />
<calculationArc order='40' weight='1.0' xlink:arcrole='http://www.xbrl.org/2003/arcrole/summation-item' xlink:from='loc_LoansReceivableHeldForSaleNet' xlink:to='loc_LoansHeldForSaleCommercialRealEstate' xlink:type='arc' />
<calculationArc order='50' weight='1.0' xlink:arcrole='http://www.xbrl.org/2003/arcrole/summation-item' xlink:from='loc_LoansReceivableHeldForSaleNet' xlink:to='loc_LoansHeldForSaleConsumerHomeEquity' xlink:type='arc' />
<calculationArc order='60' weight='1.0' xlink:arcrole='http://www.xbrl.org/2003/arcrole/summation-item' xlink:from='loc_LoansReceivableHeldForSaleNet' xlink:to='loc_LoansHeldForSaleConsumerInstallmentStudent' xlink:type='arc' />
<calculationArc order='70' weight='1.0' xlink:arcrole='http://www.xbrl.org/2003/arcrole/summation-item' xlink:from='loc_LoansReceivableHeldForSaleNet' xlink:to='loc_LoansHeldForSaleConsumerCreditCard' xlink:type='arc' />
<calculationArc order='10' weight='1.0' xlink:arcrole='http://www.xbrl.org/2003/arcrole/summation-item' xlink:from='loc_MortgageLoansOnRealEstateCommercialAndConsumerNet' xlink:to='loc_LoansReceivableCommercialRealEstate' xlink:type='arc' />
<calculationArc order='10' weight='1.0' xlink:arcrole='http://www.xbrl.org/2003/arcrole/summation-item' xlink:from='loc_LoansReceivableCommercialRealEstate' xlink:to='loc_LoansReceivableCommercialMortgage' xlink:type='arc' />
<calculationArc order='20' weight='1.0' xlink:arcrole='http://www.xbrl.org/2003/arcrole/summation-item' xlink:from='loc_LoansReceivableCommercialRealEstate' xlink:to='loc_LoansReceivableCommercialAcquisition' xlink:type='arc' />
<calculationArc order='30' weight='1.0' xlink:arcrole='http://www.xbrl.org/2003/arcrole/summation-item' xlink:from='loc_LoansReceivableCommercialRealEstate' xlink:to='loc_LoansReceivableCommercialDevelopment' xlink:type='arc' />
<calculationArc order='40' weight='1.0' xlink:arcrole='http://www.xbrl.org/2003/arcrole/summation-item' xlink:from='loc_LoansReceivableCommercialRealEstate' xlink:to='loc_LoansReceivableCommercialConstruction' xlink:type='arc' />
<calculationArc order='20' weight='1.0' xlink:arcrole='http://www.xbrl.org/2003/arcrole/summation-item' xlink:from='loc_MortgageLoansOnRealEstateCommercialAndConsumerNet' xlink:to='loc_LoansAndLeasesReceivableConsumerRealEstate' xlink:type='arc' />
<calculationArc order='10' weight='1.0' xlink:arcrole='http://www.xbrl.org/2003/arcrole/summation-item' xlink:from='loc_LoansAndLeasesReceivableConsumerRealEstate' xlink:to='loc_LoansAndLeasesReceivableConsumerMortgage' xlink:type='arc' />
<calculationArc order='20' weight='1.0' xlink:arcrole='http://www.xbrl.org/2003/arcrole/summation-item' xlink:from='loc_LoansAndLeasesReceivableConsumerRealEstate' xlink:to='loc_LoansAndLeasesReceivableConsumerHomeEquity' xlink:type='arc' />
<calculationArc order='30' weight='1.0' xlink:arcrole='http://www.xbrl.org/2003/arcrole/summation-item' xlink:from='loc_LoansAndLeasesReceivableConsumerRealEstate' xlink:to='loc_LoansAndLeasesReceivableConsumerConstruction' xlink:type='arc' />
<calculationArc order='30' weight='-1.0' xlink:arcrole='http://www.xbrl.org/2003/arcrole/summation-item' xlink:from='loc_MortgageLoansOnRealEstateCommercialAndConsumerNet' xlink:to='loc_AllowanceForLoanAndLeaseLossesRealEstate' xlink:type='arc' />
</calculationLink>
</link:linkbase>
