<?xml version="1.0" encoding="UTF-8" standalone="no"?>

<!--
(c) XBRL US, Inc. 2007-2010; Financial Accounting Foundation, Inc. 2010-2011.  All Rights Reserved.
Notice: Authorized Uses are Set Forth at http://xbrl.fasb.org/terms/TaxonomiesTermsConditions.html
  -->
<link:linkbase xmlns:link='http://www.xbrl.org/2003/linkbase' xmlns:xbrldt='http://xbrl.org/2005/xbrldt' xmlns:xlink='http://www.w3.org/1999/xlink' xmlns:xsi='http://www.w3.org/2001/XMLSchema-instance' xsi:schemaLocation='http://www.xbrl.org/2003/linkbase http://www.xbrl.org/2003/xbrl-linkbase-2003-12-31.xsd'>
<link:roleRef roleURI='http://fasb.org/us-gaap/role/disclosure/AccountingChangesAndErrorCorrectionsScheduleOfChangeInAccountingEstimateTable' xlink:href='../elts/us-roles-2011-01-31.xsd#AccountingChangesAndErrorCorrectionsScheduleOfChangeInAccountingEstimateTable' xlink:type='simple' />
<link:roleRef roleURI='http://fasb.org/us-gaap/role/disclosure/AccountingChangesAndErrorCorrectionsScheduleOfErrorCorrectionsAndPriorPeriodAdjustmentRestatementTable' xlink:href='../elts/us-roles-2011-01-31.xsd#AccountingChangesAndErrorCorrectionsScheduleOfErrorCorrectionsAndPriorPeriodAdjustmentRestatementTable' xlink:type='simple' />
<link:roleRef roleURI='http://fasb.org/us-gaap/role/disclosure/AccountingChangesAndErrorCorrectionsNewAccountingPronouncementsOrChangeInAccountingPrincipleTable' xlink:href='../elts/us-roles-2011-01-31.xsd#AccountingChangesAndErrorCorrectionsNewAccountingPronouncementsOrChangeInAccountingPrincipleTable' xlink:type='simple' />
<link:roleRef roleURI='http://fasb.org/us-gaap/role/disclosure/AccountingChangesAndErrorCorrectionsScheduleOfQuantifyingPriorYearMisstatementCorrectedInCurrentYearFinancialStatementsTable' xlink:href='../elts/us-roles-2011-01-31.xsd#AccountingChangesAndErrorCorrectionsScheduleOfQuantifyingPriorYearMisstatementCorrectedInCurrentYearFinancialStatementsTable' xlink:type='simple' />
<link:roleRef roleURI='http://fasb.org/us-gaap/role/disclosure/AccountingChangesAndErrorCorrectionsNewAccountingPronouncementEarlyAdoptionTable' xlink:href='../elts/us-roles-2011-01-31.xsd#AccountingChangesAndErrorCorrectionsNewAccountingPronouncementEarlyAdoptionTable' xlink:type='simple' />
<link:roleRef roleURI='http://fasb.org/us-gaap/role/disclosure/AccountingChangesAndErrorCorrectionsProspectiveAdoptionOfNewAccountingPronouncementsTable' xlink:href='../elts/us-roles-2011-01-31.xsd#AccountingChangesAndErrorCorrectionsProspectiveAdoptionOfNewAccountingPronouncementsTable' xlink:type='simple' />
<link:arcroleRef arcroleURI='http://xbrl.org/int/dim/arcrole/all' xlink:href='http://www.xbrl.org/2005/xbrldt-2005.xsd#all' xlink:type='simple' />
<link:arcroleRef arcroleURI='http://xbrl.org/int/dim/arcrole/hypercube-dimension' xlink:href='http://www.xbrl.org/2005/xbrldt-2005.xsd#hypercube-dimension' xlink:type='simple' />
<link:arcroleRef arcroleURI='http://xbrl.org/int/dim/arcrole/dimension-domain' xlink:href='http://www.xbrl.org/2005/xbrldt-2005.xsd#dimension-domain' xlink:type='simple' />
<link:arcroleRef arcroleURI='http://xbrl.org/int/dim/arcrole/dimension-default' xlink:href='http://www.xbrl.org/2005/xbrldt-2005.xsd#dimension-default' xlink:type='simple' />
<link:arcroleRef arcroleURI='http://xbrl.org/int/dim/arcrole/domain-member' xlink:href='http://www.xbrl.org/2005/xbrldt-2005.xsd#domain-member' xlink:type='simple' />
<!--Definition relationships for table ScheduleOfChangeInAccountingEstimateTable in presentation http://fasb.org/us-gaap/role/disclosure/AccountingChangesAndErrorCorrections-->
<link:definitionLink xlink:role='http://fasb.org/us-gaap/role/disclosure/AccountingChangesAndErrorCorrectionsScheduleOfChangeInAccountingEstimateTable' xlink:type='extended'>
<link:loc xlink:href='../elts/us-gaap-2011-01-31.xsd#us-gaap_ScheduleOfChangeInAccountingEstimateTable' xlink:label='loc_ScheduleOfChangeInAccountingEstimateTable' xlink:type='locator' />
<link:loc xlink:href='../elts/us-gaap-2011-01-31.xsd#us-gaap_ChangeInAccountingEstimateLineItems' xlink:label='loc_ChangeInAccountingEstimateLineItems' xlink:type='locator' />
<link:definitionArc order='1.0' xbrldt:closed='true' xbrldt:contextElement='segment' xlink:arcrole='http://xbrl.org/int/dim/arcrole/all' xlink:from='loc_ChangeInAccountingEstimateLineItems' xlink:to='loc_ScheduleOfChangeInAccountingEstimateTable' xlink:type='arc' />
</link:definitionLink>
<link:definitionLink xlink:role='http://fasb.org/us-gaap/role/disclosure/AccountingChangesAndErrorCorrectionsScheduleOfChangeInAccountingEstimateTable' xlink:type='extended'>
<link:loc xlink:href='../elts/us-gaap-2011-01-31.xsd#us-gaap_ScheduleOfChangeInAccountingEstimateTable' xlink:label='loc_ScheduleOfChangeInAccountingEstimateTable' xlink:type='locator' />
<link:loc xlink:href='../elts/us-gaap-2011-01-31.xsd#us-gaap_ChangeInAccountingEstimateByTypeAxis' xlink:label='loc_ChangeInAccountingEstimateByTypeAxis' xlink:type='locator' />
<link:definitionArc order='1.0' xlink:arcrole='http://xbrl.org/int/dim/arcrole/hypercube-dimension' xlink:from='loc_ScheduleOfChangeInAccountingEstimateTable' xlink:to='loc_ChangeInAccountingEstimateByTypeAxis' xlink:type='arc' />
</link:definitionLink>
<link:definitionLink xlink:role='http://fasb.org/us-gaap/role/disclosure/AccountingChangesAndErrorCorrectionsScheduleOfChangeInAccountingEstimateTable' xlink:type='extended'>
<link:loc xlink:href='../elts/us-gaap-2011-01-31.xsd#us-gaap_ChangeInAccountingEstimateByTypeAxis' xlink:label='loc_ChangeInAccountingEstimateByTypeAxis' xlink:type='locator' />
<link:loc xlink:href='../elts/us-gaap-2011-01-31.xsd#us-gaap_ChangeInAccountingEstimateTypeDomain' xlink:label='loc_ChangeInAccountingEstimateTypeDomain' xlink:type='locator' />
<link:definitionArc order='1.0' xlink:arcrole='http://xbrl.org/int/dim/arcrole/dimension-domain' xlink:from='loc_ChangeInAccountingEstimateByTypeAxis' xlink:to='loc_ChangeInAccountingEstimateTypeDomain' xlink:type='arc' />
</link:definitionLink>
<link:definitionLink xlink:role='http://fasb.org/us-gaap/role/disclosure/AccountingChangesAndErrorCorrectionsScheduleOfChangeInAccountingEstimateTable' xlink:type='extended'>
<link:loc xlink:href='../elts/us-gaap-2011-01-31.xsd#us-gaap_ChangeInAccountingEstimateByTypeAxis' xlink:label='loc_ChangeInAccountingEstimateByTypeAxis' xlink:type='locator' />
<link:loc xlink:href='../elts/us-gaap-2011-01-31.xsd#us-gaap_ChangeInAccountingEstimateTypeDomain' xlink:label='loc_ChangeInAccountingEstimateTypeDomain' xlink:type='locator' />
<link:definitionArc order='1.0' xlink:arcrole='http://xbrl.org/int/dim/arcrole/dimension-default' xlink:from='loc_ChangeInAccountingEstimateByTypeAxis' xlink:to='loc_ChangeInAccountingEstimateTypeDomain' xlink:type='arc' />
</link:definitionLink>
<link:definitionLink xlink:role='http://fasb.org/us-gaap/role/disclosure/AccountingChangesAndErrorCorrectionsScheduleOfChangeInAccountingEstimateTable' xlink:type='extended'>
<link:loc xlink:href='../elts/us-gaap-2011-01-31.xsd#us-gaap_ChangeInAccountingEstimateLineItems' xlink:label='loc_ChangeInAccountingEstimateLineItems' xlink:type='locator' />
<link:loc xlink:href='../elts/us-gaap-2011-01-31.xsd#us-gaap_ChangeInAccountingEstimateFinancialEffect' xlink:label='loc_ChangeInAccountingEstimateFinancialEffect' xlink:type='locator' />
<link:loc xlink:href='../elts/us-gaap-2011-01-31.xsd#us-gaap_ChangeInAccountingEstimateDescription' xlink:label='loc_ChangeInAccountingEstimateDescription' xlink:type='locator' />
<link:definitionArc order='1.0' xlink:arcrole='http://xbrl.org/int/dim/arcrole/domain-member' xlink:from='loc_ChangeInAccountingEstimateLineItems' xlink:to='loc_ChangeInAccountingEstimateFinancialEffect' xlink:type='arc' />
<link:definitionArc order='2.0' xlink:arcrole='http://xbrl.org/int/dim/arcrole/domain-member' xlink:from='loc_ChangeInAccountingEstimateLineItems' xlink:to='loc_ChangeInAccountingEstimateDescription' xlink:type='arc' />
</link:definitionLink>
<link:definitionLink xlink:role='http://fasb.org/us-gaap/role/disclosure/AccountingChangesAndErrorCorrectionsScheduleOfChangeInAccountingEstimateTable' xlink:type='extended'>
<link:loc xlink:href='../elts/us-gaap-2011-01-31.xsd#us-gaap_ChangeInAccountingEstimateTypeDomain' xlink:label='loc_ChangeInAccountingEstimateTypeDomain' xlink:type='locator' />
<link:loc xlink:href='../elts/us-gaap-2011-01-31.xsd#us-gaap_DepreciableAssetsMember' xlink:label='loc_DepreciableAssetsMember' xlink:type='locator' />
<link:loc xlink:href='../elts/us-gaap-2011-01-31.xsd#us-gaap_ServiceLifeMember' xlink:label='loc_ServiceLifeMember' xlink:type='locator' />
<link:loc xlink:href='../elts/us-gaap-2011-01-31.xsd#us-gaap_SalvageValueMember' xlink:label='loc_SalvageValueMember' xlink:type='locator' />
<link:loc xlink:href='../elts/us-gaap-2011-01-31.xsd#us-gaap_IntangibleAssetsAmortizationPeriodMember' xlink:label='loc_IntangibleAssetsAmortizationPeriodMember' xlink:type='locator' />
<link:loc xlink:href='../elts/us-gaap-2011-01-31.xsd#us-gaap_WarrantyObligationsMember' xlink:label='loc_WarrantyObligationsMember' xlink:type='locator' />
<link:loc xlink:href='../elts/us-gaap-2011-01-31.xsd#us-gaap_InventoryValuationAndObsolescenceMember' xlink:label='loc_InventoryValuationAndObsolescenceMember' xlink:type='locator' />
<link:loc xlink:href='../elts/us-gaap-2011-01-31.xsd#us-gaap_UncollectibleReceivablesMember' xlink:label='loc_UncollectibleReceivablesMember' xlink:type='locator' />
<link:loc xlink:href='../elts/us-gaap-2011-01-31.xsd#us-gaap_ContractsAccountedForUnderPercentageOfCompletionMember' xlink:label='loc_ContractsAccountedForUnderPercentageOfCompletionMember' xlink:type='locator' />
<link:loc xlink:href='../elts/us-gaap-2011-01-31.xsd#us-gaap_PurchasePriceAllocationAdjustmentsMember' xlink:label='loc_PurchasePriceAllocationAdjustmentsMember' xlink:type='locator' />
<link:loc xlink:href='../elts/us-gaap-2011-01-31.xsd#us-gaap_ChangeInAssumptionsForPensionPlansMember' xlink:label='loc_ChangeInAssumptionsForPensionPlansMember' xlink:type='locator' />
<link:loc xlink:href='../elts/us-gaap-2011-01-31.xsd#us-gaap_ChangeInAccountingMethodAccountedForAsChangeInEstimateMember' xlink:label='loc_ChangeInAccountingMethodAccountedForAsChangeInEstimateMember' xlink:type='locator' />
<link:loc xlink:href='../elts/us-gaap-2011-01-31.xsd#us-gaap_SalesReturnsAndAllowancesMember' xlink:label='loc_SalesReturnsAndAllowancesMember' xlink:type='locator' />
<link:loc xlink:href='../elts/us-gaap-2011-01-31.xsd#us-gaap_RegulatoryReviewsOfFilingsMember' xlink:label='loc_RegulatoryReviewsOfFilingsMember' xlink:type='locator' />
<link:loc xlink:href='../elts/us-gaap-2011-01-31.xsd#us-gaap_DisputesMember' xlink:label='loc_DisputesMember' xlink:type='locator' />
<link:definitionArc order='1.0' xlink:arcrole='http://xbrl.org/int/dim/arcrole/domain-member' xlink:from='loc_ChangeInAccountingEstimateTypeDomain' xlink:to='loc_DepreciableAssetsMember' xlink:type='arc' />
<link:definitionArc order='2.0' xlink:arcrole='http://xbrl.org/int/dim/arcrole/domain-member' xlink:from='loc_DepreciableAssetsMember' xlink:to='loc_ServiceLifeMember' xlink:type='arc' />
<link:definitionArc order='3.0' xlink:arcrole='http://xbrl.org/int/dim/arcrole/domain-member' xlink:from='loc_DepreciableAssetsMember' xlink:to='loc_SalvageValueMember' xlink:type='arc' />
<link:definitionArc order='4.0' xlink:arcrole='http://xbrl.org/int/dim/arcrole/domain-member' xlink:from='loc_ChangeInAccountingEstimateTypeDomain' xlink:to='loc_IntangibleAssetsAmortizationPeriodMember' xlink:type='arc' />
<link:definitionArc order='5.0' xlink:arcrole='http://xbrl.org/int/dim/arcrole/domain-member' xlink:from='loc_ChangeInAccountingEstimateTypeDomain' xlink:to='loc_WarrantyObligationsMember' xlink:type='arc' />
<link:definitionArc order='6.0' xlink:arcrole='http://xbrl.org/int/dim/arcrole/domain-member' xlink:from='loc_ChangeInAccountingEstimateTypeDomain' xlink:to='loc_InventoryValuationAndObsolescenceMember' xlink:type='arc' />
<link:definitionArc order='7.0' xlink:arcrole='http://xbrl.org/int/dim/arcrole/domain-member' xlink:from='loc_ChangeInAccountingEstimateTypeDomain' xlink:to='loc_UncollectibleReceivablesMember' xlink:type='arc' />
<link:definitionArc order='8.0' xlink:arcrole='http://xbrl.org/int/dim/arcrole/domain-member' xlink:from='loc_ChangeInAccountingEstimateTypeDomain' xlink:to='loc_ContractsAccountedForUnderPercentageOfCompletionMember' xlink:type='arc' />
<link:definitionArc order='9.0' xlink:arcrole='http://xbrl.org/int/dim/arcrole/domain-member' xlink:from='loc_ChangeInAccountingEstimateTypeDomain' xlink:to='loc_PurchasePriceAllocationAdjustmentsMember' xlink:type='arc' />
<link:definitionArc order='10.0' xlink:arcrole='http://xbrl.org/int/dim/arcrole/domain-member' xlink:from='loc_ChangeInAccountingEstimateTypeDomain' xlink:to='loc_ChangeInAssumptionsForPensionPlansMember' xlink:type='arc' />
<link:definitionArc order='11.0' xlink:arcrole='http://xbrl.org/int/dim/arcrole/domain-member' xlink:from='loc_ChangeInAccountingEstimateTypeDomain' xlink:to='loc_ChangeInAccountingMethodAccountedForAsChangeInEstimateMember' xlink:type='arc' />
<link:definitionArc order='12.0' xlink:arcrole='http://xbrl.org/int/dim/arcrole/domain-member' xlink:from='loc_ChangeInAccountingEstimateTypeDomain' xlink:to='loc_SalesReturnsAndAllowancesMember' xlink:type='arc' />
<link:definitionArc order='13.0' xlink:arcrole='http://xbrl.org/int/dim/arcrole/domain-member' xlink:from='loc_ChangeInAccountingEstimateTypeDomain' xlink:to='loc_RegulatoryReviewsOfFilingsMember' xlink:type='arc' />
<link:definitionArc order='14.0' xlink:arcrole='http://xbrl.org/int/dim/arcrole/domain-member' xlink:from='loc_ChangeInAccountingEstimateTypeDomain' xlink:to='loc_DisputesMember' xlink:type='arc' />
</link:definitionLink>
<!--Definition relationships for table NewAccountingPronouncementsOrChangeInAccountingPrincipleTable in presentation http://fasb.org/us-gaap/role/disclosure/AccountingChangesAndErrorCorrections-->
<link:definitionLink xlink:role='http://fasb.org/us-gaap/role/disclosure/AccountingChangesAndErrorCorrectionsNewAccountingPronouncementsOrChangeInAccountingPrincipleTable' xlink:type='extended'>
<link:loc xlink:href='../elts/us-gaap-2011-01-31.xsd#us-gaap_NewAccountingPronouncementsOrChangeInAccountingPrincipleTable' xlink:label='loc_NewAccountingPronouncementsOrChangeInAccountingPrincipleTable' xlink:type='locator' />
<link:loc xlink:href='../elts/us-gaap-2011-01-31.xsd#us-gaap_NewAccountingPronouncementsOrChangeInAccountingPrincipleLineItems' xlink:label='loc_NewAccountingPronouncementsOrChangeInAccountingPrincipleLineItems' xlink:type='locator' />
<link:definitionArc order='1.0' xbrldt:closed='true' xbrldt:contextElement='segment' xlink:arcrole='http://xbrl.org/int/dim/arcrole/all' xlink:from='loc_NewAccountingPronouncementsOrChangeInAccountingPrincipleLineItems' xlink:to='loc_NewAccountingPronouncementsOrChangeInAccountingPrincipleTable' xlink:type='arc' />
</link:definitionLink>
<link:definitionLink xlink:role='http://fasb.org/us-gaap/role/disclosure/AccountingChangesAndErrorCorrectionsNewAccountingPronouncementsOrChangeInAccountingPrincipleTable' xlink:type='extended'>
<link:loc xlink:href='../elts/us-gaap-2011-01-31.xsd#us-gaap_NewAccountingPronouncementsOrChangeInAccountingPrincipleTable' xlink:label='loc_NewAccountingPronouncementsOrChangeInAccountingPrincipleTable' xlink:type='locator' />
<link:loc xlink:href='../elts/us-gaap-2011-01-31.xsd#us-gaap_AdjustmentsForNewAccountingPronouncementsAxis' xlink:label='loc_AdjustmentsForNewAccountingPronouncementsAxis' xlink:type='locator' />
<link:loc xlink:href='../elts/us-gaap-2011-01-31.xsd#us-gaap_AdjustmentsForChangeInAccountingPrincipleAxis' xlink:label='loc_AdjustmentsForChangeInAccountingPrincipleAxis' xlink:type='locator' />
<link:definitionArc order='1.0' xlink:arcrole='http://xbrl.org/int/dim/arcrole/hypercube-dimension' xlink:from='loc_NewAccountingPronouncementsOrChangeInAccountingPrincipleTable' xlink:to='loc_AdjustmentsForNewAccountingPronouncementsAxis' xlink:type='arc' />
<link:definitionArc order='2.0' xlink:arcrole='http://xbrl.org/int/dim/arcrole/hypercube-dimension' xlink:from='loc_NewAccountingPronouncementsOrChangeInAccountingPrincipleTable' xlink:to='loc_AdjustmentsForChangeInAccountingPrincipleAxis' xlink:type='arc' />
</link:definitionLink>
<link:definitionLink xlink:role='http://fasb.org/us-gaap/role/disclosure/AccountingChangesAndErrorCorrectionsNewAccountingPronouncementsOrChangeInAccountingPrincipleTable' xlink:type='extended'>
<link:loc xlink:href='../elts/us-gaap-2011-01-31.xsd#us-gaap_AdjustmentsForNewAccountingPronouncementsAxis' xlink:label='loc_AdjustmentsForNewAccountingPronouncementsAxis' xlink:type='locator' />
<link:loc xlink:href='../elts/us-gaap-2011-01-31.xsd#us-gaap_TypeOfAdoptionMember' xlink:label='loc_TypeOfAdoptionMember' xlink:type='locator' />
<link:loc xlink:href='../elts/us-gaap-2011-01-31.xsd#us-gaap_AdjustmentsForChangeInAccountingPrincipleAxis' xlink:label='loc_AdjustmentsForChangeInAccountingPrincipleAxis' xlink:type='locator' />
<link:loc xlink:href='../elts/us-gaap-2011-01-31.xsd#us-gaap_ChangeInAccountingPrincipleMember' xlink:label='loc_ChangeInAccountingPrincipleMember' xlink:type='locator' />
<link:definitionArc order='1.0' xlink:arcrole='http://xbrl.org/int/dim/arcrole/dimension-domain' xlink:from='loc_AdjustmentsForNewAccountingPronouncementsAxis' xlink:to='loc_TypeOfAdoptionMember' xlink:type='arc' />
<link:definitionArc order='2.0' xlink:arcrole='http://xbrl.org/int/dim/arcrole/dimension-domain' xlink:from='loc_AdjustmentsForChangeInAccountingPrincipleAxis' xlink:to='loc_ChangeInAccountingPrincipleMember' xlink:type='arc' />
</link:definitionLink>
<link:definitionLink xlink:role='http://fasb.org/us-gaap/role/disclosure/AccountingChangesAndErrorCorrectionsNewAccountingPronouncementsOrChangeInAccountingPrincipleTable' xlink:type='extended'>
<link:loc xlink:href='../elts/us-gaap-2011-01-31.xsd#us-gaap_AdjustmentsForNewAccountingPronouncementsAxis' xlink:label='loc_AdjustmentsForNewAccountingPronouncementsAxis' xlink:type='locator' />
<link:loc xlink:href='../elts/us-gaap-2011-01-31.xsd#us-gaap_TypeOfAdoptionMember' xlink:label='loc_TypeOfAdoptionMember' xlink:type='locator' />
<link:loc xlink:href='../elts/us-gaap-2011-01-31.xsd#us-gaap_AdjustmentsForChangeInAccountingPrincipleAxis' xlink:label='loc_AdjustmentsForChangeInAccountingPrincipleAxis' xlink:type='locator' />
<link:loc xlink:href='../elts/us-gaap-2011-01-31.xsd#us-gaap_ChangeInAccountingPrincipleMember' xlink:label='loc_ChangeInAccountingPrincipleMember' xlink:type='locator' />
<link:definitionArc order='1.0' xlink:arcrole='http://xbrl.org/int/dim/arcrole/dimension-default' xlink:from='loc_AdjustmentsForNewAccountingPronouncementsAxis' xlink:to='loc_TypeOfAdoptionMember' xlink:type='arc' />
<link:definitionArc order='2.0' xlink:arcrole='http://xbrl.org/int/dim/arcrole/dimension-default' xlink:from='loc_AdjustmentsForChangeInAccountingPrincipleAxis' xlink:to='loc_ChangeInAccountingPrincipleMember' xlink:type='arc' />
</link:definitionLink>
<link:definitionLink xlink:role='http://fasb.org/us-gaap/role/disclosure/AccountingChangesAndErrorCorrectionsNewAccountingPronouncementsOrChangeInAccountingPrincipleTable' xlink:type='extended'>
<link:loc xlink:href='../elts/us-gaap-2011-01-31.xsd#us-gaap_NewAccountingPronouncementsOrChangeInAccountingPrincipleLineItems' xlink:label='loc_NewAccountingPronouncementsOrChangeInAccountingPrincipleLineItems' xlink:type='locator' />
<link:loc xlink:href='../elts/us-gaap-2011-01-31.xsd#us-gaap_NewAccountingPronouncementOrChangeInAccountingPrincipleName' xlink:label='loc_NewAccountingPronouncementOrChangeInAccountingPrincipleName' xlink:type='locator' />
<link:loc xlink:href='../elts/us-gaap-2011-01-31.xsd#us-gaap_NewAccountingPronouncementOrChangeInAccountingPrincipleDescription' xlink:label='loc_NewAccountingPronouncementOrChangeInAccountingPrincipleDescription' xlink:type='locator' />
<link:loc xlink:href='../elts/us-gaap-2011-01-31.xsd#us-gaap_NewAccountingPronouncementOrChangeInAccountingPrincipleRetrospectiveAdjustmentsAbstract' xlink:label='loc_NewAccountingPronouncementOrChangeInAccountingPrincipleRetrospectiveAdjustmentsAbstract' xlink:type='locator' />
<link:loc xlink:href='../elts/us-gaap-2011-01-31.xsd#us-gaap_NewAccountingPronouncementOrChangeInAccountingPrincipleEffectOfChangeOnNetRevenue' xlink:label='loc_NewAccountingPronouncementOrChangeInAccountingPrincipleEffectOfChangeOnNetRevenue' xlink:type='locator' />
<link:loc xlink:href='../elts/us-gaap-2011-01-31.xsd#us-gaap_NewAccountingPronouncementOrChangeInAccountingPrincipleEffectOfChangeOnOperatingResults' xlink:label='loc_NewAccountingPronouncementOrChangeInAccountingPrincipleEffectOfChangeOnOperatingResults' xlink:type='locator' />
<link:loc xlink:href='../elts/us-gaap-2011-01-31.xsd#us-gaap_NewAccountingPronouncementOrChangeInAccountingPrincipleEffectOfChangeOnIncomeFromContinuingOperations' xlink:label='loc_NewAccountingPronouncementOrChangeInAccountingPrincipleEffectOfChangeOnIncomeFromContinuingOperations' xlink:type='locator' />
<link:loc xlink:href='../elts/us-gaap-2011-01-31.xsd#us-gaap_NewAccountingPronouncementOrChangeInAccountingPrincipleEffectOfChangeOnNetIncome' xlink:label='loc_NewAccountingPronouncementOrChangeInAccountingPrincipleEffectOfChangeOnNetIncome' xlink:type='locator' />
<link:loc xlink:href='../elts/us-gaap-2011-01-31.xsd#us-gaap_NewAccountingPronouncementOrChangeInAccountingPrincipleEffectOfChangeOnBasicEarningsPerShare' xlink:label='loc_NewAccountingPronouncementOrChangeInAccountingPrincipleEffectOfChangeOnBasicEarningsPerShare' xlink:type='locator' />
<link:loc xlink:href='../elts/us-gaap-2011-01-31.xsd#us-gaap_NewAccountingPronouncementOrChangeInAccountingPrincipleEffectOfChangeOnDilutedEarningsPerShare' xlink:label='loc_NewAccountingPronouncementOrChangeInAccountingPrincipleEffectOfChangeOnDilutedEarningsPerShare' xlink:type='locator' />
<link:loc xlink:href='../elts/us-gaap-2011-01-31.xsd#us-gaap_NewAccountingPronouncementOrChangeInAccountingPrincipleCumulativeEffectOfChangeOnEquityOrNetAssets' xlink:label='loc_NewAccountingPronouncementOrChangeInAccountingPrincipleCumulativeEffectOfChangeOnEquityOrNetAssets' xlink:type='locator' />
<link:loc xlink:href='../elts/us-gaap-2011-01-31.xsd#us-gaap_NewAccountingPronouncementOrChangeInAccountingPrincipleRetrospectiveApplicationImpracticable' xlink:label='loc_NewAccountingPronouncementOrChangeInAccountingPrincipleRetrospectiveApplicationImpracticable' xlink:type='locator' />
<link:loc xlink:href='../elts/us-gaap-2011-01-31.xsd#us-gaap_NewAccountingPronouncementOrChangeInAccountingPrincipleIndirectEffects' xlink:label='loc_NewAccountingPronouncementOrChangeInAccountingPrincipleIndirectEffects' xlink:type='locator' />
<link:loc xlink:href='../elts/us-gaap-2011-01-31.xsd#us-gaap_NewAccountingPronouncementTransitionGuidanceNotSignificantOrNotPractical' xlink:label='loc_NewAccountingPronouncementTransitionGuidanceNotSignificantOrNotPractical' xlink:type='locator' />
<link:loc xlink:href='../elts/us-gaap-2011-01-31.xsd#us-gaap_NewAccountingPronouncementOrChangeInAccountingPrincipleEffectOnFinancialStatementsFlag' xlink:label='loc_NewAccountingPronouncementOrChangeInAccountingPrincipleEffectOnFinancialStatementsFlag' xlink:type='locator' />
<link:loc xlink:href='../elts/us-gaap-2011-01-31.xsd#us-gaap_NewAccountingPronouncementOrChangeInAccountingPrincipleEffectOfAdoptionQuantification' xlink:label='loc_NewAccountingPronouncementOrChangeInAccountingPrincipleEffectOfAdoptionQuantification' xlink:type='locator' />
<link:loc xlink:href='../elts/us-gaap-2011-01-31.xsd#us-gaap_NewAccountingPronouncementOrChangeInAccountingPrincipleCurrentPeriodDisclosuresAbstract' xlink:label='loc_NewAccountingPronouncementOrChangeInAccountingPrincipleCurrentPeriodDisclosuresAbstract' xlink:type='locator' />
<link:loc xlink:href='../elts/us-gaap-2011-01-31.xsd#us-gaap_NewAccountingPronouncementOrChangeInAccountingPrincipleCurrentPeriodDisclosuresRevenueRecognizedAmount' xlink:label='loc_NewAccountingPronouncementOrChangeInAccountingPrincipleCurrentPeriodDisclosuresRevenueRecognizedAmount' xlink:type='locator' />
<link:loc xlink:href='../elts/us-gaap-2011-01-31.xsd#us-gaap_NewAccountingPronouncementOrChangeInAccountingPrincipleCurrentPeriodDisclosuresDeferredRevenueAmount' xlink:label='loc_NewAccountingPronouncementOrChangeInAccountingPrincipleCurrentPeriodDisclosuresDeferredRevenueAmount' xlink:type='locator' />
<link:loc xlink:href='../elts/us-gaap-2011-01-31.xsd#us-gaap_NewAccountingPronouncementOrChangeInAccountingPrincipleProFormaDisclosuresRevenueRecognizedAmount' xlink:label='loc_NewAccountingPronouncementOrChangeInAccountingPrincipleProFormaDisclosuresRevenueRecognizedAmount' xlink:type='locator' />
<link:loc xlink:href='../elts/us-gaap-2011-01-31.xsd#us-gaap_CumulativeEffectOfChangeInAccountingPrincipleTabularPresentationByFinancialStatementLineItemRestatedAmountAbstract' xlink:label='loc_CumulativeEffectOfChangeInAccountingPrincipleTabularPresentationByFinancialStatementLineItemRestatedAmountAbstract' xlink:type='locator' />
<link:loc xlink:href='../elts/us-gaap-2011-01-31.xsd#us-gaap_CumulativeEffectOfChangeInAccountingPrincipleTabularPresentationByFinancialStatementLineItemPreviouslyReportedAmount' xlink:label='loc_CumulativeEffectOfChangeInAccountingPrincipleTabularPresentationByFinancialStatementLineItemPreviouslyReportedAmount' xlink:type='locator' />
<link:loc xlink:href='../elts/us-gaap-2011-01-31.xsd#us-gaap_CumulativeEffectOfChangeInAccountingPrincipleTabularPresentationByFinancialStatementLineItemAdjustmentAmount' xlink:label='loc_CumulativeEffectOfChangeInAccountingPrincipleTabularPresentationByFinancialStatementLineItemAdjustmentAmount' xlink:type='locator' />
<link:loc xlink:href='../elts/us-gaap-2011-01-31.xsd#us-gaap_CumulativeEffectOfChangeInAccountingPrincipleTabularPresentationByFinancialStatementLineItemRestatedAmount' xlink:label='loc_CumulativeEffectOfChangeInAccountingPrincipleTabularPresentationByFinancialStatementLineItemRestatedAmount' xlink:type='locator' />
<link:loc xlink:href='../elts/us-gaap-2011-01-31.xsd#us-gaap_RetrospectiveEffectOfChangeInAccountingPrincipleTabularPresentationByFinancialStatementLineItemAmountAfterApplicationAbstract' xlink:label='loc_RetrospectiveEffectOfChangeInAccountingPrincipleTabularPresentationByFinancialStatementLineItemAmountAfterApplicationAbstract' xlink:type='locator' />
<link:loc xlink:href='../elts/us-gaap-2011-01-31.xsd#us-gaap_RetrospectiveEffectOfChangeInAccountingPrincipleTabularPresentationByFinancialStatementLineItemAmountBeforeApplication' xlink:label='loc_RetrospectiveEffectOfChangeInAccountingPrincipleTabularPresentationByFinancialStatementLineItemAmountBeforeApplication' xlink:type='locator' />
<link:loc xlink:href='../elts/us-gaap-2011-01-31.xsd#us-gaap_RetrospectiveEffectOfChangeInAccountingPrincipleTabularPresentationByFinancialStatementLineItemAmountOfApplicationAdjustment' xlink:label='loc_RetrospectiveEffectOfChangeInAccountingPrincipleTabularPresentationByFinancialStatementLineItemAmountOfApplicationAdjustment' xlink:type='locator' />
<link:loc xlink:href='../elts/us-gaap-2011-01-31.xsd#us-gaap_RetrospectiveEffectOfChangeInAccountingPrincipleTabularPresentationByFinancialStatementLineItemAmountAfterApplication' xlink:label='loc_RetrospectiveEffectOfChangeInAccountingPrincipleTabularPresentationByFinancialStatementLineItemAmountAfterApplication' xlink:type='locator' />
<link:loc xlink:href='../elts/us-gaap-2011-01-31.xsd#us-gaap_OtherComprehensiveIncomeCumulativeEffectOfChangeInAccountingPrincipleNetOfTaxesAbstract' xlink:label='loc_OtherComprehensiveIncomeCumulativeEffectOfChangeInAccountingPrincipleNetOfTaxesAbstract' xlink:type='locator' />
<link:loc xlink:href='../elts/us-gaap-2011-01-31.xsd#us-gaap_OtherComprehensiveIncomeCumulativeEffectOfChangeInAccountingPrincipleBeforeTaxes' xlink:label='loc_OtherComprehensiveIncomeCumulativeEffectOfChangeInAccountingPrincipleBeforeTaxes' xlink:type='locator' />
<link:loc xlink:href='../elts/us-gaap-2011-01-31.xsd#us-gaap_OtherComprehensiveIncomeCumulativeEffectOfChangeInAccountingPrincipleTaxes' xlink:label='loc_OtherComprehensiveIncomeCumulativeEffectOfChangeInAccountingPrincipleTaxes' xlink:type='locator' />
<link:loc xlink:href='../elts/us-gaap-2011-01-31.xsd#us-gaap_OtherComprehensiveIncomeCumulativeEffectOfChangeInAccountingPrincipleNetOfTaxes' xlink:label='loc_OtherComprehensiveIncomeCumulativeEffectOfChangeInAccountingPrincipleNetOfTaxes' xlink:type='locator' />
<link:loc xlink:href='../elts/us-gaap-2011-01-31.xsd#us-gaap_CumulativeEffectAdjustmentAbstract' xlink:label='loc_CumulativeEffectAdjustmentAbstract' xlink:type='locator' />
<link:loc xlink:href='../elts/us-gaap-2011-01-31.xsd#us-gaap_CumulativeEffectAdjustmentGrossGains' xlink:label='loc_CumulativeEffectAdjustmentGrossGains' xlink:type='locator' />
<link:loc xlink:href='../elts/us-gaap-2011-01-31.xsd#us-gaap_CumulativeEffectAdjustmentGrossLosses' xlink:label='loc_CumulativeEffectAdjustmentGrossLosses' xlink:type='locator' />
<link:loc xlink:href='../elts/us-gaap-2011-01-31.xsd#us-gaap_CumulativeEffectAdjustmentApplicationOfFairValueOptionGrossGainsAbstract' xlink:label='loc_CumulativeEffectAdjustmentApplicationOfFairValueOptionGrossGainsAbstract' xlink:type='locator' />
<link:loc xlink:href='../elts/us-gaap-2011-01-31.xsd#us-gaap_CumulativeEffectAdjustmentApplicationOfFairValueOptionUnrealizedGainsUnrecognized' xlink:label='loc_CumulativeEffectAdjustmentApplicationOfFairValueOptionUnrealizedGainsUnrecognized' xlink:type='locator' />
<link:loc xlink:href='../elts/us-gaap-2011-01-31.xsd#us-gaap_CumulativeEffectAdjustmentApplicationOfFairValueOptionUnrealizedGainsRecognized' xlink:label='loc_CumulativeEffectAdjustmentApplicationOfFairValueOptionUnrealizedGainsRecognized' xlink:type='locator' />
<link:loc xlink:href='../elts/us-gaap-2011-01-31.xsd#us-gaap_CumulativeEffectAdjustmentApplicationOfFairValueOptionGrossGains' xlink:label='loc_CumulativeEffectAdjustmentApplicationOfFairValueOptionGrossGains' xlink:type='locator' />
<link:loc xlink:href='../elts/us-gaap-2011-01-31.xsd#us-gaap_CumulativeEffectAdjustmentApplicationOfFairValueOptionGrossLossesAbstract' xlink:label='loc_CumulativeEffectAdjustmentApplicationOfFairValueOptionGrossLossesAbstract' xlink:type='locator' />
<link:loc xlink:href='../elts/us-gaap-2011-01-31.xsd#us-gaap_CumulativeEffectAdjustmentApplicationOfFairValueOptionUnrealizedLossesUnrecognized' xlink:label='loc_CumulativeEffectAdjustmentApplicationOfFairValueOptionUnrealizedLossesUnrecognized' xlink:type='locator' />
<link:loc xlink:href='../elts/us-gaap-2011-01-31.xsd#us-gaap_CumulativeEffectAdjustmentApplicationOfFairValueOptionUnrealizedLossesRecognized' xlink:label='loc_CumulativeEffectAdjustmentApplicationOfFairValueOptionUnrealizedLossesRecognized' xlink:type='locator' />
<link:loc xlink:href='../elts/us-gaap-2011-01-31.xsd#us-gaap_CumulativeEffectAdjustmentApplicationOfFairValueOptionGrossLosses' xlink:label='loc_CumulativeEffectAdjustmentApplicationOfFairValueOptionGrossLosses' xlink:type='locator' />
<link:loc xlink:href='../elts/us-gaap-2011-01-31.xsd#us-gaap_CumulativeEffectAdjustmentBifurcationOfHybridsGrossGains' xlink:label='loc_CumulativeEffectAdjustmentBifurcationOfHybridsGrossGains' xlink:type='locator' />
<link:loc xlink:href='../elts/us-gaap-2011-01-31.xsd#us-gaap_CumulativeEffectAdjustmentBifurcationOfHybridsGrossLosses' xlink:label='loc_CumulativeEffectAdjustmentBifurcationOfHybridsGrossLosses' xlink:type='locator' />
<link:definitionArc order='1.0' xlink:arcrole='http://xbrl.org/int/dim/arcrole/domain-member' xlink:from='loc_NewAccountingPronouncementsOrChangeInAccountingPrincipleLineItems' xlink:to='loc_NewAccountingPronouncementOrChangeInAccountingPrincipleName' xlink:type='arc' />
<link:definitionArc order='2.0' xlink:arcrole='http://xbrl.org/int/dim/arcrole/domain-member' xlink:from='loc_NewAccountingPronouncementsOrChangeInAccountingPrincipleLineItems' xlink:to='loc_NewAccountingPronouncementOrChangeInAccountingPrincipleDescription' xlink:type='arc' />
<link:definitionArc order='3.0' xlink:arcrole='http://xbrl.org/int/dim/arcrole/domain-member' xlink:from='loc_NewAccountingPronouncementsOrChangeInAccountingPrincipleLineItems' xlink:to='loc_NewAccountingPronouncementOrChangeInAccountingPrincipleRetrospectiveAdjustmentsAbstract' xlink:type='arc' />
<link:definitionArc order='4.0' xlink:arcrole='http://xbrl.org/int/dim/arcrole/domain-member' xlink:from='loc_NewAccountingPronouncementOrChangeInAccountingPrincipleRetrospectiveAdjustmentsAbstract' xlink:to='loc_NewAccountingPronouncementOrChangeInAccountingPrincipleEffectOfChangeOnNetRevenue' xlink:type='arc' />
<link:definitionArc order='5.0' xlink:arcrole='http://xbrl.org/int/dim/arcrole/domain-member' xlink:from='loc_NewAccountingPronouncementOrChangeInAccountingPrincipleRetrospectiveAdjustmentsAbstract' xlink:to='loc_NewAccountingPronouncementOrChangeInAccountingPrincipleEffectOfChangeOnOperatingResults' xlink:type='arc' />
<link:definitionArc order='6.0' xlink:arcrole='http://xbrl.org/int/dim/arcrole/domain-member' xlink:from='loc_NewAccountingPronouncementOrChangeInAccountingPrincipleRetrospectiveAdjustmentsAbstract' xlink:to='loc_NewAccountingPronouncementOrChangeInAccountingPrincipleEffectOfChangeOnIncomeFromContinuingOperations' xlink:type='arc' />
<link:definitionArc order='7.0' xlink:arcrole='http://xbrl.org/int/dim/arcrole/domain-member' xlink:from='loc_NewAccountingPronouncementOrChangeInAccountingPrincipleRetrospectiveAdjustmentsAbstract' xlink:to='loc_NewAccountingPronouncementOrChangeInAccountingPrincipleEffectOfChangeOnNetIncome' xlink:type='arc' />
<link:definitionArc order='8.0' xlink:arcrole='http://xbrl.org/int/dim/arcrole/domain-member' xlink:from='loc_NewAccountingPronouncementOrChangeInAccountingPrincipleRetrospectiveAdjustmentsAbstract' xlink:to='loc_NewAccountingPronouncementOrChangeInAccountingPrincipleEffectOfChangeOnBasicEarningsPerShare' xlink:type='arc' />
<link:definitionArc order='9.0' xlink:arcrole='http://xbrl.org/int/dim/arcrole/domain-member' xlink:from='loc_NewAccountingPronouncementOrChangeInAccountingPrincipleRetrospectiveAdjustmentsAbstract' xlink:to='loc_NewAccountingPronouncementOrChangeInAccountingPrincipleEffectOfChangeOnDilutedEarningsPerShare' xlink:type='arc' />
<link:definitionArc order='10.0' xlink:arcrole='http://xbrl.org/int/dim/arcrole/domain-member' xlink:from='loc_NewAccountingPronouncementOrChangeInAccountingPrincipleRetrospectiveAdjustmentsAbstract' xlink:to='loc_NewAccountingPronouncementOrChangeInAccountingPrincipleCumulativeEffectOfChangeOnEquityOrNetAssets' xlink:type='arc' />
<link:definitionArc order='11.0' xlink:arcrole='http://xbrl.org/int/dim/arcrole/domain-member' xlink:from='loc_NewAccountingPronouncementOrChangeInAccountingPrincipleRetrospectiveAdjustmentsAbstract' xlink:to='loc_NewAccountingPronouncementOrChangeInAccountingPrincipleRetrospectiveApplicationImpracticable' xlink:type='arc' />
<link:definitionArc order='12.0' xlink:arcrole='http://xbrl.org/int/dim/arcrole/domain-member' xlink:from='loc_NewAccountingPronouncementOrChangeInAccountingPrincipleRetrospectiveAdjustmentsAbstract' xlink:to='loc_NewAccountingPronouncementOrChangeInAccountingPrincipleIndirectEffects' xlink:type='arc' />
<link:definitionArc order='13.0' xlink:arcrole='http://xbrl.org/int/dim/arcrole/domain-member' xlink:from='loc_NewAccountingPronouncementOrChangeInAccountingPrincipleRetrospectiveAdjustmentsAbstract' xlink:to='loc_NewAccountingPronouncementTransitionGuidanceNotSignificantOrNotPractical' xlink:type='arc' />
<link:definitionArc order='14.0' xlink:arcrole='http://xbrl.org/int/dim/arcrole/domain-member' xlink:from='loc_NewAccountingPronouncementsOrChangeInAccountingPrincipleLineItems' xlink:to='loc_NewAccountingPronouncementOrChangeInAccountingPrincipleEffectOnFinancialStatementsFlag' xlink:type='arc' />
<link:definitionArc order='15.0' xlink:arcrole='http://xbrl.org/int/dim/arcrole/domain-member' xlink:from='loc_NewAccountingPronouncementOrChangeInAccountingPrincipleEffectOnFinancialStatementsFlag' xlink:to='loc_NewAccountingPronouncementOrChangeInAccountingPrincipleEffectOfAdoptionQuantification' xlink:type='arc' />
<link:definitionArc order='16.0' xlink:arcrole='http://xbrl.org/int/dim/arcrole/domain-member' xlink:from='loc_NewAccountingPronouncementsOrChangeInAccountingPrincipleLineItems' xlink:to='loc_NewAccountingPronouncementOrChangeInAccountingPrincipleCurrentPeriodDisclosuresAbstract' xlink:type='arc' />
<link:definitionArc order='17.0' xlink:arcrole='http://xbrl.org/int/dim/arcrole/domain-member' xlink:from='loc_NewAccountingPronouncementOrChangeInAccountingPrincipleCurrentPeriodDisclosuresAbstract' xlink:to='loc_NewAccountingPronouncementOrChangeInAccountingPrincipleCurrentPeriodDisclosuresRevenueRecognizedAmount' xlink:type='arc' />
<link:definitionArc order='18.0' xlink:arcrole='http://xbrl.org/int/dim/arcrole/domain-member' xlink:from='loc_NewAccountingPronouncementOrChangeInAccountingPrincipleCurrentPeriodDisclosuresAbstract' xlink:to='loc_NewAccountingPronouncementOrChangeInAccountingPrincipleCurrentPeriodDisclosuresDeferredRevenueAmount' xlink:type='arc' />
<link:definitionArc order='19.0' xlink:arcrole='http://xbrl.org/int/dim/arcrole/domain-member' xlink:from='loc_NewAccountingPronouncementsOrChangeInAccountingPrincipleLineItems' xlink:to='loc_NewAccountingPronouncementOrChangeInAccountingPrincipleProFormaDisclosuresRevenueRecognizedAmount' xlink:type='arc' />
<link:definitionArc order='20.0' xlink:arcrole='http://xbrl.org/int/dim/arcrole/domain-member' xlink:from='loc_NewAccountingPronouncementsOrChangeInAccountingPrincipleLineItems' xlink:to='loc_CumulativeEffectOfChangeInAccountingPrincipleTabularPresentationByFinancialStatementLineItemRestatedAmountAbstract' xlink:type='arc' />
<link:definitionArc order='21.0' xlink:arcrole='http://xbrl.org/int/dim/arcrole/domain-member' xlink:from='loc_CumulativeEffectOfChangeInAccountingPrincipleTabularPresentationByFinancialStatementLineItemRestatedAmountAbstract' xlink:to='loc_CumulativeEffectOfChangeInAccountingPrincipleTabularPresentationByFinancialStatementLineItemPreviouslyReportedAmount' xlink:type='arc' />
<link:definitionArc order='22.0' xlink:arcrole='http://xbrl.org/int/dim/arcrole/domain-member' xlink:from='loc_CumulativeEffectOfChangeInAccountingPrincipleTabularPresentationByFinancialStatementLineItemRestatedAmountAbstract' xlink:to='loc_CumulativeEffectOfChangeInAccountingPrincipleTabularPresentationByFinancialStatementLineItemAdjustmentAmount' xlink:type='arc' />
<link:definitionArc order='23.0' xlink:arcrole='http://xbrl.org/int/dim/arcrole/domain-member' xlink:from='loc_CumulativeEffectOfChangeInAccountingPrincipleTabularPresentationByFinancialStatementLineItemRestatedAmountAbstract' xlink:to='loc_CumulativeEffectOfChangeInAccountingPrincipleTabularPresentationByFinancialStatementLineItemRestatedAmount' xlink:type='arc' />
<link:definitionArc order='24.0' xlink:arcrole='http://xbrl.org/int/dim/arcrole/domain-member' xlink:from='loc_NewAccountingPronouncementsOrChangeInAccountingPrincipleLineItems' xlink:to='loc_RetrospectiveEffectOfChangeInAccountingPrincipleTabularPresentationByFinancialStatementLineItemAmountAfterApplicationAbstract' xlink:type='arc' />
<link:definitionArc order='25.0' xlink:arcrole='http://xbrl.org/int/dim/arcrole/domain-member' xlink:from='loc_RetrospectiveEffectOfChangeInAccountingPrincipleTabularPresentationByFinancialStatementLineItemAmountAfterApplicationAbstract' xlink:to='loc_RetrospectiveEffectOfChangeInAccountingPrincipleTabularPresentationByFinancialStatementLineItemAmountBeforeApplication' xlink:type='arc' />
<link:definitionArc order='26.0' xlink:arcrole='http://xbrl.org/int/dim/arcrole/domain-member' xlink:from='loc_RetrospectiveEffectOfChangeInAccountingPrincipleTabularPresentationByFinancialStatementLineItemAmountAfterApplicationAbstract' xlink:to='loc_RetrospectiveEffectOfChangeInAccountingPrincipleTabularPresentationByFinancialStatementLineItemAmountOfApplicationAdjustment' xlink:type='arc' />
<link:definitionArc order='27.0' xlink:arcrole='http://xbrl.org/int/dim/arcrole/domain-member' xlink:from='loc_RetrospectiveEffectOfChangeInAccountingPrincipleTabularPresentationByFinancialStatementLineItemAmountAfterApplicationAbstract' xlink:to='loc_RetrospectiveEffectOfChangeInAccountingPrincipleTabularPresentationByFinancialStatementLineItemAmountAfterApplication' xlink:type='arc' />
<link:definitionArc order='28.0' xlink:arcrole='http://xbrl.org/int/dim/arcrole/domain-member' xlink:from='loc_NewAccountingPronouncementsOrChangeInAccountingPrincipleLineItems' xlink:to='loc_OtherComprehensiveIncomeCumulativeEffectOfChangeInAccountingPrincipleNetOfTaxesAbstract' xlink:type='arc' />
<link:definitionArc order='29.0' xlink:arcrole='http://xbrl.org/int/dim/arcrole/domain-member' xlink:from='loc_OtherComprehensiveIncomeCumulativeEffectOfChangeInAccountingPrincipleNetOfTaxesAbstract' xlink:to='loc_OtherComprehensiveIncomeCumulativeEffectOfChangeInAccountingPrincipleBeforeTaxes' xlink:type='arc' />
<link:definitionArc order='30.0' xlink:arcrole='http://xbrl.org/int/dim/arcrole/domain-member' xlink:from='loc_OtherComprehensiveIncomeCumulativeEffectOfChangeInAccountingPrincipleNetOfTaxesAbstract' xlink:to='loc_OtherComprehensiveIncomeCumulativeEffectOfChangeInAccountingPrincipleTaxes' xlink:type='arc' />
<link:definitionArc order='31.0' xlink:arcrole='http://xbrl.org/int/dim/arcrole/domain-member' xlink:from='loc_OtherComprehensiveIncomeCumulativeEffectOfChangeInAccountingPrincipleNetOfTaxesAbstract' xlink:to='loc_OtherComprehensiveIncomeCumulativeEffectOfChangeInAccountingPrincipleNetOfTaxes' xlink:type='arc' />
<link:definitionArc order='32.0' xlink:arcrole='http://xbrl.org/int/dim/arcrole/domain-member' xlink:from='loc_NewAccountingPronouncementsOrChangeInAccountingPrincipleLineItems' xlink:to='loc_CumulativeEffectAdjustmentAbstract' xlink:type='arc' />
<link:definitionArc order='33.0' xlink:arcrole='http://xbrl.org/int/dim/arcrole/domain-member' xlink:from='loc_CumulativeEffectAdjustmentAbstract' xlink:to='loc_CumulativeEffectAdjustmentGrossGains' xlink:type='arc' />
<link:definitionArc order='34.0' xlink:arcrole='http://xbrl.org/int/dim/arcrole/domain-member' xlink:from='loc_CumulativeEffectAdjustmentAbstract' xlink:to='loc_CumulativeEffectAdjustmentGrossLosses' xlink:type='arc' />
<link:definitionArc order='35.0' xlink:arcrole='http://xbrl.org/int/dim/arcrole/domain-member' xlink:from='loc_CumulativeEffectAdjustmentAbstract' xlink:to='loc_CumulativeEffectAdjustmentApplicationOfFairValueOptionGrossGainsAbstract' xlink:type='arc' />
<link:definitionArc order='36.0' xlink:arcrole='http://xbrl.org/int/dim/arcrole/domain-member' xlink:from='loc_CumulativeEffectAdjustmentApplicationOfFairValueOptionGrossGainsAbstract' xlink:to='loc_CumulativeEffectAdjustmentApplicationOfFairValueOptionUnrealizedGainsUnrecognized' xlink:type='arc' />
<link:definitionArc order='37.0' xlink:arcrole='http://xbrl.org/int/dim/arcrole/domain-member' xlink:from='loc_CumulativeEffectAdjustmentApplicationOfFairValueOptionGrossGainsAbstract' xlink:to='loc_CumulativeEffectAdjustmentApplicationOfFairValueOptionUnrealizedGainsRecognized' xlink:type='arc' />
<link:definitionArc order='38.0' xlink:arcrole='http://xbrl.org/int/dim/arcrole/domain-member' xlink:from='loc_CumulativeEffectAdjustmentApplicationOfFairValueOptionGrossGainsAbstract' xlink:to='loc_CumulativeEffectAdjustmentApplicationOfFairValueOptionGrossGains' xlink:type='arc' />
<link:definitionArc order='39.0' xlink:arcrole='http://xbrl.org/int/dim/arcrole/domain-member' xlink:from='loc_CumulativeEffectAdjustmentAbstract' xlink:to='loc_CumulativeEffectAdjustmentApplicationOfFairValueOptionGrossLossesAbstract' xlink:type='arc' />
<link:definitionArc order='40.0' xlink:arcrole='http://xbrl.org/int/dim/arcrole/domain-member' xlink:from='loc_CumulativeEffectAdjustmentApplicationOfFairValueOptionGrossLossesAbstract' xlink:to='loc_CumulativeEffectAdjustmentApplicationOfFairValueOptionUnrealizedLossesUnrecognized' xlink:type='arc' />
<link:definitionArc order='41.0' xlink:arcrole='http://xbrl.org/int/dim/arcrole/domain-member' xlink:from='loc_CumulativeEffectAdjustmentApplicationOfFairValueOptionGrossLossesAbstract' xlink:to='loc_CumulativeEffectAdjustmentApplicationOfFairValueOptionUnrealizedLossesRecognized' xlink:type='arc' />
<link:definitionArc order='42.0' xlink:arcrole='http://xbrl.org/int/dim/arcrole/domain-member' xlink:from='loc_CumulativeEffectAdjustmentApplicationOfFairValueOptionGrossLossesAbstract' xlink:to='loc_CumulativeEffectAdjustmentApplicationOfFairValueOptionGrossLosses' xlink:type='arc' />
<link:definitionArc order='43.0' xlink:arcrole='http://xbrl.org/int/dim/arcrole/domain-member' xlink:from='loc_CumulativeEffectAdjustmentAbstract' xlink:to='loc_CumulativeEffectAdjustmentBifurcationOfHybridsGrossGains' xlink:type='arc' />
<link:definitionArc order='44.0' xlink:arcrole='http://xbrl.org/int/dim/arcrole/domain-member' xlink:from='loc_CumulativeEffectAdjustmentAbstract' xlink:to='loc_CumulativeEffectAdjustmentBifurcationOfHybridsGrossLosses' xlink:type='arc' />
</link:definitionLink>
<link:definitionLink xlink:role='http://fasb.org/us-gaap/role/disclosure/AccountingChangesAndErrorCorrectionsNewAccountingPronouncementsOrChangeInAccountingPrincipleTable' xlink:type='extended'>
<link:loc xlink:href='../elts/us-gaap-2011-01-31.xsd#us-gaap_TypeOfAdoptionMember' xlink:label='loc_TypeOfAdoptionMember' xlink:type='locator' />
<link:loc xlink:href='../elts/us-gaap-2011-01-31.xsd#us-gaap_NewAccountingPronouncementMember' xlink:label='loc_NewAccountingPronouncementMember' xlink:type='locator' />
<link:loc xlink:href='../elts/us-gaap-2011-01-31.xsd#us-gaap_AccountingStandardsUpdate200905Member' xlink:label='loc_AccountingStandardsUpdate200905Member' xlink:type='locator' />
<link:loc xlink:href='../elts/us-gaap-2011-01-31.xsd#us-gaap_AccountingStandardsUpdate200908Member' xlink:label='loc_AccountingStandardsUpdate200908Member' xlink:type='locator' />
<link:loc xlink:href='../elts/us-gaap-2011-01-31.xsd#us-gaap_AccountingStandardsUpdate200910Member' xlink:label='loc_AccountingStandardsUpdate200910Member' xlink:type='locator' />
<link:loc xlink:href='../elts/us-gaap-2011-01-31.xsd#us-gaap_AccountingStandardsUpdate200912Member' xlink:label='loc_AccountingStandardsUpdate200912Member' xlink:type='locator' />
<link:loc xlink:href='../elts/us-gaap-2011-01-31.xsd#us-gaap_AccountingStandardsUpdate200913Member' xlink:label='loc_AccountingStandardsUpdate200913Member' xlink:type='locator' />
<link:loc xlink:href='../elts/us-gaap-2011-01-31.xsd#us-gaap_AccountingStandardsUpdate200914Member' xlink:label='loc_AccountingStandardsUpdate200914Member' xlink:type='locator' />
<link:loc xlink:href='../elts/us-gaap-2011-01-31.xsd#us-gaap_AccountingStandardsUpdate200915Member' xlink:label='loc_AccountingStandardsUpdate200915Member' xlink:type='locator' />
<link:loc xlink:href='../elts/us-gaap-2011-01-31.xsd#us-gaap_AccountingStandardsUpdate200916Member' xlink:label='loc_AccountingStandardsUpdate200916Member' xlink:type='locator' />
<link:loc xlink:href='../elts/us-gaap-2011-01-31.xsd#us-gaap_AccountingStandardsUpdate200917Member' xlink:label='loc_AccountingStandardsUpdate200917Member' xlink:type='locator' />
<link:loc xlink:href='../elts/us-gaap-2011-01-31.xsd#us-gaap_AccountingStandardsUpdate201001Member' xlink:label='loc_AccountingStandardsUpdate201001Member' xlink:type='locator' />
<link:loc xlink:href='../elts/us-gaap-2011-01-31.xsd#us-gaap_AccountingStandardsUpdate201002Member' xlink:label='loc_AccountingStandardsUpdate201002Member' xlink:type='locator' />
<link:loc xlink:href='../elts/us-gaap-2011-01-31.xsd#us-gaap_AccountingStandardsUpdate201003Member' xlink:label='loc_AccountingStandardsUpdate201003Member' xlink:type='locator' />
<link:loc xlink:href='../elts/us-gaap-2011-01-31.xsd#us-gaap_AccountingStandardsUpdate201008Member' xlink:label='loc_AccountingStandardsUpdate201008Member' xlink:type='locator' />
<link:loc xlink:href='../elts/us-gaap-2011-01-31.xsd#us-gaap_AccountingStandardsUpdate201011Member' xlink:label='loc_AccountingStandardsUpdate201011Member' xlink:type='locator' />
<link:loc xlink:href='../elts/us-gaap-2011-01-31.xsd#us-gaap_AccountingStandardsUpdate201013Member' xlink:label='loc_AccountingStandardsUpdate201013Member' xlink:type='locator' />
<link:loc xlink:href='../elts/us-gaap-2011-01-31.xsd#us-gaap_AccountingStandardsUpdate201015Member' xlink:label='loc_AccountingStandardsUpdate201015Member' xlink:type='locator' />
<link:loc xlink:href='../elts/us-gaap-2011-01-31.xsd#us-gaap_AccountingStandardsUpdate201016Member' xlink:label='loc_AccountingStandardsUpdate201016Member' xlink:type='locator' />
<link:loc xlink:href='../elts/us-gaap-2011-01-31.xsd#us-gaap_AccountingStandardsUpdate201017Member' xlink:label='loc_AccountingStandardsUpdate201017Member' xlink:type='locator' />
<link:loc xlink:href='../elts/us-gaap-2011-01-31.xsd#us-gaap_AccountingStandardsUpdate201018Member' xlink:label='loc_AccountingStandardsUpdate201018Member' xlink:type='locator' />
<link:loc xlink:href='../elts/us-gaap-2011-01-31.xsd#us-gaap_EITF064Member' xlink:label='loc_EITF064Member' xlink:type='locator' />
<link:loc xlink:href='../elts/us-gaap-2011-01-31.xsd#us-gaap_EITF083Member' xlink:label='loc_EITF083Member' xlink:type='locator' />
<link:loc xlink:href='../elts/us-gaap-2011-01-31.xsd#us-gaap_FAS158Member' xlink:label='loc_FAS158Member' xlink:type='locator' />
<link:loc xlink:href='../elts/us-gaap-2011-01-31.xsd#us-gaap_FAS159Member' xlink:label='loc_FAS159Member' xlink:type='locator' />
<link:loc xlink:href='../elts/us-gaap-2011-01-31.xsd#us-gaap_FAS163Member' xlink:label='loc_FAS163Member' xlink:type='locator' />
<link:loc xlink:href='../elts/us-gaap-2011-01-31.xsd#us-gaap_FIN48Member' xlink:label='loc_FIN48Member' xlink:type='locator' />
<link:loc xlink:href='../elts/us-gaap-2011-01-31.xsd#us-gaap_FSPFAS1152AndFAS1242Member' xlink:label='loc_FSPFAS1152AndFAS1242Member' xlink:type='locator' />
<link:loc xlink:href='../elts/us-gaap-2011-01-31.xsd#us-gaap_FairValueOptionElectionForVariableInterestEntityMember' xlink:label='loc_FairValueOptionElectionForVariableInterestEntityMember' xlink:type='locator' />
<link:loc xlink:href='../elts/us-gaap-2011-01-31.xsd#us-gaap_CumulativeEffectAdjustmentConsolidationOfVariableInterestEntityMember' xlink:label='loc_CumulativeEffectAdjustmentConsolidationOfVariableInterestEntityMember' xlink:type='locator' />
<link:loc xlink:href='../elts/us-gaap-2011-01-31.xsd#us-gaap_CumulativeEffectAdjustmentDeconsolidationOfVariableInterestEntityMember' xlink:label='loc_CumulativeEffectAdjustmentDeconsolidationOfVariableInterestEntityMember' xlink:type='locator' />
<link:loc xlink:href='../elts/us-gaap-2011-01-31.xsd#us-gaap_AdjustmentsForNewAccountingPrincipleEarlyAdoptionMember' xlink:label='loc_AdjustmentsForNewAccountingPrincipleEarlyAdoptionMember' xlink:type='locator' />
<link:loc xlink:href='../elts/us-gaap-2011-01-31.xsd#us-gaap_NewAccountingPronouncementEarlyAdoptionEffectMember' xlink:label='loc_NewAccountingPronouncementEarlyAdoptionEffectMember' xlink:type='locator' />
<link:definitionArc order='1.0' xlink:arcrole='http://xbrl.org/int/dim/arcrole/domain-member' xlink:from='loc_TypeOfAdoptionMember' xlink:to='loc_NewAccountingPronouncementMember' xlink:type='arc' />
<link:definitionArc order='2.0' xlink:arcrole='http://xbrl.org/int/dim/arcrole/domain-member' xlink:from='loc_NewAccountingPronouncementMember' xlink:to='loc_AccountingStandardsUpdate200905Member' xlink:type='arc' />
<link:definitionArc order='3.0' xlink:arcrole='http://xbrl.org/int/dim/arcrole/domain-member' xlink:from='loc_NewAccountingPronouncementMember' xlink:to='loc_AccountingStandardsUpdate200908Member' xlink:type='arc' />
<link:definitionArc order='4.0' xlink:arcrole='http://xbrl.org/int/dim/arcrole/domain-member' xlink:from='loc_NewAccountingPronouncementMember' xlink:to='loc_AccountingStandardsUpdate200910Member' xlink:type='arc' />
<link:definitionArc order='5.0' xlink:arcrole='http://xbrl.org/int/dim/arcrole/domain-member' xlink:from='loc_NewAccountingPronouncementMember' xlink:to='loc_AccountingStandardsUpdate200912Member' xlink:type='arc' />
<link:definitionArc order='6.0' xlink:arcrole='http://xbrl.org/int/dim/arcrole/domain-member' xlink:from='loc_NewAccountingPronouncementMember' xlink:to='loc_AccountingStandardsUpdate200913Member' xlink:type='arc' />
<link:definitionArc order='7.0' xlink:arcrole='http://xbrl.org/int/dim/arcrole/domain-member' xlink:from='loc_NewAccountingPronouncementMember' xlink:to='loc_AccountingStandardsUpdate200914Member' xlink:type='arc' />
<link:definitionArc order='8.0' xlink:arcrole='http://xbrl.org/int/dim/arcrole/domain-member' xlink:from='loc_NewAccountingPronouncementMember' xlink:to='loc_AccountingStandardsUpdate200915Member' xlink:type='arc' />
<link:definitionArc order='9.0' xlink:arcrole='http://xbrl.org/int/dim/arcrole/domain-member' xlink:from='loc_NewAccountingPronouncementMember' xlink:to='loc_AccountingStandardsUpdate200916Member' xlink:type='arc' />
<link:definitionArc order='10.0' xlink:arcrole='http://xbrl.org/int/dim/arcrole/domain-member' xlink:from='loc_NewAccountingPronouncementMember' xlink:to='loc_AccountingStandardsUpdate200917Member' xlink:type='arc' />
<link:definitionArc order='11.0' xlink:arcrole='http://xbrl.org/int/dim/arcrole/domain-member' xlink:from='loc_NewAccountingPronouncementMember' xlink:to='loc_AccountingStandardsUpdate201001Member' xlink:type='arc' />
<link:definitionArc order='12.0' xlink:arcrole='http://xbrl.org/int/dim/arcrole/domain-member' xlink:from='loc_NewAccountingPronouncementMember' xlink:to='loc_AccountingStandardsUpdate201002Member' xlink:type='arc' />
<link:definitionArc order='13.0' xlink:arcrole='http://xbrl.org/int/dim/arcrole/domain-member' xlink:from='loc_NewAccountingPronouncementMember' xlink:to='loc_AccountingStandardsUpdate201003Member' xlink:type='arc' />
<link:definitionArc order='14.0' xlink:arcrole='http://xbrl.org/int/dim/arcrole/domain-member' xlink:from='loc_NewAccountingPronouncementMember' xlink:to='loc_AccountingStandardsUpdate201008Member' xlink:type='arc' />
<link:definitionArc order='15.0' xlink:arcrole='http://xbrl.org/int/dim/arcrole/domain-member' xlink:from='loc_NewAccountingPronouncementMember' xlink:to='loc_AccountingStandardsUpdate201011Member' xlink:type='arc' />
<link:definitionArc order='16.0' xlink:arcrole='http://xbrl.org/int/dim/arcrole/domain-member' xlink:from='loc_NewAccountingPronouncementMember' xlink:to='loc_AccountingStandardsUpdate201013Member' xlink:type='arc' />
<link:definitionArc order='17.0' xlink:arcrole='http://xbrl.org/int/dim/arcrole/domain-member' xlink:from='loc_NewAccountingPronouncementMember' xlink:to='loc_AccountingStandardsUpdate201015Member' xlink:type='arc' />
<link:definitionArc order='18.0' xlink:arcrole='http://xbrl.org/int/dim/arcrole/domain-member' xlink:from='loc_NewAccountingPronouncementMember' xlink:to='loc_AccountingStandardsUpdate201016Member' xlink:type='arc' />
<link:definitionArc order='19.0' xlink:arcrole='http://xbrl.org/int/dim/arcrole/domain-member' xlink:from='loc_NewAccountingPronouncementMember' xlink:to='loc_AccountingStandardsUpdate201017Member' xlink:type='arc' />
<link:definitionArc order='20.0' xlink:arcrole='http://xbrl.org/int/dim/arcrole/domain-member' xlink:from='loc_NewAccountingPronouncementMember' xlink:to='loc_AccountingStandardsUpdate201018Member' xlink:type='arc' />
<link:definitionArc order='21.0' xlink:arcrole='http://xbrl.org/int/dim/arcrole/domain-member' xlink:from='loc_NewAccountingPronouncementMember' xlink:to='loc_EITF064Member' xlink:type='arc' />
<link:definitionArc order='22.0' xlink:arcrole='http://xbrl.org/int/dim/arcrole/domain-member' xlink:from='loc_NewAccountingPronouncementMember' xlink:to='loc_EITF083Member' xlink:type='arc' />
<link:definitionArc order='23.0' xlink:arcrole='http://xbrl.org/int/dim/arcrole/domain-member' xlink:from='loc_NewAccountingPronouncementMember' xlink:to='loc_FAS158Member' xlink:type='arc' />
<link:definitionArc order='24.0' xlink:arcrole='http://xbrl.org/int/dim/arcrole/domain-member' xlink:from='loc_NewAccountingPronouncementMember' xlink:to='loc_FAS159Member' xlink:type='arc' />
<link:definitionArc order='25.0' xlink:arcrole='http://xbrl.org/int/dim/arcrole/domain-member' xlink:from='loc_NewAccountingPronouncementMember' xlink:to='loc_FAS163Member' xlink:type='arc' />
<link:definitionArc order='26.0' xlink:arcrole='http://xbrl.org/int/dim/arcrole/domain-member' xlink:from='loc_NewAccountingPronouncementMember' xlink:to='loc_FIN48Member' xlink:type='arc' />
<link:definitionArc order='27.0' xlink:arcrole='http://xbrl.org/int/dim/arcrole/domain-member' xlink:from='loc_NewAccountingPronouncementMember' xlink:to='loc_FSPFAS1152AndFAS1242Member' xlink:type='arc' />
<link:definitionArc order='28.0' xlink:arcrole='http://xbrl.org/int/dim/arcrole/domain-member' xlink:from='loc_NewAccountingPronouncementMember' xlink:to='loc_FairValueOptionElectionForVariableInterestEntityMember' xlink:type='arc' />
<link:definitionArc order='29.0' xlink:arcrole='http://xbrl.org/int/dim/arcrole/domain-member' xlink:from='loc_NewAccountingPronouncementMember' xlink:to='loc_CumulativeEffectAdjustmentConsolidationOfVariableInterestEntityMember' xlink:type='arc' />
<link:definitionArc order='30.0' xlink:arcrole='http://xbrl.org/int/dim/arcrole/domain-member' xlink:from='loc_NewAccountingPronouncementMember' xlink:to='loc_CumulativeEffectAdjustmentDeconsolidationOfVariableInterestEntityMember' xlink:type='arc' />
<link:definitionArc order='31.0' xlink:arcrole='http://xbrl.org/int/dim/arcrole/domain-member' xlink:from='loc_TypeOfAdoptionMember' xlink:to='loc_AdjustmentsForNewAccountingPrincipleEarlyAdoptionMember' xlink:type='arc' />
<link:definitionArc order='32.0' xlink:arcrole='http://xbrl.org/int/dim/arcrole/domain-member' xlink:from='loc_AdjustmentsForNewAccountingPrincipleEarlyAdoptionMember' xlink:to='loc_NewAccountingPronouncementEarlyAdoptionEffectMember' xlink:type='arc' />
</link:definitionLink>
<!--Definition relationships for table NewAccountingPronouncementEarlyAdoptionTable in presentation http://fasb.org/us-gaap/role/disclosure/AccountingChangesAndErrorCorrections-->
<link:definitionLink xlink:role='http://fasb.org/us-gaap/role/disclosure/AccountingChangesAndErrorCorrectionsNewAccountingPronouncementEarlyAdoptionTable' xlink:type='extended'>
<link:loc xlink:href='../elts/us-gaap-2011-01-31.xsd#us-gaap_NewAccountingPronouncementEarlyAdoptionTable' xlink:label='loc_NewAccountingPronouncementEarlyAdoptionTable' xlink:type='locator' />
<link:loc xlink:href='../elts/us-gaap-2011-01-31.xsd#us-gaap_NewAccountingPronouncementEarlyAdoptionLineItems' xlink:label='loc_NewAccountingPronouncementEarlyAdoptionLineItems' xlink:type='locator' />
<link:definitionArc order='1.0' xbrldt:closed='true' xbrldt:contextElement='segment' xlink:arcrole='http://xbrl.org/int/dim/arcrole/all' xlink:from='loc_NewAccountingPronouncementEarlyAdoptionLineItems' xlink:to='loc_NewAccountingPronouncementEarlyAdoptionTable' xlink:type='arc' />
</link:definitionLink>
<link:definitionLink xlink:role='http://fasb.org/us-gaap/role/disclosure/AccountingChangesAndErrorCorrectionsNewAccountingPronouncementEarlyAdoptionTable' xlink:type='extended'>
<link:loc xlink:href='../elts/us-gaap-2011-01-31.xsd#us-gaap_NewAccountingPronouncementEarlyAdoptionTable' xlink:label='loc_NewAccountingPronouncementEarlyAdoptionTable' xlink:type='locator' />
<link:loc xlink:href='../elts/us-gaap-2011-01-31.xsd#us-gaap_NewAccountingPronouncementEarlyAdoptionAxis' xlink:label='loc_NewAccountingPronouncementEarlyAdoptionAxis' xlink:type='locator' />
<link:definitionArc order='1.0' xlink:arcrole='http://xbrl.org/int/dim/arcrole/hypercube-dimension' xlink:from='loc_NewAccountingPronouncementEarlyAdoptionTable' xlink:to='loc_NewAccountingPronouncementEarlyAdoptionAxis' xlink:type='arc' />
</link:definitionLink>
<link:definitionLink xlink:role='http://fasb.org/us-gaap/role/disclosure/AccountingChangesAndErrorCorrectionsNewAccountingPronouncementEarlyAdoptionTable' xlink:type='extended'>
<link:loc xlink:href='../elts/us-gaap-2011-01-31.xsd#us-gaap_NewAccountingPronouncementEarlyAdoptionAxis' xlink:label='loc_NewAccountingPronouncementEarlyAdoptionAxis' xlink:type='locator' />
<link:loc xlink:href='../elts/us-gaap-2011-01-31.xsd#us-gaap_NewAccountingPrinciplesEarlyAdoptionMember' xlink:label='loc_NewAccountingPrinciplesEarlyAdoptionMember' xlink:type='locator' />
<link:definitionArc order='1.0' xlink:arcrole='http://xbrl.org/int/dim/arcrole/dimension-domain' xlink:from='loc_NewAccountingPronouncementEarlyAdoptionAxis' xlink:to='loc_NewAccountingPrinciplesEarlyAdoptionMember' xlink:type='arc' />
</link:definitionLink>
<link:definitionLink xlink:role='http://fasb.org/us-gaap/role/disclosure/AccountingChangesAndErrorCorrectionsNewAccountingPronouncementEarlyAdoptionTable' xlink:type='extended'>
<link:loc xlink:href='../elts/us-gaap-2011-01-31.xsd#us-gaap_NewAccountingPronouncementEarlyAdoptionAxis' xlink:label='loc_NewAccountingPronouncementEarlyAdoptionAxis' xlink:type='locator' />
<link:loc xlink:href='../elts/us-gaap-2011-01-31.xsd#us-gaap_NewAccountingPrinciplesEarlyAdoptionMember' xlink:label='loc_NewAccountingPrinciplesEarlyAdoptionMember' xlink:type='locator' />
<link:definitionArc order='1.0' xlink:arcrole='http://xbrl.org/int/dim/arcrole/dimension-default' xlink:from='loc_NewAccountingPronouncementEarlyAdoptionAxis' xlink:to='loc_NewAccountingPrinciplesEarlyAdoptionMember' xlink:type='arc' />
</link:definitionLink>
<link:definitionLink xlink:role='http://fasb.org/us-gaap/role/disclosure/AccountingChangesAndErrorCorrectionsNewAccountingPronouncementEarlyAdoptionTable' xlink:type='extended'>
<link:loc xlink:href='../elts/us-gaap-2011-01-31.xsd#us-gaap_NewAccountingPronouncementEarlyAdoptionLineItems' xlink:label='loc_NewAccountingPronouncementEarlyAdoptionLineItems' xlink:type='locator' />
<link:loc xlink:href='../elts/us-gaap-2011-01-31.xsd#us-gaap_Revenues' xlink:label='loc_Revenues' xlink:type='locator' />
<link:loc xlink:href='../elts/us-gaap-2011-01-31.xsd#us-gaap_IncomeLossFromContinuingOperationsBeforeIncomeTaxesDomestic' xlink:label='loc_IncomeLossFromContinuingOperationsBeforeIncomeTaxesDomestic' xlink:type='locator' />
<link:loc xlink:href='../elts/us-gaap-2011-01-31.xsd#us-gaap_IncomeLossFromContinuingOperationsBeforeIncomeTaxesForeign' xlink:label='loc_IncomeLossFromContinuingOperationsBeforeIncomeTaxesForeign' xlink:type='locator' />
<link:loc xlink:href='../elts/us-gaap-2011-01-31.xsd#us-gaap_NetIncomeLoss' xlink:label='loc_NetIncomeLoss' xlink:type='locator' />
<link:loc xlink:href='../elts/us-gaap-2011-01-31.xsd#us-gaap_EarningsPerShareBasic' xlink:label='loc_EarningsPerShareBasic' xlink:type='locator' />
<link:loc xlink:href='../elts/us-gaap-2011-01-31.xsd#us-gaap_EarningsPerShareDiluted' xlink:label='loc_EarningsPerShareDiluted' xlink:type='locator' />
<link:definitionArc order='1.0' xlink:arcrole='http://xbrl.org/int/dim/arcrole/domain-member' xlink:from='loc_NewAccountingPronouncementEarlyAdoptionLineItems' xlink:to='loc_Revenues' xlink:type='arc' />
<link:definitionArc order='2.0' xlink:arcrole='http://xbrl.org/int/dim/arcrole/domain-member' xlink:from='loc_NewAccountingPronouncementEarlyAdoptionLineItems' xlink:to='loc_IncomeLossFromContinuingOperationsBeforeIncomeTaxesDomestic' xlink:type='arc' />
<link:definitionArc order='3.0' xlink:arcrole='http://xbrl.org/int/dim/arcrole/domain-member' xlink:from='loc_NewAccountingPronouncementEarlyAdoptionLineItems' xlink:to='loc_IncomeLossFromContinuingOperationsBeforeIncomeTaxesForeign' xlink:type='arc' />
<link:definitionArc order='4.0' xlink:arcrole='http://xbrl.org/int/dim/arcrole/domain-member' xlink:from='loc_NewAccountingPronouncementEarlyAdoptionLineItems' xlink:to='loc_NetIncomeLoss' xlink:type='arc' />
<link:definitionArc order='5.0' xlink:arcrole='http://xbrl.org/int/dim/arcrole/domain-member' xlink:from='loc_NewAccountingPronouncementEarlyAdoptionLineItems' xlink:to='loc_EarningsPerShareBasic' xlink:type='arc' />
<link:definitionArc order='6.0' xlink:arcrole='http://xbrl.org/int/dim/arcrole/domain-member' xlink:from='loc_NewAccountingPronouncementEarlyAdoptionLineItems' xlink:to='loc_EarningsPerShareDiluted' xlink:type='arc' />
</link:definitionLink>
<link:definitionLink xlink:role='http://fasb.org/us-gaap/role/disclosure/AccountingChangesAndErrorCorrectionsNewAccountingPronouncementEarlyAdoptionTable' xlink:type='extended'>
<link:loc xlink:href='../elts/us-gaap-2011-01-31.xsd#us-gaap_NewAccountingPrinciplesEarlyAdoptionMember' xlink:label='loc_NewAccountingPrinciplesEarlyAdoptionMember' xlink:type='locator' />
<link:loc xlink:href='../elts/us-gaap-2011-01-31.xsd#us-gaap_AdjustmentsForNewAccountingPrincipleEarlyAdoptionMember' xlink:label='loc_AdjustmentsForNewAccountingPrincipleEarlyAdoptionMember' xlink:type='locator' />
<link:loc xlink:href='../elts/us-gaap-2011-01-31.xsd#us-gaap_NewAccountingPronouncementEarlyAdoptionEffectMember' xlink:label='loc_NewAccountingPronouncementEarlyAdoptionEffectMember' xlink:type='locator' />
<link:definitionArc order='1.0' xlink:arcrole='http://xbrl.org/int/dim/arcrole/domain-member' xlink:from='loc_NewAccountingPrinciplesEarlyAdoptionMember' xlink:to='loc_AdjustmentsForNewAccountingPrincipleEarlyAdoptionMember' xlink:type='arc' />
<link:definitionArc order='2.0' xlink:arcrole='http://xbrl.org/int/dim/arcrole/domain-member' xlink:from='loc_AdjustmentsForNewAccountingPrincipleEarlyAdoptionMember' xlink:to='loc_NewAccountingPronouncementEarlyAdoptionEffectMember' xlink:type='arc' />
</link:definitionLink>
<!--Definition relationships for table ProspectiveAdoptionOfNewAccountingPronouncementsTable in presentation http://fasb.org/us-gaap/role/disclosure/AccountingChangesAndErrorCorrections-->
<link:definitionLink xlink:role='http://fasb.org/us-gaap/role/disclosure/AccountingChangesAndErrorCorrectionsProspectiveAdoptionOfNewAccountingPronouncementsTable' xlink:type='extended'>
<link:loc xlink:href='../elts/us-gaap-2011-01-31.xsd#us-gaap_ProspectiveAdoptionOfNewAccountingPronouncementsTable' xlink:label='loc_ProspectiveAdoptionOfNewAccountingPronouncementsTable' xlink:type='locator' />
<link:loc xlink:href='../elts/us-gaap-2011-01-31.xsd#us-gaap_ItemEffectedLineItems' xlink:label='loc_ItemEffectedLineItems' xlink:type='locator' />
<link:definitionArc order='1.0' xbrldt:closed='true' xbrldt:contextElement='segment' xlink:arcrole='http://xbrl.org/int/dim/arcrole/all' xlink:from='loc_ItemEffectedLineItems' xlink:to='loc_ProspectiveAdoptionOfNewAccountingPronouncementsTable' xlink:type='arc' />
</link:definitionLink>
<link:definitionLink xlink:role='http://fasb.org/us-gaap/role/disclosure/AccountingChangesAndErrorCorrectionsProspectiveAdoptionOfNewAccountingPronouncementsTable' xlink:type='extended'>
<link:loc xlink:href='../elts/us-gaap-2011-01-31.xsd#us-gaap_ProspectiveAdoptionOfNewAccountingPronouncementsTable' xlink:label='loc_ProspectiveAdoptionOfNewAccountingPronouncementsTable' xlink:type='locator' />
<link:loc xlink:href='../elts/us-gaap-2011-01-31.xsd#us-gaap_ProspectiveAdoptionOfNewAccountingPronouncementsAxis' xlink:label='loc_ProspectiveAdoptionOfNewAccountingPronouncementsAxis' xlink:type='locator' />
<link:definitionArc order='1.0' xlink:arcrole='http://xbrl.org/int/dim/arcrole/hypercube-dimension' xlink:from='loc_ProspectiveAdoptionOfNewAccountingPronouncementsTable' xlink:to='loc_ProspectiveAdoptionOfNewAccountingPronouncementsAxis' xlink:type='arc' />
</link:definitionLink>
<link:definitionLink xlink:role='http://fasb.org/us-gaap/role/disclosure/AccountingChangesAndErrorCorrectionsProspectiveAdoptionOfNewAccountingPronouncementsTable' xlink:type='extended'>
<link:loc xlink:href='../elts/us-gaap-2011-01-31.xsd#us-gaap_ProspectiveAdoptionOfNewAccountingPronouncementsAxis' xlink:label='loc_ProspectiveAdoptionOfNewAccountingPronouncementsAxis' xlink:type='locator' />
<link:loc xlink:href='../elts/us-gaap-2011-01-31.xsd#us-gaap_AccountingGuidanceMember' xlink:label='loc_AccountingGuidanceMember' xlink:type='locator' />
<link:definitionArc order='1.0' xlink:arcrole='http://xbrl.org/int/dim/arcrole/dimension-domain' xlink:from='loc_ProspectiveAdoptionOfNewAccountingPronouncementsAxis' xlink:to='loc_AccountingGuidanceMember' xlink:type='arc' />
</link:definitionLink>
<link:definitionLink xlink:role='http://fasb.org/us-gaap/role/disclosure/AccountingChangesAndErrorCorrectionsProspectiveAdoptionOfNewAccountingPronouncementsTable' xlink:type='extended'>
<link:loc xlink:href='../elts/us-gaap-2011-01-31.xsd#us-gaap_ProspectiveAdoptionOfNewAccountingPronouncementsAxis' xlink:label='loc_ProspectiveAdoptionOfNewAccountingPronouncementsAxis' xlink:type='locator' />
<link:loc xlink:href='../elts/us-gaap-2011-01-31.xsd#us-gaap_AccountingGuidanceMember' xlink:label='loc_AccountingGuidanceMember' xlink:type='locator' />
<link:definitionArc order='1.0' xlink:arcrole='http://xbrl.org/int/dim/arcrole/dimension-default' xlink:from='loc_ProspectiveAdoptionOfNewAccountingPronouncementsAxis' xlink:to='loc_AccountingGuidanceMember' xlink:type='arc' />
</link:definitionLink>
<link:definitionLink xlink:role='http://fasb.org/us-gaap/role/disclosure/AccountingChangesAndErrorCorrectionsProspectiveAdoptionOfNewAccountingPronouncementsTable' xlink:type='extended'>
<link:loc xlink:href='../elts/us-gaap-2011-01-31.xsd#us-gaap_ItemEffectedLineItems' xlink:label='loc_ItemEffectedLineItems' xlink:type='locator' />
<link:loc xlink:href='../elts/us-gaap-2011-01-31.xsd#us-gaap_DeferredPolicyAcquisitionCostsAndValueOfBusinessAcquiredAbstract' xlink:label='loc_DeferredPolicyAcquisitionCostsAndValueOfBusinessAcquiredAbstract' xlink:type='locator' />
<link:loc xlink:href='../elts/us-gaap-2011-01-31.xsd#us-gaap_DeferredPolicyAcquisitionCosts' xlink:label='loc_DeferredPolicyAcquisitionCosts' xlink:type='locator' />
<link:loc xlink:href='../elts/us-gaap-2011-01-31.xsd#us-gaap_ValueOfBusinessAcquiredVOBA' xlink:label='loc_ValueOfBusinessAcquiredVOBA' xlink:type='locator' />
<link:loc xlink:href='../elts/us-gaap-2011-01-31.xsd#us-gaap_DeferredPolicyAcquisitionCostsAndValueOfBusinessAcquired' xlink:label='loc_DeferredPolicyAcquisitionCostsAndValueOfBusinessAcquired' xlink:type='locator' />
<link:loc xlink:href='../elts/us-gaap-2011-01-31.xsd#us-gaap_IncomeStatementAbstract' xlink:label='loc_IncomeStatementAbstract' xlink:type='locator' />
<link:loc xlink:href='../elts/us-gaap-2011-01-31.xsd#us-gaap_Revenues' xlink:label='loc_Revenues' xlink:type='locator' />
<link:loc xlink:href='../elts/us-gaap-2011-01-31.xsd#us-gaap_IncomeLossFromContinuingOperationsBeforeIncomeTaxesDomestic' xlink:label='loc_IncomeLossFromContinuingOperationsBeforeIncomeTaxesDomestic' xlink:type='locator' />
<link:loc xlink:href='../elts/us-gaap-2011-01-31.xsd#us-gaap_IncomeLossFromContinuingOperationsBeforeIncomeTaxesForeign' xlink:label='loc_IncomeLossFromContinuingOperationsBeforeIncomeTaxesForeign' xlink:type='locator' />
<link:loc xlink:href='../elts/us-gaap-2011-01-31.xsd#us-gaap_NetIncomeLoss' xlink:label='loc_NetIncomeLoss' xlink:type='locator' />
<link:loc xlink:href='../elts/us-gaap-2011-01-31.xsd#us-gaap_EarningsPerShareBasic' xlink:label='loc_EarningsPerShareBasic' xlink:type='locator' />
<link:loc xlink:href='../elts/us-gaap-2011-01-31.xsd#us-gaap_EarningsPerShareDiluted' xlink:label='loc_EarningsPerShareDiluted' xlink:type='locator' />
<link:definitionArc order='1.0' xlink:arcrole='http://xbrl.org/int/dim/arcrole/domain-member' xlink:from='loc_ItemEffectedLineItems' xlink:to='loc_DeferredPolicyAcquisitionCostsAndValueOfBusinessAcquiredAbstract' xlink:type='arc' />
<link:definitionArc order='2.0' xlink:arcrole='http://xbrl.org/int/dim/arcrole/domain-member' xlink:from='loc_DeferredPolicyAcquisitionCostsAndValueOfBusinessAcquiredAbstract' xlink:to='loc_DeferredPolicyAcquisitionCosts' xlink:type='arc' />
<link:definitionArc order='3.0' xlink:arcrole='http://xbrl.org/int/dim/arcrole/domain-member' xlink:from='loc_DeferredPolicyAcquisitionCostsAndValueOfBusinessAcquiredAbstract' xlink:to='loc_ValueOfBusinessAcquiredVOBA' xlink:type='arc' />
<link:definitionArc order='4.0' xlink:arcrole='http://xbrl.org/int/dim/arcrole/domain-member' xlink:from='loc_DeferredPolicyAcquisitionCostsAndValueOfBusinessAcquiredAbstract' xlink:to='loc_DeferredPolicyAcquisitionCostsAndValueOfBusinessAcquired' xlink:type='arc' />
<link:definitionArc order='5.0' xlink:arcrole='http://xbrl.org/int/dim/arcrole/domain-member' xlink:from='loc_ItemEffectedLineItems' xlink:to='loc_IncomeStatementAbstract' xlink:type='arc' />
<link:definitionArc order='6.0' xlink:arcrole='http://xbrl.org/int/dim/arcrole/domain-member' xlink:from='loc_IncomeStatementAbstract' xlink:to='loc_Revenues' xlink:type='arc' />
<link:definitionArc order='7.0' xlink:arcrole='http://xbrl.org/int/dim/arcrole/domain-member' xlink:from='loc_IncomeStatementAbstract' xlink:to='loc_IncomeLossFromContinuingOperationsBeforeIncomeTaxesDomestic' xlink:type='arc' />
<link:definitionArc order='8.0' xlink:arcrole='http://xbrl.org/int/dim/arcrole/domain-member' xlink:from='loc_IncomeStatementAbstract' xlink:to='loc_IncomeLossFromContinuingOperationsBeforeIncomeTaxesForeign' xlink:type='arc' />
<link:definitionArc order='9.0' xlink:arcrole='http://xbrl.org/int/dim/arcrole/domain-member' xlink:from='loc_IncomeStatementAbstract' xlink:to='loc_NetIncomeLoss' xlink:type='arc' />
<link:definitionArc order='10.0' xlink:arcrole='http://xbrl.org/int/dim/arcrole/domain-member' xlink:from='loc_IncomeStatementAbstract' xlink:to='loc_EarningsPerShareBasic' xlink:type='arc' />
<link:definitionArc order='11.0' xlink:arcrole='http://xbrl.org/int/dim/arcrole/domain-member' xlink:from='loc_IncomeStatementAbstract' xlink:to='loc_EarningsPerShareDiluted' xlink:type='arc' />
</link:definitionLink>
<link:definitionLink xlink:role='http://fasb.org/us-gaap/role/disclosure/AccountingChangesAndErrorCorrectionsProspectiveAdoptionOfNewAccountingPronouncementsTable' xlink:type='extended'>
<link:loc xlink:href='../elts/us-gaap-2011-01-31.xsd#us-gaap_AccountingGuidanceMember' xlink:label='loc_AccountingGuidanceMember' xlink:type='locator' />
<link:loc xlink:href='../elts/us-gaap-2011-01-31.xsd#us-gaap_PreviousAccountingGuidanceMember' xlink:label='loc_PreviousAccountingGuidanceMember' xlink:type='locator' />
<link:loc xlink:href='../elts/us-gaap-2011-01-31.xsd#us-gaap_NewAccountingPronouncementMember' xlink:label='loc_NewAccountingPronouncementMember' xlink:type='locator' />
<link:loc xlink:href='../elts/us-gaap-2011-01-31.xsd#us-gaap_AccountingStandardsUpdate200905Member' xlink:label='loc_AccountingStandardsUpdate200905Member' xlink:type='locator' />
<link:loc xlink:href='../elts/us-gaap-2011-01-31.xsd#us-gaap_AccountingStandardsUpdate200908Member' xlink:label='loc_AccountingStandardsUpdate200908Member' xlink:type='locator' />
<link:loc xlink:href='../elts/us-gaap-2011-01-31.xsd#us-gaap_AccountingStandardsUpdate200910Member' xlink:label='loc_AccountingStandardsUpdate200910Member' xlink:type='locator' />
<link:loc xlink:href='../elts/us-gaap-2011-01-31.xsd#us-gaap_AccountingStandardsUpdate200912Member' xlink:label='loc_AccountingStandardsUpdate200912Member' xlink:type='locator' />
<link:loc xlink:href='../elts/us-gaap-2011-01-31.xsd#us-gaap_AccountingStandardsUpdate200913Member' xlink:label='loc_AccountingStandardsUpdate200913Member' xlink:type='locator' />
<link:loc xlink:href='../elts/us-gaap-2011-01-31.xsd#us-gaap_AccountingStandardsUpdate200914Member' xlink:label='loc_AccountingStandardsUpdate200914Member' xlink:type='locator' />
<link:loc xlink:href='../elts/us-gaap-2011-01-31.xsd#us-gaap_AccountingStandardsUpdate200915Member' xlink:label='loc_AccountingStandardsUpdate200915Member' xlink:type='locator' />
<link:loc xlink:href='../elts/us-gaap-2011-01-31.xsd#us-gaap_AccountingStandardsUpdate200916Member' xlink:label='loc_AccountingStandardsUpdate200916Member' xlink:type='locator' />
<link:loc xlink:href='../elts/us-gaap-2011-01-31.xsd#us-gaap_AccountingStandardsUpdate200917Member' xlink:label='loc_AccountingStandardsUpdate200917Member' xlink:type='locator' />
<link:loc xlink:href='../elts/us-gaap-2011-01-31.xsd#us-gaap_AccountingStandardsUpdate201001Member' xlink:label='loc_AccountingStandardsUpdate201001Member' xlink:type='locator' />
<link:loc xlink:href='../elts/us-gaap-2011-01-31.xsd#us-gaap_AccountingStandardsUpdate201002Member' xlink:label='loc_AccountingStandardsUpdate201002Member' xlink:type='locator' />
<link:loc xlink:href='../elts/us-gaap-2011-01-31.xsd#us-gaap_AccountingStandardsUpdate201003Member' xlink:label='loc_AccountingStandardsUpdate201003Member' xlink:type='locator' />
<link:loc xlink:href='../elts/us-gaap-2011-01-31.xsd#us-gaap_AccountingStandardsUpdate201008Member' xlink:label='loc_AccountingStandardsUpdate201008Member' xlink:type='locator' />
<link:loc xlink:href='../elts/us-gaap-2011-01-31.xsd#us-gaap_AccountingStandardsUpdate201011Member' xlink:label='loc_AccountingStandardsUpdate201011Member' xlink:type='locator' />
<link:loc xlink:href='../elts/us-gaap-2011-01-31.xsd#us-gaap_AccountingStandardsUpdate201013Member' xlink:label='loc_AccountingStandardsUpdate201013Member' xlink:type='locator' />
<link:loc xlink:href='../elts/us-gaap-2011-01-31.xsd#us-gaap_AccountingStandardsUpdate201015Member' xlink:label='loc_AccountingStandardsUpdate201015Member' xlink:type='locator' />
<link:loc xlink:href='../elts/us-gaap-2011-01-31.xsd#us-gaap_AccountingStandardsUpdate201016Member' xlink:label='loc_AccountingStandardsUpdate201016Member' xlink:type='locator' />
<link:loc xlink:href='../elts/us-gaap-2011-01-31.xsd#us-gaap_AccountingStandardsUpdate201017Member' xlink:label='loc_AccountingStandardsUpdate201017Member' xlink:type='locator' />
<link:loc xlink:href='../elts/us-gaap-2011-01-31.xsd#us-gaap_AccountingStandardsUpdate201018Member' xlink:label='loc_AccountingStandardsUpdate201018Member' xlink:type='locator' />
<link:loc xlink:href='../elts/us-gaap-2011-01-31.xsd#us-gaap_EITF064Member' xlink:label='loc_EITF064Member' xlink:type='locator' />
<link:loc xlink:href='../elts/us-gaap-2011-01-31.xsd#us-gaap_EITF083Member' xlink:label='loc_EITF083Member' xlink:type='locator' />
<link:loc xlink:href='../elts/us-gaap-2011-01-31.xsd#us-gaap_FAS158Member' xlink:label='loc_FAS158Member' xlink:type='locator' />
<link:loc xlink:href='../elts/us-gaap-2011-01-31.xsd#us-gaap_FAS159Member' xlink:label='loc_FAS159Member' xlink:type='locator' />
<link:loc xlink:href='../elts/us-gaap-2011-01-31.xsd#us-gaap_FAS163Member' xlink:label='loc_FAS163Member' xlink:type='locator' />
<link:loc xlink:href='../elts/us-gaap-2011-01-31.xsd#us-gaap_FIN48Member' xlink:label='loc_FIN48Member' xlink:type='locator' />
<link:loc xlink:href='../elts/us-gaap-2011-01-31.xsd#us-gaap_FSPFAS1152AndFAS1242Member' xlink:label='loc_FSPFAS1152AndFAS1242Member' xlink:type='locator' />
<link:loc xlink:href='../elts/us-gaap-2011-01-31.xsd#us-gaap_FairValueOptionElectionForVariableInterestEntityMember' xlink:label='loc_FairValueOptionElectionForVariableInterestEntityMember' xlink:type='locator' />
<link:loc xlink:href='../elts/us-gaap-2011-01-31.xsd#us-gaap_CumulativeEffectAdjustmentConsolidationOfVariableInterestEntityMember' xlink:label='loc_CumulativeEffectAdjustmentConsolidationOfVariableInterestEntityMember' xlink:type='locator' />
<link:loc xlink:href='../elts/us-gaap-2011-01-31.xsd#us-gaap_CumulativeEffectAdjustmentDeconsolidationOfVariableInterestEntityMember' xlink:label='loc_CumulativeEffectAdjustmentDeconsolidationOfVariableInterestEntityMember' xlink:type='locator' />
<link:definitionArc order='1.0' xlink:arcrole='http://xbrl.org/int/dim/arcrole/domain-member' xlink:from='loc_AccountingGuidanceMember' xlink:to='loc_PreviousAccountingGuidanceMember' xlink:type='arc' />
<link:definitionArc order='2.0' xlink:arcrole='http://xbrl.org/int/dim/arcrole/domain-member' xlink:from='loc_AccountingGuidanceMember' xlink:to='loc_NewAccountingPronouncementMember' xlink:type='arc' />
<link:definitionArc order='3.0' xlink:arcrole='http://xbrl.org/int/dim/arcrole/domain-member' xlink:from='loc_NewAccountingPronouncementMember' xlink:to='loc_AccountingStandardsUpdate200905Member' xlink:type='arc' />
<link:definitionArc order='4.0' xlink:arcrole='http://xbrl.org/int/dim/arcrole/domain-member' xlink:from='loc_NewAccountingPronouncementMember' xlink:to='loc_AccountingStandardsUpdate200908Member' xlink:type='arc' />
<link:definitionArc order='5.0' xlink:arcrole='http://xbrl.org/int/dim/arcrole/domain-member' xlink:from='loc_NewAccountingPronouncementMember' xlink:to='loc_AccountingStandardsUpdate200910Member' xlink:type='arc' />
<link:definitionArc order='6.0' xlink:arcrole='http://xbrl.org/int/dim/arcrole/domain-member' xlink:from='loc_NewAccountingPronouncementMember' xlink:to='loc_AccountingStandardsUpdate200912Member' xlink:type='arc' />
<link:definitionArc order='7.0' xlink:arcrole='http://xbrl.org/int/dim/arcrole/domain-member' xlink:from='loc_NewAccountingPronouncementMember' xlink:to='loc_AccountingStandardsUpdate200913Member' xlink:type='arc' />
<link:definitionArc order='8.0' xlink:arcrole='http://xbrl.org/int/dim/arcrole/domain-member' xlink:from='loc_NewAccountingPronouncementMember' xlink:to='loc_AccountingStandardsUpdate200914Member' xlink:type='arc' />
<link:definitionArc order='9.0' xlink:arcrole='http://xbrl.org/int/dim/arcrole/domain-member' xlink:from='loc_NewAccountingPronouncementMember' xlink:to='loc_AccountingStandardsUpdate200915Member' xlink:type='arc' />
<link:definitionArc order='10.0' xlink:arcrole='http://xbrl.org/int/dim/arcrole/domain-member' xlink:from='loc_NewAccountingPronouncementMember' xlink:to='loc_AccountingStandardsUpdate200916Member' xlink:type='arc' />
<link:definitionArc order='11.0' xlink:arcrole='http://xbrl.org/int/dim/arcrole/domain-member' xlink:from='loc_NewAccountingPronouncementMember' xlink:to='loc_AccountingStandardsUpdate200917Member' xlink:type='arc' />
<link:definitionArc order='12.0' xlink:arcrole='http://xbrl.org/int/dim/arcrole/domain-member' xlink:from='loc_NewAccountingPronouncementMember' xlink:to='loc_AccountingStandardsUpdate201001Member' xlink:type='arc' />
<link:definitionArc order='13.0' xlink:arcrole='http://xbrl.org/int/dim/arcrole/domain-member' xlink:from='loc_NewAccountingPronouncementMember' xlink:to='loc_AccountingStandardsUpdate201002Member' xlink:type='arc' />
<link:definitionArc order='14.0' xlink:arcrole='http://xbrl.org/int/dim/arcrole/domain-member' xlink:from='loc_NewAccountingPronouncementMember' xlink:to='loc_AccountingStandardsUpdate201003Member' xlink:type='arc' />
<link:definitionArc order='15.0' xlink:arcrole='http://xbrl.org/int/dim/arcrole/domain-member' xlink:from='loc_NewAccountingPronouncementMember' xlink:to='loc_AccountingStandardsUpdate201008Member' xlink:type='arc' />
<link:definitionArc order='16.0' xlink:arcrole='http://xbrl.org/int/dim/arcrole/domain-member' xlink:from='loc_NewAccountingPronouncementMember' xlink:to='loc_AccountingStandardsUpdate201011Member' xlink:type='arc' />
<link:definitionArc order='17.0' xlink:arcrole='http://xbrl.org/int/dim/arcrole/domain-member' xlink:from='loc_NewAccountingPronouncementMember' xlink:to='loc_AccountingStandardsUpdate201013Member' xlink:type='arc' />
<link:definitionArc order='18.0' xlink:arcrole='http://xbrl.org/int/dim/arcrole/domain-member' xlink:from='loc_NewAccountingPronouncementMember' xlink:to='loc_AccountingStandardsUpdate201015Member' xlink:type='arc' />
<link:definitionArc order='19.0' xlink:arcrole='http://xbrl.org/int/dim/arcrole/domain-member' xlink:from='loc_NewAccountingPronouncementMember' xlink:to='loc_AccountingStandardsUpdate201016Member' xlink:type='arc' />
<link:definitionArc order='20.0' xlink:arcrole='http://xbrl.org/int/dim/arcrole/domain-member' xlink:from='loc_NewAccountingPronouncementMember' xlink:to='loc_AccountingStandardsUpdate201017Member' xlink:type='arc' />
<link:definitionArc order='21.0' xlink:arcrole='http://xbrl.org/int/dim/arcrole/domain-member' xlink:from='loc_NewAccountingPronouncementMember' xlink:to='loc_AccountingStandardsUpdate201018Member' xlink:type='arc' />
<link:definitionArc order='22.0' xlink:arcrole='http://xbrl.org/int/dim/arcrole/domain-member' xlink:from='loc_NewAccountingPronouncementMember' xlink:to='loc_EITF064Member' xlink:type='arc' />
<link:definitionArc order='23.0' xlink:arcrole='http://xbrl.org/int/dim/arcrole/domain-member' xlink:from='loc_NewAccountingPronouncementMember' xlink:to='loc_EITF083Member' xlink:type='arc' />
<link:definitionArc order='24.0' xlink:arcrole='http://xbrl.org/int/dim/arcrole/domain-member' xlink:from='loc_NewAccountingPronouncementMember' xlink:to='loc_FAS158Member' xlink:type='arc' />
<link:definitionArc order='25.0' xlink:arcrole='http://xbrl.org/int/dim/arcrole/domain-member' xlink:from='loc_NewAccountingPronouncementMember' xlink:to='loc_FAS159Member' xlink:type='arc' />
<link:definitionArc order='26.0' xlink:arcrole='http://xbrl.org/int/dim/arcrole/domain-member' xlink:from='loc_NewAccountingPronouncementMember' xlink:to='loc_FAS163Member' xlink:type='arc' />
<link:definitionArc order='27.0' xlink:arcrole='http://xbrl.org/int/dim/arcrole/domain-member' xlink:from='loc_NewAccountingPronouncementMember' xlink:to='loc_FIN48Member' xlink:type='arc' />
<link:definitionArc order='28.0' xlink:arcrole='http://xbrl.org/int/dim/arcrole/domain-member' xlink:from='loc_NewAccountingPronouncementMember' xlink:to='loc_FSPFAS1152AndFAS1242Member' xlink:type='arc' />
<link:definitionArc order='29.0' xlink:arcrole='http://xbrl.org/int/dim/arcrole/domain-member' xlink:from='loc_NewAccountingPronouncementMember' xlink:to='loc_FairValueOptionElectionForVariableInterestEntityMember' xlink:type='arc' />
<link:definitionArc order='30.0' xlink:arcrole='http://xbrl.org/int/dim/arcrole/domain-member' xlink:from='loc_NewAccountingPronouncementMember' xlink:to='loc_CumulativeEffectAdjustmentConsolidationOfVariableInterestEntityMember' xlink:type='arc' />
<link:definitionArc order='31.0' xlink:arcrole='http://xbrl.org/int/dim/arcrole/domain-member' xlink:from='loc_NewAccountingPronouncementMember' xlink:to='loc_CumulativeEffectAdjustmentDeconsolidationOfVariableInterestEntityMember' xlink:type='arc' />
</link:definitionLink>
<!--Definition relationships for table ScheduleOfErrorCorrectionsAndPriorPeriodAdjustmentRestatementTable in presentation http://fasb.org/us-gaap/role/disclosure/AccountingChangesAndErrorCorrections-->
<link:definitionLink xlink:role='http://fasb.org/us-gaap/role/disclosure/AccountingChangesAndErrorCorrectionsScheduleOfErrorCorrectionsAndPriorPeriodAdjustmentRestatementTable' xlink:type='extended'>
<link:loc xlink:href='../elts/us-gaap-2011-01-31.xsd#us-gaap_ScheduleOfErrorCorrectionsAndPriorPeriodAdjustmentRestatementTable' xlink:label='loc_ScheduleOfErrorCorrectionsAndPriorPeriodAdjustmentRestatementTable' xlink:type='locator' />
<link:loc xlink:href='../elts/us-gaap-2011-01-31.xsd#us-gaap_ErrorCorrectionsAndPriorPeriodAdjustmentsRestatementLineItems' xlink:label='loc_ErrorCorrectionsAndPriorPeriodAdjustmentsRestatementLineItems' xlink:type='locator' />
<link:definitionArc order='1.0' xbrldt:closed='true' xbrldt:contextElement='segment' xlink:arcrole='http://xbrl.org/int/dim/arcrole/all' xlink:from='loc_ErrorCorrectionsAndPriorPeriodAdjustmentsRestatementLineItems' xlink:to='loc_ScheduleOfErrorCorrectionsAndPriorPeriodAdjustmentRestatementTable' xlink:type='arc' />
</link:definitionLink>
<link:definitionLink xlink:role='http://fasb.org/us-gaap/role/disclosure/AccountingChangesAndErrorCorrectionsScheduleOfErrorCorrectionsAndPriorPeriodAdjustmentRestatementTable' xlink:type='extended'>
<link:loc xlink:href='../elts/us-gaap-2011-01-31.xsd#us-gaap_ScheduleOfErrorCorrectionsAndPriorPeriodAdjustmentRestatementTable' xlink:label='loc_ScheduleOfErrorCorrectionsAndPriorPeriodAdjustmentRestatementTable' xlink:type='locator' />
<link:loc xlink:href='../elts/us-gaap-2011-01-31.xsd#us-gaap_ErrorCorrectionsAndPriorPeriodAdjustmentsRestatementByRestatementPeriodAndAmountAxis' xlink:label='loc_ErrorCorrectionsAndPriorPeriodAdjustmentsRestatementByRestatementPeriodAndAmountAxis' xlink:type='locator' />
<link:loc xlink:href='../elts/us-gaap-2011-01-31.xsd#us-gaap_StatementScenarioAxis' xlink:label='loc_StatementScenarioAxis' xlink:type='locator' />
<link:definitionArc order='1.0' xlink:arcrole='http://xbrl.org/int/dim/arcrole/hypercube-dimension' xlink:from='loc_ScheduleOfErrorCorrectionsAndPriorPeriodAdjustmentRestatementTable' xlink:to='loc_ErrorCorrectionsAndPriorPeriodAdjustmentsRestatementByRestatementPeriodAndAmountAxis' xlink:type='arc' />
<link:definitionArc order='2.0' xlink:arcrole='http://xbrl.org/int/dim/arcrole/hypercube-dimension' xlink:from='loc_ScheduleOfErrorCorrectionsAndPriorPeriodAdjustmentRestatementTable' xlink:to='loc_StatementScenarioAxis' xlink:type='arc' />
</link:definitionLink>
<link:definitionLink xlink:role='http://fasb.org/us-gaap/role/disclosure/AccountingChangesAndErrorCorrectionsScheduleOfErrorCorrectionsAndPriorPeriodAdjustmentRestatementTable' xlink:type='extended'>
<link:loc xlink:href='../elts/us-gaap-2011-01-31.xsd#us-gaap_ErrorCorrectionsAndPriorPeriodAdjustmentsRestatementByRestatementPeriodAndAmountAxis' xlink:label='loc_ErrorCorrectionsAndPriorPeriodAdjustmentsRestatementByRestatementPeriodAndAmountAxis' xlink:type='locator' />
<link:loc xlink:href='../elts/us-gaap-2011-01-31.xsd#us-gaap_AdjustmentsForErrorCorrectionDomain' xlink:label='loc_AdjustmentsForErrorCorrectionDomain' xlink:type='locator' />
<link:loc xlink:href='../elts/us-gaap-2011-01-31.xsd#us-gaap_StatementScenarioAxis' xlink:label='loc_StatementScenarioAxis' xlink:type='locator' />
<link:loc xlink:href='../elts/us-gaap-2011-01-31.xsd#us-gaap_ScenarioUnspecifiedDomain' xlink:label='loc_ScenarioUnspecifiedDomain' xlink:type='locator' />
<link:definitionArc order='1.0' xlink:arcrole='http://xbrl.org/int/dim/arcrole/dimension-domain' xlink:from='loc_ErrorCorrectionsAndPriorPeriodAdjustmentsRestatementByRestatementPeriodAndAmountAxis' xlink:to='loc_AdjustmentsForErrorCorrectionDomain' xlink:type='arc' />
<link:definitionArc order='2.0' xlink:arcrole='http://xbrl.org/int/dim/arcrole/dimension-domain' xlink:from='loc_StatementScenarioAxis' xlink:to='loc_ScenarioUnspecifiedDomain' xlink:type='arc' />
</link:definitionLink>
<link:definitionLink xlink:role='http://fasb.org/us-gaap/role/disclosure/AccountingChangesAndErrorCorrectionsScheduleOfErrorCorrectionsAndPriorPeriodAdjustmentRestatementTable' xlink:type='extended'>
<link:loc xlink:href='../elts/us-gaap-2011-01-31.xsd#us-gaap_ErrorCorrectionsAndPriorPeriodAdjustmentsRestatementByRestatementPeriodAndAmountAxis' xlink:label='loc_ErrorCorrectionsAndPriorPeriodAdjustmentsRestatementByRestatementPeriodAndAmountAxis' xlink:type='locator' />
<link:loc xlink:href='../elts/us-gaap-2011-01-31.xsd#us-gaap_AdjustmentsForErrorCorrectionDomain' xlink:label='loc_AdjustmentsForErrorCorrectionDomain' xlink:type='locator' />
<link:loc xlink:href='../elts/us-gaap-2011-01-31.xsd#us-gaap_StatementScenarioAxis' xlink:label='loc_StatementScenarioAxis' xlink:type='locator' />
<link:loc xlink:href='../elts/us-gaap-2011-01-31.xsd#us-gaap_ScenarioUnspecifiedDomain' xlink:label='loc_ScenarioUnspecifiedDomain' xlink:type='locator' />
<link:definitionArc order='1.0' xlink:arcrole='http://xbrl.org/int/dim/arcrole/dimension-default' xlink:from='loc_ErrorCorrectionsAndPriorPeriodAdjustmentsRestatementByRestatementPeriodAndAmountAxis' xlink:to='loc_AdjustmentsForErrorCorrectionDomain' xlink:type='arc' />
<link:definitionArc order='2.0' xlink:arcrole='http://xbrl.org/int/dim/arcrole/dimension-default' xlink:from='loc_StatementScenarioAxis' xlink:to='loc_ScenarioUnspecifiedDomain' xlink:type='arc' />
</link:definitionLink>
<link:definitionLink xlink:role='http://fasb.org/us-gaap/role/disclosure/AccountingChangesAndErrorCorrectionsScheduleOfErrorCorrectionsAndPriorPeriodAdjustmentRestatementTable' xlink:type='extended'>
<link:loc xlink:href='../elts/us-gaap-2011-01-31.xsd#us-gaap_ScenarioUnspecifiedDomain' xlink:label='loc_ScenarioUnspecifiedDomain' xlink:type='locator' />
<link:loc xlink:href='../elts/us-gaap-2011-01-31.xsd#us-gaap_ScenarioPreviouslyReportedMember' xlink:label='loc_ScenarioPreviouslyReportedMember' xlink:type='locator' />
<link:loc xlink:href='../elts/us-gaap-2011-01-31.xsd#us-gaap_RestatementAdjustmentMember' xlink:label='loc_RestatementAdjustmentMember' xlink:type='locator' />
<link:definitionArc order='1.0' xlink:arcrole='http://xbrl.org/int/dim/arcrole/domain-member' xlink:from='loc_ScenarioUnspecifiedDomain' xlink:to='loc_ScenarioPreviouslyReportedMember' xlink:type='arc' />
<link:definitionArc order='2.0' xlink:arcrole='http://xbrl.org/int/dim/arcrole/domain-member' xlink:from='loc_ScenarioUnspecifiedDomain' xlink:to='loc_RestatementAdjustmentMember' xlink:type='arc' />
</link:definitionLink>
<!--Definition relationships for table ScheduleOfQuantifyingPriorYearMisstatementCorrectedInCurrentYearFinancialStatementsTable in presentation http://fasb.org/us-gaap/role/disclosure/AccountingChangesAndErrorCorrections-->
<link:definitionLink xlink:role='http://fasb.org/us-gaap/role/disclosure/AccountingChangesAndErrorCorrectionsScheduleOfQuantifyingPriorYearMisstatementCorrectedInCurrentYearFinancialStatementsTable' xlink:type='extended'>
<link:loc xlink:href='../elts/us-gaap-2011-01-31.xsd#us-gaap_ScheduleOfQuantifyingPriorYearMisstatementCorrectedInCurrentYearFinancialStatementsTable' xlink:label='loc_ScheduleOfQuantifyingPriorYearMisstatementCorrectedInCurrentYearFinancialStatementsTable' xlink:type='locator' />
<link:loc xlink:href='../elts/us-gaap-2011-01-31.xsd#us-gaap_QuantifyingMisstatementInCurrentYearFinancialStatementsLineItems' xlink:label='loc_QuantifyingMisstatementInCurrentYearFinancialStatementsLineItems' xlink:type='locator' />
<link:definitionArc order='1.0' xbrldt:closed='true' xbrldt:contextElement='segment' xlink:arcrole='http://xbrl.org/int/dim/arcrole/all' xlink:from='loc_QuantifyingMisstatementInCurrentYearFinancialStatementsLineItems' xlink:to='loc_ScheduleOfQuantifyingPriorYearMisstatementCorrectedInCurrentYearFinancialStatementsTable' xlink:type='arc' />
</link:definitionLink>
<link:definitionLink xlink:role='http://fasb.org/us-gaap/role/disclosure/AccountingChangesAndErrorCorrectionsScheduleOfQuantifyingPriorYearMisstatementCorrectedInCurrentYearFinancialStatementsTable' xlink:type='extended'>
<link:loc xlink:href='../elts/us-gaap-2011-01-31.xsd#us-gaap_ScheduleOfQuantifyingPriorYearMisstatementCorrectedInCurrentYearFinancialStatementsTable' xlink:label='loc_ScheduleOfQuantifyingPriorYearMisstatementCorrectedInCurrentYearFinancialStatementsTable' xlink:type='locator' />
<link:loc xlink:href='../elts/us-gaap-2011-01-31.xsd#us-gaap_QuantifyingMisstatementInCurrentYearFinancialStatementsByNatureOfErrorAxis' xlink:label='loc_QuantifyingMisstatementInCurrentYearFinancialStatementsByNatureOfErrorAxis' xlink:type='locator' />
<link:definitionArc order='1.0' xlink:arcrole='http://xbrl.org/int/dim/arcrole/hypercube-dimension' xlink:from='loc_ScheduleOfQuantifyingPriorYearMisstatementCorrectedInCurrentYearFinancialStatementsTable' xlink:to='loc_QuantifyingMisstatementInCurrentYearFinancialStatementsByNatureOfErrorAxis' xlink:type='arc' />
</link:definitionLink>
<link:definitionLink xlink:role='http://fasb.org/us-gaap/role/disclosure/AccountingChangesAndErrorCorrectionsScheduleOfQuantifyingPriorYearMisstatementCorrectedInCurrentYearFinancialStatementsTable' xlink:type='extended'>
<link:loc xlink:href='../elts/us-gaap-2011-01-31.xsd#us-gaap_QuantifyingMisstatementInCurrentYearFinancialStatementsByNatureOfErrorAxis' xlink:label='loc_QuantifyingMisstatementInCurrentYearFinancialStatementsByNatureOfErrorAxis' xlink:type='locator' />
<link:loc xlink:href='../elts/us-gaap-2011-01-31.xsd#us-gaap_NatureOfErrorDomain' xlink:label='loc_NatureOfErrorDomain' xlink:type='locator' />
<link:definitionArc order='1.0' xlink:arcrole='http://xbrl.org/int/dim/arcrole/dimension-domain' xlink:from='loc_QuantifyingMisstatementInCurrentYearFinancialStatementsByNatureOfErrorAxis' xlink:to='loc_NatureOfErrorDomain' xlink:type='arc' />
</link:definitionLink>
<link:definitionLink xlink:role='http://fasb.org/us-gaap/role/disclosure/AccountingChangesAndErrorCorrectionsScheduleOfQuantifyingPriorYearMisstatementCorrectedInCurrentYearFinancialStatementsTable' xlink:type='extended'>
<link:loc xlink:href='../elts/us-gaap-2011-01-31.xsd#us-gaap_QuantifyingMisstatementInCurrentYearFinancialStatementsByNatureOfErrorAxis' xlink:label='loc_QuantifyingMisstatementInCurrentYearFinancialStatementsByNatureOfErrorAxis' xlink:type='locator' />
<link:loc xlink:href='../elts/us-gaap-2011-01-31.xsd#us-gaap_NatureOfErrorDomain' xlink:label='loc_NatureOfErrorDomain' xlink:type='locator' />
<link:definitionArc order='1.0' xlink:arcrole='http://xbrl.org/int/dim/arcrole/dimension-default' xlink:from='loc_QuantifyingMisstatementInCurrentYearFinancialStatementsByNatureOfErrorAxis' xlink:to='loc_NatureOfErrorDomain' xlink:type='arc' />
</link:definitionLink>
<link:definitionLink xlink:role='http://fasb.org/us-gaap/role/disclosure/AccountingChangesAndErrorCorrectionsScheduleOfQuantifyingPriorYearMisstatementCorrectedInCurrentYearFinancialStatementsTable' xlink:type='extended'>
<link:loc xlink:href='../elts/us-gaap-2011-01-31.xsd#us-gaap_QuantifyingMisstatementInCurrentYearFinancialStatementsLineItems' xlink:label='loc_QuantifyingMisstatementInCurrentYearFinancialStatementsLineItems' xlink:type='locator' />
<link:loc xlink:href='../elts/us-gaap-2011-01-31.xsd#us-gaap_QuantifyingMisstatementInCurrentYearFinancialStatementsAmount' xlink:label='loc_QuantifyingMisstatementInCurrentYearFinancialStatementsAmount' xlink:type='locator' />
<link:definitionArc order='1.0' xlink:arcrole='http://xbrl.org/int/dim/arcrole/domain-member' xlink:from='loc_QuantifyingMisstatementInCurrentYearFinancialStatementsLineItems' xlink:to='loc_QuantifyingMisstatementInCurrentYearFinancialStatementsAmount' xlink:type='arc' />
</link:definitionLink>
</link:linkbase>
