<?xml version="1.0" encoding="UTF-8" standalone="no"?>

<!--
(c) XBRL US, Inc. 2007-2010; Financial Accounting Foundation, Inc. 2010-2011.  All Rights Reserved.
Notice: Authorized Uses are Set Forth at http://xbrl.fasb.org/terms/TaxonomiesTermsConditions.html
  -->
<link:linkbase xmlns:link='http://www.xbrl.org/2003/linkbase' xmlns:xlink='http://www.w3.org/1999/xlink' xmlns:xsi='http://www.w3.org/2001/XMLSchema-instance' xsi:schemaLocation='http://www.xbrl.org/2003/linkbase http://www.xbrl.org/2003/xbrl-linkbase-2003-12-31.xsd'>
<link:roleRef roleURI='http://fasb.org/us-gaap/role/disclosure/DevelopingStageEnterprises' xlink:href='../elts/us-roles-2011-01-31.xsd#dse' xlink:type='simple' />
<presentationLink xlink:role='http://fasb.org/us-gaap/role/disclosure/DevelopingStageEnterprises' xlink:type='extended' xmlns='http://www.xbrl.org/2003/linkbase'>
<link:loc xlink:href='../elts/us-gaap-2011-01-31.xsd#us-gaap_DevelopmentStageEnterprisesAbstract' xlink:label='loc_DevelopmentStageEnterprisesAbstract' xlink:type='locator' />
<link:loc xlink:href='../elts/us-gaap-2011-01-31.xsd#us-gaap_DevelopmentStageEnterpriseGeneralDisclosuresTextBlock' xlink:label='loc_DevelopmentStageEnterpriseGeneralDisclosuresTextBlock' xlink:type='locator' />
<link:loc xlink:href='../elts/us-gaap-2011-01-31.xsd#us-gaap_DevelopmentStageEnterpriseDeficitAccumulatedDuringDevelopmentStage' xlink:label='loc_DevelopmentStageEnterpriseDeficitAccumulatedDuringDevelopmentStage' xlink:type='locator' />
<link:loc xlink:href='../elts/us-gaap-2011-01-31.xsd#us-gaap_DevelopmentStageEnterpriseAdditionalInformationForIncomeStatementAbstract' xlink:label='loc_DevelopmentStageEnterpriseAdditionalInformationForIncomeStatementAbstract' xlink:type='locator' />
<link:loc xlink:href='../elts/us-gaap-2011-01-31.xsd#us-gaap_DevelopmentStageEnterpriseCumulativeRevenue' xlink:label='loc_DevelopmentStageEnterpriseCumulativeRevenue' xlink:type='locator' />
<link:loc xlink:href='../elts/us-gaap-2011-01-31.xsd#us-gaap_DevelopmentStageEnterpriseCumulativeExpense' xlink:label='loc_DevelopmentStageEnterpriseCumulativeExpense' xlink:type='locator' />
<link:loc xlink:href='../elts/us-gaap-2011-01-31.xsd#us-gaap_DevelopmentStageEnterpriseAdditionalInformationForStatementOfCashFlowsAbstract' xlink:label='loc_DevelopmentStageEnterpriseAdditionalInformationForStatementOfCashFlowsAbstract' xlink:type='locator' />
<link:loc xlink:href='../elts/us-gaap-2011-01-31.xsd#us-gaap_DevelopmentStageEnterpriseCumulativeCashInflows' xlink:label='loc_DevelopmentStageEnterpriseCumulativeCashInflows' xlink:type='locator' />
<link:loc xlink:href='../elts/us-gaap-2011-01-31.xsd#us-gaap_DevelopmentStageEnterpriseCumulativeCashOutflows' xlink:label='loc_DevelopmentStageEnterpriseCumulativeCashOutflows' xlink:type='locator' />
<link:loc xlink:href='../elts/us-gaap-2011-01-31.xsd#us-gaap_DevelopmentStageEnterpriseAdditionalInformationForStatementOfStockholdersEquityDisclosureAbstract' xlink:label='loc_DevelopmentStageEnterpriseAdditionalInformationForStatementOfStockholdersEquityDisclosureAbstract' xlink:type='locator' />
<link:loc xlink:href='../elts/us-gaap-2011-01-31.xsd#us-gaap_ScheduleOfEquityIssuedSinceInceptionTextBlock' xlink:label='loc_ScheduleOfEquityIssuedSinceInceptionTextBlock' xlink:type='locator' />
<link:loc xlink:href='../elts/us-gaap-2011-01-31.xsd#us-gaap_ScheduleOfEquityIssuedSinceInceptionTable' xlink:label='loc_ScheduleOfEquityIssuedSinceInceptionTable' xlink:type='locator' />
<link:loc xlink:href='../elts/us-gaap-2011-01-31.xsd#us-gaap_EquityIssuedSinceInceptionByIssuanceAxis' xlink:label='loc_EquityIssuedSinceInceptionByIssuanceAxis' xlink:type='locator' />
<link:loc xlink:href='../elts/us-gaap-2011-01-31.xsd#us-gaap_IssuanceDomain' xlink:label='loc_IssuanceDomain' xlink:type='locator' />
<link:loc xlink:href='../elts/us-gaap-2011-01-31.xsd#us-gaap_EquityIssuanceSinceInceptionLineItems' xlink:label='loc_EquityIssuanceSinceInceptionLineItems' xlink:type='locator' />
<link:loc xlink:href='../elts/us-gaap-2011-01-31.xsd#us-gaap_EquityIssuanceDates' xlink:label='loc_EquityIssuanceDates' xlink:type='locator' />
<link:loc xlink:href='../elts/us-gaap-2011-01-31.xsd#us-gaap_EquityIssuanceNumberOfEquitySecuritiesIssuedForCash' xlink:label='loc_EquityIssuanceNumberOfEquitySecuritiesIssuedForCash' xlink:type='locator' />
<link:loc xlink:href='../elts/us-gaap-2011-01-31.xsd#us-gaap_EquityIssuanceDollarAmountPerShare' xlink:label='loc_EquityIssuanceDollarAmountPerShare' xlink:type='locator' />
<link:loc xlink:href='../elts/us-gaap-2011-01-31.xsd#us-gaap_EquityIssuanceTotalDollarAmount' xlink:label='loc_EquityIssuanceTotalDollarAmount' xlink:type='locator' />
<link:loc xlink:href='../elts/us-gaap-2011-01-31.xsd#us-gaap_EquityIssuanceNumberOfEquitySecuritiesIssuedForNoncashConsiderations' xlink:label='loc_EquityIssuanceNumberOfEquitySecuritiesIssuedForNoncashConsiderations' xlink:type='locator' />
<link:loc xlink:href='../elts/us-gaap-2011-01-31.xsd#us-gaap_EquityIssuanceNoncashConsiderationsDetails' xlink:label='loc_EquityIssuanceNoncashConsiderationsDetails' xlink:type='locator' />
<link:loc xlink:href='../elts/us-gaap-2011-01-31.xsd#us-gaap_IndicationThatFinancialStatementsAreThoseOfDevelopmentStageEnterprise' xlink:label='loc_IndicationThatFinancialStatementsAreThoseOfDevelopmentStageEnterprise' xlink:type='locator' />
<link:loc xlink:href='../elts/us-gaap-2011-01-31.xsd#us-gaap_IndicationThatEntityWasInDevelopmentStageInPriorYears' xlink:label='loc_IndicationThatEntityWasInDevelopmentStageInPriorYears' xlink:type='locator' />
<link:loc xlink:href='../elts/us-gaap-2011-01-31.xsd#us-gaap_DevelopmentStageEnterpriseNatureOfActivities' xlink:label='loc_DevelopmentStageEnterpriseNatureOfActivities' xlink:type='locator' />
<link:loc xlink:href='../elts/us-gaap-2011-01-31.xsd#us-gaap_DevelopmentStageEnterpriseDevelopmentStageExitStrategy' xlink:label='loc_DevelopmentStageEnterpriseDevelopmentStageExitStrategy' xlink:type='locator' />
<presentationArc order='10' xlink:arcrole='http://www.xbrl.org/2003/arcrole/parent-child' xlink:from='loc_DevelopmentStageEnterprisesAbstract' xlink:to='loc_DevelopmentStageEnterpriseGeneralDisclosuresTextBlock' xlink:type='arc' />
<presentationArc order='10' xlink:arcrole='http://www.xbrl.org/2003/arcrole/parent-child' xlink:from='loc_DevelopmentStageEnterpriseGeneralDisclosuresTextBlock' xlink:to='loc_DevelopmentStageEnterpriseDeficitAccumulatedDuringDevelopmentStage' xlink:type='arc' />
<presentationArc order='20' xlink:arcrole='http://www.xbrl.org/2003/arcrole/parent-child' xlink:from='loc_DevelopmentStageEnterpriseGeneralDisclosuresTextBlock' xlink:to='loc_DevelopmentStageEnterpriseAdditionalInformationForIncomeStatementAbstract' xlink:type='arc' />
<presentationArc order='10' xlink:arcrole='http://www.xbrl.org/2003/arcrole/parent-child' xlink:from='loc_DevelopmentStageEnterpriseAdditionalInformationForIncomeStatementAbstract' xlink:to='loc_DevelopmentStageEnterpriseCumulativeRevenue' xlink:type='arc' />
<presentationArc order='20' xlink:arcrole='http://www.xbrl.org/2003/arcrole/parent-child' xlink:from='loc_DevelopmentStageEnterpriseAdditionalInformationForIncomeStatementAbstract' xlink:to='loc_DevelopmentStageEnterpriseCumulativeExpense' xlink:type='arc' />
<presentationArc order='30' xlink:arcrole='http://www.xbrl.org/2003/arcrole/parent-child' xlink:from='loc_DevelopmentStageEnterpriseGeneralDisclosuresTextBlock' xlink:to='loc_DevelopmentStageEnterpriseAdditionalInformationForStatementOfCashFlowsAbstract' xlink:type='arc' />
<presentationArc order='10' xlink:arcrole='http://www.xbrl.org/2003/arcrole/parent-child' xlink:from='loc_DevelopmentStageEnterpriseAdditionalInformationForStatementOfCashFlowsAbstract' xlink:to='loc_DevelopmentStageEnterpriseCumulativeCashInflows' xlink:type='arc' />
<presentationArc order='20' xlink:arcrole='http://www.xbrl.org/2003/arcrole/parent-child' xlink:from='loc_DevelopmentStageEnterpriseAdditionalInformationForStatementOfCashFlowsAbstract' xlink:to='loc_DevelopmentStageEnterpriseCumulativeCashOutflows' xlink:type='arc' />
<presentationArc order='40' xlink:arcrole='http://www.xbrl.org/2003/arcrole/parent-child' xlink:from='loc_DevelopmentStageEnterpriseGeneralDisclosuresTextBlock' xlink:to='loc_DevelopmentStageEnterpriseAdditionalInformationForStatementOfStockholdersEquityDisclosureAbstract' xlink:type='arc' />
<presentationArc order='10' xlink:arcrole='http://www.xbrl.org/2003/arcrole/parent-child' xlink:from='loc_DevelopmentStageEnterpriseAdditionalInformationForStatementOfStockholdersEquityDisclosureAbstract' xlink:to='loc_ScheduleOfEquityIssuedSinceInceptionTextBlock' xlink:type='arc' />
<presentationArc order='10' xlink:arcrole='http://www.xbrl.org/2003/arcrole/parent-child' xlink:from='loc_ScheduleOfEquityIssuedSinceInceptionTextBlock' xlink:to='loc_ScheduleOfEquityIssuedSinceInceptionTable' xlink:type='arc' />
<presentationArc order='10' xlink:arcrole='http://www.xbrl.org/2003/arcrole/parent-child' xlink:from='loc_ScheduleOfEquityIssuedSinceInceptionTable' xlink:to='loc_EquityIssuedSinceInceptionByIssuanceAxis' xlink:type='arc' />
<presentationArc order='10' xlink:arcrole='http://www.xbrl.org/2003/arcrole/parent-child' xlink:from='loc_EquityIssuedSinceInceptionByIssuanceAxis' xlink:to='loc_IssuanceDomain' xlink:type='arc' />
<presentationArc order='20' xlink:arcrole='http://www.xbrl.org/2003/arcrole/parent-child' xlink:from='loc_ScheduleOfEquityIssuedSinceInceptionTable' xlink:to='loc_EquityIssuanceSinceInceptionLineItems' xlink:type='arc' />
<presentationArc order='10' xlink:arcrole='http://www.xbrl.org/2003/arcrole/parent-child' xlink:from='loc_EquityIssuanceSinceInceptionLineItems' xlink:to='loc_EquityIssuanceDates' xlink:type='arc' />
<presentationArc order='20' xlink:arcrole='http://www.xbrl.org/2003/arcrole/parent-child' xlink:from='loc_EquityIssuanceSinceInceptionLineItems' xlink:to='loc_EquityIssuanceNumberOfEquitySecuritiesIssuedForCash' xlink:type='arc' />
<presentationArc order='30' xlink:arcrole='http://www.xbrl.org/2003/arcrole/parent-child' xlink:from='loc_EquityIssuanceSinceInceptionLineItems' xlink:to='loc_EquityIssuanceDollarAmountPerShare' xlink:type='arc' />
<presentationArc order='40' xlink:arcrole='http://www.xbrl.org/2003/arcrole/parent-child' xlink:from='loc_EquityIssuanceSinceInceptionLineItems' xlink:to='loc_EquityIssuanceTotalDollarAmount' xlink:type='arc' />
<presentationArc order='50' xlink:arcrole='http://www.xbrl.org/2003/arcrole/parent-child' xlink:from='loc_EquityIssuanceSinceInceptionLineItems' xlink:to='loc_EquityIssuanceNumberOfEquitySecuritiesIssuedForNoncashConsiderations' xlink:type='arc' />
<presentationArc order='60' xlink:arcrole='http://www.xbrl.org/2003/arcrole/parent-child' xlink:from='loc_EquityIssuanceSinceInceptionLineItems' xlink:to='loc_EquityIssuanceNoncashConsiderationsDetails' xlink:type='arc' />
<presentationArc order='50' xlink:arcrole='http://www.xbrl.org/2003/arcrole/parent-child' xlink:from='loc_DevelopmentStageEnterpriseGeneralDisclosuresTextBlock' xlink:to='loc_IndicationThatFinancialStatementsAreThoseOfDevelopmentStageEnterprise' xlink:type='arc' />
<presentationArc order='60' xlink:arcrole='http://www.xbrl.org/2003/arcrole/parent-child' xlink:from='loc_DevelopmentStageEnterpriseGeneralDisclosuresTextBlock' xlink:to='loc_IndicationThatEntityWasInDevelopmentStageInPriorYears' xlink:type='arc' />
<presentationArc order='70' xlink:arcrole='http://www.xbrl.org/2003/arcrole/parent-child' xlink:from='loc_DevelopmentStageEnterpriseGeneralDisclosuresTextBlock' xlink:to='loc_DevelopmentStageEnterpriseNatureOfActivities' xlink:type='arc' />
<presentationArc order='80' xlink:arcrole='http://www.xbrl.org/2003/arcrole/parent-child' xlink:from='loc_DevelopmentStageEnterpriseGeneralDisclosuresTextBlock' xlink:to='loc_DevelopmentStageEnterpriseDevelopmentStageExitStrategy' xlink:type='arc' />
</presentationLink>
</link:linkbase>
