<?xml version="1.0" encoding="UTF-8" standalone="no"?>

<!--
(c) XBRL US, Inc. 2007-2010; Financial Accounting Foundation, Inc. 2010-2011.  All Rights Reserved.
Notice: Authorized Uses are Set Forth at http://xbrl.fasb.org/terms/TaxonomiesTermsConditions.html
  -->
<link:linkbase xmlns:link='http://www.xbrl.org/2003/linkbase' xmlns:xbrldt='http://xbrl.org/2005/xbrldt' xmlns:xlink='http://www.w3.org/1999/xlink' xmlns:xsi='http://www.w3.org/2001/XMLSchema-instance' xsi:schemaLocation='http://www.xbrl.org/2003/linkbase http://www.xbrl.org/2003/xbrl-linkbase-2003-12-31.xsd'>
<link:roleRef roleURI='http://fasb.org/us-gaap/role/disclosure/InvestmentsInAndAdvancesToAffiliates' xlink:href='../elts/us-roles-2011-01-31.xsd#schedoi-iiaa' xlink:type='simple' />
<link:roleRef roleURI='http://fasb.org/us-gaap/role/disclosure/InvestmentsInAndAdvancesToAffiliatesScheduleOfInvestmentsTable' xlink:href='../elts/us-roles-2011-01-31.xsd#InvestmentsInAndAdvancesToAffiliatesScheduleOfInvestmentsTable' xlink:type='simple' />
<link:arcroleRef arcroleURI='http://xbrl.org/int/dim/arcrole/all' xlink:href='http://www.xbrl.org/2005/xbrldt-2005.xsd#all' xlink:type='simple' />
<link:arcroleRef arcroleURI='http://xbrl.org/int/dim/arcrole/hypercube-dimension' xlink:href='http://www.xbrl.org/2005/xbrldt-2005.xsd#hypercube-dimension' xlink:type='simple' />
<link:arcroleRef arcroleURI='http://xbrl.org/int/dim/arcrole/dimension-domain' xlink:href='http://www.xbrl.org/2005/xbrldt-2005.xsd#dimension-domain' xlink:type='simple' />
<link:arcroleRef arcroleURI='http://xbrl.org/int/dim/arcrole/dimension-default' xlink:href='http://www.xbrl.org/2005/xbrldt-2005.xsd#dimension-default' xlink:type='simple' />
<link:arcroleRef arcroleURI='http://xbrl.org/int/dim/arcrole/domain-member' xlink:href='http://www.xbrl.org/2005/xbrldt-2005.xsd#domain-member' xlink:type='simple' />
<!--Definition relationships for table ScheduleOfInvestmentsTable in presentation http://fasb.org/us-gaap/role/disclosure/InvestmentsInAndAdvancesToAffiliates-->
<link:definitionLink xlink:role='http://fasb.org/us-gaap/role/disclosure/InvestmentsInAndAdvancesToAffiliatesScheduleOfInvestmentsTable' xlink:type='extended'>
<link:loc xlink:href='../elts/us-gaap-2011-01-31.xsd#us-gaap_ScheduleOfInvestmentsTable' xlink:label='loc_ScheduleOfInvestmentsTable' xlink:type='locator' />
<link:loc xlink:href='../elts/us-gaap-2011-01-31.xsd#us-gaap_ScheduleOfInvestmentsLineItems' xlink:label='loc_ScheduleOfInvestmentsLineItems' xlink:type='locator' />
<link:definitionArc order='1.0' xbrldt:closed='true' xbrldt:contextElement='segment' xlink:arcrole='http://xbrl.org/int/dim/arcrole/all' xlink:from='loc_ScheduleOfInvestmentsLineItems' xlink:to='loc_ScheduleOfInvestmentsTable' xlink:type='arc' />
</link:definitionLink>
<link:definitionLink xlink:role='http://fasb.org/us-gaap/role/disclosure/InvestmentsInAndAdvancesToAffiliatesScheduleOfInvestmentsTable' xlink:type='extended'>
<link:loc xlink:href='../elts/us-gaap-2011-01-31.xsd#us-gaap_ScheduleOfInvestmentsTable' xlink:label='loc_ScheduleOfInvestmentsTable' xlink:type='locator' />
<link:loc xlink:href='http://xbrl.sec.gov/dei/2011/dei-2011-01-31.xsd#dei_LegalEntityAxis' xlink:label='loc_LegalEntityAxis' xlink:type='locator' />
<link:definitionArc order='1.0' xlink:arcrole='http://xbrl.org/int/dim/arcrole/hypercube-dimension' xlink:from='loc_ScheduleOfInvestmentsTable' xlink:to='loc_LegalEntityAxis' xlink:type='arc' />
</link:definitionLink>
<link:definitionLink xlink:role='http://fasb.org/us-gaap/role/disclosure/InvestmentsInAndAdvancesToAffiliatesScheduleOfInvestmentsTable' xlink:type='extended'>
<link:loc xlink:href='http://xbrl.sec.gov/dei/2011/dei-2011-01-31.xsd#dei_LegalEntityAxis' xlink:label='loc_LegalEntityAxis' xlink:type='locator' />
<link:loc xlink:href='http://xbrl.sec.gov/dei/2011/dei-2011-01-31.xsd#dei_EntityDomain' xlink:label='loc_EntityDomain' xlink:type='locator' />
<link:definitionArc order='1.0' xlink:arcrole='http://xbrl.org/int/dim/arcrole/dimension-domain' xlink:from='loc_LegalEntityAxis' xlink:to='loc_EntityDomain' xlink:type='arc' />
</link:definitionLink>
<link:definitionLink xlink:role='http://fasb.org/us-gaap/role/disclosure/InvestmentsInAndAdvancesToAffiliatesScheduleOfInvestmentsTable' xlink:type='extended'>
<link:loc xlink:href='http://xbrl.sec.gov/dei/2011/dei-2011-01-31.xsd#dei_LegalEntityAxis' xlink:label='loc_LegalEntityAxis' xlink:type='locator' />
<link:loc xlink:href='http://xbrl.sec.gov/dei/2011/dei-2011-01-31.xsd#dei_EntityDomain' xlink:label='loc_EntityDomain' xlink:type='locator' />
<link:definitionArc order='1.0' xlink:arcrole='http://xbrl.org/int/dim/arcrole/dimension-default' xlink:from='loc_LegalEntityAxis' xlink:to='loc_EntityDomain' xlink:type='arc' />
</link:definitionLink>
<link:definitionLink xlink:role='http://fasb.org/us-gaap/role/disclosure/InvestmentsInAndAdvancesToAffiliatesScheduleOfInvestmentsTable' xlink:type='extended'>
<link:loc xlink:href='../elts/us-gaap-2011-01-31.xsd#us-gaap_ScheduleOfInvestmentsLineItems' xlink:label='loc_ScheduleOfInvestmentsLineItems' xlink:type='locator' />
<link:loc xlink:href='../elts/us-gaap-2011-01-31.xsd#us-gaap_InvestmentsInAndAdvancesToAffiliatesTextBlock' xlink:label='loc_InvestmentsInAndAdvancesToAffiliatesTextBlock' xlink:type='locator' />
<link:loc xlink:href='../elts/us-gaap-2011-01-31.xsd#us-gaap_InvestmentsInAndAdvancesToAffiliatesLineItems' xlink:label='loc_InvestmentsInAndAdvancesToAffiliatesLineItems' xlink:type='locator' />
<link:loc xlink:href='../elts/us-gaap-2011-01-31.xsd#us-gaap_InvestmentsInAndAdvancesToAffiliatesBalanceAbstract' xlink:label='loc_InvestmentsInAndAdvancesToAffiliatesBalanceAbstract' xlink:type='locator' />
<link:loc xlink:href='../elts/us-gaap-2011-01-31.xsd#us-gaap_InvestmentsInAndAdvancesToAffiliatesBalanceShares' xlink:label='loc_InvestmentsInAndAdvancesToAffiliatesBalanceShares' xlink:type='locator' />
<link:loc xlink:href='../elts/us-gaap-2011-01-31.xsd#us-gaap_InvestmentsInAndAdvancesToAffiliatesBalanceContracts' xlink:label='loc_InvestmentsInAndAdvancesToAffiliatesBalanceContracts' xlink:type='locator' />
<link:loc xlink:href='../elts/us-gaap-2011-01-31.xsd#us-gaap_InvestmentsInAndAdvancesToAffiliatesBalancePrincipalAmount' xlink:label='loc_InvestmentsInAndAdvancesToAffiliatesBalancePrincipalAmount' xlink:type='locator' />
<link:loc xlink:href='../elts/us-gaap-2011-01-31.xsd#us-gaap_InvestmentsInAndAdvancesToAffiliatesBalanceOtherMeasure' xlink:label='loc_InvestmentsInAndAdvancesToAffiliatesBalanceOtherMeasure' xlink:type='locator' />
<link:loc xlink:href='../elts/us-gaap-2011-01-31.xsd#us-gaap_InvestmentsInAndAdvancesToAffiliatesAmountOfEquity' xlink:label='loc_InvestmentsInAndAdvancesToAffiliatesAmountOfEquity' xlink:type='locator' />
<link:loc xlink:href='../elts/us-gaap-2011-01-31.xsd#us-gaap_InvestmentsInAndAdvancesToAffiliatesDividendsOrInterest' xlink:label='loc_InvestmentsInAndAdvancesToAffiliatesDividendsOrInterest' xlink:type='locator' />
<link:loc xlink:href='../elts/us-gaap-2011-01-31.xsd#us-gaap_InvestmentsInAndAdvancesToAffiliatesDividendOrInterestCreditedToIncome' xlink:label='loc_InvestmentsInAndAdvancesToAffiliatesDividendOrInterestCreditedToIncome' xlink:type='locator' />
<link:loc xlink:href='../elts/us-gaap-2011-01-31.xsd#us-gaap_InvestmentsInAndAdvancesToAffiliatesDividendOrInterestOther' xlink:label='loc_InvestmentsInAndAdvancesToAffiliatesDividendOrInterestOther' xlink:type='locator' />
<link:loc xlink:href='../elts/us-gaap-2011-01-31.xsd#us-gaap_InvestmentsInAndAdvancesToAffiliatesNoncashDividendsFlag' xlink:label='loc_InvestmentsInAndAdvancesToAffiliatesNoncashDividendsFlag' xlink:type='locator' />
<link:loc xlink:href='../elts/us-gaap-2011-01-31.xsd#us-gaap_InvestmentsInAndAdvancesToAffiliatesAtFairValueRollForward' xlink:label='loc_InvestmentsInAndAdvancesToAffiliatesAtFairValueRollForward' xlink:type='locator' />
<link:loc xlink:href='../elts/us-gaap-2011-01-31.xsd#us-gaap_InvestmentsInAndAdvancesToAffiliatesAtFairValue' xlink:label='loc_InvestmentsInAndAdvancesToAffiliatesAtFairValue' xlink:type='locator' />
<link:loc xlink:href='../elts/us-gaap-2011-01-31.xsd#us-gaap_InvestmentsInAndAdvancesToAffiliatesAtFairValueGrossAdditions' xlink:label='loc_InvestmentsInAndAdvancesToAffiliatesAtFairValueGrossAdditions' xlink:type='locator' />
<link:loc xlink:href='../elts/us-gaap-2011-01-31.xsd#us-gaap_InvestmentsInAndAdvancesToAffiliatesAtFairValueGrossReductions' xlink:label='loc_InvestmentsInAndAdvancesToAffiliatesAtFairValueGrossReductions' xlink:type='locator' />
<link:loc xlink:href='../elts/us-gaap-2011-01-31.xsd#us-gaap_InvestmentsInAndAdvancesToAffiliatesAtFairValuePeriodIncreaseDecrease' xlink:label='loc_InvestmentsInAndAdvancesToAffiliatesAtFairValuePeriodIncreaseDecrease' xlink:type='locator' />
<link:loc xlink:href='../elts/us-gaap-2011-01-31.xsd#us-gaap_InvestmentsInAndAdvancesToAffiliatesAdditionalInformation' xlink:label='loc_InvestmentsInAndAdvancesToAffiliatesAdditionalInformation' xlink:type='locator' />
<link:definitionArc order='1.0' xlink:arcrole='http://xbrl.org/int/dim/arcrole/domain-member' xlink:from='loc_ScheduleOfInvestmentsLineItems' xlink:to='loc_InvestmentsInAndAdvancesToAffiliatesTextBlock' xlink:type='arc' />
<link:definitionArc order='2.0' xlink:arcrole='http://xbrl.org/int/dim/arcrole/domain-member' xlink:from='loc_InvestmentsInAndAdvancesToAffiliatesTextBlock' xlink:to='loc_InvestmentsInAndAdvancesToAffiliatesLineItems' xlink:type='arc' />
<link:definitionArc order='3.0' xlink:arcrole='http://xbrl.org/int/dim/arcrole/domain-member' xlink:from='loc_InvestmentsInAndAdvancesToAffiliatesLineItems' xlink:to='loc_InvestmentsInAndAdvancesToAffiliatesBalanceAbstract' xlink:type='arc' />
<link:definitionArc order='4.0' xlink:arcrole='http://xbrl.org/int/dim/arcrole/domain-member' xlink:from='loc_InvestmentsInAndAdvancesToAffiliatesBalanceAbstract' xlink:to='loc_InvestmentsInAndAdvancesToAffiliatesBalanceShares' xlink:type='arc' />
<link:definitionArc order='5.0' xlink:arcrole='http://xbrl.org/int/dim/arcrole/domain-member' xlink:from='loc_InvestmentsInAndAdvancesToAffiliatesBalanceAbstract' xlink:to='loc_InvestmentsInAndAdvancesToAffiliatesBalanceContracts' xlink:type='arc' />
<link:definitionArc order='6.0' xlink:arcrole='http://xbrl.org/int/dim/arcrole/domain-member' xlink:from='loc_InvestmentsInAndAdvancesToAffiliatesBalanceAbstract' xlink:to='loc_InvestmentsInAndAdvancesToAffiliatesBalancePrincipalAmount' xlink:type='arc' />
<link:definitionArc order='7.0' xlink:arcrole='http://xbrl.org/int/dim/arcrole/domain-member' xlink:from='loc_InvestmentsInAndAdvancesToAffiliatesBalanceAbstract' xlink:to='loc_InvestmentsInAndAdvancesToAffiliatesBalanceOtherMeasure' xlink:type='arc' />
<link:definitionArc order='8.0' xlink:arcrole='http://xbrl.org/int/dim/arcrole/domain-member' xlink:from='loc_InvestmentsInAndAdvancesToAffiliatesLineItems' xlink:to='loc_InvestmentsInAndAdvancesToAffiliatesAmountOfEquity' xlink:type='arc' />
<link:definitionArc order='9.0' xlink:arcrole='http://xbrl.org/int/dim/arcrole/domain-member' xlink:from='loc_InvestmentsInAndAdvancesToAffiliatesLineItems' xlink:to='loc_InvestmentsInAndAdvancesToAffiliatesDividendsOrInterest' xlink:type='arc' />
<link:definitionArc order='10.0' xlink:arcrole='http://xbrl.org/int/dim/arcrole/domain-member' xlink:from='loc_InvestmentsInAndAdvancesToAffiliatesDividendsOrInterest' xlink:to='loc_InvestmentsInAndAdvancesToAffiliatesDividendOrInterestCreditedToIncome' xlink:type='arc' />
<link:definitionArc order='11.0' xlink:arcrole='http://xbrl.org/int/dim/arcrole/domain-member' xlink:from='loc_InvestmentsInAndAdvancesToAffiliatesDividendsOrInterest' xlink:to='loc_InvestmentsInAndAdvancesToAffiliatesDividendOrInterestOther' xlink:type='arc' />
<link:definitionArc order='12.0' xlink:arcrole='http://xbrl.org/int/dim/arcrole/domain-member' xlink:from='loc_InvestmentsInAndAdvancesToAffiliatesDividendsOrInterest' xlink:to='loc_InvestmentsInAndAdvancesToAffiliatesNoncashDividendsFlag' xlink:type='arc' />
<link:definitionArc order='13.0' xlink:arcrole='http://xbrl.org/int/dim/arcrole/domain-member' xlink:from='loc_InvestmentsInAndAdvancesToAffiliatesLineItems' xlink:to='loc_InvestmentsInAndAdvancesToAffiliatesAtFairValueRollForward' xlink:type='arc' />
<link:definitionArc order='14.0' xlink:arcrole='http://xbrl.org/int/dim/arcrole/domain-member' xlink:from='loc_InvestmentsInAndAdvancesToAffiliatesAtFairValueRollForward' xlink:to='loc_InvestmentsInAndAdvancesToAffiliatesAtFairValue' xlink:type='arc' />
<link:definitionArc order='15.0' xlink:arcrole='http://xbrl.org/int/dim/arcrole/domain-member' xlink:from='loc_InvestmentsInAndAdvancesToAffiliatesAtFairValueRollForward' xlink:to='loc_InvestmentsInAndAdvancesToAffiliatesAtFairValueGrossAdditions' xlink:type='arc' />
<link:definitionArc order='16.0' xlink:arcrole='http://xbrl.org/int/dim/arcrole/domain-member' xlink:from='loc_InvestmentsInAndAdvancesToAffiliatesAtFairValueRollForward' xlink:to='loc_InvestmentsInAndAdvancesToAffiliatesAtFairValueGrossReductions' xlink:type='arc' />
<link:definitionArc order='17.0' xlink:arcrole='http://xbrl.org/int/dim/arcrole/domain-member' xlink:from='loc_InvestmentsInAndAdvancesToAffiliatesAtFairValueRollForward' xlink:to='loc_InvestmentsInAndAdvancesToAffiliatesAtFairValuePeriodIncreaseDecrease' xlink:type='arc' />
<link:definitionArc order='19.0' xlink:arcrole='http://xbrl.org/int/dim/arcrole/domain-member' xlink:from='loc_InvestmentsInAndAdvancesToAffiliatesLineItems' xlink:to='loc_InvestmentsInAndAdvancesToAffiliatesAdditionalInformation' xlink:type='arc' />
</link:definitionLink>
<!--Definition relationships for table InvestmentsInAndAdvancesToAffiliatesTable in presentation http://fasb.org/us-gaap/role/disclosure/InvestmentsInAndAdvancesToAffiliates-->
<link:definitionLink xlink:role='http://fasb.org/us-gaap/role/disclosure/InvestmentsInAndAdvancesToAffiliates' xlink:type='extended'>
<link:loc xlink:href='../elts/us-gaap-2011-01-31.xsd#us-gaap_InvestmentsInAndAdvancesToAffiliatesTable' xlink:label='loc_InvestmentsInAndAdvancesToAffiliatesTable' xlink:type='locator' />
<link:loc xlink:href='../elts/us-gaap-2011-01-31.xsd#us-gaap_InvestmentsInAndAdvancesToAffiliatesLineItems' xlink:label='loc_InvestmentsInAndAdvancesToAffiliatesLineItems' xlink:type='locator' />
<link:definitionArc order='1.0' xbrldt:closed='true' xbrldt:contextElement='segment' xlink:arcrole='http://xbrl.org/int/dim/arcrole/all' xlink:from='loc_InvestmentsInAndAdvancesToAffiliatesLineItems' xlink:to='loc_InvestmentsInAndAdvancesToAffiliatesTable' xlink:type='arc' />
</link:definitionLink>
<link:definitionLink xlink:role='http://fasb.org/us-gaap/role/disclosure/InvestmentsInAndAdvancesToAffiliates' xlink:type='extended'>
<link:loc xlink:href='../elts/us-gaap-2011-01-31.xsd#us-gaap_InvestmentsInAndAdvancesToAffiliatesTable' xlink:label='loc_InvestmentsInAndAdvancesToAffiliatesTable' xlink:type='locator' />
<link:loc xlink:href='http://xbrl.sec.gov/dei/2011/dei-2011-01-31.xsd#dei_LegalEntityAxis' xlink:label='loc_LegalEntityAxis' xlink:type='locator' />
<link:loc xlink:href='../elts/us-gaap-2011-01-31.xsd#us-gaap_InvestmentsInAndAdvancesToAffiliatesCategorizationAxis' xlink:label='loc_InvestmentsInAndAdvancesToAffiliatesCategorizationAxis' xlink:type='locator' />
<link:loc xlink:href='http://xbrl.sec.gov/invest/2011/invest-2011-01-31.xsd#invest_InvestmentAxis' xlink:label='loc_InvestmentAxis' xlink:type='locator' />
<link:definitionArc order='1.0' xlink:arcrole='http://xbrl.org/int/dim/arcrole/hypercube-dimension' xlink:from='loc_InvestmentsInAndAdvancesToAffiliatesTable' xlink:to='loc_LegalEntityAxis' xlink:type='arc' />
<link:definitionArc order='2.0' xlink:arcrole='http://xbrl.org/int/dim/arcrole/hypercube-dimension' xlink:from='loc_InvestmentsInAndAdvancesToAffiliatesTable' xlink:to='loc_InvestmentsInAndAdvancesToAffiliatesCategorizationAxis' xlink:type='arc' />
<link:definitionArc order='3.0' xlink:arcrole='http://xbrl.org/int/dim/arcrole/hypercube-dimension' xlink:from='loc_InvestmentsInAndAdvancesToAffiliatesTable' xlink:to='loc_InvestmentAxis' xlink:type='arc' />
</link:definitionLink>
<link:definitionLink xlink:role='http://fasb.org/us-gaap/role/disclosure/InvestmentsInAndAdvancesToAffiliates' xlink:type='extended'>
<link:loc xlink:href='http://xbrl.sec.gov/dei/2011/dei-2011-01-31.xsd#dei_LegalEntityAxis' xlink:label='loc_LegalEntityAxis' xlink:type='locator' />
<link:loc xlink:href='http://xbrl.sec.gov/dei/2011/dei-2011-01-31.xsd#dei_EntityDomain' xlink:label='loc_EntityDomain' xlink:type='locator' />
<link:loc xlink:href='../elts/us-gaap-2011-01-31.xsd#us-gaap_InvestmentsInAndAdvancesToAffiliatesCategorizationAxis' xlink:label='loc_InvestmentsInAndAdvancesToAffiliatesCategorizationAxis' xlink:type='locator' />
<link:loc xlink:href='../elts/us-gaap-2011-01-31.xsd#us-gaap_InvestmentsInAndAdvancesToAffiliatesCategorizationDomain' xlink:label='loc_InvestmentsInAndAdvancesToAffiliatesCategorizationDomain' xlink:type='locator' />
<link:loc xlink:href='http://xbrl.sec.gov/invest/2011/invest-2011-01-31.xsd#invest_InvestmentAxis' xlink:label='loc_InvestmentAxis' xlink:type='locator' />
<link:loc xlink:href='http://xbrl.sec.gov/invest/2011/invest-2011-01-31.xsd#invest_InvestmentDomain' xlink:label='loc_InvestmentDomain' xlink:type='locator' />
<link:definitionArc order='1.0' xlink:arcrole='http://xbrl.org/int/dim/arcrole/dimension-domain' xlink:from='loc_LegalEntityAxis' xlink:to='loc_EntityDomain' xlink:type='arc' />
<link:definitionArc order='2.0' xlink:arcrole='http://xbrl.org/int/dim/arcrole/dimension-domain' xlink:from='loc_InvestmentsInAndAdvancesToAffiliatesCategorizationAxis' xlink:to='loc_InvestmentsInAndAdvancesToAffiliatesCategorizationDomain' xlink:type='arc' />
<link:definitionArc order='3.0' xlink:arcrole='http://xbrl.org/int/dim/arcrole/dimension-domain' xlink:from='loc_InvestmentAxis' xlink:to='loc_InvestmentDomain' xlink:type='arc' />
</link:definitionLink>
<link:definitionLink xlink:role='http://fasb.org/us-gaap/role/disclosure/InvestmentsInAndAdvancesToAffiliates' xlink:type='extended'>
<link:loc xlink:href='http://xbrl.sec.gov/dei/2011/dei-2011-01-31.xsd#dei_LegalEntityAxis' xlink:label='loc_LegalEntityAxis' xlink:type='locator' />
<link:loc xlink:href='http://xbrl.sec.gov/dei/2011/dei-2011-01-31.xsd#dei_EntityDomain' xlink:label='loc_EntityDomain' xlink:type='locator' />
<link:loc xlink:href='../elts/us-gaap-2011-01-31.xsd#us-gaap_InvestmentsInAndAdvancesToAffiliatesCategorizationAxis' xlink:label='loc_InvestmentsInAndAdvancesToAffiliatesCategorizationAxis' xlink:type='locator' />
<link:loc xlink:href='../elts/us-gaap-2011-01-31.xsd#us-gaap_InvestmentsInAndAdvancesToAffiliatesCategorizationDomain' xlink:label='loc_InvestmentsInAndAdvancesToAffiliatesCategorizationDomain' xlink:type='locator' />
<link:loc xlink:href='http://xbrl.sec.gov/invest/2011/invest-2011-01-31.xsd#invest_InvestmentAxis' xlink:label='loc_InvestmentAxis' xlink:type='locator' />
<link:loc xlink:href='http://xbrl.sec.gov/invest/2011/invest-2011-01-31.xsd#invest_InvestmentDomain' xlink:label='loc_InvestmentDomain' xlink:type='locator' />
<link:definitionArc order='1.0' xlink:arcrole='http://xbrl.org/int/dim/arcrole/dimension-default' xlink:from='loc_LegalEntityAxis' xlink:to='loc_EntityDomain' xlink:type='arc' />
<link:definitionArc order='2.0' xlink:arcrole='http://xbrl.org/int/dim/arcrole/dimension-default' xlink:from='loc_InvestmentsInAndAdvancesToAffiliatesCategorizationAxis' xlink:to='loc_InvestmentsInAndAdvancesToAffiliatesCategorizationDomain' xlink:type='arc' />
<link:definitionArc order='3.0' xlink:arcrole='http://xbrl.org/int/dim/arcrole/dimension-default' xlink:from='loc_InvestmentAxis' xlink:to='loc_InvestmentDomain' xlink:type='arc' />
</link:definitionLink>
<link:definitionLink xlink:role='http://fasb.org/us-gaap/role/disclosure/InvestmentsInAndAdvancesToAffiliates' xlink:type='extended'>
<link:loc xlink:href='../elts/us-gaap-2011-01-31.xsd#us-gaap_InvestmentsInAndAdvancesToAffiliatesLineItems' xlink:label='loc_InvestmentsInAndAdvancesToAffiliatesLineItems' xlink:type='locator' />
<link:loc xlink:href='../elts/us-gaap-2011-01-31.xsd#us-gaap_InvestmentsInAndAdvancesToAffiliatesBalanceAbstract' xlink:label='loc_InvestmentsInAndAdvancesToAffiliatesBalanceAbstract' xlink:type='locator' />
<link:loc xlink:href='../elts/us-gaap-2011-01-31.xsd#us-gaap_InvestmentsInAndAdvancesToAffiliatesBalanceShares' xlink:label='loc_InvestmentsInAndAdvancesToAffiliatesBalanceShares' xlink:type='locator' />
<link:loc xlink:href='../elts/us-gaap-2011-01-31.xsd#us-gaap_InvestmentsInAndAdvancesToAffiliatesBalanceContracts' xlink:label='loc_InvestmentsInAndAdvancesToAffiliatesBalanceContracts' xlink:type='locator' />
<link:loc xlink:href='../elts/us-gaap-2011-01-31.xsd#us-gaap_InvestmentsInAndAdvancesToAffiliatesBalancePrincipalAmount' xlink:label='loc_InvestmentsInAndAdvancesToAffiliatesBalancePrincipalAmount' xlink:type='locator' />
<link:loc xlink:href='../elts/us-gaap-2011-01-31.xsd#us-gaap_InvestmentsInAndAdvancesToAffiliatesBalanceOtherMeasure' xlink:label='loc_InvestmentsInAndAdvancesToAffiliatesBalanceOtherMeasure' xlink:type='locator' />
<link:loc xlink:href='../elts/us-gaap-2011-01-31.xsd#us-gaap_InvestmentsInAndAdvancesToAffiliatesAmountOfEquity' xlink:label='loc_InvestmentsInAndAdvancesToAffiliatesAmountOfEquity' xlink:type='locator' />
<link:loc xlink:href='../elts/us-gaap-2011-01-31.xsd#us-gaap_InvestmentsInAndAdvancesToAffiliatesDividendsOrInterest' xlink:label='loc_InvestmentsInAndAdvancesToAffiliatesDividendsOrInterest' xlink:type='locator' />
<link:loc xlink:href='../elts/us-gaap-2011-01-31.xsd#us-gaap_InvestmentsInAndAdvancesToAffiliatesDividendOrInterestCreditedToIncome' xlink:label='loc_InvestmentsInAndAdvancesToAffiliatesDividendOrInterestCreditedToIncome' xlink:type='locator' />
<link:loc xlink:href='../elts/us-gaap-2011-01-31.xsd#us-gaap_InvestmentsInAndAdvancesToAffiliatesDividendOrInterestOther' xlink:label='loc_InvestmentsInAndAdvancesToAffiliatesDividendOrInterestOther' xlink:type='locator' />
<link:loc xlink:href='../elts/us-gaap-2011-01-31.xsd#us-gaap_InvestmentsInAndAdvancesToAffiliatesNoncashDividendsFlag' xlink:label='loc_InvestmentsInAndAdvancesToAffiliatesNoncashDividendsFlag' xlink:type='locator' />
<link:loc xlink:href='../elts/us-gaap-2011-01-31.xsd#us-gaap_InvestmentsInAndAdvancesToAffiliatesAtFairValueRollForward' xlink:label='loc_InvestmentsInAndAdvancesToAffiliatesAtFairValueRollForward' xlink:type='locator' />
<link:loc xlink:href='../elts/us-gaap-2011-01-31.xsd#us-gaap_InvestmentsInAndAdvancesToAffiliatesAtFairValue' xlink:label='loc_InvestmentsInAndAdvancesToAffiliatesAtFairValue' xlink:type='locator' />
<link:loc xlink:href='../elts/us-gaap-2011-01-31.xsd#us-gaap_InvestmentsInAndAdvancesToAffiliatesAtFairValueGrossAdditions' xlink:label='loc_InvestmentsInAndAdvancesToAffiliatesAtFairValueGrossAdditions' xlink:type='locator' />
<link:loc xlink:href='../elts/us-gaap-2011-01-31.xsd#us-gaap_InvestmentsInAndAdvancesToAffiliatesAtFairValueGrossReductions' xlink:label='loc_InvestmentsInAndAdvancesToAffiliatesAtFairValueGrossReductions' xlink:type='locator' />
<link:loc xlink:href='../elts/us-gaap-2011-01-31.xsd#us-gaap_InvestmentsInAndAdvancesToAffiliatesAtFairValuePeriodIncreaseDecrease' xlink:label='loc_InvestmentsInAndAdvancesToAffiliatesAtFairValuePeriodIncreaseDecrease' xlink:type='locator' />
<link:loc xlink:href='../elts/us-gaap-2011-01-31.xsd#us-gaap_InvestmentsInAndAdvancesToAffiliatesAdditionalInformation' xlink:label='loc_InvestmentsInAndAdvancesToAffiliatesAdditionalInformation' xlink:type='locator' />
<link:definitionArc order='1.0' xlink:arcrole='http://xbrl.org/int/dim/arcrole/domain-member' xlink:from='loc_InvestmentsInAndAdvancesToAffiliatesLineItems' xlink:to='loc_InvestmentsInAndAdvancesToAffiliatesBalanceAbstract' xlink:type='arc' />
<link:definitionArc order='2.0' xlink:arcrole='http://xbrl.org/int/dim/arcrole/domain-member' xlink:from='loc_InvestmentsInAndAdvancesToAffiliatesBalanceAbstract' xlink:to='loc_InvestmentsInAndAdvancesToAffiliatesBalanceShares' xlink:type='arc' />
<link:definitionArc order='3.0' xlink:arcrole='http://xbrl.org/int/dim/arcrole/domain-member' xlink:from='loc_InvestmentsInAndAdvancesToAffiliatesBalanceAbstract' xlink:to='loc_InvestmentsInAndAdvancesToAffiliatesBalanceContracts' xlink:type='arc' />
<link:definitionArc order='4.0' xlink:arcrole='http://xbrl.org/int/dim/arcrole/domain-member' xlink:from='loc_InvestmentsInAndAdvancesToAffiliatesBalanceAbstract' xlink:to='loc_InvestmentsInAndAdvancesToAffiliatesBalancePrincipalAmount' xlink:type='arc' />
<link:definitionArc order='5.0' xlink:arcrole='http://xbrl.org/int/dim/arcrole/domain-member' xlink:from='loc_InvestmentsInAndAdvancesToAffiliatesBalanceAbstract' xlink:to='loc_InvestmentsInAndAdvancesToAffiliatesBalanceOtherMeasure' xlink:type='arc' />
<link:definitionArc order='6.0' xlink:arcrole='http://xbrl.org/int/dim/arcrole/domain-member' xlink:from='loc_InvestmentsInAndAdvancesToAffiliatesLineItems' xlink:to='loc_InvestmentsInAndAdvancesToAffiliatesAmountOfEquity' xlink:type='arc' />
<link:definitionArc order='7.0' xlink:arcrole='http://xbrl.org/int/dim/arcrole/domain-member' xlink:from='loc_InvestmentsInAndAdvancesToAffiliatesLineItems' xlink:to='loc_InvestmentsInAndAdvancesToAffiliatesDividendsOrInterest' xlink:type='arc' />
<link:definitionArc order='8.0' xlink:arcrole='http://xbrl.org/int/dim/arcrole/domain-member' xlink:from='loc_InvestmentsInAndAdvancesToAffiliatesDividendsOrInterest' xlink:to='loc_InvestmentsInAndAdvancesToAffiliatesDividendOrInterestCreditedToIncome' xlink:type='arc' />
<link:definitionArc order='9.0' xlink:arcrole='http://xbrl.org/int/dim/arcrole/domain-member' xlink:from='loc_InvestmentsInAndAdvancesToAffiliatesDividendsOrInterest' xlink:to='loc_InvestmentsInAndAdvancesToAffiliatesDividendOrInterestOther' xlink:type='arc' />
<link:definitionArc order='10.0' xlink:arcrole='http://xbrl.org/int/dim/arcrole/domain-member' xlink:from='loc_InvestmentsInAndAdvancesToAffiliatesDividendsOrInterest' xlink:to='loc_InvestmentsInAndAdvancesToAffiliatesNoncashDividendsFlag' xlink:type='arc' />
<link:definitionArc order='11.0' xlink:arcrole='http://xbrl.org/int/dim/arcrole/domain-member' xlink:from='loc_InvestmentsInAndAdvancesToAffiliatesLineItems' xlink:to='loc_InvestmentsInAndAdvancesToAffiliatesAtFairValueRollForward' xlink:type='arc' />
<link:definitionArc order='12.0' xlink:arcrole='http://xbrl.org/int/dim/arcrole/domain-member' xlink:from='loc_InvestmentsInAndAdvancesToAffiliatesAtFairValueRollForward' xlink:to='loc_InvestmentsInAndAdvancesToAffiliatesAtFairValue' xlink:type='arc' />
<link:definitionArc order='13.0' xlink:arcrole='http://xbrl.org/int/dim/arcrole/domain-member' xlink:from='loc_InvestmentsInAndAdvancesToAffiliatesAtFairValueRollForward' xlink:to='loc_InvestmentsInAndAdvancesToAffiliatesAtFairValueGrossAdditions' xlink:type='arc' />
<link:definitionArc order='14.0' xlink:arcrole='http://xbrl.org/int/dim/arcrole/domain-member' xlink:from='loc_InvestmentsInAndAdvancesToAffiliatesAtFairValueRollForward' xlink:to='loc_InvestmentsInAndAdvancesToAffiliatesAtFairValueGrossReductions' xlink:type='arc' />
<link:definitionArc order='15.0' xlink:arcrole='http://xbrl.org/int/dim/arcrole/domain-member' xlink:from='loc_InvestmentsInAndAdvancesToAffiliatesAtFairValueRollForward' xlink:to='loc_InvestmentsInAndAdvancesToAffiliatesAtFairValuePeriodIncreaseDecrease' xlink:type='arc' />
<link:definitionArc order='17.0' xlink:arcrole='http://xbrl.org/int/dim/arcrole/domain-member' xlink:from='loc_InvestmentsInAndAdvancesToAffiliatesLineItems' xlink:to='loc_InvestmentsInAndAdvancesToAffiliatesAdditionalInformation' xlink:type='arc' />
</link:definitionLink>
<link:definitionLink xlink:role='http://fasb.org/us-gaap/role/disclosure/InvestmentsInAndAdvancesToAffiliates' xlink:type='extended'>
<link:loc xlink:href='../elts/us-gaap-2011-01-31.xsd#us-gaap_InvestmentsInAndAdvancesToAffiliatesCategorizationDomain' xlink:label='loc_InvestmentsInAndAdvancesToAffiliatesCategorizationDomain' xlink:type='locator' />
<link:loc xlink:href='../elts/us-gaap-2011-01-31.xsd#us-gaap_InvestmentsInMajorityOwnedSubsidiariesMember' xlink:label='loc_InvestmentsInMajorityOwnedSubsidiariesMember' xlink:type='locator' />
<link:loc xlink:href='../elts/us-gaap-2011-01-31.xsd#us-gaap_OtherControlledCompaniesMember' xlink:label='loc_OtherControlledCompaniesMember' xlink:type='locator' />
<link:loc xlink:href='../elts/us-gaap-2011-01-31.xsd#us-gaap_OtherAffiliatesMember' xlink:label='loc_OtherAffiliatesMember' xlink:type='locator' />
<link:definitionArc order='1.0' xlink:arcrole='http://xbrl.org/int/dim/arcrole/domain-member' xlink:from='loc_InvestmentsInAndAdvancesToAffiliatesCategorizationDomain' xlink:to='loc_InvestmentsInMajorityOwnedSubsidiariesMember' xlink:type='arc' />
<link:definitionArc order='2.0' xlink:arcrole='http://xbrl.org/int/dim/arcrole/domain-member' xlink:from='loc_InvestmentsInAndAdvancesToAffiliatesCategorizationDomain' xlink:to='loc_OtherControlledCompaniesMember' xlink:type='arc' />
<link:definitionArc order='3.0' xlink:arcrole='http://xbrl.org/int/dim/arcrole/domain-member' xlink:from='loc_InvestmentsInAndAdvancesToAffiliatesCategorizationDomain' xlink:to='loc_OtherAffiliatesMember' xlink:type='arc' />
</link:definitionLink>
</link:linkbase>
