<?xml version="1.0" encoding="UTF-8" standalone="no"?>

<!--
(c) XBRL US, Inc. 2007-2010; Financial Accounting Foundation, Inc. 2010-2011.  All Rights Reserved.
Notice: Authorized Uses are Set Forth at http://xbrl.fasb.org/terms/TaxonomiesTermsConditions.html
  -->
<link:linkbase xmlns:link='http://www.xbrl.org/2003/linkbase' xmlns:xbrldt='http://xbrl.org/2005/xbrldt' xmlns:xlink='http://www.w3.org/1999/xlink' xmlns:xsi='http://www.w3.org/2001/XMLSchema-instance' xsi:schemaLocation='http://www.xbrl.org/2003/linkbase http://www.xbrl.org/2003/xbrl-linkbase-2003-12-31.xsd'>
<link:roleRef roleURI='http://fasb.org/us-gaap/role/disclosure/ForeignOperationsAndCurrencyTranslationScheduleOfIntercompanyForeignCurrencyBalanceTable' xlink:href='../elts/us-roles-2011-01-31.xsd#ForeignOperationsAndCurrencyTranslationScheduleOfIntercompanyForeignCurrencyBalanceTable' xlink:type='simple' />
<link:roleRef roleURI='http://fasb.org/us-gaap/role/disclosure/ForeignOperationsAndCurrencyTranslationScheduleOfDifferencesBetweenReportedAmountAndReportingCurrencyDenominatedAmountTable' xlink:href='../elts/us-roles-2011-01-31.xsd#ForeignOperationsAndCurrencyTranslationScheduleOfDifferencesBetweenReportedAmountAndReportingCurrencyDenominatedAmountTable' xlink:type='simple' />
<link:arcroleRef arcroleURI='http://xbrl.org/int/dim/arcrole/all' xlink:href='http://www.xbrl.org/2005/xbrldt-2005.xsd#all' xlink:type='simple' />
<link:arcroleRef arcroleURI='http://xbrl.org/int/dim/arcrole/hypercube-dimension' xlink:href='http://www.xbrl.org/2005/xbrldt-2005.xsd#hypercube-dimension' xlink:type='simple' />
<link:arcroleRef arcroleURI='http://xbrl.org/int/dim/arcrole/dimension-domain' xlink:href='http://www.xbrl.org/2005/xbrldt-2005.xsd#dimension-domain' xlink:type='simple' />
<link:arcroleRef arcroleURI='http://xbrl.org/int/dim/arcrole/dimension-default' xlink:href='http://www.xbrl.org/2005/xbrldt-2005.xsd#dimension-default' xlink:type='simple' />
<link:arcroleRef arcroleURI='http://xbrl.org/int/dim/arcrole/domain-member' xlink:href='http://www.xbrl.org/2005/xbrldt-2005.xsd#domain-member' xlink:type='simple' />
<!--Definition relationships for table ScheduleOfIntercompanyForeignCurrencyBalanceTable in presentation http://fasb.org/us-gaap/role/disclosure/ForeignOperationsAndCurrencyTranslation-->
<link:definitionLink xlink:role='http://fasb.org/us-gaap/role/disclosure/ForeignOperationsAndCurrencyTranslationScheduleOfIntercompanyForeignCurrencyBalanceTable' xlink:type='extended'>
<link:loc xlink:href='../elts/us-gaap-2011-01-31.xsd#us-gaap_ScheduleOfIntercompanyForeignCurrencyBalanceTable' xlink:label='loc_ScheduleOfIntercompanyForeignCurrencyBalanceTable' xlink:type='locator' />
<link:loc xlink:href='../elts/us-gaap-2011-01-31.xsd#us-gaap_IntercompanyForeignCurrencyBalanceLineItems' xlink:label='loc_IntercompanyForeignCurrencyBalanceLineItems' xlink:type='locator' />
<link:definitionArc order='1.0' xbrldt:closed='true' xbrldt:contextElement='segment' xlink:arcrole='http://xbrl.org/int/dim/arcrole/all' xlink:from='loc_IntercompanyForeignCurrencyBalanceLineItems' xlink:to='loc_ScheduleOfIntercompanyForeignCurrencyBalanceTable' xlink:type='arc' />
</link:definitionLink>
<link:definitionLink xlink:role='http://fasb.org/us-gaap/role/disclosure/ForeignOperationsAndCurrencyTranslationScheduleOfIntercompanyForeignCurrencyBalanceTable' xlink:type='extended'>
<link:loc xlink:href='../elts/us-gaap-2011-01-31.xsd#us-gaap_ScheduleOfIntercompanyForeignCurrencyBalanceTable' xlink:label='loc_ScheduleOfIntercompanyForeignCurrencyBalanceTable' xlink:type='locator' />
<link:loc xlink:href='../elts/us-gaap-2011-01-31.xsd#us-gaap_IntercompanyForeignCurrencyBalanceByDescriptionAxis' xlink:label='loc_IntercompanyForeignCurrencyBalanceByDescriptionAxis' xlink:type='locator' />
<link:definitionArc order='1.0' xlink:arcrole='http://xbrl.org/int/dim/arcrole/hypercube-dimension' xlink:from='loc_ScheduleOfIntercompanyForeignCurrencyBalanceTable' xlink:to='loc_IntercompanyForeignCurrencyBalanceByDescriptionAxis' xlink:type='arc' />
</link:definitionLink>
<link:definitionLink xlink:role='http://fasb.org/us-gaap/role/disclosure/ForeignOperationsAndCurrencyTranslationScheduleOfIntercompanyForeignCurrencyBalanceTable' xlink:type='extended'>
<link:loc xlink:href='../elts/us-gaap-2011-01-31.xsd#us-gaap_IntercompanyForeignCurrencyBalanceByDescriptionAxis' xlink:label='loc_IntercompanyForeignCurrencyBalanceByDescriptionAxis' xlink:type='locator' />
<link:loc xlink:href='../elts/us-gaap-2011-01-31.xsd#us-gaap_IntercompanyForeignCurrencyBalanceNameDomain' xlink:label='loc_IntercompanyForeignCurrencyBalanceNameDomain' xlink:type='locator' />
<link:definitionArc order='1.0' xlink:arcrole='http://xbrl.org/int/dim/arcrole/dimension-domain' xlink:from='loc_IntercompanyForeignCurrencyBalanceByDescriptionAxis' xlink:to='loc_IntercompanyForeignCurrencyBalanceNameDomain' xlink:type='arc' />
</link:definitionLink>
<link:definitionLink xlink:role='http://fasb.org/us-gaap/role/disclosure/ForeignOperationsAndCurrencyTranslationScheduleOfIntercompanyForeignCurrencyBalanceTable' xlink:type='extended'>
<link:loc xlink:href='../elts/us-gaap-2011-01-31.xsd#us-gaap_IntercompanyForeignCurrencyBalanceByDescriptionAxis' xlink:label='loc_IntercompanyForeignCurrencyBalanceByDescriptionAxis' xlink:type='locator' />
<link:loc xlink:href='../elts/us-gaap-2011-01-31.xsd#us-gaap_IntercompanyForeignCurrencyBalanceNameDomain' xlink:label='loc_IntercompanyForeignCurrencyBalanceNameDomain' xlink:type='locator' />
<link:definitionArc order='1.0' xlink:arcrole='http://xbrl.org/int/dim/arcrole/dimension-default' xlink:from='loc_IntercompanyForeignCurrencyBalanceByDescriptionAxis' xlink:to='loc_IntercompanyForeignCurrencyBalanceNameDomain' xlink:type='arc' />
</link:definitionLink>
<link:definitionLink xlink:role='http://fasb.org/us-gaap/role/disclosure/ForeignOperationsAndCurrencyTranslationScheduleOfIntercompanyForeignCurrencyBalanceTable' xlink:type='extended'>
<link:loc xlink:href='../elts/us-gaap-2011-01-31.xsd#us-gaap_IntercompanyForeignCurrencyBalanceLineItems' xlink:label='loc_IntercompanyForeignCurrencyBalanceLineItems' xlink:type='locator' />
<link:loc xlink:href='../elts/us-gaap-2011-01-31.xsd#us-gaap_IntercompanyForeignCurrencyBalanceForeignCurrency' xlink:label='loc_IntercompanyForeignCurrencyBalanceForeignCurrency' xlink:type='locator' />
<link:loc xlink:href='../elts/us-gaap-2011-01-31.xsd#us-gaap_IntercompanyForeignCurrencyBalanceAmount' xlink:label='loc_IntercompanyForeignCurrencyBalanceAmount' xlink:type='locator' />
<link:definitionArc order='1.0' xlink:arcrole='http://xbrl.org/int/dim/arcrole/domain-member' xlink:from='loc_IntercompanyForeignCurrencyBalanceLineItems' xlink:to='loc_IntercompanyForeignCurrencyBalanceForeignCurrency' xlink:type='arc' />
<link:definitionArc order='2.0' xlink:arcrole='http://xbrl.org/int/dim/arcrole/domain-member' xlink:from='loc_IntercompanyForeignCurrencyBalanceLineItems' xlink:to='loc_IntercompanyForeignCurrencyBalanceAmount' xlink:type='arc' />
</link:definitionLink>
<!--Definition relationships for table ScheduleOfDifferencesBetweenReportedAmountAndReportingCurrencyDenominatedAmountTable in presentation http://fasb.org/us-gaap/role/disclosure/ForeignOperationsAndCurrencyTranslation-->
<link:definitionLink xlink:role='http://fasb.org/us-gaap/role/disclosure/ForeignOperationsAndCurrencyTranslationScheduleOfDifferencesBetweenReportedAmountAndReportingCurrencyDenominatedAmountTable' xlink:type='extended'>
<link:loc xlink:href='../elts/us-gaap-2011-01-31.xsd#us-gaap_ScheduleOfDifferencesBetweenReportedAmountAndReportingCurrencyDenominatedAmountTable' xlink:label='loc_ScheduleOfDifferencesBetweenReportedAmountAndReportingCurrencyDenominatedAmountTable' xlink:type='locator' />
<link:loc xlink:href='../elts/us-gaap-2011-01-31.xsd#us-gaap_FinancialStatementLineItemsWithDifferencesInReportedAmountAndReportingCurrencyDenominatedAmountsLineItems' xlink:label='loc_FinancialStatementLineItemsWithDifferencesInReportedAmountAndReportingCurrencyDenominatedAmountsLineItems' xlink:type='locator' />
<link:definitionArc order='1.0' xbrldt:closed='true' xbrldt:contextElement='segment' xlink:arcrole='http://xbrl.org/int/dim/arcrole/all' xlink:from='loc_FinancialStatementLineItemsWithDifferencesInReportedAmountAndReportingCurrencyDenominatedAmountsLineItems' xlink:to='loc_ScheduleOfDifferencesBetweenReportedAmountAndReportingCurrencyDenominatedAmountTable' xlink:type='arc' />
</link:definitionLink>
<link:definitionLink xlink:role='http://fasb.org/us-gaap/role/disclosure/ForeignOperationsAndCurrencyTranslationScheduleOfDifferencesBetweenReportedAmountAndReportingCurrencyDenominatedAmountTable' xlink:type='extended'>
<link:loc xlink:href='../elts/us-gaap-2011-01-31.xsd#us-gaap_ScheduleOfDifferencesBetweenReportedAmountAndReportingCurrencyDenominatedAmountTable' xlink:label='loc_ScheduleOfDifferencesBetweenReportedAmountAndReportingCurrencyDenominatedAmountTable' xlink:type='locator' />
<link:loc xlink:href='../elts/us-gaap-2011-01-31.xsd#us-gaap_InformationByFinancialStatementLineItemAxis' xlink:label='loc_InformationByFinancialStatementLineItemAxis' xlink:type='locator' />
<link:definitionArc order='1.0' xlink:arcrole='http://xbrl.org/int/dim/arcrole/hypercube-dimension' xlink:from='loc_ScheduleOfDifferencesBetweenReportedAmountAndReportingCurrencyDenominatedAmountTable' xlink:to='loc_InformationByFinancialStatementLineItemAxis' xlink:type='arc' />
</link:definitionLink>
<link:definitionLink xlink:role='http://fasb.org/us-gaap/role/disclosure/ForeignOperationsAndCurrencyTranslationScheduleOfDifferencesBetweenReportedAmountAndReportingCurrencyDenominatedAmountTable' xlink:type='extended'>
<link:loc xlink:href='../elts/us-gaap-2011-01-31.xsd#us-gaap_InformationByFinancialStatementLineItemAxis' xlink:label='loc_InformationByFinancialStatementLineItemAxis' xlink:type='locator' />
<link:loc xlink:href='../elts/us-gaap-2011-01-31.xsd#us-gaap_FinancialStatementLineItemsWithDifferencesInReportedAmountAndReportingCurrencyDenominatedAmountsDomain' xlink:label='loc_FinancialStatementLineItemsWithDifferencesInReportedAmountAndReportingCurrencyDenominatedAmountsDomain' xlink:type='locator' />
<link:definitionArc order='1.0' xlink:arcrole='http://xbrl.org/int/dim/arcrole/dimension-domain' xlink:from='loc_InformationByFinancialStatementLineItemAxis' xlink:to='loc_FinancialStatementLineItemsWithDifferencesInReportedAmountAndReportingCurrencyDenominatedAmountsDomain' xlink:type='arc' />
</link:definitionLink>
<link:definitionLink xlink:role='http://fasb.org/us-gaap/role/disclosure/ForeignOperationsAndCurrencyTranslationScheduleOfDifferencesBetweenReportedAmountAndReportingCurrencyDenominatedAmountTable' xlink:type='extended'>
<link:loc xlink:href='../elts/us-gaap-2011-01-31.xsd#us-gaap_InformationByFinancialStatementLineItemAxis' xlink:label='loc_InformationByFinancialStatementLineItemAxis' xlink:type='locator' />
<link:loc xlink:href='../elts/us-gaap-2011-01-31.xsd#us-gaap_FinancialStatementLineItemsWithDifferencesInReportedAmountAndReportingCurrencyDenominatedAmountsDomain' xlink:label='loc_FinancialStatementLineItemsWithDifferencesInReportedAmountAndReportingCurrencyDenominatedAmountsDomain' xlink:type='locator' />
<link:definitionArc order='1.0' xlink:arcrole='http://xbrl.org/int/dim/arcrole/dimension-default' xlink:from='loc_InformationByFinancialStatementLineItemAxis' xlink:to='loc_FinancialStatementLineItemsWithDifferencesInReportedAmountAndReportingCurrencyDenominatedAmountsDomain' xlink:type='arc' />
</link:definitionLink>
<link:definitionLink xlink:role='http://fasb.org/us-gaap/role/disclosure/ForeignOperationsAndCurrencyTranslationScheduleOfDifferencesBetweenReportedAmountAndReportingCurrencyDenominatedAmountTable' xlink:type='extended'>
<link:loc xlink:href='../elts/us-gaap-2011-01-31.xsd#us-gaap_FinancialStatementLineItemsWithDifferencesInReportedAmountAndReportingCurrencyDenominatedAmountsLineItems' xlink:label='loc_FinancialStatementLineItemsWithDifferencesInReportedAmountAndReportingCurrencyDenominatedAmountsLineItems' xlink:type='locator' />
<link:loc xlink:href='../elts/us-gaap-2011-01-31.xsd#us-gaap_AssetReportingCurrencyDenominatedValue' xlink:label='loc_AssetReportingCurrencyDenominatedValue' xlink:type='locator' />
<link:loc xlink:href='../elts/us-gaap-2011-01-31.xsd#us-gaap_LiabilityReportingCurrencyDenominatedValue' xlink:label='loc_LiabilityReportingCurrencyDenominatedValue' xlink:type='locator' />
<link:loc xlink:href='../elts/us-gaap-2011-01-31.xsd#us-gaap_RevenuesAndGainsReportingCurrencyDenominatedValue' xlink:label='loc_RevenuesAndGainsReportingCurrencyDenominatedValue' xlink:type='locator' />
<link:loc xlink:href='../elts/us-gaap-2011-01-31.xsd#us-gaap_ExpensesAndLossesReportingCurrencyDenominatedValue' xlink:label='loc_ExpensesAndLossesReportingCurrencyDenominatedValue' xlink:type='locator' />
<link:loc xlink:href='../elts/us-gaap-2011-01-31.xsd#us-gaap_DifferenceBetweenReportedAmountAndReportingCurrencyDenominatedAmountValue' xlink:label='loc_DifferenceBetweenReportedAmountAndReportingCurrencyDenominatedAmountValue' xlink:type='locator' />
<link:loc xlink:href='../elts/us-gaap-2011-01-31.xsd#us-gaap_AmountRecognizedInIncomeDueToInflationaryAccounting' xlink:label='loc_AmountRecognizedInIncomeDueToInflationaryAccounting' xlink:type='locator' />
<link:definitionArc order='1.0' xlink:arcrole='http://xbrl.org/int/dim/arcrole/domain-member' xlink:from='loc_FinancialStatementLineItemsWithDifferencesInReportedAmountAndReportingCurrencyDenominatedAmountsLineItems' xlink:to='loc_AssetReportingCurrencyDenominatedValue' xlink:type='arc' />
<link:definitionArc order='2.0' xlink:arcrole='http://xbrl.org/int/dim/arcrole/domain-member' xlink:from='loc_FinancialStatementLineItemsWithDifferencesInReportedAmountAndReportingCurrencyDenominatedAmountsLineItems' xlink:to='loc_LiabilityReportingCurrencyDenominatedValue' xlink:type='arc' />
<link:definitionArc order='3.0' xlink:arcrole='http://xbrl.org/int/dim/arcrole/domain-member' xlink:from='loc_FinancialStatementLineItemsWithDifferencesInReportedAmountAndReportingCurrencyDenominatedAmountsLineItems' xlink:to='loc_RevenuesAndGainsReportingCurrencyDenominatedValue' xlink:type='arc' />
<link:definitionArc order='4.0' xlink:arcrole='http://xbrl.org/int/dim/arcrole/domain-member' xlink:from='loc_FinancialStatementLineItemsWithDifferencesInReportedAmountAndReportingCurrencyDenominatedAmountsLineItems' xlink:to='loc_ExpensesAndLossesReportingCurrencyDenominatedValue' xlink:type='arc' />
<link:definitionArc order='5.0' xlink:arcrole='http://xbrl.org/int/dim/arcrole/domain-member' xlink:from='loc_FinancialStatementLineItemsWithDifferencesInReportedAmountAndReportingCurrencyDenominatedAmountsLineItems' xlink:to='loc_DifferenceBetweenReportedAmountAndReportingCurrencyDenominatedAmountValue' xlink:type='arc' />
<link:definitionArc order='6.0' xlink:arcrole='http://xbrl.org/int/dim/arcrole/domain-member' xlink:from='loc_FinancialStatementLineItemsWithDifferencesInReportedAmountAndReportingCurrencyDenominatedAmountsLineItems' xlink:to='loc_AmountRecognizedInIncomeDueToInflationaryAccounting' xlink:type='arc' />
</link:definitionLink>
<link:definitionLink xlink:role='http://fasb.org/us-gaap/role/disclosure/ForeignOperationsAndCurrencyTranslationScheduleOfDifferencesBetweenReportedAmountAndReportingCurrencyDenominatedAmountTable' xlink:type='extended'>
<link:loc xlink:href='../elts/us-gaap-2011-01-31.xsd#us-gaap_FinancialStatementLineItemsWithDifferencesInReportedAmountAndReportingCurrencyDenominatedAmountsDomain' xlink:label='loc_FinancialStatementLineItemsWithDifferencesInReportedAmountAndReportingCurrencyDenominatedAmountsDomain' xlink:type='locator' />
<link:loc xlink:href='../elts/us-gaap-2011-01-31.xsd#us-gaap_CashAndCashEquivalentsMember' xlink:label='loc_CashAndCashEquivalentsMember' xlink:type='locator' />
<link:loc xlink:href='../elts/us-gaap-2011-01-31.xsd#us-gaap_CashMember' xlink:label='loc_CashMember' xlink:type='locator' />
<link:loc xlink:href='../elts/us-gaap-2011-01-31.xsd#us-gaap_CashEquivalentsMember' xlink:label='loc_CashEquivalentsMember' xlink:type='locator' />
<link:loc xlink:href='../elts/us-gaap-2011-01-31.xsd#us-gaap_MoneyMarketFundsMember' xlink:label='loc_MoneyMarketFundsMember' xlink:type='locator' />
<link:loc xlink:href='../elts/us-gaap-2011-01-31.xsd#us-gaap_USTreasurySecuritiesMember' xlink:label='loc_USTreasurySecuritiesMember' xlink:type='locator' />
<link:loc xlink:href='../elts/us-gaap-2011-01-31.xsd#us-gaap_CommercialPaperMember' xlink:label='loc_CommercialPaperMember' xlink:type='locator' />
<link:loc xlink:href='../elts/us-gaap-2011-01-31.xsd#us-gaap_BankersAcceptanceMember' xlink:label='loc_BankersAcceptanceMember' xlink:type='locator' />
<link:loc xlink:href='../elts/us-gaap-2011-01-31.xsd#us-gaap_InterestBearingDepositsMember' xlink:label='loc_InterestBearingDepositsMember' xlink:type='locator' />
<link:loc xlink:href='../elts/us-gaap-2011-01-31.xsd#us-gaap_BankTimeDepositsMember' xlink:label='loc_BankTimeDepositsMember' xlink:type='locator' />
<link:loc xlink:href='../elts/us-gaap-2011-01-31.xsd#us-gaap_CertificatesOfDepositMember' xlink:label='loc_CertificatesOfDepositMember' xlink:type='locator' />
<link:loc xlink:href='../elts/us-gaap-2011-01-31.xsd#us-gaap_AccountsReceivableMember' xlink:label='loc_AccountsReceivableMember' xlink:type='locator' />
<link:loc xlink:href='../elts/us-gaap-2011-01-31.xsd#us-gaap_NotesReceivableMember' xlink:label='loc_NotesReceivableMember' xlink:type='locator' />
<link:loc xlink:href='../elts/us-gaap-2011-01-31.xsd#us-gaap_PremiumsReceivableMember' xlink:label='loc_PremiumsReceivableMember' xlink:type='locator' />
<link:loc xlink:href='../elts/us-gaap-2011-01-31.xsd#us-gaap_InvestmentsMember' xlink:label='loc_InvestmentsMember' xlink:type='locator' />
<link:loc xlink:href='../elts/us-gaap-2011-01-31.xsd#us-gaap_SecuritiesAssetsMember' xlink:label='loc_SecuritiesAssetsMember' xlink:type='locator' />
<link:loc xlink:href='../elts/us-gaap-2011-01-31.xsd#us-gaap_EquitySecuritiesMember' xlink:label='loc_EquitySecuritiesMember' xlink:type='locator' />
<link:loc xlink:href='../elts/us-gaap-2011-01-31.xsd#us-gaap_CommonStockMember' xlink:label='loc_CommonStockMember' xlink:type='locator' />
<link:loc xlink:href='../elts/us-gaap-2011-01-31.xsd#us-gaap_PreferredStockMember' xlink:label='loc_PreferredStockMember' xlink:type='locator' />
<link:loc xlink:href='../elts/us-gaap-2011-01-31.xsd#us-gaap_NonredeemablePreferredStockMember' xlink:label='loc_NonredeemablePreferredStockMember' xlink:type='locator' />
<link:loc xlink:href='../elts/us-gaap-2011-01-31.xsd#us-gaap_RedeemablePreferredStockMember' xlink:label='loc_RedeemablePreferredStockMember' xlink:type='locator' />
<link:loc xlink:href='../elts/us-gaap-2011-01-31.xsd#us-gaap_ConvertiblePreferredStockMember' xlink:label='loc_ConvertiblePreferredStockMember' xlink:type='locator' />
<link:loc xlink:href='../elts/us-gaap-2011-01-31.xsd#us-gaap_PreferredNonConvertibleStockMember' xlink:label='loc_PreferredNonConvertibleStockMember' xlink:type='locator' />
<link:loc xlink:href='../elts/us-gaap-2011-01-31.xsd#us-gaap_RightsMember' xlink:label='loc_RightsMember' xlink:type='locator' />
<link:loc xlink:href='../elts/us-gaap-2011-01-31.xsd#us-gaap_WarrantsMember' xlink:label='loc_WarrantsMember' xlink:type='locator' />
<link:loc xlink:href='../elts/us-gaap-2011-01-31.xsd#us-gaap_DebtSecuritiesMember' xlink:label='loc_DebtSecuritiesMember' xlink:type='locator' />
<link:loc xlink:href='../elts/us-gaap-2011-01-31.xsd#us-gaap_USTreasuryAndGovernmentMember' xlink:label='loc_USTreasuryAndGovernmentMember' xlink:type='locator' />
<link:loc xlink:href='../elts/us-gaap-2011-01-31.xsd#us-gaap_USGovernmentAgenciesDebtSecuritiesMember' xlink:label='loc_USGovernmentAgenciesDebtSecuritiesMember' xlink:type='locator' />
<link:loc xlink:href='../elts/us-gaap-2011-01-31.xsd#us-gaap_USGovernmentSponsoredEnterprisesDebtSecuritiesMember' xlink:label='loc_USGovernmentSponsoredEnterprisesDebtSecuritiesMember' xlink:type='locator' />
<link:loc xlink:href='../elts/us-gaap-2011-01-31.xsd#us-gaap_USStatesAndPoliticalSubdivisionsMember' xlink:label='loc_USStatesAndPoliticalSubdivisionsMember' xlink:type='locator' />
<link:loc xlink:href='../elts/us-gaap-2011-01-31.xsd#us-gaap_ForeignGovernmentDebtSecuritiesMember' xlink:label='loc_ForeignGovernmentDebtSecuritiesMember' xlink:type='locator' />
<link:loc xlink:href='../elts/us-gaap-2011-01-31.xsd#us-gaap_CorporateDebtSecuritiesMember' xlink:label='loc_CorporateDebtSecuritiesMember' xlink:type='locator' />
<link:loc xlink:href='../elts/us-gaap-2011-01-31.xsd#us-gaap_DomesticCorporateDebtSecuritiesMember' xlink:label='loc_DomesticCorporateDebtSecuritiesMember' xlink:type='locator' />
<link:loc xlink:href='../elts/us-gaap-2011-01-31.xsd#us-gaap_ForeignCorporateDebtSecuritiesMember' xlink:label='loc_ForeignCorporateDebtSecuritiesMember' xlink:type='locator' />
<link:loc xlink:href='../elts/us-gaap-2011-01-31.xsd#us-gaap_CommercialPaperNotIncludedWithCashAndCashEquivalentsMember' xlink:label='loc_CommercialPaperNotIncludedWithCashAndCashEquivalentsMember' xlink:type='locator' />
<link:loc xlink:href='../elts/us-gaap-2011-01-31.xsd#us-gaap_ConvertibleDebtSecuritiesMember' xlink:label='loc_ConvertibleDebtSecuritiesMember' xlink:type='locator' />
<link:loc xlink:href='../elts/us-gaap-2011-01-31.xsd#us-gaap_AssetBackedSecuritiesMember' xlink:label='loc_AssetBackedSecuritiesMember' xlink:type='locator' />
<link:loc xlink:href='../elts/us-gaap-2011-01-31.xsd#us-gaap_MortgageBackedSecuritiesMember' xlink:label='loc_MortgageBackedSecuritiesMember' xlink:type='locator' />
<link:loc xlink:href='../elts/us-gaap-2011-01-31.xsd#us-gaap_MortgageBackedSecuritiesIssuedByUSGovernmentSponsoredEnterprisesMember' xlink:label='loc_MortgageBackedSecuritiesIssuedByUSGovernmentSponsoredEnterprisesMember' xlink:type='locator' />
<link:loc xlink:href='../elts/us-gaap-2011-01-31.xsd#us-gaap_MortgageBackedSecuritiesIssuedByPrivateEnterprisesMember' xlink:label='loc_MortgageBackedSecuritiesIssuedByPrivateEnterprisesMember' xlink:type='locator' />
<link:loc xlink:href='../elts/us-gaap-2011-01-31.xsd#us-gaap_AssetBackedSecuritiesSecuritizedLoansAndReceivablesMember' xlink:label='loc_AssetBackedSecuritiesSecuritizedLoansAndReceivablesMember' xlink:type='locator' />
<link:loc xlink:href='../elts/us-gaap-2011-01-31.xsd#us-gaap_InterestOnlyStripMember' xlink:label='loc_InterestOnlyStripMember' xlink:type='locator' />
<link:loc xlink:href='../elts/us-gaap-2011-01-31.xsd#us-gaap_PrincipalOnlyStripMember' xlink:label='loc_PrincipalOnlyStripMember' xlink:type='locator' />
<link:loc xlink:href='../elts/us-gaap-2011-01-31.xsd#us-gaap_FixedIncomeSecuritiesMember' xlink:label='loc_FixedIncomeSecuritiesMember' xlink:type='locator' />
<link:loc xlink:href='../elts/us-gaap-2011-01-31.xsd#us-gaap_AuctionRateSecuritiesMember' xlink:label='loc_AuctionRateSecuritiesMember' xlink:type='locator' />
<link:loc xlink:href='../elts/us-gaap-2011-01-31.xsd#us-gaap_VariableRateDemandObligationMember' xlink:label='loc_VariableRateDemandObligationMember' xlink:type='locator' />
<link:loc xlink:href='../elts/us-gaap-2011-01-31.xsd#us-gaap_OtherDebtSecuritiesMember' xlink:label='loc_OtherDebtSecuritiesMember' xlink:type='locator' />
<link:loc xlink:href='../elts/us-gaap-2011-01-31.xsd#us-gaap_EquityMethodInvestmentsMember' xlink:label='loc_EquityMethodInvestmentsMember' xlink:type='locator' />
<link:loc xlink:href='../elts/us-gaap-2011-01-31.xsd#us-gaap_CostmethodInvestmentsMember' xlink:label='loc_CostmethodInvestmentsMember' xlink:type='locator' />
<link:loc xlink:href='../elts/us-gaap-2011-01-31.xsd#us-gaap_LoansReceivableMember' xlink:label='loc_LoansReceivableMember' xlink:type='locator' />
<link:loc xlink:href='../elts/us-gaap-2011-01-31.xsd#us-gaap_CashSurrenderValueMember' xlink:label='loc_CashSurrenderValueMember' xlink:type='locator' />
<link:loc xlink:href='../elts/us-gaap-2011-01-31.xsd#us-gaap_RetainedInterestMember' xlink:label='loc_RetainedInterestMember' xlink:type='locator' />
<link:loc xlink:href='../elts/us-gaap-2011-01-31.xsd#us-gaap_InvestmentInFederalHomeLoanBankStockMember' xlink:label='loc_InvestmentInFederalHomeLoanBankStockMember' xlink:type='locator' />
<link:loc xlink:href='../elts/us-gaap-2011-01-31.xsd#us-gaap_FederalFundsSoldAndSecuritiesBorrowedOrPurchasedUnderAgreementsToResellMember' xlink:label='loc_FederalFundsSoldAndSecuritiesBorrowedOrPurchasedUnderAgreementsToResellMember' xlink:type='locator' />
<link:loc xlink:href='../elts/us-gaap-2011-01-31.xsd#us-gaap_AvailableforsaleSecuritiesMember' xlink:label='loc_AvailableforsaleSecuritiesMember' xlink:type='locator' />
<link:loc xlink:href='../elts/us-gaap-2011-01-31.xsd#us-gaap_HeldtomaturitySecuritiesMember' xlink:label='loc_HeldtomaturitySecuritiesMember' xlink:type='locator' />
<link:loc xlink:href='../elts/us-gaap-2011-01-31.xsd#us-gaap_AccountsPayableMember' xlink:label='loc_AccountsPayableMember' xlink:type='locator' />
<link:loc xlink:href='../elts/us-gaap-2011-01-31.xsd#us-gaap_AccruedLiabilitiesMember' xlink:label='loc_AccruedLiabilitiesMember' xlink:type='locator' />
<link:loc xlink:href='../elts/us-gaap-2011-01-31.xsd#us-gaap_BorrowingsMember' xlink:label='loc_BorrowingsMember' xlink:type='locator' />
<link:loc xlink:href='../elts/us-gaap-2011-01-31.xsd#us-gaap_SeniorDebtObligationsMember' xlink:label='loc_SeniorDebtObligationsMember' xlink:type='locator' />
<link:loc xlink:href='../elts/us-gaap-2011-01-31.xsd#us-gaap_SubordinatedDebtObligationsMember' xlink:label='loc_SubordinatedDebtObligationsMember' xlink:type='locator' />
<link:loc xlink:href='../elts/us-gaap-2011-01-31.xsd#us-gaap_DepositsMember' xlink:label='loc_DepositsMember' xlink:type='locator' />
<link:loc xlink:href='../elts/us-gaap-2011-01-31.xsd#us-gaap_DemandDepositsMember' xlink:label='loc_DemandDepositsMember' xlink:type='locator' />
<link:loc xlink:href='../elts/us-gaap-2011-01-31.xsd#us-gaap_FederalFundsPurchasedAndSecuritiesSoldUnderAgreementsToRepurchaseMember' xlink:label='loc_FederalFundsPurchasedAndSecuritiesSoldUnderAgreementsToRepurchaseMember' xlink:type='locator' />
<link:loc xlink:href='../elts/us-gaap-2011-01-31.xsd#us-gaap_FederalFundsPurchasedMember' xlink:label='loc_FederalFundsPurchasedMember' xlink:type='locator' />
<link:loc xlink:href='../elts/us-gaap-2011-01-31.xsd#us-gaap_SecuritiesLoanedOrSoldUnderAgreementsToRepurchaseMember' xlink:label='loc_SecuritiesLoanedOrSoldUnderAgreementsToRepurchaseMember' xlink:type='locator' />
<link:loc xlink:href='../elts/us-gaap-2011-01-31.xsd#us-gaap_FederalHomeLoanBankBorrowingsMember' xlink:label='loc_FederalHomeLoanBankBorrowingsMember' xlink:type='locator' />
<link:loc xlink:href='../elts/us-gaap-2011-01-31.xsd#us-gaap_InvestmentContractsMember' xlink:label='loc_InvestmentContractsMember' xlink:type='locator' />
<link:loc xlink:href='../elts/us-gaap-2011-01-31.xsd#us-gaap_ForeignExchangeContractMember' xlink:label='loc_ForeignExchangeContractMember' xlink:type='locator' />
<link:loc xlink:href='../elts/us-gaap-2011-01-31.xsd#us-gaap_SecuritiesSoldNotYetPurchasedMember' xlink:label='loc_SecuritiesSoldNotYetPurchasedMember' xlink:type='locator' />
<link:definitionArc order='1.0' xlink:arcrole='http://xbrl.org/int/dim/arcrole/domain-member' xlink:from='loc_FinancialStatementLineItemsWithDifferencesInReportedAmountAndReportingCurrencyDenominatedAmountsDomain' xlink:to='loc_CashAndCashEquivalentsMember' xlink:type='arc' />
<link:definitionArc order='2.0' xlink:arcrole='http://xbrl.org/int/dim/arcrole/domain-member' xlink:from='loc_CashAndCashEquivalentsMember' xlink:to='loc_CashMember' xlink:type='arc' />
<link:definitionArc order='3.0' xlink:arcrole='http://xbrl.org/int/dim/arcrole/domain-member' xlink:from='loc_CashAndCashEquivalentsMember' xlink:to='loc_CashEquivalentsMember' xlink:type='arc' />
<link:definitionArc order='4.0' xlink:arcrole='http://xbrl.org/int/dim/arcrole/domain-member' xlink:from='loc_CashEquivalentsMember' xlink:to='loc_MoneyMarketFundsMember' xlink:type='arc' />
<link:definitionArc order='5.0' xlink:arcrole='http://xbrl.org/int/dim/arcrole/domain-member' xlink:from='loc_CashEquivalentsMember' xlink:to='loc_USTreasurySecuritiesMember' xlink:type='arc' />
<link:definitionArc order='6.0' xlink:arcrole='http://xbrl.org/int/dim/arcrole/domain-member' xlink:from='loc_CashEquivalentsMember' xlink:to='loc_CommercialPaperMember' xlink:type='arc' />
<link:definitionArc order='7.0' xlink:arcrole='http://xbrl.org/int/dim/arcrole/domain-member' xlink:from='loc_CashEquivalentsMember' xlink:to='loc_BankersAcceptanceMember' xlink:type='arc' />
<link:definitionArc order='8.0' xlink:arcrole='http://xbrl.org/int/dim/arcrole/domain-member' xlink:from='loc_CashEquivalentsMember' xlink:to='loc_InterestBearingDepositsMember' xlink:type='arc' />
<link:definitionArc order='9.0' xlink:arcrole='http://xbrl.org/int/dim/arcrole/domain-member' xlink:from='loc_InterestBearingDepositsMember' xlink:to='loc_BankTimeDepositsMember' xlink:type='arc' />
<link:definitionArc order='10.0' xlink:arcrole='http://xbrl.org/int/dim/arcrole/domain-member' xlink:from='loc_InterestBearingDepositsMember' xlink:to='loc_CertificatesOfDepositMember' xlink:type='arc' />
<link:definitionArc order='11.0' xlink:arcrole='http://xbrl.org/int/dim/arcrole/domain-member' xlink:from='loc_FinancialStatementLineItemsWithDifferencesInReportedAmountAndReportingCurrencyDenominatedAmountsDomain' xlink:to='loc_AccountsReceivableMember' xlink:type='arc' />
<link:definitionArc order='12.0' xlink:arcrole='http://xbrl.org/int/dim/arcrole/domain-member' xlink:from='loc_FinancialStatementLineItemsWithDifferencesInReportedAmountAndReportingCurrencyDenominatedAmountsDomain' xlink:to='loc_NotesReceivableMember' xlink:type='arc' />
<link:definitionArc order='13.0' xlink:arcrole='http://xbrl.org/int/dim/arcrole/domain-member' xlink:from='loc_FinancialStatementLineItemsWithDifferencesInReportedAmountAndReportingCurrencyDenominatedAmountsDomain' xlink:to='loc_PremiumsReceivableMember' xlink:type='arc' />
<link:definitionArc order='14.0' xlink:arcrole='http://xbrl.org/int/dim/arcrole/domain-member' xlink:from='loc_FinancialStatementLineItemsWithDifferencesInReportedAmountAndReportingCurrencyDenominatedAmountsDomain' xlink:to='loc_InvestmentsMember' xlink:type='arc' />
<link:definitionArc order='15.0' xlink:arcrole='http://xbrl.org/int/dim/arcrole/domain-member' xlink:from='loc_InvestmentsMember' xlink:to='loc_SecuritiesAssetsMember' xlink:type='arc' />
<link:definitionArc order='16.0' xlink:arcrole='http://xbrl.org/int/dim/arcrole/domain-member' xlink:from='loc_SecuritiesAssetsMember' xlink:to='loc_EquitySecuritiesMember' xlink:type='arc' />
<link:definitionArc order='17.0' xlink:arcrole='http://xbrl.org/int/dim/arcrole/domain-member' xlink:from='loc_EquitySecuritiesMember' xlink:to='loc_CommonStockMember' xlink:type='arc' />
<link:definitionArc order='18.0' xlink:arcrole='http://xbrl.org/int/dim/arcrole/domain-member' xlink:from='loc_EquitySecuritiesMember' xlink:to='loc_PreferredStockMember' xlink:type='arc' />
<link:definitionArc order='19.0' xlink:arcrole='http://xbrl.org/int/dim/arcrole/domain-member' xlink:from='loc_PreferredStockMember' xlink:to='loc_NonredeemablePreferredStockMember' xlink:type='arc' />
<link:definitionArc order='20.0' xlink:arcrole='http://xbrl.org/int/dim/arcrole/domain-member' xlink:from='loc_PreferredStockMember' xlink:to='loc_RedeemablePreferredStockMember' xlink:type='arc' />
<link:definitionArc order='21.0' xlink:arcrole='http://xbrl.org/int/dim/arcrole/domain-member' xlink:from='loc_PreferredStockMember' xlink:to='loc_ConvertiblePreferredStockMember' xlink:type='arc' />
<link:definitionArc order='22.0' xlink:arcrole='http://xbrl.org/int/dim/arcrole/domain-member' xlink:from='loc_EquitySecuritiesMember' xlink:to='loc_PreferredNonConvertibleStockMember' xlink:type='arc' />
<link:definitionArc order='23.0' xlink:arcrole='http://xbrl.org/int/dim/arcrole/domain-member' xlink:from='loc_EquitySecuritiesMember' xlink:to='loc_ConvertiblePreferredStockMember' xlink:type='arc' />
<link:definitionArc order='24.0' xlink:arcrole='http://xbrl.org/int/dim/arcrole/domain-member' xlink:from='loc_EquitySecuritiesMember' xlink:to='loc_RedeemablePreferredStockMember' xlink:type='arc' />
<link:definitionArc order='25.0' xlink:arcrole='http://xbrl.org/int/dim/arcrole/domain-member' xlink:from='loc_EquitySecuritiesMember' xlink:to='loc_RightsMember' xlink:type='arc' />
<link:definitionArc order='26.0' xlink:arcrole='http://xbrl.org/int/dim/arcrole/domain-member' xlink:from='loc_EquitySecuritiesMember' xlink:to='loc_WarrantsMember' xlink:type='arc' />
<link:definitionArc order='27.0' xlink:arcrole='http://xbrl.org/int/dim/arcrole/domain-member' xlink:from='loc_SecuritiesAssetsMember' xlink:to='loc_DebtSecuritiesMember' xlink:type='arc' />
<link:definitionArc order='28.0' xlink:arcrole='http://xbrl.org/int/dim/arcrole/domain-member' xlink:from='loc_DebtSecuritiesMember' xlink:to='loc_USTreasuryAndGovernmentMember' xlink:type='arc' />
<link:definitionArc order='29.0' xlink:arcrole='http://xbrl.org/int/dim/arcrole/domain-member' xlink:from='loc_USTreasuryAndGovernmentMember' xlink:to='loc_USTreasurySecuritiesMember' xlink:type='arc' />
<link:definitionArc order='30.0' xlink:arcrole='http://xbrl.org/int/dim/arcrole/domain-member' xlink:from='loc_USTreasuryAndGovernmentMember' xlink:to='loc_USGovernmentAgenciesDebtSecuritiesMember' xlink:type='arc' />
<link:definitionArc order='31.0' xlink:arcrole='http://xbrl.org/int/dim/arcrole/domain-member' xlink:from='loc_USTreasuryAndGovernmentMember' xlink:to='loc_USGovernmentSponsoredEnterprisesDebtSecuritiesMember' xlink:type='arc' />
<link:definitionArc order='32.0' xlink:arcrole='http://xbrl.org/int/dim/arcrole/domain-member' xlink:from='loc_DebtSecuritiesMember' xlink:to='loc_USStatesAndPoliticalSubdivisionsMember' xlink:type='arc' />
<link:definitionArc order='33.0' xlink:arcrole='http://xbrl.org/int/dim/arcrole/domain-member' xlink:from='loc_DebtSecuritiesMember' xlink:to='loc_ForeignGovernmentDebtSecuritiesMember' xlink:type='arc' />
<link:definitionArc order='34.0' xlink:arcrole='http://xbrl.org/int/dim/arcrole/domain-member' xlink:from='loc_DebtSecuritiesMember' xlink:to='loc_CorporateDebtSecuritiesMember' xlink:type='arc' />
<link:definitionArc order='35.0' xlink:arcrole='http://xbrl.org/int/dim/arcrole/domain-member' xlink:from='loc_CorporateDebtSecuritiesMember' xlink:to='loc_DomesticCorporateDebtSecuritiesMember' xlink:type='arc' />
<link:definitionArc order='36.0' xlink:arcrole='http://xbrl.org/int/dim/arcrole/domain-member' xlink:from='loc_CorporateDebtSecuritiesMember' xlink:to='loc_ForeignCorporateDebtSecuritiesMember' xlink:type='arc' />
<link:definitionArc order='37.0' xlink:arcrole='http://xbrl.org/int/dim/arcrole/domain-member' xlink:from='loc_CorporateDebtSecuritiesMember' xlink:to='loc_CommercialPaperNotIncludedWithCashAndCashEquivalentsMember' xlink:type='arc' />
<link:definitionArc order='38.0' xlink:arcrole='http://xbrl.org/int/dim/arcrole/domain-member' xlink:from='loc_CorporateDebtSecuritiesMember' xlink:to='loc_ConvertibleDebtSecuritiesMember' xlink:type='arc' />
<link:definitionArc order='39.0' xlink:arcrole='http://xbrl.org/int/dim/arcrole/domain-member' xlink:from='loc_DebtSecuritiesMember' xlink:to='loc_AssetBackedSecuritiesMember' xlink:type='arc' />
<link:definitionArc order='40.0' xlink:arcrole='http://xbrl.org/int/dim/arcrole/domain-member' xlink:from='loc_AssetBackedSecuritiesMember' xlink:to='loc_MortgageBackedSecuritiesMember' xlink:type='arc' />
<link:definitionArc order='41.0' xlink:arcrole='http://xbrl.org/int/dim/arcrole/domain-member' xlink:from='loc_MortgageBackedSecuritiesMember' xlink:to='loc_MortgageBackedSecuritiesIssuedByUSGovernmentSponsoredEnterprisesMember' xlink:type='arc' />
<link:definitionArc order='42.0' xlink:arcrole='http://xbrl.org/int/dim/arcrole/domain-member' xlink:from='loc_MortgageBackedSecuritiesMember' xlink:to='loc_MortgageBackedSecuritiesIssuedByPrivateEnterprisesMember' xlink:type='arc' />
<link:definitionArc order='43.0' xlink:arcrole='http://xbrl.org/int/dim/arcrole/domain-member' xlink:from='loc_AssetBackedSecuritiesMember' xlink:to='loc_AssetBackedSecuritiesSecuritizedLoansAndReceivablesMember' xlink:type='arc' />
<link:definitionArc order='44.0' xlink:arcrole='http://xbrl.org/int/dim/arcrole/domain-member' xlink:from='loc_AssetBackedSecuritiesMember' xlink:to='loc_InterestOnlyStripMember' xlink:type='arc' />
<link:definitionArc order='45.0' xlink:arcrole='http://xbrl.org/int/dim/arcrole/domain-member' xlink:from='loc_AssetBackedSecuritiesMember' xlink:to='loc_PrincipalOnlyStripMember' xlink:type='arc' />
<link:definitionArc order='46.0' xlink:arcrole='http://xbrl.org/int/dim/arcrole/domain-member' xlink:from='loc_DebtSecuritiesMember' xlink:to='loc_FixedIncomeSecuritiesMember' xlink:type='arc' />
<link:definitionArc order='47.0' xlink:arcrole='http://xbrl.org/int/dim/arcrole/domain-member' xlink:from='loc_DebtSecuritiesMember' xlink:to='loc_AuctionRateSecuritiesMember' xlink:type='arc' />
<link:definitionArc order='48.0' xlink:arcrole='http://xbrl.org/int/dim/arcrole/domain-member' xlink:from='loc_DebtSecuritiesMember' xlink:to='loc_VariableRateDemandObligationMember' xlink:type='arc' />
<link:definitionArc order='49.0' xlink:arcrole='http://xbrl.org/int/dim/arcrole/domain-member' xlink:from='loc_DebtSecuritiesMember' xlink:to='loc_OtherDebtSecuritiesMember' xlink:type='arc' />
<link:definitionArc order='50.0' xlink:arcrole='http://xbrl.org/int/dim/arcrole/domain-member' xlink:from='loc_FinancialStatementLineItemsWithDifferencesInReportedAmountAndReportingCurrencyDenominatedAmountsDomain' xlink:to='loc_EquityMethodInvestmentsMember' xlink:type='arc' />
<link:definitionArc order='51.0' xlink:arcrole='http://xbrl.org/int/dim/arcrole/domain-member' xlink:from='loc_FinancialStatementLineItemsWithDifferencesInReportedAmountAndReportingCurrencyDenominatedAmountsDomain' xlink:to='loc_CostmethodInvestmentsMember' xlink:type='arc' />
<link:definitionArc order='52.0' xlink:arcrole='http://xbrl.org/int/dim/arcrole/domain-member' xlink:from='loc_FinancialStatementLineItemsWithDifferencesInReportedAmountAndReportingCurrencyDenominatedAmountsDomain' xlink:to='loc_LoansReceivableMember' xlink:type='arc' />
<link:definitionArc order='53.0' xlink:arcrole='http://xbrl.org/int/dim/arcrole/domain-member' xlink:from='loc_FinancialStatementLineItemsWithDifferencesInReportedAmountAndReportingCurrencyDenominatedAmountsDomain' xlink:to='loc_CashSurrenderValueMember' xlink:type='arc' />
<link:definitionArc order='54.0' xlink:arcrole='http://xbrl.org/int/dim/arcrole/domain-member' xlink:from='loc_FinancialStatementLineItemsWithDifferencesInReportedAmountAndReportingCurrencyDenominatedAmountsDomain' xlink:to='loc_RetainedInterestMember' xlink:type='arc' />
<link:definitionArc order='55.0' xlink:arcrole='http://xbrl.org/int/dim/arcrole/domain-member' xlink:from='loc_FinancialStatementLineItemsWithDifferencesInReportedAmountAndReportingCurrencyDenominatedAmountsDomain' xlink:to='loc_InvestmentInFederalHomeLoanBankStockMember' xlink:type='arc' />
<link:definitionArc order='56.0' xlink:arcrole='http://xbrl.org/int/dim/arcrole/domain-member' xlink:from='loc_FinancialStatementLineItemsWithDifferencesInReportedAmountAndReportingCurrencyDenominatedAmountsDomain' xlink:to='loc_FederalFundsSoldAndSecuritiesBorrowedOrPurchasedUnderAgreementsToResellMember' xlink:type='arc' />
<link:definitionArc order='57.0' xlink:arcrole='http://xbrl.org/int/dim/arcrole/domain-member' xlink:from='loc_FinancialStatementLineItemsWithDifferencesInReportedAmountAndReportingCurrencyDenominatedAmountsDomain' xlink:to='loc_AvailableforsaleSecuritiesMember' xlink:type='arc' />
<link:definitionArc order='58.0' xlink:arcrole='http://xbrl.org/int/dim/arcrole/domain-member' xlink:from='loc_FinancialStatementLineItemsWithDifferencesInReportedAmountAndReportingCurrencyDenominatedAmountsDomain' xlink:to='loc_HeldtomaturitySecuritiesMember' xlink:type='arc' />
<link:definitionArc order='59.0' xlink:arcrole='http://xbrl.org/int/dim/arcrole/domain-member' xlink:from='loc_FinancialStatementLineItemsWithDifferencesInReportedAmountAndReportingCurrencyDenominatedAmountsDomain' xlink:to='loc_AccountsPayableMember' xlink:type='arc' />
<link:definitionArc order='60.0' xlink:arcrole='http://xbrl.org/int/dim/arcrole/domain-member' xlink:from='loc_FinancialStatementLineItemsWithDifferencesInReportedAmountAndReportingCurrencyDenominatedAmountsDomain' xlink:to='loc_AccruedLiabilitiesMember' xlink:type='arc' />
<link:definitionArc order='61.0' xlink:arcrole='http://xbrl.org/int/dim/arcrole/domain-member' xlink:from='loc_FinancialStatementLineItemsWithDifferencesInReportedAmountAndReportingCurrencyDenominatedAmountsDomain' xlink:to='loc_BorrowingsMember' xlink:type='arc' />
<link:definitionArc order='62.0' xlink:arcrole='http://xbrl.org/int/dim/arcrole/domain-member' xlink:from='loc_FinancialStatementLineItemsWithDifferencesInReportedAmountAndReportingCurrencyDenominatedAmountsDomain' xlink:to='loc_SeniorDebtObligationsMember' xlink:type='arc' />
<link:definitionArc order='63.0' xlink:arcrole='http://xbrl.org/int/dim/arcrole/domain-member' xlink:from='loc_FinancialStatementLineItemsWithDifferencesInReportedAmountAndReportingCurrencyDenominatedAmountsDomain' xlink:to='loc_SubordinatedDebtObligationsMember' xlink:type='arc' />
<link:definitionArc order='64.0' xlink:arcrole='http://xbrl.org/int/dim/arcrole/domain-member' xlink:from='loc_FinancialStatementLineItemsWithDifferencesInReportedAmountAndReportingCurrencyDenominatedAmountsDomain' xlink:to='loc_DepositsMember' xlink:type='arc' />
<link:definitionArc order='65.0' xlink:arcrole='http://xbrl.org/int/dim/arcrole/domain-member' xlink:from='loc_DepositsMember' xlink:to='loc_DemandDepositsMember' xlink:type='arc' />
<link:definitionArc order='66.0' xlink:arcrole='http://xbrl.org/int/dim/arcrole/domain-member' xlink:from='loc_FinancialStatementLineItemsWithDifferencesInReportedAmountAndReportingCurrencyDenominatedAmountsDomain' xlink:to='loc_FederalFundsPurchasedAndSecuritiesSoldUnderAgreementsToRepurchaseMember' xlink:type='arc' />
<link:definitionArc order='67.0' xlink:arcrole='http://xbrl.org/int/dim/arcrole/domain-member' xlink:from='loc_FinancialStatementLineItemsWithDifferencesInReportedAmountAndReportingCurrencyDenominatedAmountsDomain' xlink:to='loc_FederalFundsPurchasedMember' xlink:type='arc' />
<link:definitionArc order='68.0' xlink:arcrole='http://xbrl.org/int/dim/arcrole/domain-member' xlink:from='loc_FinancialStatementLineItemsWithDifferencesInReportedAmountAndReportingCurrencyDenominatedAmountsDomain' xlink:to='loc_SecuritiesLoanedOrSoldUnderAgreementsToRepurchaseMember' xlink:type='arc' />
<link:definitionArc order='69.0' xlink:arcrole='http://xbrl.org/int/dim/arcrole/domain-member' xlink:from='loc_FinancialStatementLineItemsWithDifferencesInReportedAmountAndReportingCurrencyDenominatedAmountsDomain' xlink:to='loc_FederalHomeLoanBankBorrowingsMember' xlink:type='arc' />
<link:definitionArc order='70.0' xlink:arcrole='http://xbrl.org/int/dim/arcrole/domain-member' xlink:from='loc_FinancialStatementLineItemsWithDifferencesInReportedAmountAndReportingCurrencyDenominatedAmountsDomain' xlink:to='loc_InvestmentContractsMember' xlink:type='arc' />
<link:definitionArc order='71.0' xlink:arcrole='http://xbrl.org/int/dim/arcrole/domain-member' xlink:from='loc_FinancialStatementLineItemsWithDifferencesInReportedAmountAndReportingCurrencyDenominatedAmountsDomain' xlink:to='loc_ForeignExchangeContractMember' xlink:type='arc' />
<link:definitionArc order='72.0' xlink:arcrole='http://xbrl.org/int/dim/arcrole/domain-member' xlink:from='loc_FinancialStatementLineItemsWithDifferencesInReportedAmountAndReportingCurrencyDenominatedAmountsDomain' xlink:to='loc_SecuritiesSoldNotYetPurchasedMember' xlink:type='arc' />
</link:definitionLink>
</link:linkbase>
