<?xml version="1.0" encoding="UTF-8" standalone="no"?>

<!--
(c) XBRL US, Inc. 2007-2010; Financial Accounting Foundation, Inc. 2010-2011.  All Rights Reserved.
Notice: Authorized Uses are Set Forth at http://xbrl.fasb.org/terms/TaxonomiesTermsConditions.html
  -->
<link:linkbase xmlns:link='http://www.xbrl.org/2003/linkbase' xmlns:xbrldt='http://xbrl.org/2005/xbrldt' xmlns:xlink='http://www.w3.org/1999/xlink' xmlns:xsi='http://www.w3.org/2001/XMLSchema-instance' xsi:schemaLocation='http://www.xbrl.org/2003/linkbase http://www.xbrl.org/2003/xbrl-linkbase-2003-12-31.xsd'>
<link:roleRef roleURI='http://fasb.org/us-gaap/role/disclosure/CashAndCashEquivalentsScheduleOfCompensatingBalancesTable' xlink:href='../elts/us-roles-2011-01-31.xsd#CashAndCashEquivalentsScheduleOfCompensatingBalancesTable' xlink:type='simple' />
<link:roleRef roleURI='http://fasb.org/us-gaap/role/disclosure/CashAndCashEquivalentsScheduleOfRestrictedCashAndCashEquivalentsTable' xlink:href='../elts/us-roles-2011-01-31.xsd#CashAndCashEquivalentsScheduleOfRestrictedCashAndCashEquivalentsTable' xlink:type='simple' />
<link:arcroleRef arcroleURI='http://xbrl.org/int/dim/arcrole/all' xlink:href='http://www.xbrl.org/2005/xbrldt-2005.xsd#all' xlink:type='simple' />
<link:arcroleRef arcroleURI='http://xbrl.org/int/dim/arcrole/hypercube-dimension' xlink:href='http://www.xbrl.org/2005/xbrldt-2005.xsd#hypercube-dimension' xlink:type='simple' />
<link:arcroleRef arcroleURI='http://xbrl.org/int/dim/arcrole/dimension-domain' xlink:href='http://www.xbrl.org/2005/xbrldt-2005.xsd#dimension-domain' xlink:type='simple' />
<link:arcroleRef arcroleURI='http://xbrl.org/int/dim/arcrole/dimension-default' xlink:href='http://www.xbrl.org/2005/xbrldt-2005.xsd#dimension-default' xlink:type='simple' />
<link:arcroleRef arcroleURI='http://xbrl.org/int/dim/arcrole/domain-member' xlink:href='http://www.xbrl.org/2005/xbrldt-2005.xsd#domain-member' xlink:type='simple' />
<!--Definition relationships for table ScheduleOfRestrictedCashAndCashEquivalentsTable in presentation http://fasb.org/us-gaap/role/disclosure/CashAndCashEquivalents-->
<link:definitionLink xlink:role='http://fasb.org/us-gaap/role/disclosure/CashAndCashEquivalentsScheduleOfRestrictedCashAndCashEquivalentsTable' xlink:type='extended'>
<link:loc xlink:href='../elts/us-gaap-2011-01-31.xsd#us-gaap_ScheduleOfRestrictedCashAndCashEquivalentsTable' xlink:label='loc_ScheduleOfRestrictedCashAndCashEquivalentsTable' xlink:type='locator' />
<link:loc xlink:href='../elts/us-gaap-2011-01-31.xsd#us-gaap_RestrictedCashAndCashEquivalentsItemsLineItems' xlink:label='loc_RestrictedCashAndCashEquivalentsItemsLineItems' xlink:type='locator' />
<link:definitionArc order='1.0' xbrldt:closed='true' xbrldt:contextElement='segment' xlink:arcrole='http://xbrl.org/int/dim/arcrole/all' xlink:from='loc_RestrictedCashAndCashEquivalentsItemsLineItems' xlink:to='loc_ScheduleOfRestrictedCashAndCashEquivalentsTable' xlink:type='arc' />
</link:definitionLink>
<link:definitionLink xlink:role='http://fasb.org/us-gaap/role/disclosure/CashAndCashEquivalentsScheduleOfRestrictedCashAndCashEquivalentsTable' xlink:type='extended'>
<link:loc xlink:href='../elts/us-gaap-2011-01-31.xsd#us-gaap_ScheduleOfRestrictedCashAndCashEquivalentsTable' xlink:label='loc_ScheduleOfRestrictedCashAndCashEquivalentsTable' xlink:type='locator' />
<link:loc xlink:href='../elts/us-gaap-2011-01-31.xsd#us-gaap_RestrictedCashAndCashEquivalentsCashAndCashEquivalentsAxis' xlink:label='loc_RestrictedCashAndCashEquivalentsCashAndCashEquivalentsAxis' xlink:type='locator' />
<link:definitionArc order='1.0' xlink:arcrole='http://xbrl.org/int/dim/arcrole/hypercube-dimension' xlink:from='loc_ScheduleOfRestrictedCashAndCashEquivalentsTable' xlink:to='loc_RestrictedCashAndCashEquivalentsCashAndCashEquivalentsAxis' xlink:type='arc' />
</link:definitionLink>
<link:definitionLink xlink:role='http://fasb.org/us-gaap/role/disclosure/CashAndCashEquivalentsScheduleOfRestrictedCashAndCashEquivalentsTable' xlink:type='extended'>
<link:loc xlink:href='../elts/us-gaap-2011-01-31.xsd#us-gaap_RestrictedCashAndCashEquivalentsCashAndCashEquivalentsAxis' xlink:label='loc_RestrictedCashAndCashEquivalentsCashAndCashEquivalentsAxis' xlink:type='locator' />
<link:loc xlink:href='../elts/us-gaap-2011-01-31.xsd#us-gaap_RestrictedCashAndCashEquivalentsCashAndCashEquivalentsMember' xlink:label='loc_RestrictedCashAndCashEquivalentsCashAndCashEquivalentsMember' xlink:type='locator' />
<link:definitionArc order='1.0' xlink:arcrole='http://xbrl.org/int/dim/arcrole/dimension-domain' xlink:from='loc_RestrictedCashAndCashEquivalentsCashAndCashEquivalentsAxis' xlink:to='loc_RestrictedCashAndCashEquivalentsCashAndCashEquivalentsMember' xlink:type='arc' />
</link:definitionLink>
<link:definitionLink xlink:role='http://fasb.org/us-gaap/role/disclosure/CashAndCashEquivalentsScheduleOfRestrictedCashAndCashEquivalentsTable' xlink:type='extended'>
<link:loc xlink:href='../elts/us-gaap-2011-01-31.xsd#us-gaap_RestrictedCashAndCashEquivalentsCashAndCashEquivalentsAxis' xlink:label='loc_RestrictedCashAndCashEquivalentsCashAndCashEquivalentsAxis' xlink:type='locator' />
<link:loc xlink:href='../elts/us-gaap-2011-01-31.xsd#us-gaap_RestrictedCashAndCashEquivalentsCashAndCashEquivalentsMember' xlink:label='loc_RestrictedCashAndCashEquivalentsCashAndCashEquivalentsMember' xlink:type='locator' />
<link:definitionArc order='1.0' xlink:arcrole='http://xbrl.org/int/dim/arcrole/dimension-default' xlink:from='loc_RestrictedCashAndCashEquivalentsCashAndCashEquivalentsAxis' xlink:to='loc_RestrictedCashAndCashEquivalentsCashAndCashEquivalentsMember' xlink:type='arc' />
</link:definitionLink>
<link:definitionLink xlink:role='http://fasb.org/us-gaap/role/disclosure/CashAndCashEquivalentsScheduleOfRestrictedCashAndCashEquivalentsTable' xlink:type='extended'>
<link:loc xlink:href='../elts/us-gaap-2011-01-31.xsd#us-gaap_RestrictedCashAndCashEquivalentsItemsLineItems' xlink:label='loc_RestrictedCashAndCashEquivalentsItemsLineItems' xlink:type='locator' />
<link:loc xlink:href='../elts/us-gaap-2011-01-31.xsd#us-gaap_RestrictedCashAndCashEquivalentItemDescription' xlink:label='loc_RestrictedCashAndCashEquivalentItemDescription' xlink:type='locator' />
<link:loc xlink:href='../elts/us-gaap-2011-01-31.xsd#us-gaap_RestrictedCashAndCashEquivalentsAtCarryingValue' xlink:label='loc_RestrictedCashAndCashEquivalentsAtCarryingValue' xlink:type='locator' />
<link:loc xlink:href='../elts/us-gaap-2011-01-31.xsd#us-gaap_RestrictedCashAndCashEquivalentsNoncurrent' xlink:label='loc_RestrictedCashAndCashEquivalentsNoncurrent' xlink:type='locator' />
<link:loc xlink:href='../elts/us-gaap-2011-01-31.xsd#us-gaap_RestrictedCashAndCashEquivalents' xlink:label='loc_RestrictedCashAndCashEquivalents' xlink:type='locator' />
<link:loc xlink:href='../elts/us-gaap-2011-01-31.xsd#us-gaap_RestrictedCashAndCashEquivalentItemPurpose' xlink:label='loc_RestrictedCashAndCashEquivalentItemPurpose' xlink:type='locator' />
<link:loc xlink:href='../elts/us-gaap-2011-01-31.xsd#us-gaap_RestrictedCashAndCashEquivalentItemAgreement' xlink:label='loc_RestrictedCashAndCashEquivalentItemAgreement' xlink:type='locator' />
<link:definitionArc order='1.0' xlink:arcrole='http://xbrl.org/int/dim/arcrole/domain-member' xlink:from='loc_RestrictedCashAndCashEquivalentsItemsLineItems' xlink:to='loc_RestrictedCashAndCashEquivalentItemDescription' xlink:type='arc' />
<link:definitionArc order='2.0' xlink:arcrole='http://xbrl.org/int/dim/arcrole/domain-member' xlink:from='loc_RestrictedCashAndCashEquivalentsItemsLineItems' xlink:to='loc_RestrictedCashAndCashEquivalentsAtCarryingValue' xlink:type='arc' />
<link:definitionArc order='3.0' xlink:arcrole='http://xbrl.org/int/dim/arcrole/domain-member' xlink:from='loc_RestrictedCashAndCashEquivalentsItemsLineItems' xlink:to='loc_RestrictedCashAndCashEquivalentsNoncurrent' xlink:type='arc' />
<link:definitionArc order='4.0' xlink:arcrole='http://xbrl.org/int/dim/arcrole/domain-member' xlink:from='loc_RestrictedCashAndCashEquivalentsItemsLineItems' xlink:to='loc_RestrictedCashAndCashEquivalents' xlink:type='arc' />
<link:definitionArc order='5.0' xlink:arcrole='http://xbrl.org/int/dim/arcrole/domain-member' xlink:from='loc_RestrictedCashAndCashEquivalentsItemsLineItems' xlink:to='loc_RestrictedCashAndCashEquivalentItemPurpose' xlink:type='arc' />
<link:definitionArc order='6.0' xlink:arcrole='http://xbrl.org/int/dim/arcrole/domain-member' xlink:from='loc_RestrictedCashAndCashEquivalentsItemsLineItems' xlink:to='loc_RestrictedCashAndCashEquivalentItemAgreement' xlink:type='arc' />
</link:definitionLink>
<link:definitionLink xlink:role='http://fasb.org/us-gaap/role/disclosure/CashAndCashEquivalentsScheduleOfRestrictedCashAndCashEquivalentsTable' xlink:type='extended'>
<link:loc xlink:href='../elts/us-gaap-2011-01-31.xsd#us-gaap_RestrictedCashAndCashEquivalentsCashAndCashEquivalentsMember' xlink:label='loc_RestrictedCashAndCashEquivalentsCashAndCashEquivalentsMember' xlink:type='locator' />
<link:loc xlink:href='../elts/us-gaap-2011-01-31.xsd#us-gaap_CashMember' xlink:label='loc_CashMember' xlink:type='locator' />
<link:loc xlink:href='../elts/us-gaap-2011-01-31.xsd#us-gaap_DemandDepositsMember' xlink:label='loc_DemandDepositsMember' xlink:type='locator' />
<link:loc xlink:href='../elts/us-gaap-2011-01-31.xsd#us-gaap_CashEquivalentsMember' xlink:label='loc_CashEquivalentsMember' xlink:type='locator' />
<link:loc xlink:href='../elts/us-gaap-2011-01-31.xsd#us-gaap_BankTimeDepositsMember' xlink:label='loc_BankTimeDepositsMember' xlink:type='locator' />
<link:loc xlink:href='../elts/us-gaap-2011-01-31.xsd#us-gaap_CertificatesOfDepositMember' xlink:label='loc_CertificatesOfDepositMember' xlink:type='locator' />
<link:loc xlink:href='../elts/us-gaap-2011-01-31.xsd#us-gaap_CommercialPaperMember' xlink:label='loc_CommercialPaperMember' xlink:type='locator' />
<link:loc xlink:href='../elts/us-gaap-2011-01-31.xsd#us-gaap_InterestBearingDepositsMember' xlink:label='loc_InterestBearingDepositsMember' xlink:type='locator' />
<link:loc xlink:href='../elts/us-gaap-2011-01-31.xsd#us-gaap_MoneyMarketFundsMember' xlink:label='loc_MoneyMarketFundsMember' xlink:type='locator' />
<link:loc xlink:href='../elts/us-gaap-2011-01-31.xsd#us-gaap_USStatesAndPoliticalSubdivisionsMember' xlink:label='loc_USStatesAndPoliticalSubdivisionsMember' xlink:type='locator' />
<link:loc xlink:href='../elts/us-gaap-2011-01-31.xsd#us-gaap_USGovernmentCorporationsAndAgenciesSecuritiesMember' xlink:label='loc_USGovernmentCorporationsAndAgenciesSecuritiesMember' xlink:type='locator' />
<link:loc xlink:href='../elts/us-gaap-2011-01-31.xsd#us-gaap_USTreasurySecuritiesMember' xlink:label='loc_USTreasurySecuritiesMember' xlink:type='locator' />
<link:definitionArc order='1.0' xlink:arcrole='http://xbrl.org/int/dim/arcrole/domain-member' xlink:from='loc_RestrictedCashAndCashEquivalentsCashAndCashEquivalentsMember' xlink:to='loc_CashMember' xlink:type='arc' />
<link:definitionArc order='2.0' xlink:arcrole='http://xbrl.org/int/dim/arcrole/domain-member' xlink:from='loc_CashMember' xlink:to='loc_DemandDepositsMember' xlink:type='arc' />
<link:definitionArc order='3.0' xlink:arcrole='http://xbrl.org/int/dim/arcrole/domain-member' xlink:from='loc_RestrictedCashAndCashEquivalentsCashAndCashEquivalentsMember' xlink:to='loc_CashEquivalentsMember' xlink:type='arc' />
<link:definitionArc order='4.0' xlink:arcrole='http://xbrl.org/int/dim/arcrole/domain-member' xlink:from='loc_CashEquivalentsMember' xlink:to='loc_BankTimeDepositsMember' xlink:type='arc' />
<link:definitionArc order='5.0' xlink:arcrole='http://xbrl.org/int/dim/arcrole/domain-member' xlink:from='loc_BankTimeDepositsMember' xlink:to='loc_CertificatesOfDepositMember' xlink:type='arc' />
<link:definitionArc order='6.0' xlink:arcrole='http://xbrl.org/int/dim/arcrole/domain-member' xlink:from='loc_CashEquivalentsMember' xlink:to='loc_CommercialPaperMember' xlink:type='arc' />
<link:definitionArc order='7.0' xlink:arcrole='http://xbrl.org/int/dim/arcrole/domain-member' xlink:from='loc_CashEquivalentsMember' xlink:to='loc_InterestBearingDepositsMember' xlink:type='arc' />
<link:definitionArc order='8.0' xlink:arcrole='http://xbrl.org/int/dim/arcrole/domain-member' xlink:from='loc_CashEquivalentsMember' xlink:to='loc_MoneyMarketFundsMember' xlink:type='arc' />
<link:definitionArc order='9.0' xlink:arcrole='http://xbrl.org/int/dim/arcrole/domain-member' xlink:from='loc_CashEquivalentsMember' xlink:to='loc_USStatesAndPoliticalSubdivisionsMember' xlink:type='arc' />
<link:definitionArc order='10.0' xlink:arcrole='http://xbrl.org/int/dim/arcrole/domain-member' xlink:from='loc_CashEquivalentsMember' xlink:to='loc_USGovernmentCorporationsAndAgenciesSecuritiesMember' xlink:type='arc' />
<link:definitionArc order='11.0' xlink:arcrole='http://xbrl.org/int/dim/arcrole/domain-member' xlink:from='loc_CashEquivalentsMember' xlink:to='loc_USTreasurySecuritiesMember' xlink:type='arc' />
</link:definitionLink>
<!--Definition relationships for table ScheduleOfCompensatingBalancesTable in presentation http://fasb.org/us-gaap/role/disclosure/CashAndCashEquivalents-->
<link:definitionLink xlink:role='http://fasb.org/us-gaap/role/disclosure/CashAndCashEquivalentsScheduleOfCompensatingBalancesTable' xlink:type='extended'>
<link:loc xlink:href='../elts/us-gaap-2011-01-31.xsd#us-gaap_ScheduleOfCompensatingBalancesTable' xlink:label='loc_ScheduleOfCompensatingBalancesTable' xlink:type='locator' />
<link:loc xlink:href='../elts/us-gaap-2011-01-31.xsd#us-gaap_CompensatingBalancesLineItems' xlink:label='loc_CompensatingBalancesLineItems' xlink:type='locator' />
<link:definitionArc order='1.0' xbrldt:closed='true' xbrldt:contextElement='segment' xlink:arcrole='http://xbrl.org/int/dim/arcrole/all' xlink:from='loc_CompensatingBalancesLineItems' xlink:to='loc_ScheduleOfCompensatingBalancesTable' xlink:type='arc' />
</link:definitionLink>
<link:definitionLink xlink:role='http://fasb.org/us-gaap/role/disclosure/CashAndCashEquivalentsScheduleOfCompensatingBalancesTable' xlink:type='extended'>
<link:loc xlink:href='../elts/us-gaap-2011-01-31.xsd#us-gaap_ScheduleOfCompensatingBalancesTable' xlink:label='loc_ScheduleOfCompensatingBalancesTable' xlink:type='locator' />
<link:loc xlink:href='../elts/us-gaap-2011-01-31.xsd#us-gaap_CompensatingBalancesCashAndCashEquivalentsAxis' xlink:label='loc_CompensatingBalancesCashAndCashEquivalentsAxis' xlink:type='locator' />
<link:definitionArc order='1.0' xlink:arcrole='http://xbrl.org/int/dim/arcrole/hypercube-dimension' xlink:from='loc_ScheduleOfCompensatingBalancesTable' xlink:to='loc_CompensatingBalancesCashAndCashEquivalentsAxis' xlink:type='arc' />
</link:definitionLink>
<link:definitionLink xlink:role='http://fasb.org/us-gaap/role/disclosure/CashAndCashEquivalentsScheduleOfCompensatingBalancesTable' xlink:type='extended'>
<link:loc xlink:href='../elts/us-gaap-2011-01-31.xsd#us-gaap_CompensatingBalancesCashAndCashEquivalentsAxis' xlink:label='loc_CompensatingBalancesCashAndCashEquivalentsAxis' xlink:type='locator' />
<link:loc xlink:href='../elts/us-gaap-2011-01-31.xsd#us-gaap_CompensatingBalancesCashAndCashEquivalentsMember' xlink:label='loc_CompensatingBalancesCashAndCashEquivalentsMember' xlink:type='locator' />
<link:definitionArc order='1.0' xlink:arcrole='http://xbrl.org/int/dim/arcrole/dimension-domain' xlink:from='loc_CompensatingBalancesCashAndCashEquivalentsAxis' xlink:to='loc_CompensatingBalancesCashAndCashEquivalentsMember' xlink:type='arc' />
</link:definitionLink>
<link:definitionLink xlink:role='http://fasb.org/us-gaap/role/disclosure/CashAndCashEquivalentsScheduleOfCompensatingBalancesTable' xlink:type='extended'>
<link:loc xlink:href='../elts/us-gaap-2011-01-31.xsd#us-gaap_CompensatingBalancesCashAndCashEquivalentsAxis' xlink:label='loc_CompensatingBalancesCashAndCashEquivalentsAxis' xlink:type='locator' />
<link:loc xlink:href='../elts/us-gaap-2011-01-31.xsd#us-gaap_CompensatingBalancesCashAndCashEquivalentsMember' xlink:label='loc_CompensatingBalancesCashAndCashEquivalentsMember' xlink:type='locator' />
<link:definitionArc order='1.0' xlink:arcrole='http://xbrl.org/int/dim/arcrole/dimension-default' xlink:from='loc_CompensatingBalancesCashAndCashEquivalentsAxis' xlink:to='loc_CompensatingBalancesCashAndCashEquivalentsMember' xlink:type='arc' />
</link:definitionLink>
<link:definitionLink xlink:role='http://fasb.org/us-gaap/role/disclosure/CashAndCashEquivalentsScheduleOfCompensatingBalancesTable' xlink:type='extended'>
<link:loc xlink:href='../elts/us-gaap-2011-01-31.xsd#us-gaap_CompensatingBalancesLineItems' xlink:label='loc_CompensatingBalancesLineItems' xlink:type='locator' />
<link:loc xlink:href='../elts/us-gaap-2011-01-31.xsd#us-gaap_CompensatingBalanceDescription' xlink:label='loc_CompensatingBalanceDescription' xlink:type='locator' />
<link:loc xlink:href='../elts/us-gaap-2011-01-31.xsd#us-gaap_CompensatingBalanceAmount' xlink:label='loc_CompensatingBalanceAmount' xlink:type='locator' />
<link:loc xlink:href='../elts/us-gaap-2011-01-31.xsd#us-gaap_CompensatingBalancePurpose' xlink:label='loc_CompensatingBalancePurpose' xlink:type='locator' />
<link:loc xlink:href='../elts/us-gaap-2011-01-31.xsd#us-gaap_CompensatingBalanceAgreement' xlink:label='loc_CompensatingBalanceAgreement' xlink:type='locator' />
<link:definitionArc order='1.0' xlink:arcrole='http://xbrl.org/int/dim/arcrole/domain-member' xlink:from='loc_CompensatingBalancesLineItems' xlink:to='loc_CompensatingBalanceDescription' xlink:type='arc' />
<link:definitionArc order='2.0' xlink:arcrole='http://xbrl.org/int/dim/arcrole/domain-member' xlink:from='loc_CompensatingBalancesLineItems' xlink:to='loc_CompensatingBalanceAmount' xlink:type='arc' />
<link:definitionArc order='3.0' xlink:arcrole='http://xbrl.org/int/dim/arcrole/domain-member' xlink:from='loc_CompensatingBalancesLineItems' xlink:to='loc_CompensatingBalancePurpose' xlink:type='arc' />
<link:definitionArc order='4.0' xlink:arcrole='http://xbrl.org/int/dim/arcrole/domain-member' xlink:from='loc_CompensatingBalancesLineItems' xlink:to='loc_CompensatingBalanceAgreement' xlink:type='arc' />
</link:definitionLink>
</link:linkbase>
