<?xml version="1.0" encoding="UTF-8" standalone="no"?>

<!--
(c) XBRL US, Inc. 2007-2010; Financial Accounting Foundation, Inc. 2010-2011.  All Rights Reserved.
Notice: Authorized Uses are Set Forth at http://xbrl.fasb.org/terms/TaxonomiesTermsConditions.html
  -->
<link:linkbase xmlns:link='http://www.xbrl.org/2003/linkbase' xmlns:xlink='http://www.w3.org/1999/xlink' xmlns:xsi='http://www.w3.org/2001/XMLSchema-instance' xsi:schemaLocation='http://www.xbrl.org/2003/linkbase http://www.xbrl.org/2003/xbrl-linkbase-2003-12-31.xsd'>
<link:roleRef roleURI='http://fasb.org/us-gaap/role/disclosure/DiscontinuedOperations' xlink:href='../elts/us-roles-2011-01-31.xsd#disops' xlink:type='simple' />
<calculationLink xlink:role='http://fasb.org/us-gaap/role/disclosure/DiscontinuedOperations' xlink:type='extended' xmlns='http://www.xbrl.org/2003/linkbase'>
<link:loc xlink:href='../elts/us-gaap-2011-01-31.xsd#us-gaap_AssetsOfDisposalGroupIncludingDiscontinuedOperationCurrent' xlink:label='loc_AssetsOfDisposalGroupIncludingDiscontinuedOperationCurrent' xlink:type='locator' />
<link:loc xlink:href='../elts/us-gaap-2011-01-31.xsd#us-gaap_DisposalGroupIncludingDiscontinuedOperationCashAndCashEquivalents' xlink:label='loc_DisposalGroupIncludingDiscontinuedOperationCashAndCashEquivalents' xlink:type='locator' />
<link:loc xlink:href='../elts/us-gaap-2011-01-31.xsd#us-gaap_DisposalGroupIncludingDiscontinuedOperationAccountsNotesAndLoansReceivableNet' xlink:label='loc_DisposalGroupIncludingDiscontinuedOperationAccountsNotesAndLoansReceivableNet' xlink:type='locator' />
<link:loc xlink:href='../elts/us-gaap-2011-01-31.xsd#us-gaap_DisposalGroupIncludingDiscontinuedOperationInventory' xlink:label='loc_DisposalGroupIncludingDiscontinuedOperationInventory' xlink:type='locator' />
<link:loc xlink:href='../elts/us-gaap-2011-01-31.xsd#us-gaap_DisposalGroupIncludingDiscontinuedOperationOtherCurrentAssets' xlink:label='loc_DisposalGroupIncludingDiscontinuedOperationOtherCurrentAssets' xlink:type='locator' />
<link:loc xlink:href='../elts/us-gaap-2011-01-31.xsd#us-gaap_AssetsOfDisposalGroupIncludingDiscontinuedOperationNoncurrent' xlink:label='loc_AssetsOfDisposalGroupIncludingDiscontinuedOperationNoncurrent' xlink:type='locator' />
<link:loc xlink:href='../elts/us-gaap-2011-01-31.xsd#us-gaap_DisposalGroupIncludingDiscontinuedOperationPropertyPlantAndEquipmentNet' xlink:label='loc_DisposalGroupIncludingDiscontinuedOperationPropertyPlantAndEquipmentNet' xlink:type='locator' />
<link:loc xlink:href='../elts/us-gaap-2011-01-31.xsd#us-gaap_DisposalGroupIncludingDiscontinuedOperationDeferredTaxAssets' xlink:label='loc_DisposalGroupIncludingDiscontinuedOperationDeferredTaxAssets' xlink:type='locator' />
<link:loc xlink:href='../elts/us-gaap-2011-01-31.xsd#us-gaap_DisposalGroupIncludingDiscontinuedOperationGoodwill' xlink:label='loc_DisposalGroupIncludingDiscontinuedOperationGoodwill' xlink:type='locator' />
<link:loc xlink:href='../elts/us-gaap-2011-01-31.xsd#us-gaap_DisposalGroupIncludingDiscontinuedOperationIntangibleAssetsNet' xlink:label='loc_DisposalGroupIncludingDiscontinuedOperationIntangibleAssetsNet' xlink:type='locator' />
<link:loc xlink:href='../elts/us-gaap-2011-01-31.xsd#us-gaap_DisposalGroupIncludingDiscontinuedOperationOtherNoncurrentAssets' xlink:label='loc_DisposalGroupIncludingDiscontinuedOperationOtherNoncurrentAssets' xlink:type='locator' />
<link:loc xlink:href='../elts/us-gaap-2011-01-31.xsd#us-gaap_AssetsOfDisposalGroupIncludingDiscontinuedOperation' xlink:label='loc_AssetsOfDisposalGroupIncludingDiscontinuedOperation' xlink:type='locator' />
<link:loc xlink:href='../elts/us-gaap-2011-01-31.xsd#us-gaap_DisposalGroupIncludingDiscontinuedOperationOtherAssets' xlink:label='loc_DisposalGroupIncludingDiscontinuedOperationOtherAssets' xlink:type='locator' />
<link:loc xlink:href='../elts/us-gaap-2011-01-31.xsd#us-gaap_DiscontinuedOperationAmountOfAdjustmentToPriorPeriodGainLossOnDisposalNetOfTax' xlink:label='loc_DiscontinuedOperationAmountOfAdjustmentToPriorPeriodGainLossOnDisposalNetOfTax' xlink:type='locator' />
<link:loc xlink:href='../elts/us-gaap-2011-01-31.xsd#us-gaap_DiscontinuedOperationAmountOfAdjustmentToPriorPeriodGainLossOnDisposalBeforeIncomeTax' xlink:label='loc_DiscontinuedOperationAmountOfAdjustmentToPriorPeriodGainLossOnDisposalBeforeIncomeTax' xlink:type='locator' />
<link:loc xlink:href='../elts/us-gaap-2011-01-31.xsd#us-gaap_DiscontinuedOperationTaxEffectOfAdjustmentToPriorPeriodGainLossOnDisposal' xlink:label='loc_DiscontinuedOperationTaxEffectOfAdjustmentToPriorPeriodGainLossOnDisposal' xlink:type='locator' />
<link:loc xlink:href='../elts/us-gaap-2011-01-31.xsd#us-gaap_DiscontinuedOperationAmountOfOtherIncomeLossFromDispositionOfDiscontinuedOperationNetOfTax' xlink:label='loc_DiscontinuedOperationAmountOfOtherIncomeLossFromDispositionOfDiscontinuedOperationNetOfTax' xlink:type='locator' />
<link:loc xlink:href='../elts/us-gaap-2011-01-31.xsd#us-gaap_DiscontinuedOperationAmountOfOtherIncomeLossFromDispositionOfDiscontinuedOperationsBeforeIncomeTax' xlink:label='loc_DiscontinuedOperationAmountOfOtherIncomeLossFromDispositionOfDiscontinuedOperationsBeforeIncomeTax' xlink:type='locator' />
<link:loc xlink:href='../elts/us-gaap-2011-01-31.xsd#us-gaap_DiscontinuedOperationTaxEffectOfOtherIncomeLossFromDispositionOfDiscontinuedOperation' xlink:label='loc_DiscontinuedOperationTaxEffectOfOtherIncomeLossFromDispositionOfDiscontinuedOperation' xlink:type='locator' />
<link:loc xlink:href='../elts/us-gaap-2011-01-31.xsd#us-gaap_DiscontinuedOperationGainLossOnDisposalOfDiscontinuedOperationNetOfTax' xlink:label='loc_DiscontinuedOperationGainLossOnDisposalOfDiscontinuedOperationNetOfTax' xlink:type='locator' />
<link:loc xlink:href='../elts/us-gaap-2011-01-31.xsd#us-gaap_DiscontinuedOperationGainLossFromDisposalOfDiscontinuedOperationBeforeIncomeTax' xlink:label='loc_DiscontinuedOperationGainLossFromDisposalOfDiscontinuedOperationBeforeIncomeTax' xlink:type='locator' />
<link:loc xlink:href='../elts/us-gaap-2011-01-31.xsd#us-gaap_DiscontinuedOperationTaxEffectOfIncomeLossFromDisposalOfDiscontinuedOperation' xlink:label='loc_DiscontinuedOperationTaxEffectOfIncomeLossFromDisposalOfDiscontinuedOperation' xlink:type='locator' />
<link:loc xlink:href='../elts/us-gaap-2011-01-31.xsd#us-gaap_DiscontinuedOperationIncomeLossFromDiscontinuedOperationDuringPhaseOutPeriodNetOfTax' xlink:label='loc_DiscontinuedOperationIncomeLossFromDiscontinuedOperationDuringPhaseOutPeriodNetOfTax' xlink:type='locator' />
<link:loc xlink:href='../elts/us-gaap-2011-01-31.xsd#us-gaap_DiscontinuedOperationIncomeLossFromDiscontinuedOperationDuringPhaseOutPeriodBeforeIncomeTax' xlink:label='loc_DiscontinuedOperationIncomeLossFromDiscontinuedOperationDuringPhaseOutPeriodBeforeIncomeTax' xlink:type='locator' />
<link:loc xlink:href='../elts/us-gaap-2011-01-31.xsd#us-gaap_DiscontinuedOperationTaxEffectOfIncomeLossFromDiscontinuedOperationDuringPhaseOutPeriod' xlink:label='loc_DiscontinuedOperationTaxEffectOfIncomeLossFromDiscontinuedOperationDuringPhaseOutPeriod' xlink:type='locator' />
<link:loc xlink:href='../elts/us-gaap-2011-01-31.xsd#us-gaap_DiscontinuedOperationProvisionForLossGainOnDisposalNetOfTax' xlink:label='loc_DiscontinuedOperationProvisionForLossGainOnDisposalNetOfTax' xlink:type='locator' />
<link:loc xlink:href='../elts/us-gaap-2011-01-31.xsd#us-gaap_DiscontinuedOperationProvisionForLossGainOnDisposalBeforeIncomeTax' xlink:label='loc_DiscontinuedOperationProvisionForLossGainOnDisposalBeforeIncomeTax' xlink:type='locator' />
<link:loc xlink:href='../elts/us-gaap-2011-01-31.xsd#us-gaap_DiscontinuedOperationTaxExpenseBenefitFromProvisionForGainLossOnDisposal' xlink:label='loc_DiscontinuedOperationTaxExpenseBenefitFromProvisionForGainLossOnDisposal' xlink:type='locator' />
<link:loc xlink:href='../elts/us-gaap-2011-01-31.xsd#us-gaap_IncomeLossFromDiscontinuedOperationsNetOfTax' xlink:label='loc_IncomeLossFromDiscontinuedOperationsNetOfTax' xlink:type='locator' />
<link:loc xlink:href='../elts/us-gaap-2011-01-31.xsd#us-gaap_DiscontinuedOperationTaxEffectOfDiscontinuedOperation' xlink:label='loc_DiscontinuedOperationTaxEffectOfDiscontinuedOperation' xlink:type='locator' />
<link:loc xlink:href='../elts/us-gaap-2011-01-31.xsd#us-gaap_DiscontinuedOperationIncomeLossFromDiscontinuedOperationBeforeIncomeTax' xlink:label='loc_DiscontinuedOperationIncomeLossFromDiscontinuedOperationBeforeIncomeTax' xlink:type='locator' />
<link:loc xlink:href='../elts/us-gaap-2011-01-31.xsd#us-gaap_LiabilitiesOfDisposalGroupIncludingDiscontinuedOperationCurrent' xlink:label='loc_LiabilitiesOfDisposalGroupIncludingDiscontinuedOperationCurrent' xlink:type='locator' />
<link:loc xlink:href='../elts/us-gaap-2011-01-31.xsd#us-gaap_DisposalGroupIncludingDiscontinuedOperationAccountsPayable' xlink:label='loc_DisposalGroupIncludingDiscontinuedOperationAccountsPayable' xlink:type='locator' />
<link:loc xlink:href='../elts/us-gaap-2011-01-31.xsd#us-gaap_DisposalGroupIncludingDiscontinuedOperationAccruedLiabilities' xlink:label='loc_DisposalGroupIncludingDiscontinuedOperationAccruedLiabilities' xlink:type='locator' />
<link:loc xlink:href='../elts/us-gaap-2011-01-31.xsd#us-gaap_DisposalGroupIncludingDiscontinuedOperationAccruedIncomeTaxesPayable' xlink:label='loc_DisposalGroupIncludingDiscontinuedOperationAccruedIncomeTaxesPayable' xlink:type='locator' />
<link:loc xlink:href='../elts/us-gaap-2011-01-31.xsd#us-gaap_DisposalGroupIncludingDiscontinuedOperationOtherCurrentLiabilities' xlink:label='loc_DisposalGroupIncludingDiscontinuedOperationOtherCurrentLiabilities' xlink:type='locator' />
<link:loc xlink:href='../elts/us-gaap-2011-01-31.xsd#us-gaap_LiabilitiesOfDisposalGroupIncludingDiscontinuedOperationNoncurrent' xlink:label='loc_LiabilitiesOfDisposalGroupIncludingDiscontinuedOperationNoncurrent' xlink:type='locator' />
<link:loc xlink:href='../elts/us-gaap-2011-01-31.xsd#us-gaap_DisposalGroupIncludingDiscontinuedOperationDeferredTaxLiabilities' xlink:label='loc_DisposalGroupIncludingDiscontinuedOperationDeferredTaxLiabilities' xlink:type='locator' />
<link:loc xlink:href='../elts/us-gaap-2011-01-31.xsd#us-gaap_DisposalGroupIncludingDiscontinuedOperationPensionPlanBenefitObligation' xlink:label='loc_DisposalGroupIncludingDiscontinuedOperationPensionPlanBenefitObligation' xlink:type='locator' />
<link:loc xlink:href='../elts/us-gaap-2011-01-31.xsd#us-gaap_DisposalGroupIncludingDiscontinuedOperationPostretirementPlanBenefitObligation' xlink:label='loc_DisposalGroupIncludingDiscontinuedOperationPostretirementPlanBenefitObligation' xlink:type='locator' />
<link:loc xlink:href='../elts/us-gaap-2011-01-31.xsd#us-gaap_DisposalGroupIncludingDiscontinuedOperationOtherNoncurrentLiabilities' xlink:label='loc_DisposalGroupIncludingDiscontinuedOperationOtherNoncurrentLiabilities' xlink:type='locator' />
<link:loc xlink:href='../elts/us-gaap-2011-01-31.xsd#us-gaap_LiabilitiesOfDisposalGroupIncludingDiscontinuedOperation' xlink:label='loc_LiabilitiesOfDisposalGroupIncludingDiscontinuedOperation' xlink:type='locator' />
<link:loc xlink:href='../elts/us-gaap-2011-01-31.xsd#us-gaap_DisposalGroupIncludingDiscontinuedOperationOtherLiabilities' xlink:label='loc_DisposalGroupIncludingDiscontinuedOperationOtherLiabilities' xlink:type='locator' />
<calculationArc order='10' weight='1.0' xlink:arcrole='http://www.xbrl.org/2003/arcrole/summation-item' xlink:from='loc_AssetsOfDisposalGroupIncludingDiscontinuedOperationCurrent' xlink:to='loc_DisposalGroupIncludingDiscontinuedOperationCashAndCashEquivalents' xlink:type='arc' />
<calculationArc order='20' weight='1.0' xlink:arcrole='http://www.xbrl.org/2003/arcrole/summation-item' xlink:from='loc_AssetsOfDisposalGroupIncludingDiscontinuedOperationCurrent' xlink:to='loc_DisposalGroupIncludingDiscontinuedOperationAccountsNotesAndLoansReceivableNet' xlink:type='arc' />
<calculationArc order='30' weight='1.0' xlink:arcrole='http://www.xbrl.org/2003/arcrole/summation-item' xlink:from='loc_AssetsOfDisposalGroupIncludingDiscontinuedOperationCurrent' xlink:to='loc_DisposalGroupIncludingDiscontinuedOperationInventory' xlink:type='arc' />
<calculationArc order='40' weight='1.0' xlink:arcrole='http://www.xbrl.org/2003/arcrole/summation-item' xlink:from='loc_AssetsOfDisposalGroupIncludingDiscontinuedOperationCurrent' xlink:to='loc_DisposalGroupIncludingDiscontinuedOperationOtherCurrentAssets' xlink:type='arc' />
<calculationArc order='10' weight='1.0' xlink:arcrole='http://www.xbrl.org/2003/arcrole/summation-item' xlink:from='loc_AssetsOfDisposalGroupIncludingDiscontinuedOperationNoncurrent' xlink:to='loc_DisposalGroupIncludingDiscontinuedOperationPropertyPlantAndEquipmentNet' xlink:type='arc' />
<calculationArc order='20' weight='1.0' xlink:arcrole='http://www.xbrl.org/2003/arcrole/summation-item' xlink:from='loc_AssetsOfDisposalGroupIncludingDiscontinuedOperationNoncurrent' xlink:to='loc_DisposalGroupIncludingDiscontinuedOperationDeferredTaxAssets' xlink:type='arc' />
<calculationArc order='30' weight='1.0' xlink:arcrole='http://www.xbrl.org/2003/arcrole/summation-item' xlink:from='loc_AssetsOfDisposalGroupIncludingDiscontinuedOperationNoncurrent' xlink:to='loc_DisposalGroupIncludingDiscontinuedOperationGoodwill' xlink:type='arc' />
<calculationArc order='40' weight='1.0' xlink:arcrole='http://www.xbrl.org/2003/arcrole/summation-item' xlink:from='loc_AssetsOfDisposalGroupIncludingDiscontinuedOperationNoncurrent' xlink:to='loc_DisposalGroupIncludingDiscontinuedOperationIntangibleAssetsNet' xlink:type='arc' />
<calculationArc order='50' weight='1.0' xlink:arcrole='http://www.xbrl.org/2003/arcrole/summation-item' xlink:from='loc_AssetsOfDisposalGroupIncludingDiscontinuedOperationNoncurrent' xlink:to='loc_DisposalGroupIncludingDiscontinuedOperationOtherNoncurrentAssets' xlink:type='arc' />
<calculationArc order='10' weight='1.0' xlink:arcrole='http://www.xbrl.org/2003/arcrole/summation-item' xlink:from='loc_AssetsOfDisposalGroupIncludingDiscontinuedOperation' xlink:to='loc_DisposalGroupIncludingDiscontinuedOperationCashAndCashEquivalents' xlink:type='arc' />
<calculationArc order='20' weight='1.0' xlink:arcrole='http://www.xbrl.org/2003/arcrole/summation-item' xlink:from='loc_AssetsOfDisposalGroupIncludingDiscontinuedOperation' xlink:to='loc_DisposalGroupIncludingDiscontinuedOperationAccountsNotesAndLoansReceivableNet' xlink:type='arc' />
<calculationArc order='30' weight='1.0' xlink:arcrole='http://www.xbrl.org/2003/arcrole/summation-item' xlink:from='loc_AssetsOfDisposalGroupIncludingDiscontinuedOperation' xlink:to='loc_DisposalGroupIncludingDiscontinuedOperationInventory' xlink:type='arc' />
<calculationArc order='40' weight='1.0' xlink:arcrole='http://www.xbrl.org/2003/arcrole/summation-item' xlink:from='loc_AssetsOfDisposalGroupIncludingDiscontinuedOperation' xlink:to='loc_DisposalGroupIncludingDiscontinuedOperationPropertyPlantAndEquipmentNet' xlink:type='arc' />
<calculationArc order='50' weight='1.0' xlink:arcrole='http://www.xbrl.org/2003/arcrole/summation-item' xlink:from='loc_AssetsOfDisposalGroupIncludingDiscontinuedOperation' xlink:to='loc_DisposalGroupIncludingDiscontinuedOperationDeferredTaxAssets' xlink:type='arc' />
<calculationArc order='60' weight='1.0' xlink:arcrole='http://www.xbrl.org/2003/arcrole/summation-item' xlink:from='loc_AssetsOfDisposalGroupIncludingDiscontinuedOperation' xlink:to='loc_DisposalGroupIncludingDiscontinuedOperationGoodwill' xlink:type='arc' />
<calculationArc order='70' weight='1.0' xlink:arcrole='http://www.xbrl.org/2003/arcrole/summation-item' xlink:from='loc_AssetsOfDisposalGroupIncludingDiscontinuedOperation' xlink:to='loc_DisposalGroupIncludingDiscontinuedOperationIntangibleAssetsNet' xlink:type='arc' />
<calculationArc order='80' weight='1.0' xlink:arcrole='http://www.xbrl.org/2003/arcrole/summation-item' xlink:from='loc_AssetsOfDisposalGroupIncludingDiscontinuedOperation' xlink:to='loc_DisposalGroupIncludingDiscontinuedOperationOtherAssets' xlink:type='arc' />
<calculationArc order='10' weight='1.0' xlink:arcrole='http://www.xbrl.org/2003/arcrole/summation-item' xlink:from='loc_DiscontinuedOperationAmountOfAdjustmentToPriorPeriodGainLossOnDisposalNetOfTax' xlink:to='loc_DiscontinuedOperationAmountOfAdjustmentToPriorPeriodGainLossOnDisposalBeforeIncomeTax' xlink:type='arc' />
<calculationArc order='20' weight='-1.0' xlink:arcrole='http://www.xbrl.org/2003/arcrole/summation-item' xlink:from='loc_DiscontinuedOperationAmountOfAdjustmentToPriorPeriodGainLossOnDisposalNetOfTax' xlink:to='loc_DiscontinuedOperationTaxEffectOfAdjustmentToPriorPeriodGainLossOnDisposal' xlink:type='arc' />
<calculationArc order='10' weight='1.0' xlink:arcrole='http://www.xbrl.org/2003/arcrole/summation-item' xlink:from='loc_DiscontinuedOperationAmountOfOtherIncomeLossFromDispositionOfDiscontinuedOperationNetOfTax' xlink:to='loc_DiscontinuedOperationAmountOfOtherIncomeLossFromDispositionOfDiscontinuedOperationsBeforeIncomeTax' xlink:type='arc' />
<calculationArc order='20' weight='-1.0' xlink:arcrole='http://www.xbrl.org/2003/arcrole/summation-item' xlink:from='loc_DiscontinuedOperationAmountOfOtherIncomeLossFromDispositionOfDiscontinuedOperationNetOfTax' xlink:to='loc_DiscontinuedOperationTaxEffectOfOtherIncomeLossFromDispositionOfDiscontinuedOperation' xlink:type='arc' />
<calculationArc order='10' weight='1.0' xlink:arcrole='http://www.xbrl.org/2003/arcrole/summation-item' xlink:from='loc_DiscontinuedOperationGainLossOnDisposalOfDiscontinuedOperationNetOfTax' xlink:to='loc_DiscontinuedOperationGainLossFromDisposalOfDiscontinuedOperationBeforeIncomeTax' xlink:type='arc' />
<calculationArc order='20' weight='-1.0' xlink:arcrole='http://www.xbrl.org/2003/arcrole/summation-item' xlink:from='loc_DiscontinuedOperationGainLossOnDisposalOfDiscontinuedOperationNetOfTax' xlink:to='loc_DiscontinuedOperationTaxEffectOfIncomeLossFromDisposalOfDiscontinuedOperation' xlink:type='arc' />
<calculationArc order='10' weight='1.0' xlink:arcrole='http://www.xbrl.org/2003/arcrole/summation-item' xlink:from='loc_DiscontinuedOperationIncomeLossFromDiscontinuedOperationDuringPhaseOutPeriodNetOfTax' xlink:to='loc_DiscontinuedOperationIncomeLossFromDiscontinuedOperationDuringPhaseOutPeriodBeforeIncomeTax' xlink:type='arc' />
<calculationArc order='20' weight='-1.0' xlink:arcrole='http://www.xbrl.org/2003/arcrole/summation-item' xlink:from='loc_DiscontinuedOperationIncomeLossFromDiscontinuedOperationDuringPhaseOutPeriodNetOfTax' xlink:to='loc_DiscontinuedOperationTaxEffectOfIncomeLossFromDiscontinuedOperationDuringPhaseOutPeriod' xlink:type='arc' />
<calculationArc order='10' weight='1.0' xlink:arcrole='http://www.xbrl.org/2003/arcrole/summation-item' xlink:from='loc_DiscontinuedOperationProvisionForLossGainOnDisposalNetOfTax' xlink:to='loc_DiscontinuedOperationProvisionForLossGainOnDisposalBeforeIncomeTax' xlink:type='arc' />
<calculationArc order='20' weight='-1.0' xlink:arcrole='http://www.xbrl.org/2003/arcrole/summation-item' xlink:from='loc_DiscontinuedOperationProvisionForLossGainOnDisposalNetOfTax' xlink:to='loc_DiscontinuedOperationTaxExpenseBenefitFromProvisionForGainLossOnDisposal' xlink:type='arc' />
<calculationArc order='10' use='optional' weight='-1.0' xlink:arcrole='http://www.xbrl.org/2003/arcrole/summation-item' xlink:from='loc_IncomeLossFromDiscontinuedOperationsNetOfTax' xlink:to='loc_DiscontinuedOperationTaxEffectOfDiscontinuedOperation' xlink:type='arc' />
<calculationArc order='20' use='optional' weight='1.0' xlink:arcrole='http://www.xbrl.org/2003/arcrole/summation-item' xlink:from='loc_IncomeLossFromDiscontinuedOperationsNetOfTax' xlink:to='loc_DiscontinuedOperationIncomeLossFromDiscontinuedOperationBeforeIncomeTax' xlink:type='arc' />
<calculationArc order='10' weight='1.0' xlink:arcrole='http://www.xbrl.org/2003/arcrole/summation-item' xlink:from='loc_LiabilitiesOfDisposalGroupIncludingDiscontinuedOperationCurrent' xlink:to='loc_DisposalGroupIncludingDiscontinuedOperationAccountsPayable' xlink:type='arc' />
<calculationArc order='20' weight='1.0' xlink:arcrole='http://www.xbrl.org/2003/arcrole/summation-item' xlink:from='loc_LiabilitiesOfDisposalGroupIncludingDiscontinuedOperationCurrent' xlink:to='loc_DisposalGroupIncludingDiscontinuedOperationAccruedLiabilities' xlink:type='arc' />
<calculationArc order='30' weight='1.0' xlink:arcrole='http://www.xbrl.org/2003/arcrole/summation-item' xlink:from='loc_LiabilitiesOfDisposalGroupIncludingDiscontinuedOperationCurrent' xlink:to='loc_DisposalGroupIncludingDiscontinuedOperationAccruedIncomeTaxesPayable' xlink:type='arc' />
<calculationArc order='40' weight='1.0' xlink:arcrole='http://www.xbrl.org/2003/arcrole/summation-item' xlink:from='loc_LiabilitiesOfDisposalGroupIncludingDiscontinuedOperationCurrent' xlink:to='loc_DisposalGroupIncludingDiscontinuedOperationOtherCurrentLiabilities' xlink:type='arc' />
<calculationArc order='10' weight='1.0' xlink:arcrole='http://www.xbrl.org/2003/arcrole/summation-item' xlink:from='loc_LiabilitiesOfDisposalGroupIncludingDiscontinuedOperationNoncurrent' xlink:to='loc_DisposalGroupIncludingDiscontinuedOperationDeferredTaxLiabilities' xlink:type='arc' />
<calculationArc order='20' weight='1.0' xlink:arcrole='http://www.xbrl.org/2003/arcrole/summation-item' xlink:from='loc_LiabilitiesOfDisposalGroupIncludingDiscontinuedOperationNoncurrent' xlink:to='loc_DisposalGroupIncludingDiscontinuedOperationPensionPlanBenefitObligation' xlink:type='arc' />
<calculationArc order='30' weight='1.0' xlink:arcrole='http://www.xbrl.org/2003/arcrole/summation-item' xlink:from='loc_LiabilitiesOfDisposalGroupIncludingDiscontinuedOperationNoncurrent' xlink:to='loc_DisposalGroupIncludingDiscontinuedOperationPostretirementPlanBenefitObligation' xlink:type='arc' />
<calculationArc order='40' weight='1.0' xlink:arcrole='http://www.xbrl.org/2003/arcrole/summation-item' xlink:from='loc_LiabilitiesOfDisposalGroupIncludingDiscontinuedOperationNoncurrent' xlink:to='loc_DisposalGroupIncludingDiscontinuedOperationOtherNoncurrentLiabilities' xlink:type='arc' />
<calculationArc order='10' weight='1.0' xlink:arcrole='http://www.xbrl.org/2003/arcrole/summation-item' xlink:from='loc_LiabilitiesOfDisposalGroupIncludingDiscontinuedOperation' xlink:to='loc_DisposalGroupIncludingDiscontinuedOperationAccountsPayable' xlink:type='arc' />
<calculationArc order='20' weight='1.0' xlink:arcrole='http://www.xbrl.org/2003/arcrole/summation-item' xlink:from='loc_LiabilitiesOfDisposalGroupIncludingDiscontinuedOperation' xlink:to='loc_DisposalGroupIncludingDiscontinuedOperationAccruedLiabilities' xlink:type='arc' />
<calculationArc order='30' weight='1.0' xlink:arcrole='http://www.xbrl.org/2003/arcrole/summation-item' xlink:from='loc_LiabilitiesOfDisposalGroupIncludingDiscontinuedOperation' xlink:to='loc_DisposalGroupIncludingDiscontinuedOperationAccruedIncomeTaxesPayable' xlink:type='arc' />
<calculationArc order='40' weight='1.0' xlink:arcrole='http://www.xbrl.org/2003/arcrole/summation-item' xlink:from='loc_LiabilitiesOfDisposalGroupIncludingDiscontinuedOperation' xlink:to='loc_DisposalGroupIncludingDiscontinuedOperationDeferredTaxLiabilities' xlink:type='arc' />
<calculationArc order='50' weight='1.0' xlink:arcrole='http://www.xbrl.org/2003/arcrole/summation-item' xlink:from='loc_LiabilitiesOfDisposalGroupIncludingDiscontinuedOperation' xlink:to='loc_DisposalGroupIncludingDiscontinuedOperationPensionPlanBenefitObligation' xlink:type='arc' />
<calculationArc order='60' weight='1.0' xlink:arcrole='http://www.xbrl.org/2003/arcrole/summation-item' xlink:from='loc_LiabilitiesOfDisposalGroupIncludingDiscontinuedOperation' xlink:to='loc_DisposalGroupIncludingDiscontinuedOperationPostretirementPlanBenefitObligation' xlink:type='arc' />
<calculationArc order='70' weight='1.0' xlink:arcrole='http://www.xbrl.org/2003/arcrole/summation-item' xlink:from='loc_LiabilitiesOfDisposalGroupIncludingDiscontinuedOperation' xlink:to='loc_DisposalGroupIncludingDiscontinuedOperationOtherLiabilities' xlink:type='arc' />
</calculationLink>
</link:linkbase>
