<?xml version="1.0" encoding="UTF-8" standalone="no"?>

<!--
(c) XBRL US, Inc. 2007-2010; Financial Accounting Foundation, Inc. 2010-2011.  All Rights Reserved.
Notice: Authorized Uses are Set Forth at http://xbrl.fasb.org/terms/TaxonomiesTermsConditions.html
  -->
<link:linkbase xmlns:link='http://www.xbrl.org/2003/linkbase' xmlns:xlink='http://www.w3.org/1999/xlink' xmlns:xsi='http://www.w3.org/2001/XMLSchema-instance' xsi:schemaLocation='http://www.xbrl.org/2003/linkbase http://www.xbrl.org/2003/xbrl-linkbase-2003-12-31.xsd'>
<link:roleRef roleURI='http://fasb.org/us-gaap/role/disclosure/FinancialInstrumentsFairValueDisclosuresCalc1' xlink:href='../elts/us-roles-2011-01-31.xsd#fifvd1' xlink:type='simple' />
<calculationLink xlink:role='http://fasb.org/us-gaap/role/disclosure/FinancialInstrumentsFairValueDisclosuresCalc1' xlink:type='extended' xmlns='http://www.xbrl.org/2003/linkbase'>
<link:loc xlink:href='../elts/us-gaap-2011-01-31.xsd#us-gaap_AssetsFairValueDisclosure' xlink:label='loc_AssetsFairValueDisclosure' xlink:type='locator' />
<link:loc xlink:href='../elts/us-gaap-2011-01-31.xsd#us-gaap_AssetsFairValueDisclosureRecurring' xlink:label='loc_AssetsFairValueDisclosureRecurring' xlink:type='locator' />
<link:loc xlink:href='../elts/us-gaap-2011-01-31.xsd#us-gaap_AssetsFairValueDisclosureNonrecurring' xlink:label='loc_AssetsFairValueDisclosureNonrecurring' xlink:type='locator' />
<link:loc xlink:href='../elts/us-gaap-2011-01-31.xsd#us-gaap_FairValueInvestmentsEntitiesThatCalculateNetAssetValuePerShareUnobservableInputGainsLossesIncludedInEarningsNet' xlink:label='loc_FairValueInvestmentsEntitiesThatCalculateNetAssetValuePerShareUnobservableInputGainsLossesIncludedInEarningsNet' xlink:type='locator' />
<link:loc xlink:href='../elts/us-gaap-2011-01-31.xsd#us-gaap_FairValueInvestmentsEntitiesThatCalculateNetAssetValuePerShareUnobservableInputRealizedAndUnrealizedGainsIncludedInEarnings' xlink:label='loc_FairValueInvestmentsEntitiesThatCalculateNetAssetValuePerShareUnobservableInputRealizedAndUnrealizedGainsIncludedInEarnings' xlink:type='locator' />
<link:loc xlink:href='../elts/us-gaap-2011-01-31.xsd#us-gaap_FairValueInvestmentsEntitiesThatCalculateNetAssetValuePerShareUnobservableInputRealizedGains' xlink:label='loc_FairValueInvestmentsEntitiesThatCalculateNetAssetValuePerShareUnobservableInputRealizedGains' xlink:type='locator' />
<link:loc xlink:href='../elts/us-gaap-2011-01-31.xsd#us-gaap_FairValueInvestmentsEntitiesThatCalculateNetAssetValuePerShareUnobservableInputUnrealizedGainsIncludedInEarnings' xlink:label='loc_FairValueInvestmentsEntitiesThatCalculateNetAssetValuePerShareUnobservableInputUnrealizedGainsIncludedInEarnings' xlink:type='locator' />
<link:loc xlink:href='../elts/us-gaap-2011-01-31.xsd#us-gaap_FairValueInvestmentsEntitiesThatCalculateNetAssetValuePerShareUnobservableInputRealizedAndUnrealizedLossesIncludedInEarnings' xlink:label='loc_FairValueInvestmentsEntitiesThatCalculateNetAssetValuePerShareUnobservableInputRealizedAndUnrealizedLossesIncludedInEarnings' xlink:type='locator' />
<link:loc xlink:href='../elts/us-gaap-2011-01-31.xsd#us-gaap_FairValueInvestmentsEntitiesThatCalculateNetAssetValuePerShareUnobservableInputRealizedLosses' xlink:label='loc_FairValueInvestmentsEntitiesThatCalculateNetAssetValuePerShareUnobservableInputRealizedLosses' xlink:type='locator' />
<link:loc xlink:href='../elts/us-gaap-2011-01-31.xsd#us-gaap_FairValueInvestmentsEntitiesThatCalculateNetAssetValuePerShareUnobservableInputUnrealizedLossesIncludedInEarnings' xlink:label='loc_FairValueInvestmentsEntitiesThatCalculateNetAssetValuePerShareUnobservableInputUnrealizedLossesIncludedInEarnings' xlink:type='locator' />
<calculationArc order='10' weight='1.0' xlink:arcrole='http://www.xbrl.org/2003/arcrole/summation-item' xlink:from='loc_AssetsFairValueDisclosure' xlink:to='loc_AssetsFairValueDisclosureRecurring' xlink:type='arc' />
<calculationArc order='20' weight='1.0' xlink:arcrole='http://www.xbrl.org/2003/arcrole/summation-item' xlink:from='loc_AssetsFairValueDisclosure' xlink:to='loc_AssetsFairValueDisclosureNonrecurring' xlink:type='arc' />
<calculationArc order='10' weight='1.0' xlink:arcrole='http://www.xbrl.org/2003/arcrole/summation-item' xlink:from='loc_FairValueInvestmentsEntitiesThatCalculateNetAssetValuePerShareUnobservableInputGainsLossesIncludedInEarningsNet' xlink:to='loc_FairValueInvestmentsEntitiesThatCalculateNetAssetValuePerShareUnobservableInputRealizedAndUnrealizedGainsIncludedInEarnings' xlink:type='arc' />
<calculationArc order='10' weight='1.0' xlink:arcrole='http://www.xbrl.org/2003/arcrole/summation-item' xlink:from='loc_FairValueInvestmentsEntitiesThatCalculateNetAssetValuePerShareUnobservableInputRealizedAndUnrealizedGainsIncludedInEarnings' xlink:to='loc_FairValueInvestmentsEntitiesThatCalculateNetAssetValuePerShareUnobservableInputRealizedGains' xlink:type='arc' />
<calculationArc order='20' weight='1.0' xlink:arcrole='http://www.xbrl.org/2003/arcrole/summation-item' xlink:from='loc_FairValueInvestmentsEntitiesThatCalculateNetAssetValuePerShareUnobservableInputRealizedAndUnrealizedGainsIncludedInEarnings' xlink:to='loc_FairValueInvestmentsEntitiesThatCalculateNetAssetValuePerShareUnobservableInputUnrealizedGainsIncludedInEarnings' xlink:type='arc' />
<calculationArc order='20' weight='-1.0' xlink:arcrole='http://www.xbrl.org/2003/arcrole/summation-item' xlink:from='loc_FairValueInvestmentsEntitiesThatCalculateNetAssetValuePerShareUnobservableInputGainsLossesIncludedInEarningsNet' xlink:to='loc_FairValueInvestmentsEntitiesThatCalculateNetAssetValuePerShareUnobservableInputRealizedAndUnrealizedLossesIncludedInEarnings' xlink:type='arc' />
<calculationArc order='10' weight='1.0' xlink:arcrole='http://www.xbrl.org/2003/arcrole/summation-item' xlink:from='loc_FairValueInvestmentsEntitiesThatCalculateNetAssetValuePerShareUnobservableInputRealizedAndUnrealizedLossesIncludedInEarnings' xlink:to='loc_FairValueInvestmentsEntitiesThatCalculateNetAssetValuePerShareUnobservableInputRealizedLosses' xlink:type='arc' />
<calculationArc order='20' weight='1.0' xlink:arcrole='http://www.xbrl.org/2003/arcrole/summation-item' xlink:from='loc_FairValueInvestmentsEntitiesThatCalculateNetAssetValuePerShareUnobservableInputRealizedAndUnrealizedLossesIncludedInEarnings' xlink:to='loc_FairValueInvestmentsEntitiesThatCalculateNetAssetValuePerShareUnobservableInputUnrealizedLossesIncludedInEarnings' xlink:type='arc' />
</calculationLink>
</link:linkbase>
