<?xml version="1.0" encoding="UTF-8" standalone="no"?>

<!--
(c) XBRL US, Inc. 2007-2010; Financial Accounting Foundation, Inc. 2010-2011.  All Rights Reserved.
Notice: Authorized Uses are Set Forth at http://xbrl.fasb.org/terms/TaxonomiesTermsConditions.html
  -->
<link:linkbase xmlns:link='http://www.xbrl.org/2003/linkbase' xmlns:xlink='http://www.w3.org/1999/xlink' xmlns:xsi='http://www.w3.org/2001/XMLSchema-instance' xsi:schemaLocation='http://www.xbrl.org/2003/linkbase http://www.xbrl.org/2003/xbrl-linkbase-2003-12-31.xsd'>
<link:roleRef roleURI='http://fasb.org/us-gaap/role/disclosure/Contractors' xlink:href='../elts/us-roles-2011-01-31.xsd#con' xlink:type='simple' />
<calculationLink xlink:role='http://fasb.org/us-gaap/role/disclosure/Contractors' xlink:type='extended' xmlns='http://www.xbrl.org/2003/linkbase'>
<link:loc xlink:href='../elts/us-gaap-2011-01-31.xsd#us-gaap_AccountsReceivableBilledForLongTermContractsOrPrograms' xlink:label='loc_AccountsReceivableBilledForLongTermContractsOrPrograms' xlink:type='locator' />
<link:loc xlink:href='../elts/us-gaap-2011-01-31.xsd#us-gaap_ContractReceivableDueOneYearOrLess' xlink:label='loc_ContractReceivableDueOneYearOrLess' xlink:type='locator' />
<link:loc xlink:href='../elts/us-gaap-2011-01-31.xsd#us-gaap_ContractReceivableDueAfterOneYear' xlink:label='loc_ContractReceivableDueAfterOneYear' xlink:type='locator' />
<link:loc xlink:href='../elts/us-gaap-2011-01-31.xsd#us-gaap_ContractReceivableDueFiveYearsOrMore' xlink:label='loc_ContractReceivableDueFiveYearsOrMore' xlink:type='locator' />
<link:loc xlink:href='../elts/us-gaap-2011-01-31.xsd#us-gaap_ContractReceivableDueFourToFiveYears' xlink:label='loc_ContractReceivableDueFourToFiveYears' xlink:type='locator' />
<link:loc xlink:href='../elts/us-gaap-2011-01-31.xsd#us-gaap_ContractReceivableDueOneToTwoYears' xlink:label='loc_ContractReceivableDueOneToTwoYears' xlink:type='locator' />
<link:loc xlink:href='../elts/us-gaap-2011-01-31.xsd#us-gaap_ContractReceivableDueThreeToFourYears' xlink:label='loc_ContractReceivableDueThreeToFourYears' xlink:type='locator' />
<link:loc xlink:href='../elts/us-gaap-2011-01-31.xsd#us-gaap_ContractReceivableDueTwoToThreeYears' xlink:label='loc_ContractReceivableDueTwoToThreeYears' xlink:type='locator' />
<link:loc xlink:href='../elts/us-gaap-2011-01-31.xsd#us-gaap_BillingsInExcessOfCost' xlink:label='loc_BillingsInExcessOfCost' xlink:type='locator' />
<link:loc xlink:href='../elts/us-gaap-2011-01-31.xsd#us-gaap_BillingsInExcessOfCostCurrent' xlink:label='loc_BillingsInExcessOfCostCurrent' xlink:type='locator' />
<link:loc xlink:href='../elts/us-gaap-2011-01-31.xsd#us-gaap_BillingsInExcessOfCostNoncurrent' xlink:label='loc_BillingsInExcessOfCostNoncurrent' xlink:type='locator' />
<link:loc xlink:href='../elts/us-gaap-2011-01-31.xsd#us-gaap_ContractReceivableRetainage' xlink:label='loc_ContractReceivableRetainage' xlink:type='locator' />
<link:loc xlink:href='../elts/us-gaap-2011-01-31.xsd#us-gaap_ContractReceivableRetainageDueOneYearOrLess' xlink:label='loc_ContractReceivableRetainageDueOneYearOrLess' xlink:type='locator' />
<link:loc xlink:href='../elts/us-gaap-2011-01-31.xsd#us-gaap_ContractReceivableRetainageDueAfterOneYear' xlink:label='loc_ContractReceivableRetainageDueAfterOneYear' xlink:type='locator' />
<link:loc xlink:href='../elts/us-gaap-2011-01-31.xsd#us-gaap_ContractReceivableRetainageDueOneToTwoYears' xlink:label='loc_ContractReceivableRetainageDueOneToTwoYears' xlink:type='locator' />
<link:loc xlink:href='../elts/us-gaap-2011-01-31.xsd#us-gaap_ContractReceivableRetainageDueTwoToThreeYears' xlink:label='loc_ContractReceivableRetainageDueTwoToThreeYears' xlink:type='locator' />
<link:loc xlink:href='../elts/us-gaap-2011-01-31.xsd#us-gaap_ContractReceivableRetainageDueThreeToFourYears' xlink:label='loc_ContractReceivableRetainageDueThreeToFourYears' xlink:type='locator' />
<link:loc xlink:href='../elts/us-gaap-2011-01-31.xsd#us-gaap_ContractReceivableRetainageDueFourToFiveYears' xlink:label='loc_ContractReceivableRetainageDueFourToFiveYears' xlink:type='locator' />
<link:loc xlink:href='../elts/us-gaap-2011-01-31.xsd#us-gaap_ContractReceivableRetainageDueFiveYearsOrMore' xlink:label='loc_ContractReceivableRetainageDueFiveYearsOrMore' xlink:type='locator' />
<link:loc xlink:href='../elts/us-gaap-2011-01-31.xsd#us-gaap_CostsInExcessOfBillingsOnUncompletedContractsOrPrograms' xlink:label='loc_CostsInExcessOfBillingsOnUncompletedContractsOrPrograms' xlink:type='locator' />
<link:loc xlink:href='../elts/us-gaap-2011-01-31.xsd#us-gaap_CostsInExcessOfBillingsOnUncompletedContractsOrProgramsExpectedToBeCollectedWithinOneYear' xlink:label='loc_CostsInExcessOfBillingsOnUncompletedContractsOrProgramsExpectedToBeCollectedWithinOneYear' xlink:type='locator' />
<link:loc xlink:href='../elts/us-gaap-2011-01-31.xsd#us-gaap_CostsInExcessOfBillingsOnUncompletedContractsOrProgramsExpectedToBeCollectedAfterOneYear' xlink:label='loc_CostsInExcessOfBillingsOnUncompletedContractsOrProgramsExpectedToBeCollectedAfterOneYear' xlink:type='locator' />
<link:loc xlink:href='../elts/us-gaap-2011-01-31.xsd#us-gaap_ContractsReceivableClaimsAndUncertainAmounts' xlink:label='loc_ContractsReceivableClaimsAndUncertainAmounts' xlink:type='locator' />
<link:loc xlink:href='../elts/us-gaap-2011-01-31.xsd#us-gaap_ContractsReceivableClaimsAndUncertainAmountsExpectedToBeCollectedWithinOneYear' xlink:label='loc_ContractsReceivableClaimsAndUncertainAmountsExpectedToBeCollectedWithinOneYear' xlink:type='locator' />
<link:loc xlink:href='../elts/us-gaap-2011-01-31.xsd#us-gaap_ContractsReceivableClaimsAndUncertainAmountsExpectedToBeCollectedAfterOneYear' xlink:label='loc_ContractsReceivableClaimsAndUncertainAmountsExpectedToBeCollectedAfterOneYear' xlink:type='locator' />
<link:loc xlink:href='../elts/us-gaap-2011-01-31.xsd#us-gaap_UnbilledChangeOrders' xlink:label='loc_UnbilledChangeOrders' xlink:type='locator' />
<link:loc xlink:href='../elts/us-gaap-2011-01-31.xsd#us-gaap_UnbilledChangeOrdersAmountExpectedToBeCollectedWithinOneYear' xlink:label='loc_UnbilledChangeOrdersAmountExpectedToBeCollectedWithinOneYear' xlink:type='locator' />
<link:loc xlink:href='../elts/us-gaap-2011-01-31.xsd#us-gaap_UnbilledChangeOrdersAmountExpectedToBeCollectedAfterOneYear' xlink:label='loc_UnbilledChangeOrdersAmountExpectedToBeCollectedAfterOneYear' xlink:type='locator' />
<link:loc xlink:href='../elts/us-gaap-2011-01-31.xsd#us-gaap_AccountsReceivableUnapprovedContractClaims' xlink:label='loc_AccountsReceivableUnapprovedContractClaims' xlink:type='locator' />
<link:loc xlink:href='../elts/us-gaap-2011-01-31.xsd#us-gaap_AccountsReceivableUnapprovedContractClaimsAmountExpectedToBeCollectedAfterOneYear' xlink:label='loc_AccountsReceivableUnapprovedContractClaimsAmountExpectedToBeCollectedAfterOneYear' xlink:type='locator' />
<link:loc xlink:href='../elts/us-gaap-2011-01-31.xsd#us-gaap_AccountsReceivableUnapprovedContractClaimsAmountExpectedToBeCollectedWithinOneYear' xlink:label='loc_AccountsReceivableUnapprovedContractClaimsAmountExpectedToBeCollectedWithinOneYear' xlink:type='locator' />
<link:loc xlink:href='../elts/us-gaap-2011-01-31.xsd#us-gaap_RetentionPayable' xlink:label='loc_RetentionPayable' xlink:type='locator' />
<link:loc xlink:href='../elts/us-gaap-2011-01-31.xsd#us-gaap_RetentionPayableDueOneYearOrLess' xlink:label='loc_RetentionPayableDueOneYearOrLess' xlink:type='locator' />
<link:loc xlink:href='../elts/us-gaap-2011-01-31.xsd#us-gaap_RetentionPayableDueAfterOneYear' xlink:label='loc_RetentionPayableDueAfterOneYear' xlink:type='locator' />
<link:loc xlink:href='../elts/us-gaap-2011-01-31.xsd#us-gaap_RetentionPayableDueThreeToFourYears' xlink:label='loc_RetentionPayableDueThreeToFourYears' xlink:type='locator' />
<link:loc xlink:href='../elts/us-gaap-2011-01-31.xsd#us-gaap_RetentionPayableDueFourToFiveYears' xlink:label='loc_RetentionPayableDueFourToFiveYears' xlink:type='locator' />
<link:loc xlink:href='../elts/us-gaap-2011-01-31.xsd#us-gaap_RetentionPayableDueOneToTwoYears' xlink:label='loc_RetentionPayableDueOneToTwoYears' xlink:type='locator' />
<link:loc xlink:href='../elts/us-gaap-2011-01-31.xsd#us-gaap_RetentionPayableDueTwoToThreeYears' xlink:label='loc_RetentionPayableDueTwoToThreeYears' xlink:type='locator' />
<link:loc xlink:href='../elts/us-gaap-2011-01-31.xsd#us-gaap_RetentionPayableDueFiveYearsOrMore' xlink:label='loc_RetentionPayableDueFiveYearsOrMore' xlink:type='locator' />
<link:loc xlink:href='../elts/us-gaap-2011-01-31.xsd#us-gaap_UnbilledReceivablesNotBillableAtBalanceSheetDate' xlink:label='loc_UnbilledReceivablesNotBillableAtBalanceSheetDate' xlink:type='locator' />
<link:loc xlink:href='../elts/us-gaap-2011-01-31.xsd#us-gaap_UnbilledReceivablesNotBillableAtBalanceSheetDateAmountExpectedToBeCollectedWithinOneYear' xlink:label='loc_UnbilledReceivablesNotBillableAtBalanceSheetDateAmountExpectedToBeCollectedWithinOneYear' xlink:type='locator' />
<link:loc xlink:href='../elts/us-gaap-2011-01-31.xsd#us-gaap_UnbilledReceivablesNotBillableAtBalanceSheetDateAmountExpectedToBeCollectedAfterOneYear' xlink:label='loc_UnbilledReceivablesNotBillableAtBalanceSheetDateAmountExpectedToBeCollectedAfterOneYear' xlink:type='locator' />
<calculationArc order='10' weight='1.0' xlink:arcrole='http://www.xbrl.org/2003/arcrole/summation-item' xlink:from='loc_AccountsReceivableBilledForLongTermContractsOrPrograms' xlink:to='loc_ContractReceivableDueOneYearOrLess' xlink:type='arc' />
<calculationArc order='20' weight='1.0' xlink:arcrole='http://www.xbrl.org/2003/arcrole/summation-item' xlink:from='loc_AccountsReceivableBilledForLongTermContractsOrPrograms' xlink:to='loc_ContractReceivableDueAfterOneYear' xlink:type='arc' />
<calculationArc order='10' weight='1.0' xlink:arcrole='http://www.xbrl.org/2003/arcrole/summation-item' xlink:from='loc_ContractReceivableDueAfterOneYear' xlink:to='loc_ContractReceivableDueFiveYearsOrMore' xlink:type='arc' />
<calculationArc order='20' weight='1.0' xlink:arcrole='http://www.xbrl.org/2003/arcrole/summation-item' xlink:from='loc_ContractReceivableDueAfterOneYear' xlink:to='loc_ContractReceivableDueFourToFiveYears' xlink:type='arc' />
<calculationArc order='30' weight='1.0' xlink:arcrole='http://www.xbrl.org/2003/arcrole/summation-item' xlink:from='loc_ContractReceivableDueAfterOneYear' xlink:to='loc_ContractReceivableDueOneToTwoYears' xlink:type='arc' />
<calculationArc order='40' weight='1.0' xlink:arcrole='http://www.xbrl.org/2003/arcrole/summation-item' xlink:from='loc_ContractReceivableDueAfterOneYear' xlink:to='loc_ContractReceivableDueThreeToFourYears' xlink:type='arc' />
<calculationArc order='50' weight='1.0' xlink:arcrole='http://www.xbrl.org/2003/arcrole/summation-item' xlink:from='loc_ContractReceivableDueAfterOneYear' xlink:to='loc_ContractReceivableDueTwoToThreeYears' xlink:type='arc' />
<calculationArc order='10' weight='1.0' xlink:arcrole='http://www.xbrl.org/2003/arcrole/summation-item' xlink:from='loc_BillingsInExcessOfCost' xlink:to='loc_BillingsInExcessOfCostCurrent' xlink:type='arc' />
<calculationArc order='20' weight='1.0' xlink:arcrole='http://www.xbrl.org/2003/arcrole/summation-item' xlink:from='loc_BillingsInExcessOfCost' xlink:to='loc_BillingsInExcessOfCostNoncurrent' xlink:type='arc' />
<calculationArc order='10' weight='1.0' xlink:arcrole='http://www.xbrl.org/2003/arcrole/summation-item' xlink:from='loc_ContractReceivableRetainage' xlink:to='loc_ContractReceivableRetainageDueOneYearOrLess' xlink:type='arc' />
<calculationArc order='20' weight='1.0' xlink:arcrole='http://www.xbrl.org/2003/arcrole/summation-item' xlink:from='loc_ContractReceivableRetainage' xlink:to='loc_ContractReceivableRetainageDueAfterOneYear' xlink:type='arc' />
<calculationArc order='10' weight='1.0' xlink:arcrole='http://www.xbrl.org/2003/arcrole/summation-item' xlink:from='loc_ContractReceivableRetainageDueAfterOneYear' xlink:to='loc_ContractReceivableRetainageDueOneToTwoYears' xlink:type='arc' />
<calculationArc order='20' weight='1.0' xlink:arcrole='http://www.xbrl.org/2003/arcrole/summation-item' xlink:from='loc_ContractReceivableRetainageDueAfterOneYear' xlink:to='loc_ContractReceivableRetainageDueTwoToThreeYears' xlink:type='arc' />
<calculationArc order='30' weight='1.0' xlink:arcrole='http://www.xbrl.org/2003/arcrole/summation-item' xlink:from='loc_ContractReceivableRetainageDueAfterOneYear' xlink:to='loc_ContractReceivableRetainageDueThreeToFourYears' xlink:type='arc' />
<calculationArc order='40' weight='1.0' xlink:arcrole='http://www.xbrl.org/2003/arcrole/summation-item' xlink:from='loc_ContractReceivableRetainageDueAfterOneYear' xlink:to='loc_ContractReceivableRetainageDueFourToFiveYears' xlink:type='arc' />
<calculationArc order='50' weight='1.0' xlink:arcrole='http://www.xbrl.org/2003/arcrole/summation-item' xlink:from='loc_ContractReceivableRetainageDueAfterOneYear' xlink:to='loc_ContractReceivableRetainageDueFiveYearsOrMore' xlink:type='arc' />
<calculationArc order='10' weight='1.0' xlink:arcrole='http://www.xbrl.org/2003/arcrole/summation-item' xlink:from='loc_CostsInExcessOfBillingsOnUncompletedContractsOrPrograms' xlink:to='loc_CostsInExcessOfBillingsOnUncompletedContractsOrProgramsExpectedToBeCollectedWithinOneYear' xlink:type='arc' />
<calculationArc order='20' weight='1.0' xlink:arcrole='http://www.xbrl.org/2003/arcrole/summation-item' xlink:from='loc_CostsInExcessOfBillingsOnUncompletedContractsOrPrograms' xlink:to='loc_CostsInExcessOfBillingsOnUncompletedContractsOrProgramsExpectedToBeCollectedAfterOneYear' xlink:type='arc' />
<calculationArc order='10' weight='1.0' xlink:arcrole='http://www.xbrl.org/2003/arcrole/summation-item' xlink:from='loc_ContractsReceivableClaimsAndUncertainAmounts' xlink:to='loc_ContractsReceivableClaimsAndUncertainAmountsExpectedToBeCollectedWithinOneYear' xlink:type='arc' />
<calculationArc order='20' weight='1.0' xlink:arcrole='http://www.xbrl.org/2003/arcrole/summation-item' xlink:from='loc_ContractsReceivableClaimsAndUncertainAmounts' xlink:to='loc_ContractsReceivableClaimsAndUncertainAmountsExpectedToBeCollectedAfterOneYear' xlink:type='arc' />
<calculationArc order='10' weight='1.0' xlink:arcrole='http://www.xbrl.org/2003/arcrole/summation-item' xlink:from='loc_UnbilledChangeOrders' xlink:to='loc_UnbilledChangeOrdersAmountExpectedToBeCollectedWithinOneYear' xlink:type='arc' />
<calculationArc order='20' weight='1.0' xlink:arcrole='http://www.xbrl.org/2003/arcrole/summation-item' xlink:from='loc_UnbilledChangeOrders' xlink:to='loc_UnbilledChangeOrdersAmountExpectedToBeCollectedAfterOneYear' xlink:type='arc' />
<calculationArc order='10' weight='1.0' xlink:arcrole='http://www.xbrl.org/2003/arcrole/summation-item' xlink:from='loc_AccountsReceivableUnapprovedContractClaims' xlink:to='loc_AccountsReceivableUnapprovedContractClaimsAmountExpectedToBeCollectedAfterOneYear' xlink:type='arc' />
<calculationArc order='20' weight='1.0' xlink:arcrole='http://www.xbrl.org/2003/arcrole/summation-item' xlink:from='loc_AccountsReceivableUnapprovedContractClaims' xlink:to='loc_AccountsReceivableUnapprovedContractClaimsAmountExpectedToBeCollectedWithinOneYear' xlink:type='arc' />
<calculationArc order='10' weight='1.0' xlink:arcrole='http://www.xbrl.org/2003/arcrole/summation-item' xlink:from='loc_RetentionPayable' xlink:to='loc_RetentionPayableDueOneYearOrLess' xlink:type='arc' />
<calculationArc order='20' weight='1.0' xlink:arcrole='http://www.xbrl.org/2003/arcrole/summation-item' xlink:from='loc_RetentionPayable' xlink:to='loc_RetentionPayableDueAfterOneYear' xlink:type='arc' />
<calculationArc order='10' weight='1.0' xlink:arcrole='http://www.xbrl.org/2003/arcrole/summation-item' xlink:from='loc_RetentionPayableDueAfterOneYear' xlink:to='loc_RetentionPayableDueThreeToFourYears' xlink:type='arc' />
<calculationArc order='20' weight='1.0' xlink:arcrole='http://www.xbrl.org/2003/arcrole/summation-item' xlink:from='loc_RetentionPayableDueAfterOneYear' xlink:to='loc_RetentionPayableDueFourToFiveYears' xlink:type='arc' />
<calculationArc order='30' weight='1.0' xlink:arcrole='http://www.xbrl.org/2003/arcrole/summation-item' xlink:from='loc_RetentionPayableDueAfterOneYear' xlink:to='loc_RetentionPayableDueOneToTwoYears' xlink:type='arc' />
<calculationArc order='40' weight='1.0' xlink:arcrole='http://www.xbrl.org/2003/arcrole/summation-item' xlink:from='loc_RetentionPayableDueAfterOneYear' xlink:to='loc_RetentionPayableDueTwoToThreeYears' xlink:type='arc' />
<calculationArc order='50' weight='1.0' xlink:arcrole='http://www.xbrl.org/2003/arcrole/summation-item' xlink:from='loc_RetentionPayableDueAfterOneYear' xlink:to='loc_RetentionPayableDueFiveYearsOrMore' xlink:type='arc' />
<calculationArc order='10' weight='1.0' xlink:arcrole='http://www.xbrl.org/2003/arcrole/summation-item' xlink:from='loc_UnbilledReceivablesNotBillableAtBalanceSheetDate' xlink:to='loc_UnbilledReceivablesNotBillableAtBalanceSheetDateAmountExpectedToBeCollectedWithinOneYear' xlink:type='arc' />
<calculationArc order='20' weight='1.0' xlink:arcrole='http://www.xbrl.org/2003/arcrole/summation-item' xlink:from='loc_UnbilledReceivablesNotBillableAtBalanceSheetDate' xlink:to='loc_UnbilledReceivablesNotBillableAtBalanceSheetDateAmountExpectedToBeCollectedAfterOneYear' xlink:type='arc' />
</calculationLink>
</link:linkbase>
