<?xml version="1.0" encoding="UTF-8" standalone="no"?>

<!--
(c) XBRL US, Inc. 2007-2010; Financial Accounting Foundation, Inc. 2010-2011.  All Rights Reserved.
Notice: Authorized Uses are Set Forth at http://xbrl.fasb.org/terms/TaxonomiesTermsConditions.html
  -->
<link:linkbase xmlns:link='http://www.xbrl.org/2003/linkbase' xmlns:xlink='http://www.w3.org/1999/xlink' xmlns:xsi='http://www.w3.org/2001/XMLSchema-instance' xsi:schemaLocation='http://www.xbrl.org/2003/linkbase http://www.xbrl.org/2003/xbrl-linkbase-2003-12-31.xsd'>
<link:roleRef roleURI='http://fasb.org/us-gaap/role/disclosure/AccountingChangesAndErrorCorrections' xlink:href='../elts/us-roles-2011-01-31.xsd#acec' xlink:type='simple' />
<presentationLink xlink:role='http://fasb.org/us-gaap/role/disclosure/AccountingChangesAndErrorCorrections' xlink:type='extended' xmlns='http://www.xbrl.org/2003/linkbase'>
<link:loc xlink:href='../elts/us-gaap-2011-01-31.xsd#us-gaap_AccountingChangesAndErrorCorrectionsAbstract' xlink:label='loc_AccountingChangesAndErrorCorrectionsAbstract' xlink:type='locator' />
<link:loc xlink:href='../elts/us-gaap-2011-01-31.xsd#us-gaap_AccountingChangesAndErrorCorrectionsTextBlock' xlink:label='loc_AccountingChangesAndErrorCorrectionsTextBlock' xlink:type='locator' />
<link:loc xlink:href='../elts/us-gaap-2011-01-31.xsd#us-gaap_ChangeInAccountingEstimateAbstract' xlink:label='loc_ChangeInAccountingEstimateAbstract' xlink:type='locator' />
<link:loc xlink:href='../elts/us-gaap-2011-01-31.xsd#us-gaap_ScheduleOfChangeInAccountingEstimateTextBlock' xlink:label='loc_ScheduleOfChangeInAccountingEstimateTextBlock' xlink:type='locator' />
<link:loc xlink:href='../elts/us-gaap-2011-01-31.xsd#us-gaap_ScheduleOfChangeInAccountingEstimateTable' xlink:label='loc_ScheduleOfChangeInAccountingEstimateTable' xlink:type='locator' />
<link:loc xlink:href='../elts/us-gaap-2011-01-31.xsd#us-gaap_ChangeInAccountingEstimateByTypeAxis' xlink:label='loc_ChangeInAccountingEstimateByTypeAxis' xlink:type='locator' />
<link:loc xlink:href='../elts/us-gaap-2011-01-31.xsd#us-gaap_ChangeInAccountingEstimateTypeDomain' xlink:label='loc_ChangeInAccountingEstimateTypeDomain' xlink:type='locator' />
<link:loc xlink:href='../elts/us-gaap-2011-01-31.xsd#us-gaap_DepreciableAssetsMember' xlink:label='loc_DepreciableAssetsMember' xlink:type='locator' />
<link:loc xlink:href='../elts/us-gaap-2011-01-31.xsd#us-gaap_ServiceLifeMember' xlink:label='loc_ServiceLifeMember' xlink:type='locator' />
<link:loc xlink:href='../elts/us-gaap-2011-01-31.xsd#us-gaap_SalvageValueMember' xlink:label='loc_SalvageValueMember' xlink:type='locator' />
<link:loc xlink:href='../elts/us-gaap-2011-01-31.xsd#us-gaap_IntangibleAssetsAmortizationPeriodMember' xlink:label='loc_IntangibleAssetsAmortizationPeriodMember' xlink:type='locator' />
<link:loc xlink:href='../elts/us-gaap-2011-01-31.xsd#us-gaap_WarrantyObligationsMember' xlink:label='loc_WarrantyObligationsMember' xlink:type='locator' />
<link:loc xlink:href='../elts/us-gaap-2011-01-31.xsd#us-gaap_InventoryValuationAndObsolescenceMember' xlink:label='loc_InventoryValuationAndObsolescenceMember' xlink:type='locator' />
<link:loc xlink:href='../elts/us-gaap-2011-01-31.xsd#us-gaap_UncollectibleReceivablesMember' xlink:label='loc_UncollectibleReceivablesMember' xlink:type='locator' />
<link:loc xlink:href='../elts/us-gaap-2011-01-31.xsd#us-gaap_ContractsAccountedForUnderPercentageOfCompletionMember' xlink:label='loc_ContractsAccountedForUnderPercentageOfCompletionMember' xlink:type='locator' />
<link:loc xlink:href='../elts/us-gaap-2011-01-31.xsd#us-gaap_PurchasePriceAllocationAdjustmentsMember' xlink:label='loc_PurchasePriceAllocationAdjustmentsMember' xlink:type='locator' />
<link:loc xlink:href='../elts/us-gaap-2011-01-31.xsd#us-gaap_ChangeInAssumptionsForPensionPlansMember' xlink:label='loc_ChangeInAssumptionsForPensionPlansMember' xlink:type='locator' />
<link:loc xlink:href='../elts/us-gaap-2011-01-31.xsd#us-gaap_ChangeInAccountingMethodAccountedForAsChangeInEstimateMember' xlink:label='loc_ChangeInAccountingMethodAccountedForAsChangeInEstimateMember' xlink:type='locator' />
<link:loc xlink:href='../elts/us-gaap-2011-01-31.xsd#us-gaap_SalesReturnsAndAllowancesMember' xlink:label='loc_SalesReturnsAndAllowancesMember' xlink:type='locator' />
<link:loc xlink:href='../elts/us-gaap-2011-01-31.xsd#us-gaap_RegulatoryReviewsOfFilingsMember' xlink:label='loc_RegulatoryReviewsOfFilingsMember' xlink:type='locator' />
<link:loc xlink:href='../elts/us-gaap-2011-01-31.xsd#us-gaap_DisputesMember' xlink:label='loc_DisputesMember' xlink:type='locator' />
<link:loc xlink:href='../elts/us-gaap-2011-01-31.xsd#us-gaap_ChangeInAccountingEstimateLineItems' xlink:label='loc_ChangeInAccountingEstimateLineItems' xlink:type='locator' />
<link:loc xlink:href='../elts/us-gaap-2011-01-31.xsd#us-gaap_ChangeInAccountingEstimateFinancialEffect' xlink:label='loc_ChangeInAccountingEstimateFinancialEffect' xlink:type='locator' />
<link:loc xlink:href='../elts/us-gaap-2011-01-31.xsd#us-gaap_ChangeInAccountingEstimateDescription' xlink:label='loc_ChangeInAccountingEstimateDescription' xlink:type='locator' />
<link:loc xlink:href='../elts/us-gaap-2011-01-31.xsd#us-gaap_NewAccountingPronouncementsAndChangesInAccountingPrinciplesAbstract' xlink:label='loc_NewAccountingPronouncementsAndChangesInAccountingPrinciplesAbstract' xlink:type='locator' />
<link:loc xlink:href='../elts/us-gaap-2011-01-31.xsd#us-gaap_ScheduleOfNewAccountingPronouncementsAndChangesInAccountingPrinciplesTextBlock' xlink:label='loc_ScheduleOfNewAccountingPronouncementsAndChangesInAccountingPrinciplesTextBlock' xlink:type='locator' />
<link:loc xlink:href='../elts/us-gaap-2011-01-31.xsd#us-gaap_NewAccountingPronouncementsOrChangeInAccountingPrincipleTable' xlink:label='loc_NewAccountingPronouncementsOrChangeInAccountingPrincipleTable' xlink:type='locator' />
<link:loc xlink:href='../elts/us-gaap-2011-01-31.xsd#us-gaap_AdjustmentsForNewAccountingPronouncementsAxis' xlink:label='loc_AdjustmentsForNewAccountingPronouncementsAxis' xlink:type='locator' />
<link:loc xlink:href='../elts/us-gaap-2011-01-31.xsd#us-gaap_TypeOfAdoptionMember' xlink:label='loc_TypeOfAdoptionMember' xlink:type='locator' />
<link:loc xlink:href='../elts/us-gaap-2011-01-31.xsd#us-gaap_NewAccountingPronouncementMember' xlink:label='loc_NewAccountingPronouncementMember' xlink:type='locator' />
<link:loc xlink:href='../elts/us-gaap-2011-01-31.xsd#us-gaap_AccountingStandardsUpdate200905Member' xlink:label='loc_AccountingStandardsUpdate200905Member' xlink:type='locator' />
<link:loc xlink:href='../elts/us-gaap-2011-01-31.xsd#us-gaap_AccountingStandardsUpdate200908Member' xlink:label='loc_AccountingStandardsUpdate200908Member' xlink:type='locator' />
<link:loc xlink:href='../elts/us-gaap-2011-01-31.xsd#us-gaap_AccountingStandardsUpdate200910Member' xlink:label='loc_AccountingStandardsUpdate200910Member' xlink:type='locator' />
<link:loc xlink:href='../elts/us-gaap-2011-01-31.xsd#us-gaap_AccountingStandardsUpdate200912Member' xlink:label='loc_AccountingStandardsUpdate200912Member' xlink:type='locator' />
<link:loc xlink:href='../elts/us-gaap-2011-01-31.xsd#us-gaap_AccountingStandardsUpdate200913Member' xlink:label='loc_AccountingStandardsUpdate200913Member' xlink:type='locator' />
<link:loc xlink:href='../elts/us-gaap-2011-01-31.xsd#us-gaap_AccountingStandardsUpdate200914Member' xlink:label='loc_AccountingStandardsUpdate200914Member' xlink:type='locator' />
<link:loc xlink:href='../elts/us-gaap-2011-01-31.xsd#us-gaap_AccountingStandardsUpdate200915Member' xlink:label='loc_AccountingStandardsUpdate200915Member' xlink:type='locator' />
<link:loc xlink:href='../elts/us-gaap-2011-01-31.xsd#us-gaap_AccountingStandardsUpdate200916Member' xlink:label='loc_AccountingStandardsUpdate200916Member' xlink:type='locator' />
<link:loc xlink:href='../elts/us-gaap-2011-01-31.xsd#us-gaap_AccountingStandardsUpdate200917Member' xlink:label='loc_AccountingStandardsUpdate200917Member' xlink:type='locator' />
<link:loc xlink:href='../elts/us-gaap-2011-01-31.xsd#us-gaap_AccountingStandardsUpdate201001Member' xlink:label='loc_AccountingStandardsUpdate201001Member' xlink:type='locator' />
<link:loc xlink:href='../elts/us-gaap-2011-01-31.xsd#us-gaap_AccountingStandardsUpdate201002Member' xlink:label='loc_AccountingStandardsUpdate201002Member' xlink:type='locator' />
<link:loc xlink:href='../elts/us-gaap-2011-01-31.xsd#us-gaap_AccountingStandardsUpdate201003Member' xlink:label='loc_AccountingStandardsUpdate201003Member' xlink:type='locator' />
<link:loc xlink:href='../elts/us-gaap-2011-01-31.xsd#us-gaap_AccountingStandardsUpdate201008Member' xlink:label='loc_AccountingStandardsUpdate201008Member' xlink:type='locator' />
<link:loc xlink:href='../elts/us-gaap-2011-01-31.xsd#us-gaap_AccountingStandardsUpdate201011Member' xlink:label='loc_AccountingStandardsUpdate201011Member' xlink:type='locator' />
<link:loc xlink:href='../elts/us-gaap-2011-01-31.xsd#us-gaap_AccountingStandardsUpdate201013Member' xlink:label='loc_AccountingStandardsUpdate201013Member' xlink:type='locator' />
<link:loc xlink:href='../elts/us-gaap-2011-01-31.xsd#us-gaap_AccountingStandardsUpdate201015Member' xlink:label='loc_AccountingStandardsUpdate201015Member' xlink:type='locator' />
<link:loc xlink:href='../elts/us-gaap-2011-01-31.xsd#us-gaap_AccountingStandardsUpdate201016Member' xlink:label='loc_AccountingStandardsUpdate201016Member' xlink:type='locator' />
<link:loc xlink:href='../elts/us-gaap-2011-01-31.xsd#us-gaap_AccountingStandardsUpdate201017Member' xlink:label='loc_AccountingStandardsUpdate201017Member' xlink:type='locator' />
<link:loc xlink:href='../elts/us-gaap-2011-01-31.xsd#us-gaap_AccountingStandardsUpdate201018Member' xlink:label='loc_AccountingStandardsUpdate201018Member' xlink:type='locator' />
<link:loc xlink:href='../elts/us-gaap-2011-01-31.xsd#us-gaap_EITF064Member' xlink:label='loc_EITF064Member' xlink:type='locator' />
<link:loc xlink:href='../elts/us-gaap-2011-01-31.xsd#us-gaap_EITF083Member' xlink:label='loc_EITF083Member' xlink:type='locator' />
<link:loc xlink:href='../elts/us-gaap-2011-01-31.xsd#us-gaap_FAS158Member' xlink:label='loc_FAS158Member' xlink:type='locator' />
<link:loc xlink:href='../elts/us-gaap-2011-01-31.xsd#us-gaap_FAS159Member' xlink:label='loc_FAS159Member' xlink:type='locator' />
<link:loc xlink:href='../elts/us-gaap-2011-01-31.xsd#us-gaap_FAS163Member' xlink:label='loc_FAS163Member' xlink:type='locator' />
<link:loc xlink:href='../elts/us-gaap-2011-01-31.xsd#us-gaap_FIN48Member' xlink:label='loc_FIN48Member' xlink:type='locator' />
<link:loc xlink:href='../elts/us-gaap-2011-01-31.xsd#us-gaap_FSPFAS1152AndFAS1242Member' xlink:label='loc_FSPFAS1152AndFAS1242Member' xlink:type='locator' />
<link:loc xlink:href='../elts/us-gaap-2011-01-31.xsd#us-gaap_FairValueOptionElectionForVariableInterestEntityMember' xlink:label='loc_FairValueOptionElectionForVariableInterestEntityMember' xlink:type='locator' />
<link:loc xlink:href='../elts/us-gaap-2011-01-31.xsd#us-gaap_CumulativeEffectAdjustmentConsolidationOfVariableInterestEntityMember' xlink:label='loc_CumulativeEffectAdjustmentConsolidationOfVariableInterestEntityMember' xlink:type='locator' />
<link:loc xlink:href='../elts/us-gaap-2011-01-31.xsd#us-gaap_CumulativeEffectAdjustmentDeconsolidationOfVariableInterestEntityMember' xlink:label='loc_CumulativeEffectAdjustmentDeconsolidationOfVariableInterestEntityMember' xlink:type='locator' />
<link:loc xlink:href='../elts/us-gaap-2011-01-31.xsd#us-gaap_AdjustmentsForNewAccountingPrincipleEarlyAdoptionMember' xlink:label='loc_AdjustmentsForNewAccountingPrincipleEarlyAdoptionMember' xlink:type='locator' />
<link:loc xlink:href='../elts/us-gaap-2011-01-31.xsd#us-gaap_NewAccountingPronouncementEarlyAdoptionEffectMember' xlink:label='loc_NewAccountingPronouncementEarlyAdoptionEffectMember' xlink:type='locator' />
<link:loc xlink:href='../elts/us-gaap-2011-01-31.xsd#us-gaap_AdjustmentsForChangeInAccountingPrincipleAxis' xlink:label='loc_AdjustmentsForChangeInAccountingPrincipleAxis' xlink:type='locator' />
<link:loc xlink:href='../elts/us-gaap-2011-01-31.xsd#us-gaap_ChangeInAccountingPrincipleMember' xlink:label='loc_ChangeInAccountingPrincipleMember' xlink:type='locator' />
<link:loc xlink:href='../elts/us-gaap-2011-01-31.xsd#us-gaap_NewAccountingPronouncementsOrChangeInAccountingPrincipleLineItems' xlink:label='loc_NewAccountingPronouncementsOrChangeInAccountingPrincipleLineItems' xlink:type='locator' />
<link:loc xlink:href='../elts/us-gaap-2011-01-31.xsd#us-gaap_NewAccountingPronouncementOrChangeInAccountingPrincipleName' xlink:label='loc_NewAccountingPronouncementOrChangeInAccountingPrincipleName' xlink:type='locator' />
<link:loc xlink:href='../elts/us-gaap-2011-01-31.xsd#us-gaap_NewAccountingPronouncementOrChangeInAccountingPrincipleDescription' xlink:label='loc_NewAccountingPronouncementOrChangeInAccountingPrincipleDescription' xlink:type='locator' />
<link:loc xlink:href='../elts/us-gaap-2011-01-31.xsd#us-gaap_NewAccountingPronouncementOrChangeInAccountingPrincipleRetrospectiveAdjustmentsAbstract' xlink:label='loc_NewAccountingPronouncementOrChangeInAccountingPrincipleRetrospectiveAdjustmentsAbstract' xlink:type='locator' />
<link:loc xlink:href='../elts/us-gaap-2011-01-31.xsd#us-gaap_NewAccountingPronouncementOrChangeInAccountingPrincipleEffectOfChangeOnNetRevenue' xlink:label='loc_NewAccountingPronouncementOrChangeInAccountingPrincipleEffectOfChangeOnNetRevenue' xlink:type='locator' />
<link:loc xlink:href='../elts/us-gaap-2011-01-31.xsd#us-gaap_NewAccountingPronouncementOrChangeInAccountingPrincipleEffectOfChangeOnOperatingResults' xlink:label='loc_NewAccountingPronouncementOrChangeInAccountingPrincipleEffectOfChangeOnOperatingResults' xlink:type='locator' />
<link:loc xlink:href='../elts/us-gaap-2011-01-31.xsd#us-gaap_NewAccountingPronouncementOrChangeInAccountingPrincipleEffectOfChangeOnIncomeFromContinuingOperations' xlink:label='loc_NewAccountingPronouncementOrChangeInAccountingPrincipleEffectOfChangeOnIncomeFromContinuingOperations' xlink:type='locator' />
<link:loc xlink:href='../elts/us-gaap-2011-01-31.xsd#us-gaap_NewAccountingPronouncementOrChangeInAccountingPrincipleEffectOfChangeOnNetIncome' xlink:label='loc_NewAccountingPronouncementOrChangeInAccountingPrincipleEffectOfChangeOnNetIncome' xlink:type='locator' />
<link:loc xlink:href='../elts/us-gaap-2011-01-31.xsd#us-gaap_NewAccountingPronouncementOrChangeInAccountingPrincipleEffectOfChangeOnBasicEarningsPerShare' xlink:label='loc_NewAccountingPronouncementOrChangeInAccountingPrincipleEffectOfChangeOnBasicEarningsPerShare' xlink:type='locator' />
<link:loc xlink:href='../elts/us-gaap-2011-01-31.xsd#us-gaap_NewAccountingPronouncementOrChangeInAccountingPrincipleEffectOfChangeOnDilutedEarningsPerShare' xlink:label='loc_NewAccountingPronouncementOrChangeInAccountingPrincipleEffectOfChangeOnDilutedEarningsPerShare' xlink:type='locator' />
<link:loc xlink:href='../elts/us-gaap-2011-01-31.xsd#us-gaap_NewAccountingPronouncementOrChangeInAccountingPrincipleCumulativeEffectOfChangeOnEquityOrNetAssets' xlink:label='loc_NewAccountingPronouncementOrChangeInAccountingPrincipleCumulativeEffectOfChangeOnEquityOrNetAssets' xlink:type='locator' />
<link:loc xlink:href='../elts/us-gaap-2011-01-31.xsd#us-gaap_NewAccountingPronouncementOrChangeInAccountingPrincipleRetrospectiveApplicationImpracticable' xlink:label='loc_NewAccountingPronouncementOrChangeInAccountingPrincipleRetrospectiveApplicationImpracticable' xlink:type='locator' />
<link:loc xlink:href='../elts/us-gaap-2011-01-31.xsd#us-gaap_NewAccountingPronouncementOrChangeInAccountingPrincipleIndirectEffects' xlink:label='loc_NewAccountingPronouncementOrChangeInAccountingPrincipleIndirectEffects' xlink:type='locator' />
<link:loc xlink:href='../elts/us-gaap-2011-01-31.xsd#us-gaap_NewAccountingPronouncementTransitionGuidanceNotSignificantOrNotPractical' xlink:label='loc_NewAccountingPronouncementTransitionGuidanceNotSignificantOrNotPractical' xlink:type='locator' />
<link:loc xlink:href='../elts/us-gaap-2011-01-31.xsd#us-gaap_NewAccountingPronouncementOrChangeInAccountingPrincipleEffectOnFinancialStatementsFlag' xlink:label='loc_NewAccountingPronouncementOrChangeInAccountingPrincipleEffectOnFinancialStatementsFlag' xlink:type='locator' />
<link:loc xlink:href='../elts/us-gaap-2011-01-31.xsd#us-gaap_NewAccountingPronouncementOrChangeInAccountingPrincipleEffectOfAdoptionQuantification' xlink:label='loc_NewAccountingPronouncementOrChangeInAccountingPrincipleEffectOfAdoptionQuantification' xlink:type='locator' />
<link:loc xlink:href='../elts/us-gaap-2011-01-31.xsd#us-gaap_NewAccountingPronouncementOrChangeInAccountingPrincipleCurrentPeriodDisclosuresAbstract' xlink:label='loc_NewAccountingPronouncementOrChangeInAccountingPrincipleCurrentPeriodDisclosuresAbstract' xlink:type='locator' />
<link:loc xlink:href='../elts/us-gaap-2011-01-31.xsd#us-gaap_NewAccountingPronouncementOrChangeInAccountingPrincipleCurrentPeriodDisclosuresRevenueRecognizedAmount' xlink:label='loc_NewAccountingPronouncementOrChangeInAccountingPrincipleCurrentPeriodDisclosuresRevenueRecognizedAmount' xlink:type='locator' />
<link:loc xlink:href='../elts/us-gaap-2011-01-31.xsd#us-gaap_NewAccountingPronouncementOrChangeInAccountingPrincipleCurrentPeriodDisclosuresDeferredRevenueAmount' xlink:label='loc_NewAccountingPronouncementOrChangeInAccountingPrincipleCurrentPeriodDisclosuresDeferredRevenueAmount' xlink:type='locator' />
<link:loc xlink:href='../elts/us-gaap-2011-01-31.xsd#us-gaap_NewAccountingPronouncementOrChangeInAccountingPrincipleProFormaDisclosuresRevenueRecognizedAmount' xlink:label='loc_NewAccountingPronouncementOrChangeInAccountingPrincipleProFormaDisclosuresRevenueRecognizedAmount' xlink:type='locator' />
<link:loc xlink:href='../elts/us-gaap-2011-01-31.xsd#us-gaap_CumulativeEffectOfChangeInAccountingPrincipleTabularPresentationByFinancialStatementLineItemRestatedAmountAbstract' xlink:label='loc_CumulativeEffectOfChangeInAccountingPrincipleTabularPresentationByFinancialStatementLineItemRestatedAmountAbstract' xlink:type='locator' />
<link:loc xlink:href='../elts/us-gaap-2011-01-31.xsd#us-gaap_CumulativeEffectOfChangeInAccountingPrincipleTabularPresentationByFinancialStatementLineItemPreviouslyReportedAmount' xlink:label='loc_CumulativeEffectOfChangeInAccountingPrincipleTabularPresentationByFinancialStatementLineItemPreviouslyReportedAmount' xlink:type='locator' />
<link:loc xlink:href='../elts/us-gaap-2011-01-31.xsd#us-gaap_CumulativeEffectOfChangeInAccountingPrincipleTabularPresentationByFinancialStatementLineItemAdjustmentAmount' xlink:label='loc_CumulativeEffectOfChangeInAccountingPrincipleTabularPresentationByFinancialStatementLineItemAdjustmentAmount' xlink:type='locator' />
<link:loc xlink:href='../elts/us-gaap-2011-01-31.xsd#us-gaap_CumulativeEffectOfChangeInAccountingPrincipleTabularPresentationByFinancialStatementLineItemRestatedAmount' xlink:label='loc_CumulativeEffectOfChangeInAccountingPrincipleTabularPresentationByFinancialStatementLineItemRestatedAmount' xlink:type='locator' />
<link:loc xlink:href='../elts/us-gaap-2011-01-31.xsd#us-gaap_RetrospectiveEffectOfChangeInAccountingPrincipleTabularPresentationByFinancialStatementLineItemAmountAfterApplicationAbstract' xlink:label='loc_RetrospectiveEffectOfChangeInAccountingPrincipleTabularPresentationByFinancialStatementLineItemAmountAfterApplicationAbstract' xlink:type='locator' />
<link:loc xlink:href='../elts/us-gaap-2011-01-31.xsd#us-gaap_RetrospectiveEffectOfChangeInAccountingPrincipleTabularPresentationByFinancialStatementLineItemAmountBeforeApplication' xlink:label='loc_RetrospectiveEffectOfChangeInAccountingPrincipleTabularPresentationByFinancialStatementLineItemAmountBeforeApplication' xlink:type='locator' />
<link:loc xlink:href='../elts/us-gaap-2011-01-31.xsd#us-gaap_RetrospectiveEffectOfChangeInAccountingPrincipleTabularPresentationByFinancialStatementLineItemAmountOfApplicationAdjustment' xlink:label='loc_RetrospectiveEffectOfChangeInAccountingPrincipleTabularPresentationByFinancialStatementLineItemAmountOfApplicationAdjustment' xlink:type='locator' />
<link:loc xlink:href='../elts/us-gaap-2011-01-31.xsd#us-gaap_RetrospectiveEffectOfChangeInAccountingPrincipleTabularPresentationByFinancialStatementLineItemAmountAfterApplication' xlink:label='loc_RetrospectiveEffectOfChangeInAccountingPrincipleTabularPresentationByFinancialStatementLineItemAmountAfterApplication' xlink:type='locator' />
<link:loc xlink:href='../elts/us-gaap-2011-01-31.xsd#us-gaap_OtherComprehensiveIncomeCumulativeEffectOfChangeInAccountingPrincipleNetOfTaxesAbstract' xlink:label='loc_OtherComprehensiveIncomeCumulativeEffectOfChangeInAccountingPrincipleNetOfTaxesAbstract' xlink:type='locator' />
<link:loc xlink:href='../elts/us-gaap-2011-01-31.xsd#us-gaap_OtherComprehensiveIncomeCumulativeEffectOfChangeInAccountingPrincipleBeforeTaxes' xlink:label='loc_OtherComprehensiveIncomeCumulativeEffectOfChangeInAccountingPrincipleBeforeTaxes' xlink:type='locator' />
<link:loc xlink:href='../elts/us-gaap-2011-01-31.xsd#us-gaap_OtherComprehensiveIncomeCumulativeEffectOfChangeInAccountingPrincipleTaxes' xlink:label='loc_OtherComprehensiveIncomeCumulativeEffectOfChangeInAccountingPrincipleTaxes' xlink:type='locator' />
<link:loc xlink:href='../elts/us-gaap-2011-01-31.xsd#us-gaap_OtherComprehensiveIncomeCumulativeEffectOfChangeInAccountingPrincipleNetOfTaxes' xlink:label='loc_OtherComprehensiveIncomeCumulativeEffectOfChangeInAccountingPrincipleNetOfTaxes' xlink:type='locator' />
<link:loc xlink:href='../elts/us-gaap-2011-01-31.xsd#us-gaap_CumulativeEffectAdjustmentAbstract' xlink:label='loc_CumulativeEffectAdjustmentAbstract' xlink:type='locator' />
<link:loc xlink:href='../elts/us-gaap-2011-01-31.xsd#us-gaap_CumulativeEffectAdjustmentGrossGains' xlink:label='loc_CumulativeEffectAdjustmentGrossGains' xlink:type='locator' />
<link:loc xlink:href='../elts/us-gaap-2011-01-31.xsd#us-gaap_CumulativeEffectAdjustmentGrossLosses' xlink:label='loc_CumulativeEffectAdjustmentGrossLosses' xlink:type='locator' />
<link:loc xlink:href='../elts/us-gaap-2011-01-31.xsd#us-gaap_CumulativeEffectAdjustmentApplicationOfFairValueOptionGrossGainsAbstract' xlink:label='loc_CumulativeEffectAdjustmentApplicationOfFairValueOptionGrossGainsAbstract' xlink:type='locator' />
<link:loc xlink:href='../elts/us-gaap-2011-01-31.xsd#us-gaap_CumulativeEffectAdjustmentApplicationOfFairValueOptionUnrealizedGainsUnrecognized' xlink:label='loc_CumulativeEffectAdjustmentApplicationOfFairValueOptionUnrealizedGainsUnrecognized' xlink:type='locator' />
<link:loc xlink:href='../elts/us-gaap-2011-01-31.xsd#us-gaap_CumulativeEffectAdjustmentApplicationOfFairValueOptionUnrealizedGainsRecognized' xlink:label='loc_CumulativeEffectAdjustmentApplicationOfFairValueOptionUnrealizedGainsRecognized' xlink:type='locator' />
<link:loc xlink:href='../elts/us-gaap-2011-01-31.xsd#us-gaap_CumulativeEffectAdjustmentApplicationOfFairValueOptionGrossGains' xlink:label='loc_CumulativeEffectAdjustmentApplicationOfFairValueOptionGrossGains' xlink:type='locator' />
<link:loc xlink:href='../elts/us-gaap-2011-01-31.xsd#us-gaap_CumulativeEffectAdjustmentApplicationOfFairValueOptionGrossLossesAbstract' xlink:label='loc_CumulativeEffectAdjustmentApplicationOfFairValueOptionGrossLossesAbstract' xlink:type='locator' />
<link:loc xlink:href='../elts/us-gaap-2011-01-31.xsd#us-gaap_CumulativeEffectAdjustmentApplicationOfFairValueOptionUnrealizedLossesUnrecognized' xlink:label='loc_CumulativeEffectAdjustmentApplicationOfFairValueOptionUnrealizedLossesUnrecognized' xlink:type='locator' />
<link:loc xlink:href='../elts/us-gaap-2011-01-31.xsd#us-gaap_CumulativeEffectAdjustmentApplicationOfFairValueOptionUnrealizedLossesRecognized' xlink:label='loc_CumulativeEffectAdjustmentApplicationOfFairValueOptionUnrealizedLossesRecognized' xlink:type='locator' />
<link:loc xlink:href='../elts/us-gaap-2011-01-31.xsd#us-gaap_CumulativeEffectAdjustmentApplicationOfFairValueOptionGrossLosses' xlink:label='loc_CumulativeEffectAdjustmentApplicationOfFairValueOptionGrossLosses' xlink:type='locator' />
<link:loc xlink:href='../elts/us-gaap-2011-01-31.xsd#us-gaap_CumulativeEffectAdjustmentBifurcationOfHybridsGrossGains' xlink:label='loc_CumulativeEffectAdjustmentBifurcationOfHybridsGrossGains' xlink:type='locator' />
<link:loc xlink:href='../elts/us-gaap-2011-01-31.xsd#us-gaap_CumulativeEffectAdjustmentBifurcationOfHybridsGrossLosses' xlink:label='loc_CumulativeEffectAdjustmentBifurcationOfHybridsGrossLosses' xlink:type='locator' />
<link:loc xlink:href='../elts/us-gaap-2011-01-31.xsd#us-gaap_DescriptionOfNewAccountingPronouncementsNotYetAdopted' xlink:label='loc_DescriptionOfNewAccountingPronouncementsNotYetAdopted' xlink:type='locator' />
<link:loc xlink:href='../elts/us-gaap-2011-01-31.xsd#us-gaap_NewAccountingPronouncementEarlyAdoptionTableTextBlock' xlink:label='loc_NewAccountingPronouncementEarlyAdoptionTableTextBlock' xlink:type='locator' />
<link:loc xlink:href='../elts/us-gaap-2011-01-31.xsd#us-gaap_NewAccountingPronouncementEarlyAdoptionTable' xlink:label='loc_NewAccountingPronouncementEarlyAdoptionTable' xlink:type='locator' />
<link:loc xlink:href='../elts/us-gaap-2011-01-31.xsd#us-gaap_NewAccountingPronouncementEarlyAdoptionAxis' xlink:label='loc_NewAccountingPronouncementEarlyAdoptionAxis' xlink:type='locator' />
<link:loc xlink:href='../elts/us-gaap-2011-01-31.xsd#us-gaap_NewAccountingPrinciplesEarlyAdoptionMember' xlink:label='loc_NewAccountingPrinciplesEarlyAdoptionMember' xlink:type='locator' />
<link:loc xlink:href='../elts/us-gaap-2011-01-31.xsd#us-gaap_NewAccountingPronouncementEarlyAdoptionLineItems' xlink:label='loc_NewAccountingPronouncementEarlyAdoptionLineItems' xlink:type='locator' />
<link:loc xlink:href='../elts/us-gaap-2011-01-31.xsd#us-gaap_Revenues' xlink:label='loc_Revenues' xlink:type='locator' />
<link:loc xlink:href='../elts/us-gaap-2011-01-31.xsd#us-gaap_IncomeLossFromContinuingOperationsBeforeIncomeTaxesDomestic' xlink:label='loc_IncomeLossFromContinuingOperationsBeforeIncomeTaxesDomestic' xlink:type='locator' />
<link:loc xlink:href='../elts/us-gaap-2011-01-31.xsd#us-gaap_IncomeLossFromContinuingOperationsBeforeIncomeTaxesForeign' xlink:label='loc_IncomeLossFromContinuingOperationsBeforeIncomeTaxesForeign' xlink:type='locator' />
<link:loc xlink:href='../elts/us-gaap-2011-01-31.xsd#us-gaap_NetIncomeLoss' xlink:label='loc_NetIncomeLoss' xlink:type='locator' />
<link:loc xlink:href='../elts/us-gaap-2011-01-31.xsd#us-gaap_EarningsPerShareBasic' xlink:label='loc_EarningsPerShareBasic' xlink:type='locator' />
<link:loc xlink:href='../elts/us-gaap-2011-01-31.xsd#us-gaap_EarningsPerShareDiluted' xlink:label='loc_EarningsPerShareDiluted' xlink:type='locator' />
<link:loc xlink:href='../elts/us-gaap-2011-01-31.xsd#us-gaap_TransitionMethodCarryingValueDescription' xlink:label='loc_TransitionMethodCarryingValueDescription' xlink:type='locator' />
<link:loc xlink:href='../elts/us-gaap-2011-01-31.xsd#us-gaap_TransitionMethodFairValueDescription' xlink:label='loc_TransitionMethodFairValueDescription' xlink:type='locator' />
<link:loc xlink:href='../elts/us-gaap-2011-01-31.xsd#us-gaap_TransitionMethodUnpaidPrincipalBalanceDescription' xlink:label='loc_TransitionMethodUnpaidPrincipalBalanceDescription' xlink:type='locator' />
<link:loc xlink:href='../elts/us-gaap-2011-01-31.xsd#us-gaap_ProspectiveAdoptionOfNewAccountingPronouncementsAbstract' xlink:label='loc_ProspectiveAdoptionOfNewAccountingPronouncementsAbstract' xlink:type='locator' />
<link:loc xlink:href='../elts/us-gaap-2011-01-31.xsd#us-gaap_ScheduleOfProspectiveAdoptionOfNewAccountingPronouncementsTableTextBlock' xlink:label='loc_ScheduleOfProspectiveAdoptionOfNewAccountingPronouncementsTableTextBlock' xlink:type='locator' />
<link:loc xlink:href='../elts/us-gaap-2011-01-31.xsd#us-gaap_ProspectiveAdoptionOfNewAccountingPronouncementsTable' xlink:label='loc_ProspectiveAdoptionOfNewAccountingPronouncementsTable' xlink:type='locator' />
<link:loc xlink:href='../elts/us-gaap-2011-01-31.xsd#us-gaap_ProspectiveAdoptionOfNewAccountingPronouncementsAxis' xlink:label='loc_ProspectiveAdoptionOfNewAccountingPronouncementsAxis' xlink:type='locator' />
<link:loc xlink:href='../elts/us-gaap-2011-01-31.xsd#us-gaap_AccountingGuidanceMember' xlink:label='loc_AccountingGuidanceMember' xlink:type='locator' />
<link:loc xlink:href='../elts/us-gaap-2011-01-31.xsd#us-gaap_PreviousAccountingGuidanceMember' xlink:label='loc_PreviousAccountingGuidanceMember' xlink:type='locator' />
<link:loc xlink:href='../elts/us-gaap-2011-01-31.xsd#us-gaap_ItemEffectedLineItems' xlink:label='loc_ItemEffectedLineItems' xlink:type='locator' />
<link:loc xlink:href='../elts/us-gaap-2011-01-31.xsd#us-gaap_DeferredPolicyAcquisitionCostsAndValueOfBusinessAcquiredAbstract' xlink:label='loc_DeferredPolicyAcquisitionCostsAndValueOfBusinessAcquiredAbstract' xlink:type='locator' />
<link:loc xlink:href='../elts/us-gaap-2011-01-31.xsd#us-gaap_DeferredPolicyAcquisitionCosts' xlink:label='loc_DeferredPolicyAcquisitionCosts' xlink:type='locator' />
<link:loc xlink:href='../elts/us-gaap-2011-01-31.xsd#us-gaap_ValueOfBusinessAcquiredVOBA' xlink:label='loc_ValueOfBusinessAcquiredVOBA' xlink:type='locator' />
<link:loc xlink:href='../elts/us-gaap-2011-01-31.xsd#us-gaap_DeferredPolicyAcquisitionCostsAndValueOfBusinessAcquired' xlink:label='loc_DeferredPolicyAcquisitionCostsAndValueOfBusinessAcquired' xlink:type='locator' />
<link:loc xlink:href='../elts/us-gaap-2011-01-31.xsd#us-gaap_IncomeStatementAbstract' xlink:label='loc_IncomeStatementAbstract' xlink:type='locator' />
<link:loc xlink:href='../elts/us-gaap-2011-01-31.xsd#us-gaap_PriorPeriodAdjustmentAbstract' xlink:label='loc_PriorPeriodAdjustmentAbstract' xlink:type='locator' />
<link:loc xlink:href='../elts/us-gaap-2011-01-31.xsd#us-gaap_ErrorCorrectionsAndPriorPeriodAdjustmentsDescription' xlink:label='loc_ErrorCorrectionsAndPriorPeriodAdjustmentsDescription' xlink:type='locator' />
<link:loc xlink:href='../elts/us-gaap-2011-01-31.xsd#us-gaap_ScheduleOfErrorCorrectionsAndPriorPeriodAdjustmentsTextBlock' xlink:label='loc_ScheduleOfErrorCorrectionsAndPriorPeriodAdjustmentsTextBlock' xlink:type='locator' />
<link:loc xlink:href='../elts/us-gaap-2011-01-31.xsd#us-gaap_ScheduleOfErrorCorrectionsAndPriorPeriodAdjustmentRestatementTable' xlink:label='loc_ScheduleOfErrorCorrectionsAndPriorPeriodAdjustmentRestatementTable' xlink:type='locator' />
<link:loc xlink:href='../elts/us-gaap-2011-01-31.xsd#us-gaap_ErrorCorrectionsAndPriorPeriodAdjustmentsRestatementByRestatementPeriodAndAmountAxis' xlink:label='loc_ErrorCorrectionsAndPriorPeriodAdjustmentsRestatementByRestatementPeriodAndAmountAxis' xlink:type='locator' />
<link:loc xlink:href='../elts/us-gaap-2011-01-31.xsd#us-gaap_AdjustmentsForErrorCorrectionDomain' xlink:label='loc_AdjustmentsForErrorCorrectionDomain' xlink:type='locator' />
<link:loc xlink:href='../elts/us-gaap-2011-01-31.xsd#us-gaap_StatementScenarioAxis' xlink:label='loc_StatementScenarioAxis' xlink:type='locator' />
<link:loc xlink:href='../elts/us-gaap-2011-01-31.xsd#us-gaap_ScenarioUnspecifiedDomain' xlink:label='loc_ScenarioUnspecifiedDomain' xlink:type='locator' />
<link:loc xlink:href='../elts/us-gaap-2011-01-31.xsd#us-gaap_ScenarioPreviouslyReportedMember' xlink:label='loc_ScenarioPreviouslyReportedMember' xlink:type='locator' />
<link:loc xlink:href='../elts/us-gaap-2011-01-31.xsd#us-gaap_RestatementAdjustmentMember' xlink:label='loc_RestatementAdjustmentMember' xlink:type='locator' />
<link:loc xlink:href='../elts/us-gaap-2011-01-31.xsd#us-gaap_ErrorCorrectionsAndPriorPeriodAdjustmentsRestatementLineItems' xlink:label='loc_ErrorCorrectionsAndPriorPeriodAdjustmentsRestatementLineItems' xlink:type='locator' />
<link:loc xlink:href='../elts/us-gaap-2011-01-31.xsd#us-gaap_ErrorCorrectionsAndPriorPeriodAdjustmentsInterimPeriodsOfFiscalYear' xlink:label='loc_ErrorCorrectionsAndPriorPeriodAdjustmentsInterimPeriodsOfFiscalYear' xlink:type='locator' />
<link:loc xlink:href='../elts/us-gaap-2011-01-31.xsd#us-gaap_QuantifyingPriorYearMisstatementsCorrectedInCurrentYearFinancialStatementsAbstract' xlink:label='loc_QuantifyingPriorYearMisstatementsCorrectedInCurrentYearFinancialStatementsAbstract' xlink:type='locator' />
<link:loc xlink:href='../elts/us-gaap-2011-01-31.xsd#us-gaap_ScheduleOfQuantifyingPriorYearMisstatementsCorrectedInCurrentYearFinancialStatementsTextBlock' xlink:label='loc_ScheduleOfQuantifyingPriorYearMisstatementsCorrectedInCurrentYearFinancialStatementsTextBlock' xlink:type='locator' />
<link:loc xlink:href='../elts/us-gaap-2011-01-31.xsd#us-gaap_ScheduleOfQuantifyingPriorYearMisstatementCorrectedInCurrentYearFinancialStatementsTable' xlink:label='loc_ScheduleOfQuantifyingPriorYearMisstatementCorrectedInCurrentYearFinancialStatementsTable' xlink:type='locator' />
<link:loc xlink:href='../elts/us-gaap-2011-01-31.xsd#us-gaap_QuantifyingMisstatementInCurrentYearFinancialStatementsByNatureOfErrorAxis' xlink:label='loc_QuantifyingMisstatementInCurrentYearFinancialStatementsByNatureOfErrorAxis' xlink:type='locator' />
<link:loc xlink:href='../elts/us-gaap-2011-01-31.xsd#us-gaap_NatureOfErrorDomain' xlink:label='loc_NatureOfErrorDomain' xlink:type='locator' />
<link:loc xlink:href='../elts/us-gaap-2011-01-31.xsd#us-gaap_QuantifyingMisstatementInCurrentYearFinancialStatementsLineItems' xlink:label='loc_QuantifyingMisstatementInCurrentYearFinancialStatementsLineItems' xlink:type='locator' />
<link:loc xlink:href='../elts/us-gaap-2011-01-31.xsd#us-gaap_QuantifyingMisstatementInCurrentYearFinancialStatementsAmount' xlink:label='loc_QuantifyingMisstatementInCurrentYearFinancialStatementsAmount' xlink:type='locator' />
<link:loc xlink:href='../elts/us-gaap-2011-01-31.xsd#us-gaap_ChangeInReportingEntity' xlink:label='loc_ChangeInReportingEntity' xlink:type='locator' />
<link:loc xlink:href='../elts/us-gaap-2011-01-31.xsd#us-gaap_ImmaterialErrorCorrection' xlink:label='loc_ImmaterialErrorCorrection' xlink:type='locator' />
<presentationArc order='10' xlink:arcrole='http://www.xbrl.org/2003/arcrole/parent-child' xlink:from='loc_AccountingChangesAndErrorCorrectionsAbstract' xlink:to='loc_AccountingChangesAndErrorCorrectionsTextBlock' xlink:type='arc' />
<presentationArc order='10' use='optional' xlink:arcrole='http://www.xbrl.org/2003/arcrole/parent-child' xlink:from='loc_AccountingChangesAndErrorCorrectionsTextBlock' xlink:to='loc_ChangeInAccountingEstimateAbstract' xlink:type='arc' />
<presentationArc order='10' use='optional' xlink:arcrole='http://www.xbrl.org/2003/arcrole/parent-child' xlink:from='loc_ChangeInAccountingEstimateAbstract' xlink:to='loc_ScheduleOfChangeInAccountingEstimateTextBlock' xlink:type='arc' />
<presentationArc order='10' xlink:arcrole='http://www.xbrl.org/2003/arcrole/parent-child' xlink:from='loc_ScheduleOfChangeInAccountingEstimateTextBlock' xlink:to='loc_ScheduleOfChangeInAccountingEstimateTable' xlink:type='arc' />
<presentationArc order='10' use='optional' xlink:arcrole='http://www.xbrl.org/2003/arcrole/parent-child' xlink:from='loc_ScheduleOfChangeInAccountingEstimateTable' xlink:to='loc_ChangeInAccountingEstimateByTypeAxis' xlink:type='arc' />
<presentationArc order='10' use='optional' xlink:arcrole='http://www.xbrl.org/2003/arcrole/parent-child' xlink:from='loc_ChangeInAccountingEstimateByTypeAxis' xlink:to='loc_ChangeInAccountingEstimateTypeDomain' xlink:type='arc' />
<presentationArc order='10' use='optional' xlink:arcrole='http://www.xbrl.org/2003/arcrole/parent-child' xlink:from='loc_ChangeInAccountingEstimateTypeDomain' xlink:to='loc_DepreciableAssetsMember' xlink:type='arc' />
<presentationArc order='10' use='optional' xlink:arcrole='http://www.xbrl.org/2003/arcrole/parent-child' xlink:from='loc_DepreciableAssetsMember' xlink:to='loc_ServiceLifeMember' xlink:type='arc' />
<presentationArc order='20' use='optional' xlink:arcrole='http://www.xbrl.org/2003/arcrole/parent-child' xlink:from='loc_DepreciableAssetsMember' xlink:to='loc_SalvageValueMember' xlink:type='arc' />
<presentationArc order='20' use='optional' xlink:arcrole='http://www.xbrl.org/2003/arcrole/parent-child' xlink:from='loc_ChangeInAccountingEstimateTypeDomain' xlink:to='loc_IntangibleAssetsAmortizationPeriodMember' xlink:type='arc' />
<presentationArc order='30' use='optional' xlink:arcrole='http://www.xbrl.org/2003/arcrole/parent-child' xlink:from='loc_ChangeInAccountingEstimateTypeDomain' xlink:to='loc_WarrantyObligationsMember' xlink:type='arc' />
<presentationArc order='40' use='optional' xlink:arcrole='http://www.xbrl.org/2003/arcrole/parent-child' xlink:from='loc_ChangeInAccountingEstimateTypeDomain' xlink:to='loc_InventoryValuationAndObsolescenceMember' xlink:type='arc' />
<presentationArc order='50' use='optional' xlink:arcrole='http://www.xbrl.org/2003/arcrole/parent-child' xlink:from='loc_ChangeInAccountingEstimateTypeDomain' xlink:to='loc_UncollectibleReceivablesMember' xlink:type='arc' />
<presentationArc order='60' use='optional' xlink:arcrole='http://www.xbrl.org/2003/arcrole/parent-child' xlink:from='loc_ChangeInAccountingEstimateTypeDomain' xlink:to='loc_ContractsAccountedForUnderPercentageOfCompletionMember' xlink:type='arc' />
<presentationArc order='70' use='optional' xlink:arcrole='http://www.xbrl.org/2003/arcrole/parent-child' xlink:from='loc_ChangeInAccountingEstimateTypeDomain' xlink:to='loc_PurchasePriceAllocationAdjustmentsMember' xlink:type='arc' />
<presentationArc order='80' use='optional' xlink:arcrole='http://www.xbrl.org/2003/arcrole/parent-child' xlink:from='loc_ChangeInAccountingEstimateTypeDomain' xlink:to='loc_ChangeInAssumptionsForPensionPlansMember' xlink:type='arc' />
<presentationArc order='90' use='optional' xlink:arcrole='http://www.xbrl.org/2003/arcrole/parent-child' xlink:from='loc_ChangeInAccountingEstimateTypeDomain' xlink:to='loc_ChangeInAccountingMethodAccountedForAsChangeInEstimateMember' xlink:type='arc' />
<presentationArc order='100' use='optional' xlink:arcrole='http://www.xbrl.org/2003/arcrole/parent-child' xlink:from='loc_ChangeInAccountingEstimateTypeDomain' xlink:to='loc_SalesReturnsAndAllowancesMember' xlink:type='arc' />
<presentationArc order='110' xlink:arcrole='http://www.xbrl.org/2003/arcrole/parent-child' xlink:from='loc_ChangeInAccountingEstimateTypeDomain' xlink:to='loc_RegulatoryReviewsOfFilingsMember' xlink:type='arc' />
<presentationArc order='120' xlink:arcrole='http://www.xbrl.org/2003/arcrole/parent-child' xlink:from='loc_ChangeInAccountingEstimateTypeDomain' xlink:to='loc_DisputesMember' xlink:type='arc' />
<presentationArc order='20' use='optional' xlink:arcrole='http://www.xbrl.org/2003/arcrole/parent-child' xlink:from='loc_ScheduleOfChangeInAccountingEstimateTable' xlink:to='loc_ChangeInAccountingEstimateLineItems' xlink:type='arc' />
<presentationArc order='10' use='optional' xlink:arcrole='http://www.xbrl.org/2003/arcrole/parent-child' xlink:from='loc_ChangeInAccountingEstimateLineItems' xlink:to='loc_ChangeInAccountingEstimateFinancialEffect' xlink:type='arc' />
<presentationArc order='20' use='optional' xlink:arcrole='http://www.xbrl.org/2003/arcrole/parent-child' xlink:from='loc_ChangeInAccountingEstimateLineItems' xlink:to='loc_ChangeInAccountingEstimateDescription' xlink:type='arc' />
<presentationArc order='20' use='optional' xlink:arcrole='http://www.xbrl.org/2003/arcrole/parent-child' xlink:from='loc_AccountingChangesAndErrorCorrectionsTextBlock' xlink:to='loc_NewAccountingPronouncementsAndChangesInAccountingPrinciplesAbstract' xlink:type='arc' />
<presentationArc order='10' xlink:arcrole='http://www.xbrl.org/2003/arcrole/parent-child' xlink:from='loc_NewAccountingPronouncementsAndChangesInAccountingPrinciplesAbstract' xlink:to='loc_ScheduleOfNewAccountingPronouncementsAndChangesInAccountingPrinciplesTextBlock' xlink:type='arc' />
<presentationArc order='10' xlink:arcrole='http://www.xbrl.org/2003/arcrole/parent-child' xlink:from='loc_ScheduleOfNewAccountingPronouncementsAndChangesInAccountingPrinciplesTextBlock' xlink:to='loc_NewAccountingPronouncementsOrChangeInAccountingPrincipleTable' xlink:type='arc' />
<presentationArc order='10' xlink:arcrole='http://www.xbrl.org/2003/arcrole/parent-child' xlink:from='loc_NewAccountingPronouncementsOrChangeInAccountingPrincipleTable' xlink:to='loc_AdjustmentsForNewAccountingPronouncementsAxis' xlink:type='arc' />
<presentationArc order='10' xlink:arcrole='http://www.xbrl.org/2003/arcrole/parent-child' xlink:from='loc_AdjustmentsForNewAccountingPronouncementsAxis' xlink:to='loc_TypeOfAdoptionMember' xlink:type='arc' />
<presentationArc order='10' xlink:arcrole='http://www.xbrl.org/2003/arcrole/parent-child' xlink:from='loc_TypeOfAdoptionMember' xlink:to='loc_NewAccountingPronouncementMember' xlink:type='arc' />
<presentationArc order='10' xlink:arcrole='http://www.xbrl.org/2003/arcrole/parent-child' xlink:from='loc_NewAccountingPronouncementMember' xlink:to='loc_AccountingStandardsUpdate200905Member' xlink:type='arc' />
<presentationArc order='20' xlink:arcrole='http://www.xbrl.org/2003/arcrole/parent-child' xlink:from='loc_NewAccountingPronouncementMember' xlink:to='loc_AccountingStandardsUpdate200908Member' xlink:type='arc' />
<presentationArc order='30' xlink:arcrole='http://www.xbrl.org/2003/arcrole/parent-child' xlink:from='loc_NewAccountingPronouncementMember' xlink:to='loc_AccountingStandardsUpdate200910Member' xlink:type='arc' />
<presentationArc order='40' xlink:arcrole='http://www.xbrl.org/2003/arcrole/parent-child' xlink:from='loc_NewAccountingPronouncementMember' xlink:to='loc_AccountingStandardsUpdate200912Member' xlink:type='arc' />
<presentationArc order='50' xlink:arcrole='http://www.xbrl.org/2003/arcrole/parent-child' xlink:from='loc_NewAccountingPronouncementMember' xlink:to='loc_AccountingStandardsUpdate200913Member' xlink:type='arc' />
<presentationArc order='60' xlink:arcrole='http://www.xbrl.org/2003/arcrole/parent-child' xlink:from='loc_NewAccountingPronouncementMember' xlink:to='loc_AccountingStandardsUpdate200914Member' xlink:type='arc' />
<presentationArc order='70' xlink:arcrole='http://www.xbrl.org/2003/arcrole/parent-child' xlink:from='loc_NewAccountingPronouncementMember' xlink:to='loc_AccountingStandardsUpdate200915Member' xlink:type='arc' />
<presentationArc order='80' xlink:arcrole='http://www.xbrl.org/2003/arcrole/parent-child' xlink:from='loc_NewAccountingPronouncementMember' xlink:to='loc_AccountingStandardsUpdate200916Member' xlink:type='arc' />
<presentationArc order='90' xlink:arcrole='http://www.xbrl.org/2003/arcrole/parent-child' xlink:from='loc_NewAccountingPronouncementMember' xlink:to='loc_AccountingStandardsUpdate200917Member' xlink:type='arc' />
<presentationArc order='100' xlink:arcrole='http://www.xbrl.org/2003/arcrole/parent-child' xlink:from='loc_NewAccountingPronouncementMember' xlink:to='loc_AccountingStandardsUpdate201001Member' xlink:type='arc' />
<presentationArc order='110' xlink:arcrole='http://www.xbrl.org/2003/arcrole/parent-child' xlink:from='loc_NewAccountingPronouncementMember' xlink:to='loc_AccountingStandardsUpdate201002Member' xlink:type='arc' />
<presentationArc order='120' xlink:arcrole='http://www.xbrl.org/2003/arcrole/parent-child' xlink:from='loc_NewAccountingPronouncementMember' xlink:to='loc_AccountingStandardsUpdate201003Member' xlink:type='arc' />
<presentationArc order='130' xlink:arcrole='http://www.xbrl.org/2003/arcrole/parent-child' xlink:from='loc_NewAccountingPronouncementMember' xlink:to='loc_AccountingStandardsUpdate201008Member' xlink:type='arc' />
<presentationArc order='140' xlink:arcrole='http://www.xbrl.org/2003/arcrole/parent-child' xlink:from='loc_NewAccountingPronouncementMember' xlink:to='loc_AccountingStandardsUpdate201011Member' xlink:type='arc' />
<presentationArc order='150' xlink:arcrole='http://www.xbrl.org/2003/arcrole/parent-child' xlink:from='loc_NewAccountingPronouncementMember' xlink:to='loc_AccountingStandardsUpdate201013Member' xlink:type='arc' />
<presentationArc order='160' xlink:arcrole='http://www.xbrl.org/2003/arcrole/parent-child' xlink:from='loc_NewAccountingPronouncementMember' xlink:to='loc_AccountingStandardsUpdate201015Member' xlink:type='arc' />
<presentationArc order='170' xlink:arcrole='http://www.xbrl.org/2003/arcrole/parent-child' xlink:from='loc_NewAccountingPronouncementMember' xlink:to='loc_AccountingStandardsUpdate201016Member' xlink:type='arc' />
<presentationArc order='180' xlink:arcrole='http://www.xbrl.org/2003/arcrole/parent-child' xlink:from='loc_NewAccountingPronouncementMember' xlink:to='loc_AccountingStandardsUpdate201017Member' xlink:type='arc' />
<presentationArc order='190' xlink:arcrole='http://www.xbrl.org/2003/arcrole/parent-child' xlink:from='loc_NewAccountingPronouncementMember' xlink:to='loc_AccountingStandardsUpdate201018Member' xlink:type='arc' />
<presentationArc order='200' xlink:arcrole='http://www.xbrl.org/2003/arcrole/parent-child' xlink:from='loc_NewAccountingPronouncementMember' xlink:to='loc_EITF064Member' xlink:type='arc' />
<presentationArc order='210' xlink:arcrole='http://www.xbrl.org/2003/arcrole/parent-child' xlink:from='loc_NewAccountingPronouncementMember' xlink:to='loc_EITF083Member' xlink:type='arc' />
<presentationArc order='220' xlink:arcrole='http://www.xbrl.org/2003/arcrole/parent-child' xlink:from='loc_NewAccountingPronouncementMember' xlink:to='loc_FAS158Member' xlink:type='arc' />
<presentationArc order='230' xlink:arcrole='http://www.xbrl.org/2003/arcrole/parent-child' xlink:from='loc_NewAccountingPronouncementMember' xlink:to='loc_FAS159Member' xlink:type='arc' />
<presentationArc order='240' xlink:arcrole='http://www.xbrl.org/2003/arcrole/parent-child' xlink:from='loc_NewAccountingPronouncementMember' xlink:to='loc_FAS163Member' xlink:type='arc' />
<presentationArc order='250' xlink:arcrole='http://www.xbrl.org/2003/arcrole/parent-child' xlink:from='loc_NewAccountingPronouncementMember' xlink:to='loc_FIN48Member' xlink:type='arc' />
<presentationArc order='260' xlink:arcrole='http://www.xbrl.org/2003/arcrole/parent-child' xlink:from='loc_NewAccountingPronouncementMember' xlink:to='loc_FSPFAS1152AndFAS1242Member' xlink:type='arc' />
<presentationArc order='270' xlink:arcrole='http://www.xbrl.org/2003/arcrole/parent-child' xlink:from='loc_NewAccountingPronouncementMember' xlink:to='loc_FairValueOptionElectionForVariableInterestEntityMember' xlink:type='arc' />
<presentationArc order='280' xlink:arcrole='http://www.xbrl.org/2003/arcrole/parent-child' xlink:from='loc_NewAccountingPronouncementMember' xlink:to='loc_CumulativeEffectAdjustmentConsolidationOfVariableInterestEntityMember' xlink:type='arc' />
<presentationArc order='290' xlink:arcrole='http://www.xbrl.org/2003/arcrole/parent-child' xlink:from='loc_NewAccountingPronouncementMember' xlink:to='loc_CumulativeEffectAdjustmentDeconsolidationOfVariableInterestEntityMember' xlink:type='arc' />
<presentationArc order='20' xlink:arcrole='http://www.xbrl.org/2003/arcrole/parent-child' xlink:from='loc_TypeOfAdoptionMember' xlink:to='loc_AdjustmentsForNewAccountingPrincipleEarlyAdoptionMember' xlink:type='arc' />
<presentationArc order='10' xlink:arcrole='http://www.xbrl.org/2003/arcrole/parent-child' xlink:from='loc_AdjustmentsForNewAccountingPrincipleEarlyAdoptionMember' xlink:to='loc_NewAccountingPronouncementEarlyAdoptionEffectMember' xlink:type='arc' />
<presentationArc order='20' xlink:arcrole='http://www.xbrl.org/2003/arcrole/parent-child' xlink:from='loc_NewAccountingPronouncementsOrChangeInAccountingPrincipleTable' xlink:to='loc_AdjustmentsForChangeInAccountingPrincipleAxis' xlink:type='arc' />
<presentationArc order='10' xlink:arcrole='http://www.xbrl.org/2003/arcrole/parent-child' xlink:from='loc_AdjustmentsForChangeInAccountingPrincipleAxis' xlink:to='loc_ChangeInAccountingPrincipleMember' xlink:type='arc' />
<presentationArc order='30' xlink:arcrole='http://www.xbrl.org/2003/arcrole/parent-child' xlink:from='loc_NewAccountingPronouncementsOrChangeInAccountingPrincipleTable' xlink:to='loc_NewAccountingPronouncementsOrChangeInAccountingPrincipleLineItems' xlink:type='arc' />
<presentationArc order='10' xlink:arcrole='http://www.xbrl.org/2003/arcrole/parent-child' xlink:from='loc_NewAccountingPronouncementsOrChangeInAccountingPrincipleLineItems' xlink:to='loc_NewAccountingPronouncementOrChangeInAccountingPrincipleName' xlink:type='arc' />
<presentationArc order='20' xlink:arcrole='http://www.xbrl.org/2003/arcrole/parent-child' xlink:from='loc_NewAccountingPronouncementsOrChangeInAccountingPrincipleLineItems' xlink:to='loc_NewAccountingPronouncementOrChangeInAccountingPrincipleDescription' xlink:type='arc' />
<presentationArc order='30' xlink:arcrole='http://www.xbrl.org/2003/arcrole/parent-child' xlink:from='loc_NewAccountingPronouncementsOrChangeInAccountingPrincipleLineItems' xlink:to='loc_NewAccountingPronouncementOrChangeInAccountingPrincipleRetrospectiveAdjustmentsAbstract' xlink:type='arc' />
<presentationArc order='10' xlink:arcrole='http://www.xbrl.org/2003/arcrole/parent-child' xlink:from='loc_NewAccountingPronouncementOrChangeInAccountingPrincipleRetrospectiveAdjustmentsAbstract' xlink:to='loc_NewAccountingPronouncementOrChangeInAccountingPrincipleEffectOfChangeOnNetRevenue' xlink:type='arc' />
<presentationArc order='20' xlink:arcrole='http://www.xbrl.org/2003/arcrole/parent-child' xlink:from='loc_NewAccountingPronouncementOrChangeInAccountingPrincipleRetrospectiveAdjustmentsAbstract' xlink:to='loc_NewAccountingPronouncementOrChangeInAccountingPrincipleEffectOfChangeOnOperatingResults' xlink:type='arc' />
<presentationArc order='30' xlink:arcrole='http://www.xbrl.org/2003/arcrole/parent-child' xlink:from='loc_NewAccountingPronouncementOrChangeInAccountingPrincipleRetrospectiveAdjustmentsAbstract' xlink:to='loc_NewAccountingPronouncementOrChangeInAccountingPrincipleEffectOfChangeOnIncomeFromContinuingOperations' xlink:type='arc' />
<presentationArc order='40' xlink:arcrole='http://www.xbrl.org/2003/arcrole/parent-child' xlink:from='loc_NewAccountingPronouncementOrChangeInAccountingPrincipleRetrospectiveAdjustmentsAbstract' xlink:to='loc_NewAccountingPronouncementOrChangeInAccountingPrincipleEffectOfChangeOnNetIncome' xlink:type='arc' />
<presentationArc order='50' xlink:arcrole='http://www.xbrl.org/2003/arcrole/parent-child' xlink:from='loc_NewAccountingPronouncementOrChangeInAccountingPrincipleRetrospectiveAdjustmentsAbstract' xlink:to='loc_NewAccountingPronouncementOrChangeInAccountingPrincipleEffectOfChangeOnBasicEarningsPerShare' xlink:type='arc' />
<presentationArc order='60' xlink:arcrole='http://www.xbrl.org/2003/arcrole/parent-child' xlink:from='loc_NewAccountingPronouncementOrChangeInAccountingPrincipleRetrospectiveAdjustmentsAbstract' xlink:to='loc_NewAccountingPronouncementOrChangeInAccountingPrincipleEffectOfChangeOnDilutedEarningsPerShare' xlink:type='arc' />
<presentationArc order='70' xlink:arcrole='http://www.xbrl.org/2003/arcrole/parent-child' xlink:from='loc_NewAccountingPronouncementOrChangeInAccountingPrincipleRetrospectiveAdjustmentsAbstract' xlink:to='loc_NewAccountingPronouncementOrChangeInAccountingPrincipleCumulativeEffectOfChangeOnEquityOrNetAssets' xlink:type='arc' />
<presentationArc order='80' xlink:arcrole='http://www.xbrl.org/2003/arcrole/parent-child' xlink:from='loc_NewAccountingPronouncementOrChangeInAccountingPrincipleRetrospectiveAdjustmentsAbstract' xlink:to='loc_NewAccountingPronouncementOrChangeInAccountingPrincipleRetrospectiveApplicationImpracticable' xlink:type='arc' />
<presentationArc order='90' xlink:arcrole='http://www.xbrl.org/2003/arcrole/parent-child' xlink:from='loc_NewAccountingPronouncementOrChangeInAccountingPrincipleRetrospectiveAdjustmentsAbstract' xlink:to='loc_NewAccountingPronouncementOrChangeInAccountingPrincipleIndirectEffects' xlink:type='arc' />
<presentationArc order='100' xlink:arcrole='http://www.xbrl.org/2003/arcrole/parent-child' xlink:from='loc_NewAccountingPronouncementOrChangeInAccountingPrincipleRetrospectiveAdjustmentsAbstract' xlink:to='loc_NewAccountingPronouncementTransitionGuidanceNotSignificantOrNotPractical' xlink:type='arc' />
<presentationArc order='40' xlink:arcrole='http://www.xbrl.org/2003/arcrole/parent-child' xlink:from='loc_NewAccountingPronouncementsOrChangeInAccountingPrincipleLineItems' xlink:to='loc_NewAccountingPronouncementOrChangeInAccountingPrincipleEffectOnFinancialStatementsFlag' xlink:type='arc' />
<presentationArc order='10' xlink:arcrole='http://www.xbrl.org/2003/arcrole/parent-child' xlink:from='loc_NewAccountingPronouncementOrChangeInAccountingPrincipleEffectOnFinancialStatementsFlag' xlink:to='loc_NewAccountingPronouncementOrChangeInAccountingPrincipleEffectOfAdoptionQuantification' xlink:type='arc' />
<presentationArc order='50' xlink:arcrole='http://www.xbrl.org/2003/arcrole/parent-child' xlink:from='loc_NewAccountingPronouncementsOrChangeInAccountingPrincipleLineItems' xlink:to='loc_NewAccountingPronouncementOrChangeInAccountingPrincipleCurrentPeriodDisclosuresAbstract' xlink:type='arc' />
<presentationArc order='10' xlink:arcrole='http://www.xbrl.org/2003/arcrole/parent-child' xlink:from='loc_NewAccountingPronouncementOrChangeInAccountingPrincipleCurrentPeriodDisclosuresAbstract' xlink:to='loc_NewAccountingPronouncementOrChangeInAccountingPrincipleCurrentPeriodDisclosuresRevenueRecognizedAmount' xlink:type='arc' />
<presentationArc order='20' xlink:arcrole='http://www.xbrl.org/2003/arcrole/parent-child' xlink:from='loc_NewAccountingPronouncementOrChangeInAccountingPrincipleCurrentPeriodDisclosuresAbstract' xlink:to='loc_NewAccountingPronouncementOrChangeInAccountingPrincipleCurrentPeriodDisclosuresDeferredRevenueAmount' xlink:type='arc' />
<presentationArc order='60' xlink:arcrole='http://www.xbrl.org/2003/arcrole/parent-child' xlink:from='loc_NewAccountingPronouncementsOrChangeInAccountingPrincipleLineItems' xlink:to='loc_NewAccountingPronouncementOrChangeInAccountingPrincipleProFormaDisclosuresRevenueRecognizedAmount' xlink:type='arc' />
<presentationArc order='70' xlink:arcrole='http://www.xbrl.org/2003/arcrole/parent-child' xlink:from='loc_NewAccountingPronouncementsOrChangeInAccountingPrincipleLineItems' xlink:to='loc_CumulativeEffectOfChangeInAccountingPrincipleTabularPresentationByFinancialStatementLineItemRestatedAmountAbstract' xlink:type='arc' />
<presentationArc order='10' xlink:arcrole='http://www.xbrl.org/2003/arcrole/parent-child' xlink:from='loc_CumulativeEffectOfChangeInAccountingPrincipleTabularPresentationByFinancialStatementLineItemRestatedAmountAbstract' xlink:to='loc_CumulativeEffectOfChangeInAccountingPrincipleTabularPresentationByFinancialStatementLineItemPreviouslyReportedAmount' xlink:type='arc' />
<presentationArc order='20' xlink:arcrole='http://www.xbrl.org/2003/arcrole/parent-child' xlink:from='loc_CumulativeEffectOfChangeInAccountingPrincipleTabularPresentationByFinancialStatementLineItemRestatedAmountAbstract' xlink:to='loc_CumulativeEffectOfChangeInAccountingPrincipleTabularPresentationByFinancialStatementLineItemAdjustmentAmount' xlink:type='arc' />
<presentationArc order='30' preferredLabel='http://www.xbrl.org/2003/role/totalLabel' xlink:arcrole='http://www.xbrl.org/2003/arcrole/parent-child' xlink:from='loc_CumulativeEffectOfChangeInAccountingPrincipleTabularPresentationByFinancialStatementLineItemRestatedAmountAbstract' xlink:to='loc_CumulativeEffectOfChangeInAccountingPrincipleTabularPresentationByFinancialStatementLineItemRestatedAmount' xlink:type='arc' />
<presentationArc order='80' xlink:arcrole='http://www.xbrl.org/2003/arcrole/parent-child' xlink:from='loc_NewAccountingPronouncementsOrChangeInAccountingPrincipleLineItems' xlink:to='loc_RetrospectiveEffectOfChangeInAccountingPrincipleTabularPresentationByFinancialStatementLineItemAmountAfterApplicationAbstract' xlink:type='arc' />
<presentationArc order='10' xlink:arcrole='http://www.xbrl.org/2003/arcrole/parent-child' xlink:from='loc_RetrospectiveEffectOfChangeInAccountingPrincipleTabularPresentationByFinancialStatementLineItemAmountAfterApplicationAbstract' xlink:to='loc_RetrospectiveEffectOfChangeInAccountingPrincipleTabularPresentationByFinancialStatementLineItemAmountBeforeApplication' xlink:type='arc' />
<presentationArc order='20' xlink:arcrole='http://www.xbrl.org/2003/arcrole/parent-child' xlink:from='loc_RetrospectiveEffectOfChangeInAccountingPrincipleTabularPresentationByFinancialStatementLineItemAmountAfterApplicationAbstract' xlink:to='loc_RetrospectiveEffectOfChangeInAccountingPrincipleTabularPresentationByFinancialStatementLineItemAmountOfApplicationAdjustment' xlink:type='arc' />
<presentationArc order='30' preferredLabel='http://www.xbrl.org/2003/role/totalLabel' xlink:arcrole='http://www.xbrl.org/2003/arcrole/parent-child' xlink:from='loc_RetrospectiveEffectOfChangeInAccountingPrincipleTabularPresentationByFinancialStatementLineItemAmountAfterApplicationAbstract' xlink:to='loc_RetrospectiveEffectOfChangeInAccountingPrincipleTabularPresentationByFinancialStatementLineItemAmountAfterApplication' xlink:type='arc' />
<presentationArc order='90' xlink:arcrole='http://www.xbrl.org/2003/arcrole/parent-child' xlink:from='loc_NewAccountingPronouncementsOrChangeInAccountingPrincipleLineItems' xlink:to='loc_OtherComprehensiveIncomeCumulativeEffectOfChangeInAccountingPrincipleNetOfTaxesAbstract' xlink:type='arc' />
<presentationArc order='10' xlink:arcrole='http://www.xbrl.org/2003/arcrole/parent-child' xlink:from='loc_OtherComprehensiveIncomeCumulativeEffectOfChangeInAccountingPrincipleNetOfTaxesAbstract' xlink:to='loc_OtherComprehensiveIncomeCumulativeEffectOfChangeInAccountingPrincipleBeforeTaxes' xlink:type='arc' />
<presentationArc order='20' xlink:arcrole='http://www.xbrl.org/2003/arcrole/parent-child' xlink:from='loc_OtherComprehensiveIncomeCumulativeEffectOfChangeInAccountingPrincipleNetOfTaxesAbstract' xlink:to='loc_OtherComprehensiveIncomeCumulativeEffectOfChangeInAccountingPrincipleTaxes' xlink:type='arc' />
<presentationArc order='30' preferredLabel='http://www.xbrl.org/2003/role/totalLabel' xlink:arcrole='http://www.xbrl.org/2003/arcrole/parent-child' xlink:from='loc_OtherComprehensiveIncomeCumulativeEffectOfChangeInAccountingPrincipleNetOfTaxesAbstract' xlink:to='loc_OtherComprehensiveIncomeCumulativeEffectOfChangeInAccountingPrincipleNetOfTaxes' xlink:type='arc' />
<presentationArc order='100' xlink:arcrole='http://www.xbrl.org/2003/arcrole/parent-child' xlink:from='loc_NewAccountingPronouncementsOrChangeInAccountingPrincipleLineItems' xlink:to='loc_CumulativeEffectAdjustmentAbstract' xlink:type='arc' />
<presentationArc order='10' xlink:arcrole='http://www.xbrl.org/2003/arcrole/parent-child' xlink:from='loc_CumulativeEffectAdjustmentAbstract' xlink:to='loc_CumulativeEffectAdjustmentGrossGains' xlink:type='arc' />
<presentationArc order='20' xlink:arcrole='http://www.xbrl.org/2003/arcrole/parent-child' xlink:from='loc_CumulativeEffectAdjustmentAbstract' xlink:to='loc_CumulativeEffectAdjustmentGrossLosses' xlink:type='arc' />
<presentationArc order='30' xlink:arcrole='http://www.xbrl.org/2003/arcrole/parent-child' xlink:from='loc_CumulativeEffectAdjustmentAbstract' xlink:to='loc_CumulativeEffectAdjustmentApplicationOfFairValueOptionGrossGainsAbstract' xlink:type='arc' />
<presentationArc order='10' xlink:arcrole='http://www.xbrl.org/2003/arcrole/parent-child' xlink:from='loc_CumulativeEffectAdjustmentApplicationOfFairValueOptionGrossGainsAbstract' xlink:to='loc_CumulativeEffectAdjustmentApplicationOfFairValueOptionUnrealizedGainsUnrecognized' xlink:type='arc' />
<presentationArc order='20' xlink:arcrole='http://www.xbrl.org/2003/arcrole/parent-child' xlink:from='loc_CumulativeEffectAdjustmentApplicationOfFairValueOptionGrossGainsAbstract' xlink:to='loc_CumulativeEffectAdjustmentApplicationOfFairValueOptionUnrealizedGainsRecognized' xlink:type='arc' />
<presentationArc order='30' preferredLabel='http://www.xbrl.org/2003/role/totalLabel' xlink:arcrole='http://www.xbrl.org/2003/arcrole/parent-child' xlink:from='loc_CumulativeEffectAdjustmentApplicationOfFairValueOptionGrossGainsAbstract' xlink:to='loc_CumulativeEffectAdjustmentApplicationOfFairValueOptionGrossGains' xlink:type='arc' />
<presentationArc order='40' xlink:arcrole='http://www.xbrl.org/2003/arcrole/parent-child' xlink:from='loc_CumulativeEffectAdjustmentAbstract' xlink:to='loc_CumulativeEffectAdjustmentApplicationOfFairValueOptionGrossLossesAbstract' xlink:type='arc' />
<presentationArc order='10' xlink:arcrole='http://www.xbrl.org/2003/arcrole/parent-child' xlink:from='loc_CumulativeEffectAdjustmentApplicationOfFairValueOptionGrossLossesAbstract' xlink:to='loc_CumulativeEffectAdjustmentApplicationOfFairValueOptionUnrealizedLossesUnrecognized' xlink:type='arc' />
<presentationArc order='20' xlink:arcrole='http://www.xbrl.org/2003/arcrole/parent-child' xlink:from='loc_CumulativeEffectAdjustmentApplicationOfFairValueOptionGrossLossesAbstract' xlink:to='loc_CumulativeEffectAdjustmentApplicationOfFairValueOptionUnrealizedLossesRecognized' xlink:type='arc' />
<presentationArc order='30' preferredLabel='http://www.xbrl.org/2003/role/totalLabel' xlink:arcrole='http://www.xbrl.org/2003/arcrole/parent-child' xlink:from='loc_CumulativeEffectAdjustmentApplicationOfFairValueOptionGrossLossesAbstract' xlink:to='loc_CumulativeEffectAdjustmentApplicationOfFairValueOptionGrossLosses' xlink:type='arc' />
<presentationArc order='50' xlink:arcrole='http://www.xbrl.org/2003/arcrole/parent-child' xlink:from='loc_CumulativeEffectAdjustmentAbstract' xlink:to='loc_CumulativeEffectAdjustmentBifurcationOfHybridsGrossGains' xlink:type='arc' />
<presentationArc order='60' xlink:arcrole='http://www.xbrl.org/2003/arcrole/parent-child' xlink:from='loc_CumulativeEffectAdjustmentAbstract' xlink:to='loc_CumulativeEffectAdjustmentBifurcationOfHybridsGrossLosses' xlink:type='arc' />
<presentationArc order='20' xlink:arcrole='http://www.xbrl.org/2003/arcrole/parent-child' xlink:from='loc_NewAccountingPronouncementsAndChangesInAccountingPrinciplesAbstract' xlink:to='loc_DescriptionOfNewAccountingPronouncementsNotYetAdopted' xlink:type='arc' />
<presentationArc order='30' xlink:arcrole='http://www.xbrl.org/2003/arcrole/parent-child' xlink:from='loc_NewAccountingPronouncementsAndChangesInAccountingPrinciplesAbstract' xlink:to='loc_NewAccountingPronouncementEarlyAdoptionTableTextBlock' xlink:type='arc' />
<presentationArc order='10' xlink:arcrole='http://www.xbrl.org/2003/arcrole/parent-child' xlink:from='loc_NewAccountingPronouncementEarlyAdoptionTableTextBlock' xlink:to='loc_NewAccountingPronouncementEarlyAdoptionTable' xlink:type='arc' />
<presentationArc order='10' xlink:arcrole='http://www.xbrl.org/2003/arcrole/parent-child' xlink:from='loc_NewAccountingPronouncementEarlyAdoptionTable' xlink:to='loc_NewAccountingPronouncementEarlyAdoptionAxis' xlink:type='arc' />
<presentationArc order='10' xlink:arcrole='http://www.xbrl.org/2003/arcrole/parent-child' xlink:from='loc_NewAccountingPronouncementEarlyAdoptionAxis' xlink:to='loc_NewAccountingPrinciplesEarlyAdoptionMember' xlink:type='arc' />
<presentationArc order='10' xlink:arcrole='http://www.xbrl.org/2003/arcrole/parent-child' xlink:from='loc_NewAccountingPrinciplesEarlyAdoptionMember' xlink:to='loc_AdjustmentsForNewAccountingPrincipleEarlyAdoptionMember' xlink:type='arc' />
<presentationArc order='20' xlink:arcrole='http://www.xbrl.org/2003/arcrole/parent-child' xlink:from='loc_NewAccountingPronouncementEarlyAdoptionTable' xlink:to='loc_NewAccountingPronouncementEarlyAdoptionLineItems' xlink:type='arc' />
<presentationArc order='10' xlink:arcrole='http://www.xbrl.org/2003/arcrole/parent-child' xlink:from='loc_NewAccountingPronouncementEarlyAdoptionLineItems' xlink:to='loc_Revenues' xlink:type='arc' />
<presentationArc order='20' xlink:arcrole='http://www.xbrl.org/2003/arcrole/parent-child' xlink:from='loc_NewAccountingPronouncementEarlyAdoptionLineItems' xlink:to='loc_IncomeLossFromContinuingOperationsBeforeIncomeTaxesDomestic' xlink:type='arc' />
<presentationArc order='30' xlink:arcrole='http://www.xbrl.org/2003/arcrole/parent-child' xlink:from='loc_NewAccountingPronouncementEarlyAdoptionLineItems' xlink:to='loc_IncomeLossFromContinuingOperationsBeforeIncomeTaxesForeign' xlink:type='arc' />
<presentationArc order='40' xlink:arcrole='http://www.xbrl.org/2003/arcrole/parent-child' xlink:from='loc_NewAccountingPronouncementEarlyAdoptionLineItems' xlink:to='loc_NetIncomeLoss' xlink:type='arc' />
<presentationArc order='50' xlink:arcrole='http://www.xbrl.org/2003/arcrole/parent-child' xlink:from='loc_NewAccountingPronouncementEarlyAdoptionLineItems' xlink:to='loc_EarningsPerShareBasic' xlink:type='arc' />
<presentationArc order='60' xlink:arcrole='http://www.xbrl.org/2003/arcrole/parent-child' xlink:from='loc_NewAccountingPronouncementEarlyAdoptionLineItems' xlink:to='loc_EarningsPerShareDiluted' xlink:type='arc' />
<presentationArc order='40' xlink:arcrole='http://www.xbrl.org/2003/arcrole/parent-child' xlink:from='loc_NewAccountingPronouncementsAndChangesInAccountingPrinciplesAbstract' xlink:to='loc_TransitionMethodCarryingValueDescription' xlink:type='arc' />
<presentationArc order='50' xlink:arcrole='http://www.xbrl.org/2003/arcrole/parent-child' xlink:from='loc_NewAccountingPronouncementsAndChangesInAccountingPrinciplesAbstract' xlink:to='loc_TransitionMethodFairValueDescription' xlink:type='arc' />
<presentationArc order='60' xlink:arcrole='http://www.xbrl.org/2003/arcrole/parent-child' xlink:from='loc_NewAccountingPronouncementsAndChangesInAccountingPrinciplesAbstract' xlink:to='loc_TransitionMethodUnpaidPrincipalBalanceDescription' xlink:type='arc' />
<presentationArc order='30' xlink:arcrole='http://www.xbrl.org/2003/arcrole/parent-child' xlink:from='loc_AccountingChangesAndErrorCorrectionsTextBlock' xlink:to='loc_ProspectiveAdoptionOfNewAccountingPronouncementsAbstract' xlink:type='arc' />
<presentationArc order='10' xlink:arcrole='http://www.xbrl.org/2003/arcrole/parent-child' xlink:from='loc_ProspectiveAdoptionOfNewAccountingPronouncementsAbstract' xlink:to='loc_ScheduleOfProspectiveAdoptionOfNewAccountingPronouncementsTableTextBlock' xlink:type='arc' />
<presentationArc order='10' xlink:arcrole='http://www.xbrl.org/2003/arcrole/parent-child' xlink:from='loc_ScheduleOfProspectiveAdoptionOfNewAccountingPronouncementsTableTextBlock' xlink:to='loc_ProspectiveAdoptionOfNewAccountingPronouncementsTable' xlink:type='arc' />
<presentationArc order='10' xlink:arcrole='http://www.xbrl.org/2003/arcrole/parent-child' xlink:from='loc_ProspectiveAdoptionOfNewAccountingPronouncementsTable' xlink:to='loc_ProspectiveAdoptionOfNewAccountingPronouncementsAxis' xlink:type='arc' />
<presentationArc order='10' xlink:arcrole='http://www.xbrl.org/2003/arcrole/parent-child' xlink:from='loc_ProspectiveAdoptionOfNewAccountingPronouncementsAxis' xlink:to='loc_AccountingGuidanceMember' xlink:type='arc' />
<presentationArc order='10' xlink:arcrole='http://www.xbrl.org/2003/arcrole/parent-child' xlink:from='loc_AccountingGuidanceMember' xlink:to='loc_PreviousAccountingGuidanceMember' xlink:type='arc' />
<presentationArc order='20' xlink:arcrole='http://www.xbrl.org/2003/arcrole/parent-child' xlink:from='loc_AccountingGuidanceMember' xlink:to='loc_NewAccountingPronouncementMember' xlink:type='arc' />
<presentationArc order='20' xlink:arcrole='http://www.xbrl.org/2003/arcrole/parent-child' xlink:from='loc_ProspectiveAdoptionOfNewAccountingPronouncementsTable' xlink:to='loc_ItemEffectedLineItems' xlink:type='arc' />
<presentationArc order='10' xlink:arcrole='http://www.xbrl.org/2003/arcrole/parent-child' xlink:from='loc_ItemEffectedLineItems' xlink:to='loc_DeferredPolicyAcquisitionCostsAndValueOfBusinessAcquiredAbstract' xlink:type='arc' />
<presentationArc order='10' xlink:arcrole='http://www.xbrl.org/2003/arcrole/parent-child' xlink:from='loc_DeferredPolicyAcquisitionCostsAndValueOfBusinessAcquiredAbstract' xlink:to='loc_DeferredPolicyAcquisitionCosts' xlink:type='arc' />
<presentationArc order='20' xlink:arcrole='http://www.xbrl.org/2003/arcrole/parent-child' xlink:from='loc_DeferredPolicyAcquisitionCostsAndValueOfBusinessAcquiredAbstract' xlink:to='loc_ValueOfBusinessAcquiredVOBA' xlink:type='arc' />
<presentationArc order='30' preferredLabel='http://www.xbrl.org/2003/role/totalLabel' xlink:arcrole='http://www.xbrl.org/2003/arcrole/parent-child' xlink:from='loc_DeferredPolicyAcquisitionCostsAndValueOfBusinessAcquiredAbstract' xlink:to='loc_DeferredPolicyAcquisitionCostsAndValueOfBusinessAcquired' xlink:type='arc' />
<presentationArc order='20' xlink:arcrole='http://www.xbrl.org/2003/arcrole/parent-child' xlink:from='loc_ItemEffectedLineItems' xlink:to='loc_IncomeStatementAbstract' xlink:type='arc' />
<presentationArc order='10' xlink:arcrole='http://www.xbrl.org/2003/arcrole/parent-child' xlink:from='loc_IncomeStatementAbstract' xlink:to='loc_Revenues' xlink:type='arc' />
<presentationArc order='20' xlink:arcrole='http://www.xbrl.org/2003/arcrole/parent-child' xlink:from='loc_IncomeStatementAbstract' xlink:to='loc_IncomeLossFromContinuingOperationsBeforeIncomeTaxesDomestic' xlink:type='arc' />
<presentationArc order='30' xlink:arcrole='http://www.xbrl.org/2003/arcrole/parent-child' xlink:from='loc_IncomeStatementAbstract' xlink:to='loc_IncomeLossFromContinuingOperationsBeforeIncomeTaxesForeign' xlink:type='arc' />
<presentationArc order='40' xlink:arcrole='http://www.xbrl.org/2003/arcrole/parent-child' xlink:from='loc_IncomeStatementAbstract' xlink:to='loc_NetIncomeLoss' xlink:type='arc' />
<presentationArc order='50' xlink:arcrole='http://www.xbrl.org/2003/arcrole/parent-child' xlink:from='loc_IncomeStatementAbstract' xlink:to='loc_EarningsPerShareBasic' xlink:type='arc' />
<presentationArc order='60' xlink:arcrole='http://www.xbrl.org/2003/arcrole/parent-child' xlink:from='loc_IncomeStatementAbstract' xlink:to='loc_EarningsPerShareDiluted' xlink:type='arc' />
<presentationArc order='40' xlink:arcrole='http://www.xbrl.org/2003/arcrole/parent-child' xlink:from='loc_AccountingChangesAndErrorCorrectionsTextBlock' xlink:to='loc_PriorPeriodAdjustmentAbstract' xlink:type='arc' />
<presentationArc order='10' xlink:arcrole='http://www.xbrl.org/2003/arcrole/parent-child' xlink:from='loc_PriorPeriodAdjustmentAbstract' xlink:to='loc_ErrorCorrectionsAndPriorPeriodAdjustmentsDescription' xlink:type='arc' />
<presentationArc order='20' xlink:arcrole='http://www.xbrl.org/2003/arcrole/parent-child' xlink:from='loc_PriorPeriodAdjustmentAbstract' xlink:to='loc_ScheduleOfErrorCorrectionsAndPriorPeriodAdjustmentsTextBlock' xlink:type='arc' />
<presentationArc order='10' xlink:arcrole='http://www.xbrl.org/2003/arcrole/parent-child' xlink:from='loc_ScheduleOfErrorCorrectionsAndPriorPeriodAdjustmentsTextBlock' xlink:to='loc_ScheduleOfErrorCorrectionsAndPriorPeriodAdjustmentRestatementTable' xlink:type='arc' />
<presentationArc order='10' xlink:arcrole='http://www.xbrl.org/2003/arcrole/parent-child' xlink:from='loc_ScheduleOfErrorCorrectionsAndPriorPeriodAdjustmentRestatementTable' xlink:to='loc_ErrorCorrectionsAndPriorPeriodAdjustmentsRestatementByRestatementPeriodAndAmountAxis' xlink:type='arc' />
<presentationArc order='10' xlink:arcrole='http://www.xbrl.org/2003/arcrole/parent-child' xlink:from='loc_ErrorCorrectionsAndPriorPeriodAdjustmentsRestatementByRestatementPeriodAndAmountAxis' xlink:to='loc_AdjustmentsForErrorCorrectionDomain' xlink:type='arc' />
<presentationArc order='20' xlink:arcrole='http://www.xbrl.org/2003/arcrole/parent-child' xlink:from='loc_ScheduleOfErrorCorrectionsAndPriorPeriodAdjustmentRestatementTable' xlink:to='loc_StatementScenarioAxis' xlink:type='arc' />
<presentationArc order='10' xlink:arcrole='http://www.xbrl.org/2003/arcrole/parent-child' xlink:from='loc_StatementScenarioAxis' xlink:to='loc_ScenarioUnspecifiedDomain' xlink:type='arc' />
<presentationArc order='10' xlink:arcrole='http://www.xbrl.org/2003/arcrole/parent-child' xlink:from='loc_ScenarioUnspecifiedDomain' xlink:to='loc_ScenarioPreviouslyReportedMember' xlink:type='arc' />
<presentationArc order='20' xlink:arcrole='http://www.xbrl.org/2003/arcrole/parent-child' xlink:from='loc_ScenarioUnspecifiedDomain' xlink:to='loc_RestatementAdjustmentMember' xlink:type='arc' />
<presentationArc order='30' xlink:arcrole='http://www.xbrl.org/2003/arcrole/parent-child' xlink:from='loc_ScheduleOfErrorCorrectionsAndPriorPeriodAdjustmentRestatementTable' xlink:to='loc_ErrorCorrectionsAndPriorPeriodAdjustmentsRestatementLineItems' xlink:type='arc' />
<presentationArc order='30' xlink:arcrole='http://www.xbrl.org/2003/arcrole/parent-child' xlink:from='loc_PriorPeriodAdjustmentAbstract' xlink:to='loc_ErrorCorrectionsAndPriorPeriodAdjustmentsInterimPeriodsOfFiscalYear' xlink:type='arc' />
<presentationArc order='50' use='optional' xlink:arcrole='http://www.xbrl.org/2003/arcrole/parent-child' xlink:from='loc_AccountingChangesAndErrorCorrectionsTextBlock' xlink:to='loc_QuantifyingPriorYearMisstatementsCorrectedInCurrentYearFinancialStatementsAbstract' xlink:type='arc' />
<presentationArc order='10' use='optional' xlink:arcrole='http://www.xbrl.org/2003/arcrole/parent-child' xlink:from='loc_QuantifyingPriorYearMisstatementsCorrectedInCurrentYearFinancialStatementsAbstract' xlink:to='loc_ScheduleOfQuantifyingPriorYearMisstatementsCorrectedInCurrentYearFinancialStatementsTextBlock' xlink:type='arc' />
<presentationArc order='10' use='optional' xlink:arcrole='http://www.xbrl.org/2003/arcrole/parent-child' xlink:from='loc_ScheduleOfQuantifyingPriorYearMisstatementsCorrectedInCurrentYearFinancialStatementsTextBlock' xlink:to='loc_ScheduleOfQuantifyingPriorYearMisstatementCorrectedInCurrentYearFinancialStatementsTable' xlink:type='arc' />
<presentationArc order='10' use='optional' xlink:arcrole='http://www.xbrl.org/2003/arcrole/parent-child' xlink:from='loc_ScheduleOfQuantifyingPriorYearMisstatementCorrectedInCurrentYearFinancialStatementsTable' xlink:to='loc_QuantifyingMisstatementInCurrentYearFinancialStatementsByNatureOfErrorAxis' xlink:type='arc' />
<presentationArc order='10' xlink:arcrole='http://www.xbrl.org/2003/arcrole/parent-child' xlink:from='loc_QuantifyingMisstatementInCurrentYearFinancialStatementsByNatureOfErrorAxis' xlink:to='loc_NatureOfErrorDomain' xlink:type='arc' />
<presentationArc order='20' use='optional' xlink:arcrole='http://www.xbrl.org/2003/arcrole/parent-child' xlink:from='loc_ScheduleOfQuantifyingPriorYearMisstatementCorrectedInCurrentYearFinancialStatementsTable' xlink:to='loc_QuantifyingMisstatementInCurrentYearFinancialStatementsLineItems' xlink:type='arc' />
<presentationArc order='10' xlink:arcrole='http://www.xbrl.org/2003/arcrole/parent-child' xlink:from='loc_QuantifyingMisstatementInCurrentYearFinancialStatementsLineItems' xlink:to='loc_QuantifyingMisstatementInCurrentYearFinancialStatementsAmount' xlink:type='arc' />
<presentationArc order='60' xlink:arcrole='http://www.xbrl.org/2003/arcrole/parent-child' xlink:from='loc_AccountingChangesAndErrorCorrectionsTextBlock' xlink:to='loc_ChangeInReportingEntity' xlink:type='arc' />
<presentationArc order='70' xlink:arcrole='http://www.xbrl.org/2003/arcrole/parent-child' xlink:from='loc_AccountingChangesAndErrorCorrectionsTextBlock' xlink:to='loc_ImmaterialErrorCorrection' xlink:type='arc' />
</presentationLink>
</link:linkbase>
