<?xml version="1.0" encoding="UTF-8" standalone="no"?>

<!--
(c) XBRL US, Inc. 2007-2010; Financial Accounting Foundation, Inc. 2010-2011.  All Rights Reserved.
Notice: Authorized Uses are Set Forth at http://xbrl.fasb.org/terms/TaxonomiesTermsConditions.html
  -->
<link:linkbase xmlns:link='http://www.xbrl.org/2003/linkbase' xmlns:xbrldt='http://xbrl.org/2005/xbrldt' xmlns:xlink='http://www.w3.org/1999/xlink' xmlns:xsi='http://www.w3.org/2001/XMLSchema-instance' xsi:schemaLocation='http://www.xbrl.org/2003/linkbase http://www.xbrl.org/2003/xbrl-linkbase-2003-12-31.xsd'>
<link:roleRef roleURI='http://fasb.org/us-gaap/role/disclosure/SubsequentEventsSubsequentEventTable' xlink:href='../elts/us-roles-2011-01-31.xsd#SubsequentEventsSubsequentEventTable' xlink:type='simple' />
<link:arcroleRef arcroleURI='http://xbrl.org/int/dim/arcrole/all' xlink:href='http://www.xbrl.org/2005/xbrldt-2005.xsd#all' xlink:type='simple' />
<link:arcroleRef arcroleURI='http://xbrl.org/int/dim/arcrole/hypercube-dimension' xlink:href='http://www.xbrl.org/2005/xbrldt-2005.xsd#hypercube-dimension' xlink:type='simple' />
<link:arcroleRef arcroleURI='http://xbrl.org/int/dim/arcrole/dimension-domain' xlink:href='http://www.xbrl.org/2005/xbrldt-2005.xsd#dimension-domain' xlink:type='simple' />
<link:arcroleRef arcroleURI='http://xbrl.org/int/dim/arcrole/dimension-default' xlink:href='http://www.xbrl.org/2005/xbrldt-2005.xsd#dimension-default' xlink:type='simple' />
<link:arcroleRef arcroleURI='http://xbrl.org/int/dim/arcrole/domain-member' xlink:href='http://www.xbrl.org/2005/xbrldt-2005.xsd#domain-member' xlink:type='simple' />
<!--Definition relationships for table SubsequentEventTable in presentation http://fasb.org/us-gaap/role/disclosure/SubsequentEvents-->
<link:definitionLink xlink:role='http://fasb.org/us-gaap/role/disclosure/SubsequentEventsSubsequentEventTable' xlink:type='extended'>
<link:loc xlink:href='../elts/us-gaap-2011-01-31.xsd#us-gaap_SubsequentEventTable' xlink:label='loc_SubsequentEventTable' xlink:type='locator' />
<link:loc xlink:href='../elts/us-gaap-2011-01-31.xsd#us-gaap_SubsequentEventLineItems' xlink:label='loc_SubsequentEventLineItems' xlink:type='locator' />
<link:definitionArc order='1.0' xbrldt:closed='true' xbrldt:contextElement='segment' xlink:arcrole='http://xbrl.org/int/dim/arcrole/all' xlink:from='loc_SubsequentEventLineItems' xlink:to='loc_SubsequentEventTable' xlink:type='arc' />
</link:definitionLink>
<link:definitionLink xlink:role='http://fasb.org/us-gaap/role/disclosure/SubsequentEventsSubsequentEventTable' xlink:type='extended'>
<link:loc xlink:href='../elts/us-gaap-2011-01-31.xsd#us-gaap_SubsequentEventTable' xlink:label='loc_SubsequentEventTable' xlink:type='locator' />
<link:loc xlink:href='../elts/us-gaap-2011-01-31.xsd#us-gaap_SubsequentEventTypeAxis' xlink:label='loc_SubsequentEventTypeAxis' xlink:type='locator' />
<link:definitionArc order='1.0' xlink:arcrole='http://xbrl.org/int/dim/arcrole/hypercube-dimension' xlink:from='loc_SubsequentEventTable' xlink:to='loc_SubsequentEventTypeAxis' xlink:type='arc' />
</link:definitionLink>
<link:definitionLink xlink:role='http://fasb.org/us-gaap/role/disclosure/SubsequentEventsSubsequentEventTable' xlink:type='extended'>
<link:loc xlink:href='../elts/us-gaap-2011-01-31.xsd#us-gaap_SubsequentEventTypeAxis' xlink:label='loc_SubsequentEventTypeAxis' xlink:type='locator' />
<link:loc xlink:href='../elts/us-gaap-2011-01-31.xsd#us-gaap_SubsequentEventTypeDomain' xlink:label='loc_SubsequentEventTypeDomain' xlink:type='locator' />
<link:definitionArc order='1.0' xlink:arcrole='http://xbrl.org/int/dim/arcrole/dimension-domain' xlink:from='loc_SubsequentEventTypeAxis' xlink:to='loc_SubsequentEventTypeDomain' xlink:type='arc' />
</link:definitionLink>
<link:definitionLink xlink:role='http://fasb.org/us-gaap/role/disclosure/SubsequentEventsSubsequentEventTable' xlink:type='extended'>
<link:loc xlink:href='../elts/us-gaap-2011-01-31.xsd#us-gaap_SubsequentEventTypeAxis' xlink:label='loc_SubsequentEventTypeAxis' xlink:type='locator' />
<link:loc xlink:href='../elts/us-gaap-2011-01-31.xsd#us-gaap_SubsequentEventTypeDomain' xlink:label='loc_SubsequentEventTypeDomain' xlink:type='locator' />
<link:definitionArc order='1.0' xlink:arcrole='http://xbrl.org/int/dim/arcrole/dimension-default' xlink:from='loc_SubsequentEventTypeAxis' xlink:to='loc_SubsequentEventTypeDomain' xlink:type='arc' />
</link:definitionLink>
<link:definitionLink xlink:role='http://fasb.org/us-gaap/role/disclosure/SubsequentEventsSubsequentEventTable' xlink:type='extended'>
<link:loc xlink:href='../elts/us-gaap-2011-01-31.xsd#us-gaap_SubsequentEventLineItems' xlink:label='loc_SubsequentEventLineItems' xlink:type='locator' />
<link:loc xlink:href='../elts/us-gaap-2011-01-31.xsd#us-gaap_SubsequentEventDateThroughWhichEvaluated' xlink:label='loc_SubsequentEventDateThroughWhichEvaluated' xlink:type='locator' />
<link:loc xlink:href='../elts/us-gaap-2011-01-31.xsd#us-gaap_SubsequentEventDateEvaluationEnded' xlink:label='loc_SubsequentEventDateEvaluationEnded' xlink:type='locator' />
<link:loc xlink:href='../elts/us-gaap-2011-01-31.xsd#us-gaap_SubsequentEventDateFinancialStatementsIssued' xlink:label='loc_SubsequentEventDateFinancialStatementsIssued' xlink:type='locator' />
<link:loc xlink:href='../elts/us-gaap-2011-01-31.xsd#us-gaap_SubsequentEventDateFinancialStatementsAvailableForIssuance' xlink:label='loc_SubsequentEventDateFinancialStatementsAvailableForIssuance' xlink:type='locator' />
<link:loc xlink:href='../elts/us-gaap-2011-01-31.xsd#us-gaap_SubsequentEventsDate' xlink:label='loc_SubsequentEventsDate' xlink:type='locator' />
<link:loc xlink:href='../elts/us-gaap-2011-01-31.xsd#us-gaap_SubsequentEventDescription' xlink:label='loc_SubsequentEventDescription' xlink:type='locator' />
<link:loc xlink:href='../elts/us-gaap-2011-01-31.xsd#us-gaap_SubsequentEventAmount' xlink:label='loc_SubsequentEventAmount' xlink:type='locator' />
<link:loc xlink:href='../elts/us-gaap-2011-01-31.xsd#us-gaap_SubsequentEventAmountLowerRange' xlink:label='loc_SubsequentEventAmountLowerRange' xlink:type='locator' />
<link:loc xlink:href='../elts/us-gaap-2011-01-31.xsd#us-gaap_SubsequentEventAmountHigherRange' xlink:label='loc_SubsequentEventAmountHigherRange' xlink:type='locator' />
<link:loc xlink:href='../elts/us-gaap-2011-01-31.xsd#us-gaap_SubsequentEventAmountInestimable' xlink:label='loc_SubsequentEventAmountInestimable' xlink:type='locator' />
<link:loc xlink:href='../elts/us-gaap-2011-01-31.xsd#us-gaap_SubsequentEventProFormaImpact' xlink:label='loc_SubsequentEventProFormaImpact' xlink:type='locator' />
<link:definitionArc order='1.0' xlink:arcrole='http://xbrl.org/int/dim/arcrole/domain-member' xlink:from='loc_SubsequentEventLineItems' xlink:to='loc_SubsequentEventDateThroughWhichEvaluated' xlink:type='arc' />
<link:definitionArc order='2.0' xlink:arcrole='http://xbrl.org/int/dim/arcrole/domain-member' xlink:from='loc_SubsequentEventDateThroughWhichEvaluated' xlink:to='loc_SubsequentEventDateEvaluationEnded' xlink:type='arc' />
<link:definitionArc order='3.0' xlink:arcrole='http://xbrl.org/int/dim/arcrole/domain-member' xlink:from='loc_SubsequentEventDateThroughWhichEvaluated' xlink:to='loc_SubsequentEventDateFinancialStatementsIssued' xlink:type='arc' />
<link:definitionArc order='4.0' xlink:arcrole='http://xbrl.org/int/dim/arcrole/domain-member' xlink:from='loc_SubsequentEventDateThroughWhichEvaluated' xlink:to='loc_SubsequentEventDateFinancialStatementsAvailableForIssuance' xlink:type='arc' />
<link:definitionArc order='5.0' xlink:arcrole='http://xbrl.org/int/dim/arcrole/domain-member' xlink:from='loc_SubsequentEventLineItems' xlink:to='loc_SubsequentEventsDate' xlink:type='arc' />
<link:definitionArc order='6.0' xlink:arcrole='http://xbrl.org/int/dim/arcrole/domain-member' xlink:from='loc_SubsequentEventLineItems' xlink:to='loc_SubsequentEventDescription' xlink:type='arc' />
<link:definitionArc order='7.0' xlink:arcrole='http://xbrl.org/int/dim/arcrole/domain-member' xlink:from='loc_SubsequentEventLineItems' xlink:to='loc_SubsequentEventAmount' xlink:type='arc' />
<link:definitionArc order='8.0' xlink:arcrole='http://xbrl.org/int/dim/arcrole/domain-member' xlink:from='loc_SubsequentEventLineItems' xlink:to='loc_SubsequentEventAmountLowerRange' xlink:type='arc' />
<link:definitionArc order='9.0' xlink:arcrole='http://xbrl.org/int/dim/arcrole/domain-member' xlink:from='loc_SubsequentEventLineItems' xlink:to='loc_SubsequentEventAmountHigherRange' xlink:type='arc' />
<link:definitionArc order='10.0' xlink:arcrole='http://xbrl.org/int/dim/arcrole/domain-member' xlink:from='loc_SubsequentEventLineItems' xlink:to='loc_SubsequentEventAmountInestimable' xlink:type='arc' />
<link:definitionArc order='11.0' xlink:arcrole='http://xbrl.org/int/dim/arcrole/domain-member' xlink:from='loc_SubsequentEventLineItems' xlink:to='loc_SubsequentEventProFormaImpact' xlink:type='arc' />
</link:definitionLink>
<link:definitionLink xlink:role='http://fasb.org/us-gaap/role/disclosure/SubsequentEventsSubsequentEventTable' xlink:type='extended'>
<link:loc xlink:href='../elts/us-gaap-2011-01-31.xsd#us-gaap_SubsequentEventTypeDomain' xlink:label='loc_SubsequentEventTypeDomain' xlink:type='locator' />
<link:loc xlink:href='../elts/us-gaap-2011-01-31.xsd#us-gaap_FinancingMember' xlink:label='loc_FinancingMember' xlink:type='locator' />
<link:loc xlink:href='../elts/us-gaap-2011-01-31.xsd#us-gaap_RepaymentOfDebtMember' xlink:label='loc_RepaymentOfDebtMember' xlink:type='locator' />
<link:loc xlink:href='../elts/us-gaap-2011-01-31.xsd#us-gaap_SettlementOfDebtMember' xlink:label='loc_SettlementOfDebtMember' xlink:type='locator' />
<link:loc xlink:href='../elts/us-gaap-2011-01-31.xsd#us-gaap_RefinancingOfDebtMember' xlink:label='loc_RefinancingOfDebtMember' xlink:type='locator' />
<link:loc xlink:href='../elts/us-gaap-2011-01-31.xsd#us-gaap_IssuanceOfDebtMember' xlink:label='loc_IssuanceOfDebtMember' xlink:type='locator' />
<link:loc xlink:href='../elts/us-gaap-2011-01-31.xsd#us-gaap_IssuanceOfEquityMember' xlink:label='loc_IssuanceOfEquityMember' xlink:type='locator' />
<link:loc xlink:href='../elts/us-gaap-2011-01-31.xsd#us-gaap_RepurchaseOfEquityMember' xlink:label='loc_RepurchaseOfEquityMember' xlink:type='locator' />
<link:loc xlink:href='../elts/us-gaap-2011-01-31.xsd#us-gaap_DividendDeclaredMember' xlink:label='loc_DividendDeclaredMember' xlink:type='locator' />
<link:loc xlink:href='../elts/us-gaap-2011-01-31.xsd#us-gaap_DividendPaidMember' xlink:label='loc_DividendPaidMember' xlink:type='locator' />
<link:loc xlink:href='../elts/us-gaap-2011-01-31.xsd#us-gaap_BusinessCombinationMember' xlink:label='loc_BusinessCombinationMember' xlink:type='locator' />
<link:loc xlink:href='../elts/us-gaap-2011-01-31.xsd#us-gaap_AcquisitionMember' xlink:label='loc_AcquisitionMember' xlink:type='locator' />
<link:loc xlink:href='../elts/us-gaap-2011-01-31.xsd#us-gaap_SaleMember' xlink:label='loc_SaleMember' xlink:type='locator' />
<link:loc xlink:href='../elts/us-gaap-2011-01-31.xsd#us-gaap_NaturalDisastersAndOtherCasualtyEventsMember' xlink:label='loc_NaturalDisastersAndOtherCasualtyEventsMember' xlink:type='locator' />
<link:loc xlink:href='../elts/us-gaap-2011-01-31.xsd#us-gaap_BankruptcyOfCustomerMember' xlink:label='loc_BankruptcyOfCustomerMember' xlink:type='locator' />
<link:loc xlink:href='../elts/us-gaap-2011-01-31.xsd#us-gaap_LossOnReceivablesMember' xlink:label='loc_LossOnReceivablesMember' xlink:type='locator' />
<link:loc xlink:href='../elts/us-gaap-2011-01-31.xsd#us-gaap_ProductRecallMember' xlink:label='loc_ProductRecallMember' xlink:type='locator' />
<link:loc xlink:href='../elts/us-gaap-2011-01-31.xsd#us-gaap_PendingOrThreatenedLitigationMember' xlink:label='loc_PendingOrThreatenedLitigationMember' xlink:type='locator' />
<link:loc xlink:href='../elts/us-gaap-2011-01-31.xsd#us-gaap_SettlementOfLitigationMember' xlink:label='loc_SettlementOfLitigationMember' xlink:type='locator' />
<link:loc xlink:href='../elts/us-gaap-2011-01-31.xsd#us-gaap_NewContractMember' xlink:label='loc_NewContractMember' xlink:type='locator' />
<link:loc xlink:href='../elts/us-gaap-2011-01-31.xsd#us-gaap_CancellationOfContractMember' xlink:label='loc_CancellationOfContractMember' xlink:type='locator' />
<link:loc xlink:href='../elts/us-gaap-2011-01-31.xsd#us-gaap_ImpairmentInValueOfAssetMember' xlink:label='loc_ImpairmentInValueOfAssetMember' xlink:type='locator' />
<link:loc xlink:href='../elts/us-gaap-2011-01-31.xsd#us-gaap_ExpropriationOfAssetsMember' xlink:label='loc_ExpropriationOfAssetsMember' xlink:type='locator' />
<link:loc xlink:href='../elts/us-gaap-2011-01-31.xsd#us-gaap_DiscontinuedOperationOrAssetDisposalMember' xlink:label='loc_DiscontinuedOperationOrAssetDisposalMember' xlink:type='locator' />
<link:loc xlink:href='../elts/us-gaap-2011-01-31.xsd#us-gaap_ChangeInTaxStatusMember' xlink:label='loc_ChangeInTaxStatusMember' xlink:type='locator' />
<link:definitionArc order='1.0' xlink:arcrole='http://xbrl.org/int/dim/arcrole/domain-member' xlink:from='loc_SubsequentEventTypeDomain' xlink:to='loc_FinancingMember' xlink:type='arc' />
<link:definitionArc order='2.0' xlink:arcrole='http://xbrl.org/int/dim/arcrole/domain-member' xlink:from='loc_FinancingMember' xlink:to='loc_RepaymentOfDebtMember' xlink:type='arc' />
<link:definitionArc order='3.0' xlink:arcrole='http://xbrl.org/int/dim/arcrole/domain-member' xlink:from='loc_FinancingMember' xlink:to='loc_SettlementOfDebtMember' xlink:type='arc' />
<link:definitionArc order='4.0' xlink:arcrole='http://xbrl.org/int/dim/arcrole/domain-member' xlink:from='loc_FinancingMember' xlink:to='loc_RefinancingOfDebtMember' xlink:type='arc' />
<link:definitionArc order='5.0' xlink:arcrole='http://xbrl.org/int/dim/arcrole/domain-member' xlink:from='loc_FinancingMember' xlink:to='loc_IssuanceOfDebtMember' xlink:type='arc' />
<link:definitionArc order='6.0' xlink:arcrole='http://xbrl.org/int/dim/arcrole/domain-member' xlink:from='loc_FinancingMember' xlink:to='loc_IssuanceOfEquityMember' xlink:type='arc' />
<link:definitionArc order='7.0' xlink:arcrole='http://xbrl.org/int/dim/arcrole/domain-member' xlink:from='loc_FinancingMember' xlink:to='loc_RepurchaseOfEquityMember' xlink:type='arc' />
<link:definitionArc order='8.0' xlink:arcrole='http://xbrl.org/int/dim/arcrole/domain-member' xlink:from='loc_FinancingMember' xlink:to='loc_DividendDeclaredMember' xlink:type='arc' />
<link:definitionArc order='9.0' xlink:arcrole='http://xbrl.org/int/dim/arcrole/domain-member' xlink:from='loc_FinancingMember' xlink:to='loc_DividendPaidMember' xlink:type='arc' />
<link:definitionArc order='10.0' xlink:arcrole='http://xbrl.org/int/dim/arcrole/domain-member' xlink:from='loc_SubsequentEventTypeDomain' xlink:to='loc_BusinessCombinationMember' xlink:type='arc' />
<link:definitionArc order='11.0' xlink:arcrole='http://xbrl.org/int/dim/arcrole/domain-member' xlink:from='loc_BusinessCombinationMember' xlink:to='loc_AcquisitionMember' xlink:type='arc' />
<link:definitionArc order='12.0' xlink:arcrole='http://xbrl.org/int/dim/arcrole/domain-member' xlink:from='loc_BusinessCombinationMember' xlink:to='loc_SaleMember' xlink:type='arc' />
<link:definitionArc order='13.0' xlink:arcrole='http://xbrl.org/int/dim/arcrole/domain-member' xlink:from='loc_SubsequentEventTypeDomain' xlink:to='loc_NaturalDisastersAndOtherCasualtyEventsMember' xlink:type='arc' />
<link:definitionArc order='14.0' xlink:arcrole='http://xbrl.org/int/dim/arcrole/domain-member' xlink:from='loc_SubsequentEventTypeDomain' xlink:to='loc_BankruptcyOfCustomerMember' xlink:type='arc' />
<link:definitionArc order='15.0' xlink:arcrole='http://xbrl.org/int/dim/arcrole/domain-member' xlink:from='loc_SubsequentEventTypeDomain' xlink:to='loc_LossOnReceivablesMember' xlink:type='arc' />
<link:definitionArc order='16.0' xlink:arcrole='http://xbrl.org/int/dim/arcrole/domain-member' xlink:from='loc_SubsequentEventTypeDomain' xlink:to='loc_ProductRecallMember' xlink:type='arc' />
<link:definitionArc order='17.0' xlink:arcrole='http://xbrl.org/int/dim/arcrole/domain-member' xlink:from='loc_SubsequentEventTypeDomain' xlink:to='loc_PendingOrThreatenedLitigationMember' xlink:type='arc' />
<link:definitionArc order='18.0' xlink:arcrole='http://xbrl.org/int/dim/arcrole/domain-member' xlink:from='loc_SubsequentEventTypeDomain' xlink:to='loc_SettlementOfLitigationMember' xlink:type='arc' />
<link:definitionArc order='19.0' xlink:arcrole='http://xbrl.org/int/dim/arcrole/domain-member' xlink:from='loc_SubsequentEventTypeDomain' xlink:to='loc_NewContractMember' xlink:type='arc' />
<link:definitionArc order='20.0' xlink:arcrole='http://xbrl.org/int/dim/arcrole/domain-member' xlink:from='loc_SubsequentEventTypeDomain' xlink:to='loc_CancellationOfContractMember' xlink:type='arc' />
<link:definitionArc order='21.0' xlink:arcrole='http://xbrl.org/int/dim/arcrole/domain-member' xlink:from='loc_SubsequentEventTypeDomain' xlink:to='loc_ImpairmentInValueOfAssetMember' xlink:type='arc' />
<link:definitionArc order='22.0' xlink:arcrole='http://xbrl.org/int/dim/arcrole/domain-member' xlink:from='loc_SubsequentEventTypeDomain' xlink:to='loc_ExpropriationOfAssetsMember' xlink:type='arc' />
<link:definitionArc order='23.0' xlink:arcrole='http://xbrl.org/int/dim/arcrole/domain-member' xlink:from='loc_SubsequentEventTypeDomain' xlink:to='loc_DiscontinuedOperationOrAssetDisposalMember' xlink:type='arc' />
<link:definitionArc order='24.0' xlink:arcrole='http://xbrl.org/int/dim/arcrole/domain-member' xlink:from='loc_SubsequentEventTypeDomain' xlink:to='loc_ChangeInTaxStatusMember' xlink:type='arc' />
</link:definitionLink>
</link:linkbase>
