<?xml version="1.0" encoding="UTF-8" standalone="no"?>

<!--
(c) XBRL US, Inc. 2007-2010; Financial Accounting Foundation, Inc. 2010-2011.  All Rights Reserved.
Notice: Authorized Uses are Set Forth at http://xbrl.fasb.org/terms/TaxonomiesTermsConditions.html
  -->
<link:linkbase xmlns:link='http://www.xbrl.org/2003/linkbase' xmlns:xlink='http://www.w3.org/1999/xlink' xmlns:xsi='http://www.w3.org/2001/XMLSchema-instance' xsi:schemaLocation='http://www.xbrl.org/2003/linkbase http://www.xbrl.org/2003/xbrl-linkbase-2003-12-31.xsd'>
<link:roleRef roleURI='http://fasb.org/us-gaap/role/disclosure/ExitOrDisposalCostObligations' xlink:href='../elts/us-roles-2011-01-31.xsd#edco' xlink:type='simple' />
<presentationLink xlink:role='http://fasb.org/us-gaap/role/disclosure/ExitOrDisposalCostObligations' xlink:type='extended' xmlns='http://www.xbrl.org/2003/linkbase'>
<link:loc xlink:href='../elts/us-gaap-2011-01-31.xsd#us-gaap_RestructuringAndRelatedActivitiesAbstract' xlink:label='loc_RestructuringAndRelatedActivitiesAbstract' xlink:type='locator' />
<link:loc xlink:href='../elts/us-gaap-2011-01-31.xsd#us-gaap_RestructuringAndRelatedActivitiesDisclosureTextBlock' xlink:label='loc_RestructuringAndRelatedActivitiesDisclosureTextBlock' xlink:type='locator' />
<link:loc xlink:href='../elts/us-gaap-2011-01-31.xsd#us-gaap_ScheduleOfRestructuringAndRelatedCostsTextBlock' xlink:label='loc_ScheduleOfRestructuringAndRelatedCostsTextBlock' xlink:type='locator' />
<link:loc xlink:href='../elts/us-gaap-2011-01-31.xsd#us-gaap_ScheduleOfRestructuringAndRelatedCostsTable' xlink:label='loc_ScheduleOfRestructuringAndRelatedCostsTable' xlink:type='locator' />
<link:loc xlink:href='../elts/us-gaap-2011-01-31.xsd#us-gaap_StatementBusinessSegmentsAxis' xlink:label='loc_StatementBusinessSegmentsAxis' xlink:type='locator' />
<link:loc xlink:href='../elts/us-gaap-2011-01-31.xsd#us-gaap_SegmentDomain' xlink:label='loc_SegmentDomain' xlink:type='locator' />
<link:loc xlink:href='../elts/us-gaap-2011-01-31.xsd#us-gaap_BusinessAcquisitionAxis' xlink:label='loc_BusinessAcquisitionAxis' xlink:type='locator' />
<link:loc xlink:href='../elts/us-gaap-2011-01-31.xsd#us-gaap_BusinessAcquisitionAcquireeDomain' xlink:label='loc_BusinessAcquisitionAcquireeDomain' xlink:type='locator' />
<link:loc xlink:href='../elts/us-gaap-2011-01-31.xsd#us-gaap_SeriesOfIndividuallyImmaterialBusinessAcquisitionsMember' xlink:label='loc_SeriesOfIndividuallyImmaterialBusinessAcquisitionsMember' xlink:type='locator' />
<link:loc xlink:href='../elts/us-gaap-2011-01-31.xsd#us-gaap_RestructuringCostAndReserveAxis' xlink:label='loc_RestructuringCostAndReserveAxis' xlink:type='locator' />
<link:loc xlink:href='../elts/us-gaap-2011-01-31.xsd#us-gaap_TypeOfRestructuringDomain' xlink:label='loc_TypeOfRestructuringDomain' xlink:type='locator' />
<link:loc xlink:href='../elts/us-gaap-2011-01-31.xsd#us-gaap_FacilityClosingMember' xlink:label='loc_FacilityClosingMember' xlink:type='locator' />
<link:loc xlink:href='../elts/us-gaap-2011-01-31.xsd#us-gaap_EmployeeSeveranceMember' xlink:label='loc_EmployeeSeveranceMember' xlink:type='locator' />
<link:loc xlink:href='../elts/us-gaap-2011-01-31.xsd#us-gaap_OneTimeTerminationBenefitsMember' xlink:label='loc_OneTimeTerminationBenefitsMember' xlink:type='locator' />
<link:loc xlink:href='../elts/us-gaap-2011-01-31.xsd#us-gaap_SpecialTerminationBenefitsMember' xlink:label='loc_SpecialTerminationBenefitsMember' xlink:type='locator' />
<link:loc xlink:href='../elts/us-gaap-2011-01-31.xsd#us-gaap_EmployeeRelocationMember' xlink:label='loc_EmployeeRelocationMember' xlink:type='locator' />
<link:loc xlink:href='../elts/us-gaap-2011-01-31.xsd#us-gaap_ContractTerminationMember' xlink:label='loc_ContractTerminationMember' xlink:type='locator' />
<link:loc xlink:href='../elts/us-gaap-2011-01-31.xsd#us-gaap_RestructuringCostAndReserveLineItems' xlink:label='loc_RestructuringCostAndReserveLineItems' xlink:type='locator' />
<link:loc xlink:href='../elts/us-gaap-2011-01-31.xsd#us-gaap_RestructuringAndRelatedActivitiesDescription' xlink:label='loc_RestructuringAndRelatedActivitiesDescription' xlink:type='locator' />
<link:loc xlink:href='../elts/us-gaap-2011-01-31.xsd#us-gaap_RestructuringAndRelatedActivitiesInitiationDate' xlink:label='loc_RestructuringAndRelatedActivitiesInitiationDate' xlink:type='locator' />
<link:loc xlink:href='../elts/us-gaap-2011-01-31.xsd#us-gaap_RestructuringAndRelatedActivitiesAuthorizedApproval' xlink:label='loc_RestructuringAndRelatedActivitiesAuthorizedApproval' xlink:type='locator' />
<link:loc xlink:href='../elts/us-gaap-2011-01-31.xsd#us-gaap_RestructuringAndRelatedActivitiesCompletionDate' xlink:label='loc_RestructuringAndRelatedActivitiesCompletionDate' xlink:type='locator' />
<link:loc xlink:href='../elts/us-gaap-2011-01-31.xsd#us-gaap_BusinessAcquisitionPlannedRestructuringActivitiesDescription' xlink:label='loc_BusinessAcquisitionPlannedRestructuringActivitiesDescription' xlink:type='locator' />
<link:loc xlink:href='../elts/us-gaap-2011-01-31.xsd#us-gaap_BusinessAcquisitionCostOfAcquiredEntityPlannedRestructuringActivities' xlink:label='loc_BusinessAcquisitionCostOfAcquiredEntityPlannedRestructuringActivities' xlink:type='locator' />
<link:loc xlink:href='../elts/us-gaap-2011-01-31.xsd#us-gaap_RestructuringAndRelatedCostLineItems' xlink:label='loc_RestructuringAndRelatedCostLineItems' xlink:type='locator' />
<link:loc xlink:href='../elts/us-gaap-2011-01-31.xsd#us-gaap_RestructuringAndRelatedCostDescription' xlink:label='loc_RestructuringAndRelatedCostDescription' xlink:type='locator' />
<link:loc xlink:href='../elts/us-gaap-2011-01-31.xsd#us-gaap_RestructuringAndRelatedCostExpectedCost' xlink:label='loc_RestructuringAndRelatedCostExpectedCost' xlink:type='locator' />
<link:loc xlink:href='../elts/us-gaap-2011-01-31.xsd#us-gaap_RestructuringAndRelatedCostIncurredCost' xlink:label='loc_RestructuringAndRelatedCostIncurredCost' xlink:type='locator' />
<link:loc xlink:href='../elts/us-gaap-2011-01-31.xsd#us-gaap_RestructuringAndRelatedCostCostIncurredToDate' xlink:label='loc_RestructuringAndRelatedCostCostIncurredToDate' xlink:type='locator' />
<link:loc xlink:href='../elts/us-gaap-2011-01-31.xsd#us-gaap_RestructuringChargesAbstract' xlink:label='loc_RestructuringChargesAbstract' xlink:type='locator' />
<link:loc xlink:href='../elts/us-gaap-2011-01-31.xsd#us-gaap_BusinessExitCosts' xlink:label='loc_BusinessExitCosts' xlink:type='locator' />
<link:loc xlink:href='../elts/us-gaap-2011-01-31.xsd#us-gaap_RecapitalizationCosts' xlink:label='loc_RecapitalizationCosts' xlink:type='locator' />
<link:loc xlink:href='../elts/us-gaap-2011-01-31.xsd#us-gaap_SeveranceCosts' xlink:label='loc_SeveranceCosts' xlink:type='locator' />
<link:loc xlink:href='../elts/us-gaap-2011-01-31.xsd#us-gaap_OtherRestructuringCosts' xlink:label='loc_OtherRestructuringCosts' xlink:type='locator' />
<link:loc xlink:href='../elts/us-gaap-2011-01-31.xsd#us-gaap_RestructuringCharges' xlink:label='loc_RestructuringCharges' xlink:type='locator' />
<link:loc xlink:href='../elts/us-gaap-2011-01-31.xsd#us-gaap_RestructuringAndRelatedCostCaptionThatIncludesRestructuringCharges' xlink:label='loc_RestructuringAndRelatedCostCaptionThatIncludesRestructuringCharges' xlink:type='locator' />
<link:loc xlink:href='../elts/us-gaap-2011-01-31.xsd#us-gaap_RestructuringAndRelatedCostPositionsEliminatedAbstract' xlink:label='loc_RestructuringAndRelatedCostPositionsEliminatedAbstract' xlink:type='locator' />
<link:loc xlink:href='../elts/us-gaap-2011-01-31.xsd#us-gaap_RestructuringAndRelatedCostNumberOfPositionsEliminated' xlink:label='loc_RestructuringAndRelatedCostNumberOfPositionsEliminated' xlink:type='locator' />
<link:loc xlink:href='../elts/us-gaap-2011-01-31.xsd#us-gaap_RestructuringAndRelatedCostNumberOfPositionsEliminatedPeriodPercent' xlink:label='loc_RestructuringAndRelatedCostNumberOfPositionsEliminatedPeriodPercent' xlink:type='locator' />
<link:loc xlink:href='../elts/us-gaap-2011-01-31.xsd#us-gaap_RestructuringAndRelatedCostNumberOfPositionsEliminatedInceptionToDate' xlink:label='loc_RestructuringAndRelatedCostNumberOfPositionsEliminatedInceptionToDate' xlink:type='locator' />
<link:loc xlink:href='../elts/us-gaap-2011-01-31.xsd#us-gaap_RestructuringAndRelatedCostNumberOfPositionsEliminatedInceptionToDatePercent' xlink:label='loc_RestructuringAndRelatedCostNumberOfPositionsEliminatedInceptionToDatePercent' xlink:type='locator' />
<link:loc xlink:href='../elts/us-gaap-2011-01-31.xsd#us-gaap_RestructuringAndRelatedCostExpectedNumberOfPositionsEliminated' xlink:label='loc_RestructuringAndRelatedCostExpectedNumberOfPositionsEliminated' xlink:type='locator' />
<link:loc xlink:href='../elts/us-gaap-2011-01-31.xsd#us-gaap_RestructuringReserveLineItems' xlink:label='loc_RestructuringReserveLineItems' xlink:type='locator' />
<link:loc xlink:href='../elts/us-gaap-2011-01-31.xsd#us-gaap_RestructuringReserveAbstract' xlink:label='loc_RestructuringReserveAbstract' xlink:type='locator' />
<link:loc xlink:href='../elts/us-gaap-2011-01-31.xsd#us-gaap_RestructuringReserveCurrent' xlink:label='loc_RestructuringReserveCurrent' xlink:type='locator' />
<link:loc xlink:href='../elts/us-gaap-2011-01-31.xsd#us-gaap_RestructuringReserveNoncurrent' xlink:label='loc_RestructuringReserveNoncurrent' xlink:type='locator' />
<link:loc xlink:href='../elts/us-gaap-2011-01-31.xsd#us-gaap_RestructuringReserve' xlink:label='loc_RestructuringReserve_1' xlink:type='locator' />
<link:loc xlink:href='../elts/us-gaap-2011-01-31.xsd#us-gaap_RestructuringReserve' xlink:label='loc_RestructuringReserve' xlink:type='locator' />
<link:loc xlink:href='../elts/us-gaap-2011-01-31.xsd#us-gaap_RestructuringReserveRollForward' xlink:label='loc_RestructuringReserveRollForward' xlink:type='locator' />
<link:loc xlink:href='../elts/us-gaap-2011-01-31.xsd#us-gaap_RestructuringReservePeriodExpense' xlink:label='loc_RestructuringReservePeriodExpense' xlink:type='locator' />
<link:loc xlink:href='../elts/us-gaap-2011-01-31.xsd#us-gaap_RestructuringReserveSettledWithoutCash' xlink:label='loc_RestructuringReserveSettledWithoutCash' xlink:type='locator' />
<link:loc xlink:href='../elts/us-gaap-2011-01-31.xsd#us-gaap_RestructuringReserveSettledWithCash' xlink:label='loc_RestructuringReserveSettledWithCash' xlink:type='locator' />
<link:loc xlink:href='../elts/us-gaap-2011-01-31.xsd#us-gaap_RestructuringReserveTranslationAdjustment' xlink:label='loc_RestructuringReserveTranslationAdjustment' xlink:type='locator' />
<link:loc xlink:href='../elts/us-gaap-2011-01-31.xsd#us-gaap_RestructuringReserveAccrualAdjustment' xlink:label='loc_RestructuringReserveAccrualAdjustment' xlink:type='locator' />
<link:loc xlink:href='../elts/us-gaap-2011-01-31.xsd#us-gaap_RestructuringReservePeriodIncreaseDecrease' xlink:label='loc_RestructuringReservePeriodIncreaseDecrease' xlink:type='locator' />
<link:loc xlink:href='../elts/us-gaap-2011-01-31.xsd#us-gaap_RestructuringReserveTranslationAndOtherAdjustment' xlink:label='loc_RestructuringReserveTranslationAndOtherAdjustment' xlink:type='locator' />
<link:loc xlink:href='../elts/us-gaap-2011-01-31.xsd#us-gaap_RestructuringReserveAdjustmentDescription' xlink:label='loc_RestructuringReserveAdjustmentDescription' xlink:type='locator' />
<link:loc xlink:href='../elts/us-gaap-2011-01-31.xsd#us-gaap_RestructuringAndRelatedActivitiesLiabilityNotRecognized' xlink:label='loc_RestructuringAndRelatedActivitiesLiabilityNotRecognized' xlink:type='locator' />
<link:loc xlink:href='../elts/us-gaap-2011-01-31.xsd#us-gaap_ScheduleOfEffectsOnFutureEarningsAndCashFlowsResultingFromExitPlanTextBlock' xlink:label='loc_ScheduleOfEffectsOnFutureEarningsAndCashFlowsResultingFromExitPlanTextBlock' xlink:type='locator' />
<link:loc xlink:href='../elts/us-gaap-2011-01-31.xsd#us-gaap_ScheduleOfEffectsOnFutureEarningsAndCashFlowsResultingFromExitPlanTable' xlink:label='loc_ScheduleOfEffectsOnFutureEarningsAndCashFlowsResultingFromExitPlanTable' xlink:type='locator' />
<link:loc xlink:href='../elts/us-gaap-2011-01-31.xsd#us-gaap_EffectsOnFutureEarningsAndCashFlowsResultingFromExitPlanAxis' xlink:label='loc_EffectsOnFutureEarningsAndCashFlowsResultingFromExitPlanAxis' xlink:type='locator' />
<link:loc xlink:href='../elts/us-gaap-2011-01-31.xsd#us-gaap_EffectsOnFutureEarningsAndCashFlowsByTypeOfEffectDomain' xlink:label='loc_EffectsOnFutureEarningsAndCashFlowsByTypeOfEffectDomain' xlink:type='locator' />
<link:loc xlink:href='../elts/us-gaap-2011-01-31.xsd#us-gaap_ReducedDepreciationMember' xlink:label='loc_ReducedDepreciationMember' xlink:type='locator' />
<link:loc xlink:href='../elts/us-gaap-2011-01-31.xsd#us-gaap_ReducedEmployeeExpensesMember' xlink:label='loc_ReducedEmployeeExpensesMember' xlink:type='locator' />
<link:loc xlink:href='../elts/us-gaap-2011-01-31.xsd#us-gaap_EffectsOnFutureEarningsAndCashFlowsResultingFromExitPlanLineItems' xlink:label='loc_EffectsOnFutureEarningsAndCashFlowsResultingFromExitPlanLineItems' xlink:type='locator' />
<link:loc xlink:href='../elts/us-gaap-2011-01-31.xsd#us-gaap_EffectOnFutureCashFlowsAmount' xlink:label='loc_EffectOnFutureCashFlowsAmount' xlink:type='locator' />
<link:loc xlink:href='../elts/us-gaap-2011-01-31.xsd#us-gaap_EffectOnFutureEarningsAmount' xlink:label='loc_EffectOnFutureEarningsAmount' xlink:type='locator' />
<link:loc xlink:href='../elts/us-gaap-2011-01-31.xsd#us-gaap_InitialPeriodInWhichEffectsAreExpectedToBeRealized' xlink:label='loc_InitialPeriodInWhichEffectsAreExpectedToBeRealized' xlink:type='locator' />
<link:loc xlink:href='../elts/us-gaap-2011-01-31.xsd#us-gaap_EffectOnFutureEarningsOffsetAmount' xlink:label='loc_EffectOnFutureEarningsOffsetAmount' xlink:type='locator' />
<link:loc xlink:href='../elts/us-gaap-2011-01-31.xsd#us-gaap_EffectOnFutureEarningsAndCashFlowsOffsetDescription' xlink:label='loc_EffectOnFutureEarningsAndCashFlowsOffsetDescription' xlink:type='locator' />
<link:loc xlink:href='../elts/us-gaap-2011-01-31.xsd#us-gaap_EffectOnFutureEarningsAndCashFlowsIncomeStatementLineItemImpacted' xlink:label='loc_EffectOnFutureEarningsAndCashFlowsIncomeStatementLineItemImpacted' xlink:type='locator' />
<link:loc xlink:href='../elts/us-gaap-2011-01-31.xsd#us-gaap_ActualSavingsAnticipatedByPreviousExitPlanNotAchievedAsExpectedOutcomeAndReasons' xlink:label='loc_ActualSavingsAnticipatedByPreviousExitPlanNotAchievedAsExpectedOutcomeAndReasons' xlink:type='locator' />
<link:loc xlink:href='../elts/us-gaap-2011-01-31.xsd#us-gaap_DisclosureTextBlockSupplementAbstract' xlink:label='loc_DisclosureTextBlockSupplementAbstract' xlink:type='locator' />
<link:loc xlink:href='../elts/us-gaap-2011-01-31.xsd#us-gaap_RestructuringImpairmentAndOtherActivitiesDisclosureTextBlock' xlink:label='loc_RestructuringImpairmentAndOtherActivitiesDisclosureTextBlock' xlink:type='locator' />
<link:loc xlink:href='../elts/us-gaap-2011-01-31.xsd#us-gaap_TableTextBlockSupplementAbstract' xlink:label='loc_TableTextBlockSupplementAbstract' xlink:type='locator' />
<link:loc xlink:href='../elts/us-gaap-2011-01-31.xsd#us-gaap_ScheduleOfRestructuringReserveByTypeOfCostTextBlock' xlink:label='loc_ScheduleOfRestructuringReserveByTypeOfCostTextBlock' xlink:type='locator' />
<presentationArc order='10' xlink:arcrole='http://www.xbrl.org/2003/arcrole/parent-child' xlink:from='loc_RestructuringAndRelatedActivitiesAbstract' xlink:to='loc_RestructuringAndRelatedActivitiesDisclosureTextBlock' xlink:type='arc' />
<presentationArc order='10' xlink:arcrole='http://www.xbrl.org/2003/arcrole/parent-child' xlink:from='loc_RestructuringAndRelatedActivitiesDisclosureTextBlock' xlink:to='loc_ScheduleOfRestructuringAndRelatedCostsTextBlock' xlink:type='arc' />
<presentationArc order='10' xlink:arcrole='http://www.xbrl.org/2003/arcrole/parent-child' xlink:from='loc_ScheduleOfRestructuringAndRelatedCostsTextBlock' xlink:to='loc_ScheduleOfRestructuringAndRelatedCostsTable' xlink:type='arc' />
<presentationArc order='10' xlink:arcrole='http://www.xbrl.org/2003/arcrole/parent-child' xlink:from='loc_ScheduleOfRestructuringAndRelatedCostsTable' xlink:to='loc_StatementBusinessSegmentsAxis' xlink:type='arc' />
<presentationArc order='10' xlink:arcrole='http://www.xbrl.org/2003/arcrole/parent-child' xlink:from='loc_StatementBusinessSegmentsAxis' xlink:to='loc_SegmentDomain' xlink:type='arc' />
<presentationArc order='20' xlink:arcrole='http://www.xbrl.org/2003/arcrole/parent-child' xlink:from='loc_ScheduleOfRestructuringAndRelatedCostsTable' xlink:to='loc_BusinessAcquisitionAxis' xlink:type='arc' />
<presentationArc order='10' xlink:arcrole='http://www.xbrl.org/2003/arcrole/parent-child' xlink:from='loc_BusinessAcquisitionAxis' xlink:to='loc_BusinessAcquisitionAcquireeDomain' xlink:type='arc' />
<presentationArc order='10' xlink:arcrole='http://www.xbrl.org/2003/arcrole/parent-child' xlink:from='loc_BusinessAcquisitionAcquireeDomain' xlink:to='loc_SeriesOfIndividuallyImmaterialBusinessAcquisitionsMember' xlink:type='arc' />
<presentationArc order='30' xlink:arcrole='http://www.xbrl.org/2003/arcrole/parent-child' xlink:from='loc_ScheduleOfRestructuringAndRelatedCostsTable' xlink:to='loc_RestructuringCostAndReserveAxis' xlink:type='arc' />
<presentationArc order='10' xlink:arcrole='http://www.xbrl.org/2003/arcrole/parent-child' xlink:from='loc_RestructuringCostAndReserveAxis' xlink:to='loc_TypeOfRestructuringDomain' xlink:type='arc' />
<presentationArc order='10' xlink:arcrole='http://www.xbrl.org/2003/arcrole/parent-child' xlink:from='loc_TypeOfRestructuringDomain' xlink:to='loc_FacilityClosingMember' xlink:type='arc' />
<presentationArc order='20' xlink:arcrole='http://www.xbrl.org/2003/arcrole/parent-child' xlink:from='loc_TypeOfRestructuringDomain' xlink:to='loc_EmployeeSeveranceMember' xlink:type='arc' />
<presentationArc order='30' xlink:arcrole='http://www.xbrl.org/2003/arcrole/parent-child' xlink:from='loc_TypeOfRestructuringDomain' xlink:to='loc_OneTimeTerminationBenefitsMember' xlink:type='arc' />
<presentationArc order='40' xlink:arcrole='http://www.xbrl.org/2003/arcrole/parent-child' xlink:from='loc_TypeOfRestructuringDomain' xlink:to='loc_SpecialTerminationBenefitsMember' xlink:type='arc' />
<presentationArc order='50' xlink:arcrole='http://www.xbrl.org/2003/arcrole/parent-child' xlink:from='loc_TypeOfRestructuringDomain' xlink:to='loc_EmployeeRelocationMember' xlink:type='arc' />
<presentationArc order='60' xlink:arcrole='http://www.xbrl.org/2003/arcrole/parent-child' xlink:from='loc_TypeOfRestructuringDomain' xlink:to='loc_ContractTerminationMember' xlink:type='arc' />
<presentationArc order='40' xlink:arcrole='http://www.xbrl.org/2003/arcrole/parent-child' xlink:from='loc_ScheduleOfRestructuringAndRelatedCostsTable' xlink:to='loc_RestructuringCostAndReserveLineItems' xlink:type='arc' />
<presentationArc order='10' xlink:arcrole='http://www.xbrl.org/2003/arcrole/parent-child' xlink:from='loc_RestructuringCostAndReserveLineItems' xlink:to='loc_RestructuringAndRelatedActivitiesDescription' xlink:type='arc' />
<presentationArc order='20' xlink:arcrole='http://www.xbrl.org/2003/arcrole/parent-child' xlink:from='loc_RestructuringCostAndReserveLineItems' xlink:to='loc_RestructuringAndRelatedActivitiesInitiationDate' xlink:type='arc' />
<presentationArc order='30' xlink:arcrole='http://www.xbrl.org/2003/arcrole/parent-child' xlink:from='loc_RestructuringCostAndReserveLineItems' xlink:to='loc_RestructuringAndRelatedActivitiesAuthorizedApproval' xlink:type='arc' />
<presentationArc order='40' xlink:arcrole='http://www.xbrl.org/2003/arcrole/parent-child' xlink:from='loc_RestructuringCostAndReserveLineItems' xlink:to='loc_RestructuringAndRelatedActivitiesCompletionDate' xlink:type='arc' />
<presentationArc order='50' xlink:arcrole='http://www.xbrl.org/2003/arcrole/parent-child' xlink:from='loc_RestructuringCostAndReserveLineItems' xlink:to='loc_BusinessAcquisitionPlannedRestructuringActivitiesDescription' xlink:type='arc' />
<presentationArc order='60' xlink:arcrole='http://www.xbrl.org/2003/arcrole/parent-child' xlink:from='loc_RestructuringCostAndReserveLineItems' xlink:to='loc_BusinessAcquisitionCostOfAcquiredEntityPlannedRestructuringActivities' xlink:type='arc' />
<presentationArc order='70' xlink:arcrole='http://www.xbrl.org/2003/arcrole/parent-child' xlink:from='loc_RestructuringCostAndReserveLineItems' xlink:to='loc_RestructuringAndRelatedCostLineItems' xlink:type='arc' />
<presentationArc order='10' xlink:arcrole='http://www.xbrl.org/2003/arcrole/parent-child' xlink:from='loc_RestructuringAndRelatedCostLineItems' xlink:to='loc_RestructuringAndRelatedCostDescription' xlink:type='arc' />
<presentationArc order='20' xlink:arcrole='http://www.xbrl.org/2003/arcrole/parent-child' xlink:from='loc_RestructuringAndRelatedCostLineItems' xlink:to='loc_RestructuringAndRelatedCostExpectedCost' xlink:type='arc' />
<presentationArc order='30' xlink:arcrole='http://www.xbrl.org/2003/arcrole/parent-child' xlink:from='loc_RestructuringAndRelatedCostLineItems' xlink:to='loc_RestructuringAndRelatedCostIncurredCost' xlink:type='arc' />
<presentationArc order='40' xlink:arcrole='http://www.xbrl.org/2003/arcrole/parent-child' xlink:from='loc_RestructuringAndRelatedCostLineItems' xlink:to='loc_RestructuringAndRelatedCostCostIncurredToDate' xlink:type='arc' />
<presentationArc order='50' xlink:arcrole='http://www.xbrl.org/2003/arcrole/parent-child' xlink:from='loc_RestructuringAndRelatedCostLineItems' xlink:to='loc_RestructuringChargesAbstract' xlink:type='arc' />
<presentationArc order='10' xlink:arcrole='http://www.xbrl.org/2003/arcrole/parent-child' xlink:from='loc_RestructuringChargesAbstract' xlink:to='loc_BusinessExitCosts' xlink:type='arc' />
<presentationArc order='20' xlink:arcrole='http://www.xbrl.org/2003/arcrole/parent-child' xlink:from='loc_RestructuringChargesAbstract' xlink:to='loc_RecapitalizationCosts' xlink:type='arc' />
<presentationArc order='30' xlink:arcrole='http://www.xbrl.org/2003/arcrole/parent-child' xlink:from='loc_RestructuringChargesAbstract' xlink:to='loc_SeveranceCosts' xlink:type='arc' />
<presentationArc order='40' xlink:arcrole='http://www.xbrl.org/2003/arcrole/parent-child' xlink:from='loc_RestructuringChargesAbstract' xlink:to='loc_OtherRestructuringCosts' xlink:type='arc' />
<presentationArc order='50' preferredLabel='http://www.xbrl.org/2003/role/totalLabel' xlink:arcrole='http://www.xbrl.org/2003/arcrole/parent-child' xlink:from='loc_RestructuringChargesAbstract' xlink:to='loc_RestructuringCharges' xlink:type='arc' />
<presentationArc order='60' xlink:arcrole='http://www.xbrl.org/2003/arcrole/parent-child' xlink:from='loc_RestructuringAndRelatedCostLineItems' xlink:to='loc_RestructuringAndRelatedCostCaptionThatIncludesRestructuringCharges' xlink:type='arc' />
<presentationArc order='70' xlink:arcrole='http://www.xbrl.org/2003/arcrole/parent-child' xlink:from='loc_RestructuringAndRelatedCostLineItems' xlink:to='loc_RestructuringAndRelatedCostPositionsEliminatedAbstract' xlink:type='arc' />
<presentationArc order='10' xlink:arcrole='http://www.xbrl.org/2003/arcrole/parent-child' xlink:from='loc_RestructuringAndRelatedCostPositionsEliminatedAbstract' xlink:to='loc_RestructuringAndRelatedCostNumberOfPositionsEliminated' xlink:type='arc' />
<presentationArc order='10' xlink:arcrole='http://www.xbrl.org/2003/arcrole/parent-child' xlink:from='loc_RestructuringAndRelatedCostNumberOfPositionsEliminated' xlink:to='loc_RestructuringAndRelatedCostNumberOfPositionsEliminatedPeriodPercent' xlink:type='arc' />
<presentationArc order='20' xlink:arcrole='http://www.xbrl.org/2003/arcrole/parent-child' xlink:from='loc_RestructuringAndRelatedCostPositionsEliminatedAbstract' xlink:to='loc_RestructuringAndRelatedCostNumberOfPositionsEliminatedInceptionToDate' xlink:type='arc' />
<presentationArc order='10' xlink:arcrole='http://www.xbrl.org/2003/arcrole/parent-child' xlink:from='loc_RestructuringAndRelatedCostNumberOfPositionsEliminatedInceptionToDate' xlink:to='loc_RestructuringAndRelatedCostNumberOfPositionsEliminatedInceptionToDatePercent' xlink:type='arc' />
<presentationArc order='30' xlink:arcrole='http://www.xbrl.org/2003/arcrole/parent-child' xlink:from='loc_RestructuringAndRelatedCostPositionsEliminatedAbstract' xlink:to='loc_RestructuringAndRelatedCostExpectedNumberOfPositionsEliminated' xlink:type='arc' />
<presentationArc order='80' xlink:arcrole='http://www.xbrl.org/2003/arcrole/parent-child' xlink:from='loc_RestructuringCostAndReserveLineItems' xlink:to='loc_RestructuringReserveLineItems' xlink:type='arc' />
<presentationArc order='10' xlink:arcrole='http://www.xbrl.org/2003/arcrole/parent-child' xlink:from='loc_RestructuringReserveLineItems' xlink:to='loc_RestructuringReserveAbstract' xlink:type='arc' />
<presentationArc order='10' xlink:arcrole='http://www.xbrl.org/2003/arcrole/parent-child' xlink:from='loc_RestructuringReserveAbstract' xlink:to='loc_RestructuringReserveCurrent' xlink:type='arc' />
<presentationArc order='20' xlink:arcrole='http://www.xbrl.org/2003/arcrole/parent-child' xlink:from='loc_RestructuringReserveAbstract' xlink:to='loc_RestructuringReserveNoncurrent' xlink:type='arc' />
<presentationArc order='30' preferredLabel='http://www.xbrl.org/2003/role/totalLabel' xlink:arcrole='http://www.xbrl.org/2003/arcrole/parent-child' xlink:from='loc_RestructuringReserveAbstract' xlink:to='loc_RestructuringReserve' xlink:type='arc' />
<presentationArc order='20' xlink:arcrole='http://www.xbrl.org/2003/arcrole/parent-child' xlink:from='loc_RestructuringReserveLineItems' xlink:to='loc_RestructuringReserveRollForward' xlink:type='arc' />
<presentationArc order='10' preferredLabel='http://www.xbrl.org/2003/role/periodStartLabel' xlink:arcrole='http://www.xbrl.org/2003/arcrole/parent-child' xlink:from='loc_RestructuringReserveRollForward' xlink:to='loc_RestructuringReserve' xlink:type='arc' />
<presentationArc order='20' xlink:arcrole='http://www.xbrl.org/2003/arcrole/parent-child' xlink:from='loc_RestructuringReserveRollForward' xlink:to='loc_RestructuringReservePeriodExpense' xlink:type='arc' />
<presentationArc order='30' xlink:arcrole='http://www.xbrl.org/2003/arcrole/parent-child' xlink:from='loc_RestructuringReserveRollForward' xlink:to='loc_RestructuringReserveSettledWithoutCash' xlink:type='arc' />
<presentationArc order='40' xlink:arcrole='http://www.xbrl.org/2003/arcrole/parent-child' xlink:from='loc_RestructuringReserveRollForward' xlink:to='loc_RestructuringReserveSettledWithCash' xlink:type='arc' />
<presentationArc order='50' xlink:arcrole='http://www.xbrl.org/2003/arcrole/parent-child' xlink:from='loc_RestructuringReserveRollForward' xlink:to='loc_RestructuringReserveTranslationAdjustment' xlink:type='arc' />
<presentationArc order='60' xlink:arcrole='http://www.xbrl.org/2003/arcrole/parent-child' xlink:from='loc_RestructuringReserveRollForward' xlink:to='loc_RestructuringReserveAccrualAdjustment' xlink:type='arc' />
<presentationArc order='70' preferredLabel='http://www.xbrl.org/2003/role/totalLabel' xlink:arcrole='http://www.xbrl.org/2003/arcrole/parent-child' xlink:from='loc_RestructuringReserveRollForward' xlink:to='loc_RestructuringReservePeriodIncreaseDecrease' xlink:type='arc' />
<presentationArc order='80' preferredLabel='http://www.xbrl.org/2003/role/periodEndLabel' xlink:arcrole='http://www.xbrl.org/2003/arcrole/parent-child' xlink:from='loc_RestructuringReserveRollForward' xlink:to='loc_RestructuringReserve_1' xlink:type='arc' />
<presentationArc order='30' xlink:arcrole='http://www.xbrl.org/2003/arcrole/parent-child' xlink:from='loc_RestructuringReserveLineItems' xlink:to='loc_RestructuringReserveTranslationAndOtherAdjustment' xlink:type='arc' />
<presentationArc order='40' xlink:arcrole='http://www.xbrl.org/2003/arcrole/parent-child' xlink:from='loc_RestructuringReserveLineItems' xlink:to='loc_RestructuringReserveAdjustmentDescription' xlink:type='arc' />
<presentationArc order='50' xlink:arcrole='http://www.xbrl.org/2003/arcrole/parent-child' xlink:from='loc_RestructuringReserveLineItems' xlink:to='loc_RestructuringAndRelatedActivitiesLiabilityNotRecognized' xlink:type='arc' />
<presentationArc order='20' xlink:arcrole='http://www.xbrl.org/2003/arcrole/parent-child' xlink:from='loc_RestructuringAndRelatedActivitiesDisclosureTextBlock' xlink:to='loc_ScheduleOfEffectsOnFutureEarningsAndCashFlowsResultingFromExitPlanTextBlock' xlink:type='arc' />
<presentationArc order='10' xlink:arcrole='http://www.xbrl.org/2003/arcrole/parent-child' xlink:from='loc_ScheduleOfEffectsOnFutureEarningsAndCashFlowsResultingFromExitPlanTextBlock' xlink:to='loc_ScheduleOfEffectsOnFutureEarningsAndCashFlowsResultingFromExitPlanTable' xlink:type='arc' />
<presentationArc order='10' xlink:arcrole='http://www.xbrl.org/2003/arcrole/parent-child' xlink:from='loc_ScheduleOfEffectsOnFutureEarningsAndCashFlowsResultingFromExitPlanTable' xlink:to='loc_EffectsOnFutureEarningsAndCashFlowsResultingFromExitPlanAxis' xlink:type='arc' />
<presentationArc order='10' xlink:arcrole='http://www.xbrl.org/2003/arcrole/parent-child' xlink:from='loc_EffectsOnFutureEarningsAndCashFlowsResultingFromExitPlanAxis' xlink:to='loc_EffectsOnFutureEarningsAndCashFlowsByTypeOfEffectDomain' xlink:type='arc' />
<presentationArc order='10' xlink:arcrole='http://www.xbrl.org/2003/arcrole/parent-child' xlink:from='loc_EffectsOnFutureEarningsAndCashFlowsByTypeOfEffectDomain' xlink:to='loc_ReducedDepreciationMember' xlink:type='arc' />
<presentationArc order='20' xlink:arcrole='http://www.xbrl.org/2003/arcrole/parent-child' xlink:from='loc_EffectsOnFutureEarningsAndCashFlowsByTypeOfEffectDomain' xlink:to='loc_ReducedEmployeeExpensesMember' xlink:type='arc' />
<presentationArc order='20' xlink:arcrole='http://www.xbrl.org/2003/arcrole/parent-child' xlink:from='loc_ScheduleOfEffectsOnFutureEarningsAndCashFlowsResultingFromExitPlanTable' xlink:to='loc_EffectsOnFutureEarningsAndCashFlowsResultingFromExitPlanLineItems' xlink:type='arc' />
<presentationArc order='10' xlink:arcrole='http://www.xbrl.org/2003/arcrole/parent-child' xlink:from='loc_EffectsOnFutureEarningsAndCashFlowsResultingFromExitPlanLineItems' xlink:to='loc_EffectOnFutureCashFlowsAmount' xlink:type='arc' />
<presentationArc order='20' xlink:arcrole='http://www.xbrl.org/2003/arcrole/parent-child' xlink:from='loc_EffectsOnFutureEarningsAndCashFlowsResultingFromExitPlanLineItems' xlink:to='loc_EffectOnFutureEarningsAmount' xlink:type='arc' />
<presentationArc order='30' xlink:arcrole='http://www.xbrl.org/2003/arcrole/parent-child' xlink:from='loc_EffectsOnFutureEarningsAndCashFlowsResultingFromExitPlanLineItems' xlink:to='loc_InitialPeriodInWhichEffectsAreExpectedToBeRealized' xlink:type='arc' />
<presentationArc order='40' xlink:arcrole='http://www.xbrl.org/2003/arcrole/parent-child' xlink:from='loc_EffectsOnFutureEarningsAndCashFlowsResultingFromExitPlanLineItems' xlink:to='loc_EffectOnFutureEarningsOffsetAmount' xlink:type='arc' />
<presentationArc order='50' xlink:arcrole='http://www.xbrl.org/2003/arcrole/parent-child' xlink:from='loc_EffectsOnFutureEarningsAndCashFlowsResultingFromExitPlanLineItems' xlink:to='loc_EffectOnFutureEarningsAndCashFlowsOffsetDescription' xlink:type='arc' />
<presentationArc order='60' xlink:arcrole='http://www.xbrl.org/2003/arcrole/parent-child' xlink:from='loc_EffectsOnFutureEarningsAndCashFlowsResultingFromExitPlanLineItems' xlink:to='loc_EffectOnFutureEarningsAndCashFlowsIncomeStatementLineItemImpacted' xlink:type='arc' />
<presentationArc order='20' xlink:arcrole='http://www.xbrl.org/2003/arcrole/parent-child' xlink:from='loc_ScheduleOfEffectsOnFutureEarningsAndCashFlowsResultingFromExitPlanTextBlock' xlink:to='loc_ActualSavingsAnticipatedByPreviousExitPlanNotAchievedAsExpectedOutcomeAndReasons' xlink:type='arc' />
<presentationArc order='20' xlink:arcrole='http://www.xbrl.org/2003/arcrole/parent-child' xlink:from='loc_RestructuringAndRelatedActivitiesAbstract' xlink:to='loc_DisclosureTextBlockSupplementAbstract' xlink:type='arc' />
<presentationArc order='10' xlink:arcrole='http://www.xbrl.org/2003/arcrole/parent-child' xlink:from='loc_DisclosureTextBlockSupplementAbstract' xlink:to='loc_RestructuringImpairmentAndOtherActivitiesDisclosureTextBlock' xlink:type='arc' />
<presentationArc order='30' xlink:arcrole='http://www.xbrl.org/2003/arcrole/parent-child' xlink:from='loc_RestructuringAndRelatedActivitiesAbstract' xlink:to='loc_TableTextBlockSupplementAbstract' xlink:type='arc' />
<presentationArc order='10' xlink:arcrole='http://www.xbrl.org/2003/arcrole/parent-child' xlink:from='loc_TableTextBlockSupplementAbstract' xlink:to='loc_ScheduleOfRestructuringReserveByTypeOfCostTextBlock' xlink:type='arc' />
</presentationLink>
</link:linkbase>
