<?xml version="1.0" encoding="UTF-8" standalone="no"?>

<!--
(c) XBRL US, Inc. 2007-2010; Financial Accounting Foundation, Inc. 2010-2011.  All Rights Reserved.
Notice: Authorized Uses are Set Forth at http://xbrl.fasb.org/terms/TaxonomiesTermsConditions.html
  -->
<link:linkbase xmlns:link='http://www.xbrl.org/2003/linkbase' xmlns:xbrldt='http://xbrl.org/2005/xbrldt' xmlns:xlink='http://www.w3.org/1999/xlink' xmlns:xsi='http://www.w3.org/2001/XMLSchema-instance' xsi:schemaLocation='http://www.xbrl.org/2003/linkbase http://www.xbrl.org/2003/xbrl-linkbase-2003-12-31.xsd'>
<link:roleRef roleURI='http://fasb.org/us-gaap/role/disclosure/DevelopingStageEnterprisesScheduleOfEquityIssuedSinceInceptionTable' xlink:href='../elts/us-roles-2011-01-31.xsd#DevelopingStageEnterprisesScheduleOfEquityIssuedSinceInceptionTable' xlink:type='simple' />
<link:arcroleRef arcroleURI='http://xbrl.org/int/dim/arcrole/all' xlink:href='http://www.xbrl.org/2005/xbrldt-2005.xsd#all' xlink:type='simple' />
<link:arcroleRef arcroleURI='http://xbrl.org/int/dim/arcrole/hypercube-dimension' xlink:href='http://www.xbrl.org/2005/xbrldt-2005.xsd#hypercube-dimension' xlink:type='simple' />
<link:arcroleRef arcroleURI='http://xbrl.org/int/dim/arcrole/dimension-domain' xlink:href='http://www.xbrl.org/2005/xbrldt-2005.xsd#dimension-domain' xlink:type='simple' />
<link:arcroleRef arcroleURI='http://xbrl.org/int/dim/arcrole/dimension-default' xlink:href='http://www.xbrl.org/2005/xbrldt-2005.xsd#dimension-default' xlink:type='simple' />
<link:arcroleRef arcroleURI='http://xbrl.org/int/dim/arcrole/domain-member' xlink:href='http://www.xbrl.org/2005/xbrldt-2005.xsd#domain-member' xlink:type='simple' />
<!--Definition relationships for table ScheduleOfEquityIssuedSinceInceptionTable in presentation http://fasb.org/us-gaap/role/disclosure/DevelopingStageEnterprises-->
<link:definitionLink xlink:role='http://fasb.org/us-gaap/role/disclosure/DevelopingStageEnterprisesScheduleOfEquityIssuedSinceInceptionTable' xlink:type='extended'>
<link:loc xlink:href='../elts/us-gaap-2011-01-31.xsd#us-gaap_ScheduleOfEquityIssuedSinceInceptionTable' xlink:label='loc_ScheduleOfEquityIssuedSinceInceptionTable' xlink:type='locator' />
<link:loc xlink:href='../elts/us-gaap-2011-01-31.xsd#us-gaap_EquityIssuanceSinceInceptionLineItems' xlink:label='loc_EquityIssuanceSinceInceptionLineItems' xlink:type='locator' />
<link:definitionArc order='1.0' xbrldt:closed='true' xbrldt:contextElement='segment' xlink:arcrole='http://xbrl.org/int/dim/arcrole/all' xlink:from='loc_EquityIssuanceSinceInceptionLineItems' xlink:to='loc_ScheduleOfEquityIssuedSinceInceptionTable' xlink:type='arc' />
</link:definitionLink>
<link:definitionLink xlink:role='http://fasb.org/us-gaap/role/disclosure/DevelopingStageEnterprisesScheduleOfEquityIssuedSinceInceptionTable' xlink:type='extended'>
<link:loc xlink:href='../elts/us-gaap-2011-01-31.xsd#us-gaap_ScheduleOfEquityIssuedSinceInceptionTable' xlink:label='loc_ScheduleOfEquityIssuedSinceInceptionTable' xlink:type='locator' />
<link:loc xlink:href='../elts/us-gaap-2011-01-31.xsd#us-gaap_EquityIssuedSinceInceptionByIssuanceAxis' xlink:label='loc_EquityIssuedSinceInceptionByIssuanceAxis' xlink:type='locator' />
<link:definitionArc order='1.0' xlink:arcrole='http://xbrl.org/int/dim/arcrole/hypercube-dimension' xlink:from='loc_ScheduleOfEquityIssuedSinceInceptionTable' xlink:to='loc_EquityIssuedSinceInceptionByIssuanceAxis' xlink:type='arc' />
</link:definitionLink>
<link:definitionLink xlink:role='http://fasb.org/us-gaap/role/disclosure/DevelopingStageEnterprisesScheduleOfEquityIssuedSinceInceptionTable' xlink:type='extended'>
<link:loc xlink:href='../elts/us-gaap-2011-01-31.xsd#us-gaap_EquityIssuedSinceInceptionByIssuanceAxis' xlink:label='loc_EquityIssuedSinceInceptionByIssuanceAxis' xlink:type='locator' />
<link:loc xlink:href='../elts/us-gaap-2011-01-31.xsd#us-gaap_IssuanceDomain' xlink:label='loc_IssuanceDomain' xlink:type='locator' />
<link:definitionArc order='1.0' xlink:arcrole='http://xbrl.org/int/dim/arcrole/dimension-domain' xlink:from='loc_EquityIssuedSinceInceptionByIssuanceAxis' xlink:to='loc_IssuanceDomain' xlink:type='arc' />
</link:definitionLink>
<link:definitionLink xlink:role='http://fasb.org/us-gaap/role/disclosure/DevelopingStageEnterprisesScheduleOfEquityIssuedSinceInceptionTable' xlink:type='extended'>
<link:loc xlink:href='../elts/us-gaap-2011-01-31.xsd#us-gaap_EquityIssuedSinceInceptionByIssuanceAxis' xlink:label='loc_EquityIssuedSinceInceptionByIssuanceAxis' xlink:type='locator' />
<link:loc xlink:href='../elts/us-gaap-2011-01-31.xsd#us-gaap_IssuanceDomain' xlink:label='loc_IssuanceDomain' xlink:type='locator' />
<link:definitionArc order='1.0' xlink:arcrole='http://xbrl.org/int/dim/arcrole/dimension-default' xlink:from='loc_EquityIssuedSinceInceptionByIssuanceAxis' xlink:to='loc_IssuanceDomain' xlink:type='arc' />
</link:definitionLink>
<link:definitionLink xlink:role='http://fasb.org/us-gaap/role/disclosure/DevelopingStageEnterprisesScheduleOfEquityIssuedSinceInceptionTable' xlink:type='extended'>
<link:loc xlink:href='../elts/us-gaap-2011-01-31.xsd#us-gaap_EquityIssuanceSinceInceptionLineItems' xlink:label='loc_EquityIssuanceSinceInceptionLineItems' xlink:type='locator' />
<link:loc xlink:href='../elts/us-gaap-2011-01-31.xsd#us-gaap_EquityIssuanceDates' xlink:label='loc_EquityIssuanceDates' xlink:type='locator' />
<link:loc xlink:href='../elts/us-gaap-2011-01-31.xsd#us-gaap_EquityIssuanceNumberOfEquitySecuritiesIssuedForCash' xlink:label='loc_EquityIssuanceNumberOfEquitySecuritiesIssuedForCash' xlink:type='locator' />
<link:loc xlink:href='../elts/us-gaap-2011-01-31.xsd#us-gaap_EquityIssuanceDollarAmountPerShare' xlink:label='loc_EquityIssuanceDollarAmountPerShare' xlink:type='locator' />
<link:loc xlink:href='../elts/us-gaap-2011-01-31.xsd#us-gaap_EquityIssuanceTotalDollarAmount' xlink:label='loc_EquityIssuanceTotalDollarAmount' xlink:type='locator' />
<link:loc xlink:href='../elts/us-gaap-2011-01-31.xsd#us-gaap_EquityIssuanceNumberOfEquitySecuritiesIssuedForNoncashConsiderations' xlink:label='loc_EquityIssuanceNumberOfEquitySecuritiesIssuedForNoncashConsiderations' xlink:type='locator' />
<link:loc xlink:href='../elts/us-gaap-2011-01-31.xsd#us-gaap_EquityIssuanceNoncashConsiderationsDetails' xlink:label='loc_EquityIssuanceNoncashConsiderationsDetails' xlink:type='locator' />
<link:definitionArc order='1.0' xlink:arcrole='http://xbrl.org/int/dim/arcrole/domain-member' xlink:from='loc_EquityIssuanceSinceInceptionLineItems' xlink:to='loc_EquityIssuanceDates' xlink:type='arc' />
<link:definitionArc order='2.0' xlink:arcrole='http://xbrl.org/int/dim/arcrole/domain-member' xlink:from='loc_EquityIssuanceSinceInceptionLineItems' xlink:to='loc_EquityIssuanceNumberOfEquitySecuritiesIssuedForCash' xlink:type='arc' />
<link:definitionArc order='3.0' xlink:arcrole='http://xbrl.org/int/dim/arcrole/domain-member' xlink:from='loc_EquityIssuanceSinceInceptionLineItems' xlink:to='loc_EquityIssuanceDollarAmountPerShare' xlink:type='arc' />
<link:definitionArc order='4.0' xlink:arcrole='http://xbrl.org/int/dim/arcrole/domain-member' xlink:from='loc_EquityIssuanceSinceInceptionLineItems' xlink:to='loc_EquityIssuanceTotalDollarAmount' xlink:type='arc' />
<link:definitionArc order='5.0' xlink:arcrole='http://xbrl.org/int/dim/arcrole/domain-member' xlink:from='loc_EquityIssuanceSinceInceptionLineItems' xlink:to='loc_EquityIssuanceNumberOfEquitySecuritiesIssuedForNoncashConsiderations' xlink:type='arc' />
<link:definitionArc order='6.0' xlink:arcrole='http://xbrl.org/int/dim/arcrole/domain-member' xlink:from='loc_EquityIssuanceSinceInceptionLineItems' xlink:to='loc_EquityIssuanceNoncashConsiderationsDetails' xlink:type='arc' />
</link:definitionLink>
</link:linkbase>
