<?xml version="1.0" encoding="UTF-8" standalone="no"?>

<!--
(c) XBRL US, Inc. 2007-2010; Financial Accounting Foundation, Inc. 2010-2011.  All Rights Reserved.
Notice: Authorized Uses are Set Forth at http://xbrl.fasb.org/terms/TaxonomiesTermsConditions.html
  -->
<link:linkbase xmlns:link='http://www.xbrl.org/2003/linkbase' xmlns:xlink='http://www.w3.org/1999/xlink' xmlns:xsi='http://www.w3.org/2001/XMLSchema-instance' xsi:schemaLocation='http://www.xbrl.org/2003/linkbase http://www.xbrl.org/2003/xbrl-linkbase-2003-12-31.xsd'>
<link:roleRef roleURI='http://fasb.org/us-gaap/role/disclosure/Equity' xlink:href='../elts/us-roles-2011-01-31.xsd#equity' xlink:type='simple' />
<calculationLink xlink:role='http://fasb.org/us-gaap/role/disclosure/Equity' xlink:type='extended' xmlns='http://www.xbrl.org/2003/linkbase'>
<link:loc xlink:href='../elts/us-gaap-2011-01-31.xsd#us-gaap_AuctionMarketPreferredSecuritiesDividendPaidFromEarningsAndCapital' xlink:label='loc_AuctionMarketPreferredSecuritiesDividendPaidFromEarningsAndCapital' xlink:type='locator' />
<link:loc xlink:href='../elts/us-gaap-2011-01-31.xsd#us-gaap_AuctionMarketPreferredSecuritiesDividendPaidFromEarnings' xlink:label='loc_AuctionMarketPreferredSecuritiesDividendPaidFromEarnings' xlink:type='locator' />
<link:loc xlink:href='../elts/us-gaap-2011-01-31.xsd#us-gaap_AuctionMarketPreferredSecuritiesDividendPaidFromCapital' xlink:label='loc_AuctionMarketPreferredSecuritiesDividendPaidFromCapital' xlink:type='locator' />
<link:loc xlink:href='../elts/us-gaap-2011-01-31.xsd#us-gaap_AuctionMarketPreferredSecuritiesStockSharesOutstandingPeriodIncreaseDecrease' xlink:label='loc_AuctionMarketPreferredSecuritiesStockSharesOutstandingPeriodIncreaseDecrease' xlink:type='locator' />
<link:loc xlink:href='../elts/us-gaap-2011-01-31.xsd#us-gaap_AuctionMarketPreferredSecuritiesSharesIssued' xlink:label='loc_AuctionMarketPreferredSecuritiesSharesIssued' xlink:type='locator' />
<link:loc xlink:href='../elts/us-gaap-2011-01-31.xsd#us-gaap_AuctionMarketPreferredSecuritiesSharesRedeemed' xlink:label='loc_AuctionMarketPreferredSecuritiesSharesRedeemed' xlink:type='locator' />
<link:loc xlink:href='../elts/us-gaap-2011-01-31.xsd#us-gaap_EarningsPerShareBasic' xlink:label='loc_EarningsPerShareBasic' xlink:type='locator' />
<link:loc xlink:href='../elts/us-gaap-2011-01-31.xsd#us-gaap_IncomeLossFromExtraordinaryItemsNetOfTaxPerBasicShare' xlink:label='loc_IncomeLossFromExtraordinaryItemsNetOfTaxPerBasicShare' xlink:type='locator' />
<link:loc xlink:href='../elts/us-gaap-2011-01-31.xsd#us-gaap_IncomeLossBeforeExtraordinaryItemsAndCumulativeEffectOfChangeInAccountingPrinciplePerBasicShare' xlink:label='loc_IncomeLossBeforeExtraordinaryItemsAndCumulativeEffectOfChangeInAccountingPrinciplePerBasicShare' xlink:type='locator' />
<link:loc xlink:href='../elts/us-gaap-2011-01-31.xsd#us-gaap_IncomeLossFromContinuingOperationsPerBasicShare' xlink:label='loc_IncomeLossFromContinuingOperationsPerBasicShare' xlink:type='locator' />
<link:loc xlink:href='../elts/us-gaap-2011-01-31.xsd#us-gaap_IncomeLossFromDiscontinuedOperationsNetOfTaxPerBasicShare' xlink:label='loc_IncomeLossFromDiscontinuedOperationsNetOfTaxPerBasicShare' xlink:type='locator' />
<link:loc xlink:href='../elts/us-gaap-2011-01-31.xsd#us-gaap_EarningsPerShareDiluted' xlink:label='loc_EarningsPerShareDiluted' xlink:type='locator' />
<link:loc xlink:href='../elts/us-gaap-2011-01-31.xsd#us-gaap_IncomeLossFromExtraordinaryItemsNetOfTaxPerDilutedShare' xlink:label='loc_IncomeLossFromExtraordinaryItemsNetOfTaxPerDilutedShare' xlink:type='locator' />
<link:loc xlink:href='../elts/us-gaap-2011-01-31.xsd#us-gaap_IncomeLossBeforeExtraordinaryItemsAndCumulativeEffectOfChangeInAccountingPrinciplePerDilutedShare' xlink:label='loc_IncomeLossBeforeExtraordinaryItemsAndCumulativeEffectOfChangeInAccountingPrinciplePerDilutedShare' xlink:type='locator' />
<link:loc xlink:href='../elts/us-gaap-2011-01-31.xsd#us-gaap_IncomeLossFromContinuingOperationsPerDilutedShare' xlink:label='loc_IncomeLossFromContinuingOperationsPerDilutedShare' xlink:type='locator' />
<link:loc xlink:href='../elts/us-gaap-2011-01-31.xsd#us-gaap_IncomeLossFromDiscontinuedOperationsNetOfTaxPerDilutedShare' xlink:label='loc_IncomeLossFromDiscontinuedOperationsNetOfTaxPerDilutedShare' xlink:type='locator' />
<link:loc xlink:href='../elts/us-gaap-2011-01-31.xsd#us-gaap_EffectOnAccumulatedOtherComprehensiveIncomeLossDueToChangeInMeasurementDateNetOfTax' xlink:label='loc_EffectOnAccumulatedOtherComprehensiveIncomeLossDueToChangeInMeasurementDateNetOfTax' xlink:type='locator' />
<link:loc xlink:href='../elts/us-gaap-2011-01-31.xsd#us-gaap_EffectOnAccumulatedOtherComprehensiveIncomeLossDueToChangeInMeasurementDateBeforeTax' xlink:label='loc_EffectOnAccumulatedOtherComprehensiveIncomeLossDueToChangeInMeasurementDateBeforeTax' xlink:type='locator' />
<link:loc xlink:href='../elts/us-gaap-2011-01-31.xsd#us-gaap_EffectOnAccumulatedOtherComprehensiveIncomeLossDueToChangeInMeasurementDateTax' xlink:label='loc_EffectOnAccumulatedOtherComprehensiveIncomeLossDueToChangeInMeasurementDateTax' xlink:type='locator' />
<link:loc xlink:href='../elts/us-gaap-2011-01-31.xsd#us-gaap_EffectOnRetainedEarningsAccumulatedDeficitDueToChangeInMeasurementDateNetOfTax' xlink:label='loc_EffectOnRetainedEarningsAccumulatedDeficitDueToChangeInMeasurementDateNetOfTax' xlink:type='locator' />
<link:loc xlink:href='../elts/us-gaap-2011-01-31.xsd#us-gaap_EffectOnRetainedEarningsAccumulatedDeficitDueToChangeInMeasurementDateBeforeTax' xlink:label='loc_EffectOnRetainedEarningsAccumulatedDeficitDueToChangeInMeasurementDateBeforeTax' xlink:type='locator' />
<link:loc xlink:href='../elts/us-gaap-2011-01-31.xsd#us-gaap_EffectOnRetainedEarningsAccumulatedDeficitDueToChangeInMeasurementDateTax' xlink:label='loc_EffectOnRetainedEarningsAccumulatedDeficitDueToChangeInMeasurementDateTax' xlink:type='locator' />
<link:loc xlink:href='../elts/us-gaap-2011-01-31.xsd#us-gaap_OtherComprehensiveIncomeLossBeforeTaxPeriodIncreaseDecrease' xlink:label='loc_OtherComprehensiveIncomeLossBeforeTaxPeriodIncreaseDecrease' xlink:type='locator' />
<link:loc xlink:href='../elts/us-gaap-2011-01-31.xsd#us-gaap_OtherComprehensiveIncomeForeignCurrencyTransactionAndTranslationAdjustmentBeforeTaxPeriodIncreaseDecrease' xlink:label='loc_OtherComprehensiveIncomeForeignCurrencyTransactionAndTranslationAdjustmentBeforeTaxPeriodIncreaseDecrease' xlink:type='locator' />
<link:loc xlink:href='../elts/us-gaap-2011-01-31.xsd#us-gaap_OtherComprehensiveIncomeForeignCurrencyTransactionAndTranslationGainLossBeforeReclassificationAndTax' xlink:label='loc_OtherComprehensiveIncomeForeignCurrencyTransactionAndTranslationGainLossBeforeReclassificationAndTax' xlink:type='locator' />
<link:loc xlink:href='../elts/us-gaap-2011-01-31.xsd#us-gaap_OtherComprehensiveIncomeForeignCurrencyTransactionAndTranslationReclassificationAdjustmentRealizedUponSaleOrLiquidationBeforeTax' xlink:label='loc_OtherComprehensiveIncomeForeignCurrencyTransactionAndTranslationReclassificationAdjustmentRealizedUponSaleOrLiquidationBeforeTax' xlink:type='locator' />
<link:loc xlink:href='../elts/us-gaap-2011-01-31.xsd#us-gaap_OtherComprehensiveIncomeAvailableForSaleSecuritiesAdjustmentBeforeTaxPeriodIncreaseDecrease' xlink:label='loc_OtherComprehensiveIncomeAvailableForSaleSecuritiesAdjustmentBeforeTaxPeriodIncreaseDecrease' xlink:type='locator' />
<link:loc xlink:href='../elts/us-gaap-2011-01-31.xsd#us-gaap_OtherComprehensiveIncomeUnrealizedHoldingGainLossOnSecuritiesArisingDuringPeriodBeforeTax' xlink:label='loc_OtherComprehensiveIncomeUnrealizedHoldingGainLossOnSecuritiesArisingDuringPeriodBeforeTax' xlink:type='locator' />
<link:loc xlink:href='../elts/us-gaap-2011-01-31.xsd#us-gaap_OtherComprehensiveIncomeReclassificationAdjustmentForHeldToMaturityTransferredToAvailableForSaleSecuritiesBeforeTax' xlink:label='loc_OtherComprehensiveIncomeReclassificationAdjustmentForHeldToMaturityTransferredToAvailableForSaleSecuritiesBeforeTax' xlink:type='locator' />
<link:loc xlink:href='../elts/us-gaap-2011-01-31.xsd#us-gaap_OtherComprehensiveIncomeReclassificationAdjustmentForSaleOfSecuritiesIncludedInNetIncomeBeforeTax' xlink:label='loc_OtherComprehensiveIncomeReclassificationAdjustmentForSaleOfSecuritiesIncludedInNetIncomeBeforeTax' xlink:type='locator' />
<link:loc xlink:href='../elts/us-gaap-2011-01-31.xsd#us-gaap_OtherComprehensiveIncomeReclassificationAdjustmentForWriteDownOfSecuritiesIncludedInNetIncomeBeforeTax' xlink:label='loc_OtherComprehensiveIncomeReclassificationAdjustmentForWriteDownOfSecuritiesIncludedInNetIncomeBeforeTax' xlink:type='locator' />
<link:loc xlink:href='../elts/us-gaap-2011-01-31.xsd#us-gaap_OtherComprehensiveIncomeDefinedBenefitPlansAdjustmentBeforeTaxPeriodIncreaseDecrease' xlink:label='loc_OtherComprehensiveIncomeDefinedBenefitPlansAdjustmentBeforeTaxPeriodIncreaseDecrease' xlink:type='locator' />
<link:loc xlink:href='../elts/us-gaap-2011-01-31.xsd#us-gaap_OtherComprehensiveIncomeDefinedBenefitPlanNetPriorServiceCostCreditArisingDuringPeriodBeforeTax' xlink:label='loc_OtherComprehensiveIncomeDefinedBenefitPlanNetPriorServiceCostCreditArisingDuringPeriodBeforeTax' xlink:type='locator' />
<link:loc xlink:href='../elts/us-gaap-2011-01-31.xsd#us-gaap_OtherComprehensiveIncomeAmortizationOfDefinedBenefitPlanNetPriorServiceCostCreditRecognizedInNetPeriodicBenefitCostBeforeTax' xlink:label='loc_OtherComprehensiveIncomeAmortizationOfDefinedBenefitPlanNetPriorServiceCostCreditRecognizedInNetPeriodicBenefitCostBeforeTax' xlink:type='locator' />
<link:loc xlink:href='../elts/us-gaap-2011-01-31.xsd#us-gaap_OtherComprehensiveIncomeDefinedBenefitPlansNetUnamortizedGainLossArisingDuringPeriodBeforeTax' xlink:label='loc_OtherComprehensiveIncomeDefinedBenefitPlansNetUnamortizedGainLossArisingDuringPeriodBeforeTax' xlink:type='locator' />
<link:loc xlink:href='../elts/us-gaap-2011-01-31.xsd#us-gaap_OtherComprehensiveIncomeReclassificationOfDefinedBenefitPlansNetGainLossRecognizedInNetPeriodicBenefitCostBeforeTax' xlink:label='loc_OtherComprehensiveIncomeReclassificationOfDefinedBenefitPlansNetGainLossRecognizedInNetPeriodicBenefitCostBeforeTax' xlink:type='locator' />
<link:loc xlink:href='../elts/us-gaap-2011-01-31.xsd#us-gaap_OtherComprehensiveIncomeReclassificationOfDefinedBenefitPlanNetTransitionAssetObligationRecognizedInNetPeriodicBenefitCostBeforeTax' xlink:label='loc_OtherComprehensiveIncomeReclassificationOfDefinedBenefitPlanNetTransitionAssetObligationRecognizedInNetPeriodicBenefitCostBeforeTax' xlink:type='locator' />
<link:loc xlink:href='../elts/us-gaap-2011-01-31.xsd#us-gaap_OtherComprehensiveIncomeMinimumPensionLiabilityNetAdjustmentBeforeTax' xlink:label='loc_OtherComprehensiveIncomeMinimumPensionLiabilityNetAdjustmentBeforeTax' xlink:type='locator' />
<link:loc xlink:href='../elts/us-gaap-2011-01-31.xsd#us-gaap_OtherComprehensiveIncomeFinalizationOfPensionAndNonPensionPostretirementPlanValuationBeforeTax' xlink:label='loc_OtherComprehensiveIncomeFinalizationOfPensionAndNonPensionPostretirementPlanValuationBeforeTax' xlink:type='locator' />
<link:loc xlink:href='../elts/us-gaap-2011-01-31.xsd#us-gaap_OtherComprehensiveIncomeDerivativesQualifyingAsHedgesBeforeTaxPeriodIncreaseDecrease' xlink:label='loc_OtherComprehensiveIncomeDerivativesQualifyingAsHedgesBeforeTaxPeriodIncreaseDecrease' xlink:type='locator' />
<link:loc xlink:href='../elts/us-gaap-2011-01-31.xsd#us-gaap_OtherComprehensiveIncomeUnrealizedGainLossOnDerivativesArisingDuringPeriodBeforeTax' xlink:label='loc_OtherComprehensiveIncomeUnrealizedGainLossOnDerivativesArisingDuringPeriodBeforeTax' xlink:type='locator' />
<link:loc xlink:href='../elts/us-gaap-2011-01-31.xsd#us-gaap_OtherComprehensiveIncomeReclassificationAdjustmentOnDerivativesIncludedInNetIncomeBeforeTax' xlink:label='loc_OtherComprehensiveIncomeReclassificationAdjustmentOnDerivativesIncludedInNetIncomeBeforeTax' xlink:type='locator' />
<link:loc xlink:href='../elts/us-gaap-2011-01-31.xsd#us-gaap_OtherThanTemporaryImpairmentLossesInvestmentsPortionInOtherComprehensiveIncomeLossBeforeTaxIncludingPortionAttributableToNoncontrollingInterest' xlink:label='loc_OtherThanTemporaryImpairmentLossesInvestmentsPortionInOtherComprehensiveIncomeLossBeforeTaxIncludingPortionAttributableToNoncontrollingInterest' xlink:type='locator' />
<link:loc xlink:href='../elts/us-gaap-2011-01-31.xsd#us-gaap_OtherThanTemporaryImpairmentLossesInvestmentsPortionInOtherComprehensiveIncomeLossBeforeTaxIncludingPortionAttributableToNoncontrollingInterestAvailableforsaleSecurities' xlink:label='loc_OtherThanTemporaryImpairmentLossesInvestmentsPortionInOtherComprehensiveIncomeLossBeforeTaxIncludingPortionAttributableToNoncontrollingInterestAvailableforsaleSecurities' xlink:type='locator' />
<link:loc xlink:href='../elts/us-gaap-2011-01-31.xsd#us-gaap_OtherThanTemporaryImpairmentLossesInvestmentsPortionInOtherComprehensiveIncomeLossBeforeTaxIncludingPortionAttributableToNoncontrollingInterestHeldtomaturitySecurities' xlink:label='loc_OtherThanTemporaryImpairmentLossesInvestmentsPortionInOtherComprehensiveIncomeLossBeforeTaxIncludingPortionAttributableToNoncontrollingInterestHeldtomaturitySecurities' xlink:type='locator' />
<link:loc xlink:href='../elts/us-gaap-2011-01-31.xsd#us-gaap_OtherComprehensiveIncomeLossNetOfTaxPeriodIncreaseDecrease' xlink:label='loc_OtherComprehensiveIncomeLossNetOfTaxPeriodIncreaseDecrease' xlink:type='locator' />
<link:loc xlink:href='../elts/us-gaap-2011-01-31.xsd#us-gaap_OtherComprehensiveIncomeForeignCurrencyTransactionAndTranslationAdjustmentNetOfTaxPeriodIncreaseDecrease' xlink:label='loc_OtherComprehensiveIncomeForeignCurrencyTransactionAndTranslationAdjustmentNetOfTaxPeriodIncreaseDecrease' xlink:type='locator' />
<link:loc xlink:href='../elts/us-gaap-2011-01-31.xsd#us-gaap_OtherComprehensiveIncomeForeignCurrencyTransactionAndTranslationGainLossArisingDuringPeriodNetOfTax' xlink:label='loc_OtherComprehensiveIncomeForeignCurrencyTransactionAndTranslationGainLossArisingDuringPeriodNetOfTax' xlink:type='locator' />
<link:loc xlink:href='../elts/us-gaap-2011-01-31.xsd#us-gaap_OtherComprehensiveIncomeForeignCurrencyTransactionAndTranslationReclassificationAdjustmentRealizedUponSaleOrLiquidationNetOfTax' xlink:label='loc_OtherComprehensiveIncomeForeignCurrencyTransactionAndTranslationReclassificationAdjustmentRealizedUponSaleOrLiquidationNetOfTax' xlink:type='locator' />
<link:loc xlink:href='../elts/us-gaap-2011-01-31.xsd#us-gaap_OtherComprehensiveIncomeDefinedBenefitPlansAdjustmentNetOfTaxPeriodIncreaseDecrease' xlink:label='loc_OtherComprehensiveIncomeDefinedBenefitPlansAdjustmentNetOfTaxPeriodIncreaseDecrease' xlink:type='locator' />
<link:loc xlink:href='../elts/us-gaap-2011-01-31.xsd#us-gaap_OtherComprehensiveIncomeDefinedBenefitPlanNetPriorServiceCostsCreditArisingDuringPeriodNetOfTax' xlink:label='loc_OtherComprehensiveIncomeDefinedBenefitPlanNetPriorServiceCostsCreditArisingDuringPeriodNetOfTax' xlink:type='locator' />
<link:loc xlink:href='../elts/us-gaap-2011-01-31.xsd#us-gaap_OtherComprehensiveIncomeDefinedBenefitPlansNetUnamortizedGainLossArisingDuringPeriodNetOfTax' xlink:label='loc_OtherComprehensiveIncomeDefinedBenefitPlansNetUnamortizedGainLossArisingDuringPeriodNetOfTax' xlink:type='locator' />
<link:loc xlink:href='../elts/us-gaap-2011-01-31.xsd#us-gaap_OtherComprehensiveIncomeReclassificationOfDefinedBenefitPlansNetGainLossRecognizedInNetPeriodicBenefitCostNetOfTax' xlink:label='loc_OtherComprehensiveIncomeReclassificationOfDefinedBenefitPlansNetGainLossRecognizedInNetPeriodicBenefitCostNetOfTax' xlink:type='locator' />
<link:loc xlink:href='../elts/us-gaap-2011-01-31.xsd#us-gaap_OtherComprehensiveIncomeReclassificationOfDefinedBenefitPlanNetTransitionAssetObligationRecognizedInNetPeriodicBenefitCostNetOfTax' xlink:label='loc_OtherComprehensiveIncomeReclassificationOfDefinedBenefitPlanNetTransitionAssetObligationRecognizedInNetPeriodicBenefitCostNetOfTax' xlink:type='locator' />
<link:loc xlink:href='../elts/us-gaap-2011-01-31.xsd#us-gaap_OtherComprehensiveIncomeMinimumPensionLiabilityNetAdjustmentNetOfTax' xlink:label='loc_OtherComprehensiveIncomeMinimumPensionLiabilityNetAdjustmentNetOfTax' xlink:type='locator' />
<link:loc xlink:href='../elts/us-gaap-2011-01-31.xsd#us-gaap_OtherComprehensiveIncomeAmortizationOfDefinedBenefitPlanNetPriorServiceCostRecognizedInNetPeriodicPensionCostNetOfTax' xlink:label='loc_OtherComprehensiveIncomeAmortizationOfDefinedBenefitPlanNetPriorServiceCostRecognizedInNetPeriodicPensionCostNetOfTax' xlink:type='locator' />
<link:loc xlink:href='../elts/us-gaap-2011-01-31.xsd#us-gaap_OtherComprehensiveIncomeFinalizationOfPensionAndNonPensionPostretirementPlanValuationNetOfTax' xlink:label='loc_OtherComprehensiveIncomeFinalizationOfPensionAndNonPensionPostretirementPlanValuationNetOfTax' xlink:type='locator' />
<link:loc xlink:href='../elts/us-gaap-2011-01-31.xsd#us-gaap_OtherComprehensiveIncomeAvailableForSaleSecuritiesAdjustmentNetOfTaxPeriodIncreaseDecrease' xlink:label='loc_OtherComprehensiveIncomeAvailableForSaleSecuritiesAdjustmentNetOfTaxPeriodIncreaseDecrease' xlink:type='locator' />
<link:loc xlink:href='../elts/us-gaap-2011-01-31.xsd#us-gaap_OtherComprehensiveIncomeUnrealizedHoldingGainLossOnSecuritiesArisingDuringPeriodNetOfTax' xlink:label='loc_OtherComprehensiveIncomeUnrealizedHoldingGainLossOnSecuritiesArisingDuringPeriodNetOfTax' xlink:type='locator' />
<link:loc xlink:href='../elts/us-gaap-2011-01-31.xsd#us-gaap_OtherComprehensiveIncomeReclassificationAdjustmentForHeldToMaturityTransferredToAvailableForSaleSecuritiesNetOfTax' xlink:label='loc_OtherComprehensiveIncomeReclassificationAdjustmentForHeldToMaturityTransferredToAvailableForSaleSecuritiesNetOfTax' xlink:type='locator' />
<link:loc xlink:href='../elts/us-gaap-2011-01-31.xsd#us-gaap_OtherComprehensiveIncomeReclassificationAdjustmentForSaleOfSecuritiesIncludedInNetIncomeNetOfTax' xlink:label='loc_OtherComprehensiveIncomeReclassificationAdjustmentForSaleOfSecuritiesIncludedInNetIncomeNetOfTax' xlink:type='locator' />
<link:loc xlink:href='../elts/us-gaap-2011-01-31.xsd#us-gaap_OtherComprehensiveIncomeReclassificationAdjustmentForWriteDownOfSecuritiesIncludedInNetIncomeNetOfTax' xlink:label='loc_OtherComprehensiveIncomeReclassificationAdjustmentForWriteDownOfSecuritiesIncludedInNetIncomeNetOfTax' xlink:type='locator' />
<link:loc xlink:href='../elts/us-gaap-2011-01-31.xsd#us-gaap_OtherThanTemporaryImpairmentLossesInvestmentsPortionInOtherComprehensiveIncomeLossNetOfTaxIncludingPortionAttributableToNoncontrollingInterest' xlink:label='loc_OtherThanTemporaryImpairmentLossesInvestmentsPortionInOtherComprehensiveIncomeLossNetOfTaxIncludingPortionAttributableToNoncontrollingInterest' xlink:type='locator' />
<link:loc xlink:href='../elts/us-gaap-2011-01-31.xsd#us-gaap_OtherThanTemporaryImpairmentLossesInvestmentsPortionInOtherComprehensiveIncomeLossNetOfTaxIncludingPortionAttributableToNoncontrollingInterestAvailableforsaleSecurities' xlink:label='loc_OtherThanTemporaryImpairmentLossesInvestmentsPortionInOtherComprehensiveIncomeLossNetOfTaxIncludingPortionAttributableToNoncontrollingInterestAvailableforsaleSecurities' xlink:type='locator' />
<link:loc xlink:href='../elts/us-gaap-2011-01-31.xsd#us-gaap_OtherThanTemporaryImpairmentLossesInvestmentsPortionInOtherComprehensiveIncomeLossNetOfTaxIncludingPortionAttributableToNoncontrollingInterestHeldtomaturitySecurities' xlink:label='loc_OtherThanTemporaryImpairmentLossesInvestmentsPortionInOtherComprehensiveIncomeLossNetOfTaxIncludingPortionAttributableToNoncontrollingInterestHeldtomaturitySecurities' xlink:type='locator' />
<link:loc xlink:href='../elts/us-gaap-2011-01-31.xsd#us-gaap_OtherComprehensiveIncomeDerivativesQualifyingAsHedgesNetOfTaxPeriodIncreaseDecrease' xlink:label='loc_OtherComprehensiveIncomeDerivativesQualifyingAsHedgesNetOfTaxPeriodIncreaseDecrease' xlink:type='locator' />
<link:loc xlink:href='../elts/us-gaap-2011-01-31.xsd#us-gaap_OtherComprehensiveIncomeUnrealizedGainLossOnDerivativesArisingDuringPeriodNetOfTax' xlink:label='loc_OtherComprehensiveIncomeUnrealizedGainLossOnDerivativesArisingDuringPeriodNetOfTax' xlink:type='locator' />
<link:loc xlink:href='../elts/us-gaap-2011-01-31.xsd#us-gaap_OtherComprehensiveIncomeReclassificationAdjustmentOnDerivativesIncludedInNetIncomeNetOfTax' xlink:label='loc_OtherComprehensiveIncomeReclassificationAdjustmentOnDerivativesIncludedInNetIncomeNetOfTax' xlink:type='locator' />
<link:loc xlink:href='../elts/us-gaap-2011-01-31.xsd#us-gaap_OtherComprehensiveIncomeLossTax' xlink:label='loc_OtherComprehensiveIncomeLossTax' xlink:type='locator' />
<link:loc xlink:href='../elts/us-gaap-2011-01-31.xsd#us-gaap_OtherComprehensiveIncomeForeignCurrencyTranslationAdjustmentTax' xlink:label='loc_OtherComprehensiveIncomeForeignCurrencyTranslationAdjustmentTax' xlink:type='locator' />
<link:loc xlink:href='../elts/us-gaap-2011-01-31.xsd#us-gaap_OtherComprehensiveIncomeForeignCurrencyTranslationGainLossArisingDuringPeriodTax' xlink:label='loc_OtherComprehensiveIncomeForeignCurrencyTranslationGainLossArisingDuringPeriodTax' xlink:type='locator' />
<link:loc xlink:href='../elts/us-gaap-2011-01-31.xsd#us-gaap_OtherComprehensiveIncomeForeignCurrencyTranslationReclassificationAdjustmentRealizedUponSaleOrLiquidationTax' xlink:label='loc_OtherComprehensiveIncomeForeignCurrencyTranslationReclassificationAdjustmentRealizedUponSaleOrLiquidationTax' xlink:type='locator' />
<link:loc xlink:href='../elts/us-gaap-2011-01-31.xsd#us-gaap_OtherComprehensiveIncomeDerivativesQualifyingAsHedgesTaxEffectPeriodIncreaseDecrease' xlink:label='loc_OtherComprehensiveIncomeDerivativesQualifyingAsHedgesTaxEffectPeriodIncreaseDecrease' xlink:type='locator' />
<link:loc xlink:href='../elts/us-gaap-2011-01-31.xsd#us-gaap_OtherComprehensiveIncomeUnrealizedGainLossOnDerivativesArisingDuringPeriodTax' xlink:label='loc_OtherComprehensiveIncomeUnrealizedGainLossOnDerivativesArisingDuringPeriodTax' xlink:type='locator' />
<link:loc xlink:href='../elts/us-gaap-2011-01-31.xsd#us-gaap_OtherComprehensiveIncomeReclassificationAdjustmentOnDerivativesIncludedInNetIncomeTax' xlink:label='loc_OtherComprehensiveIncomeReclassificationAdjustmentOnDerivativesIncludedInNetIncomeTax' xlink:type='locator' />
<link:loc xlink:href='../elts/us-gaap-2011-01-31.xsd#us-gaap_OtherComprehensiveIncomeAvailableForSaleSecuritiesTax' xlink:label='loc_OtherComprehensiveIncomeAvailableForSaleSecuritiesTax' xlink:type='locator' />
<link:loc xlink:href='../elts/us-gaap-2011-01-31.xsd#us-gaap_OtherComprehensiveIncomeUnrealizedHoldingGainLossOnSecuritiesArisingDuringPeriodTax' xlink:label='loc_OtherComprehensiveIncomeUnrealizedHoldingGainLossOnSecuritiesArisingDuringPeriodTax' xlink:type='locator' />
<link:loc xlink:href='../elts/us-gaap-2011-01-31.xsd#us-gaap_OtherComprehensiveIncomeReclassificationAdjustmentForHeldToMaturityTransferredToAvailableForSaleSecuritiesTax' xlink:label='loc_OtherComprehensiveIncomeReclassificationAdjustmentForHeldToMaturityTransferredToAvailableForSaleSecuritiesTax' xlink:type='locator' />
<link:loc xlink:href='../elts/us-gaap-2011-01-31.xsd#us-gaap_OtherComprehensiveIncomeReclassificationAdjustmentForSaleOfSecuritiesIncludedInNetIncomeTax' xlink:label='loc_OtherComprehensiveIncomeReclassificationAdjustmentForSaleOfSecuritiesIncludedInNetIncomeTax' xlink:type='locator' />
<link:loc xlink:href='../elts/us-gaap-2011-01-31.xsd#us-gaap_OtherComprehensiveIncomeReclassificationAdjustmentForWriteDownOfSecuritiesIncludedInNetIncomeTax' xlink:label='loc_OtherComprehensiveIncomeReclassificationAdjustmentForWriteDownOfSecuritiesIncludedInNetIncomeTax' xlink:type='locator' />
<link:loc xlink:href='../elts/us-gaap-2011-01-31.xsd#us-gaap_OtherComprehensiveIncomeDefinedBenefitPlansTax' xlink:label='loc_OtherComprehensiveIncomeDefinedBenefitPlansTax' xlink:type='locator' />
<link:loc xlink:href='../elts/us-gaap-2011-01-31.xsd#us-gaap_OtherComprehensiveIncomeDefinedBenefitPlansNetUnamortizedGainLossArisingDuringPeriodTax' xlink:label='loc_OtherComprehensiveIncomeDefinedBenefitPlansNetUnamortizedGainLossArisingDuringPeriodTax' xlink:type='locator' />
<link:loc xlink:href='../elts/us-gaap-2011-01-31.xsd#us-gaap_OtherComprehensiveIncomeReclassificationOfDefinedBenefitPlansNetGainLossRecognizedInNetPeriodicBenefitCostTax' xlink:label='loc_OtherComprehensiveIncomeReclassificationOfDefinedBenefitPlansNetGainLossRecognizedInNetPeriodicBenefitCostTax' xlink:type='locator' />
<link:loc xlink:href='../elts/us-gaap-2011-01-31.xsd#us-gaap_OtherComprehensiveIncomeLossPensionAndOtherPostretirementBenefitPlansPlanAmendmentsTaxEffect' xlink:label='loc_OtherComprehensiveIncomeLossPensionAndOtherPostretirementBenefitPlansPlanAmendmentsTaxEffect' xlink:type='locator' />
<link:loc xlink:href='../elts/us-gaap-2011-01-31.xsd#us-gaap_OtherComprehensiveIncomeLossPensionAndOtherPostretirementBenefitPlansBenefitPlanImprovementTaxEffect' xlink:label='loc_OtherComprehensiveIncomeLossPensionAndOtherPostretirementBenefitPlansBenefitPlanImprovementTaxEffect' xlink:type='locator' />
<link:loc xlink:href='../elts/us-gaap-2011-01-31.xsd#us-gaap_OtherComprehensiveIncomeLossPensionAndOtherPostretirementBenefitPlansCurtailmentTaxEffect' xlink:label='loc_OtherComprehensiveIncomeLossPensionAndOtherPostretirementBenefitPlansCurtailmentTaxEffect' xlink:type='locator' />
<link:loc xlink:href='../elts/us-gaap-2011-01-31.xsd#us-gaap_OtherComprehensiveIncomeLossAmortizationPensionAndOtherPostretirementBenefitPlansNetPriorServiceCostRecognizedInNetPeriodicPensionCostTaxEffect' xlink:label='loc_OtherComprehensiveIncomeLossAmortizationPensionAndOtherPostretirementBenefitPlansNetPriorServiceCostRecognizedInNetPeriodicPensionCostTaxEffect' xlink:type='locator' />
<link:loc xlink:href='../elts/us-gaap-2011-01-31.xsd#us-gaap_OtherComprehensiveIncomeReclassificationOfDefinedBenefitPlantNetTransitionAssetObligationRecognizedInNetPeriodicBenefitCostTax' xlink:label='loc_OtherComprehensiveIncomeReclassificationOfDefinedBenefitPlantNetTransitionAssetObligationRecognizedInNetPeriodicBenefitCostTax' xlink:type='locator' />
<link:loc xlink:href='../elts/us-gaap-2011-01-31.xsd#us-gaap_OtherComprehensiveIncomeMinimumPensionLiabilityNetAdjustmentTax' xlink:label='loc_OtherComprehensiveIncomeMinimumPensionLiabilityNetAdjustmentTax' xlink:type='locator' />
<link:loc xlink:href='../elts/us-gaap-2011-01-31.xsd#us-gaap_OtherComprehensiveIncomeFinalizationOfPensionAndNonPensionPostretirementPlanValuationTax' xlink:label='loc_OtherComprehensiveIncomeFinalizationOfPensionAndNonPensionPostretirementPlanValuationTax' xlink:type='locator' />
<link:loc xlink:href='../elts/us-gaap-2011-01-31.xsd#us-gaap_OtherThanTemporaryImpairmentLossesInvestmentsPortionInOtherComprehensiveIncomeLossTaxIncludingPortionAttributableToNoncontrollingInterest' xlink:label='loc_OtherThanTemporaryImpairmentLossesInvestmentsPortionInOtherComprehensiveIncomeLossTaxIncludingPortionAttributableToNoncontrollingInterest' xlink:type='locator' />
<link:loc xlink:href='../elts/us-gaap-2011-01-31.xsd#us-gaap_OtherThanTemporaryImpairmentLossesInvestmentsPortionInOtherComprehensiveIncomeLossTaxIncludingPortionAttributableToNoncontrollingInterestAvailableforsaleSecurities' xlink:label='loc_OtherThanTemporaryImpairmentLossesInvestmentsPortionInOtherComprehensiveIncomeLossTaxIncludingPortionAttributableToNoncontrollingInterestAvailableforsaleSecurities' xlink:type='locator' />
<link:loc xlink:href='../elts/us-gaap-2011-01-31.xsd#us-gaap_OtherThanTemporaryImpairmentLossesInvestmentsPortionInOtherComprehensiveIncomeLossTaxIncludingPortionAttributableToNoncontrollingInterestHeldtomaturitySecurities' xlink:label='loc_OtherThanTemporaryImpairmentLossesInvestmentsPortionInOtherComprehensiveIncomeLossTaxIncludingPortionAttributableToNoncontrollingInterestHeldtomaturitySecurities' xlink:type='locator' />
<link:loc xlink:href='../elts/us-gaap-2011-01-31.xsd#us-gaap_PartnersCapital' xlink:label='loc_PartnersCapital' xlink:type='locator' />
<link:loc xlink:href='../elts/us-gaap-2011-01-31.xsd#us-gaap_GeneralPartnersCapitalAccount' xlink:label='loc_GeneralPartnersCapitalAccount' xlink:type='locator' />
<link:loc xlink:href='../elts/us-gaap-2011-01-31.xsd#us-gaap_GeneralPartnersContributedCapital' xlink:label='loc_GeneralPartnersContributedCapital' xlink:type='locator' />
<link:loc xlink:href='../elts/us-gaap-2011-01-31.xsd#us-gaap_GeneralPartnersOfferingCosts' xlink:label='loc_GeneralPartnersOfferingCosts' xlink:type='locator' />
<link:loc xlink:href='../elts/us-gaap-2011-01-31.xsd#us-gaap_GeneralPartnersCumulativeCashDistributions' xlink:label='loc_GeneralPartnersCumulativeCashDistributions' xlink:type='locator' />
<link:loc xlink:href='../elts/us-gaap-2011-01-31.xsd#us-gaap_GeneralPartnersCumulativeNetIncome' xlink:label='loc_GeneralPartnersCumulativeNetIncome' xlink:type='locator' />
<link:loc xlink:href='../elts/us-gaap-2011-01-31.xsd#us-gaap_GeneralPartnersShareOfUndistributedEarningsIncentiveDistributionRightEmbeddedInGeneralPartnerInterest' xlink:label='loc_GeneralPartnersShareOfUndistributedEarningsIncentiveDistributionRightEmbeddedInGeneralPartnerInterest' xlink:type='locator' />
<link:loc xlink:href='../elts/us-gaap-2011-01-31.xsd#us-gaap_GeneralPartnersSpecialEarningsAllocation' xlink:label='loc_GeneralPartnersSpecialEarningsAllocation' xlink:type='locator' />
<link:loc xlink:href='../elts/us-gaap-2011-01-31.xsd#us-gaap_LimitedPartnersCapitalAccount' xlink:label='loc_LimitedPartnersCapitalAccount' xlink:type='locator' />
<link:loc xlink:href='../elts/us-gaap-2011-01-31.xsd#us-gaap_LimitedPartnersContributedCapital' xlink:label='loc_LimitedPartnersContributedCapital' xlink:type='locator' />
<link:loc xlink:href='../elts/us-gaap-2011-01-31.xsd#us-gaap_LimitedPartnersOfferingCosts' xlink:label='loc_LimitedPartnersOfferingCosts' xlink:type='locator' />
<link:loc xlink:href='../elts/us-gaap-2011-01-31.xsd#us-gaap_LimitedPartnersCumulativeCashDistributions' xlink:label='loc_LimitedPartnersCumulativeCashDistributions' xlink:type='locator' />
<link:loc xlink:href='../elts/us-gaap-2011-01-31.xsd#us-gaap_LimitedPartnersCumulativeNetIncome' xlink:label='loc_LimitedPartnersCumulativeNetIncome' xlink:type='locator' />
<link:loc xlink:href='../elts/us-gaap-2011-01-31.xsd#us-gaap_LimitedPartnersCumulativeSpecialEarningsLosses' xlink:label='loc_LimitedPartnersCumulativeSpecialEarningsLosses' xlink:type='locator' />
<link:loc xlink:href='../elts/us-gaap-2011-01-31.xsd#us-gaap_PreferredUnitsPreferredPartnersCapitalAccounts' xlink:label='loc_PreferredUnitsPreferredPartnersCapitalAccounts' xlink:type='locator' />
<link:loc xlink:href='../elts/us-gaap-2011-01-31.xsd#us-gaap_PreferredUnitsContributedCapital' xlink:label='loc_PreferredUnitsContributedCapital' xlink:type='locator' />
<link:loc xlink:href='../elts/us-gaap-2011-01-31.xsd#us-gaap_PreferredUnitsOfferingCosts' xlink:label='loc_PreferredUnitsOfferingCosts' xlink:type='locator' />
<link:loc xlink:href='../elts/us-gaap-2011-01-31.xsd#us-gaap_PreferredUnitsCumulativeCashDistributions' xlink:label='loc_PreferredUnitsCumulativeCashDistributions' xlink:type='locator' />
<link:loc xlink:href='../elts/us-gaap-2011-01-31.xsd#us-gaap_PreferredUnitsCumulativeNetIncome' xlink:label='loc_PreferredUnitsCumulativeNetIncome' xlink:type='locator' />
<link:loc xlink:href='../elts/us-gaap-2011-01-31.xsd#us-gaap_OtherOwnershipInterestsCapitalAccount' xlink:label='loc_OtherOwnershipInterestsCapitalAccount' xlink:type='locator' />
<link:loc xlink:href='../elts/us-gaap-2011-01-31.xsd#us-gaap_OtherOwnershipInterestsValue' xlink:label='loc_OtherOwnershipInterestsValue' xlink:type='locator' />
<link:loc xlink:href='../elts/us-gaap-2011-01-31.xsd#us-gaap_OtherOwnershipInterestsOfferingCosts' xlink:label='loc_OtherOwnershipInterestsOfferingCosts' xlink:type='locator' />
<link:loc xlink:href='../elts/us-gaap-2011-01-31.xsd#us-gaap_OtherOwnershipInterestsCumulativeCashDistributions' xlink:label='loc_OtherOwnershipInterestsCumulativeCashDistributions' xlink:type='locator' />
<link:loc xlink:href='../elts/us-gaap-2011-01-31.xsd#us-gaap_OtherOwnershipInterestsCumulativeNetIncome' xlink:label='loc_OtherOwnershipInterestsCumulativeNetIncome' xlink:type='locator' />
<link:loc xlink:href='../elts/us-gaap-2011-01-31.xsd#us-gaap_AccumulatedOtherComprehensiveIncomeLossNetOfTax' xlink:label='loc_AccumulatedOtherComprehensiveIncomeLossNetOfTax' xlink:type='locator' />
<link:loc xlink:href='../elts/us-gaap-2011-01-31.xsd#us-gaap_PartnersCapitalDeferredCompensation' xlink:label='loc_PartnersCapitalDeferredCompensation' xlink:type='locator' />
<link:loc xlink:href='../elts/us-gaap-2011-01-31.xsd#us-gaap_OfferingCostsPartnershipInterests' xlink:label='loc_OfferingCostsPartnershipInterests' xlink:type='locator' />
<link:loc xlink:href='../elts/us-gaap-2011-01-31.xsd#us-gaap_PartnersCapitalAllocatedForIncomeTaxAndOtherWithdrawals' xlink:label='loc_PartnersCapitalAllocatedForIncomeTaxAndOtherWithdrawals' xlink:type='locator' />
<link:loc xlink:href='../elts/us-gaap-2011-01-31.xsd#us-gaap_OtherPartnersCapital' xlink:label='loc_OtherPartnersCapital' xlink:type='locator' />
<link:loc xlink:href='../elts/us-gaap-2011-01-31.xsd#us-gaap_RestatementOfPriorYearIncomeNetOfTax' xlink:label='loc_RestatementOfPriorYearIncomeNetOfTax' xlink:type='locator' />
<link:loc xlink:href='../elts/us-gaap-2011-01-31.xsd#us-gaap_RestatementOfPriorYearIncomeTaxEffects' xlink:label='loc_RestatementOfPriorYearIncomeTaxEffects' xlink:type='locator' />
<link:loc xlink:href='../elts/us-gaap-2011-01-31.xsd#us-gaap_RestatementOfPriorYearIncomeGross' xlink:label='loc_RestatementOfPriorYearIncomeGross' xlink:type='locator' />
<link:loc xlink:href='../elts/us-gaap-2011-01-31.xsd#us-gaap_PreferredStockIncludingAdditionalPaidInCapitalNetOfDiscount' xlink:label='loc_PreferredStockIncludingAdditionalPaidInCapitalNetOfDiscount' xlink:type='locator' />
<link:loc xlink:href='../elts/us-gaap-2011-01-31.xsd#us-gaap_PreferredStockIncludingAdditionalPaidInCapital' xlink:label='loc_PreferredStockIncludingAdditionalPaidInCapital' xlink:type='locator' />
<link:loc xlink:href='../elts/us-gaap-2011-01-31.xsd#us-gaap_PreferredStockValue' xlink:label='loc_PreferredStockValue' xlink:type='locator' />
<link:loc xlink:href='../elts/us-gaap-2011-01-31.xsd#us-gaap_AdditionalPaidInCapitalPreferredStock' xlink:label='loc_AdditionalPaidInCapitalPreferredStock' xlink:type='locator' />
<link:loc xlink:href='../elts/us-gaap-2011-01-31.xsd#us-gaap_PreferredStockDiscountOnShares' xlink:label='loc_PreferredStockDiscountOnShares' xlink:type='locator' />
<link:loc xlink:href='../elts/us-gaap-2011-01-31.xsd#us-gaap_CommonStockIncludingAdditionalPaidInCapitalNetOfDiscount' xlink:label='loc_CommonStockIncludingAdditionalPaidInCapitalNetOfDiscount' xlink:type='locator' />
<link:loc xlink:href='../elts/us-gaap-2011-01-31.xsd#us-gaap_CommonStockIncludingAdditionalPaidInCapital' xlink:label='loc_CommonStockIncludingAdditionalPaidInCapital' xlink:type='locator' />
<link:loc xlink:href='../elts/us-gaap-2011-01-31.xsd#us-gaap_CommonStockDiscountOnShares' xlink:label='loc_CommonStockDiscountOnShares' xlink:type='locator' />
<link:loc xlink:href='../elts/us-gaap-2011-01-31.xsd#us-gaap_OtherComprehensiveIncomeCumulativeEffectOfChangeInAccountingPrincipleNetOfTaxes' xlink:label='loc_OtherComprehensiveIncomeCumulativeEffectOfChangeInAccountingPrincipleNetOfTaxes' xlink:type='locator' />
<link:loc xlink:href='../elts/us-gaap-2011-01-31.xsd#us-gaap_OtherComprehensiveIncomeCumulativeEffectOfChangeInAccountingPrincipleBeforeTaxes' xlink:label='loc_OtherComprehensiveIncomeCumulativeEffectOfChangeInAccountingPrincipleBeforeTaxes' xlink:type='locator' />
<link:loc xlink:href='../elts/us-gaap-2011-01-31.xsd#us-gaap_OtherComprehensiveIncomeCumulativeEffectOfChangeInAccountingPrincipleTaxes' xlink:label='loc_OtherComprehensiveIncomeCumulativeEffectOfChangeInAccountingPrincipleTaxes' xlink:type='locator' />
<link:loc xlink:href='../elts/us-gaap-2011-01-31.xsd#us-gaap_DividendsCommonStock' xlink:label='loc_DividendsCommonStock' xlink:type='locator' />
<link:loc xlink:href='../elts/us-gaap-2011-01-31.xsd#us-gaap_DividendsCommonStockCash' xlink:label='loc_DividendsCommonStockCash' xlink:type='locator' />
<link:loc xlink:href='../elts/us-gaap-2011-01-31.xsd#us-gaap_DividendsCommonStockStock' xlink:label='loc_DividendsCommonStockStock' xlink:type='locator' />
<link:loc xlink:href='../elts/us-gaap-2011-01-31.xsd#us-gaap_DividendsCommonStockPaidinkind' xlink:label='loc_DividendsCommonStockPaidinkind' xlink:type='locator' />
<link:loc xlink:href='../elts/us-gaap-2011-01-31.xsd#us-gaap_DividendsPreferredStock' xlink:label='loc_DividendsPreferredStock' xlink:type='locator' />
<link:loc xlink:href='../elts/us-gaap-2011-01-31.xsd#us-gaap_DividendsPreferredStockCash' xlink:label='loc_DividendsPreferredStockCash' xlink:type='locator' />
<link:loc xlink:href='../elts/us-gaap-2011-01-31.xsd#us-gaap_DividendsPreferredStockStock' xlink:label='loc_DividendsPreferredStockStock' xlink:type='locator' />
<link:loc xlink:href='../elts/us-gaap-2011-01-31.xsd#us-gaap_DividendsPreferredStockPaidinkind' xlink:label='loc_DividendsPreferredStockPaidinkind' xlink:type='locator' />
<link:loc xlink:href='../elts/us-gaap-2011-01-31.xsd#us-gaap_DividendsShareBasedCompensation' xlink:label='loc_DividendsShareBasedCompensation' xlink:type='locator' />
<link:loc xlink:href='../elts/us-gaap-2011-01-31.xsd#us-gaap_DividendsShareBasedCompensationCash' xlink:label='loc_DividendsShareBasedCompensationCash' xlink:type='locator' />
<link:loc xlink:href='../elts/us-gaap-2011-01-31.xsd#us-gaap_DividendsSharebasedCompensationStock' xlink:label='loc_DividendsSharebasedCompensationStock' xlink:type='locator' />
<link:loc xlink:href='../elts/us-gaap-2011-01-31.xsd#us-gaap_DividendsSharebasedCompensationPaidInKind' xlink:label='loc_DividendsSharebasedCompensationPaidInKind' xlink:type='locator' />
<link:loc xlink:href='../elts/us-gaap-2011-01-31.xsd#us-gaap_CumulativeEffectOnRetainedEarningsNetOfTax' xlink:label='loc_CumulativeEffectOnRetainedEarningsNetOfTax' xlink:type='locator' />
<link:loc xlink:href='../elts/us-gaap-2011-01-31.xsd#us-gaap_CumulativeEffectOnRetainedEarningsBeforeTax' xlink:label='loc_CumulativeEffectOnRetainedEarningsBeforeTax' xlink:type='locator' />
<link:loc xlink:href='../elts/us-gaap-2011-01-31.xsd#us-gaap_CumulativeEffectOnRetainedEarningsTax' xlink:label='loc_CumulativeEffectOnRetainedEarningsTax' xlink:type='locator' />
<link:loc xlink:href='../elts/us-gaap-2011-01-31.xsd#us-gaap_EarningsPerShareBasicAndDiluted' xlink:label='loc_EarningsPerShareBasicAndDiluted' xlink:type='locator' />
<link:loc xlink:href='../elts/us-gaap-2011-01-31.xsd#us-gaap_IncomeLossFromExtraordinaryItemsNetOfTaxPerBasicAndDilutedShare' xlink:label='loc_IncomeLossFromExtraordinaryItemsNetOfTaxPerBasicAndDilutedShare' xlink:type='locator' />
<link:loc xlink:href='../elts/us-gaap-2011-01-31.xsd#us-gaap_IncomeLossFromOperationsBeforeExtraordinaryItemsPerBasicAndDilutedShare' xlink:label='loc_IncomeLossFromOperationsBeforeExtraordinaryItemsPerBasicAndDilutedShare' xlink:type='locator' />
<link:loc xlink:href='../elts/us-gaap-2011-01-31.xsd#us-gaap_IncomeLossFromContinuingOperationsPerBasicAndDilutedShare' xlink:label='loc_IncomeLossFromContinuingOperationsPerBasicAndDilutedShare' xlink:type='locator' />
<link:loc xlink:href='../elts/us-gaap-2011-01-31.xsd#us-gaap_IncomeLossFromDiscontinuedOperationsNetOfTaxPerBasicAndDilutedShare' xlink:label='loc_IncomeLossFromDiscontinuedOperationsNetOfTaxPerBasicAndDilutedShare' xlink:type='locator' />
<calculationArc order='10' use='optional' weight='1.0' xlink:arcrole='http://www.xbrl.org/2003/arcrole/summation-item' xlink:from='loc_AuctionMarketPreferredSecuritiesDividendPaidFromEarningsAndCapital' xlink:to='loc_AuctionMarketPreferredSecuritiesDividendPaidFromEarnings' xlink:type='arc' />
<calculationArc order='20' use='optional' weight='1.0' xlink:arcrole='http://www.xbrl.org/2003/arcrole/summation-item' xlink:from='loc_AuctionMarketPreferredSecuritiesDividendPaidFromEarningsAndCapital' xlink:to='loc_AuctionMarketPreferredSecuritiesDividendPaidFromCapital' xlink:type='arc' />
<calculationArc order='10' use='optional' weight='1.0' xlink:arcrole='http://www.xbrl.org/2003/arcrole/summation-item' xlink:from='loc_AuctionMarketPreferredSecuritiesStockSharesOutstandingPeriodIncreaseDecrease' xlink:to='loc_AuctionMarketPreferredSecuritiesSharesIssued' xlink:type='arc' />
<calculationArc order='20' use='optional' weight='-1.0' xlink:arcrole='http://www.xbrl.org/2003/arcrole/summation-item' xlink:from='loc_AuctionMarketPreferredSecuritiesStockSharesOutstandingPeriodIncreaseDecrease' xlink:to='loc_AuctionMarketPreferredSecuritiesSharesRedeemed' xlink:type='arc' />
<calculationArc order='10' weight='1.0' xlink:arcrole='http://www.xbrl.org/2003/arcrole/summation-item' xlink:from='loc_EarningsPerShareBasic' xlink:to='loc_IncomeLossFromExtraordinaryItemsNetOfTaxPerBasicShare' xlink:type='arc' />
<calculationArc order='20' weight='1.0' xlink:arcrole='http://www.xbrl.org/2003/arcrole/summation-item' xlink:from='loc_EarningsPerShareBasic' xlink:to='loc_IncomeLossBeforeExtraordinaryItemsAndCumulativeEffectOfChangeInAccountingPrinciplePerBasicShare' xlink:type='arc' />
<calculationArc order='10' weight='1.0' xlink:arcrole='http://www.xbrl.org/2003/arcrole/summation-item' xlink:from='loc_IncomeLossBeforeExtraordinaryItemsAndCumulativeEffectOfChangeInAccountingPrinciplePerBasicShare' xlink:to='loc_IncomeLossFromContinuingOperationsPerBasicShare' xlink:type='arc' />
<calculationArc order='20' weight='1.0' xlink:arcrole='http://www.xbrl.org/2003/arcrole/summation-item' xlink:from='loc_IncomeLossBeforeExtraordinaryItemsAndCumulativeEffectOfChangeInAccountingPrinciplePerBasicShare' xlink:to='loc_IncomeLossFromDiscontinuedOperationsNetOfTaxPerBasicShare' xlink:type='arc' />
<calculationArc order='10' weight='1.0' xlink:arcrole='http://www.xbrl.org/2003/arcrole/summation-item' xlink:from='loc_EarningsPerShareDiluted' xlink:to='loc_IncomeLossFromExtraordinaryItemsNetOfTaxPerDilutedShare' xlink:type='arc' />
<calculationArc order='20' weight='1.0' xlink:arcrole='http://www.xbrl.org/2003/arcrole/summation-item' xlink:from='loc_EarningsPerShareDiluted' xlink:to='loc_IncomeLossBeforeExtraordinaryItemsAndCumulativeEffectOfChangeInAccountingPrinciplePerDilutedShare' xlink:type='arc' />
<calculationArc order='10' weight='1.0' xlink:arcrole='http://www.xbrl.org/2003/arcrole/summation-item' xlink:from='loc_IncomeLossBeforeExtraordinaryItemsAndCumulativeEffectOfChangeInAccountingPrinciplePerDilutedShare' xlink:to='loc_IncomeLossFromContinuingOperationsPerDilutedShare' xlink:type='arc' />
<calculationArc order='20' weight='1.0' xlink:arcrole='http://www.xbrl.org/2003/arcrole/summation-item' xlink:from='loc_IncomeLossBeforeExtraordinaryItemsAndCumulativeEffectOfChangeInAccountingPrinciplePerDilutedShare' xlink:to='loc_IncomeLossFromDiscontinuedOperationsNetOfTaxPerDilutedShare' xlink:type='arc' />
<calculationArc order='10' weight='1.0' xlink:arcrole='http://www.xbrl.org/2003/arcrole/summation-item' xlink:from='loc_EffectOnAccumulatedOtherComprehensiveIncomeLossDueToChangeInMeasurementDateNetOfTax' xlink:to='loc_EffectOnAccumulatedOtherComprehensiveIncomeLossDueToChangeInMeasurementDateBeforeTax' xlink:type='arc' />
<calculationArc order='20' weight='-1.0' xlink:arcrole='http://www.xbrl.org/2003/arcrole/summation-item' xlink:from='loc_EffectOnAccumulatedOtherComprehensiveIncomeLossDueToChangeInMeasurementDateNetOfTax' xlink:to='loc_EffectOnAccumulatedOtherComprehensiveIncomeLossDueToChangeInMeasurementDateTax' xlink:type='arc' />
<calculationArc order='10' weight='1.0' xlink:arcrole='http://www.xbrl.org/2003/arcrole/summation-item' xlink:from='loc_EffectOnRetainedEarningsAccumulatedDeficitDueToChangeInMeasurementDateNetOfTax' xlink:to='loc_EffectOnRetainedEarningsAccumulatedDeficitDueToChangeInMeasurementDateBeforeTax' xlink:type='arc' />
<calculationArc order='20' weight='-1.0' xlink:arcrole='http://www.xbrl.org/2003/arcrole/summation-item' xlink:from='loc_EffectOnRetainedEarningsAccumulatedDeficitDueToChangeInMeasurementDateNetOfTax' xlink:to='loc_EffectOnRetainedEarningsAccumulatedDeficitDueToChangeInMeasurementDateTax' xlink:type='arc' />
<calculationArc order='10' weight='1.0' xlink:arcrole='http://www.xbrl.org/2003/arcrole/summation-item' xlink:from='loc_OtherComprehensiveIncomeLossBeforeTaxPeriodIncreaseDecrease' xlink:to='loc_OtherComprehensiveIncomeForeignCurrencyTransactionAndTranslationAdjustmentBeforeTaxPeriodIncreaseDecrease' xlink:type='arc' />
<calculationArc order='10' weight='1.0' xlink:arcrole='http://www.xbrl.org/2003/arcrole/summation-item' xlink:from='loc_OtherComprehensiveIncomeForeignCurrencyTransactionAndTranslationAdjustmentBeforeTaxPeriodIncreaseDecrease' xlink:to='loc_OtherComprehensiveIncomeForeignCurrencyTransactionAndTranslationGainLossBeforeReclassificationAndTax' xlink:type='arc' />
<calculationArc order='20' weight='-1.0' xlink:arcrole='http://www.xbrl.org/2003/arcrole/summation-item' xlink:from='loc_OtherComprehensiveIncomeForeignCurrencyTransactionAndTranslationAdjustmentBeforeTaxPeriodIncreaseDecrease' xlink:to='loc_OtherComprehensiveIncomeForeignCurrencyTransactionAndTranslationReclassificationAdjustmentRealizedUponSaleOrLiquidationBeforeTax' xlink:type='arc' />
<calculationArc order='20' weight='1.0' xlink:arcrole='http://www.xbrl.org/2003/arcrole/summation-item' xlink:from='loc_OtherComprehensiveIncomeLossBeforeTaxPeriodIncreaseDecrease' xlink:to='loc_OtherComprehensiveIncomeAvailableForSaleSecuritiesAdjustmentBeforeTaxPeriodIncreaseDecrease' xlink:type='arc' />
<calculationArc order='10' weight='1.0' xlink:arcrole='http://www.xbrl.org/2003/arcrole/summation-item' xlink:from='loc_OtherComprehensiveIncomeAvailableForSaleSecuritiesAdjustmentBeforeTaxPeriodIncreaseDecrease' xlink:to='loc_OtherComprehensiveIncomeUnrealizedHoldingGainLossOnSecuritiesArisingDuringPeriodBeforeTax' xlink:type='arc' />
<calculationArc order='20' weight='1.0' xlink:arcrole='http://www.xbrl.org/2003/arcrole/summation-item' xlink:from='loc_OtherComprehensiveIncomeAvailableForSaleSecuritiesAdjustmentBeforeTaxPeriodIncreaseDecrease' xlink:to='loc_OtherComprehensiveIncomeReclassificationAdjustmentForHeldToMaturityTransferredToAvailableForSaleSecuritiesBeforeTax' xlink:type='arc' />
<calculationArc order='30' weight='-1.0' xlink:arcrole='http://www.xbrl.org/2003/arcrole/summation-item' xlink:from='loc_OtherComprehensiveIncomeAvailableForSaleSecuritiesAdjustmentBeforeTaxPeriodIncreaseDecrease' xlink:to='loc_OtherComprehensiveIncomeReclassificationAdjustmentForSaleOfSecuritiesIncludedInNetIncomeBeforeTax' xlink:type='arc' />
<calculationArc order='40' weight='-1.0' xlink:arcrole='http://www.xbrl.org/2003/arcrole/summation-item' xlink:from='loc_OtherComprehensiveIncomeAvailableForSaleSecuritiesAdjustmentBeforeTaxPeriodIncreaseDecrease' xlink:to='loc_OtherComprehensiveIncomeReclassificationAdjustmentForWriteDownOfSecuritiesIncludedInNetIncomeBeforeTax' xlink:type='arc' />
<calculationArc order='30' weight='-1.0' xlink:arcrole='http://www.xbrl.org/2003/arcrole/summation-item' xlink:from='loc_OtherComprehensiveIncomeLossBeforeTaxPeriodIncreaseDecrease' xlink:to='loc_OtherComprehensiveIncomeDefinedBenefitPlansAdjustmentBeforeTaxPeriodIncreaseDecrease' xlink:type='arc' />
<calculationArc order='10' weight='1.0' xlink:arcrole='http://www.xbrl.org/2003/arcrole/summation-item' xlink:from='loc_OtherComprehensiveIncomeDefinedBenefitPlansAdjustmentBeforeTaxPeriodIncreaseDecrease' xlink:to='loc_OtherComprehensiveIncomeDefinedBenefitPlanNetPriorServiceCostCreditArisingDuringPeriodBeforeTax' xlink:type='arc' />
<calculationArc order='20' weight='-1.0' xlink:arcrole='http://www.xbrl.org/2003/arcrole/summation-item' xlink:from='loc_OtherComprehensiveIncomeDefinedBenefitPlansAdjustmentBeforeTaxPeriodIncreaseDecrease' xlink:to='loc_OtherComprehensiveIncomeAmortizationOfDefinedBenefitPlanNetPriorServiceCostCreditRecognizedInNetPeriodicBenefitCostBeforeTax' xlink:type='arc' />
<calculationArc order='30' weight='1.0' xlink:arcrole='http://www.xbrl.org/2003/arcrole/summation-item' xlink:from='loc_OtherComprehensiveIncomeDefinedBenefitPlansAdjustmentBeforeTaxPeriodIncreaseDecrease' xlink:to='loc_OtherComprehensiveIncomeDefinedBenefitPlansNetUnamortizedGainLossArisingDuringPeriodBeforeTax' xlink:type='arc' />
<calculationArc order='40' weight='-1.0' xlink:arcrole='http://www.xbrl.org/2003/arcrole/summation-item' xlink:from='loc_OtherComprehensiveIncomeDefinedBenefitPlansAdjustmentBeforeTaxPeriodIncreaseDecrease' xlink:to='loc_OtherComprehensiveIncomeReclassificationOfDefinedBenefitPlansNetGainLossRecognizedInNetPeriodicBenefitCostBeforeTax' xlink:type='arc' />
<calculationArc order='50' weight='-1.0' xlink:arcrole='http://www.xbrl.org/2003/arcrole/summation-item' xlink:from='loc_OtherComprehensiveIncomeDefinedBenefitPlansAdjustmentBeforeTaxPeriodIncreaseDecrease' xlink:to='loc_OtherComprehensiveIncomeReclassificationOfDefinedBenefitPlanNetTransitionAssetObligationRecognizedInNetPeriodicBenefitCostBeforeTax' xlink:type='arc' />
<calculationArc order='60' weight='1.0' xlink:arcrole='http://www.xbrl.org/2003/arcrole/summation-item' xlink:from='loc_OtherComprehensiveIncomeDefinedBenefitPlansAdjustmentBeforeTaxPeriodIncreaseDecrease' xlink:to='loc_OtherComprehensiveIncomeMinimumPensionLiabilityNetAdjustmentBeforeTax' xlink:type='arc' />
<calculationArc order='70' weight='1.0' xlink:arcrole='http://www.xbrl.org/2003/arcrole/summation-item' xlink:from='loc_OtherComprehensiveIncomeDefinedBenefitPlansAdjustmentBeforeTaxPeriodIncreaseDecrease' xlink:to='loc_OtherComprehensiveIncomeFinalizationOfPensionAndNonPensionPostretirementPlanValuationBeforeTax' xlink:type='arc' />
<calculationArc order='40' weight='1.0' xlink:arcrole='http://www.xbrl.org/2003/arcrole/summation-item' xlink:from='loc_OtherComprehensiveIncomeLossBeforeTaxPeriodIncreaseDecrease' xlink:to='loc_OtherComprehensiveIncomeDerivativesQualifyingAsHedgesBeforeTaxPeriodIncreaseDecrease' xlink:type='arc' />
<calculationArc order='10' weight='1.0' xlink:arcrole='http://www.xbrl.org/2003/arcrole/summation-item' xlink:from='loc_OtherComprehensiveIncomeDerivativesQualifyingAsHedgesBeforeTaxPeriodIncreaseDecrease' xlink:to='loc_OtherComprehensiveIncomeUnrealizedGainLossOnDerivativesArisingDuringPeriodBeforeTax' xlink:type='arc' />
<calculationArc order='20' weight='-1.0' xlink:arcrole='http://www.xbrl.org/2003/arcrole/summation-item' xlink:from='loc_OtherComprehensiveIncomeDerivativesQualifyingAsHedgesBeforeTaxPeriodIncreaseDecrease' xlink:to='loc_OtherComprehensiveIncomeReclassificationAdjustmentOnDerivativesIncludedInNetIncomeBeforeTax' xlink:type='arc' />
<calculationArc order='50' weight='-1.0' xlink:arcrole='http://www.xbrl.org/2003/arcrole/summation-item' xlink:from='loc_OtherComprehensiveIncomeLossBeforeTaxPeriodIncreaseDecrease' xlink:to='loc_OtherThanTemporaryImpairmentLossesInvestmentsPortionInOtherComprehensiveIncomeLossBeforeTaxIncludingPortionAttributableToNoncontrollingInterest' xlink:type='arc' />
<calculationArc order='10' weight='1.0' xlink:arcrole='http://www.xbrl.org/2003/arcrole/summation-item' xlink:from='loc_OtherThanTemporaryImpairmentLossesInvestmentsPortionInOtherComprehensiveIncomeLossBeforeTaxIncludingPortionAttributableToNoncontrollingInterest' xlink:to='loc_OtherThanTemporaryImpairmentLossesInvestmentsPortionInOtherComprehensiveIncomeLossBeforeTaxIncludingPortionAttributableToNoncontrollingInterestAvailableforsaleSecurities' xlink:type='arc' />
<calculationArc order='20' weight='1.0' xlink:arcrole='http://www.xbrl.org/2003/arcrole/summation-item' xlink:from='loc_OtherThanTemporaryImpairmentLossesInvestmentsPortionInOtherComprehensiveIncomeLossBeforeTaxIncludingPortionAttributableToNoncontrollingInterest' xlink:to='loc_OtherThanTemporaryImpairmentLossesInvestmentsPortionInOtherComprehensiveIncomeLossBeforeTaxIncludingPortionAttributableToNoncontrollingInterestHeldtomaturitySecurities' xlink:type='arc' />
<calculationArc order='10' weight='1.0' xlink:arcrole='http://www.xbrl.org/2003/arcrole/summation-item' xlink:from='loc_OtherComprehensiveIncomeLossNetOfTaxPeriodIncreaseDecrease' xlink:to='loc_OtherComprehensiveIncomeForeignCurrencyTransactionAndTranslationAdjustmentNetOfTaxPeriodIncreaseDecrease' xlink:type='arc' />
<calculationArc order='10' weight='1.0' xlink:arcrole='http://www.xbrl.org/2003/arcrole/summation-item' xlink:from='loc_OtherComprehensiveIncomeForeignCurrencyTransactionAndTranslationAdjustmentNetOfTaxPeriodIncreaseDecrease' xlink:to='loc_OtherComprehensiveIncomeForeignCurrencyTransactionAndTranslationGainLossArisingDuringPeriodNetOfTax' xlink:type='arc' />
<calculationArc order='20' weight='-1.0' xlink:arcrole='http://www.xbrl.org/2003/arcrole/summation-item' xlink:from='loc_OtherComprehensiveIncomeForeignCurrencyTransactionAndTranslationAdjustmentNetOfTaxPeriodIncreaseDecrease' xlink:to='loc_OtherComprehensiveIncomeForeignCurrencyTransactionAndTranslationReclassificationAdjustmentRealizedUponSaleOrLiquidationNetOfTax' xlink:type='arc' />
<calculationArc order='20' weight='-1.0' xlink:arcrole='http://www.xbrl.org/2003/arcrole/summation-item' xlink:from='loc_OtherComprehensiveIncomeLossNetOfTaxPeriodIncreaseDecrease' xlink:to='loc_OtherComprehensiveIncomeDefinedBenefitPlansAdjustmentNetOfTaxPeriodIncreaseDecrease' xlink:type='arc' />
<calculationArc order='10' weight='-1.0' xlink:arcrole='http://www.xbrl.org/2003/arcrole/summation-item' xlink:from='loc_OtherComprehensiveIncomeDefinedBenefitPlansAdjustmentNetOfTaxPeriodIncreaseDecrease' xlink:to='loc_OtherComprehensiveIncomeDefinedBenefitPlanNetPriorServiceCostsCreditArisingDuringPeriodNetOfTax' xlink:type='arc' />
<calculationArc order='20' weight='1.0' xlink:arcrole='http://www.xbrl.org/2003/arcrole/summation-item' xlink:from='loc_OtherComprehensiveIncomeDefinedBenefitPlansAdjustmentNetOfTaxPeriodIncreaseDecrease' xlink:to='loc_OtherComprehensiveIncomeDefinedBenefitPlansNetUnamortizedGainLossArisingDuringPeriodNetOfTax' xlink:type='arc' />
<calculationArc order='30' weight='1.0' xlink:arcrole='http://www.xbrl.org/2003/arcrole/summation-item' xlink:from='loc_OtherComprehensiveIncomeDefinedBenefitPlansAdjustmentNetOfTaxPeriodIncreaseDecrease' xlink:to='loc_OtherComprehensiveIncomeReclassificationOfDefinedBenefitPlansNetGainLossRecognizedInNetPeriodicBenefitCostNetOfTax' xlink:type='arc' />
<calculationArc order='40' weight='1.0' xlink:arcrole='http://www.xbrl.org/2003/arcrole/summation-item' xlink:from='loc_OtherComprehensiveIncomeDefinedBenefitPlansAdjustmentNetOfTaxPeriodIncreaseDecrease' xlink:to='loc_OtherComprehensiveIncomeReclassificationOfDefinedBenefitPlanNetTransitionAssetObligationRecognizedInNetPeriodicBenefitCostNetOfTax' xlink:type='arc' />
<calculationArc order='50' weight='-1.0' xlink:arcrole='http://www.xbrl.org/2003/arcrole/summation-item' xlink:from='loc_OtherComprehensiveIncomeDefinedBenefitPlansAdjustmentNetOfTaxPeriodIncreaseDecrease' xlink:to='loc_OtherComprehensiveIncomeMinimumPensionLiabilityNetAdjustmentNetOfTax' xlink:type='arc' />
<calculationArc order='60' weight='1.0' xlink:arcrole='http://www.xbrl.org/2003/arcrole/summation-item' xlink:from='loc_OtherComprehensiveIncomeDefinedBenefitPlansAdjustmentNetOfTaxPeriodIncreaseDecrease' xlink:to='loc_OtherComprehensiveIncomeAmortizationOfDefinedBenefitPlanNetPriorServiceCostRecognizedInNetPeriodicPensionCostNetOfTax' xlink:type='arc' />
<calculationArc order='70' weight='-1.0' xlink:arcrole='http://www.xbrl.org/2003/arcrole/summation-item' xlink:from='loc_OtherComprehensiveIncomeDefinedBenefitPlansAdjustmentNetOfTaxPeriodIncreaseDecrease' xlink:to='loc_OtherComprehensiveIncomeFinalizationOfPensionAndNonPensionPostretirementPlanValuationNetOfTax' xlink:type='arc' />
<calculationArc order='30' weight='1.0' xlink:arcrole='http://www.xbrl.org/2003/arcrole/summation-item' xlink:from='loc_OtherComprehensiveIncomeLossNetOfTaxPeriodIncreaseDecrease' xlink:to='loc_OtherComprehensiveIncomeAvailableForSaleSecuritiesAdjustmentNetOfTaxPeriodIncreaseDecrease' xlink:type='arc' />
<calculationArc order='10' weight='1.0' xlink:arcrole='http://www.xbrl.org/2003/arcrole/summation-item' xlink:from='loc_OtherComprehensiveIncomeAvailableForSaleSecuritiesAdjustmentNetOfTaxPeriodIncreaseDecrease' xlink:to='loc_OtherComprehensiveIncomeUnrealizedHoldingGainLossOnSecuritiesArisingDuringPeriodNetOfTax' xlink:type='arc' />
<calculationArc order='20' weight='-1.0' xlink:arcrole='http://www.xbrl.org/2003/arcrole/summation-item' xlink:from='loc_OtherComprehensiveIncomeAvailableForSaleSecuritiesAdjustmentNetOfTaxPeriodIncreaseDecrease' xlink:to='loc_OtherComprehensiveIncomeReclassificationAdjustmentForHeldToMaturityTransferredToAvailableForSaleSecuritiesNetOfTax' xlink:type='arc' />
<calculationArc order='30' weight='-1.0' xlink:arcrole='http://www.xbrl.org/2003/arcrole/summation-item' xlink:from='loc_OtherComprehensiveIncomeAvailableForSaleSecuritiesAdjustmentNetOfTaxPeriodIncreaseDecrease' xlink:to='loc_OtherComprehensiveIncomeReclassificationAdjustmentForSaleOfSecuritiesIncludedInNetIncomeNetOfTax' xlink:type='arc' />
<calculationArc order='40' weight='-1.0' xlink:arcrole='http://www.xbrl.org/2003/arcrole/summation-item' xlink:from='loc_OtherComprehensiveIncomeAvailableForSaleSecuritiesAdjustmentNetOfTaxPeriodIncreaseDecrease' xlink:to='loc_OtherComprehensiveIncomeReclassificationAdjustmentForWriteDownOfSecuritiesIncludedInNetIncomeNetOfTax' xlink:type='arc' />
<calculationArc order='40' weight='-1.0' xlink:arcrole='http://www.xbrl.org/2003/arcrole/summation-item' xlink:from='loc_OtherComprehensiveIncomeLossNetOfTaxPeriodIncreaseDecrease' xlink:to='loc_OtherThanTemporaryImpairmentLossesInvestmentsPortionInOtherComprehensiveIncomeLossNetOfTaxIncludingPortionAttributableToNoncontrollingInterest' xlink:type='arc' />
<calculationArc order='10' weight='1.0' xlink:arcrole='http://www.xbrl.org/2003/arcrole/summation-item' xlink:from='loc_OtherThanTemporaryImpairmentLossesInvestmentsPortionInOtherComprehensiveIncomeLossNetOfTaxIncludingPortionAttributableToNoncontrollingInterest' xlink:to='loc_OtherThanTemporaryImpairmentLossesInvestmentsPortionInOtherComprehensiveIncomeLossNetOfTaxIncludingPortionAttributableToNoncontrollingInterestAvailableforsaleSecurities' xlink:type='arc' />
<calculationArc order='20' weight='1.0' xlink:arcrole='http://www.xbrl.org/2003/arcrole/summation-item' xlink:from='loc_OtherThanTemporaryImpairmentLossesInvestmentsPortionInOtherComprehensiveIncomeLossNetOfTaxIncludingPortionAttributableToNoncontrollingInterest' xlink:to='loc_OtherThanTemporaryImpairmentLossesInvestmentsPortionInOtherComprehensiveIncomeLossNetOfTaxIncludingPortionAttributableToNoncontrollingInterestHeldtomaturitySecurities' xlink:type='arc' />
<calculationArc order='50' weight='1.0' xlink:arcrole='http://www.xbrl.org/2003/arcrole/summation-item' xlink:from='loc_OtherComprehensiveIncomeLossNetOfTaxPeriodIncreaseDecrease' xlink:to='loc_OtherComprehensiveIncomeDerivativesQualifyingAsHedgesNetOfTaxPeriodIncreaseDecrease' xlink:type='arc' />
<calculationArc order='10' weight='1.0' xlink:arcrole='http://www.xbrl.org/2003/arcrole/summation-item' xlink:from='loc_OtherComprehensiveIncomeDerivativesQualifyingAsHedgesNetOfTaxPeriodIncreaseDecrease' xlink:to='loc_OtherComprehensiveIncomeUnrealizedGainLossOnDerivativesArisingDuringPeriodNetOfTax' xlink:type='arc' />
<calculationArc order='20' weight='-1.0' xlink:arcrole='http://www.xbrl.org/2003/arcrole/summation-item' xlink:from='loc_OtherComprehensiveIncomeDerivativesQualifyingAsHedgesNetOfTaxPeriodIncreaseDecrease' xlink:to='loc_OtherComprehensiveIncomeReclassificationAdjustmentOnDerivativesIncludedInNetIncomeNetOfTax' xlink:type='arc' />
<calculationArc order='10' weight='1.0' xlink:arcrole='http://www.xbrl.org/2003/arcrole/summation-item' xlink:from='loc_OtherComprehensiveIncomeLossTax' xlink:to='loc_OtherComprehensiveIncomeForeignCurrencyTranslationAdjustmentTax' xlink:type='arc' />
<calculationArc order='10' weight='1.0' xlink:arcrole='http://www.xbrl.org/2003/arcrole/summation-item' xlink:from='loc_OtherComprehensiveIncomeForeignCurrencyTranslationAdjustmentTax' xlink:to='loc_OtherComprehensiveIncomeForeignCurrencyTranslationGainLossArisingDuringPeriodTax' xlink:type='arc' />
<calculationArc order='20' weight='-1.0' xlink:arcrole='http://www.xbrl.org/2003/arcrole/summation-item' xlink:from='loc_OtherComprehensiveIncomeForeignCurrencyTranslationAdjustmentTax' xlink:to='loc_OtherComprehensiveIncomeForeignCurrencyTranslationReclassificationAdjustmentRealizedUponSaleOrLiquidationTax' xlink:type='arc' />
<calculationArc order='20' weight='1.0' xlink:arcrole='http://www.xbrl.org/2003/arcrole/summation-item' xlink:from='loc_OtherComprehensiveIncomeLossTax' xlink:to='loc_OtherComprehensiveIncomeDerivativesQualifyingAsHedgesTaxEffectPeriodIncreaseDecrease' xlink:type='arc' />
<calculationArc order='10' weight='1.0' xlink:arcrole='http://www.xbrl.org/2003/arcrole/summation-item' xlink:from='loc_OtherComprehensiveIncomeDerivativesQualifyingAsHedgesTaxEffectPeriodIncreaseDecrease' xlink:to='loc_OtherComprehensiveIncomeUnrealizedGainLossOnDerivativesArisingDuringPeriodTax' xlink:type='arc' />
<calculationArc order='20' weight='-1.0' xlink:arcrole='http://www.xbrl.org/2003/arcrole/summation-item' xlink:from='loc_OtherComprehensiveIncomeDerivativesQualifyingAsHedgesTaxEffectPeriodIncreaseDecrease' xlink:to='loc_OtherComprehensiveIncomeReclassificationAdjustmentOnDerivativesIncludedInNetIncomeTax' xlink:type='arc' />
<calculationArc order='30' weight='1.0' xlink:arcrole='http://www.xbrl.org/2003/arcrole/summation-item' xlink:from='loc_OtherComprehensiveIncomeLossTax' xlink:to='loc_OtherComprehensiveIncomeAvailableForSaleSecuritiesTax' xlink:type='arc' />
<calculationArc order='10' weight='1.0' xlink:arcrole='http://www.xbrl.org/2003/arcrole/summation-item' xlink:from='loc_OtherComprehensiveIncomeAvailableForSaleSecuritiesTax' xlink:to='loc_OtherComprehensiveIncomeUnrealizedHoldingGainLossOnSecuritiesArisingDuringPeriodTax' xlink:type='arc' />
<calculationArc order='20' weight='1.0' xlink:arcrole='http://www.xbrl.org/2003/arcrole/summation-item' xlink:from='loc_OtherComprehensiveIncomeAvailableForSaleSecuritiesTax' xlink:to='loc_OtherComprehensiveIncomeReclassificationAdjustmentForHeldToMaturityTransferredToAvailableForSaleSecuritiesTax' xlink:type='arc' />
<calculationArc order='30' weight='-1.0' xlink:arcrole='http://www.xbrl.org/2003/arcrole/summation-item' xlink:from='loc_OtherComprehensiveIncomeAvailableForSaleSecuritiesTax' xlink:to='loc_OtherComprehensiveIncomeReclassificationAdjustmentForSaleOfSecuritiesIncludedInNetIncomeTax' xlink:type='arc' />
<calculationArc order='40' weight='-1.0' xlink:arcrole='http://www.xbrl.org/2003/arcrole/summation-item' xlink:from='loc_OtherComprehensiveIncomeAvailableForSaleSecuritiesTax' xlink:to='loc_OtherComprehensiveIncomeReclassificationAdjustmentForWriteDownOfSecuritiesIncludedInNetIncomeTax' xlink:type='arc' />
<calculationArc order='40' weight='-1.0' xlink:arcrole='http://www.xbrl.org/2003/arcrole/summation-item' xlink:from='loc_OtherComprehensiveIncomeLossTax' xlink:to='loc_OtherComprehensiveIncomeDefinedBenefitPlansTax' xlink:type='arc' />
<calculationArc order='10' weight='1.0' xlink:arcrole='http://www.xbrl.org/2003/arcrole/summation-item' xlink:from='loc_OtherComprehensiveIncomeDefinedBenefitPlansTax' xlink:to='loc_OtherComprehensiveIncomeDefinedBenefitPlansNetUnamortizedGainLossArisingDuringPeriodTax' xlink:type='arc' />
<calculationArc order='20' weight='-1.0' xlink:arcrole='http://www.xbrl.org/2003/arcrole/summation-item' xlink:from='loc_OtherComprehensiveIncomeDefinedBenefitPlansTax' xlink:to='loc_OtherComprehensiveIncomeReclassificationOfDefinedBenefitPlansNetGainLossRecognizedInNetPeriodicBenefitCostTax' xlink:type='arc' />
<calculationArc order='30' weight='-1.0' xlink:arcrole='http://www.xbrl.org/2003/arcrole/summation-item' xlink:from='loc_OtherComprehensiveIncomeDefinedBenefitPlansTax' xlink:to='loc_OtherComprehensiveIncomeLossPensionAndOtherPostretirementBenefitPlansPlanAmendmentsTaxEffect' xlink:type='arc' />
<calculationArc order='10' weight='1.0' xlink:arcrole='http://www.xbrl.org/2003/arcrole/summation-item' xlink:from='loc_OtherComprehensiveIncomeLossPensionAndOtherPostretirementBenefitPlansPlanAmendmentsTaxEffect' xlink:to='loc_OtherComprehensiveIncomeLossPensionAndOtherPostretirementBenefitPlansBenefitPlanImprovementTaxEffect' xlink:type='arc' />
<calculationArc order='20' weight='-1.0' xlink:arcrole='http://www.xbrl.org/2003/arcrole/summation-item' xlink:from='loc_OtherComprehensiveIncomeLossPensionAndOtherPostretirementBenefitPlansPlanAmendmentsTaxEffect' xlink:to='loc_OtherComprehensiveIncomeLossPensionAndOtherPostretirementBenefitPlansCurtailmentTaxEffect' xlink:type='arc' />
<calculationArc order='40' weight='1.0' xlink:arcrole='http://www.xbrl.org/2003/arcrole/summation-item' xlink:from='loc_OtherComprehensiveIncomeDefinedBenefitPlansTax' xlink:to='loc_OtherComprehensiveIncomeLossAmortizationPensionAndOtherPostretirementBenefitPlansNetPriorServiceCostRecognizedInNetPeriodicPensionCostTaxEffect' xlink:type='arc' />
<calculationArc order='50' weight='-1.0' xlink:arcrole='http://www.xbrl.org/2003/arcrole/summation-item' xlink:from='loc_OtherComprehensiveIncomeDefinedBenefitPlansTax' xlink:to='loc_OtherComprehensiveIncomeReclassificationOfDefinedBenefitPlantNetTransitionAssetObligationRecognizedInNetPeriodicBenefitCostTax' xlink:type='arc' />
<calculationArc order='60' weight='1.0' xlink:arcrole='http://www.xbrl.org/2003/arcrole/summation-item' xlink:from='loc_OtherComprehensiveIncomeDefinedBenefitPlansTax' xlink:to='loc_OtherComprehensiveIncomeMinimumPensionLiabilityNetAdjustmentTax' xlink:type='arc' />
<calculationArc order='70' weight='1.0' xlink:arcrole='http://www.xbrl.org/2003/arcrole/summation-item' xlink:from='loc_OtherComprehensiveIncomeDefinedBenefitPlansTax' xlink:to='loc_OtherComprehensiveIncomeFinalizationOfPensionAndNonPensionPostretirementPlanValuationTax' xlink:type='arc' />
<calculationArc order='50' weight='-1.0' xlink:arcrole='http://www.xbrl.org/2003/arcrole/summation-item' xlink:from='loc_OtherComprehensiveIncomeLossTax' xlink:to='loc_OtherThanTemporaryImpairmentLossesInvestmentsPortionInOtherComprehensiveIncomeLossTaxIncludingPortionAttributableToNoncontrollingInterest' xlink:type='arc' />
<calculationArc order='10' weight='1.0' xlink:arcrole='http://www.xbrl.org/2003/arcrole/summation-item' xlink:from='loc_OtherThanTemporaryImpairmentLossesInvestmentsPortionInOtherComprehensiveIncomeLossTaxIncludingPortionAttributableToNoncontrollingInterest' xlink:to='loc_OtherThanTemporaryImpairmentLossesInvestmentsPortionInOtherComprehensiveIncomeLossTaxIncludingPortionAttributableToNoncontrollingInterestAvailableforsaleSecurities' xlink:type='arc' />
<calculationArc order='20' weight='1.0' xlink:arcrole='http://www.xbrl.org/2003/arcrole/summation-item' xlink:from='loc_OtherThanTemporaryImpairmentLossesInvestmentsPortionInOtherComprehensiveIncomeLossTaxIncludingPortionAttributableToNoncontrollingInterest' xlink:to='loc_OtherThanTemporaryImpairmentLossesInvestmentsPortionInOtherComprehensiveIncomeLossTaxIncludingPortionAttributableToNoncontrollingInterestHeldtomaturitySecurities' xlink:type='arc' />
<calculationArc order='10' weight='1.0' xlink:arcrole='http://www.xbrl.org/2003/arcrole/summation-item' xlink:from='loc_PartnersCapital' xlink:to='loc_GeneralPartnersCapitalAccount' xlink:type='arc' />
<calculationArc order='10' weight='1.0' xlink:arcrole='http://www.xbrl.org/2003/arcrole/summation-item' xlink:from='loc_GeneralPartnersCapitalAccount' xlink:to='loc_GeneralPartnersContributedCapital' xlink:type='arc' />
<calculationArc order='20' weight='-1.0' xlink:arcrole='http://www.xbrl.org/2003/arcrole/summation-item' xlink:from='loc_GeneralPartnersCapitalAccount' xlink:to='loc_GeneralPartnersOfferingCosts' xlink:type='arc' />
<calculationArc order='30' weight='-1.0' xlink:arcrole='http://www.xbrl.org/2003/arcrole/summation-item' xlink:from='loc_GeneralPartnersCapitalAccount' xlink:to='loc_GeneralPartnersCumulativeCashDistributions' xlink:type='arc' />
<calculationArc order='40' weight='1.0' xlink:arcrole='http://www.xbrl.org/2003/arcrole/summation-item' xlink:from='loc_GeneralPartnersCapitalAccount' xlink:to='loc_GeneralPartnersCumulativeNetIncome' xlink:type='arc' />
<calculationArc order='50' weight='1.0' xlink:arcrole='http://www.xbrl.org/2003/arcrole/summation-item' xlink:from='loc_GeneralPartnersCapitalAccount' xlink:to='loc_GeneralPartnersShareOfUndistributedEarningsIncentiveDistributionRightEmbeddedInGeneralPartnerInterest' xlink:type='arc' />
<calculationArc order='60' weight='1.0' xlink:arcrole='http://www.xbrl.org/2003/arcrole/summation-item' xlink:from='loc_GeneralPartnersCapitalAccount' xlink:to='loc_GeneralPartnersSpecialEarningsAllocation' xlink:type='arc' />
<calculationArc order='20' weight='1.0' xlink:arcrole='http://www.xbrl.org/2003/arcrole/summation-item' xlink:from='loc_PartnersCapital' xlink:to='loc_LimitedPartnersCapitalAccount' xlink:type='arc' />
<calculationArc order='10' weight='1.0' xlink:arcrole='http://www.xbrl.org/2003/arcrole/summation-item' xlink:from='loc_LimitedPartnersCapitalAccount' xlink:to='loc_LimitedPartnersContributedCapital' xlink:type='arc' />
<calculationArc order='20' weight='-1.0' xlink:arcrole='http://www.xbrl.org/2003/arcrole/summation-item' xlink:from='loc_LimitedPartnersCapitalAccount' xlink:to='loc_LimitedPartnersOfferingCosts' xlink:type='arc' />
<calculationArc order='30' weight='-1.0' xlink:arcrole='http://www.xbrl.org/2003/arcrole/summation-item' xlink:from='loc_LimitedPartnersCapitalAccount' xlink:to='loc_LimitedPartnersCumulativeCashDistributions' xlink:type='arc' />
<calculationArc order='40' weight='1.0' xlink:arcrole='http://www.xbrl.org/2003/arcrole/summation-item' xlink:from='loc_LimitedPartnersCapitalAccount' xlink:to='loc_LimitedPartnersCumulativeNetIncome' xlink:type='arc' />
<calculationArc order='50' weight='1.0' xlink:arcrole='http://www.xbrl.org/2003/arcrole/summation-item' xlink:from='loc_LimitedPartnersCapitalAccount' xlink:to='loc_LimitedPartnersCumulativeSpecialEarningsLosses' xlink:type='arc' />
<calculationArc order='30' weight='1.0' xlink:arcrole='http://www.xbrl.org/2003/arcrole/summation-item' xlink:from='loc_PartnersCapital' xlink:to='loc_PreferredUnitsPreferredPartnersCapitalAccounts' xlink:type='arc' />
<calculationArc order='10' weight='1.0' xlink:arcrole='http://www.xbrl.org/2003/arcrole/summation-item' xlink:from='loc_PreferredUnitsPreferredPartnersCapitalAccounts' xlink:to='loc_PreferredUnitsContributedCapital' xlink:type='arc' />
<calculationArc order='20' weight='-1.0' xlink:arcrole='http://www.xbrl.org/2003/arcrole/summation-item' xlink:from='loc_PreferredUnitsPreferredPartnersCapitalAccounts' xlink:to='loc_PreferredUnitsOfferingCosts' xlink:type='arc' />
<calculationArc order='30' weight='-1.0' xlink:arcrole='http://www.xbrl.org/2003/arcrole/summation-item' xlink:from='loc_PreferredUnitsPreferredPartnersCapitalAccounts' xlink:to='loc_PreferredUnitsCumulativeCashDistributions' xlink:type='arc' />
<calculationArc order='40' weight='1.0' xlink:arcrole='http://www.xbrl.org/2003/arcrole/summation-item' xlink:from='loc_PreferredUnitsPreferredPartnersCapitalAccounts' xlink:to='loc_PreferredUnitsCumulativeNetIncome' xlink:type='arc' />
<calculationArc order='40' weight='1.0' xlink:arcrole='http://www.xbrl.org/2003/arcrole/summation-item' xlink:from='loc_PartnersCapital' xlink:to='loc_OtherOwnershipInterestsCapitalAccount' xlink:type='arc' />
<calculationArc order='10' weight='1.0' xlink:arcrole='http://www.xbrl.org/2003/arcrole/summation-item' xlink:from='loc_OtherOwnershipInterestsCapitalAccount' xlink:to='loc_OtherOwnershipInterestsValue' xlink:type='arc' />
<calculationArc order='20' weight='-1.0' xlink:arcrole='http://www.xbrl.org/2003/arcrole/summation-item' xlink:from='loc_OtherOwnershipInterestsCapitalAccount' xlink:to='loc_OtherOwnershipInterestsOfferingCosts' xlink:type='arc' />
<calculationArc order='30' weight='-1.0' xlink:arcrole='http://www.xbrl.org/2003/arcrole/summation-item' xlink:from='loc_OtherOwnershipInterestsCapitalAccount' xlink:to='loc_OtherOwnershipInterestsCumulativeCashDistributions' xlink:type='arc' />
<calculationArc order='40' weight='1.0' xlink:arcrole='http://www.xbrl.org/2003/arcrole/summation-item' xlink:from='loc_OtherOwnershipInterestsCapitalAccount' xlink:to='loc_OtherOwnershipInterestsCumulativeNetIncome' xlink:type='arc' />
<calculationArc order='50' weight='1.0' xlink:arcrole='http://www.xbrl.org/2003/arcrole/summation-item' xlink:from='loc_PartnersCapital' xlink:to='loc_AccumulatedOtherComprehensiveIncomeLossNetOfTax' xlink:type='arc' />
<calculationArc order='60' weight='-1.0' xlink:arcrole='http://www.xbrl.org/2003/arcrole/summation-item' xlink:from='loc_PartnersCapital' xlink:to='loc_PartnersCapitalDeferredCompensation' xlink:type='arc' />
<calculationArc order='70' weight='-1.0' xlink:arcrole='http://www.xbrl.org/2003/arcrole/summation-item' xlink:from='loc_PartnersCapital' xlink:to='loc_OfferingCostsPartnershipInterests' xlink:type='arc' />
<calculationArc order='80' weight='1.0' xlink:arcrole='http://www.xbrl.org/2003/arcrole/summation-item' xlink:from='loc_PartnersCapital' xlink:to='loc_PartnersCapitalAllocatedForIncomeTaxAndOtherWithdrawals' xlink:type='arc' />
<calculationArc order='90' weight='1.0' xlink:arcrole='http://www.xbrl.org/2003/arcrole/summation-item' xlink:from='loc_PartnersCapital' xlink:to='loc_OtherPartnersCapital' xlink:type='arc' />
<calculationArc order='10' weight='-1.0' xlink:arcrole='http://www.xbrl.org/2003/arcrole/summation-item' xlink:from='loc_RestatementOfPriorYearIncomeNetOfTax' xlink:to='loc_RestatementOfPriorYearIncomeTaxEffects' xlink:type='arc' />
<calculationArc order='20' weight='1.0' xlink:arcrole='http://www.xbrl.org/2003/arcrole/summation-item' xlink:from='loc_RestatementOfPriorYearIncomeNetOfTax' xlink:to='loc_RestatementOfPriorYearIncomeGross' xlink:type='arc' />
<calculationArc order='10' weight='1.0' xlink:arcrole='http://www.xbrl.org/2003/arcrole/summation-item' xlink:from='loc_PreferredStockIncludingAdditionalPaidInCapitalNetOfDiscount' xlink:to='loc_PreferredStockIncludingAdditionalPaidInCapital' xlink:type='arc' />
<calculationArc order='10' weight='1.0' xlink:arcrole='http://www.xbrl.org/2003/arcrole/summation-item' xlink:from='loc_PreferredStockIncludingAdditionalPaidInCapital' xlink:to='loc_PreferredStockValue' xlink:type='arc' />
<calculationArc order='20' weight='1.0' xlink:arcrole='http://www.xbrl.org/2003/arcrole/summation-item' xlink:from='loc_PreferredStockIncludingAdditionalPaidInCapital' xlink:to='loc_AdditionalPaidInCapitalPreferredStock' xlink:type='arc' />
<calculationArc order='20' weight='-1.0' xlink:arcrole='http://www.xbrl.org/2003/arcrole/summation-item' xlink:from='loc_PreferredStockIncludingAdditionalPaidInCapitalNetOfDiscount' xlink:to='loc_PreferredStockDiscountOnShares' xlink:type='arc' />
<calculationArc order='10' weight='1.0' xlink:arcrole='http://www.xbrl.org/2003/arcrole/summation-item' xlink:from='loc_CommonStockIncludingAdditionalPaidInCapitalNetOfDiscount' xlink:to='loc_CommonStockIncludingAdditionalPaidInCapital' xlink:type='arc' />
<calculationArc order='20' weight='-1.0' xlink:arcrole='http://www.xbrl.org/2003/arcrole/summation-item' xlink:from='loc_CommonStockIncludingAdditionalPaidInCapitalNetOfDiscount' xlink:to='loc_CommonStockDiscountOnShares' xlink:type='arc' />
<calculationArc order='10' weight='1.0' xlink:arcrole='http://www.xbrl.org/2003/arcrole/summation-item' xlink:from='loc_OtherComprehensiveIncomeCumulativeEffectOfChangeInAccountingPrincipleNetOfTaxes' xlink:to='loc_OtherComprehensiveIncomeCumulativeEffectOfChangeInAccountingPrincipleBeforeTaxes' xlink:type='arc' />
<calculationArc order='20' weight='-1.0' xlink:arcrole='http://www.xbrl.org/2003/arcrole/summation-item' xlink:from='loc_OtherComprehensiveIncomeCumulativeEffectOfChangeInAccountingPrincipleNetOfTaxes' xlink:to='loc_OtherComprehensiveIncomeCumulativeEffectOfChangeInAccountingPrincipleTaxes' xlink:type='arc' />
<calculationArc order='10' weight='1.0' xlink:arcrole='http://www.xbrl.org/2003/arcrole/summation-item' xlink:from='loc_DividendsCommonStock' xlink:to='loc_DividendsCommonStockCash' xlink:type='arc' />
<calculationArc order='20' weight='1.0' xlink:arcrole='http://www.xbrl.org/2003/arcrole/summation-item' xlink:from='loc_DividendsCommonStock' xlink:to='loc_DividendsCommonStockStock' xlink:type='arc' />
<calculationArc order='30' weight='1.0' xlink:arcrole='http://www.xbrl.org/2003/arcrole/summation-item' xlink:from='loc_DividendsCommonStock' xlink:to='loc_DividendsCommonStockPaidinkind' xlink:type='arc' />
<calculationArc order='10' weight='1.0' xlink:arcrole='http://www.xbrl.org/2003/arcrole/summation-item' xlink:from='loc_DividendsPreferredStock' xlink:to='loc_DividendsPreferredStockCash' xlink:type='arc' />
<calculationArc order='20' weight='1.0' xlink:arcrole='http://www.xbrl.org/2003/arcrole/summation-item' xlink:from='loc_DividendsPreferredStock' xlink:to='loc_DividendsPreferredStockStock' xlink:type='arc' />
<calculationArc order='30' weight='1.0' xlink:arcrole='http://www.xbrl.org/2003/arcrole/summation-item' xlink:from='loc_DividendsPreferredStock' xlink:to='loc_DividendsPreferredStockPaidinkind' xlink:type='arc' />
<calculationArc order='10' weight='1.0' xlink:arcrole='http://www.xbrl.org/2003/arcrole/summation-item' xlink:from='loc_DividendsShareBasedCompensation' xlink:to='loc_DividendsShareBasedCompensationCash' xlink:type='arc' />
<calculationArc order='20' weight='1.0' xlink:arcrole='http://www.xbrl.org/2003/arcrole/summation-item' xlink:from='loc_DividendsShareBasedCompensation' xlink:to='loc_DividendsSharebasedCompensationStock' xlink:type='arc' />
<calculationArc order='30' weight='1.0' xlink:arcrole='http://www.xbrl.org/2003/arcrole/summation-item' xlink:from='loc_DividendsShareBasedCompensation' xlink:to='loc_DividendsSharebasedCompensationPaidInKind' xlink:type='arc' />
<calculationArc order='10' weight='1.0' xlink:arcrole='http://www.xbrl.org/2003/arcrole/summation-item' xlink:from='loc_CumulativeEffectOnRetainedEarningsNetOfTax' xlink:to='loc_CumulativeEffectOnRetainedEarningsBeforeTax' xlink:type='arc' />
<calculationArc order='20' weight='-1.0' xlink:arcrole='http://www.xbrl.org/2003/arcrole/summation-item' xlink:from='loc_CumulativeEffectOnRetainedEarningsNetOfTax' xlink:to='loc_CumulativeEffectOnRetainedEarningsTax' xlink:type='arc' />
<calculationArc order='10' weight='1.0' xlink:arcrole='http://www.xbrl.org/2003/arcrole/summation-item' xlink:from='loc_EarningsPerShareBasicAndDiluted' xlink:to='loc_IncomeLossFromExtraordinaryItemsNetOfTaxPerBasicAndDilutedShare' xlink:type='arc' />
<calculationArc order='20' weight='1.0' xlink:arcrole='http://www.xbrl.org/2003/arcrole/summation-item' xlink:from='loc_EarningsPerShareBasicAndDiluted' xlink:to='loc_IncomeLossFromOperationsBeforeExtraordinaryItemsPerBasicAndDilutedShare' xlink:type='arc' />
<calculationArc order='10' weight='1.0' xlink:arcrole='http://www.xbrl.org/2003/arcrole/summation-item' xlink:from='loc_IncomeLossFromOperationsBeforeExtraordinaryItemsPerBasicAndDilutedShare' xlink:to='loc_IncomeLossFromContinuingOperationsPerBasicAndDilutedShare' xlink:type='arc' />
<calculationArc order='20' weight='1.0' xlink:arcrole='http://www.xbrl.org/2003/arcrole/summation-item' xlink:from='loc_IncomeLossFromOperationsBeforeExtraordinaryItemsPerBasicAndDilutedShare' xlink:to='loc_IncomeLossFromDiscontinuedOperationsNetOfTaxPerBasicAndDilutedShare' xlink:type='arc' />
</calculationLink>
</link:linkbase>
