<?xml version="1.0" encoding="UTF-8" standalone="no"?>

<!--
(c) XBRL US, Inc. 2007-2010; Financial Accounting Foundation, Inc. 2010-2011.  All Rights Reserved.
Notice: Authorized Uses are Set Forth at http://xbrl.fasb.org/terms/TaxonomiesTermsConditions.html
  -->
<link:linkbase xmlns:link='http://www.xbrl.org/2003/linkbase' xmlns:xlink='http://www.w3.org/1999/xlink' xmlns:xsi='http://www.w3.org/2001/XMLSchema-instance' xsi:schemaLocation='http://www.xbrl.org/2003/linkbase http://www.xbrl.org/2003/xbrl-linkbase-2003-12-31.xsd'>
<link:roleRef roleURI='http://fasb.org/us-gaap/role/disclosure/SECScheduleArticle12-28RealEstateAndAccumulatedDepreciationCalc2' xlink:href='../elts/us-roles-2011-01-31.xsd#sec-re2' xlink:type='simple' />
<calculationLink xlink:role='http://fasb.org/us-gaap/role/disclosure/SECScheduleArticle12-28RealEstateAndAccumulatedDepreciationCalc2' xlink:type='extended' xmlns='http://www.xbrl.org/2003/linkbase'>
<link:loc xlink:href='../elts/us-gaap-2011-01-31.xsd#us-gaap_RealEstateAndAccumulatedDepreciationCarryingAmountOfLandAndBuildingsAndImprovements' xlink:label='loc_RealEstateAndAccumulatedDepreciationCarryingAmountOfLandAndBuildingsAndImprovements' xlink:type='locator' />
<link:loc xlink:href='../elts/us-gaap-2011-01-31.xsd#us-gaap_RealEstateAndAccumulatedDepreciationInitialCostOfLand' xlink:label='loc_RealEstateAndAccumulatedDepreciationInitialCostOfLand' xlink:type='locator' />
<link:loc xlink:href='../elts/us-gaap-2011-01-31.xsd#us-gaap_RealEstateAndAccumulatedDepreciationInitialCostOfBuildingsAndImprovements' xlink:label='loc_RealEstateAndAccumulatedDepreciationInitialCostOfBuildingsAndImprovements' xlink:type='locator' />
<link:loc xlink:href='../elts/us-gaap-2011-01-31.xsd#us-gaap_RealEstateAndAccumulatedDepreciationCostsCapitalizedSubsequentToAcquisitionImprovements' xlink:label='loc_RealEstateAndAccumulatedDepreciationCostsCapitalizedSubsequentToAcquisitionImprovements' xlink:type='locator' />
<link:loc xlink:href='../elts/us-gaap-2011-01-31.xsd#us-gaap_RealEstateAndAccumulatedDepreciationCostsCapitalizedSubsequentToAcquisitionCarryingCosts' xlink:label='loc_RealEstateAndAccumulatedDepreciationCostsCapitalizedSubsequentToAcquisitionCarryingCosts' xlink:type='locator' />
<calculationArc order='10' weight='1.0' xlink:arcrole='http://www.xbrl.org/2003/arcrole/summation-item' xlink:from='loc_RealEstateAndAccumulatedDepreciationCarryingAmountOfLandAndBuildingsAndImprovements' xlink:to='loc_RealEstateAndAccumulatedDepreciationInitialCostOfLand' xlink:type='arc' />
<calculationArc order='20' weight='1.0' xlink:arcrole='http://www.xbrl.org/2003/arcrole/summation-item' xlink:from='loc_RealEstateAndAccumulatedDepreciationCarryingAmountOfLandAndBuildingsAndImprovements' xlink:to='loc_RealEstateAndAccumulatedDepreciationInitialCostOfBuildingsAndImprovements' xlink:type='arc' />
<calculationArc order='30' weight='1.0' xlink:arcrole='http://www.xbrl.org/2003/arcrole/summation-item' xlink:from='loc_RealEstateAndAccumulatedDepreciationCarryingAmountOfLandAndBuildingsAndImprovements' xlink:to='loc_RealEstateAndAccumulatedDepreciationCostsCapitalizedSubsequentToAcquisitionImprovements' xlink:type='arc' />
<calculationArc order='40' weight='1.0' xlink:arcrole='http://www.xbrl.org/2003/arcrole/summation-item' xlink:from='loc_RealEstateAndAccumulatedDepreciationCarryingAmountOfLandAndBuildingsAndImprovements' xlink:to='loc_RealEstateAndAccumulatedDepreciationCostsCapitalizedSubsequentToAcquisitionCarryingCosts' xlink:type='arc' />
</calculationLink>
</link:linkbase>
