<?xml version="1.0" encoding="UTF-8" standalone="no"?>

<!--
(c) XBRL US, Inc. 2007-2010; Financial Accounting Foundation, Inc. 2010-2011.  All Rights Reserved.
Notice: Authorized Uses are Set Forth at http://xbrl.fasb.org/terms/TaxonomiesTermsConditions.html
  -->
<link:linkbase xmlns:link='http://www.xbrl.org/2003/linkbase' xmlns:xbrldt='http://xbrl.org/2005/xbrldt' xmlns:xlink='http://www.w3.org/1999/xlink' xmlns:xsi='http://www.w3.org/2001/XMLSchema-instance' xsi:schemaLocation='http://www.xbrl.org/2003/linkbase http://www.xbrl.org/2003/xbrl-linkbase-2003-12-31.xsd'>
<link:roleRef roleURI='http://fasb.org/us-gaap/role/disclosure/OtherExpensesComponentOfOtherOperatingCostAndExpenseTable' xlink:href='../elts/us-roles-2011-01-31.xsd#OtherExpensesComponentOfOtherOperatingCostAndExpenseTable' xlink:type='simple' />
<link:roleRef roleURI='http://fasb.org/us-gaap/role/disclosure/OtherExpensesComponentOfOtherExpenseNonoperatingTable' xlink:href='../elts/us-roles-2011-01-31.xsd#OtherExpensesComponentOfOtherExpenseNonoperatingTable' xlink:type='simple' />
<link:roleRef roleURI='http://fasb.org/us-gaap/role/disclosure/OtherExpensesComponentOfOtherIncomeNonoperatingTable' xlink:href='../elts/us-roles-2011-01-31.xsd#OtherExpensesComponentOfOtherIncomeNonoperatingTable' xlink:type='simple' />
<link:arcroleRef arcroleURI='http://xbrl.org/int/dim/arcrole/all' xlink:href='http://www.xbrl.org/2005/xbrldt-2005.xsd#all' xlink:type='simple' />
<link:arcroleRef arcroleURI='http://xbrl.org/int/dim/arcrole/hypercube-dimension' xlink:href='http://www.xbrl.org/2005/xbrldt-2005.xsd#hypercube-dimension' xlink:type='simple' />
<link:arcroleRef arcroleURI='http://xbrl.org/int/dim/arcrole/dimension-domain' xlink:href='http://www.xbrl.org/2005/xbrldt-2005.xsd#dimension-domain' xlink:type='simple' />
<link:arcroleRef arcroleURI='http://xbrl.org/int/dim/arcrole/dimension-default' xlink:href='http://www.xbrl.org/2005/xbrldt-2005.xsd#dimension-default' xlink:type='simple' />
<link:arcroleRef arcroleURI='http://xbrl.org/int/dim/arcrole/domain-member' xlink:href='http://www.xbrl.org/2005/xbrldt-2005.xsd#domain-member' xlink:type='simple' />
<!--Definition relationships for table ComponentOfOtherOperatingCostAndExpenseTable in presentation http://fasb.org/us-gaap/role/disclosure/OtherExpenses-->
<link:definitionLink xlink:role='http://fasb.org/us-gaap/role/disclosure/OtherExpensesComponentOfOtherOperatingCostAndExpenseTable' xlink:type='extended'>
<link:loc xlink:href='../elts/us-gaap-2011-01-31.xsd#us-gaap_ComponentOfOtherOperatingCostAndExpenseTable' xlink:label='loc_ComponentOfOtherOperatingCostAndExpenseTable' xlink:type='locator' />
<link:loc xlink:href='../elts/us-gaap-2011-01-31.xsd#us-gaap_ComponentOfOperatingOtherCostAndExpenseLineItems' xlink:label='loc_ComponentOfOperatingOtherCostAndExpenseLineItems' xlink:type='locator' />
<link:definitionArc order='1.0' xbrldt:closed='true' xbrldt:contextElement='segment' xlink:arcrole='http://xbrl.org/int/dim/arcrole/all' xlink:from='loc_ComponentOfOperatingOtherCostAndExpenseLineItems' xlink:to='loc_ComponentOfOtherOperatingCostAndExpenseTable' xlink:type='arc' />
</link:definitionLink>
<link:definitionLink xlink:role='http://fasb.org/us-gaap/role/disclosure/OtherExpensesComponentOfOtherOperatingCostAndExpenseTable' xlink:type='extended'>
<link:loc xlink:href='../elts/us-gaap-2011-01-31.xsd#us-gaap_ComponentOfOtherOperatingCostAndExpenseTable' xlink:label='loc_ComponentOfOtherOperatingCostAndExpenseTable' xlink:type='locator' />
<link:loc xlink:href='../elts/us-gaap-2011-01-31.xsd#us-gaap_ComponentOfOtherOperatingCostAndExpenseGeneralAxis' xlink:label='loc_ComponentOfOtherOperatingCostAndExpenseGeneralAxis' xlink:type='locator' />
<link:definitionArc order='1.0' xlink:arcrole='http://xbrl.org/int/dim/arcrole/hypercube-dimension' xlink:from='loc_ComponentOfOtherOperatingCostAndExpenseTable' xlink:to='loc_ComponentOfOtherOperatingCostAndExpenseGeneralAxis' xlink:type='arc' />
</link:definitionLink>
<link:definitionLink xlink:role='http://fasb.org/us-gaap/role/disclosure/OtherExpensesComponentOfOtherOperatingCostAndExpenseTable' xlink:type='extended'>
<link:loc xlink:href='../elts/us-gaap-2011-01-31.xsd#us-gaap_ComponentOfOtherOperatingCostAndExpenseGeneralAxis' xlink:label='loc_ComponentOfOtherOperatingCostAndExpenseGeneralAxis' xlink:type='locator' />
<link:loc xlink:href='../elts/us-gaap-2011-01-31.xsd#us-gaap_ComponentOfOtherOperatingCostAndExpenseNameDomain' xlink:label='loc_ComponentOfOtherOperatingCostAndExpenseNameDomain' xlink:type='locator' />
<link:definitionArc order='1.0' xlink:arcrole='http://xbrl.org/int/dim/arcrole/dimension-domain' xlink:from='loc_ComponentOfOtherOperatingCostAndExpenseGeneralAxis' xlink:to='loc_ComponentOfOtherOperatingCostAndExpenseNameDomain' xlink:type='arc' />
</link:definitionLink>
<link:definitionLink xlink:role='http://fasb.org/us-gaap/role/disclosure/OtherExpensesComponentOfOtherOperatingCostAndExpenseTable' xlink:type='extended'>
<link:loc xlink:href='../elts/us-gaap-2011-01-31.xsd#us-gaap_ComponentOfOtherOperatingCostAndExpenseGeneralAxis' xlink:label='loc_ComponentOfOtherOperatingCostAndExpenseGeneralAxis' xlink:type='locator' />
<link:loc xlink:href='../elts/us-gaap-2011-01-31.xsd#us-gaap_ComponentOfOtherOperatingCostAndExpenseNameDomain' xlink:label='loc_ComponentOfOtherOperatingCostAndExpenseNameDomain' xlink:type='locator' />
<link:definitionArc order='1.0' xlink:arcrole='http://xbrl.org/int/dim/arcrole/dimension-default' xlink:from='loc_ComponentOfOtherOperatingCostAndExpenseGeneralAxis' xlink:to='loc_ComponentOfOtherOperatingCostAndExpenseNameDomain' xlink:type='arc' />
</link:definitionLink>
<link:definitionLink xlink:role='http://fasb.org/us-gaap/role/disclosure/OtherExpensesComponentOfOtherOperatingCostAndExpenseTable' xlink:type='extended'>
<link:loc xlink:href='../elts/us-gaap-2011-01-31.xsd#us-gaap_ComponentOfOperatingOtherCostAndExpenseLineItems' xlink:label='loc_ComponentOfOperatingOtherCostAndExpenseLineItems' xlink:type='locator' />
<link:loc xlink:href='../elts/us-gaap-2011-01-31.xsd#us-gaap_OtherCostAndExpenseOperating' xlink:label='loc_OtherCostAndExpenseOperating' xlink:type='locator' />
<link:definitionArc order='1.0' xlink:arcrole='http://xbrl.org/int/dim/arcrole/domain-member' xlink:from='loc_ComponentOfOperatingOtherCostAndExpenseLineItems' xlink:to='loc_OtherCostAndExpenseOperating' xlink:type='arc' />
</link:definitionLink>
<link:definitionLink xlink:role='http://fasb.org/us-gaap/role/disclosure/OtherExpensesComponentOfOtherOperatingCostAndExpenseTable' xlink:type='extended'>
<link:loc xlink:href='../elts/us-gaap-2011-01-31.xsd#us-gaap_ComponentOfOtherOperatingCostAndExpenseNameDomain' xlink:label='loc_ComponentOfOtherOperatingCostAndExpenseNameDomain' xlink:type='locator' />
<link:loc xlink:href='../elts/us-gaap-2011-01-31.xsd#us-gaap_OtherNonrecurringExpenseMember' xlink:label='loc_OtherNonrecurringExpenseMember' xlink:type='locator' />
<link:loc xlink:href='../elts/us-gaap-2011-01-31.xsd#us-gaap_OtherNonrecurringGainMember' xlink:label='loc_OtherNonrecurringGainMember' xlink:type='locator' />
<link:loc xlink:href='../elts/us-gaap-2011-01-31.xsd#us-gaap_NoninterestExpenseMember' xlink:label='loc_NoninterestExpenseMember' xlink:type='locator' />
<link:loc xlink:href='../elts/us-gaap-2011-01-31.xsd#us-gaap_NoninterestExpenseRelatedToPerformanceFeesMember' xlink:label='loc_NoninterestExpenseRelatedToPerformanceFeesMember' xlink:type='locator' />
<link:loc xlink:href='../elts/us-gaap-2011-01-31.xsd#us-gaap_NoninterestExpenseInvestmentAdvisoryFeesMember' xlink:label='loc_NoninterestExpenseInvestmentAdvisoryFeesMember' xlink:type='locator' />
<link:loc xlink:href='../elts/us-gaap-2011-01-31.xsd#us-gaap_NoninterestExpenseTransferAgentAndCustodianFeesMember' xlink:label='loc_NoninterestExpenseTransferAgentAndCustodianFeesMember' xlink:type='locator' />
<link:loc xlink:href='../elts/us-gaap-2011-01-31.xsd#us-gaap_NoninterestExpenseDirectorsFeesMember' xlink:label='loc_NoninterestExpenseDirectorsFeesMember' xlink:type='locator' />
<link:loc xlink:href='../elts/us-gaap-2011-01-31.xsd#us-gaap_NoninterestExpenseOfferingCostMember' xlink:label='loc_NoninterestExpenseOfferingCostMember' xlink:type='locator' />
<link:loc xlink:href='../elts/us-gaap-2011-01-31.xsd#us-gaap_NoninterestExpenseCommissionExpenseMember' xlink:label='loc_NoninterestExpenseCommissionExpenseMember' xlink:type='locator' />
<link:loc xlink:href='../elts/us-gaap-2011-01-31.xsd#us-gaap_NoninterestExpensePrintingAndFulfillmentMember' xlink:label='loc_NoninterestExpensePrintingAndFulfillmentMember' xlink:type='locator' />
<link:loc xlink:href='../elts/us-gaap-2011-01-31.xsd#us-gaap_OtherNoninterestExpenseMember' xlink:label='loc_OtherNoninterestExpenseMember' xlink:type='locator' />
<link:loc xlink:href='../elts/us-gaap-2011-01-31.xsd#us-gaap_SellingAndMarketingExpenseMember' xlink:label='loc_SellingAndMarketingExpenseMember' xlink:type='locator' />
<link:loc xlink:href='../elts/us-gaap-2011-01-31.xsd#us-gaap_SellingExpenseMember' xlink:label='loc_SellingExpenseMember' xlink:type='locator' />
<link:loc xlink:href='../elts/us-gaap-2011-01-31.xsd#us-gaap_SalesCommissionsAndFeesMember' xlink:label='loc_SalesCommissionsAndFeesMember' xlink:type='locator' />
<link:loc xlink:href='../elts/us-gaap-2011-01-31.xsd#us-gaap_MarketingAndAdvertisingExpenseMember' xlink:label='loc_MarketingAndAdvertisingExpenseMember' xlink:type='locator' />
<link:loc xlink:href='../elts/us-gaap-2011-01-31.xsd#us-gaap_MarketingExpenseMember' xlink:label='loc_MarketingExpenseMember' xlink:type='locator' />
<link:loc xlink:href='../elts/us-gaap-2011-01-31.xsd#us-gaap_AdvertisingExpenseMember' xlink:label='loc_AdvertisingExpenseMember' xlink:type='locator' />
<link:loc xlink:href='../elts/us-gaap-2011-01-31.xsd#us-gaap_CooperativeAdvertisingExpenseMember' xlink:label='loc_CooperativeAdvertisingExpenseMember' xlink:type='locator' />
<link:loc xlink:href='../elts/us-gaap-2011-01-31.xsd#us-gaap_OtherSellingAndMarketingExpenseMember' xlink:label='loc_OtherSellingAndMarketingExpenseMember' xlink:type='locator' />
<link:loc xlink:href='../elts/us-gaap-2011-01-31.xsd#us-gaap_GeneralAndAdministrativeExpenseMember' xlink:label='loc_GeneralAndAdministrativeExpenseMember' xlink:type='locator' />
<link:loc xlink:href='../elts/us-gaap-2011-01-31.xsd#us-gaap_SuppliesAndPostageExpenseMember' xlink:label='loc_SuppliesAndPostageExpenseMember' xlink:type='locator' />
<link:loc xlink:href='../elts/us-gaap-2011-01-31.xsd#us-gaap_SuppliesExpenseMember' xlink:label='loc_SuppliesExpenseMember' xlink:type='locator' />
<link:loc xlink:href='../elts/us-gaap-2011-01-31.xsd#us-gaap_PostageExpenseMember' xlink:label='loc_PostageExpenseMember' xlink:type='locator' />
<link:loc xlink:href='../elts/us-gaap-2011-01-31.xsd#us-gaap_TravelAndEntertainmentExpenseMember' xlink:label='loc_TravelAndEntertainmentExpenseMember' xlink:type='locator' />
<link:loc xlink:href='../elts/us-gaap-2011-01-31.xsd#us-gaap_RoyaltyPaymentsExpenseMember' xlink:label='loc_RoyaltyPaymentsExpenseMember' xlink:type='locator' />
<link:loc xlink:href='../elts/us-gaap-2011-01-31.xsd#us-gaap_RealEstateTaxesAndInsuranceMember' xlink:label='loc_RealEstateTaxesAndInsuranceMember' xlink:type='locator' />
<link:loc xlink:href='../elts/us-gaap-2011-01-31.xsd#us-gaap_RealEstateTaxesMember' xlink:label='loc_RealEstateTaxesMember' xlink:type='locator' />
<link:loc xlink:href='../elts/us-gaap-2011-01-31.xsd#us-gaap_RealEstateInsuranceMember' xlink:label='loc_RealEstateInsuranceMember' xlink:type='locator' />
<link:loc xlink:href='../elts/us-gaap-2011-01-31.xsd#us-gaap_TaxesOtherThanIncomeAndExciseTaxesMember' xlink:label='loc_TaxesOtherThanIncomeAndExciseTaxesMember' xlink:type='locator' />
<link:loc xlink:href='../elts/us-gaap-2011-01-31.xsd#us-gaap_ProductionAndPropertyTaxExpenseMember' xlink:label='loc_ProductionAndPropertyTaxExpenseMember' xlink:type='locator' />
<link:loc xlink:href='../elts/us-gaap-2011-01-31.xsd#us-gaap_TaxesAndLicensesMember' xlink:label='loc_TaxesAndLicensesMember' xlink:type='locator' />
<link:loc xlink:href='../elts/us-gaap-2011-01-31.xsd#us-gaap_ProfessionalFeesMember' xlink:label='loc_ProfessionalFeesMember' xlink:type='locator' />
<link:loc xlink:href='../elts/us-gaap-2011-01-31.xsd#us-gaap_CommunicationsDataProcessingAndOccupancyMember' xlink:label='loc_CommunicationsDataProcessingAndOccupancyMember' xlink:type='locator' />
<link:loc xlink:href='../elts/us-gaap-2011-01-31.xsd#us-gaap_CommunicationsAndDataProcessingMember' xlink:label='loc_CommunicationsAndDataProcessingMember' xlink:type='locator' />
<link:loc xlink:href='../elts/us-gaap-2011-01-31.xsd#us-gaap_OccupancyNetMember' xlink:label='loc_OccupancyNetMember' xlink:type='locator' />
<link:loc xlink:href='../elts/us-gaap-2011-01-31.xsd#us-gaap_AccretionExpenseMember' xlink:label='loc_AccretionExpenseMember' xlink:type='locator' />
<link:loc xlink:href='../elts/us-gaap-2011-01-31.xsd#us-gaap_BusinessDevelopmentMember' xlink:label='loc_BusinessDevelopmentMember' xlink:type='locator' />
<link:loc xlink:href='../elts/us-gaap-2011-01-31.xsd#us-gaap_CapitalLeaseExpenseMember' xlink:label='loc_CapitalLeaseExpenseMember' xlink:type='locator' />
<link:loc xlink:href='../elts/us-gaap-2011-01-31.xsd#us-gaap_LoanPortfolioExpenseMember' xlink:label='loc_LoanPortfolioExpenseMember' xlink:type='locator' />
<link:loc xlink:href='../elts/us-gaap-2011-01-31.xsd#us-gaap_OperatingLeaseExpenseMember' xlink:label='loc_OperatingLeaseExpenseMember' xlink:type='locator' />
<link:loc xlink:href='../elts/us-gaap-2011-01-31.xsd#us-gaap_FurnitureAndEquipmentRentalExpenseOperatingLeaseMember' xlink:label='loc_FurnitureAndEquipmentRentalExpenseOperatingLeaseMember' xlink:type='locator' />
<link:loc xlink:href='../elts/us-gaap-2011-01-31.xsd#us-gaap_OperatingLeaseExpenseOtherExpenseMember' xlink:label='loc_OperatingLeaseExpenseOtherExpenseMember' xlink:type='locator' />
<link:loc xlink:href='../elts/us-gaap-2011-01-31.xsd#us-gaap_PreOpeningCostsMember' xlink:label='loc_PreOpeningCostsMember' xlink:type='locator' />
<link:loc xlink:href='../elts/us-gaap-2011-01-31.xsd#us-gaap_ProductionAndDistributionCostsMember' xlink:label='loc_ProductionAndDistributionCostsMember' xlink:type='locator' />
<link:loc xlink:href='../elts/us-gaap-2011-01-31.xsd#us-gaap_RestructuringChargesMember' xlink:label='loc_RestructuringChargesMember' xlink:type='locator' />
<link:loc xlink:href='../elts/us-gaap-2011-01-31.xsd#us-gaap_FDICPremiumExpenseMember' xlink:label='loc_FDICPremiumExpenseMember' xlink:type='locator' />
<link:loc xlink:href='../elts/us-gaap-2011-01-31.xsd#us-gaap_LoanProcessingFeeMember' xlink:label='loc_LoanProcessingFeeMember' xlink:type='locator' />
<link:loc xlink:href='../elts/us-gaap-2011-01-31.xsd#us-gaap_OtherResearchAndDevelopmentExpenseMember' xlink:label='loc_OtherResearchAndDevelopmentExpenseMember' xlink:type='locator' />
<link:loc xlink:href='../elts/us-gaap-2011-01-31.xsd#us-gaap_ShippingHandlingAndTransportationCostsMember' xlink:label='loc_ShippingHandlingAndTransportationCostsMember' xlink:type='locator' />
<link:loc xlink:href='../elts/us-gaap-2011-01-31.xsd#us-gaap_FloorBrokerageExchangeClearanceFeesMember' xlink:label='loc_FloorBrokerageExchangeClearanceFeesMember' xlink:type='locator' />
<link:loc xlink:href='../elts/us-gaap-2011-01-31.xsd#us-gaap_FloorBrokerageMember' xlink:label='loc_FloorBrokerageMember' xlink:type='locator' />
<link:loc xlink:href='../elts/us-gaap-2011-01-31.xsd#us-gaap_ExchangeFeesMember' xlink:label='loc_ExchangeFeesMember' xlink:type='locator' />
<link:loc xlink:href='../elts/us-gaap-2011-01-31.xsd#us-gaap_OrderFlowFeesMember' xlink:label='loc_OrderFlowFeesMember' xlink:type='locator' />
<link:loc xlink:href='../elts/us-gaap-2011-01-31.xsd#us-gaap_ClearanceFeesMember' xlink:label='loc_ClearanceFeesMember' xlink:type='locator' />
<link:loc xlink:href='../elts/us-gaap-2011-01-31.xsd#us-gaap_ExpenseRelatedToDistributionOrServicingAndUnderwritingFeesMember' xlink:label='loc_ExpenseRelatedToDistributionOrServicingAndUnderwritingFeesMember' xlink:type='locator' />
<link:loc xlink:href='../elts/us-gaap-2011-01-31.xsd#us-gaap_EnvironmentalRemediationExpenseMember' xlink:label='loc_EnvironmentalRemediationExpenseMember' xlink:type='locator' />
<link:loc xlink:href='../elts/us-gaap-2011-01-31.xsd#us-gaap_OtherOperatingExpenseMember' xlink:label='loc_OtherOperatingExpenseMember' xlink:type='locator' />
<link:definitionArc order='1.0' xlink:arcrole='http://xbrl.org/int/dim/arcrole/domain-member' xlink:from='loc_ComponentOfOtherOperatingCostAndExpenseNameDomain' xlink:to='loc_OtherNonrecurringExpenseMember' xlink:type='arc' />
<link:definitionArc order='2.0' xlink:arcrole='http://xbrl.org/int/dim/arcrole/domain-member' xlink:from='loc_ComponentOfOtherOperatingCostAndExpenseNameDomain' xlink:to='loc_OtherNonrecurringGainMember' xlink:type='arc' />
<link:definitionArc order='3.0' xlink:arcrole='http://xbrl.org/int/dim/arcrole/domain-member' xlink:from='loc_ComponentOfOtherOperatingCostAndExpenseNameDomain' xlink:to='loc_NoninterestExpenseMember' xlink:type='arc' />
<link:definitionArc order='4.0' xlink:arcrole='http://xbrl.org/int/dim/arcrole/domain-member' xlink:from='loc_NoninterestExpenseMember' xlink:to='loc_NoninterestExpenseRelatedToPerformanceFeesMember' xlink:type='arc' />
<link:definitionArc order='5.0' xlink:arcrole='http://xbrl.org/int/dim/arcrole/domain-member' xlink:from='loc_NoninterestExpenseMember' xlink:to='loc_NoninterestExpenseInvestmentAdvisoryFeesMember' xlink:type='arc' />
<link:definitionArc order='6.0' xlink:arcrole='http://xbrl.org/int/dim/arcrole/domain-member' xlink:from='loc_NoninterestExpenseMember' xlink:to='loc_NoninterestExpenseTransferAgentAndCustodianFeesMember' xlink:type='arc' />
<link:definitionArc order='7.0' xlink:arcrole='http://xbrl.org/int/dim/arcrole/domain-member' xlink:from='loc_NoninterestExpenseMember' xlink:to='loc_NoninterestExpenseDirectorsFeesMember' xlink:type='arc' />
<link:definitionArc order='8.0' xlink:arcrole='http://xbrl.org/int/dim/arcrole/domain-member' xlink:from='loc_NoninterestExpenseMember' xlink:to='loc_NoninterestExpenseOfferingCostMember' xlink:type='arc' />
<link:definitionArc order='9.0' xlink:arcrole='http://xbrl.org/int/dim/arcrole/domain-member' xlink:from='loc_NoninterestExpenseMember' xlink:to='loc_NoninterestExpenseCommissionExpenseMember' xlink:type='arc' />
<link:definitionArc order='10.0' xlink:arcrole='http://xbrl.org/int/dim/arcrole/domain-member' xlink:from='loc_NoninterestExpenseMember' xlink:to='loc_NoninterestExpensePrintingAndFulfillmentMember' xlink:type='arc' />
<link:definitionArc order='11.0' xlink:arcrole='http://xbrl.org/int/dim/arcrole/domain-member' xlink:from='loc_NoninterestExpenseMember' xlink:to='loc_OtherNoninterestExpenseMember' xlink:type='arc' />
<link:definitionArc order='12.0' xlink:arcrole='http://xbrl.org/int/dim/arcrole/domain-member' xlink:from='loc_ComponentOfOtherOperatingCostAndExpenseNameDomain' xlink:to='loc_SellingAndMarketingExpenseMember' xlink:type='arc' />
<link:definitionArc order='13.0' xlink:arcrole='http://xbrl.org/int/dim/arcrole/domain-member' xlink:from='loc_SellingAndMarketingExpenseMember' xlink:to='loc_SellingExpenseMember' xlink:type='arc' />
<link:definitionArc order='14.0' xlink:arcrole='http://xbrl.org/int/dim/arcrole/domain-member' xlink:from='loc_SellingAndMarketingExpenseMember' xlink:to='loc_SalesCommissionsAndFeesMember' xlink:type='arc' />
<link:definitionArc order='15.0' xlink:arcrole='http://xbrl.org/int/dim/arcrole/domain-member' xlink:from='loc_SellingAndMarketingExpenseMember' xlink:to='loc_MarketingAndAdvertisingExpenseMember' xlink:type='arc' />
<link:definitionArc order='16.0' xlink:arcrole='http://xbrl.org/int/dim/arcrole/domain-member' xlink:from='loc_MarketingAndAdvertisingExpenseMember' xlink:to='loc_MarketingExpenseMember' xlink:type='arc' />
<link:definitionArc order='17.0' xlink:arcrole='http://xbrl.org/int/dim/arcrole/domain-member' xlink:from='loc_MarketingAndAdvertisingExpenseMember' xlink:to='loc_AdvertisingExpenseMember' xlink:type='arc' />
<link:definitionArc order='18.0' xlink:arcrole='http://xbrl.org/int/dim/arcrole/domain-member' xlink:from='loc_AdvertisingExpenseMember' xlink:to='loc_CooperativeAdvertisingExpenseMember' xlink:type='arc' />
<link:definitionArc order='19.0' xlink:arcrole='http://xbrl.org/int/dim/arcrole/domain-member' xlink:from='loc_SellingAndMarketingExpenseMember' xlink:to='loc_OtherSellingAndMarketingExpenseMember' xlink:type='arc' />
<link:definitionArc order='20.0' xlink:arcrole='http://xbrl.org/int/dim/arcrole/domain-member' xlink:from='loc_ComponentOfOtherOperatingCostAndExpenseNameDomain' xlink:to='loc_GeneralAndAdministrativeExpenseMember' xlink:type='arc' />
<link:definitionArc order='21.0' xlink:arcrole='http://xbrl.org/int/dim/arcrole/domain-member' xlink:from='loc_GeneralAndAdministrativeExpenseMember' xlink:to='loc_SuppliesAndPostageExpenseMember' xlink:type='arc' />
<link:definitionArc order='22.0' xlink:arcrole='http://xbrl.org/int/dim/arcrole/domain-member' xlink:from='loc_SuppliesAndPostageExpenseMember' xlink:to='loc_SuppliesExpenseMember' xlink:type='arc' />
<link:definitionArc order='23.0' xlink:arcrole='http://xbrl.org/int/dim/arcrole/domain-member' xlink:from='loc_SuppliesAndPostageExpenseMember' xlink:to='loc_PostageExpenseMember' xlink:type='arc' />
<link:definitionArc order='24.0' xlink:arcrole='http://xbrl.org/int/dim/arcrole/domain-member' xlink:from='loc_GeneralAndAdministrativeExpenseMember' xlink:to='loc_TravelAndEntertainmentExpenseMember' xlink:type='arc' />
<link:definitionArc order='25.0' xlink:arcrole='http://xbrl.org/int/dim/arcrole/domain-member' xlink:from='loc_GeneralAndAdministrativeExpenseMember' xlink:to='loc_RoyaltyPaymentsExpenseMember' xlink:type='arc' />
<link:definitionArc order='26.0' xlink:arcrole='http://xbrl.org/int/dim/arcrole/domain-member' xlink:from='loc_GeneralAndAdministrativeExpenseMember' xlink:to='loc_RealEstateTaxesAndInsuranceMember' xlink:type='arc' />
<link:definitionArc order='27.0' xlink:arcrole='http://xbrl.org/int/dim/arcrole/domain-member' xlink:from='loc_RealEstateTaxesAndInsuranceMember' xlink:to='loc_RealEstateTaxesMember' xlink:type='arc' />
<link:definitionArc order='28.0' xlink:arcrole='http://xbrl.org/int/dim/arcrole/domain-member' xlink:from='loc_RealEstateTaxesAndInsuranceMember' xlink:to='loc_RealEstateInsuranceMember' xlink:type='arc' />
<link:definitionArc order='29.0' xlink:arcrole='http://xbrl.org/int/dim/arcrole/domain-member' xlink:from='loc_GeneralAndAdministrativeExpenseMember' xlink:to='loc_TaxesOtherThanIncomeAndExciseTaxesMember' xlink:type='arc' />
<link:definitionArc order='30.0' xlink:arcrole='http://xbrl.org/int/dim/arcrole/domain-member' xlink:from='loc_TaxesOtherThanIncomeAndExciseTaxesMember' xlink:to='loc_ProductionAndPropertyTaxExpenseMember' xlink:type='arc' />
<link:definitionArc order='31.0' xlink:arcrole='http://xbrl.org/int/dim/arcrole/domain-member' xlink:from='loc_GeneralAndAdministrativeExpenseMember' xlink:to='loc_TaxesAndLicensesMember' xlink:type='arc' />
<link:definitionArc order='32.0' xlink:arcrole='http://xbrl.org/int/dim/arcrole/domain-member' xlink:from='loc_GeneralAndAdministrativeExpenseMember' xlink:to='loc_ProfessionalFeesMember' xlink:type='arc' />
<link:definitionArc order='33.0' xlink:arcrole='http://xbrl.org/int/dim/arcrole/domain-member' xlink:from='loc_ComponentOfOtherOperatingCostAndExpenseNameDomain' xlink:to='loc_CommunicationsDataProcessingAndOccupancyMember' xlink:type='arc' />
<link:definitionArc order='34.0' xlink:arcrole='http://xbrl.org/int/dim/arcrole/domain-member' xlink:from='loc_CommunicationsDataProcessingAndOccupancyMember' xlink:to='loc_CommunicationsAndDataProcessingMember' xlink:type='arc' />
<link:definitionArc order='35.0' xlink:arcrole='http://xbrl.org/int/dim/arcrole/domain-member' xlink:from='loc_CommunicationsDataProcessingAndOccupancyMember' xlink:to='loc_OccupancyNetMember' xlink:type='arc' />
<link:definitionArc order='36.0' xlink:arcrole='http://xbrl.org/int/dim/arcrole/domain-member' xlink:from='loc_ComponentOfOtherOperatingCostAndExpenseNameDomain' xlink:to='loc_AccretionExpenseMember' xlink:type='arc' />
<link:definitionArc order='37.0' xlink:arcrole='http://xbrl.org/int/dim/arcrole/domain-member' xlink:from='loc_ComponentOfOtherOperatingCostAndExpenseNameDomain' xlink:to='loc_BusinessDevelopmentMember' xlink:type='arc' />
<link:definitionArc order='38.0' xlink:arcrole='http://xbrl.org/int/dim/arcrole/domain-member' xlink:from='loc_ComponentOfOtherOperatingCostAndExpenseNameDomain' xlink:to='loc_CapitalLeaseExpenseMember' xlink:type='arc' />
<link:definitionArc order='39.0' xlink:arcrole='http://xbrl.org/int/dim/arcrole/domain-member' xlink:from='loc_ComponentOfOtherOperatingCostAndExpenseNameDomain' xlink:to='loc_LoanPortfolioExpenseMember' xlink:type='arc' />
<link:definitionArc order='40.0' xlink:arcrole='http://xbrl.org/int/dim/arcrole/domain-member' xlink:from='loc_ComponentOfOtherOperatingCostAndExpenseNameDomain' xlink:to='loc_OperatingLeaseExpenseMember' xlink:type='arc' />
<link:definitionArc order='41.0' xlink:arcrole='http://xbrl.org/int/dim/arcrole/domain-member' xlink:from='loc_OperatingLeaseExpenseMember' xlink:to='loc_FurnitureAndEquipmentRentalExpenseOperatingLeaseMember' xlink:type='arc' />
<link:definitionArc order='42.0' xlink:arcrole='http://xbrl.org/int/dim/arcrole/domain-member' xlink:from='loc_OperatingLeaseExpenseMember' xlink:to='loc_OperatingLeaseExpenseOtherExpenseMember' xlink:type='arc' />
<link:definitionArc order='43.0' xlink:arcrole='http://xbrl.org/int/dim/arcrole/domain-member' xlink:from='loc_ComponentOfOtherOperatingCostAndExpenseNameDomain' xlink:to='loc_PreOpeningCostsMember' xlink:type='arc' />
<link:definitionArc order='44.0' xlink:arcrole='http://xbrl.org/int/dim/arcrole/domain-member' xlink:from='loc_ComponentOfOtherOperatingCostAndExpenseNameDomain' xlink:to='loc_ProductionAndDistributionCostsMember' xlink:type='arc' />
<link:definitionArc order='45.0' xlink:arcrole='http://xbrl.org/int/dim/arcrole/domain-member' xlink:from='loc_ComponentOfOtherOperatingCostAndExpenseNameDomain' xlink:to='loc_RestructuringChargesMember' xlink:type='arc' />
<link:definitionArc order='46.0' xlink:arcrole='http://xbrl.org/int/dim/arcrole/domain-member' xlink:from='loc_ComponentOfOtherOperatingCostAndExpenseNameDomain' xlink:to='loc_FDICPremiumExpenseMember' xlink:type='arc' />
<link:definitionArc order='47.0' xlink:arcrole='http://xbrl.org/int/dim/arcrole/domain-member' xlink:from='loc_ComponentOfOtherOperatingCostAndExpenseNameDomain' xlink:to='loc_LoanProcessingFeeMember' xlink:type='arc' />
<link:definitionArc order='48.0' xlink:arcrole='http://xbrl.org/int/dim/arcrole/domain-member' xlink:from='loc_ComponentOfOtherOperatingCostAndExpenseNameDomain' xlink:to='loc_OtherResearchAndDevelopmentExpenseMember' xlink:type='arc' />
<link:definitionArc order='49.0' xlink:arcrole='http://xbrl.org/int/dim/arcrole/domain-member' xlink:from='loc_ComponentOfOtherOperatingCostAndExpenseNameDomain' xlink:to='loc_ShippingHandlingAndTransportationCostsMember' xlink:type='arc' />
<link:definitionArc order='50.0' xlink:arcrole='http://xbrl.org/int/dim/arcrole/domain-member' xlink:from='loc_ComponentOfOtherOperatingCostAndExpenseNameDomain' xlink:to='loc_FloorBrokerageExchangeClearanceFeesMember' xlink:type='arc' />
<link:definitionArc order='51.0' xlink:arcrole='http://xbrl.org/int/dim/arcrole/domain-member' xlink:from='loc_FloorBrokerageExchangeClearanceFeesMember' xlink:to='loc_FloorBrokerageMember' xlink:type='arc' />
<link:definitionArc order='52.0' xlink:arcrole='http://xbrl.org/int/dim/arcrole/domain-member' xlink:from='loc_FloorBrokerageExchangeClearanceFeesMember' xlink:to='loc_ExchangeFeesMember' xlink:type='arc' />
<link:definitionArc order='53.0' xlink:arcrole='http://xbrl.org/int/dim/arcrole/domain-member' xlink:from='loc_FloorBrokerageExchangeClearanceFeesMember' xlink:to='loc_OrderFlowFeesMember' xlink:type='arc' />
<link:definitionArc order='54.0' xlink:arcrole='http://xbrl.org/int/dim/arcrole/domain-member' xlink:from='loc_FloorBrokerageExchangeClearanceFeesMember' xlink:to='loc_ClearanceFeesMember' xlink:type='arc' />
<link:definitionArc order='55.0' xlink:arcrole='http://xbrl.org/int/dim/arcrole/domain-member' xlink:from='loc_ComponentOfOtherOperatingCostAndExpenseNameDomain' xlink:to='loc_ExpenseRelatedToDistributionOrServicingAndUnderwritingFeesMember' xlink:type='arc' />
<link:definitionArc order='56.0' xlink:arcrole='http://xbrl.org/int/dim/arcrole/domain-member' xlink:from='loc_ComponentOfOtherOperatingCostAndExpenseNameDomain' xlink:to='loc_EnvironmentalRemediationExpenseMember' xlink:type='arc' />
<link:definitionArc order='57.0' xlink:arcrole='http://xbrl.org/int/dim/arcrole/domain-member' xlink:from='loc_ComponentOfOtherOperatingCostAndExpenseNameDomain' xlink:to='loc_OtherOperatingExpenseMember' xlink:type='arc' />
</link:definitionLink>
<!--Definition relationships for table ComponentOfOtherIncomeNonoperatingTable in presentation http://fasb.org/us-gaap/role/disclosure/OtherExpenses-->
<link:definitionLink xlink:role='http://fasb.org/us-gaap/role/disclosure/OtherExpensesComponentOfOtherIncomeNonoperatingTable' xlink:type='extended'>
<link:loc xlink:href='../elts/us-gaap-2011-01-31.xsd#us-gaap_ComponentOfOtherIncomeNonoperatingTable' xlink:label='loc_ComponentOfOtherIncomeNonoperatingTable' xlink:type='locator' />
<link:loc xlink:href='../elts/us-gaap-2011-01-31.xsd#us-gaap_ComponentOfOtherIncomeNonoperatingLineItems' xlink:label='loc_ComponentOfOtherIncomeNonoperatingLineItems' xlink:type='locator' />
<link:definitionArc order='1.0' xbrldt:closed='true' xbrldt:contextElement='segment' xlink:arcrole='http://xbrl.org/int/dim/arcrole/all' xlink:from='loc_ComponentOfOtherIncomeNonoperatingLineItems' xlink:to='loc_ComponentOfOtherIncomeNonoperatingTable' xlink:type='arc' />
</link:definitionLink>
<link:definitionLink xlink:role='http://fasb.org/us-gaap/role/disclosure/OtherExpensesComponentOfOtherIncomeNonoperatingTable' xlink:type='extended'>
<link:loc xlink:href='../elts/us-gaap-2011-01-31.xsd#us-gaap_ComponentOfOtherIncomeNonoperatingTable' xlink:label='loc_ComponentOfOtherIncomeNonoperatingTable' xlink:type='locator' />
<link:loc xlink:href='../elts/us-gaap-2011-01-31.xsd#us-gaap_ComponentOfOtherIncomeNonoperatingAxis' xlink:label='loc_ComponentOfOtherIncomeNonoperatingAxis' xlink:type='locator' />
<link:definitionArc order='1.0' xlink:arcrole='http://xbrl.org/int/dim/arcrole/hypercube-dimension' xlink:from='loc_ComponentOfOtherIncomeNonoperatingTable' xlink:to='loc_ComponentOfOtherIncomeNonoperatingAxis' xlink:type='arc' />
</link:definitionLink>
<link:definitionLink xlink:role='http://fasb.org/us-gaap/role/disclosure/OtherExpensesComponentOfOtherIncomeNonoperatingTable' xlink:type='extended'>
<link:loc xlink:href='../elts/us-gaap-2011-01-31.xsd#us-gaap_ComponentOfOtherIncomeNonoperatingAxis' xlink:label='loc_ComponentOfOtherIncomeNonoperatingAxis' xlink:type='locator' />
<link:loc xlink:href='../elts/us-gaap-2011-01-31.xsd#us-gaap_ComponentOfOtherIncomeNonoperatingNameDomain' xlink:label='loc_ComponentOfOtherIncomeNonoperatingNameDomain' xlink:type='locator' />
<link:definitionArc order='1.0' xlink:arcrole='http://xbrl.org/int/dim/arcrole/dimension-domain' xlink:from='loc_ComponentOfOtherIncomeNonoperatingAxis' xlink:to='loc_ComponentOfOtherIncomeNonoperatingNameDomain' xlink:type='arc' />
</link:definitionLink>
<link:definitionLink xlink:role='http://fasb.org/us-gaap/role/disclosure/OtherExpensesComponentOfOtherIncomeNonoperatingTable' xlink:type='extended'>
<link:loc xlink:href='../elts/us-gaap-2011-01-31.xsd#us-gaap_ComponentOfOtherIncomeNonoperatingAxis' xlink:label='loc_ComponentOfOtherIncomeNonoperatingAxis' xlink:type='locator' />
<link:loc xlink:href='../elts/us-gaap-2011-01-31.xsd#us-gaap_ComponentOfOtherIncomeNonoperatingNameDomain' xlink:label='loc_ComponentOfOtherIncomeNonoperatingNameDomain' xlink:type='locator' />
<link:definitionArc order='1.0' xlink:arcrole='http://xbrl.org/int/dim/arcrole/dimension-default' xlink:from='loc_ComponentOfOtherIncomeNonoperatingAxis' xlink:to='loc_ComponentOfOtherIncomeNonoperatingNameDomain' xlink:type='arc' />
</link:definitionLink>
<link:definitionLink xlink:role='http://fasb.org/us-gaap/role/disclosure/OtherExpensesComponentOfOtherIncomeNonoperatingTable' xlink:type='extended'>
<link:loc xlink:href='../elts/us-gaap-2011-01-31.xsd#us-gaap_ComponentOfOtherIncomeNonoperatingLineItems' xlink:label='loc_ComponentOfOtherIncomeNonoperatingLineItems' xlink:type='locator' />
<link:loc xlink:href='../elts/us-gaap-2011-01-31.xsd#us-gaap_OtherNonoperatingIncome' xlink:label='loc_OtherNonoperatingIncome' xlink:type='locator' />
<link:definitionArc order='1.0' xlink:arcrole='http://xbrl.org/int/dim/arcrole/domain-member' xlink:from='loc_ComponentOfOtherIncomeNonoperatingLineItems' xlink:to='loc_OtherNonoperatingIncome' xlink:type='arc' />
</link:definitionLink>
<link:definitionLink xlink:role='http://fasb.org/us-gaap/role/disclosure/OtherExpensesComponentOfOtherIncomeNonoperatingTable' xlink:type='extended'>
<link:loc xlink:href='../elts/us-gaap-2011-01-31.xsd#us-gaap_ComponentOfOtherIncomeNonoperatingNameDomain' xlink:label='loc_ComponentOfOtherIncomeNonoperatingNameDomain' xlink:type='locator' />
<link:loc xlink:href='../elts/us-gaap-2011-01-31.xsd#us-gaap_InterestAndDividendIncomeMember' xlink:label='loc_InterestAndDividendIncomeMember' xlink:type='locator' />
<link:loc xlink:href='../elts/us-gaap-2011-01-31.xsd#us-gaap_InterestIncomeMember' xlink:label='loc_InterestIncomeMember' xlink:type='locator' />
<link:loc xlink:href='../elts/us-gaap-2011-01-31.xsd#us-gaap_OtherInterestIncomeMember' xlink:label='loc_OtherInterestIncomeMember' xlink:type='locator' />
<link:loc xlink:href='../elts/us-gaap-2011-01-31.xsd#us-gaap_DividendIncomeMember' xlink:label='loc_DividendIncomeMember' xlink:type='locator' />
<link:loc xlink:href='../elts/us-gaap-2011-01-31.xsd#us-gaap_GainLossOnInvestmentsMember' xlink:label='loc_GainLossOnInvestmentsMember' xlink:type='locator' />
<link:loc xlink:href='../elts/us-gaap-2011-01-31.xsd#us-gaap_RealizedGainLossOnSaleOfInvestmentsMember' xlink:label='loc_RealizedGainLossOnSaleOfInvestmentsMember' xlink:type='locator' />
<link:loc xlink:href='../elts/us-gaap-2011-01-31.xsd#us-gaap_UnrealizedGainLossOrWriteDownMember' xlink:label='loc_UnrealizedGainLossOrWriteDownMember' xlink:type='locator' />
<link:loc xlink:href='../elts/us-gaap-2011-01-31.xsd#us-gaap_IncomeLossFromEquityMethodInvestmentsNetOfDistributionsMember' xlink:label='loc_IncomeLossFromEquityMethodInvestmentsNetOfDistributionsMember' xlink:type='locator' />
<link:loc xlink:href='../elts/us-gaap-2011-01-31.xsd#us-gaap_IncomeLossFromEquityRealEstatePartnershipsMember' xlink:label='loc_IncomeLossFromEquityRealEstatePartnershipsMember' xlink:type='locator' />
<link:loc xlink:href='../elts/us-gaap-2011-01-31.xsd#us-gaap_MinorityInterestAndEarningsLossesEquityInvestmentsMember' xlink:label='loc_MinorityInterestAndEarningsLossesEquityInvestmentsMember' xlink:type='locator' />
<link:loc xlink:href='../elts/us-gaap-2011-01-31.xsd#us-gaap_GainLossOnDispositionOfAssetsMember' xlink:label='loc_GainLossOnDispositionOfAssetsMember' xlink:type='locator' />
<link:loc xlink:href='../elts/us-gaap-2011-01-31.xsd#us-gaap_GainLossOnDispositionOfPropertyMember' xlink:label='loc_GainLossOnDispositionOfPropertyMember' xlink:type='locator' />
<link:loc xlink:href='../elts/us-gaap-2011-01-31.xsd#us-gaap_GainLossOnSaleOfOilAndGasPropertiesMember' xlink:label='loc_GainLossOnSaleOfOilAndGasPropertiesMember' xlink:type='locator' />
<link:loc xlink:href='../elts/us-gaap-2011-01-31.xsd#us-gaap_GainLossOnDispositionOfOtherAssetsMember' xlink:label='loc_GainLossOnDispositionOfOtherAssetsMember' xlink:type='locator' />
<link:loc xlink:href='../elts/us-gaap-2011-01-31.xsd#us-gaap_GainLossOnSaleOfInterestInProjectsMember' xlink:label='loc_GainLossOnSaleOfInterestInProjectsMember' xlink:type='locator' />
<link:loc xlink:href='../elts/us-gaap-2011-01-31.xsd#us-gaap_GainLossOnCondemnationNetOfTaxMember' xlink:label='loc_GainLossOnCondemnationNetOfTaxMember' xlink:type='locator' />
<link:loc xlink:href='../elts/us-gaap-2011-01-31.xsd#us-gaap_GainLossOnDerivativesMember' xlink:label='loc_GainLossOnDerivativesMember' xlink:type='locator' />
<link:loc xlink:href='../elts/us-gaap-2011-01-31.xsd#us-gaap_GainLossFromPriceRiskManagementActivityMember' xlink:label='loc_GainLossFromPriceRiskManagementActivityMember' xlink:type='locator' />
<link:loc xlink:href='../elts/us-gaap-2011-01-31.xsd#us-gaap_GainLossOnOilAndGasHedgingActivityMember' xlink:label='loc_GainLossOnOilAndGasHedgingActivityMember' xlink:type='locator' />
<link:loc xlink:href='../elts/us-gaap-2011-01-31.xsd#us-gaap_GainLossOnSettlementOfDerivativeInstrumentMember' xlink:label='loc_GainLossOnSettlementOfDerivativeInstrumentMember' xlink:type='locator' />
<link:loc xlink:href='../elts/us-gaap-2011-01-31.xsd#us-gaap_FairValueAdjustmentsOnHedgesAndDerivativeContractsMember' xlink:label='loc_FairValueAdjustmentsOnHedgesAndDerivativeContractsMember' xlink:type='locator' />
<link:loc xlink:href='../elts/us-gaap-2011-01-31.xsd#us-gaap_GainsLossesOnSalesOfAssetsMember' xlink:label='loc_GainsLossesOnSalesOfAssetsMember' xlink:type='locator' />
<link:loc xlink:href='../elts/us-gaap-2011-01-31.xsd#us-gaap_GainLossOnSaleOfLeasedAssetsNetOperatingLeasesMember' xlink:label='loc_GainLossOnSaleOfLeasedAssetsNetOperatingLeasesMember' xlink:type='locator' />
<link:loc xlink:href='../elts/us-gaap-2011-01-31.xsd#us-gaap_GainLossOnSaleOfLoansReceivableMember' xlink:label='loc_GainLossOnSaleOfLoansReceivableMember' xlink:type='locator' />
<link:loc xlink:href='../elts/us-gaap-2011-01-31.xsd#us-gaap_GainLossOnSaleOfTradeReceivablesMember' xlink:label='loc_GainLossOnSaleOfTradeReceivablesMember' xlink:type='locator' />
<link:loc xlink:href='../elts/us-gaap-2011-01-31.xsd#us-gaap_PhaseInPlanNetChangeInAmountOfCostsDeferredForRateMakingPurposesMember' xlink:label='loc_PhaseInPlanNetChangeInAmountOfCostsDeferredForRateMakingPurposesMember' xlink:type='locator' />
<link:loc xlink:href='../elts/us-gaap-2011-01-31.xsd#us-gaap_RefundsReceivedRelatedToRevenueFromDifferentYearMember' xlink:label='loc_RefundsReceivedRelatedToRevenueFromDifferentYearMember' xlink:type='locator' />
<link:loc xlink:href='../elts/us-gaap-2011-01-31.xsd#us-gaap_AllowanceForCostOfEquityFundsUsedDuringConstructionMember' xlink:label='loc_AllowanceForCostOfEquityFundsUsedDuringConstructionMember' xlink:type='locator' />
<link:definitionArc order='1.0' xlink:arcrole='http://xbrl.org/int/dim/arcrole/domain-member' xlink:from='loc_ComponentOfOtherIncomeNonoperatingNameDomain' xlink:to='loc_InterestAndDividendIncomeMember' xlink:type='arc' />
<link:definitionArc order='2.0' xlink:arcrole='http://xbrl.org/int/dim/arcrole/domain-member' xlink:from='loc_InterestAndDividendIncomeMember' xlink:to='loc_InterestIncomeMember' xlink:type='arc' />
<link:definitionArc order='3.0' xlink:arcrole='http://xbrl.org/int/dim/arcrole/domain-member' xlink:from='loc_InterestAndDividendIncomeMember' xlink:to='loc_OtherInterestIncomeMember' xlink:type='arc' />
<link:definitionArc order='4.0' xlink:arcrole='http://xbrl.org/int/dim/arcrole/domain-member' xlink:from='loc_InterestAndDividendIncomeMember' xlink:to='loc_DividendIncomeMember' xlink:type='arc' />
<link:definitionArc order='5.0' xlink:arcrole='http://xbrl.org/int/dim/arcrole/domain-member' xlink:from='loc_ComponentOfOtherIncomeNonoperatingNameDomain' xlink:to='loc_GainLossOnInvestmentsMember' xlink:type='arc' />
<link:definitionArc order='6.0' xlink:arcrole='http://xbrl.org/int/dim/arcrole/domain-member' xlink:from='loc_GainLossOnInvestmentsMember' xlink:to='loc_RealizedGainLossOnSaleOfInvestmentsMember' xlink:type='arc' />
<link:definitionArc order='7.0' xlink:arcrole='http://xbrl.org/int/dim/arcrole/domain-member' xlink:from='loc_GainLossOnInvestmentsMember' xlink:to='loc_UnrealizedGainLossOrWriteDownMember' xlink:type='arc' />
<link:definitionArc order='8.0' xlink:arcrole='http://xbrl.org/int/dim/arcrole/domain-member' xlink:from='loc_ComponentOfOtherIncomeNonoperatingNameDomain' xlink:to='loc_IncomeLossFromEquityMethodInvestmentsNetOfDistributionsMember' xlink:type='arc' />
<link:definitionArc order='9.0' xlink:arcrole='http://xbrl.org/int/dim/arcrole/domain-member' xlink:from='loc_ComponentOfOtherIncomeNonoperatingNameDomain' xlink:to='loc_IncomeLossFromEquityRealEstatePartnershipsMember' xlink:type='arc' />
<link:definitionArc order='10.0' xlink:arcrole='http://xbrl.org/int/dim/arcrole/domain-member' xlink:from='loc_ComponentOfOtherIncomeNonoperatingNameDomain' xlink:to='loc_MinorityInterestAndEarningsLossesEquityInvestmentsMember' xlink:type='arc' />
<link:definitionArc order='11.0' xlink:arcrole='http://xbrl.org/int/dim/arcrole/domain-member' xlink:from='loc_ComponentOfOtherIncomeNonoperatingNameDomain' xlink:to='loc_GainLossOnDispositionOfAssetsMember' xlink:type='arc' />
<link:definitionArc order='12.0' xlink:arcrole='http://xbrl.org/int/dim/arcrole/domain-member' xlink:from='loc_GainLossOnDispositionOfAssetsMember' xlink:to='loc_GainLossOnDispositionOfPropertyMember' xlink:type='arc' />
<link:definitionArc order='13.0' xlink:arcrole='http://xbrl.org/int/dim/arcrole/domain-member' xlink:from='loc_GainLossOnDispositionOfAssetsMember' xlink:to='loc_GainLossOnSaleOfOilAndGasPropertiesMember' xlink:type='arc' />
<link:definitionArc order='14.0' xlink:arcrole='http://xbrl.org/int/dim/arcrole/domain-member' xlink:from='loc_GainLossOnDispositionOfAssetsMember' xlink:to='loc_GainLossOnDispositionOfOtherAssetsMember' xlink:type='arc' />
<link:definitionArc order='15.0' xlink:arcrole='http://xbrl.org/int/dim/arcrole/domain-member' xlink:from='loc_GainLossOnDispositionOfAssetsMember' xlink:to='loc_GainLossOnSaleOfInterestInProjectsMember' xlink:type='arc' />
<link:definitionArc order='16.0' xlink:arcrole='http://xbrl.org/int/dim/arcrole/domain-member' xlink:from='loc_GainLossOnDispositionOfAssetsMember' xlink:to='loc_GainLossOnCondemnationNetOfTaxMember' xlink:type='arc' />
<link:definitionArc order='17.0' xlink:arcrole='http://xbrl.org/int/dim/arcrole/domain-member' xlink:from='loc_ComponentOfOtherIncomeNonoperatingNameDomain' xlink:to='loc_GainLossOnDerivativesMember' xlink:type='arc' />
<link:definitionArc order='18.0' xlink:arcrole='http://xbrl.org/int/dim/arcrole/domain-member' xlink:from='loc_GainLossOnDerivativesMember' xlink:to='loc_GainLossFromPriceRiskManagementActivityMember' xlink:type='arc' />
<link:definitionArc order='19.0' xlink:arcrole='http://xbrl.org/int/dim/arcrole/domain-member' xlink:from='loc_GainLossOnDerivativesMember' xlink:to='loc_GainLossOnOilAndGasHedgingActivityMember' xlink:type='arc' />
<link:definitionArc order='20.0' xlink:arcrole='http://xbrl.org/int/dim/arcrole/domain-member' xlink:from='loc_GainLossOnDerivativesMember' xlink:to='loc_GainLossOnSettlementOfDerivativeInstrumentMember' xlink:type='arc' />
<link:definitionArc order='21.0' xlink:arcrole='http://xbrl.org/int/dim/arcrole/domain-member' xlink:from='loc_ComponentOfOtherIncomeNonoperatingNameDomain' xlink:to='loc_FairValueAdjustmentsOnHedgesAndDerivativeContractsMember' xlink:type='arc' />
<link:definitionArc order='22.0' xlink:arcrole='http://xbrl.org/int/dim/arcrole/domain-member' xlink:from='loc_ComponentOfOtherIncomeNonoperatingNameDomain' xlink:to='loc_GainsLossesOnSalesOfAssetsMember' xlink:type='arc' />
<link:definitionArc order='23.0' xlink:arcrole='http://xbrl.org/int/dim/arcrole/domain-member' xlink:from='loc_GainsLossesOnSalesOfAssetsMember' xlink:to='loc_GainLossOnSaleOfLeasedAssetsNetOperatingLeasesMember' xlink:type='arc' />
<link:definitionArc order='24.0' xlink:arcrole='http://xbrl.org/int/dim/arcrole/domain-member' xlink:from='loc_ComponentOfOtherIncomeNonoperatingNameDomain' xlink:to='loc_GainLossOnSaleOfLoansReceivableMember' xlink:type='arc' />
<link:definitionArc order='25.0' xlink:arcrole='http://xbrl.org/int/dim/arcrole/domain-member' xlink:from='loc_ComponentOfOtherIncomeNonoperatingNameDomain' xlink:to='loc_GainLossOnSaleOfTradeReceivablesMember' xlink:type='arc' />
<link:definitionArc order='26.0' xlink:arcrole='http://xbrl.org/int/dim/arcrole/domain-member' xlink:from='loc_ComponentOfOtherIncomeNonoperatingNameDomain' xlink:to='loc_PhaseInPlanNetChangeInAmountOfCostsDeferredForRateMakingPurposesMember' xlink:type='arc' />
<link:definitionArc order='27.0' xlink:arcrole='http://xbrl.org/int/dim/arcrole/domain-member' xlink:from='loc_ComponentOfOtherIncomeNonoperatingNameDomain' xlink:to='loc_RefundsReceivedRelatedToRevenueFromDifferentYearMember' xlink:type='arc' />
<link:definitionArc order='28.0' xlink:arcrole='http://xbrl.org/int/dim/arcrole/domain-member' xlink:from='loc_ComponentOfOtherIncomeNonoperatingNameDomain' xlink:to='loc_AllowanceForCostOfEquityFundsUsedDuringConstructionMember' xlink:type='arc' />
</link:definitionLink>
<!--Definition relationships for table ComponentOfOtherExpenseNonoperatingTable in presentation http://fasb.org/us-gaap/role/disclosure/OtherExpenses-->
<link:definitionLink xlink:role='http://fasb.org/us-gaap/role/disclosure/OtherExpensesComponentOfOtherExpenseNonoperatingTable' xlink:type='extended'>
<link:loc xlink:href='../elts/us-gaap-2011-01-31.xsd#us-gaap_ComponentOfOtherExpenseNonoperatingTable' xlink:label='loc_ComponentOfOtherExpenseNonoperatingTable' xlink:type='locator' />
<link:loc xlink:href='../elts/us-gaap-2011-01-31.xsd#us-gaap_ComponentOfOtherExpenseNonoperatingLineItems' xlink:label='loc_ComponentOfOtherExpenseNonoperatingLineItems' xlink:type='locator' />
<link:definitionArc order='1.0' xbrldt:closed='true' xbrldt:contextElement='segment' xlink:arcrole='http://xbrl.org/int/dim/arcrole/all' xlink:from='loc_ComponentOfOtherExpenseNonoperatingLineItems' xlink:to='loc_ComponentOfOtherExpenseNonoperatingTable' xlink:type='arc' />
</link:definitionLink>
<link:definitionLink xlink:role='http://fasb.org/us-gaap/role/disclosure/OtherExpensesComponentOfOtherExpenseNonoperatingTable' xlink:type='extended'>
<link:loc xlink:href='../elts/us-gaap-2011-01-31.xsd#us-gaap_ComponentOfOtherExpenseNonoperatingTable' xlink:label='loc_ComponentOfOtherExpenseNonoperatingTable' xlink:type='locator' />
<link:loc xlink:href='../elts/us-gaap-2011-01-31.xsd#us-gaap_ComponentOfOtherExpenseNonoperatingAxis' xlink:label='loc_ComponentOfOtherExpenseNonoperatingAxis' xlink:type='locator' />
<link:definitionArc order='1.0' xlink:arcrole='http://xbrl.org/int/dim/arcrole/hypercube-dimension' xlink:from='loc_ComponentOfOtherExpenseNonoperatingTable' xlink:to='loc_ComponentOfOtherExpenseNonoperatingAxis' xlink:type='arc' />
</link:definitionLink>
<link:definitionLink xlink:role='http://fasb.org/us-gaap/role/disclosure/OtherExpensesComponentOfOtherExpenseNonoperatingTable' xlink:type='extended'>
<link:loc xlink:href='../elts/us-gaap-2011-01-31.xsd#us-gaap_ComponentOfOtherExpenseNonoperatingAxis' xlink:label='loc_ComponentOfOtherExpenseNonoperatingAxis' xlink:type='locator' />
<link:loc xlink:href='../elts/us-gaap-2011-01-31.xsd#us-gaap_ComponentOfOtherExpenseNonoperatingNameDomain' xlink:label='loc_ComponentOfOtherExpenseNonoperatingNameDomain' xlink:type='locator' />
<link:definitionArc order='1.0' xlink:arcrole='http://xbrl.org/int/dim/arcrole/dimension-domain' xlink:from='loc_ComponentOfOtherExpenseNonoperatingAxis' xlink:to='loc_ComponentOfOtherExpenseNonoperatingNameDomain' xlink:type='arc' />
</link:definitionLink>
<link:definitionLink xlink:role='http://fasb.org/us-gaap/role/disclosure/OtherExpensesComponentOfOtherExpenseNonoperatingTable' xlink:type='extended'>
<link:loc xlink:href='../elts/us-gaap-2011-01-31.xsd#us-gaap_ComponentOfOtherExpenseNonoperatingAxis' xlink:label='loc_ComponentOfOtherExpenseNonoperatingAxis' xlink:type='locator' />
<link:loc xlink:href='../elts/us-gaap-2011-01-31.xsd#us-gaap_ComponentOfOtherExpenseNonoperatingNameDomain' xlink:label='loc_ComponentOfOtherExpenseNonoperatingNameDomain' xlink:type='locator' />
<link:definitionArc order='1.0' xlink:arcrole='http://xbrl.org/int/dim/arcrole/dimension-default' xlink:from='loc_ComponentOfOtherExpenseNonoperatingAxis' xlink:to='loc_ComponentOfOtherExpenseNonoperatingNameDomain' xlink:type='arc' />
</link:definitionLink>
<link:definitionLink xlink:role='http://fasb.org/us-gaap/role/disclosure/OtherExpensesComponentOfOtherExpenseNonoperatingTable' xlink:type='extended'>
<link:loc xlink:href='../elts/us-gaap-2011-01-31.xsd#us-gaap_ComponentOfOtherExpenseNonoperatingLineItems' xlink:label='loc_ComponentOfOtherExpenseNonoperatingLineItems' xlink:type='locator' />
<link:loc xlink:href='../elts/us-gaap-2011-01-31.xsd#us-gaap_OtherNonoperatingExpense' xlink:label='loc_OtherNonoperatingExpense' xlink:type='locator' />
<link:definitionArc order='1.0' xlink:arcrole='http://xbrl.org/int/dim/arcrole/domain-member' xlink:from='loc_ComponentOfOtherExpenseNonoperatingLineItems' xlink:to='loc_OtherNonoperatingExpense' xlink:type='arc' />
</link:definitionLink>
<link:definitionLink xlink:role='http://fasb.org/us-gaap/role/disclosure/OtherExpensesComponentOfOtherExpenseNonoperatingTable' xlink:type='extended'>
<link:loc xlink:href='../elts/us-gaap-2011-01-31.xsd#us-gaap_ComponentOfOtherExpenseNonoperatingNameDomain' xlink:label='loc_ComponentOfOtherExpenseNonoperatingNameDomain' xlink:type='locator' />
<link:loc xlink:href='../elts/us-gaap-2011-01-31.xsd#us-gaap_RealizedLossesOnSaleOfInvestmentsMember' xlink:label='loc_RealizedLossesOnSaleOfInvestmentsMember' xlink:type='locator' />
<link:loc xlink:href='../elts/us-gaap-2011-01-31.xsd#us-gaap_InvestmentsImpairmentChargeMember' xlink:label='loc_InvestmentsImpairmentChargeMember' xlink:type='locator' />
<link:loc xlink:href='../elts/us-gaap-2011-01-31.xsd#us-gaap_AmortizationOfDeferredSalesCommissionsMember' xlink:label='loc_AmortizationOfDeferredSalesCommissionsMember' xlink:type='locator' />
<link:loc xlink:href='../elts/us-gaap-2011-01-31.xsd#us-gaap_AmortizationOfRegulatoryAssetMember' xlink:label='loc_AmortizationOfRegulatoryAssetMember' xlink:type='locator' />
<link:loc xlink:href='../elts/us-gaap-2011-01-31.xsd#us-gaap_OtherAmortizationMember' xlink:label='loc_OtherAmortizationMember' xlink:type='locator' />
<link:loc xlink:href='../elts/us-gaap-2011-01-31.xsd#us-gaap_AllowanceForFundsUsedDuringConstructionCapitalizedInterestMember' xlink:label='loc_AllowanceForFundsUsedDuringConstructionCapitalizedInterestMember' xlink:type='locator' />
<link:loc xlink:href='../elts/us-gaap-2011-01-31.xsd#us-gaap_ProvisionForLossesOnOperatingAndOrDevelopmentPropertyMember' xlink:label='loc_ProvisionForLossesOnOperatingAndOrDevelopmentPropertyMember' xlink:type='locator' />
<link:loc xlink:href='../elts/us-gaap-2011-01-31.xsd#us-gaap_AmortizationOfIntangiblesNonproductionMember' xlink:label='loc_AmortizationOfIntangiblesNonproductionMember' xlink:type='locator' />
<link:loc xlink:href='../elts/us-gaap-2011-01-31.xsd#us-gaap_ImpairmentOfGoodwillMember' xlink:label='loc_ImpairmentOfGoodwillMember' xlink:type='locator' />
<link:loc xlink:href='../elts/us-gaap-2011-01-31.xsd#us-gaap_ImpairmentOfIntangibleAssetsMember' xlink:label='loc_ImpairmentOfIntangibleAssetsMember' xlink:type='locator' />
<link:loc xlink:href='../elts/us-gaap-2011-01-31.xsd#us-gaap_UnrealizedGainLossOrWriteDownMember' xlink:label='loc_UnrealizedGainLossOrWriteDownMember' xlink:type='locator' />
<link:loc xlink:href='../elts/us-gaap-2011-01-31.xsd#us-gaap_IncomeLossFromEquityMethodInvestmentsNetOfDistributionsMember' xlink:label='loc_IncomeLossFromEquityMethodInvestmentsNetOfDistributionsMember' xlink:type='locator' />
<link:loc xlink:href='../elts/us-gaap-2011-01-31.xsd#us-gaap_IncomeLossFromEquityMethodInvestmentsMember' xlink:label='loc_IncomeLossFromEquityMethodInvestmentsMember' xlink:type='locator' />
<link:loc xlink:href='../elts/us-gaap-2011-01-31.xsd#us-gaap_IncomeLossFromEquityRealEstatePartnershipsMember' xlink:label='loc_IncomeLossFromEquityRealEstatePartnershipsMember' xlink:type='locator' />
<link:loc xlink:href='../elts/us-gaap-2011-01-31.xsd#us-gaap_MinorityInterestAndEarningsLossesEquityInvestmentsMember' xlink:label='loc_MinorityInterestAndEarningsLossesEquityInvestmentsMember' xlink:type='locator' />
<link:loc xlink:href='../elts/us-gaap-2011-01-31.xsd#us-gaap_GainLossOnDispositionOfAssetsMember' xlink:label='loc_GainLossOnDispositionOfAssetsMember' xlink:type='locator' />
<link:loc xlink:href='../elts/us-gaap-2011-01-31.xsd#us-gaap_GainLossOnDispositionOfPropertyMember' xlink:label='loc_GainLossOnDispositionOfPropertyMember' xlink:type='locator' />
<link:loc xlink:href='../elts/us-gaap-2011-01-31.xsd#us-gaap_GainLossOnSaleOfOilAndGasPropertiesMember' xlink:label='loc_GainLossOnSaleOfOilAndGasPropertiesMember' xlink:type='locator' />
<link:loc xlink:href='../elts/us-gaap-2011-01-31.xsd#us-gaap_GainLossOnDispositionOfOtherAssetsMember' xlink:label='loc_GainLossOnDispositionOfOtherAssetsMember' xlink:type='locator' />
<link:loc xlink:href='../elts/us-gaap-2011-01-31.xsd#us-gaap_GainLossOnSaleOfInterestInProjectsMember' xlink:label='loc_GainLossOnSaleOfInterestInProjectsMember' xlink:type='locator' />
<link:loc xlink:href='../elts/us-gaap-2011-01-31.xsd#us-gaap_GainLossOnCondemnationNetOfTaxMember' xlink:label='loc_GainLossOnCondemnationNetOfTaxMember' xlink:type='locator' />
<link:loc xlink:href='../elts/us-gaap-2011-01-31.xsd#us-gaap_GainLossOnSaleOfSubsidiarysStockMember' xlink:label='loc_GainLossOnSaleOfSubsidiarysStockMember' xlink:type='locator' />
<link:loc xlink:href='../elts/us-gaap-2011-01-31.xsd#us-gaap_GainLossOnDerivativesMember' xlink:label='loc_GainLossOnDerivativesMember' xlink:type='locator' />
<link:loc xlink:href='../elts/us-gaap-2011-01-31.xsd#us-gaap_GainLossFromPriceRiskManagementActivityMember' xlink:label='loc_GainLossFromPriceRiskManagementActivityMember' xlink:type='locator' />
<link:loc xlink:href='../elts/us-gaap-2011-01-31.xsd#us-gaap_GainLossOnOilAndGasHedgingActivityMember' xlink:label='loc_GainLossOnOilAndGasHedgingActivityMember' xlink:type='locator' />
<link:loc xlink:href='../elts/us-gaap-2011-01-31.xsd#us-gaap_GainLossOnSettlementOfDerivativeInstrumentMember' xlink:label='loc_GainLossOnSettlementOfDerivativeInstrumentMember' xlink:type='locator' />
<link:loc xlink:href='../elts/us-gaap-2011-01-31.xsd#us-gaap_FairValueAdjustmentsOnHedgesAndDerivativeContractsMember' xlink:label='loc_FairValueAdjustmentsOnHedgesAndDerivativeContractsMember' xlink:type='locator' />
<link:loc xlink:href='../elts/us-gaap-2011-01-31.xsd#us-gaap_GainsLossesOnSalesOfAssetsMember' xlink:label='loc_GainsLossesOnSalesOfAssetsMember' xlink:type='locator' />
<link:loc xlink:href='../elts/us-gaap-2011-01-31.xsd#us-gaap_GainLossOnSaleOfLeasedAssetsNetOperatingLeasesMember' xlink:label='loc_GainLossOnSaleOfLeasedAssetsNetOperatingLeasesMember' xlink:type='locator' />
<link:loc xlink:href='../elts/us-gaap-2011-01-31.xsd#us-gaap_EffectOfIllegalActsOnFinancialStatementsDisclosureMember' xlink:label='loc_EffectOfIllegalActsOnFinancialStatementsDisclosureMember' xlink:type='locator' />
<link:loc xlink:href='../elts/us-gaap-2011-01-31.xsd#us-gaap_EffectOfIllegalActsOnFinancialStatementsAmountMember' xlink:label='loc_EffectOfIllegalActsOnFinancialStatementsAmountMember' xlink:type='locator' />
<link:loc xlink:href='../elts/us-gaap-2011-01-31.xsd#us-gaap_UnsolicitedTenderOfferExpensesMember' xlink:label='loc_UnsolicitedTenderOfferExpensesMember' xlink:type='locator' />
<link:definitionArc order='1.0' xlink:arcrole='http://xbrl.org/int/dim/arcrole/domain-member' xlink:from='loc_ComponentOfOtherExpenseNonoperatingNameDomain' xlink:to='loc_RealizedLossesOnSaleOfInvestmentsMember' xlink:type='arc' />
<link:definitionArc order='2.0' xlink:arcrole='http://xbrl.org/int/dim/arcrole/domain-member' xlink:from='loc_ComponentOfOtherExpenseNonoperatingNameDomain' xlink:to='loc_InvestmentsImpairmentChargeMember' xlink:type='arc' />
<link:definitionArc order='3.0' xlink:arcrole='http://xbrl.org/int/dim/arcrole/domain-member' xlink:from='loc_ComponentOfOtherExpenseNonoperatingNameDomain' xlink:to='loc_AmortizationOfDeferredSalesCommissionsMember' xlink:type='arc' />
<link:definitionArc order='4.0' xlink:arcrole='http://xbrl.org/int/dim/arcrole/domain-member' xlink:from='loc_ComponentOfOtherExpenseNonoperatingNameDomain' xlink:to='loc_AmortizationOfRegulatoryAssetMember' xlink:type='arc' />
<link:definitionArc order='5.0' xlink:arcrole='http://xbrl.org/int/dim/arcrole/domain-member' xlink:from='loc_ComponentOfOtherExpenseNonoperatingNameDomain' xlink:to='loc_OtherAmortizationMember' xlink:type='arc' />
<link:definitionArc order='6.0' xlink:arcrole='http://xbrl.org/int/dim/arcrole/domain-member' xlink:from='loc_ComponentOfOtherExpenseNonoperatingNameDomain' xlink:to='loc_AllowanceForFundsUsedDuringConstructionCapitalizedInterestMember' xlink:type='arc' />
<link:definitionArc order='7.0' xlink:arcrole='http://xbrl.org/int/dim/arcrole/domain-member' xlink:from='loc_ComponentOfOtherExpenseNonoperatingNameDomain' xlink:to='loc_ProvisionForLossesOnOperatingAndOrDevelopmentPropertyMember' xlink:type='arc' />
<link:definitionArc order='8.0' xlink:arcrole='http://xbrl.org/int/dim/arcrole/domain-member' xlink:from='loc_ComponentOfOtherExpenseNonoperatingNameDomain' xlink:to='loc_AmortizationOfIntangiblesNonproductionMember' xlink:type='arc' />
<link:definitionArc order='9.0' xlink:arcrole='http://xbrl.org/int/dim/arcrole/domain-member' xlink:from='loc_ComponentOfOtherExpenseNonoperatingNameDomain' xlink:to='loc_ImpairmentOfGoodwillMember' xlink:type='arc' />
<link:definitionArc order='10.0' xlink:arcrole='http://xbrl.org/int/dim/arcrole/domain-member' xlink:from='loc_ComponentOfOtherExpenseNonoperatingNameDomain' xlink:to='loc_ImpairmentOfIntangibleAssetsMember' xlink:type='arc' />
<link:definitionArc order='11.0' xlink:arcrole='http://xbrl.org/int/dim/arcrole/domain-member' xlink:from='loc_ComponentOfOtherExpenseNonoperatingNameDomain' xlink:to='loc_UnrealizedGainLossOrWriteDownMember' xlink:type='arc' />
<link:definitionArc order='12.0' xlink:arcrole='http://xbrl.org/int/dim/arcrole/domain-member' xlink:from='loc_ComponentOfOtherExpenseNonoperatingNameDomain' xlink:to='loc_IncomeLossFromEquityMethodInvestmentsNetOfDistributionsMember' xlink:type='arc' />
<link:definitionArc order='13.0' xlink:arcrole='http://xbrl.org/int/dim/arcrole/domain-member' xlink:from='loc_ComponentOfOtherExpenseNonoperatingNameDomain' xlink:to='loc_IncomeLossFromEquityMethodInvestmentsMember' xlink:type='arc' />
<link:definitionArc order='14.0' xlink:arcrole='http://xbrl.org/int/dim/arcrole/domain-member' xlink:from='loc_ComponentOfOtherExpenseNonoperatingNameDomain' xlink:to='loc_IncomeLossFromEquityRealEstatePartnershipsMember' xlink:type='arc' />
<link:definitionArc order='15.0' xlink:arcrole='http://xbrl.org/int/dim/arcrole/domain-member' xlink:from='loc_ComponentOfOtherExpenseNonoperatingNameDomain' xlink:to='loc_MinorityInterestAndEarningsLossesEquityInvestmentsMember' xlink:type='arc' />
<link:definitionArc order='16.0' xlink:arcrole='http://xbrl.org/int/dim/arcrole/domain-member' xlink:from='loc_ComponentOfOtherExpenseNonoperatingNameDomain' xlink:to='loc_GainLossOnDispositionOfAssetsMember' xlink:type='arc' />
<link:definitionArc order='17.0' xlink:arcrole='http://xbrl.org/int/dim/arcrole/domain-member' xlink:from='loc_GainLossOnDispositionOfAssetsMember' xlink:to='loc_GainLossOnDispositionOfPropertyMember' xlink:type='arc' />
<link:definitionArc order='18.0' xlink:arcrole='http://xbrl.org/int/dim/arcrole/domain-member' xlink:from='loc_GainLossOnDispositionOfAssetsMember' xlink:to='loc_GainLossOnSaleOfOilAndGasPropertiesMember' xlink:type='arc' />
<link:definitionArc order='19.0' xlink:arcrole='http://xbrl.org/int/dim/arcrole/domain-member' xlink:from='loc_GainLossOnDispositionOfAssetsMember' xlink:to='loc_GainLossOnDispositionOfOtherAssetsMember' xlink:type='arc' />
<link:definitionArc order='20.0' xlink:arcrole='http://xbrl.org/int/dim/arcrole/domain-member' xlink:from='loc_GainLossOnDispositionOfAssetsMember' xlink:to='loc_GainLossOnSaleOfInterestInProjectsMember' xlink:type='arc' />
<link:definitionArc order='21.0' xlink:arcrole='http://xbrl.org/int/dim/arcrole/domain-member' xlink:from='loc_GainLossOnDispositionOfAssetsMember' xlink:to='loc_GainLossOnCondemnationNetOfTaxMember' xlink:type='arc' />
<link:definitionArc order='22.0' xlink:arcrole='http://xbrl.org/int/dim/arcrole/domain-member' xlink:from='loc_ComponentOfOtherExpenseNonoperatingNameDomain' xlink:to='loc_GainLossOnSaleOfSubsidiarysStockMember' xlink:type='arc' />
<link:definitionArc order='23.0' xlink:arcrole='http://xbrl.org/int/dim/arcrole/domain-member' xlink:from='loc_ComponentOfOtherExpenseNonoperatingNameDomain' xlink:to='loc_GainLossOnDerivativesMember' xlink:type='arc' />
<link:definitionArc order='24.0' xlink:arcrole='http://xbrl.org/int/dim/arcrole/domain-member' xlink:from='loc_GainLossOnDerivativesMember' xlink:to='loc_GainLossFromPriceRiskManagementActivityMember' xlink:type='arc' />
<link:definitionArc order='25.0' xlink:arcrole='http://xbrl.org/int/dim/arcrole/domain-member' xlink:from='loc_GainLossOnDerivativesMember' xlink:to='loc_GainLossOnOilAndGasHedgingActivityMember' xlink:type='arc' />
<link:definitionArc order='26.0' xlink:arcrole='http://xbrl.org/int/dim/arcrole/domain-member' xlink:from='loc_GainLossOnDerivativesMember' xlink:to='loc_GainLossOnSettlementOfDerivativeInstrumentMember' xlink:type='arc' />
<link:definitionArc order='27.0' xlink:arcrole='http://xbrl.org/int/dim/arcrole/domain-member' xlink:from='loc_ComponentOfOtherExpenseNonoperatingNameDomain' xlink:to='loc_FairValueAdjustmentsOnHedgesAndDerivativeContractsMember' xlink:type='arc' />
<link:definitionArc order='28.0' xlink:arcrole='http://xbrl.org/int/dim/arcrole/domain-member' xlink:from='loc_ComponentOfOtherExpenseNonoperatingNameDomain' xlink:to='loc_GainsLossesOnSalesOfAssetsMember' xlink:type='arc' />
<link:definitionArc order='29.0' xlink:arcrole='http://xbrl.org/int/dim/arcrole/domain-member' xlink:from='loc_GainsLossesOnSalesOfAssetsMember' xlink:to='loc_GainLossOnSaleOfLeasedAssetsNetOperatingLeasesMember' xlink:type='arc' />
<link:definitionArc order='30.0' xlink:arcrole='http://xbrl.org/int/dim/arcrole/domain-member' xlink:from='loc_ComponentOfOtherExpenseNonoperatingNameDomain' xlink:to='loc_EffectOfIllegalActsOnFinancialStatementsDisclosureMember' xlink:type='arc' />
<link:definitionArc order='31.0' xlink:arcrole='http://xbrl.org/int/dim/arcrole/domain-member' xlink:from='loc_ComponentOfOtherExpenseNonoperatingNameDomain' xlink:to='loc_EffectOfIllegalActsOnFinancialStatementsAmountMember' xlink:type='arc' />
<link:definitionArc order='32.0' xlink:arcrole='http://xbrl.org/int/dim/arcrole/domain-member' xlink:from='loc_ComponentOfOtherExpenseNonoperatingNameDomain' xlink:to='loc_UnsolicitedTenderOfferExpensesMember' xlink:type='arc' />
</link:definitionLink>
</link:linkbase>
