<?xml version="1.0" encoding="UTF-8" standalone="no"?>

<!--
(c) XBRL US, Inc. 2007-2010; Financial Accounting Foundation, Inc. 2010-2011.  All Rights Reserved.
Notice: Authorized Uses are Set Forth at http://xbrl.fasb.org/terms/TaxonomiesTermsConditions.html
  -->
<link:linkbase xmlns:link='http://www.xbrl.org/2003/linkbase' xmlns:xlink='http://www.w3.org/1999/xlink' xmlns:xsi='http://www.w3.org/2001/XMLSchema-instance' xsi:schemaLocation='http://www.xbrl.org/2003/linkbase http://www.xbrl.org/2003/xbrl-linkbase-2003-12-31.xsd'>
<link:roleRef roleURI='http://fasb.org/us-gaap/role/disclosure/TemporaryEquity' xlink:href='../elts/us-roles-2011-01-31.xsd#te' xlink:type='simple' />
<calculationLink xlink:role='http://fasb.org/us-gaap/role/disclosure/TemporaryEquity' xlink:type='extended' xmlns='http://www.xbrl.org/2003/linkbase'>
<link:loc xlink:href='../elts/us-gaap-2011-01-31.xsd#us-gaap_RedeemableNoncontrollingInterestEquityFairValue' xlink:label='loc_RedeemableNoncontrollingInterestEquityFairValue' xlink:type='locator' />
<link:loc xlink:href='../elts/us-gaap-2011-01-31.xsd#us-gaap_RedeemableNoncontrollingInterestEquityCommonFairValue' xlink:label='loc_RedeemableNoncontrollingInterestEquityCommonFairValue' xlink:type='locator' />
<link:loc xlink:href='../elts/us-gaap-2011-01-31.xsd#us-gaap_RedeemableNoncontrollingInterestEquityPreferredFairValue' xlink:label='loc_RedeemableNoncontrollingInterestEquityPreferredFairValue' xlink:type='locator' />
<link:loc xlink:href='../elts/us-gaap-2011-01-31.xsd#us-gaap_RedeemableNoncontrollingInterestEquityOtherFairValue' xlink:label='loc_RedeemableNoncontrollingInterestEquityOtherFairValue' xlink:type='locator' />
<link:loc xlink:href='../elts/us-gaap-2011-01-31.xsd#us-gaap_RedeemableNoncontrollingInterestEquityCarryingAmount' xlink:label='loc_RedeemableNoncontrollingInterestEquityCarryingAmount' xlink:type='locator' />
<link:loc xlink:href='../elts/us-gaap-2011-01-31.xsd#us-gaap_RedeemableNoncontrollingInterestEquityCommonCarryingAmount' xlink:label='loc_RedeemableNoncontrollingInterestEquityCommonCarryingAmount' xlink:type='locator' />
<link:loc xlink:href='../elts/us-gaap-2011-01-31.xsd#us-gaap_RedeemableNoncontrollingInterestEquityPreferredCarryingAmount' xlink:label='loc_RedeemableNoncontrollingInterestEquityPreferredCarryingAmount' xlink:type='locator' />
<link:loc xlink:href='../elts/us-gaap-2011-01-31.xsd#us-gaap_RedeemableNoncontrollingInterestEquityOtherCarryingAmount' xlink:label='loc_RedeemableNoncontrollingInterestEquityOtherCarryingAmount' xlink:type='locator' />
<link:loc xlink:href='../elts/us-gaap-2011-01-31.xsd#us-gaap_TemporaryEquityIssuePeriodIncreaseOrDecrease' xlink:label='loc_TemporaryEquityIssuePeriodIncreaseOrDecrease' xlink:type='locator' />
<link:loc xlink:href='../elts/us-gaap-2011-01-31.xsd#us-gaap_ReclassificationsOfTemporaryToPermanentEquity' xlink:label='loc_ReclassificationsOfTemporaryToPermanentEquity' xlink:type='locator' />
<link:loc xlink:href='../elts/us-gaap-2011-01-31.xsd#us-gaap_TemporaryEquityStockIssuedDuringPeriodValueNewIssues' xlink:label='loc_TemporaryEquityStockIssuedDuringPeriodValueNewIssues' xlink:type='locator' />
<link:loc xlink:href='../elts/us-gaap-2011-01-31.xsd#us-gaap_TemporaryEquityAccretionOfDividends' xlink:label='loc_TemporaryEquityAccretionOfDividends' xlink:type='locator' />
<link:loc xlink:href='../elts/us-gaap-2011-01-31.xsd#us-gaap_TemporaryEquityAccretionToRedemptionValue' xlink:label='loc_TemporaryEquityAccretionToRedemptionValue' xlink:type='locator' />
<link:loc xlink:href='../elts/us-gaap-2011-01-31.xsd#us-gaap_TemporaryEquityNetIncome' xlink:label='loc_TemporaryEquityNetIncome' xlink:type='locator' />
<link:loc xlink:href='../elts/us-gaap-2011-01-31.xsd#us-gaap_TemporaryEquityForeignCurrencyTranslationAdjustments' xlink:label='loc_TemporaryEquityForeignCurrencyTranslationAdjustments' xlink:type='locator' />
<link:loc xlink:href='../elts/us-gaap-2011-01-31.xsd#us-gaap_TemporaryEquityAccretionOfInterest' xlink:label='loc_TemporaryEquityAccretionOfInterest' xlink:type='locator' />
<link:loc xlink:href='../elts/us-gaap-2011-01-31.xsd#us-gaap_TemporaryEquityInterestInSubsidiaryEarnings' xlink:label='loc_TemporaryEquityInterestInSubsidiaryEarnings' xlink:type='locator' />
<link:loc xlink:href='../elts/us-gaap-2011-01-31.xsd#us-gaap_TemporaryEquityEliminationAsPartofReorganization' xlink:label='loc_TemporaryEquityEliminationAsPartofReorganization' xlink:type='locator' />
<link:loc xlink:href='../elts/us-gaap-2011-01-31.xsd#us-gaap_TemporaryEquityOtherChanges' xlink:label='loc_TemporaryEquityOtherChanges' xlink:type='locator' />
<calculationArc order='10' weight='1.0' xlink:arcrole='http://www.xbrl.org/2003/arcrole/summation-item' xlink:from='loc_RedeemableNoncontrollingInterestEquityFairValue' xlink:to='loc_RedeemableNoncontrollingInterestEquityCommonFairValue' xlink:type='arc' />
<calculationArc order='20' weight='1.0' xlink:arcrole='http://www.xbrl.org/2003/arcrole/summation-item' xlink:from='loc_RedeemableNoncontrollingInterestEquityFairValue' xlink:to='loc_RedeemableNoncontrollingInterestEquityPreferredFairValue' xlink:type='arc' />
<calculationArc order='30' weight='1.0' xlink:arcrole='http://www.xbrl.org/2003/arcrole/summation-item' xlink:from='loc_RedeemableNoncontrollingInterestEquityFairValue' xlink:to='loc_RedeemableNoncontrollingInterestEquityOtherFairValue' xlink:type='arc' />
<calculationArc order='10' weight='1.0' xlink:arcrole='http://www.xbrl.org/2003/arcrole/summation-item' xlink:from='loc_RedeemableNoncontrollingInterestEquityCarryingAmount' xlink:to='loc_RedeemableNoncontrollingInterestEquityCommonCarryingAmount' xlink:type='arc' />
<calculationArc order='20' weight='1.0' xlink:arcrole='http://www.xbrl.org/2003/arcrole/summation-item' xlink:from='loc_RedeemableNoncontrollingInterestEquityCarryingAmount' xlink:to='loc_RedeemableNoncontrollingInterestEquityPreferredCarryingAmount' xlink:type='arc' />
<calculationArc order='30' weight='1.0' xlink:arcrole='http://www.xbrl.org/2003/arcrole/summation-item' xlink:from='loc_RedeemableNoncontrollingInterestEquityCarryingAmount' xlink:to='loc_RedeemableNoncontrollingInterestEquityOtherCarryingAmount' xlink:type='arc' />
<calculationArc order='10' weight='-1.0' xlink:arcrole='http://www.xbrl.org/2003/arcrole/summation-item' xlink:from='loc_TemporaryEquityIssuePeriodIncreaseOrDecrease' xlink:to='loc_ReclassificationsOfTemporaryToPermanentEquity' xlink:type='arc' />
<calculationArc order='20' weight='1.0' xlink:arcrole='http://www.xbrl.org/2003/arcrole/summation-item' xlink:from='loc_TemporaryEquityIssuePeriodIncreaseOrDecrease' xlink:to='loc_TemporaryEquityStockIssuedDuringPeriodValueNewIssues' xlink:type='arc' />
<calculationArc order='30' weight='1.0' xlink:arcrole='http://www.xbrl.org/2003/arcrole/summation-item' xlink:from='loc_TemporaryEquityIssuePeriodIncreaseOrDecrease' xlink:to='loc_TemporaryEquityAccretionOfDividends' xlink:type='arc' />
<calculationArc order='40' weight='1.0' xlink:arcrole='http://www.xbrl.org/2003/arcrole/summation-item' xlink:from='loc_TemporaryEquityIssuePeriodIncreaseOrDecrease' xlink:to='loc_TemporaryEquityAccretionToRedemptionValue' xlink:type='arc' />
<calculationArc order='50' weight='1.0' xlink:arcrole='http://www.xbrl.org/2003/arcrole/summation-item' xlink:from='loc_TemporaryEquityIssuePeriodIncreaseOrDecrease' xlink:to='loc_TemporaryEquityNetIncome' xlink:type='arc' />
<calculationArc order='60' weight='1.0' xlink:arcrole='http://www.xbrl.org/2003/arcrole/summation-item' xlink:from='loc_TemporaryEquityIssuePeriodIncreaseOrDecrease' xlink:to='loc_TemporaryEquityForeignCurrencyTranslationAdjustments' xlink:type='arc' />
<calculationArc order='70' weight='1.0' xlink:arcrole='http://www.xbrl.org/2003/arcrole/summation-item' xlink:from='loc_TemporaryEquityIssuePeriodIncreaseOrDecrease' xlink:to='loc_TemporaryEquityAccretionOfInterest' xlink:type='arc' />
<calculationArc order='80' weight='1.0' xlink:arcrole='http://www.xbrl.org/2003/arcrole/summation-item' xlink:from='loc_TemporaryEquityIssuePeriodIncreaseOrDecrease' xlink:to='loc_TemporaryEquityInterestInSubsidiaryEarnings' xlink:type='arc' />
<calculationArc order='90' weight='-1.0' xlink:arcrole='http://www.xbrl.org/2003/arcrole/summation-item' xlink:from='loc_TemporaryEquityIssuePeriodIncreaseOrDecrease' xlink:to='loc_TemporaryEquityEliminationAsPartofReorganization' xlink:type='arc' />
<calculationArc order='100' weight='1.0' xlink:arcrole='http://www.xbrl.org/2003/arcrole/summation-item' xlink:from='loc_TemporaryEquityIssuePeriodIncreaseOrDecrease' xlink:to='loc_TemporaryEquityOtherChanges' xlink:type='arc' />
</calculationLink>
</link:linkbase>
