<?xml version="1.0" encoding="UTF-8" standalone="no"?>

<!--
(c) XBRL US, Inc. 2007-2010; Financial Accounting Foundation, Inc. 2010-2011.  All Rights Reserved.
Notice: Authorized Uses are Set Forth at http://xbrl.fasb.org/terms/TaxonomiesTermsConditions.html
  -->
<link:linkbase xmlns:link='http://www.xbrl.org/2003/linkbase' xmlns:xbrldt='http://xbrl.org/2005/xbrldt' xmlns:xlink='http://www.w3.org/1999/xlink' xmlns:xsi='http://www.w3.org/2001/XMLSchema-instance' xsi:schemaLocation='http://www.xbrl.org/2003/linkbase http://www.xbrl.org/2003/xbrl-linkbase-2003-12-31.xsd'>
<link:roleRef roleURI='http://fasb.org/us-gaap/role/disclosure/DiscontinuedOperationsIncomeStatementBalanceSheetAndAdditionalDisclosuresByDisposalGroupsIncludingDiscontinuedOperationsTable' xlink:href='../elts/us-roles-2011-01-31.xsd#DiscontinuedOperationsIncomeStatementBalanceSheetAndAdditionalDisclosuresByDisposalGroupsIncludingDiscontinuedOperationsTable' xlink:type='simple' />
<link:arcroleRef arcroleURI='http://xbrl.org/int/dim/arcrole/all' xlink:href='http://www.xbrl.org/2005/xbrldt-2005.xsd#all' xlink:type='simple' />
<link:arcroleRef arcroleURI='http://xbrl.org/int/dim/arcrole/hypercube-dimension' xlink:href='http://www.xbrl.org/2005/xbrldt-2005.xsd#hypercube-dimension' xlink:type='simple' />
<link:arcroleRef arcroleURI='http://xbrl.org/int/dim/arcrole/dimension-domain' xlink:href='http://www.xbrl.org/2005/xbrldt-2005.xsd#dimension-domain' xlink:type='simple' />
<link:arcroleRef arcroleURI='http://xbrl.org/int/dim/arcrole/dimension-default' xlink:href='http://www.xbrl.org/2005/xbrldt-2005.xsd#dimension-default' xlink:type='simple' />
<link:arcroleRef arcroleURI='http://xbrl.org/int/dim/arcrole/domain-member' xlink:href='http://www.xbrl.org/2005/xbrldt-2005.xsd#domain-member' xlink:type='simple' />
<!--Definition relationships for table IncomeStatementBalanceSheetAndAdditionalDisclosuresByDisposalGroupsIncludingDiscontinuedOperationsTable in presentation http://fasb.org/us-gaap/role/disclosure/DiscontinuedOperations-->
<link:definitionLink xlink:role='http://fasb.org/us-gaap/role/disclosure/DiscontinuedOperationsIncomeStatementBalanceSheetAndAdditionalDisclosuresByDisposalGroupsIncludingDiscontinuedOperationsTable' xlink:type='extended'>
<link:loc xlink:href='../elts/us-gaap-2011-01-31.xsd#us-gaap_IncomeStatementBalanceSheetAndAdditionalDisclosuresByDisposalGroupsIncludingDiscontinuedOperationsTable' xlink:label='loc_IncomeStatementBalanceSheetAndAdditionalDisclosuresByDisposalGroupsIncludingDiscontinuedOperationsTable' xlink:type='locator' />
<link:loc xlink:href='../elts/us-gaap-2011-01-31.xsd#us-gaap_IncomeStatementBalanceSheetAndAdditionalDisclosuresByDisposalGroupsIncludingDiscontinuedOperationsLineItems' xlink:label='loc_IncomeStatementBalanceSheetAndAdditionalDisclosuresByDisposalGroupsIncludingDiscontinuedOperationsLineItems' xlink:type='locator' />
<link:definitionArc order='1.0' xbrldt:closed='true' xbrldt:contextElement='segment' xlink:arcrole='http://xbrl.org/int/dim/arcrole/all' xlink:from='loc_IncomeStatementBalanceSheetAndAdditionalDisclosuresByDisposalGroupsIncludingDiscontinuedOperationsLineItems' xlink:to='loc_IncomeStatementBalanceSheetAndAdditionalDisclosuresByDisposalGroupsIncludingDiscontinuedOperationsTable' xlink:type='arc' />
</link:definitionLink>
<link:definitionLink xlink:role='http://fasb.org/us-gaap/role/disclosure/DiscontinuedOperationsIncomeStatementBalanceSheetAndAdditionalDisclosuresByDisposalGroupsIncludingDiscontinuedOperationsTable' xlink:type='extended'>
<link:loc xlink:href='../elts/us-gaap-2011-01-31.xsd#us-gaap_IncomeStatementBalanceSheetAndAdditionalDisclosuresByDisposalGroupsIncludingDiscontinuedOperationsTable' xlink:label='loc_IncomeStatementBalanceSheetAndAdditionalDisclosuresByDisposalGroupsIncludingDiscontinuedOperationsTable' xlink:type='locator' />
<link:loc xlink:href='../elts/us-gaap-2011-01-31.xsd#us-gaap_IncomeStatementBalanceSheetAndAdditionalDisclosuresByDisposalGroupsIncludingDiscontinuedOperationsAxis' xlink:label='loc_IncomeStatementBalanceSheetAndAdditionalDisclosuresByDisposalGroupsIncludingDiscontinuedOperationsAxis' xlink:type='locator' />
<link:definitionArc order='1.0' xlink:arcrole='http://xbrl.org/int/dim/arcrole/hypercube-dimension' xlink:from='loc_IncomeStatementBalanceSheetAndAdditionalDisclosuresByDisposalGroupsIncludingDiscontinuedOperationsTable' xlink:to='loc_IncomeStatementBalanceSheetAndAdditionalDisclosuresByDisposalGroupsIncludingDiscontinuedOperationsAxis' xlink:type='arc' />
</link:definitionLink>
<link:definitionLink xlink:role='http://fasb.org/us-gaap/role/disclosure/DiscontinuedOperationsIncomeStatementBalanceSheetAndAdditionalDisclosuresByDisposalGroupsIncludingDiscontinuedOperationsTable' xlink:type='extended'>
<link:loc xlink:href='../elts/us-gaap-2011-01-31.xsd#us-gaap_IncomeStatementBalanceSheetAndAdditionalDisclosuresByDisposalGroupsIncludingDiscontinuedOperationsAxis' xlink:label='loc_IncomeStatementBalanceSheetAndAdditionalDisclosuresByDisposalGroupsIncludingDiscontinuedOperationsAxis' xlink:type='locator' />
<link:loc xlink:href='../elts/us-gaap-2011-01-31.xsd#us-gaap_DisposalGroupsIncludingDiscontinuedOperationsNameDomain' xlink:label='loc_DisposalGroupsIncludingDiscontinuedOperationsNameDomain' xlink:type='locator' />
<link:definitionArc order='1.0' xlink:arcrole='http://xbrl.org/int/dim/arcrole/dimension-domain' xlink:from='loc_IncomeStatementBalanceSheetAndAdditionalDisclosuresByDisposalGroupsIncludingDiscontinuedOperationsAxis' xlink:to='loc_DisposalGroupsIncludingDiscontinuedOperationsNameDomain' xlink:type='arc' />
</link:definitionLink>
<link:definitionLink xlink:role='http://fasb.org/us-gaap/role/disclosure/DiscontinuedOperationsIncomeStatementBalanceSheetAndAdditionalDisclosuresByDisposalGroupsIncludingDiscontinuedOperationsTable' xlink:type='extended'>
<link:loc xlink:href='../elts/us-gaap-2011-01-31.xsd#us-gaap_IncomeStatementBalanceSheetAndAdditionalDisclosuresByDisposalGroupsIncludingDiscontinuedOperationsAxis' xlink:label='loc_IncomeStatementBalanceSheetAndAdditionalDisclosuresByDisposalGroupsIncludingDiscontinuedOperationsAxis' xlink:type='locator' />
<link:loc xlink:href='../elts/us-gaap-2011-01-31.xsd#us-gaap_DisposalGroupsIncludingDiscontinuedOperationsNameDomain' xlink:label='loc_DisposalGroupsIncludingDiscontinuedOperationsNameDomain' xlink:type='locator' />
<link:definitionArc order='1.0' xlink:arcrole='http://xbrl.org/int/dim/arcrole/dimension-default' xlink:from='loc_IncomeStatementBalanceSheetAndAdditionalDisclosuresByDisposalGroupsIncludingDiscontinuedOperationsAxis' xlink:to='loc_DisposalGroupsIncludingDiscontinuedOperationsNameDomain' xlink:type='arc' />
</link:definitionLink>
<link:definitionLink xlink:role='http://fasb.org/us-gaap/role/disclosure/DiscontinuedOperationsIncomeStatementBalanceSheetAndAdditionalDisclosuresByDisposalGroupsIncludingDiscontinuedOperationsTable' xlink:type='extended'>
<link:loc xlink:href='../elts/us-gaap-2011-01-31.xsd#us-gaap_IncomeStatementBalanceSheetAndAdditionalDisclosuresByDisposalGroupsIncludingDiscontinuedOperationsLineItems' xlink:label='loc_IncomeStatementBalanceSheetAndAdditionalDisclosuresByDisposalGroupsIncludingDiscontinuedOperationsLineItems' xlink:type='locator' />
<link:loc xlink:href='../elts/us-gaap-2011-01-31.xsd#us-gaap_DisposalGroupIncludingDiscontinuedOperationDescriptionAndTimingOfDisposal' xlink:label='loc_DisposalGroupIncludingDiscontinuedOperationDescriptionAndTimingOfDisposal' xlink:type='locator' />
<link:loc xlink:href='../elts/us-gaap-2011-01-31.xsd#us-gaap_DisposalGroupNotDiscontinuedOperationIncomeStatementDisclosuresAbstract' xlink:label='loc_DisposalGroupNotDiscontinuedOperationIncomeStatementDisclosuresAbstract' xlink:type='locator' />
<link:loc xlink:href='../elts/us-gaap-2011-01-31.xsd#us-gaap_DisposalGroupIncludingDiscontinuedOperationRevenue' xlink:label='loc_DisposalGroupIncludingDiscontinuedOperationRevenue' xlink:type='locator' />
<link:loc xlink:href='../elts/us-gaap-2011-01-31.xsd#us-gaap_DisposalGroupIncludingDiscontinuedOperationCostsOfGoodsSold' xlink:label='loc_DisposalGroupIncludingDiscontinuedOperationCostsOfGoodsSold' xlink:type='locator' />
<link:loc xlink:href='../elts/us-gaap-2011-01-31.xsd#us-gaap_DisposalGroupIncludingDiscontinuedOperationGrossProfitLoss' xlink:label='loc_DisposalGroupIncludingDiscontinuedOperationGrossProfitLoss' xlink:type='locator' />
<link:loc xlink:href='../elts/us-gaap-2011-01-31.xsd#us-gaap_DisposalGroupIncludingDiscontinuedOperationOperatingExpense' xlink:label='loc_DisposalGroupIncludingDiscontinuedOperationOperatingExpense' xlink:type='locator' />
<link:loc xlink:href='../elts/us-gaap-2011-01-31.xsd#us-gaap_DisposalGroupIncludingDiscontinuedOperationOperatingIncomeLoss' xlink:label='loc_DisposalGroupIncludingDiscontinuedOperationOperatingIncomeLoss' xlink:type='locator' />
<link:loc xlink:href='../elts/us-gaap-2011-01-31.xsd#us-gaap_DisposalGroupIncludingDiscontinuedOperationInterestExpense' xlink:label='loc_DisposalGroupIncludingDiscontinuedOperationInterestExpense' xlink:type='locator' />
<link:loc xlink:href='../elts/us-gaap-2011-01-31.xsd#us-gaap_RestructuringCharges' xlink:label='loc_RestructuringCharges' xlink:type='locator' />
<link:loc xlink:href='../elts/us-gaap-2011-01-31.xsd#us-gaap_DisposalGroupIncludingDiscontinuedOperationBalanceSheetDisclosuresAbstract' xlink:label='loc_DisposalGroupIncludingDiscontinuedOperationBalanceSheetDisclosuresAbstract' xlink:type='locator' />
<link:loc xlink:href='../elts/us-gaap-2011-01-31.xsd#us-gaap_DisposalGroupIncludingDiscontinuedOperationAssetsOfDisposalGroup' xlink:label='loc_DisposalGroupIncludingDiscontinuedOperationAssetsOfDisposalGroup' xlink:type='locator' />
<link:loc xlink:href='../elts/us-gaap-2011-01-31.xsd#us-gaap_DisposalGroupIncludingDiscontinuedOperationLiabilitiesOfDisposalGroup' xlink:label='loc_DisposalGroupIncludingDiscontinuedOperationLiabilitiesOfDisposalGroup' xlink:type='locator' />
<link:loc xlink:href='../elts/us-gaap-2011-01-31.xsd#us-gaap_DisposalGroupIncludingDiscontinuedOperationClassifiedBalanceSheetDisclosuresAbstract' xlink:label='loc_DisposalGroupIncludingDiscontinuedOperationClassifiedBalanceSheetDisclosuresAbstract' xlink:type='locator' />
<link:loc xlink:href='../elts/us-gaap-2011-01-31.xsd#us-gaap_AssetsOfDisposalGroupIncludingDiscontinuedOperationCurrentAbstract' xlink:label='loc_AssetsOfDisposalGroupIncludingDiscontinuedOperationCurrentAbstract' xlink:type='locator' />
<link:loc xlink:href='../elts/us-gaap-2011-01-31.xsd#us-gaap_DisposalGroupIncludingDiscontinuedOperationCashAndCashEquivalents' xlink:label='loc_DisposalGroupIncludingDiscontinuedOperationCashAndCashEquivalents' xlink:type='locator' />
<link:loc xlink:href='../elts/us-gaap-2011-01-31.xsd#us-gaap_DisposalGroupIncludingDiscontinuedOperationAccountsNotesAndLoansReceivableNet' xlink:label='loc_DisposalGroupIncludingDiscontinuedOperationAccountsNotesAndLoansReceivableNet' xlink:type='locator' />
<link:loc xlink:href='../elts/us-gaap-2011-01-31.xsd#us-gaap_DisposalGroupIncludingDiscontinuedOperationInventory' xlink:label='loc_DisposalGroupIncludingDiscontinuedOperationInventory' xlink:type='locator' />
<link:loc xlink:href='../elts/us-gaap-2011-01-31.xsd#us-gaap_DisposalGroupIncludingDiscontinuedOperationOtherCurrentAssets' xlink:label='loc_DisposalGroupIncludingDiscontinuedOperationOtherCurrentAssets' xlink:type='locator' />
<link:loc xlink:href='../elts/us-gaap-2011-01-31.xsd#us-gaap_AssetsOfDisposalGroupIncludingDiscontinuedOperationCurrent' xlink:label='loc_AssetsOfDisposalGroupIncludingDiscontinuedOperationCurrent' xlink:type='locator' />
<link:loc xlink:href='../elts/us-gaap-2011-01-31.xsd#us-gaap_AssetsOfDisposalGroupIncludingDiscontinuedOperationNoncurrentAbstract' xlink:label='loc_AssetsOfDisposalGroupIncludingDiscontinuedOperationNoncurrentAbstract' xlink:type='locator' />
<link:loc xlink:href='../elts/us-gaap-2011-01-31.xsd#us-gaap_DisposalGroupIncludingDiscontinuedOperationPropertyPlantAndEquipmentNet' xlink:label='loc_DisposalGroupIncludingDiscontinuedOperationPropertyPlantAndEquipmentNet' xlink:type='locator' />
<link:loc xlink:href='../elts/us-gaap-2011-01-31.xsd#us-gaap_DisposalGroupIncludingDiscontinuedOperationDeferredTaxAssets' xlink:label='loc_DisposalGroupIncludingDiscontinuedOperationDeferredTaxAssets' xlink:type='locator' />
<link:loc xlink:href='../elts/us-gaap-2011-01-31.xsd#us-gaap_DisposalGroupIncludingDiscontinuedOperationGoodwill' xlink:label='loc_DisposalGroupIncludingDiscontinuedOperationGoodwill' xlink:type='locator' />
<link:loc xlink:href='../elts/us-gaap-2011-01-31.xsd#us-gaap_DisposalGroupIncludingDiscontinuedOperationIntangibleAssetsNet' xlink:label='loc_DisposalGroupIncludingDiscontinuedOperationIntangibleAssetsNet' xlink:type='locator' />
<link:loc xlink:href='../elts/us-gaap-2011-01-31.xsd#us-gaap_DisposalGroupIncludingDiscontinuedOperationOtherNoncurrentAssets' xlink:label='loc_DisposalGroupIncludingDiscontinuedOperationOtherNoncurrentAssets' xlink:type='locator' />
<link:loc xlink:href='../elts/us-gaap-2011-01-31.xsd#us-gaap_AssetsOfDisposalGroupIncludingDiscontinuedOperationNoncurrent' xlink:label='loc_AssetsOfDisposalGroupIncludingDiscontinuedOperationNoncurrent' xlink:type='locator' />
<link:loc xlink:href='../elts/us-gaap-2011-01-31.xsd#us-gaap_LiabilitiesOfDisposalGroupIncludingDiscontinuedOperationCurrentAbstract' xlink:label='loc_LiabilitiesOfDisposalGroupIncludingDiscontinuedOperationCurrentAbstract' xlink:type='locator' />
<link:loc xlink:href='../elts/us-gaap-2011-01-31.xsd#us-gaap_DisposalGroupIncludingDiscontinuedOperationAccountsPayable' xlink:label='loc_DisposalGroupIncludingDiscontinuedOperationAccountsPayable' xlink:type='locator' />
<link:loc xlink:href='../elts/us-gaap-2011-01-31.xsd#us-gaap_DisposalGroupIncludingDiscontinuedOperationAccruedLiabilities' xlink:label='loc_DisposalGroupIncludingDiscontinuedOperationAccruedLiabilities' xlink:type='locator' />
<link:loc xlink:href='../elts/us-gaap-2011-01-31.xsd#us-gaap_DisposalGroupIncludingDiscontinuedOperationAccruedIncomeTaxesPayable' xlink:label='loc_DisposalGroupIncludingDiscontinuedOperationAccruedIncomeTaxesPayable' xlink:type='locator' />
<link:loc xlink:href='../elts/us-gaap-2011-01-31.xsd#us-gaap_DisposalGroupIncludingDiscontinuedOperationOtherCurrentLiabilities' xlink:label='loc_DisposalGroupIncludingDiscontinuedOperationOtherCurrentLiabilities' xlink:type='locator' />
<link:loc xlink:href='../elts/us-gaap-2011-01-31.xsd#us-gaap_LiabilitiesOfDisposalGroupIncludingDiscontinuedOperationCurrent' xlink:label='loc_LiabilitiesOfDisposalGroupIncludingDiscontinuedOperationCurrent' xlink:type='locator' />
<link:loc xlink:href='../elts/us-gaap-2011-01-31.xsd#us-gaap_LiabilitiesOfDisposalGroupIncludingDiscontinuedOperationNoncurrentAbstract' xlink:label='loc_LiabilitiesOfDisposalGroupIncludingDiscontinuedOperationNoncurrentAbstract' xlink:type='locator' />
<link:loc xlink:href='../elts/us-gaap-2011-01-31.xsd#us-gaap_DisposalGroupIncludingDiscontinuedOperationDeferredTaxLiabilities' xlink:label='loc_DisposalGroupIncludingDiscontinuedOperationDeferredTaxLiabilities' xlink:type='locator' />
<link:loc xlink:href='../elts/us-gaap-2011-01-31.xsd#us-gaap_DisposalGroupIncludingDiscontinuedOperationPensionPlanBenefitObligation' xlink:label='loc_DisposalGroupIncludingDiscontinuedOperationPensionPlanBenefitObligation' xlink:type='locator' />
<link:loc xlink:href='../elts/us-gaap-2011-01-31.xsd#us-gaap_DisposalGroupIncludingDiscontinuedOperationPostretirementPlanBenefitObligation' xlink:label='loc_DisposalGroupIncludingDiscontinuedOperationPostretirementPlanBenefitObligation' xlink:type='locator' />
<link:loc xlink:href='../elts/us-gaap-2011-01-31.xsd#us-gaap_DisposalGroupIncludingDiscontinuedOperationOtherNoncurrentLiabilities' xlink:label='loc_DisposalGroupIncludingDiscontinuedOperationOtherNoncurrentLiabilities' xlink:type='locator' />
<link:loc xlink:href='../elts/us-gaap-2011-01-31.xsd#us-gaap_LiabilitiesOfDisposalGroupIncludingDiscontinuedOperationNoncurrent' xlink:label='loc_LiabilitiesOfDisposalGroupIncludingDiscontinuedOperationNoncurrent' xlink:type='locator' />
<link:loc xlink:href='../elts/us-gaap-2011-01-31.xsd#us-gaap_DisposalGroupIncludingDiscontinuedOperationUnclassifiedBalanceSheetDisclosuresAbstract' xlink:label='loc_DisposalGroupIncludingDiscontinuedOperationUnclassifiedBalanceSheetDisclosuresAbstract' xlink:type='locator' />
<link:loc xlink:href='../elts/us-gaap-2011-01-31.xsd#us-gaap_AssetsOfDisposalGroupIncludingDiscontinuedOperationAbstract' xlink:label='loc_AssetsOfDisposalGroupIncludingDiscontinuedOperationAbstract' xlink:type='locator' />
<link:loc xlink:href='../elts/us-gaap-2011-01-31.xsd#us-gaap_DisposalGroupIncludingDiscontinuedOperationOtherAssets' xlink:label='loc_DisposalGroupIncludingDiscontinuedOperationOtherAssets' xlink:type='locator' />
<link:loc xlink:href='../elts/us-gaap-2011-01-31.xsd#us-gaap_AssetsOfDisposalGroupIncludingDiscontinuedOperation' xlink:label='loc_AssetsOfDisposalGroupIncludingDiscontinuedOperation' xlink:type='locator' />
<link:loc xlink:href='../elts/us-gaap-2011-01-31.xsd#us-gaap_LiabilitiesOfDisposalGroupIncludingDiscontinuedOperationAbstract' xlink:label='loc_LiabilitiesOfDisposalGroupIncludingDiscontinuedOperationAbstract' xlink:type='locator' />
<link:loc xlink:href='../elts/us-gaap-2011-01-31.xsd#us-gaap_DisposalGroupIncludingDiscontinuedOperationOtherLiabilities' xlink:label='loc_DisposalGroupIncludingDiscontinuedOperationOtherLiabilities' xlink:type='locator' />
<link:loc xlink:href='../elts/us-gaap-2011-01-31.xsd#us-gaap_LiabilitiesOfDisposalGroupIncludingDiscontinuedOperation' xlink:label='loc_LiabilitiesOfDisposalGroupIncludingDiscontinuedOperation' xlink:type='locator' />
<link:loc xlink:href='../elts/us-gaap-2011-01-31.xsd#us-gaap_DisposalGroupIncludingDiscontinuedOperationAdditionalDisclosuresAbstract' xlink:label='loc_DisposalGroupIncludingDiscontinuedOperationAdditionalDisclosuresAbstract' xlink:type='locator' />
<link:loc xlink:href='../elts/us-gaap-2011-01-31.xsd#us-gaap_DisposalGroupIncludingDiscontinuedOperationStatusOfDisposalGroupAtLatestBalanceSheetDate' xlink:label='loc_DisposalGroupIncludingDiscontinuedOperationStatusOfDisposalGroupAtLatestBalanceSheetDate' xlink:type='locator' />
<link:loc xlink:href='../elts/us-gaap-2011-01-31.xsd#us-gaap_DisposalGroupIncludingDiscontinuedOperationChangesToPlanOfSale' xlink:label='loc_DisposalGroupIncludingDiscontinuedOperationChangesToPlanOfSale' xlink:type='locator' />
<link:loc xlink:href='../elts/us-gaap-2011-01-31.xsd#us-gaap_DisposalGroupIncludingDiscontinuedOperationSegmentThatIncludesDisposalGroup' xlink:label='loc_DisposalGroupIncludingDiscontinuedOperationSegmentThatIncludesDisposalGroup' xlink:type='locator' />
<link:loc xlink:href='../elts/us-gaap-2011-01-31.xsd#us-gaap_DisposalGroupIncludingDiscontinuedOperationForeignCurrencyTranslationGainsLosses' xlink:label='loc_DisposalGroupIncludingDiscontinuedOperationForeignCurrencyTranslationGainsLosses' xlink:type='locator' />
<link:loc xlink:href='../elts/us-gaap-2011-01-31.xsd#us-gaap_DisposalGroupIncludingDiscontinuedOperationCashFlowsOfDisposalGroup' xlink:label='loc_DisposalGroupIncludingDiscontinuedOperationCashFlowsOfDisposalGroup' xlink:type='locator' />
<link:loc xlink:href='../elts/us-gaap-2011-01-31.xsd#us-gaap_DiscontinuedOperationIncomeLossFromDiscontinuedOperationDisclosuresAbstract' xlink:label='loc_DiscontinuedOperationIncomeLossFromDiscontinuedOperationDisclosuresAbstract' xlink:type='locator' />
<link:loc xlink:href='../elts/us-gaap-2011-01-31.xsd#us-gaap_IncomeLossFromDiscontinuedOperationsNetOfTaxAbstract' xlink:label='loc_IncomeLossFromDiscontinuedOperationsNetOfTaxAbstract' xlink:type='locator' />
<link:loc xlink:href='../elts/us-gaap-2011-01-31.xsd#us-gaap_DiscontinuedOperationIncomeLossFromDiscontinuedOperationDuringPhaseOutPeriodNetOfTaxAbstract' xlink:label='loc_DiscontinuedOperationIncomeLossFromDiscontinuedOperationDuringPhaseOutPeriodNetOfTaxAbstract' xlink:type='locator' />
<link:loc xlink:href='../elts/us-gaap-2011-01-31.xsd#us-gaap_DiscontinuedOperationIncomeLossFromDiscontinuedOperationDuringPhaseOutPeriodBeforeIncomeTax' xlink:label='loc_DiscontinuedOperationIncomeLossFromDiscontinuedOperationDuringPhaseOutPeriodBeforeIncomeTax' xlink:type='locator' />
<link:loc xlink:href='../elts/us-gaap-2011-01-31.xsd#us-gaap_DiscontinuedOperationTaxEffectOfIncomeLossFromDiscontinuedOperationDuringPhaseOutPeriod' xlink:label='loc_DiscontinuedOperationTaxEffectOfIncomeLossFromDiscontinuedOperationDuringPhaseOutPeriod' xlink:type='locator' />
<link:loc xlink:href='../elts/us-gaap-2011-01-31.xsd#us-gaap_DiscontinuedOperationIncomeLossFromDiscontinuedOperationDuringPhaseOutPeriodNetOfTax' xlink:label='loc_DiscontinuedOperationIncomeLossFromDiscontinuedOperationDuringPhaseOutPeriodNetOfTax' xlink:type='locator' />
<link:loc xlink:href='../elts/us-gaap-2011-01-31.xsd#us-gaap_DiscontinuedOperationGainLossOnDisposalOfDiscontinuedOperationNetOfTaxAbstract' xlink:label='loc_DiscontinuedOperationGainLossOnDisposalOfDiscontinuedOperationNetOfTaxAbstract' xlink:type='locator' />
<link:loc xlink:href='../elts/us-gaap-2011-01-31.xsd#us-gaap_DiscontinuedOperationGainLossFromDisposalOfDiscontinuedOperationBeforeIncomeTax' xlink:label='loc_DiscontinuedOperationGainLossFromDisposalOfDiscontinuedOperationBeforeIncomeTax' xlink:type='locator' />
<link:loc xlink:href='../elts/us-gaap-2011-01-31.xsd#us-gaap_DiscontinuedOperationTaxEffectOfIncomeLossFromDisposalOfDiscontinuedOperation' xlink:label='loc_DiscontinuedOperationTaxEffectOfIncomeLossFromDisposalOfDiscontinuedOperation' xlink:type='locator' />
<link:loc xlink:href='../elts/us-gaap-2011-01-31.xsd#us-gaap_DiscontinuedOperationGainLossOnDisposalOfDiscontinuedOperationNetOfTax' xlink:label='loc_DiscontinuedOperationGainLossOnDisposalOfDiscontinuedOperationNetOfTax' xlink:type='locator' />
<link:loc xlink:href='../elts/us-gaap-2011-01-31.xsd#us-gaap_DiscontinuedOperationProvisionForLossGainOnDisposalNetOfTaxAbstract' xlink:label='loc_DiscontinuedOperationProvisionForLossGainOnDisposalNetOfTaxAbstract' xlink:type='locator' />
<link:loc xlink:href='../elts/us-gaap-2011-01-31.xsd#us-gaap_DiscontinuedOperationProvisionForLossGainOnDisposalBeforeIncomeTax' xlink:label='loc_DiscontinuedOperationProvisionForLossGainOnDisposalBeforeIncomeTax' xlink:type='locator' />
<link:loc xlink:href='../elts/us-gaap-2011-01-31.xsd#us-gaap_DiscontinuedOperationTaxExpenseBenefitFromProvisionForGainLossOnDisposal' xlink:label='loc_DiscontinuedOperationTaxExpenseBenefitFromProvisionForGainLossOnDisposal' xlink:type='locator' />
<link:loc xlink:href='../elts/us-gaap-2011-01-31.xsd#us-gaap_DiscontinuedOperationProvisionForLossGainOnDisposalNetOfTax' xlink:label='loc_DiscontinuedOperationProvisionForLossGainOnDisposalNetOfTax' xlink:type='locator' />
<link:loc xlink:href='../elts/us-gaap-2011-01-31.xsd#us-gaap_DiscontinuedOperationAmountOfAdjustmentToPriorPeriodGainLossOnDisposalNetOfTaxAbstract' xlink:label='loc_DiscontinuedOperationAmountOfAdjustmentToPriorPeriodGainLossOnDisposalNetOfTaxAbstract' xlink:type='locator' />
<link:loc xlink:href='../elts/us-gaap-2011-01-31.xsd#us-gaap_DiscontinuedOperationAmountOfAdjustmentToPriorPeriodGainLossOnDisposalBeforeIncomeTax' xlink:label='loc_DiscontinuedOperationAmountOfAdjustmentToPriorPeriodGainLossOnDisposalBeforeIncomeTax' xlink:type='locator' />
<link:loc xlink:href='../elts/us-gaap-2011-01-31.xsd#us-gaap_DiscontinuedOperationTaxEffectOfAdjustmentToPriorPeriodGainLossOnDisposal' xlink:label='loc_DiscontinuedOperationTaxEffectOfAdjustmentToPriorPeriodGainLossOnDisposal' xlink:type='locator' />
<link:loc xlink:href='../elts/us-gaap-2011-01-31.xsd#us-gaap_DiscontinuedOperationAmountOfAdjustmentToPriorPeriodGainLossOnDisposalNetOfTax' xlink:label='loc_DiscontinuedOperationAmountOfAdjustmentToPriorPeriodGainLossOnDisposalNetOfTax' xlink:type='locator' />
<link:loc xlink:href='../elts/us-gaap-2011-01-31.xsd#us-gaap_DiscontinuedOperationNatureOfAdjustmentToPriorPeriodGainLossOnDisposal' xlink:label='loc_DiscontinuedOperationNatureOfAdjustmentToPriorPeriodGainLossOnDisposal' xlink:type='locator' />
<link:loc xlink:href='../elts/us-gaap-2011-01-31.xsd#us-gaap_DiscontinuedOperationAmountOfOtherIncomeLossFromDispositionOfDiscontinuedOperationNetOfTaxAbstract' xlink:label='loc_DiscontinuedOperationAmountOfOtherIncomeLossFromDispositionOfDiscontinuedOperationNetOfTaxAbstract' xlink:type='locator' />
<link:loc xlink:href='../elts/us-gaap-2011-01-31.xsd#us-gaap_DiscontinuedOperationAmountOfOtherIncomeLossFromDispositionOfDiscontinuedOperationsBeforeIncomeTax' xlink:label='loc_DiscontinuedOperationAmountOfOtherIncomeLossFromDispositionOfDiscontinuedOperationsBeforeIncomeTax' xlink:type='locator' />
<link:loc xlink:href='../elts/us-gaap-2011-01-31.xsd#us-gaap_DiscontinuedOperationTaxEffectOfOtherIncomeLossFromDispositionOfDiscontinuedOperation' xlink:label='loc_DiscontinuedOperationTaxEffectOfOtherIncomeLossFromDispositionOfDiscontinuedOperation' xlink:type='locator' />
<link:loc xlink:href='../elts/us-gaap-2011-01-31.xsd#us-gaap_DiscontinuedOperationAmountOfOtherIncomeLossFromDispositionOfDiscontinuedOperationNetOfTax' xlink:label='loc_DiscontinuedOperationAmountOfOtherIncomeLossFromDispositionOfDiscontinuedOperationNetOfTax' xlink:type='locator' />
<link:loc xlink:href='../elts/us-gaap-2011-01-31.xsd#us-gaap_DiscontinuedOperationNatureOfOtherIncomeLossFromDispositionOfDiscontinuedOperation' xlink:label='loc_DiscontinuedOperationNatureOfOtherIncomeLossFromDispositionOfDiscontinuedOperation' xlink:type='locator' />
<link:loc xlink:href='../elts/us-gaap-2011-01-31.xsd#us-gaap_DiscontinuedOperationIncomeLossFromDiscontinuedOperationBeforeIncomeTax' xlink:label='loc_DiscontinuedOperationIncomeLossFromDiscontinuedOperationBeforeIncomeTax' xlink:type='locator' />
<link:loc xlink:href='../elts/us-gaap-2011-01-31.xsd#us-gaap_DiscontinuedOperationTaxEffectOfDiscontinuedOperation' xlink:label='loc_DiscontinuedOperationTaxEffectOfDiscontinuedOperation' xlink:type='locator' />
<link:loc xlink:href='../elts/us-gaap-2011-01-31.xsd#us-gaap_IncomeLossFromDiscontinuedOperationsNetOfTax' xlink:label='loc_IncomeLossFromDiscontinuedOperationsNetOfTax' xlink:type='locator' />
<link:loc xlink:href='../elts/us-gaap-2011-01-31.xsd#us-gaap_DiscontinuedOperationAdditionalDisclosuresAbstract' xlink:label='loc_DiscontinuedOperationAdditionalDisclosuresAbstract' xlink:type='locator' />
<link:loc xlink:href='../elts/us-gaap-2011-01-31.xsd#us-gaap_DiscontinuedOperationDescriptionOfMaterialContingentLiabilitiesRemaining' xlink:label='loc_DiscontinuedOperationDescriptionOfMaterialContingentLiabilitiesRemaining' xlink:type='locator' />
<link:loc xlink:href='../elts/us-gaap-2011-01-31.xsd#us-gaap_DeferredTaxAssetParentsBasisInDiscontinuedOperation' xlink:label='loc_DeferredTaxAssetParentsBasisInDiscontinuedOperation' xlink:type='locator' />
<link:loc xlink:href='../elts/us-gaap-2011-01-31.xsd#us-gaap_DeferredTaxLiabilitiesParentsBasisInDiscontinuedOperation' xlink:label='loc_DeferredTaxLiabilitiesParentsBasisInDiscontinuedOperation' xlink:type='locator' />
<link:loc xlink:href='../elts/us-gaap-2011-01-31.xsd#us-gaap_DiscontinuedOperationNatureOfActivitiesHavingContinuingCashFlowsAfterDisposal' xlink:label='loc_DiscontinuedOperationNatureOfActivitiesHavingContinuingCashFlowsAfterDisposal' xlink:type='locator' />
<link:loc xlink:href='../elts/us-gaap-2011-01-31.xsd#us-gaap_DiscontinuedOperationPeriodOfContinuingCashFlowsAfterDisposal' xlink:label='loc_DiscontinuedOperationPeriodOfContinuingCashFlowsAfterDisposal' xlink:type='locator' />
<link:loc xlink:href='../elts/us-gaap-2011-01-31.xsd#us-gaap_DiscontinuedOperationAmountOfContinuingCashFlowsAfterDisposal' xlink:label='loc_DiscontinuedOperationAmountOfContinuingCashFlowsAfterDisposal' xlink:type='locator' />
<link:loc xlink:href='../elts/us-gaap-2011-01-31.xsd#us-gaap_DiscontinuedOperationContinuationOfActivitiesWithDiscontinuedOperationAfterDisposalDescription' xlink:label='loc_DiscontinuedOperationContinuationOfActivitiesWithDiscontinuedOperationAfterDisposalDescription' xlink:type='locator' />
<link:loc xlink:href='../elts/us-gaap-2011-01-31.xsd#us-gaap_DiscontinuedOperationIntercompanyAmountsWithDiscontinuedOperationBeforeDisposalTransactionRevenue' xlink:label='loc_DiscontinuedOperationIntercompanyAmountsWithDiscontinuedOperationBeforeDisposalTransactionRevenue' xlink:type='locator' />
<link:loc xlink:href='../elts/us-gaap-2011-01-31.xsd#us-gaap_DiscontinuedOperationIntercompanyAmountsWithDiscontinuedOperationBeforeDisposalTransactionCosts' xlink:label='loc_DiscontinuedOperationIntercompanyAmountsWithDiscontinuedOperationBeforeDisposalTransactionCosts' xlink:type='locator' />
<link:loc xlink:href='../elts/us-gaap-2011-01-31.xsd#us-gaap_DisposalGroupNotDiscontinuedOperationDisposalDisclosuresAbstract' xlink:label='loc_DisposalGroupNotDiscontinuedOperationDisposalDisclosuresAbstract' xlink:type='locator' />
<link:loc xlink:href='../elts/us-gaap-2011-01-31.xsd#us-gaap_DisposalGroupNotDiscontinuedOperationGainLossOnDisposal' xlink:label='loc_DisposalGroupNotDiscontinuedOperationGainLossOnDisposal' xlink:type='locator' />
<link:loc xlink:href='../elts/us-gaap-2011-01-31.xsd#us-gaap_DisposalGroupNotDiscontinuedOperationLossGainOnWriteDown' xlink:label='loc_DisposalGroupNotDiscontinuedOperationLossGainOnWriteDown' xlink:type='locator' />
<link:loc xlink:href='../elts/us-gaap-2011-01-31.xsd#us-gaap_DisposalGroupNotDiscontinuedOperationGainLossOnDisposalIncomeStatementCaption' xlink:label='loc_DisposalGroupNotDiscontinuedOperationGainLossOnDisposalIncomeStatementCaption' xlink:type='locator' />
<link:loc xlink:href='../elts/us-gaap-2011-01-31.xsd#us-gaap_DisposalGroupNotDiscontinuedOperationLossGainOnWriteDownIncomeStatementCaption' xlink:label='loc_DisposalGroupNotDiscontinuedOperationLossGainOnWriteDownIncomeStatementCaption' xlink:type='locator' />
<link:loc xlink:href='../elts/us-gaap-2011-01-31.xsd#us-gaap_DisposalGroupSpecialTransactionClassificationsAbstract' xlink:label='loc_DisposalGroupSpecialTransactionClassificationsAbstract' xlink:type='locator' />
<link:loc xlink:href='../elts/us-gaap-2011-01-31.xsd#us-gaap_DisposalGroupDeferredGainOnDisposal' xlink:label='loc_DisposalGroupDeferredGainOnDisposal' xlink:type='locator' />
<link:loc xlink:href='../elts/us-gaap-2011-01-31.xsd#us-gaap_DisposalGroupAssetsOfBusinessTransferredUnderContractualArrangement' xlink:label='loc_DisposalGroupAssetsOfBusinessTransferredUnderContractualArrangement' xlink:type='locator' />
<link:loc xlink:href='../elts/us-gaap-2011-01-31.xsd#us-gaap_DisposalGroupLiabilitiesOfBusinessTransferredUnderContractualArrangement' xlink:label='loc_DisposalGroupLiabilitiesOfBusinessTransferredUnderContractualArrangement' xlink:type='locator' />
<link:definitionArc order='1.0' xlink:arcrole='http://xbrl.org/int/dim/arcrole/domain-member' xlink:from='loc_IncomeStatementBalanceSheetAndAdditionalDisclosuresByDisposalGroupsIncludingDiscontinuedOperationsLineItems' xlink:to='loc_DisposalGroupIncludingDiscontinuedOperationDescriptionAndTimingOfDisposal' xlink:type='arc' />
<link:definitionArc order='2.0' xlink:arcrole='http://xbrl.org/int/dim/arcrole/domain-member' xlink:from='loc_IncomeStatementBalanceSheetAndAdditionalDisclosuresByDisposalGroupsIncludingDiscontinuedOperationsLineItems' xlink:to='loc_DisposalGroupNotDiscontinuedOperationIncomeStatementDisclosuresAbstract' xlink:type='arc' />
<link:definitionArc order='3.0' xlink:arcrole='http://xbrl.org/int/dim/arcrole/domain-member' xlink:from='loc_DisposalGroupNotDiscontinuedOperationIncomeStatementDisclosuresAbstract' xlink:to='loc_DisposalGroupIncludingDiscontinuedOperationRevenue' xlink:type='arc' />
<link:definitionArc order='4.0' xlink:arcrole='http://xbrl.org/int/dim/arcrole/domain-member' xlink:from='loc_DisposalGroupNotDiscontinuedOperationIncomeStatementDisclosuresAbstract' xlink:to='loc_DisposalGroupIncludingDiscontinuedOperationCostsOfGoodsSold' xlink:type='arc' />
<link:definitionArc order='5.0' xlink:arcrole='http://xbrl.org/int/dim/arcrole/domain-member' xlink:from='loc_DisposalGroupNotDiscontinuedOperationIncomeStatementDisclosuresAbstract' xlink:to='loc_DisposalGroupIncludingDiscontinuedOperationGrossProfitLoss' xlink:type='arc' />
<link:definitionArc order='6.0' xlink:arcrole='http://xbrl.org/int/dim/arcrole/domain-member' xlink:from='loc_DisposalGroupNotDiscontinuedOperationIncomeStatementDisclosuresAbstract' xlink:to='loc_DisposalGroupIncludingDiscontinuedOperationOperatingExpense' xlink:type='arc' />
<link:definitionArc order='7.0' xlink:arcrole='http://xbrl.org/int/dim/arcrole/domain-member' xlink:from='loc_DisposalGroupNotDiscontinuedOperationIncomeStatementDisclosuresAbstract' xlink:to='loc_DisposalGroupIncludingDiscontinuedOperationOperatingIncomeLoss' xlink:type='arc' />
<link:definitionArc order='8.0' xlink:arcrole='http://xbrl.org/int/dim/arcrole/domain-member' xlink:from='loc_DisposalGroupNotDiscontinuedOperationIncomeStatementDisclosuresAbstract' xlink:to='loc_DisposalGroupIncludingDiscontinuedOperationInterestExpense' xlink:type='arc' />
<link:definitionArc order='9.0' xlink:arcrole='http://xbrl.org/int/dim/arcrole/domain-member' xlink:from='loc_DisposalGroupNotDiscontinuedOperationIncomeStatementDisclosuresAbstract' xlink:to='loc_RestructuringCharges' xlink:type='arc' />
<link:definitionArc order='10.0' xlink:arcrole='http://xbrl.org/int/dim/arcrole/domain-member' xlink:from='loc_IncomeStatementBalanceSheetAndAdditionalDisclosuresByDisposalGroupsIncludingDiscontinuedOperationsLineItems' xlink:to='loc_DisposalGroupIncludingDiscontinuedOperationBalanceSheetDisclosuresAbstract' xlink:type='arc' />
<link:definitionArc order='11.0' xlink:arcrole='http://xbrl.org/int/dim/arcrole/domain-member' xlink:from='loc_DisposalGroupIncludingDiscontinuedOperationBalanceSheetDisclosuresAbstract' xlink:to='loc_DisposalGroupIncludingDiscontinuedOperationAssetsOfDisposalGroup' xlink:type='arc' />
<link:definitionArc order='12.0' xlink:arcrole='http://xbrl.org/int/dim/arcrole/domain-member' xlink:from='loc_DisposalGroupIncludingDiscontinuedOperationBalanceSheetDisclosuresAbstract' xlink:to='loc_DisposalGroupIncludingDiscontinuedOperationLiabilitiesOfDisposalGroup' xlink:type='arc' />
<link:definitionArc order='13.0' xlink:arcrole='http://xbrl.org/int/dim/arcrole/domain-member' xlink:from='loc_DisposalGroupIncludingDiscontinuedOperationBalanceSheetDisclosuresAbstract' xlink:to='loc_DisposalGroupIncludingDiscontinuedOperationClassifiedBalanceSheetDisclosuresAbstract' xlink:type='arc' />
<link:definitionArc order='14.0' xlink:arcrole='http://xbrl.org/int/dim/arcrole/domain-member' xlink:from='loc_DisposalGroupIncludingDiscontinuedOperationClassifiedBalanceSheetDisclosuresAbstract' xlink:to='loc_AssetsOfDisposalGroupIncludingDiscontinuedOperationCurrentAbstract' xlink:type='arc' />
<link:definitionArc order='15.0' xlink:arcrole='http://xbrl.org/int/dim/arcrole/domain-member' xlink:from='loc_AssetsOfDisposalGroupIncludingDiscontinuedOperationCurrentAbstract' xlink:to='loc_DisposalGroupIncludingDiscontinuedOperationCashAndCashEquivalents' xlink:type='arc' />
<link:definitionArc order='16.0' xlink:arcrole='http://xbrl.org/int/dim/arcrole/domain-member' xlink:from='loc_AssetsOfDisposalGroupIncludingDiscontinuedOperationCurrentAbstract' xlink:to='loc_DisposalGroupIncludingDiscontinuedOperationAccountsNotesAndLoansReceivableNet' xlink:type='arc' />
<link:definitionArc order='17.0' xlink:arcrole='http://xbrl.org/int/dim/arcrole/domain-member' xlink:from='loc_AssetsOfDisposalGroupIncludingDiscontinuedOperationCurrentAbstract' xlink:to='loc_DisposalGroupIncludingDiscontinuedOperationInventory' xlink:type='arc' />
<link:definitionArc order='18.0' xlink:arcrole='http://xbrl.org/int/dim/arcrole/domain-member' xlink:from='loc_AssetsOfDisposalGroupIncludingDiscontinuedOperationCurrentAbstract' xlink:to='loc_DisposalGroupIncludingDiscontinuedOperationOtherCurrentAssets' xlink:type='arc' />
<link:definitionArc order='19.0' xlink:arcrole='http://xbrl.org/int/dim/arcrole/domain-member' xlink:from='loc_AssetsOfDisposalGroupIncludingDiscontinuedOperationCurrentAbstract' xlink:to='loc_AssetsOfDisposalGroupIncludingDiscontinuedOperationCurrent' xlink:type='arc' />
<link:definitionArc order='20.0' xlink:arcrole='http://xbrl.org/int/dim/arcrole/domain-member' xlink:from='loc_DisposalGroupIncludingDiscontinuedOperationClassifiedBalanceSheetDisclosuresAbstract' xlink:to='loc_AssetsOfDisposalGroupIncludingDiscontinuedOperationNoncurrentAbstract' xlink:type='arc' />
<link:definitionArc order='21.0' xlink:arcrole='http://xbrl.org/int/dim/arcrole/domain-member' xlink:from='loc_AssetsOfDisposalGroupIncludingDiscontinuedOperationNoncurrentAbstract' xlink:to='loc_DisposalGroupIncludingDiscontinuedOperationPropertyPlantAndEquipmentNet' xlink:type='arc' />
<link:definitionArc order='22.0' xlink:arcrole='http://xbrl.org/int/dim/arcrole/domain-member' xlink:from='loc_AssetsOfDisposalGroupIncludingDiscontinuedOperationNoncurrentAbstract' xlink:to='loc_DisposalGroupIncludingDiscontinuedOperationDeferredTaxAssets' xlink:type='arc' />
<link:definitionArc order='23.0' xlink:arcrole='http://xbrl.org/int/dim/arcrole/domain-member' xlink:from='loc_AssetsOfDisposalGroupIncludingDiscontinuedOperationNoncurrentAbstract' xlink:to='loc_DisposalGroupIncludingDiscontinuedOperationGoodwill' xlink:type='arc' />
<link:definitionArc order='24.0' xlink:arcrole='http://xbrl.org/int/dim/arcrole/domain-member' xlink:from='loc_AssetsOfDisposalGroupIncludingDiscontinuedOperationNoncurrentAbstract' xlink:to='loc_DisposalGroupIncludingDiscontinuedOperationIntangibleAssetsNet' xlink:type='arc' />
<link:definitionArc order='25.0' xlink:arcrole='http://xbrl.org/int/dim/arcrole/domain-member' xlink:from='loc_AssetsOfDisposalGroupIncludingDiscontinuedOperationNoncurrentAbstract' xlink:to='loc_DisposalGroupIncludingDiscontinuedOperationOtherNoncurrentAssets' xlink:type='arc' />
<link:definitionArc order='26.0' xlink:arcrole='http://xbrl.org/int/dim/arcrole/domain-member' xlink:from='loc_AssetsOfDisposalGroupIncludingDiscontinuedOperationNoncurrentAbstract' xlink:to='loc_AssetsOfDisposalGroupIncludingDiscontinuedOperationNoncurrent' xlink:type='arc' />
<link:definitionArc order='27.0' xlink:arcrole='http://xbrl.org/int/dim/arcrole/domain-member' xlink:from='loc_DisposalGroupIncludingDiscontinuedOperationClassifiedBalanceSheetDisclosuresAbstract' xlink:to='loc_LiabilitiesOfDisposalGroupIncludingDiscontinuedOperationCurrentAbstract' xlink:type='arc' />
<link:definitionArc order='28.0' xlink:arcrole='http://xbrl.org/int/dim/arcrole/domain-member' xlink:from='loc_LiabilitiesOfDisposalGroupIncludingDiscontinuedOperationCurrentAbstract' xlink:to='loc_DisposalGroupIncludingDiscontinuedOperationAccountsPayable' xlink:type='arc' />
<link:definitionArc order='29.0' xlink:arcrole='http://xbrl.org/int/dim/arcrole/domain-member' xlink:from='loc_LiabilitiesOfDisposalGroupIncludingDiscontinuedOperationCurrentAbstract' xlink:to='loc_DisposalGroupIncludingDiscontinuedOperationAccruedLiabilities' xlink:type='arc' />
<link:definitionArc order='30.0' xlink:arcrole='http://xbrl.org/int/dim/arcrole/domain-member' xlink:from='loc_LiabilitiesOfDisposalGroupIncludingDiscontinuedOperationCurrentAbstract' xlink:to='loc_DisposalGroupIncludingDiscontinuedOperationAccruedIncomeTaxesPayable' xlink:type='arc' />
<link:definitionArc order='31.0' xlink:arcrole='http://xbrl.org/int/dim/arcrole/domain-member' xlink:from='loc_LiabilitiesOfDisposalGroupIncludingDiscontinuedOperationCurrentAbstract' xlink:to='loc_DisposalGroupIncludingDiscontinuedOperationOtherCurrentLiabilities' xlink:type='arc' />
<link:definitionArc order='32.0' xlink:arcrole='http://xbrl.org/int/dim/arcrole/domain-member' xlink:from='loc_LiabilitiesOfDisposalGroupIncludingDiscontinuedOperationCurrentAbstract' xlink:to='loc_LiabilitiesOfDisposalGroupIncludingDiscontinuedOperationCurrent' xlink:type='arc' />
<link:definitionArc order='33.0' xlink:arcrole='http://xbrl.org/int/dim/arcrole/domain-member' xlink:from='loc_DisposalGroupIncludingDiscontinuedOperationClassifiedBalanceSheetDisclosuresAbstract' xlink:to='loc_LiabilitiesOfDisposalGroupIncludingDiscontinuedOperationNoncurrentAbstract' xlink:type='arc' />
<link:definitionArc order='34.0' xlink:arcrole='http://xbrl.org/int/dim/arcrole/domain-member' xlink:from='loc_LiabilitiesOfDisposalGroupIncludingDiscontinuedOperationNoncurrentAbstract' xlink:to='loc_DisposalGroupIncludingDiscontinuedOperationDeferredTaxLiabilities' xlink:type='arc' />
<link:definitionArc order='35.0' xlink:arcrole='http://xbrl.org/int/dim/arcrole/domain-member' xlink:from='loc_LiabilitiesOfDisposalGroupIncludingDiscontinuedOperationNoncurrentAbstract' xlink:to='loc_DisposalGroupIncludingDiscontinuedOperationPensionPlanBenefitObligation' xlink:type='arc' />
<link:definitionArc order='36.0' xlink:arcrole='http://xbrl.org/int/dim/arcrole/domain-member' xlink:from='loc_LiabilitiesOfDisposalGroupIncludingDiscontinuedOperationNoncurrentAbstract' xlink:to='loc_DisposalGroupIncludingDiscontinuedOperationPostretirementPlanBenefitObligation' xlink:type='arc' />
<link:definitionArc order='37.0' xlink:arcrole='http://xbrl.org/int/dim/arcrole/domain-member' xlink:from='loc_LiabilitiesOfDisposalGroupIncludingDiscontinuedOperationNoncurrentAbstract' xlink:to='loc_DisposalGroupIncludingDiscontinuedOperationOtherNoncurrentLiabilities' xlink:type='arc' />
<link:definitionArc order='38.0' xlink:arcrole='http://xbrl.org/int/dim/arcrole/domain-member' xlink:from='loc_LiabilitiesOfDisposalGroupIncludingDiscontinuedOperationNoncurrentAbstract' xlink:to='loc_LiabilitiesOfDisposalGroupIncludingDiscontinuedOperationNoncurrent' xlink:type='arc' />
<link:definitionArc order='39.0' xlink:arcrole='http://xbrl.org/int/dim/arcrole/domain-member' xlink:from='loc_DisposalGroupIncludingDiscontinuedOperationBalanceSheetDisclosuresAbstract' xlink:to='loc_DisposalGroupIncludingDiscontinuedOperationUnclassifiedBalanceSheetDisclosuresAbstract' xlink:type='arc' />
<link:definitionArc order='40.0' xlink:arcrole='http://xbrl.org/int/dim/arcrole/domain-member' xlink:from='loc_DisposalGroupIncludingDiscontinuedOperationUnclassifiedBalanceSheetDisclosuresAbstract' xlink:to='loc_AssetsOfDisposalGroupIncludingDiscontinuedOperationAbstract' xlink:type='arc' />
<link:definitionArc order='41.0' xlink:arcrole='http://xbrl.org/int/dim/arcrole/domain-member' xlink:from='loc_AssetsOfDisposalGroupIncludingDiscontinuedOperationAbstract' xlink:to='loc_DisposalGroupIncludingDiscontinuedOperationCashAndCashEquivalents' xlink:type='arc' />
<link:definitionArc order='42.0' xlink:arcrole='http://xbrl.org/int/dim/arcrole/domain-member' xlink:from='loc_AssetsOfDisposalGroupIncludingDiscontinuedOperationAbstract' xlink:to='loc_DisposalGroupIncludingDiscontinuedOperationAccountsNotesAndLoansReceivableNet' xlink:type='arc' />
<link:definitionArc order='43.0' xlink:arcrole='http://xbrl.org/int/dim/arcrole/domain-member' xlink:from='loc_AssetsOfDisposalGroupIncludingDiscontinuedOperationAbstract' xlink:to='loc_DisposalGroupIncludingDiscontinuedOperationInventory' xlink:type='arc' />
<link:definitionArc order='44.0' xlink:arcrole='http://xbrl.org/int/dim/arcrole/domain-member' xlink:from='loc_AssetsOfDisposalGroupIncludingDiscontinuedOperationAbstract' xlink:to='loc_DisposalGroupIncludingDiscontinuedOperationPropertyPlantAndEquipmentNet' xlink:type='arc' />
<link:definitionArc order='45.0' xlink:arcrole='http://xbrl.org/int/dim/arcrole/domain-member' xlink:from='loc_AssetsOfDisposalGroupIncludingDiscontinuedOperationAbstract' xlink:to='loc_DisposalGroupIncludingDiscontinuedOperationDeferredTaxAssets' xlink:type='arc' />
<link:definitionArc order='46.0' xlink:arcrole='http://xbrl.org/int/dim/arcrole/domain-member' xlink:from='loc_AssetsOfDisposalGroupIncludingDiscontinuedOperationAbstract' xlink:to='loc_DisposalGroupIncludingDiscontinuedOperationGoodwill' xlink:type='arc' />
<link:definitionArc order='47.0' xlink:arcrole='http://xbrl.org/int/dim/arcrole/domain-member' xlink:from='loc_AssetsOfDisposalGroupIncludingDiscontinuedOperationAbstract' xlink:to='loc_DisposalGroupIncludingDiscontinuedOperationIntangibleAssetsNet' xlink:type='arc' />
<link:definitionArc order='48.0' xlink:arcrole='http://xbrl.org/int/dim/arcrole/domain-member' xlink:from='loc_AssetsOfDisposalGroupIncludingDiscontinuedOperationAbstract' xlink:to='loc_DisposalGroupIncludingDiscontinuedOperationOtherAssets' xlink:type='arc' />
<link:definitionArc order='49.0' xlink:arcrole='http://xbrl.org/int/dim/arcrole/domain-member' xlink:from='loc_AssetsOfDisposalGroupIncludingDiscontinuedOperationAbstract' xlink:to='loc_AssetsOfDisposalGroupIncludingDiscontinuedOperation' xlink:type='arc' />
<link:definitionArc order='50.0' xlink:arcrole='http://xbrl.org/int/dim/arcrole/domain-member' xlink:from='loc_DisposalGroupIncludingDiscontinuedOperationUnclassifiedBalanceSheetDisclosuresAbstract' xlink:to='loc_LiabilitiesOfDisposalGroupIncludingDiscontinuedOperationAbstract' xlink:type='arc' />
<link:definitionArc order='51.0' xlink:arcrole='http://xbrl.org/int/dim/arcrole/domain-member' xlink:from='loc_LiabilitiesOfDisposalGroupIncludingDiscontinuedOperationAbstract' xlink:to='loc_DisposalGroupIncludingDiscontinuedOperationAccountsPayable' xlink:type='arc' />
<link:definitionArc order='52.0' xlink:arcrole='http://xbrl.org/int/dim/arcrole/domain-member' xlink:from='loc_LiabilitiesOfDisposalGroupIncludingDiscontinuedOperationAbstract' xlink:to='loc_DisposalGroupIncludingDiscontinuedOperationAccruedLiabilities' xlink:type='arc' />
<link:definitionArc order='53.0' xlink:arcrole='http://xbrl.org/int/dim/arcrole/domain-member' xlink:from='loc_LiabilitiesOfDisposalGroupIncludingDiscontinuedOperationAbstract' xlink:to='loc_DisposalGroupIncludingDiscontinuedOperationAccruedIncomeTaxesPayable' xlink:type='arc' />
<link:definitionArc order='54.0' xlink:arcrole='http://xbrl.org/int/dim/arcrole/domain-member' xlink:from='loc_LiabilitiesOfDisposalGroupIncludingDiscontinuedOperationAbstract' xlink:to='loc_DisposalGroupIncludingDiscontinuedOperationDeferredTaxLiabilities' xlink:type='arc' />
<link:definitionArc order='55.0' xlink:arcrole='http://xbrl.org/int/dim/arcrole/domain-member' xlink:from='loc_LiabilitiesOfDisposalGroupIncludingDiscontinuedOperationAbstract' xlink:to='loc_DisposalGroupIncludingDiscontinuedOperationPensionPlanBenefitObligation' xlink:type='arc' />
<link:definitionArc order='56.0' xlink:arcrole='http://xbrl.org/int/dim/arcrole/domain-member' xlink:from='loc_LiabilitiesOfDisposalGroupIncludingDiscontinuedOperationAbstract' xlink:to='loc_DisposalGroupIncludingDiscontinuedOperationPostretirementPlanBenefitObligation' xlink:type='arc' />
<link:definitionArc order='57.0' xlink:arcrole='http://xbrl.org/int/dim/arcrole/domain-member' xlink:from='loc_LiabilitiesOfDisposalGroupIncludingDiscontinuedOperationAbstract' xlink:to='loc_DisposalGroupIncludingDiscontinuedOperationOtherLiabilities' xlink:type='arc' />
<link:definitionArc order='58.0' xlink:arcrole='http://xbrl.org/int/dim/arcrole/domain-member' xlink:from='loc_LiabilitiesOfDisposalGroupIncludingDiscontinuedOperationAbstract' xlink:to='loc_LiabilitiesOfDisposalGroupIncludingDiscontinuedOperation' xlink:type='arc' />
<link:definitionArc order='59.0' xlink:arcrole='http://xbrl.org/int/dim/arcrole/domain-member' xlink:from='loc_IncomeStatementBalanceSheetAndAdditionalDisclosuresByDisposalGroupsIncludingDiscontinuedOperationsLineItems' xlink:to='loc_DisposalGroupIncludingDiscontinuedOperationAdditionalDisclosuresAbstract' xlink:type='arc' />
<link:definitionArc order='60.0' xlink:arcrole='http://xbrl.org/int/dim/arcrole/domain-member' xlink:from='loc_DisposalGroupIncludingDiscontinuedOperationAdditionalDisclosuresAbstract' xlink:to='loc_DisposalGroupIncludingDiscontinuedOperationStatusOfDisposalGroupAtLatestBalanceSheetDate' xlink:type='arc' />
<link:definitionArc order='61.0' xlink:arcrole='http://xbrl.org/int/dim/arcrole/domain-member' xlink:from='loc_DisposalGroupIncludingDiscontinuedOperationAdditionalDisclosuresAbstract' xlink:to='loc_DisposalGroupIncludingDiscontinuedOperationChangesToPlanOfSale' xlink:type='arc' />
<link:definitionArc order='62.0' xlink:arcrole='http://xbrl.org/int/dim/arcrole/domain-member' xlink:from='loc_DisposalGroupIncludingDiscontinuedOperationAdditionalDisclosuresAbstract' xlink:to='loc_DisposalGroupIncludingDiscontinuedOperationSegmentThatIncludesDisposalGroup' xlink:type='arc' />
<link:definitionArc order='63.0' xlink:arcrole='http://xbrl.org/int/dim/arcrole/domain-member' xlink:from='loc_DisposalGroupIncludingDiscontinuedOperationAdditionalDisclosuresAbstract' xlink:to='loc_DisposalGroupIncludingDiscontinuedOperationForeignCurrencyTranslationGainsLosses' xlink:type='arc' />
<link:definitionArc order='64.0' xlink:arcrole='http://xbrl.org/int/dim/arcrole/domain-member' xlink:from='loc_DisposalGroupIncludingDiscontinuedOperationAdditionalDisclosuresAbstract' xlink:to='loc_DisposalGroupIncludingDiscontinuedOperationCashFlowsOfDisposalGroup' xlink:type='arc' />
<link:definitionArc order='65.0' xlink:arcrole='http://xbrl.org/int/dim/arcrole/domain-member' xlink:from='loc_IncomeStatementBalanceSheetAndAdditionalDisclosuresByDisposalGroupsIncludingDiscontinuedOperationsLineItems' xlink:to='loc_DiscontinuedOperationIncomeLossFromDiscontinuedOperationDisclosuresAbstract' xlink:type='arc' />
<link:definitionArc order='66.0' xlink:arcrole='http://xbrl.org/int/dim/arcrole/domain-member' xlink:from='loc_DiscontinuedOperationIncomeLossFromDiscontinuedOperationDisclosuresAbstract' xlink:to='loc_IncomeLossFromDiscontinuedOperationsNetOfTaxAbstract' xlink:type='arc' />
<link:definitionArc order='67.0' xlink:arcrole='http://xbrl.org/int/dim/arcrole/domain-member' xlink:from='loc_IncomeLossFromDiscontinuedOperationsNetOfTaxAbstract' xlink:to='loc_DiscontinuedOperationIncomeLossFromDiscontinuedOperationDuringPhaseOutPeriodNetOfTaxAbstract' xlink:type='arc' />
<link:definitionArc order='68.0' xlink:arcrole='http://xbrl.org/int/dim/arcrole/domain-member' xlink:from='loc_DiscontinuedOperationIncomeLossFromDiscontinuedOperationDuringPhaseOutPeriodNetOfTaxAbstract' xlink:to='loc_DiscontinuedOperationIncomeLossFromDiscontinuedOperationDuringPhaseOutPeriodBeforeIncomeTax' xlink:type='arc' />
<link:definitionArc order='69.0' xlink:arcrole='http://xbrl.org/int/dim/arcrole/domain-member' xlink:from='loc_DiscontinuedOperationIncomeLossFromDiscontinuedOperationDuringPhaseOutPeriodNetOfTaxAbstract' xlink:to='loc_DiscontinuedOperationTaxEffectOfIncomeLossFromDiscontinuedOperationDuringPhaseOutPeriod' xlink:type='arc' />
<link:definitionArc order='70.0' xlink:arcrole='http://xbrl.org/int/dim/arcrole/domain-member' xlink:from='loc_DiscontinuedOperationIncomeLossFromDiscontinuedOperationDuringPhaseOutPeriodNetOfTaxAbstract' xlink:to='loc_DiscontinuedOperationIncomeLossFromDiscontinuedOperationDuringPhaseOutPeriodNetOfTax' xlink:type='arc' />
<link:definitionArc order='71.0' xlink:arcrole='http://xbrl.org/int/dim/arcrole/domain-member' xlink:from='loc_IncomeLossFromDiscontinuedOperationsNetOfTaxAbstract' xlink:to='loc_DiscontinuedOperationGainLossOnDisposalOfDiscontinuedOperationNetOfTaxAbstract' xlink:type='arc' />
<link:definitionArc order='72.0' xlink:arcrole='http://xbrl.org/int/dim/arcrole/domain-member' xlink:from='loc_DiscontinuedOperationGainLossOnDisposalOfDiscontinuedOperationNetOfTaxAbstract' xlink:to='loc_DiscontinuedOperationGainLossFromDisposalOfDiscontinuedOperationBeforeIncomeTax' xlink:type='arc' />
<link:definitionArc order='73.0' xlink:arcrole='http://xbrl.org/int/dim/arcrole/domain-member' xlink:from='loc_DiscontinuedOperationGainLossOnDisposalOfDiscontinuedOperationNetOfTaxAbstract' xlink:to='loc_DiscontinuedOperationTaxEffectOfIncomeLossFromDisposalOfDiscontinuedOperation' xlink:type='arc' />
<link:definitionArc order='74.0' xlink:arcrole='http://xbrl.org/int/dim/arcrole/domain-member' xlink:from='loc_DiscontinuedOperationGainLossOnDisposalOfDiscontinuedOperationNetOfTaxAbstract' xlink:to='loc_DiscontinuedOperationGainLossOnDisposalOfDiscontinuedOperationNetOfTax' xlink:type='arc' />
<link:definitionArc order='75.0' xlink:arcrole='http://xbrl.org/int/dim/arcrole/domain-member' xlink:from='loc_IncomeLossFromDiscontinuedOperationsNetOfTaxAbstract' xlink:to='loc_DiscontinuedOperationProvisionForLossGainOnDisposalNetOfTaxAbstract' xlink:type='arc' />
<link:definitionArc order='76.0' xlink:arcrole='http://xbrl.org/int/dim/arcrole/domain-member' xlink:from='loc_DiscontinuedOperationProvisionForLossGainOnDisposalNetOfTaxAbstract' xlink:to='loc_DiscontinuedOperationProvisionForLossGainOnDisposalBeforeIncomeTax' xlink:type='arc' />
<link:definitionArc order='77.0' xlink:arcrole='http://xbrl.org/int/dim/arcrole/domain-member' xlink:from='loc_DiscontinuedOperationProvisionForLossGainOnDisposalNetOfTaxAbstract' xlink:to='loc_DiscontinuedOperationTaxExpenseBenefitFromProvisionForGainLossOnDisposal' xlink:type='arc' />
<link:definitionArc order='78.0' xlink:arcrole='http://xbrl.org/int/dim/arcrole/domain-member' xlink:from='loc_DiscontinuedOperationProvisionForLossGainOnDisposalNetOfTaxAbstract' xlink:to='loc_DiscontinuedOperationProvisionForLossGainOnDisposalNetOfTax' xlink:type='arc' />
<link:definitionArc order='79.0' xlink:arcrole='http://xbrl.org/int/dim/arcrole/domain-member' xlink:from='loc_IncomeLossFromDiscontinuedOperationsNetOfTaxAbstract' xlink:to='loc_DiscontinuedOperationAmountOfAdjustmentToPriorPeriodGainLossOnDisposalNetOfTaxAbstract' xlink:type='arc' />
<link:definitionArc order='80.0' xlink:arcrole='http://xbrl.org/int/dim/arcrole/domain-member' xlink:from='loc_DiscontinuedOperationAmountOfAdjustmentToPriorPeriodGainLossOnDisposalNetOfTaxAbstract' xlink:to='loc_DiscontinuedOperationAmountOfAdjustmentToPriorPeriodGainLossOnDisposalBeforeIncomeTax' xlink:type='arc' />
<link:definitionArc order='81.0' xlink:arcrole='http://xbrl.org/int/dim/arcrole/domain-member' xlink:from='loc_DiscontinuedOperationAmountOfAdjustmentToPriorPeriodGainLossOnDisposalNetOfTaxAbstract' xlink:to='loc_DiscontinuedOperationTaxEffectOfAdjustmentToPriorPeriodGainLossOnDisposal' xlink:type='arc' />
<link:definitionArc order='82.0' xlink:arcrole='http://xbrl.org/int/dim/arcrole/domain-member' xlink:from='loc_DiscontinuedOperationAmountOfAdjustmentToPriorPeriodGainLossOnDisposalNetOfTaxAbstract' xlink:to='loc_DiscontinuedOperationAmountOfAdjustmentToPriorPeriodGainLossOnDisposalNetOfTax' xlink:type='arc' />
<link:definitionArc order='83.0' xlink:arcrole='http://xbrl.org/int/dim/arcrole/domain-member' xlink:from='loc_DiscontinuedOperationAmountOfAdjustmentToPriorPeriodGainLossOnDisposalNetOfTax' xlink:to='loc_DiscontinuedOperationNatureOfAdjustmentToPriorPeriodGainLossOnDisposal' xlink:type='arc' />
<link:definitionArc order='84.0' xlink:arcrole='http://xbrl.org/int/dim/arcrole/domain-member' xlink:from='loc_IncomeLossFromDiscontinuedOperationsNetOfTaxAbstract' xlink:to='loc_DiscontinuedOperationAmountOfOtherIncomeLossFromDispositionOfDiscontinuedOperationNetOfTaxAbstract' xlink:type='arc' />
<link:definitionArc order='85.0' xlink:arcrole='http://xbrl.org/int/dim/arcrole/domain-member' xlink:from='loc_DiscontinuedOperationAmountOfOtherIncomeLossFromDispositionOfDiscontinuedOperationNetOfTaxAbstract' xlink:to='loc_DiscontinuedOperationAmountOfOtherIncomeLossFromDispositionOfDiscontinuedOperationsBeforeIncomeTax' xlink:type='arc' />
<link:definitionArc order='86.0' xlink:arcrole='http://xbrl.org/int/dim/arcrole/domain-member' xlink:from='loc_DiscontinuedOperationAmountOfOtherIncomeLossFromDispositionOfDiscontinuedOperationNetOfTaxAbstract' xlink:to='loc_DiscontinuedOperationTaxEffectOfOtherIncomeLossFromDispositionOfDiscontinuedOperation' xlink:type='arc' />
<link:definitionArc order='87.0' xlink:arcrole='http://xbrl.org/int/dim/arcrole/domain-member' xlink:from='loc_DiscontinuedOperationAmountOfOtherIncomeLossFromDispositionOfDiscontinuedOperationNetOfTaxAbstract' xlink:to='loc_DiscontinuedOperationAmountOfOtherIncomeLossFromDispositionOfDiscontinuedOperationNetOfTax' xlink:type='arc' />
<link:definitionArc order='88.0' xlink:arcrole='http://xbrl.org/int/dim/arcrole/domain-member' xlink:from='loc_DiscontinuedOperationAmountOfOtherIncomeLossFromDispositionOfDiscontinuedOperationNetOfTax' xlink:to='loc_DiscontinuedOperationNatureOfOtherIncomeLossFromDispositionOfDiscontinuedOperation' xlink:type='arc' />
<link:definitionArc order='89.0' xlink:arcrole='http://xbrl.org/int/dim/arcrole/domain-member' xlink:from='loc_IncomeLossFromDiscontinuedOperationsNetOfTaxAbstract' xlink:to='loc_DiscontinuedOperationIncomeLossFromDiscontinuedOperationBeforeIncomeTax' xlink:type='arc' />
<link:definitionArc order='90.0' xlink:arcrole='http://xbrl.org/int/dim/arcrole/domain-member' xlink:from='loc_IncomeLossFromDiscontinuedOperationsNetOfTaxAbstract' xlink:to='loc_DiscontinuedOperationTaxEffectOfDiscontinuedOperation' xlink:type='arc' />
<link:definitionArc order='91.0' xlink:arcrole='http://xbrl.org/int/dim/arcrole/domain-member' xlink:from='loc_IncomeLossFromDiscontinuedOperationsNetOfTaxAbstract' xlink:to='loc_IncomeLossFromDiscontinuedOperationsNetOfTax' xlink:type='arc' />
<link:definitionArc order='92.0' xlink:arcrole='http://xbrl.org/int/dim/arcrole/domain-member' xlink:from='loc_IncomeStatementBalanceSheetAndAdditionalDisclosuresByDisposalGroupsIncludingDiscontinuedOperationsLineItems' xlink:to='loc_DiscontinuedOperationAdditionalDisclosuresAbstract' xlink:type='arc' />
<link:definitionArc order='93.0' xlink:arcrole='http://xbrl.org/int/dim/arcrole/domain-member' xlink:from='loc_DiscontinuedOperationAdditionalDisclosuresAbstract' xlink:to='loc_DiscontinuedOperationDescriptionOfMaterialContingentLiabilitiesRemaining' xlink:type='arc' />
<link:definitionArc order='94.0' xlink:arcrole='http://xbrl.org/int/dim/arcrole/domain-member' xlink:from='loc_DiscontinuedOperationAdditionalDisclosuresAbstract' xlink:to='loc_DeferredTaxAssetParentsBasisInDiscontinuedOperation' xlink:type='arc' />
<link:definitionArc order='95.0' xlink:arcrole='http://xbrl.org/int/dim/arcrole/domain-member' xlink:from='loc_DiscontinuedOperationAdditionalDisclosuresAbstract' xlink:to='loc_DeferredTaxLiabilitiesParentsBasisInDiscontinuedOperation' xlink:type='arc' />
<link:definitionArc order='96.0' xlink:arcrole='http://xbrl.org/int/dim/arcrole/domain-member' xlink:from='loc_DiscontinuedOperationAdditionalDisclosuresAbstract' xlink:to='loc_DiscontinuedOperationNatureOfActivitiesHavingContinuingCashFlowsAfterDisposal' xlink:type='arc' />
<link:definitionArc order='97.0' xlink:arcrole='http://xbrl.org/int/dim/arcrole/domain-member' xlink:from='loc_DiscontinuedOperationAdditionalDisclosuresAbstract' xlink:to='loc_DiscontinuedOperationPeriodOfContinuingCashFlowsAfterDisposal' xlink:type='arc' />
<link:definitionArc order='98.0' xlink:arcrole='http://xbrl.org/int/dim/arcrole/domain-member' xlink:from='loc_DiscontinuedOperationAdditionalDisclosuresAbstract' xlink:to='loc_DiscontinuedOperationAmountOfContinuingCashFlowsAfterDisposal' xlink:type='arc' />
<link:definitionArc order='99.0' xlink:arcrole='http://xbrl.org/int/dim/arcrole/domain-member' xlink:from='loc_DiscontinuedOperationAdditionalDisclosuresAbstract' xlink:to='loc_DiscontinuedOperationContinuationOfActivitiesWithDiscontinuedOperationAfterDisposalDescription' xlink:type='arc' />
<link:definitionArc order='100.0' xlink:arcrole='http://xbrl.org/int/dim/arcrole/domain-member' xlink:from='loc_DiscontinuedOperationAdditionalDisclosuresAbstract' xlink:to='loc_DiscontinuedOperationIntercompanyAmountsWithDiscontinuedOperationBeforeDisposalTransactionRevenue' xlink:type='arc' />
<link:definitionArc order='101.0' xlink:arcrole='http://xbrl.org/int/dim/arcrole/domain-member' xlink:from='loc_DiscontinuedOperationAdditionalDisclosuresAbstract' xlink:to='loc_DiscontinuedOperationIntercompanyAmountsWithDiscontinuedOperationBeforeDisposalTransactionCosts' xlink:type='arc' />
<link:definitionArc order='102.0' xlink:arcrole='http://xbrl.org/int/dim/arcrole/domain-member' xlink:from='loc_IncomeStatementBalanceSheetAndAdditionalDisclosuresByDisposalGroupsIncludingDiscontinuedOperationsLineItems' xlink:to='loc_DisposalGroupNotDiscontinuedOperationDisposalDisclosuresAbstract' xlink:type='arc' />
<link:definitionArc order='103.0' xlink:arcrole='http://xbrl.org/int/dim/arcrole/domain-member' xlink:from='loc_DisposalGroupNotDiscontinuedOperationDisposalDisclosuresAbstract' xlink:to='loc_DisposalGroupNotDiscontinuedOperationGainLossOnDisposal' xlink:type='arc' />
<link:definitionArc order='104.0' xlink:arcrole='http://xbrl.org/int/dim/arcrole/domain-member' xlink:from='loc_DisposalGroupNotDiscontinuedOperationDisposalDisclosuresAbstract' xlink:to='loc_DisposalGroupNotDiscontinuedOperationLossGainOnWriteDown' xlink:type='arc' />
<link:definitionArc order='105.0' xlink:arcrole='http://xbrl.org/int/dim/arcrole/domain-member' xlink:from='loc_DisposalGroupNotDiscontinuedOperationDisposalDisclosuresAbstract' xlink:to='loc_DisposalGroupNotDiscontinuedOperationGainLossOnDisposalIncomeStatementCaption' xlink:type='arc' />
<link:definitionArc order='106.0' xlink:arcrole='http://xbrl.org/int/dim/arcrole/domain-member' xlink:from='loc_DisposalGroupNotDiscontinuedOperationDisposalDisclosuresAbstract' xlink:to='loc_DisposalGroupNotDiscontinuedOperationLossGainOnWriteDownIncomeStatementCaption' xlink:type='arc' />
<link:definitionArc order='107.0' xlink:arcrole='http://xbrl.org/int/dim/arcrole/domain-member' xlink:from='loc_IncomeStatementBalanceSheetAndAdditionalDisclosuresByDisposalGroupsIncludingDiscontinuedOperationsLineItems' xlink:to='loc_DisposalGroupSpecialTransactionClassificationsAbstract' xlink:type='arc' />
<link:definitionArc order='108.0' xlink:arcrole='http://xbrl.org/int/dim/arcrole/domain-member' xlink:from='loc_DisposalGroupSpecialTransactionClassificationsAbstract' xlink:to='loc_DisposalGroupDeferredGainOnDisposal' xlink:type='arc' />
<link:definitionArc order='109.0' xlink:arcrole='http://xbrl.org/int/dim/arcrole/domain-member' xlink:from='loc_DisposalGroupSpecialTransactionClassificationsAbstract' xlink:to='loc_DisposalGroupAssetsOfBusinessTransferredUnderContractualArrangement' xlink:type='arc' />
<link:definitionArc order='110.0' xlink:arcrole='http://xbrl.org/int/dim/arcrole/domain-member' xlink:from='loc_DisposalGroupSpecialTransactionClassificationsAbstract' xlink:to='loc_DisposalGroupLiabilitiesOfBusinessTransferredUnderContractualArrangement' xlink:type='arc' />
</link:definitionLink>
</link:linkbase>
