<?xml version="1.0" encoding="UTF-8" standalone="no"?>

<!--
(c) XBRL US, Inc. 2007-2010; Financial Accounting Foundation, Inc. 2010-2011.  All Rights Reserved.
Notice: Authorized Uses are Set Forth at http://xbrl.fasb.org/terms/TaxonomiesTermsConditions.html
  -->
<link:linkbase xmlns:link='http://www.xbrl.org/2003/linkbase' xmlns:xlink='http://www.w3.org/1999/xlink' xmlns:xsi='http://www.w3.org/2001/XMLSchema-instance' xsi:schemaLocation='http://www.xbrl.org/2003/linkbase http://www.xbrl.org/2003/xbrl-linkbase-2003-12-31.xsd'>
<link:roleRef roleURI='http://fasb.org/us-gaap/role/disclosure/ForeignOperationsAndCurrencyTranslation' xlink:href='../elts/us-roles-2011-01-31.xsd#foct' xlink:type='simple' />
<calculationLink xlink:role='http://fasb.org/us-gaap/role/disclosure/ForeignOperationsAndCurrencyTranslation' xlink:type='extended' xmlns='http://www.xbrl.org/2003/linkbase'>
<link:loc xlink:href='../elts/us-gaap-2011-01-31.xsd#us-gaap_AdjustmentForLongTermIntercompanyTransactionsNetOfTax' xlink:label='loc_AdjustmentForLongTermIntercompanyTransactionsNetOfTax' xlink:type='locator' />
<link:loc xlink:href='../elts/us-gaap-2011-01-31.xsd#us-gaap_AdjustmentForLongTermIntercompanyTransactionsGrossOfTax' xlink:label='loc_AdjustmentForLongTermIntercompanyTransactionsGrossOfTax' xlink:type='locator' />
<link:loc xlink:href='../elts/us-gaap-2011-01-31.xsd#us-gaap_AdjustmentForLongTermIntercompanyTransactionsTaxBenefitExpense' xlink:label='loc_AdjustmentForLongTermIntercompanyTransactionsTaxBenefitExpense' xlink:type='locator' />
<link:loc xlink:href='../elts/us-gaap-2011-01-31.xsd#us-gaap_CumulativeTranslationAdjustmentNetOfTaxPeriodIncreaseDecrease' xlink:label='loc_CumulativeTranslationAdjustmentNetOfTaxPeriodIncreaseDecrease' xlink:type='locator' />
<link:loc xlink:href='../elts/us-gaap-2011-01-31.xsd#us-gaap_OtherComprehensiveIncomeForeignCurrencyTransactionAndTranslationGainLossBeforeReclassificationAndTax' xlink:label='loc_OtherComprehensiveIncomeForeignCurrencyTransactionAndTranslationGainLossBeforeReclassificationAndTax' xlink:type='locator' />
<link:loc xlink:href='../elts/us-gaap-2011-01-31.xsd#us-gaap_OtherComprehensiveIncomeForeignCurrencyTranslationGainLossArisingDuringPeriodTax' xlink:label='loc_OtherComprehensiveIncomeForeignCurrencyTranslationGainLossArisingDuringPeriodTax' xlink:type='locator' />
<link:loc xlink:href='../elts/us-gaap-2011-01-31.xsd#us-gaap_OtherComprehensiveIncomeForeignCurrencyTransactionAndTranslationReclassificationAdjustmentRealizedUponSaleOrLiquidationNetOfTax' xlink:label='loc_OtherComprehensiveIncomeForeignCurrencyTransactionAndTranslationReclassificationAdjustmentRealizedUponSaleOrLiquidationNetOfTax' xlink:type='locator' />
<link:loc xlink:href='../elts/us-gaap-2011-01-31.xsd#us-gaap_OtherComprehensiveIncomeForeignCurrencyTransactionAndTranslationAdjustmentBeforeTaxPeriodIncreaseDecrease' xlink:label='loc_OtherComprehensiveIncomeForeignCurrencyTransactionAndTranslationAdjustmentBeforeTaxPeriodIncreaseDecrease' xlink:type='locator' />
<link:loc xlink:href='../elts/us-gaap-2011-01-31.xsd#us-gaap_OtherComprehensiveIncomeForeignCurrencyTransactionAndTranslationReclassificationAdjustmentRealizedUponSaleOrLiquidationBeforeTax' xlink:label='loc_OtherComprehensiveIncomeForeignCurrencyTransactionAndTranslationReclassificationAdjustmentRealizedUponSaleOrLiquidationBeforeTax' xlink:type='locator' />
<link:loc xlink:href='../elts/us-gaap-2011-01-31.xsd#us-gaap_TranslationAdjustmentForNetInvestmentHedgeNetOfTaxPeriodIncreaseDecrease' xlink:label='loc_TranslationAdjustmentForNetInvestmentHedgeNetOfTaxPeriodIncreaseDecrease' xlink:type='locator' />
<link:loc xlink:href='../elts/us-gaap-2011-01-31.xsd#us-gaap_TranslationAdjustmentForNetInvestmentHedgeIncreaseDecreaseGrossOfTax' xlink:label='loc_TranslationAdjustmentForNetInvestmentHedgeIncreaseDecreaseGrossOfTax' xlink:type='locator' />
<link:loc xlink:href='../elts/us-gaap-2011-01-31.xsd#us-gaap_TranslationAdjustmentForNetInvestmentHedgeTaxBenefitExpense' xlink:label='loc_TranslationAdjustmentForNetInvestmentHedgeTaxBenefitExpense' xlink:type='locator' />
<link:loc xlink:href='../elts/us-gaap-2011-01-31.xsd#us-gaap_TranslationAdjustmentForNetInvestmentHedgeLossGainOnReclassifiedOfEarningsNetOfTax' xlink:label='loc_TranslationAdjustmentForNetInvestmentHedgeLossGainOnReclassifiedOfEarningsNetOfTax' xlink:type='locator' />
<link:loc xlink:href='../elts/us-gaap-2011-01-31.xsd#us-gaap_TranslationAdjustmentFunctionalToReportingCurrencyNetOfTaxPeriodIncreaseDecrease' xlink:label='loc_TranslationAdjustmentFunctionalToReportingCurrencyNetOfTaxPeriodIncreaseDecrease' xlink:type='locator' />
<link:loc xlink:href='../elts/us-gaap-2011-01-31.xsd#us-gaap_TranslationAdjustmentFunctionalToReportingCurrencyIncreaseDecreaseGrossOfTax' xlink:label='loc_TranslationAdjustmentFunctionalToReportingCurrencyIncreaseDecreaseGrossOfTax' xlink:type='locator' />
<link:loc xlink:href='../elts/us-gaap-2011-01-31.xsd#us-gaap_TranslationAdjustmentFunctionalToReportingCurrencyTaxBenefitExpense' xlink:label='loc_TranslationAdjustmentFunctionalToReportingCurrencyTaxBenefitExpense' xlink:type='locator' />
<link:loc xlink:href='../elts/us-gaap-2011-01-31.xsd#us-gaap_TranslationAdjustmentFunctionalToReportingCurrencyLossGainOnReclassifiedOfEarningsNetOfTax' xlink:label='loc_TranslationAdjustmentFunctionalToReportingCurrencyLossGainOnReclassifiedOfEarningsNetOfTax' xlink:type='locator' />
<link:loc xlink:href='../elts/us-gaap-2011-01-31.xsd#us-gaap_ForeignCurrencyTransactionGainLossBeforeTax' xlink:label='loc_ForeignCurrencyTransactionGainLossBeforeTax' xlink:type='locator' />
<link:loc xlink:href='../elts/us-gaap-2011-01-31.xsd#us-gaap_ForeignCurrencyTransactionGainBeforeTax' xlink:label='loc_ForeignCurrencyTransactionGainBeforeTax' xlink:type='locator' />
<link:loc xlink:href='../elts/us-gaap-2011-01-31.xsd#us-gaap_ForeignCurrencyTransactionLossBeforeTax' xlink:label='loc_ForeignCurrencyTransactionLossBeforeTax' xlink:type='locator' />
<calculationArc order='10' use='optional' weight='1.0' xlink:arcrole='http://www.xbrl.org/2003/arcrole/summation-item' xlink:from='loc_AdjustmentForLongTermIntercompanyTransactionsNetOfTax' xlink:to='loc_AdjustmentForLongTermIntercompanyTransactionsGrossOfTax' xlink:type='arc' />
<calculationArc order='20' use='optional' weight='1.0' xlink:arcrole='http://www.xbrl.org/2003/arcrole/summation-item' xlink:from='loc_AdjustmentForLongTermIntercompanyTransactionsNetOfTax' xlink:to='loc_AdjustmentForLongTermIntercompanyTransactionsTaxBenefitExpense' xlink:type='arc' />
<calculationArc order='10' weight='1.0' xlink:arcrole='http://www.xbrl.org/2003/arcrole/summation-item' xlink:from='loc_CumulativeTranslationAdjustmentNetOfTaxPeriodIncreaseDecrease' xlink:to='loc_OtherComprehensiveIncomeForeignCurrencyTransactionAndTranslationGainLossBeforeReclassificationAndTax' xlink:type='arc' />
<calculationArc order='20' weight='-1.0' xlink:arcrole='http://www.xbrl.org/2003/arcrole/summation-item' xlink:from='loc_CumulativeTranslationAdjustmentNetOfTaxPeriodIncreaseDecrease' xlink:to='loc_OtherComprehensiveIncomeForeignCurrencyTranslationGainLossArisingDuringPeriodTax' xlink:type='arc' />
<calculationArc order='30' weight='-1.0' xlink:arcrole='http://www.xbrl.org/2003/arcrole/summation-item' xlink:from='loc_CumulativeTranslationAdjustmentNetOfTaxPeriodIncreaseDecrease' xlink:to='loc_OtherComprehensiveIncomeForeignCurrencyTransactionAndTranslationReclassificationAdjustmentRealizedUponSaleOrLiquidationNetOfTax' xlink:type='arc' />
<calculationArc order='10' weight='1.0' xlink:arcrole='http://www.xbrl.org/2003/arcrole/summation-item' xlink:from='loc_OtherComprehensiveIncomeForeignCurrencyTransactionAndTranslationAdjustmentBeforeTaxPeriodIncreaseDecrease' xlink:to='loc_OtherComprehensiveIncomeForeignCurrencyTransactionAndTranslationGainLossBeforeReclassificationAndTax' xlink:type='arc' />
<calculationArc order='20' weight='-1.0' xlink:arcrole='http://www.xbrl.org/2003/arcrole/summation-item' xlink:from='loc_OtherComprehensiveIncomeForeignCurrencyTransactionAndTranslationAdjustmentBeforeTaxPeriodIncreaseDecrease' xlink:to='loc_OtherComprehensiveIncomeForeignCurrencyTransactionAndTranslationReclassificationAdjustmentRealizedUponSaleOrLiquidationBeforeTax' xlink:type='arc' />
<calculationArc order='10' use='optional' weight='1.0' xlink:arcrole='http://www.xbrl.org/2003/arcrole/summation-item' xlink:from='loc_TranslationAdjustmentForNetInvestmentHedgeNetOfTaxPeriodIncreaseDecrease' xlink:to='loc_TranslationAdjustmentForNetInvestmentHedgeIncreaseDecreaseGrossOfTax' xlink:type='arc' />
<calculationArc order='20' use='optional' weight='1.0' xlink:arcrole='http://www.xbrl.org/2003/arcrole/summation-item' xlink:from='loc_TranslationAdjustmentForNetInvestmentHedgeNetOfTaxPeriodIncreaseDecrease' xlink:to='loc_TranslationAdjustmentForNetInvestmentHedgeTaxBenefitExpense' xlink:type='arc' />
<calculationArc order='30' use='optional' weight='1.0' xlink:arcrole='http://www.xbrl.org/2003/arcrole/summation-item' xlink:from='loc_TranslationAdjustmentForNetInvestmentHedgeNetOfTaxPeriodIncreaseDecrease' xlink:to='loc_TranslationAdjustmentForNetInvestmentHedgeLossGainOnReclassifiedOfEarningsNetOfTax' xlink:type='arc' />
<calculationArc order='10' use='optional' weight='1.0' xlink:arcrole='http://www.xbrl.org/2003/arcrole/summation-item' xlink:from='loc_TranslationAdjustmentFunctionalToReportingCurrencyNetOfTaxPeriodIncreaseDecrease' xlink:to='loc_TranslationAdjustmentFunctionalToReportingCurrencyIncreaseDecreaseGrossOfTax' xlink:type='arc' />
<calculationArc order='20' use='optional' weight='1.0' xlink:arcrole='http://www.xbrl.org/2003/arcrole/summation-item' xlink:from='loc_TranslationAdjustmentFunctionalToReportingCurrencyNetOfTaxPeriodIncreaseDecrease' xlink:to='loc_TranslationAdjustmentFunctionalToReportingCurrencyTaxBenefitExpense' xlink:type='arc' />
<calculationArc order='30' use='optional' weight='1.0' xlink:arcrole='http://www.xbrl.org/2003/arcrole/summation-item' xlink:from='loc_TranslationAdjustmentFunctionalToReportingCurrencyNetOfTaxPeriodIncreaseDecrease' xlink:to='loc_TranslationAdjustmentFunctionalToReportingCurrencyLossGainOnReclassifiedOfEarningsNetOfTax' xlink:type='arc' />
<calculationArc order='10' weight='1.0' xlink:arcrole='http://www.xbrl.org/2003/arcrole/summation-item' xlink:from='loc_ForeignCurrencyTransactionGainLossBeforeTax' xlink:to='loc_ForeignCurrencyTransactionGainBeforeTax' xlink:type='arc' />
<calculationArc order='20' weight='-1.0' xlink:arcrole='http://www.xbrl.org/2003/arcrole/summation-item' xlink:from='loc_ForeignCurrencyTransactionGainLossBeforeTax' xlink:to='loc_ForeignCurrencyTransactionLossBeforeTax' xlink:type='arc' />
</calculationLink>
</link:linkbase>
