<?xml version="1.0" encoding="UTF-8" standalone="no"?>

<!--
(c) XBRL US, Inc. 2007-2010; Financial Accounting Foundation, Inc. 2010-2011.  All Rights Reserved.
Notice: Authorized Uses are Set Forth at http://xbrl.fasb.org/terms/TaxonomiesTermsConditions.html
  -->
<link:linkbase xmlns:link='http://www.xbrl.org/2003/linkbase' xmlns:xlink='http://www.w3.org/1999/xlink' xmlns:xsi='http://www.w3.org/2001/XMLSchema-instance' xsi:schemaLocation='http://www.xbrl.org/2003/linkbase http://www.xbrl.org/2003/xbrl-linkbase-2003-12-31.xsd'>
<link:roleRef roleURI='http://fasb.org/us-gaap/role/disclosure/Contractors' xlink:href='../elts/us-roles-2011-01-31.xsd#con' xlink:type='simple' />
<presentationLink xlink:role='http://fasb.org/us-gaap/role/disclosure/Contractors' xlink:type='extended' xmlns='http://www.xbrl.org/2003/linkbase'>
<link:loc xlink:href='../elts/us-gaap-2011-01-31.xsd#us-gaap_ContractorsAbstract' xlink:label='loc_ContractorsAbstract' xlink:type='locator' />
<link:loc xlink:href='../elts/us-gaap-2011-01-31.xsd#us-gaap_LongTermContractsOrProgramsDisclosureTextBlock' xlink:label='loc_LongTermContractsOrProgramsDisclosureTextBlock' xlink:type='locator' />
<link:loc xlink:href='../elts/us-gaap-2011-01-31.xsd#us-gaap_ReceivablesLongTermContractsOrProgramsAbstract' xlink:label='loc_ReceivablesLongTermContractsOrProgramsAbstract' xlink:type='locator' />
<link:loc xlink:href='../elts/us-gaap-2011-01-31.xsd#us-gaap_CustomerAdvancesAndProgressPaymentsForLongTermContractsOrPrograms' xlink:label='loc_CustomerAdvancesAndProgressPaymentsForLongTermContractsOrPrograms' xlink:type='locator' />
<link:loc xlink:href='../elts/us-gaap-2011-01-31.xsd#us-gaap_ContractReceivableRetainageAbstract' xlink:label='loc_ContractReceivableRetainageAbstract' xlink:type='locator' />
<link:loc xlink:href='../elts/us-gaap-2011-01-31.xsd#us-gaap_ContractReceivableRetainageDueOneYearOrLess' xlink:label='loc_ContractReceivableRetainageDueOneYearOrLess' xlink:type='locator' />
<link:loc xlink:href='../elts/us-gaap-2011-01-31.xsd#us-gaap_ContractReceivableRetainageDueAfterOneYearAbstract' xlink:label='loc_ContractReceivableRetainageDueAfterOneYearAbstract' xlink:type='locator' />
<link:loc xlink:href='../elts/us-gaap-2011-01-31.xsd#us-gaap_ContractReceivableRetainageDueOneToTwoYears' xlink:label='loc_ContractReceivableRetainageDueOneToTwoYears' xlink:type='locator' />
<link:loc xlink:href='../elts/us-gaap-2011-01-31.xsd#us-gaap_ContractReceivableRetainageDueTwoToThreeYears' xlink:label='loc_ContractReceivableRetainageDueTwoToThreeYears' xlink:type='locator' />
<link:loc xlink:href='../elts/us-gaap-2011-01-31.xsd#us-gaap_ContractReceivableRetainageDueThreeToFourYears' xlink:label='loc_ContractReceivableRetainageDueThreeToFourYears' xlink:type='locator' />
<link:loc xlink:href='../elts/us-gaap-2011-01-31.xsd#us-gaap_ContractReceivableRetainageDueFourToFiveYears' xlink:label='loc_ContractReceivableRetainageDueFourToFiveYears' xlink:type='locator' />
<link:loc xlink:href='../elts/us-gaap-2011-01-31.xsd#us-gaap_ContractReceivableRetainageDueFiveYearsOrMore' xlink:label='loc_ContractReceivableRetainageDueFiveYearsOrMore' xlink:type='locator' />
<link:loc xlink:href='../elts/us-gaap-2011-01-31.xsd#us-gaap_ContractReceivableRetainageDueAfterOneYear' xlink:label='loc_ContractReceivableRetainageDueAfterOneYear' xlink:type='locator' />
<link:loc xlink:href='../elts/us-gaap-2011-01-31.xsd#us-gaap_ContractReceivableRetainage' xlink:label='loc_ContractReceivableRetainage' xlink:type='locator' />
<link:loc xlink:href='../elts/us-gaap-2011-01-31.xsd#us-gaap_ContractReceivableRetainageDescription' xlink:label='loc_ContractReceivableRetainageDescription' xlink:type='locator' />
<link:loc xlink:href='../elts/us-gaap-2011-01-31.xsd#us-gaap_CostsInExcessOfBillingsOnUncompletedContractsOrProgramsAbstract' xlink:label='loc_CostsInExcessOfBillingsOnUncompletedContractsOrProgramsAbstract' xlink:type='locator' />
<link:loc xlink:href='../elts/us-gaap-2011-01-31.xsd#us-gaap_CostsInExcessOfBillingsOnUncompletedContractsOrProgramsExpectedToBeCollectedWithinOneYear' xlink:label='loc_CostsInExcessOfBillingsOnUncompletedContractsOrProgramsExpectedToBeCollectedWithinOneYear' xlink:type='locator' />
<link:loc xlink:href='../elts/us-gaap-2011-01-31.xsd#us-gaap_CostsInExcessOfBillingsOnUncompletedContractsOrProgramsExpectedToBeCollectedAfterOneYear' xlink:label='loc_CostsInExcessOfBillingsOnUncompletedContractsOrProgramsExpectedToBeCollectedAfterOneYear' xlink:type='locator' />
<link:loc xlink:href='../elts/us-gaap-2011-01-31.xsd#us-gaap_CostsInExcessOfBillingsOnUncompletedContractsOrPrograms' xlink:label='loc_CostsInExcessOfBillingsOnUncompletedContractsOrPrograms' xlink:type='locator' />
<link:loc xlink:href='../elts/us-gaap-2011-01-31.xsd#us-gaap_ReceivablesLongTermContractsOrPrograms' xlink:label='loc_ReceivablesLongTermContractsOrPrograms' xlink:type='locator' />
<link:loc xlink:href='../elts/us-gaap-2011-01-31.xsd#us-gaap_ContractReceivableAbstract' xlink:label='loc_ContractReceivableAbstract' xlink:type='locator' />
<link:loc xlink:href='../elts/us-gaap-2011-01-31.xsd#us-gaap_ContractReceivableDueOneYearOrLess' xlink:label='loc_ContractReceivableDueOneYearOrLess' xlink:type='locator' />
<link:loc xlink:href='../elts/us-gaap-2011-01-31.xsd#us-gaap_ContractReceivableDueAfterOneYearAbstract' xlink:label='loc_ContractReceivableDueAfterOneYearAbstract' xlink:type='locator' />
<link:loc xlink:href='../elts/us-gaap-2011-01-31.xsd#us-gaap_ContractReceivableDueOneToTwoYears' xlink:label='loc_ContractReceivableDueOneToTwoYears' xlink:type='locator' />
<link:loc xlink:href='../elts/us-gaap-2011-01-31.xsd#us-gaap_ContractReceivableDueTwoToThreeYears' xlink:label='loc_ContractReceivableDueTwoToThreeYears' xlink:type='locator' />
<link:loc xlink:href='../elts/us-gaap-2011-01-31.xsd#us-gaap_ContractReceivableDueThreeToFourYears' xlink:label='loc_ContractReceivableDueThreeToFourYears' xlink:type='locator' />
<link:loc xlink:href='../elts/us-gaap-2011-01-31.xsd#us-gaap_ContractReceivableDueFourToFiveYears' xlink:label='loc_ContractReceivableDueFourToFiveYears' xlink:type='locator' />
<link:loc xlink:href='../elts/us-gaap-2011-01-31.xsd#us-gaap_ContractReceivableDueFiveYearsOrMore' xlink:label='loc_ContractReceivableDueFiveYearsOrMore' xlink:type='locator' />
<link:loc xlink:href='../elts/us-gaap-2011-01-31.xsd#us-gaap_ContractReceivableDueAfterOneYear' xlink:label='loc_ContractReceivableDueAfterOneYear' xlink:type='locator' />
<link:loc xlink:href='../elts/us-gaap-2011-01-31.xsd#us-gaap_AccountsReceivableBilledForLongTermContractsOrPrograms' xlink:label='loc_AccountsReceivableBilledForLongTermContractsOrPrograms' xlink:type='locator' />
<link:loc xlink:href='../elts/us-gaap-2011-01-31.xsd#us-gaap_ContractReceivableDueAfterOneYearLowestInterestRate' xlink:label='loc_ContractReceivableDueAfterOneYearLowestInterestRate' xlink:type='locator' />
<link:loc xlink:href='../elts/us-gaap-2011-01-31.xsd#us-gaap_ContractReceivableDueAfterOneYearHighestInterestRate' xlink:label='loc_ContractReceivableDueAfterOneYearHighestInterestRate' xlink:type='locator' />
<link:loc xlink:href='../elts/us-gaap-2011-01-31.xsd#us-gaap_ContractReceivableDueAfterOneYearWeightedAverageInterestRate' xlink:label='loc_ContractReceivableDueAfterOneYearWeightedAverageInterestRate' xlink:type='locator' />
<link:loc xlink:href='../elts/us-gaap-2011-01-31.xsd#us-gaap_UnbilledReceivablesNotBillableAtBalanceSheetDateAbstract' xlink:label='loc_UnbilledReceivablesNotBillableAtBalanceSheetDateAbstract' xlink:type='locator' />
<link:loc xlink:href='../elts/us-gaap-2011-01-31.xsd#us-gaap_UnbilledReceivablesNotBillableAtBalanceSheetDateAmountExpectedToBeCollectedWithinOneYear' xlink:label='loc_UnbilledReceivablesNotBillableAtBalanceSheetDateAmountExpectedToBeCollectedWithinOneYear' xlink:type='locator' />
<link:loc xlink:href='../elts/us-gaap-2011-01-31.xsd#us-gaap_UnbilledReceivablesNotBillableAtBalanceSheetDateAmountExpectedToBeCollectedAfterOneYear' xlink:label='loc_UnbilledReceivablesNotBillableAtBalanceSheetDateAmountExpectedToBeCollectedAfterOneYear' xlink:type='locator' />
<link:loc xlink:href='../elts/us-gaap-2011-01-31.xsd#us-gaap_UnbilledReceivablesNotBillableAtBalanceSheetDate' xlink:label='loc_UnbilledReceivablesNotBillableAtBalanceSheetDate' xlink:type='locator' />
<link:loc xlink:href='../elts/us-gaap-2011-01-31.xsd#us-gaap_UnbilledReceivablesNotBillableAtBalanceSheetDateDescriptionOfPrerequisitesForBillings' xlink:label='loc_UnbilledReceivablesNotBillableAtBalanceSheetDateDescriptionOfPrerequisitesForBillings' xlink:type='locator' />
<link:loc xlink:href='../elts/us-gaap-2011-01-31.xsd#us-gaap_BilledAndUnbilledContractClaimsSubjectToUncertaintyAbstract' xlink:label='loc_BilledAndUnbilledContractClaimsSubjectToUncertaintyAbstract' xlink:type='locator' />
<link:loc xlink:href='../elts/us-gaap-2011-01-31.xsd#us-gaap_ContractClaimsDescription' xlink:label='loc_ContractClaimsDescription' xlink:type='locator' />
<link:loc xlink:href='../elts/us-gaap-2011-01-31.xsd#us-gaap_UnapprovedChangeOrdersDescription' xlink:label='loc_UnapprovedChangeOrdersDescription' xlink:type='locator' />
<link:loc xlink:href='../elts/us-gaap-2011-01-31.xsd#us-gaap_UnapprovedChangeOrdersAmount' xlink:label='loc_UnapprovedChangeOrdersAmount' xlink:type='locator' />
<link:loc xlink:href='../elts/us-gaap-2011-01-31.xsd#us-gaap_CommitmentsToCompleteContractsInProcess' xlink:label='loc_CommitmentsToCompleteContractsInProcess' xlink:type='locator' />
<link:loc xlink:href='../elts/us-gaap-2011-01-31.xsd#us-gaap_ContractsReceivableClaimsAndUncertainAmountsAbstract' xlink:label='loc_ContractsReceivableClaimsAndUncertainAmountsAbstract' xlink:type='locator' />
<link:loc xlink:href='../elts/us-gaap-2011-01-31.xsd#us-gaap_ContractsReceivableClaimsAndUncertainAmountsExpectedToBeCollectedWithinOneYear' xlink:label='loc_ContractsReceivableClaimsAndUncertainAmountsExpectedToBeCollectedWithinOneYear' xlink:type='locator' />
<link:loc xlink:href='../elts/us-gaap-2011-01-31.xsd#us-gaap_ContractsReceivableClaimsAndUncertainAmountsExpectedToBeCollectedAfterOneYear' xlink:label='loc_ContractsReceivableClaimsAndUncertainAmountsExpectedToBeCollectedAfterOneYear' xlink:type='locator' />
<link:loc xlink:href='../elts/us-gaap-2011-01-31.xsd#us-gaap_ContractsReceivableClaimsAndUncertainAmounts' xlink:label='loc_ContractsReceivableClaimsAndUncertainAmounts' xlink:type='locator' />
<link:loc xlink:href='../elts/us-gaap-2011-01-31.xsd#us-gaap_AccountsReceivableUnapprovedContractClaimsAmountAbstract' xlink:label='loc_AccountsReceivableUnapprovedContractClaimsAmountAbstract' xlink:type='locator' />
<link:loc xlink:href='../elts/us-gaap-2011-01-31.xsd#us-gaap_AccountsReceivableUnapprovedContractClaimsAmountExpectedToBeCollectedAfterOneYear' xlink:label='loc_AccountsReceivableUnapprovedContractClaimsAmountExpectedToBeCollectedAfterOneYear' xlink:type='locator' />
<link:loc xlink:href='../elts/us-gaap-2011-01-31.xsd#us-gaap_AccountsReceivableUnapprovedContractClaimsAmountExpectedToBeCollectedWithinOneYear' xlink:label='loc_AccountsReceivableUnapprovedContractClaimsAmountExpectedToBeCollectedWithinOneYear' xlink:type='locator' />
<link:loc xlink:href='../elts/us-gaap-2011-01-31.xsd#us-gaap_AccountsReceivableUnapprovedContractClaims' xlink:label='loc_AccountsReceivableUnapprovedContractClaims' xlink:type='locator' />
<link:loc xlink:href='../elts/us-gaap-2011-01-31.xsd#us-gaap_UnbilledChangeOrdersAbstract' xlink:label='loc_UnbilledChangeOrdersAbstract' xlink:type='locator' />
<link:loc xlink:href='../elts/us-gaap-2011-01-31.xsd#us-gaap_UnbilledChangeOrdersAmountExpectedToBeCollectedWithinOneYear' xlink:label='loc_UnbilledChangeOrdersAmountExpectedToBeCollectedWithinOneYear' xlink:type='locator' />
<link:loc xlink:href='../elts/us-gaap-2011-01-31.xsd#us-gaap_UnbilledChangeOrdersAmountExpectedToBeCollectedAfterOneYear' xlink:label='loc_UnbilledChangeOrdersAmountExpectedToBeCollectedAfterOneYear' xlink:type='locator' />
<link:loc xlink:href='../elts/us-gaap-2011-01-31.xsd#us-gaap_UnbilledChangeOrders' xlink:label='loc_UnbilledChangeOrders' xlink:type='locator' />
<link:loc xlink:href='../elts/us-gaap-2011-01-31.xsd#us-gaap_LossOnContractTermination' xlink:label='loc_LossOnContractTermination' xlink:type='locator' />
<link:loc xlink:href='../elts/us-gaap-2011-01-31.xsd#us-gaap_LossOnContractTerminationForDefault' xlink:label='loc_LossOnContractTerminationForDefault' xlink:type='locator' />
<link:loc xlink:href='../elts/us-gaap-2011-01-31.xsd#us-gaap_GovernmentalContractsSubjectToRenegotiationAbstract' xlink:label='loc_GovernmentalContractsSubjectToRenegotiationAbstract' xlink:type='locator' />
<link:loc xlink:href='../elts/us-gaap-2011-01-31.xsd#us-gaap_GovernmentalContractsSubjectToRenegotiation' xlink:label='loc_GovernmentalContractsSubjectToRenegotiation' xlink:type='locator' />
<link:loc xlink:href='../elts/us-gaap-2011-01-31.xsd#us-gaap_RefundsDueUnderGovernmentContracts' xlink:label='loc_RefundsDueUnderGovernmentContracts' xlink:type='locator' />
<link:loc xlink:href='../elts/us-gaap-2011-01-31.xsd#us-gaap_RefundsDueUnderGovernmentContractsNotReasonablyEstimable' xlink:label='loc_RefundsDueUnderGovernmentContractsNotReasonablyEstimable' xlink:type='locator' />
<link:loc xlink:href='../elts/us-gaap-2011-01-31.xsd#us-gaap_BasisOfProvisionForRefundsUnderGovernmentContracts' xlink:label='loc_BasisOfProvisionForRefundsUnderGovernmentContracts' xlink:type='locator' />
<link:loc xlink:href='../elts/us-gaap-2011-01-31.xsd#us-gaap_GovernmentContractorsSubcontractAndSpecialEquipmentCostNatureOfTransaction' xlink:label='loc_GovernmentContractorsSubcontractAndSpecialEquipmentCostNatureOfTransaction' xlink:type='locator' />
<link:loc xlink:href='../elts/us-gaap-2011-01-31.xsd#us-gaap_ContractTerminationClaimsAndLoansAbstract' xlink:label='loc_ContractTerminationClaimsAndLoansAbstract' xlink:type='locator' />
<link:loc xlink:href='../elts/us-gaap-2011-01-31.xsd#us-gaap_ContractTerminationClaimsDescription' xlink:label='loc_ContractTerminationClaimsDescription' xlink:type='locator' />
<link:loc xlink:href='../elts/us-gaap-2011-01-31.xsd#us-gaap_ContractTerminationClaimsUSFederalGovernment' xlink:label='loc_ContractTerminationClaimsUSFederalGovernment' xlink:type='locator' />
<link:loc xlink:href='../elts/us-gaap-2011-01-31.xsd#us-gaap_ContractTerminationClaimsGovernmentsOtherThanUSFederalGovernment' xlink:label='loc_ContractTerminationClaimsGovernmentsOtherThanUSFederalGovernment' xlink:type='locator' />
<link:loc xlink:href='../elts/us-gaap-2011-01-31.xsd#us-gaap_TerminationLoansDescription' xlink:label='loc_TerminationLoansDescription' xlink:type='locator' />
<link:loc xlink:href='../elts/us-gaap-2011-01-31.xsd#us-gaap_TerminationLoans' xlink:label='loc_TerminationLoans' xlink:type='locator' />
<link:loc xlink:href='../elts/us-gaap-2011-01-31.xsd#us-gaap_GovernmentInvestigationIntoIllegalOrUnethicalActivityInGovernmentContracts' xlink:label='loc_GovernmentInvestigationIntoIllegalOrUnethicalActivityInGovernmentContracts' xlink:type='locator' />
<link:loc xlink:href='../elts/us-gaap-2011-01-31.xsd#us-gaap_GovernmentContractReceivable' xlink:label='loc_GovernmentContractReceivable' xlink:type='locator' />
<link:loc xlink:href='../elts/us-gaap-2011-01-31.xsd#us-gaap_GovernmentContractReceivableUnbilledAmounts' xlink:label='loc_GovernmentContractReceivableUnbilledAmounts' xlink:type='locator' />
<link:loc xlink:href='../elts/us-gaap-2011-01-31.xsd#us-gaap_InventoryForLongTermContractsOrProgramsAbstract' xlink:label='loc_InventoryForLongTermContractsOrProgramsAbstract' xlink:type='locator' />
<link:loc xlink:href='../elts/us-gaap-2011-01-31.xsd#us-gaap_InventoryForLongTermContractsOrProgramsDescription' xlink:label='loc_InventoryForLongTermContractsOrProgramsDescription' xlink:type='locator' />
<link:loc xlink:href='../elts/us-gaap-2011-01-31.xsd#us-gaap_InventoryForLongTermContractsOrPrograms' xlink:label='loc_InventoryForLongTermContractsOrPrograms' xlink:type='locator' />
<link:loc xlink:href='../elts/us-gaap-2011-01-31.xsd#us-gaap_PrincipalAssumptionsWhereAverageCostPerUnitIsUsed' xlink:label='loc_PrincipalAssumptionsWhereAverageCostPerUnitIsUsed' xlink:type='locator' />
<link:loc xlink:href='../elts/us-gaap-2011-01-31.xsd#us-gaap_InventoryForLongTermContractsOrProgramsGeneralAndAdministrativeCostsIncludedInInventory' xlink:label='loc_InventoryForLongTermContractsOrProgramsGeneralAndAdministrativeCostsIncludedInInventory' xlink:type='locator' />
<link:loc xlink:href='../elts/us-gaap-2011-01-31.xsd#us-gaap_InventoryForLongTermContractsOrProgramsGeneralAndAdministrativeExpenseIncurred' xlink:label='loc_InventoryForLongTermContractsOrProgramsGeneralAndAdministrativeExpenseIncurred' xlink:type='locator' />
<link:loc xlink:href='../elts/us-gaap-2011-01-31.xsd#us-gaap_InventoryAmountUnpricedChangeOrdersForLongTermContractsOrPrograms' xlink:label='loc_InventoryAmountUnpricedChangeOrdersForLongTermContractsOrPrograms' xlink:type='locator' />
<link:loc xlink:href='../elts/us-gaap-2011-01-31.xsd#us-gaap_InventoryDescriptionUnpricedChangeOrdersForLongTermContractsOrProgram' xlink:label='loc_InventoryDescriptionUnpricedChangeOrdersForLongTermContractsOrProgram' xlink:type='locator' />
<link:loc xlink:href='../elts/us-gaap-2011-01-31.xsd#us-gaap_ProgressPaymentsNettedAgainstInventoryForLongTermContractsOrPrograms' xlink:label='loc_ProgressPaymentsNettedAgainstInventoryForLongTermContractsOrPrograms' xlink:type='locator' />
<link:loc xlink:href='../elts/us-gaap-2011-01-31.xsd#us-gaap_UnrecoveredProductionCostsExcessOfEstimatedAverageUnitCost' xlink:label='loc_UnrecoveredProductionCostsExcessOfEstimatedAverageUnitCost' xlink:type='locator' />
<link:loc xlink:href='../elts/us-gaap-2011-01-31.xsd#us-gaap_UnrecoveredProductionCostsExcessUnrecoverableUnderExistingFirmOrders' xlink:label='loc_UnrecoveredProductionCostsExcessUnrecoverableUnderExistingFirmOrders' xlink:type='locator' />
<link:loc xlink:href='../elts/us-gaap-2011-01-31.xsd#us-gaap_DescriptionOfDeferredCostsRelatedToLongTermContracts' xlink:label='loc_DescriptionOfDeferredCostsRelatedToLongTermContracts' xlink:type='locator' />
<link:loc xlink:href='../elts/us-gaap-2011-01-31.xsd#us-gaap_AmountOfDeferredCostsRelatedToLongTermContracts' xlink:label='loc_AmountOfDeferredCostsRelatedToLongTermContracts' xlink:type='locator' />
<link:loc xlink:href='../elts/us-gaap-2011-01-31.xsd#us-gaap_LiabilitiesForLongTermContractsOrProgramsAbstract' xlink:label='loc_LiabilitiesForLongTermContractsOrProgramsAbstract' xlink:type='locator' />
<link:loc xlink:href='../elts/us-gaap-2011-01-31.xsd#us-gaap_ProvisionForLossOnContracts' xlink:label='loc_ProvisionForLossOnContracts' xlink:type='locator' />
<link:loc xlink:href='../elts/us-gaap-2011-01-31.xsd#us-gaap_BillingsInExcessOfCostAbstract' xlink:label='loc_BillingsInExcessOfCostAbstract' xlink:type='locator' />
<link:loc xlink:href='../elts/us-gaap-2011-01-31.xsd#us-gaap_BillingsInExcessOfCostCurrent' xlink:label='loc_BillingsInExcessOfCostCurrent' xlink:type='locator' />
<link:loc xlink:href='../elts/us-gaap-2011-01-31.xsd#us-gaap_BillingsInExcessOfCostNoncurrent' xlink:label='loc_BillingsInExcessOfCostNoncurrent' xlink:type='locator' />
<link:loc xlink:href='../elts/us-gaap-2011-01-31.xsd#us-gaap_BillingsInExcessOfCost' xlink:label='loc_BillingsInExcessOfCost' xlink:type='locator' />
<link:loc xlink:href='../elts/us-gaap-2011-01-31.xsd#us-gaap_AdvancesReceivedOnGovernmentContractsNotNettedAgainstAccountsReceivable' xlink:label='loc_AdvancesReceivedOnGovernmentContractsNotNettedAgainstAccountsReceivable' xlink:type='locator' />
<link:loc xlink:href='../elts/us-gaap-2011-01-31.xsd#us-gaap_RetentionPayableAbstract' xlink:label='loc_RetentionPayableAbstract' xlink:type='locator' />
<link:loc xlink:href='../elts/us-gaap-2011-01-31.xsd#us-gaap_RetentionPayableDueOneYearOrLess' xlink:label='loc_RetentionPayableDueOneYearOrLess' xlink:type='locator' />
<link:loc xlink:href='../elts/us-gaap-2011-01-31.xsd#us-gaap_RetentionPayableDueAfterOneYearAbstract' xlink:label='loc_RetentionPayableDueAfterOneYearAbstract' xlink:type='locator' />
<link:loc xlink:href='../elts/us-gaap-2011-01-31.xsd#us-gaap_RetentionPayableDueOneToTwoYears' xlink:label='loc_RetentionPayableDueOneToTwoYears' xlink:type='locator' />
<link:loc xlink:href='../elts/us-gaap-2011-01-31.xsd#us-gaap_RetentionPayableDueTwoToThreeYears' xlink:label='loc_RetentionPayableDueTwoToThreeYears' xlink:type='locator' />
<link:loc xlink:href='../elts/us-gaap-2011-01-31.xsd#us-gaap_RetentionPayableDueThreeToFourYears' xlink:label='loc_RetentionPayableDueThreeToFourYears' xlink:type='locator' />
<link:loc xlink:href='../elts/us-gaap-2011-01-31.xsd#us-gaap_RetentionPayableDueFourToFiveYears' xlink:label='loc_RetentionPayableDueFourToFiveYears' xlink:type='locator' />
<link:loc xlink:href='../elts/us-gaap-2011-01-31.xsd#us-gaap_RetentionPayableDueFiveYearsOrMore' xlink:label='loc_RetentionPayableDueFiveYearsOrMore' xlink:type='locator' />
<link:loc xlink:href='../elts/us-gaap-2011-01-31.xsd#us-gaap_RetentionPayableDueAfterOneYear' xlink:label='loc_RetentionPayableDueAfterOneYear' xlink:type='locator' />
<link:loc xlink:href='../elts/us-gaap-2011-01-31.xsd#us-gaap_RetentionPayable' xlink:label='loc_RetentionPayable' xlink:type='locator' />
<link:loc xlink:href='../elts/us-gaap-2011-01-31.xsd#us-gaap_PreproductionCostsRelatedToLongTermSupplyArrangementsAbstract' xlink:label='loc_PreproductionCostsRelatedToLongTermSupplyArrangementsAbstract' xlink:type='locator' />
<link:loc xlink:href='../elts/us-gaap-2011-01-31.xsd#us-gaap_PreproductionCostsRelatedToLongTermSupplyArrangementsDisclosures' xlink:label='loc_PreproductionCostsRelatedToLongTermSupplyArrangementsDisclosures' xlink:type='locator' />
<link:loc xlink:href='../elts/us-gaap-2011-01-31.xsd#us-gaap_PreproductionCostsRelatedToLongTermSupplyArrangementsCostsCapitalized' xlink:label='loc_PreproductionCostsRelatedToLongTermSupplyArrangementsCostsCapitalized' xlink:type='locator' />
<link:loc xlink:href='../elts/us-gaap-2011-01-31.xsd#us-gaap_PreproductionCostsRelatedToLongTermSupplyArrangementsAssetForMoldsDiesAndToolsOwned' xlink:label='loc_PreproductionCostsRelatedToLongTermSupplyArrangementsAssetForMoldsDiesAndToolsOwned' xlink:type='locator' />
<link:loc xlink:href='../elts/us-gaap-2011-01-31.xsd#us-gaap_PreproductionCostsRelatedToLongTermSupplyArrangementsAssetForMoldsDiesAndToolsNotOwned' xlink:label='loc_PreproductionCostsRelatedToLongTermSupplyArrangementsAssetForMoldsDiesAndToolsNotOwned' xlink:type='locator' />
<link:loc xlink:href='../elts/us-gaap-2011-01-31.xsd#us-gaap_PrerequisitesForBillingLongTermContracts' xlink:label='loc_PrerequisitesForBillingLongTermContracts' xlink:type='locator' />
<link:loc xlink:href='../elts/us-gaap-2011-01-31.xsd#us-gaap_GovernmentContractReceivableProgessPaymentsOffset' xlink:label='loc_GovernmentContractReceivableProgessPaymentsOffset' xlink:type='locator' />
<link:loc xlink:href='../elts/us-gaap-2011-01-31.xsd#us-gaap_AdvancePaymentsNettedAgainstClaimReceivable' xlink:label='loc_AdvancePaymentsNettedAgainstClaimReceivable' xlink:type='locator' />
<presentationArc order='10' xlink:arcrole='http://www.xbrl.org/2003/arcrole/parent-child' xlink:from='loc_ContractorsAbstract' xlink:to='loc_LongTermContractsOrProgramsDisclosureTextBlock' xlink:type='arc' />
<presentationArc order='10' use='optional' xlink:arcrole='http://www.xbrl.org/2003/arcrole/parent-child' xlink:from='loc_LongTermContractsOrProgramsDisclosureTextBlock' xlink:to='loc_ReceivablesLongTermContractsOrProgramsAbstract' xlink:type='arc' />
<presentationArc order='10' use='optional' xlink:arcrole='http://www.xbrl.org/2003/arcrole/parent-child' xlink:from='loc_ReceivablesLongTermContractsOrProgramsAbstract' xlink:to='loc_CustomerAdvancesAndProgressPaymentsForLongTermContractsOrPrograms' xlink:type='arc' />
<presentationArc order='20' xlink:arcrole='http://www.xbrl.org/2003/arcrole/parent-child' xlink:from='loc_ReceivablesLongTermContractsOrProgramsAbstract' xlink:to='loc_ContractReceivableRetainageAbstract' xlink:type='arc' />
<presentationArc order='10' xlink:arcrole='http://www.xbrl.org/2003/arcrole/parent-child' xlink:from='loc_ContractReceivableRetainageAbstract' xlink:to='loc_ContractReceivableRetainageDueOneYearOrLess' xlink:type='arc' />
<presentationArc order='20' xlink:arcrole='http://www.xbrl.org/2003/arcrole/parent-child' xlink:from='loc_ContractReceivableRetainageAbstract' xlink:to='loc_ContractReceivableRetainageDueAfterOneYearAbstract' xlink:type='arc' />
<presentationArc order='10' xlink:arcrole='http://www.xbrl.org/2003/arcrole/parent-child' xlink:from='loc_ContractReceivableRetainageDueAfterOneYearAbstract' xlink:to='loc_ContractReceivableRetainageDueOneToTwoYears' xlink:type='arc' />
<presentationArc order='20' xlink:arcrole='http://www.xbrl.org/2003/arcrole/parent-child' xlink:from='loc_ContractReceivableRetainageDueAfterOneYearAbstract' xlink:to='loc_ContractReceivableRetainageDueTwoToThreeYears' xlink:type='arc' />
<presentationArc order='30' xlink:arcrole='http://www.xbrl.org/2003/arcrole/parent-child' xlink:from='loc_ContractReceivableRetainageDueAfterOneYearAbstract' xlink:to='loc_ContractReceivableRetainageDueThreeToFourYears' xlink:type='arc' />
<presentationArc order='40' xlink:arcrole='http://www.xbrl.org/2003/arcrole/parent-child' xlink:from='loc_ContractReceivableRetainageDueAfterOneYearAbstract' xlink:to='loc_ContractReceivableRetainageDueFourToFiveYears' xlink:type='arc' />
<presentationArc order='50' xlink:arcrole='http://www.xbrl.org/2003/arcrole/parent-child' xlink:from='loc_ContractReceivableRetainageDueAfterOneYearAbstract' xlink:to='loc_ContractReceivableRetainageDueFiveYearsOrMore' xlink:type='arc' />
<presentationArc order='60' preferredLabel='http://www.xbrl.org/2003/role/totalLabel' xlink:arcrole='http://www.xbrl.org/2003/arcrole/parent-child' xlink:from='loc_ContractReceivableRetainageDueAfterOneYearAbstract' xlink:to='loc_ContractReceivableRetainageDueAfterOneYear' xlink:type='arc' />
<presentationArc order='30' preferredLabel='http://www.xbrl.org/2003/role/totalLabel' xlink:arcrole='http://www.xbrl.org/2003/arcrole/parent-child' xlink:from='loc_ContractReceivableRetainageAbstract' xlink:to='loc_ContractReceivableRetainage' xlink:type='arc' />
<presentationArc order='30' xlink:arcrole='http://www.xbrl.org/2003/arcrole/parent-child' xlink:from='loc_ReceivablesLongTermContractsOrProgramsAbstract' xlink:to='loc_ContractReceivableRetainageDescription' xlink:type='arc' />
<presentationArc order='40' xlink:arcrole='http://www.xbrl.org/2003/arcrole/parent-child' xlink:from='loc_ReceivablesLongTermContractsOrProgramsAbstract' xlink:to='loc_CostsInExcessOfBillingsOnUncompletedContractsOrProgramsAbstract' xlink:type='arc' />
<presentationArc order='10' xlink:arcrole='http://www.xbrl.org/2003/arcrole/parent-child' xlink:from='loc_CostsInExcessOfBillingsOnUncompletedContractsOrProgramsAbstract' xlink:to='loc_CostsInExcessOfBillingsOnUncompletedContractsOrProgramsExpectedToBeCollectedWithinOneYear' xlink:type='arc' />
<presentationArc order='20' xlink:arcrole='http://www.xbrl.org/2003/arcrole/parent-child' xlink:from='loc_CostsInExcessOfBillingsOnUncompletedContractsOrProgramsAbstract' xlink:to='loc_CostsInExcessOfBillingsOnUncompletedContractsOrProgramsExpectedToBeCollectedAfterOneYear' xlink:type='arc' />
<presentationArc order='30' preferredLabel='http://www.xbrl.org/2003/role/totalLabel' use='optional' xlink:arcrole='http://www.xbrl.org/2003/arcrole/parent-child' xlink:from='loc_CostsInExcessOfBillingsOnUncompletedContractsOrProgramsAbstract' xlink:to='loc_CostsInExcessOfBillingsOnUncompletedContractsOrPrograms' xlink:type='arc' />
<presentationArc order='50' xlink:arcrole='http://www.xbrl.org/2003/arcrole/parent-child' xlink:from='loc_ReceivablesLongTermContractsOrProgramsAbstract' xlink:to='loc_ReceivablesLongTermContractsOrPrograms' xlink:type='arc' />
<presentationArc order='60' xlink:arcrole='http://www.xbrl.org/2003/arcrole/parent-child' xlink:from='loc_ReceivablesLongTermContractsOrProgramsAbstract' xlink:to='loc_ContractReceivableAbstract' xlink:type='arc' />
<presentationArc order='10' xlink:arcrole='http://www.xbrl.org/2003/arcrole/parent-child' xlink:from='loc_ContractReceivableAbstract' xlink:to='loc_ContractReceivableDueOneYearOrLess' xlink:type='arc' />
<presentationArc order='20' xlink:arcrole='http://www.xbrl.org/2003/arcrole/parent-child' xlink:from='loc_ContractReceivableAbstract' xlink:to='loc_ContractReceivableDueAfterOneYearAbstract' xlink:type='arc' />
<presentationArc order='10' xlink:arcrole='http://www.xbrl.org/2003/arcrole/parent-child' xlink:from='loc_ContractReceivableDueAfterOneYearAbstract' xlink:to='loc_ContractReceivableDueOneToTwoYears' xlink:type='arc' />
<presentationArc order='20' xlink:arcrole='http://www.xbrl.org/2003/arcrole/parent-child' xlink:from='loc_ContractReceivableDueAfterOneYearAbstract' xlink:to='loc_ContractReceivableDueTwoToThreeYears' xlink:type='arc' />
<presentationArc order='30' xlink:arcrole='http://www.xbrl.org/2003/arcrole/parent-child' xlink:from='loc_ContractReceivableDueAfterOneYearAbstract' xlink:to='loc_ContractReceivableDueThreeToFourYears' xlink:type='arc' />
<presentationArc order='40' xlink:arcrole='http://www.xbrl.org/2003/arcrole/parent-child' xlink:from='loc_ContractReceivableDueAfterOneYearAbstract' xlink:to='loc_ContractReceivableDueFourToFiveYears' xlink:type='arc' />
<presentationArc order='50' xlink:arcrole='http://www.xbrl.org/2003/arcrole/parent-child' xlink:from='loc_ContractReceivableDueAfterOneYearAbstract' xlink:to='loc_ContractReceivableDueFiveYearsOrMore' xlink:type='arc' />
<presentationArc order='60' preferredLabel='http://www.xbrl.org/2003/role/totalLabel' xlink:arcrole='http://www.xbrl.org/2003/arcrole/parent-child' xlink:from='loc_ContractReceivableDueAfterOneYearAbstract' xlink:to='loc_ContractReceivableDueAfterOneYear' xlink:type='arc' />
<presentationArc order='30' preferredLabel='http://www.xbrl.org/2003/role/totalLabel' xlink:arcrole='http://www.xbrl.org/2003/arcrole/parent-child' xlink:from='loc_ContractReceivableAbstract' xlink:to='loc_AccountsReceivableBilledForLongTermContractsOrPrograms' xlink:type='arc' />
<presentationArc order='70' xlink:arcrole='http://www.xbrl.org/2003/arcrole/parent-child' xlink:from='loc_ReceivablesLongTermContractsOrProgramsAbstract' xlink:to='loc_ContractReceivableDueAfterOneYearLowestInterestRate' xlink:type='arc' />
<presentationArc order='80' xlink:arcrole='http://www.xbrl.org/2003/arcrole/parent-child' xlink:from='loc_ReceivablesLongTermContractsOrProgramsAbstract' xlink:to='loc_ContractReceivableDueAfterOneYearHighestInterestRate' xlink:type='arc' />
<presentationArc order='90' xlink:arcrole='http://www.xbrl.org/2003/arcrole/parent-child' xlink:from='loc_ReceivablesLongTermContractsOrProgramsAbstract' xlink:to='loc_ContractReceivableDueAfterOneYearWeightedAverageInterestRate' xlink:type='arc' />
<presentationArc order='20' xlink:arcrole='http://www.xbrl.org/2003/arcrole/parent-child' xlink:from='loc_LongTermContractsOrProgramsDisclosureTextBlock' xlink:to='loc_UnbilledReceivablesNotBillableAtBalanceSheetDateAbstract' xlink:type='arc' />
<presentationArc order='10' xlink:arcrole='http://www.xbrl.org/2003/arcrole/parent-child' xlink:from='loc_UnbilledReceivablesNotBillableAtBalanceSheetDateAbstract' xlink:to='loc_UnbilledReceivablesNotBillableAtBalanceSheetDateAmountExpectedToBeCollectedWithinOneYear' xlink:type='arc' />
<presentationArc order='20' xlink:arcrole='http://www.xbrl.org/2003/arcrole/parent-child' xlink:from='loc_UnbilledReceivablesNotBillableAtBalanceSheetDateAbstract' xlink:to='loc_UnbilledReceivablesNotBillableAtBalanceSheetDateAmountExpectedToBeCollectedAfterOneYear' xlink:type='arc' />
<presentationArc order='30' preferredLabel='http://www.xbrl.org/2003/role/totalLabel' xlink:arcrole='http://www.xbrl.org/2003/arcrole/parent-child' xlink:from='loc_UnbilledReceivablesNotBillableAtBalanceSheetDateAbstract' xlink:to='loc_UnbilledReceivablesNotBillableAtBalanceSheetDate' xlink:type='arc' />
<presentationArc order='30' xlink:arcrole='http://www.xbrl.org/2003/arcrole/parent-child' xlink:from='loc_LongTermContractsOrProgramsDisclosureTextBlock' xlink:to='loc_UnbilledReceivablesNotBillableAtBalanceSheetDateDescriptionOfPrerequisitesForBillings' xlink:type='arc' />
<presentationArc order='40' use='optional' xlink:arcrole='http://www.xbrl.org/2003/arcrole/parent-child' xlink:from='loc_LongTermContractsOrProgramsDisclosureTextBlock' xlink:to='loc_BilledAndUnbilledContractClaimsSubjectToUncertaintyAbstract' xlink:type='arc' />
<presentationArc order='10' use='optional' xlink:arcrole='http://www.xbrl.org/2003/arcrole/parent-child' xlink:from='loc_BilledAndUnbilledContractClaimsSubjectToUncertaintyAbstract' xlink:to='loc_ContractClaimsDescription' xlink:type='arc' />
<presentationArc order='20' xlink:arcrole='http://www.xbrl.org/2003/arcrole/parent-child' xlink:from='loc_BilledAndUnbilledContractClaimsSubjectToUncertaintyAbstract' xlink:to='loc_UnapprovedChangeOrdersDescription' xlink:type='arc' />
<presentationArc order='30' xlink:arcrole='http://www.xbrl.org/2003/arcrole/parent-child' xlink:from='loc_BilledAndUnbilledContractClaimsSubjectToUncertaintyAbstract' xlink:to='loc_UnapprovedChangeOrdersAmount' xlink:type='arc' />
<presentationArc order='40' xlink:arcrole='http://www.xbrl.org/2003/arcrole/parent-child' xlink:from='loc_BilledAndUnbilledContractClaimsSubjectToUncertaintyAbstract' xlink:to='loc_CommitmentsToCompleteContractsInProcess' xlink:type='arc' />
<presentationArc order='50' xlink:arcrole='http://www.xbrl.org/2003/arcrole/parent-child' xlink:from='loc_BilledAndUnbilledContractClaimsSubjectToUncertaintyAbstract' xlink:to='loc_ContractsReceivableClaimsAndUncertainAmountsAbstract' xlink:type='arc' />
<presentationArc order='10' xlink:arcrole='http://www.xbrl.org/2003/arcrole/parent-child' xlink:from='loc_ContractsReceivableClaimsAndUncertainAmountsAbstract' xlink:to='loc_ContractsReceivableClaimsAndUncertainAmountsExpectedToBeCollectedWithinOneYear' xlink:type='arc' />
<presentationArc order='20' xlink:arcrole='http://www.xbrl.org/2003/arcrole/parent-child' xlink:from='loc_ContractsReceivableClaimsAndUncertainAmountsAbstract' xlink:to='loc_ContractsReceivableClaimsAndUncertainAmountsExpectedToBeCollectedAfterOneYear' xlink:type='arc' />
<presentationArc order='30' preferredLabel='http://www.xbrl.org/2003/role/totalLabel' xlink:arcrole='http://www.xbrl.org/2003/arcrole/parent-child' xlink:from='loc_ContractsReceivableClaimsAndUncertainAmountsAbstract' xlink:to='loc_ContractsReceivableClaimsAndUncertainAmounts' xlink:type='arc' />
<presentationArc order='60' xlink:arcrole='http://www.xbrl.org/2003/arcrole/parent-child' xlink:from='loc_BilledAndUnbilledContractClaimsSubjectToUncertaintyAbstract' xlink:to='loc_AccountsReceivableUnapprovedContractClaimsAmountAbstract' xlink:type='arc' />
<presentationArc order='10' xlink:arcrole='http://www.xbrl.org/2003/arcrole/parent-child' xlink:from='loc_AccountsReceivableUnapprovedContractClaimsAmountAbstract' xlink:to='loc_AccountsReceivableUnapprovedContractClaimsAmountExpectedToBeCollectedAfterOneYear' xlink:type='arc' />
<presentationArc order='20' xlink:arcrole='http://www.xbrl.org/2003/arcrole/parent-child' xlink:from='loc_AccountsReceivableUnapprovedContractClaimsAmountAbstract' xlink:to='loc_AccountsReceivableUnapprovedContractClaimsAmountExpectedToBeCollectedWithinOneYear' xlink:type='arc' />
<presentationArc order='30' preferredLabel='http://www.xbrl.org/2003/role/totalLabel' xlink:arcrole='http://www.xbrl.org/2003/arcrole/parent-child' xlink:from='loc_AccountsReceivableUnapprovedContractClaimsAmountAbstract' xlink:to='loc_AccountsReceivableUnapprovedContractClaims' xlink:type='arc' />
<presentationArc order='70' xlink:arcrole='http://www.xbrl.org/2003/arcrole/parent-child' xlink:from='loc_BilledAndUnbilledContractClaimsSubjectToUncertaintyAbstract' xlink:to='loc_UnbilledChangeOrdersAbstract' xlink:type='arc' />
<presentationArc order='10' xlink:arcrole='http://www.xbrl.org/2003/arcrole/parent-child' xlink:from='loc_UnbilledChangeOrdersAbstract' xlink:to='loc_UnbilledChangeOrdersAmountExpectedToBeCollectedWithinOneYear' xlink:type='arc' />
<presentationArc order='20' xlink:arcrole='http://www.xbrl.org/2003/arcrole/parent-child' xlink:from='loc_UnbilledChangeOrdersAbstract' xlink:to='loc_UnbilledChangeOrdersAmountExpectedToBeCollectedAfterOneYear' xlink:type='arc' />
<presentationArc order='30' preferredLabel='http://www.xbrl.org/2003/role/totalLabel' xlink:arcrole='http://www.xbrl.org/2003/arcrole/parent-child' xlink:from='loc_UnbilledChangeOrdersAbstract' xlink:to='loc_UnbilledChangeOrders' xlink:type='arc' />
<presentationArc order='50' xlink:arcrole='http://www.xbrl.org/2003/arcrole/parent-child' xlink:from='loc_LongTermContractsOrProgramsDisclosureTextBlock' xlink:to='loc_LossOnContractTermination' xlink:type='arc' />
<presentationArc order='60' xlink:arcrole='http://www.xbrl.org/2003/arcrole/parent-child' xlink:from='loc_LongTermContractsOrProgramsDisclosureTextBlock' xlink:to='loc_LossOnContractTerminationForDefault' xlink:type='arc' />
<presentationArc order='70' use='optional' xlink:arcrole='http://www.xbrl.org/2003/arcrole/parent-child' xlink:from='loc_LongTermContractsOrProgramsDisclosureTextBlock' xlink:to='loc_GovernmentalContractsSubjectToRenegotiationAbstract' xlink:type='arc' />
<presentationArc order='10' use='optional' xlink:arcrole='http://www.xbrl.org/2003/arcrole/parent-child' xlink:from='loc_GovernmentalContractsSubjectToRenegotiationAbstract' xlink:to='loc_GovernmentalContractsSubjectToRenegotiation' xlink:type='arc' />
<presentationArc order='20' use='optional' xlink:arcrole='http://www.xbrl.org/2003/arcrole/parent-child' xlink:from='loc_GovernmentalContractsSubjectToRenegotiationAbstract' xlink:to='loc_RefundsDueUnderGovernmentContracts' xlink:type='arc' />
<presentationArc order='30' use='optional' xlink:arcrole='http://www.xbrl.org/2003/arcrole/parent-child' xlink:from='loc_GovernmentalContractsSubjectToRenegotiationAbstract' xlink:to='loc_RefundsDueUnderGovernmentContractsNotReasonablyEstimable' xlink:type='arc' />
<presentationArc order='40' use='optional' xlink:arcrole='http://www.xbrl.org/2003/arcrole/parent-child' xlink:from='loc_GovernmentalContractsSubjectToRenegotiationAbstract' xlink:to='loc_BasisOfProvisionForRefundsUnderGovernmentContracts' xlink:type='arc' />
<presentationArc order='80' xlink:arcrole='http://www.xbrl.org/2003/arcrole/parent-child' xlink:from='loc_LongTermContractsOrProgramsDisclosureTextBlock' xlink:to='loc_GovernmentContractorsSubcontractAndSpecialEquipmentCostNatureOfTransaction' xlink:type='arc' />
<presentationArc order='90' use='optional' xlink:arcrole='http://www.xbrl.org/2003/arcrole/parent-child' xlink:from='loc_LongTermContractsOrProgramsDisclosureTextBlock' xlink:to='loc_ContractTerminationClaimsAndLoansAbstract' xlink:type='arc' />
<presentationArc order='10' use='optional' xlink:arcrole='http://www.xbrl.org/2003/arcrole/parent-child' xlink:from='loc_ContractTerminationClaimsAndLoansAbstract' xlink:to='loc_ContractTerminationClaimsDescription' xlink:type='arc' />
<presentationArc order='20' use='optional' xlink:arcrole='http://www.xbrl.org/2003/arcrole/parent-child' xlink:from='loc_ContractTerminationClaimsAndLoansAbstract' xlink:to='loc_ContractTerminationClaimsUSFederalGovernment' xlink:type='arc' />
<presentationArc order='30' use='optional' xlink:arcrole='http://www.xbrl.org/2003/arcrole/parent-child' xlink:from='loc_ContractTerminationClaimsAndLoansAbstract' xlink:to='loc_ContractTerminationClaimsGovernmentsOtherThanUSFederalGovernment' xlink:type='arc' />
<presentationArc order='40' use='optional' xlink:arcrole='http://www.xbrl.org/2003/arcrole/parent-child' xlink:from='loc_ContractTerminationClaimsAndLoansAbstract' xlink:to='loc_TerminationLoansDescription' xlink:type='arc' />
<presentationArc order='50' use='optional' xlink:arcrole='http://www.xbrl.org/2003/arcrole/parent-child' xlink:from='loc_ContractTerminationClaimsAndLoansAbstract' xlink:to='loc_TerminationLoans' xlink:type='arc' />
<presentationArc order='100' use='optional' xlink:arcrole='http://www.xbrl.org/2003/arcrole/parent-child' xlink:from='loc_LongTermContractsOrProgramsDisclosureTextBlock' xlink:to='loc_GovernmentInvestigationIntoIllegalOrUnethicalActivityInGovernmentContracts' xlink:type='arc' />
<presentationArc order='110' xlink:arcrole='http://www.xbrl.org/2003/arcrole/parent-child' xlink:from='loc_LongTermContractsOrProgramsDisclosureTextBlock' xlink:to='loc_GovernmentContractReceivable' xlink:type='arc' />
<presentationArc order='120' xlink:arcrole='http://www.xbrl.org/2003/arcrole/parent-child' xlink:from='loc_LongTermContractsOrProgramsDisclosureTextBlock' xlink:to='loc_GovernmentContractReceivableUnbilledAmounts' xlink:type='arc' />
<presentationArc order='130' use='optional' xlink:arcrole='http://www.xbrl.org/2003/arcrole/parent-child' xlink:from='loc_LongTermContractsOrProgramsDisclosureTextBlock' xlink:to='loc_InventoryForLongTermContractsOrProgramsAbstract' xlink:type='arc' />
<presentationArc order='10' use='optional' xlink:arcrole='http://www.xbrl.org/2003/arcrole/parent-child' xlink:from='loc_InventoryForLongTermContractsOrProgramsAbstract' xlink:to='loc_InventoryForLongTermContractsOrProgramsDescription' xlink:type='arc' />
<presentationArc order='20' use='optional' xlink:arcrole='http://www.xbrl.org/2003/arcrole/parent-child' xlink:from='loc_InventoryForLongTermContractsOrProgramsAbstract' xlink:to='loc_InventoryForLongTermContractsOrPrograms' xlink:type='arc' />
<presentationArc order='30' use='optional' xlink:arcrole='http://www.xbrl.org/2003/arcrole/parent-child' xlink:from='loc_InventoryForLongTermContractsOrProgramsAbstract' xlink:to='loc_PrincipalAssumptionsWhereAverageCostPerUnitIsUsed' xlink:type='arc' />
<presentationArc order='40' use='optional' xlink:arcrole='http://www.xbrl.org/2003/arcrole/parent-child' xlink:from='loc_InventoryForLongTermContractsOrProgramsAbstract' xlink:to='loc_InventoryForLongTermContractsOrProgramsGeneralAndAdministrativeCostsIncludedInInventory' xlink:type='arc' />
<presentationArc order='50' use='optional' xlink:arcrole='http://www.xbrl.org/2003/arcrole/parent-child' xlink:from='loc_InventoryForLongTermContractsOrProgramsAbstract' xlink:to='loc_InventoryForLongTermContractsOrProgramsGeneralAndAdministrativeExpenseIncurred' xlink:type='arc' />
<presentationArc order='60' use='optional' xlink:arcrole='http://www.xbrl.org/2003/arcrole/parent-child' xlink:from='loc_InventoryForLongTermContractsOrProgramsAbstract' xlink:to='loc_InventoryAmountUnpricedChangeOrdersForLongTermContractsOrPrograms' xlink:type='arc' />
<presentationArc order='70' use='optional' xlink:arcrole='http://www.xbrl.org/2003/arcrole/parent-child' xlink:from='loc_InventoryForLongTermContractsOrProgramsAbstract' xlink:to='loc_InventoryDescriptionUnpricedChangeOrdersForLongTermContractsOrProgram' xlink:type='arc' />
<presentationArc order='80' use='optional' xlink:arcrole='http://www.xbrl.org/2003/arcrole/parent-child' xlink:from='loc_InventoryForLongTermContractsOrProgramsAbstract' xlink:to='loc_ProgressPaymentsNettedAgainstInventoryForLongTermContractsOrPrograms' xlink:type='arc' />
<presentationArc order='90' use='optional' xlink:arcrole='http://www.xbrl.org/2003/arcrole/parent-child' xlink:from='loc_InventoryForLongTermContractsOrProgramsAbstract' xlink:to='loc_UnrecoveredProductionCostsExcessOfEstimatedAverageUnitCost' xlink:type='arc' />
<presentationArc order='100' use='optional' xlink:arcrole='http://www.xbrl.org/2003/arcrole/parent-child' xlink:from='loc_InventoryForLongTermContractsOrProgramsAbstract' xlink:to='loc_UnrecoveredProductionCostsExcessUnrecoverableUnderExistingFirmOrders' xlink:type='arc' />
<presentationArc order='110' use='optional' xlink:arcrole='http://www.xbrl.org/2003/arcrole/parent-child' xlink:from='loc_InventoryForLongTermContractsOrProgramsAbstract' xlink:to='loc_DescriptionOfDeferredCostsRelatedToLongTermContracts' xlink:type='arc' />
<presentationArc order='120' use='optional' xlink:arcrole='http://www.xbrl.org/2003/arcrole/parent-child' xlink:from='loc_InventoryForLongTermContractsOrProgramsAbstract' xlink:to='loc_AmountOfDeferredCostsRelatedToLongTermContracts' xlink:type='arc' />
<presentationArc order='140' use='optional' xlink:arcrole='http://www.xbrl.org/2003/arcrole/parent-child' xlink:from='loc_LongTermContractsOrProgramsDisclosureTextBlock' xlink:to='loc_LiabilitiesForLongTermContractsOrProgramsAbstract' xlink:type='arc' />
<presentationArc order='10' use='optional' xlink:arcrole='http://www.xbrl.org/2003/arcrole/parent-child' xlink:from='loc_LiabilitiesForLongTermContractsOrProgramsAbstract' xlink:to='loc_ProvisionForLossOnContracts' xlink:type='arc' />
<presentationArc order='20' xlink:arcrole='http://www.xbrl.org/2003/arcrole/parent-child' xlink:from='loc_LiabilitiesForLongTermContractsOrProgramsAbstract' xlink:to='loc_BillingsInExcessOfCostAbstract' xlink:type='arc' />
<presentationArc order='10' xlink:arcrole='http://www.xbrl.org/2003/arcrole/parent-child' xlink:from='loc_BillingsInExcessOfCostAbstract' xlink:to='loc_BillingsInExcessOfCostCurrent' xlink:type='arc' />
<presentationArc order='20' xlink:arcrole='http://www.xbrl.org/2003/arcrole/parent-child' xlink:from='loc_BillingsInExcessOfCostAbstract' xlink:to='loc_BillingsInExcessOfCostNoncurrent' xlink:type='arc' />
<presentationArc order='30' preferredLabel='http://www.xbrl.org/2003/role/totalLabel' xlink:arcrole='http://www.xbrl.org/2003/arcrole/parent-child' xlink:from='loc_BillingsInExcessOfCostAbstract' xlink:to='loc_BillingsInExcessOfCost' xlink:type='arc' />
<presentationArc order='30' xlink:arcrole='http://www.xbrl.org/2003/arcrole/parent-child' xlink:from='loc_LiabilitiesForLongTermContractsOrProgramsAbstract' xlink:to='loc_AdvancesReceivedOnGovernmentContractsNotNettedAgainstAccountsReceivable' xlink:type='arc' />
<presentationArc order='40' xlink:arcrole='http://www.xbrl.org/2003/arcrole/parent-child' xlink:from='loc_LiabilitiesForLongTermContractsOrProgramsAbstract' xlink:to='loc_RetentionPayableAbstract' xlink:type='arc' />
<presentationArc order='10' xlink:arcrole='http://www.xbrl.org/2003/arcrole/parent-child' xlink:from='loc_RetentionPayableAbstract' xlink:to='loc_RetentionPayableDueOneYearOrLess' xlink:type='arc' />
<presentationArc order='20' xlink:arcrole='http://www.xbrl.org/2003/arcrole/parent-child' xlink:from='loc_RetentionPayableAbstract' xlink:to='loc_RetentionPayableDueAfterOneYearAbstract' xlink:type='arc' />
<presentationArc order='10' xlink:arcrole='http://www.xbrl.org/2003/arcrole/parent-child' xlink:from='loc_RetentionPayableDueAfterOneYearAbstract' xlink:to='loc_RetentionPayableDueOneToTwoYears' xlink:type='arc' />
<presentationArc order='20' xlink:arcrole='http://www.xbrl.org/2003/arcrole/parent-child' xlink:from='loc_RetentionPayableDueAfterOneYearAbstract' xlink:to='loc_RetentionPayableDueTwoToThreeYears' xlink:type='arc' />
<presentationArc order='30' xlink:arcrole='http://www.xbrl.org/2003/arcrole/parent-child' xlink:from='loc_RetentionPayableDueAfterOneYearAbstract' xlink:to='loc_RetentionPayableDueThreeToFourYears' xlink:type='arc' />
<presentationArc order='40' xlink:arcrole='http://www.xbrl.org/2003/arcrole/parent-child' xlink:from='loc_RetentionPayableDueAfterOneYearAbstract' xlink:to='loc_RetentionPayableDueFourToFiveYears' xlink:type='arc' />
<presentationArc order='50' xlink:arcrole='http://www.xbrl.org/2003/arcrole/parent-child' xlink:from='loc_RetentionPayableDueAfterOneYearAbstract' xlink:to='loc_RetentionPayableDueFiveYearsOrMore' xlink:type='arc' />
<presentationArc order='60' preferredLabel='http://www.xbrl.org/2003/role/totalLabel' xlink:arcrole='http://www.xbrl.org/2003/arcrole/parent-child' xlink:from='loc_RetentionPayableDueAfterOneYearAbstract' xlink:to='loc_RetentionPayableDueAfterOneYear' xlink:type='arc' />
<presentationArc order='30' preferredLabel='http://www.xbrl.org/2003/role/totalLabel' xlink:arcrole='http://www.xbrl.org/2003/arcrole/parent-child' xlink:from='loc_RetentionPayableAbstract' xlink:to='loc_RetentionPayable' xlink:type='arc' />
<presentationArc order='150' use='optional' xlink:arcrole='http://www.xbrl.org/2003/arcrole/parent-child' xlink:from='loc_LongTermContractsOrProgramsDisclosureTextBlock' xlink:to='loc_PreproductionCostsRelatedToLongTermSupplyArrangementsAbstract' xlink:type='arc' />
<presentationArc order='10' use='optional' xlink:arcrole='http://www.xbrl.org/2003/arcrole/parent-child' xlink:from='loc_PreproductionCostsRelatedToLongTermSupplyArrangementsAbstract' xlink:to='loc_PreproductionCostsRelatedToLongTermSupplyArrangementsDisclosures' xlink:type='arc' />
<presentationArc order='20' use='optional' xlink:arcrole='http://www.xbrl.org/2003/arcrole/parent-child' xlink:from='loc_PreproductionCostsRelatedToLongTermSupplyArrangementsAbstract' xlink:to='loc_PreproductionCostsRelatedToLongTermSupplyArrangementsCostsCapitalized' xlink:type='arc' />
<presentationArc order='30' use='optional' xlink:arcrole='http://www.xbrl.org/2003/arcrole/parent-child' xlink:from='loc_PreproductionCostsRelatedToLongTermSupplyArrangementsAbstract' xlink:to='loc_PreproductionCostsRelatedToLongTermSupplyArrangementsAssetForMoldsDiesAndToolsOwned' xlink:type='arc' />
<presentationArc order='40' use='optional' xlink:arcrole='http://www.xbrl.org/2003/arcrole/parent-child' xlink:from='loc_PreproductionCostsRelatedToLongTermSupplyArrangementsAbstract' xlink:to='loc_PreproductionCostsRelatedToLongTermSupplyArrangementsAssetForMoldsDiesAndToolsNotOwned' xlink:type='arc' />
<presentationArc order='160' xlink:arcrole='http://www.xbrl.org/2003/arcrole/parent-child' xlink:from='loc_LongTermContractsOrProgramsDisclosureTextBlock' xlink:to='loc_PrerequisitesForBillingLongTermContracts' xlink:type='arc' />
<presentationArc order='170' xlink:arcrole='http://www.xbrl.org/2003/arcrole/parent-child' xlink:from='loc_LongTermContractsOrProgramsDisclosureTextBlock' xlink:to='loc_GovernmentContractReceivableProgessPaymentsOffset' xlink:type='arc' />
<presentationArc order='180' xlink:arcrole='http://www.xbrl.org/2003/arcrole/parent-child' xlink:from='loc_LongTermContractsOrProgramsDisclosureTextBlock' xlink:to='loc_AdvancePaymentsNettedAgainstClaimReceivable' xlink:type='arc' />
</presentationLink>
</link:linkbase>
