<?xml version="1.0" ?>
<?xml-stylesheet type="text/xsl" href="../stylesheet/CH-AE-dormant-stylesheet.xsl" ?>

<xbrl xmlns='http://www.xbrl.org/2003/instance' xmlns:xsi='http://www.w3.org/2001/XMLSchema-instance' xmlns:ae='http://www.companieshouse.gov.uk/ef/xbrl/uk/fr/gaap/ae/2009-06-21' xmlns:gc='http://www.xbrl.org/uk/fr/gcd/2004-12-01' xmlns:html='http://www.w3.org/1999/xhtml' xmlns:iso4217='http://www.xbrl.org/2003/iso4217' xmlns:link='http://www.xbrl.org/2003/linkbase' xmlns:pt='http://www.xbrl.org/uk/fr/gaap/pt/2004-12-01' xmlns:xbrli='http://www.xbrl.org/2003/instance' xmlns:xlink='http://www.w3.org/1999/xlink'>
  <link:schemaRef xlink:href='http://www.companieshouse.gov.uk/ef/xbrl/uk/fr/gaap/ae/2009-06-21/uk-gaap-ae-2009-06-21.xsd' xlink:type='simple' />
  <ae:CompanyDormant contextRef='y2003'>true</ae:CompanyDormant>
  <ae:CompaniesHouseRegisteredNumber contextRef='y2003'>654321</ae:CompaniesHouseRegisteredNumber>
  <ae:CompaniesHouseDocumentAuthentication contextRef='y2003'>ABCDEF</ae:CompaniesHouseDocumentAuthentication>
  <gc:EntityNames>
    <gc:EntityCurrentLegalName contextRef='y2003'>Dormant Company Ltd</gc:EntityCurrentLegalName>
  </gc:EntityNames>
  <gc:BalanceSheetDate contextRef='e2003'>2003-10-31</gc:BalanceSheetDate>
  <ae:DateAccountsReceived contextRef='e2003'>2003-11-13</ae:DateAccountsReceived>
  <pt:CashBankInHand precision='INF' contextRef='e2003' unitRef='euro'>100</pt:CashBankInHand>
  <pt:CashBankInHand precision='INF' contextRef='e2002' unitRef='GBP'>100</pt:CashBankInHand>
  <pt:NetAssetsLiabilitiesIncludingPensionAssetLiability precision='INF' contextRef='e2003' unitRef='euro'>100</pt:NetAssetsLiabilitiesIncludingPensionAssetLiability>
  <pt:NetAssetsLiabilitiesIncludingPensionAssetLiability precision='INF' contextRef='e2002' unitRef='GBP'>100</pt:NetAssetsLiabilitiesIncludingPensionAssetLiability>
  <pt:EquityAuthorisedDetails>
    <pt:TypeOrdinaryShare contextRef='y2003'>A shares</pt:TypeOrdinaryShare>
    <pt:NumberOrdinarySharesAuthorised precision='INF' contextRef='e2003' unitRef='shares'>1000</pt:NumberOrdinarySharesAuthorised>
    <pt:ParValueOrdinaryShare precision='INF' contextRef='y2003' unitRef='GBP'>1</pt:ParValueOrdinaryShare>
  </pt:EquityAuthorisedDetails>
  <pt:DetailsOrdinarySharesAllotted>
    <pt:TypeOrdinaryShare contextRef='y2003'>A shares</pt:TypeOrdinaryShare>
    <pt:ParValueOrdinaryShare precision='INF' contextRef='y2003' unitRef='GBP'>1</pt:ParValueOrdinaryShare>
    <pt:ValueOrdinarySharesAllotted precision='INF' contextRef='e2003' unitRef='euro'>100</pt:ValueOrdinarySharesAllotted>
    <pt:ValueOrdinarySharesAllotted precision='INF' contextRef='e2002' unitRef='GBP'>100</pt:ValueOrdinarySharesAllotted>
    <pt:NumberOrdinarySharesAllotted precision='INF' contextRef='e2003' unitRef='shares'>100</pt:NumberOrdinarySharesAllotted>
    <pt:NumberOrdinarySharesAllotted precision='INF' contextRef='e2002' unitRef='shares'>100</pt:NumberOrdinarySharesAllotted>
  </pt:DetailsOrdinarySharesAllotted>
  <ae:CompanyHasActedAsAnAgentDuringPeriod contextRef='y2003'>true</ae:CompanyHasActedAsAnAgentDuringPeriod>
  <ae:CompanyEntitledToExemptionUnderSection249AA1CompaniesAct1985 contextRef='y2003'>true</ae:CompanyEntitledToExemptionUnderSection249AA1CompaniesAct1985>
  <ae:MembersHaveNotRequiredCompanyToObtainAnAudit contextRef='y2003'>true</ae:MembersHaveNotRequiredCompanyToObtainAnAudit>
  <ae:DirectorsAcknowledgeTheirResponsibilitiesUnderCompaniesAct contextRef='y2003'>true</ae:DirectorsAcknowledgeTheirResponsibilitiesUnderCompaniesAct>
  <pt:DateApproval contextRef='e2003'>2004-08-12</pt:DateApproval>
  <pt:ApprovalDetails>
    <pt:NameApprovingDirector contextRef='y2003'>G Rich</pt:NameApprovingDirector>
  </pt:ApprovalDetails>
  <pt:AdditionalApprovingPerson>
    <pt:NameAdditionalApprovingPerson contextRef='y2003'>A N Other</pt:NameAdditionalApprovingPerson>
    <pt:PositionAdditionalApprovingPerson contextRef='y2003'>Director</pt:PositionAdditionalApprovingPerson>
  </pt:AdditionalApprovingPerson>
  <pt:AdditionalApprovingPerson>
    <pt:NameAdditionalApprovingPerson contextRef='y2003'>B N Other</pt:NameAdditionalApprovingPerson>
    <pt:PositionAdditionalApprovingPerson contextRef='y2003'>Secretary</pt:PositionAdditionalApprovingPerson>
  </pt:AdditionalApprovingPerson>
  <pt:ShareholderFunds precision='INF' contextRef='e2003' unitRef='pounds'>100.00</pt:ShareholderFunds>
  <pt:ShareholderFunds precision='INF' contextRef='e2002' unitRef='GBP'>100.00</pt:ShareholderFunds>
  <pt:CalledUpShareCapitalNotPaidNotExpressedAsCurrentAsset precision='INF' contextRef='e2003' unitRef='euro'>0</pt:CalledUpShareCapitalNotPaidNotExpressedAsCurrentAsset>
  <pt:CalledUpShareCapitalNotPaidNotExpressedAsCurrentAsset precision='INF' contextRef='e2002' unitRef='GBP'>0</pt:CalledUpShareCapitalNotPaidNotExpressedAsCurrentAsset>
  <pt:TotalNumberSharesIssued precision='INF' contextRef='y2003' unitRef='shares'>100</pt:TotalNumberSharesIssued>
  <pt:TotalNominalValue precision='INF' contextRef='y2003' unitRef='GBP'>100</pt:TotalNominalValue>
  <pt:TotalConsideration precision='INF' contextRef='y2003' unitRef='GBP'>100</pt:TotalConsideration>
  <ae:ForeignExchangeRate contextRef='y2003'>Using €1.61 to &#163;1 for FY 2002/3, averaged over the period</ae:ForeignExchangeRate>
  <unit id='shares'>
    <measure>xbrli:shares</measure>
  </unit>
  <unit id='GBP'>
    <measure>iso4217:GBP</measure>
  </unit>
  <unit id='pounds'>
    <measure>iso4217:GBP</measure>
  </unit>
  <unit id='euro'>
    <measure>iso4217:EUR</measure>
  </unit>
  <context id='y2003'>
    <entity>
      <identifier scheme='no-energy/results'>No Energy Ltd</identifier>
    </entity>
    <period>
      <startDate>2002-11-01</startDate>
      <endDate>2003-10-31</endDate>
    </period>
  </context>
  <context id='y2002'>
    <entity>
      <identifier scheme='no-energy/results'>No Energy Ltd</identifier>
    </entity>
    <period>
      <startDate>2001-11-01</startDate>
      <endDate>2002-10-31</endDate>
    </period>
  </context>
  <context id='s2002'>
    <entity>
      <identifier scheme='no-energy/results'>No Energy Ltd</identifier>
    </entity>
    <period>
      <instant>2001-10-31</instant>
    </period>
  </context>
  <context id='e2002'>
    <entity>
      <identifier scheme='no-energy/results'>No Energy Ltd</identifier>
    </entity>
    <period>
      <instant>2002-10-31</instant>
    </period>
  </context>
  <context id='s2003'>
    <entity>
      <identifier scheme='no-energy/results'>No Energy Ltd</identifier>
    </entity>
    <period>
      <instant>2002-10-31</instant>
    </period>
  </context>
  <context id='e2003'>
    <entity>
      <identifier scheme='no-energy/results'>No Energy Ltd</identifier>
    </entity>
    <period>
      <instant>2003-10-31</instant>
    </period>
  </context>
</xbrl>
