<?xml version="1.0" ?>
<?xml-stylesheet type="text/xsl" href="../stylesheet/CH-AE-stylesheet.xsl" ?>

<xbrl xmlns='http://www.xbrl.org/2003/instance' xmlns:xsi='http://www.w3.org/2001/XMLSchema-instance' xmlns:ae='http://www.companieshouse.gov.uk/ef/xbrl/uk/fr/gaap/ae/2009-06-21' xmlns:gc='http://www.xbrl.org/uk/fr/gcd/2004-12-01' xmlns:html='http://www.w3.org/1999/xhtml' xmlns:iso4217='http://www.xbrl.org/2003/iso4217' xmlns:link='http://www.xbrl.org/2003/linkbase' xmlns:pt='http://www.xbrl.org/uk/fr/gaap/pt/2004-12-01' xmlns:xbrli='http://www.xbrl.org/2003/instance' xmlns:xlink='http://www.w3.org/1999/xlink'>
  <link:schemaRef xlink:arcrole='http://www.w3.org/1999/xlink/properties/linkbase' xlink:href='http://www.companieshouse.gov.uk/ef/xbrl/uk/fr/gaap/ae/2009-06-21/uk-gaap-ae-2009-06-21.xsd' xlink:type='simple' />
  <ae:CompanyNotDormant contextRef='y2009'>true</ae:CompanyNotDormant>
  <ae:CompaniesHouseDocumentAuthentication contextRef='y2009'>ABCDEF</ae:CompaniesHouseDocumentAuthentication>
  <gc:EntityNames>
    <gc:EntityCurrentLegalName contextRef='y2009'>Small Company Ltd</gc:EntityCurrentLegalName>
  </gc:EntityNames>
  <ae:RejectionReferenceCode contextRef='e2009'>rrcode</ae:RejectionReferenceCode>
  <ae:RegisteredOfficeAddress>
    <ae:AddressCH>
      <gc:AddressLine1 contextRef='y2009'>5 Bridge Street</gc:AddressLine1>
      <gc:CityOrTown contextRef='y2009'>Swansea</gc:CityOrTown>
      <gc:Postcode contextRef='y2009'>SA11 2JE</gc:Postcode>
      <gc:Country contextRef='y2009'>Wales</gc:Country>
    </ae:AddressCH>
  </ae:RegisteredOfficeAddress>
  <ae:BusinessAddress>
    <ae:DescriptionBusinessAddress contextRef='y2009'>UK Head Office</ae:DescriptionBusinessAddress>
    <ae:AddressCH>
      <gc:AddressLine1 contextRef='y2009'>12 Some Street</gc:AddressLine1>
      <gc:CityOrTown contextRef='y2009'>Bridgend</gc:CityOrTown>
      <gc:Postcode contextRef='y2009'>CF45 8UK</gc:Postcode>
      <gc:Country contextRef='y2009'>Wales</gc:Country>
    </ae:AddressCH>
  </ae:BusinessAddress>
  <ae:ListDirectorsExecutives>
    <pt:DirectorOrExecutivesName contextRef='y2009'>E Peters</pt:DirectorOrExecutivesName>
  </ae:ListDirectorsExecutives>
  <ae:ListDirectorsExecutives>
    <pt:DirectorOrExecutivesName contextRef='y2009'>G Rich</pt:DirectorOrExecutivesName>
    <ae:DateResignation contextRef='e2009'>2009-02-23</ae:DateResignation>
  </ae:ListDirectorsExecutives>
  <ae:ListDirectorsExecutives>
    <pt:DirectorOrExecutivesName contextRef='y2009'>M Jones</pt:DirectorOrExecutivesName>
    <pt:DateAssumedPosition contextRef='e2009'>2009-02-23</pt:DateAssumedPosition>
  </ae:ListDirectorsExecutives>
  <ae:CompanySecretarysName contextRef='y2009'>S Penfold</ae:CompanySecretarysName>
  <ae:ReportingAccountants>
    <ae:NameAccountants contextRef='y2009'>A N Accountant</ae:NameAccountants>
    <ae:DescriptionAccountants contextRef='y2009'>Registered Auditors</ae:DescriptionAccountants>
    <ae:AddressCH>
      <gc:AddressLine1 contextRef='y2009'>High Street</gc:AddressLine1>
      <gc:CityOrTown contextRef='y2009'>Cardiff</gc:CityOrTown>
      <gc:Postcode contextRef='y2009'>CF45 8UI</gc:Postcode>
    </ae:AddressCH>
  </ae:ReportingAccountants>
  <ae:Bankers>
    <ae:NameBankers contextRef='y2009'>TSB Ltd</ae:NameBankers>
    <ae:AddressCH>
      <gc:AddressLine1 contextRef='y2009'>High Street</gc:AddressLine1>
      <gc:CityOrTown contextRef='y2009'>Cardiff</gc:CityOrTown>
      <gc:Postcode contextRef='y2009'>CF13 6YU</gc:Postcode>
    </ae:AddressCH>
  </ae:Bankers>
  <ae:Solicitors>
    <ae:NameSolicitors contextRef='y2009'>A Solicitor</ae:NameSolicitors>
    <ae:AddressCH>
      <gc:AddressLine1 contextRef='y2009'>High Street</gc:AddressLine1>
      <gc:CityOrTown contextRef='y2009'>Cardiff</gc:CityOrTown>
      <gc:Postcode contextRef='y2009'>CF13 6HT</gc:Postcode>
    </ae:AddressCH>
  </ae:Solicitors>
  <ae:CompanyIdentifyingNumbers>
    <ae:CompaniesHouseRegisteredNumber contextRef='y2009'>987654</ae:CompaniesHouseRegisteredNumber>
    <ae:VATRegistrationNumber contextRef='y2009'>123456789</ae:VATRegistrationNumber>
  </ae:CompanyIdentifyingNumbers>
  <ae:DateAccountsReceived contextRef='e2009'>2010-11-13</ae:DateAccountsReceived>
  <gc:StatementDatesPeriodsCovered>
    <gc:BalanceSheetDate contextRef='e2009'>2009-10-31</gc:BalanceSheetDate>
  </gc:StatementDatesPeriodsCovered>
  <ae:DirectorsReportGeneralText contextRef='y2009'>Director's report general text from the instance document.</ae:DirectorsReportGeneralText>
  <gc:EntityBusinessDescription contextRef='y2009'>
The company's principal activity during the year was the production of widgets for the aerospace market
  </gc:EntityBusinessDescription>
  <ae:DateApprovalDirectorsReport contextRef='e2009'>2010-04-13</ae:DateApprovalDirectorsReport>
  <ae:ApprovalDirectorsReport>
    <ae:NamePersonApprovingDirectorsReport contextRef='y2009'>M Jones</ae:NamePersonApprovingDirectorsReport>
    <ae:PositionPersonApprovingDirectorsReport contextRef='y2009'>Director</ae:PositionPersonApprovingDirectorsReport>
  </ae:ApprovalDirectorsReport>
  <ae:ApprovalDirectorsReport>
    <ae:NamePersonApprovingDirectorsReport contextRef='y2009'>S Penfold</ae:NamePersonApprovingDirectorsReport>
    <ae:PositionPersonApprovingDirectorsReport contextRef='y2009'>Secretary</ae:PositionPersonApprovingDirectorsReport>
  </ae:ApprovalDirectorsReport>
  <ae:DirectorsShareCapitalFreeTextNote contextRef='y2009'>Directors share capital free text note</ae:DirectorsShareCapitalFreeTextNote>
  <ae:DirectorsReportFreeTextNote contextRef='y2009'>Directors Report free text note</ae:DirectorsReportFreeTextNote>
  <ae:PoliticalCharitableDonationsText contextRef='y2009'>Free text if required</ae:PoliticalCharitableDonationsText>
  <ae:CompanyEntitledToExemptionUnderSection477CompaniesAct2006 contextRef='y2009'>true</ae:CompanyEntitledToExemptionUnderSection477CompaniesAct2006>
  <ae:MembersHaveNotRequiredCompanyToObtainAnAudit contextRef='y2009'>true</ae:MembersHaveNotRequiredCompanyToObtainAnAudit>
  <ae:DirectorsAcknowledgeTheirResponsibilitiesUnderCompaniesAct contextRef='y2009'>true</ae:DirectorsAcknowledgeTheirResponsibilitiesUnderCompaniesAct>

  <ae:AccountsAreInAccordanceWithSpecialProvisionsCompaniesActRelatingToSmallCompanies contextRef='y2009'>true</ae:AccountsAreInAccordanceWithSpecialProvisionsCompaniesActRelatingToSmallCompanies>
  <ae:AccountsAreInAccordanceWithSpecialProvisionsCompaniesActRelatingToSmallCompanies-DirectorsReport contextRef='y2009'>true</ae:AccountsAreInAccordanceWithSpecialProvisionsCompaniesActRelatingToSmallCompanies-DirectorsReport>

  <pt:DateApproval contextRef='e2009'>2010-04-13</pt:DateApproval>
  <pt:ApprovalDetails>
    <pt:NameApprovingDirector contextRef='y2009'>E Peters</pt:NameApprovingDirector>
  </pt:ApprovalDetails>
  <pt:AdditionalApprovingPerson>
    <pt:NameAdditionalApprovingPerson contextRef='y2009'>A N Other</pt:NameAdditionalApprovingPerson>
    <pt:PositionAdditionalApprovingPerson contextRef='y2009'>Director</pt:PositionAdditionalApprovingPerson>
  </pt:AdditionalApprovingPerson>
  <pt:AdditionalApprovingPerson>
    <pt:NameAdditionalApprovingPerson contextRef='y2009'>B N Other</pt:NameAdditionalApprovingPerson>
    <pt:PositionAdditionalApprovingPerson contextRef='y2009'>Secretary</pt:PositionAdditionalApprovingPerson>
  </pt:AdditionalApprovingPerson>
  <ae:AccountsPreparedUnderHistoricalCostConventionInAccordanceWithFRSSE05 contextRef='y2009'>true</ae:AccountsPreparedUnderHistoricalCostConventionInAccordanceWithFRSSE05>
  <ae:ForeignExchangeRate contextRef='y2009'>Some info about exchange rates used</ae:ForeignExchangeRate>
  <ae:AccountingPolicy>
    <ae:TitleAccountingPolicy contextRef='y2009'>Turnover</ae:TitleAccountingPolicy>
    <ae:ContentAccountingPolicy contextRef='y2009'>Turnover represents the invoiced value of goods and services supplied by the company, net of VAT and trade discounts.</ae:ContentAccountingPolicy>
  </ae:AccountingPolicy>
  <ae:AccountingPolicy>
    <ae:TitleAccountingPolicy contextRef='y2009'>Stocks</ae:TitleAccountingPolicy>
    <ae:ContentAccountingPolicy contextRef='y2009'>Stock is valued at the lower of cost and net realisable value</ae:ContentAccountingPolicy>
  </ae:AccountingPolicy>
  <ae:DepreciationRate>
    <ae:CategoryItem contextRef='y2009'>Land &amp; Buildings</ae:CategoryItem>
    <ae:TypeDepreciation contextRef='y2009'>straight line</ae:TypeDepreciation>
    <ae:RateDepreciation precision='INF' contextRef='y2009' unitRef='pure'>0.1</ae:RateDepreciation>
  </ae:DepreciationRate>
  <ae:DepreciationRate>
    <ae:CategoryItem contextRef='y2009'>Furniture</ae:CategoryItem>
    <ae:TypeDepreciation contextRef='y2009'>straight line</ae:TypeDepreciation>
    <ae:RateDepreciation precision='INF' contextRef='y2009' unitRef='pure'>0.2</ae:RateDepreciation>
  </ae:DepreciationRate>
  <ae:DepreciationRate>
    <ae:CategoryItem contextRef='y2009'>Computer Equipment</ae:CategoryItem>
    <ae:TypeDepreciation contextRef='y2009'>straight line</ae:TypeDepreciation>
    <ae:RateDepreciation precision='INF' contextRef='y2009' unitRef='pure'>0.2</ae:RateDepreciation>
  </ae:DepreciationRate>
  <ae:DepreciationRate>
    <ae:CategoryItem contextRef='y2009'>Communications Equipment</ae:CategoryItem>
    <ae:TypeDepreciation contextRef='y2009'>straight line</ae:TypeDepreciation>
    <ae:RateDepreciation precision='INF' contextRef='y2009' unitRef='pure'>0.2</ae:RateDepreciation>
  </ae:DepreciationRate>
  <ae:DepreciationRate>
    <ae:CategoryItem contextRef='y2009'>Motor Vehicles</ae:CategoryItem>
    <ae:TypeDepreciation contextRef='y2009'>straight line</ae:TypeDepreciation>
    <ae:RateDepreciation precision='INF' contextRef='y2009' unitRef='pure'>0.25</ae:RateDepreciation>
  </ae:DepreciationRate>
  <pt:ProfitLossAccountReserve precision='INF' contextRef='e2009' unitRef='GBP'>7232</pt:ProfitLossAccountReserve>
  <pt:ProfitLossAccountReserve precision='INF' contextRef='e2008' unitRef='GBP'>6444</pt:ProfitLossAccountReserve>
  <pt:ProfitLossAccountReserve precision='INF' contextRef='s2008' unitRef='GBP'>5360</pt:ProfitLossAccountReserve>
  <pt:OtherAggregateReserves precision='INF' contextRef='e2009' unitRef='GBP'>0</pt:OtherAggregateReserves>
  <pt:OtherAggregateReserves precision='INF' contextRef='e2008' unitRef='GBP'>90</pt:OtherAggregateReserves>
  <pt:RetainedProfitLossForFinancialYearTransferredToReserves precision='INF' contextRef='y2009' unitRef='GBP'>788</pt:RetainedProfitLossForFinancialYearTransferredToReserves>
  <pt:RetainedProfitLossForFinancialYearTransferredToReserves precision='INF' contextRef='y2008' unitRef='GBP'>768</pt:RetainedProfitLossForFinancialYearTransferredToReserves>
  <pt:GrossDividendPayment-AllShares precision='INF' contextRef='y2009' unitRef='GBP'>2031</pt:GrossDividendPayment-AllShares>
  <pt:GrossDividendPayment-AllShares precision='INF' contextRef='y2008' unitRef='GBP'>2600</pt:GrossDividendPayment-AllShares>
  <pt:ProfitLossOnOrdinaryActivitiesAfterTax precision='INF' contextRef='y2009' unitRef='GBP'>2819</pt:ProfitLossOnOrdinaryActivitiesAfterTax>
  <pt:ProfitLossOnOrdinaryActivitiesAfterTax precision='INF' contextRef='y2008' unitRef='GBP'>3368</pt:ProfitLossOnOrdinaryActivitiesAfterTax>
  <pt:TaxRelatedToProfitOrLossOnOrdinaryActivities precision='INF' contextRef='y2009' unitRef='GBP'>1455</pt:TaxRelatedToProfitOrLossOnOrdinaryActivities>
  <pt:TaxRelatedToProfitOrLossOnOrdinaryActivities precision='INF' contextRef='y2008' unitRef='GBP'>1014</pt:TaxRelatedToProfitOrLossOnOrdinaryActivities>
  <pt:ProfitLossOnOrdinaryActivitiesBeforeTax precision='INF' contextRef='y2009' unitRef='GBP'>4274</pt:ProfitLossOnOrdinaryActivitiesBeforeTax>
  <pt:ProfitLossOnOrdinaryActivitiesBeforeTax precision='INF' contextRef='y2008' unitRef='GBP'>4382</pt:ProfitLossOnOrdinaryActivitiesBeforeTax>
  <pt:TotalOperatingProfitLoss precision='INF' contextRef='y2009' unitRef='GBP'>4374</pt:TotalOperatingProfitLoss>
  <pt:TotalOperatingProfitLoss precision='INF' contextRef='y2008' unitRef='GBP'>4482</pt:TotalOperatingProfitLoss>
  <pt:AdministrativeExpenses precision='INF' id='s2-1' contextRef='y2009' unitRef='GBP'>9786</pt:AdministrativeExpenses>
  <pt:AdministrativeExpenses precision='INF' contextRef='y2008' unitRef='GBP'>7453</pt:AdministrativeExpenses>
  <pt:DistributionCosts precision='INF' contextRef='y2009' unitRef='GBP'>3694</pt:DistributionCosts>
  <pt:DistributionCosts precision='INF' contextRef='y2008' unitRef='GBP'>2974</pt:DistributionCosts>
  <pt:GrossProfitLoss precision='INF' contextRef='y2009' unitRef='GBP'>17854</pt:GrossProfitLoss>
  <pt:GrossProfitLoss precision='INF' contextRef='y2008' unitRef='GBP'>14909</pt:GrossProfitLoss>
  <pt:CostSales precision='INF' contextRef='y2009' unitRef='GBP'>8708</pt:CostSales>
  <pt:CostSales precision='INF' contextRef='y2008' unitRef='GBP'>7423</pt:CostSales>
  <pt:TurnoverGrossOperatingRevenue precision='INF' contextRef='y2009' unitRef='GBP'>26562</pt:TurnoverGrossOperatingRevenue>
  <pt:TurnoverGrossOperatingRevenue precision='INF' contextRef='y2008' unitRef='GBP'>22332</pt:TurnoverGrossOperatingRevenue>
  <pt:TotalInterestPayableReceivableNet precision='INF' contextRef='y2009' unitRef='GBP'>100</pt:TotalInterestPayableReceivableNet>
  <pt:TotalInterestPayableReceivableNet precision='INF' contextRef='y2008' unitRef='GBP'>100</pt:TotalInterestPayableReceivableNet>
  <pt:ShareholderFunds precision='INF' contextRef='e2009' unitRef='GBP'>7342</pt:ShareholderFunds>
  <pt:ShareholderFunds precision='INF' contextRef='e2008' unitRef='GBP'>6644</pt:ShareholderFunds>
  <pt:CalledUpShareCapital precision='INF' id='s6-1' contextRef='e2009' unitRef='GBP'>100</pt:CalledUpShareCapital>
  <pt:CalledUpShareCapital precision='INF' id='s6-2' contextRef='e2008' unitRef='GBP'>100</pt:CalledUpShareCapital>
  <pt:SharePremiumAccount precision='INF' contextRef='e2009' unitRef='GBP'>10</pt:SharePremiumAccount>
  <pt:SharePremiumAccount precision='INF' contextRef='e2008' unitRef='GBP'>10</pt:SharePremiumAccount>
  <pt:RevaluationReserve precision='INF' contextRef='e2009' unitRef='GBP'>0</pt:RevaluationReserve>
  <pt:RevaluationReserve precision='INF' contextRef='e2008' unitRef='GBP'>0</pt:RevaluationReserve>
  <pt:NetAssetsLiabilitiesIncludingPensionAssetLiability precision='INF' contextRef='e2009' unitRef='GBP'>7342</pt:NetAssetsLiabilitiesIncludingPensionAssetLiability>
  <pt:NetAssetsLiabilitiesIncludingPensionAssetLiability precision='INF' contextRef='e2008' unitRef='GBP'>6644</pt:NetAssetsLiabilitiesIncludingPensionAssetLiability>
  <pt:ProvisionsForLiabilitiesCharges precision='INF' contextRef='e2009' unitRef='GBP'>225</pt:ProvisionsForLiabilitiesCharges>
  <pt:ProvisionsForLiabilitiesCharges precision='INF' contextRef='e2008' unitRef='GBP'>225</pt:ProvisionsForLiabilitiesCharges>

  <pt:AccrualsDeferredIncome precision='INF' contextRef='e2009' unitRef='GBP'>-10</pt:AccrualsDeferredIncome>
  <pt:AccrualsDeferredIncome precision='INF' contextRef='e2008' unitRef='GBP'>0</pt:AccrualsDeferredIncome>

  <ae:CreditorsDueAfterOneYearFreeTextNote contextRef='e2009'>Creditors due after one year free text note</ae:CreditorsDueAfterOneYearFreeTextNote>
  <ae:CreditorsDueWithinOneYearFreeTextNote contextRef='e2009'>Creditors due within one year free text note</ae:CreditorsDueWithinOneYearFreeTextNote>
 
  <pt:CalledUpShareCapitalNotPaidNotExpressedAsCurrentAsset precision='INF' contextRef='e2009' unitRef='GBP'>100</pt:CalledUpShareCapitalNotPaidNotExpressedAsCurrentAsset>
  <pt:CalledUpShareCapitalNotPaidNotExpressedAsCurrentAsset precision='INF' contextRef='e2008' unitRef='GBP'>100</pt:CalledUpShareCapitalNotPaidNotExpressedAsCurrentAsset>

  <pt:CreditorsDueAfterOneYearTotalNoncurrentLiabilities precision='INF' id='s5-1' contextRef='e2009' unitRef='GBP'>2775</pt:CreditorsDueAfterOneYearTotalNoncurrentLiabilities>
  <pt:CreditorsDueAfterOneYearTotalNoncurrentLiabilities precision='INF' id='s5-2' contextRef='e2008' unitRef='GBP'>5550</pt:CreditorsDueAfterOneYearTotalNoncurrentLiabilities>
  <pt:TotalAssetsLessCurrentLiabilities precision='INF' contextRef='e2009' unitRef='GBP'>10332</pt:TotalAssetsLessCurrentLiabilities>
  <pt:TotalAssetsLessCurrentLiabilities precision='INF' contextRef='e2008' unitRef='GBP'>12419</pt:TotalAssetsLessCurrentLiabilities>
  <pt:NetCurrentAssetsLiabilities precision='INF' contextRef='e2009' unitRef='GBP'>2018</pt:NetCurrentAssetsLiabilities>
  <pt:NetCurrentAssetsLiabilities precision='INF' contextRef='e2008' unitRef='GBP'>2365</pt:NetCurrentAssetsLiabilities>
  <pt:CurrentAssets precision='INF' contextRef='e2009' unitRef='GBP'>4983</pt:CurrentAssets>
  <pt:CurrentAssets precision='INF' contextRef='e2008' unitRef='GBP'>4821</pt:CurrentAssets>
  <pt:StocksInventory precision='INF' contextRef='e2009' unitRef='GBP'>694</pt:StocksInventory>
  <pt:StocksInventory precision='INF' contextRef='e2008' unitRef='GBP'>543</pt:StocksInventory>

  <pt:CashBankInHand precision='INF' contextRef='e2009' unitRef='GBP'>1822</pt:CashBankInHand>
  <pt:CashBankInHand precision='INF' contextRef='e2008' unitRef='GBP'>1593</pt:CashBankInHand>
  <pt:TotalInvestmentsFixedAssets precision='INF' contextRef='e2009' unitRef='GBP'>0</pt:TotalInvestmentsFixedAssets>
  <pt:TotalInvestmentsFixedAssets precision='INF' contextRef='e2008' unitRef='GBP'>0</pt:TotalInvestmentsFixedAssets>
  <pt:FixedAssets precision='INF' contextRef='e2009' unitRef='GBP'>8214</pt:FixedAssets>
  <pt:FixedAssets precision='INF' contextRef='e2008' unitRef='GBP'>9954</pt:FixedAssets>
  <pt:TangibleFixedAssets precision='INF' contextRef='e2009' unitRef='GBP'>7464</pt:TangibleFixedAssets>
  <pt:TangibleFixedAssets precision='INF' contextRef='e2008' unitRef='GBP'>9054</pt:TangibleFixedAssets>
  <pt:IntangibleFixedAssets precision='INF' contextRef='e2009' unitRef='GBP'>750</pt:IntangibleFixedAssets>
  <pt:IntangibleFixedAssets precision='INF' contextRef='e2008' unitRef='GBP'>900</pt:IntangibleFixedAssets>
  <ae:IntangibleAssetsFreeTextNote contextRef='e2009'>Intangible assets free text note</ae:IntangibleAssetsFreeTextNote>
  <ae:TangibleAssetsFreeTextNote contextRef='e2009'>Tangible fixed assets free text note</ae:TangibleAssetsFreeTextNote>
  <pt:DepreciationAmountsWrittenOffFixedAssets precision='INF' contextRef='y2009' unitRef='GBP'>555</pt:DepreciationAmountsWrittenOffFixedAssets>
  <pt:DepreciationAmountsWrittenOffFixedAssets precision='INF' contextRef='y2008' unitRef='GBP'>525</pt:DepreciationAmountsWrittenOffFixedAssets>
  <pt:OperatingLeaseExpenditure precision='INF' contextRef='y2009' unitRef='GBP'>0</pt:OperatingLeaseExpenditure>
  <pt:OperatingLeaseExpenditure precision='INF' contextRef='y2008' unitRef='GBP'>0</pt:OperatingLeaseExpenditure>
  <pt:TotalFeesToAuditors precision='INF' contextRef='y2009' unitRef='GBP'>275</pt:TotalFeesToAuditors>
  <pt:TotalFeesToAuditors precision='INF' contextRef='y2008' unitRef='GBP'>200</pt:TotalFeesToAuditors>

  <ae:ChargesBeforeOperatingProfit precision='INF' contextRef='y2009' unitRef='GBP'>830</ae:ChargesBeforeOperatingProfit>
  <ae:ChargesBeforeOperatingProfit precision='INF' contextRef='y2008' unitRef='GBP'>725</ae:ChargesBeforeOperatingProfit>
  <pt:TotalDeferredTax precision='INF' contextRef='y2009' unitRef='GBP'>0</pt:TotalDeferredTax>
  <pt:TotalDeferredTax precision='INF' contextRef='y2008' unitRef='GBP'>0</pt:TotalDeferredTax>
  <pt:TotalUKCurrentCorporationTax precision='INF' contextRef='y2009' unitRef='GBP'>1455</pt:TotalUKCurrentCorporationTax>
  <pt:TotalUKCurrentCorporationTax precision='INF' contextRef='y2008' unitRef='GBP'>1014</pt:TotalUKCurrentCorporationTax>

<!-- Tangible Fixed Assets -->
<!-- Land/Buildings -->
  <pt:LandBuildingsCostOrValuation precision='INF' contextRef='e2008' unitRef='GBP'>1000</pt:LandBuildingsCostOrValuation>
  <pt:LandBuildingsAdditions precision='INF' contextRef='y2009' unitRef='GBP'>0</pt:LandBuildingsAdditions>
  <pt:LandBuildingsDisposals precision='INF' contextRef='y2009' unitRef='GBP'>0</pt:LandBuildingsDisposals>
  <pt:LandBuildingsCostOrValuation precision='INF' contextRef='e2009' unitRef='GBP'>1000</pt:LandBuildingsCostOrValuation>
  <pt:LandBuildingsDepreciation precision='INF' contextRef='e2008' unitRef='GBP'>100</pt:LandBuildingsDepreciation>
  <pt:LandBuildingsDepreciationChargeForPeriod precision='INF' contextRef='y2009' unitRef='GBP'>100</pt:LandBuildingsDepreciationChargeForPeriod>
  <pt:LandBuildingsDepreciationDisposals precision='INF' contextRef='y2009' unitRef='GBP'>0</pt:LandBuildingsDepreciationDisposals>
  <pt:LandBuildingsDepreciation precision='INF' contextRef='e2009' unitRef='GBP'>200</pt:LandBuildingsDepreciation>

  <pt:LandBuildingsIncreaseDecreaseFromRevaluations precision='INF' contextRef='y2009' unitRef='GBP'>0</pt:LandBuildingsIncreaseDecreaseFromRevaluations>
  <pt:LandBuildingsIncreaseDecreaseFromTransfersBetweenItems precision='INF' contextRef='y2009' unitRef='GBP'>0</pt:LandBuildingsIncreaseDecreaseFromTransfersBetweenItems>
<!-- ~Land/Buildings -->
<!-- Plant/Machinery -->
  <pt:PlantMachineryCostOrValuation precision='INF' contextRef='e2008' unitRef='GBP'>10041</pt:PlantMachineryCostOrValuation>
  <pt:PlantMachineryAdditions precision='INF' contextRef='y2009' unitRef='GBP'>769</pt:PlantMachineryAdditions>
  <pt:PlantMachineryDisposals precision='INF' contextRef='y2009' unitRef='GBP'>0</pt:PlantMachineryDisposals>
  <pt:PlantMachineryCostOrValuation precision='INF' contextRef='e2009' unitRef='GBP'>10810</pt:PlantMachineryCostOrValuation>
  <pt:PlantMachineryDepreciation precision='INF' contextRef='e2008' unitRef='GBP'>1887</pt:PlantMachineryDepreciation>
  <pt:PlantMachineryDepreciationChargeForPeriod precision='INF' contextRef='y2009' unitRef='GBP'>2259</pt:PlantMachineryDepreciationChargeForPeriod>
  <pt:PlantMachineryDepreciationDisposals precision='INF' contextRef='y2009' unitRef='GBP'>0</pt:PlantMachineryDepreciationDisposals>
  <pt:PlantMachineryDepreciation precision='INF' contextRef='e2009' unitRef='GBP'>4146</pt:PlantMachineryDepreciation>
  
  <pt:PlantMachineryIncreaseDecreaseFromRevaluations precision='INF' contextRef='y2009' unitRef='GBP'>0</pt:PlantMachineryIncreaseDecreaseFromRevaluations>
  <pt:PlantMachineryIncreaseDecreaseFromTransfersBetweenItems precision='INF' contextRef='y2009' unitRef='GBP'>0</pt:PlantMachineryIncreaseDecreaseFromTransfersBetweenItems>
<!-- ~Plant/Machinery -->
<!-- Fixtures/fittings -->
  <pt:FixturesFittingsToolsEquipmentCostOrValuation precision='INF' contextRef='e2008' unitRef='GBP'>0</pt:FixturesFittingsToolsEquipmentCostOrValuation>
  <pt:FixturesFittingsToolsEquipmentAdditions precision='INF' contextRef='y2009' unitRef='GBP'>0</pt:FixturesFittingsToolsEquipmentAdditions>
  <pt:FixturesFittingsToolsEquipmentDisposals precision='INF' contextRef='y2009' unitRef='GBP'>0</pt:FixturesFittingsToolsEquipmentDisposals>
  <pt:FixturesFittingsToolsEquipmentCostOrValuation precision='INF' contextRef='e2009' unitRef='GBP'>0</pt:FixturesFittingsToolsEquipmentCostOrValuation>
  <pt:FixturesFittingsToolsEquipmentDepreciation precision='INF' contextRef='e2008' unitRef='GBP'>0</pt:FixturesFittingsToolsEquipmentDepreciation>
  <pt:FixturesFittingsToolsEquipmentDepreciationChargeForPeriod precision='INF' contextRef='y2009' unitRef='GBP'>0</pt:FixturesFittingsToolsEquipmentDepreciationChargeForPeriod>
  <pt:FixturesFittingsToolsEquipmentDepreciationDisposals precision='INF' contextRef='y2009' unitRef='GBP'>0</pt:FixturesFittingsToolsEquipmentDepreciationDisposals>
  <pt:FixturesFittingsToolsEquipmentDepreciation precision='INF' contextRef='e2009' unitRef='GBP'>0</pt:FixturesFittingsToolsEquipmentDepreciation>
  
  <pt:FixturesFittingsToolsEquipmentIncreaseDecreaseFromRevaluations precision='INF' contextRef='y2009' unitRef='GBP'>0</pt:FixturesFittingsToolsEquipmentIncreaseDecreaseFromRevaluations>
  <pt:FixturesFittingsToolsEquipmentIncreaseDecreaseFromTransfersBetweenItems precision='INF' contextRef='y2009' unitRef='GBP'>0</pt:FixturesFittingsToolsEquipmentIncreaseDecreaseFromTransfersBetweenItems>
<!-- ~Fixtures/fittings -->
<!-- Totals -->
  <pt:LandBuildings precision='INF' contextRef='e2008' unitRef='GBP'>900</pt:LandBuildings>
  <pt:LandBuildings precision='INF' contextRef='e2009' unitRef='GBP'>800</pt:LandBuildings>
  <pt:PlantMachinery precision='INF' contextRef='e2008' unitRef='GBP'>8154</pt:PlantMachinery>
  <pt:PlantMachinery precision='INF' contextRef='e2009' unitRef='GBP'>6664</pt:PlantMachinery>
  <pt:FixturesFittingsToolsEquipment precision='INF' contextRef='e2008' unitRef='GBP'>0</pt:FixturesFittingsToolsEquipment>
  <pt:FixturesFittingsToolsEquipment precision='INF' contextRef='e2009' unitRef='GBP'>0</pt:FixturesFittingsToolsEquipment>
<!-- ~Totals -->
  <pt:TangibleFixedAssetsCostOrValuation precision='INF' contextRef='e2008' unitRef='GBP'>11041</pt:TangibleFixedAssetsCostOrValuation>
  <pt:TangibleFixedAssetsAdditions precision='INF' contextRef='y2009' unitRef='GBP'>769</pt:TangibleFixedAssetsAdditions>
  <pt:TangibleFixedAssetsDisposals precision='INF' contextRef='y2009' unitRef='GBP'>0</pt:TangibleFixedAssetsDisposals>
  <pt:TangibleFixedAssetsCostOrValuation precision='INF' contextRef='e2009' unitRef='GBP'>11810</pt:TangibleFixedAssetsCostOrValuation>
  <pt:TangibleFixedAssetsDepreciation precision='INF' contextRef='e2008' unitRef='GBP'>1987</pt:TangibleFixedAssetsDepreciation>
  <pt:TangibleFixedAssetsDepreciationChargeForPeriod precision='INF' contextRef='y2009' unitRef='GBP'>2359</pt:TangibleFixedAssetsDepreciationChargeForPeriod>
  <pt:TangibleFixedAssetsDepreciationDisposals precision='INF' contextRef='y2009' unitRef='GBP'>0</pt:TangibleFixedAssetsDepreciationDisposals>
  <pt:TangibleFixedAssetsDepreciation precision='INF' contextRef='e2009' unitRef='GBP'>4346</pt:TangibleFixedAssetsDepreciation>
  <pt:TangibleFixedAssetsIncreaseDecreaseFromRevaluations precision='INF' contextRef='y2009' unitRef='GBP'>0</pt:TangibleFixedAssetsIncreaseDecreaseFromRevaluations>
  <pt:TangibleFixedAssetsIncreaseDecreaseFromTransfersBetweenItems precision='INF' contextRef='y2009' unitRef='GBP'>0</pt:TangibleFixedAssetsIncreaseDecreaseFromTransfersBetweenItems>
<!-- ~Tangible Fixed Assets -->
<!-- Intangible Fixed Assets -->
  <pt:IntangibleFixedAssetsCostOrValuation precision='INF' contextRef='e2008' unitRef='GBP'>900</pt:IntangibleFixedAssetsCostOrValuation>
  <pt:IntangibleFixedAssetsCostOrValuation precision='INF' contextRef='e2009' unitRef='GBP'>900</pt:IntangibleFixedAssetsCostOrValuation>
  <pt:IntangibleFixedAssetsAggregateAmortisationImpairment precision='INF' contextRef='e2008' unitRef='GBP'>0</pt:IntangibleFixedAssetsAggregateAmortisationImpairment>
  <pt:IntangibleFixedAssetsAmortisationChargedInPeriod precision='INF' contextRef='y2009' unitRef='GBP'>150</pt:IntangibleFixedAssetsAmortisationChargedInPeriod>
  <pt:IntangibleFixedAssetsAggregateAmortisationImpairment precision='INF' contextRef='e2009' unitRef='GBP'>150</pt:IntangibleFixedAssetsAggregateAmortisationImpairment>
  <pt:IntangibleFixedAssetsAmortisationOnDisposals precision="INF" contextRef="y2009" unitRef="GBP">0</pt:IntangibleFixedAssetsAmortisationOnDisposals>
  <ae:IntangibleFixedAssetsRevaluation precision="INF" contextRef="y2009" unitRef="GBP">0</ae:IntangibleFixedAssetsRevaluation>
  <pt:IntangibleFixedAssetsAdditions precision="INF" contextRef="y2009" unitRef="GBP">250</pt:IntangibleFixedAssetsAdditions>
  <pt:IntangibleFixedAssetsDisposals precision="INF" contextRef="y2009" unitRef="GBP">250</pt:IntangibleFixedAssetsDisposals>
  <pt:IntangibleFixedAssetsIncreaseDecreaseFromTransfersBetweenItems precision="INF" contextRef="y2009" unitRef="GBP">0</pt:IntangibleFixedAssetsIncreaseDecreaseFromTransfersBetweenItems>
<!-- ~Intangible Fixed Assets -->
<!-- Debtors -->
  <pt:TradeDebtors precision='INF' contextRef='e2009' unitRef='GBP'>2020</pt:TradeDebtors>
  <pt:TradeDebtors precision='INF' contextRef='e2008' unitRef='GBP'>2000</pt:TradeDebtors>
  <pt:OtherDebtors precision='INF' contextRef='e2009' unitRef='GBP'>447</pt:OtherDebtors>
  <pt:OtherDebtors precision='INF' contextRef='e2008' unitRef='GBP'>685</pt:OtherDebtors>
  <pt:PrepaymentsAccruedIncomeCurrentAsset precision='INF' contextRef='e2009' unitRef='GBP'>0</pt:PrepaymentsAccruedIncomeCurrentAsset>
  <pt:PrepaymentsAccruedIncomeCurrentAsset precision='INF' contextRef='e2008' unitRef='GBP'>0</pt:PrepaymentsAccruedIncomeCurrentAsset>
  <pt:PrepaymentsAccruedIncomeNotExpressedWithinCurrentAssetSub-total precision='INF' contextRef='e2009' unitRef='GBP'>0</pt:PrepaymentsAccruedIncomeNotExpressedWithinCurrentAssetSub-total>
  <pt:PrepaymentsAccruedIncomeNotExpressedWithinCurrentAssetSub-total precision='INF' contextRef='e2008' unitRef='GBP'>0</pt:PrepaymentsAccruedIncomeNotExpressedWithinCurrentAssetSub-total>
  <pt:CalledUpShareCapitalNotPaidCurrentAsset precision='INF' contextRef='e2009' unitRef='GBP'>0</pt:CalledUpShareCapitalNotPaidCurrentAsset>
  <pt:CalledUpShareCapitalNotPaidCurrentAsset precision='INF' contextRef='e2008' unitRef='GBP'>0</pt:CalledUpShareCapitalNotPaidCurrentAsset>
  <pt:Debtors precision='INF' contextRef='e2009' unitRef='GBP'>2467</pt:Debtors>
  <pt:Debtors precision='INF' contextRef='e2008' unitRef='GBP'>2685</pt:Debtors>
  <pt:InvestmentsCurrentAssets precision='INF' contextRef='e2009' unitRef='GBP'>0</pt:InvestmentsCurrentAssets>
  <pt:InvestmentsCurrentAssets precision='INF' contextRef='e2008' unitRef='GBP'>0</pt:InvestmentsCurrentAssets>
  <ae:DebtorsFreeTextNote contextRef='e2009'>Debtors free text note</ae:DebtorsFreeTextNote>
<!-- ~Debtors -->

<!-- Total creditors -->
  <ae:InstalmentDebtsFallingDueAfter5Years precision='INF' contextRef='e2009' unitRef='GBP'>0</ae:InstalmentDebtsFallingDueAfter5Years>
  <ae:InstalmentDebtsFallingDueAfter5Years precision='INF' contextRef='e2008' unitRef='GBP'>0</ae:InstalmentDebtsFallingDueAfter5Years>
  <ae:Non-InstalmentDebtsFallingDueAfter5Years precision='INF' contextRef='e2009' unitRef='GBP'>0</ae:Non-InstalmentDebtsFallingDueAfter5Years>
  <ae:Non-InstalmentDebtsFallingDueAfter5Years precision='INF' contextRef='e2008' unitRef='GBP'>0</ae:Non-InstalmentDebtsFallingDueAfter5Years>
  <ae:SecuredDebts precision='INF' contextRef='e2009' unitRef='GBP'>0</ae:SecuredDebts>
  <ae:SecuredDebts precision='INF' contextRef='e2008' unitRef='GBP'>0</ae:SecuredDebts>
<!-- ~Total creditors -->

<!-- Creditors: amounts falling due within one year -->
  <pt:BankLoansOverdraftsWithinOneYear precision='INF' contextRef='e2009' unitRef='GBP'>2065</pt:BankLoansOverdraftsWithinOneYear>
  <pt:BankLoansOverdraftsWithinOneYear precision='INF' contextRef='e2008' unitRef='GBP'>2056</pt:BankLoansOverdraftsWithinOneYear>
  <pt:TradeCreditorsWithinOneYear precision='INF' contextRef='e2009' unitRef='GBP'>0</pt:TradeCreditorsWithinOneYear>
  <pt:TradeCreditorsWithinOneYear precision='INF' contextRef='e2008' unitRef='GBP'>0</pt:TradeCreditorsWithinOneYear>
  <pt:AccrualsDeferredIncomeWithinOneYear precision='INF' contextRef='e2009' unitRef='GBP'>0</pt:AccrualsDeferredIncomeWithinOneYear>
  <pt:AccrualsDeferredIncomeWithinOneYear precision='INF' contextRef='e2008' unitRef='GBP'>0</pt:AccrualsDeferredIncomeWithinOneYear>
  <pt:OtherCreditorsDueWithinOneYear precision='INF' contextRef='e2009' unitRef='GBP'>900</pt:OtherCreditorsDueWithinOneYear>
  <pt:OtherCreditorsDueWithinOneYear precision='INF' contextRef='e2008' unitRef='GBP'>400</pt:OtherCreditorsDueWithinOneYear>
  <pt:CreditorsDueWithinOneYearTotalCurrentLiabilities precision='INF' contextRef='e2009' unitRef='GBP'>2965</pt:CreditorsDueWithinOneYearTotalCurrentLiabilities>
  <pt:CreditorsDueWithinOneYearTotalCurrentLiabilities precision='INF' contextRef='e2008' unitRef='GBP'>2456</pt:CreditorsDueWithinOneYearTotalCurrentLiabilities>
<!-- Creditors due after 12 months -->
  <pt:BankLoansOverdraftsAfterOneYear precision='INF' contextRef='e2009' unitRef='GBP'>1000</pt:BankLoansOverdraftsAfterOneYear>
  <pt:BankLoansOverdraftsAfterOneYear precision='INF' contextRef='e2008' unitRef='GBP'>1000</pt:BankLoansOverdraftsAfterOneYear>
  <pt:ObligationsUnderFinanceLeaseHirePurchaseContractsAfterOneYear precision='INF' contextRef='e2009' unitRef='GBP'>0</pt:ObligationsUnderFinanceLeaseHirePurchaseContractsAfterOneYear>
  <pt:ObligationsUnderFinanceLeaseHirePurchaseContractsAfterOneYear precision='INF' contextRef='e2008' unitRef='GBP'>0</pt:ObligationsUnderFinanceLeaseHirePurchaseContractsAfterOneYear>
  <ae:LoansFromDirectors precision='INF' contextRef='e2009' unitRef='GBP'>0</ae:LoansFromDirectors>
  <ae:LoansFromDirectors precision='INF' contextRef='e2008' unitRef='GBP'>0</ae:LoansFromDirectors>
  <pt:OtherCreditorsAfterOneYear precision='INF' contextRef='e2009' unitRef='GBP'>1775</pt:OtherCreditorsAfterOneYear>
  <pt:OtherCreditorsAfterOneYear precision='INF' contextRef='e2008' unitRef='GBP'>4550</pt:OtherCreditorsAfterOneYear>
<!-- ~Creditors due after 12 months -->

  <ae:TransactionsWithDirectors contextRef='y2009'>
    A transaction with a director.
  </ae:TransactionsWithDirectors>
  <pt:RelatedPartyDisclosures>
    <pt:StatementOnRelatedPartyDisclosure contextRef='y2009'>A statement on a related party disclosure</pt:StatementOnRelatedPartyDisclosure>
  </pt:RelatedPartyDisclosures>
<!-- TFA tuple -->
  <ae:OtherTypeTangibleFixedAsset-Analysis>
    <ae:NameTypeTangibleFixedAsset contextRef='y2009'>Computer Equipment</ae:NameTypeTangibleFixedAsset>
    <ae:CostOrValuationOtherTangibleFixedAsset>
      <ae:OtherTangibleFixedAssetCostOrValuation precision='INF' contextRef='e2009' unitRef='GBP'>0</ae:OtherTangibleFixedAssetCostOrValuation>
      <ae:OtherTangibleFixedAssetCostOrValuation precision='INF' contextRef='e2008' unitRef='GBP'>0</ae:OtherTangibleFixedAssetCostOrValuation>
      <ae:OtherTangibleFixedAssetAdditions precision='INF' contextRef='y2009' unitRef='GBP'>0</ae:OtherTangibleFixedAssetAdditions>
      <ae:OtherTangibleFixedAssetDisposals precision='INF' contextRef='y2009' unitRef='GBP'>0</ae:OtherTangibleFixedAssetDisposals>
      <ae:OtherTangibleFixedAssetRevaluation precision='INF' contextRef='y2009' unitRef='GBP'>0</ae:OtherTangibleFixedAssetRevaluation>
      <ae:OtherTangibleFixedAssetTransfers precision='INF' contextRef='y2009' unitRef='GBP'>0</ae:OtherTangibleFixedAssetTransfers>
    </ae:CostOrValuationOtherTangibleFixedAsset>
    <ae:DepreciationOtherTangibleFixedAsset>
      <ae:OtherTangibleFixedAssetDepreciation precision='INF' contextRef='e2008' unitRef='GBP'>0</ae:OtherTangibleFixedAssetDepreciation>
      <ae:OtherTangibleFixedAssetDepreciation precision='INF' contextRef='e2009' unitRef='GBP'>0</ae:OtherTangibleFixedAssetDepreciation>
      <ae:OtherTangibleFixedAssetDepreciationChargeForPeriod precision='INF' contextRef='y2009' unitRef='GBP'>0</ae:OtherTangibleFixedAssetDepreciationChargeForPeriod>
      <ae:OtherTangibleFixedAssetDepreciationDisposals precision='INF' contextRef='y2009' unitRef='GBP'>0</ae:OtherTangibleFixedAssetDepreciationDisposals>
    </ae:DepreciationOtherTangibleFixedAsset>
    <ae:OtherTangibleFixedAsset precision='INF' contextRef='e2008' unitRef='GBP'>0</ae:OtherTangibleFixedAsset>
    <ae:OtherTangibleFixedAsset precision='INF' contextRef='e2009' unitRef='GBP'>0</ae:OtherTangibleFixedAsset>
  </ae:OtherTypeTangibleFixedAsset-Analysis>
<!-- ~TFA tuple -->
  <pt:EquityAuthorisedDetails>
    <pt:TypeOrdinaryShare contextRef='y2009'>A shares</pt:TypeOrdinaryShare>
    <pt:NumberOrdinarySharesAuthorised precision='INF' contextRef='e2009' unitRef='shares'>1000</pt:NumberOrdinarySharesAuthorised>
    <pt:ParValueOrdinaryShare precision='INF' contextRef='y2009' unitRef='GBP'>1</pt:ParValueOrdinaryShare>
    <pt:ValueOrdinarySharesAuthorised precision='INF' contextRef='e2009' unitRef='GBP'>1000</pt:ValueOrdinarySharesAuthorised>
    <pt:ValueOrdinarySharesAuthorised precision='INF' contextRef='e2008' unitRef='GBP'>1000</pt:ValueOrdinarySharesAuthorised>
  </pt:EquityAuthorisedDetails>
  <pt:EquityAuthorisedDetails>
    <pt:TypeOrdinaryShare contextRef='y2009'>B shares</pt:TypeOrdinaryShare>
    <pt:NumberOrdinarySharesAuthorised precision='INF' contextRef='e2009' unitRef='shares'>200</pt:NumberOrdinarySharesAuthorised>
    <pt:ParValueOrdinaryShare precision='INF' contextRef='y2009' unitRef='GBP'>0.5</pt:ParValueOrdinaryShare>
    <pt:ValueOrdinarySharesAuthorised precision='INF' contextRef='e2009' unitRef='GBP'>100</pt:ValueOrdinarySharesAuthorised>
    <pt:ValueOrdinarySharesAuthorised precision='INF' contextRef='e2008' unitRef='GBP'>100</pt:ValueOrdinarySharesAuthorised>
  </pt:EquityAuthorisedDetails>
  <pt:NonEquityAuthorisedDetails>
    <pt:TypeNonEquityShare contextRef='y2009'>preference shares</pt:TypeNonEquityShare>
    <pt:NumberNonEquitySharesAuthorised precision='INF' contextRef='e2009' unitRef='shares'>50</pt:NumberNonEquitySharesAuthorised>
    <pt:ParValueNonEquityShare precision='INF' contextRef='y2009' unitRef='GBP'>10</pt:ParValueNonEquityShare>
    <pt:ValueNonEquitySharesAuthorised precision='INF' contextRef='e2009' unitRef='GBP'>500</pt:ValueNonEquitySharesAuthorised>
    <pt:ValueNonEquitySharesAuthorised precision='INF' contextRef='e2008' unitRef='GBP'>500</pt:ValueNonEquitySharesAuthorised>
  </pt:NonEquityAuthorisedDetails>
  <pt:NonEquityAllottedDetails>
    <pt:TypeNonEquityShare contextRef='y2009'>preference shares</pt:TypeNonEquityShare>
    <pt:NumberNonEquitySharesAllotted precision='INF' contextRef='e2009' unitRef='shares'>10</pt:NumberNonEquitySharesAllotted>
    <pt:ParValueNonEquityShare precision='INF' contextRef='y2009' unitRef='GBP'>10</pt:ParValueNonEquityShare>
    <pt:ValueNonEquitySharesAllotted precision='INF' contextRef='e2009' unitRef='GBP'>100</pt:ValueNonEquitySharesAllotted>
    <pt:ValueNonEquitySharesAllotted precision='INF' contextRef='e2008' unitRef='GBP'>100</pt:ValueNonEquitySharesAllotted>
  </pt:NonEquityAllottedDetails>
  <pt:DetailsOrdinarySharesAllotted>
    <pt:TypeOrdinaryShare contextRef='y2009'>A shares</pt:TypeOrdinaryShare>
    <pt:ParValueOrdinaryShare precision='INF' contextRef='y2009' unitRef='GBP'>1</pt:ParValueOrdinaryShare>
    <pt:ValueOrdinarySharesAllotted precision='INF' contextRef='e2009' unitRef='GBP'>100</pt:ValueOrdinarySharesAllotted>
    <pt:ValueOrdinarySharesAllotted precision='INF' contextRef='e2008' unitRef='GBP'>50</pt:ValueOrdinarySharesAllotted>
    <pt:NumberOrdinarySharesAllotted precision='INF' contextRef='e2009' unitRef='shares'>100</pt:NumberOrdinarySharesAllotted>
  </pt:DetailsOrdinarySharesAllotted>
  <pt:DetailsOrdinarySharesAllotted>
    <pt:TypeOrdinaryShare contextRef='y2009'>B shares</pt:TypeOrdinaryShare>
    <pt:ParValueOrdinaryShare precision='INF' contextRef='y2009' unitRef='GBP'>0.50</pt:ParValueOrdinaryShare>
    <pt:ValueOrdinarySharesAllotted precision='INF' contextRef='e2009' unitRef='GBP'>100</pt:ValueOrdinarySharesAllotted>
    <pt:ValueOrdinarySharesAllotted precision='INF' contextRef='e2008' unitRef='GBP'>50</pt:ValueOrdinarySharesAllotted>
    <pt:NumberOrdinarySharesAllotted precision='INF' contextRef='e2009' unitRef='shares'>200</pt:NumberOrdinarySharesAllotted>
  </pt:DetailsOrdinarySharesAllotted>
  <pt:OrdinarySharesIssuedInPeriod-Details>
    <pt:TypeOrdinaryShare contextRef='y2009'>B shares</pt:TypeOrdinaryShare>
    <pt:ParValueOrdinaryShare precision='INF' contextRef='y2009' unitRef='GBP'>1</pt:ParValueOrdinaryShare>
    <pt:TotalNumberSharesIssued precision='INF' contextRef='y2009' unitRef='shares'>10</pt:TotalNumberSharesIssued>
    <pt:TotalNominalValue precision='INF' contextRef='y2009' unitRef='GBP'>10</pt:TotalNominalValue>
    <pt:TotalConsideration precision='INF' contextRef='y2009' unitRef='GBP'>10</pt:TotalConsideration>
  </pt:OrdinarySharesIssuedInPeriod-Details>
  <pt:NonEquitySharesDetailsAllotmentsDuringPeriod>
    <pt:TypeNonEquityShare contextRef='y2009'>preference shares</pt:TypeNonEquityShare>
    <pt:ParValueNonEquityShare precision='INF' contextRef='y2009' unitRef='GBP'>10</pt:ParValueNonEquityShare>
    <pt:NumberNonEquitySharesAllottedInPeriod precision='INF' contextRef='y2009' unitRef='shares'>10</pt:NumberNonEquitySharesAllottedInPeriod>
    <pt:ValueNonEquitySharesAllottedInPeriod precision='INF' contextRef='y2009' unitRef='GBP'>100</pt:ValueNonEquitySharesAllottedInPeriod>
    <pt:ConsiderationForNonEquitySharesAllottedInPeriod precision='INF' contextRef='y2009' unitRef='GBP'>100</pt:ConsiderationForNonEquitySharesAllottedInPeriod>
  </pt:NonEquitySharesDetailsAllotmentsDuringPeriod>

  <ae:AdditionalNote>
    <ae:TitleAdditionalNote contextRef='y2009'>Title for a free-text footnote</ae:TitleAdditionalNote>
    <ae:ContentAdditionalNote contextRef='y2009'>Content for this footnote.</ae:ContentAdditionalNote>
  </ae:AdditionalNote>
  <ae:AdditionalNote>
    <ae:TitleAdditionalNote contextRef='y2009'>Another free-text footnote</ae:TitleAdditionalNote>
    <ae:ContentAdditionalNote contextRef='y2009'>Some more content.</ae:ContentAdditionalNote>
  </ae:AdditionalNote>
  <link:footnoteLink xlink:role='http://www.xbrl.org/2003/role/link' xlink:title='Admin Costs' xlink:type='extended'>
    <link:footnote xlink:label='footnote2' xlink:type='resource' xml:lang='en'>
      A note on administration costs.
    </link:footnote>
    <link:loc xlink:href='#s2-1' xlink:label='s2-1' xlink:title='AE footnote' xlink:type='locator' />
    <link:footnoteArc use='optional' order='3' priority='5' xlink:actuate='onRequest' xlink:arcrole='http://www.xbrl.org/2003/arcrole/fact-footnote' xlink:from='s2-1' xlink:show='replace' xlink:title='AE footnote' xlink:to='footnote2' xlink:type='arc' />
  </link:footnoteLink>
  <unit id='shares'>
    <measure>xbrli:shares</measure>
  </unit>
  <unit id='GBP'>
    <measure>iso4217:GBP</measure>
  </unit>
  <unit id='pure'>
    <measure>xbrli:pure</measure>
  </unit>
  <context id='y2009'>
    <entity>
      <identifier scheme='no-energy/results'>No Energy Ltd</identifier>
    </entity>
    <period>
      <startDate>2008-11-01</startDate>
      <endDate>2009-10-31</endDate>
    </period>
  </context>
  <context id='y2008'>
    <entity>
      <identifier scheme='no-energy/results'>No Energy Ltd</identifier>
    </entity>
    <period>
      <startDate>2007-11-01</startDate>
      <endDate>2008-10-31</endDate>
    </period>
  </context>
  <context id='s2008'>
    <entity>
      <identifier scheme='no-energy/results'>No Energy Ltd</identifier>
    </entity>
    <period>
      <instant>2007-10-31</instant>
    </period>
  </context>
  <context id='e2008'>
    <entity>
      <identifier scheme='no-energy/results'>No Energy Ltd</identifier>
    </entity>
    <period>
      <instant>2008-10-31</instant>
    </period>
  </context>
  <context id='s2009'>
    <entity>
      <identifier scheme='no-energy/results'>No Energy Ltd</identifier>
    </entity>
    <period>
      <instant>2008-10-31</instant>
    </period>
  </context>
  <context id='e2009'>
    <entity>
      <identifier scheme='no-energy/results'>No Energy Ltd</identifier>
    </entity>
    <period>
      <instant>2009-10-31</instant>
    </period>
  </context>
</xbrl>
