<?xml version="1.0" encoding="US-ASCII"?>
<link:linkbase xmlns:xsi="http://www.w3.org/2001/XMLSchema-instance"
xmlns:horizontal="http://horizontal/20111231"
xmlns:link="http://www.xbrl.org/2003/linkbase"
xmlns:xbrli="http://www.xbrl.org/2003/instance"
xmlns:xlink="http://www.w3.org/1999/xlink"
xsi:schemaLocation="http://www.xbrl.org/2003/linkbase http://www.xbrl.org/2003/xbrl-linkbase-2003-12-31.xsd">
<link:roleRef roleURI="http://horizontal/role/StatementOfStockholdersEquity"
xlink:type="simple"
xlink:href="horizontal-20111231.xsd#StatementOfStockholdersEquity"/>
<link:roleRef roleURI="http://www.xbrl.org/2009/role/negatedLabel" xlink:type="simple"
xlink:href="http://www.xbrl.org/lrr/role/negated-2009-12-16.xsd#negatedLabel"/>
<link:roleRef roleURI="http://horizontal/role/Other" xlink:type="simple"
xlink:href="horizontal-20111231.xsd#Other"/>
<link:presentationLink xlink:type="extended" xlink:role="http://horizontal/role/Other">
<link:loc xlink:type="locator"
xlink:href="http://xbrl.sec.gov/dei/2011/dei-2011-01-31.xsd#dei_DocumentInformationLineItems"
xlink:label="DocumentInformationLineItems"/>
<link:loc xlink:type="locator"
xlink:href="http://xbrl.sec.gov/dei/2011/dei-2011-01-31.xsd#dei_DocumentType"
xlink:label="DocumentType"/>
<link:loc xlink:type="locator"
xlink:href="http://xbrl.sec.gov/dei/2011/dei-2011-01-31.xsd#dei_EntityCentralIndexKey"
xlink:label="EntityCentralIndexKey"/>
<link:loc xlink:type="locator"
xlink:href="http://xbrl.sec.gov/dei/2011/dei-2011-01-31.xsd#dei_EntityRegistrantName"
xlink:label="EntityRegistrantName"/>
<link:loc xlink:type="locator"
xlink:href="http://xbrl.sec.gov/dei/2011/dei-2011-01-31.xsd#dei_AmendmentFlag"
xlink:label="AmendmentFlag"/>
<link:loc xlink:type="locator"
xlink:href="http://xbrl.sec.gov/dei/2011/dei-2011-01-31.xsd#dei_DocumentPeriodEndDate"
xlink:label="DocumentPeriodEndDate"/>
<link:presentationArc xlink:type="arc" xlink:arcrole="http://www.xbrl.org/2003/arcrole/parent-child"
xlink:from="DocumentInformationLineItems"
xlink:to="DocumentType"
order="1.0"/>
<link:presentationArc xlink:type="arc" xlink:arcrole="http://www.xbrl.org/2003/arcrole/parent-child"
xlink:from="DocumentInformationLineItems"
xlink:to="EntityCentralIndexKey"
order="2.0"/>
<link:presentationArc xlink:type="arc" xlink:arcrole="http://www.xbrl.org/2003/arcrole/parent-child"
xlink:from="DocumentInformationLineItems"
xlink:to="EntityRegistrantName"
order="3.0"/>
<link:presentationArc xlink:type="arc" xlink:arcrole="http://www.xbrl.org/2003/arcrole/parent-child"
xlink:from="DocumentInformationLineItems"
xlink:to="AmendmentFlag"
order="4.0"/>
<link:presentationArc xlink:type="arc" xlink:arcrole="http://www.xbrl.org/2003/arcrole/parent-child"
xlink:from="DocumentInformationLineItems"
xlink:to="DocumentPeriodEndDate"
order="5.0"/>
</link:presentationLink>
<link:presentationLink xlink:type="extended"
xlink:role="http://horizontal/role/StatementOfStockholdersEquity">
<link:loc xlink:type="locator"
xlink:href="http://xbrl.fasb.org/us-gaap/2011/elts/us-gaap-2011-01-31.xsd#us-gaap_StatementOfStockholdersEquityAbstract"
xlink:label="StatementOfStockholdersEquityAbstract"/>
<link:loc xlink:type="locator"
xlink:href="http://xbrl.fasb.org/us-gaap/2011/elts/us-gaap-2011-01-31.xsd#us-gaap_StatementTable"
xlink:label="StatementTable"/>
<link:loc xlink:type="locator"
xlink:href="http://xbrl.fasb.org/us-gaap/2011/elts/us-gaap-2011-01-31.xsd#us-gaap_StatementLineItems"
xlink:label="StatementLineItems"/>
<link:loc xlink:type="locator"
xlink:href="http://xbrl.fasb.org/us-gaap/2011/elts/us-gaap-2011-01-31.xsd#us-gaap_IncreaseDecreaseInStockholdersEquityRollForward"
xlink:label="IncreaseDecreaseInStockholdersEquityRollForward"/>
<link:loc xlink:type="locator"
xlink:href="http://xbrl.fasb.org/us-gaap/2011/elts/us-gaap-2011-01-31.xsd#us-gaap_StockholdersEquityOther"
xlink:label="StockholdersEquityOther"/>
<link:loc xlink:type="locator"
xlink:href="http://xbrl.fasb.org/us-gaap/2011/elts/us-gaap-2011-01-31.xsd#us-gaap_ComprehensiveIncomeNetOfTaxIncludingPortionAttributableToNoncontrollingInterestAbstract"
xlink:label="ComprehensiveIncomeNetOfTaxIncludingPortionAttributableToNoncontrollingInterestAbstract"/>
<link:loc xlink:type="locator"
xlink:href="http://xbrl.fasb.org/us-gaap/2011/elts/us-gaap-2011-01-31.xsd#us-gaap_StockholdersEquityPeriodIncreaseDecrease"
xlink:label="StockholdersEquityPeriodIncreaseDecrease"/>
<link:loc xlink:type="locator"
xlink:href="http://xbrl.fasb.org/us-gaap/2011/elts/us-gaap-2011-01-31.xsd#us-gaap_TreasuryStockValueAcquiredCostMethod"
xlink:label="TreasuryStockValueAcquiredCostMethod"/>
<link:loc xlink:type="locator"
xlink:href="http://xbrl.fasb.org/us-gaap/2011/elts/us-gaap-2011-01-31.xsd#us-gaap_StatementEquityComponentsAxis"
xlink:label="StatementEquityComponentsAxis"/>
<link:loc xlink:type="locator"
xlink:href="http://xbrl.fasb.org/us-gaap/2011/elts/us-gaap-2011-01-31.xsd#us-gaap_SharesIssued"
xlink:label="SharesIssued"/>
<link:loc xlink:type="locator"
xlink:href="http://xbrl.fasb.org/us-gaap/2011/elts/us-gaap-2011-01-31.xsd#us-gaap_SharesIssued"
xlink:label="SharesIssued_2"/>
<link:loc xlink:type="locator"
xlink:href="http://xbrl.fasb.org/us-gaap/2011/elts/us-gaap-2011-01-31.xsd#us-gaap_StockholdersEquityIncludingPortionAttributableToNoncontrollingInterest"
xlink:label="StockholdersEquityIncludingPortionAttributableToNoncontrollingInterest"/>
<link:loc xlink:type="locator"
xlink:href="http://xbrl.fasb.org/us-gaap/2011/elts/us-gaap-2011-01-31.xsd#us-gaap_StockholdersEquityIncludingPortionAttributableToNoncontrollingInterest"
xlink:label="StockholdersEquityIncludingPortionAttributableToNoncontrollingInterest_2"/>
<link:loc xlink:type="locator"
xlink:href="http://xbrl.fasb.org/us-gaap/2011/elts/us-gaap-2011-01-31.xsd#us-gaap_DividendsCommonStockCash"
xlink:label="DividendsCommonStockCash"/>
<link:loc xlink:type="locator"
xlink:href="http://xbrl.fasb.org/us-gaap/2011/elts/us-gaap-2011-01-31.xsd#us-gaap_StockholdersEquityOtherShares"
xlink:label="lbl_StockholdersEquityOtherShares"/>
<link:loc xlink:type="locator"
xlink:href="http://xbrl.fasb.org/us-gaap/2011/elts/us-gaap-2011-01-31.xsd#us-gaap_ProfitLoss"
xlink:label="ProfitLoss"/>
<link:loc xlink:type="locator"
xlink:href="http://xbrl.fasb.org/us-gaap/2011/elts/us-gaap-2011-01-31.xsd#us-gaap_OtherComprehensiveIncomeLossNetOfTaxPeriodIncreaseDecrease"
xlink:label="OtherComprehensiveIncomeLossNetOfTaxPeriodIncreaseDecrease"/>
<link:loc xlink:type="locator"
xlink:href="http://xbrl.fasb.org/us-gaap/2011/elts/us-gaap-2011-01-31.xsd#us-gaap_ComprehensiveIncomeNetOfTaxIncludingPortionAttributableToNoncontrollingInterest"
xlink:label="ComprehensiveIncomeNetOfTaxIncludingPortionAttributableToNoncontrollingInterest"/>
<link:loc xlink:type="locator"
xlink:href="horizontal-20111231.xsd#horizontal_ForwardContractComponentOfEquityUnits"
xlink:label="ForwardContractComponentOfEquityUnits"/>
<link:loc xlink:type="locator"
xlink:href="horizontal-20111231.xsd#horizontal_PurchaseOfCallOptionsNetOfTax"
xlink:label="PurchaseOfCallOptionsNetOfTax"/>
<link:loc xlink:type="locator"
xlink:href="horizontal-20111231.xsd#horizontal_SaleOfStockWarrants"
xlink:label="SaleOfStockWarrants"/>
<link:loc xlink:type="locator"
xlink:href="http://xbrl.fasb.org/us-gaap/2011/elts/us-gaap-2011-01-31.xsd#us-gaap_StockIssuedDuringPeriodSharesPeriodIncreaseDecrease"
xlink:label="StockIssuedDuringPeriodSharesPeriodIncreaseDecrease"/>
<link:loc xlink:type="locator"
xlink:href="http://xbrl.fasb.org/us-gaap/2011/elts/us-gaap-2011-01-31.xsd#us-gaap_NewAccountingPronouncementOrChangeInAccountingPrincipleCumulativeEffectOfChangeOnEquityOrNetAssets"
xlink:label="CumulativeEffectOfInitialAdoptionOfSFAS158"/>
<link:loc xlink:type="locator"
xlink:href="http://xbrl.fasb.org/us-gaap/2011/elts/us-gaap-2011-01-31.xsd#us-gaap_StockIssuedDuringPeriodValueConversionOfConvertibleSecurities"
xlink:label="StockIssuedDuringPeriodValueConversionOfConvertibleSecurities"/>
<link:loc xlink:type="locator"
xlink:href="http://xbrl.fasb.org/us-gaap/2011/elts/us-gaap-2011-01-31.xsd#us-gaap_TreasuryStockSharesAcquired"
xlink:label="TreasuryStockSharesAcquired"/>
<link:loc xlink:type="locator"
xlink:href="http://xbrl.fasb.org/us-gaap/2011/elts/us-gaap-2011-01-31.xsd#us-gaap_AdjustmentsToAdditionalPaidInCapitalSharebasedCompensationRequisiteServicePeriodRecognitionValue"
xlink:label="AdjustmentsToAdditionalPaidInCapitalSharebasedCompensationRequisiteServicePeriodRecognitionValue"/>
<link:loc xlink:type="locator"
xlink:href="http://xbrl.fasb.org/us-gaap/2011/elts/us-gaap-2011-01-31.xsd#us-gaap_RetainedEarningsMember"
xlink:label="RetainedEarningsMember"/>
<link:loc xlink:type="locator"
xlink:href="http://xbrl.fasb.org/us-gaap/2011/elts/us-gaap-2011-01-31.xsd#us-gaap_AccumulatedOtherComprehensiveIncomeMember"
xlink:label="AccumulatedOtherComprehensiveIncomeMember"/>
<link:loc xlink:type="locator"
xlink:href="http://xbrl.fasb.org/us-gaap/2011/elts/us-gaap-2011-01-31.xsd#us-gaap_NoncontrollingInterestMember"
xlink:label="NoncontrollingInterestMember"/>
<link:loc xlink:type="locator"
xlink:href="http://xbrl.fasb.org/us-gaap/2011/elts/us-gaap-2011-01-31.xsd#us-gaap_ComprehensiveIncomeMember"
xlink:label="ComprehensiveIncomeMember"/>
<link:loc xlink:type="locator"
xlink:href="http://xbrl.fasb.org/us-gaap/2011/elts/us-gaap-2011-01-31.xsd#us-gaap_CommonStockMember"
xlink:label="CommonStockMember"/>
<link:loc xlink:type="locator"
xlink:href="http://xbrl.fasb.org/us-gaap/2011/elts/us-gaap-2011-01-31.xsd#us-gaap_EquityComponentDomain"
xlink:label="EquityComponentDomain"/>
<link:presentationArc xlink:type="arc" xlink:arcrole="http://www.xbrl.org/2003/arcrole/parent-child"
xlink:from="StatementOfStockholdersEquityAbstract"
xlink:to="StatementTable"
order="10.0"/>
<link:presentationArc xlink:type="arc" xlink:arcrole="http://www.xbrl.org/2003/arcrole/parent-child"
xlink:from="StatementTable"
xlink:to="StatementLineItems"
order="20.0"/>
<link:presentationArc xlink:type="arc" xlink:arcrole="http://www.xbrl.org/2003/arcrole/parent-child"
xlink:from="StatementLineItems"
xlink:to="IncreaseDecreaseInStockholdersEquityRollForward"
order="10.0"
preferredLabel="http://www.xbrl.org/2003/role/terseLabel"/>
<link:presentationArc xlink:type="arc" xlink:arcrole="http://www.xbrl.org/2003/arcrole/parent-child"
xlink:from="IncreaseDecreaseInStockholdersEquityRollForward"
xlink:to="SharesIssued"
use="optional"
order="20.0"
preferredLabel="http://www.xbrl.org/2003/role/periodStartLabel"/>
<link:presentationArc xlink:type="arc" xlink:arcrole="http://www.xbrl.org/2003/arcrole/parent-child"
xlink:from="IncreaseDecreaseInStockholdersEquityRollForward"
xlink:to="SharesIssued_2"
use="optional"
priority="1"
order="110.0"
preferredLabel="http://www.xbrl.org/2003/role/periodEndLabel"/>
<link:presentationArc xlink:type="arc" xlink:arcrole="http://www.xbrl.org/2003/arcrole/parent-child"
xlink:from="IncreaseDecreaseInStockholdersEquityRollForward"
xlink:to="StockholdersEquityIncludingPortionAttributableToNoncontrollingInterest"
use="optional"
order="10.0"
preferredLabel="http://www.xbrl.org/2003/role/periodStartLabel"/>
<link:presentationArc xlink:type="arc" xlink:arcrole="http://www.xbrl.org/2003/arcrole/parent-child"
xlink:from="IncreaseDecreaseInStockholdersEquityRollForward"
xlink:to="StockholdersEquityIncludingPortionAttributableToNoncontrollingInterest_2"
use="optional"
priority="1"
order="100.0"
preferredLabel="http://www.xbrl.org/2003/role/periodEndLabel"/>
<link:presentationArc xlink:type="arc" xlink:arcrole="http://www.xbrl.org/2003/arcrole/parent-child"
xlink:from="IncreaseDecreaseInStockholdersEquityRollForward"
xlink:to="DividendsCommonStockCash"
use="optional"
order="40.0"
preferredLabel="http://www.xbrl.org/2009/role/negatedLabel"/>
<link:presentationArc xlink:type="arc" xlink:arcrole="http://www.xbrl.org/2003/arcrole/parent-child"
xlink:from="IncreaseDecreaseInStockholdersEquityRollForward"
xlink:to="StockholdersEquityOther"
use="optional"
order="90.0"
preferredLabel="http://www.xbrl.org/2009/role/negatedLabel"/>
<link:presentationArc xlink:type="arc" xlink:arcrole="http://www.xbrl.org/2003/arcrole/parent-child"
xlink:from="StockholdersEquityOther"
xlink:to="lbl_StockholdersEquityOtherShares"
order="11.0"
preferredLabel="http://www.xbrl.org/2009/role/negatedLabel"/>
<link:presentationArc xlink:type="arc" xlink:arcrole="http://www.xbrl.org/2003/arcrole/parent-child"
xlink:from="IncreaseDecreaseInStockholdersEquityRollForward"
xlink:to="ComprehensiveIncomeNetOfTaxIncludingPortionAttributableToNoncontrollingInterestAbstract"
order="30.0"/>
<link:presentationArc xlink:type="arc" xlink:arcrole="http://www.xbrl.org/2003/arcrole/parent-child"
xlink:from="ComprehensiveIncomeNetOfTaxIncludingPortionAttributableToNoncontrollingInterestAbstract"
xlink:to="ProfitLoss"
use="optional"
order="10.0"
preferredLabel="http://www.xbrl.org/2003/role/verboseLabel"/>
<link:presentationArc xlink:type="arc" xlink:arcrole="http://www.xbrl.org/2003/arcrole/parent-child"
xlink:from="ComprehensiveIncomeNetOfTaxIncludingPortionAttributableToNoncontrollingInterestAbstract"
xlink:to="OtherComprehensiveIncomeLossNetOfTaxPeriodIncreaseDecrease"
use="optional"
order="20.0"
preferredLabel="http://www.xbrl.org/2003/role/terseLabel"/>
<link:presentationArc xlink:type="arc" xlink:arcrole="http://www.xbrl.org/2003/arcrole/parent-child"
xlink:from="ComprehensiveIncomeNetOfTaxIncludingPortionAttributableToNoncontrollingInterestAbstract"
xlink:to="ComprehensiveIncomeNetOfTaxIncludingPortionAttributableToNoncontrollingInterest"
use="optional"
order="30.0"
preferredLabel="http://www.xbrl.org/2003/role/terseLabel"/>
<link:presentationArc xlink:type="arc" xlink:arcrole="http://www.xbrl.org/2003/arcrole/parent-child"
xlink:from="IncreaseDecreaseInStockholdersEquityRollForward"
xlink:to="ForwardContractComponentOfEquityUnits"
use="optional"
order="70.0"
preferredLabel="http://www.xbrl.org/2009/role/negatedLabel"/>
<link:presentationArc xlink:type="arc" xlink:arcrole="http://www.xbrl.org/2003/arcrole/parent-child"
xlink:from="IncreaseDecreaseInStockholdersEquityRollForward"
xlink:to="PurchaseOfCallOptionsNetOfTax"
use="optional"
order="8010.0"/>
<link:presentationArc xlink:type="arc" xlink:arcrole="http://www.xbrl.org/2003/arcrole/parent-child"
xlink:from="IncreaseDecreaseInStockholdersEquityRollForward"
xlink:to="SaleOfStockWarrants"
use="optional"
order="8030.0"/>
<link:presentationArc xlink:type="arc" xlink:arcrole="http://www.xbrl.org/2003/arcrole/parent-child"
xlink:from="IncreaseDecreaseInStockholdersEquityRollForward"
xlink:to="StockholdersEquityPeriodIncreaseDecrease"
order="120.0"/>
<link:presentationArc xlink:type="arc" xlink:arcrole="http://www.xbrl.org/2003/arcrole/parent-child"
xlink:from="StockholdersEquityPeriodIncreaseDecrease"
xlink:to="StockIssuedDuringPeriodSharesPeriodIncreaseDecrease"
use="optional"
order="10.0"/>
<link:presentationArc xlink:type="arc" xlink:arcrole="http://www.xbrl.org/2003/arcrole/parent-child"
xlink:from="IncreaseDecreaseInStockholdersEquityRollForward"
xlink:to="CumulativeEffectOfInitialAdoptionOfSFAS158"
order="60.0"
preferredLabel="http://www.xbrl.org/2003/role/terseLabel"/>
<link:presentationArc xlink:type="arc" xlink:arcrole="http://www.xbrl.org/2003/arcrole/parent-child"
xlink:from="IncreaseDecreaseInStockholdersEquityRollForward"
xlink:to="StockIssuedDuringPeriodValueConversionOfConvertibleSecurities"
order="8020.0"/>
<link:presentationArc xlink:type="arc" xlink:arcrole="http://www.xbrl.org/2003/arcrole/parent-child"
xlink:from="IncreaseDecreaseInStockholdersEquityRollForward"
xlink:to="TreasuryStockValueAcquiredCostMethod"
order="50.0"
preferredLabel="http://www.xbrl.org/2009/role/negatedLabel"/>
<link:presentationArc xlink:type="arc" xlink:arcrole="http://www.xbrl.org/2003/arcrole/parent-child"
xlink:from="TreasuryStockValueAcquiredCostMethod"
xlink:to="TreasuryStockSharesAcquired"
use="optional"
order="10.0"
preferredLabel="http://www.xbrl.org/2009/role/negatedLabel"/>
<link:presentationArc xlink:type="arc" xlink:arcrole="http://www.xbrl.org/2003/arcrole/parent-child"
xlink:from="IncreaseDecreaseInStockholdersEquityRollForward"
xlink:to="AdjustmentsToAdditionalPaidInCapitalSharebasedCompensationRequisiteServicePeriodRecognitionValue"
order="80.0"
preferredLabel="http://www.xbrl.org/2003/role/terseLabel"/>
<link:presentationArc xlink:type="arc" xlink:arcrole="http://www.xbrl.org/2003/arcrole/parent-child"
xlink:from="StatementTable"
xlink:to="StatementEquityComponentsAxis"
order="10.0"/>
<link:presentationArc xlink:type="arc" xlink:arcrole="http://www.xbrl.org/2003/arcrole/parent-child"
xlink:from="StatementEquityComponentsAxis"
xlink:to="RetainedEarningsMember"
use="optional"
order="11.0"/>
<link:presentationArc xlink:type="arc" xlink:arcrole="http://www.xbrl.org/2003/arcrole/parent-child"
xlink:from="StatementEquityComponentsAxis"
xlink:to="AccumulatedOtherComprehensiveIncomeMember"
use="optional"
order="12.0"/>
<link:presentationArc xlink:type="arc" xlink:arcrole="http://www.xbrl.org/2003/arcrole/parent-child"
xlink:from="StatementEquityComponentsAxis"
xlink:to="NoncontrollingInterestMember"
use="optional"
order="13.0"/>
<link:presentationArc xlink:type="arc" xlink:arcrole="http://www.xbrl.org/2003/arcrole/parent-child"
xlink:from="StatementEquityComponentsAxis"
xlink:to="ComprehensiveIncomeMember"
use="optional"
order="14.0"/>
<link:presentationArc xlink:type="arc" xlink:arcrole="http://www.xbrl.org/2003/arcrole/parent-child"
xlink:from="StatementEquityComponentsAxis"
xlink:to="CommonStockMember"
use="optional"
order="15.0"/>
<link:presentationArc xlink:type="arc" xlink:arcrole="http://www.xbrl.org/2003/arcrole/parent-child"
xlink:from="StatementEquityComponentsAxis"
xlink:to="EquityComponentDomain"
use="optional"
order="16.0"/>
</link:presentationLink>
</link:linkbase>