<?xml version="1.0" encoding="US-ASCII"?>
<link:linkbase xmlns:xsi="http://www.w3.org/2001/XMLSchema-instance"
xmlns:horizontal="http://horizontal/20111231"
xmlns:link="http://www.xbrl.org/2003/linkbase"
xmlns:xbrldt="http://xbrl.org/2005/xbrldt"
xmlns:xbrli="http://www.xbrl.org/2003/instance"
xmlns:xlink="http://www.w3.org/1999/xlink"
xsi:schemaLocation="http://www.xbrl.org/2003/linkbase http://www.xbrl.org/2003/xbrl-linkbase-2003-12-31.xsd">
<link:roleRef roleURI="http://horizontal/role/StatementOfStockholdersEquity"
xlink:type="simple"
xlink:href="horizontal-20111231.xsd#StatementOfStockholdersEquity"/>
<link:arcroleRef arcroleURI="http://xbrl.org/int/dim/arcrole/all" xlink:type="simple"
xlink:href="http://www.xbrl.org/2005/xbrldt-2005.xsd#all"/>
<link:arcroleRef arcroleURI="http://xbrl.org/int/dim/arcrole/dimension-default"
xlink:type="simple"
xlink:href="http://www.xbrl.org/2005/xbrldt-2005.xsd#dimension-default"/>
<link:arcroleRef arcroleURI="http://xbrl.org/int/dim/arcrole/dimension-domain"
xlink:type="simple"
xlink:href="http://www.xbrl.org/2005/xbrldt-2005.xsd#dimension-domain"/>
<link:arcroleRef arcroleURI="http://xbrl.org/int/dim/arcrole/domain-member" xlink:type="simple"
xlink:href="http://www.xbrl.org/2005/xbrldt-2005.xsd#domain-member"/>
<link:arcroleRef arcroleURI="http://xbrl.org/int/dim/arcrole/hypercube-dimension"
xlink:type="simple"
xlink:href="http://www.xbrl.org/2005/xbrldt-2005.xsd#hypercube-dimension"/>
<link:definitionLink xlink:type="extended"
xlink:role="http://horizontal/role/StatementOfStockholdersEquity">
<link:loc xlink:type="locator"
xlink:href="http://xbrl.fasb.org/us-gaap/2011/elts/us-gaap-2011-01-31.xsd#us-gaap_StatementLineItems"
xlink:label="StatementLineItems"/>
<link:loc xlink:type="locator"
xlink:href="http://xbrl.fasb.org/us-gaap/2011/elts/us-gaap-2011-01-31.xsd#us-gaap_StatementTable"
xlink:label="StatementTable"/>
<link:loc xlink:type="locator"
xlink:href="http://xbrl.fasb.org/us-gaap/2011/elts/us-gaap-2011-01-31.xsd#us-gaap_StatementEquityComponentsAxis"
xlink:label="StatementEquityComponentsAxis"/>
<link:loc xlink:type="locator"
xlink:href="http://xbrl.fasb.org/us-gaap/2011/elts/us-gaap-2011-01-31.xsd#us-gaap_EquityComponentDomain"
xlink:label="EquityComponentDomain"/>
<link:loc xlink:type="locator"
xlink:href="http://xbrl.fasb.org/us-gaap/2011/elts/us-gaap-2011-01-31.xsd#us-gaap_IncreaseDecreaseInStockholdersEquityRollForward"
xlink:label="IncreaseDecreaseInStockholdersEquityRollForward"/>
<link:loc xlink:type="locator"
xlink:href="http://xbrl.fasb.org/us-gaap/2011/elts/us-gaap-2011-01-31.xsd#us-gaap_ComprehensiveIncomeNetOfTaxIncludingPortionAttributableToNoncontrollingInterestAbstract"
xlink:label="ComprehensiveIncomeNetOfTaxIncludingPortionAttributableToNoncontrollingInterestAbstract"/>
<link:loc xlink:type="locator"
xlink:href="http://xbrl.fasb.org/us-gaap/2011/elts/us-gaap-2011-01-31.xsd#us-gaap_TreasuryStockValueAcquiredCostMethod"
xlink:label="TreasuryStockValueAcquiredCostMethod"/>
<link:loc xlink:type="locator"
xlink:href="http://xbrl.fasb.org/us-gaap/2011/elts/us-gaap-2011-01-31.xsd#us-gaap_StockholdersEquityOther"
xlink:label="StockholdersEquityOther"/>
<link:loc xlink:type="locator"
xlink:href="http://xbrl.fasb.org/us-gaap/2011/elts/us-gaap-2011-01-31.xsd#us-gaap_StockholdersEquityPeriodIncreaseDecrease"
xlink:label="StockholdersEquityPeriodIncreaseDecrease"/>
<link:loc xlink:type="locator"
xlink:href="http://xbrl.fasb.org/us-gaap/2011/elts/us-gaap-2011-01-31.xsd#us-gaap_EquityComponentDomain"
xlink:label="EquityComponentDomain_2"/>
<link:loc xlink:type="locator"
xlink:href="http://xbrl.fasb.org/us-gaap/2011/elts/us-gaap-2011-01-31.xsd#us-gaap_CommonStockMember"
xlink:label="CommonStockMember"/>
<link:loc xlink:type="locator"
xlink:href="http://xbrl.fasb.org/us-gaap/2011/elts/us-gaap-2011-01-31.xsd#us-gaap_RetainedEarningsMember"
xlink:label="RetainedEarningsMember"/>
<link:loc xlink:type="locator"
xlink:href="http://xbrl.fasb.org/us-gaap/2011/elts/us-gaap-2011-01-31.xsd#us-gaap_AccumulatedOtherComprehensiveIncomeMember"
xlink:label="AccumulatedOtherComprehensiveIncomeMember"/>
<link:loc xlink:type="locator"
xlink:href="http://xbrl.fasb.org/us-gaap/2011/elts/us-gaap-2011-01-31.xsd#us-gaap_NoncontrollingInterestMember"
xlink:label="NoncontrollingInterestMember"/>
<link:loc xlink:type="locator"
xlink:href="http://xbrl.fasb.org/us-gaap/2011/elts/us-gaap-2011-01-31.xsd#us-gaap_ComprehensiveIncomeMember"
xlink:label="ComprehensiveIncomeMember"/>
<link:loc xlink:type="locator"
xlink:href="http://xbrl.fasb.org/us-gaap/2011/elts/us-gaap-2011-01-31.xsd#us-gaap_ProfitLoss"
xlink:label="ProfitLoss"/>
<link:loc xlink:type="locator"
xlink:href="http://xbrl.fasb.org/us-gaap/2011/elts/us-gaap-2011-01-31.xsd#us-gaap_OtherComprehensiveIncomeLossNetOfTaxPeriodIncreaseDecrease"
xlink:label="OtherComprehensiveIncomeLossNetOfTaxPeriodIncreaseDecrease"/>
<link:loc xlink:type="locator"
xlink:href="http://xbrl.fasb.org/us-gaap/2011/elts/us-gaap-2011-01-31.xsd#us-gaap_ComprehensiveIncomeNetOfTaxIncludingPortionAttributableToNoncontrollingInterest"
xlink:label="ComprehensiveIncomeNetOfTaxIncludingPortionAttributableToNoncontrollingInterest"/>
<link:loc xlink:type="locator"
xlink:href="http://xbrl.fasb.org/us-gaap/2011/elts/us-gaap-2011-01-31.xsd#us-gaap_DividendsCommonStockCash"
xlink:label="DividendsCommonStockCash"/>
<link:loc xlink:type="locator"
xlink:href="http://xbrl.fasb.org/us-gaap/2011/elts/us-gaap-2011-01-31.xsd#us-gaap_TreasuryStockSharesAcquired"
xlink:label="TreasuryStockSharesAcquired"/>
<link:loc xlink:type="locator"
xlink:href="horizontal-20111231.xsd#horizontal_ForwardContractComponentOfEquityUnits"
xlink:label="ForwardContractComponentOfEquityUnits"/>
<link:loc xlink:type="locator"
xlink:href="http://xbrl.fasb.org/us-gaap/2011/elts/us-gaap-2011-01-31.xsd#us-gaap_StockholdersEquityOtherShares"
xlink:label="lbl_StockholdersEquityOtherShares"/>
<link:loc xlink:type="locator"
xlink:href="http://xbrl.fasb.org/us-gaap/2011/elts/us-gaap-2011-01-31.xsd#us-gaap_StockholdersEquityIncludingPortionAttributableToNoncontrollingInterest"
xlink:label="StockholdersEquityIncludingPortionAttributableToNoncontrollingInterest"/>
<link:loc xlink:type="locator"
xlink:href="http://xbrl.fasb.org/us-gaap/2011/elts/us-gaap-2011-01-31.xsd#us-gaap_SharesIssued"
xlink:label="SharesIssued"/>
<link:loc xlink:type="locator"
xlink:href="http://xbrl.fasb.org/us-gaap/2011/elts/us-gaap-2011-01-31.xsd#us-gaap_StockIssuedDuringPeriodSharesPeriodIncreaseDecrease"
xlink:label="StockIssuedDuringPeriodSharesPeriodIncreaseDecrease"/>
<link:loc xlink:type="locator"
xlink:href="horizontal-20111231.xsd#horizontal_OtherStockholdersEquityShares"
xlink:label="OtherStockholdersEquityShares"/>
<link:loc xlink:type="locator"
xlink:href="horizontal-20111231.xsd#horizontal_PurchaseOfCallOptionsNetOfTax"
xlink:label="PurchaseOfCallOptionsNetOfTax"/>
<link:loc xlink:type="locator"
xlink:href="http://xbrl.fasb.org/us-gaap/2011/elts/us-gaap-2011-01-31.xsd#us-gaap_StockIssuedDuringPeriodValueConversionOfConvertibleSecurities"
xlink:label="StockIssuedDuringPeriodValueConversionOfConvertibleSecurities"/>
<link:loc xlink:type="locator"
xlink:href="horizontal-20111231.xsd#horizontal_SaleOfStockWarrants"
xlink:label="SaleOfStockWarrants"/>
<link:loc xlink:type="locator"
xlink:href="http://xbrl.fasb.org/us-gaap/2011/elts/us-gaap-2011-01-31.xsd#us-gaap_AdjustmentsToAdditionalPaidInCapitalSharebasedCompensationRequisiteServicePeriodRecognitionValue"
xlink:label="AdjustmentsToAdditionalPaidInCapitalSharebasedCompensationRequisiteServicePeriodRecognitionValue"/>
<link:loc xlink:type="locator"
xlink:href="http://xbrl.fasb.org/us-gaap/2011/elts/us-gaap-2011-01-31.xsd#us-gaap_NewAccountingPronouncementOrChangeInAccountingPrincipleCumulativeEffectOfChangeOnEquityOrNetAssets"
xlink:label="lbl_NewAccountingPronouncementOrChangeInAccountingPrincipleCumulativeEffectOfChangeOnEquityOrNetAssets"/>
<link:definitionArc xlink:type="arc" xlink:arcrole="http://xbrl.org/int/dim/arcrole/all"
xlink:from="StatementLineItems"
xlink:to="StatementTable"
use="optional"
order="10.0"
xbrldt:closed="true"
xbrldt:contextElement="segment"/>
<link:definitionArc xlink:type="arc"
xlink:arcrole="http://xbrl.org/int/dim/arcrole/hypercube-dimension"
xlink:from="StatementTable"
xlink:to="StatementEquityComponentsAxis"
use="optional"
order="10.0"/>
<link:definitionArc xlink:type="arc"
xlink:arcrole="http://xbrl.org/int/dim/arcrole/dimension-domain"
xlink:from="StatementEquityComponentsAxis"
xlink:to="EquityComponentDomain"
use="optional"
order="10.0"/>
<link:definitionArc xlink:type="arc"
xlink:arcrole="http://xbrl.org/int/dim/arcrole/dimension-default"
xlink:from="StatementEquityComponentsAxis"
xlink:to="EquityComponentDomain_2"
use="optional"
priority="1"
order="20.0"/>
<link:definitionArc xlink:type="arc" xlink:arcrole="http://xbrl.org/int/dim/arcrole/domain-member"
xlink:from="EquityComponentDomain"
xlink:to="CommonStockMember"
use="optional"
order="10.0"/>
<link:definitionArc xlink:type="arc" xlink:arcrole="http://xbrl.org/int/dim/arcrole/domain-member"
xlink:from="EquityComponentDomain"
xlink:to="RetainedEarningsMember"
use="optional"
order="20.0"/>
<link:definitionArc xlink:type="arc" xlink:arcrole="http://xbrl.org/int/dim/arcrole/domain-member"
xlink:from="EquityComponentDomain"
xlink:to="AccumulatedOtherComprehensiveIncomeMember"
use="optional"
order="30.0"/>
<link:definitionArc xlink:type="arc" xlink:arcrole="http://xbrl.org/int/dim/arcrole/domain-member"
xlink:from="EquityComponentDomain"
xlink:to="NoncontrollingInterestMember"
use="optional"
order="40.0"/>
<link:definitionArc xlink:type="arc" xlink:arcrole="http://xbrl.org/int/dim/arcrole/domain-member"
xlink:from="EquityComponentDomain"
xlink:to="ComprehensiveIncomeMember"
use="optional"
order="50.0"/>
<link:definitionArc xlink:type="arc" xlink:arcrole="http://xbrl.org/int/dim/arcrole/domain-member"
xlink:from="StatementLineItems"
xlink:to="IncreaseDecreaseInStockholdersEquityRollForward"
use="optional"
order="20.0"/>
<link:definitionArc xlink:type="arc" xlink:arcrole="http://xbrl.org/int/dim/arcrole/domain-member"
xlink:from="IncreaseDecreaseInStockholdersEquityRollForward"
xlink:to="ComprehensiveIncomeNetOfTaxIncludingPortionAttributableToNoncontrollingInterestAbstract"
use="optional"
order="10.0"/>
<link:definitionArc xlink:type="arc" xlink:arcrole="http://xbrl.org/int/dim/arcrole/domain-member"
xlink:from="ComprehensiveIncomeNetOfTaxIncludingPortionAttributableToNoncontrollingInterestAbstract"
xlink:to="ProfitLoss"
use="optional"
order="10.0"/>
<link:definitionArc xlink:type="arc" xlink:arcrole="http://xbrl.org/int/dim/arcrole/domain-member"
xlink:from="ComprehensiveIncomeNetOfTaxIncludingPortionAttributableToNoncontrollingInterestAbstract"
xlink:to="OtherComprehensiveIncomeLossNetOfTaxPeriodIncreaseDecrease"
use="optional"
order="20.0"/>
<link:definitionArc xlink:type="arc" xlink:arcrole="http://xbrl.org/int/dim/arcrole/domain-member"
xlink:from="ComprehensiveIncomeNetOfTaxIncludingPortionAttributableToNoncontrollingInterestAbstract"
xlink:to="ComprehensiveIncomeNetOfTaxIncludingPortionAttributableToNoncontrollingInterest"
use="optional"
order="30.0"/>
<link:definitionArc xlink:type="arc" xlink:arcrole="http://xbrl.org/int/dim/arcrole/domain-member"
xlink:from="IncreaseDecreaseInStockholdersEquityRollForward"
xlink:to="DividendsCommonStockCash"
use="optional"
order="20.0"/>
<link:definitionArc xlink:type="arc" xlink:arcrole="http://xbrl.org/int/dim/arcrole/domain-member"
xlink:from="IncreaseDecreaseInStockholdersEquityRollForward"
xlink:to="TreasuryStockValueAcquiredCostMethod"
use="optional"
order="30.0"/>
<link:definitionArc xlink:type="arc" xlink:arcrole="http://xbrl.org/int/dim/arcrole/domain-member"
xlink:from="TreasuryStockValueAcquiredCostMethod"
xlink:to="TreasuryStockSharesAcquired"
use="optional"
order="10.0"/>
<link:definitionArc xlink:type="arc" xlink:arcrole="http://xbrl.org/int/dim/arcrole/domain-member"
xlink:from="IncreaseDecreaseInStockholdersEquityRollForward"
xlink:to="ForwardContractComponentOfEquityUnits"
use="optional"
order="50.0"/>
<link:definitionArc xlink:type="arc" xlink:arcrole="http://xbrl.org/int/dim/arcrole/domain-member"
xlink:from="IncreaseDecreaseInStockholdersEquityRollForward"
xlink:to="StockholdersEquityOther"
use="optional"
order="70.0"/>
<link:definitionArc xlink:type="arc" xlink:arcrole="http://xbrl.org/int/dim/arcrole/domain-member"
xlink:from="StockholdersEquityOther"
xlink:to="lbl_StockholdersEquityOtherShares"
order="1.0"/>
<link:definitionArc xlink:type="arc" xlink:arcrole="http://xbrl.org/int/dim/arcrole/domain-member"
xlink:from="IncreaseDecreaseInStockholdersEquityRollForward"
xlink:to="StockholdersEquityIncludingPortionAttributableToNoncontrollingInterest"
use="optional"
order="80.0"/>
<link:definitionArc xlink:type="arc" xlink:arcrole="http://xbrl.org/int/dim/arcrole/domain-member"
xlink:from="IncreaseDecreaseInStockholdersEquityRollForward"
xlink:to="SharesIssued"
use="optional"
order="90.0"/>
<link:definitionArc xlink:type="arc" xlink:arcrole="http://xbrl.org/int/dim/arcrole/domain-member"
xlink:from="IncreaseDecreaseInStockholdersEquityRollForward"
xlink:to="StockholdersEquityPeriodIncreaseDecrease"
use="optional"
order="100.0"/>
<link:definitionArc xlink:type="arc" xlink:arcrole="http://xbrl.org/int/dim/arcrole/domain-member"
xlink:from="StockholdersEquityPeriodIncreaseDecrease"
xlink:to="StockIssuedDuringPeriodSharesPeriodIncreaseDecrease"
use="optional"
order="10.0"/>
<link:definitionArc xlink:type="arc" xlink:arcrole="http://xbrl.org/int/dim/arcrole/domain-member"
xlink:from="IncreaseDecreaseInStockholdersEquityRollForward"
xlink:to="OtherStockholdersEquityShares"
use="optional"
order="8000.0"/>
<link:definitionArc xlink:type="arc" xlink:arcrole="http://xbrl.org/int/dim/arcrole/domain-member"
xlink:from="IncreaseDecreaseInStockholdersEquityRollForward"
xlink:to="PurchaseOfCallOptionsNetOfTax"
use="optional"
order="8010.0"/>
<link:definitionArc xlink:type="arc" xlink:arcrole="http://xbrl.org/int/dim/arcrole/domain-member"
xlink:from="IncreaseDecreaseInStockholdersEquityRollForward"
xlink:to="StockIssuedDuringPeriodValueConversionOfConvertibleSecurities"
use="optional"
order="8020.0"/>
<link:definitionArc xlink:type="arc" xlink:arcrole="http://xbrl.org/int/dim/arcrole/domain-member"
xlink:from="IncreaseDecreaseInStockholdersEquityRollForward"
xlink:to="SaleOfStockWarrants"
use="optional"
order="8030.0"/>
<link:definitionArc xlink:type="arc" xlink:arcrole="http://xbrl.org/int/dim/arcrole/domain-member"
xlink:from="IncreaseDecreaseInStockholdersEquityRollForward"
xlink:to="AdjustmentsToAdditionalPaidInCapitalSharebasedCompensationRequisiteServicePeriodRecognitionValue"
use="optional"
order="60.0"/>
<link:definitionArc xlink:type="arc" xlink:arcrole="http://xbrl.org/int/dim/arcrole/domain-member"
xlink:from="IncreaseDecreaseInStockholdersEquityRollForward"
xlink:to="lbl_NewAccountingPronouncementOrChangeInAccountingPrincipleCumulativeEffectOfChangeOnEquityOrNetAssets"
order="45.0"/>
</link:definitionLink>
</link:linkbase>