<?xml version="1.0" encoding="US-ASCII"?>
<link:linkbase xmlns:xsi="http://www.w3.org/2001/XMLSchema-instance"
xmlns:horizontal="http://horizontal/20111231"
xmlns:link="http://www.xbrl.org/2003/linkbase"
xmlns:xbrli="http://www.xbrl.org/2003/instance"
xmlns:xlink="http://www.w3.org/1999/xlink"
xsi:schemaLocation="http://www.xbrl.org/2003/linkbase http://www.xbrl.org/2003/xbrl-linkbase-2003-12-31.xsd">
<link:roleRef roleURI="http://www.xbrl.org/2009/role/negatedLabel" xlink:type="simple"
xlink:href="http://www.xbrl.org/lrr/role/negated-2009-12-16.xsd#negatedLabel"/>
<link:roleRef roleURI="http://www.xbrl.org/2009/role/negatedTotalLabel" xlink:type="simple"
xlink:href="http://www.xbrl.org/lrr/role/negated-2009-12-16.xsd#negatedTotalLabel"/>
<link:labelLink xlink:type="extended" xlink:role="http://www.xbrl.org/2003/role/link">
<link:loc xlink:type="locator"
xlink:href="http://xbrl.fasb.org/us-gaap/2011/elts/us-gaap-2011-01-31.xsd#us-gaap_StatementOfStockholdersEquityAbstract"
xlink:label="StatementOfStockholdersEquityAbstract"/>
<link:loc xlink:type="locator"
xlink:href="http://xbrl.fasb.org/us-gaap/2011/elts/us-gaap-2011-01-31.xsd#us-gaap_StatementTable"
xlink:label="StatementTable"/>
<link:loc xlink:type="locator"
xlink:href="http://xbrl.fasb.org/us-gaap/2011/elts/us-gaap-2011-01-31.xsd#us-gaap_StatementEquityComponentsAxis"
xlink:label="StatementEquityComponentsAxis"/>
<link:loc xlink:type="locator"
xlink:href="http://xbrl.fasb.org/us-gaap/2011/elts/us-gaap-2011-01-31.xsd#us-gaap_EquityComponentDomain"
xlink:label="EquityComponentDomain"/>
<link:loc xlink:type="locator"
xlink:href="http://xbrl.fasb.org/us-gaap/2011/elts/us-gaap-2011-01-31.xsd#us-gaap_CommonStockMember"
xlink:label="CommonStockMember"/>
<link:loc xlink:type="locator"
xlink:href="http://xbrl.fasb.org/us-gaap/2011/elts/us-gaap-2011-01-31.xsd#us-gaap_RetainedEarningsMember"
xlink:label="RetainedEarningsMember"/>
<link:loc xlink:type="locator"
xlink:href="http://xbrl.fasb.org/us-gaap/2011/elts/us-gaap-2011-01-31.xsd#us-gaap_AccumulatedOtherComprehensiveIncomeMember"
xlink:label="AccumulatedOtherComprehensiveIncomeMember"/>
<link:loc xlink:type="locator"
xlink:href="http://xbrl.fasb.org/us-gaap/2011/elts/us-gaap-2011-01-31.xsd#us-gaap_NoncontrollingInterestMember"
xlink:label="NoncontrollingInterestMember"/>
<link:loc xlink:type="locator"
xlink:href="http://xbrl.fasb.org/us-gaap/2011/elts/us-gaap-2011-01-31.xsd#us-gaap_ComprehensiveIncomeMember"
xlink:label="ComprehensiveIncomeMember"/>
<link:loc xlink:type="locator"
xlink:href="http://xbrl.fasb.org/us-gaap/2011/elts/us-gaap-2011-01-31.xsd#us-gaap_StatementScenarioAxis"
xlink:label="StatementScenarioAxis"/>
<link:loc xlink:type="locator"
xlink:href="http://xbrl.fasb.org/us-gaap/2011/elts/us-gaap-2011-01-31.xsd#us-gaap_ScenarioUnspecifiedDomain"
xlink:label="ScenarioUnspecifiedDomain"/>
<link:loc xlink:type="locator"
xlink:href="http://xbrl.fasb.org/us-gaap/2011/elts/us-gaap-2011-01-31.xsd#us-gaap_AdjustmentsForNewAccountingPronouncementsAxis"
xlink:label="lbl_NewAccountingPronouncementsOrChangeInAccountingPrincipleByTypeOfChangeAxis"/>
<link:loc xlink:type="locator"
xlink:href="http://xbrl.fasb.org/us-gaap/2011/elts/us-gaap-2011-01-31.xsd#us-gaap_FAS158Member"
xlink:label="lbl_FAS158Member"/>
<link:loc xlink:type="locator"
xlink:href="http://xbrl.fasb.org/us-gaap/2011/elts/us-gaap-2011-01-31.xsd#us-gaap_TypeOfAdoptionMember"
xlink:label="lbl_TypeOfChangeDomain"/>
<link:loc xlink:type="locator"
xlink:href="http://xbrl.fasb.org/us-gaap/2011/elts/us-gaap-2011-01-31.xsd#us-gaap_StatementLineItems"
xlink:label="StatementLineItems"/>
<link:loc xlink:type="locator"
xlink:href="http://xbrl.fasb.org/us-gaap/2011/elts/us-gaap-2011-01-31.xsd#us-gaap_IncreaseDecreaseInStockholdersEquityRollForward"
xlink:label="IncreaseDecreaseInStockholdersEquityRollForward"/>
<link:loc xlink:type="locator"
xlink:href="http://xbrl.fasb.org/us-gaap/2011/elts/us-gaap-2011-01-31.xsd#us-gaap_StockholdersEquityIncludingPortionAttributableToNoncontrollingInterest"
xlink:label="StockholdersEquityIncludingPortionAttributableToNoncontrollingInterest"/>
<link:loc xlink:type="locator"
xlink:href="http://xbrl.fasb.org/us-gaap/2011/elts/us-gaap-2011-01-31.xsd#us-gaap_SharesIssued"
xlink:label="SharesIssued"/>
<link:loc xlink:type="locator"
xlink:href="http://xbrl.fasb.org/us-gaap/2011/elts/us-gaap-2011-01-31.xsd#us-gaap_ComprehensiveIncomeNetOfTaxIncludingPortionAttributableToNoncontrollingInterestAbstract"
xlink:label="ComprehensiveIncomeNetOfTaxIncludingPortionAttributableToNoncontrollingInterestAbstract"/>
<link:loc xlink:type="locator"
xlink:href="http://xbrl.fasb.org/us-gaap/2011/elts/us-gaap-2011-01-31.xsd#us-gaap_ProfitLoss"
xlink:label="ProfitLoss"/>
<link:loc xlink:type="locator"
xlink:href="http://xbrl.fasb.org/us-gaap/2011/elts/us-gaap-2011-01-31.xsd#us-gaap_OtherComprehensiveIncomeLossNetOfTaxPeriodIncreaseDecrease"
xlink:label="OtherComprehensiveIncomeLossNetOfTaxPeriodIncreaseDecrease"/>
<link:loc xlink:type="locator"
xlink:href="http://xbrl.fasb.org/us-gaap/2011/elts/us-gaap-2011-01-31.xsd#us-gaap_ComprehensiveIncomeNetOfTaxIncludingPortionAttributableToNoncontrollingInterest"
xlink:label="ComprehensiveIncomeNetOfTaxIncludingPortionAttributableToNoncontrollingInterest"/>
<link:loc xlink:type="locator"
xlink:href="http://xbrl.fasb.org/us-gaap/2011/elts/us-gaap-2011-01-31.xsd#us-gaap_DividendsCommonStockCash"
xlink:label="DividendsCommonStockCash"/>
<link:loc xlink:type="locator"
xlink:href="http://xbrl.fasb.org/us-gaap/2011/elts/us-gaap-2011-01-31.xsd#us-gaap_TreasuryStockValueAcquiredCostMethod"
xlink:label="TreasuryStockValueAcquiredCostMethod"/>
<link:loc xlink:type="locator"
xlink:href="http://xbrl.fasb.org/us-gaap/2011/elts/us-gaap-2011-01-31.xsd#us-gaap_TreasuryStockSharesAcquired"
xlink:label="TreasuryStockSharesAcquired"/>
<link:loc xlink:type="locator"
xlink:href="http://xbrl.fasb.org/us-gaap/2011/elts/us-gaap-2011-01-31.xsd#us-gaap_NewAccountingPronouncementOrChangeInAccountingPrincipleCumulativeEffectOfChangeOnEquityOrNetAssets"
xlink:label="CumulativeEffectOfInitialAdoptionOfSFAS158"/>
<link:loc xlink:type="locator"
xlink:href="horizontal-20111231.xsd#horizontal_ForwardContractComponentOfEquityUnits"
xlink:label="ForwardContractComponentOfEquityUnits"/>
<link:loc xlink:type="locator"
xlink:href="http://xbrl.fasb.org/us-gaap/2011/elts/us-gaap-2011-01-31.xsd#us-gaap_AdjustmentsToAdditionalPaidInCapitalSharebasedCompensationRequisiteServicePeriodRecognitionValue"
xlink:label="AdjustmentsToAdditionalPaidInCapitalSharebasedCompensationRequisiteServicePeriodRecognitionValue"/>
<link:loc xlink:type="locator"
xlink:href="http://xbrl.fasb.org/us-gaap/2011/elts/us-gaap-2011-01-31.xsd#us-gaap_StockholdersEquityOther"
xlink:label="StockholdersEquityOther"/>
<link:loc xlink:type="locator"
xlink:href="http://xbrl.fasb.org/us-gaap/2011/elts/us-gaap-2011-01-31.xsd#us-gaap_StockholdersEquityOtherShares"
xlink:label="lbl_StockholdersEquityOtherShares"/>
<link:loc xlink:type="locator"
xlink:href="http://xbrl.fasb.org/us-gaap/2011/elts/us-gaap-2011-01-31.xsd#us-gaap_StockholdersEquityPeriodIncreaseDecrease"
xlink:label="StockholdersEquityPeriodIncreaseDecrease"/>
<link:loc xlink:type="locator"
xlink:href="http://xbrl.fasb.org/us-gaap/2011/elts/us-gaap-2011-01-31.xsd#us-gaap_StockIssuedDuringPeriodSharesPeriodIncreaseDecrease"
xlink:label="StockIssuedDuringPeriodSharesPeriodIncreaseDecrease"/>
<link:loc xlink:type="locator"
xlink:href="horizontal-20111231.xsd#horizontal_PurchaseOfCallOptionsNetOfTax"
xlink:label="PurchaseOfCallOptionsNetOfTax"/>
<link:loc xlink:type="locator"
xlink:href="http://xbrl.fasb.org/us-gaap/2011/elts/us-gaap-2011-01-31.xsd#us-gaap_StockIssuedDuringPeriodValueConversionOfConvertibleSecurities"
xlink:label="StockIssuedDuringPeriodValueConversionOfConvertibleSecurities"/>
<link:loc xlink:type="locator"
xlink:href="horizontal-20111231.xsd#horizontal_SaleOfStockWarrants"
xlink:label="SaleOfStockWarrants"/>
<link:loc xlink:type="locator"
xlink:href="http://xbrl.fasb.org/us-gaap/2011/elts/us-gaap-2011-01-31.xsd#us-gaap_ScenarioPreviouslyReportedMember"
xlink:label="us-gaap_ScenarioPreviouslyReportedMember"/>
<link:loc xlink:type="locator"
xlink:href="http://xbrl.fasb.org/us-gaap/2011/elts/us-gaap-2011-01-31.xsd#us-gaap_RestatementAdjustmentMember"
xlink:label="us-gaap_RestatementAdjustmentMember"/>
<link:loc xlink:type="locator"
xlink:href="http://xbrl.sec.gov/dei/2011/dei-2011-01-31.xsd#dei_DocumentPeriodEndDate"
xlink:label="DocumentPeriodEndDate"/>
<link:loc xlink:type="locator"
xlink:href="http://xbrl.sec.gov/dei/2011/dei-2011-01-31.xsd#dei_AmendmentFlag"
xlink:label="AmendmentFlag"/>
<link:loc xlink:type="locator"
xlink:href="http://xbrl.sec.gov/dei/2011/dei-2011-01-31.xsd#dei_EntityRegistrantName"
xlink:label="EntityRegistrantName"/>
<link:loc xlink:type="locator"
xlink:href="http://xbrl.sec.gov/dei/2011/dei-2011-01-31.xsd#dei_EntityCentralIndexKey"
xlink:label="EntityCentralIndexKey"/>
<link:loc xlink:type="locator"
xlink:href="http://xbrl.sec.gov/dei/2011/dei-2011-01-31.xsd#dei_DocumentType"
xlink:label="DocumentType"/>
<link:loc xlink:type="locator"
xlink:href="http://xbrl.sec.gov/dei/2011/dei-2011-01-31.xsd#dei_DocumentInformationLineItems"
xlink:label="DocumentInformationLineItems"/>
<link:label xlink:type="resource" xlink:label="label_StatementOfStockholdersEquityAbstract"
xlink:role="http://www.xbrl.org/2003/role/label"
xml:lang="en-US"
id="label_StatementOfStockholdersEquityAbstract">Consolidated Statements of Shareholders' Equity</link:label>
<link:label xlink:type="resource" xlink:label="label_StatementTable"
xlink:role="http://www.xbrl.org/2003/role/label"
xml:lang="en-US"
id="label_StatementTable">Statement [Table]</link:label>
<link:label xlink:type="resource" xlink:label="label_StatementEquityComponentsAxis"
xlink:role="http://www.xbrl.org/2003/role/label"
xml:lang="en-US"
id="label_StatementEquityComponentsAxis">Statement, Equity Components [Axis]</link:label>
<link:label xlink:type="resource" xlink:label="label_EquityComponentDomain"
xlink:role="http://www.xbrl.org/2003/role/label"
xml:lang="en-US"
id="label_EquityComponentDomain">Equity Component [Domain]</link:label>
<link:label xlink:type="resource" xlink:label="label_CommonStockMember"
xlink:role="http://www.xbrl.org/2003/role/label"
xml:lang="en-US"
id="label_CommonStockMember">Common Stock</link:label>
<link:label xlink:type="resource" xlink:label="label_RetainedEarningsMember"
xlink:role="http://www.xbrl.org/2003/role/label"
xml:lang="en-US"
id="label_RetainedEarningsMember">Reinvested Earnings</link:label>
<link:label xlink:type="resource"
xlink:label="label_AccumulatedOtherComprehensiveIncomeMember"
xlink:role="http://www.xbrl.org/2003/role/label"
xml:lang="en-US"
id="label_AccumulatedOtherComprehensiveIncomeMember">Accumulated Other Comprehensive Income (Loss)</link:label>
<link:label xlink:type="resource" xlink:label="label_NoncontrollingInterestMember"
xlink:role="http://www.xbrl.org/2003/role/label"
xml:lang="en-US"
id="label_NoncontrollingInterestMember">Noncontrolling Interests</link:label>
<link:label xlink:type="resource" xlink:label="label_ComprehensiveIncomeMember"
xlink:role="http://www.xbrl.org/2003/role/label"
xml:lang="en-US"
id="label_ComprehensiveIncomeMember">Comprehensive Income</link:label>
<link:label xlink:type="resource" xlink:label="label_StatementScenarioAxis"
xlink:role="http://www.xbrl.org/2003/role/label"
xml:lang="en-US"
id="label_StatementScenarioAxis">Statement, Scenario [Axis]</link:label>
<link:label xlink:type="resource" xlink:label="label_ScenarioUnspecifiedDomain"
xlink:role="http://www.xbrl.org/2003/role/label"
xml:lang="en-US"
id="label_ScenarioUnspecifiedDomain">Scenario, Unspecified [Domain]</link:label>
<link:label xlink:type="resource" xlink:label="lbl_label714625986"
xlink:role="http://www.xbrl.org/2003/role/label"
xml:lang="en-US"
id="id_2a9853c2">New Accounting Pronouncements [Axis]</link:label>
<link:label xlink:type="resource" xlink:label="lbl_label1529032457"
xlink:role="http://www.xbrl.org/2003/role/label"
xml:lang="en-US"
id="id_5b232f09">FAS 158 [Member]</link:label>
<link:label xlink:type="resource" xlink:label="lbl_label1394520893"
xlink:role="http://www.xbrl.org/2003/role/label"
xml:lang="en-US"
id="id_531eb33d">Type of Change [Member]</link:label>
<link:label xlink:type="resource" xlink:label="label_StatementLineItems"
xlink:role="http://www.xbrl.org/2003/role/label"
xml:lang="en-US"
id="label_StatementLineItems">Statement</link:label>
<link:label xlink:type="resource"
xlink:label="label_IncreaseDecreaseInStockholdersEquityRollForward"
xlink:role="http://www.xbrl.org/2003/role/label"
xml:lang="en-US"
id="label_IncreaseDecreaseInStockholdersEquityRollForward">Increase (Decrease) in Stockholders' Equity</link:label>
<link:label xlink:type="resource"
xlink:label="label_IncreaseDecreaseInStockholdersEquityRollForward_2"
xlink:role="http://www.xbrl.org/2003/role/terseLabel"
xml:lang="en-US"
id="label_IncreaseDecreaseInStockholdersEquityRollForward_2">Increase (Decrease) in Stockholders' Equity</link:label>
<link:label xlink:type="resource"
xlink:label="label_StockholdersEquityIncludingPortionAttributableToNoncontrollingInterest_4"
xlink:role="http://www.xbrl.org/2003/role/label"
xml:lang="en-US"
id="label_StockholdersEquityIncludingPortionAttributableToNoncontrollingInterest_4">Stockholders' Equity, Including Portion Attributable to Noncontrolling Interest</link:label>
<link:label xlink:type="resource"
xlink:label="label_StockholdersEquityIncludingPortionAttributableToNoncontrollingInterest"
xlink:role="http://www.xbrl.org/2003/role/periodStartLabel"
xml:lang="en-US"
id="label_StockholdersEquityIncludingPortionAttributableToNoncontrollingInterest">Balance</link:label>
<link:label xlink:type="resource"
xlink:label="label_StockholdersEquityIncludingPortionAttributableToNoncontrollingInterest_2"
xlink:role="http://www.xbrl.org/2003/role/periodEndLabel"
xml:lang="en-US"
id="label_StockholdersEquityIncludingPortionAttributableToNoncontrollingInterest_2">Balance</link:label>
<link:label xlink:type="resource"
xlink:label="label_StockholdersEquityIncludingPortionAttributableToNoncontrollingInterest_3"
xlink:role="http://www.xbrl.org/2003/role/totalLabel"
xml:lang="en-US"
id="label_StockholdersEquityIncludingPortionAttributableToNoncontrollingInterest_3">Total Shareholders' Equity</link:label>
<link:label xlink:type="resource" xlink:label="label_SharesIssued_3"
xlink:role="http://www.xbrl.org/2003/role/label"
xml:lang="en-US"
id="label_SharesIssued_3">Shares, Issued</link:label>
<link:label xlink:type="resource" xlink:label="label_SharesIssued"
xlink:role="http://www.xbrl.org/2003/role/periodStartLabel"
xml:lang="en-US"
id="label_SharesIssued">Balance (in shares)</link:label>
<link:label xlink:type="resource" xlink:label="label_SharesIssued_2"
xlink:role="http://www.xbrl.org/2003/role/periodEndLabel"
xml:lang="en-US"
id="label_SharesIssued_2">Balance (in shares)</link:label>
<link:label xlink:type="resource"
xlink:label="label_ComprehensiveIncomeNetOfTaxIncludingPortionAttributableToNoncontrollingInterestAbstract"
xlink:role="http://www.xbrl.org/2003/role/label"
xml:lang="en-US"
id="label_ComprehensiveIncomeNetOfTaxIncludingPortionAttributableToNoncontrollingInterestAbstract">Comprehensive income.</link:label>
<link:label xlink:type="resource" xlink:label="label_ProfitLoss_3"
xlink:role="http://www.xbrl.org/2003/role/label"
xml:lang="en-US"
id="label_ProfitLoss_4">Net Income (Loss), Including Portion Attributable to Noncontrolling Interest</link:label>
<link:label xlink:type="resource" xlink:label="label_ProfitLoss"
xlink:role="http://www.xbrl.org/2003/role/totalLabel"
xml:lang="en-US"
id="label_ProfitLoss">Net Earnings Including Noncontrolling Interests</link:label>
<link:label xlink:type="resource" xlink:label="label_ProfitLoss_2"
xlink:role="http://www.xbrl.org/2003/role/terseLabel"
xml:lang="en-US"
id="label_ProfitLoss_2">Net earnings including noncontrolling interests</link:label>
<link:label xlink:type="resource" xlink:label="label_ProfitLoss_4"
xlink:role="http://www.xbrl.org/2003/role/verboseLabel"
xml:lang="en-US"
id="label_ProfitLoss_3">Net earnings</link:label>
<link:label xlink:type="resource"
xlink:label="label_OtherComprehensiveIncomeLossNetOfTaxPeriodIncreaseDecrease_2"
xlink:role="http://www.xbrl.org/2003/role/label"
xml:lang="en-US"
id="label_OtherComprehensiveIncomeLossNetOfTaxPeriodIncreaseDecrease_3">Other Comprehensive Income (Loss), Net of Tax</link:label>
<link:label xlink:type="resource"
xlink:label="label_OtherComprehensiveIncomeLossNetOfTaxPeriodIncreaseDecrease"
xlink:role="http://www.xbrl.org/2003/role/terseLabel"
xml:lang="en-US"
id="label_OtherComprehensiveIncomeLossNetOfTaxPeriodIncreaseDecrease">Other comprehensive income (loss)</link:label>
<link:label xlink:type="resource"
xlink:label="label_OtherComprehensiveIncomeLossNetOfTaxPeriodIncreaseDecrease_3"
xlink:role="http://www.xbrl.org/2003/role/totalLabel"
xml:lang="en-US"
id="label_OtherComprehensiveIncomeLossNetOfTaxPeriodIncreaseDecrease_2">Net of tax amount</link:label>
<link:label xlink:type="resource"
xlink:label="label_ComprehensiveIncomeNetOfTaxIncludingPortionAttributableToNoncontrollingInterest_2"
xlink:role="http://www.xbrl.org/2003/role/label"
xml:lang="en-US"
id="label_ComprehensiveIncomeNetOfTaxIncludingPortionAttributableToNoncontrollingInterest_3">Comprehensive Income, Net of Tax, Including Portion Attributable to Noncontrolling Interest</link:label>
<link:label xlink:type="resource"
xlink:label="label_ComprehensiveIncomeNetOfTaxIncludingPortionAttributableToNoncontrollingInterest"
xlink:role="http://www.xbrl.org/2003/role/terseLabel"
xml:lang="en-US"
id="label_ComprehensiveIncomeNetOfTaxIncludingPortionAttributableToNoncontrollingInterest">Total comprehensive income</link:label>
<link:label xlink:type="resource"
xlink:label="label_ComprehensiveIncomeNetOfTaxIncludingPortionAttributableToNoncontrollingInterest_3"
xlink:role="http://www.xbrl.org/2003/role/totalLabel"
xml:lang="en-US"
id="label_ComprehensiveIncomeNetOfTaxIncludingPortionAttributableToNoncontrollingInterest_2">Total comprehensive income</link:label>
<link:label xlink:type="resource" xlink:label="label_DividendsCommonStockCash_2"
xlink:role="http://www.xbrl.org/2003/role/label"
xml:lang="en-US"
id="label_DividendsCommonStockCash_2">Dividends, Common Stock, Cash</link:label>
<link:label xlink:type="resource" xlink:label="label_DividendsCommonStockCash"
xlink:role="http://www.xbrl.org/2009/role/negatedLabel"
xml:lang="en-US"
id="label_DividendsCommonStockCash">Cash dividends paid-$.58, $.54, and $.49 per share for 2010, 2009 and 2008 respectively</link:label>
<link:label xlink:type="resource" xlink:label="label_TreasuryStockValueAcquiredCostMethod"
xlink:role="http://www.xbrl.org/2003/role/label"
xml:lang="en-US"
id="label_TreasuryStockValueAcquiredCostMethod">Treasury Stock, Value, Acquired, Cost Method</link:label>
<link:label xlink:type="resource"
xlink:label="label_TreasuryStockValueAcquiredCostMethod_2"
xlink:role="http://www.xbrl.org/2009/role/negatedLabel"
xml:lang="en-US"
id="label_TreasuryStockValueAcquiredCostMethod_2">Treasury stock purchases</link:label>
<link:label xlink:type="resource"
xlink:label="label_TreasuryStockValueAcquiredCostMethod_3"
xlink:role="http://www.xbrl.org/2003/role/terseLabel"
xml:lang="en-US"
id="label_TreasuryStockValueAcquiredCostMethod_3">Repurchase of common stock from proceeds of note issuance and warrant</link:label>
<link:label xlink:type="resource" xlink:label="label_TreasuryStockSharesAcquired"
xlink:role="http://www.xbrl.org/2003/role/label"
xml:lang="en-US"
id="label_TreasuryStockSharesAcquired">Treasury Stock, Shares, Acquired</link:label>
<link:label xlink:type="resource" xlink:label="label_TreasuryStockSharesAcquired_2"
xlink:role="http://www.xbrl.org/2009/role/negatedLabel"
xml:lang="en-US"
id="label_TreasuryStockSharesAcquired_2">Treasury stock purchases (in shares)</link:label>
<link:label xlink:type="resource" xlink:label="label_TreasuryStockSharesAcquired_3"
xlink:role="http://www.xbrl.org/2003/role/terseLabel"
xml:lang="en-US"
id="label_TreasuryStockSharesAcquired_3">Repurchase of common stock (in shares)</link:label>
<link:label xlink:type="resource"
xlink:label="label_CumulativeEffectOfInitialAdoptionOfSFAS158"
xlink:role="http://www.xbrl.org/2003/role/terseLabel"
xml:lang="en-US"
id="label_CumulativeEffectOfInitialAdoptionOfSFAS158">Pension plan measurement date adjustment, net of tax</link:label>
<link:label xlink:type="resource"
xlink:label="label_CumulativeEffectOfInitialAdoptionOfSFAS158_2"
xlink:role="http://www.xbrl.org/2003/role/label"
xml:lang="en-US"
id="label_CumulativeEffectOfInitialAdoptionOfSFAS158_2">Cumulative Effect of Initial Adoption of FAS 158</link:label>
<link:label xlink:type="resource"
xlink:label="label_CumulativeEffectOfInitialAdoptionOfSFAS158_3"
xlink:role="http://www.xbrl.org/2003/role/totalLabel"
xml:lang="en-US"
id="label_CumulativeEffectOfInitialAdoptionOfSFAS158_3">Net of tax amount</link:label>
<link:label xlink:type="resource"
xlink:label="label_CumulativeEffectOfInitialAdoptionOfSFAS158_4"
xlink:role="http://www.xbrl.org/2003/role/verboseLabel"
xml:lang="en-US"
id="label_CumulativeEffectOfInitialAdoptionOfSFAS158_4">Adoption of ASC Topic 715</link:label>
<link:label xlink:type="resource"
xlink:label="label_CumulativeEffectOfInitialAdoptionOfSFAS158_5"
xlink:role="http://www.xbrl.org/2009/role/negatedLabel"
xml:lang="en-US"
id="label_CumulativeEffectOfInitialAdoptionOfSFAS158_5">Adoption of ASC Topic 715, decrease in retained earnings</link:label>
<link:label xlink:type="resource"
xlink:label="label_ForwardContractComponentOfEquityUnits_2"
xlink:role="http://www.xbrl.org/2003/role/label"
xml:lang="en-US"
id="label_ForwardContractComponentOfEquityUnits_2">Forward Contract Component of Equity Units</link:label>
<link:label xlink:type="resource"
xlink:label="label_ForwardContractComponentOfEquityUnits_3"
xlink:role="http://www.xbrl.org/2009/role/negatedLabel"
xml:lang="en-US"
id="label_ForwardContractComponentOfEquityUnits_3">Forward contract component of equity units</link:label>
<link:label xlink:type="resource" xlink:label="label_ForwardContractComponentOfEquityUnits"
xlink:role="http://www.xbrl.org/2003/role/documentation"
xml:lang="en-US"
id="label_ForwardContractComponentOfEquityUnits">The present value of the future contract adjustment payments and issuance costs related to the equity portion of equity units issued in conjunction with a debt offering.</link:label>
<link:label xlink:type="resource"
xlink:label="label_AdjustmentsToAdditionalPaidInCapitalSharebasedCompensationRequisiteServicePeriodRecognitionValue"
xlink:role="http://www.xbrl.org/2003/role/terseLabel"
xml:lang="en-US"
id="label_AdjustmentsToAdditionalPaidInCapitalSharebasedCompensationRequisiteServicePeriodRecognitionValue">Stock compensation expense</link:label>
<link:label xlink:type="resource"
xlink:label="label_AdjustmentsToAdditionalPaidInCapitalSharebasedCompensationRequisiteServicePeriodRecognitionValue_2"
xlink:role="http://www.xbrl.org/2003/role/label"
xml:lang="en-US"
id="label_AdjustmentsToAdditionalPaidInCapitalSharebasedCompensationRequisiteServicePeriodRecognitionValue_2">Adjustments to Additional Paid in Capital, Share-based Compensation, Requisite Service Period Recognition, Value</link:label>
<link:label xlink:type="resource" xlink:label="label_StockholdersEquityOther_2"
xlink:role="http://www.xbrl.org/2003/role/label"
xml:lang="en-US"
id="label_StockholdersEquityOther_2">Stockholders' Equity, Other</link:label>
<link:label xlink:type="resource" xlink:label="label_StockholdersEquityOther"
xlink:role="http://www.xbrl.org/2009/role/negatedLabel"
xml:lang="en-US"
id="label_StockholdersEquityOther">Other</link:label>
<link:label xlink:type="resource" xlink:label="lbl_StockholdersEquityOtherShares_labels"
xlink:role="http://www.xbrl.org/2009/role/negatedLabel"
xml:lang="en-US"
id="id_3a1b725f">Other (in shares)</link:label>
<link:label xlink:type="resource" xlink:label="lbl_StockholdersEquityOtherShares_labels"
xlink:role="http://www.xbrl.org/2003/role/terseLabel"
xml:lang="en-US"
id="id_36d6ccd">Stockholders' Equity, Other, Shares</link:label>
<link:label xlink:type="resource" xlink:label="label_StockholdersEquityOtherShares"
xlink:role="http://www.xbrl.org/2003/role/label"
xml:lang="en-US"
id="label_StockholdersEquityOtherShares">Stockholders Equity Other Shares</link:label>
<link:label xlink:type="resource"
xlink:label="label_StockholdersEquityPeriodIncreaseDecrease"
xlink:role="http://www.xbrl.org/2003/role/label"
xml:lang="en-US"
id="label_StockholdersEquityPeriodIncreaseDecrease">Stockholders' Equity, Period Increase (Decrease)</link:label>
<link:label xlink:type="resource"
xlink:label="label_StockIssuedDuringPeriodSharesPeriodIncreaseDecrease"
xlink:role="http://www.xbrl.org/2003/role/label"
xml:lang="en-US"
id="label_StockIssuedDuringPeriodSharesPeriodIncreaseDecrease">Stock Issued During Period, Shares, Period Increase (Decrease)</link:label>
<link:label xlink:type="resource" xlink:label="label_PurchaseOfCallOptionsNetOfTax_2"
xlink:role="http://www.xbrl.org/2003/role/label"
xml:lang="en-US"
id="label_PurchaseOfCallOptionsNetOfTax_2">Purchase of Call Options, Net of Tax</link:label>
<link:label xlink:type="resource" xlink:label="label_PurchaseOfCallOptionsNetOfTax_3"
xlink:role="http://www.xbrl.org/2009/role/negatedLabel"
xml:lang="en-US"
id="label_PurchaseOfCallOptionsNetOfTax_3">Purchase of call options, net of tax</link:label>
<link:label xlink:type="resource" xlink:label="label_PurchaseOfCallOptionsNetOfTax"
xlink:role="http://www.xbrl.org/2003/role/documentation"
xml:lang="en-US"
id="label_PurchaseOfCallOptionsNetOfTax">This element represents purchase of call options, net of tax.</link:label>
<link:label xlink:type="resource"
xlink:label="label_StockIssuedDuringPeriodValueConversionOfConvertibleSecurities"
xlink:role="http://www.xbrl.org/2003/role/label"
xml:lang="en-US"
id="label_StockIssuedDuringPeriodValueConversionOfConvertibleSecurities">Stock Issued During Period, Value, Conversion of Convertible Securities</link:label>
<link:label xlink:type="resource"
xlink:label="label_StockIssuedDuringPeriodValueConversionOfConvertibleSecurities_2"
xlink:role="http://www.xbrl.org/2003/role/terseLabel"
xml:lang="en-US"
id="label_StockIssuedDuringPeriodValueConversionOfConvertibleSecurities_2">Convertible debt discount</link:label>
<link:label xlink:type="resource" xlink:label="label_SaleOfStockWarrants_2"
xlink:role="http://www.xbrl.org/2003/role/label"
xml:lang="en-US"
id="label_SaleOfStockWarrants_2">Sale of Stock Warrants</link:label>
<link:label xlink:type="resource" xlink:label="label_SaleOfStockWarrants_3"
xlink:role="http://www.xbrl.org/2003/role/terseLabel"
xml:lang="en-US"
id="label_SaleOfStockWarrants_3">Sale of stock warrants</link:label>
<link:label xlink:type="resource" xlink:label="label_SaleOfStockWarrants"
xlink:role="http://www.xbrl.org/2003/role/documentation"
xml:lang="en-US"
id="label_SaleOfStockWarrants">This element represents sale of common stock warrants.</link:label>
<link:label xlink:type="resource"
xlink:label="us-gaap_ScenarioPreviouslyReportedMember_lbl"
xlink:role="http://www.xbrl.org/2003/role/label"
xml:lang="en-US">Previously Reported</link:label>
<link:label xlink:type="resource" xlink:label="us-gaap_RestatementAdjustmentMember_lbl"
xlink:role="http://www.xbrl.org/2003/role/label"
xml:lang="en-US">Restatement Adjustment</link:label>
<link:label xlink:type="resource" xlink:label="label_DocumentPeriodEndDate"
xlink:role="http://www.xbrl.org/2003/role/label"
xml:lang="en-US"
id="label_DocumentPeriodEndDate">Document Period End Date</link:label>
<link:label xlink:type="resource" xlink:label="label_AmendmentFlag"
xlink:role="http://www.xbrl.org/2003/role/label"
xml:lang="en-US"
id="label_AmendmentFlag">Amendment Flag</link:label>
<link:label xlink:type="resource" xlink:label="label_EntityRegistrantName"
xlink:role="http://www.xbrl.org/2003/role/label"
xml:lang="en-US"
id="label_EntityRegistrantName">Entity Registrant Name</link:label>
<link:label xlink:type="resource" xlink:label="label_EntityCentralIndexKey"
xlink:role="http://www.xbrl.org/2003/role/label"
xml:lang="en-US"
id="label_EntityCentralIndexKey">Entity Central Index Key</link:label>
<link:label xlink:type="resource" xlink:label="label_DocumentType"
xlink:role="http://www.xbrl.org/2003/role/label"
xml:lang="en-US"
id="label_DocumentType">Document Type</link:label>
<link:label xlink:type="resource" xlink:label="label_DocumentInformationLineItems"
xlink:role="http://www.xbrl.org/2003/role/label"
xml:lang="en-US"
id="label_DocumentInformationLineItems">Document Information:</link:label>
<link:labelArc xlink:type="arc" xlink:arcrole="http://www.xbrl.org/2003/arcrole/concept-label"
xlink:from="StatementOfStockholdersEquityAbstract"
xlink:to="label_StatementOfStockholdersEquityAbstract"/>
<link:labelArc xlink:type="arc" xlink:arcrole="http://www.xbrl.org/2003/arcrole/concept-label"
xlink:from="StatementTable"
xlink:to="label_StatementTable"/>
<link:labelArc xlink:type="arc" xlink:arcrole="http://www.xbrl.org/2003/arcrole/concept-label"
xlink:from="StatementEquityComponentsAxis"
xlink:to="label_StatementEquityComponentsAxis"/>
<link:labelArc xlink:type="arc" xlink:arcrole="http://www.xbrl.org/2003/arcrole/concept-label"
xlink:from="EquityComponentDomain"
xlink:to="label_EquityComponentDomain"/>
<link:labelArc xlink:type="arc" xlink:arcrole="http://www.xbrl.org/2003/arcrole/concept-label"
xlink:from="CommonStockMember"
xlink:to="label_CommonStockMember"/>
<link:labelArc xlink:type="arc" xlink:arcrole="http://www.xbrl.org/2003/arcrole/concept-label"
xlink:from="RetainedEarningsMember"
xlink:to="label_RetainedEarningsMember"/>
<link:labelArc xlink:type="arc" xlink:arcrole="http://www.xbrl.org/2003/arcrole/concept-label"
xlink:from="AccumulatedOtherComprehensiveIncomeMember"
xlink:to="label_AccumulatedOtherComprehensiveIncomeMember"/>
<link:labelArc xlink:type="arc" xlink:arcrole="http://www.xbrl.org/2003/arcrole/concept-label"
xlink:from="NoncontrollingInterestMember"
xlink:to="label_NoncontrollingInterestMember"/>
<link:labelArc xlink:type="arc" xlink:arcrole="http://www.xbrl.org/2003/arcrole/concept-label"
xlink:from="ComprehensiveIncomeMember"
xlink:to="label_ComprehensiveIncomeMember"/>
<link:labelArc xlink:type="arc" xlink:arcrole="http://www.xbrl.org/2003/arcrole/concept-label"
xlink:from="StatementScenarioAxis"
xlink:to="label_StatementScenarioAxis"/>
<link:labelArc xlink:type="arc" xlink:arcrole="http://www.xbrl.org/2003/arcrole/concept-label"
xlink:from="ScenarioUnspecifiedDomain"
xlink:to="label_ScenarioUnspecifiedDomain"/>
<link:labelArc xlink:type="arc" xlink:arcrole="http://www.xbrl.org/2003/arcrole/concept-label"
xlink:from="lbl_NewAccountingPronouncementsOrChangeInAccountingPrincipleByTypeOfChangeAxis"
xlink:to="lbl_label714625986"
order="1.0"/>
<link:labelArc xlink:type="arc" xlink:arcrole="http://www.xbrl.org/2003/arcrole/concept-label"
xlink:from="lbl_FAS158Member"
xlink:to="lbl_label1529032457"
order="1.0"/>
<link:labelArc xlink:type="arc" xlink:arcrole="http://www.xbrl.org/2003/arcrole/concept-label"
xlink:from="lbl_TypeOfChangeDomain"
xlink:to="lbl_label1394520893"
order="1.0"/>
<link:labelArc xlink:type="arc" xlink:arcrole="http://www.xbrl.org/2003/arcrole/concept-label"
xlink:from="StatementLineItems"
xlink:to="label_StatementLineItems"/>
<link:labelArc xlink:type="arc" xlink:arcrole="http://www.xbrl.org/2003/arcrole/concept-label"
xlink:from="IncreaseDecreaseInStockholdersEquityRollForward"
xlink:to="label_IncreaseDecreaseInStockholdersEquityRollForward"/>
<link:labelArc xlink:type="arc" xlink:arcrole="http://www.xbrl.org/2003/arcrole/concept-label"
xlink:from="IncreaseDecreaseInStockholdersEquityRollForward"
xlink:to="label_IncreaseDecreaseInStockholdersEquityRollForward_2"/>
<link:labelArc xlink:type="arc" xlink:arcrole="http://www.xbrl.org/2003/arcrole/concept-label"
xlink:from="StockholdersEquityIncludingPortionAttributableToNoncontrollingInterest"
xlink:to="label_StockholdersEquityIncludingPortionAttributableToNoncontrollingInterest_4"/>
<link:labelArc xlink:type="arc" xlink:arcrole="http://www.xbrl.org/2003/arcrole/concept-label"
xlink:from="StockholdersEquityIncludingPortionAttributableToNoncontrollingInterest"
xlink:to="label_StockholdersEquityIncludingPortionAttributableToNoncontrollingInterest"/>
<link:labelArc xlink:type="arc" xlink:arcrole="http://www.xbrl.org/2003/arcrole/concept-label"
xlink:from="StockholdersEquityIncludingPortionAttributableToNoncontrollingInterest"
xlink:to="label_StockholdersEquityIncludingPortionAttributableToNoncontrollingInterest_2"/>
<link:labelArc xlink:type="arc" xlink:arcrole="http://www.xbrl.org/2003/arcrole/concept-label"
xlink:from="StockholdersEquityIncludingPortionAttributableToNoncontrollingInterest"
xlink:to="label_StockholdersEquityIncludingPortionAttributableToNoncontrollingInterest_3"/>
<link:labelArc xlink:type="arc" xlink:arcrole="http://www.xbrl.org/2003/arcrole/concept-label"
xlink:from="SharesIssued"
xlink:to="label_SharesIssued_3"/>
<link:labelArc xlink:type="arc" xlink:arcrole="http://www.xbrl.org/2003/arcrole/concept-label"
xlink:from="SharesIssued"
xlink:to="label_SharesIssued"/>
<link:labelArc xlink:type="arc" xlink:arcrole="http://www.xbrl.org/2003/arcrole/concept-label"
xlink:from="SharesIssued"
xlink:to="label_SharesIssued_2"/>
<link:labelArc xlink:type="arc" xlink:arcrole="http://www.xbrl.org/2003/arcrole/concept-label"
xlink:from="ComprehensiveIncomeNetOfTaxIncludingPortionAttributableToNoncontrollingInterestAbstract"
xlink:to="label_ComprehensiveIncomeNetOfTaxIncludingPortionAttributableToNoncontrollingInterestAbstract"/>
<link:labelArc xlink:type="arc" xlink:arcrole="http://www.xbrl.org/2003/arcrole/concept-label"
xlink:from="ProfitLoss"
xlink:to="label_ProfitLoss_3"/>
<link:labelArc xlink:type="arc" xlink:arcrole="http://www.xbrl.org/2003/arcrole/concept-label"
xlink:from="ProfitLoss"
xlink:to="label_ProfitLoss"/>
<link:labelArc xlink:type="arc" xlink:arcrole="http://www.xbrl.org/2003/arcrole/concept-label"
xlink:from="ProfitLoss"
xlink:to="label_ProfitLoss_2"/>
<link:labelArc xlink:type="arc" xlink:arcrole="http://www.xbrl.org/2003/arcrole/concept-label"
xlink:from="ProfitLoss"
xlink:to="label_ProfitLoss_4"/>
<link:labelArc xlink:type="arc" xlink:arcrole="http://www.xbrl.org/2003/arcrole/concept-label"
xlink:from="OtherComprehensiveIncomeLossNetOfTaxPeriodIncreaseDecrease"
xlink:to="label_OtherComprehensiveIncomeLossNetOfTaxPeriodIncreaseDecrease_2"/>
<link:labelArc xlink:type="arc" xlink:arcrole="http://www.xbrl.org/2003/arcrole/concept-label"
xlink:from="OtherComprehensiveIncomeLossNetOfTaxPeriodIncreaseDecrease"
xlink:to="label_OtherComprehensiveIncomeLossNetOfTaxPeriodIncreaseDecrease"/>
<link:labelArc xlink:type="arc" xlink:arcrole="http://www.xbrl.org/2003/arcrole/concept-label"
xlink:from="OtherComprehensiveIncomeLossNetOfTaxPeriodIncreaseDecrease"
xlink:to="label_OtherComprehensiveIncomeLossNetOfTaxPeriodIncreaseDecrease_3"/>
<link:labelArc xlink:type="arc" xlink:arcrole="http://www.xbrl.org/2003/arcrole/concept-label"
xlink:from="ComprehensiveIncomeNetOfTaxIncludingPortionAttributableToNoncontrollingInterest"
xlink:to="label_ComprehensiveIncomeNetOfTaxIncludingPortionAttributableToNoncontrollingInterest_2"/>
<link:labelArc xlink:type="arc" xlink:arcrole="http://www.xbrl.org/2003/arcrole/concept-label"
xlink:from="ComprehensiveIncomeNetOfTaxIncludingPortionAttributableToNoncontrollingInterest"
xlink:to="label_ComprehensiveIncomeNetOfTaxIncludingPortionAttributableToNoncontrollingInterest"/>
<link:labelArc xlink:type="arc" xlink:arcrole="http://www.xbrl.org/2003/arcrole/concept-label"
xlink:from="ComprehensiveIncomeNetOfTaxIncludingPortionAttributableToNoncontrollingInterest"
xlink:to="label_ComprehensiveIncomeNetOfTaxIncludingPortionAttributableToNoncontrollingInterest_3"/>
<link:labelArc xlink:type="arc" xlink:arcrole="http://www.xbrl.org/2003/arcrole/concept-label"
xlink:from="DividendsCommonStockCash"
xlink:to="label_DividendsCommonStockCash_2"/>
<link:labelArc xlink:type="arc" xlink:arcrole="http://www.xbrl.org/2003/arcrole/concept-label"
xlink:from="DividendsCommonStockCash"
xlink:to="label_DividendsCommonStockCash"/>
<link:labelArc xlink:type="arc" xlink:arcrole="http://www.xbrl.org/2003/arcrole/concept-label"
xlink:from="TreasuryStockValueAcquiredCostMethod"
xlink:to="label_TreasuryStockValueAcquiredCostMethod"/>
<link:labelArc xlink:type="arc" xlink:arcrole="http://www.xbrl.org/2003/arcrole/concept-label"
xlink:from="TreasuryStockValueAcquiredCostMethod"
xlink:to="label_TreasuryStockValueAcquiredCostMethod_2"/>
<link:labelArc xlink:type="arc" xlink:arcrole="http://www.xbrl.org/2003/arcrole/concept-label"
xlink:from="TreasuryStockValueAcquiredCostMethod"
xlink:to="label_TreasuryStockValueAcquiredCostMethod_3"/>
<link:labelArc xlink:type="arc" xlink:arcrole="http://www.xbrl.org/2003/arcrole/concept-label"
xlink:from="TreasuryStockSharesAcquired"
xlink:to="label_TreasuryStockSharesAcquired"/>
<link:labelArc xlink:type="arc" xlink:arcrole="http://www.xbrl.org/2003/arcrole/concept-label"
xlink:from="TreasuryStockSharesAcquired"
xlink:to="label_TreasuryStockSharesAcquired_2"/>
<link:labelArc xlink:type="arc" xlink:arcrole="http://www.xbrl.org/2003/arcrole/concept-label"
xlink:from="TreasuryStockSharesAcquired"
xlink:to="label_TreasuryStockSharesAcquired_3"/>
<link:labelArc xlink:type="arc" xlink:arcrole="http://www.xbrl.org/2003/arcrole/concept-label"
xlink:from="CumulativeEffectOfInitialAdoptionOfSFAS158"
xlink:to="label_CumulativeEffectOfInitialAdoptionOfSFAS158"/>
<link:labelArc xlink:type="arc" xlink:arcrole="http://www.xbrl.org/2003/arcrole/concept-label"
xlink:from="CumulativeEffectOfInitialAdoptionOfSFAS158"
xlink:to="label_CumulativeEffectOfInitialAdoptionOfSFAS158_2"/>
<link:labelArc xlink:type="arc" xlink:arcrole="http://www.xbrl.org/2003/arcrole/concept-label"
xlink:from="CumulativeEffectOfInitialAdoptionOfSFAS158"
xlink:to="label_CumulativeEffectOfInitialAdoptionOfSFAS158_3"/>
<link:labelArc xlink:type="arc" xlink:arcrole="http://www.xbrl.org/2003/arcrole/concept-label"
xlink:from="CumulativeEffectOfInitialAdoptionOfSFAS158"
xlink:to="label_CumulativeEffectOfInitialAdoptionOfSFAS158_4"/>
<link:labelArc xlink:type="arc" xlink:arcrole="http://www.xbrl.org/2003/arcrole/concept-label"
xlink:from="CumulativeEffectOfInitialAdoptionOfSFAS158"
xlink:to="label_CumulativeEffectOfInitialAdoptionOfSFAS158_5"/>
<link:labelArc xlink:type="arc" xlink:arcrole="http://www.xbrl.org/2003/arcrole/concept-label"
xlink:from="ForwardContractComponentOfEquityUnits"
xlink:to="label_ForwardContractComponentOfEquityUnits_2"/>
<link:labelArc xlink:type="arc" xlink:arcrole="http://www.xbrl.org/2003/arcrole/concept-label"
xlink:from="ForwardContractComponentOfEquityUnits"
xlink:to="label_ForwardContractComponentOfEquityUnits_3"/>
<link:labelArc xlink:type="arc" xlink:arcrole="http://www.xbrl.org/2003/arcrole/concept-label"
xlink:from="ForwardContractComponentOfEquityUnits"
xlink:to="label_ForwardContractComponentOfEquityUnits"/>
<link:labelArc xlink:type="arc" xlink:arcrole="http://www.xbrl.org/2003/arcrole/concept-label"
xlink:from="AdjustmentsToAdditionalPaidInCapitalSharebasedCompensationRequisiteServicePeriodRecognitionValue"
xlink:to="label_AdjustmentsToAdditionalPaidInCapitalSharebasedCompensationRequisiteServicePeriodRecognitionValue"/>
<link:labelArc xlink:type="arc" xlink:arcrole="http://www.xbrl.org/2003/arcrole/concept-label"
xlink:from="AdjustmentsToAdditionalPaidInCapitalSharebasedCompensationRequisiteServicePeriodRecognitionValue"
xlink:to="label_AdjustmentsToAdditionalPaidInCapitalSharebasedCompensationRequisiteServicePeriodRecognitionValue_2"/>
<link:labelArc xlink:type="arc" xlink:arcrole="http://www.xbrl.org/2003/arcrole/concept-label"
xlink:from="StockholdersEquityOther"
xlink:to="label_StockholdersEquityOther_2"/>
<link:labelArc xlink:type="arc" xlink:arcrole="http://www.xbrl.org/2003/arcrole/concept-label"
xlink:from="StockholdersEquityOther"
xlink:to="label_StockholdersEquityOther"/>
<link:labelArc xlink:type="arc" xlink:arcrole="http://www.xbrl.org/2003/arcrole/concept-label"
xlink:from="lbl_StockholdersEquityOtherShares"
xlink:to="lbl_StockholdersEquityOtherShares_labels"
order="1.0"/>
<link:labelArc xlink:type="arc" xlink:arcrole="http://www.xbrl.org/2003/arcrole/concept-label"
xlink:from="lbl_StockholdersEquityOtherShares"
xlink:to="label_StockholdersEquityOtherShares"/>
<link:labelArc xlink:type="arc" xlink:arcrole="http://www.xbrl.org/2003/arcrole/concept-label"
xlink:from="StockholdersEquityPeriodIncreaseDecrease"
xlink:to="label_StockholdersEquityPeriodIncreaseDecrease"/>
<link:labelArc xlink:type="arc" xlink:arcrole="http://www.xbrl.org/2003/arcrole/concept-label"
xlink:from="StockIssuedDuringPeriodSharesPeriodIncreaseDecrease"
xlink:to="label_StockIssuedDuringPeriodSharesPeriodIncreaseDecrease"/>
<link:labelArc xlink:type="arc" xlink:arcrole="http://www.xbrl.org/2003/arcrole/concept-label"
xlink:from="PurchaseOfCallOptionsNetOfTax"
xlink:to="label_PurchaseOfCallOptionsNetOfTax_2"/>
<link:labelArc xlink:type="arc" xlink:arcrole="http://www.xbrl.org/2003/arcrole/concept-label"
xlink:from="PurchaseOfCallOptionsNetOfTax"
xlink:to="label_PurchaseOfCallOptionsNetOfTax_3"/>
<link:labelArc xlink:type="arc" xlink:arcrole="http://www.xbrl.org/2003/arcrole/concept-label"
xlink:from="PurchaseOfCallOptionsNetOfTax"
xlink:to="label_PurchaseOfCallOptionsNetOfTax"/>
<link:labelArc xlink:type="arc" xlink:arcrole="http://www.xbrl.org/2003/arcrole/concept-label"
xlink:from="StockIssuedDuringPeriodValueConversionOfConvertibleSecurities"
xlink:to="label_StockIssuedDuringPeriodValueConversionOfConvertibleSecurities"/>
<link:labelArc xlink:type="arc" xlink:arcrole="http://www.xbrl.org/2003/arcrole/concept-label"
xlink:from="StockIssuedDuringPeriodValueConversionOfConvertibleSecurities"
xlink:to="label_StockIssuedDuringPeriodValueConversionOfConvertibleSecurities_2"/>
<link:labelArc xlink:type="arc" xlink:arcrole="http://www.xbrl.org/2003/arcrole/concept-label"
xlink:from="SaleOfStockWarrants"
xlink:to="label_SaleOfStockWarrants_2"/>
<link:labelArc xlink:type="arc" xlink:arcrole="http://www.xbrl.org/2003/arcrole/concept-label"
xlink:from="SaleOfStockWarrants"
xlink:to="label_SaleOfStockWarrants_3"/>
<link:labelArc xlink:type="arc" xlink:arcrole="http://www.xbrl.org/2003/arcrole/concept-label"
xlink:from="SaleOfStockWarrants"
xlink:to="label_SaleOfStockWarrants"/>
<link:labelArc xlink:type="arc" xlink:arcrole="http://www.xbrl.org/2003/arcrole/concept-label"
xlink:from="us-gaap_ScenarioPreviouslyReportedMember"
xlink:to="us-gaap_ScenarioPreviouslyReportedMember_lbl"/>
<link:labelArc xlink:type="arc" xlink:arcrole="http://www.xbrl.org/2003/arcrole/concept-label"
xlink:from="us-gaap_RestatementAdjustmentMember"
xlink:to="us-gaap_RestatementAdjustmentMember_lbl"/>
<link:labelArc xlink:type="arc" xlink:arcrole="http://www.xbrl.org/2003/arcrole/concept-label"
xlink:from="DocumentPeriodEndDate"
xlink:to="label_DocumentPeriodEndDate"/>
<link:labelArc xlink:type="arc" xlink:arcrole="http://www.xbrl.org/2003/arcrole/concept-label"
xlink:from="AmendmentFlag"
xlink:to="label_AmendmentFlag"/>
<link:labelArc xlink:type="arc" xlink:arcrole="http://www.xbrl.org/2003/arcrole/concept-label"
xlink:from="EntityRegistrantName"
xlink:to="label_EntityRegistrantName"/>
<link:labelArc xlink:type="arc" xlink:arcrole="http://www.xbrl.org/2003/arcrole/concept-label"
xlink:from="EntityCentralIndexKey"
xlink:to="label_EntityCentralIndexKey"/>
<link:labelArc xlink:type="arc" xlink:arcrole="http://www.xbrl.org/2003/arcrole/concept-label"
xlink:from="DocumentType"
xlink:to="label_DocumentType"/>
<link:labelArc xlink:type="arc" xlink:arcrole="http://www.xbrl.org/2003/arcrole/concept-label"
xlink:from="DocumentInformationLineItems"
xlink:to="label_DocumentInformationLineItems"/>
</link:labelLink>
</link:linkbase>