<?xml version="1.0" encoding="utf-8"?>
<!-- Solvency II Taxonomy - 2011-06-30 -->
<!-- Copyright (C) 2011 European Insurance and Occupational Pensions Authority -->
<link:linkbase xmlns:xsi="http://www.w3.org/2001/XMLSchema-instance"
  xmlns:link="http://www.xbrl.org/2003/linkbase"
  xmlns:xbrli="http://www.xbrl.org/2003/instance"
  xmlns:xbrldt="http://xbrl.org/2005/xbrldt"
  xmlns:xlink="http://www.w3.org/1999/xlink"
  xmlns:generic="http://xbrl.org/2008/generic"
  xmlns:ref-surfi="http://www.eiopa.europa.eu/pr/solvencyii/reference-elements"
  xmlns:of-which="http://www.eiopa.europa.eu/pr/solvencyii/including-included"
  xsi:schemaLocation="http://www.xbrl.org/2003/linkbase http://www.xbrl.org/2003/xbrl-linkbase-2003-12-31.xsd"
  >
  <link:roleRef roleURI="http://www.eiopa.europa.eu/pr/solvencyii/role/code" xlink:type="simple" xlink:href="primary-types-2011-06-30.xsd#code"/>
  <link:labelLink xlink:type="extended" xlink:role="http://www.xbrl.org/2003/role/link">
    <link:loc xlink:type="locator" xlink:href="d-cur-2011-06-30.xsd#d-cur_CurrencyDimension" xlink:label="d-cur_CurrencyDimension" xlink:title="d-cur_CurrencyDimension"/>
    <link:label xlink:type="resource" xlink:role="http://www.xbrl.org/2003/role/label" xlink:label="label_d-cur_CurrencyDimension_001" xlink:title="label_d-cur_CurrencyDimension_001" id="label_d-cur_CurrencyDimension_001" xml:lang="en">Currency (Dimension)</link:label>
    <link:labelArc xlink:type="arc" xlink:arcrole="http://www.xbrl.org/2003/arcrole/concept-label" xlink:from="d-cur_CurrencyDimension" xlink:to="label_d-cur_CurrencyDimension_001" xlink:title="d-cur_CurrencyDimension to label_d-cur_CurrencyDimension_001"/>
    <link:label xlink:type="resource" xlink:role="http://www.eiopa.europa.eu/pr/solvencyii/role/code" xlink:label="label_d-cur_CurrencyDimension_002" xlink:title="label_d-cur_CurrencyDimension_002" id="label_d-cur_CurrencyDimension_002" xml:lang="en">CUR</link:label>
    <link:labelArc xlink:type="arc" xlink:arcrole="http://www.xbrl.org/2003/arcrole/concept-label" xlink:from="d-cur_CurrencyDimension" xlink:to="label_d-cur_CurrencyDimension_002" xlink:title="d-cur_CurrencyDimension to label_d-cur_CurrencyDimension_002"/>
  </link:labelLink>
</link:linkbase>
