<?xml version="1.0" encoding="utf-8"?>
<!-- Solvency II Taxonomy - 2011-06-30 -->
<!-- Copyright (C) 2011 European Insurance and Occupational Pensions Authority -->
<link:linkbase xmlns:xsi="http://www.w3.org/2001/XMLSchema-instance"
  xmlns:link="http://www.xbrl.org/2003/linkbase"
  xmlns:xbrli="http://www.xbrl.org/2003/instance"
  xmlns:xbrldt="http://xbrl.org/2005/xbrldt"
  xmlns:xlink="http://www.w3.org/1999/xlink"
  xmlns:generic="http://xbrl.org/2008/generic"
  xmlns:ref-surfi="http://www.eiopa.europa.eu/pr/solvencyii/reference-elements"
  xmlns:of-which="http://www.eiopa.europa.eu/pr/solvencyii/including-included"
  xsi:schemaLocation="http://www.xbrl.org/2003/linkbase http://www.xbrl.org/2003/xbrl-linkbase-2003-12-31.xsd"
  >
  <link:roleRef roleURI="http://www.eiopa.europa.eu/pr/solvencyii/role/code" xlink:type="simple" xlink:href="primary-types-2011-06-30.xsd#code"/>
  <link:labelLink xlink:type="extended" xlink:role="http://www.xbrl.org/2003/role/link">
    <link:loc xlink:type="locator" xlink:href="d-dvy-2011-06-30.xsd#d-dvy_DevelopmentYearDimension" xlink:label="d-dvy_DevelopmentYearDimension" xlink:title="d-dvy_DevelopmentYearDimension"/>
    <link:label xlink:type="resource" xlink:role="http://www.xbrl.org/2003/role/label" xlink:label="label_d-dvy_DevelopmentYearDimension_001" xlink:title="label_d-dvy_DevelopmentYearDimension_001" id="label_d-dvy_DevelopmentYearDimension_001" xml:lang="en">Development year (Dimension)</link:label>
    <link:labelArc xlink:type="arc" xlink:arcrole="http://www.xbrl.org/2003/arcrole/concept-label" xlink:from="d-dvy_DevelopmentYearDimension" xlink:to="label_d-dvy_DevelopmentYearDimension_001" xlink:title="d-dvy_DevelopmentYearDimension to label_d-dvy_DevelopmentYearDimension_001"/>
    <link:label xlink:type="resource" xlink:role="http://www.eiopa.europa.eu/pr/solvencyii/role/code" xlink:label="label_d-dvy_DevelopmentYearDimension_002" xlink:title="label_d-dvy_DevelopmentYearDimension_002" id="label_d-dvy_DevelopmentYearDimension_002" xml:lang="en">DVY</link:label>
    <link:labelArc xlink:type="arc" xlink:arcrole="http://www.xbrl.org/2003/arcrole/concept-label" xlink:from="d-dvy_DevelopmentYearDimension" xlink:to="label_d-dvy_DevelopmentYearDimension_002" xlink:title="d-dvy_DevelopmentYearDimension to label_d-dvy_DevelopmentYearDimension_002"/>
    <link:loc xlink:type="locator" xlink:href="d-dvy-2011-06-30.xsd#d-dvy_DevelopmentYearDomain" xlink:label="d-dvy_DevelopmentYearDomain" xlink:title="d-dvy_DevelopmentYearDomain"/>
    <link:label xlink:type="resource" xlink:role="http://www.xbrl.org/2003/role/label" xlink:label="label_d-dvy_DevelopmentYearDomain_001" xlink:title="label_d-dvy_DevelopmentYearDomain_001" id="label_d-dvy_DevelopmentYearDomain_001" xml:lang="en">Development year (Domain)</link:label>
    <link:labelArc xlink:type="arc" xlink:arcrole="http://www.xbrl.org/2003/arcrole/concept-label" xlink:from="d-dvy_DevelopmentYearDomain" xlink:to="label_d-dvy_DevelopmentYearDomain_001" xlink:title="d-dvy_DevelopmentYearDomain to label_d-dvy_DevelopmentYearDomain_001"/>
    <link:loc xlink:type="locator" xlink:href="d-dvy-2011-06-30.xsd#d-dvy_TotalDevelopmentYears" xlink:label="d-dvy_TotalDevelopmentYears" xlink:title="d-dvy_TotalDevelopmentYears"/>
    <link:label xlink:type="resource" xlink:role="http://www.xbrl.org/2003/role/label" xlink:label="label_d-dvy_TotalDevelopmentYears_001" xlink:title="label_d-dvy_TotalDevelopmentYears_001" id="label_d-dvy_TotalDevelopmentYears_001" xml:lang="en">Total, Development years</link:label>
    <link:labelArc xlink:type="arc" xlink:arcrole="http://www.xbrl.org/2003/arcrole/concept-label" xlink:from="d-dvy_TotalDevelopmentYears" xlink:to="label_d-dvy_TotalDevelopmentYears_001" xlink:title="d-dvy_TotalDevelopmentYears to label_d-dvy_TotalDevelopmentYears_001"/>
    <link:label xlink:type="resource" xlink:role="http://www.eiopa.europa.eu/pr/solvencyii/role/code" xlink:label="label_d-dvy_TotalDevelopmentYears_002" xlink:title="label_d-dvy_TotalDevelopmentYears_002" id="label_d-dvy_TotalDevelopmentYears_002" xml:lang="en">DVY_</link:label>
    <link:labelArc xlink:type="arc" xlink:arcrole="http://www.xbrl.org/2003/arcrole/concept-label" xlink:from="d-dvy_TotalDevelopmentYears" xlink:to="label_d-dvy_TotalDevelopmentYears_002" xlink:title="d-dvy_TotalDevelopmentYears to label_d-dvy_TotalDevelopmentYears_002"/>
    <link:loc xlink:type="locator" xlink:href="d-dvy-2011-06-30.xsd#d-dvy_YearN1" xlink:label="d-dvy_YearN1" xlink:title="d-dvy_YearN1"/>
    <link:label xlink:type="resource" xlink:role="http://www.xbrl.org/2003/role/label" xlink:label="label_d-dvy_YearN1_001" xlink:title="label_d-dvy_YearN1_001" id="label_d-dvy_YearN1_001" xml:lang="en">Year n+1</link:label>
    <link:labelArc xlink:type="arc" xlink:arcrole="http://www.xbrl.org/2003/arcrole/concept-label" xlink:from="d-dvy_YearN1" xlink:to="label_d-dvy_YearN1_001" xlink:title="d-dvy_YearN1 to label_d-dvy_YearN1_001"/>
    <link:label xlink:type="resource" xlink:role="http://www.eiopa.europa.eu/pr/solvencyii/role/code" xlink:label="label_d-dvy_YearN1_002" xlink:title="label_d-dvy_YearN1_002" id="label_d-dvy_YearN1_002" xml:lang="en">DY01</link:label>
    <link:labelArc xlink:type="arc" xlink:arcrole="http://www.xbrl.org/2003/arcrole/concept-label" xlink:from="d-dvy_YearN1" xlink:to="label_d-dvy_YearN1_002" xlink:title="d-dvy_YearN1 to label_d-dvy_YearN1_002"/>
    <link:loc xlink:type="locator" xlink:href="d-dvy-2011-06-30.xsd#d-dvy_YearN2" xlink:label="d-dvy_YearN2" xlink:title="d-dvy_YearN2"/>
    <link:label xlink:type="resource" xlink:role="http://www.xbrl.org/2003/role/label" xlink:label="label_d-dvy_YearN2_001" xlink:title="label_d-dvy_YearN2_001" id="label_d-dvy_YearN2_001" xml:lang="en">Year n+2</link:label>
    <link:labelArc xlink:type="arc" xlink:arcrole="http://www.xbrl.org/2003/arcrole/concept-label" xlink:from="d-dvy_YearN2" xlink:to="label_d-dvy_YearN2_001" xlink:title="d-dvy_YearN2 to label_d-dvy_YearN2_001"/>
    <link:label xlink:type="resource" xlink:role="http://www.eiopa.europa.eu/pr/solvencyii/role/code" xlink:label="label_d-dvy_YearN2_002" xlink:title="label_d-dvy_YearN2_002" id="label_d-dvy_YearN2_002" xml:lang="en">DY02</link:label>
    <link:labelArc xlink:type="arc" xlink:arcrole="http://www.xbrl.org/2003/arcrole/concept-label" xlink:from="d-dvy_YearN2" xlink:to="label_d-dvy_YearN2_002" xlink:title="d-dvy_YearN2 to label_d-dvy_YearN2_002"/>
    <link:loc xlink:type="locator" xlink:href="d-dvy-2011-06-30.xsd#d-dvy_YearN3" xlink:label="d-dvy_YearN3" xlink:title="d-dvy_YearN3"/>
    <link:label xlink:type="resource" xlink:role="http://www.xbrl.org/2003/role/label" xlink:label="label_d-dvy_YearN3_001" xlink:title="label_d-dvy_YearN3_001" id="label_d-dvy_YearN3_001" xml:lang="en">Year n+3</link:label>
    <link:labelArc xlink:type="arc" xlink:arcrole="http://www.xbrl.org/2003/arcrole/concept-label" xlink:from="d-dvy_YearN3" xlink:to="label_d-dvy_YearN3_001" xlink:title="d-dvy_YearN3 to label_d-dvy_YearN3_001"/>
    <link:label xlink:type="resource" xlink:role="http://www.eiopa.europa.eu/pr/solvencyii/role/code" xlink:label="label_d-dvy_YearN3_002" xlink:title="label_d-dvy_YearN3_002" id="label_d-dvy_YearN3_002" xml:lang="en">DY03</link:label>
    <link:labelArc xlink:type="arc" xlink:arcrole="http://www.xbrl.org/2003/arcrole/concept-label" xlink:from="d-dvy_YearN3" xlink:to="label_d-dvy_YearN3_002" xlink:title="d-dvy_YearN3 to label_d-dvy_YearN3_002"/>
    <link:loc xlink:type="locator" xlink:href="d-dvy-2011-06-30.xsd#d-dvy_YearN4" xlink:label="d-dvy_YearN4" xlink:title="d-dvy_YearN4"/>
    <link:label xlink:type="resource" xlink:role="http://www.xbrl.org/2003/role/label" xlink:label="label_d-dvy_YearN4_001" xlink:title="label_d-dvy_YearN4_001" id="label_d-dvy_YearN4_001" xml:lang="en">Year n+4</link:label>
    <link:labelArc xlink:type="arc" xlink:arcrole="http://www.xbrl.org/2003/arcrole/concept-label" xlink:from="d-dvy_YearN4" xlink:to="label_d-dvy_YearN4_001" xlink:title="d-dvy_YearN4 to label_d-dvy_YearN4_001"/>
    <link:label xlink:type="resource" xlink:role="http://www.eiopa.europa.eu/pr/solvencyii/role/code" xlink:label="label_d-dvy_YearN4_002" xlink:title="label_d-dvy_YearN4_002" id="label_d-dvy_YearN4_002" xml:lang="en">DY04</link:label>
    <link:labelArc xlink:type="arc" xlink:arcrole="http://www.xbrl.org/2003/arcrole/concept-label" xlink:from="d-dvy_YearN4" xlink:to="label_d-dvy_YearN4_002" xlink:title="d-dvy_YearN4 to label_d-dvy_YearN4_002"/>
    <link:loc xlink:type="locator" xlink:href="d-dvy-2011-06-30.xsd#d-dvy_YearN5" xlink:label="d-dvy_YearN5" xlink:title="d-dvy_YearN5"/>
    <link:label xlink:type="resource" xlink:role="http://www.xbrl.org/2003/role/label" xlink:label="label_d-dvy_YearN5_001" xlink:title="label_d-dvy_YearN5_001" id="label_d-dvy_YearN5_001" xml:lang="en">Year n+5</link:label>
    <link:labelArc xlink:type="arc" xlink:arcrole="http://www.xbrl.org/2003/arcrole/concept-label" xlink:from="d-dvy_YearN5" xlink:to="label_d-dvy_YearN5_001" xlink:title="d-dvy_YearN5 to label_d-dvy_YearN5_001"/>
    <link:label xlink:type="resource" xlink:role="http://www.eiopa.europa.eu/pr/solvencyii/role/code" xlink:label="label_d-dvy_YearN5_002" xlink:title="label_d-dvy_YearN5_002" id="label_d-dvy_YearN5_002" xml:lang="en">DY05</link:label>
    <link:labelArc xlink:type="arc" xlink:arcrole="http://www.xbrl.org/2003/arcrole/concept-label" xlink:from="d-dvy_YearN5" xlink:to="label_d-dvy_YearN5_002" xlink:title="d-dvy_YearN5 to label_d-dvy_YearN5_002"/>
    <link:loc xlink:type="locator" xlink:href="d-dvy-2011-06-30.xsd#d-dvy_YearN6" xlink:label="d-dvy_YearN6" xlink:title="d-dvy_YearN6"/>
    <link:label xlink:type="resource" xlink:role="http://www.xbrl.org/2003/role/label" xlink:label="label_d-dvy_YearN6_001" xlink:title="label_d-dvy_YearN6_001" id="label_d-dvy_YearN6_001" xml:lang="en">Year n+6</link:label>
    <link:labelArc xlink:type="arc" xlink:arcrole="http://www.xbrl.org/2003/arcrole/concept-label" xlink:from="d-dvy_YearN6" xlink:to="label_d-dvy_YearN6_001" xlink:title="d-dvy_YearN6 to label_d-dvy_YearN6_001"/>
    <link:label xlink:type="resource" xlink:role="http://www.eiopa.europa.eu/pr/solvencyii/role/code" xlink:label="label_d-dvy_YearN6_002" xlink:title="label_d-dvy_YearN6_002" id="label_d-dvy_YearN6_002" xml:lang="en">DY06</link:label>
    <link:labelArc xlink:type="arc" xlink:arcrole="http://www.xbrl.org/2003/arcrole/concept-label" xlink:from="d-dvy_YearN6" xlink:to="label_d-dvy_YearN6_002" xlink:title="d-dvy_YearN6 to label_d-dvy_YearN6_002"/>
    <link:loc xlink:type="locator" xlink:href="d-dvy-2011-06-30.xsd#d-dvy_YearN7" xlink:label="d-dvy_YearN7" xlink:title="d-dvy_YearN7"/>
    <link:label xlink:type="resource" xlink:role="http://www.xbrl.org/2003/role/label" xlink:label="label_d-dvy_YearN7_001" xlink:title="label_d-dvy_YearN7_001" id="label_d-dvy_YearN7_001" xml:lang="en">Year n+7</link:label>
    <link:labelArc xlink:type="arc" xlink:arcrole="http://www.xbrl.org/2003/arcrole/concept-label" xlink:from="d-dvy_YearN7" xlink:to="label_d-dvy_YearN7_001" xlink:title="d-dvy_YearN7 to label_d-dvy_YearN7_001"/>
    <link:label xlink:type="resource" xlink:role="http://www.eiopa.europa.eu/pr/solvencyii/role/code" xlink:label="label_d-dvy_YearN7_002" xlink:title="label_d-dvy_YearN7_002" id="label_d-dvy_YearN7_002" xml:lang="en">DY07</link:label>
    <link:labelArc xlink:type="arc" xlink:arcrole="http://www.xbrl.org/2003/arcrole/concept-label" xlink:from="d-dvy_YearN7" xlink:to="label_d-dvy_YearN7_002" xlink:title="d-dvy_YearN7 to label_d-dvy_YearN7_002"/>
    <link:loc xlink:type="locator" xlink:href="d-dvy-2011-06-30.xsd#d-dvy_YearN8" xlink:label="d-dvy_YearN8" xlink:title="d-dvy_YearN8"/>
    <link:label xlink:type="resource" xlink:role="http://www.xbrl.org/2003/role/label" xlink:label="label_d-dvy_YearN8_001" xlink:title="label_d-dvy_YearN8_001" id="label_d-dvy_YearN8_001" xml:lang="en">Year n+8</link:label>
    <link:labelArc xlink:type="arc" xlink:arcrole="http://www.xbrl.org/2003/arcrole/concept-label" xlink:from="d-dvy_YearN8" xlink:to="label_d-dvy_YearN8_001" xlink:title="d-dvy_YearN8 to label_d-dvy_YearN8_001"/>
    <link:label xlink:type="resource" xlink:role="http://www.eiopa.europa.eu/pr/solvencyii/role/code" xlink:label="label_d-dvy_YearN8_002" xlink:title="label_d-dvy_YearN8_002" id="label_d-dvy_YearN8_002" xml:lang="en">DY08</link:label>
    <link:labelArc xlink:type="arc" xlink:arcrole="http://www.xbrl.org/2003/arcrole/concept-label" xlink:from="d-dvy_YearN8" xlink:to="label_d-dvy_YearN8_002" xlink:title="d-dvy_YearN8 to label_d-dvy_YearN8_002"/>
    <link:loc xlink:type="locator" xlink:href="d-dvy-2011-06-30.xsd#d-dvy_YearN9" xlink:label="d-dvy_YearN9" xlink:title="d-dvy_YearN9"/>
    <link:label xlink:type="resource" xlink:role="http://www.xbrl.org/2003/role/label" xlink:label="label_d-dvy_YearN9_001" xlink:title="label_d-dvy_YearN9_001" id="label_d-dvy_YearN9_001" xml:lang="en">Year n+9</link:label>
    <link:labelArc xlink:type="arc" xlink:arcrole="http://www.xbrl.org/2003/arcrole/concept-label" xlink:from="d-dvy_YearN9" xlink:to="label_d-dvy_YearN9_001" xlink:title="d-dvy_YearN9 to label_d-dvy_YearN9_001"/>
    <link:label xlink:type="resource" xlink:role="http://www.eiopa.europa.eu/pr/solvencyii/role/code" xlink:label="label_d-dvy_YearN9_002" xlink:title="label_d-dvy_YearN9_002" id="label_d-dvy_YearN9_002" xml:lang="en">DY09</link:label>
    <link:labelArc xlink:type="arc" xlink:arcrole="http://www.xbrl.org/2003/arcrole/concept-label" xlink:from="d-dvy_YearN9" xlink:to="label_d-dvy_YearN9_002" xlink:title="d-dvy_YearN9 to label_d-dvy_YearN9_002"/>
    <link:loc xlink:type="locator" xlink:href="d-dvy-2011-06-30.xsd#d-dvy_YearN10" xlink:label="d-dvy_YearN10" xlink:title="d-dvy_YearN10"/>
    <link:label xlink:type="resource" xlink:role="http://www.xbrl.org/2003/role/label" xlink:label="label_d-dvy_YearN10_001" xlink:title="label_d-dvy_YearN10_001" id="label_d-dvy_YearN10_001" xml:lang="en">Year n+10</link:label>
    <link:labelArc xlink:type="arc" xlink:arcrole="http://www.xbrl.org/2003/arcrole/concept-label" xlink:from="d-dvy_YearN10" xlink:to="label_d-dvy_YearN10_001" xlink:title="d-dvy_YearN10 to label_d-dvy_YearN10_001"/>
    <link:label xlink:type="resource" xlink:role="http://www.eiopa.europa.eu/pr/solvencyii/role/code" xlink:label="label_d-dvy_YearN10_002" xlink:title="label_d-dvy_YearN10_002" id="label_d-dvy_YearN10_002" xml:lang="en">DY10</link:label>
    <link:labelArc xlink:type="arc" xlink:arcrole="http://www.xbrl.org/2003/arcrole/concept-label" xlink:from="d-dvy_YearN10" xlink:to="label_d-dvy_YearN10_002" xlink:title="d-dvy_YearN10 to label_d-dvy_YearN10_002"/>
  </link:labelLink>
</link:linkbase>
