<?xml version="1.0" encoding="utf-8"?>
<!-- Solvency II Taxonomy - 2011-06-30 -->
<!-- Copyright (C) 2011 European Insurance and Occupational Pensions Authority -->
<link:linkbase xmlns:xsi="http://www.w3.org/2001/XMLSchema-instance"
  xmlns:link="http://www.xbrl.org/2003/linkbase"
  xmlns:xbrli="http://www.xbrl.org/2003/instance"
  xmlns:xbrldt="http://xbrl.org/2005/xbrldt"
  xmlns:xlink="http://www.w3.org/1999/xlink"
  xmlns:generic="http://xbrl.org/2008/generic"
  xmlns:ref-surfi="http://www.eiopa.europa.eu/pr/solvencyii/reference-elements"
  xmlns:of-which="http://www.eiopa.europa.eu/pr/solvencyii/including-included"
  xsi:schemaLocation="http://www.xbrl.org/2003/linkbase http://www.xbrl.org/2003/xbrl-linkbase-2003-12-31.xsd"
  >
  <link:roleRef roleURI="http://www.eiopa.europa.eu/pr/solvencyii/role/dimension-default" xlink:type="simple" xlink:href="d-eiy-2011-06-30.xsd#dimension-default"/>
  <link:arcroleRef arcroleURI="http://xbrl.org/int/dim/arcrole/dimension-domain" xlink:type="simple" xlink:href="http://www.xbrl.org/2005/xbrldt-2005.xsd#dimension-domain" />
  <link:arcroleRef arcroleURI="http://xbrl.org/int/dim/arcrole/domain-member" xlink:type="simple" xlink:href="http://www.xbrl.org/2005/xbrldt-2005.xsd#domain-member" />
  <link:arcroleRef arcroleURI="http://xbrl.org/int/dim/arcrole/dimension-default" xlink:type="simple" xlink:href="http://www.xbrl.org/2005/xbrldt-2005.xsd#dimension-default" />
  <link:definitionLink xlink:type="extended" xlink:role="http://www.xbrl.org/2003/role/link">
    <link:loc xlink:type="locator" xlink:href="d-eiy-2011-06-30.xsd#d-eiy_ExpectedInflationYearsDimension" xlink:label="d-eiy_ExpectedInflationYearsDimension" xlink:title="d-eiy_ExpectedInflationYearsDimension"/>
    <link:loc xlink:type="locator" xlink:href="d-eiy-2011-06-30.xsd#d-eiy_ExpectedInflationYearsDomain" xlink:label="d-eiy_ExpectedInflationYearsDomain" xlink:title="d-eiy_ExpectedInflationYearsDomain"/>
    <link:definitionArc xlink:type="arc" xlink:arcrole="http://xbrl.org/int/dim/arcrole/dimension-domain" xlink:from="d-eiy_ExpectedInflationYearsDimension" xlink:to="d-eiy_ExpectedInflationYearsDomain" xlink:title="d-eiy_ExpectedInflationYearsDimension to d-eiy_ExpectedInflationYearsDomain" order="1.0"/>
    <link:loc xlink:type="locator" xlink:href="d-eiy-2011-06-30.xsd#d-eiy_YearN1" xlink:label="d-eiy_YearN1" xlink:title="d-eiy_YearN1"/>
    <link:definitionArc xlink:type="arc" xlink:arcrole="http://xbrl.org/int/dim/arcrole/domain-member" xlink:from="d-eiy_ExpectedInflationYearsDomain" xlink:to="d-eiy_YearN1" xlink:title="d-eiy_ExpectedInflationYearsDomain to d-eiy_YearN1" order="1.0"/>
    <link:loc xlink:type="locator" xlink:href="d-eiy-2011-06-30.xsd#d-eiy_YearN2" xlink:label="d-eiy_YearN2" xlink:title="d-eiy_YearN2"/>
    <link:definitionArc xlink:type="arc" xlink:arcrole="http://xbrl.org/int/dim/arcrole/domain-member" xlink:from="d-eiy_ExpectedInflationYearsDomain" xlink:to="d-eiy_YearN2" xlink:title="d-eiy_ExpectedInflationYearsDomain to d-eiy_YearN2" order="2.0"/>
    <link:loc xlink:type="locator" xlink:href="d-eiy-2011-06-30.xsd#d-eiy_YearN3" xlink:label="d-eiy_YearN3" xlink:title="d-eiy_YearN3"/>
    <link:definitionArc xlink:type="arc" xlink:arcrole="http://xbrl.org/int/dim/arcrole/domain-member" xlink:from="d-eiy_ExpectedInflationYearsDomain" xlink:to="d-eiy_YearN3" xlink:title="d-eiy_ExpectedInflationYearsDomain to d-eiy_YearN3" order="3.0"/>
    <link:loc xlink:type="locator" xlink:href="d-eiy-2011-06-30.xsd#d-eiy_YearN4" xlink:label="d-eiy_YearN4" xlink:title="d-eiy_YearN4"/>
    <link:definitionArc xlink:type="arc" xlink:arcrole="http://xbrl.org/int/dim/arcrole/domain-member" xlink:from="d-eiy_ExpectedInflationYearsDomain" xlink:to="d-eiy_YearN4" xlink:title="d-eiy_ExpectedInflationYearsDomain to d-eiy_YearN4" order="4.0"/>
    <link:loc xlink:type="locator" xlink:href="d-eiy-2011-06-30.xsd#d-eiy_YearN5" xlink:label="d-eiy_YearN5" xlink:title="d-eiy_YearN5"/>
    <link:definitionArc xlink:type="arc" xlink:arcrole="http://xbrl.org/int/dim/arcrole/domain-member" xlink:from="d-eiy_ExpectedInflationYearsDomain" xlink:to="d-eiy_YearN5" xlink:title="d-eiy_ExpectedInflationYearsDomain to d-eiy_YearN5" order="5.0"/>
    <link:loc xlink:type="locator" xlink:href="d-eiy-2011-06-30.xsd#d-eiy_YearN6" xlink:label="d-eiy_YearN6" xlink:title="d-eiy_YearN6"/>
    <link:definitionArc xlink:type="arc" xlink:arcrole="http://xbrl.org/int/dim/arcrole/domain-member" xlink:from="d-eiy_ExpectedInflationYearsDomain" xlink:to="d-eiy_YearN6" xlink:title="d-eiy_ExpectedInflationYearsDomain to d-eiy_YearN6" order="6.0"/>
    <link:loc xlink:type="locator" xlink:href="d-eiy-2011-06-30.xsd#d-eiy_YearN7" xlink:label="d-eiy_YearN7" xlink:title="d-eiy_YearN7"/>
    <link:definitionArc xlink:type="arc" xlink:arcrole="http://xbrl.org/int/dim/arcrole/domain-member" xlink:from="d-eiy_ExpectedInflationYearsDomain" xlink:to="d-eiy_YearN7" xlink:title="d-eiy_ExpectedInflationYearsDomain to d-eiy_YearN7" order="7.0"/>
    <link:loc xlink:type="locator" xlink:href="d-eiy-2011-06-30.xsd#d-eiy_YearN8" xlink:label="d-eiy_YearN8" xlink:title="d-eiy_YearN8"/>
    <link:definitionArc xlink:type="arc" xlink:arcrole="http://xbrl.org/int/dim/arcrole/domain-member" xlink:from="d-eiy_ExpectedInflationYearsDomain" xlink:to="d-eiy_YearN8" xlink:title="d-eiy_ExpectedInflationYearsDomain to d-eiy_YearN8" order="8.0"/>
    <link:loc xlink:type="locator" xlink:href="d-eiy-2011-06-30.xsd#d-eiy_YearN9" xlink:label="d-eiy_YearN9" xlink:title="d-eiy_YearN9"/>
    <link:definitionArc xlink:type="arc" xlink:arcrole="http://xbrl.org/int/dim/arcrole/domain-member" xlink:from="d-eiy_ExpectedInflationYearsDomain" xlink:to="d-eiy_YearN9" xlink:title="d-eiy_ExpectedInflationYearsDomain to d-eiy_YearN9" order="9.0"/>
  </link:definitionLink>
</link:linkbase>
