<?xml version="1.0" encoding="utf-8"?>
<!-- Solvency II Taxonomy - 2011-06-30 -->
<!-- Copyright (C) 2011 European Insurance and Occupational Pensions Authority -->
<link:linkbase xmlns:xsi="http://www.w3.org/2001/XMLSchema-instance"
  xmlns:link="http://www.xbrl.org/2003/linkbase"
  xmlns:xbrli="http://www.xbrl.org/2003/instance"
  xmlns:xbrldt="http://xbrl.org/2005/xbrldt"
  xmlns:xlink="http://www.w3.org/1999/xlink"
  xmlns:generic="http://xbrl.org/2008/generic"
  xmlns:ref-surfi="http://www.eiopa.europa.eu/pr/solvencyii/reference-elements"
  xmlns:of-which="http://www.eiopa.europa.eu/pr/solvencyii/including-included"
  xsi:schemaLocation="http://www.xbrl.org/2003/linkbase http://www.xbrl.org/2003/xbrl-linkbase-2003-12-31.xsd"
  >
  <link:roleRef roleURI="http://www.eiopa.europa.eu/pr/solvencyii/role/dimension-default" xlink:type="simple" xlink:href="d-slb-2011-06-30.xsd#dimension-default"/>
  <link:arcroleRef arcroleURI="http://xbrl.org/int/dim/arcrole/dimension-domain" xlink:type="simple" xlink:href="http://www.xbrl.org/2005/xbrldt-2005.xsd#dimension-domain" />
  <link:arcroleRef arcroleURI="http://xbrl.org/int/dim/arcrole/domain-member" xlink:type="simple" xlink:href="http://www.xbrl.org/2005/xbrldt-2005.xsd#domain-member" />
  <link:arcroleRef arcroleURI="http://xbrl.org/int/dim/arcrole/dimension-default" xlink:type="simple" xlink:href="http://www.xbrl.org/2005/xbrldt-2005.xsd#dimension-default" />
  <link:definitionLink xlink:type="extended" xlink:role="http://www.xbrl.org/2003/role/link">
    <link:loc xlink:type="locator" xlink:href="d-slb-2011-06-30.xsd#d-slb_LinesOfBusinessDimension" xlink:label="d-slb_LinesOfBusinessDimension" xlink:title="d-slb_LinesOfBusinessDimension"/>
    <link:loc xlink:type="locator" xlink:href="d-slb-2011-06-30.xsd#d-slb_LinesOfBusinessDomain" xlink:label="d-slb_LinesOfBusinessDomain" xlink:title="d-slb_LinesOfBusinessDomain"/>
    <link:definitionArc xlink:type="arc" xlink:arcrole="http://xbrl.org/int/dim/arcrole/dimension-domain" xlink:from="d-slb_LinesOfBusinessDimension" xlink:to="d-slb_LinesOfBusinessDomain" xlink:title="d-slb_LinesOfBusinessDimension to d-slb_LinesOfBusinessDomain" order="1.0"/>
    <link:loc xlink:type="locator" xlink:href="d-slb-2011-06-30.xsd#d-slb_AllLinesOfBusiness" xlink:label="d-slb_AllLinesOfBusiness" xlink:title="d-slb_AllLinesOfBusiness"/>
    <link:definitionArc xlink:type="arc" xlink:arcrole="http://xbrl.org/int/dim/arcrole/domain-member" xlink:from="d-slb_LinesOfBusinessDomain" xlink:to="d-slb_AllLinesOfBusiness" xlink:title="d-slb_LinesOfBusinessDomain to d-slb_AllLinesOfBusiness" order="1.0"/>
    <link:loc xlink:type="locator" xlink:href="d-slb-2011-06-30.xsd#d-slb_LinesOfBusinessForNonLifeObligationsExcludingNonSltHealth" xlink:label="d-slb_LinesOfBusinessForNonLifeObligationsExcludingNonSltHealth" xlink:title="d-slb_LinesOfBusinessForNonLifeObligationsExcludingNonSltHealth"/>
    <link:definitionArc xlink:type="arc" xlink:arcrole="http://xbrl.org/int/dim/arcrole/domain-member" xlink:from="d-slb_AllLinesOfBusiness" xlink:to="d-slb_LinesOfBusinessForNonLifeObligationsExcludingNonSltHealth" xlink:title="d-slb_AllLinesOfBusiness to d-slb_LinesOfBusinessForNonLifeObligationsExcludingNonSltHealth" order="1.0"/>
    <link:loc xlink:type="locator" xlink:href="d-slb-2011-06-30.xsd#d-slb_LinesOfBusinessForNonLifeObligations" xlink:label="d-slb_LinesOfBusinessForNonLifeObligations" xlink:title="d-slb_LinesOfBusinessForNonLifeObligations"/>
    <link:definitionArc xlink:type="arc" xlink:arcrole="http://xbrl.org/int/dim/arcrole/domain-member" xlink:from="d-slb_LinesOfBusinessForNonLifeObligationsExcludingNonSltHealth" xlink:to="d-slb_LinesOfBusinessForNonLifeObligations" xlink:title="d-slb_LinesOfBusinessForNonLifeObligationsExcludingNonSltHealth to d-slb_LinesOfBusinessForNonLifeObligations" order="1.0"/>
    <link:loc xlink:type="locator" xlink:href="d-slb-2011-06-30.xsd#d-slb_AccidentInsuranceNonLifeObligations" xlink:label="d-slb_AccidentInsuranceNonLifeObligations" xlink:title="d-slb_AccidentInsuranceNonLifeObligations"/>
    <link:definitionArc xlink:type="arc" xlink:arcrole="http://xbrl.org/int/dim/arcrole/domain-member" xlink:from="d-slb_LinesOfBusinessForNonLifeObligations" xlink:to="d-slb_AccidentInsuranceNonLifeObligations" xlink:title="d-slb_LinesOfBusinessForNonLifeObligations to d-slb_AccidentInsuranceNonLifeObligations" order="1.0"/>
    <link:loc xlink:type="locator" xlink:href="d-slb-2011-06-30.xsd#d-slb_SicknessInsuranceNonLifeObligations" xlink:label="d-slb_SicknessInsuranceNonLifeObligations" xlink:title="d-slb_SicknessInsuranceNonLifeObligations"/>
    <link:definitionArc xlink:type="arc" xlink:arcrole="http://xbrl.org/int/dim/arcrole/domain-member" xlink:from="d-slb_LinesOfBusinessForNonLifeObligations" xlink:to="d-slb_SicknessInsuranceNonLifeObligations" xlink:title="d-slb_LinesOfBusinessForNonLifeObligations to d-slb_SicknessInsuranceNonLifeObligations" order="2.0"/>
    <link:loc xlink:type="locator" xlink:href="d-slb-2011-06-30.xsd#d-slb_MedicalExpensesInsuranceNonLifeObligations" xlink:label="d-slb_MedicalExpensesInsuranceNonLifeObligations" xlink:title="d-slb_MedicalExpensesInsuranceNonLifeObligations"/>
    <link:definitionArc xlink:type="arc" xlink:arcrole="http://xbrl.org/int/dim/arcrole/domain-member" xlink:from="d-slb_LinesOfBusinessForNonLifeObligations" xlink:to="d-slb_MedicalExpensesInsuranceNonLifeObligations" xlink:title="d-slb_LinesOfBusinessForNonLifeObligations to d-slb_MedicalExpensesInsuranceNonLifeObligations" order="3.0"/>
    <link:loc xlink:type="locator" xlink:href="d-slb-2011-06-30.xsd#d-slb_IncomeProtectionInsuranceNonLifeObligations" xlink:label="d-slb_IncomeProtectionInsuranceNonLifeObligations" xlink:title="d-slb_IncomeProtectionInsuranceNonLifeObligations"/>
    <link:definitionArc xlink:type="arc" xlink:arcrole="http://xbrl.org/int/dim/arcrole/domain-member" xlink:from="d-slb_LinesOfBusinessForNonLifeObligations" xlink:to="d-slb_IncomeProtectionInsuranceNonLifeObligations" xlink:title="d-slb_LinesOfBusinessForNonLifeObligations to d-slb_IncomeProtectionInsuranceNonLifeObligations" order="4.0"/>
    <link:loc xlink:type="locator" xlink:href="d-slb-2011-06-30.xsd#d-slb_WorkersCompensationInsurance" xlink:label="d-slb_WorkersCompensationInsurance" xlink:title="d-slb_WorkersCompensationInsurance"/>
    <link:definitionArc xlink:type="arc" xlink:arcrole="http://xbrl.org/int/dim/arcrole/domain-member" xlink:from="d-slb_LinesOfBusinessForNonLifeObligations" xlink:to="d-slb_WorkersCompensationInsurance" xlink:title="d-slb_LinesOfBusinessForNonLifeObligations to d-slb_WorkersCompensationInsurance" order="5.0"/>
    <link:loc xlink:type="locator" xlink:href="d-slb-2011-06-30.xsd#d-slb_MotorVehicleLiabilityInsurance" xlink:label="d-slb_MotorVehicleLiabilityInsurance" xlink:title="d-slb_MotorVehicleLiabilityInsurance"/>
    <link:definitionArc xlink:type="arc" xlink:arcrole="http://xbrl.org/int/dim/arcrole/domain-member" xlink:from="d-slb_LinesOfBusinessForNonLifeObligations" xlink:to="d-slb_MotorVehicleLiabilityInsurance" xlink:title="d-slb_LinesOfBusinessForNonLifeObligations to d-slb_MotorVehicleLiabilityInsurance" order="6.0"/>
    <link:loc xlink:type="locator" xlink:href="d-slb-2011-06-30.xsd#d-slb_OtherMotorInsurance" xlink:label="d-slb_OtherMotorInsurance" xlink:title="d-slb_OtherMotorInsurance"/>
    <link:definitionArc xlink:type="arc" xlink:arcrole="http://xbrl.org/int/dim/arcrole/domain-member" xlink:from="d-slb_LinesOfBusinessForNonLifeObligations" xlink:to="d-slb_OtherMotorInsurance" xlink:title="d-slb_LinesOfBusinessForNonLifeObligations to d-slb_OtherMotorInsurance" order="7.0"/>
    <link:loc xlink:type="locator" xlink:href="d-slb-2011-06-30.xsd#d-slb_MarineAviationAndTransportInsuranceExcludingAcceptedNonProportionalReinsurance" xlink:label="d-slb_MarineAviationAndTransportInsuranceExcludingAcceptedNonProportionalReinsurance" xlink:title="d-slb_MarineAviationAndTransportInsuranceExcludingAcceptedNonProportionalReinsurance"/>
    <link:definitionArc xlink:type="arc" xlink:arcrole="http://xbrl.org/int/dim/arcrole/domain-member" xlink:from="d-slb_LinesOfBusinessForNonLifeObligations" xlink:to="d-slb_MarineAviationAndTransportInsuranceExcludingAcceptedNonProportionalReinsurance" xlink:title="d-slb_LinesOfBusinessForNonLifeObligations to d-slb_MarineAviationAndTransportInsuranceExcludingAcceptedNonProportionalReinsurance" order="8.0"/>
    <link:loc xlink:type="locator" xlink:href="d-slb-2011-06-30.xsd#d-slb_FireAndOtherDamageToPropertyInsurance" xlink:label="d-slb_FireAndOtherDamageToPropertyInsurance" xlink:title="d-slb_FireAndOtherDamageToPropertyInsurance"/>
    <link:definitionArc xlink:type="arc" xlink:arcrole="http://xbrl.org/int/dim/arcrole/domain-member" xlink:from="d-slb_LinesOfBusinessForNonLifeObligations" xlink:to="d-slb_FireAndOtherDamageToPropertyInsurance" xlink:title="d-slb_LinesOfBusinessForNonLifeObligations to d-slb_FireAndOtherDamageToPropertyInsurance" order="9.0"/>
    <link:loc xlink:type="locator" xlink:href="d-slb-2011-06-30.xsd#d-slb_GeneralLiabilityInsurance" xlink:label="d-slb_GeneralLiabilityInsurance" xlink:title="d-slb_GeneralLiabilityInsurance"/>
    <link:definitionArc xlink:type="arc" xlink:arcrole="http://xbrl.org/int/dim/arcrole/domain-member" xlink:from="d-slb_LinesOfBusinessForNonLifeObligations" xlink:to="d-slb_GeneralLiabilityInsurance" xlink:title="d-slb_LinesOfBusinessForNonLifeObligations to d-slb_GeneralLiabilityInsurance" order="10.0"/>
    <link:loc xlink:type="locator" xlink:href="d-slb-2011-06-30.xsd#d-slb_CreditAndSuretyshipInsurance" xlink:label="d-slb_CreditAndSuretyshipInsurance" xlink:title="d-slb_CreditAndSuretyshipInsurance"/>
    <link:definitionArc xlink:type="arc" xlink:arcrole="http://xbrl.org/int/dim/arcrole/domain-member" xlink:from="d-slb_LinesOfBusinessForNonLifeObligations" xlink:to="d-slb_CreditAndSuretyshipInsurance" xlink:title="d-slb_LinesOfBusinessForNonLifeObligations to d-slb_CreditAndSuretyshipInsurance" order="11.0"/>
    <link:loc xlink:type="locator" xlink:href="d-slb-2011-06-30.xsd#d-slb_LegalExpensesInsurance" xlink:label="d-slb_LegalExpensesInsurance" xlink:title="d-slb_LegalExpensesInsurance"/>
    <link:definitionArc xlink:type="arc" xlink:arcrole="http://xbrl.org/int/dim/arcrole/domain-member" xlink:from="d-slb_LinesOfBusinessForNonLifeObligations" xlink:to="d-slb_LegalExpensesInsurance" xlink:title="d-slb_LinesOfBusinessForNonLifeObligations to d-slb_LegalExpensesInsurance" order="12.0"/>
    <link:loc xlink:type="locator" xlink:href="d-slb-2011-06-30.xsd#d-slb_Assistance" xlink:label="d-slb_Assistance" xlink:title="d-slb_Assistance"/>
    <link:definitionArc xlink:type="arc" xlink:arcrole="http://xbrl.org/int/dim/arcrole/domain-member" xlink:from="d-slb_LinesOfBusinessForNonLifeObligations" xlink:to="d-slb_Assistance" xlink:title="d-slb_LinesOfBusinessForNonLifeObligations to d-slb_Assistance" order="13.0"/>
    <link:loc xlink:type="locator" xlink:href="d-slb-2011-06-30.xsd#d-slb_MiscellaneousFinancialLoss" xlink:label="d-slb_MiscellaneousFinancialLoss" xlink:title="d-slb_MiscellaneousFinancialLoss"/>
    <link:definitionArc xlink:type="arc" xlink:arcrole="http://xbrl.org/int/dim/arcrole/domain-member" xlink:from="d-slb_LinesOfBusinessForNonLifeObligations" xlink:to="d-slb_MiscellaneousFinancialLoss" xlink:title="d-slb_LinesOfBusinessForNonLifeObligations to d-slb_MiscellaneousFinancialLoss" order="14.0"/>
    <link:loc xlink:type="locator" xlink:href="d-slb-2011-06-30.xsd#d-slb_LinesOfBusinessForAcceptedNonProportionalReinsurance" xlink:label="d-slb_LinesOfBusinessForAcceptedNonProportionalReinsurance" xlink:title="d-slb_LinesOfBusinessForAcceptedNonProportionalReinsurance"/>
    <link:definitionArc xlink:type="arc" xlink:arcrole="http://xbrl.org/int/dim/arcrole/domain-member" xlink:from="d-slb_LinesOfBusinessForNonLifeObligationsExcludingNonSltHealth" xlink:to="d-slb_LinesOfBusinessForAcceptedNonProportionalReinsurance" xlink:title="d-slb_LinesOfBusinessForNonLifeObligationsExcludingNonSltHealth to d-slb_LinesOfBusinessForAcceptedNonProportionalReinsurance" order="2.0"/>
    <link:loc xlink:type="locator" xlink:href="d-slb-2011-06-30.xsd#d-slb_Health" xlink:label="d-slb_Health" xlink:title="d-slb_Health"/>
    <link:definitionArc xlink:type="arc" xlink:arcrole="http://xbrl.org/int/dim/arcrole/domain-member" xlink:from="d-slb_LinesOfBusinessForAcceptedNonProportionalReinsurance" xlink:to="d-slb_Health" xlink:title="d-slb_LinesOfBusinessForAcceptedNonProportionalReinsurance to d-slb_Health" order="1.0"/>
    <link:loc xlink:type="locator" xlink:href="d-slb-2011-06-30.xsd#d-slb_Casualty" xlink:label="d-slb_Casualty" xlink:title="d-slb_Casualty"/>
    <link:definitionArc xlink:type="arc" xlink:arcrole="http://xbrl.org/int/dim/arcrole/domain-member" xlink:from="d-slb_LinesOfBusinessForAcceptedNonProportionalReinsurance" xlink:to="d-slb_Casualty" xlink:title="d-slb_LinesOfBusinessForAcceptedNonProportionalReinsurance to d-slb_Casualty" order="2.0"/>
    <link:loc xlink:type="locator" xlink:href="d-slb-2011-06-30.xsd#d-slb_MarineAviationAndTransportInsuranceAcceptedNonProportionalReinsurance" xlink:label="d-slb_MarineAviationAndTransportInsuranceAcceptedNonProportionalReinsurance" xlink:title="d-slb_MarineAviationAndTransportInsuranceAcceptedNonProportionalReinsurance"/>
    <link:definitionArc xlink:type="arc" xlink:arcrole="http://xbrl.org/int/dim/arcrole/domain-member" xlink:from="d-slb_LinesOfBusinessForAcceptedNonProportionalReinsurance" xlink:to="d-slb_MarineAviationAndTransportInsuranceAcceptedNonProportionalReinsurance" xlink:title="d-slb_LinesOfBusinessForAcceptedNonProportionalReinsurance to d-slb_MarineAviationAndTransportInsuranceAcceptedNonProportionalReinsurance" order="3.0"/>
    <link:loc xlink:type="locator" xlink:href="d-slb-2011-06-30.xsd#d-slb_Property" xlink:label="d-slb_Property" xlink:title="d-slb_Property"/>
    <link:definitionArc xlink:type="arc" xlink:arcrole="http://xbrl.org/int/dim/arcrole/domain-member" xlink:from="d-slb_LinesOfBusinessForAcceptedNonProportionalReinsurance" xlink:to="d-slb_Property" xlink:title="d-slb_LinesOfBusinessForAcceptedNonProportionalReinsurance to d-slb_Property" order="4.0"/>
    <link:loc xlink:type="locator" xlink:href="d-slb-2011-06-30.xsd#d-slb_LinesOfBusinessForNonSltHealth" xlink:label="d-slb_LinesOfBusinessForNonSltHealth" xlink:title="d-slb_LinesOfBusinessForNonSltHealth"/>
    <link:definitionArc xlink:type="arc" xlink:arcrole="http://xbrl.org/int/dim/arcrole/domain-member" xlink:from="d-slb_AllLinesOfBusiness" xlink:to="d-slb_LinesOfBusinessForNonSltHealth" xlink:title="d-slb_AllLinesOfBusiness to d-slb_LinesOfBusinessForNonSltHealth" order="2.0"/>
    <link:loc xlink:type="locator" xlink:href="d-slb-2011-06-30.xsd#d-slb_AccidentNonSltHealth" xlink:label="d-slb_AccidentNonSltHealth" xlink:title="d-slb_AccidentNonSltHealth"/>
    <link:definitionArc xlink:type="arc" xlink:arcrole="http://xbrl.org/int/dim/arcrole/domain-member" xlink:from="d-slb_LinesOfBusinessForNonSltHealth" xlink:to="d-slb_AccidentNonSltHealth" xlink:title="d-slb_LinesOfBusinessForNonSltHealth to d-slb_AccidentNonSltHealth" order="1.0"/>
    <link:loc xlink:type="locator" xlink:href="d-slb-2011-06-30.xsd#d-slb_SicknessNonSltHealth" xlink:label="d-slb_SicknessNonSltHealth" xlink:title="d-slb_SicknessNonSltHealth"/>
    <link:definitionArc xlink:type="arc" xlink:arcrole="http://xbrl.org/int/dim/arcrole/domain-member" xlink:from="d-slb_LinesOfBusinessForNonSltHealth" xlink:to="d-slb_SicknessNonSltHealth" xlink:title="d-slb_LinesOfBusinessForNonSltHealth to d-slb_SicknessNonSltHealth" order="2.0"/>
    <link:loc xlink:type="locator" xlink:href="d-slb-2011-06-30.xsd#d-slb_WorkersCompensationInsuranceNonSltHealth" xlink:label="d-slb_WorkersCompensationInsuranceNonSltHealth" xlink:title="d-slb_WorkersCompensationInsuranceNonSltHealth"/>
    <link:definitionArc xlink:type="arc" xlink:arcrole="http://xbrl.org/int/dim/arcrole/domain-member" xlink:from="d-slb_LinesOfBusinessForNonSltHealth" xlink:to="d-slb_WorkersCompensationInsuranceNonSltHealth" xlink:title="d-slb_LinesOfBusinessForNonSltHealth to d-slb_WorkersCompensationInsuranceNonSltHealth" order="3.0"/>
    <link:loc xlink:type="locator" xlink:href="d-slb-2011-06-30.xsd#d-slb_LinesOfBusinessForLifeObligations" xlink:label="d-slb_LinesOfBusinessForLifeObligations" xlink:title="d-slb_LinesOfBusinessForLifeObligations"/>
    <link:definitionArc xlink:type="arc" xlink:arcrole="http://xbrl.org/int/dim/arcrole/domain-member" xlink:from="d-slb_AllLinesOfBusiness" xlink:to="d-slb_LinesOfBusinessForLifeObligations" xlink:title="d-slb_AllLinesOfBusiness to d-slb_LinesOfBusinessForLifeObligations" order="3.0"/>
    <link:loc xlink:type="locator" xlink:href="d-slb-2011-06-30.xsd#d-slb_InsuranceWithProfitParticipation" xlink:label="d-slb_InsuranceWithProfitParticipation" xlink:title="d-slb_InsuranceWithProfitParticipation"/>
    <link:definitionArc xlink:type="arc" xlink:arcrole="http://xbrl.org/int/dim/arcrole/domain-member" xlink:from="d-slb_LinesOfBusinessForLifeObligations" xlink:to="d-slb_InsuranceWithProfitParticipation" xlink:title="d-slb_LinesOfBusinessForLifeObligations to d-slb_InsuranceWithProfitParticipation" order="1.0"/>
    <link:loc xlink:type="locator" xlink:href="d-slb-2011-06-30.xsd#d-slb_IndexLinkedAndUnitLinkedInsurance" xlink:label="d-slb_IndexLinkedAndUnitLinkedInsurance" xlink:title="d-slb_IndexLinkedAndUnitLinkedInsurance"/>
    <link:definitionArc xlink:type="arc" xlink:arcrole="http://xbrl.org/int/dim/arcrole/domain-member" xlink:from="d-slb_LinesOfBusinessForLifeObligations" xlink:to="d-slb_IndexLinkedAndUnitLinkedInsurance" xlink:title="d-slb_LinesOfBusinessForLifeObligations to d-slb_IndexLinkedAndUnitLinkedInsurance" order="2.0"/>
    <link:loc xlink:type="locator" xlink:href="d-slb-2011-06-30.xsd#d-slb_OtherLifeInsurance" xlink:label="d-slb_OtherLifeInsurance" xlink:title="d-slb_OtherLifeInsurance"/>
    <link:definitionArc xlink:type="arc" xlink:arcrole="http://xbrl.org/int/dim/arcrole/domain-member" xlink:from="d-slb_LinesOfBusinessForLifeObligations" xlink:to="d-slb_OtherLifeInsurance" xlink:title="d-slb_LinesOfBusinessForLifeObligations to d-slb_OtherLifeInsurance" order="3.0"/>
    <link:loc xlink:type="locator" xlink:href="d-slb-2011-06-30.xsd#d-slb_AcceptedReinsurance" xlink:label="d-slb_AcceptedReinsurance" xlink:title="d-slb_AcceptedReinsurance"/>
    <link:definitionArc xlink:type="arc" xlink:arcrole="http://xbrl.org/int/dim/arcrole/domain-member" xlink:from="d-slb_LinesOfBusinessForLifeObligations" xlink:to="d-slb_AcceptedReinsurance" xlink:title="d-slb_LinesOfBusinessForLifeObligations to d-slb_AcceptedReinsurance" order="4.0"/>
    <link:loc xlink:type="locator" xlink:href="d-slb-2011-06-30.xsd#d-slb_AnnuitySteamingFromNonLifeContracts" xlink:label="d-slb_AnnuitySteamingFromNonLifeContracts" xlink:title="d-slb_AnnuitySteamingFromNonLifeContracts"/>
    <link:definitionArc xlink:type="arc" xlink:arcrole="http://xbrl.org/int/dim/arcrole/domain-member" xlink:from="d-slb_LinesOfBusinessForLifeObligations" xlink:to="d-slb_AnnuitySteamingFromNonLifeContracts" xlink:title="d-slb_LinesOfBusinessForLifeObligations to d-slb_AnnuitySteamingFromNonLifeContracts" order="5.0"/>
    <link:loc xlink:type="locator" xlink:href="d-slb-2011-06-30.xsd#d-slb_LinesOfBusinessForSltHealth" xlink:label="d-slb_LinesOfBusinessForSltHealth" xlink:title="d-slb_LinesOfBusinessForSltHealth"/>
    <link:definitionArc xlink:type="arc" xlink:arcrole="http://xbrl.org/int/dim/arcrole/domain-member" xlink:from="d-slb_AllLinesOfBusiness" xlink:to="d-slb_LinesOfBusinessForSltHealth" xlink:title="d-slb_AllLinesOfBusiness to d-slb_LinesOfBusinessForSltHealth" order="4.0"/>
    <link:loc xlink:type="locator" xlink:href="d-slb-2011-06-30.xsd#d-slb_DirectBusinessSltHealth" xlink:label="d-slb_DirectBusinessSltHealth" xlink:title="d-slb_DirectBusinessSltHealth"/>
    <link:definitionArc xlink:type="arc" xlink:arcrole="http://xbrl.org/int/dim/arcrole/domain-member" xlink:from="d-slb_LinesOfBusinessForSltHealth" xlink:to="d-slb_DirectBusinessSltHealth" xlink:title="d-slb_LinesOfBusinessForSltHealth to d-slb_DirectBusinessSltHealth" order="1.0"/>
    <link:loc xlink:type="locator" xlink:href="d-slb-2011-06-30.xsd#d-slb_ReinsuranceAcceptedSltHealth" xlink:label="d-slb_ReinsuranceAcceptedSltHealth" xlink:title="d-slb_ReinsuranceAcceptedSltHealth"/>
    <link:definitionArc xlink:type="arc" xlink:arcrole="http://xbrl.org/int/dim/arcrole/domain-member" xlink:from="d-slb_LinesOfBusinessForSltHealth" xlink:to="d-slb_ReinsuranceAcceptedSltHealth" xlink:title="d-slb_LinesOfBusinessForSltHealth to d-slb_ReinsuranceAcceptedSltHealth" order="2.0"/>
    <link:loc xlink:type="locator" xlink:href="d-slb-2011-06-30.xsd#d-slb_LinesOfBusinessForNonLifeObligationsNonSltHealth" xlink:label="d-slb_LinesOfBusinessForNonLifeObligationsNonSltHealth" xlink:title="d-slb_LinesOfBusinessForNonLifeObligationsNonSltHealth"/>
    <link:definitionArc xlink:type="arc" xlink:arcrole="http://xbrl.org/int/dim/arcrole/domain-member" xlink:from="d-slb_AllLinesOfBusiness" xlink:to="d-slb_LinesOfBusinessForNonLifeObligationsNonSltHealth" xlink:title="d-slb_AllLinesOfBusiness to d-slb_LinesOfBusinessForNonLifeObligationsNonSltHealth" order="5.0"/>
  </link:definitionLink>
</link:linkbase>
