<?xml version="1.0" encoding="utf-8"?>
<!-- Solvency II Taxonomy - 2011-06-30 -->
<!-- Copyright (C) 2011 European Insurance and Occupational Pensions Authority -->
<link:linkbase xmlns:xsi="http://www.w3.org/2001/XMLSchema-instance"
  xmlns:link="http://www.xbrl.org/2003/linkbase"
  xmlns:xbrli="http://www.xbrl.org/2003/instance"
  xmlns:xbrldt="http://xbrl.org/2005/xbrldt"
  xmlns:xlink="http://www.w3.org/1999/xlink"
  xmlns:generic="http://xbrl.org/2008/generic"
  xmlns:ref-surfi="http://www.eiopa.europa.eu/pr/solvencyii/reference-elements"
  xmlns:of-which="http://www.eiopa.europa.eu/pr/solvencyii/including-included"
  xsi:schemaLocation="http://www.xbrl.org/2003/linkbase http://www.xbrl.org/2003/xbrl-linkbase-2003-12-31.xsd"
  >
  <link:roleRef roleURI="http://www.eiopa.europa.eu/pr/solvencyii/role/code" xlink:type="simple" xlink:href="primary-types-2011-06-30.xsd#code"/>
  <link:labelLink xlink:type="extended" xlink:role="http://www.xbrl.org/2003/role/link">
    <link:loc xlink:type="locator" xlink:href="d-slb-2011-06-30.xsd#d-slb_LinesOfBusinessDimension" xlink:label="d-slb_LinesOfBusinessDimension" xlink:title="d-slb_LinesOfBusinessDimension"/>
    <link:label xlink:type="resource" xlink:role="http://www.xbrl.org/2003/role/label" xlink:label="label_d-slb_LinesOfBusinessDimension_001" xlink:title="label_d-slb_LinesOfBusinessDimension_001" id="label_d-slb_LinesOfBusinessDimension_001" xml:lang="en">Lines of business (Dimension)</link:label>
    <link:labelArc xlink:type="arc" xlink:arcrole="http://www.xbrl.org/2003/arcrole/concept-label" xlink:from="d-slb_LinesOfBusinessDimension" xlink:to="label_d-slb_LinesOfBusinessDimension_001" xlink:title="d-slb_LinesOfBusinessDimension to label_d-slb_LinesOfBusinessDimension_001"/>
    <link:label xlink:type="resource" xlink:role="http://www.eiopa.europa.eu/pr/solvencyii/role/code" xlink:label="label_d-slb_LinesOfBusinessDimension_002" xlink:title="label_d-slb_LinesOfBusinessDimension_002" id="label_d-slb_LinesOfBusinessDimension_002" xml:lang="en">LOB</link:label>
    <link:labelArc xlink:type="arc" xlink:arcrole="http://www.xbrl.org/2003/arcrole/concept-label" xlink:from="d-slb_LinesOfBusinessDimension" xlink:to="label_d-slb_LinesOfBusinessDimension_002" xlink:title="d-slb_LinesOfBusinessDimension to label_d-slb_LinesOfBusinessDimension_002"/>
    <link:loc xlink:type="locator" xlink:href="d-slb-2011-06-30.xsd#d-slb_LinesOfBusinessDomain" xlink:label="d-slb_LinesOfBusinessDomain" xlink:title="d-slb_LinesOfBusinessDomain"/>
    <link:label xlink:type="resource" xlink:role="http://www.xbrl.org/2003/role/label" xlink:label="label_d-slb_LinesOfBusinessDomain_001" xlink:title="label_d-slb_LinesOfBusinessDomain_001" id="label_d-slb_LinesOfBusinessDomain_001" xml:lang="en">Lines of business (Domain)</link:label>
    <link:labelArc xlink:type="arc" xlink:arcrole="http://www.xbrl.org/2003/arcrole/concept-label" xlink:from="d-slb_LinesOfBusinessDomain" xlink:to="label_d-slb_LinesOfBusinessDomain_001" xlink:title="d-slb_LinesOfBusinessDomain to label_d-slb_LinesOfBusinessDomain_001"/>
    <link:loc xlink:type="locator" xlink:href="d-slb-2011-06-30.xsd#d-slb_AllLinesOfBusiness" xlink:label="d-slb_AllLinesOfBusiness" xlink:title="d-slb_AllLinesOfBusiness"/>
    <link:label xlink:type="resource" xlink:role="http://www.xbrl.org/2003/role/label" xlink:label="label_d-slb_AllLinesOfBusiness_001" xlink:title="label_d-slb_AllLinesOfBusiness_001" id="label_d-slb_AllLinesOfBusiness_001" xml:lang="en">All lines of business</link:label>
    <link:labelArc xlink:type="arc" xlink:arcrole="http://www.xbrl.org/2003/arcrole/concept-label" xlink:from="d-slb_AllLinesOfBusiness" xlink:to="label_d-slb_AllLinesOfBusiness_001" xlink:title="d-slb_AllLinesOfBusiness to label_d-slb_AllLinesOfBusiness_001"/>
    <link:label xlink:type="resource" xlink:role="http://www.eiopa.europa.eu/pr/solvencyii/role/code" xlink:label="label_d-slb_AllLinesOfBusiness_002" xlink:title="label_d-slb_AllLinesOfBusiness_002" id="label_d-slb_AllLinesOfBusiness_002" xml:lang="en">LB_</link:label>
    <link:labelArc xlink:type="arc" xlink:arcrole="http://www.xbrl.org/2003/arcrole/concept-label" xlink:from="d-slb_AllLinesOfBusiness" xlink:to="label_d-slb_AllLinesOfBusiness_002" xlink:title="d-slb_AllLinesOfBusiness to label_d-slb_AllLinesOfBusiness_002"/>
    <link:loc xlink:type="locator" xlink:href="d-slb-2011-06-30.xsd#d-slb_LinesOfBusinessForNonLifeObligationsExcludingNonSltHealth" xlink:label="d-slb_LinesOfBusinessForNonLifeObligationsExcludingNonSltHealth" xlink:title="d-slb_LinesOfBusinessForNonLifeObligationsExcludingNonSltHealth"/>
    <link:label xlink:type="resource" xlink:role="http://www.xbrl.org/2003/role/label" xlink:label="label_d-slb_LinesOfBusinessForNonLifeObligationsExcludingNonSltHealth_001" xlink:title="label_d-slb_LinesOfBusinessForNonLifeObligationsExcludingNonSltHealth_001" id="label_d-slb_LinesOfBusinessForNonLifeObligationsExcludingNonSltHealth_001" xml:lang="en">Lines of business for non life obligations, Excluding non-SLT health</link:label>
    <link:labelArc xlink:type="arc" xlink:arcrole="http://www.xbrl.org/2003/arcrole/concept-label" xlink:from="d-slb_LinesOfBusinessForNonLifeObligationsExcludingNonSltHealth" xlink:to="label_d-slb_LinesOfBusinessForNonLifeObligationsExcludingNonSltHealth_001" xlink:title="d-slb_LinesOfBusinessForNonLifeObligationsExcludingNonSltHealth to label_d-slb_LinesOfBusinessForNonLifeObligationsExcludingNonSltHealth_001"/>
    <link:label xlink:type="resource" xlink:role="http://www.eiopa.europa.eu/pr/solvencyii/role/code" xlink:label="label_d-slb_LinesOfBusinessForNonLifeObligationsExcludingNonSltHealth_002" xlink:title="label_d-slb_LinesOfBusinessForNonLifeObligationsExcludingNonSltHealth_002" id="label_d-slb_LinesOfBusinessForNonLifeObligationsExcludingNonSltHealth_002" xml:lang="en">LB01</link:label>
    <link:labelArc xlink:type="arc" xlink:arcrole="http://www.xbrl.org/2003/arcrole/concept-label" xlink:from="d-slb_LinesOfBusinessForNonLifeObligationsExcludingNonSltHealth" xlink:to="label_d-slb_LinesOfBusinessForNonLifeObligationsExcludingNonSltHealth_002" xlink:title="d-slb_LinesOfBusinessForNonLifeObligationsExcludingNonSltHealth to label_d-slb_LinesOfBusinessForNonLifeObligationsExcludingNonSltHealth_002"/>
    <link:loc xlink:type="locator" xlink:href="d-slb-2011-06-30.xsd#d-slb_LinesOfBusinessForNonLifeObligations" xlink:label="d-slb_LinesOfBusinessForNonLifeObligations" xlink:title="d-slb_LinesOfBusinessForNonLifeObligations"/>
    <link:label xlink:type="resource" xlink:role="http://www.xbrl.org/2003/role/label" xlink:label="label_d-slb_LinesOfBusinessForNonLifeObligations_001" xlink:title="label_d-slb_LinesOfBusinessForNonLifeObligations_001" id="label_d-slb_LinesOfBusinessForNonLifeObligations_001" xml:lang="en">Lines of business for non-life obligations</link:label>
    <link:labelArc xlink:type="arc" xlink:arcrole="http://www.xbrl.org/2003/arcrole/concept-label" xlink:from="d-slb_LinesOfBusinessForNonLifeObligations" xlink:to="label_d-slb_LinesOfBusinessForNonLifeObligations_001" xlink:title="d-slb_LinesOfBusinessForNonLifeObligations to label_d-slb_LinesOfBusinessForNonLifeObligations_001"/>
    <link:label xlink:type="resource" xlink:role="http://www.eiopa.europa.eu/pr/solvencyii/role/code" xlink:label="label_d-slb_LinesOfBusinessForNonLifeObligations_002" xlink:title="label_d-slb_LinesOfBusinessForNonLifeObligations_002" id="label_d-slb_LinesOfBusinessForNonLifeObligations_002" xml:lang="en">LB02</link:label>
    <link:labelArc xlink:type="arc" xlink:arcrole="http://www.xbrl.org/2003/arcrole/concept-label" xlink:from="d-slb_LinesOfBusinessForNonLifeObligations" xlink:to="label_d-slb_LinesOfBusinessForNonLifeObligations_002" xlink:title="d-slb_LinesOfBusinessForNonLifeObligations to label_d-slb_LinesOfBusinessForNonLifeObligations_002"/>
    <link:loc xlink:type="locator" xlink:href="d-slb-2011-06-30.xsd#d-slb_AccidentInsuranceNonLifeObligations" xlink:label="d-slb_AccidentInsuranceNonLifeObligations" xlink:title="d-slb_AccidentInsuranceNonLifeObligations"/>
    <link:label xlink:type="resource" xlink:role="http://www.xbrl.org/2003/role/label" xlink:label="label_d-slb_AccidentInsuranceNonLifeObligations_001" xlink:title="label_d-slb_AccidentInsuranceNonLifeObligations_001" id="label_d-slb_AccidentInsuranceNonLifeObligations_001" xml:lang="en">Accident insurance, Non-life obligations</link:label>
    <link:labelArc xlink:type="arc" xlink:arcrole="http://www.xbrl.org/2003/arcrole/concept-label" xlink:from="d-slb_AccidentInsuranceNonLifeObligations" xlink:to="label_d-slb_AccidentInsuranceNonLifeObligations_001" xlink:title="d-slb_AccidentInsuranceNonLifeObligations to label_d-slb_AccidentInsuranceNonLifeObligations_001"/>
    <link:label xlink:type="resource" xlink:role="http://www.eiopa.europa.eu/pr/solvencyii/role/code" xlink:label="label_d-slb_AccidentInsuranceNonLifeObligations_002" xlink:title="label_d-slb_AccidentInsuranceNonLifeObligations_002" id="label_d-slb_AccidentInsuranceNonLifeObligations_002" xml:lang="en">LB03</link:label>
    <link:labelArc xlink:type="arc" xlink:arcrole="http://www.xbrl.org/2003/arcrole/concept-label" xlink:from="d-slb_AccidentInsuranceNonLifeObligations" xlink:to="label_d-slb_AccidentInsuranceNonLifeObligations_002" xlink:title="d-slb_AccidentInsuranceNonLifeObligations to label_d-slb_AccidentInsuranceNonLifeObligations_002"/>
    <link:loc xlink:type="locator" xlink:href="d-slb-2011-06-30.xsd#d-slb_SicknessInsuranceNonLifeObligations" xlink:label="d-slb_SicknessInsuranceNonLifeObligations" xlink:title="d-slb_SicknessInsuranceNonLifeObligations"/>
    <link:label xlink:type="resource" xlink:role="http://www.xbrl.org/2003/role/label" xlink:label="label_d-slb_SicknessInsuranceNonLifeObligations_001" xlink:title="label_d-slb_SicknessInsuranceNonLifeObligations_001" id="label_d-slb_SicknessInsuranceNonLifeObligations_001" xml:lang="en">Sickness insurance, Non-life obligations</link:label>
    <link:labelArc xlink:type="arc" xlink:arcrole="http://www.xbrl.org/2003/arcrole/concept-label" xlink:from="d-slb_SicknessInsuranceNonLifeObligations" xlink:to="label_d-slb_SicknessInsuranceNonLifeObligations_001" xlink:title="d-slb_SicknessInsuranceNonLifeObligations to label_d-slb_SicknessInsuranceNonLifeObligations_001"/>
    <link:label xlink:type="resource" xlink:role="http://www.eiopa.europa.eu/pr/solvencyii/role/code" xlink:label="label_d-slb_SicknessInsuranceNonLifeObligations_002" xlink:title="label_d-slb_SicknessInsuranceNonLifeObligations_002" id="label_d-slb_SicknessInsuranceNonLifeObligations_002" xml:lang="en">LB04</link:label>
    <link:labelArc xlink:type="arc" xlink:arcrole="http://www.xbrl.org/2003/arcrole/concept-label" xlink:from="d-slb_SicknessInsuranceNonLifeObligations" xlink:to="label_d-slb_SicknessInsuranceNonLifeObligations_002" xlink:title="d-slb_SicknessInsuranceNonLifeObligations to label_d-slb_SicknessInsuranceNonLifeObligations_002"/>
    <link:loc xlink:type="locator" xlink:href="d-slb-2011-06-30.xsd#d-slb_MedicalExpensesInsuranceNonLifeObligations" xlink:label="d-slb_MedicalExpensesInsuranceNonLifeObligations" xlink:title="d-slb_MedicalExpensesInsuranceNonLifeObligations"/>
    <link:label xlink:type="resource" xlink:role="http://www.xbrl.org/2003/role/label" xlink:label="label_d-slb_MedicalExpensesInsuranceNonLifeObligations_001" xlink:title="label_d-slb_MedicalExpensesInsuranceNonLifeObligations_001" id="label_d-slb_MedicalExpensesInsuranceNonLifeObligations_001" xml:lang="en">Medical expenses insurance, Non-life obligations</link:label>
    <link:labelArc xlink:type="arc" xlink:arcrole="http://www.xbrl.org/2003/arcrole/concept-label" xlink:from="d-slb_MedicalExpensesInsuranceNonLifeObligations" xlink:to="label_d-slb_MedicalExpensesInsuranceNonLifeObligations_001" xlink:title="d-slb_MedicalExpensesInsuranceNonLifeObligations to label_d-slb_MedicalExpensesInsuranceNonLifeObligations_001"/>
    <link:label xlink:type="resource" xlink:role="http://www.eiopa.europa.eu/pr/solvencyii/role/code" xlink:label="label_d-slb_MedicalExpensesInsuranceNonLifeObligations_002" xlink:title="label_d-slb_MedicalExpensesInsuranceNonLifeObligations_002" id="label_d-slb_MedicalExpensesInsuranceNonLifeObligations_002" xml:lang="en">LB05</link:label>
    <link:labelArc xlink:type="arc" xlink:arcrole="http://www.xbrl.org/2003/arcrole/concept-label" xlink:from="d-slb_MedicalExpensesInsuranceNonLifeObligations" xlink:to="label_d-slb_MedicalExpensesInsuranceNonLifeObligations_002" xlink:title="d-slb_MedicalExpensesInsuranceNonLifeObligations to label_d-slb_MedicalExpensesInsuranceNonLifeObligations_002"/>
    <link:loc xlink:type="locator" xlink:href="d-slb-2011-06-30.xsd#d-slb_IncomeProtectionInsuranceNonLifeObligations" xlink:label="d-slb_IncomeProtectionInsuranceNonLifeObligations" xlink:title="d-slb_IncomeProtectionInsuranceNonLifeObligations"/>
    <link:label xlink:type="resource" xlink:role="http://www.xbrl.org/2003/role/label" xlink:label="label_d-slb_IncomeProtectionInsuranceNonLifeObligations_001" xlink:title="label_d-slb_IncomeProtectionInsuranceNonLifeObligations_001" id="label_d-slb_IncomeProtectionInsuranceNonLifeObligations_001" xml:lang="en">Income protection insurance, Non-life obligations</link:label>
    <link:labelArc xlink:type="arc" xlink:arcrole="http://www.xbrl.org/2003/arcrole/concept-label" xlink:from="d-slb_IncomeProtectionInsuranceNonLifeObligations" xlink:to="label_d-slb_IncomeProtectionInsuranceNonLifeObligations_001" xlink:title="d-slb_IncomeProtectionInsuranceNonLifeObligations to label_d-slb_IncomeProtectionInsuranceNonLifeObligations_001"/>
    <link:label xlink:type="resource" xlink:role="http://www.eiopa.europa.eu/pr/solvencyii/role/code" xlink:label="label_d-slb_IncomeProtectionInsuranceNonLifeObligations_002" xlink:title="label_d-slb_IncomeProtectionInsuranceNonLifeObligations_002" id="label_d-slb_IncomeProtectionInsuranceNonLifeObligations_002" xml:lang="en">LB06</link:label>
    <link:labelArc xlink:type="arc" xlink:arcrole="http://www.xbrl.org/2003/arcrole/concept-label" xlink:from="d-slb_IncomeProtectionInsuranceNonLifeObligations" xlink:to="label_d-slb_IncomeProtectionInsuranceNonLifeObligations_002" xlink:title="d-slb_IncomeProtectionInsuranceNonLifeObligations to label_d-slb_IncomeProtectionInsuranceNonLifeObligations_002"/>
    <link:loc xlink:type="locator" xlink:href="d-slb-2011-06-30.xsd#d-slb_WorkersCompensationInsurance" xlink:label="d-slb_WorkersCompensationInsurance" xlink:title="d-slb_WorkersCompensationInsurance"/>
    <link:label xlink:type="resource" xlink:role="http://www.xbrl.org/2003/role/label" xlink:label="label_d-slb_WorkersCompensationInsurance_001" xlink:title="label_d-slb_WorkersCompensationInsurance_001" id="label_d-slb_WorkersCompensationInsurance_001" xml:lang="en">Workers' compensation insurance</link:label>
    <link:labelArc xlink:type="arc" xlink:arcrole="http://www.xbrl.org/2003/arcrole/concept-label" xlink:from="d-slb_WorkersCompensationInsurance" xlink:to="label_d-slb_WorkersCompensationInsurance_001" xlink:title="d-slb_WorkersCompensationInsurance to label_d-slb_WorkersCompensationInsurance_001"/>
    <link:label xlink:type="resource" xlink:role="http://www.eiopa.europa.eu/pr/solvencyii/role/code" xlink:label="label_d-slb_WorkersCompensationInsurance_002" xlink:title="label_d-slb_WorkersCompensationInsurance_002" id="label_d-slb_WorkersCompensationInsurance_002" xml:lang="en">LB07</link:label>
    <link:labelArc xlink:type="arc" xlink:arcrole="http://www.xbrl.org/2003/arcrole/concept-label" xlink:from="d-slb_WorkersCompensationInsurance" xlink:to="label_d-slb_WorkersCompensationInsurance_002" xlink:title="d-slb_WorkersCompensationInsurance to label_d-slb_WorkersCompensationInsurance_002"/>
    <link:loc xlink:type="locator" xlink:href="d-slb-2011-06-30.xsd#d-slb_MotorVehicleLiabilityInsurance" xlink:label="d-slb_MotorVehicleLiabilityInsurance" xlink:title="d-slb_MotorVehicleLiabilityInsurance"/>
    <link:label xlink:type="resource" xlink:role="http://www.xbrl.org/2003/role/label" xlink:label="label_d-slb_MotorVehicleLiabilityInsurance_001" xlink:title="label_d-slb_MotorVehicleLiabilityInsurance_001" id="label_d-slb_MotorVehicleLiabilityInsurance_001" xml:lang="en">Motor vehicle liability insurance</link:label>
    <link:labelArc xlink:type="arc" xlink:arcrole="http://www.xbrl.org/2003/arcrole/concept-label" xlink:from="d-slb_MotorVehicleLiabilityInsurance" xlink:to="label_d-slb_MotorVehicleLiabilityInsurance_001" xlink:title="d-slb_MotorVehicleLiabilityInsurance to label_d-slb_MotorVehicleLiabilityInsurance_001"/>
    <link:label xlink:type="resource" xlink:role="http://www.eiopa.europa.eu/pr/solvencyii/role/code" xlink:label="label_d-slb_MotorVehicleLiabilityInsurance_002" xlink:title="label_d-slb_MotorVehicleLiabilityInsurance_002" id="label_d-slb_MotorVehicleLiabilityInsurance_002" xml:lang="en">LB08</link:label>
    <link:labelArc xlink:type="arc" xlink:arcrole="http://www.xbrl.org/2003/arcrole/concept-label" xlink:from="d-slb_MotorVehicleLiabilityInsurance" xlink:to="label_d-slb_MotorVehicleLiabilityInsurance_002" xlink:title="d-slb_MotorVehicleLiabilityInsurance to label_d-slb_MotorVehicleLiabilityInsurance_002"/>
    <link:loc xlink:type="locator" xlink:href="d-slb-2011-06-30.xsd#d-slb_OtherMotorInsurance" xlink:label="d-slb_OtherMotorInsurance" xlink:title="d-slb_OtherMotorInsurance"/>
    <link:label xlink:type="resource" xlink:role="http://www.xbrl.org/2003/role/label" xlink:label="label_d-slb_OtherMotorInsurance_001" xlink:title="label_d-slb_OtherMotorInsurance_001" id="label_d-slb_OtherMotorInsurance_001" xml:lang="en">Other motor insurance</link:label>
    <link:labelArc xlink:type="arc" xlink:arcrole="http://www.xbrl.org/2003/arcrole/concept-label" xlink:from="d-slb_OtherMotorInsurance" xlink:to="label_d-slb_OtherMotorInsurance_001" xlink:title="d-slb_OtherMotorInsurance to label_d-slb_OtherMotorInsurance_001"/>
    <link:label xlink:type="resource" xlink:role="http://www.eiopa.europa.eu/pr/solvencyii/role/code" xlink:label="label_d-slb_OtherMotorInsurance_002" xlink:title="label_d-slb_OtherMotorInsurance_002" id="label_d-slb_OtherMotorInsurance_002" xml:lang="en">LB09</link:label>
    <link:labelArc xlink:type="arc" xlink:arcrole="http://www.xbrl.org/2003/arcrole/concept-label" xlink:from="d-slb_OtherMotorInsurance" xlink:to="label_d-slb_OtherMotorInsurance_002" xlink:title="d-slb_OtherMotorInsurance to label_d-slb_OtherMotorInsurance_002"/>
    <link:loc xlink:type="locator" xlink:href="d-slb-2011-06-30.xsd#d-slb_MarineAviationAndTransportInsuranceExcludingAcceptedNonProportionalReinsurance" xlink:label="d-slb_MarineAviationAndTransportInsuranceExcludingAcceptedNonProportionalReinsurance" xlink:title="d-slb_MarineAviationAndTransportInsuranceExcludingAcceptedNonProportionalReinsurance"/>
    <link:label xlink:type="resource" xlink:role="http://www.xbrl.org/2003/role/label" xlink:label="label_d-slb_MarineAviationAndTransportInsuranceExcludingAcceptedNonProportionalReinsurance_001" xlink:title="label_d-slb_MarineAviationAndTransportInsuranceExcludingAcceptedNonProportionalReinsurance_001" id="label_d-slb_MarineAviationAndTransportInsuranceExcludingAcceptedNonProportionalReinsurance_001" xml:lang="en">Marine, aviation and transport, insurance, Excluding accepted non-proportional reinsurance</link:label>
    <link:labelArc xlink:type="arc" xlink:arcrole="http://www.xbrl.org/2003/arcrole/concept-label" xlink:from="d-slb_MarineAviationAndTransportInsuranceExcludingAcceptedNonProportionalReinsurance" xlink:to="label_d-slb_MarineAviationAndTransportInsuranceExcludingAcceptedNonProportionalReinsurance_001" xlink:title="d-slb_MarineAviationAndTransportInsuranceExcludingAcceptedNonProportionalReinsurance to label_d-slb_MarineAviationAndTransportInsuranceExcludingAcceptedNonProportionalReinsurance_001"/>
    <link:label xlink:type="resource" xlink:role="http://www.eiopa.europa.eu/pr/solvencyii/role/code" xlink:label="label_d-slb_MarineAviationAndTransportInsuranceExcludingAcceptedNonProportionalReinsurance_002" xlink:title="label_d-slb_MarineAviationAndTransportInsuranceExcludingAcceptedNonProportionalReinsurance_002" id="label_d-slb_MarineAviationAndTransportInsuranceExcludingAcceptedNonProportionalReinsurance_002" xml:lang="en">LB10</link:label>
    <link:labelArc xlink:type="arc" xlink:arcrole="http://www.xbrl.org/2003/arcrole/concept-label" xlink:from="d-slb_MarineAviationAndTransportInsuranceExcludingAcceptedNonProportionalReinsurance" xlink:to="label_d-slb_MarineAviationAndTransportInsuranceExcludingAcceptedNonProportionalReinsurance_002" xlink:title="d-slb_MarineAviationAndTransportInsuranceExcludingAcceptedNonProportionalReinsurance to label_d-slb_MarineAviationAndTransportInsuranceExcludingAcceptedNonProportionalReinsurance_002"/>
    <link:loc xlink:type="locator" xlink:href="d-slb-2011-06-30.xsd#d-slb_FireAndOtherDamageToPropertyInsurance" xlink:label="d-slb_FireAndOtherDamageToPropertyInsurance" xlink:title="d-slb_FireAndOtherDamageToPropertyInsurance"/>
    <link:label xlink:type="resource" xlink:role="http://www.xbrl.org/2003/role/label" xlink:label="label_d-slb_FireAndOtherDamageToPropertyInsurance_001" xlink:title="label_d-slb_FireAndOtherDamageToPropertyInsurance_001" id="label_d-slb_FireAndOtherDamageToPropertyInsurance_001" xml:lang="en">Fire and other damage to property insurance</link:label>
    <link:labelArc xlink:type="arc" xlink:arcrole="http://www.xbrl.org/2003/arcrole/concept-label" xlink:from="d-slb_FireAndOtherDamageToPropertyInsurance" xlink:to="label_d-slb_FireAndOtherDamageToPropertyInsurance_001" xlink:title="d-slb_FireAndOtherDamageToPropertyInsurance to label_d-slb_FireAndOtherDamageToPropertyInsurance_001"/>
    <link:label xlink:type="resource" xlink:role="http://www.eiopa.europa.eu/pr/solvencyii/role/code" xlink:label="label_d-slb_FireAndOtherDamageToPropertyInsurance_002" xlink:title="label_d-slb_FireAndOtherDamageToPropertyInsurance_002" id="label_d-slb_FireAndOtherDamageToPropertyInsurance_002" xml:lang="en">LB11</link:label>
    <link:labelArc xlink:type="arc" xlink:arcrole="http://www.xbrl.org/2003/arcrole/concept-label" xlink:from="d-slb_FireAndOtherDamageToPropertyInsurance" xlink:to="label_d-slb_FireAndOtherDamageToPropertyInsurance_002" xlink:title="d-slb_FireAndOtherDamageToPropertyInsurance to label_d-slb_FireAndOtherDamageToPropertyInsurance_002"/>
    <link:loc xlink:type="locator" xlink:href="d-slb-2011-06-30.xsd#d-slb_GeneralLiabilityInsurance" xlink:label="d-slb_GeneralLiabilityInsurance" xlink:title="d-slb_GeneralLiabilityInsurance"/>
    <link:label xlink:type="resource" xlink:role="http://www.xbrl.org/2003/role/label" xlink:label="label_d-slb_GeneralLiabilityInsurance_001" xlink:title="label_d-slb_GeneralLiabilityInsurance_001" id="label_d-slb_GeneralLiabilityInsurance_001" xml:lang="en">General liability insurance</link:label>
    <link:labelArc xlink:type="arc" xlink:arcrole="http://www.xbrl.org/2003/arcrole/concept-label" xlink:from="d-slb_GeneralLiabilityInsurance" xlink:to="label_d-slb_GeneralLiabilityInsurance_001" xlink:title="d-slb_GeneralLiabilityInsurance to label_d-slb_GeneralLiabilityInsurance_001"/>
    <link:label xlink:type="resource" xlink:role="http://www.eiopa.europa.eu/pr/solvencyii/role/code" xlink:label="label_d-slb_GeneralLiabilityInsurance_002" xlink:title="label_d-slb_GeneralLiabilityInsurance_002" id="label_d-slb_GeneralLiabilityInsurance_002" xml:lang="en">LB12</link:label>
    <link:labelArc xlink:type="arc" xlink:arcrole="http://www.xbrl.org/2003/arcrole/concept-label" xlink:from="d-slb_GeneralLiabilityInsurance" xlink:to="label_d-slb_GeneralLiabilityInsurance_002" xlink:title="d-slb_GeneralLiabilityInsurance to label_d-slb_GeneralLiabilityInsurance_002"/>
    <link:loc xlink:type="locator" xlink:href="d-slb-2011-06-30.xsd#d-slb_CreditAndSuretyshipInsurance" xlink:label="d-slb_CreditAndSuretyshipInsurance" xlink:title="d-slb_CreditAndSuretyshipInsurance"/>
    <link:label xlink:type="resource" xlink:role="http://www.xbrl.org/2003/role/label" xlink:label="label_d-slb_CreditAndSuretyshipInsurance_001" xlink:title="label_d-slb_CreditAndSuretyshipInsurance_001" id="label_d-slb_CreditAndSuretyshipInsurance_001" xml:lang="en">Credit and suretyship insurance</link:label>
    <link:labelArc xlink:type="arc" xlink:arcrole="http://www.xbrl.org/2003/arcrole/concept-label" xlink:from="d-slb_CreditAndSuretyshipInsurance" xlink:to="label_d-slb_CreditAndSuretyshipInsurance_001" xlink:title="d-slb_CreditAndSuretyshipInsurance to label_d-slb_CreditAndSuretyshipInsurance_001"/>
    <link:label xlink:type="resource" xlink:role="http://www.eiopa.europa.eu/pr/solvencyii/role/code" xlink:label="label_d-slb_CreditAndSuretyshipInsurance_002" xlink:title="label_d-slb_CreditAndSuretyshipInsurance_002" id="label_d-slb_CreditAndSuretyshipInsurance_002" xml:lang="en">LB13</link:label>
    <link:labelArc xlink:type="arc" xlink:arcrole="http://www.xbrl.org/2003/arcrole/concept-label" xlink:from="d-slb_CreditAndSuretyshipInsurance" xlink:to="label_d-slb_CreditAndSuretyshipInsurance_002" xlink:title="d-slb_CreditAndSuretyshipInsurance to label_d-slb_CreditAndSuretyshipInsurance_002"/>
    <link:loc xlink:type="locator" xlink:href="d-slb-2011-06-30.xsd#d-slb_LegalExpensesInsurance" xlink:label="d-slb_LegalExpensesInsurance" xlink:title="d-slb_LegalExpensesInsurance"/>
    <link:label xlink:type="resource" xlink:role="http://www.xbrl.org/2003/role/label" xlink:label="label_d-slb_LegalExpensesInsurance_001" xlink:title="label_d-slb_LegalExpensesInsurance_001" id="label_d-slb_LegalExpensesInsurance_001" xml:lang="en">Legal expenses insurance</link:label>
    <link:labelArc xlink:type="arc" xlink:arcrole="http://www.xbrl.org/2003/arcrole/concept-label" xlink:from="d-slb_LegalExpensesInsurance" xlink:to="label_d-slb_LegalExpensesInsurance_001" xlink:title="d-slb_LegalExpensesInsurance to label_d-slb_LegalExpensesInsurance_001"/>
    <link:label xlink:type="resource" xlink:role="http://www.eiopa.europa.eu/pr/solvencyii/role/code" xlink:label="label_d-slb_LegalExpensesInsurance_002" xlink:title="label_d-slb_LegalExpensesInsurance_002" id="label_d-slb_LegalExpensesInsurance_002" xml:lang="en">LB14</link:label>
    <link:labelArc xlink:type="arc" xlink:arcrole="http://www.xbrl.org/2003/arcrole/concept-label" xlink:from="d-slb_LegalExpensesInsurance" xlink:to="label_d-slb_LegalExpensesInsurance_002" xlink:title="d-slb_LegalExpensesInsurance to label_d-slb_LegalExpensesInsurance_002"/>
    <link:loc xlink:type="locator" xlink:href="d-slb-2011-06-30.xsd#d-slb_Assistance" xlink:label="d-slb_Assistance" xlink:title="d-slb_Assistance"/>
    <link:label xlink:type="resource" xlink:role="http://www.xbrl.org/2003/role/label" xlink:label="label_d-slb_Assistance_001" xlink:title="label_d-slb_Assistance_001" id="label_d-slb_Assistance_001" xml:lang="en">Assistance</link:label>
    <link:labelArc xlink:type="arc" xlink:arcrole="http://www.xbrl.org/2003/arcrole/concept-label" xlink:from="d-slb_Assistance" xlink:to="label_d-slb_Assistance_001" xlink:title="d-slb_Assistance to label_d-slb_Assistance_001"/>
    <link:label xlink:type="resource" xlink:role="http://www.eiopa.europa.eu/pr/solvencyii/role/code" xlink:label="label_d-slb_Assistance_002" xlink:title="label_d-slb_Assistance_002" id="label_d-slb_Assistance_002" xml:lang="en">LB15</link:label>
    <link:labelArc xlink:type="arc" xlink:arcrole="http://www.xbrl.org/2003/arcrole/concept-label" xlink:from="d-slb_Assistance" xlink:to="label_d-slb_Assistance_002" xlink:title="d-slb_Assistance to label_d-slb_Assistance_002"/>
    <link:loc xlink:type="locator" xlink:href="d-slb-2011-06-30.xsd#d-slb_MiscellaneousFinancialLoss" xlink:label="d-slb_MiscellaneousFinancialLoss" xlink:title="d-slb_MiscellaneousFinancialLoss"/>
    <link:label xlink:type="resource" xlink:role="http://www.xbrl.org/2003/role/label" xlink:label="label_d-slb_MiscellaneousFinancialLoss_001" xlink:title="label_d-slb_MiscellaneousFinancialLoss_001" id="label_d-slb_MiscellaneousFinancialLoss_001" xml:lang="en">Miscellaneous financial loss</link:label>
    <link:labelArc xlink:type="arc" xlink:arcrole="http://www.xbrl.org/2003/arcrole/concept-label" xlink:from="d-slb_MiscellaneousFinancialLoss" xlink:to="label_d-slb_MiscellaneousFinancialLoss_001" xlink:title="d-slb_MiscellaneousFinancialLoss to label_d-slb_MiscellaneousFinancialLoss_001"/>
    <link:label xlink:type="resource" xlink:role="http://www.eiopa.europa.eu/pr/solvencyii/role/code" xlink:label="label_d-slb_MiscellaneousFinancialLoss_002" xlink:title="label_d-slb_MiscellaneousFinancialLoss_002" id="label_d-slb_MiscellaneousFinancialLoss_002" xml:lang="en">LB16</link:label>
    <link:labelArc xlink:type="arc" xlink:arcrole="http://www.xbrl.org/2003/arcrole/concept-label" xlink:from="d-slb_MiscellaneousFinancialLoss" xlink:to="label_d-slb_MiscellaneousFinancialLoss_002" xlink:title="d-slb_MiscellaneousFinancialLoss to label_d-slb_MiscellaneousFinancialLoss_002"/>
    <link:loc xlink:type="locator" xlink:href="d-slb-2011-06-30.xsd#d-slb_LinesOfBusinessForAcceptedNonProportionalReinsurance" xlink:label="d-slb_LinesOfBusinessForAcceptedNonProportionalReinsurance" xlink:title="d-slb_LinesOfBusinessForAcceptedNonProportionalReinsurance"/>
    <link:label xlink:type="resource" xlink:role="http://www.xbrl.org/2003/role/label" xlink:label="label_d-slb_LinesOfBusinessForAcceptedNonProportionalReinsurance_001" xlink:title="label_d-slb_LinesOfBusinessForAcceptedNonProportionalReinsurance_001" id="label_d-slb_LinesOfBusinessForAcceptedNonProportionalReinsurance_001" xml:lang="en">Lines of business for accepted non-proportional reinsurance</link:label>
    <link:labelArc xlink:type="arc" xlink:arcrole="http://www.xbrl.org/2003/arcrole/concept-label" xlink:from="d-slb_LinesOfBusinessForAcceptedNonProportionalReinsurance" xlink:to="label_d-slb_LinesOfBusinessForAcceptedNonProportionalReinsurance_001" xlink:title="d-slb_LinesOfBusinessForAcceptedNonProportionalReinsurance to label_d-slb_LinesOfBusinessForAcceptedNonProportionalReinsurance_001"/>
    <link:label xlink:type="resource" xlink:role="http://www.eiopa.europa.eu/pr/solvencyii/role/code" xlink:label="label_d-slb_LinesOfBusinessForAcceptedNonProportionalReinsurance_002" xlink:title="label_d-slb_LinesOfBusinessForAcceptedNonProportionalReinsurance_002" id="label_d-slb_LinesOfBusinessForAcceptedNonProportionalReinsurance_002" xml:lang="en">LB17</link:label>
    <link:labelArc xlink:type="arc" xlink:arcrole="http://www.xbrl.org/2003/arcrole/concept-label" xlink:from="d-slb_LinesOfBusinessForAcceptedNonProportionalReinsurance" xlink:to="label_d-slb_LinesOfBusinessForAcceptedNonProportionalReinsurance_002" xlink:title="d-slb_LinesOfBusinessForAcceptedNonProportionalReinsurance to label_d-slb_LinesOfBusinessForAcceptedNonProportionalReinsurance_002"/>
    <link:loc xlink:type="locator" xlink:href="d-slb-2011-06-30.xsd#d-slb_Health" xlink:label="d-slb_Health" xlink:title="d-slb_Health"/>
    <link:label xlink:type="resource" xlink:role="http://www.xbrl.org/2003/role/label" xlink:label="label_d-slb_Health_001" xlink:title="label_d-slb_Health_001" id="label_d-slb_Health_001" xml:lang="en">Health</link:label>
    <link:labelArc xlink:type="arc" xlink:arcrole="http://www.xbrl.org/2003/arcrole/concept-label" xlink:from="d-slb_Health" xlink:to="label_d-slb_Health_001" xlink:title="d-slb_Health to label_d-slb_Health_001"/>
    <link:label xlink:type="resource" xlink:role="http://www.eiopa.europa.eu/pr/solvencyii/role/code" xlink:label="label_d-slb_Health_002" xlink:title="label_d-slb_Health_002" id="label_d-slb_Health_002" xml:lang="en">LB18</link:label>
    <link:labelArc xlink:type="arc" xlink:arcrole="http://www.xbrl.org/2003/arcrole/concept-label" xlink:from="d-slb_Health" xlink:to="label_d-slb_Health_002" xlink:title="d-slb_Health to label_d-slb_Health_002"/>
    <link:loc xlink:type="locator" xlink:href="d-slb-2011-06-30.xsd#d-slb_Casualty" xlink:label="d-slb_Casualty" xlink:title="d-slb_Casualty"/>
    <link:label xlink:type="resource" xlink:role="http://www.xbrl.org/2003/role/label" xlink:label="label_d-slb_Casualty_001" xlink:title="label_d-slb_Casualty_001" id="label_d-slb_Casualty_001" xml:lang="en">Casualty</link:label>
    <link:labelArc xlink:type="arc" xlink:arcrole="http://www.xbrl.org/2003/arcrole/concept-label" xlink:from="d-slb_Casualty" xlink:to="label_d-slb_Casualty_001" xlink:title="d-slb_Casualty to label_d-slb_Casualty_001"/>
    <link:label xlink:type="resource" xlink:role="http://www.eiopa.europa.eu/pr/solvencyii/role/code" xlink:label="label_d-slb_Casualty_002" xlink:title="label_d-slb_Casualty_002" id="label_d-slb_Casualty_002" xml:lang="en">LB19</link:label>
    <link:labelArc xlink:type="arc" xlink:arcrole="http://www.xbrl.org/2003/arcrole/concept-label" xlink:from="d-slb_Casualty" xlink:to="label_d-slb_Casualty_002" xlink:title="d-slb_Casualty to label_d-slb_Casualty_002"/>
    <link:loc xlink:type="locator" xlink:href="d-slb-2011-06-30.xsd#d-slb_MarineAviationAndTransportInsuranceAcceptedNonProportionalReinsurance" xlink:label="d-slb_MarineAviationAndTransportInsuranceAcceptedNonProportionalReinsurance" xlink:title="d-slb_MarineAviationAndTransportInsuranceAcceptedNonProportionalReinsurance"/>
    <link:label xlink:type="resource" xlink:role="http://www.xbrl.org/2003/role/label" xlink:label="label_d-slb_MarineAviationAndTransportInsuranceAcceptedNonProportionalReinsurance_001" xlink:title="label_d-slb_MarineAviationAndTransportInsuranceAcceptedNonProportionalReinsurance_001" id="label_d-slb_MarineAviationAndTransportInsuranceAcceptedNonProportionalReinsurance_001" xml:lang="en">Marine, aviation and transport, insurance, Accepted non-proportional reinsurance</link:label>
    <link:labelArc xlink:type="arc" xlink:arcrole="http://www.xbrl.org/2003/arcrole/concept-label" xlink:from="d-slb_MarineAviationAndTransportInsuranceAcceptedNonProportionalReinsurance" xlink:to="label_d-slb_MarineAviationAndTransportInsuranceAcceptedNonProportionalReinsurance_001" xlink:title="d-slb_MarineAviationAndTransportInsuranceAcceptedNonProportionalReinsurance to label_d-slb_MarineAviationAndTransportInsuranceAcceptedNonProportionalReinsurance_001"/>
    <link:label xlink:type="resource" xlink:role="http://www.eiopa.europa.eu/pr/solvencyii/role/code" xlink:label="label_d-slb_MarineAviationAndTransportInsuranceAcceptedNonProportionalReinsurance_002" xlink:title="label_d-slb_MarineAviationAndTransportInsuranceAcceptedNonProportionalReinsurance_002" id="label_d-slb_MarineAviationAndTransportInsuranceAcceptedNonProportionalReinsurance_002" xml:lang="en">LB20</link:label>
    <link:labelArc xlink:type="arc" xlink:arcrole="http://www.xbrl.org/2003/arcrole/concept-label" xlink:from="d-slb_MarineAviationAndTransportInsuranceAcceptedNonProportionalReinsurance" xlink:to="label_d-slb_MarineAviationAndTransportInsuranceAcceptedNonProportionalReinsurance_002" xlink:title="d-slb_MarineAviationAndTransportInsuranceAcceptedNonProportionalReinsurance to label_d-slb_MarineAviationAndTransportInsuranceAcceptedNonProportionalReinsurance_002"/>
    <link:loc xlink:type="locator" xlink:href="d-slb-2011-06-30.xsd#d-slb_Property" xlink:label="d-slb_Property" xlink:title="d-slb_Property"/>
    <link:label xlink:type="resource" xlink:role="http://www.xbrl.org/2003/role/label" xlink:label="label_d-slb_Property_001" xlink:title="label_d-slb_Property_001" id="label_d-slb_Property_001" xml:lang="en">Property</link:label>
    <link:labelArc xlink:type="arc" xlink:arcrole="http://www.xbrl.org/2003/arcrole/concept-label" xlink:from="d-slb_Property" xlink:to="label_d-slb_Property_001" xlink:title="d-slb_Property to label_d-slb_Property_001"/>
    <link:label xlink:type="resource" xlink:role="http://www.eiopa.europa.eu/pr/solvencyii/role/code" xlink:label="label_d-slb_Property_002" xlink:title="label_d-slb_Property_002" id="label_d-slb_Property_002" xml:lang="en">LB21</link:label>
    <link:labelArc xlink:type="arc" xlink:arcrole="http://www.xbrl.org/2003/arcrole/concept-label" xlink:from="d-slb_Property" xlink:to="label_d-slb_Property_002" xlink:title="d-slb_Property to label_d-slb_Property_002"/>
    <link:loc xlink:type="locator" xlink:href="d-slb-2011-06-30.xsd#d-slb_LinesOfBusinessForNonSltHealth" xlink:label="d-slb_LinesOfBusinessForNonSltHealth" xlink:title="d-slb_LinesOfBusinessForNonSltHealth"/>
    <link:label xlink:type="resource" xlink:role="http://www.xbrl.org/2003/role/label" xlink:label="label_d-slb_LinesOfBusinessForNonSltHealth_001" xlink:title="label_d-slb_LinesOfBusinessForNonSltHealth_001" id="label_d-slb_LinesOfBusinessForNonSltHealth_001" xml:lang="en">Lines of business for non-SLT health</link:label>
    <link:labelArc xlink:type="arc" xlink:arcrole="http://www.xbrl.org/2003/arcrole/concept-label" xlink:from="d-slb_LinesOfBusinessForNonSltHealth" xlink:to="label_d-slb_LinesOfBusinessForNonSltHealth_001" xlink:title="d-slb_LinesOfBusinessForNonSltHealth to label_d-slb_LinesOfBusinessForNonSltHealth_001"/>
    <link:label xlink:type="resource" xlink:role="http://www.eiopa.europa.eu/pr/solvencyii/role/code" xlink:label="label_d-slb_LinesOfBusinessForNonSltHealth_002" xlink:title="label_d-slb_LinesOfBusinessForNonSltHealth_002" id="label_d-slb_LinesOfBusinessForNonSltHealth_002" xml:lang="en">LB22</link:label>
    <link:labelArc xlink:type="arc" xlink:arcrole="http://www.xbrl.org/2003/arcrole/concept-label" xlink:from="d-slb_LinesOfBusinessForNonSltHealth" xlink:to="label_d-slb_LinesOfBusinessForNonSltHealth_002" xlink:title="d-slb_LinesOfBusinessForNonSltHealth to label_d-slb_LinesOfBusinessForNonSltHealth_002"/>
    <link:loc xlink:type="locator" xlink:href="d-slb-2011-06-30.xsd#d-slb_AccidentNonSltHealth" xlink:label="d-slb_AccidentNonSltHealth" xlink:title="d-slb_AccidentNonSltHealth"/>
    <link:label xlink:type="resource" xlink:role="http://www.xbrl.org/2003/role/label" xlink:label="label_d-slb_AccidentNonSltHealth_001" xlink:title="label_d-slb_AccidentNonSltHealth_001" id="label_d-slb_AccidentNonSltHealth_001" xml:lang="en">Accident, Non-SLT health</link:label>
    <link:labelArc xlink:type="arc" xlink:arcrole="http://www.xbrl.org/2003/arcrole/concept-label" xlink:from="d-slb_AccidentNonSltHealth" xlink:to="label_d-slb_AccidentNonSltHealth_001" xlink:title="d-slb_AccidentNonSltHealth to label_d-slb_AccidentNonSltHealth_001"/>
    <link:label xlink:type="resource" xlink:role="http://www.eiopa.europa.eu/pr/solvencyii/role/code" xlink:label="label_d-slb_AccidentNonSltHealth_002" xlink:title="label_d-slb_AccidentNonSltHealth_002" id="label_d-slb_AccidentNonSltHealth_002" xml:lang="en">LB23</link:label>
    <link:labelArc xlink:type="arc" xlink:arcrole="http://www.xbrl.org/2003/arcrole/concept-label" xlink:from="d-slb_AccidentNonSltHealth" xlink:to="label_d-slb_AccidentNonSltHealth_002" xlink:title="d-slb_AccidentNonSltHealth to label_d-slb_AccidentNonSltHealth_002"/>
    <link:loc xlink:type="locator" xlink:href="d-slb-2011-06-30.xsd#d-slb_SicknessNonSltHealth" xlink:label="d-slb_SicknessNonSltHealth" xlink:title="d-slb_SicknessNonSltHealth"/>
    <link:label xlink:type="resource" xlink:role="http://www.xbrl.org/2003/role/label" xlink:label="label_d-slb_SicknessNonSltHealth_001" xlink:title="label_d-slb_SicknessNonSltHealth_001" id="label_d-slb_SicknessNonSltHealth_001" xml:lang="en">Sickness, Non-SLT health</link:label>
    <link:labelArc xlink:type="arc" xlink:arcrole="http://www.xbrl.org/2003/arcrole/concept-label" xlink:from="d-slb_SicknessNonSltHealth" xlink:to="label_d-slb_SicknessNonSltHealth_001" xlink:title="d-slb_SicknessNonSltHealth to label_d-slb_SicknessNonSltHealth_001"/>
    <link:label xlink:type="resource" xlink:role="http://www.eiopa.europa.eu/pr/solvencyii/role/code" xlink:label="label_d-slb_SicknessNonSltHealth_002" xlink:title="label_d-slb_SicknessNonSltHealth_002" id="label_d-slb_SicknessNonSltHealth_002" xml:lang="en">LB24</link:label>
    <link:labelArc xlink:type="arc" xlink:arcrole="http://www.xbrl.org/2003/arcrole/concept-label" xlink:from="d-slb_SicknessNonSltHealth" xlink:to="label_d-slb_SicknessNonSltHealth_002" xlink:title="d-slb_SicknessNonSltHealth to label_d-slb_SicknessNonSltHealth_002"/>
    <link:loc xlink:type="locator" xlink:href="d-slb-2011-06-30.xsd#d-slb_WorkersCompensationInsuranceNonSltHealth" xlink:label="d-slb_WorkersCompensationInsuranceNonSltHealth" xlink:title="d-slb_WorkersCompensationInsuranceNonSltHealth"/>
    <link:label xlink:type="resource" xlink:role="http://www.xbrl.org/2003/role/label" xlink:label="label_d-slb_WorkersCompensationInsuranceNonSltHealth_001" xlink:title="label_d-slb_WorkersCompensationInsuranceNonSltHealth_001" id="label_d-slb_WorkersCompensationInsuranceNonSltHealth_001" xml:lang="en">Workers' compensation insurance, Non-SLT health</link:label>
    <link:labelArc xlink:type="arc" xlink:arcrole="http://www.xbrl.org/2003/arcrole/concept-label" xlink:from="d-slb_WorkersCompensationInsuranceNonSltHealth" xlink:to="label_d-slb_WorkersCompensationInsuranceNonSltHealth_001" xlink:title="d-slb_WorkersCompensationInsuranceNonSltHealth to label_d-slb_WorkersCompensationInsuranceNonSltHealth_001"/>
    <link:label xlink:type="resource" xlink:role="http://www.eiopa.europa.eu/pr/solvencyii/role/code" xlink:label="label_d-slb_WorkersCompensationInsuranceNonSltHealth_002" xlink:title="label_d-slb_WorkersCompensationInsuranceNonSltHealth_002" id="label_d-slb_WorkersCompensationInsuranceNonSltHealth_002" xml:lang="en">LB25</link:label>
    <link:labelArc xlink:type="arc" xlink:arcrole="http://www.xbrl.org/2003/arcrole/concept-label" xlink:from="d-slb_WorkersCompensationInsuranceNonSltHealth" xlink:to="label_d-slb_WorkersCompensationInsuranceNonSltHealth_002" xlink:title="d-slb_WorkersCompensationInsuranceNonSltHealth to label_d-slb_WorkersCompensationInsuranceNonSltHealth_002"/>
    <link:loc xlink:type="locator" xlink:href="d-slb-2011-06-30.xsd#d-slb_LinesOfBusinessForLifeObligations" xlink:label="d-slb_LinesOfBusinessForLifeObligations" xlink:title="d-slb_LinesOfBusinessForLifeObligations"/>
    <link:label xlink:type="resource" xlink:role="http://www.xbrl.org/2003/role/label" xlink:label="label_d-slb_LinesOfBusinessForLifeObligations_001" xlink:title="label_d-slb_LinesOfBusinessForLifeObligations_001" id="label_d-slb_LinesOfBusinessForLifeObligations_001" xml:lang="en">Lines of business for life obligations</link:label>
    <link:labelArc xlink:type="arc" xlink:arcrole="http://www.xbrl.org/2003/arcrole/concept-label" xlink:from="d-slb_LinesOfBusinessForLifeObligations" xlink:to="label_d-slb_LinesOfBusinessForLifeObligations_001" xlink:title="d-slb_LinesOfBusinessForLifeObligations to label_d-slb_LinesOfBusinessForLifeObligations_001"/>
    <link:label xlink:type="resource" xlink:role="http://www.eiopa.europa.eu/pr/solvencyii/role/code" xlink:label="label_d-slb_LinesOfBusinessForLifeObligations_002" xlink:title="label_d-slb_LinesOfBusinessForLifeObligations_002" id="label_d-slb_LinesOfBusinessForLifeObligations_002" xml:lang="en">LB26</link:label>
    <link:labelArc xlink:type="arc" xlink:arcrole="http://www.xbrl.org/2003/arcrole/concept-label" xlink:from="d-slb_LinesOfBusinessForLifeObligations" xlink:to="label_d-slb_LinesOfBusinessForLifeObligations_002" xlink:title="d-slb_LinesOfBusinessForLifeObligations to label_d-slb_LinesOfBusinessForLifeObligations_002"/>
    <link:loc xlink:type="locator" xlink:href="d-slb-2011-06-30.xsd#d-slb_InsuranceWithProfitParticipation" xlink:label="d-slb_InsuranceWithProfitParticipation" xlink:title="d-slb_InsuranceWithProfitParticipation"/>
    <link:label xlink:type="resource" xlink:role="http://www.xbrl.org/2003/role/label" xlink:label="label_d-slb_InsuranceWithProfitParticipation_001" xlink:title="label_d-slb_InsuranceWithProfitParticipation_001" id="label_d-slb_InsuranceWithProfitParticipation_001" xml:lang="en">Insurance with profit participation</link:label>
    <link:labelArc xlink:type="arc" xlink:arcrole="http://www.xbrl.org/2003/arcrole/concept-label" xlink:from="d-slb_InsuranceWithProfitParticipation" xlink:to="label_d-slb_InsuranceWithProfitParticipation_001" xlink:title="d-slb_InsuranceWithProfitParticipation to label_d-slb_InsuranceWithProfitParticipation_001"/>
    <link:label xlink:type="resource" xlink:role="http://www.eiopa.europa.eu/pr/solvencyii/role/code" xlink:label="label_d-slb_InsuranceWithProfitParticipation_002" xlink:title="label_d-slb_InsuranceWithProfitParticipation_002" id="label_d-slb_InsuranceWithProfitParticipation_002" xml:lang="en">LB27</link:label>
    <link:labelArc xlink:type="arc" xlink:arcrole="http://www.xbrl.org/2003/arcrole/concept-label" xlink:from="d-slb_InsuranceWithProfitParticipation" xlink:to="label_d-slb_InsuranceWithProfitParticipation_002" xlink:title="d-slb_InsuranceWithProfitParticipation to label_d-slb_InsuranceWithProfitParticipation_002"/>
    <link:loc xlink:type="locator" xlink:href="d-slb-2011-06-30.xsd#d-slb_IndexLinkedAndUnitLinkedInsurance" xlink:label="d-slb_IndexLinkedAndUnitLinkedInsurance" xlink:title="d-slb_IndexLinkedAndUnitLinkedInsurance"/>
    <link:label xlink:type="resource" xlink:role="http://www.xbrl.org/2003/role/label" xlink:label="label_d-slb_IndexLinkedAndUnitLinkedInsurance_001" xlink:title="label_d-slb_IndexLinkedAndUnitLinkedInsurance_001" id="label_d-slb_IndexLinkedAndUnitLinkedInsurance_001" xml:lang="en">Index-linked and unit-linked insurance</link:label>
    <link:labelArc xlink:type="arc" xlink:arcrole="http://www.xbrl.org/2003/arcrole/concept-label" xlink:from="d-slb_IndexLinkedAndUnitLinkedInsurance" xlink:to="label_d-slb_IndexLinkedAndUnitLinkedInsurance_001" xlink:title="d-slb_IndexLinkedAndUnitLinkedInsurance to label_d-slb_IndexLinkedAndUnitLinkedInsurance_001"/>
    <link:label xlink:type="resource" xlink:role="http://www.eiopa.europa.eu/pr/solvencyii/role/code" xlink:label="label_d-slb_IndexLinkedAndUnitLinkedInsurance_002" xlink:title="label_d-slb_IndexLinkedAndUnitLinkedInsurance_002" id="label_d-slb_IndexLinkedAndUnitLinkedInsurance_002" xml:lang="en">LB28</link:label>
    <link:labelArc xlink:type="arc" xlink:arcrole="http://www.xbrl.org/2003/arcrole/concept-label" xlink:from="d-slb_IndexLinkedAndUnitLinkedInsurance" xlink:to="label_d-slb_IndexLinkedAndUnitLinkedInsurance_002" xlink:title="d-slb_IndexLinkedAndUnitLinkedInsurance to label_d-slb_IndexLinkedAndUnitLinkedInsurance_002"/>
    <link:loc xlink:type="locator" xlink:href="d-slb-2011-06-30.xsd#d-slb_OtherLifeInsurance" xlink:label="d-slb_OtherLifeInsurance" xlink:title="d-slb_OtherLifeInsurance"/>
    <link:label xlink:type="resource" xlink:role="http://www.xbrl.org/2003/role/label" xlink:label="label_d-slb_OtherLifeInsurance_001" xlink:title="label_d-slb_OtherLifeInsurance_001" id="label_d-slb_OtherLifeInsurance_001" xml:lang="en">Other life insurance</link:label>
    <link:labelArc xlink:type="arc" xlink:arcrole="http://www.xbrl.org/2003/arcrole/concept-label" xlink:from="d-slb_OtherLifeInsurance" xlink:to="label_d-slb_OtherLifeInsurance_001" xlink:title="d-slb_OtherLifeInsurance to label_d-slb_OtherLifeInsurance_001"/>
    <link:label xlink:type="resource" xlink:role="http://www.eiopa.europa.eu/pr/solvencyii/role/code" xlink:label="label_d-slb_OtherLifeInsurance_002" xlink:title="label_d-slb_OtherLifeInsurance_002" id="label_d-slb_OtherLifeInsurance_002" xml:lang="en">LB29</link:label>
    <link:labelArc xlink:type="arc" xlink:arcrole="http://www.xbrl.org/2003/arcrole/concept-label" xlink:from="d-slb_OtherLifeInsurance" xlink:to="label_d-slb_OtherLifeInsurance_002" xlink:title="d-slb_OtherLifeInsurance to label_d-slb_OtherLifeInsurance_002"/>
    <link:loc xlink:type="locator" xlink:href="d-slb-2011-06-30.xsd#d-slb_AcceptedReinsurance" xlink:label="d-slb_AcceptedReinsurance" xlink:title="d-slb_AcceptedReinsurance"/>
    <link:label xlink:type="resource" xlink:role="http://www.xbrl.org/2003/role/label" xlink:label="label_d-slb_AcceptedReinsurance_001" xlink:title="label_d-slb_AcceptedReinsurance_001" id="label_d-slb_AcceptedReinsurance_001" xml:lang="en">Accepted Reinsurance</link:label>
    <link:labelArc xlink:type="arc" xlink:arcrole="http://www.xbrl.org/2003/arcrole/concept-label" xlink:from="d-slb_AcceptedReinsurance" xlink:to="label_d-slb_AcceptedReinsurance_001" xlink:title="d-slb_AcceptedReinsurance to label_d-slb_AcceptedReinsurance_001"/>
    <link:label xlink:type="resource" xlink:role="http://www.eiopa.europa.eu/pr/solvencyii/role/code" xlink:label="label_d-slb_AcceptedReinsurance_002" xlink:title="label_d-slb_AcceptedReinsurance_002" id="label_d-slb_AcceptedReinsurance_002" xml:lang="en">LB30</link:label>
    <link:labelArc xlink:type="arc" xlink:arcrole="http://www.xbrl.org/2003/arcrole/concept-label" xlink:from="d-slb_AcceptedReinsurance" xlink:to="label_d-slb_AcceptedReinsurance_002" xlink:title="d-slb_AcceptedReinsurance to label_d-slb_AcceptedReinsurance_002"/>
    <link:loc xlink:type="locator" xlink:href="d-slb-2011-06-30.xsd#d-slb_AnnuitySteamingFromNonLifeContracts" xlink:label="d-slb_AnnuitySteamingFromNonLifeContracts" xlink:title="d-slb_AnnuitySteamingFromNonLifeContracts"/>
    <link:label xlink:type="resource" xlink:role="http://www.xbrl.org/2003/role/label" xlink:label="label_d-slb_AnnuitySteamingFromNonLifeContracts_001" xlink:title="label_d-slb_AnnuitySteamingFromNonLifeContracts_001" id="label_d-slb_AnnuitySteamingFromNonLifeContracts_001" xml:lang="en">Annuity steaming from non-life contracts</link:label>
    <link:labelArc xlink:type="arc" xlink:arcrole="http://www.xbrl.org/2003/arcrole/concept-label" xlink:from="d-slb_AnnuitySteamingFromNonLifeContracts" xlink:to="label_d-slb_AnnuitySteamingFromNonLifeContracts_001" xlink:title="d-slb_AnnuitySteamingFromNonLifeContracts to label_d-slb_AnnuitySteamingFromNonLifeContracts_001"/>
    <link:label xlink:type="resource" xlink:role="http://www.eiopa.europa.eu/pr/solvencyii/role/code" xlink:label="label_d-slb_AnnuitySteamingFromNonLifeContracts_002" xlink:title="label_d-slb_AnnuitySteamingFromNonLifeContracts_002" id="label_d-slb_AnnuitySteamingFromNonLifeContracts_002" xml:lang="en">LB31</link:label>
    <link:labelArc xlink:type="arc" xlink:arcrole="http://www.xbrl.org/2003/arcrole/concept-label" xlink:from="d-slb_AnnuitySteamingFromNonLifeContracts" xlink:to="label_d-slb_AnnuitySteamingFromNonLifeContracts_002" xlink:title="d-slb_AnnuitySteamingFromNonLifeContracts to label_d-slb_AnnuitySteamingFromNonLifeContracts_002"/>
    <link:loc xlink:type="locator" xlink:href="d-slb-2011-06-30.xsd#d-slb_LinesOfBusinessForSltHealth" xlink:label="d-slb_LinesOfBusinessForSltHealth" xlink:title="d-slb_LinesOfBusinessForSltHealth"/>
    <link:label xlink:type="resource" xlink:role="http://www.xbrl.org/2003/role/label" xlink:label="label_d-slb_LinesOfBusinessForSltHealth_001" xlink:title="label_d-slb_LinesOfBusinessForSltHealth_001" id="label_d-slb_LinesOfBusinessForSltHealth_001" xml:lang="en">Lines of business for SLT health</link:label>
    <link:labelArc xlink:type="arc" xlink:arcrole="http://www.xbrl.org/2003/arcrole/concept-label" xlink:from="d-slb_LinesOfBusinessForSltHealth" xlink:to="label_d-slb_LinesOfBusinessForSltHealth_001" xlink:title="d-slb_LinesOfBusinessForSltHealth to label_d-slb_LinesOfBusinessForSltHealth_001"/>
    <link:label xlink:type="resource" xlink:role="http://www.eiopa.europa.eu/pr/solvencyii/role/code" xlink:label="label_d-slb_LinesOfBusinessForSltHealth_002" xlink:title="label_d-slb_LinesOfBusinessForSltHealth_002" id="label_d-slb_LinesOfBusinessForSltHealth_002" xml:lang="en">LB32</link:label>
    <link:labelArc xlink:type="arc" xlink:arcrole="http://www.xbrl.org/2003/arcrole/concept-label" xlink:from="d-slb_LinesOfBusinessForSltHealth" xlink:to="label_d-slb_LinesOfBusinessForSltHealth_002" xlink:title="d-slb_LinesOfBusinessForSltHealth to label_d-slb_LinesOfBusinessForSltHealth_002"/>
    <link:loc xlink:type="locator" xlink:href="d-slb-2011-06-30.xsd#d-slb_DirectBusinessSltHealth" xlink:label="d-slb_DirectBusinessSltHealth" xlink:title="d-slb_DirectBusinessSltHealth"/>
    <link:label xlink:type="resource" xlink:role="http://www.xbrl.org/2003/role/label" xlink:label="label_d-slb_DirectBusinessSltHealth_001" xlink:title="label_d-slb_DirectBusinessSltHealth_001" id="label_d-slb_DirectBusinessSltHealth_001" xml:lang="en">Direct business, SLT health</link:label>
    <link:labelArc xlink:type="arc" xlink:arcrole="http://www.xbrl.org/2003/arcrole/concept-label" xlink:from="d-slb_DirectBusinessSltHealth" xlink:to="label_d-slb_DirectBusinessSltHealth_001" xlink:title="d-slb_DirectBusinessSltHealth to label_d-slb_DirectBusinessSltHealth_001"/>
    <link:label xlink:type="resource" xlink:role="http://www.eiopa.europa.eu/pr/solvencyii/role/code" xlink:label="label_d-slb_DirectBusinessSltHealth_002" xlink:title="label_d-slb_DirectBusinessSltHealth_002" id="label_d-slb_DirectBusinessSltHealth_002" xml:lang="en">LB33</link:label>
    <link:labelArc xlink:type="arc" xlink:arcrole="http://www.xbrl.org/2003/arcrole/concept-label" xlink:from="d-slb_DirectBusinessSltHealth" xlink:to="label_d-slb_DirectBusinessSltHealth_002" xlink:title="d-slb_DirectBusinessSltHealth to label_d-slb_DirectBusinessSltHealth_002"/>
    <link:loc xlink:type="locator" xlink:href="d-slb-2011-06-30.xsd#d-slb_ReinsuranceAcceptedSltHealth" xlink:label="d-slb_ReinsuranceAcceptedSltHealth" xlink:title="d-slb_ReinsuranceAcceptedSltHealth"/>
    <link:label xlink:type="resource" xlink:role="http://www.xbrl.org/2003/role/label" xlink:label="label_d-slb_ReinsuranceAcceptedSltHealth_001" xlink:title="label_d-slb_ReinsuranceAcceptedSltHealth_001" id="label_d-slb_ReinsuranceAcceptedSltHealth_001" xml:lang="en">Reinsurance accepted, SLT health</link:label>
    <link:labelArc xlink:type="arc" xlink:arcrole="http://www.xbrl.org/2003/arcrole/concept-label" xlink:from="d-slb_ReinsuranceAcceptedSltHealth" xlink:to="label_d-slb_ReinsuranceAcceptedSltHealth_001" xlink:title="d-slb_ReinsuranceAcceptedSltHealth to label_d-slb_ReinsuranceAcceptedSltHealth_001"/>
    <link:label xlink:type="resource" xlink:role="http://www.eiopa.europa.eu/pr/solvencyii/role/code" xlink:label="label_d-slb_ReinsuranceAcceptedSltHealth_002" xlink:title="label_d-slb_ReinsuranceAcceptedSltHealth_002" id="label_d-slb_ReinsuranceAcceptedSltHealth_002" xml:lang="en">LB34</link:label>
    <link:labelArc xlink:type="arc" xlink:arcrole="http://www.xbrl.org/2003/arcrole/concept-label" xlink:from="d-slb_ReinsuranceAcceptedSltHealth" xlink:to="label_d-slb_ReinsuranceAcceptedSltHealth_002" xlink:title="d-slb_ReinsuranceAcceptedSltHealth to label_d-slb_ReinsuranceAcceptedSltHealth_002"/>
    <link:loc xlink:type="locator" xlink:href="d-slb-2011-06-30.xsd#d-slb_LinesOfBusinessForNonLifeObligationsNonSltHealth" xlink:label="d-slb_LinesOfBusinessForNonLifeObligationsNonSltHealth" xlink:title="d-slb_LinesOfBusinessForNonLifeObligationsNonSltHealth"/>
    <link:label xlink:type="resource" xlink:role="http://www.xbrl.org/2003/role/label" xlink:label="label_d-slb_LinesOfBusinessForNonLifeObligationsNonSltHealth_001" xlink:title="label_d-slb_LinesOfBusinessForNonLifeObligationsNonSltHealth_001" id="label_d-slb_LinesOfBusinessForNonLifeObligationsNonSltHealth_001" xml:lang="en">Lines of business for non life obligations, Non-SLT health</link:label>
    <link:labelArc xlink:type="arc" xlink:arcrole="http://www.xbrl.org/2003/arcrole/concept-label" xlink:from="d-slb_LinesOfBusinessForNonLifeObligationsNonSltHealth" xlink:to="label_d-slb_LinesOfBusinessForNonLifeObligationsNonSltHealth_001" xlink:title="d-slb_LinesOfBusinessForNonLifeObligationsNonSltHealth to label_d-slb_LinesOfBusinessForNonLifeObligationsNonSltHealth_001"/>
    <link:label xlink:type="resource" xlink:role="http://www.eiopa.europa.eu/pr/solvencyii/role/code" xlink:label="label_d-slb_LinesOfBusinessForNonLifeObligationsNonSltHealth_002" xlink:title="label_d-slb_LinesOfBusinessForNonLifeObligationsNonSltHealth_002" id="label_d-slb_LinesOfBusinessForNonLifeObligationsNonSltHealth_002" xml:lang="en">LB35</link:label>
    <link:labelArc xlink:type="arc" xlink:arcrole="http://www.xbrl.org/2003/arcrole/concept-label" xlink:from="d-slb_LinesOfBusinessForNonLifeObligationsNonSltHealth" xlink:to="label_d-slb_LinesOfBusinessForNonLifeObligationsNonSltHealth_002" xlink:title="d-slb_LinesOfBusinessForNonLifeObligationsNonSltHealth to label_d-slb_LinesOfBusinessForNonLifeObligationsNonSltHealth_002"/>
  </link:labelLink>
</link:linkbase>
