<?xml version="1.0" encoding="utf-8"?>
<!-- Solvency II Taxonomy - 2011-06-30 -->
<!-- Copyright (C) 2011 European Insurance and Occupational Pensions Authority -->
<link:linkbase xmlns:xsi="http://www.w3.org/2001/XMLSchema-instance"
  xmlns:link="http://www.xbrl.org/2003/linkbase"
  xmlns:xbrli="http://www.xbrl.org/2003/instance"
  xmlns:xbrldt="http://xbrl.org/2005/xbrldt"
  xmlns:xlink="http://www.w3.org/1999/xlink"
  xmlns:generic="http://xbrl.org/2008/generic"
  xmlns:ref-surfi="http://www.eiopa.europa.eu/pr/solvencyii/reference-elements"
  xmlns:of-which="http://www.eiopa.europa.eu/pr/solvencyii/including-included"
  xsi:schemaLocation="http://www.xbrl.org/2003/linkbase http://www.xbrl.org/2003/xbrl-linkbase-2003-12-31.xsd"
  >
  <link:roleRef roleURI="http://www.eiopa.europa.eu/pr/solvencyii/role/code" xlink:type="simple" xlink:href="primary-types-2011-06-30.xsd#code"/>
  <link:labelLink xlink:type="extended" xlink:role="http://www.xbrl.org/2003/role/link">
    <link:loc xlink:type="locator" xlink:href="d-soc-2011-06-30.xsd#d-soc_SoloOrGroupDimension" xlink:label="d-soc_SoloOrGroupDimension" xlink:title="d-soc_SoloOrGroupDimension"/>
    <link:label xlink:type="resource" xlink:role="http://www.xbrl.org/2003/role/label" xlink:label="label_d-soc_SoloOrGroupDimension_001" xlink:title="label_d-soc_SoloOrGroupDimension_001" id="label_d-soc_SoloOrGroupDimension_001" xml:lang="en">Solo or group (Dimension)</link:label>
    <link:labelArc xlink:type="arc" xlink:arcrole="http://www.xbrl.org/2003/arcrole/concept-label" xlink:from="d-soc_SoloOrGroupDimension" xlink:to="label_d-soc_SoloOrGroupDimension_001" xlink:title="d-soc_SoloOrGroupDimension to label_d-soc_SoloOrGroupDimension_001"/>
    <link:label xlink:type="resource" xlink:role="http://www.eiopa.europa.eu/pr/solvencyii/role/code" xlink:label="label_d-soc_SoloOrGroupDimension_002" xlink:title="label_d-soc_SoloOrGroupDimension_002" id="label_d-soc_SoloOrGroupDimension_002" xml:lang="en">SOC</link:label>
    <link:labelArc xlink:type="arc" xlink:arcrole="http://www.xbrl.org/2003/arcrole/concept-label" xlink:from="d-soc_SoloOrGroupDimension" xlink:to="label_d-soc_SoloOrGroupDimension_002" xlink:title="d-soc_SoloOrGroupDimension to label_d-soc_SoloOrGroupDimension_002"/>
    <link:loc xlink:type="locator" xlink:href="d-soc-2011-06-30.xsd#d-soc_SoloOrGroupDomain" xlink:label="d-soc_SoloOrGroupDomain" xlink:title="d-soc_SoloOrGroupDomain"/>
    <link:label xlink:type="resource" xlink:role="http://www.xbrl.org/2003/role/label" xlink:label="label_d-soc_SoloOrGroupDomain_001" xlink:title="label_d-soc_SoloOrGroupDomain_001" id="label_d-soc_SoloOrGroupDomain_001" xml:lang="en">Solo or group (Domain)</link:label>
    <link:labelArc xlink:type="arc" xlink:arcrole="http://www.xbrl.org/2003/arcrole/concept-label" xlink:from="d-soc_SoloOrGroupDomain" xlink:to="label_d-soc_SoloOrGroupDomain_001" xlink:title="d-soc_SoloOrGroupDomain to label_d-soc_SoloOrGroupDomain_001"/>
    <link:loc xlink:type="locator" xlink:href="d-soc-2011-06-30.xsd#d-soc_Solo" xlink:label="d-soc_Solo" xlink:title="d-soc_Solo"/>
    <link:label xlink:type="resource" xlink:role="http://www.xbrl.org/2003/role/label" xlink:label="label_d-soc_Solo_001" xlink:title="label_d-soc_Solo_001" id="label_d-soc_Solo_001" xml:lang="en">Solo</link:label>
    <link:labelArc xlink:type="arc" xlink:arcrole="http://www.xbrl.org/2003/arcrole/concept-label" xlink:from="d-soc_Solo" xlink:to="label_d-soc_Solo_001" xlink:title="d-soc_Solo to label_d-soc_Solo_001"/>
    <link:label xlink:type="resource" xlink:role="http://www.eiopa.europa.eu/pr/solvencyii/role/code" xlink:label="label_d-soc_Solo_002" xlink:title="label_d-soc_Solo_002" id="label_d-soc_Solo_002" xml:lang="en">SOL</link:label>
    <link:labelArc xlink:type="arc" xlink:arcrole="http://www.xbrl.org/2003/arcrole/concept-label" xlink:from="d-soc_Solo" xlink:to="label_d-soc_Solo_002" xlink:title="d-soc_Solo to label_d-soc_Solo_002"/>
    <link:loc xlink:type="locator" xlink:href="d-soc-2011-06-30.xsd#d-soc_Group" xlink:label="d-soc_Group" xlink:title="d-soc_Group"/>
    <link:label xlink:type="resource" xlink:role="http://www.xbrl.org/2003/role/label" xlink:label="label_d-soc_Group_001" xlink:title="label_d-soc_Group_001" id="label_d-soc_Group_001" xml:lang="en">Group</link:label>
    <link:labelArc xlink:type="arc" xlink:arcrole="http://www.xbrl.org/2003/arcrole/concept-label" xlink:from="d-soc_Group" xlink:to="label_d-soc_Group_001" xlink:title="d-soc_Group to label_d-soc_Group_001"/>
    <link:label xlink:type="resource" xlink:role="http://www.eiopa.europa.eu/pr/solvencyii/role/code" xlink:label="label_d-soc_Group_002" xlink:title="label_d-soc_Group_002" id="label_d-soc_Group_002" xml:lang="en">GRP</link:label>
    <link:labelArc xlink:type="arc" xlink:arcrole="http://www.xbrl.org/2003/arcrole/concept-label" xlink:from="d-soc_Group" xlink:to="label_d-soc_Group_002" xlink:title="d-soc_Group to label_d-soc_Group_002"/>
  </link:labelLink>
</link:linkbase>
