<?xml version="1.0" encoding="utf-8"?>
<!-- Solvency II Taxonomy - 2011-06-30 -->
<!-- Copyright (C) 2011 European Insurance and Occupational Pensions Authority -->
<link:linkbase xmlns:xsi="http://www.w3.org/2001/XMLSchema-instance"
  xmlns:link="http://www.xbrl.org/2003/linkbase"
  xmlns:xbrli="http://www.xbrl.org/2003/instance"
  xmlns:xbrldt="http://xbrl.org/2005/xbrldt"
  xmlns:xlink="http://www.w3.org/1999/xlink"
  xmlns:generic="http://xbrl.org/2008/generic"
  xmlns:ref-surfi="http://www.eiopa.europa.eu/pr/solvencyii/reference-elements"
  xmlns:of-which="http://www.eiopa.europa.eu/pr/solvencyii/including-included"
  xsi:schemaLocation="http://www.xbrl.org/2003/linkbase http://www.xbrl.org/2003/xbrl-linkbase-2003-12-31.xsd"
  >
  <link:roleRef roleURI="http://www.eiopa.europa.eu/pr/solvencyii/role/code" xlink:type="simple" xlink:href="primary-types-2011-06-30.xsd#code"/>
  <link:labelLink xlink:type="extended" xlink:role="http://www.xbrl.org/2003/role/link">
    <link:loc xlink:type="locator" xlink:href="p-AS_D1-2011-06-30.xsd#p-AS_D1_InvestmentsDataPortfolioListTemplate" xlink:label="p-AS_D1_InvestmentsDataPortfolioListTemplate" xlink:title="p-AS_D1_InvestmentsDataPortfolioListTemplate"/>
    <link:label xlink:type="resource" xlink:role="http://www.xbrl.org/2003/role/label" xlink:label="label_p-AS_D1_InvestmentsDataPortfolioListTemplate_001" xlink:title="label_p-AS_D1_InvestmentsDataPortfolioListTemplate_001" id="label_p-AS_D1_InvestmentsDataPortfolioListTemplate_001" xml:lang="en">Investments Data - Portfolio list (Template)</link:label>
    <link:labelArc xlink:type="arc" xlink:arcrole="http://www.xbrl.org/2003/arcrole/concept-label" xlink:from="p-AS_D1_InvestmentsDataPortfolioListTemplate" xlink:to="label_p-AS_D1_InvestmentsDataPortfolioListTemplate_001" xlink:title="p-AS_D1_InvestmentsDataPortfolioListTemplate to label_p-AS_D1_InvestmentsDataPortfolioListTemplate_001"/>
    <link:loc xlink:type="locator" xlink:href="p-AS_D1-2011-06-30.xsd#p-AS_D1_InvestmentsDataPortfolioList" xlink:label="p-AS_D1_InvestmentsDataPortfolioList" xlink:title="p-AS_D1_InvestmentsDataPortfolioList"/>
    <link:label xlink:type="resource" xlink:role="http://www.xbrl.org/2003/role/label" xlink:label="label_p-AS_D1_InvestmentsDataPortfolioList_001" xlink:title="label_p-AS_D1_InvestmentsDataPortfolioList_001" id="label_p-AS_D1_InvestmentsDataPortfolioList_001" xml:lang="en">Investments Data - Portfolio list</link:label>
    <link:labelArc xlink:type="arc" xlink:arcrole="http://www.xbrl.org/2003/arcrole/concept-label" xlink:from="p-AS_D1_InvestmentsDataPortfolioList" xlink:to="label_p-AS_D1_InvestmentsDataPortfolioList_001" xlink:title="p-AS_D1_InvestmentsDataPortfolioList to label_p-AS_D1_InvestmentsDataPortfolioList_001"/>
    <link:label xlink:type="resource" xlink:role="http://www.eiopa.europa.eu/pr/solvencyii/role/code" xlink:label="label_p-AS_D1_InvestmentsDataPortfolioList_002" xlink:title="label_p-AS_D1_InvestmentsDataPortfolioList_002" id="label_p-AS_D1_InvestmentsDataPortfolioList_002" xml:lang="en">AS_D1_a1</link:label>
    <link:labelArc xlink:type="arc" xlink:arcrole="http://www.xbrl.org/2003/arcrole/concept-label" xlink:from="p-AS_D1_InvestmentsDataPortfolioList" xlink:to="label_p-AS_D1_InvestmentsDataPortfolioList_002" xlink:title="p-AS_D1_InvestmentsDataPortfolioList to label_p-AS_D1_InvestmentsDataPortfolioList_002"/>
    <link:loc xlink:type="locator" xlink:href="p-AS_D1-2011-06-30.xsd#p-AS_D1_PortfolioInvestmentsDataPortfolioList" xlink:label="p-AS_D1_PortfolioInvestmentsDataPortfolioList" xlink:title="p-AS_D1_PortfolioInvestmentsDataPortfolioList"/>
    <link:label xlink:type="resource" xlink:role="http://www.xbrl.org/2003/role/verboseLabel" xlink:label="label_p-AS_D1_PortfolioInvestmentsDataPortfolioList_001" xlink:title="label_p-AS_D1_PortfolioInvestmentsDataPortfolioList_001" id="label_p-AS_D1_PortfolioInvestmentsDataPortfolioList_001" xml:lang="en">Portfolio, Investments Data - Portfolio list</link:label>
    <link:labelArc xlink:type="arc" xlink:arcrole="http://www.xbrl.org/2003/arcrole/concept-label" xlink:from="p-AS_D1_PortfolioInvestmentsDataPortfolioList" xlink:to="label_p-AS_D1_PortfolioInvestmentsDataPortfolioList_001" xlink:title="p-AS_D1_PortfolioInvestmentsDataPortfolioList to label_p-AS_D1_PortfolioInvestmentsDataPortfolioList_001"/>
    <link:label xlink:type="resource" xlink:role="http://www.xbrl.org/2003/role/label" xlink:label="label_p-AS_D1_PortfolioInvestmentsDataPortfolioList_002" xlink:title="label_p-AS_D1_PortfolioInvestmentsDataPortfolioList_002" id="label_p-AS_D1_PortfolioInvestmentsDataPortfolioList_002" xml:lang="en">Portfolio type, Investments data</link:label>
    <link:labelArc xlink:type="arc" xlink:arcrole="http://www.xbrl.org/2003/arcrole/concept-label" xlink:from="p-AS_D1_PortfolioInvestmentsDataPortfolioList" xlink:to="label_p-AS_D1_PortfolioInvestmentsDataPortfolioList_002" xlink:title="p-AS_D1_PortfolioInvestmentsDataPortfolioList to label_p-AS_D1_PortfolioInvestmentsDataPortfolioList_002"/>
    <link:label xlink:type="resource" xlink:role="http://www.eiopa.europa.eu/pr/solvencyii/role/code" xlink:label="label_p-AS_D1_PortfolioInvestmentsDataPortfolioList_003" xlink:title="label_p-AS_D1_PortfolioInvestmentsDataPortfolioList_003" id="label_p-AS_D1_PortfolioInvestmentsDataPortfolioList_003" xml:lang="en">AS_D1_A1</link:label>
    <link:labelArc xlink:type="arc" xlink:arcrole="http://www.xbrl.org/2003/arcrole/concept-label" xlink:from="p-AS_D1_PortfolioInvestmentsDataPortfolioList" xlink:to="label_p-AS_D1_PortfolioInvestmentsDataPortfolioList_003" xlink:title="p-AS_D1_PortfolioInvestmentsDataPortfolioList to label_p-AS_D1_PortfolioInvestmentsDataPortfolioList_003"/>
    <link:loc xlink:type="locator" xlink:href="p-AS_D1-2011-06-30.xsd#p-AS_D1_FundNumberInvestmentsDataPortfolioList" xlink:label="p-AS_D1_FundNumberInvestmentsDataPortfolioList" xlink:title="p-AS_D1_FundNumberInvestmentsDataPortfolioList"/>
    <link:label xlink:type="resource" xlink:role="http://www.xbrl.org/2003/role/verboseLabel" xlink:label="label_p-AS_D1_FundNumberInvestmentsDataPortfolioList_001" xlink:title="label_p-AS_D1_FundNumberInvestmentsDataPortfolioList_001" id="label_p-AS_D1_FundNumberInvestmentsDataPortfolioList_001" xml:lang="en">Fund number, Investments Data - Portfolio list</link:label>
    <link:labelArc xlink:type="arc" xlink:arcrole="http://www.xbrl.org/2003/arcrole/concept-label" xlink:from="p-AS_D1_FundNumberInvestmentsDataPortfolioList" xlink:to="label_p-AS_D1_FundNumberInvestmentsDataPortfolioList_001" xlink:title="p-AS_D1_FundNumberInvestmentsDataPortfolioList to label_p-AS_D1_FundNumberInvestmentsDataPortfolioList_001"/>
    <link:label xlink:type="resource" xlink:role="http://www.xbrl.org/2003/role/label" xlink:label="label_p-AS_D1_FundNumberInvestmentsDataPortfolioList_002" xlink:title="label_p-AS_D1_FundNumberInvestmentsDataPortfolioList_002" id="label_p-AS_D1_FundNumberInvestmentsDataPortfolioList_002" xml:lang="en">Fund code, Investments data</link:label>
    <link:labelArc xlink:type="arc" xlink:arcrole="http://www.xbrl.org/2003/arcrole/concept-label" xlink:from="p-AS_D1_FundNumberInvestmentsDataPortfolioList" xlink:to="label_p-AS_D1_FundNumberInvestmentsDataPortfolioList_002" xlink:title="p-AS_D1_FundNumberInvestmentsDataPortfolioList to label_p-AS_D1_FundNumberInvestmentsDataPortfolioList_002"/>
    <link:label xlink:type="resource" xlink:role="http://www.eiopa.europa.eu/pr/solvencyii/role/code" xlink:label="label_p-AS_D1_FundNumberInvestmentsDataPortfolioList_003" xlink:title="label_p-AS_D1_FundNumberInvestmentsDataPortfolioList_003" id="label_p-AS_D1_FundNumberInvestmentsDataPortfolioList_003" xml:lang="en">AS_D1_A2</link:label>
    <link:labelArc xlink:type="arc" xlink:arcrole="http://www.xbrl.org/2003/arcrole/concept-label" xlink:from="p-AS_D1_FundNumberInvestmentsDataPortfolioList" xlink:to="label_p-AS_D1_FundNumberInvestmentsDataPortfolioList_003" xlink:title="p-AS_D1_FundNumberInvestmentsDataPortfolioList to label_p-AS_D1_FundNumberInvestmentsDataPortfolioList_003"/>
    <link:loc xlink:type="locator" xlink:href="p-AS_D1-2011-06-30.xsd#p-AS_D1_AssetHeldInUnitLinkedAndIndexLinkedFundsYNInvestmentsDataPortfolioList" xlink:label="p-AS_D1_AssetHeldInUnitLinkedAndIndexLinkedFundsYNInvestmentsDataPortfolioList" xlink:title="p-AS_D1_AssetHeldInUnitLinkedAndIndexLinkedFundsYNInvestmentsDataPortfolioList"/>
    <link:label xlink:type="resource" xlink:role="http://www.xbrl.org/2003/role/verboseLabel" xlink:label="label_p-AS_D1_AssetHeldInUnitLinkedAndIndexLinkedFundsYNInvestmentsDataPortfolioList_001" xlink:title="label_p-AS_D1_AssetHeldInUnitLinkedAndIndexLinkedFundsYNInvestmentsDataPortfolioList_001" id="label_p-AS_D1_AssetHeldInUnitLinkedAndIndexLinkedFundsYNInvestmentsDataPortfolioList_001" xml:lang="en">Asset held in unit linked and index linked funds (Y/N), Investments Data - Portfolio list</link:label>
    <link:labelArc xlink:type="arc" xlink:arcrole="http://www.xbrl.org/2003/arcrole/concept-label" xlink:from="p-AS_D1_AssetHeldInUnitLinkedAndIndexLinkedFundsYNInvestmentsDataPortfolioList" xlink:to="label_p-AS_D1_AssetHeldInUnitLinkedAndIndexLinkedFundsYNInvestmentsDataPortfolioList_001" xlink:title="p-AS_D1_AssetHeldInUnitLinkedAndIndexLinkedFundsYNInvestmentsDataPortfolioList to label_p-AS_D1_AssetHeldInUnitLinkedAndIndexLinkedFundsYNInvestmentsDataPortfolioList_001"/>
    <link:label xlink:type="resource" xlink:role="http://www.xbrl.org/2003/role/label" xlink:label="label_p-AS_D1_AssetHeldInUnitLinkedAndIndexLinkedFundsYNInvestmentsDataPortfolioList_002" xlink:title="label_p-AS_D1_AssetHeldInUnitLinkedAndIndexLinkedFundsYNInvestmentsDataPortfolioList_002" id="label_p-AS_D1_AssetHeldInUnitLinkedAndIndexLinkedFundsYNInvestmentsDataPortfolioList_002" xml:lang="en">Asset held in unit linked funds (yes or no), Investments data</link:label>
    <link:labelArc xlink:type="arc" xlink:arcrole="http://www.xbrl.org/2003/arcrole/concept-label" xlink:from="p-AS_D1_AssetHeldInUnitLinkedAndIndexLinkedFundsYNInvestmentsDataPortfolioList" xlink:to="label_p-AS_D1_AssetHeldInUnitLinkedAndIndexLinkedFundsYNInvestmentsDataPortfolioList_002" xlink:title="p-AS_D1_AssetHeldInUnitLinkedAndIndexLinkedFundsYNInvestmentsDataPortfolioList to label_p-AS_D1_AssetHeldInUnitLinkedAndIndexLinkedFundsYNInvestmentsDataPortfolioList_002"/>
    <link:label xlink:type="resource" xlink:role="http://www.eiopa.europa.eu/pr/solvencyii/role/code" xlink:label="label_p-AS_D1_AssetHeldInUnitLinkedAndIndexLinkedFundsYNInvestmentsDataPortfolioList_003" xlink:title="label_p-AS_D1_AssetHeldInUnitLinkedAndIndexLinkedFundsYNInvestmentsDataPortfolioList_003" id="label_p-AS_D1_AssetHeldInUnitLinkedAndIndexLinkedFundsYNInvestmentsDataPortfolioList_003" xml:lang="en">AS_D1_A3</link:label>
    <link:labelArc xlink:type="arc" xlink:arcrole="http://www.xbrl.org/2003/arcrole/concept-label" xlink:from="p-AS_D1_AssetHeldInUnitLinkedAndIndexLinkedFundsYNInvestmentsDataPortfolioList" xlink:to="label_p-AS_D1_AssetHeldInUnitLinkedAndIndexLinkedFundsYNInvestmentsDataPortfolioList_003" xlink:title="p-AS_D1_AssetHeldInUnitLinkedAndIndexLinkedFundsYNInvestmentsDataPortfolioList to label_p-AS_D1_AssetHeldInUnitLinkedAndIndexLinkedFundsYNInvestmentsDataPortfolioList_003"/>
    <link:loc xlink:type="locator" xlink:href="p-AS_D1-2011-06-30.xsd#p-AS_D1_IdCodeInvestmentsDataPortfolioList" xlink:label="p-AS_D1_IdCodeInvestmentsDataPortfolioList" xlink:title="p-AS_D1_IdCodeInvestmentsDataPortfolioList"/>
    <link:label xlink:type="resource" xlink:role="http://www.xbrl.org/2003/role/verboseLabel" xlink:label="label_p-AS_D1_IdCodeInvestmentsDataPortfolioList_001" xlink:title="label_p-AS_D1_IdCodeInvestmentsDataPortfolioList_001" id="label_p-AS_D1_IdCodeInvestmentsDataPortfolioList_001" xml:lang="en">ID Code, Investments Data - Portfolio list</link:label>
    <link:labelArc xlink:type="arc" xlink:arcrole="http://www.xbrl.org/2003/arcrole/concept-label" xlink:from="p-AS_D1_IdCodeInvestmentsDataPortfolioList" xlink:to="label_p-AS_D1_IdCodeInvestmentsDataPortfolioList_001" xlink:title="p-AS_D1_IdCodeInvestmentsDataPortfolioList to label_p-AS_D1_IdCodeInvestmentsDataPortfolioList_001"/>
    <link:label xlink:type="resource" xlink:role="http://www.xbrl.org/2003/role/label" xlink:label="label_p-AS_D1_IdCodeInvestmentsDataPortfolioList_002" xlink:title="label_p-AS_D1_IdCodeInvestmentsDataPortfolioList_002" id="label_p-AS_D1_IdCodeInvestmentsDataPortfolioList_002" xml:lang="en">ID code, Investments data</link:label>
    <link:labelArc xlink:type="arc" xlink:arcrole="http://www.xbrl.org/2003/arcrole/concept-label" xlink:from="p-AS_D1_IdCodeInvestmentsDataPortfolioList" xlink:to="label_p-AS_D1_IdCodeInvestmentsDataPortfolioList_002" xlink:title="p-AS_D1_IdCodeInvestmentsDataPortfolioList to label_p-AS_D1_IdCodeInvestmentsDataPortfolioList_002"/>
    <link:label xlink:type="resource" xlink:role="http://www.eiopa.europa.eu/pr/solvencyii/role/code" xlink:label="label_p-AS_D1_IdCodeInvestmentsDataPortfolioList_003" xlink:title="label_p-AS_D1_IdCodeInvestmentsDataPortfolioList_003" id="label_p-AS_D1_IdCodeInvestmentsDataPortfolioList_003" xml:lang="en">AS_D1_A4</link:label>
    <link:labelArc xlink:type="arc" xlink:arcrole="http://www.xbrl.org/2003/arcrole/concept-label" xlink:from="p-AS_D1_IdCodeInvestmentsDataPortfolioList" xlink:to="label_p-AS_D1_IdCodeInvestmentsDataPortfolioList_003" xlink:title="p-AS_D1_IdCodeInvestmentsDataPortfolioList to label_p-AS_D1_IdCodeInvestmentsDataPortfolioList_003"/>
    <link:loc xlink:type="locator" xlink:href="p-AS_D1-2011-06-30.xsd#p-AS_D1_IdCodeTypeInvestmentsDataPortfolioList" xlink:label="p-AS_D1_IdCodeTypeInvestmentsDataPortfolioList" xlink:title="p-AS_D1_IdCodeTypeInvestmentsDataPortfolioList"/>
    <link:label xlink:type="resource" xlink:role="http://www.xbrl.org/2003/role/verboseLabel" xlink:label="label_p-AS_D1_IdCodeTypeInvestmentsDataPortfolioList_001" xlink:title="label_p-AS_D1_IdCodeTypeInvestmentsDataPortfolioList_001" id="label_p-AS_D1_IdCodeTypeInvestmentsDataPortfolioList_001" xml:lang="en">ID Code type, Investments Data - Portfolio list</link:label>
    <link:labelArc xlink:type="arc" xlink:arcrole="http://www.xbrl.org/2003/arcrole/concept-label" xlink:from="p-AS_D1_IdCodeTypeInvestmentsDataPortfolioList" xlink:to="label_p-AS_D1_IdCodeTypeInvestmentsDataPortfolioList_001" xlink:title="p-AS_D1_IdCodeTypeInvestmentsDataPortfolioList to label_p-AS_D1_IdCodeTypeInvestmentsDataPortfolioList_001"/>
    <link:label xlink:type="resource" xlink:role="http://www.xbrl.org/2003/role/label" xlink:label="label_p-AS_D1_IdCodeTypeInvestmentsDataPortfolioList_002" xlink:title="label_p-AS_D1_IdCodeTypeInvestmentsDataPortfolioList_002" id="label_p-AS_D1_IdCodeTypeInvestmentsDataPortfolioList_002" xml:lang="en">ID code type, Investments Data</link:label>
    <link:labelArc xlink:type="arc" xlink:arcrole="http://www.xbrl.org/2003/arcrole/concept-label" xlink:from="p-AS_D1_IdCodeTypeInvestmentsDataPortfolioList" xlink:to="label_p-AS_D1_IdCodeTypeInvestmentsDataPortfolioList_002" xlink:title="p-AS_D1_IdCodeTypeInvestmentsDataPortfolioList to label_p-AS_D1_IdCodeTypeInvestmentsDataPortfolioList_002"/>
    <link:label xlink:type="resource" xlink:role="http://www.eiopa.europa.eu/pr/solvencyii/role/code" xlink:label="label_p-AS_D1_IdCodeTypeInvestmentsDataPortfolioList_003" xlink:title="label_p-AS_D1_IdCodeTypeInvestmentsDataPortfolioList_003" id="label_p-AS_D1_IdCodeTypeInvestmentsDataPortfolioList_003" xml:lang="en">AS_D1_A5</link:label>
    <link:labelArc xlink:type="arc" xlink:arcrole="http://www.xbrl.org/2003/arcrole/concept-label" xlink:from="p-AS_D1_IdCodeTypeInvestmentsDataPortfolioList" xlink:to="label_p-AS_D1_IdCodeTypeInvestmentsDataPortfolioList_003" xlink:title="p-AS_D1_IdCodeTypeInvestmentsDataPortfolioList to label_p-AS_D1_IdCodeTypeInvestmentsDataPortfolioList_003"/>
    <link:loc xlink:type="locator" xlink:href="p-AS_D1-2011-06-30.xsd#p-AS_D1_AssetPledgedAsCollateralInvestmentsDataPortfolioList" xlink:label="p-AS_D1_AssetPledgedAsCollateralInvestmentsDataPortfolioList" xlink:title="p-AS_D1_AssetPledgedAsCollateralInvestmentsDataPortfolioList"/>
    <link:label xlink:type="resource" xlink:role="http://www.xbrl.org/2003/role/verboseLabel" xlink:label="label_p-AS_D1_AssetPledgedAsCollateralInvestmentsDataPortfolioList_001" xlink:title="label_p-AS_D1_AssetPledgedAsCollateralInvestmentsDataPortfolioList_001" id="label_p-AS_D1_AssetPledgedAsCollateralInvestmentsDataPortfolioList_001" xml:lang="en">Asset pledged as collateral, Investments Data - Portfolio list</link:label>
    <link:labelArc xlink:type="arc" xlink:arcrole="http://www.xbrl.org/2003/arcrole/concept-label" xlink:from="p-AS_D1_AssetPledgedAsCollateralInvestmentsDataPortfolioList" xlink:to="label_p-AS_D1_AssetPledgedAsCollateralInvestmentsDataPortfolioList_001" xlink:title="p-AS_D1_AssetPledgedAsCollateralInvestmentsDataPortfolioList to label_p-AS_D1_AssetPledgedAsCollateralInvestmentsDataPortfolioList_001"/>
    <link:label xlink:type="resource" xlink:role="http://www.xbrl.org/2003/role/label" xlink:label="label_p-AS_D1_AssetPledgedAsCollateralInvestmentsDataPortfolioList_002" xlink:title="label_p-AS_D1_AssetPledgedAsCollateralInvestmentsDataPortfolioList_002" id="label_p-AS_D1_AssetPledgedAsCollateralInvestmentsDataPortfolioList_002" xml:lang="en">Asset pledged as collateral, Investments data, Type</link:label>
    <link:labelArc xlink:type="arc" xlink:arcrole="http://www.xbrl.org/2003/arcrole/concept-label" xlink:from="p-AS_D1_AssetPledgedAsCollateralInvestmentsDataPortfolioList" xlink:to="label_p-AS_D1_AssetPledgedAsCollateralInvestmentsDataPortfolioList_002" xlink:title="p-AS_D1_AssetPledgedAsCollateralInvestmentsDataPortfolioList to label_p-AS_D1_AssetPledgedAsCollateralInvestmentsDataPortfolioList_002"/>
    <link:label xlink:type="resource" xlink:role="http://www.eiopa.europa.eu/pr/solvencyii/role/code" xlink:label="label_p-AS_D1_AssetPledgedAsCollateralInvestmentsDataPortfolioList_003" xlink:title="label_p-AS_D1_AssetPledgedAsCollateralInvestmentsDataPortfolioList_003" id="label_p-AS_D1_AssetPledgedAsCollateralInvestmentsDataPortfolioList_003" xml:lang="en">AS_D1_A6</link:label>
    <link:labelArc xlink:type="arc" xlink:arcrole="http://www.xbrl.org/2003/arcrole/concept-label" xlink:from="p-AS_D1_AssetPledgedAsCollateralInvestmentsDataPortfolioList" xlink:to="label_p-AS_D1_AssetPledgedAsCollateralInvestmentsDataPortfolioList_003" xlink:title="p-AS_D1_AssetPledgedAsCollateralInvestmentsDataPortfolioList to label_p-AS_D1_AssetPledgedAsCollateralInvestmentsDataPortfolioList_003"/>
    <link:loc xlink:type="locator" xlink:href="p-AS_D1-2011-06-30.xsd#p-AS_D1_SecurityTitleInvestmentsDataPortfolioList" xlink:label="p-AS_D1_SecurityTitleInvestmentsDataPortfolioList" xlink:title="p-AS_D1_SecurityTitleInvestmentsDataPortfolioList"/>
    <link:label xlink:type="resource" xlink:role="http://www.xbrl.org/2003/role/verboseLabel" xlink:label="label_p-AS_D1_SecurityTitleInvestmentsDataPortfolioList_001" xlink:title="label_p-AS_D1_SecurityTitleInvestmentsDataPortfolioList_001" id="label_p-AS_D1_SecurityTitleInvestmentsDataPortfolioList_001" xml:lang="en">Security Title, Investments Data - Portfolio list</link:label>
    <link:labelArc xlink:type="arc" xlink:arcrole="http://www.xbrl.org/2003/arcrole/concept-label" xlink:from="p-AS_D1_SecurityTitleInvestmentsDataPortfolioList" xlink:to="label_p-AS_D1_SecurityTitleInvestmentsDataPortfolioList_001" xlink:title="p-AS_D1_SecurityTitleInvestmentsDataPortfolioList to label_p-AS_D1_SecurityTitleInvestmentsDataPortfolioList_001"/>
    <link:label xlink:type="resource" xlink:role="http://www.xbrl.org/2003/role/label" xlink:label="label_p-AS_D1_SecurityTitleInvestmentsDataPortfolioList_002" xlink:title="label_p-AS_D1_SecurityTitleInvestmentsDataPortfolioList_002" id="label_p-AS_D1_SecurityTitleInvestmentsDataPortfolioList_002" xml:lang="en">Security title, Investments data</link:label>
    <link:labelArc xlink:type="arc" xlink:arcrole="http://www.xbrl.org/2003/arcrole/concept-label" xlink:from="p-AS_D1_SecurityTitleInvestmentsDataPortfolioList" xlink:to="label_p-AS_D1_SecurityTitleInvestmentsDataPortfolioList_002" xlink:title="p-AS_D1_SecurityTitleInvestmentsDataPortfolioList to label_p-AS_D1_SecurityTitleInvestmentsDataPortfolioList_002"/>
    <link:label xlink:type="resource" xlink:role="http://www.eiopa.europa.eu/pr/solvencyii/role/code" xlink:label="label_p-AS_D1_SecurityTitleInvestmentsDataPortfolioList_003" xlink:title="label_p-AS_D1_SecurityTitleInvestmentsDataPortfolioList_003" id="label_p-AS_D1_SecurityTitleInvestmentsDataPortfolioList_003" xml:lang="en">AS_D1_A7</link:label>
    <link:labelArc xlink:type="arc" xlink:arcrole="http://www.xbrl.org/2003/arcrole/concept-label" xlink:from="p-AS_D1_SecurityTitleInvestmentsDataPortfolioList" xlink:to="label_p-AS_D1_SecurityTitleInvestmentsDataPortfolioList_003" xlink:title="p-AS_D1_SecurityTitleInvestmentsDataPortfolioList to label_p-AS_D1_SecurityTitleInvestmentsDataPortfolioList_003"/>
    <link:loc xlink:type="locator" xlink:href="p-AS_D1-2011-06-30.xsd#p-AS_D1_IssuerNameInvestmentsDataPortfolioList" xlink:label="p-AS_D1_IssuerNameInvestmentsDataPortfolioList" xlink:title="p-AS_D1_IssuerNameInvestmentsDataPortfolioList"/>
    <link:label xlink:type="resource" xlink:role="http://www.xbrl.org/2003/role/verboseLabel" xlink:label="label_p-AS_D1_IssuerNameInvestmentsDataPortfolioList_001" xlink:title="label_p-AS_D1_IssuerNameInvestmentsDataPortfolioList_001" id="label_p-AS_D1_IssuerNameInvestmentsDataPortfolioList_001" xml:lang="en">Issuer Name, Investments Data - Portfolio list</link:label>
    <link:labelArc xlink:type="arc" xlink:arcrole="http://www.xbrl.org/2003/arcrole/concept-label" xlink:from="p-AS_D1_IssuerNameInvestmentsDataPortfolioList" xlink:to="label_p-AS_D1_IssuerNameInvestmentsDataPortfolioList_001" xlink:title="p-AS_D1_IssuerNameInvestmentsDataPortfolioList to label_p-AS_D1_IssuerNameInvestmentsDataPortfolioList_001"/>
    <link:label xlink:type="resource" xlink:role="http://www.xbrl.org/2003/role/label" xlink:label="label_p-AS_D1_IssuerNameInvestmentsDataPortfolioList_002" xlink:title="label_p-AS_D1_IssuerNameInvestmentsDataPortfolioList_002" id="label_p-AS_D1_IssuerNameInvestmentsDataPortfolioList_002" xml:lang="en">Issuer name, Investments data</link:label>
    <link:labelArc xlink:type="arc" xlink:arcrole="http://www.xbrl.org/2003/arcrole/concept-label" xlink:from="p-AS_D1_IssuerNameInvestmentsDataPortfolioList" xlink:to="label_p-AS_D1_IssuerNameInvestmentsDataPortfolioList_002" xlink:title="p-AS_D1_IssuerNameInvestmentsDataPortfolioList to label_p-AS_D1_IssuerNameInvestmentsDataPortfolioList_002"/>
    <link:label xlink:type="resource" xlink:role="http://www.eiopa.europa.eu/pr/solvencyii/role/code" xlink:label="label_p-AS_D1_IssuerNameInvestmentsDataPortfolioList_003" xlink:title="label_p-AS_D1_IssuerNameInvestmentsDataPortfolioList_003" id="label_p-AS_D1_IssuerNameInvestmentsDataPortfolioList_003" xml:lang="en">AS_D1_A8</link:label>
    <link:labelArc xlink:type="arc" xlink:arcrole="http://www.xbrl.org/2003/arcrole/concept-label" xlink:from="p-AS_D1_IssuerNameInvestmentsDataPortfolioList" xlink:to="label_p-AS_D1_IssuerNameInvestmentsDataPortfolioList_003" xlink:title="p-AS_D1_IssuerNameInvestmentsDataPortfolioList to label_p-AS_D1_IssuerNameInvestmentsDataPortfolioList_003"/>
    <link:loc xlink:type="locator" xlink:href="p-AS_D1-2011-06-30.xsd#p-AS_D1_IssuerSectorInvestmentsDataPortfolioList" xlink:label="p-AS_D1_IssuerSectorInvestmentsDataPortfolioList" xlink:title="p-AS_D1_IssuerSectorInvestmentsDataPortfolioList"/>
    <link:label xlink:type="resource" xlink:role="http://www.xbrl.org/2003/role/verboseLabel" xlink:label="label_p-AS_D1_IssuerSectorInvestmentsDataPortfolioList_001" xlink:title="label_p-AS_D1_IssuerSectorInvestmentsDataPortfolioList_001" id="label_p-AS_D1_IssuerSectorInvestmentsDataPortfolioList_001" xml:lang="en">Issuer Sector, Investments Data - Portfolio list</link:label>
    <link:labelArc xlink:type="arc" xlink:arcrole="http://www.xbrl.org/2003/arcrole/concept-label" xlink:from="p-AS_D1_IssuerSectorInvestmentsDataPortfolioList" xlink:to="label_p-AS_D1_IssuerSectorInvestmentsDataPortfolioList_001" xlink:title="p-AS_D1_IssuerSectorInvestmentsDataPortfolioList to label_p-AS_D1_IssuerSectorInvestmentsDataPortfolioList_001"/>
    <link:label xlink:type="resource" xlink:role="http://www.xbrl.org/2003/role/label" xlink:label="label_p-AS_D1_IssuerSectorInvestmentsDataPortfolioList_002" xlink:title="label_p-AS_D1_IssuerSectorInvestmentsDataPortfolioList_002" id="label_p-AS_D1_IssuerSectorInvestmentsDataPortfolioList_002" xml:lang="en">Issuer sector (NACE code or other), Investments data</link:label>
    <link:labelArc xlink:type="arc" xlink:arcrole="http://www.xbrl.org/2003/arcrole/concept-label" xlink:from="p-AS_D1_IssuerSectorInvestmentsDataPortfolioList" xlink:to="label_p-AS_D1_IssuerSectorInvestmentsDataPortfolioList_002" xlink:title="p-AS_D1_IssuerSectorInvestmentsDataPortfolioList to label_p-AS_D1_IssuerSectorInvestmentsDataPortfolioList_002"/>
    <link:label xlink:type="resource" xlink:role="http://www.eiopa.europa.eu/pr/solvencyii/role/code" xlink:label="label_p-AS_D1_IssuerSectorInvestmentsDataPortfolioList_003" xlink:title="label_p-AS_D1_IssuerSectorInvestmentsDataPortfolioList_003" id="label_p-AS_D1_IssuerSectorInvestmentsDataPortfolioList_003" xml:lang="en">AS_D1_A9</link:label>
    <link:labelArc xlink:type="arc" xlink:arcrole="http://www.xbrl.org/2003/arcrole/concept-label" xlink:from="p-AS_D1_IssuerSectorInvestmentsDataPortfolioList" xlink:to="label_p-AS_D1_IssuerSectorInvestmentsDataPortfolioList_003" xlink:title="p-AS_D1_IssuerSectorInvestmentsDataPortfolioList to label_p-AS_D1_IssuerSectorInvestmentsDataPortfolioList_003"/>
    <link:loc xlink:type="locator" xlink:href="p-AS_D1-2011-06-30.xsd#p-AS_D1_IssuerGroupCodeInvestmentsDataPortfolioList" xlink:label="p-AS_D1_IssuerGroupCodeInvestmentsDataPortfolioList" xlink:title="p-AS_D1_IssuerGroupCodeInvestmentsDataPortfolioList"/>
    <link:label xlink:type="resource" xlink:role="http://www.xbrl.org/2003/role/verboseLabel" xlink:label="label_p-AS_D1_IssuerGroupCodeInvestmentsDataPortfolioList_001" xlink:title="label_p-AS_D1_IssuerGroupCodeInvestmentsDataPortfolioList_001" id="label_p-AS_D1_IssuerGroupCodeInvestmentsDataPortfolioList_001" xml:lang="en">Issuer Group (Code), Investments Data - Portfolio list</link:label>
    <link:labelArc xlink:type="arc" xlink:arcrole="http://www.xbrl.org/2003/arcrole/concept-label" xlink:from="p-AS_D1_IssuerGroupCodeInvestmentsDataPortfolioList" xlink:to="label_p-AS_D1_IssuerGroupCodeInvestmentsDataPortfolioList_001" xlink:title="p-AS_D1_IssuerGroupCodeInvestmentsDataPortfolioList to label_p-AS_D1_IssuerGroupCodeInvestmentsDataPortfolioList_001"/>
    <link:label xlink:type="resource" xlink:role="http://www.xbrl.org/2003/role/label" xlink:label="label_p-AS_D1_IssuerGroupCodeInvestmentsDataPortfolioList_002" xlink:title="label_p-AS_D1_IssuerGroupCodeInvestmentsDataPortfolioList_002" id="label_p-AS_D1_IssuerGroupCodeInvestmentsDataPortfolioList_002" xml:lang="en">Issuer group code, Investments data</link:label>
    <link:labelArc xlink:type="arc" xlink:arcrole="http://www.xbrl.org/2003/arcrole/concept-label" xlink:from="p-AS_D1_IssuerGroupCodeInvestmentsDataPortfolioList" xlink:to="label_p-AS_D1_IssuerGroupCodeInvestmentsDataPortfolioList_002" xlink:title="p-AS_D1_IssuerGroupCodeInvestmentsDataPortfolioList to label_p-AS_D1_IssuerGroupCodeInvestmentsDataPortfolioList_002"/>
    <link:label xlink:type="resource" xlink:role="http://www.eiopa.europa.eu/pr/solvencyii/role/code" xlink:label="label_p-AS_D1_IssuerGroupCodeInvestmentsDataPortfolioList_003" xlink:title="label_p-AS_D1_IssuerGroupCodeInvestmentsDataPortfolioList_003" id="label_p-AS_D1_IssuerGroupCodeInvestmentsDataPortfolioList_003" xml:lang="en">AS_D1_A10</link:label>
    <link:labelArc xlink:type="arc" xlink:arcrole="http://www.xbrl.org/2003/arcrole/concept-label" xlink:from="p-AS_D1_IssuerGroupCodeInvestmentsDataPortfolioList" xlink:to="label_p-AS_D1_IssuerGroupCodeInvestmentsDataPortfolioList_003" xlink:title="p-AS_D1_IssuerGroupCodeInvestmentsDataPortfolioList to label_p-AS_D1_IssuerGroupCodeInvestmentsDataPortfolioList_003"/>
    <link:loc xlink:type="locator" xlink:href="p-AS_D1-2011-06-30.xsd#p-AS_D1_IssuerCountryInvestmentsDataPortfolioList" xlink:label="p-AS_D1_IssuerCountryInvestmentsDataPortfolioList" xlink:title="p-AS_D1_IssuerCountryInvestmentsDataPortfolioList"/>
    <link:label xlink:type="resource" xlink:role="http://www.xbrl.org/2003/role/verboseLabel" xlink:label="label_p-AS_D1_IssuerCountryInvestmentsDataPortfolioList_001" xlink:title="label_p-AS_D1_IssuerCountryInvestmentsDataPortfolioList_001" id="label_p-AS_D1_IssuerCountryInvestmentsDataPortfolioList_001" xml:lang="en">Issuer Country, Investments Data - Portfolio list</link:label>
    <link:labelArc xlink:type="arc" xlink:arcrole="http://www.xbrl.org/2003/arcrole/concept-label" xlink:from="p-AS_D1_IssuerCountryInvestmentsDataPortfolioList" xlink:to="label_p-AS_D1_IssuerCountryInvestmentsDataPortfolioList_001" xlink:title="p-AS_D1_IssuerCountryInvestmentsDataPortfolioList to label_p-AS_D1_IssuerCountryInvestmentsDataPortfolioList_001"/>
    <link:label xlink:type="resource" xlink:role="http://www.xbrl.org/2003/role/label" xlink:label="label_p-AS_D1_IssuerCountryInvestmentsDataPortfolioList_002" xlink:title="label_p-AS_D1_IssuerCountryInvestmentsDataPortfolioList_002" id="label_p-AS_D1_IssuerCountryInvestmentsDataPortfolioList_002" xml:lang="en">Issuer country, Investments data</link:label>
    <link:labelArc xlink:type="arc" xlink:arcrole="http://www.xbrl.org/2003/arcrole/concept-label" xlink:from="p-AS_D1_IssuerCountryInvestmentsDataPortfolioList" xlink:to="label_p-AS_D1_IssuerCountryInvestmentsDataPortfolioList_002" xlink:title="p-AS_D1_IssuerCountryInvestmentsDataPortfolioList to label_p-AS_D1_IssuerCountryInvestmentsDataPortfolioList_002"/>
    <link:label xlink:type="resource" xlink:role="http://www.eiopa.europa.eu/pr/solvencyii/role/code" xlink:label="label_p-AS_D1_IssuerCountryInvestmentsDataPortfolioList_003" xlink:title="label_p-AS_D1_IssuerCountryInvestmentsDataPortfolioList_003" id="label_p-AS_D1_IssuerCountryInvestmentsDataPortfolioList_003" xml:lang="en">AS_D1_A11</link:label>
    <link:labelArc xlink:type="arc" xlink:arcrole="http://www.xbrl.org/2003/arcrole/concept-label" xlink:from="p-AS_D1_IssuerCountryInvestmentsDataPortfolioList" xlink:to="label_p-AS_D1_IssuerCountryInvestmentsDataPortfolioList_003" xlink:title="p-AS_D1_IssuerCountryInvestmentsDataPortfolioList to label_p-AS_D1_IssuerCountryInvestmentsDataPortfolioList_003"/>
    <link:loc xlink:type="locator" xlink:href="p-AS_D1-2011-06-30.xsd#p-AS_D1_CountryOfCustodyInvestmentsDataPortfolioList" xlink:label="p-AS_D1_CountryOfCustodyInvestmentsDataPortfolioList" xlink:title="p-AS_D1_CountryOfCustodyInvestmentsDataPortfolioList"/>
    <link:label xlink:type="resource" xlink:role="http://www.xbrl.org/2003/role/verboseLabel" xlink:label="label_p-AS_D1_CountryOfCustodyInvestmentsDataPortfolioList_001" xlink:title="label_p-AS_D1_CountryOfCustodyInvestmentsDataPortfolioList_001" id="label_p-AS_D1_CountryOfCustodyInvestmentsDataPortfolioList_001" xml:lang="en">Country of custody, Investments Data - Portfolio list</link:label>
    <link:labelArc xlink:type="arc" xlink:arcrole="http://www.xbrl.org/2003/arcrole/concept-label" xlink:from="p-AS_D1_CountryOfCustodyInvestmentsDataPortfolioList" xlink:to="label_p-AS_D1_CountryOfCustodyInvestmentsDataPortfolioList_001" xlink:title="p-AS_D1_CountryOfCustodyInvestmentsDataPortfolioList to label_p-AS_D1_CountryOfCustodyInvestmentsDataPortfolioList_001"/>
    <link:label xlink:type="resource" xlink:role="http://www.xbrl.org/2003/role/label" xlink:label="label_p-AS_D1_CountryOfCustodyInvestmentsDataPortfolioList_002" xlink:title="label_p-AS_D1_CountryOfCustodyInvestmentsDataPortfolioList_002" id="label_p-AS_D1_CountryOfCustodyInvestmentsDataPortfolioList_002" xml:lang="en">Country of custody, Investments data</link:label>
    <link:labelArc xlink:type="arc" xlink:arcrole="http://www.xbrl.org/2003/arcrole/concept-label" xlink:from="p-AS_D1_CountryOfCustodyInvestmentsDataPortfolioList" xlink:to="label_p-AS_D1_CountryOfCustodyInvestmentsDataPortfolioList_002" xlink:title="p-AS_D1_CountryOfCustodyInvestmentsDataPortfolioList to label_p-AS_D1_CountryOfCustodyInvestmentsDataPortfolioList_002"/>
    <link:label xlink:type="resource" xlink:role="http://www.eiopa.europa.eu/pr/solvencyii/role/code" xlink:label="label_p-AS_D1_CountryOfCustodyInvestmentsDataPortfolioList_003" xlink:title="label_p-AS_D1_CountryOfCustodyInvestmentsDataPortfolioList_003" id="label_p-AS_D1_CountryOfCustodyInvestmentsDataPortfolioList_003" xml:lang="en">AS_D1_A12</link:label>
    <link:labelArc xlink:type="arc" xlink:arcrole="http://www.xbrl.org/2003/arcrole/concept-label" xlink:from="p-AS_D1_CountryOfCustodyInvestmentsDataPortfolioList" xlink:to="label_p-AS_D1_CountryOfCustodyInvestmentsDataPortfolioList_003" xlink:title="p-AS_D1_CountryOfCustodyInvestmentsDataPortfolioList to label_p-AS_D1_CountryOfCustodyInvestmentsDataPortfolioList_003"/>
    <link:loc xlink:type="locator" xlink:href="p-AS_D1-2011-06-30.xsd#p-AS_D1_CurrencyIsoCodeInvestmentsDataPortfolioList" xlink:label="p-AS_D1_CurrencyIsoCodeInvestmentsDataPortfolioList" xlink:title="p-AS_D1_CurrencyIsoCodeInvestmentsDataPortfolioList"/>
    <link:label xlink:type="resource" xlink:role="http://www.xbrl.org/2003/role/verboseLabel" xlink:label="label_p-AS_D1_CurrencyIsoCodeInvestmentsDataPortfolioList_001" xlink:title="label_p-AS_D1_CurrencyIsoCodeInvestmentsDataPortfolioList_001" id="label_p-AS_D1_CurrencyIsoCodeInvestmentsDataPortfolioList_001" xml:lang="en">Currency (ISO code), Investments Data - Portfolio list</link:label>
    <link:labelArc xlink:type="arc" xlink:arcrole="http://www.xbrl.org/2003/arcrole/concept-label" xlink:from="p-AS_D1_CurrencyIsoCodeInvestmentsDataPortfolioList" xlink:to="label_p-AS_D1_CurrencyIsoCodeInvestmentsDataPortfolioList_001" xlink:title="p-AS_D1_CurrencyIsoCodeInvestmentsDataPortfolioList to label_p-AS_D1_CurrencyIsoCodeInvestmentsDataPortfolioList_001"/>
    <link:label xlink:type="resource" xlink:role="http://www.xbrl.org/2003/role/label" xlink:label="label_p-AS_D1_CurrencyIsoCodeInvestmentsDataPortfolioList_002" xlink:title="label_p-AS_D1_CurrencyIsoCodeInvestmentsDataPortfolioList_002" id="label_p-AS_D1_CurrencyIsoCodeInvestmentsDataPortfolioList_002" xml:lang="en">Currency, Investments data</link:label>
    <link:labelArc xlink:type="arc" xlink:arcrole="http://www.xbrl.org/2003/arcrole/concept-label" xlink:from="p-AS_D1_CurrencyIsoCodeInvestmentsDataPortfolioList" xlink:to="label_p-AS_D1_CurrencyIsoCodeInvestmentsDataPortfolioList_002" xlink:title="p-AS_D1_CurrencyIsoCodeInvestmentsDataPortfolioList to label_p-AS_D1_CurrencyIsoCodeInvestmentsDataPortfolioList_002"/>
    <link:label xlink:type="resource" xlink:role="http://www.eiopa.europa.eu/pr/solvencyii/role/code" xlink:label="label_p-AS_D1_CurrencyIsoCodeInvestmentsDataPortfolioList_003" xlink:title="label_p-AS_D1_CurrencyIsoCodeInvestmentsDataPortfolioList_003" id="label_p-AS_D1_CurrencyIsoCodeInvestmentsDataPortfolioList_003" xml:lang="en">AS_D1_A13</link:label>
    <link:labelArc xlink:type="arc" xlink:arcrole="http://www.xbrl.org/2003/arcrole/concept-label" xlink:from="p-AS_D1_CurrencyIsoCodeInvestmentsDataPortfolioList" xlink:to="label_p-AS_D1_CurrencyIsoCodeInvestmentsDataPortfolioList_003" xlink:title="p-AS_D1_CurrencyIsoCodeInvestmentsDataPortfolioList to label_p-AS_D1_CurrencyIsoCodeInvestmentsDataPortfolioList_003"/>
    <link:loc xlink:type="locator" xlink:href="p-AS_D1-2011-06-30.xsd#p-AS_D1_CicInvestmentsDataPortfolioList" xlink:label="p-AS_D1_CicInvestmentsDataPortfolioList" xlink:title="p-AS_D1_CicInvestmentsDataPortfolioList"/>
    <link:label xlink:type="resource" xlink:role="http://www.xbrl.org/2003/role/verboseLabel" xlink:label="label_p-AS_D1_CicInvestmentsDataPortfolioList_001" xlink:title="label_p-AS_D1_CicInvestmentsDataPortfolioList_001" id="label_p-AS_D1_CicInvestmentsDataPortfolioList_001" xml:lang="en">CIC, Investments Data - Portfolio list</link:label>
    <link:labelArc xlink:type="arc" xlink:arcrole="http://www.xbrl.org/2003/arcrole/concept-label" xlink:from="p-AS_D1_CicInvestmentsDataPortfolioList" xlink:to="label_p-AS_D1_CicInvestmentsDataPortfolioList_001" xlink:title="p-AS_D1_CicInvestmentsDataPortfolioList to label_p-AS_D1_CicInvestmentsDataPortfolioList_001"/>
    <link:label xlink:type="resource" xlink:role="http://www.xbrl.org/2003/role/label" xlink:label="label_p-AS_D1_CicInvestmentsDataPortfolioList_002" xlink:title="label_p-AS_D1_CicInvestmentsDataPortfolioList_002" id="label_p-AS_D1_CicInvestmentsDataPortfolioList_002" xml:lang="en">CIC, Investments data</link:label>
    <link:labelArc xlink:type="arc" xlink:arcrole="http://www.xbrl.org/2003/arcrole/concept-label" xlink:from="p-AS_D1_CicInvestmentsDataPortfolioList" xlink:to="label_p-AS_D1_CicInvestmentsDataPortfolioList_002" xlink:title="p-AS_D1_CicInvestmentsDataPortfolioList to label_p-AS_D1_CicInvestmentsDataPortfolioList_002"/>
    <link:label xlink:type="resource" xlink:role="http://www.eiopa.europa.eu/pr/solvencyii/role/code" xlink:label="label_p-AS_D1_CicInvestmentsDataPortfolioList_003" xlink:title="label_p-AS_D1_CicInvestmentsDataPortfolioList_003" id="label_p-AS_D1_CicInvestmentsDataPortfolioList_003" xml:lang="en">AS_D1_A15</link:label>
    <link:labelArc xlink:type="arc" xlink:arcrole="http://www.xbrl.org/2003/arcrole/concept-label" xlink:from="p-AS_D1_CicInvestmentsDataPortfolioList" xlink:to="label_p-AS_D1_CicInvestmentsDataPortfolioList_003" xlink:title="p-AS_D1_CicInvestmentsDataPortfolioList to label_p-AS_D1_CicInvestmentsDataPortfolioList_003"/>
    <link:loc xlink:type="locator" xlink:href="p-AS_D1-2011-06-30.xsd#p-AS_D1_ParticipationInvestmentsDataPortfolioList" xlink:label="p-AS_D1_ParticipationInvestmentsDataPortfolioList" xlink:title="p-AS_D1_ParticipationInvestmentsDataPortfolioList"/>
    <link:label xlink:type="resource" xlink:role="http://www.xbrl.org/2003/role/verboseLabel" xlink:label="label_p-AS_D1_ParticipationInvestmentsDataPortfolioList_001" xlink:title="label_p-AS_D1_ParticipationInvestmentsDataPortfolioList_001" id="label_p-AS_D1_ParticipationInvestmentsDataPortfolioList_001" xml:lang="en">Participation, Investments Data - Portfolio list</link:label>
    <link:labelArc xlink:type="arc" xlink:arcrole="http://www.xbrl.org/2003/arcrole/concept-label" xlink:from="p-AS_D1_ParticipationInvestmentsDataPortfolioList" xlink:to="label_p-AS_D1_ParticipationInvestmentsDataPortfolioList_001" xlink:title="p-AS_D1_ParticipationInvestmentsDataPortfolioList to label_p-AS_D1_ParticipationInvestmentsDataPortfolioList_001"/>
    <link:label xlink:type="resource" xlink:role="http://www.xbrl.org/2003/role/label" xlink:label="label_p-AS_D1_ParticipationInvestmentsDataPortfolioList_002" xlink:title="label_p-AS_D1_ParticipationInvestmentsDataPortfolioList_002" id="label_p-AS_D1_ParticipationInvestmentsDataPortfolioList_002" xml:lang="en">Participation type, As defined by article 13(20) of directive 2009/138/EC, Investments data</link:label>
    <link:labelArc xlink:type="arc" xlink:arcrole="http://www.xbrl.org/2003/arcrole/concept-label" xlink:from="p-AS_D1_ParticipationInvestmentsDataPortfolioList" xlink:to="label_p-AS_D1_ParticipationInvestmentsDataPortfolioList_002" xlink:title="p-AS_D1_ParticipationInvestmentsDataPortfolioList to label_p-AS_D1_ParticipationInvestmentsDataPortfolioList_002"/>
    <link:label xlink:type="resource" xlink:role="http://www.eiopa.europa.eu/pr/solvencyii/role/code" xlink:label="label_p-AS_D1_ParticipationInvestmentsDataPortfolioList_003" xlink:title="label_p-AS_D1_ParticipationInvestmentsDataPortfolioList_003" id="label_p-AS_D1_ParticipationInvestmentsDataPortfolioList_003" xml:lang="en">AS_D1_A16</link:label>
    <link:labelArc xlink:type="arc" xlink:arcrole="http://www.xbrl.org/2003/arcrole/concept-label" xlink:from="p-AS_D1_ParticipationInvestmentsDataPortfolioList" xlink:to="label_p-AS_D1_ParticipationInvestmentsDataPortfolioList_003" xlink:title="p-AS_D1_ParticipationInvestmentsDataPortfolioList to label_p-AS_D1_ParticipationInvestmentsDataPortfolioList_003"/>
    <link:loc xlink:type="locator" xlink:href="p-AS_D1-2011-06-30.xsd#p-AS_D1_ExternalRatingInvestmentsDataPortfolioList" xlink:label="p-AS_D1_ExternalRatingInvestmentsDataPortfolioList" xlink:title="p-AS_D1_ExternalRatingInvestmentsDataPortfolioList"/>
    <link:label xlink:type="resource" xlink:role="http://www.xbrl.org/2003/role/verboseLabel" xlink:label="label_p-AS_D1_ExternalRatingInvestmentsDataPortfolioList_001" xlink:title="label_p-AS_D1_ExternalRatingInvestmentsDataPortfolioList_001" id="label_p-AS_D1_ExternalRatingInvestmentsDataPortfolioList_001" xml:lang="en">External rating, Investments Data - Portfolio list</link:label>
    <link:labelArc xlink:type="arc" xlink:arcrole="http://www.xbrl.org/2003/arcrole/concept-label" xlink:from="p-AS_D1_ExternalRatingInvestmentsDataPortfolioList" xlink:to="label_p-AS_D1_ExternalRatingInvestmentsDataPortfolioList_001" xlink:title="p-AS_D1_ExternalRatingInvestmentsDataPortfolioList to label_p-AS_D1_ExternalRatingInvestmentsDataPortfolioList_001"/>
    <link:label xlink:type="resource" xlink:role="http://www.xbrl.org/2003/role/label" xlink:label="label_p-AS_D1_ExternalRatingInvestmentsDataPortfolioList_002" xlink:title="label_p-AS_D1_ExternalRatingInvestmentsDataPortfolioList_002" id="label_p-AS_D1_ExternalRatingInvestmentsDataPortfolioList_002" xml:lang="en">External rating, Investments data</link:label>
    <link:labelArc xlink:type="arc" xlink:arcrole="http://www.xbrl.org/2003/arcrole/concept-label" xlink:from="p-AS_D1_ExternalRatingInvestmentsDataPortfolioList" xlink:to="label_p-AS_D1_ExternalRatingInvestmentsDataPortfolioList_002" xlink:title="p-AS_D1_ExternalRatingInvestmentsDataPortfolioList to label_p-AS_D1_ExternalRatingInvestmentsDataPortfolioList_002"/>
    <link:label xlink:type="resource" xlink:role="http://www.eiopa.europa.eu/pr/solvencyii/role/code" xlink:label="label_p-AS_D1_ExternalRatingInvestmentsDataPortfolioList_003" xlink:title="label_p-AS_D1_ExternalRatingInvestmentsDataPortfolioList_003" id="label_p-AS_D1_ExternalRatingInvestmentsDataPortfolioList_003" xml:lang="en">AS_D1_A17</link:label>
    <link:labelArc xlink:type="arc" xlink:arcrole="http://www.xbrl.org/2003/arcrole/concept-label" xlink:from="p-AS_D1_ExternalRatingInvestmentsDataPortfolioList" xlink:to="label_p-AS_D1_ExternalRatingInvestmentsDataPortfolioList_003" xlink:title="p-AS_D1_ExternalRatingInvestmentsDataPortfolioList to label_p-AS_D1_ExternalRatingInvestmentsDataPortfolioList_003"/>
    <link:loc xlink:type="locator" xlink:href="p-AS_D1-2011-06-30.xsd#p-AS_D1_RatingAgencyInvestmentsDataPortfolioList" xlink:label="p-AS_D1_RatingAgencyInvestmentsDataPortfolioList" xlink:title="p-AS_D1_RatingAgencyInvestmentsDataPortfolioList"/>
    <link:label xlink:type="resource" xlink:role="http://www.xbrl.org/2003/role/verboseLabel" xlink:label="label_p-AS_D1_RatingAgencyInvestmentsDataPortfolioList_001" xlink:title="label_p-AS_D1_RatingAgencyInvestmentsDataPortfolioList_001" id="label_p-AS_D1_RatingAgencyInvestmentsDataPortfolioList_001" xml:lang="en">Rating Agency, Investments Data - Portfolio list</link:label>
    <link:labelArc xlink:type="arc" xlink:arcrole="http://www.xbrl.org/2003/arcrole/concept-label" xlink:from="p-AS_D1_RatingAgencyInvestmentsDataPortfolioList" xlink:to="label_p-AS_D1_RatingAgencyInvestmentsDataPortfolioList_001" xlink:title="p-AS_D1_RatingAgencyInvestmentsDataPortfolioList to label_p-AS_D1_RatingAgencyInvestmentsDataPortfolioList_001"/>
    <link:label xlink:type="resource" xlink:role="http://www.xbrl.org/2003/role/label" xlink:label="label_p-AS_D1_RatingAgencyInvestmentsDataPortfolioList_002" xlink:title="label_p-AS_D1_RatingAgencyInvestmentsDataPortfolioList_002" id="label_p-AS_D1_RatingAgencyInvestmentsDataPortfolioList_002" xml:lang="en">Rating agency, Investments data</link:label>
    <link:labelArc xlink:type="arc" xlink:arcrole="http://www.xbrl.org/2003/arcrole/concept-label" xlink:from="p-AS_D1_RatingAgencyInvestmentsDataPortfolioList" xlink:to="label_p-AS_D1_RatingAgencyInvestmentsDataPortfolioList_002" xlink:title="p-AS_D1_RatingAgencyInvestmentsDataPortfolioList to label_p-AS_D1_RatingAgencyInvestmentsDataPortfolioList_002"/>
    <link:label xlink:type="resource" xlink:role="http://www.eiopa.europa.eu/pr/solvencyii/role/code" xlink:label="label_p-AS_D1_RatingAgencyInvestmentsDataPortfolioList_003" xlink:title="label_p-AS_D1_RatingAgencyInvestmentsDataPortfolioList_003" id="label_p-AS_D1_RatingAgencyInvestmentsDataPortfolioList_003" xml:lang="en">AS_D1_A18</link:label>
    <link:labelArc xlink:type="arc" xlink:arcrole="http://www.xbrl.org/2003/arcrole/concept-label" xlink:from="p-AS_D1_RatingAgencyInvestmentsDataPortfolioList" xlink:to="label_p-AS_D1_RatingAgencyInvestmentsDataPortfolioList_003" xlink:title="p-AS_D1_RatingAgencyInvestmentsDataPortfolioList to label_p-AS_D1_RatingAgencyInvestmentsDataPortfolioList_003"/>
    <link:loc xlink:type="locator" xlink:href="p-AS_D1-2011-06-30.xsd#p-AS_D1_UnderlyingAssetsOfSecuritizationInvestmentsDataPortfolioList" xlink:label="p-AS_D1_UnderlyingAssetsOfSecuritizationInvestmentsDataPortfolioList" xlink:title="p-AS_D1_UnderlyingAssetsOfSecuritizationInvestmentsDataPortfolioList"/>
    <link:label xlink:type="resource" xlink:role="http://www.xbrl.org/2003/role/verboseLabel" xlink:label="label_p-AS_D1_UnderlyingAssetsOfSecuritizationInvestmentsDataPortfolioList_001" xlink:title="label_p-AS_D1_UnderlyingAssetsOfSecuritizationInvestmentsDataPortfolioList_001" id="label_p-AS_D1_UnderlyingAssetsOfSecuritizationInvestmentsDataPortfolioList_001" xml:lang="en">Underlying assets of securitization, Investments Data - Portfolio list</link:label>
    <link:labelArc xlink:type="arc" xlink:arcrole="http://www.xbrl.org/2003/arcrole/concept-label" xlink:from="p-AS_D1_UnderlyingAssetsOfSecuritizationInvestmentsDataPortfolioList" xlink:to="label_p-AS_D1_UnderlyingAssetsOfSecuritizationInvestmentsDataPortfolioList_001" xlink:title="p-AS_D1_UnderlyingAssetsOfSecuritizationInvestmentsDataPortfolioList to label_p-AS_D1_UnderlyingAssetsOfSecuritizationInvestmentsDataPortfolioList_001"/>
    <link:label xlink:type="resource" xlink:role="http://www.xbrl.org/2003/role/label" xlink:label="label_p-AS_D1_UnderlyingAssetsOfSecuritizationInvestmentsDataPortfolioList_002" xlink:title="label_p-AS_D1_UnderlyingAssetsOfSecuritizationInvestmentsDataPortfolioList_002" id="label_p-AS_D1_UnderlyingAssetsOfSecuritizationInvestmentsDataPortfolioList_002" xml:lang="en">Underlying of securitization, Investments data, Name</link:label>
    <link:labelArc xlink:type="arc" xlink:arcrole="http://www.xbrl.org/2003/arcrole/concept-label" xlink:from="p-AS_D1_UnderlyingAssetsOfSecuritizationInvestmentsDataPortfolioList" xlink:to="label_p-AS_D1_UnderlyingAssetsOfSecuritizationInvestmentsDataPortfolioList_002" xlink:title="p-AS_D1_UnderlyingAssetsOfSecuritizationInvestmentsDataPortfolioList to label_p-AS_D1_UnderlyingAssetsOfSecuritizationInvestmentsDataPortfolioList_002"/>
    <link:label xlink:type="resource" xlink:role="http://www.eiopa.europa.eu/pr/solvencyii/role/code" xlink:label="label_p-AS_D1_UnderlyingAssetsOfSecuritizationInvestmentsDataPortfolioList_003" xlink:title="label_p-AS_D1_UnderlyingAssetsOfSecuritizationInvestmentsDataPortfolioList_003" id="label_p-AS_D1_UnderlyingAssetsOfSecuritizationInvestmentsDataPortfolioList_003" xml:lang="en">AS_D1_A19</link:label>
    <link:labelArc xlink:type="arc" xlink:arcrole="http://www.xbrl.org/2003/arcrole/concept-label" xlink:from="p-AS_D1_UnderlyingAssetsOfSecuritizationInvestmentsDataPortfolioList" xlink:to="label_p-AS_D1_UnderlyingAssetsOfSecuritizationInvestmentsDataPortfolioList_003" xlink:title="p-AS_D1_UnderlyingAssetsOfSecuritizationInvestmentsDataPortfolioList to label_p-AS_D1_UnderlyingAssetsOfSecuritizationInvestmentsDataPortfolioList_003"/>
    <link:loc xlink:type="locator" xlink:href="p-AS_D1-2011-06-30.xsd#p-AS_D1_DurationInvestmentsDataPortfolioList" xlink:label="p-AS_D1_DurationInvestmentsDataPortfolioList" xlink:title="p-AS_D1_DurationInvestmentsDataPortfolioList"/>
    <link:label xlink:type="resource" xlink:role="http://www.xbrl.org/2003/role/verboseLabel" xlink:label="label_p-AS_D1_DurationInvestmentsDataPortfolioList_001" xlink:title="label_p-AS_D1_DurationInvestmentsDataPortfolioList_001" id="label_p-AS_D1_DurationInvestmentsDataPortfolioList_001" xml:lang="en">Duration, Investments Data - Portfolio list</link:label>
    <link:labelArc xlink:type="arc" xlink:arcrole="http://www.xbrl.org/2003/arcrole/concept-label" xlink:from="p-AS_D1_DurationInvestmentsDataPortfolioList" xlink:to="label_p-AS_D1_DurationInvestmentsDataPortfolioList_001" xlink:title="p-AS_D1_DurationInvestmentsDataPortfolioList to label_p-AS_D1_DurationInvestmentsDataPortfolioList_001"/>
    <link:label xlink:type="resource" xlink:role="http://www.xbrl.org/2003/role/label" xlink:label="label_p-AS_D1_DurationInvestmentsDataPortfolioList_002" xlink:title="label_p-AS_D1_DurationInvestmentsDataPortfolioList_002" id="label_p-AS_D1_DurationInvestmentsDataPortfolioList_002" xml:lang="en">Duration in years, Investments data</link:label>
    <link:labelArc xlink:type="arc" xlink:arcrole="http://www.xbrl.org/2003/arcrole/concept-label" xlink:from="p-AS_D1_DurationInvestmentsDataPortfolioList" xlink:to="label_p-AS_D1_DurationInvestmentsDataPortfolioList_002" xlink:title="p-AS_D1_DurationInvestmentsDataPortfolioList to label_p-AS_D1_DurationInvestmentsDataPortfolioList_002"/>
    <link:label xlink:type="resource" xlink:role="http://www.eiopa.europa.eu/pr/solvencyii/role/code" xlink:label="label_p-AS_D1_DurationInvestmentsDataPortfolioList_003" xlink:title="label_p-AS_D1_DurationInvestmentsDataPortfolioList_003" id="label_p-AS_D1_DurationInvestmentsDataPortfolioList_003" xml:lang="en">AS_D1_A20</link:label>
    <link:labelArc xlink:type="arc" xlink:arcrole="http://www.xbrl.org/2003/arcrole/concept-label" xlink:from="p-AS_D1_DurationInvestmentsDataPortfolioList" xlink:to="label_p-AS_D1_DurationInvestmentsDataPortfolioList_003" xlink:title="p-AS_D1_DurationInvestmentsDataPortfolioList to label_p-AS_D1_DurationInvestmentsDataPortfolioList_003"/>
    <link:loc xlink:type="locator" xlink:href="p-AS_D1-2011-06-30.xsd#p-AS_D1_QuantityInvestmentsDataPortfolioList" xlink:label="p-AS_D1_QuantityInvestmentsDataPortfolioList" xlink:title="p-AS_D1_QuantityInvestmentsDataPortfolioList"/>
    <link:label xlink:type="resource" xlink:role="http://www.xbrl.org/2003/role/verboseLabel" xlink:label="label_p-AS_D1_QuantityInvestmentsDataPortfolioList_001" xlink:title="label_p-AS_D1_QuantityInvestmentsDataPortfolioList_001" id="label_p-AS_D1_QuantityInvestmentsDataPortfolioList_001" xml:lang="en">Quantity, Investments Data - Portfolio list</link:label>
    <link:labelArc xlink:type="arc" xlink:arcrole="http://www.xbrl.org/2003/arcrole/concept-label" xlink:from="p-AS_D1_QuantityInvestmentsDataPortfolioList" xlink:to="label_p-AS_D1_QuantityInvestmentsDataPortfolioList_001" xlink:title="p-AS_D1_QuantityInvestmentsDataPortfolioList to label_p-AS_D1_QuantityInvestmentsDataPortfolioList_001"/>
    <link:label xlink:type="resource" xlink:role="http://www.xbrl.org/2003/role/label" xlink:label="label_p-AS_D1_QuantityInvestmentsDataPortfolioList_002" xlink:title="label_p-AS_D1_QuantityInvestmentsDataPortfolioList_002" id="label_p-AS_D1_QuantityInvestmentsDataPortfolioList_002" xml:lang="en">Quantity, Investments data</link:label>
    <link:labelArc xlink:type="arc" xlink:arcrole="http://www.xbrl.org/2003/arcrole/concept-label" xlink:from="p-AS_D1_QuantityInvestmentsDataPortfolioList" xlink:to="label_p-AS_D1_QuantityInvestmentsDataPortfolioList_002" xlink:title="p-AS_D1_QuantityInvestmentsDataPortfolioList to label_p-AS_D1_QuantityInvestmentsDataPortfolioList_002"/>
    <link:label xlink:type="resource" xlink:role="http://www.eiopa.europa.eu/pr/solvencyii/role/code" xlink:label="label_p-AS_D1_QuantityInvestmentsDataPortfolioList_003" xlink:title="label_p-AS_D1_QuantityInvestmentsDataPortfolioList_003" id="label_p-AS_D1_QuantityInvestmentsDataPortfolioList_003" xml:lang="en">AS_D1_A22</link:label>
    <link:labelArc xlink:type="arc" xlink:arcrole="http://www.xbrl.org/2003/arcrole/concept-label" xlink:from="p-AS_D1_QuantityInvestmentsDataPortfolioList" xlink:to="label_p-AS_D1_QuantityInvestmentsDataPortfolioList_003" xlink:title="p-AS_D1_QuantityInvestmentsDataPortfolioList to label_p-AS_D1_QuantityInvestmentsDataPortfolioList_003"/>
    <link:loc xlink:type="locator" xlink:href="p-AS_D1-2011-06-30.xsd#p-AS_D1_UnitSiiPriceInvestmentsDataPortfolioList" xlink:label="p-AS_D1_UnitSiiPriceInvestmentsDataPortfolioList" xlink:title="p-AS_D1_UnitSiiPriceInvestmentsDataPortfolioList"/>
    <link:label xlink:type="resource" xlink:role="http://www.xbrl.org/2003/role/verboseLabel" xlink:label="label_p-AS_D1_UnitSiiPriceInvestmentsDataPortfolioList_001" xlink:title="label_p-AS_D1_UnitSiiPriceInvestmentsDataPortfolioList_001" id="label_p-AS_D1_UnitSiiPriceInvestmentsDataPortfolioList_001" xml:lang="en">Unit SII price, Investments Data - Portfolio list</link:label>
    <link:labelArc xlink:type="arc" xlink:arcrole="http://www.xbrl.org/2003/arcrole/concept-label" xlink:from="p-AS_D1_UnitSiiPriceInvestmentsDataPortfolioList" xlink:to="label_p-AS_D1_UnitSiiPriceInvestmentsDataPortfolioList_001" xlink:title="p-AS_D1_UnitSiiPriceInvestmentsDataPortfolioList to label_p-AS_D1_UnitSiiPriceInvestmentsDataPortfolioList_001"/>
    <link:label xlink:type="resource" xlink:role="http://www.xbrl.org/2003/role/label" xlink:label="label_p-AS_D1_UnitSiiPriceInvestmentsDataPortfolioList_002" xlink:title="label_p-AS_D1_UnitSiiPriceInvestmentsDataPortfolioList_002" id="label_p-AS_D1_UnitSiiPriceInvestmentsDataPortfolioList_002" xml:lang="en">Unit SII price, Investments data</link:label>
    <link:labelArc xlink:type="arc" xlink:arcrole="http://www.xbrl.org/2003/arcrole/concept-label" xlink:from="p-AS_D1_UnitSiiPriceInvestmentsDataPortfolioList" xlink:to="label_p-AS_D1_UnitSiiPriceInvestmentsDataPortfolioList_002" xlink:title="p-AS_D1_UnitSiiPriceInvestmentsDataPortfolioList to label_p-AS_D1_UnitSiiPriceInvestmentsDataPortfolioList_002"/>
    <link:label xlink:type="resource" xlink:role="http://www.eiopa.europa.eu/pr/solvencyii/role/code" xlink:label="label_p-AS_D1_UnitSiiPriceInvestmentsDataPortfolioList_003" xlink:title="label_p-AS_D1_UnitSiiPriceInvestmentsDataPortfolioList_003" id="label_p-AS_D1_UnitSiiPriceInvestmentsDataPortfolioList_003" xml:lang="en">AS_D1_A23</link:label>
    <link:labelArc xlink:type="arc" xlink:arcrole="http://www.xbrl.org/2003/arcrole/concept-label" xlink:from="p-AS_D1_UnitSiiPriceInvestmentsDataPortfolioList" xlink:to="label_p-AS_D1_UnitSiiPriceInvestmentsDataPortfolioList_003" xlink:title="p-AS_D1_UnitSiiPriceInvestmentsDataPortfolioList to label_p-AS_D1_UnitSiiPriceInvestmentsDataPortfolioList_003"/>
    <link:loc xlink:type="locator" xlink:href="p-AS_D1-2011-06-30.xsd#p-AS_D1_ValuationMethodSiiInvestmentsDataPortfolioList" xlink:label="p-AS_D1_ValuationMethodSiiInvestmentsDataPortfolioList" xlink:title="p-AS_D1_ValuationMethodSiiInvestmentsDataPortfolioList"/>
    <link:label xlink:type="resource" xlink:role="http://www.xbrl.org/2003/role/verboseLabel" xlink:label="label_p-AS_D1_ValuationMethodSiiInvestmentsDataPortfolioList_001" xlink:title="label_p-AS_D1_ValuationMethodSiiInvestmentsDataPortfolioList_001" id="label_p-AS_D1_ValuationMethodSiiInvestmentsDataPortfolioList_001" xml:lang="en">Valuation method SII, Investments Data - Portfolio list</link:label>
    <link:labelArc xlink:type="arc" xlink:arcrole="http://www.xbrl.org/2003/arcrole/concept-label" xlink:from="p-AS_D1_ValuationMethodSiiInvestmentsDataPortfolioList" xlink:to="label_p-AS_D1_ValuationMethodSiiInvestmentsDataPortfolioList_001" xlink:title="p-AS_D1_ValuationMethodSiiInvestmentsDataPortfolioList to label_p-AS_D1_ValuationMethodSiiInvestmentsDataPortfolioList_001"/>
    <link:label xlink:type="resource" xlink:role="http://www.xbrl.org/2003/role/label" xlink:label="label_p-AS_D1_ValuationMethodSiiInvestmentsDataPortfolioList_002" xlink:title="label_p-AS_D1_ValuationMethodSiiInvestmentsDataPortfolioList_002" id="label_p-AS_D1_ValuationMethodSiiInvestmentsDataPortfolioList_002" xml:lang="en">Type of valuation method SII, Investments data</link:label>
    <link:labelArc xlink:type="arc" xlink:arcrole="http://www.xbrl.org/2003/arcrole/concept-label" xlink:from="p-AS_D1_ValuationMethodSiiInvestmentsDataPortfolioList" xlink:to="label_p-AS_D1_ValuationMethodSiiInvestmentsDataPortfolioList_002" xlink:title="p-AS_D1_ValuationMethodSiiInvestmentsDataPortfolioList to label_p-AS_D1_ValuationMethodSiiInvestmentsDataPortfolioList_002"/>
    <link:label xlink:type="resource" xlink:role="http://www.eiopa.europa.eu/pr/solvencyii/role/code" xlink:label="label_p-AS_D1_ValuationMethodSiiInvestmentsDataPortfolioList_003" xlink:title="label_p-AS_D1_ValuationMethodSiiInvestmentsDataPortfolioList_003" id="label_p-AS_D1_ValuationMethodSiiInvestmentsDataPortfolioList_003" xml:lang="en">AS_D1_A24</link:label>
    <link:labelArc xlink:type="arc" xlink:arcrole="http://www.xbrl.org/2003/arcrole/concept-label" xlink:from="p-AS_D1_ValuationMethodSiiInvestmentsDataPortfolioList" xlink:to="label_p-AS_D1_ValuationMethodSiiInvestmentsDataPortfolioList_003" xlink:title="p-AS_D1_ValuationMethodSiiInvestmentsDataPortfolioList to label_p-AS_D1_ValuationMethodSiiInvestmentsDataPortfolioList_003"/>
    <link:loc xlink:type="locator" xlink:href="p-AS_D1-2011-06-30.xsd#p-AS_D1_AcquisitionCostInvestmentsDataPortfolioList" xlink:label="p-AS_D1_AcquisitionCostInvestmentsDataPortfolioList" xlink:title="p-AS_D1_AcquisitionCostInvestmentsDataPortfolioList"/>
    <link:label xlink:type="resource" xlink:role="http://www.xbrl.org/2003/role/verboseLabel" xlink:label="label_p-AS_D1_AcquisitionCostInvestmentsDataPortfolioList_001" xlink:title="label_p-AS_D1_AcquisitionCostInvestmentsDataPortfolioList_001" id="label_p-AS_D1_AcquisitionCostInvestmentsDataPortfolioList_001" xml:lang="en">Acquisition cost, Investments Data - Portfolio list</link:label>
    <link:labelArc xlink:type="arc" xlink:arcrole="http://www.xbrl.org/2003/arcrole/concept-label" xlink:from="p-AS_D1_AcquisitionCostInvestmentsDataPortfolioList" xlink:to="label_p-AS_D1_AcquisitionCostInvestmentsDataPortfolioList_001" xlink:title="p-AS_D1_AcquisitionCostInvestmentsDataPortfolioList to label_p-AS_D1_AcquisitionCostInvestmentsDataPortfolioList_001"/>
    <link:label xlink:type="resource" xlink:role="http://www.xbrl.org/2003/role/label" xlink:label="label_p-AS_D1_AcquisitionCostInvestmentsDataPortfolioList_002" xlink:title="label_p-AS_D1_AcquisitionCostInvestmentsDataPortfolioList_002" id="label_p-AS_D1_AcquisitionCostInvestmentsDataPortfolioList_002" xml:lang="en">Acquisition cost, Investments data</link:label>
    <link:labelArc xlink:type="arc" xlink:arcrole="http://www.xbrl.org/2003/arcrole/concept-label" xlink:from="p-AS_D1_AcquisitionCostInvestmentsDataPortfolioList" xlink:to="label_p-AS_D1_AcquisitionCostInvestmentsDataPortfolioList_002" xlink:title="p-AS_D1_AcquisitionCostInvestmentsDataPortfolioList to label_p-AS_D1_AcquisitionCostInvestmentsDataPortfolioList_002"/>
    <link:label xlink:type="resource" xlink:role="http://www.eiopa.europa.eu/pr/solvencyii/role/code" xlink:label="label_p-AS_D1_AcquisitionCostInvestmentsDataPortfolioList_003" xlink:title="label_p-AS_D1_AcquisitionCostInvestmentsDataPortfolioList_003" id="label_p-AS_D1_AcquisitionCostInvestmentsDataPortfolioList_003" xml:lang="en">AS_D1_A25</link:label>
    <link:labelArc xlink:type="arc" xlink:arcrole="http://www.xbrl.org/2003/arcrole/concept-label" xlink:from="p-AS_D1_AcquisitionCostInvestmentsDataPortfolioList" xlink:to="label_p-AS_D1_AcquisitionCostInvestmentsDataPortfolioList_003" xlink:title="p-AS_D1_AcquisitionCostInvestmentsDataPortfolioList to label_p-AS_D1_AcquisitionCostInvestmentsDataPortfolioList_003"/>
    <link:loc xlink:type="locator" xlink:href="p-AS_D1-2011-06-30.xsd#p-AS_D1_TotalSiiAmountInvestmentsDataPortfolioList" xlink:label="p-AS_D1_TotalSiiAmountInvestmentsDataPortfolioList" xlink:title="p-AS_D1_TotalSiiAmountInvestmentsDataPortfolioList"/>
    <link:label xlink:type="resource" xlink:role="http://www.xbrl.org/2003/role/verboseLabel" xlink:label="label_p-AS_D1_TotalSiiAmountInvestmentsDataPortfolioList_001" xlink:title="label_p-AS_D1_TotalSiiAmountInvestmentsDataPortfolioList_001" id="label_p-AS_D1_TotalSiiAmountInvestmentsDataPortfolioList_001" xml:lang="en">Total SII amount, Investments Data - Portfolio list</link:label>
    <link:labelArc xlink:type="arc" xlink:arcrole="http://www.xbrl.org/2003/arcrole/concept-label" xlink:from="p-AS_D1_TotalSiiAmountInvestmentsDataPortfolioList" xlink:to="label_p-AS_D1_TotalSiiAmountInvestmentsDataPortfolioList_001" xlink:title="p-AS_D1_TotalSiiAmountInvestmentsDataPortfolioList to label_p-AS_D1_TotalSiiAmountInvestmentsDataPortfolioList_001"/>
    <link:label xlink:type="resource" xlink:role="http://www.xbrl.org/2003/role/label" xlink:label="label_p-AS_D1_TotalSiiAmountInvestmentsDataPortfolioList_002" xlink:title="label_p-AS_D1_TotalSiiAmountInvestmentsDataPortfolioList_002" id="label_p-AS_D1_TotalSiiAmountInvestmentsDataPortfolioList_002" xml:lang="en">Total solvency II amount, Investments data</link:label>
    <link:labelArc xlink:type="arc" xlink:arcrole="http://www.xbrl.org/2003/arcrole/concept-label" xlink:from="p-AS_D1_TotalSiiAmountInvestmentsDataPortfolioList" xlink:to="label_p-AS_D1_TotalSiiAmountInvestmentsDataPortfolioList_002" xlink:title="p-AS_D1_TotalSiiAmountInvestmentsDataPortfolioList to label_p-AS_D1_TotalSiiAmountInvestmentsDataPortfolioList_002"/>
    <link:label xlink:type="resource" xlink:role="http://www.eiopa.europa.eu/pr/solvencyii/role/code" xlink:label="label_p-AS_D1_TotalSiiAmountInvestmentsDataPortfolioList_003" xlink:title="label_p-AS_D1_TotalSiiAmountInvestmentsDataPortfolioList_003" id="label_p-AS_D1_TotalSiiAmountInvestmentsDataPortfolioList_003" xml:lang="en">AS_D1_A26</link:label>
    <link:labelArc xlink:type="arc" xlink:arcrole="http://www.xbrl.org/2003/arcrole/concept-label" xlink:from="p-AS_D1_TotalSiiAmountInvestmentsDataPortfolioList" xlink:to="label_p-AS_D1_TotalSiiAmountInvestmentsDataPortfolioList_003" xlink:title="p-AS_D1_TotalSiiAmountInvestmentsDataPortfolioList to label_p-AS_D1_TotalSiiAmountInvestmentsDataPortfolioList_003"/>
    <link:loc xlink:type="locator" xlink:href="p-AS_D1-2011-06-30.xsd#p-AS_D1_MaturityDateInvestmentsDataPortfolioList" xlink:label="p-AS_D1_MaturityDateInvestmentsDataPortfolioList" xlink:title="p-AS_D1_MaturityDateInvestmentsDataPortfolioList"/>
    <link:label xlink:type="resource" xlink:role="http://www.xbrl.org/2003/role/verboseLabel" xlink:label="label_p-AS_D1_MaturityDateInvestmentsDataPortfolioList_001" xlink:title="label_p-AS_D1_MaturityDateInvestmentsDataPortfolioList_001" id="label_p-AS_D1_MaturityDateInvestmentsDataPortfolioList_001" xml:lang="en">Maturity date, Investments Data - Portfolio list</link:label>
    <link:labelArc xlink:type="arc" xlink:arcrole="http://www.xbrl.org/2003/arcrole/concept-label" xlink:from="p-AS_D1_MaturityDateInvestmentsDataPortfolioList" xlink:to="label_p-AS_D1_MaturityDateInvestmentsDataPortfolioList_001" xlink:title="p-AS_D1_MaturityDateInvestmentsDataPortfolioList to label_p-AS_D1_MaturityDateInvestmentsDataPortfolioList_001"/>
    <link:label xlink:type="resource" xlink:role="http://www.xbrl.org/2003/role/label" xlink:label="label_p-AS_D1_MaturityDateInvestmentsDataPortfolioList_002" xlink:title="label_p-AS_D1_MaturityDateInvestmentsDataPortfolioList_002" id="label_p-AS_D1_MaturityDateInvestmentsDataPortfolioList_002" xml:lang="en">Maturity date, Investments data</link:label>
    <link:labelArc xlink:type="arc" xlink:arcrole="http://www.xbrl.org/2003/arcrole/concept-label" xlink:from="p-AS_D1_MaturityDateInvestmentsDataPortfolioList" xlink:to="label_p-AS_D1_MaturityDateInvestmentsDataPortfolioList_002" xlink:title="p-AS_D1_MaturityDateInvestmentsDataPortfolioList to label_p-AS_D1_MaturityDateInvestmentsDataPortfolioList_002"/>
    <link:label xlink:type="resource" xlink:role="http://www.eiopa.europa.eu/pr/solvencyii/role/code" xlink:label="label_p-AS_D1_MaturityDateInvestmentsDataPortfolioList_003" xlink:title="label_p-AS_D1_MaturityDateInvestmentsDataPortfolioList_003" id="label_p-AS_D1_MaturityDateInvestmentsDataPortfolioList_003" xml:lang="en">AS_D1_A28</link:label>
    <link:labelArc xlink:type="arc" xlink:arcrole="http://www.xbrl.org/2003/arcrole/concept-label" xlink:from="p-AS_D1_MaturityDateInvestmentsDataPortfolioList" xlink:to="label_p-AS_D1_MaturityDateInvestmentsDataPortfolioList_003" xlink:title="p-AS_D1_MaturityDateInvestmentsDataPortfolioList to label_p-AS_D1_MaturityDateInvestmentsDataPortfolioList_003"/>
    <link:loc xlink:type="locator" xlink:href="p-AS_D1-2011-06-30.xsd#p-AS_D1_AccruedInterestInvestmentsDataPortfolioList" xlink:label="p-AS_D1_AccruedInterestInvestmentsDataPortfolioList" xlink:title="p-AS_D1_AccruedInterestInvestmentsDataPortfolioList"/>
    <link:label xlink:type="resource" xlink:role="http://www.xbrl.org/2003/role/verboseLabel" xlink:label="label_p-AS_D1_AccruedInterestInvestmentsDataPortfolioList_001" xlink:title="label_p-AS_D1_AccruedInterestInvestmentsDataPortfolioList_001" id="label_p-AS_D1_AccruedInterestInvestmentsDataPortfolioList_001" xml:lang="en">Accrued interest, Investments Data - Portfolio list</link:label>
    <link:labelArc xlink:type="arc" xlink:arcrole="http://www.xbrl.org/2003/arcrole/concept-label" xlink:from="p-AS_D1_AccruedInterestInvestmentsDataPortfolioList" xlink:to="label_p-AS_D1_AccruedInterestInvestmentsDataPortfolioList_001" xlink:title="p-AS_D1_AccruedInterestInvestmentsDataPortfolioList to label_p-AS_D1_AccruedInterestInvestmentsDataPortfolioList_001"/>
    <link:label xlink:type="resource" xlink:role="http://www.xbrl.org/2003/role/label" xlink:label="label_p-AS_D1_AccruedInterestInvestmentsDataPortfolioList_002" xlink:title="label_p-AS_D1_AccruedInterestInvestmentsDataPortfolioList_002" id="label_p-AS_D1_AccruedInterestInvestmentsDataPortfolioList_002" xml:lang="en">Amount of accrued interest, Investments data</link:label>
    <link:labelArc xlink:type="arc" xlink:arcrole="http://www.xbrl.org/2003/arcrole/concept-label" xlink:from="p-AS_D1_AccruedInterestInvestmentsDataPortfolioList" xlink:to="label_p-AS_D1_AccruedInterestInvestmentsDataPortfolioList_002" xlink:title="p-AS_D1_AccruedInterestInvestmentsDataPortfolioList to label_p-AS_D1_AccruedInterestInvestmentsDataPortfolioList_002"/>
    <link:label xlink:type="resource" xlink:role="http://www.eiopa.europa.eu/pr/solvencyii/role/code" xlink:label="label_p-AS_D1_AccruedInterestInvestmentsDataPortfolioList_003" xlink:title="label_p-AS_D1_AccruedInterestInvestmentsDataPortfolioList_003" id="label_p-AS_D1_AccruedInterestInvestmentsDataPortfolioList_003" xml:lang="en">AS_D1_A30</link:label>
    <link:labelArc xlink:type="arc" xlink:arcrole="http://www.xbrl.org/2003/arcrole/concept-label" xlink:from="p-AS_D1_AccruedInterestInvestmentsDataPortfolioList" xlink:to="label_p-AS_D1_AccruedInterestInvestmentsDataPortfolioList_003" xlink:title="p-AS_D1_AccruedInterestInvestmentsDataPortfolioList to label_p-AS_D1_AccruedInterestInvestmentsDataPortfolioList_003"/>
  </link:labelLink>
</link:linkbase>
