<?xml version="1.0" encoding="utf-8"?>
<!-- Solvency II Taxonomy - 2011-06-30 -->
<!-- Copyright (C) 2011 European Insurance and Occupational Pensions Authority -->
<link:linkbase xmlns:xsi="http://www.w3.org/2001/XMLSchema-instance"
  xmlns:link="http://www.xbrl.org/2003/linkbase"
  xmlns:xbrli="http://www.xbrl.org/2003/instance"
  xmlns:xbrldt="http://xbrl.org/2005/xbrldt"
  xmlns:xlink="http://www.w3.org/1999/xlink"
  xmlns:generic="http://xbrl.org/2008/generic"
  xmlns:ref-surfi="http://www.eiopa.europa.eu/pr/solvencyii/reference-elements"
  xmlns:of-which="http://www.eiopa.europa.eu/pr/solvencyii/including-included"
  xsi:schemaLocation="http://www.xbrl.org/2003/linkbase http://www.xbrl.org/2003/xbrl-linkbase-2003-12-31.xsd"
  >
  <link:roleRef roleURI="http://www.eiopa.europa.eu/pr/solvencyii/role/t-AS_D1_BS_InvestmentsDataPortfolioList_H00002Section" xlink:type="simple" xlink:href="t-AS_D1-2011-06-30.xsd#t-AS_D1_BS_InvestmentsDataPortfolioList_H00002Section"/>
  <link:roleRef roleURI="http://www.eiopa.europa.eu/pr/solvencyii/role/t-AS_D1_HC_InvestmentsDataPortfolioListTemplate_H00002Hypercube" xlink:type="simple" xlink:href="t-AS_D1-2011-06-30.xsd#t-AS_D1_HC_InvestmentsDataPortfolioListTemplate_H00002Hypercube"/>
  <link:arcroleRef arcroleURI="http://xbrl.org/int/dim/arcrole/all" xlink:type="simple" xlink:href="http://www.xbrl.org/2005/xbrldt-2005.xsd#all" />
  <link:arcroleRef arcroleURI="http://xbrl.org/int/dim/arcrole/notAll" xlink:type="simple" xlink:href="http://www.xbrl.org/2005/xbrldt-2005.xsd#notAll" />
  <link:arcroleRef arcroleURI="http://xbrl.org/int/dim/arcrole/domain-member" xlink:type="simple" xlink:href="http://www.xbrl.org/2005/xbrldt-2005.xsd#domain-member" />
  <link:arcroleRef arcroleURI="http://xbrl.org/int/dim/arcrole/hypercube-dimension" xlink:type="simple" xlink:href="http://www.xbrl.org/2005/xbrldt-2005.xsd#hypercube-dimension" />
  <link:arcroleRef arcroleURI="http://xbrl.org/int/dim/arcrole/dimension-domain" xlink:type="simple" xlink:href="http://www.xbrl.org/2005/xbrldt-2005.xsd#dimension-domain" />
  <link:definitionLink xlink:type="extended" xlink:role="http://www.eiopa.europa.eu/pr/solvencyii/role/t-AS_D1_BS_InvestmentsDataPortfolioList_H00002Section">
    <link:loc xlink:type="locator" xlink:href="p-AS_D1-2011-06-30.xsd#p-AS_D1_InvestmentsDataPortfolioList" xlink:label="p-AS_D1_InvestmentsDataPortfolioList" xlink:title="p-AS_D1_InvestmentsDataPortfolioList"/>
    <link:loc xlink:type="locator" xlink:href="t-AS_D1-2011-06-30.xsd#t-AS_D1_H00002Hypercube" xlink:label="t-AS_D1_H00002Hypercube" xlink:title="t-AS_D1_H00002Hypercube"/>
    <link:definitionArc xlink:type="arc" xlink:arcrole="http://xbrl.org/int/dim/arcrole/all" xlink:from="p-AS_D1_InvestmentsDataPortfolioList" xlink:to="t-AS_D1_H00002Hypercube" xlink:title="p-AS_D1_InvestmentsDataPortfolioList to t-AS_D1_H00002Hypercube" order="1.0" xbrldt:contextElement="scenario" xbrldt:targetRole="http://www.eiopa.europa.eu/pr/solvencyii/role/t-AS_D1_HC_InvestmentsDataPortfolioListTemplate_H00002Hypercube" xbrldt:closed="true"/>
    <link:loc xlink:type="locator" xlink:href="p-AS_D1-2011-06-30.xsd#p-AS_D1_PortfolioInvestmentsDataPortfolioList" xlink:label="p-AS_D1_PortfolioInvestmentsDataPortfolioList" xlink:title="p-AS_D1_PortfolioInvestmentsDataPortfolioList"/>
    <link:definitionArc xlink:type="arc" xlink:arcrole="http://xbrl.org/int/dim/arcrole/domain-member" xlink:from="p-AS_D1_InvestmentsDataPortfolioList" xlink:to="p-AS_D1_PortfolioInvestmentsDataPortfolioList" xlink:title="p-AS_D1_InvestmentsDataPortfolioList to p-AS_D1_PortfolioInvestmentsDataPortfolioList" order="2.0"/>
    <link:loc xlink:type="locator" xlink:href="p-AS_D1-2011-06-30.xsd#p-AS_D1_FundNumberInvestmentsDataPortfolioList" xlink:label="p-AS_D1_FundNumberInvestmentsDataPortfolioList" xlink:title="p-AS_D1_FundNumberInvestmentsDataPortfolioList"/>
    <link:definitionArc xlink:type="arc" xlink:arcrole="http://xbrl.org/int/dim/arcrole/domain-member" xlink:from="p-AS_D1_InvestmentsDataPortfolioList" xlink:to="p-AS_D1_FundNumberInvestmentsDataPortfolioList" xlink:title="p-AS_D1_InvestmentsDataPortfolioList to p-AS_D1_FundNumberInvestmentsDataPortfolioList" order="3.0"/>
    <link:loc xlink:type="locator" xlink:href="p-AS_D1-2011-06-30.xsd#p-AS_D1_AssetHeldInUnitLinkedAndIndexLinkedFundsYNInvestmentsDataPortfolioList" xlink:label="p-AS_D1_AssetHeldInUnitLinkedAndIndexLinkedFundsYNInvestmentsDataPortfolioList" xlink:title="p-AS_D1_AssetHeldInUnitLinkedAndIndexLinkedFundsYNInvestmentsDataPortfolioList"/>
    <link:definitionArc xlink:type="arc" xlink:arcrole="http://xbrl.org/int/dim/arcrole/domain-member" xlink:from="p-AS_D1_InvestmentsDataPortfolioList" xlink:to="p-AS_D1_AssetHeldInUnitLinkedAndIndexLinkedFundsYNInvestmentsDataPortfolioList" xlink:title="p-AS_D1_InvestmentsDataPortfolioList to p-AS_D1_AssetHeldInUnitLinkedAndIndexLinkedFundsYNInvestmentsDataPortfolioList" order="4.0"/>
    <link:loc xlink:type="locator" xlink:href="p-AS_D1-2011-06-30.xsd#p-AS_D1_IdCodeInvestmentsDataPortfolioList" xlink:label="p-AS_D1_IdCodeInvestmentsDataPortfolioList" xlink:title="p-AS_D1_IdCodeInvestmentsDataPortfolioList"/>
    <link:definitionArc xlink:type="arc" xlink:arcrole="http://xbrl.org/int/dim/arcrole/domain-member" xlink:from="p-AS_D1_InvestmentsDataPortfolioList" xlink:to="p-AS_D1_IdCodeInvestmentsDataPortfolioList" xlink:title="p-AS_D1_InvestmentsDataPortfolioList to p-AS_D1_IdCodeInvestmentsDataPortfolioList" order="5.0"/>
    <link:loc xlink:type="locator" xlink:href="p-AS_D1-2011-06-30.xsd#p-AS_D1_IdCodeTypeInvestmentsDataPortfolioList" xlink:label="p-AS_D1_IdCodeTypeInvestmentsDataPortfolioList" xlink:title="p-AS_D1_IdCodeTypeInvestmentsDataPortfolioList"/>
    <link:definitionArc xlink:type="arc" xlink:arcrole="http://xbrl.org/int/dim/arcrole/domain-member" xlink:from="p-AS_D1_InvestmentsDataPortfolioList" xlink:to="p-AS_D1_IdCodeTypeInvestmentsDataPortfolioList" xlink:title="p-AS_D1_InvestmentsDataPortfolioList to p-AS_D1_IdCodeTypeInvestmentsDataPortfolioList" order="6.0"/>
    <link:loc xlink:type="locator" xlink:href="p-AS_D1-2011-06-30.xsd#p-AS_D1_AssetPledgedAsCollateralInvestmentsDataPortfolioList" xlink:label="p-AS_D1_AssetPledgedAsCollateralInvestmentsDataPortfolioList" xlink:title="p-AS_D1_AssetPledgedAsCollateralInvestmentsDataPortfolioList"/>
    <link:definitionArc xlink:type="arc" xlink:arcrole="http://xbrl.org/int/dim/arcrole/domain-member" xlink:from="p-AS_D1_InvestmentsDataPortfolioList" xlink:to="p-AS_D1_AssetPledgedAsCollateralInvestmentsDataPortfolioList" xlink:title="p-AS_D1_InvestmentsDataPortfolioList to p-AS_D1_AssetPledgedAsCollateralInvestmentsDataPortfolioList" order="7.0"/>
    <link:loc xlink:type="locator" xlink:href="p-AS_D1-2011-06-30.xsd#p-AS_D1_SecurityTitleInvestmentsDataPortfolioList" xlink:label="p-AS_D1_SecurityTitleInvestmentsDataPortfolioList" xlink:title="p-AS_D1_SecurityTitleInvestmentsDataPortfolioList"/>
    <link:definitionArc xlink:type="arc" xlink:arcrole="http://xbrl.org/int/dim/arcrole/domain-member" xlink:from="p-AS_D1_InvestmentsDataPortfolioList" xlink:to="p-AS_D1_SecurityTitleInvestmentsDataPortfolioList" xlink:title="p-AS_D1_InvestmentsDataPortfolioList to p-AS_D1_SecurityTitleInvestmentsDataPortfolioList" order="8.0"/>
    <link:loc xlink:type="locator" xlink:href="p-AS_D1-2011-06-30.xsd#p-AS_D1_IssuerNameInvestmentsDataPortfolioList" xlink:label="p-AS_D1_IssuerNameInvestmentsDataPortfolioList" xlink:title="p-AS_D1_IssuerNameInvestmentsDataPortfolioList"/>
    <link:definitionArc xlink:type="arc" xlink:arcrole="http://xbrl.org/int/dim/arcrole/domain-member" xlink:from="p-AS_D1_InvestmentsDataPortfolioList" xlink:to="p-AS_D1_IssuerNameInvestmentsDataPortfolioList" xlink:title="p-AS_D1_InvestmentsDataPortfolioList to p-AS_D1_IssuerNameInvestmentsDataPortfolioList" order="9.0"/>
    <link:loc xlink:type="locator" xlink:href="p-AS_D1-2011-06-30.xsd#p-AS_D1_IssuerSectorInvestmentsDataPortfolioList" xlink:label="p-AS_D1_IssuerSectorInvestmentsDataPortfolioList" xlink:title="p-AS_D1_IssuerSectorInvestmentsDataPortfolioList"/>
    <link:definitionArc xlink:type="arc" xlink:arcrole="http://xbrl.org/int/dim/arcrole/domain-member" xlink:from="p-AS_D1_InvestmentsDataPortfolioList" xlink:to="p-AS_D1_IssuerSectorInvestmentsDataPortfolioList" xlink:title="p-AS_D1_InvestmentsDataPortfolioList to p-AS_D1_IssuerSectorInvestmentsDataPortfolioList" order="10.0"/>
    <link:loc xlink:type="locator" xlink:href="p-AS_D1-2011-06-30.xsd#p-AS_D1_IssuerGroupCodeInvestmentsDataPortfolioList" xlink:label="p-AS_D1_IssuerGroupCodeInvestmentsDataPortfolioList" xlink:title="p-AS_D1_IssuerGroupCodeInvestmentsDataPortfolioList"/>
    <link:definitionArc xlink:type="arc" xlink:arcrole="http://xbrl.org/int/dim/arcrole/domain-member" xlink:from="p-AS_D1_InvestmentsDataPortfolioList" xlink:to="p-AS_D1_IssuerGroupCodeInvestmentsDataPortfolioList" xlink:title="p-AS_D1_InvestmentsDataPortfolioList to p-AS_D1_IssuerGroupCodeInvestmentsDataPortfolioList" order="11.0"/>
    <link:loc xlink:type="locator" xlink:href="p-AS_D1-2011-06-30.xsd#p-AS_D1_IssuerCountryInvestmentsDataPortfolioList" xlink:label="p-AS_D1_IssuerCountryInvestmentsDataPortfolioList" xlink:title="p-AS_D1_IssuerCountryInvestmentsDataPortfolioList"/>
    <link:definitionArc xlink:type="arc" xlink:arcrole="http://xbrl.org/int/dim/arcrole/domain-member" xlink:from="p-AS_D1_InvestmentsDataPortfolioList" xlink:to="p-AS_D1_IssuerCountryInvestmentsDataPortfolioList" xlink:title="p-AS_D1_InvestmentsDataPortfolioList to p-AS_D1_IssuerCountryInvestmentsDataPortfolioList" order="12.0"/>
    <link:loc xlink:type="locator" xlink:href="p-AS_D1-2011-06-30.xsd#p-AS_D1_CountryOfCustodyInvestmentsDataPortfolioList" xlink:label="p-AS_D1_CountryOfCustodyInvestmentsDataPortfolioList" xlink:title="p-AS_D1_CountryOfCustodyInvestmentsDataPortfolioList"/>
    <link:definitionArc xlink:type="arc" xlink:arcrole="http://xbrl.org/int/dim/arcrole/domain-member" xlink:from="p-AS_D1_InvestmentsDataPortfolioList" xlink:to="p-AS_D1_CountryOfCustodyInvestmentsDataPortfolioList" xlink:title="p-AS_D1_InvestmentsDataPortfolioList to p-AS_D1_CountryOfCustodyInvestmentsDataPortfolioList" order="13.0"/>
    <link:loc xlink:type="locator" xlink:href="p-AS_D1-2011-06-30.xsd#p-AS_D1_CurrencyIsoCodeInvestmentsDataPortfolioList" xlink:label="p-AS_D1_CurrencyIsoCodeInvestmentsDataPortfolioList" xlink:title="p-AS_D1_CurrencyIsoCodeInvestmentsDataPortfolioList"/>
    <link:definitionArc xlink:type="arc" xlink:arcrole="http://xbrl.org/int/dim/arcrole/domain-member" xlink:from="p-AS_D1_InvestmentsDataPortfolioList" xlink:to="p-AS_D1_CurrencyIsoCodeInvestmentsDataPortfolioList" xlink:title="p-AS_D1_InvestmentsDataPortfolioList to p-AS_D1_CurrencyIsoCodeInvestmentsDataPortfolioList" order="14.0"/>
    <link:loc xlink:type="locator" xlink:href="p-AS_D1-2011-06-30.xsd#p-AS_D1_CicInvestmentsDataPortfolioList" xlink:label="p-AS_D1_CicInvestmentsDataPortfolioList" xlink:title="p-AS_D1_CicInvestmentsDataPortfolioList"/>
    <link:definitionArc xlink:type="arc" xlink:arcrole="http://xbrl.org/int/dim/arcrole/domain-member" xlink:from="p-AS_D1_InvestmentsDataPortfolioList" xlink:to="p-AS_D1_CicInvestmentsDataPortfolioList" xlink:title="p-AS_D1_InvestmentsDataPortfolioList to p-AS_D1_CicInvestmentsDataPortfolioList" order="15.0"/>
    <link:loc xlink:type="locator" xlink:href="p-AS_D1-2011-06-30.xsd#p-AS_D1_ParticipationInvestmentsDataPortfolioList" xlink:label="p-AS_D1_ParticipationInvestmentsDataPortfolioList" xlink:title="p-AS_D1_ParticipationInvestmentsDataPortfolioList"/>
    <link:definitionArc xlink:type="arc" xlink:arcrole="http://xbrl.org/int/dim/arcrole/domain-member" xlink:from="p-AS_D1_InvestmentsDataPortfolioList" xlink:to="p-AS_D1_ParticipationInvestmentsDataPortfolioList" xlink:title="p-AS_D1_InvestmentsDataPortfolioList to p-AS_D1_ParticipationInvestmentsDataPortfolioList" order="16.0"/>
    <link:loc xlink:type="locator" xlink:href="p-AS_D1-2011-06-30.xsd#p-AS_D1_ExternalRatingInvestmentsDataPortfolioList" xlink:label="p-AS_D1_ExternalRatingInvestmentsDataPortfolioList" xlink:title="p-AS_D1_ExternalRatingInvestmentsDataPortfolioList"/>
    <link:definitionArc xlink:type="arc" xlink:arcrole="http://xbrl.org/int/dim/arcrole/domain-member" xlink:from="p-AS_D1_InvestmentsDataPortfolioList" xlink:to="p-AS_D1_ExternalRatingInvestmentsDataPortfolioList" xlink:title="p-AS_D1_InvestmentsDataPortfolioList to p-AS_D1_ExternalRatingInvestmentsDataPortfolioList" order="17.0"/>
    <link:loc xlink:type="locator" xlink:href="p-AS_D1-2011-06-30.xsd#p-AS_D1_RatingAgencyInvestmentsDataPortfolioList" xlink:label="p-AS_D1_RatingAgencyInvestmentsDataPortfolioList" xlink:title="p-AS_D1_RatingAgencyInvestmentsDataPortfolioList"/>
    <link:definitionArc xlink:type="arc" xlink:arcrole="http://xbrl.org/int/dim/arcrole/domain-member" xlink:from="p-AS_D1_InvestmentsDataPortfolioList" xlink:to="p-AS_D1_RatingAgencyInvestmentsDataPortfolioList" xlink:title="p-AS_D1_InvestmentsDataPortfolioList to p-AS_D1_RatingAgencyInvestmentsDataPortfolioList" order="18.0"/>
    <link:loc xlink:type="locator" xlink:href="p-AS_D1-2011-06-30.xsd#p-AS_D1_UnderlyingAssetsOfSecuritizationInvestmentsDataPortfolioList" xlink:label="p-AS_D1_UnderlyingAssetsOfSecuritizationInvestmentsDataPortfolioList" xlink:title="p-AS_D1_UnderlyingAssetsOfSecuritizationInvestmentsDataPortfolioList"/>
    <link:definitionArc xlink:type="arc" xlink:arcrole="http://xbrl.org/int/dim/arcrole/domain-member" xlink:from="p-AS_D1_InvestmentsDataPortfolioList" xlink:to="p-AS_D1_UnderlyingAssetsOfSecuritizationInvestmentsDataPortfolioList" xlink:title="p-AS_D1_InvestmentsDataPortfolioList to p-AS_D1_UnderlyingAssetsOfSecuritizationInvestmentsDataPortfolioList" order="19.0"/>
    <link:loc xlink:type="locator" xlink:href="p-AS_D1-2011-06-30.xsd#p-AS_D1_DurationInvestmentsDataPortfolioList" xlink:label="p-AS_D1_DurationInvestmentsDataPortfolioList" xlink:title="p-AS_D1_DurationInvestmentsDataPortfolioList"/>
    <link:definitionArc xlink:type="arc" xlink:arcrole="http://xbrl.org/int/dim/arcrole/domain-member" xlink:from="p-AS_D1_InvestmentsDataPortfolioList" xlink:to="p-AS_D1_DurationInvestmentsDataPortfolioList" xlink:title="p-AS_D1_InvestmentsDataPortfolioList to p-AS_D1_DurationInvestmentsDataPortfolioList" order="20.0"/>
    <link:loc xlink:type="locator" xlink:href="p-AS_D1-2011-06-30.xsd#p-AS_D1_QuantityInvestmentsDataPortfolioList" xlink:label="p-AS_D1_QuantityInvestmentsDataPortfolioList" xlink:title="p-AS_D1_QuantityInvestmentsDataPortfolioList"/>
    <link:definitionArc xlink:type="arc" xlink:arcrole="http://xbrl.org/int/dim/arcrole/domain-member" xlink:from="p-AS_D1_InvestmentsDataPortfolioList" xlink:to="p-AS_D1_QuantityInvestmentsDataPortfolioList" xlink:title="p-AS_D1_InvestmentsDataPortfolioList to p-AS_D1_QuantityInvestmentsDataPortfolioList" order="21.0"/>
    <link:loc xlink:type="locator" xlink:href="p-AS_D1-2011-06-30.xsd#p-AS_D1_UnitSiiPriceInvestmentsDataPortfolioList" xlink:label="p-AS_D1_UnitSiiPriceInvestmentsDataPortfolioList" xlink:title="p-AS_D1_UnitSiiPriceInvestmentsDataPortfolioList"/>
    <link:definitionArc xlink:type="arc" xlink:arcrole="http://xbrl.org/int/dim/arcrole/domain-member" xlink:from="p-AS_D1_InvestmentsDataPortfolioList" xlink:to="p-AS_D1_UnitSiiPriceInvestmentsDataPortfolioList" xlink:title="p-AS_D1_InvestmentsDataPortfolioList to p-AS_D1_UnitSiiPriceInvestmentsDataPortfolioList" order="22.0"/>
    <link:loc xlink:type="locator" xlink:href="p-AS_D1-2011-06-30.xsd#p-AS_D1_ValuationMethodSiiInvestmentsDataPortfolioList" xlink:label="p-AS_D1_ValuationMethodSiiInvestmentsDataPortfolioList" xlink:title="p-AS_D1_ValuationMethodSiiInvestmentsDataPortfolioList"/>
    <link:definitionArc xlink:type="arc" xlink:arcrole="http://xbrl.org/int/dim/arcrole/domain-member" xlink:from="p-AS_D1_InvestmentsDataPortfolioList" xlink:to="p-AS_D1_ValuationMethodSiiInvestmentsDataPortfolioList" xlink:title="p-AS_D1_InvestmentsDataPortfolioList to p-AS_D1_ValuationMethodSiiInvestmentsDataPortfolioList" order="23.0"/>
    <link:loc xlink:type="locator" xlink:href="p-AS_D1-2011-06-30.xsd#p-AS_D1_AcquisitionCostInvestmentsDataPortfolioList" xlink:label="p-AS_D1_AcquisitionCostInvestmentsDataPortfolioList" xlink:title="p-AS_D1_AcquisitionCostInvestmentsDataPortfolioList"/>
    <link:definitionArc xlink:type="arc" xlink:arcrole="http://xbrl.org/int/dim/arcrole/domain-member" xlink:from="p-AS_D1_InvestmentsDataPortfolioList" xlink:to="p-AS_D1_AcquisitionCostInvestmentsDataPortfolioList" xlink:title="p-AS_D1_InvestmentsDataPortfolioList to p-AS_D1_AcquisitionCostInvestmentsDataPortfolioList" order="24.0"/>
    <link:loc xlink:type="locator" xlink:href="p-AS_D1-2011-06-30.xsd#p-AS_D1_TotalSiiAmountInvestmentsDataPortfolioList" xlink:label="p-AS_D1_TotalSiiAmountInvestmentsDataPortfolioList" xlink:title="p-AS_D1_TotalSiiAmountInvestmentsDataPortfolioList"/>
    <link:definitionArc xlink:type="arc" xlink:arcrole="http://xbrl.org/int/dim/arcrole/domain-member" xlink:from="p-AS_D1_InvestmentsDataPortfolioList" xlink:to="p-AS_D1_TotalSiiAmountInvestmentsDataPortfolioList" xlink:title="p-AS_D1_InvestmentsDataPortfolioList to p-AS_D1_TotalSiiAmountInvestmentsDataPortfolioList" order="25.0"/>
    <link:loc xlink:type="locator" xlink:href="p-AS_D1-2011-06-30.xsd#p-AS_D1_MaturityDateInvestmentsDataPortfolioList" xlink:label="p-AS_D1_MaturityDateInvestmentsDataPortfolioList" xlink:title="p-AS_D1_MaturityDateInvestmentsDataPortfolioList"/>
    <link:definitionArc xlink:type="arc" xlink:arcrole="http://xbrl.org/int/dim/arcrole/domain-member" xlink:from="p-AS_D1_InvestmentsDataPortfolioList" xlink:to="p-AS_D1_MaturityDateInvestmentsDataPortfolioList" xlink:title="p-AS_D1_InvestmentsDataPortfolioList to p-AS_D1_MaturityDateInvestmentsDataPortfolioList" order="26.0"/>
    <link:loc xlink:type="locator" xlink:href="p-AS_D1-2011-06-30.xsd#p-AS_D1_AccruedInterestInvestmentsDataPortfolioList" xlink:label="p-AS_D1_AccruedInterestInvestmentsDataPortfolioList" xlink:title="p-AS_D1_AccruedInterestInvestmentsDataPortfolioList"/>
    <link:definitionArc xlink:type="arc" xlink:arcrole="http://xbrl.org/int/dim/arcrole/domain-member" xlink:from="p-AS_D1_InvestmentsDataPortfolioList" xlink:to="p-AS_D1_AccruedInterestInvestmentsDataPortfolioList" xlink:title="p-AS_D1_InvestmentsDataPortfolioList to p-AS_D1_AccruedInterestInvestmentsDataPortfolioList" order="27.0"/>
  </link:definitionLink>
  <link:definitionLink xlink:type="extended" xlink:role="http://www.eiopa.europa.eu/pr/solvencyii/role/t-AS_D1_HC_InvestmentsDataPortfolioListTemplate_H00002Hypercube">
    <link:loc xlink:type="locator" xlink:href="t-AS_D1-2011-06-30.xsd#t-AS_D1_H00002Hypercube" xlink:label="t-AS_D1_H00002Hypercube" xlink:title="t-AS_D1_H00002Hypercube"/>
    <link:loc xlink:type="locator" xlink:href="d-sai-2011-06-30.xsd#d-sai_AssetIdentificationDimension" xlink:label="d-sai_AssetIdentificationDimension" xlink:title="d-sai_AssetIdentificationDimension"/>
    <link:definitionArc xlink:type="arc" xlink:arcrole="http://xbrl.org/int/dim/arcrole/hypercube-dimension" xlink:from="t-AS_D1_H00002Hypercube" xlink:to="d-sai_AssetIdentificationDimension" xlink:title="t-AS_D1_H00002Hypercube to d-sai_AssetIdentificationDimension" order="1.0"/>
    <link:loc xlink:type="locator" xlink:href="d-soc-2011-06-30.xsd#d-soc_SoloOrGroupDimension" xlink:label="d-soc_SoloOrGroupDimension" xlink:title="d-soc_SoloOrGroupDimension"/>
    <link:definitionArc xlink:type="arc" xlink:arcrole="http://xbrl.org/int/dim/arcrole/hypercube-dimension" xlink:from="t-AS_D1_H00002Hypercube" xlink:to="d-soc_SoloOrGroupDimension" xlink:title="t-AS_D1_H00002Hypercube to d-soc_SoloOrGroupDimension" order="2.0"/>
    <link:loc xlink:type="locator" xlink:href="d-soc-2011-06-30.xsd#d-soc_Group" xlink:label="d-soc_Group" xlink:title="d-soc_Group"/>
    <link:definitionArc xlink:type="arc" xlink:arcrole="http://xbrl.org/int/dim/arcrole/dimension-domain" xlink:from="d-soc_SoloOrGroupDimension" xlink:to="d-soc_Group" xlink:title="d-soc_SoloOrGroupDimension to d-soc_Group" order="3.0"/>
    <link:loc xlink:type="locator" xlink:href="d-soc-2011-06-30.xsd#d-soc_Solo" xlink:label="d-soc_Solo" xlink:title="d-soc_Solo"/>
    <link:definitionArc xlink:type="arc" xlink:arcrole="http://xbrl.org/int/dim/arcrole/dimension-domain" xlink:from="d-soc_SoloOrGroupDimension" xlink:to="d-soc_Solo" xlink:title="d-soc_SoloOrGroupDimension to d-soc_Solo" order="4.0"/>
  </link:definitionLink>
</link:linkbase>
