<?xml version="1.0" encoding="utf-8"?>
<!-- Solvency II Taxonomy - 2011-06-30 -->
<!-- Copyright (C) 2011 European Insurance and Occupational Pensions Authority -->
<link:linkbase xmlns:xsi="http://www.w3.org/2001/XMLSchema-instance"
  xmlns:link="http://www.xbrl.org/2003/linkbase"
  xmlns:xbrli="http://www.xbrl.org/2003/instance"
  xmlns:xbrldt="http://xbrl.org/2005/xbrldt"
  xmlns:xlink="http://www.w3.org/1999/xlink"
  xmlns:generic="http://xbrl.org/2008/generic"
  xmlns:ref-surfi="http://www.eiopa.europa.eu/pr/solvencyii/reference-elements"
  xmlns:of-which="http://www.eiopa.europa.eu/pr/solvencyii/including-included"
  xsi:schemaLocation="http://www.xbrl.org/2003/linkbase http://www.xbrl.org/2003/xbrl-linkbase-2003-12-31.xsd"
  >
  <link:roleRef roleURI="http://www.eiopa.europa.eu/pr/solvencyii/role/t-AS_D1_InvestmentsDataPortfolioList" xlink:type="simple" xlink:href="t-AS_D1-2011-06-30.xsd#t-AS_D1_InvestmentsDataPortfolioList-Role"/>
  <link:presentationLink xlink:type="extended" xlink:role="http://www.eiopa.europa.eu/pr/solvencyii/role/t-AS_D1_InvestmentsDataPortfolioList">
    <link:loc xlink:type="locator" xlink:href="p-AS_D1-2011-06-30.xsd#p-AS_D1_InvestmentsDataPortfolioList" xlink:label="p-AS_D1_InvestmentsDataPortfolioList" xlink:title="p-AS_D1_InvestmentsDataPortfolioList"/>
    <link:loc xlink:type="locator" xlink:href="p-AS_D1-2011-06-30.xsd#p-AS_D1_PortfolioInvestmentsDataPortfolioList" xlink:label="p-AS_D1_PortfolioInvestmentsDataPortfolioList" xlink:title="p-AS_D1_PortfolioInvestmentsDataPortfolioList"/>
    <link:presentationArc xlink:type="arc" xlink:arcrole="http://www.xbrl.org/2003/arcrole/parent-child" xlink:from="p-AS_D1_InvestmentsDataPortfolioList" xlink:to="p-AS_D1_PortfolioInvestmentsDataPortfolioList" xlink:title="p-AS_D1_InvestmentsDataPortfolioList to p-AS_D1_PortfolioInvestmentsDataPortfolioList" order="1.0"/>
    <link:loc xlink:type="locator" xlink:href="p-AS_D1-2011-06-30.xsd#p-AS_D1_FundNumberInvestmentsDataPortfolioList" xlink:label="p-AS_D1_FundNumberInvestmentsDataPortfolioList" xlink:title="p-AS_D1_FundNumberInvestmentsDataPortfolioList"/>
    <link:presentationArc xlink:type="arc" xlink:arcrole="http://www.xbrl.org/2003/arcrole/parent-child" xlink:from="p-AS_D1_InvestmentsDataPortfolioList" xlink:to="p-AS_D1_FundNumberInvestmentsDataPortfolioList" xlink:title="p-AS_D1_InvestmentsDataPortfolioList to p-AS_D1_FundNumberInvestmentsDataPortfolioList" order="2.0"/>
    <link:loc xlink:type="locator" xlink:href="p-AS_D1-2011-06-30.xsd#p-AS_D1_AssetHeldInUnitLinkedAndIndexLinkedFundsYNInvestmentsDataPortfolioList" xlink:label="p-AS_D1_AssetHeldInUnitLinkedAndIndexLinkedFundsYNInvestmentsDataPortfolioList" xlink:title="p-AS_D1_AssetHeldInUnitLinkedAndIndexLinkedFundsYNInvestmentsDataPortfolioList"/>
    <link:presentationArc xlink:type="arc" xlink:arcrole="http://www.xbrl.org/2003/arcrole/parent-child" xlink:from="p-AS_D1_InvestmentsDataPortfolioList" xlink:to="p-AS_D1_AssetHeldInUnitLinkedAndIndexLinkedFundsYNInvestmentsDataPortfolioList" xlink:title="p-AS_D1_InvestmentsDataPortfolioList to p-AS_D1_AssetHeldInUnitLinkedAndIndexLinkedFundsYNInvestmentsDataPortfolioList" order="3.0"/>
    <link:loc xlink:type="locator" xlink:href="p-AS_D1-2011-06-30.xsd#p-AS_D1_IdCodeInvestmentsDataPortfolioList" xlink:label="p-AS_D1_IdCodeInvestmentsDataPortfolioList" xlink:title="p-AS_D1_IdCodeInvestmentsDataPortfolioList"/>
    <link:presentationArc xlink:type="arc" xlink:arcrole="http://www.xbrl.org/2003/arcrole/parent-child" xlink:from="p-AS_D1_InvestmentsDataPortfolioList" xlink:to="p-AS_D1_IdCodeInvestmentsDataPortfolioList" xlink:title="p-AS_D1_InvestmentsDataPortfolioList to p-AS_D1_IdCodeInvestmentsDataPortfolioList" order="4.0"/>
    <link:loc xlink:type="locator" xlink:href="p-AS_D1-2011-06-30.xsd#p-AS_D1_IdCodeTypeInvestmentsDataPortfolioList" xlink:label="p-AS_D1_IdCodeTypeInvestmentsDataPortfolioList" xlink:title="p-AS_D1_IdCodeTypeInvestmentsDataPortfolioList"/>
    <link:presentationArc xlink:type="arc" xlink:arcrole="http://www.xbrl.org/2003/arcrole/parent-child" xlink:from="p-AS_D1_InvestmentsDataPortfolioList" xlink:to="p-AS_D1_IdCodeTypeInvestmentsDataPortfolioList" xlink:title="p-AS_D1_InvestmentsDataPortfolioList to p-AS_D1_IdCodeTypeInvestmentsDataPortfolioList" order="5.0"/>
    <link:loc xlink:type="locator" xlink:href="p-AS_D1-2011-06-30.xsd#p-AS_D1_AssetPledgedAsCollateralInvestmentsDataPortfolioList" xlink:label="p-AS_D1_AssetPledgedAsCollateralInvestmentsDataPortfolioList" xlink:title="p-AS_D1_AssetPledgedAsCollateralInvestmentsDataPortfolioList"/>
    <link:presentationArc xlink:type="arc" xlink:arcrole="http://www.xbrl.org/2003/arcrole/parent-child" xlink:from="p-AS_D1_InvestmentsDataPortfolioList" xlink:to="p-AS_D1_AssetPledgedAsCollateralInvestmentsDataPortfolioList" xlink:title="p-AS_D1_InvestmentsDataPortfolioList to p-AS_D1_AssetPledgedAsCollateralInvestmentsDataPortfolioList" order="6.0"/>
    <link:loc xlink:type="locator" xlink:href="p-AS_D1-2011-06-30.xsd#p-AS_D1_SecurityTitleInvestmentsDataPortfolioList" xlink:label="p-AS_D1_SecurityTitleInvestmentsDataPortfolioList" xlink:title="p-AS_D1_SecurityTitleInvestmentsDataPortfolioList"/>
    <link:presentationArc xlink:type="arc" xlink:arcrole="http://www.xbrl.org/2003/arcrole/parent-child" xlink:from="p-AS_D1_InvestmentsDataPortfolioList" xlink:to="p-AS_D1_SecurityTitleInvestmentsDataPortfolioList" xlink:title="p-AS_D1_InvestmentsDataPortfolioList to p-AS_D1_SecurityTitleInvestmentsDataPortfolioList" order="7.0"/>
    <link:loc xlink:type="locator" xlink:href="p-AS_D1-2011-06-30.xsd#p-AS_D1_IssuerNameInvestmentsDataPortfolioList" xlink:label="p-AS_D1_IssuerNameInvestmentsDataPortfolioList" xlink:title="p-AS_D1_IssuerNameInvestmentsDataPortfolioList"/>
    <link:presentationArc xlink:type="arc" xlink:arcrole="http://www.xbrl.org/2003/arcrole/parent-child" xlink:from="p-AS_D1_InvestmentsDataPortfolioList" xlink:to="p-AS_D1_IssuerNameInvestmentsDataPortfolioList" xlink:title="p-AS_D1_InvestmentsDataPortfolioList to p-AS_D1_IssuerNameInvestmentsDataPortfolioList" order="8.0"/>
    <link:loc xlink:type="locator" xlink:href="p-AS_D1-2011-06-30.xsd#p-AS_D1_IssuerSectorInvestmentsDataPortfolioList" xlink:label="p-AS_D1_IssuerSectorInvestmentsDataPortfolioList" xlink:title="p-AS_D1_IssuerSectorInvestmentsDataPortfolioList"/>
    <link:presentationArc xlink:type="arc" xlink:arcrole="http://www.xbrl.org/2003/arcrole/parent-child" xlink:from="p-AS_D1_InvestmentsDataPortfolioList" xlink:to="p-AS_D1_IssuerSectorInvestmentsDataPortfolioList" xlink:title="p-AS_D1_InvestmentsDataPortfolioList to p-AS_D1_IssuerSectorInvestmentsDataPortfolioList" order="9.0"/>
    <link:loc xlink:type="locator" xlink:href="p-AS_D1-2011-06-30.xsd#p-AS_D1_IssuerGroupCodeInvestmentsDataPortfolioList" xlink:label="p-AS_D1_IssuerGroupCodeInvestmentsDataPortfolioList" xlink:title="p-AS_D1_IssuerGroupCodeInvestmentsDataPortfolioList"/>
    <link:presentationArc xlink:type="arc" xlink:arcrole="http://www.xbrl.org/2003/arcrole/parent-child" xlink:from="p-AS_D1_InvestmentsDataPortfolioList" xlink:to="p-AS_D1_IssuerGroupCodeInvestmentsDataPortfolioList" xlink:title="p-AS_D1_InvestmentsDataPortfolioList to p-AS_D1_IssuerGroupCodeInvestmentsDataPortfolioList" order="10.0"/>
    <link:loc xlink:type="locator" xlink:href="p-AS_D1-2011-06-30.xsd#p-AS_D1_IssuerCountryInvestmentsDataPortfolioList" xlink:label="p-AS_D1_IssuerCountryInvestmentsDataPortfolioList" xlink:title="p-AS_D1_IssuerCountryInvestmentsDataPortfolioList"/>
    <link:presentationArc xlink:type="arc" xlink:arcrole="http://www.xbrl.org/2003/arcrole/parent-child" xlink:from="p-AS_D1_InvestmentsDataPortfolioList" xlink:to="p-AS_D1_IssuerCountryInvestmentsDataPortfolioList" xlink:title="p-AS_D1_InvestmentsDataPortfolioList to p-AS_D1_IssuerCountryInvestmentsDataPortfolioList" order="11.0"/>
    <link:loc xlink:type="locator" xlink:href="p-AS_D1-2011-06-30.xsd#p-AS_D1_CountryOfCustodyInvestmentsDataPortfolioList" xlink:label="p-AS_D1_CountryOfCustodyInvestmentsDataPortfolioList" xlink:title="p-AS_D1_CountryOfCustodyInvestmentsDataPortfolioList"/>
    <link:presentationArc xlink:type="arc" xlink:arcrole="http://www.xbrl.org/2003/arcrole/parent-child" xlink:from="p-AS_D1_InvestmentsDataPortfolioList" xlink:to="p-AS_D1_CountryOfCustodyInvestmentsDataPortfolioList" xlink:title="p-AS_D1_InvestmentsDataPortfolioList to p-AS_D1_CountryOfCustodyInvestmentsDataPortfolioList" order="12.0"/>
    <link:loc xlink:type="locator" xlink:href="p-AS_D1-2011-06-30.xsd#p-AS_D1_CurrencyIsoCodeInvestmentsDataPortfolioList" xlink:label="p-AS_D1_CurrencyIsoCodeInvestmentsDataPortfolioList" xlink:title="p-AS_D1_CurrencyIsoCodeInvestmentsDataPortfolioList"/>
    <link:presentationArc xlink:type="arc" xlink:arcrole="http://www.xbrl.org/2003/arcrole/parent-child" xlink:from="p-AS_D1_InvestmentsDataPortfolioList" xlink:to="p-AS_D1_CurrencyIsoCodeInvestmentsDataPortfolioList" xlink:title="p-AS_D1_InvestmentsDataPortfolioList to p-AS_D1_CurrencyIsoCodeInvestmentsDataPortfolioList" order="13.0"/>
    <link:loc xlink:type="locator" xlink:href="p-AS_D1-2011-06-30.xsd#p-AS_D1_CicInvestmentsDataPortfolioList" xlink:label="p-AS_D1_CicInvestmentsDataPortfolioList" xlink:title="p-AS_D1_CicInvestmentsDataPortfolioList"/>
    <link:presentationArc xlink:type="arc" xlink:arcrole="http://www.xbrl.org/2003/arcrole/parent-child" xlink:from="p-AS_D1_InvestmentsDataPortfolioList" xlink:to="p-AS_D1_CicInvestmentsDataPortfolioList" xlink:title="p-AS_D1_InvestmentsDataPortfolioList to p-AS_D1_CicInvestmentsDataPortfolioList" order="14.0"/>
    <link:loc xlink:type="locator" xlink:href="p-AS_D1-2011-06-30.xsd#p-AS_D1_ParticipationInvestmentsDataPortfolioList" xlink:label="p-AS_D1_ParticipationInvestmentsDataPortfolioList" xlink:title="p-AS_D1_ParticipationInvestmentsDataPortfolioList"/>
    <link:presentationArc xlink:type="arc" xlink:arcrole="http://www.xbrl.org/2003/arcrole/parent-child" xlink:from="p-AS_D1_InvestmentsDataPortfolioList" xlink:to="p-AS_D1_ParticipationInvestmentsDataPortfolioList" xlink:title="p-AS_D1_InvestmentsDataPortfolioList to p-AS_D1_ParticipationInvestmentsDataPortfolioList" order="15.0"/>
    <link:loc xlink:type="locator" xlink:href="p-AS_D1-2011-06-30.xsd#p-AS_D1_ExternalRatingInvestmentsDataPortfolioList" xlink:label="p-AS_D1_ExternalRatingInvestmentsDataPortfolioList" xlink:title="p-AS_D1_ExternalRatingInvestmentsDataPortfolioList"/>
    <link:presentationArc xlink:type="arc" xlink:arcrole="http://www.xbrl.org/2003/arcrole/parent-child" xlink:from="p-AS_D1_InvestmentsDataPortfolioList" xlink:to="p-AS_D1_ExternalRatingInvestmentsDataPortfolioList" xlink:title="p-AS_D1_InvestmentsDataPortfolioList to p-AS_D1_ExternalRatingInvestmentsDataPortfolioList" order="16.0"/>
    <link:loc xlink:type="locator" xlink:href="p-AS_D1-2011-06-30.xsd#p-AS_D1_RatingAgencyInvestmentsDataPortfolioList" xlink:label="p-AS_D1_RatingAgencyInvestmentsDataPortfolioList" xlink:title="p-AS_D1_RatingAgencyInvestmentsDataPortfolioList"/>
    <link:presentationArc xlink:type="arc" xlink:arcrole="http://www.xbrl.org/2003/arcrole/parent-child" xlink:from="p-AS_D1_InvestmentsDataPortfolioList" xlink:to="p-AS_D1_RatingAgencyInvestmentsDataPortfolioList" xlink:title="p-AS_D1_InvestmentsDataPortfolioList to p-AS_D1_RatingAgencyInvestmentsDataPortfolioList" order="17.0"/>
    <link:loc xlink:type="locator" xlink:href="p-AS_D1-2011-06-30.xsd#p-AS_D1_UnderlyingAssetsOfSecuritizationInvestmentsDataPortfolioList" xlink:label="p-AS_D1_UnderlyingAssetsOfSecuritizationInvestmentsDataPortfolioList" xlink:title="p-AS_D1_UnderlyingAssetsOfSecuritizationInvestmentsDataPortfolioList"/>
    <link:presentationArc xlink:type="arc" xlink:arcrole="http://www.xbrl.org/2003/arcrole/parent-child" xlink:from="p-AS_D1_InvestmentsDataPortfolioList" xlink:to="p-AS_D1_UnderlyingAssetsOfSecuritizationInvestmentsDataPortfolioList" xlink:title="p-AS_D1_InvestmentsDataPortfolioList to p-AS_D1_UnderlyingAssetsOfSecuritizationInvestmentsDataPortfolioList" order="18.0"/>
    <link:loc xlink:type="locator" xlink:href="p-AS_D1-2011-06-30.xsd#p-AS_D1_DurationInvestmentsDataPortfolioList" xlink:label="p-AS_D1_DurationInvestmentsDataPortfolioList" xlink:title="p-AS_D1_DurationInvestmentsDataPortfolioList"/>
    <link:presentationArc xlink:type="arc" xlink:arcrole="http://www.xbrl.org/2003/arcrole/parent-child" xlink:from="p-AS_D1_InvestmentsDataPortfolioList" xlink:to="p-AS_D1_DurationInvestmentsDataPortfolioList" xlink:title="p-AS_D1_InvestmentsDataPortfolioList to p-AS_D1_DurationInvestmentsDataPortfolioList" order="19.0"/>
    <link:loc xlink:type="locator" xlink:href="p-AS_D1-2011-06-30.xsd#p-AS_D1_QuantityInvestmentsDataPortfolioList" xlink:label="p-AS_D1_QuantityInvestmentsDataPortfolioList" xlink:title="p-AS_D1_QuantityInvestmentsDataPortfolioList"/>
    <link:presentationArc xlink:type="arc" xlink:arcrole="http://www.xbrl.org/2003/arcrole/parent-child" xlink:from="p-AS_D1_InvestmentsDataPortfolioList" xlink:to="p-AS_D1_QuantityInvestmentsDataPortfolioList" xlink:title="p-AS_D1_InvestmentsDataPortfolioList to p-AS_D1_QuantityInvestmentsDataPortfolioList" order="20.0"/>
    <link:loc xlink:type="locator" xlink:href="p-AS_D1-2011-06-30.xsd#p-AS_D1_UnitSiiPriceInvestmentsDataPortfolioList" xlink:label="p-AS_D1_UnitSiiPriceInvestmentsDataPortfolioList" xlink:title="p-AS_D1_UnitSiiPriceInvestmentsDataPortfolioList"/>
    <link:presentationArc xlink:type="arc" xlink:arcrole="http://www.xbrl.org/2003/arcrole/parent-child" xlink:from="p-AS_D1_InvestmentsDataPortfolioList" xlink:to="p-AS_D1_UnitSiiPriceInvestmentsDataPortfolioList" xlink:title="p-AS_D1_InvestmentsDataPortfolioList to p-AS_D1_UnitSiiPriceInvestmentsDataPortfolioList" order="21.0"/>
    <link:loc xlink:type="locator" xlink:href="p-AS_D1-2011-06-30.xsd#p-AS_D1_ValuationMethodSiiInvestmentsDataPortfolioList" xlink:label="p-AS_D1_ValuationMethodSiiInvestmentsDataPortfolioList" xlink:title="p-AS_D1_ValuationMethodSiiInvestmentsDataPortfolioList"/>
    <link:presentationArc xlink:type="arc" xlink:arcrole="http://www.xbrl.org/2003/arcrole/parent-child" xlink:from="p-AS_D1_InvestmentsDataPortfolioList" xlink:to="p-AS_D1_ValuationMethodSiiInvestmentsDataPortfolioList" xlink:title="p-AS_D1_InvestmentsDataPortfolioList to p-AS_D1_ValuationMethodSiiInvestmentsDataPortfolioList" order="22.0"/>
    <link:loc xlink:type="locator" xlink:href="p-AS_D1-2011-06-30.xsd#p-AS_D1_AcquisitionCostInvestmentsDataPortfolioList" xlink:label="p-AS_D1_AcquisitionCostInvestmentsDataPortfolioList" xlink:title="p-AS_D1_AcquisitionCostInvestmentsDataPortfolioList"/>
    <link:presentationArc xlink:type="arc" xlink:arcrole="http://www.xbrl.org/2003/arcrole/parent-child" xlink:from="p-AS_D1_InvestmentsDataPortfolioList" xlink:to="p-AS_D1_AcquisitionCostInvestmentsDataPortfolioList" xlink:title="p-AS_D1_InvestmentsDataPortfolioList to p-AS_D1_AcquisitionCostInvestmentsDataPortfolioList" order="23.0"/>
    <link:loc xlink:type="locator" xlink:href="p-AS_D1-2011-06-30.xsd#p-AS_D1_TotalSiiAmountInvestmentsDataPortfolioList" xlink:label="p-AS_D1_TotalSiiAmountInvestmentsDataPortfolioList" xlink:title="p-AS_D1_TotalSiiAmountInvestmentsDataPortfolioList"/>
    <link:presentationArc xlink:type="arc" xlink:arcrole="http://www.xbrl.org/2003/arcrole/parent-child" xlink:from="p-AS_D1_InvestmentsDataPortfolioList" xlink:to="p-AS_D1_TotalSiiAmountInvestmentsDataPortfolioList" xlink:title="p-AS_D1_InvestmentsDataPortfolioList to p-AS_D1_TotalSiiAmountInvestmentsDataPortfolioList" order="24.0"/>
    <link:loc xlink:type="locator" xlink:href="p-AS_D1-2011-06-30.xsd#p-AS_D1_MaturityDateInvestmentsDataPortfolioList" xlink:label="p-AS_D1_MaturityDateInvestmentsDataPortfolioList" xlink:title="p-AS_D1_MaturityDateInvestmentsDataPortfolioList"/>
    <link:presentationArc xlink:type="arc" xlink:arcrole="http://www.xbrl.org/2003/arcrole/parent-child" xlink:from="p-AS_D1_InvestmentsDataPortfolioList" xlink:to="p-AS_D1_MaturityDateInvestmentsDataPortfolioList" xlink:title="p-AS_D1_InvestmentsDataPortfolioList to p-AS_D1_MaturityDateInvestmentsDataPortfolioList" order="25.0"/>
    <link:loc xlink:type="locator" xlink:href="p-AS_D1-2011-06-30.xsd#p-AS_D1_AccruedInterestInvestmentsDataPortfolioList" xlink:label="p-AS_D1_AccruedInterestInvestmentsDataPortfolioList" xlink:title="p-AS_D1_AccruedInterestInvestmentsDataPortfolioList"/>
    <link:presentationArc xlink:type="arc" xlink:arcrole="http://www.xbrl.org/2003/arcrole/parent-child" xlink:from="p-AS_D1_InvestmentsDataPortfolioList" xlink:to="p-AS_D1_AccruedInterestInvestmentsDataPortfolioList" xlink:title="p-AS_D1_InvestmentsDataPortfolioList to p-AS_D1_AccruedInterestInvestmentsDataPortfolioList" order="26.0"/>
  </link:presentationLink>
</link:linkbase>
