<?xml version="1.0" encoding="UTF-8"?>
<!-- Solvency II Taxonomy - 2011-06-30 -->
<!-- Copyright (C) 2011 European Insurance and Occupational Pensions Authority -->
<link:linkbase xmlns:xsi="http://www.w3.org/2001/XMLSchema-instance" xsi:schemaLocation="http://www.xbrl.org/2003/linkbase http://www.xbrl.org/2003/xbrl-linkbase-2003-12-31.xsd" xmlns:generic="http://xbrl.org/2008/generic" xmlns:link="http://www.xbrl.org/2003/linkbase" xmlns:of-which="http://www.eiopa.europa.eu/pr/solvencyii/including-included" xmlns:ref-surfi="http://www.eiopa.europa.eu/pr/solvencyii/reference-elements" xmlns:xbrli="http://www.xbrl.org/2003/instance" xmlns:xbrldt="http://xbrl.org/2005/xbrldt" xmlns:xlink="http://www.w3.org/1999/xlink">
  <link:roleRef roleURI="http://www.eiopa.europa.eu/pr/solvencyii/role/code" xlink:type="simple" xlink:href="primary-types-2011-06-30.xsd#code"/>
  <link:labelLink xlink:type="extended" xlink:role="http://www.xbrl.org/2003/role/link">
    <link:loc xlink:type="locator" xlink:href="t-BS_C1-2011-06-30.xsd#t-BS_C1_H00001Hypercube" xlink:label="t-BS_C1_H00001Hypercube" xlink:title="t-BS_C1_H00001Hypercube"/>
    <link:label xlink:type="resource" xlink:label="label_t-BS_C1_H00001Hypercube_001" xlink:role="http://www.xbrl.org/2003/role/label" xlink:title="label_t-BS_C1_H00001Hypercube_001" xml:lang="en" id="label_t-BS_C1_H00001Hypercube_001">H00001 (Hypercube)</link:label>
    <link:labelArc xlink:type="arc" xlink:arcrole="http://www.xbrl.org/2003/arcrole/concept-label" xlink:from="t-BS_C1_H00001Hypercube" xlink:to="label_t-BS_C1_H00001Hypercube_001" xlink:title="t-BS_C1_H00001Hypercube to label_t-BS_C1_H00001Hypercube_001"/>
    <link:label xlink:type="resource" xlink:label="label_t-BS_C1_H00001Hypercube_002" xlink:role="http://www.eiopa.europa.eu/pr/solvencyii/role/code" xlink:title="label_t-BS_C1_H00001Hypercube_002" xml:lang="en" id="label_t-BS_C1_H00001Hypercube_002">H00001</link:label>
    <link:labelArc xlink:type="arc" xlink:arcrole="http://www.xbrl.org/2003/arcrole/concept-label" xlink:from="t-BS_C1_H00001Hypercube" xlink:to="label_t-BS_C1_H00001Hypercube_002" xlink:title="t-BS_C1_H00001Hypercube to label_t-BS_C1_H00001Hypercube_002"/>
    <link:loc xlink:type="locator" xlink:href="t-BS_C1-2011-06-30.xsd#t-BS_C1_H00088Hypercube" xlink:label="H00088Hypercube" xlink:title="H00088Hypercube"/>
    <link:label xlink:type="resource" xlink:label="label_H00088Hypercube" xlink:role="http://www.xbrl.org/2003/role/label" xlink:title="label_H00088Hypercube" xml:lang="en" id="label_H00088Hypercube">H00088 (Hypercube)</link:label>
    <link:labelArc xlink:type="arc" xlink:arcrole="http://www.xbrl.org/2003/arcrole/concept-label" xlink:from="H00088Hypercube" xlink:to="label_H00088Hypercube" xlink:title="label: H00088Hypercube to label_H00088Hypercube"/>
    <link:label xlink:type="resource" xlink:label="label_H00088Hypercube_2" xlink:role="http://www.eiopa.europa.eu/pr/solvencyii/role/code" xlink:title="label_H00088Hypercube" xml:lang="en" id="label_H00088Hypercube_2">H00088</link:label>
    <link:labelArc xlink:type="arc" xlink:arcrole="http://www.xbrl.org/2003/arcrole/concept-label" xlink:from="H00088Hypercube" xlink:to="label_H00088Hypercube_2" xlink:title="label: H00088Hypercube to label_H00088Hypercube"/>
  </link:labelLink>
</link:linkbase>
