<?xml version="1.0" encoding="utf-8"?>
<!-- Copyright (C) 2011 European Insurance and Occupational Pensions Authority -->
<!-- Skeleton instance -->
<xbrli:xbrl
  xmlns:xsi="http://www.w3.org/2001/XMLSchema-instance"
  xmlns:xbrli="http://www.xbrl.org/2003/instance"
  xmlns:iso4217="http://www.xbrl.org/2003/iso4217"
  xmlns:xlink="http://www.w3.org/1999/xlink"
  xmlns:link="http://www.xbrl.org/2003/linkbase"
  xmlns:xbrldi="http://xbrl.org/2006/xbrldi"
  xmlns:p-BS_C1="http://www.eiopa.europa.eu/pr/solvencyii/BS_C1_BalanceSheetTemplate"
  xmlns:d-per="http://www.eiopa.europa.eu/pr/solvencyii/d-per_Periodicity"
  xmlns:d-soc="http://www.eiopa.europa.eu/pr/solvencyii/d-soc_SoloOrGroup"
>
  <link:schemaRef xlink:type="simple" xlink:href="t-BS_C1-2011-06-30.xsd"/>
  <xbrli:unit id="U-EUR"><xbrli:measure>iso4217:EUR</xbrli:measure></xbrli:unit>
  <xbrli:context id="I_Annually_Group">
    <xbrli:entity>
      <xbrli:identifier scheme="http://www.eiopa.europa.eu/pr/solvencyii/undertaking">00000</xbrli:identifier>
    </xbrli:entity>
    <xbrli:period>
      <xbrli:instant>2011-06-30</xbrli:instant>
    </xbrli:period>
    <xbrli:scenario>
      <xbrldi:explicitMember dimension="d-per:PeriodicityDimension">d-per:Annually</xbrldi:explicitMember>
      <xbrldi:explicitMember dimension="d-soc:SoloOrGroupDimension">d-soc:Group</xbrldi:explicitMember>
    </xbrli:scenario>
  </xbrli:context>
  <xbrli:context id="I_Annually_Solo">
    <xbrli:entity>
      <xbrli:identifier scheme="http://www.eiopa.europa.eu/pr/solvencyii/undertaking">00000</xbrli:identifier>
    </xbrli:entity>
    <xbrli:period>
      <xbrli:instant>2011-06-30</xbrli:instant>
    </xbrli:period>
    <xbrli:scenario>
      <xbrldi:explicitMember dimension="d-per:PeriodicityDimension">d-per:Annually</xbrldi:explicitMember>
      <xbrldi:explicitMember dimension="d-soc:SoloOrGroupDimension">d-soc:Solo</xbrldi:explicitMember>
    </xbrli:scenario>
  </xbrli:context>
  <xbrli:context id="I_Quarterly_Group">
    <xbrli:entity>
      <xbrli:identifier scheme="http://www.eiopa.europa.eu/pr/solvencyii/undertaking">00000</xbrli:identifier>
    </xbrli:entity>
    <xbrli:period>
      <xbrli:instant>2011-06-30</xbrli:instant>
    </xbrli:period>
    <xbrli:scenario>
      <xbrldi:explicitMember dimension="d-per:PeriodicityDimension">d-per:Quarterly</xbrldi:explicitMember>
      <xbrldi:explicitMember dimension="d-soc:SoloOrGroupDimension">d-soc:Group</xbrldi:explicitMember>
    </xbrli:scenario>
  </xbrli:context>
  <xbrli:context id="I_Quarterly_Solo">
    <xbrli:entity>
      <xbrli:identifier scheme="http://www.eiopa.europa.eu/pr/solvencyii/undertaking">00000</xbrli:identifier>
    </xbrli:entity>
    <xbrli:period>
      <xbrli:instant>2011-06-30</xbrli:instant>
    </xbrli:period>
    <xbrli:scenario>
      <xbrldi:explicitMember dimension="d-per:PeriodicityDimension">d-per:Quarterly</xbrldi:explicitMember>
      <xbrldi:explicitMember dimension="d-soc:SoloOrGroupDimension">d-soc:Solo</xbrldi:explicitMember>
    </xbrli:scenario>
  </xbrli:context>
  <xbrli:context id="I_AdHoc_Group">
    <xbrli:entity>
      <xbrli:identifier scheme="http://www.eiopa.europa.eu/pr/solvencyii/undertaking">00000</xbrli:identifier>
    </xbrli:entity>
    <xbrli:period>
      <xbrli:instant>2011-06-30</xbrli:instant>
    </xbrli:period>
    <xbrli:scenario>
      <xbrldi:explicitMember dimension="d-per:PeriodicityDimension">d-per:AdHoc</xbrldi:explicitMember>
      <xbrldi:explicitMember dimension="d-soc:SoloOrGroupDimension">d-soc:Group</xbrldi:explicitMember>
    </xbrli:scenario>
  </xbrli:context>
  <xbrli:context id="I_AdHoc_Solo">
    <xbrli:entity>
      <xbrli:identifier scheme="http://www.eiopa.europa.eu/pr/solvencyii/undertaking">00000</xbrli:identifier>
    </xbrli:entity>
    <xbrli:period>
      <xbrli:instant>2011-06-30</xbrli:instant>
    </xbrli:period>
    <xbrli:scenario>
      <xbrldi:explicitMember dimension="d-per:PeriodicityDimension">d-per:AdHoc</xbrldi:explicitMember>
      <xbrldi:explicitMember dimension="d-soc:SoloOrGroupDimension">d-soc:Solo</xbrldi:explicitMember>
    </xbrli:scenario>
  </xbrli:context>
  <p-BS_C1:AS1 contextRef="I_Annually_Group" unitRef="U-EUR" decimals="0">0</p-BS_C1:AS1>
  <p-BS_C1:AS1 contextRef="I_Annually_Solo" unitRef="U-EUR" decimals="0">0</p-BS_C1:AS1>
  <p-BS_C1:AS1 contextRef="I_Quarterly_Group" unitRef="U-EUR" decimals="0">0</p-BS_C1:AS1>
  <p-BS_C1:AS1 contextRef="I_Quarterly_Solo" unitRef="U-EUR" decimals="0">0</p-BS_C1:AS1>
  <p-BS_C1:AS1 contextRef="I_AdHoc_Group" unitRef="U-EUR" decimals="0">0</p-BS_C1:AS1>
  <p-BS_C1:AS1 contextRef="I_AdHoc_Solo" unitRef="U-EUR" decimals="0">0</p-BS_C1:AS1>
  <p-BS_C1:AS24A contextRef="I_Annually_Group" unitRef="U-EUR" decimals="0">0</p-BS_C1:AS24A>
  <p-BS_C1:AS24A contextRef="I_Annually_Solo" unitRef="U-EUR" decimals="0">0</p-BS_C1:AS24A>
  <p-BS_C1:AS24A contextRef="I_Quarterly_Group" unitRef="U-EUR" decimals="0">0</p-BS_C1:AS24A>
  <p-BS_C1:AS24A contextRef="I_Quarterly_Solo" unitRef="U-EUR" decimals="0">0</p-BS_C1:AS24A>
  <p-BS_C1:AS24A contextRef="I_AdHoc_Group" unitRef="U-EUR" decimals="0">0</p-BS_C1:AS24A>
  <p-BS_C1:AS24A contextRef="I_AdHoc_Solo" unitRef="U-EUR" decimals="0">0</p-BS_C1:AS24A>
  <p-BS_C1:AS24 contextRef="I_Annually_Group" unitRef="U-EUR" decimals="0">0</p-BS_C1:AS24>
  <p-BS_C1:AS24 contextRef="I_Annually_Solo" unitRef="U-EUR" decimals="0">0</p-BS_C1:AS24>
  <p-BS_C1:AS24 contextRef="I_Quarterly_Group" unitRef="U-EUR" decimals="0">0</p-BS_C1:AS24>
  <p-BS_C1:AS24 contextRef="I_Quarterly_Solo" unitRef="U-EUR" decimals="0">0</p-BS_C1:AS24>
  <p-BS_C1:AS24 contextRef="I_AdHoc_Group" unitRef="U-EUR" decimals="0">0</p-BS_C1:AS24>
  <p-BS_C1:AS24 contextRef="I_AdHoc_Solo" unitRef="U-EUR" decimals="0">0</p-BS_C1:AS24>
  <p-BS_C1:A2 contextRef="I_Annually_Group" unitRef="U-EUR" decimals="0">0</p-BS_C1:A2>
  <p-BS_C1:A2 contextRef="I_Annually_Solo" unitRef="U-EUR" decimals="0">0</p-BS_C1:A2>
  <p-BS_C1:A2 contextRef="I_Quarterly_Group" unitRef="U-EUR" decimals="0">0</p-BS_C1:A2>
  <p-BS_C1:A2 contextRef="I_Quarterly_Solo" unitRef="U-EUR" decimals="0">0</p-BS_C1:A2>
  <p-BS_C1:A2 contextRef="I_AdHoc_Group" unitRef="U-EUR" decimals="0">0</p-BS_C1:A2>
  <p-BS_C1:A2 contextRef="I_AdHoc_Solo" unitRef="U-EUR" decimals="0">0</p-BS_C1:A2>
  <p-BS_C1:AS2 contextRef="I_Annually_Group" unitRef="U-EUR" decimals="0">0</p-BS_C1:AS2>
  <p-BS_C1:AS2 contextRef="I_Annually_Solo" unitRef="U-EUR" decimals="0">0</p-BS_C1:AS2>
  <p-BS_C1:AS2 contextRef="I_Quarterly_Group" unitRef="U-EUR" decimals="0">0</p-BS_C1:AS2>
  <p-BS_C1:AS2 contextRef="I_Quarterly_Solo" unitRef="U-EUR" decimals="0">0</p-BS_C1:AS2>
  <p-BS_C1:AS2 contextRef="I_AdHoc_Group" unitRef="U-EUR" decimals="0">0</p-BS_C1:AS2>
  <p-BS_C1:AS2 contextRef="I_AdHoc_Solo" unitRef="U-EUR" decimals="0">0</p-BS_C1:AS2>
  <p-BS_C1:A26 contextRef="I_Annually_Group" unitRef="U-EUR" decimals="0">0</p-BS_C1:A26>
  <p-BS_C1:A26 contextRef="I_Annually_Solo" unitRef="U-EUR" decimals="0">0</p-BS_C1:A26>
  <p-BS_C1:A26 contextRef="I_Quarterly_Group" unitRef="U-EUR" decimals="0">0</p-BS_C1:A26>
  <p-BS_C1:A26 contextRef="I_Quarterly_Solo" unitRef="U-EUR" decimals="0">0</p-BS_C1:A26>
  <p-BS_C1:A26 contextRef="I_AdHoc_Group" unitRef="U-EUR" decimals="0">0</p-BS_C1:A26>
  <p-BS_C1:A26 contextRef="I_AdHoc_Solo" unitRef="U-EUR" decimals="0">0</p-BS_C1:A26>
  <p-BS_C1:AS26 contextRef="I_Annually_Group" unitRef="U-EUR" decimals="0">0</p-BS_C1:AS26>
  <p-BS_C1:AS26 contextRef="I_Annually_Solo" unitRef="U-EUR" decimals="0">0</p-BS_C1:AS26>
  <p-BS_C1:AS26 contextRef="I_Quarterly_Group" unitRef="U-EUR" decimals="0">0</p-BS_C1:AS26>
  <p-BS_C1:AS26 contextRef="I_Quarterly_Solo" unitRef="U-EUR" decimals="0">0</p-BS_C1:AS26>
  <p-BS_C1:AS26 contextRef="I_AdHoc_Group" unitRef="U-EUR" decimals="0">0</p-BS_C1:AS26>
  <p-BS_C1:AS26 contextRef="I_AdHoc_Solo" unitRef="U-EUR" decimals="0">0</p-BS_C1:AS26>
  <p-BS_C1:A3 contextRef="I_Annually_Group" unitRef="U-EUR" decimals="0">0</p-BS_C1:A3>
  <p-BS_C1:A3 contextRef="I_Annually_Solo" unitRef="U-EUR" decimals="0">0</p-BS_C1:A3>
  <p-BS_C1:A3 contextRef="I_Quarterly_Group" unitRef="U-EUR" decimals="0">0</p-BS_C1:A3>
  <p-BS_C1:A3 contextRef="I_Quarterly_Solo" unitRef="U-EUR" decimals="0">0</p-BS_C1:A3>
  <p-BS_C1:A3 contextRef="I_AdHoc_Group" unitRef="U-EUR" decimals="0">0</p-BS_C1:A3>
  <p-BS_C1:A3 contextRef="I_AdHoc_Solo" unitRef="U-EUR" decimals="0">0</p-BS_C1:A3>
  <p-BS_C1:AS3 contextRef="I_Annually_Group" unitRef="U-EUR" decimals="0">0</p-BS_C1:AS3>
  <p-BS_C1:AS3 contextRef="I_Annually_Solo" unitRef="U-EUR" decimals="0">0</p-BS_C1:AS3>
  <p-BS_C1:AS3 contextRef="I_Quarterly_Group" unitRef="U-EUR" decimals="0">0</p-BS_C1:AS3>
  <p-BS_C1:AS3 contextRef="I_Quarterly_Solo" unitRef="U-EUR" decimals="0">0</p-BS_C1:AS3>
  <p-BS_C1:AS3 contextRef="I_AdHoc_Group" unitRef="U-EUR" decimals="0">0</p-BS_C1:AS3>
  <p-BS_C1:AS3 contextRef="I_AdHoc_Solo" unitRef="U-EUR" decimals="0">0</p-BS_C1:AS3>
  <p-BS_C1:A25B contextRef="I_Annually_Group" unitRef="U-EUR" decimals="0">0</p-BS_C1:A25B>
  <p-BS_C1:A25B contextRef="I_Annually_Solo" unitRef="U-EUR" decimals="0">0</p-BS_C1:A25B>
  <p-BS_C1:A25B contextRef="I_Quarterly_Group" unitRef="U-EUR" decimals="0">0</p-BS_C1:A25B>
  <p-BS_C1:A25B contextRef="I_Quarterly_Solo" unitRef="U-EUR" decimals="0">0</p-BS_C1:A25B>
  <p-BS_C1:A25B contextRef="I_AdHoc_Group" unitRef="U-EUR" decimals="0">0</p-BS_C1:A25B>
  <p-BS_C1:A25B contextRef="I_AdHoc_Solo" unitRef="U-EUR" decimals="0">0</p-BS_C1:A25B>
  <p-BS_C1:AS25B contextRef="I_Annually_Group" unitRef="U-EUR" decimals="0">0</p-BS_C1:AS25B>
  <p-BS_C1:AS25B contextRef="I_Annually_Solo" unitRef="U-EUR" decimals="0">0</p-BS_C1:AS25B>
  <p-BS_C1:AS25B contextRef="I_Quarterly_Group" unitRef="U-EUR" decimals="0">0</p-BS_C1:AS25B>
  <p-BS_C1:AS25B contextRef="I_Quarterly_Solo" unitRef="U-EUR" decimals="0">0</p-BS_C1:AS25B>
  <p-BS_C1:AS25B contextRef="I_AdHoc_Group" unitRef="U-EUR" decimals="0">0</p-BS_C1:AS25B>
  <p-BS_C1:AS25B contextRef="I_AdHoc_Solo" unitRef="U-EUR" decimals="0">0</p-BS_C1:AS25B>
  <p-BS_C1:A4 contextRef="I_Annually_Group" unitRef="U-EUR" decimals="0">0</p-BS_C1:A4>
  <p-BS_C1:A4 contextRef="I_Annually_Solo" unitRef="U-EUR" decimals="0">0</p-BS_C1:A4>
  <p-BS_C1:A4 contextRef="I_Quarterly_Group" unitRef="U-EUR" decimals="0">0</p-BS_C1:A4>
  <p-BS_C1:A4 contextRef="I_Quarterly_Solo" unitRef="U-EUR" decimals="0">0</p-BS_C1:A4>
  <p-BS_C1:A4 contextRef="I_AdHoc_Group" unitRef="U-EUR" decimals="0">0</p-BS_C1:A4>
  <p-BS_C1:A4 contextRef="I_AdHoc_Solo" unitRef="U-EUR" decimals="0">0</p-BS_C1:A4>
  <p-BS_C1:AS4 contextRef="I_Annually_Group" unitRef="U-EUR" decimals="0">0</p-BS_C1:AS4>
  <p-BS_C1:AS4 contextRef="I_Annually_Solo" unitRef="U-EUR" decimals="0">0</p-BS_C1:AS4>
  <p-BS_C1:AS4 contextRef="I_Quarterly_Group" unitRef="U-EUR" decimals="0">0</p-BS_C1:AS4>
  <p-BS_C1:AS4 contextRef="I_Quarterly_Solo" unitRef="U-EUR" decimals="0">0</p-BS_C1:AS4>
  <p-BS_C1:AS4 contextRef="I_AdHoc_Group" unitRef="U-EUR" decimals="0">0</p-BS_C1:AS4>
  <p-BS_C1:AS4 contextRef="I_AdHoc_Solo" unitRef="U-EUR" decimals="0">0</p-BS_C1:AS4>
  <p-BS_C1:A5 contextRef="I_Annually_Group" unitRef="U-EUR" decimals="0">0</p-BS_C1:A5>
  <p-BS_C1:A5 contextRef="I_Annually_Solo" unitRef="U-EUR" decimals="0">0</p-BS_C1:A5>
  <p-BS_C1:A5 contextRef="I_Quarterly_Group" unitRef="U-EUR" decimals="0">0</p-BS_C1:A5>
  <p-BS_C1:A5 contextRef="I_Quarterly_Solo" unitRef="U-EUR" decimals="0">0</p-BS_C1:A5>
  <p-BS_C1:A5 contextRef="I_AdHoc_Group" unitRef="U-EUR" decimals="0">0</p-BS_C1:A5>
  <p-BS_C1:A5 contextRef="I_AdHoc_Solo" unitRef="U-EUR" decimals="0">0</p-BS_C1:A5>
  <p-BS_C1:AS5 contextRef="I_Annually_Group" unitRef="U-EUR" decimals="0">0</p-BS_C1:AS5>
  <p-BS_C1:AS5 contextRef="I_Annually_Solo" unitRef="U-EUR" decimals="0">0</p-BS_C1:AS5>
  <p-BS_C1:AS5 contextRef="I_Quarterly_Group" unitRef="U-EUR" decimals="0">0</p-BS_C1:AS5>
  <p-BS_C1:AS5 contextRef="I_Quarterly_Solo" unitRef="U-EUR" decimals="0">0</p-BS_C1:AS5>
  <p-BS_C1:AS5 contextRef="I_AdHoc_Group" unitRef="U-EUR" decimals="0">0</p-BS_C1:AS5>
  <p-BS_C1:AS5 contextRef="I_AdHoc_Solo" unitRef="U-EUR" decimals="0">0</p-BS_C1:AS5>
  <p-BS_C1:A6 contextRef="I_Annually_Group" unitRef="U-EUR" decimals="0">0</p-BS_C1:A6>
  <p-BS_C1:A6 contextRef="I_Annually_Solo" unitRef="U-EUR" decimals="0">0</p-BS_C1:A6>
  <p-BS_C1:A6 contextRef="I_Quarterly_Group" unitRef="U-EUR" decimals="0">0</p-BS_C1:A6>
  <p-BS_C1:A6 contextRef="I_Quarterly_Solo" unitRef="U-EUR" decimals="0">0</p-BS_C1:A6>
  <p-BS_C1:A6 contextRef="I_AdHoc_Group" unitRef="U-EUR" decimals="0">0</p-BS_C1:A6>
  <p-BS_C1:A6 contextRef="I_AdHoc_Solo" unitRef="U-EUR" decimals="0">0</p-BS_C1:A6>
  <p-BS_C1:AS6 contextRef="I_Annually_Group" unitRef="U-EUR" decimals="0">0</p-BS_C1:AS6>
  <p-BS_C1:AS6 contextRef="I_Annually_Solo" unitRef="U-EUR" decimals="0">0</p-BS_C1:AS6>
  <p-BS_C1:AS6 contextRef="I_Quarterly_Group" unitRef="U-EUR" decimals="0">0</p-BS_C1:AS6>
  <p-BS_C1:AS6 contextRef="I_Quarterly_Solo" unitRef="U-EUR" decimals="0">0</p-BS_C1:AS6>
  <p-BS_C1:AS6 contextRef="I_AdHoc_Group" unitRef="U-EUR" decimals="0">0</p-BS_C1:AS6>
  <p-BS_C1:AS6 contextRef="I_AdHoc_Solo" unitRef="U-EUR" decimals="0">0</p-BS_C1:AS6>
  <p-BS_C1:AS7B contextRef="I_Annually_Group" unitRef="U-EUR" decimals="0">0</p-BS_C1:AS7B>
  <p-BS_C1:AS7B contextRef="I_Annually_Solo" unitRef="U-EUR" decimals="0">0</p-BS_C1:AS7B>
  <p-BS_C1:AS7B contextRef="I_Quarterly_Group" unitRef="U-EUR" decimals="0">0</p-BS_C1:AS7B>
  <p-BS_C1:AS7B contextRef="I_Quarterly_Solo" unitRef="U-EUR" decimals="0">0</p-BS_C1:AS7B>
  <p-BS_C1:AS7B contextRef="I_AdHoc_Group" unitRef="U-EUR" decimals="0">0</p-BS_C1:AS7B>
  <p-BS_C1:AS7B contextRef="I_AdHoc_Solo" unitRef="U-EUR" decimals="0">0</p-BS_C1:AS7B>
  <p-BS_C1:A7 contextRef="I_Annually_Group" unitRef="U-EUR" decimals="0">0</p-BS_C1:A7>
  <p-BS_C1:A7 contextRef="I_Annually_Solo" unitRef="U-EUR" decimals="0">0</p-BS_C1:A7>
  <p-BS_C1:A7 contextRef="I_Quarterly_Group" unitRef="U-EUR" decimals="0">0</p-BS_C1:A7>
  <p-BS_C1:A7 contextRef="I_Quarterly_Solo" unitRef="U-EUR" decimals="0">0</p-BS_C1:A7>
  <p-BS_C1:A7 contextRef="I_AdHoc_Group" unitRef="U-EUR" decimals="0">0</p-BS_C1:A7>
  <p-BS_C1:A7 contextRef="I_AdHoc_Solo" unitRef="U-EUR" decimals="0">0</p-BS_C1:A7>
  <p-BS_C1:AS7 contextRef="I_Annually_Group" unitRef="U-EUR" decimals="0">0</p-BS_C1:AS7>
  <p-BS_C1:AS7 contextRef="I_Annually_Solo" unitRef="U-EUR" decimals="0">0</p-BS_C1:AS7>
  <p-BS_C1:AS7 contextRef="I_Quarterly_Group" unitRef="U-EUR" decimals="0">0</p-BS_C1:AS7>
  <p-BS_C1:AS7 contextRef="I_Quarterly_Solo" unitRef="U-EUR" decimals="0">0</p-BS_C1:AS7>
  <p-BS_C1:AS7 contextRef="I_AdHoc_Group" unitRef="U-EUR" decimals="0">0</p-BS_C1:AS7>
  <p-BS_C1:AS7 contextRef="I_AdHoc_Solo" unitRef="U-EUR" decimals="0">0</p-BS_C1:AS7>
  <p-BS_C1:A7A contextRef="I_Annually_Group" unitRef="U-EUR" decimals="0">0</p-BS_C1:A7A>
  <p-BS_C1:A7A contextRef="I_Annually_Solo" unitRef="U-EUR" decimals="0">0</p-BS_C1:A7A>
  <p-BS_C1:A7A contextRef="I_Quarterly_Group" unitRef="U-EUR" decimals="0">0</p-BS_C1:A7A>
  <p-BS_C1:A7A contextRef="I_Quarterly_Solo" unitRef="U-EUR" decimals="0">0</p-BS_C1:A7A>
  <p-BS_C1:A7A contextRef="I_AdHoc_Group" unitRef="U-EUR" decimals="0">0</p-BS_C1:A7A>
  <p-BS_C1:A7A contextRef="I_AdHoc_Solo" unitRef="U-EUR" decimals="0">0</p-BS_C1:A7A>
  <p-BS_C1:AS7A contextRef="I_Annually_Group" unitRef="U-EUR" decimals="0">0</p-BS_C1:AS7A>
  <p-BS_C1:AS7A contextRef="I_Annually_Solo" unitRef="U-EUR" decimals="0">0</p-BS_C1:AS7A>
  <p-BS_C1:AS7A contextRef="I_Quarterly_Group" unitRef="U-EUR" decimals="0">0</p-BS_C1:AS7A>
  <p-BS_C1:AS7A contextRef="I_Quarterly_Solo" unitRef="U-EUR" decimals="0">0</p-BS_C1:AS7A>
  <p-BS_C1:AS7A contextRef="I_AdHoc_Group" unitRef="U-EUR" decimals="0">0</p-BS_C1:AS7A>
  <p-BS_C1:AS7A contextRef="I_AdHoc_Solo" unitRef="U-EUR" decimals="0">0</p-BS_C1:AS7A>
  <p-BS_C1:AS8E contextRef="I_Annually_Group" unitRef="U-EUR" decimals="0">0</p-BS_C1:AS8E>
  <p-BS_C1:AS8E contextRef="I_Annually_Solo" unitRef="U-EUR" decimals="0">0</p-BS_C1:AS8E>
  <p-BS_C1:AS8E contextRef="I_Quarterly_Group" unitRef="U-EUR" decimals="0">0</p-BS_C1:AS8E>
  <p-BS_C1:AS8E contextRef="I_Quarterly_Solo" unitRef="U-EUR" decimals="0">0</p-BS_C1:AS8E>
  <p-BS_C1:AS8E contextRef="I_AdHoc_Group" unitRef="U-EUR" decimals="0">0</p-BS_C1:AS8E>
  <p-BS_C1:AS8E contextRef="I_AdHoc_Solo" unitRef="U-EUR" decimals="0">0</p-BS_C1:AS8E>
  <p-BS_C1:A8 contextRef="I_Annually_Group" unitRef="U-EUR" decimals="0">0</p-BS_C1:A8>
  <p-BS_C1:A8 contextRef="I_Annually_Solo" unitRef="U-EUR" decimals="0">0</p-BS_C1:A8>
  <p-BS_C1:A8 contextRef="I_Quarterly_Group" unitRef="U-EUR" decimals="0">0</p-BS_C1:A8>
  <p-BS_C1:A8 contextRef="I_Quarterly_Solo" unitRef="U-EUR" decimals="0">0</p-BS_C1:A8>
  <p-BS_C1:A8 contextRef="I_AdHoc_Group" unitRef="U-EUR" decimals="0">0</p-BS_C1:A8>
  <p-BS_C1:A8 contextRef="I_AdHoc_Solo" unitRef="U-EUR" decimals="0">0</p-BS_C1:A8>
  <p-BS_C1:AS8 contextRef="I_Annually_Group" unitRef="U-EUR" decimals="0">0</p-BS_C1:AS8>
  <p-BS_C1:AS8 contextRef="I_Annually_Solo" unitRef="U-EUR" decimals="0">0</p-BS_C1:AS8>
  <p-BS_C1:AS8 contextRef="I_Quarterly_Group" unitRef="U-EUR" decimals="0">0</p-BS_C1:AS8>
  <p-BS_C1:AS8 contextRef="I_Quarterly_Solo" unitRef="U-EUR" decimals="0">0</p-BS_C1:AS8>
  <p-BS_C1:AS8 contextRef="I_AdHoc_Group" unitRef="U-EUR" decimals="0">0</p-BS_C1:AS8>
  <p-BS_C1:AS8 contextRef="I_AdHoc_Solo" unitRef="U-EUR" decimals="0">0</p-BS_C1:AS8>
  <p-BS_C1:A8A contextRef="I_Annually_Group" unitRef="U-EUR" decimals="0">0</p-BS_C1:A8A>
  <p-BS_C1:A8A contextRef="I_Annually_Solo" unitRef="U-EUR" decimals="0">0</p-BS_C1:A8A>
  <p-BS_C1:A8A contextRef="I_Quarterly_Group" unitRef="U-EUR" decimals="0">0</p-BS_C1:A8A>
  <p-BS_C1:A8A contextRef="I_Quarterly_Solo" unitRef="U-EUR" decimals="0">0</p-BS_C1:A8A>
  <p-BS_C1:A8A contextRef="I_AdHoc_Group" unitRef="U-EUR" decimals="0">0</p-BS_C1:A8A>
  <p-BS_C1:A8A contextRef="I_AdHoc_Solo" unitRef="U-EUR" decimals="0">0</p-BS_C1:A8A>
  <p-BS_C1:AS8A contextRef="I_Annually_Group" unitRef="U-EUR" decimals="0">0</p-BS_C1:AS8A>
  <p-BS_C1:AS8A contextRef="I_Annually_Solo" unitRef="U-EUR" decimals="0">0</p-BS_C1:AS8A>
  <p-BS_C1:AS8A contextRef="I_Quarterly_Group" unitRef="U-EUR" decimals="0">0</p-BS_C1:AS8A>
  <p-BS_C1:AS8A contextRef="I_Quarterly_Solo" unitRef="U-EUR" decimals="0">0</p-BS_C1:AS8A>
  <p-BS_C1:AS8A contextRef="I_AdHoc_Group" unitRef="U-EUR" decimals="0">0</p-BS_C1:AS8A>
  <p-BS_C1:AS8A contextRef="I_AdHoc_Solo" unitRef="U-EUR" decimals="0">0</p-BS_C1:AS8A>
  <p-BS_C1:A8C contextRef="I_Annually_Group" unitRef="U-EUR" decimals="0">0</p-BS_C1:A8C>
  <p-BS_C1:A8C contextRef="I_Annually_Solo" unitRef="U-EUR" decimals="0">0</p-BS_C1:A8C>
  <p-BS_C1:A8C contextRef="I_Quarterly_Group" unitRef="U-EUR" decimals="0">0</p-BS_C1:A8C>
  <p-BS_C1:A8C contextRef="I_Quarterly_Solo" unitRef="U-EUR" decimals="0">0</p-BS_C1:A8C>
  <p-BS_C1:A8C contextRef="I_AdHoc_Group" unitRef="U-EUR" decimals="0">0</p-BS_C1:A8C>
  <p-BS_C1:A8C contextRef="I_AdHoc_Solo" unitRef="U-EUR" decimals="0">0</p-BS_C1:A8C>
  <p-BS_C1:AS8C contextRef="I_Annually_Group" unitRef="U-EUR" decimals="0">0</p-BS_C1:AS8C>
  <p-BS_C1:AS8C contextRef="I_Annually_Solo" unitRef="U-EUR" decimals="0">0</p-BS_C1:AS8C>
  <p-BS_C1:AS8C contextRef="I_Quarterly_Group" unitRef="U-EUR" decimals="0">0</p-BS_C1:AS8C>
  <p-BS_C1:AS8C contextRef="I_Quarterly_Solo" unitRef="U-EUR" decimals="0">0</p-BS_C1:AS8C>
  <p-BS_C1:AS8C contextRef="I_AdHoc_Group" unitRef="U-EUR" decimals="0">0</p-BS_C1:AS8C>
  <p-BS_C1:AS8C contextRef="I_AdHoc_Solo" unitRef="U-EUR" decimals="0">0</p-BS_C1:AS8C>
  <p-BS_C1:A8D contextRef="I_Annually_Group" unitRef="U-EUR" decimals="0">0</p-BS_C1:A8D>
  <p-BS_C1:A8D contextRef="I_Annually_Solo" unitRef="U-EUR" decimals="0">0</p-BS_C1:A8D>
  <p-BS_C1:A8D contextRef="I_Quarterly_Group" unitRef="U-EUR" decimals="0">0</p-BS_C1:A8D>
  <p-BS_C1:A8D contextRef="I_Quarterly_Solo" unitRef="U-EUR" decimals="0">0</p-BS_C1:A8D>
  <p-BS_C1:A8D contextRef="I_AdHoc_Group" unitRef="U-EUR" decimals="0">0</p-BS_C1:A8D>
  <p-BS_C1:A8D contextRef="I_AdHoc_Solo" unitRef="U-EUR" decimals="0">0</p-BS_C1:A8D>
  <p-BS_C1:AS8D contextRef="I_Annually_Group" unitRef="U-EUR" decimals="0">0</p-BS_C1:AS8D>
  <p-BS_C1:AS8D contextRef="I_Annually_Solo" unitRef="U-EUR" decimals="0">0</p-BS_C1:AS8D>
  <p-BS_C1:AS8D contextRef="I_Quarterly_Group" unitRef="U-EUR" decimals="0">0</p-BS_C1:AS8D>
  <p-BS_C1:AS8D contextRef="I_Quarterly_Solo" unitRef="U-EUR" decimals="0">0</p-BS_C1:AS8D>
  <p-BS_C1:AS8D contextRef="I_AdHoc_Group" unitRef="U-EUR" decimals="0">0</p-BS_C1:AS8D>
  <p-BS_C1:AS8D contextRef="I_AdHoc_Solo" unitRef="U-EUR" decimals="0">0</p-BS_C1:AS8D>
  <p-BS_C1:A9 contextRef="I_Annually_Group" unitRef="U-EUR" decimals="0">0</p-BS_C1:A9>
  <p-BS_C1:A9 contextRef="I_Annually_Solo" unitRef="U-EUR" decimals="0">0</p-BS_C1:A9>
  <p-BS_C1:A9 contextRef="I_Quarterly_Group" unitRef="U-EUR" decimals="0">0</p-BS_C1:A9>
  <p-BS_C1:A9 contextRef="I_Quarterly_Solo" unitRef="U-EUR" decimals="0">0</p-BS_C1:A9>
  <p-BS_C1:A9 contextRef="I_AdHoc_Group" unitRef="U-EUR" decimals="0">0</p-BS_C1:A9>
  <p-BS_C1:A9 contextRef="I_AdHoc_Solo" unitRef="U-EUR" decimals="0">0</p-BS_C1:A9>
  <p-BS_C1:AS9 contextRef="I_Annually_Group" unitRef="U-EUR" decimals="0">0</p-BS_C1:AS9>
  <p-BS_C1:AS9 contextRef="I_Annually_Solo" unitRef="U-EUR" decimals="0">0</p-BS_C1:AS9>
  <p-BS_C1:AS9 contextRef="I_Quarterly_Group" unitRef="U-EUR" decimals="0">0</p-BS_C1:AS9>
  <p-BS_C1:AS9 contextRef="I_Quarterly_Solo" unitRef="U-EUR" decimals="0">0</p-BS_C1:AS9>
  <p-BS_C1:AS9 contextRef="I_AdHoc_Group" unitRef="U-EUR" decimals="0">0</p-BS_C1:AS9>
  <p-BS_C1:AS9 contextRef="I_AdHoc_Solo" unitRef="U-EUR" decimals="0">0</p-BS_C1:AS9>
  <p-BS_C1:A10A contextRef="I_Annually_Group" unitRef="U-EUR" decimals="0">0</p-BS_C1:A10A>
  <p-BS_C1:A10A contextRef="I_Annually_Solo" unitRef="U-EUR" decimals="0">0</p-BS_C1:A10A>
  <p-BS_C1:A10A contextRef="I_Quarterly_Group" unitRef="U-EUR" decimals="0">0</p-BS_C1:A10A>
  <p-BS_C1:A10A contextRef="I_Quarterly_Solo" unitRef="U-EUR" decimals="0">0</p-BS_C1:A10A>
  <p-BS_C1:A10A contextRef="I_AdHoc_Group" unitRef="U-EUR" decimals="0">0</p-BS_C1:A10A>
  <p-BS_C1:A10A contextRef="I_AdHoc_Solo" unitRef="U-EUR" decimals="0">0</p-BS_C1:A10A>
  <p-BS_C1:AS10A contextRef="I_Annually_Group" unitRef="U-EUR" decimals="0">0</p-BS_C1:AS10A>
  <p-BS_C1:AS10A contextRef="I_Annually_Solo" unitRef="U-EUR" decimals="0">0</p-BS_C1:AS10A>
  <p-BS_C1:AS10A contextRef="I_Quarterly_Group" unitRef="U-EUR" decimals="0">0</p-BS_C1:AS10A>
  <p-BS_C1:AS10A contextRef="I_Quarterly_Solo" unitRef="U-EUR" decimals="0">0</p-BS_C1:AS10A>
  <p-BS_C1:AS10A contextRef="I_AdHoc_Group" unitRef="U-EUR" decimals="0">0</p-BS_C1:AS10A>
  <p-BS_C1:AS10A contextRef="I_AdHoc_Solo" unitRef="U-EUR" decimals="0">0</p-BS_C1:AS10A>
  <p-BS_C1:A10B contextRef="I_Annually_Group" unitRef="U-EUR" decimals="0">0</p-BS_C1:A10B>
  <p-BS_C1:A10B contextRef="I_Annually_Solo" unitRef="U-EUR" decimals="0">0</p-BS_C1:A10B>
  <p-BS_C1:A10B contextRef="I_Quarterly_Group" unitRef="U-EUR" decimals="0">0</p-BS_C1:A10B>
  <p-BS_C1:A10B contextRef="I_Quarterly_Solo" unitRef="U-EUR" decimals="0">0</p-BS_C1:A10B>
  <p-BS_C1:A10B contextRef="I_AdHoc_Group" unitRef="U-EUR" decimals="0">0</p-BS_C1:A10B>
  <p-BS_C1:A10B contextRef="I_AdHoc_Solo" unitRef="U-EUR" decimals="0">0</p-BS_C1:A10B>
  <p-BS_C1:AS10B contextRef="I_Annually_Group" unitRef="U-EUR" decimals="0">0</p-BS_C1:AS10B>
  <p-BS_C1:AS10B contextRef="I_Annually_Solo" unitRef="U-EUR" decimals="0">0</p-BS_C1:AS10B>
  <p-BS_C1:AS10B contextRef="I_Quarterly_Group" unitRef="U-EUR" decimals="0">0</p-BS_C1:AS10B>
  <p-BS_C1:AS10B contextRef="I_Quarterly_Solo" unitRef="U-EUR" decimals="0">0</p-BS_C1:AS10B>
  <p-BS_C1:AS10B contextRef="I_AdHoc_Group" unitRef="U-EUR" decimals="0">0</p-BS_C1:AS10B>
  <p-BS_C1:AS10B contextRef="I_AdHoc_Solo" unitRef="U-EUR" decimals="0">0</p-BS_C1:AS10B>
  <p-BS_C1:A14 contextRef="I_Annually_Group" unitRef="U-EUR" decimals="0">0</p-BS_C1:A14>
  <p-BS_C1:A14 contextRef="I_Annually_Solo" unitRef="U-EUR" decimals="0">0</p-BS_C1:A14>
  <p-BS_C1:A14 contextRef="I_Quarterly_Group" unitRef="U-EUR" decimals="0">0</p-BS_C1:A14>
  <p-BS_C1:A14 contextRef="I_Quarterly_Solo" unitRef="U-EUR" decimals="0">0</p-BS_C1:A14>
  <p-BS_C1:A14 contextRef="I_AdHoc_Group" unitRef="U-EUR" decimals="0">0</p-BS_C1:A14>
  <p-BS_C1:A14 contextRef="I_AdHoc_Solo" unitRef="U-EUR" decimals="0">0</p-BS_C1:A14>
  <p-BS_C1:AS14 contextRef="I_Annually_Group" unitRef="U-EUR" decimals="0">0</p-BS_C1:AS14>
  <p-BS_C1:AS14 contextRef="I_Annually_Solo" unitRef="U-EUR" decimals="0">0</p-BS_C1:AS14>
  <p-BS_C1:AS14 contextRef="I_Quarterly_Group" unitRef="U-EUR" decimals="0">0</p-BS_C1:AS14>
  <p-BS_C1:AS14 contextRef="I_Quarterly_Solo" unitRef="U-EUR" decimals="0">0</p-BS_C1:AS14>
  <p-BS_C1:AS14 contextRef="I_AdHoc_Group" unitRef="U-EUR" decimals="0">0</p-BS_C1:AS14>
  <p-BS_C1:AS14 contextRef="I_AdHoc_Solo" unitRef="U-EUR" decimals="0">0</p-BS_C1:AS14>
  <p-BS_C1:A11 contextRef="I_Annually_Group" unitRef="U-EUR" decimals="0">0</p-BS_C1:A11>
  <p-BS_C1:A11 contextRef="I_Annually_Solo" unitRef="U-EUR" decimals="0">0</p-BS_C1:A11>
  <p-BS_C1:A11 contextRef="I_Quarterly_Group" unitRef="U-EUR" decimals="0">0</p-BS_C1:A11>
  <p-BS_C1:A11 contextRef="I_Quarterly_Solo" unitRef="U-EUR" decimals="0">0</p-BS_C1:A11>
  <p-BS_C1:A11 contextRef="I_AdHoc_Group" unitRef="U-EUR" decimals="0">0</p-BS_C1:A11>
  <p-BS_C1:A11 contextRef="I_AdHoc_Solo" unitRef="U-EUR" decimals="0">0</p-BS_C1:A11>
  <p-BS_C1:AS11 contextRef="I_Annually_Group" unitRef="U-EUR" decimals="0">0</p-BS_C1:AS11>
  <p-BS_C1:AS11 contextRef="I_Annually_Solo" unitRef="U-EUR" decimals="0">0</p-BS_C1:AS11>
  <p-BS_C1:AS11 contextRef="I_Quarterly_Group" unitRef="U-EUR" decimals="0">0</p-BS_C1:AS11>
  <p-BS_C1:AS11 contextRef="I_Quarterly_Solo" unitRef="U-EUR" decimals="0">0</p-BS_C1:AS11>
  <p-BS_C1:AS11 contextRef="I_AdHoc_Group" unitRef="U-EUR" decimals="0">0</p-BS_C1:AS11>
  <p-BS_C1:AS11 contextRef="I_AdHoc_Solo" unitRef="U-EUR" decimals="0">0</p-BS_C1:AS11>
  <p-BS_C1:A12 contextRef="I_Annually_Group" unitRef="U-EUR" decimals="0">0</p-BS_C1:A12>
  <p-BS_C1:A12 contextRef="I_Annually_Solo" unitRef="U-EUR" decimals="0">0</p-BS_C1:A12>
  <p-BS_C1:A12 contextRef="I_Quarterly_Group" unitRef="U-EUR" decimals="0">0</p-BS_C1:A12>
  <p-BS_C1:A12 contextRef="I_Quarterly_Solo" unitRef="U-EUR" decimals="0">0</p-BS_C1:A12>
  <p-BS_C1:A12 contextRef="I_AdHoc_Group" unitRef="U-EUR" decimals="0">0</p-BS_C1:A12>
  <p-BS_C1:A12 contextRef="I_AdHoc_Solo" unitRef="U-EUR" decimals="0">0</p-BS_C1:A12>
  <p-BS_C1:AS12 contextRef="I_Annually_Group" unitRef="U-EUR" decimals="0">0</p-BS_C1:AS12>
  <p-BS_C1:AS12 contextRef="I_Annually_Solo" unitRef="U-EUR" decimals="0">0</p-BS_C1:AS12>
  <p-BS_C1:AS12 contextRef="I_Quarterly_Group" unitRef="U-EUR" decimals="0">0</p-BS_C1:AS12>
  <p-BS_C1:AS12 contextRef="I_Quarterly_Solo" unitRef="U-EUR" decimals="0">0</p-BS_C1:AS12>
  <p-BS_C1:AS12 contextRef="I_AdHoc_Group" unitRef="U-EUR" decimals="0">0</p-BS_C1:AS12>
  <p-BS_C1:AS12 contextRef="I_AdHoc_Solo" unitRef="U-EUR" decimals="0">0</p-BS_C1:AS12>
  <p-BS_C1:A14A contextRef="I_Annually_Group" unitRef="U-EUR" decimals="0">0</p-BS_C1:A14A>
  <p-BS_C1:A14A contextRef="I_Annually_Solo" unitRef="U-EUR" decimals="0">0</p-BS_C1:A14A>
  <p-BS_C1:A14A contextRef="I_Quarterly_Group" unitRef="U-EUR" decimals="0">0</p-BS_C1:A14A>
  <p-BS_C1:A14A contextRef="I_Quarterly_Solo" unitRef="U-EUR" decimals="0">0</p-BS_C1:A14A>
  <p-BS_C1:A14A contextRef="I_AdHoc_Group" unitRef="U-EUR" decimals="0">0</p-BS_C1:A14A>
  <p-BS_C1:A14A contextRef="I_AdHoc_Solo" unitRef="U-EUR" decimals="0">0</p-BS_C1:A14A>
  <p-BS_C1:AS14A contextRef="I_Annually_Group" unitRef="U-EUR" decimals="0">0</p-BS_C1:AS14A>
  <p-BS_C1:AS14A contextRef="I_Annually_Solo" unitRef="U-EUR" decimals="0">0</p-BS_C1:AS14A>
  <p-BS_C1:AS14A contextRef="I_Quarterly_Group" unitRef="U-EUR" decimals="0">0</p-BS_C1:AS14A>
  <p-BS_C1:AS14A contextRef="I_Quarterly_Solo" unitRef="U-EUR" decimals="0">0</p-BS_C1:AS14A>
  <p-BS_C1:AS14A contextRef="I_AdHoc_Group" unitRef="U-EUR" decimals="0">0</p-BS_C1:AS14A>
  <p-BS_C1:AS14A contextRef="I_AdHoc_Solo" unitRef="U-EUR" decimals="0">0</p-BS_C1:AS14A>
  <p-BS_C1:A16 contextRef="I_Annually_Group" unitRef="U-EUR" decimals="0">0</p-BS_C1:A16>
  <p-BS_C1:A16 contextRef="I_Annually_Solo" unitRef="U-EUR" decimals="0">0</p-BS_C1:A16>
  <p-BS_C1:A16 contextRef="I_Quarterly_Group" unitRef="U-EUR" decimals="0">0</p-BS_C1:A16>
  <p-BS_C1:A16 contextRef="I_Quarterly_Solo" unitRef="U-EUR" decimals="0">0</p-BS_C1:A16>
  <p-BS_C1:A16 contextRef="I_AdHoc_Group" unitRef="U-EUR" decimals="0">0</p-BS_C1:A16>
  <p-BS_C1:A16 contextRef="I_AdHoc_Solo" unitRef="U-EUR" decimals="0">0</p-BS_C1:A16>
  <p-BS_C1:AS16 contextRef="I_Annually_Group" unitRef="U-EUR" decimals="0">0</p-BS_C1:AS16>
  <p-BS_C1:AS16 contextRef="I_Annually_Solo" unitRef="U-EUR" decimals="0">0</p-BS_C1:AS16>
  <p-BS_C1:AS16 contextRef="I_Quarterly_Group" unitRef="U-EUR" decimals="0">0</p-BS_C1:AS16>
  <p-BS_C1:AS16 contextRef="I_Quarterly_Solo" unitRef="U-EUR" decimals="0">0</p-BS_C1:AS16>
  <p-BS_C1:AS16 contextRef="I_AdHoc_Group" unitRef="U-EUR" decimals="0">0</p-BS_C1:AS16>
  <p-BS_C1:AS16 contextRef="I_AdHoc_Solo" unitRef="U-EUR" decimals="0">0</p-BS_C1:AS16>
  <p-BS_C1:AS17A contextRef="I_Annually_Group" unitRef="U-EUR" decimals="0">0</p-BS_C1:AS17A>
  <p-BS_C1:AS17A contextRef="I_Annually_Solo" unitRef="U-EUR" decimals="0">0</p-BS_C1:AS17A>
  <p-BS_C1:AS17A contextRef="I_Quarterly_Group" unitRef="U-EUR" decimals="0">0</p-BS_C1:AS17A>
  <p-BS_C1:AS17A contextRef="I_Quarterly_Solo" unitRef="U-EUR" decimals="0">0</p-BS_C1:AS17A>
  <p-BS_C1:AS17A contextRef="I_AdHoc_Group" unitRef="U-EUR" decimals="0">0</p-BS_C1:AS17A>
  <p-BS_C1:AS17A contextRef="I_AdHoc_Solo" unitRef="U-EUR" decimals="0">0</p-BS_C1:AS17A>
  <p-BS_C1:A17 contextRef="I_Annually_Group" unitRef="U-EUR" decimals="0">0</p-BS_C1:A17>
  <p-BS_C1:A17 contextRef="I_Annually_Solo" unitRef="U-EUR" decimals="0">0</p-BS_C1:A17>
  <p-BS_C1:A17 contextRef="I_Quarterly_Group" unitRef="U-EUR" decimals="0">0</p-BS_C1:A17>
  <p-BS_C1:A17 contextRef="I_Quarterly_Solo" unitRef="U-EUR" decimals="0">0</p-BS_C1:A17>
  <p-BS_C1:A17 contextRef="I_AdHoc_Group" unitRef="U-EUR" decimals="0">0</p-BS_C1:A17>
  <p-BS_C1:A17 contextRef="I_AdHoc_Solo" unitRef="U-EUR" decimals="0">0</p-BS_C1:A17>
  <p-BS_C1:AS17 contextRef="I_Annually_Group" unitRef="U-EUR" decimals="0">0</p-BS_C1:AS17>
  <p-BS_C1:AS17 contextRef="I_Annually_Solo" unitRef="U-EUR" decimals="0">0</p-BS_C1:AS17>
  <p-BS_C1:AS17 contextRef="I_Quarterly_Group" unitRef="U-EUR" decimals="0">0</p-BS_C1:AS17>
  <p-BS_C1:AS17 contextRef="I_Quarterly_Solo" unitRef="U-EUR" decimals="0">0</p-BS_C1:AS17>
  <p-BS_C1:AS17 contextRef="I_AdHoc_Group" unitRef="U-EUR" decimals="0">0</p-BS_C1:AS17>
  <p-BS_C1:AS17 contextRef="I_AdHoc_Solo" unitRef="U-EUR" decimals="0">0</p-BS_C1:AS17>
  <p-BS_C1:A18 contextRef="I_Annually_Group" unitRef="U-EUR" decimals="0">0</p-BS_C1:A18>
  <p-BS_C1:A18 contextRef="I_Annually_Solo" unitRef="U-EUR" decimals="0">0</p-BS_C1:A18>
  <p-BS_C1:A18 contextRef="I_Quarterly_Group" unitRef="U-EUR" decimals="0">0</p-BS_C1:A18>
  <p-BS_C1:A18 contextRef="I_Quarterly_Solo" unitRef="U-EUR" decimals="0">0</p-BS_C1:A18>
  <p-BS_C1:A18 contextRef="I_AdHoc_Group" unitRef="U-EUR" decimals="0">0</p-BS_C1:A18>
  <p-BS_C1:A18 contextRef="I_AdHoc_Solo" unitRef="U-EUR" decimals="0">0</p-BS_C1:A18>
  <p-BS_C1:AS18 contextRef="I_Annually_Group" unitRef="U-EUR" decimals="0">0</p-BS_C1:AS18>
  <p-BS_C1:AS18 contextRef="I_Annually_Solo" unitRef="U-EUR" decimals="0">0</p-BS_C1:AS18>
  <p-BS_C1:AS18 contextRef="I_Quarterly_Group" unitRef="U-EUR" decimals="0">0</p-BS_C1:AS18>
  <p-BS_C1:AS18 contextRef="I_Quarterly_Solo" unitRef="U-EUR" decimals="0">0</p-BS_C1:AS18>
  <p-BS_C1:AS18 contextRef="I_AdHoc_Group" unitRef="U-EUR" decimals="0">0</p-BS_C1:AS18>
  <p-BS_C1:AS18 contextRef="I_AdHoc_Solo" unitRef="U-EUR" decimals="0">0</p-BS_C1:AS18>
  <p-BS_C1:AS18B contextRef="I_Annually_Group" unitRef="U-EUR" decimals="0">0</p-BS_C1:AS18B>
  <p-BS_C1:AS18B contextRef="I_Annually_Solo" unitRef="U-EUR" decimals="0">0</p-BS_C1:AS18B>
  <p-BS_C1:AS18B contextRef="I_Quarterly_Group" unitRef="U-EUR" decimals="0">0</p-BS_C1:AS18B>
  <p-BS_C1:AS18B contextRef="I_Quarterly_Solo" unitRef="U-EUR" decimals="0">0</p-BS_C1:AS18B>
  <p-BS_C1:AS18B contextRef="I_AdHoc_Group" unitRef="U-EUR" decimals="0">0</p-BS_C1:AS18B>
  <p-BS_C1:AS18B contextRef="I_AdHoc_Solo" unitRef="U-EUR" decimals="0">0</p-BS_C1:AS18B>
  <p-BS_C1:A18A contextRef="I_Annually_Group" unitRef="U-EUR" decimals="0">0</p-BS_C1:A18A>
  <p-BS_C1:A18A contextRef="I_Annually_Solo" unitRef="U-EUR" decimals="0">0</p-BS_C1:A18A>
  <p-BS_C1:A18A contextRef="I_Quarterly_Group" unitRef="U-EUR" decimals="0">0</p-BS_C1:A18A>
  <p-BS_C1:A18A contextRef="I_Quarterly_Solo" unitRef="U-EUR" decimals="0">0</p-BS_C1:A18A>
  <p-BS_C1:A18A contextRef="I_AdHoc_Group" unitRef="U-EUR" decimals="0">0</p-BS_C1:A18A>
  <p-BS_C1:A18A contextRef="I_AdHoc_Solo" unitRef="U-EUR" decimals="0">0</p-BS_C1:A18A>
  <p-BS_C1:AS18A contextRef="I_Annually_Group" unitRef="U-EUR" decimals="0">0</p-BS_C1:AS18A>
  <p-BS_C1:AS18A contextRef="I_Annually_Solo" unitRef="U-EUR" decimals="0">0</p-BS_C1:AS18A>
  <p-BS_C1:AS18A contextRef="I_Quarterly_Group" unitRef="U-EUR" decimals="0">0</p-BS_C1:AS18A>
  <p-BS_C1:AS18A contextRef="I_Quarterly_Solo" unitRef="U-EUR" decimals="0">0</p-BS_C1:AS18A>
  <p-BS_C1:AS18A contextRef="I_AdHoc_Group" unitRef="U-EUR" decimals="0">0</p-BS_C1:AS18A>
  <p-BS_C1:AS18A contextRef="I_AdHoc_Solo" unitRef="U-EUR" decimals="0">0</p-BS_C1:AS18A>
  <p-BS_C1:A19 contextRef="I_Annually_Group" unitRef="U-EUR" decimals="0">0</p-BS_C1:A19>
  <p-BS_C1:A19 contextRef="I_Annually_Solo" unitRef="U-EUR" decimals="0">0</p-BS_C1:A19>
  <p-BS_C1:A19 contextRef="I_Quarterly_Group" unitRef="U-EUR" decimals="0">0</p-BS_C1:A19>
  <p-BS_C1:A19 contextRef="I_Quarterly_Solo" unitRef="U-EUR" decimals="0">0</p-BS_C1:A19>
  <p-BS_C1:A19 contextRef="I_AdHoc_Group" unitRef="U-EUR" decimals="0">0</p-BS_C1:A19>
  <p-BS_C1:A19 contextRef="I_AdHoc_Solo" unitRef="U-EUR" decimals="0">0</p-BS_C1:A19>
  <p-BS_C1:AS19 contextRef="I_Annually_Group" unitRef="U-EUR" decimals="0">0</p-BS_C1:AS19>
  <p-BS_C1:AS19 contextRef="I_Annually_Solo" unitRef="U-EUR" decimals="0">0</p-BS_C1:AS19>
  <p-BS_C1:AS19 contextRef="I_Quarterly_Group" unitRef="U-EUR" decimals="0">0</p-BS_C1:AS19>
  <p-BS_C1:AS19 contextRef="I_Quarterly_Solo" unitRef="U-EUR" decimals="0">0</p-BS_C1:AS19>
  <p-BS_C1:AS19 contextRef="I_AdHoc_Group" unitRef="U-EUR" decimals="0">0</p-BS_C1:AS19>
  <p-BS_C1:AS19 contextRef="I_AdHoc_Solo" unitRef="U-EUR" decimals="0">0</p-BS_C1:AS19>
  <p-BS_C1:A19A contextRef="I_Annually_Group" unitRef="U-EUR" decimals="0">0</p-BS_C1:A19A>
  <p-BS_C1:A19A contextRef="I_Annually_Solo" unitRef="U-EUR" decimals="0">0</p-BS_C1:A19A>
  <p-BS_C1:A19A contextRef="I_Quarterly_Group" unitRef="U-EUR" decimals="0">0</p-BS_C1:A19A>
  <p-BS_C1:A19A contextRef="I_Quarterly_Solo" unitRef="U-EUR" decimals="0">0</p-BS_C1:A19A>
  <p-BS_C1:A19A contextRef="I_AdHoc_Group" unitRef="U-EUR" decimals="0">0</p-BS_C1:A19A>
  <p-BS_C1:A19A contextRef="I_AdHoc_Solo" unitRef="U-EUR" decimals="0">0</p-BS_C1:A19A>
  <p-BS_C1:AS19A contextRef="I_Annually_Group" unitRef="U-EUR" decimals="0">0</p-BS_C1:AS19A>
  <p-BS_C1:AS19A contextRef="I_Annually_Solo" unitRef="U-EUR" decimals="0">0</p-BS_C1:AS19A>
  <p-BS_C1:AS19A contextRef="I_Quarterly_Group" unitRef="U-EUR" decimals="0">0</p-BS_C1:AS19A>
  <p-BS_C1:AS19A contextRef="I_Quarterly_Solo" unitRef="U-EUR" decimals="0">0</p-BS_C1:AS19A>
  <p-BS_C1:AS19A contextRef="I_AdHoc_Group" unitRef="U-EUR" decimals="0">0</p-BS_C1:AS19A>
  <p-BS_C1:AS19A contextRef="I_AdHoc_Solo" unitRef="U-EUR" decimals="0">0</p-BS_C1:AS19A>
  <p-BS_C1:A20 contextRef="I_Annually_Group" unitRef="U-EUR" decimals="0">0</p-BS_C1:A20>
  <p-BS_C1:A20 contextRef="I_Annually_Solo" unitRef="U-EUR" decimals="0">0</p-BS_C1:A20>
  <p-BS_C1:A20 contextRef="I_Quarterly_Group" unitRef="U-EUR" decimals="0">0</p-BS_C1:A20>
  <p-BS_C1:A20 contextRef="I_Quarterly_Solo" unitRef="U-EUR" decimals="0">0</p-BS_C1:A20>
  <p-BS_C1:A20 contextRef="I_AdHoc_Group" unitRef="U-EUR" decimals="0">0</p-BS_C1:A20>
  <p-BS_C1:A20 contextRef="I_AdHoc_Solo" unitRef="U-EUR" decimals="0">0</p-BS_C1:A20>
  <p-BS_C1:AS20 contextRef="I_Annually_Group" unitRef="U-EUR" decimals="0">0</p-BS_C1:AS20>
  <p-BS_C1:AS20 contextRef="I_Annually_Solo" unitRef="U-EUR" decimals="0">0</p-BS_C1:AS20>
  <p-BS_C1:AS20 contextRef="I_Quarterly_Group" unitRef="U-EUR" decimals="0">0</p-BS_C1:AS20>
  <p-BS_C1:AS20 contextRef="I_Quarterly_Solo" unitRef="U-EUR" decimals="0">0</p-BS_C1:AS20>
  <p-BS_C1:AS20 contextRef="I_AdHoc_Group" unitRef="U-EUR" decimals="0">0</p-BS_C1:AS20>
  <p-BS_C1:AS20 contextRef="I_AdHoc_Solo" unitRef="U-EUR" decimals="0">0</p-BS_C1:AS20>
  <p-BS_C1:A13 contextRef="I_Annually_Group" unitRef="U-EUR" decimals="0">0</p-BS_C1:A13>
  <p-BS_C1:A13 contextRef="I_Annually_Solo" unitRef="U-EUR" decimals="0">0</p-BS_C1:A13>
  <p-BS_C1:A13 contextRef="I_Quarterly_Group" unitRef="U-EUR" decimals="0">0</p-BS_C1:A13>
  <p-BS_C1:A13 contextRef="I_Quarterly_Solo" unitRef="U-EUR" decimals="0">0</p-BS_C1:A13>
  <p-BS_C1:A13 contextRef="I_AdHoc_Group" unitRef="U-EUR" decimals="0">0</p-BS_C1:A13>
  <p-BS_C1:A13 contextRef="I_AdHoc_Solo" unitRef="U-EUR" decimals="0">0</p-BS_C1:A13>
  <p-BS_C1:AS13 contextRef="I_Annually_Group" unitRef="U-EUR" decimals="0">0</p-BS_C1:AS13>
  <p-BS_C1:AS13 contextRef="I_Annually_Solo" unitRef="U-EUR" decimals="0">0</p-BS_C1:AS13>
  <p-BS_C1:AS13 contextRef="I_Quarterly_Group" unitRef="U-EUR" decimals="0">0</p-BS_C1:AS13>
  <p-BS_C1:AS13 contextRef="I_Quarterly_Solo" unitRef="U-EUR" decimals="0">0</p-BS_C1:AS13>
  <p-BS_C1:AS13 contextRef="I_AdHoc_Group" unitRef="U-EUR" decimals="0">0</p-BS_C1:AS13>
  <p-BS_C1:AS13 contextRef="I_AdHoc_Solo" unitRef="U-EUR" decimals="0">0</p-BS_C1:AS13>
  <p-BS_C1:A21 contextRef="I_Annually_Group" unitRef="U-EUR" decimals="0">0</p-BS_C1:A21>
  <p-BS_C1:A21 contextRef="I_Annually_Solo" unitRef="U-EUR" decimals="0">0</p-BS_C1:A21>
  <p-BS_C1:A21 contextRef="I_Quarterly_Group" unitRef="U-EUR" decimals="0">0</p-BS_C1:A21>
  <p-BS_C1:A21 contextRef="I_Quarterly_Solo" unitRef="U-EUR" decimals="0">0</p-BS_C1:A21>
  <p-BS_C1:A21 contextRef="I_AdHoc_Group" unitRef="U-EUR" decimals="0">0</p-BS_C1:A21>
  <p-BS_C1:A21 contextRef="I_AdHoc_Solo" unitRef="U-EUR" decimals="0">0</p-BS_C1:A21>
  <p-BS_C1:AS21 contextRef="I_Annually_Group" unitRef="U-EUR" decimals="0">0</p-BS_C1:AS21>
  <p-BS_C1:AS21 contextRef="I_Annually_Solo" unitRef="U-EUR" decimals="0">0</p-BS_C1:AS21>
  <p-BS_C1:AS21 contextRef="I_Quarterly_Group" unitRef="U-EUR" decimals="0">0</p-BS_C1:AS21>
  <p-BS_C1:AS21 contextRef="I_Quarterly_Solo" unitRef="U-EUR" decimals="0">0</p-BS_C1:AS21>
  <p-BS_C1:AS21 contextRef="I_AdHoc_Group" unitRef="U-EUR" decimals="0">0</p-BS_C1:AS21>
  <p-BS_C1:AS21 contextRef="I_AdHoc_Solo" unitRef="U-EUR" decimals="0">0</p-BS_C1:AS21>
  <p-BS_C1:A23 contextRef="I_Annually_Group" unitRef="U-EUR" decimals="0">0</p-BS_C1:A23>
  <p-BS_C1:A23 contextRef="I_Annually_Solo" unitRef="U-EUR" decimals="0">0</p-BS_C1:A23>
  <p-BS_C1:A23 contextRef="I_Quarterly_Group" unitRef="U-EUR" decimals="0">0</p-BS_C1:A23>
  <p-BS_C1:A23 contextRef="I_Quarterly_Solo" unitRef="U-EUR" decimals="0">0</p-BS_C1:A23>
  <p-BS_C1:A23 contextRef="I_AdHoc_Group" unitRef="U-EUR" decimals="0">0</p-BS_C1:A23>
  <p-BS_C1:A23 contextRef="I_AdHoc_Solo" unitRef="U-EUR" decimals="0">0</p-BS_C1:A23>
  <p-BS_C1:AS23 contextRef="I_Annually_Group" unitRef="U-EUR" decimals="0">0</p-BS_C1:AS23>
  <p-BS_C1:AS23 contextRef="I_Annually_Solo" unitRef="U-EUR" decimals="0">0</p-BS_C1:AS23>
  <p-BS_C1:AS23 contextRef="I_Quarterly_Group" unitRef="U-EUR" decimals="0">0</p-BS_C1:AS23>
  <p-BS_C1:AS23 contextRef="I_Quarterly_Solo" unitRef="U-EUR" decimals="0">0</p-BS_C1:AS23>
  <p-BS_C1:AS23 contextRef="I_AdHoc_Group" unitRef="U-EUR" decimals="0">0</p-BS_C1:AS23>
  <p-BS_C1:AS23 contextRef="I_AdHoc_Solo" unitRef="U-EUR" decimals="0">0</p-BS_C1:AS23>
  <p-BS_C1:A27 contextRef="I_Annually_Group" unitRef="U-EUR" decimals="0">0</p-BS_C1:A27>
  <p-BS_C1:A27 contextRef="I_Annually_Solo" unitRef="U-EUR" decimals="0">0</p-BS_C1:A27>
  <p-BS_C1:A27 contextRef="I_Quarterly_Group" unitRef="U-EUR" decimals="0">0</p-BS_C1:A27>
  <p-BS_C1:A27 contextRef="I_Quarterly_Solo" unitRef="U-EUR" decimals="0">0</p-BS_C1:A27>
  <p-BS_C1:A27 contextRef="I_AdHoc_Group" unitRef="U-EUR" decimals="0">0</p-BS_C1:A27>
  <p-BS_C1:A27 contextRef="I_AdHoc_Solo" unitRef="U-EUR" decimals="0">0</p-BS_C1:A27>
  <p-BS_C1:AS27 contextRef="I_Annually_Group" unitRef="U-EUR" decimals="0">0</p-BS_C1:AS27>
  <p-BS_C1:AS27 contextRef="I_Annually_Solo" unitRef="U-EUR" decimals="0">0</p-BS_C1:AS27>
  <p-BS_C1:AS27 contextRef="I_Quarterly_Group" unitRef="U-EUR" decimals="0">0</p-BS_C1:AS27>
  <p-BS_C1:AS27 contextRef="I_Quarterly_Solo" unitRef="U-EUR" decimals="0">0</p-BS_C1:AS27>
  <p-BS_C1:AS27 contextRef="I_AdHoc_Group" unitRef="U-EUR" decimals="0">0</p-BS_C1:AS27>
  <p-BS_C1:AS27 contextRef="I_AdHoc_Solo" unitRef="U-EUR" decimals="0">0</p-BS_C1:AS27>
  <p-BS_C1:A29 contextRef="I_Annually_Group" unitRef="U-EUR" decimals="0">0</p-BS_C1:A29>
  <p-BS_C1:A29 contextRef="I_Annually_Solo" unitRef="U-EUR" decimals="0">0</p-BS_C1:A29>
  <p-BS_C1:A29 contextRef="I_Quarterly_Group" unitRef="U-EUR" decimals="0">0</p-BS_C1:A29>
  <p-BS_C1:A29 contextRef="I_Quarterly_Solo" unitRef="U-EUR" decimals="0">0</p-BS_C1:A29>
  <p-BS_C1:A29 contextRef="I_AdHoc_Group" unitRef="U-EUR" decimals="0">0</p-BS_C1:A29>
  <p-BS_C1:A29 contextRef="I_AdHoc_Solo" unitRef="U-EUR" decimals="0">0</p-BS_C1:A29>
  <p-BS_C1:AS29 contextRef="I_Annually_Group" unitRef="U-EUR" decimals="0">0</p-BS_C1:AS29>
  <p-BS_C1:AS29 contextRef="I_Annually_Solo" unitRef="U-EUR" decimals="0">0</p-BS_C1:AS29>
  <p-BS_C1:AS29 contextRef="I_Quarterly_Group" unitRef="U-EUR" decimals="0">0</p-BS_C1:AS29>
  <p-BS_C1:AS29 contextRef="I_Quarterly_Solo" unitRef="U-EUR" decimals="0">0</p-BS_C1:AS29>
  <p-BS_C1:AS29 contextRef="I_AdHoc_Group" unitRef="U-EUR" decimals="0">0</p-BS_C1:AS29>
  <p-BS_C1:AS29 contextRef="I_AdHoc_Solo" unitRef="U-EUR" decimals="0">0</p-BS_C1:AS29>
  <p-BS_C1:A30 contextRef="I_Annually_Group" unitRef="U-EUR" decimals="0">0</p-BS_C1:A30>
  <p-BS_C1:A30 contextRef="I_Annually_Solo" unitRef="U-EUR" decimals="0">0</p-BS_C1:A30>
  <p-BS_C1:A30 contextRef="I_Quarterly_Group" unitRef="U-EUR" decimals="0">0</p-BS_C1:A30>
  <p-BS_C1:A30 contextRef="I_Quarterly_Solo" unitRef="U-EUR" decimals="0">0</p-BS_C1:A30>
  <p-BS_C1:A30 contextRef="I_AdHoc_Group" unitRef="U-EUR" decimals="0">0</p-BS_C1:A30>
  <p-BS_C1:A30 contextRef="I_AdHoc_Solo" unitRef="U-EUR" decimals="0">0</p-BS_C1:A30>
  <p-BS_C1:AS30 contextRef="I_Annually_Group" unitRef="U-EUR" decimals="0">0</p-BS_C1:AS30>
  <p-BS_C1:AS30 contextRef="I_Annually_Solo" unitRef="U-EUR" decimals="0">0</p-BS_C1:AS30>
  <p-BS_C1:AS30 contextRef="I_Quarterly_Group" unitRef="U-EUR" decimals="0">0</p-BS_C1:AS30>
  <p-BS_C1:AS30 contextRef="I_Quarterly_Solo" unitRef="U-EUR" decimals="0">0</p-BS_C1:AS30>
  <p-BS_C1:AS30 contextRef="I_AdHoc_Group" unitRef="U-EUR" decimals="0">0</p-BS_C1:AS30>
  <p-BS_C1:AS30 contextRef="I_AdHoc_Solo" unitRef="U-EUR" decimals="0">0</p-BS_C1:AS30>
  <p-BS_C1:L1 contextRef="I_Annually_Group" unitRef="U-EUR" decimals="0">0</p-BS_C1:L1>
  <p-BS_C1:L1 contextRef="I_Annually_Solo" unitRef="U-EUR" decimals="0">0</p-BS_C1:L1>
  <p-BS_C1:L1 contextRef="I_Quarterly_Group" unitRef="U-EUR" decimals="0">0</p-BS_C1:L1>
  <p-BS_C1:L1 contextRef="I_Quarterly_Solo" unitRef="U-EUR" decimals="0">0</p-BS_C1:L1>
  <p-BS_C1:L1 contextRef="I_AdHoc_Group" unitRef="U-EUR" decimals="0">0</p-BS_C1:L1>
  <p-BS_C1:L1 contextRef="I_AdHoc_Solo" unitRef="U-EUR" decimals="0">0</p-BS_C1:L1>
  <p-BS_C1:LS1 contextRef="I_Annually_Group" unitRef="U-EUR" decimals="0">0</p-BS_C1:LS1>
  <p-BS_C1:LS1 contextRef="I_Annually_Solo" unitRef="U-EUR" decimals="0">0</p-BS_C1:LS1>
  <p-BS_C1:LS1 contextRef="I_Quarterly_Group" unitRef="U-EUR" decimals="0">0</p-BS_C1:LS1>
  <p-BS_C1:LS1 contextRef="I_Quarterly_Solo" unitRef="U-EUR" decimals="0">0</p-BS_C1:LS1>
  <p-BS_C1:LS1 contextRef="I_AdHoc_Group" unitRef="U-EUR" decimals="0">0</p-BS_C1:LS1>
  <p-BS_C1:LS1 contextRef="I_AdHoc_Solo" unitRef="U-EUR" decimals="0">0</p-BS_C1:LS1>
  <p-BS_C1:L1A contextRef="I_Annually_Group" unitRef="U-EUR" decimals="0">0</p-BS_C1:L1A>
  <p-BS_C1:L1A contextRef="I_Annually_Solo" unitRef="U-EUR" decimals="0">0</p-BS_C1:L1A>
  <p-BS_C1:L1A contextRef="I_Quarterly_Group" unitRef="U-EUR" decimals="0">0</p-BS_C1:L1A>
  <p-BS_C1:L1A contextRef="I_Quarterly_Solo" unitRef="U-EUR" decimals="0">0</p-BS_C1:L1A>
  <p-BS_C1:L1A contextRef="I_AdHoc_Group" unitRef="U-EUR" decimals="0">0</p-BS_C1:L1A>
  <p-BS_C1:L1A contextRef="I_AdHoc_Solo" unitRef="U-EUR" decimals="0">0</p-BS_C1:L1A>
  <p-BS_C1:L2 contextRef="I_Annually_Group" unitRef="U-EUR" decimals="0">0</p-BS_C1:L2>
  <p-BS_C1:L2 contextRef="I_Annually_Solo" unitRef="U-EUR" decimals="0">0</p-BS_C1:L2>
  <p-BS_C1:L2 contextRef="I_Quarterly_Group" unitRef="U-EUR" decimals="0">0</p-BS_C1:L2>
  <p-BS_C1:L2 contextRef="I_Quarterly_Solo" unitRef="U-EUR" decimals="0">0</p-BS_C1:L2>
  <p-BS_C1:L2 contextRef="I_AdHoc_Group" unitRef="U-EUR" decimals="0">0</p-BS_C1:L2>
  <p-BS_C1:L2 contextRef="I_AdHoc_Solo" unitRef="U-EUR" decimals="0">0</p-BS_C1:L2>
  <p-BS_C1:L3 contextRef="I_Annually_Group" unitRef="U-EUR" decimals="0">0</p-BS_C1:L3>
  <p-BS_C1:L3 contextRef="I_Annually_Solo" unitRef="U-EUR" decimals="0">0</p-BS_C1:L3>
  <p-BS_C1:L3 contextRef="I_Quarterly_Group" unitRef="U-EUR" decimals="0">0</p-BS_C1:L3>
  <p-BS_C1:L3 contextRef="I_Quarterly_Solo" unitRef="U-EUR" decimals="0">0</p-BS_C1:L3>
  <p-BS_C1:L3 contextRef="I_AdHoc_Group" unitRef="U-EUR" decimals="0">0</p-BS_C1:L3>
  <p-BS_C1:L3 contextRef="I_AdHoc_Solo" unitRef="U-EUR" decimals="0">0</p-BS_C1:L3>
  <p-BS_C1:L4 contextRef="I_Annually_Group" unitRef="U-EUR" decimals="0">0</p-BS_C1:L4>
  <p-BS_C1:L4 contextRef="I_Annually_Solo" unitRef="U-EUR" decimals="0">0</p-BS_C1:L4>
  <p-BS_C1:L4 contextRef="I_Quarterly_Group" unitRef="U-EUR" decimals="0">0</p-BS_C1:L4>
  <p-BS_C1:L4 contextRef="I_Quarterly_Solo" unitRef="U-EUR" decimals="0">0</p-BS_C1:L4>
  <p-BS_C1:L4 contextRef="I_AdHoc_Group" unitRef="U-EUR" decimals="0">0</p-BS_C1:L4>
  <p-BS_C1:L4 contextRef="I_AdHoc_Solo" unitRef="U-EUR" decimals="0">0</p-BS_C1:L4>
  <p-BS_C1:LS4 contextRef="I_Annually_Group" unitRef="U-EUR" decimals="0">0</p-BS_C1:LS4>
  <p-BS_C1:LS4 contextRef="I_Annually_Solo" unitRef="U-EUR" decimals="0">0</p-BS_C1:LS4>
  <p-BS_C1:LS4 contextRef="I_Quarterly_Group" unitRef="U-EUR" decimals="0">0</p-BS_C1:LS4>
  <p-BS_C1:LS4 contextRef="I_Quarterly_Solo" unitRef="U-EUR" decimals="0">0</p-BS_C1:LS4>
  <p-BS_C1:LS4 contextRef="I_AdHoc_Group" unitRef="U-EUR" decimals="0">0</p-BS_C1:LS4>
  <p-BS_C1:LS4 contextRef="I_AdHoc_Solo" unitRef="U-EUR" decimals="0">0</p-BS_C1:LS4>
  <p-BS_C1:L4A contextRef="I_Annually_Group" unitRef="U-EUR" decimals="0">0</p-BS_C1:L4A>
  <p-BS_C1:L4A contextRef="I_Annually_Solo" unitRef="U-EUR" decimals="0">0</p-BS_C1:L4A>
  <p-BS_C1:L4A contextRef="I_Quarterly_Group" unitRef="U-EUR" decimals="0">0</p-BS_C1:L4A>
  <p-BS_C1:L4A contextRef="I_Quarterly_Solo" unitRef="U-EUR" decimals="0">0</p-BS_C1:L4A>
  <p-BS_C1:L4A contextRef="I_AdHoc_Group" unitRef="U-EUR" decimals="0">0</p-BS_C1:L4A>
  <p-BS_C1:L4A contextRef="I_AdHoc_Solo" unitRef="U-EUR" decimals="0">0</p-BS_C1:L4A>
  <p-BS_C1:L5 contextRef="I_Annually_Group" unitRef="U-EUR" decimals="0">0</p-BS_C1:L5>
  <p-BS_C1:L5 contextRef="I_Annually_Solo" unitRef="U-EUR" decimals="0">0</p-BS_C1:L5>
  <p-BS_C1:L5 contextRef="I_Quarterly_Group" unitRef="U-EUR" decimals="0">0</p-BS_C1:L5>
  <p-BS_C1:L5 contextRef="I_Quarterly_Solo" unitRef="U-EUR" decimals="0">0</p-BS_C1:L5>
  <p-BS_C1:L5 contextRef="I_AdHoc_Group" unitRef="U-EUR" decimals="0">0</p-BS_C1:L5>
  <p-BS_C1:L5 contextRef="I_AdHoc_Solo" unitRef="U-EUR" decimals="0">0</p-BS_C1:L5>
  <p-BS_C1:L6 contextRef="I_Annually_Group" unitRef="U-EUR" decimals="0">0</p-BS_C1:L6>
  <p-BS_C1:L6 contextRef="I_Annually_Solo" unitRef="U-EUR" decimals="0">0</p-BS_C1:L6>
  <p-BS_C1:L6 contextRef="I_Quarterly_Group" unitRef="U-EUR" decimals="0">0</p-BS_C1:L6>
  <p-BS_C1:L6 contextRef="I_Quarterly_Solo" unitRef="U-EUR" decimals="0">0</p-BS_C1:L6>
  <p-BS_C1:L6 contextRef="I_AdHoc_Group" unitRef="U-EUR" decimals="0">0</p-BS_C1:L6>
  <p-BS_C1:L6 contextRef="I_AdHoc_Solo" unitRef="U-EUR" decimals="0">0</p-BS_C1:L6>
  <p-BS_C1:L6B contextRef="I_Annually_Group" unitRef="U-EUR" decimals="0">0</p-BS_C1:L6B>
  <p-BS_C1:L6B contextRef="I_Annually_Solo" unitRef="U-EUR" decimals="0">0</p-BS_C1:L6B>
  <p-BS_C1:L6B contextRef="I_Quarterly_Group" unitRef="U-EUR" decimals="0">0</p-BS_C1:L6B>
  <p-BS_C1:L6B contextRef="I_Quarterly_Solo" unitRef="U-EUR" decimals="0">0</p-BS_C1:L6B>
  <p-BS_C1:L6B contextRef="I_AdHoc_Group" unitRef="U-EUR" decimals="0">0</p-BS_C1:L6B>
  <p-BS_C1:L6B contextRef="I_AdHoc_Solo" unitRef="U-EUR" decimals="0">0</p-BS_C1:L6B>
  <p-BS_C1:LS6B contextRef="I_Annually_Group" unitRef="U-EUR" decimals="0">0</p-BS_C1:LS6B>
  <p-BS_C1:LS6B contextRef="I_Annually_Solo" unitRef="U-EUR" decimals="0">0</p-BS_C1:LS6B>
  <p-BS_C1:LS6B contextRef="I_Quarterly_Group" unitRef="U-EUR" decimals="0">0</p-BS_C1:LS6B>
  <p-BS_C1:LS6B contextRef="I_Quarterly_Solo" unitRef="U-EUR" decimals="0">0</p-BS_C1:LS6B>
  <p-BS_C1:LS6B contextRef="I_AdHoc_Group" unitRef="U-EUR" decimals="0">0</p-BS_C1:LS6B>
  <p-BS_C1:LS6B contextRef="I_AdHoc_Solo" unitRef="U-EUR" decimals="0">0</p-BS_C1:LS6B>
  <p-BS_C1:L6C contextRef="I_Annually_Group" unitRef="U-EUR" decimals="0">0</p-BS_C1:L6C>
  <p-BS_C1:L6C contextRef="I_Annually_Solo" unitRef="U-EUR" decimals="0">0</p-BS_C1:L6C>
  <p-BS_C1:L6C contextRef="I_Quarterly_Group" unitRef="U-EUR" decimals="0">0</p-BS_C1:L6C>
  <p-BS_C1:L6C contextRef="I_Quarterly_Solo" unitRef="U-EUR" decimals="0">0</p-BS_C1:L6C>
  <p-BS_C1:L6C contextRef="I_AdHoc_Group" unitRef="U-EUR" decimals="0">0</p-BS_C1:L6C>
  <p-BS_C1:L6C contextRef="I_AdHoc_Solo" unitRef="U-EUR" decimals="0">0</p-BS_C1:L6C>
  <p-BS_C1:L6D contextRef="I_Annually_Group" unitRef="U-EUR" decimals="0">0</p-BS_C1:L6D>
  <p-BS_C1:L6D contextRef="I_Annually_Solo" unitRef="U-EUR" decimals="0">0</p-BS_C1:L6D>
  <p-BS_C1:L6D contextRef="I_Quarterly_Group" unitRef="U-EUR" decimals="0">0</p-BS_C1:L6D>
  <p-BS_C1:L6D contextRef="I_Quarterly_Solo" unitRef="U-EUR" decimals="0">0</p-BS_C1:L6D>
  <p-BS_C1:L6D contextRef="I_AdHoc_Group" unitRef="U-EUR" decimals="0">0</p-BS_C1:L6D>
  <p-BS_C1:L6D contextRef="I_AdHoc_Solo" unitRef="U-EUR" decimals="0">0</p-BS_C1:L6D>
  <p-BS_C1:L6E contextRef="I_Annually_Group" unitRef="U-EUR" decimals="0">0</p-BS_C1:L6E>
  <p-BS_C1:L6E contextRef="I_Annually_Solo" unitRef="U-EUR" decimals="0">0</p-BS_C1:L6E>
  <p-BS_C1:L6E contextRef="I_Quarterly_Group" unitRef="U-EUR" decimals="0">0</p-BS_C1:L6E>
  <p-BS_C1:L6E contextRef="I_Quarterly_Solo" unitRef="U-EUR" decimals="0">0</p-BS_C1:L6E>
  <p-BS_C1:L6E contextRef="I_AdHoc_Group" unitRef="U-EUR" decimals="0">0</p-BS_C1:L6E>
  <p-BS_C1:L6E contextRef="I_AdHoc_Solo" unitRef="U-EUR" decimals="0">0</p-BS_C1:L6E>
  <p-BS_C1:L7 contextRef="I_Annually_Group" unitRef="U-EUR" decimals="0">0</p-BS_C1:L7>
  <p-BS_C1:L7 contextRef="I_Annually_Solo" unitRef="U-EUR" decimals="0">0</p-BS_C1:L7>
  <p-BS_C1:L7 contextRef="I_Quarterly_Group" unitRef="U-EUR" decimals="0">0</p-BS_C1:L7>
  <p-BS_C1:L7 contextRef="I_Quarterly_Solo" unitRef="U-EUR" decimals="0">0</p-BS_C1:L7>
  <p-BS_C1:L7 contextRef="I_AdHoc_Group" unitRef="U-EUR" decimals="0">0</p-BS_C1:L7>
  <p-BS_C1:L7 contextRef="I_AdHoc_Solo" unitRef="U-EUR" decimals="0">0</p-BS_C1:L7>
  <p-BS_C1:LS7 contextRef="I_Annually_Group" unitRef="U-EUR" decimals="0">0</p-BS_C1:LS7>
  <p-BS_C1:LS7 contextRef="I_Annually_Solo" unitRef="U-EUR" decimals="0">0</p-BS_C1:LS7>
  <p-BS_C1:LS7 contextRef="I_Quarterly_Group" unitRef="U-EUR" decimals="0">0</p-BS_C1:LS7>
  <p-BS_C1:LS7 contextRef="I_Quarterly_Solo" unitRef="U-EUR" decimals="0">0</p-BS_C1:LS7>
  <p-BS_C1:LS7 contextRef="I_AdHoc_Group" unitRef="U-EUR" decimals="0">0</p-BS_C1:LS7>
  <p-BS_C1:LS7 contextRef="I_AdHoc_Solo" unitRef="U-EUR" decimals="0">0</p-BS_C1:LS7>
  <p-BS_C1:L7A contextRef="I_Annually_Group" unitRef="U-EUR" decimals="0">0</p-BS_C1:L7A>
  <p-BS_C1:L7A contextRef="I_Annually_Solo" unitRef="U-EUR" decimals="0">0</p-BS_C1:L7A>
  <p-BS_C1:L7A contextRef="I_Quarterly_Group" unitRef="U-EUR" decimals="0">0</p-BS_C1:L7A>
  <p-BS_C1:L7A contextRef="I_Quarterly_Solo" unitRef="U-EUR" decimals="0">0</p-BS_C1:L7A>
  <p-BS_C1:L7A contextRef="I_AdHoc_Group" unitRef="U-EUR" decimals="0">0</p-BS_C1:L7A>
  <p-BS_C1:L7A contextRef="I_AdHoc_Solo" unitRef="U-EUR" decimals="0">0</p-BS_C1:L7A>
  <p-BS_C1:L8 contextRef="I_Annually_Group" unitRef="U-EUR" decimals="0">0</p-BS_C1:L8>
  <p-BS_C1:L8 contextRef="I_Annually_Solo" unitRef="U-EUR" decimals="0">0</p-BS_C1:L8>
  <p-BS_C1:L8 contextRef="I_Quarterly_Group" unitRef="U-EUR" decimals="0">0</p-BS_C1:L8>
  <p-BS_C1:L8 contextRef="I_Quarterly_Solo" unitRef="U-EUR" decimals="0">0</p-BS_C1:L8>
  <p-BS_C1:L8 contextRef="I_AdHoc_Group" unitRef="U-EUR" decimals="0">0</p-BS_C1:L8>
  <p-BS_C1:L8 contextRef="I_AdHoc_Solo" unitRef="U-EUR" decimals="0">0</p-BS_C1:L8>
  <p-BS_C1:L9 contextRef="I_Annually_Group" unitRef="U-EUR" decimals="0">0</p-BS_C1:L9>
  <p-BS_C1:L9 contextRef="I_Annually_Solo" unitRef="U-EUR" decimals="0">0</p-BS_C1:L9>
  <p-BS_C1:L9 contextRef="I_Quarterly_Group" unitRef="U-EUR" decimals="0">0</p-BS_C1:L9>
  <p-BS_C1:L9 contextRef="I_Quarterly_Solo" unitRef="U-EUR" decimals="0">0</p-BS_C1:L9>
  <p-BS_C1:L9 contextRef="I_AdHoc_Group" unitRef="U-EUR" decimals="0">0</p-BS_C1:L9>
  <p-BS_C1:L9 contextRef="I_AdHoc_Solo" unitRef="U-EUR" decimals="0">0</p-BS_C1:L9>
  <p-BS_C1:L10 contextRef="I_Annually_Group" unitRef="U-EUR" decimals="0">0</p-BS_C1:L10>
  <p-BS_C1:L10 contextRef="I_Annually_Solo" unitRef="U-EUR" decimals="0">0</p-BS_C1:L10>
  <p-BS_C1:L10 contextRef="I_Quarterly_Group" unitRef="U-EUR" decimals="0">0</p-BS_C1:L10>
  <p-BS_C1:L10 contextRef="I_Quarterly_Solo" unitRef="U-EUR" decimals="0">0</p-BS_C1:L10>
  <p-BS_C1:L10 contextRef="I_AdHoc_Group" unitRef="U-EUR" decimals="0">0</p-BS_C1:L10>
  <p-BS_C1:L10 contextRef="I_AdHoc_Solo" unitRef="U-EUR" decimals="0">0</p-BS_C1:L10>
  <p-BS_C1:LS10 contextRef="I_Annually_Group" unitRef="U-EUR" decimals="0">0</p-BS_C1:LS10>
  <p-BS_C1:LS10 contextRef="I_Annually_Solo" unitRef="U-EUR" decimals="0">0</p-BS_C1:LS10>
  <p-BS_C1:LS10 contextRef="I_Quarterly_Group" unitRef="U-EUR" decimals="0">0</p-BS_C1:LS10>
  <p-BS_C1:LS10 contextRef="I_Quarterly_Solo" unitRef="U-EUR" decimals="0">0</p-BS_C1:LS10>
  <p-BS_C1:LS10 contextRef="I_AdHoc_Group" unitRef="U-EUR" decimals="0">0</p-BS_C1:LS10>
  <p-BS_C1:LS10 contextRef="I_AdHoc_Solo" unitRef="U-EUR" decimals="0">0</p-BS_C1:LS10>
  <p-BS_C1:L10A contextRef="I_Annually_Group" unitRef="U-EUR" decimals="0">0</p-BS_C1:L10A>
  <p-BS_C1:L10A contextRef="I_Annually_Solo" unitRef="U-EUR" decimals="0">0</p-BS_C1:L10A>
  <p-BS_C1:L10A contextRef="I_Quarterly_Group" unitRef="U-EUR" decimals="0">0</p-BS_C1:L10A>
  <p-BS_C1:L10A contextRef="I_Quarterly_Solo" unitRef="U-EUR" decimals="0">0</p-BS_C1:L10A>
  <p-BS_C1:L10A contextRef="I_AdHoc_Group" unitRef="U-EUR" decimals="0">0</p-BS_C1:L10A>
  <p-BS_C1:L10A contextRef="I_AdHoc_Solo" unitRef="U-EUR" decimals="0">0</p-BS_C1:L10A>
  <p-BS_C1:L11 contextRef="I_Annually_Group" unitRef="U-EUR" decimals="0">0</p-BS_C1:L11>
  <p-BS_C1:L11 contextRef="I_Annually_Solo" unitRef="U-EUR" decimals="0">0</p-BS_C1:L11>
  <p-BS_C1:L11 contextRef="I_Quarterly_Group" unitRef="U-EUR" decimals="0">0</p-BS_C1:L11>
  <p-BS_C1:L11 contextRef="I_Quarterly_Solo" unitRef="U-EUR" decimals="0">0</p-BS_C1:L11>
  <p-BS_C1:L11 contextRef="I_AdHoc_Group" unitRef="U-EUR" decimals="0">0</p-BS_C1:L11>
  <p-BS_C1:L11 contextRef="I_AdHoc_Solo" unitRef="U-EUR" decimals="0">0</p-BS_C1:L11>
  <p-BS_C1:L12 contextRef="I_Annually_Group" unitRef="U-EUR" decimals="0">0</p-BS_C1:L12>
  <p-BS_C1:L12 contextRef="I_Annually_Solo" unitRef="U-EUR" decimals="0">0</p-BS_C1:L12>
  <p-BS_C1:L12 contextRef="I_Quarterly_Group" unitRef="U-EUR" decimals="0">0</p-BS_C1:L12>
  <p-BS_C1:L12 contextRef="I_Quarterly_Solo" unitRef="U-EUR" decimals="0">0</p-BS_C1:L12>
  <p-BS_C1:L12 contextRef="I_AdHoc_Group" unitRef="U-EUR" decimals="0">0</p-BS_C1:L12>
  <p-BS_C1:L12 contextRef="I_AdHoc_Solo" unitRef="U-EUR" decimals="0">0</p-BS_C1:L12>
  <p-BS_C1:L18 contextRef="I_Annually_Group" unitRef="U-EUR" decimals="0">0</p-BS_C1:L18>
  <p-BS_C1:L18 contextRef="I_Annually_Solo" unitRef="U-EUR" decimals="0">0</p-BS_C1:L18>
  <p-BS_C1:L18 contextRef="I_Quarterly_Group" unitRef="U-EUR" decimals="0">0</p-BS_C1:L18>
  <p-BS_C1:L18 contextRef="I_Quarterly_Solo" unitRef="U-EUR" decimals="0">0</p-BS_C1:L18>
  <p-BS_C1:L18 contextRef="I_AdHoc_Group" unitRef="U-EUR" decimals="0">0</p-BS_C1:L18>
  <p-BS_C1:L18 contextRef="I_AdHoc_Solo" unitRef="U-EUR" decimals="0">0</p-BS_C1:L18>
  <p-BS_C1:LS18 contextRef="I_Annually_Group" unitRef="U-EUR" decimals="0">0</p-BS_C1:LS18>
  <p-BS_C1:LS18 contextRef="I_Annually_Solo" unitRef="U-EUR" decimals="0">0</p-BS_C1:LS18>
  <p-BS_C1:LS18 contextRef="I_Quarterly_Group" unitRef="U-EUR" decimals="0">0</p-BS_C1:LS18>
  <p-BS_C1:LS18 contextRef="I_Quarterly_Solo" unitRef="U-EUR" decimals="0">0</p-BS_C1:LS18>
  <p-BS_C1:LS18 contextRef="I_AdHoc_Group" unitRef="U-EUR" decimals="0">0</p-BS_C1:LS18>
  <p-BS_C1:LS18 contextRef="I_AdHoc_Solo" unitRef="U-EUR" decimals="0">0</p-BS_C1:LS18>
  <p-BS_C1:L22 contextRef="I_Annually_Group" unitRef="U-EUR" decimals="0">0</p-BS_C1:L22>
  <p-BS_C1:L22 contextRef="I_Annually_Solo" unitRef="U-EUR" decimals="0">0</p-BS_C1:L22>
  <p-BS_C1:L22 contextRef="I_Quarterly_Group" unitRef="U-EUR" decimals="0">0</p-BS_C1:L22>
  <p-BS_C1:L22 contextRef="I_Quarterly_Solo" unitRef="U-EUR" decimals="0">0</p-BS_C1:L22>
  <p-BS_C1:L22 contextRef="I_AdHoc_Group" unitRef="U-EUR" decimals="0">0</p-BS_C1:L22>
  <p-BS_C1:L22 contextRef="I_AdHoc_Solo" unitRef="U-EUR" decimals="0">0</p-BS_C1:L22>
  <p-BS_C1:LS22 contextRef="I_Annually_Group" unitRef="U-EUR" decimals="0">0</p-BS_C1:LS22>
  <p-BS_C1:LS22 contextRef="I_Annually_Solo" unitRef="U-EUR" decimals="0">0</p-BS_C1:LS22>
  <p-BS_C1:LS22 contextRef="I_Quarterly_Group" unitRef="U-EUR" decimals="0">0</p-BS_C1:LS22>
  <p-BS_C1:LS22 contextRef="I_Quarterly_Solo" unitRef="U-EUR" decimals="0">0</p-BS_C1:LS22>
  <p-BS_C1:LS22 contextRef="I_AdHoc_Group" unitRef="U-EUR" decimals="0">0</p-BS_C1:LS22>
  <p-BS_C1:LS22 contextRef="I_AdHoc_Solo" unitRef="U-EUR" decimals="0">0</p-BS_C1:LS22>
  <p-BS_C1:L13 contextRef="I_Annually_Group" unitRef="U-EUR" decimals="0">0</p-BS_C1:L13>
  <p-BS_C1:L13 contextRef="I_Annually_Solo" unitRef="U-EUR" decimals="0">0</p-BS_C1:L13>
  <p-BS_C1:L13 contextRef="I_Quarterly_Group" unitRef="U-EUR" decimals="0">0</p-BS_C1:L13>
  <p-BS_C1:L13 contextRef="I_Quarterly_Solo" unitRef="U-EUR" decimals="0">0</p-BS_C1:L13>
  <p-BS_C1:L13 contextRef="I_AdHoc_Group" unitRef="U-EUR" decimals="0">0</p-BS_C1:L13>
  <p-BS_C1:L13 contextRef="I_AdHoc_Solo" unitRef="U-EUR" decimals="0">0</p-BS_C1:L13>
  <p-BS_C1:LS13 contextRef="I_Annually_Group" unitRef="U-EUR" decimals="0">0</p-BS_C1:LS13>
  <p-BS_C1:LS13 contextRef="I_Annually_Solo" unitRef="U-EUR" decimals="0">0</p-BS_C1:LS13>
  <p-BS_C1:LS13 contextRef="I_Quarterly_Group" unitRef="U-EUR" decimals="0">0</p-BS_C1:LS13>
  <p-BS_C1:LS13 contextRef="I_Quarterly_Solo" unitRef="U-EUR" decimals="0">0</p-BS_C1:LS13>
  <p-BS_C1:LS13 contextRef="I_AdHoc_Group" unitRef="U-EUR" decimals="0">0</p-BS_C1:LS13>
  <p-BS_C1:LS13 contextRef="I_AdHoc_Solo" unitRef="U-EUR" decimals="0">0</p-BS_C1:LS13>
  <p-BS_C1:L17 contextRef="I_Annually_Group" unitRef="U-EUR" decimals="0">0</p-BS_C1:L17>
  <p-BS_C1:L17 contextRef="I_Annually_Solo" unitRef="U-EUR" decimals="0">0</p-BS_C1:L17>
  <p-BS_C1:L17 contextRef="I_Quarterly_Group" unitRef="U-EUR" decimals="0">0</p-BS_C1:L17>
  <p-BS_C1:L17 contextRef="I_Quarterly_Solo" unitRef="U-EUR" decimals="0">0</p-BS_C1:L17>
  <p-BS_C1:L17 contextRef="I_AdHoc_Group" unitRef="U-EUR" decimals="0">0</p-BS_C1:L17>
  <p-BS_C1:L17 contextRef="I_AdHoc_Solo" unitRef="U-EUR" decimals="0">0</p-BS_C1:L17>
  <p-BS_C1:LS17 contextRef="I_Annually_Group" unitRef="U-EUR" decimals="0">0</p-BS_C1:LS17>
  <p-BS_C1:LS17 contextRef="I_Annually_Solo" unitRef="U-EUR" decimals="0">0</p-BS_C1:LS17>
  <p-BS_C1:LS17 contextRef="I_Quarterly_Group" unitRef="U-EUR" decimals="0">0</p-BS_C1:LS17>
  <p-BS_C1:LS17 contextRef="I_Quarterly_Solo" unitRef="U-EUR" decimals="0">0</p-BS_C1:LS17>
  <p-BS_C1:LS17 contextRef="I_AdHoc_Group" unitRef="U-EUR" decimals="0">0</p-BS_C1:LS17>
  <p-BS_C1:LS17 contextRef="I_AdHoc_Solo" unitRef="U-EUR" decimals="0">0</p-BS_C1:LS17>
  <p-BS_C1:L16 contextRef="I_Annually_Group" unitRef="U-EUR" decimals="0">0</p-BS_C1:L16>
  <p-BS_C1:L16 contextRef="I_Annually_Solo" unitRef="U-EUR" decimals="0">0</p-BS_C1:L16>
  <p-BS_C1:L16 contextRef="I_Quarterly_Group" unitRef="U-EUR" decimals="0">0</p-BS_C1:L16>
  <p-BS_C1:L16 contextRef="I_Quarterly_Solo" unitRef="U-EUR" decimals="0">0</p-BS_C1:L16>
  <p-BS_C1:L16 contextRef="I_AdHoc_Group" unitRef="U-EUR" decimals="0">0</p-BS_C1:L16>
  <p-BS_C1:L16 contextRef="I_AdHoc_Solo" unitRef="U-EUR" decimals="0">0</p-BS_C1:L16>
  <p-BS_C1:LS16 contextRef="I_Annually_Group" unitRef="U-EUR" decimals="0">0</p-BS_C1:LS16>
  <p-BS_C1:LS16 contextRef="I_Annually_Solo" unitRef="U-EUR" decimals="0">0</p-BS_C1:LS16>
  <p-BS_C1:LS16 contextRef="I_Quarterly_Group" unitRef="U-EUR" decimals="0">0</p-BS_C1:LS16>
  <p-BS_C1:LS16 contextRef="I_Quarterly_Solo" unitRef="U-EUR" decimals="0">0</p-BS_C1:LS16>
  <p-BS_C1:LS16 contextRef="I_AdHoc_Group" unitRef="U-EUR" decimals="0">0</p-BS_C1:LS16>
  <p-BS_C1:LS16 contextRef="I_AdHoc_Solo" unitRef="U-EUR" decimals="0">0</p-BS_C1:LS16>
  <p-BS_C1:L23 contextRef="I_Annually_Group" unitRef="U-EUR" decimals="0">0</p-BS_C1:L23>
  <p-BS_C1:L23 contextRef="I_Annually_Solo" unitRef="U-EUR" decimals="0">0</p-BS_C1:L23>
  <p-BS_C1:L23 contextRef="I_Quarterly_Group" unitRef="U-EUR" decimals="0">0</p-BS_C1:L23>
  <p-BS_C1:L23 contextRef="I_Quarterly_Solo" unitRef="U-EUR" decimals="0">0</p-BS_C1:L23>
  <p-BS_C1:L23 contextRef="I_AdHoc_Group" unitRef="U-EUR" decimals="0">0</p-BS_C1:L23>
  <p-BS_C1:L23 contextRef="I_AdHoc_Solo" unitRef="U-EUR" decimals="0">0</p-BS_C1:L23>
  <p-BS_C1:L19A contextRef="I_Annually_Group" unitRef="U-EUR" decimals="0">0</p-BS_C1:L19A>
  <p-BS_C1:L19A contextRef="I_Annually_Solo" unitRef="U-EUR" decimals="0">0</p-BS_C1:L19A>
  <p-BS_C1:L19A contextRef="I_Quarterly_Group" unitRef="U-EUR" decimals="0">0</p-BS_C1:L19A>
  <p-BS_C1:L19A contextRef="I_Quarterly_Solo" unitRef="U-EUR" decimals="0">0</p-BS_C1:L19A>
  <p-BS_C1:L19A contextRef="I_AdHoc_Group" unitRef="U-EUR" decimals="0">0</p-BS_C1:L19A>
  <p-BS_C1:L19A contextRef="I_AdHoc_Solo" unitRef="U-EUR" decimals="0">0</p-BS_C1:L19A>
  <p-BS_C1:LS19A contextRef="I_Annually_Group" unitRef="U-EUR" decimals="0">0</p-BS_C1:LS19A>
  <p-BS_C1:LS19A contextRef="I_Annually_Solo" unitRef="U-EUR" decimals="0">0</p-BS_C1:LS19A>
  <p-BS_C1:LS19A contextRef="I_Quarterly_Group" unitRef="U-EUR" decimals="0">0</p-BS_C1:LS19A>
  <p-BS_C1:LS19A contextRef="I_Quarterly_Solo" unitRef="U-EUR" decimals="0">0</p-BS_C1:LS19A>
  <p-BS_C1:LS19A contextRef="I_AdHoc_Group" unitRef="U-EUR" decimals="0">0</p-BS_C1:LS19A>
  <p-BS_C1:LS19A contextRef="I_AdHoc_Solo" unitRef="U-EUR" decimals="0">0</p-BS_C1:LS19A>
  <p-BS_C1:L19 contextRef="I_Annually_Group" unitRef="U-EUR" decimals="0">0</p-BS_C1:L19>
  <p-BS_C1:L19 contextRef="I_Annually_Solo" unitRef="U-EUR" decimals="0">0</p-BS_C1:L19>
  <p-BS_C1:L19 contextRef="I_Quarterly_Group" unitRef="U-EUR" decimals="0">0</p-BS_C1:L19>
  <p-BS_C1:L19 contextRef="I_Quarterly_Solo" unitRef="U-EUR" decimals="0">0</p-BS_C1:L19>
  <p-BS_C1:L19 contextRef="I_AdHoc_Group" unitRef="U-EUR" decimals="0">0</p-BS_C1:L19>
  <p-BS_C1:L19 contextRef="I_AdHoc_Solo" unitRef="U-EUR" decimals="0">0</p-BS_C1:L19>
  <p-BS_C1:LS19 contextRef="I_Annually_Group" unitRef="U-EUR" decimals="0">0</p-BS_C1:LS19>
  <p-BS_C1:LS19 contextRef="I_Annually_Solo" unitRef="U-EUR" decimals="0">0</p-BS_C1:LS19>
  <p-BS_C1:LS19 contextRef="I_Quarterly_Group" unitRef="U-EUR" decimals="0">0</p-BS_C1:LS19>
  <p-BS_C1:LS19 contextRef="I_Quarterly_Solo" unitRef="U-EUR" decimals="0">0</p-BS_C1:LS19>
  <p-BS_C1:LS19 contextRef="I_AdHoc_Group" unitRef="U-EUR" decimals="0">0</p-BS_C1:LS19>
  <p-BS_C1:LS19 contextRef="I_AdHoc_Solo" unitRef="U-EUR" decimals="0">0</p-BS_C1:LS19>
  <p-BS_C1:L20 contextRef="I_Annually_Group" unitRef="U-EUR" decimals="0">0</p-BS_C1:L20>
  <p-BS_C1:L20 contextRef="I_Annually_Solo" unitRef="U-EUR" decimals="0">0</p-BS_C1:L20>
  <p-BS_C1:L20 contextRef="I_Quarterly_Group" unitRef="U-EUR" decimals="0">0</p-BS_C1:L20>
  <p-BS_C1:L20 contextRef="I_Quarterly_Solo" unitRef="U-EUR" decimals="0">0</p-BS_C1:L20>
  <p-BS_C1:L20 contextRef="I_AdHoc_Group" unitRef="U-EUR" decimals="0">0</p-BS_C1:L20>
  <p-BS_C1:L20 contextRef="I_AdHoc_Solo" unitRef="U-EUR" decimals="0">0</p-BS_C1:L20>
  <p-BS_C1:LS20 contextRef="I_Annually_Group" unitRef="U-EUR" decimals="0">0</p-BS_C1:LS20>
  <p-BS_C1:LS20 contextRef="I_Annually_Solo" unitRef="U-EUR" decimals="0">0</p-BS_C1:LS20>
  <p-BS_C1:LS20 contextRef="I_Quarterly_Group" unitRef="U-EUR" decimals="0">0</p-BS_C1:LS20>
  <p-BS_C1:LS20 contextRef="I_Quarterly_Solo" unitRef="U-EUR" decimals="0">0</p-BS_C1:LS20>
  <p-BS_C1:LS20 contextRef="I_AdHoc_Group" unitRef="U-EUR" decimals="0">0</p-BS_C1:LS20>
  <p-BS_C1:LS20 contextRef="I_AdHoc_Solo" unitRef="U-EUR" decimals="0">0</p-BS_C1:LS20>
  <p-BS_C1:L15A contextRef="I_Annually_Group" unitRef="U-EUR" decimals="0">0</p-BS_C1:L15A>
  <p-BS_C1:L15A contextRef="I_Annually_Solo" unitRef="U-EUR" decimals="0">0</p-BS_C1:L15A>
  <p-BS_C1:L15A contextRef="I_Quarterly_Group" unitRef="U-EUR" decimals="0">0</p-BS_C1:L15A>
  <p-BS_C1:L15A contextRef="I_Quarterly_Solo" unitRef="U-EUR" decimals="0">0</p-BS_C1:L15A>
  <p-BS_C1:L15A contextRef="I_AdHoc_Group" unitRef="U-EUR" decimals="0">0</p-BS_C1:L15A>
  <p-BS_C1:L15A contextRef="I_AdHoc_Solo" unitRef="U-EUR" decimals="0">0</p-BS_C1:L15A>
  <p-BS_C1:LS15A contextRef="I_Annually_Group" unitRef="U-EUR" decimals="0">0</p-BS_C1:LS15A>
  <p-BS_C1:LS15A contextRef="I_Annually_Solo" unitRef="U-EUR" decimals="0">0</p-BS_C1:LS15A>
  <p-BS_C1:LS15A contextRef="I_Quarterly_Group" unitRef="U-EUR" decimals="0">0</p-BS_C1:LS15A>
  <p-BS_C1:LS15A contextRef="I_Quarterly_Solo" unitRef="U-EUR" decimals="0">0</p-BS_C1:LS15A>
  <p-BS_C1:LS15A contextRef="I_AdHoc_Group" unitRef="U-EUR" decimals="0">0</p-BS_C1:LS15A>
  <p-BS_C1:LS15A contextRef="I_AdHoc_Solo" unitRef="U-EUR" decimals="0">0</p-BS_C1:LS15A>
  <p-BS_C1:L15B contextRef="I_Annually_Group" unitRef="U-EUR" decimals="0">0</p-BS_C1:L15B>
  <p-BS_C1:L15B contextRef="I_Annually_Solo" unitRef="U-EUR" decimals="0">0</p-BS_C1:L15B>
  <p-BS_C1:L15B contextRef="I_Quarterly_Group" unitRef="U-EUR" decimals="0">0</p-BS_C1:L15B>
  <p-BS_C1:L15B contextRef="I_Quarterly_Solo" unitRef="U-EUR" decimals="0">0</p-BS_C1:L15B>
  <p-BS_C1:L15B contextRef="I_AdHoc_Group" unitRef="U-EUR" decimals="0">0</p-BS_C1:L15B>
  <p-BS_C1:L15B contextRef="I_AdHoc_Solo" unitRef="U-EUR" decimals="0">0</p-BS_C1:L15B>
  <p-BS_C1:LS15B contextRef="I_Annually_Group" unitRef="U-EUR" decimals="0">0</p-BS_C1:LS15B>
  <p-BS_C1:LS15B contextRef="I_Annually_Solo" unitRef="U-EUR" decimals="0">0</p-BS_C1:LS15B>
  <p-BS_C1:LS15B contextRef="I_Quarterly_Group" unitRef="U-EUR" decimals="0">0</p-BS_C1:LS15B>
  <p-BS_C1:LS15B contextRef="I_Quarterly_Solo" unitRef="U-EUR" decimals="0">0</p-BS_C1:LS15B>
  <p-BS_C1:LS15B contextRef="I_AdHoc_Group" unitRef="U-EUR" decimals="0">0</p-BS_C1:LS15B>
  <p-BS_C1:LS15B contextRef="I_AdHoc_Solo" unitRef="U-EUR" decimals="0">0</p-BS_C1:LS15B>
  <p-BS_C1:L25B contextRef="I_Annually_Group" unitRef="U-EUR" decimals="0">0</p-BS_C1:L25B>
  <p-BS_C1:L25B contextRef="I_Annually_Solo" unitRef="U-EUR" decimals="0">0</p-BS_C1:L25B>
  <p-BS_C1:L25B contextRef="I_Quarterly_Group" unitRef="U-EUR" decimals="0">0</p-BS_C1:L25B>
  <p-BS_C1:L25B contextRef="I_Quarterly_Solo" unitRef="U-EUR" decimals="0">0</p-BS_C1:L25B>
  <p-BS_C1:L25B contextRef="I_AdHoc_Group" unitRef="U-EUR" decimals="0">0</p-BS_C1:L25B>
  <p-BS_C1:L25B contextRef="I_AdHoc_Solo" unitRef="U-EUR" decimals="0">0</p-BS_C1:L25B>
  <p-BS_C1:LS25B contextRef="I_Annually_Group" unitRef="U-EUR" decimals="0">0</p-BS_C1:LS25B>
  <p-BS_C1:LS25B contextRef="I_Annually_Solo" unitRef="U-EUR" decimals="0">0</p-BS_C1:LS25B>
  <p-BS_C1:LS25B contextRef="I_Quarterly_Group" unitRef="U-EUR" decimals="0">0</p-BS_C1:LS25B>
  <p-BS_C1:LS25B contextRef="I_Quarterly_Solo" unitRef="U-EUR" decimals="0">0</p-BS_C1:LS25B>
  <p-BS_C1:LS25B contextRef="I_AdHoc_Group" unitRef="U-EUR" decimals="0">0</p-BS_C1:LS25B>
  <p-BS_C1:LS25B contextRef="I_AdHoc_Solo" unitRef="U-EUR" decimals="0">0</p-BS_C1:LS25B>
  <p-BS_C1:L15C contextRef="I_Annually_Group" unitRef="U-EUR" decimals="0">0</p-BS_C1:L15C>
  <p-BS_C1:L15C contextRef="I_Annually_Solo" unitRef="U-EUR" decimals="0">0</p-BS_C1:L15C>
  <p-BS_C1:L15C contextRef="I_Quarterly_Group" unitRef="U-EUR" decimals="0">0</p-BS_C1:L15C>
  <p-BS_C1:L15C contextRef="I_Quarterly_Solo" unitRef="U-EUR" decimals="0">0</p-BS_C1:L15C>
  <p-BS_C1:L15C contextRef="I_AdHoc_Group" unitRef="U-EUR" decimals="0">0</p-BS_C1:L15C>
  <p-BS_C1:L15C contextRef="I_AdHoc_Solo" unitRef="U-EUR" decimals="0">0</p-BS_C1:L15C>
  <p-BS_C1:LS15C contextRef="I_Annually_Group" unitRef="U-EUR" decimals="0">0</p-BS_C1:LS15C>
  <p-BS_C1:LS15C contextRef="I_Annually_Solo" unitRef="U-EUR" decimals="0">0</p-BS_C1:LS15C>
  <p-BS_C1:LS15C contextRef="I_Quarterly_Group" unitRef="U-EUR" decimals="0">0</p-BS_C1:LS15C>
  <p-BS_C1:LS15C contextRef="I_Quarterly_Solo" unitRef="U-EUR" decimals="0">0</p-BS_C1:LS15C>
  <p-BS_C1:LS15C contextRef="I_AdHoc_Group" unitRef="U-EUR" decimals="0">0</p-BS_C1:LS15C>
  <p-BS_C1:LS15C contextRef="I_AdHoc_Solo" unitRef="U-EUR" decimals="0">0</p-BS_C1:LS15C>
  <p-BS_C1:L15D contextRef="I_Annually_Group" unitRef="U-EUR" decimals="0">0</p-BS_C1:L15D>
  <p-BS_C1:L15D contextRef="I_Annually_Solo" unitRef="U-EUR" decimals="0">0</p-BS_C1:L15D>
  <p-BS_C1:L15D contextRef="I_Quarterly_Group" unitRef="U-EUR" decimals="0">0</p-BS_C1:L15D>
  <p-BS_C1:L15D contextRef="I_Quarterly_Solo" unitRef="U-EUR" decimals="0">0</p-BS_C1:L15D>
  <p-BS_C1:L15D contextRef="I_AdHoc_Group" unitRef="U-EUR" decimals="0">0</p-BS_C1:L15D>
  <p-BS_C1:L15D contextRef="I_AdHoc_Solo" unitRef="U-EUR" decimals="0">0</p-BS_C1:L15D>
  <p-BS_C1:LS15D contextRef="I_Annually_Group" unitRef="U-EUR" decimals="0">0</p-BS_C1:LS15D>
  <p-BS_C1:LS15D contextRef="I_Annually_Solo" unitRef="U-EUR" decimals="0">0</p-BS_C1:LS15D>
  <p-BS_C1:LS15D contextRef="I_Quarterly_Group" unitRef="U-EUR" decimals="0">0</p-BS_C1:LS15D>
  <p-BS_C1:LS15D contextRef="I_Quarterly_Solo" unitRef="U-EUR" decimals="0">0</p-BS_C1:LS15D>
  <p-BS_C1:LS15D contextRef="I_AdHoc_Group" unitRef="U-EUR" decimals="0">0</p-BS_C1:LS15D>
  <p-BS_C1:LS15D contextRef="I_AdHoc_Solo" unitRef="U-EUR" decimals="0">0</p-BS_C1:LS15D>
  <p-BS_C1:L25 contextRef="I_Annually_Group" unitRef="U-EUR" decimals="0">0</p-BS_C1:L25>
  <p-BS_C1:L25 contextRef="I_Annually_Solo" unitRef="U-EUR" decimals="0">0</p-BS_C1:L25>
  <p-BS_C1:L25 contextRef="I_Quarterly_Group" unitRef="U-EUR" decimals="0">0</p-BS_C1:L25>
  <p-BS_C1:L25 contextRef="I_Quarterly_Solo" unitRef="U-EUR" decimals="0">0</p-BS_C1:L25>
  <p-BS_C1:L25 contextRef="I_AdHoc_Group" unitRef="U-EUR" decimals="0">0</p-BS_C1:L25>
  <p-BS_C1:L25 contextRef="I_AdHoc_Solo" unitRef="U-EUR" decimals="0">0</p-BS_C1:L25>
  <p-BS_C1:LS25 contextRef="I_Annually_Group" unitRef="U-EUR" decimals="0">0</p-BS_C1:LS25>
  <p-BS_C1:LS25 contextRef="I_Annually_Solo" unitRef="U-EUR" decimals="0">0</p-BS_C1:LS25>
  <p-BS_C1:LS25 contextRef="I_Quarterly_Group" unitRef="U-EUR" decimals="0">0</p-BS_C1:LS25>
  <p-BS_C1:LS25 contextRef="I_Quarterly_Solo" unitRef="U-EUR" decimals="0">0</p-BS_C1:LS25>
  <p-BS_C1:LS25 contextRef="I_AdHoc_Group" unitRef="U-EUR" decimals="0">0</p-BS_C1:LS25>
  <p-BS_C1:LS25 contextRef="I_AdHoc_Solo" unitRef="U-EUR" decimals="0">0</p-BS_C1:LS25>
  <p-BS_C1:L25A contextRef="I_Annually_Group" unitRef="U-EUR" decimals="0">0</p-BS_C1:L25A>
  <p-BS_C1:L25A contextRef="I_Annually_Solo" unitRef="U-EUR" decimals="0">0</p-BS_C1:L25A>
  <p-BS_C1:L25A contextRef="I_Quarterly_Group" unitRef="U-EUR" decimals="0">0</p-BS_C1:L25A>
  <p-BS_C1:L25A contextRef="I_Quarterly_Solo" unitRef="U-EUR" decimals="0">0</p-BS_C1:L25A>
  <p-BS_C1:L25A contextRef="I_AdHoc_Group" unitRef="U-EUR" decimals="0">0</p-BS_C1:L25A>
  <p-BS_C1:L25A contextRef="I_AdHoc_Solo" unitRef="U-EUR" decimals="0">0</p-BS_C1:L25A>
  <p-BS_C1:LS25A contextRef="I_Annually_Group" unitRef="U-EUR" decimals="0">0</p-BS_C1:LS25A>
  <p-BS_C1:LS25A contextRef="I_Annually_Solo" unitRef="U-EUR" decimals="0">0</p-BS_C1:LS25A>
  <p-BS_C1:LS25A contextRef="I_Quarterly_Group" unitRef="U-EUR" decimals="0">0</p-BS_C1:LS25A>
  <p-BS_C1:LS25A contextRef="I_Quarterly_Solo" unitRef="U-EUR" decimals="0">0</p-BS_C1:LS25A>
  <p-BS_C1:LS25A contextRef="I_AdHoc_Group" unitRef="U-EUR" decimals="0">0</p-BS_C1:LS25A>
  <p-BS_C1:LS25A contextRef="I_AdHoc_Solo" unitRef="U-EUR" decimals="0">0</p-BS_C1:LS25A>
  <p-BS_C1:LS26 contextRef="I_Annually_Group" unitRef="U-EUR" decimals="0">0</p-BS_C1:LS26>
  <p-BS_C1:LS26 contextRef="I_Annually_Solo" unitRef="U-EUR" decimals="0">0</p-BS_C1:LS26>
  <p-BS_C1:LS26 contextRef="I_Quarterly_Group" unitRef="U-EUR" decimals="0">0</p-BS_C1:LS26>
  <p-BS_C1:LS26 contextRef="I_Quarterly_Solo" unitRef="U-EUR" decimals="0">0</p-BS_C1:LS26>
  <p-BS_C1:LS26 contextRef="I_AdHoc_Group" unitRef="U-EUR" decimals="0">0</p-BS_C1:LS26>
  <p-BS_C1:LS26 contextRef="I_AdHoc_Solo" unitRef="U-EUR" decimals="0">0</p-BS_C1:LS26>
  <p-BS_C1:L26 contextRef="I_Annually_Group" unitRef="U-EUR" decimals="0">0</p-BS_C1:L26>
  <p-BS_C1:L26 contextRef="I_Annually_Solo" unitRef="U-EUR" decimals="0">0</p-BS_C1:L26>
  <p-BS_C1:L26 contextRef="I_Quarterly_Group" unitRef="U-EUR" decimals="0">0</p-BS_C1:L26>
  <p-BS_C1:L26 contextRef="I_Quarterly_Solo" unitRef="U-EUR" decimals="0">0</p-BS_C1:L26>
  <p-BS_C1:L26 contextRef="I_AdHoc_Group" unitRef="U-EUR" decimals="0">0</p-BS_C1:L26>
  <p-BS_C1:L26 contextRef="I_AdHoc_Solo" unitRef="U-EUR" decimals="0">0</p-BS_C1:L26>
  <p-BS_C1:L27 contextRef="I_Annually_Group" unitRef="U-EUR" decimals="0">0</p-BS_C1:L27>
  <p-BS_C1:L27 contextRef="I_Annually_Solo" unitRef="U-EUR" decimals="0">0</p-BS_C1:L27>
  <p-BS_C1:L27 contextRef="I_Quarterly_Group" unitRef="U-EUR" decimals="0">0</p-BS_C1:L27>
  <p-BS_C1:L27 contextRef="I_Quarterly_Solo" unitRef="U-EUR" decimals="0">0</p-BS_C1:L27>
  <p-BS_C1:L27 contextRef="I_AdHoc_Group" unitRef="U-EUR" decimals="0">0</p-BS_C1:L27>
  <p-BS_C1:L27 contextRef="I_AdHoc_Solo" unitRef="U-EUR" decimals="0">0</p-BS_C1:L27>
  <p-BS_C1:L30 contextRef="I_Annually_Group" unitRef="U-EUR" decimals="0">0</p-BS_C1:L30>
  <p-BS_C1:L30 contextRef="I_Annually_Solo" unitRef="U-EUR" decimals="0">0</p-BS_C1:L30>
  <p-BS_C1:L30 contextRef="I_Quarterly_Group" unitRef="U-EUR" decimals="0">0</p-BS_C1:L30>
  <p-BS_C1:L30 contextRef="I_Quarterly_Solo" unitRef="U-EUR" decimals="0">0</p-BS_C1:L30>
  <p-BS_C1:L30 contextRef="I_AdHoc_Group" unitRef="U-EUR" decimals="0">0</p-BS_C1:L30>
  <p-BS_C1:L30 contextRef="I_AdHoc_Solo" unitRef="U-EUR" decimals="0">0</p-BS_C1:L30>
  <p-BS_C1:LS30 contextRef="I_Annually_Group" unitRef="U-EUR" decimals="0">0</p-BS_C1:LS30>
  <p-BS_C1:LS30 contextRef="I_Annually_Solo" unitRef="U-EUR" decimals="0">0</p-BS_C1:LS30>
  <p-BS_C1:LS30 contextRef="I_Quarterly_Group" unitRef="U-EUR" decimals="0">0</p-BS_C1:LS30>
  <p-BS_C1:LS30 contextRef="I_Quarterly_Solo" unitRef="U-EUR" decimals="0">0</p-BS_C1:LS30>
  <p-BS_C1:LS30 contextRef="I_AdHoc_Group" unitRef="U-EUR" decimals="0">0</p-BS_C1:LS30>
  <p-BS_C1:LS30 contextRef="I_AdHoc_Solo" unitRef="U-EUR" decimals="0">0</p-BS_C1:LS30>
  <p-BS_C1:L27A contextRef="I_Annually_Group" unitRef="U-EUR" decimals="0">0</p-BS_C1:L27A>
  <p-BS_C1:L27A contextRef="I_Annually_Solo" unitRef="U-EUR" decimals="0">0</p-BS_C1:L27A>
  <p-BS_C1:L27A contextRef="I_Quarterly_Group" unitRef="U-EUR" decimals="0">0</p-BS_C1:L27A>
  <p-BS_C1:L27A contextRef="I_Quarterly_Solo" unitRef="U-EUR" decimals="0">0</p-BS_C1:L27A>
  <p-BS_C1:L27A contextRef="I_AdHoc_Group" unitRef="U-EUR" decimals="0">0</p-BS_C1:L27A>
  <p-BS_C1:L27A contextRef="I_AdHoc_Solo" unitRef="U-EUR" decimals="0">0</p-BS_C1:L27A>
  <p-BS_C1:LS27A contextRef="I_Annually_Group" unitRef="U-EUR" decimals="0">0</p-BS_C1:LS27A>
  <p-BS_C1:LS27A contextRef="I_Annually_Solo" unitRef="U-EUR" decimals="0">0</p-BS_C1:LS27A>
  <p-BS_C1:LS27A contextRef="I_Quarterly_Group" unitRef="U-EUR" decimals="0">0</p-BS_C1:LS27A>
  <p-BS_C1:LS27A contextRef="I_Quarterly_Solo" unitRef="U-EUR" decimals="0">0</p-BS_C1:LS27A>
  <p-BS_C1:LS27A contextRef="I_AdHoc_Group" unitRef="U-EUR" decimals="0">0</p-BS_C1:LS27A>
  <p-BS_C1:LS27A contextRef="I_AdHoc_Solo" unitRef="U-EUR" decimals="0">0</p-BS_C1:LS27A>
  <p-BS_C1:L28 contextRef="I_Annually_Group" unitRef="U-EUR" decimals="0">0</p-BS_C1:L28>
  <p-BS_C1:L28 contextRef="I_Quarterly_Group" unitRef="U-EUR" decimals="0">0</p-BS_C1:L28>
  <p-BS_C1:L28 contextRef="I_AdHoc_Group" unitRef="U-EUR" decimals="0">0</p-BS_C1:L28>
  <p-BS_C1:LS28 contextRef="I_Annually_Group" unitRef="U-EUR" decimals="0">0</p-BS_C1:LS28>
  <p-BS_C1:LS28 contextRef="I_Quarterly_Group" unitRef="U-EUR" decimals="0">0</p-BS_C1:LS28>
  <p-BS_C1:LS28 contextRef="I_AdHoc_Group" unitRef="U-EUR" decimals="0">0</p-BS_C1:LS28>
  <p-BS_C1:L29 contextRef="I_Annually_Group" unitRef="U-EUR" decimals="0">0</p-BS_C1:L29>
  <p-BS_C1:L29 contextRef="I_Annually_Solo" unitRef="U-EUR" decimals="0">0</p-BS_C1:L29>
  <p-BS_C1:L29 contextRef="I_Quarterly_Group" unitRef="U-EUR" decimals="0">0</p-BS_C1:L29>
  <p-BS_C1:L29 contextRef="I_Quarterly_Solo" unitRef="U-EUR" decimals="0">0</p-BS_C1:L29>
  <p-BS_C1:L29 contextRef="I_AdHoc_Group" unitRef="U-EUR" decimals="0">0</p-BS_C1:L29>
  <p-BS_C1:L29 contextRef="I_AdHoc_Solo" unitRef="U-EUR" decimals="0">0</p-BS_C1:L29>
  <p-BS_C1:LS29 contextRef="I_Annually_Group" unitRef="U-EUR" decimals="0">0</p-BS_C1:LS29>
  <p-BS_C1:LS29 contextRef="I_Annually_Solo" unitRef="U-EUR" decimals="0">0</p-BS_C1:LS29>
  <p-BS_C1:LS29 contextRef="I_Quarterly_Group" unitRef="U-EUR" decimals="0">0</p-BS_C1:LS29>
  <p-BS_C1:LS29 contextRef="I_Quarterly_Solo" unitRef="U-EUR" decimals="0">0</p-BS_C1:LS29>
  <p-BS_C1:LS29 contextRef="I_AdHoc_Group" unitRef="U-EUR" decimals="0">0</p-BS_C1:LS29>
  <p-BS_C1:LS29 contextRef="I_AdHoc_Solo" unitRef="U-EUR" decimals="0">0</p-BS_C1:LS29>
</xbrli:xbrl>
