<?xml version="1.0" encoding="utf-8"?>
<!-- Solvency II Taxonomy - 2011-06-30 -->
<!-- Copyright (C) 2011 European Insurance and Occupational Pensions Authority -->
<link:linkbase xmlns:xsi="http://www.w3.org/2001/XMLSchema-instance"
  xmlns:link="http://www.xbrl.org/2003/linkbase"
  xmlns:xbrli="http://www.xbrl.org/2003/instance"
  xmlns:xbrldt="http://xbrl.org/2005/xbrldt"
  xmlns:xlink="http://www.w3.org/1999/xlink"
  xmlns:generic="http://xbrl.org/2008/generic"
  xmlns:ref-surfi="http://www.eiopa.europa.eu/pr/solvencyii/reference-elements"
  xmlns:of-which="http://www.eiopa.europa.eu/pr/solvencyii/including-included"
  xsi:schemaLocation="http://www.xbrl.org/2003/linkbase http://www.xbrl.org/2003/xbrl-linkbase-2003-12-31.xsd"
  >
  <link:roleRef roleURI="http://www.eiopa.europa.eu/pr/solvencyii/role/t-TP_NL_E3_NonLifeInsuranceClaimsInformation" xlink:type="simple" xlink:href="t-TP_NL_E3-2011-06-30.xsd#t-TP_NL_E3_NonLifeInsuranceClaimsInformation-Role"/>
  <link:presentationLink xlink:type="extended" xlink:role="http://www.eiopa.europa.eu/pr/solvencyii/role/t-TP_NL_E3_NonLifeInsuranceClaimsInformation">
    <link:loc xlink:type="locator" xlink:href="p-TP_NL_E3-2011-06-30.xsd#p-TP_NL_E3_NonLifeInsuranceClaimsInformation" xlink:label="p-TP_NL_E3_NonLifeInsuranceClaimsInformation" xlink:title="p-TP_NL_E3_NonLifeInsuranceClaimsInformation"/>
    <link:loc xlink:type="locator" xlink:href="p-TP_NL_E3-2011-06-30.xsd#p-TP_NL_E3_DescriptionNonLifeInsuranceClaimsInformation" xlink:label="p-TP_NL_E3_DescriptionNonLifeInsuranceClaimsInformation" xlink:title="p-TP_NL_E3_DescriptionNonLifeInsuranceClaimsInformation"/>
    <link:presentationArc xlink:type="arc" xlink:arcrole="http://www.xbrl.org/2003/arcrole/parent-child" xlink:from="p-TP_NL_E3_NonLifeInsuranceClaimsInformation" xlink:to="p-TP_NL_E3_DescriptionNonLifeInsuranceClaimsInformation" xlink:title="p-TP_NL_E3_NonLifeInsuranceClaimsInformation to p-TP_NL_E3_DescriptionNonLifeInsuranceClaimsInformation" order="1.0"/>
    <link:loc xlink:type="locator" xlink:href="p-TP_NL_E3-2011-06-30.xsd#p-TP_NL_E3_InflationRateUsedDescriptionNonLifeInsuranceClaimsInformation" xlink:label="p-TP_NL_E3_InflationRateUsedDescriptionNonLifeInsuranceClaimsInformation" xlink:title="p-TP_NL_E3_InflationRateUsedDescriptionNonLifeInsuranceClaimsInformation"/>
    <link:presentationArc xlink:type="arc" xlink:arcrole="http://www.xbrl.org/2003/arcrole/parent-child" xlink:from="p-TP_NL_E3_DescriptionNonLifeInsuranceClaimsInformation" xlink:to="p-TP_NL_E3_InflationRateUsedDescriptionNonLifeInsuranceClaimsInformation" xlink:title="p-TP_NL_E3_DescriptionNonLifeInsuranceClaimsInformation to p-TP_NL_E3_InflationRateUsedDescriptionNonLifeInsuranceClaimsInformation" order="1.0"/>
    <link:loc xlink:type="locator" xlink:href="p-TP_NL_E3-2011-06-30.xsd#p-TP_NL_E3_HistoricInflationDescriptionNonLifeInsuranceClaimsInformation" xlink:label="p-TP_NL_E3_HistoricInflationDescriptionNonLifeInsuranceClaimsInformation" xlink:title="p-TP_NL_E3_HistoricInflationDescriptionNonLifeInsuranceClaimsInformation"/>
    <link:presentationArc xlink:type="arc" xlink:arcrole="http://www.xbrl.org/2003/arcrole/parent-child" xlink:from="p-TP_NL_E3_DescriptionNonLifeInsuranceClaimsInformation" xlink:to="p-TP_NL_E3_HistoricInflationDescriptionNonLifeInsuranceClaimsInformation" xlink:title="p-TP_NL_E3_DescriptionNonLifeInsuranceClaimsInformation to p-TP_NL_E3_HistoricInflationDescriptionNonLifeInsuranceClaimsInformation" order="2.0"/>
    <link:loc xlink:type="locator" xlink:href="p-TP_NL_E3-2011-06-30.xsd#p-TP_NL_E3_ExpectedInflationDescriptionNonLifeInsuranceClaimsInformation" xlink:label="p-TP_NL_E3_ExpectedInflationDescriptionNonLifeInsuranceClaimsInformation" xlink:title="p-TP_NL_E3_ExpectedInflationDescriptionNonLifeInsuranceClaimsInformation"/>
    <link:presentationArc xlink:type="arc" xlink:arcrole="http://www.xbrl.org/2003/arcrole/parent-child" xlink:from="p-TP_NL_E3_DescriptionNonLifeInsuranceClaimsInformation" xlink:to="p-TP_NL_E3_ExpectedInflationDescriptionNonLifeInsuranceClaimsInformation" xlink:title="p-TP_NL_E3_DescriptionNonLifeInsuranceClaimsInformation to p-TP_NL_E3_ExpectedInflationDescriptionNonLifeInsuranceClaimsInformation" order="3.0"/>
    <link:loc xlink:type="locator" xlink:href="p-TP_NL_E3-2011-06-30.xsd#p-TP_NL_E3_TotalNonLifeInsuranceClaimsInformation" xlink:label="p-TP_NL_E3_TotalNonLifeInsuranceClaimsInformation" xlink:title="p-TP_NL_E3_TotalNonLifeInsuranceClaimsInformation"/>
    <link:presentationArc xlink:type="arc" xlink:arcrole="http://www.xbrl.org/2003/arcrole/parent-child" xlink:from="p-TP_NL_E3_NonLifeInsuranceClaimsInformation" xlink:to="p-TP_NL_E3_TotalNonLifeInsuranceClaimsInformation" xlink:title="p-TP_NL_E3_NonLifeInsuranceClaimsInformation to p-TP_NL_E3_TotalNonLifeInsuranceClaimsInformation" order="2.0"/>
    <link:loc xlink:type="locator" xlink:href="p-TP_NL_E3-2011-06-30.xsd#p-TP_NL_E3_HistoricInflationTotalNonLifeInsuranceClaimsInformation" xlink:label="p-TP_NL_E3_HistoricInflationTotalNonLifeInsuranceClaimsInformation" xlink:title="p-TP_NL_E3_HistoricInflationTotalNonLifeInsuranceClaimsInformation"/>
    <link:presentationArc xlink:type="arc" xlink:arcrole="http://www.xbrl.org/2003/arcrole/parent-child" xlink:from="p-TP_NL_E3_TotalNonLifeInsuranceClaimsInformation" xlink:to="p-TP_NL_E3_HistoricInflationTotalNonLifeInsuranceClaimsInformation" xlink:title="p-TP_NL_E3_TotalNonLifeInsuranceClaimsInformation to p-TP_NL_E3_HistoricInflationTotalNonLifeInsuranceClaimsInformation" order="1.0"/>
    <link:loc xlink:type="locator" xlink:href="p-TP_NL_E3-2011-06-30.xsd#p-TP_NL_E3_RateHistoricInflationTotalNonLifeInsuranceClaimsInformation" xlink:label="p-TP_NL_E3_RateHistoricInflationTotalNonLifeInsuranceClaimsInformation" xlink:title="p-TP_NL_E3_RateHistoricInflationTotalNonLifeInsuranceClaimsInformation"/>
    <link:presentationArc xlink:type="arc" xlink:arcrole="http://www.xbrl.org/2003/arcrole/parent-child" xlink:from="p-TP_NL_E3_HistoricInflationTotalNonLifeInsuranceClaimsInformation" xlink:to="p-TP_NL_E3_RateHistoricInflationTotalNonLifeInsuranceClaimsInformation" xlink:title="p-TP_NL_E3_HistoricInflationTotalNonLifeInsuranceClaimsInformation to p-TP_NL_E3_RateHistoricInflationTotalNonLifeInsuranceClaimsInformation" order="1.0"/>
    <link:loc xlink:type="locator" xlink:href="p-TP_NL_E3-2011-06-30.xsd#p-TP_NL_E3_ExpectedInflationTotalNonLifeInsuranceClaimsInformation" xlink:label="p-TP_NL_E3_ExpectedInflationTotalNonLifeInsuranceClaimsInformation" xlink:title="p-TP_NL_E3_ExpectedInflationTotalNonLifeInsuranceClaimsInformation"/>
    <link:presentationArc xlink:type="arc" xlink:arcrole="http://www.xbrl.org/2003/arcrole/parent-child" xlink:from="p-TP_NL_E3_TotalNonLifeInsuranceClaimsInformation" xlink:to="p-TP_NL_E3_ExpectedInflationTotalNonLifeInsuranceClaimsInformation" xlink:title="p-TP_NL_E3_TotalNonLifeInsuranceClaimsInformation to p-TP_NL_E3_ExpectedInflationTotalNonLifeInsuranceClaimsInformation" order="2.0"/>
    <link:loc xlink:type="locator" xlink:href="p-TP_NL_E3-2011-06-30.xsd#p-TP_NL_E3_RateExpectedInflationTotalNonLifeInsuranceClaimsInformation" xlink:label="p-TP_NL_E3_RateExpectedInflationTotalNonLifeInsuranceClaimsInformation" xlink:title="p-TP_NL_E3_RateExpectedInflationTotalNonLifeInsuranceClaimsInformation"/>
    <link:presentationArc xlink:type="arc" xlink:arcrole="http://www.xbrl.org/2003/arcrole/parent-child" xlink:from="p-TP_NL_E3_ExpectedInflationTotalNonLifeInsuranceClaimsInformation" xlink:to="p-TP_NL_E3_RateExpectedInflationTotalNonLifeInsuranceClaimsInformation" xlink:title="p-TP_NL_E3_ExpectedInflationTotalNonLifeInsuranceClaimsInformation to p-TP_NL_E3_RateExpectedInflationTotalNonLifeInsuranceClaimsInformation" order="1.0"/>
    <link:loc xlink:type="locator" xlink:href="p-TP_NL_E3-2011-06-30.xsd#p-TP_NL_E3_ExternalInflationNonLifeInsuranceClaimsInformation" xlink:label="p-TP_NL_E3_ExternalInflationNonLifeInsuranceClaimsInformation" xlink:title="p-TP_NL_E3_ExternalInflationNonLifeInsuranceClaimsInformation"/>
    <link:presentationArc xlink:type="arc" xlink:arcrole="http://www.xbrl.org/2003/arcrole/parent-child" xlink:from="p-TP_NL_E3_NonLifeInsuranceClaimsInformation" xlink:to="p-TP_NL_E3_ExternalInflationNonLifeInsuranceClaimsInformation" xlink:title="p-TP_NL_E3_NonLifeInsuranceClaimsInformation to p-TP_NL_E3_ExternalInflationNonLifeInsuranceClaimsInformation" order="3.0"/>
    <link:loc xlink:type="locator" xlink:href="p-TP_NL_E3-2011-06-30.xsd#p-TP_NL_E3_HistoricInflationExternalInflationNonLifeInsuranceClaimsInformation" xlink:label="p-TP_NL_E3_HistoricInflationExternalInflationNonLifeInsuranceClaimsInformation" xlink:title="p-TP_NL_E3_HistoricInflationExternalInflationNonLifeInsuranceClaimsInformation"/>
    <link:presentationArc xlink:type="arc" xlink:arcrole="http://www.xbrl.org/2003/arcrole/parent-child" xlink:from="p-TP_NL_E3_ExternalInflationNonLifeInsuranceClaimsInformation" xlink:to="p-TP_NL_E3_HistoricInflationExternalInflationNonLifeInsuranceClaimsInformation" xlink:title="p-TP_NL_E3_ExternalInflationNonLifeInsuranceClaimsInformation to p-TP_NL_E3_HistoricInflationExternalInflationNonLifeInsuranceClaimsInformation" order="1.0"/>
    <link:loc xlink:type="locator" xlink:href="p-TP_NL_E3-2011-06-30.xsd#p-TP_NL_E3_RateHistoricInflationExternalInflationNonLifeInsuranceClaimsInformation" xlink:label="p-TP_NL_E3_RateHistoricInflationExternalInflationNonLifeInsuranceClaimsInformation" xlink:title="p-TP_NL_E3_RateHistoricInflationExternalInflationNonLifeInsuranceClaimsInformation"/>
    <link:presentationArc xlink:type="arc" xlink:arcrole="http://www.xbrl.org/2003/arcrole/parent-child" xlink:from="p-TP_NL_E3_HistoricInflationExternalInflationNonLifeInsuranceClaimsInformation" xlink:to="p-TP_NL_E3_RateHistoricInflationExternalInflationNonLifeInsuranceClaimsInformation" xlink:title="p-TP_NL_E3_HistoricInflationExternalInflationNonLifeInsuranceClaimsInformation to p-TP_NL_E3_RateHistoricInflationExternalInflationNonLifeInsuranceClaimsInformation" order="1.0"/>
    <link:loc xlink:type="locator" xlink:href="p-TP_NL_E3-2011-06-30.xsd#p-TP_NL_E3_ExpectedInflationExternalInflationNonLifeInsuranceClaimsInformation" xlink:label="p-TP_NL_E3_ExpectedInflationExternalInflationNonLifeInsuranceClaimsInformation" xlink:title="p-TP_NL_E3_ExpectedInflationExternalInflationNonLifeInsuranceClaimsInformation"/>
    <link:presentationArc xlink:type="arc" xlink:arcrole="http://www.xbrl.org/2003/arcrole/parent-child" xlink:from="p-TP_NL_E3_ExternalInflationNonLifeInsuranceClaimsInformation" xlink:to="p-TP_NL_E3_ExpectedInflationExternalInflationNonLifeInsuranceClaimsInformation" xlink:title="p-TP_NL_E3_ExternalInflationNonLifeInsuranceClaimsInformation to p-TP_NL_E3_ExpectedInflationExternalInflationNonLifeInsuranceClaimsInformation" order="2.0"/>
    <link:loc xlink:type="locator" xlink:href="p-TP_NL_E3-2011-06-30.xsd#p-TP_NL_E3_RateExpectedInflationExternalInflationNonLifeInsuranceClaimsInformation" xlink:label="p-TP_NL_E3_RateExpectedInflationExternalInflationNonLifeInsuranceClaimsInformation" xlink:title="p-TP_NL_E3_RateExpectedInflationExternalInflationNonLifeInsuranceClaimsInformation"/>
    <link:presentationArc xlink:type="arc" xlink:arcrole="http://www.xbrl.org/2003/arcrole/parent-child" xlink:from="p-TP_NL_E3_ExpectedInflationExternalInflationNonLifeInsuranceClaimsInformation" xlink:to="p-TP_NL_E3_RateExpectedInflationExternalInflationNonLifeInsuranceClaimsInformation" xlink:title="p-TP_NL_E3_ExpectedInflationExternalInflationNonLifeInsuranceClaimsInformation to p-TP_NL_E3_RateExpectedInflationExternalInflationNonLifeInsuranceClaimsInformation" order="1.0"/>
    <link:loc xlink:type="locator" xlink:href="p-TP_NL_E3-2011-06-30.xsd#p-TP_NL_E3_EndogeneousInflationNonLifeInsuranceClaimsInformation" xlink:label="p-TP_NL_E3_EndogeneousInflationNonLifeInsuranceClaimsInformation" xlink:title="p-TP_NL_E3_EndogeneousInflationNonLifeInsuranceClaimsInformation"/>
    <link:presentationArc xlink:type="arc" xlink:arcrole="http://www.xbrl.org/2003/arcrole/parent-child" xlink:from="p-TP_NL_E3_NonLifeInsuranceClaimsInformation" xlink:to="p-TP_NL_E3_EndogeneousInflationNonLifeInsuranceClaimsInformation" xlink:title="p-TP_NL_E3_NonLifeInsuranceClaimsInformation to p-TP_NL_E3_EndogeneousInflationNonLifeInsuranceClaimsInformation" order="4.0"/>
    <link:loc xlink:type="locator" xlink:href="p-TP_NL_E3-2011-06-30.xsd#p-TP_NL_E3_HistoricInflationEndogeneousInflationNonLifeInsuranceClaimsInformation" xlink:label="p-TP_NL_E3_HistoricInflationEndogeneousInflationNonLifeInsuranceClaimsInformation" xlink:title="p-TP_NL_E3_HistoricInflationEndogeneousInflationNonLifeInsuranceClaimsInformation"/>
    <link:presentationArc xlink:type="arc" xlink:arcrole="http://www.xbrl.org/2003/arcrole/parent-child" xlink:from="p-TP_NL_E3_EndogeneousInflationNonLifeInsuranceClaimsInformation" xlink:to="p-TP_NL_E3_HistoricInflationEndogeneousInflationNonLifeInsuranceClaimsInformation" xlink:title="p-TP_NL_E3_EndogeneousInflationNonLifeInsuranceClaimsInformation to p-TP_NL_E3_HistoricInflationEndogeneousInflationNonLifeInsuranceClaimsInformation" order="1.0"/>
    <link:loc xlink:type="locator" xlink:href="p-TP_NL_E3-2011-06-30.xsd#p-TP_NL_E3_RateHistoricInflationEndogeneousInflationNonLifeInsuranceClaimsInformation" xlink:label="p-TP_NL_E3_RateHistoricInflationEndogeneousInflationNonLifeInsuranceClaimsInformation" xlink:title="p-TP_NL_E3_RateHistoricInflationEndogeneousInflationNonLifeInsuranceClaimsInformation"/>
    <link:presentationArc xlink:type="arc" xlink:arcrole="http://www.xbrl.org/2003/arcrole/parent-child" xlink:from="p-TP_NL_E3_HistoricInflationEndogeneousInflationNonLifeInsuranceClaimsInformation" xlink:to="p-TP_NL_E3_RateHistoricInflationEndogeneousInflationNonLifeInsuranceClaimsInformation" xlink:title="p-TP_NL_E3_HistoricInflationEndogeneousInflationNonLifeInsuranceClaimsInformation to p-TP_NL_E3_RateHistoricInflationEndogeneousInflationNonLifeInsuranceClaimsInformation" order="1.0"/>
    <link:loc xlink:type="locator" xlink:href="p-TP_NL_E3-2011-06-30.xsd#p-TP_NL_E3_ExpectedInflationEndogeneousInflationNonLifeInsuranceClaimsInformation" xlink:label="p-TP_NL_E3_ExpectedInflationEndogeneousInflationNonLifeInsuranceClaimsInformation" xlink:title="p-TP_NL_E3_ExpectedInflationEndogeneousInflationNonLifeInsuranceClaimsInformation"/>
    <link:presentationArc xlink:type="arc" xlink:arcrole="http://www.xbrl.org/2003/arcrole/parent-child" xlink:from="p-TP_NL_E3_EndogeneousInflationNonLifeInsuranceClaimsInformation" xlink:to="p-TP_NL_E3_ExpectedInflationEndogeneousInflationNonLifeInsuranceClaimsInformation" xlink:title="p-TP_NL_E3_EndogeneousInflationNonLifeInsuranceClaimsInformation to p-TP_NL_E3_ExpectedInflationEndogeneousInflationNonLifeInsuranceClaimsInformation" order="2.0"/>
    <link:loc xlink:type="locator" xlink:href="p-TP_NL_E3-2011-06-30.xsd#p-TP_NL_E3_RateExpectedInflationEndogeneousInflationNonLifeInsuranceClaimsInformation" xlink:label="p-TP_NL_E3_RateExpectedInflationEndogeneousInflationNonLifeInsuranceClaimsInformation" xlink:title="p-TP_NL_E3_RateExpectedInflationEndogeneousInflationNonLifeInsuranceClaimsInformation"/>
    <link:presentationArc xlink:type="arc" xlink:arcrole="http://www.xbrl.org/2003/arcrole/parent-child" xlink:from="p-TP_NL_E3_ExpectedInflationEndogeneousInflationNonLifeInsuranceClaimsInformation" xlink:to="p-TP_NL_E3_RateExpectedInflationEndogeneousInflationNonLifeInsuranceClaimsInformation" xlink:title="p-TP_NL_E3_ExpectedInflationEndogeneousInflationNonLifeInsuranceClaimsInformation to p-TP_NL_E3_RateExpectedInflationEndogeneousInflationNonLifeInsuranceClaimsInformation" order="1.0"/>
    <link:loc xlink:type="locator" xlink:href="p-TP_NL_E3-2011-06-30.xsd#p-TP_NL_E3_ClaimsInformationNonLifeInsuranceClaimsInformation" xlink:label="p-TP_NL_E3_ClaimsInformationNonLifeInsuranceClaimsInformation" xlink:title="p-TP_NL_E3_ClaimsInformationNonLifeInsuranceClaimsInformation"/>
    <link:presentationArc xlink:type="arc" xlink:arcrole="http://www.xbrl.org/2003/arcrole/parent-child" xlink:from="p-TP_NL_E3_NonLifeInsuranceClaimsInformation" xlink:to="p-TP_NL_E3_ClaimsInformationNonLifeInsuranceClaimsInformation" xlink:title="p-TP_NL_E3_NonLifeInsuranceClaimsInformation to p-TP_NL_E3_ClaimsInformationNonLifeInsuranceClaimsInformation" order="5.0"/>
    <link:loc xlink:type="locator" xlink:href="p-TP_NL_E3-2011-06-30.xsd#p-TP_NL_E3_GrossClaimsPaidClaimsInformationNonLifeInsuranceClaimsInformation" xlink:label="p-TP_NL_E3_GrossClaimsPaidClaimsInformationNonLifeInsuranceClaimsInformation" xlink:title="p-TP_NL_E3_GrossClaimsPaidClaimsInformationNonLifeInsuranceClaimsInformation"/>
    <link:presentationArc xlink:type="arc" xlink:arcrole="http://www.xbrl.org/2003/arcrole/parent-child" xlink:from="p-TP_NL_E3_ClaimsInformationNonLifeInsuranceClaimsInformation" xlink:to="p-TP_NL_E3_GrossClaimsPaidClaimsInformationNonLifeInsuranceClaimsInformation" xlink:title="p-TP_NL_E3_ClaimsInformationNonLifeInsuranceClaimsInformation to p-TP_NL_E3_GrossClaimsPaidClaimsInformationNonLifeInsuranceClaimsInformation" order="1.0"/>
    <link:loc xlink:type="locator" xlink:href="p-TP_NL_E3-2011-06-30.xsd#p-TP_NL_E3_GrossClaimsProvisionClaimsInformationNonLifeInsuranceClaimsInformation" xlink:label="p-TP_NL_E3_GrossClaimsProvisionClaimsInformationNonLifeInsuranceClaimsInformation" xlink:title="p-TP_NL_E3_GrossClaimsProvisionClaimsInformationNonLifeInsuranceClaimsInformation"/>
    <link:presentationArc xlink:type="arc" xlink:arcrole="http://www.xbrl.org/2003/arcrole/parent-child" xlink:from="p-TP_NL_E3_ClaimsInformationNonLifeInsuranceClaimsInformation" xlink:to="p-TP_NL_E3_GrossClaimsProvisionClaimsInformationNonLifeInsuranceClaimsInformation" xlink:title="p-TP_NL_E3_ClaimsInformationNonLifeInsuranceClaimsInformation to p-TP_NL_E3_GrossClaimsProvisionClaimsInformationNonLifeInsuranceClaimsInformation" order="2.0"/>
    <link:loc xlink:type="locator" xlink:href="p-TP_NL_E3-2011-06-30.xsd#p-TP_NL_E3_GrossClaimsOutstandingClaimsInformationNonLifeInsuranceClaimsInformation" xlink:label="p-TP_NL_E3_GrossClaimsOutstandingClaimsInformationNonLifeInsuranceClaimsInformation" xlink:title="p-TP_NL_E3_GrossClaimsOutstandingClaimsInformationNonLifeInsuranceClaimsInformation"/>
    <link:presentationArc xlink:type="arc" xlink:arcrole="http://www.xbrl.org/2003/arcrole/parent-child" xlink:from="p-TP_NL_E3_ClaimsInformationNonLifeInsuranceClaimsInformation" xlink:to="p-TP_NL_E3_GrossClaimsOutstandingClaimsInformationNonLifeInsuranceClaimsInformation" xlink:title="p-TP_NL_E3_ClaimsInformationNonLifeInsuranceClaimsInformation to p-TP_NL_E3_GrossClaimsOutstandingClaimsInformationNonLifeInsuranceClaimsInformation" order="3.0"/>
    <link:loc xlink:type="locator" xlink:href="p-TP_NL_E3-2011-06-30.xsd#p-TP_NL_E3_SalvageAndSubrogationIncludedWithinGrossClaimsPaidClaimsInformationNonLifeInsuranceClaimsInformation" xlink:label="p-TP_NL_E3_SalvageAndSubrogationIncludedWithinGrossClaimsPaidClaimsInformationNonLifeInsuranceClaimsInformation" xlink:title="p-TP_NL_E3_SalvageAndSubrogationIncludedWithinGrossClaimsPaidClaimsInformationNonLifeInsuranceClaimsInformation"/>
    <link:presentationArc xlink:type="arc" xlink:arcrole="http://www.xbrl.org/2003/arcrole/parent-child" xlink:from="p-TP_NL_E3_ClaimsInformationNonLifeInsuranceClaimsInformation" xlink:to="p-TP_NL_E3_SalvageAndSubrogationIncludedWithinGrossClaimsPaidClaimsInformationNonLifeInsuranceClaimsInformation" xlink:title="p-TP_NL_E3_ClaimsInformationNonLifeInsuranceClaimsInformation to p-TP_NL_E3_SalvageAndSubrogationIncludedWithinGrossClaimsPaidClaimsInformationNonLifeInsuranceClaimsInformation" order="4.0"/>
    <link:loc xlink:type="locator" xlink:href="p-TP_NL_E3-2011-06-30.xsd#p-TP_NL_E3_SalvageAndSubrogationIncludedWithinGrossClaimsOutstandingClaimsInformationNonLifeInsuranceClaimsInformation" xlink:label="p-TP_NL_E3_SalvageAndSubrogationIncludedWithinGrossClaimsOutstandingClaimsInformationNonLifeInsuranceClaimsInformation" xlink:title="p-TP_NL_E3_SalvageAndSubrogationIncludedWithinGrossClaimsOutstandingClaimsInformationNonLifeInsuranceClaimsInformation"/>
    <link:presentationArc xlink:type="arc" xlink:arcrole="http://www.xbrl.org/2003/arcrole/parent-child" xlink:from="p-TP_NL_E3_ClaimsInformationNonLifeInsuranceClaimsInformation" xlink:to="p-TP_NL_E3_SalvageAndSubrogationIncludedWithinGrossClaimsOutstandingClaimsInformationNonLifeInsuranceClaimsInformation" xlink:title="p-TP_NL_E3_ClaimsInformationNonLifeInsuranceClaimsInformation to p-TP_NL_E3_SalvageAndSubrogationIncludedWithinGrossClaimsOutstandingClaimsInformationNonLifeInsuranceClaimsInformation" order="5.0"/>
    <link:loc xlink:type="locator" xlink:href="p-TP_NL_E3-2011-06-30.xsd#p-TP_NL_E3_ReinsuranceRecoveriesReceivedClaimsInformationNonLifeInsuranceClaimsInformation" xlink:label="p-TP_NL_E3_ReinsuranceRecoveriesReceivedClaimsInformationNonLifeInsuranceClaimsInformation" xlink:title="p-TP_NL_E3_ReinsuranceRecoveriesReceivedClaimsInformationNonLifeInsuranceClaimsInformation"/>
    <link:presentationArc xlink:type="arc" xlink:arcrole="http://www.xbrl.org/2003/arcrole/parent-child" xlink:from="p-TP_NL_E3_ClaimsInformationNonLifeInsuranceClaimsInformation" xlink:to="p-TP_NL_E3_ReinsuranceRecoveriesReceivedClaimsInformationNonLifeInsuranceClaimsInformation" xlink:title="p-TP_NL_E3_ClaimsInformationNonLifeInsuranceClaimsInformation to p-TP_NL_E3_ReinsuranceRecoveriesReceivedClaimsInformationNonLifeInsuranceClaimsInformation" order="6.0"/>
    <link:loc xlink:type="locator" xlink:href="p-TP_NL_E3-2011-06-30.xsd#p-TP_NL_E3_ReinsuranceRecoverablesClaimsInformationNonLifeInsuranceClaimsInformation" xlink:label="p-TP_NL_E3_ReinsuranceRecoverablesClaimsInformationNonLifeInsuranceClaimsInformation" xlink:title="p-TP_NL_E3_ReinsuranceRecoverablesClaimsInformationNonLifeInsuranceClaimsInformation"/>
    <link:presentationArc xlink:type="arc" xlink:arcrole="http://www.xbrl.org/2003/arcrole/parent-child" xlink:from="p-TP_NL_E3_ClaimsInformationNonLifeInsuranceClaimsInformation" xlink:to="p-TP_NL_E3_ReinsuranceRecoverablesClaimsInformationNonLifeInsuranceClaimsInformation" xlink:title="p-TP_NL_E3_ClaimsInformationNonLifeInsuranceClaimsInformation to p-TP_NL_E3_ReinsuranceRecoverablesClaimsInformationNonLifeInsuranceClaimsInformation" order="7.0"/>
    <link:loc xlink:type="locator" xlink:href="p-TP_NL_E3-2011-06-30.xsd#p-TP_NL_E3_ReinsuranceClaimsOutstandingClaimsInformationNonLifeInsuranceClaimsInformation" xlink:label="p-TP_NL_E3_ReinsuranceClaimsOutstandingClaimsInformationNonLifeInsuranceClaimsInformation" xlink:title="p-TP_NL_E3_ReinsuranceClaimsOutstandingClaimsInformationNonLifeInsuranceClaimsInformation"/>
    <link:presentationArc xlink:type="arc" xlink:arcrole="http://www.xbrl.org/2003/arcrole/parent-child" xlink:from="p-TP_NL_E3_ClaimsInformationNonLifeInsuranceClaimsInformation" xlink:to="p-TP_NL_E3_ReinsuranceClaimsOutstandingClaimsInformationNonLifeInsuranceClaimsInformation" xlink:title="p-TP_NL_E3_ClaimsInformationNonLifeInsuranceClaimsInformation to p-TP_NL_E3_ReinsuranceClaimsOutstandingClaimsInformationNonLifeInsuranceClaimsInformation" order="8.0"/>
    <link:loc xlink:type="locator" xlink:href="p-TP_NL_E3-2011-06-30.xsd#p-TP_NL_E3_NetClaimsPaidClaimsInformationNonLifeInsuranceClaimsInformation" xlink:label="p-TP_NL_E3_NetClaimsPaidClaimsInformationNonLifeInsuranceClaimsInformation" xlink:title="p-TP_NL_E3_NetClaimsPaidClaimsInformationNonLifeInsuranceClaimsInformation"/>
    <link:presentationArc xlink:type="arc" xlink:arcrole="http://www.xbrl.org/2003/arcrole/parent-child" xlink:from="p-TP_NL_E3_ClaimsInformationNonLifeInsuranceClaimsInformation" xlink:to="p-TP_NL_E3_NetClaimsPaidClaimsInformationNonLifeInsuranceClaimsInformation" xlink:title="p-TP_NL_E3_ClaimsInformationNonLifeInsuranceClaimsInformation to p-TP_NL_E3_NetClaimsPaidClaimsInformationNonLifeInsuranceClaimsInformation" order="9.0"/>
    <link:loc xlink:type="locator" xlink:href="p-TP_NL_E3-2011-06-30.xsd#p-TP_NL_E3_NetClaimsProvisionsClaimsInformationNonLifeInsuranceClaimsInformation" xlink:label="p-TP_NL_E3_NetClaimsProvisionsClaimsInformationNonLifeInsuranceClaimsInformation" xlink:title="p-TP_NL_E3_NetClaimsProvisionsClaimsInformationNonLifeInsuranceClaimsInformation"/>
    <link:presentationArc xlink:type="arc" xlink:arcrole="http://www.xbrl.org/2003/arcrole/parent-child" xlink:from="p-TP_NL_E3_ClaimsInformationNonLifeInsuranceClaimsInformation" xlink:to="p-TP_NL_E3_NetClaimsProvisionsClaimsInformationNonLifeInsuranceClaimsInformation" xlink:title="p-TP_NL_E3_ClaimsInformationNonLifeInsuranceClaimsInformation to p-TP_NL_E3_NetClaimsProvisionsClaimsInformationNonLifeInsuranceClaimsInformation" order="10.0"/>
    <link:loc xlink:type="locator" xlink:href="p-TP_NL_E3-2011-06-30.xsd#p-TP_NL_E3_NetClaimsOutstandingClaimsInformationNonLifeInsuranceClaimsInformation" xlink:label="p-TP_NL_E3_NetClaimsOutstandingClaimsInformationNonLifeInsuranceClaimsInformation" xlink:title="p-TP_NL_E3_NetClaimsOutstandingClaimsInformationNonLifeInsuranceClaimsInformation"/>
    <link:presentationArc xlink:type="arc" xlink:arcrole="http://www.xbrl.org/2003/arcrole/parent-child" xlink:from="p-TP_NL_E3_ClaimsInformationNonLifeInsuranceClaimsInformation" xlink:to="p-TP_NL_E3_NetClaimsOutstandingClaimsInformationNonLifeInsuranceClaimsInformation" xlink:title="p-TP_NL_E3_ClaimsInformationNonLifeInsuranceClaimsInformation to p-TP_NL_E3_NetClaimsOutstandingClaimsInformationNonLifeInsuranceClaimsInformation" order="11.0"/>
  </link:presentationLink>
</link:linkbase>
