<?xml version="1.0" encoding="US-ASCII"?>
<xbrli:xbrl xmlns:link="http://www.xbrl.org/2003/linkbase"
xmlns:nonnum="http://www.xbrl.org/dtr/type/non-numeric"
xmlns:num="http://www.xbrl.org/dtr/type/numeric"
xmlns:xbrldt="http://xbrl.org/2005/xbrldt"
xmlns:dei="http://xbrl.sec.gov/dei/2011-01-31"
xmlns:xsi="http://www.w3.org/2001/XMLSchema-instance"
xmlns:xbrli="http://www.xbrl.org/2003/instance"
xmlns:iso4217="http://www.xbrl.org/2003/iso4217"
xmlns:xlink="http://www.w3.org/1999/xlink"
xmlns="http://www.w3.org/1999/xhtml">
<link:schemaRef xlink:type="simple" xlink:href="graphic-20111231.xsd"/>
<dei:DocumentInformationTextBlock contextRef="d">
This text block contains a jpg image with a legal, local, src attribute:&lt;br&gt;&lt;/br&gt;.
&lt;img alt="glidepath" src="glidepath.jpg"&gt;&lt;/img&gt;
&lt;br&gt;&lt;/br&gt;
It also contains a gif image with a legal, local, src attribute:&lt;br&gt;&lt;/br&gt;.
&lt;img alt="glidepath" src="glidepath.gif"&gt;&lt;/img&gt;
&lt;br&gt;&lt;/br&gt;
</dei:DocumentInformationTextBlock>
<xbrli:context id="d">
<xbrli:entity>
<xbrli:identifier scheme="http://www.sec.gov/CIK">9876543210</xbrli:identifier>
</xbrli:entity>
<xbrli:period>
<xbrli:startDate>2011-01-01</xbrli:startDate>
<xbrli:endDate>2011-12-31</xbrli:endDate>
</xbrli:period>
</xbrli:context>
<xbrli:context id="i">
<xbrli:entity>
<xbrli:identifier scheme="http://www.sec.gov/CIK">9876543210</xbrli:identifier>
</xbrli:entity>
<xbrli:period>
<xbrli:instant>2008-12-31</xbrli:instant>
</xbrli:period>
</xbrli:context>
<xbrli:unit id="Shares">
<xbrli:measure>xbrli:shares</xbrli:measure>
</xbrli:unit>
<xbrli:unit id="USD">
<xbrli:measure>iso4217:USD</xbrli:measure>
</xbrli:unit>
<dei:DocumentType contextRef="d">8-K</dei:DocumentType>
<dei:AmendmentFlag contextRef="d">false</dei:AmendmentFlag>
<dei:DocumentPeriodEndDate contextRef="d">2011-12-31</dei:DocumentPeriodEndDate>
<dei:EntityRegistrantName contextRef="d">GRAPHIC</dei:EntityRegistrantName>    
<dei:EntityCentralIndexKey contextRef="d">9876543210</dei:EntityCentralIndexKey>
<dei:CurrentFiscalYearEndDate contextRef="d">--12-31</dei:CurrentFiscalYearEndDate>
<dei:EntityCommonStockSharesOutstanding decimals="INF" contextRef="i" unitRef="Shares">1000000</dei:EntityCommonStockSharesOutstanding>
<dei:EntityPublicFloat decimals="-3" contextRef="i" unitRef="USD">10000000</dei:EntityPublicFloat>
</xbrli:xbrl>
