<?xml version="1.0" encoding="UTF-8"?>
<!-- Generated by Fujitsu XWand B0150 -->
<xbrli:xbrl xmlns:edgar="http://edgar/20081231" xmlns:link="http://www.xbrl.org/2003/linkbase" xmlns:num="http://www.xbrl.org/dtr/type/numeric" xmlns:nonnum="http://www.xbrl.org/dtr/type/non-numeric" xmlns:xbrldt="http://xbrl.org/2005/xbrldt" xmlns:us-gaap="http://fasb.org/us-gaap/2011-01-31" xmlns:xsi="http://www.w3.org/2001/XMLSchema-instance" xmlns:xbrli="http://www.xbrl.org/2003/instance" xmlns:iso4217="http://www.xbrl.org/2003/iso4217" xmlns:dei="http://xbrl.sec.gov/dei/2011-01-31" xmlns:xlink="http://www.w3.org/1999/xlink">
  <link:schemaRef xlink:type="simple" xlink:href="flowthru-20111231.xsd"/>
  <xbrli:context id="FY11">
    <xbrli:entity>
      <xbrli:identifier scheme="http://www.sec.gov/CIK">9876543210</xbrli:identifier>
    </xbrli:entity>
    <xbrli:period>
      <xbrli:startDate>2011-01-01</xbrli:startDate>
      <xbrli:endDate>2011-12-31</xbrli:endDate>
    </xbrli:period>
  </xbrli:context>
  <xbrli:context id="FY11e">
    <xbrli:entity>
      <xbrli:identifier scheme="http://www.sec.gov/CIK">9876543210</xbrli:identifier>
    </xbrli:entity>
    <xbrli:period>
      <xbrli:instant>2011-12-31</xbrli:instant>
    </xbrli:period>
  </xbrli:context>
  <xbrli:context id="FY10e">
    <xbrli:entity>
      <xbrli:identifier scheme="http://www.sec.gov/CIK">9876543210</xbrli:identifier>
    </xbrli:entity>
    <xbrli:period>
      <xbrli:instant>2010-12-31</xbrli:instant>
    </xbrli:period>
  </xbrli:context>
  <xbrli:context id="FY09e">
    <xbrli:entity>
      <xbrli:identifier scheme="http://www.sec.gov/CIK">9876543210</xbrli:identifier>
    </xbrli:entity>
    <xbrli:period>
      <xbrli:instant>2009-12-31</xbrli:instant>
    </xbrli:period>
  </xbrli:context>
  <xbrli:unit id="USD">
    <xbrli:measure>iso4217:USD</xbrli:measure>
  </xbrli:unit>
  <xbrli:unit id="Shares">
    <xbrli:measure>xbrli:shares</xbrli:measure>
  </xbrli:unit>
  <dei:DocumentType contextRef="FY11">10-Q</dei:DocumentType>
  <dei:AmendmentFlag contextRef="FY11">false</dei:AmendmentFlag>
  <dei:EntityCentralIndexKey contextRef="FY11">9876543210</dei:EntityCentralIndexKey>
  <dei:EntityRegistrantName contextRef="FY11">FLOWTHRU</dei:EntityRegistrantName>
  <dei:CurrentFiscalYearEndDate contextRef="FY11">--12-31</dei:CurrentFiscalYearEndDate>
  <dei:DocumentPeriodEndDate contextRef="FY11">2011-12-31</dei:DocumentPeriodEndDate>
  <us-gaap:AccumulatedDistributionsInExcessOfNetIncome decimals="-6" contextRef="FY11e" unitRef="USD">10000000</us-gaap:AccumulatedDistributionsInExcessOfNetIncome>
  <us-gaap:AmountAvailableForDividendDistributionWithoutPriorApprovalFromRegulatoryAgency decimals="-6" contextRef="FY11e" unitRef="USD">30000000</us-gaap:AmountAvailableForDividendDistributionWithoutPriorApprovalFromRegulatoryAgency>
  <us-gaap:AccumulatedDistributionsInExcessOfNetIncome decimals="-6" contextRef="FY10e" unitRef="USD">40000000</us-gaap:AccumulatedDistributionsInExcessOfNetIncome>
  <us-gaap:AmountAvailableForDividendDistributionWithoutPriorApprovalFromRegulatoryAgency decimals="-6" contextRef="FY10e" unitRef="USD">60000000</us-gaap:AmountAvailableForDividendDistributionWithoutPriorApprovalFromRegulatoryAgency>
  <us-gaap:AccumulatedDistributionsInExcessOfNetIncome decimals="-6" contextRef="FY09e" unitRef="USD">70000000</us-gaap:AccumulatedDistributionsInExcessOfNetIncome>
  <us-gaap:AmountAvailableForDividendDistributionWithoutPriorApprovalFromRegulatoryAgency decimals="-6" contextRef="FY09e" unitRef="USD">90000000</us-gaap:AmountAvailableForDividendDistributionWithoutPriorApprovalFromRegulatoryAgency>
  <dei:DocumentFiscalYearFocus contextRef="FY11">2011</dei:DocumentFiscalYearFocus>
  <dei:DocumentFiscalPeriodFocus contextRef="FY11">FY</dei:DocumentFiscalPeriodFocus>
  <dei:EntityFilerCategory contextRef="FY11">Smaller Reporting Company</dei:EntityFilerCategory>
  <dei:EntityPublicFloat decimals="0" contextRef="FY11e" unitRef="USD">0</dei:EntityPublicFloat>
  <dei:EntityCommonStockSharesOutstanding decimals="0" contextRef="FY11e" unitRef="Shares">0</dei:EntityCommonStockSharesOutstanding>
  <us-gaap:AmountAvailableForDividendDistributionWithApprovalFromRegulatoryAgencies decimals="-6" contextRef="FY11e" unitRef="USD">20000000</us-gaap:AmountAvailableForDividendDistributionWithApprovalFromRegulatoryAgencies>
  <us-gaap:AmountAvailableForDividendDistributionWithoutAffectingCapitalAdequacyRequirements decimals="-6" contextRef="FY10e" unitRef="USD">50000000</us-gaap:AmountAvailableForDividendDistributionWithoutAffectingCapitalAdequacyRequirements>
  <us-gaap:AmountAvailableForDividendDistributionWithApprovalFromRegulatoryAgencies decimals="-6" contextRef="FY09e" unitRef="USD">100000000</us-gaap:AmountAvailableForDividendDistributionWithApprovalFromRegulatoryAgencies>
  <us-gaap:AmountAvailableForDividendDistributionWithoutAffectingCapitalAdequacyRequirements decimals="-6" contextRef="FY09e" unitRef="USD">11000000</us-gaap:AmountAvailableForDividendDistributionWithoutAffectingCapitalAdequacyRequirements>
</xbrli:xbrl>
