<?xml version="1.0" encoding="US-ASCII"?>
<link:linkbase xmlns:xsi="http://www.w3.org/2001/XMLSchema-instance"
xmlns:edgar="http://edgar/20081231"
xmlns:link="http://www.xbrl.org/2003/linkbase"
xmlns:xbrli="http://www.xbrl.org/2003/instance"
xmlns:xlink="http://www.w3.org/1999/xlink"
xmlns:xbrldt="http://xbrl.org/2005/xbrldt"
xsi:schemaLocation="http://www.xbrl.org/2003/linkbase http://www.xbrl.org/2003/xbrl-linkbase-2003-12-31.xsd">
<link:roleRef roleURI="http://edgar/role/DocumentInformation" xlink:type="simple"
xlink:href="flowthru-20111231.xsd#DocumentInformation"/>
<link:roleRef roleURI="http://edgar/role/EntityInformation" xlink:type="simple"
xlink:href="flowthru-20111231.xsd#EntityInformation"/>
<link:roleRef roleURI="http://edgar/role/OtherInformation" xlink:type="simple"
xlink:href="flowthru-20111231.xsd#OtherInformation"/>
<link:roleRef roleURI="http://edgar/role/MoreInformation" xlink:type="simple"
xlink:href="flowthru-20111231.xsd#MoreInformation"/>
<link:presentationLink xlink:type="extended" xlink:role="http://edgar/role/OtherInformation">
<link:loc xlink:type="locator" xlink:href="flowthru-20111231.xsd#edgar_Top"
xlink:label="Top"/>
<link:loc xlink:type="locator"
xlink:href="http://xbrl.fasb.org/us-gaap/2011/elts/us-gaap-2011-01-31.xsd#us-gaap_AccumulatedDistributionsInExcessOfNetIncome"
xlink:label="AccumulatedDistributionsInExcessOfNetIncome"/>
<link:loc xlink:type="locator"
xlink:href="http://xbrl.fasb.org/us-gaap/2011/elts/us-gaap-2011-01-31.xsd#us-gaap_AmountAvailableForDividendDistributionWithoutPriorApprovalFromRegulatoryAgency"
xlink:label="AmountAvailableForDividendDistributionWithoutPriorApprovalFromRegulatoryAgency"/>
<link:loc xlink:type="locator"
xlink:href="http://xbrl.fasb.org/us-gaap/2011/elts/us-gaap-2011-01-31.xsd#us-gaap_AmountAvailableForDividendDistributionWithoutAffectingCapitalAdequacyRequirements"
xlink:label="AmountAvailableForDividendDistributionWithoutAffectingCapitalAdequacyRequirements"/>
<link:presentationArc xlink:type="arc" xlink:arcrole="http://www.xbrl.org/2003/arcrole/parent-child"
xlink:from="Top"
xlink:to="AccumulatedDistributionsInExcessOfNetIncome"
order="1.0"/>
<link:presentationArc xlink:type="arc" xlink:arcrole="http://www.xbrl.org/2003/arcrole/parent-child"
xlink:from="Top"
xlink:to="AmountAvailableForDividendDistributionWithoutPriorApprovalFromRegulatoryAgency"
order="3.0"/>
<link:presentationArc xlink:type="arc" xlink:arcrole="http://www.xbrl.org/2003/arcrole/parent-child"
xlink:from="Top"
xlink:to="AmountAvailableForDividendDistributionWithoutAffectingCapitalAdequacyRequirements"
order="2.0"/>
</link:presentationLink>
<link:presentationLink xlink:type="extended" xlink:role="http://edgar/role/DocumentInformation">
<link:loc xlink:type="locator" xlink:href="flowthru-20111231.xsd#edgar_Top"
xlink:label="Top"/>
<link:loc xlink:type="locator"
xlink:href="http://xbrl.sec.gov/dei/2011/dei-2011-01-31.xsd#dei_EntitiesTable"
xlink:label="EntitiesTable"/>
<link:loc xlink:type="locator"
xlink:href="http://xbrl.sec.gov/dei/2011/dei-2011-01-31.xsd#dei_LegalEntityAxis"
xlink:label="LegalEntityAxis"/>
<link:loc xlink:type="locator"
xlink:href="http://xbrl.sec.gov/dei/2011/dei-2011-01-31.xsd#dei_EntityDomain"
xlink:label="EntityDomain"/>
<link:loc xlink:type="locator"
xlink:href="http://xbrl.sec.gov/dei/2011/dei-2011-01-31.xsd#dei_EntityInformationLineItems"
xlink:label="EntityInformationLineItems"/>
<link:loc xlink:type="locator"
xlink:href="http://xbrl.sec.gov/dei/2011/dei-2011-01-31.xsd#dei_EntityContactPersonnelTable"
xlink:label="EntityContactPersonnelTable"/>
<link:loc xlink:type="locator"
xlink:href="http://xbrl.sec.gov/dei/2011/dei-2011-01-31.xsd#dei_EntityContactPersonnelContactPersonTypeAxis"
xlink:label="EntityContactPersonnelContactPersonTypeAxis"/>
<link:loc xlink:type="locator"
xlink:href="http://xbrl.sec.gov/dei/2011/dei-2011-01-31.xsd#dei_ContactPersonTypeDomain"
xlink:label="ContactPersonTypeDomain"/>
<link:loc xlink:type="locator"
xlink:href="http://xbrl.sec.gov/dei/2011/dei-2011-01-31.xsd#dei_EntityContactPersonnelLineItems"
xlink:label="EntityContactPersonnelLineItems"/>
<link:loc xlink:type="locator"
xlink:href="http://xbrl.sec.gov/dei/2011/dei-2011-01-31.xsd#dei_EntityAddressesTable"
xlink:label="EntityAddressesTable"/>
<link:loc xlink:type="locator"
xlink:href="http://xbrl.sec.gov/dei/2011/dei-2011-01-31.xsd#dei_EntityAddressesAddressTypeAxis"
xlink:label="EntityAddressesAddressTypeAxis"/>
<link:loc xlink:type="locator"
xlink:href="http://xbrl.sec.gov/dei/2011/dei-2011-01-31.xsd#dei_AddressTypeDomain"
xlink:label="AddressTypeDomain"/>
<link:loc xlink:type="locator"
xlink:href="http://xbrl.sec.gov/dei/2011/dei-2011-01-31.xsd#dei_EntityAddressesLineItems"
xlink:label="EntityAddressesLineItems"/>
<link:loc xlink:type="locator"
xlink:href="http://xbrl.sec.gov/dei/2011/dei-2011-01-31.xsd#dei_EntityPhoneFaxNumbersTable"
xlink:label="EntityPhoneFaxNumbersTable"/>
<link:loc xlink:type="locator"
xlink:href="http://xbrl.sec.gov/dei/2011/dei-2011-01-31.xsd#dei_EntityPhoneFaxNumbersPhoneFaxNumberTypeAxis"
xlink:label="EntityPhoneFaxNumbersPhoneFaxNumberTypeAxis"/>
<link:loc xlink:type="locator"
xlink:href="http://xbrl.sec.gov/dei/2011/dei-2011-01-31.xsd#dei_PhoneFaxNumberTypeDomain"
xlink:label="PhoneFaxNumberTypeDomain"/>
<link:loc xlink:type="locator"
xlink:href="http://xbrl.sec.gov/dei/2011/dei-2011-01-31.xsd#dei_EntityPhoneFaxNumbersLineItems"
xlink:label="EntityPhoneFaxNumbersLineItems"/>
<link:loc xlink:type="locator"
xlink:href="http://xbrl.sec.gov/dei/2011/dei-2011-01-31.xsd#dei_DocumentInformationTextBlock"
xlink:label="DocumentInformationTextBlock"/>
<link:loc xlink:type="locator"
xlink:href="http://xbrl.sec.gov/dei/2011/dei-2011-01-31.xsd#dei_DocumentInformationTable"
xlink:label="DocumentInformationTable"/>
<link:loc xlink:type="locator"
xlink:href="http://xbrl.sec.gov/dei/2011/dei-2011-01-31.xsd#dei_DocumentInformationDocumentAxis"
xlink:label="DocumentInformationDocumentAxis"/>
<link:loc xlink:type="locator"
xlink:href="http://xbrl.sec.gov/dei/2011/dei-2011-01-31.xsd#dei_DocumentDomain"
xlink:label="DocumentDomain"/>
<link:loc xlink:type="locator"
xlink:href="http://xbrl.sec.gov/dei/2011/dei-2011-01-31.xsd#dei_DocumentInformationLineItems"
xlink:label="DocumentInformationLineItems"/>
<link:loc xlink:type="locator"
xlink:href="http://xbrl.sec.gov/dei/2011/dei-2011-01-31.xsd#dei_EntityTextBlock"
xlink:label="EntityTextBlock"/>
<link:loc xlink:type="locator" xlink:href="flowthru-20111231.xsd#edgar_AbcfsMember"
xlink:label="AbcfsMember"/>
<link:loc xlink:type="locator" xlink:href="flowthru-20111231.xsd#edgar_AbcMember"
xlink:label="AbcMember"/>
<link:loc xlink:type="locator"
xlink:href="http://xbrl.sec.gov/dei/2011/dei-2011-01-31.xsd#dei_EntityRegistrantName"
xlink:label="EntityRegistrantName"/>
<link:loc xlink:type="locator"
xlink:href="http://xbrl.sec.gov/dei/2011/dei-2011-01-31.xsd#dei_EntityCentralIndexKey"
xlink:label="EntityCentralIndexKey"/>
<link:loc xlink:type="locator"
xlink:href="http://xbrl.sec.gov/dei/2011/dei-2011-01-31.xsd#dei_EntityTaxIdentificationNumber"
xlink:label="EntityTaxIdentificationNumber"/>
<link:loc xlink:type="locator"
xlink:href="http://xbrl.sec.gov/dei/2011/dei-2011-01-31.xsd#dei_EntityDataUniversalNumberingSystemNumber"
xlink:label="EntityDataUniversalNumberingSystemNumber"/>
<link:loc xlink:type="locator"
xlink:href="http://xbrl.sec.gov/dei/2011/dei-2011-01-31.xsd#dei_EntityOtherIdentificationType"
xlink:label="EntityOtherIdentificationType"/>
<link:loc xlink:type="locator"
xlink:href="http://xbrl.sec.gov/dei/2011/dei-2011-01-31.xsd#dei_EntityOtherIdentificationValue"
xlink:label="EntityOtherIdentificationValue"/>
<link:loc xlink:type="locator"
xlink:href="http://xbrl.sec.gov/dei/2011/dei-2011-01-31.xsd#dei_EntityInformationFormerLegalOrRegisteredName"
xlink:label="EntityInformationFormerLegalOrRegisteredName"/>
<link:loc xlink:type="locator"
xlink:href="http://xbrl.sec.gov/dei/2011/dei-2011-01-31.xsd#dei_EntityInformationDateToChangeFormerLegalOrRegisteredName"
xlink:label="EntityInformationDateToChangeFormerLegalOrRegisteredName"/>
<link:loc xlink:type="locator"
xlink:href="http://xbrl.sec.gov/dei/2011/dei-2011-01-31.xsd#dei_EntityHomeCountryISOCode"
xlink:label="EntityHomeCountryISOCode"/>
<link:loc xlink:type="locator"
xlink:href="http://xbrl.sec.gov/dei/2011/dei-2011-01-31.xsd#dei_ParentEntityLegalName"
xlink:label="ParentEntityLegalName"/>
<link:loc xlink:type="locator"
xlink:href="http://xbrl.sec.gov/dei/2011/dei-2011-01-31.xsd#dei_EntityAccountingStandard"
xlink:label="EntityAccountingStandard"/>
<link:loc xlink:type="locator"
xlink:href="http://xbrl.sec.gov/dei/2011/dei-2011-01-31.xsd#dei_EntityReportingCurrencyISOCode"
xlink:label="EntityReportingCurrencyISOCode"/>
<link:loc xlink:type="locator"
xlink:href="http://xbrl.sec.gov/dei/2011/dei-2011-01-31.xsd#dei_EntityIncorporationStateCountryName"
xlink:label="EntityIncorporationStateCountryName"/>
<link:loc xlink:type="locator"
xlink:href="http://xbrl.sec.gov/dei/2011/dei-2011-01-31.xsd#dei_EntityIncorporationDateOfIncorporation"
xlink:label="EntityIncorporationDateOfIncorporation"/>
<link:loc xlink:type="locator"
xlink:href="http://xbrl.sec.gov/dei/2011/dei-2011-01-31.xsd#dei_EntityNumberOfEmployees"
xlink:label="EntityNumberOfEmployees"/>
<link:loc xlink:type="locator"
xlink:href="http://xbrl.sec.gov/dei/2011/dei-2011-01-31.xsd#dei_CurrentFiscalYearEndDate"
xlink:label="CurrentFiscalYearEndDate"/>
<link:loc xlink:type="locator"
xlink:href="http://xbrl.sec.gov/dei/2011/dei-2011-01-31.xsd#dei_EntityCommonStockSharesOutstanding"
xlink:label="EntityCommonStockSharesOutstanding"/>
<link:loc xlink:type="locator"
xlink:href="http://xbrl.sec.gov/dei/2011/dei-2011-01-31.xsd#dei_EntityPublicFloat"
xlink:label="EntityPublicFloat"/>
<link:loc xlink:type="locator"
xlink:href="http://xbrl.sec.gov/dei/2011/dei-2011-01-31.xsd#dei_EntityFilerCategory"
xlink:label="EntityFilerCategory"/>
<link:loc xlink:type="locator"
xlink:href="http://xbrl.sec.gov/dei/2011/dei-2011-01-31.xsd#dei_EntityCurrentReportingStatus"
xlink:label="EntityCurrentReportingStatus"/>
<link:loc xlink:type="locator"
xlink:href="http://xbrl.sec.gov/dei/2011/dei-2011-01-31.xsd#dei_EntityVoluntaryFilers"
xlink:label="EntityVoluntaryFilers"/>
<link:loc xlink:type="locator"
xlink:href="http://xbrl.sec.gov/dei/2011/dei-2011-01-31.xsd#dei_EntityWellKnownSeasonedIssuer"
xlink:label="EntityWellKnownSeasonedIssuer"/>
<link:loc xlink:type="locator"
xlink:href="http://xbrl.sec.gov/dei/2011/dei-2011-01-31.xsd#dei_FormerFiscalYearEndDate"
xlink:label="FormerFiscalYearEndDate"/>
<link:loc xlink:type="locator"
xlink:href="http://xbrl.sec.gov/dei/2011/dei-2011-01-31.xsd#dei_EntityLegalForm"
xlink:label="EntityLegalForm"/>
<link:loc xlink:type="locator"
xlink:href="http://xbrl.sec.gov/dei/2011/dei-2011-01-31.xsd#dei_DocumentContactMember"
xlink:label="DocumentContactMember"/>
<link:loc xlink:type="locator"
xlink:href="http://xbrl.sec.gov/dei/2011/dei-2011-01-31.xsd#dei_LegalContactMember"
xlink:label="LegalContactMember"/>
<link:loc xlink:type="locator"
xlink:href="http://xbrl.sec.gov/dei/2011/dei-2011-01-31.xsd#dei_AccountingContactMember"
xlink:label="AccountingContactMember"/>
<link:loc xlink:type="locator"
xlink:href="http://xbrl.sec.gov/dei/2011/dei-2011-01-31.xsd#dei_InvestorRelationsContactMember"
xlink:label="InvestorRelationsContactMember"/>
<link:loc xlink:type="locator"
xlink:href="http://xbrl.sec.gov/dei/2011/dei-2011-01-31.xsd#dei_HumanResourcesContactMember"
xlink:label="HumanResourcesContactMember"/>
<link:loc xlink:type="locator"
xlink:href="http://xbrl.sec.gov/dei/2011/dei-2011-01-31.xsd#dei_ContactPersonnelName"
xlink:label="ContactPersonnelName"/>
<link:loc xlink:type="locator"
xlink:href="http://xbrl.sec.gov/dei/2011/dei-2011-01-31.xsd#dei_ContactPersonnelEmailAddress"
xlink:label="ContactPersonnelEmailAddress"/>
<link:loc xlink:type="locator"
xlink:href="http://xbrl.sec.gov/dei/2011/dei-2011-01-31.xsd#dei_MailingAddressMember"
xlink:label="MailingAddressMember"/>
<link:loc xlink:type="locator"
xlink:href="http://xbrl.sec.gov/dei/2011/dei-2011-01-31.xsd#dei_PrincipalAddressMember"
xlink:label="PrincipalAddressMember"/>
<link:loc xlink:type="locator"
xlink:href="http://xbrl.sec.gov/dei/2011/dei-2011-01-31.xsd#dei_OtherAddressMember"
xlink:label="OtherAddressMember"/>
<link:loc xlink:type="locator"
xlink:href="http://xbrl.sec.gov/dei/2011/dei-2011-01-31.xsd#dei_LegalAddressMember"
xlink:label="LegalAddressMember"/>
<link:loc xlink:type="locator"
xlink:href="http://xbrl.sec.gov/dei/2011/dei-2011-01-31.xsd#dei_AccountingAddressMember"
xlink:label="AccountingAddressMember"/>
<link:loc xlink:type="locator"
xlink:href="http://xbrl.sec.gov/dei/2011/dei-2011-01-31.xsd#dei_ContactAddressMember"
xlink:label="ContactAddressMember"/>
<link:loc xlink:type="locator"
xlink:href="http://xbrl.sec.gov/dei/2011/dei-2011-01-31.xsd#dei_EntityAddressAddressDescription"
xlink:label="EntityAddressAddressDescription"/>
<link:loc xlink:type="locator"
xlink:href="http://xbrl.sec.gov/dei/2011/dei-2011-01-31.xsd#dei_EntityAddressAddressLine1"
xlink:label="EntityAddressAddressLine1"/>
<link:loc xlink:type="locator"
xlink:href="http://xbrl.sec.gov/dei/2011/dei-2011-01-31.xsd#dei_EntityAddressAddressLine2"
xlink:label="EntityAddressAddressLine2"/>
<link:loc xlink:type="locator"
xlink:href="http://xbrl.sec.gov/dei/2011/dei-2011-01-31.xsd#dei_EntityAddressAddressLine3"
xlink:label="EntityAddressAddressLine3"/>
<link:loc xlink:type="locator"
xlink:href="http://xbrl.sec.gov/dei/2011/dei-2011-01-31.xsd#dei_EntityAddressCityOrTown"
xlink:label="EntityAddressCityOrTown"/>
<link:loc xlink:type="locator"
xlink:href="http://xbrl.sec.gov/dei/2011/dei-2011-01-31.xsd#dei_EntityAddressStateOrProvince"
xlink:label="EntityAddressStateOrProvince"/>
<link:loc xlink:type="locator"
xlink:href="http://xbrl.sec.gov/dei/2011/dei-2011-01-31.xsd#dei_EntityAddressRegion"
xlink:label="EntityAddressRegion"/>
<link:loc xlink:type="locator"
xlink:href="http://xbrl.sec.gov/dei/2011/dei-2011-01-31.xsd#dei_EntityAddressCountry"
xlink:label="EntityAddressCountry"/>
<link:loc xlink:type="locator"
xlink:href="http://xbrl.sec.gov/dei/2011/dei-2011-01-31.xsd#dei_EntityAddressPostalZipCode"
xlink:label="EntityAddressPostalZipCode"/>
<link:loc xlink:type="locator"
xlink:href="http://xbrl.sec.gov/dei/2011/dei-2011-01-31.xsd#dei_InvestorRelationsPhoneMember"
xlink:label="InvestorRelationsPhoneMember"/>
<link:loc xlink:type="locator"
xlink:href="http://xbrl.sec.gov/dei/2011/dei-2011-01-31.xsd#dei_InvestorRelationsFaxMember"
xlink:label="InvestorRelationsFaxMember"/>
<link:loc xlink:type="locator"
xlink:href="http://xbrl.sec.gov/dei/2011/dei-2011-01-31.xsd#dei_GeneralPhoneMember"
xlink:label="GeneralPhoneMember"/>
<link:loc xlink:type="locator"
xlink:href="http://xbrl.sec.gov/dei/2011/dei-2011-01-31.xsd#dei_GeneralFaxMember"
xlink:label="GeneralFaxMember"/>
<link:loc xlink:type="locator"
xlink:href="http://xbrl.sec.gov/dei/2011/dei-2011-01-31.xsd#dei_LegalPhoneMember"
xlink:label="LegalPhoneMember"/>
<link:loc xlink:type="locator"
xlink:href="http://xbrl.sec.gov/dei/2011/dei-2011-01-31.xsd#dei_LegalFaxMember"
xlink:label="LegalFaxMember"/>
<link:loc xlink:type="locator"
xlink:href="http://xbrl.sec.gov/dei/2011/dei-2011-01-31.xsd#dei_AccountingPhoneMember"
xlink:label="AccountingPhoneMember"/>
<link:loc xlink:type="locator"
xlink:href="http://xbrl.sec.gov/dei/2011/dei-2011-01-31.xsd#dei_AccountingFaxMember"
xlink:label="AccountingFaxMember"/>
<link:loc xlink:type="locator"
xlink:href="http://xbrl.sec.gov/dei/2011/dei-2011-01-31.xsd#dei_ContactPhoneMember"
xlink:label="ContactPhoneMember"/>
<link:loc xlink:type="locator"
xlink:href="http://xbrl.sec.gov/dei/2011/dei-2011-01-31.xsd#dei_ContactFaxMember"
xlink:label="ContactFaxMember"/>
<link:loc xlink:type="locator"
xlink:href="http://xbrl.sec.gov/dei/2011/dei-2011-01-31.xsd#dei_PhoneFaxNumberDescription"
xlink:label="PhoneFaxNumberDescription"/>
<link:loc xlink:type="locator"
xlink:href="http://xbrl.sec.gov/dei/2011/dei-2011-01-31.xsd#dei_CountryRegion"
xlink:label="CountryRegion"/>
<link:loc xlink:type="locator"
xlink:href="http://xbrl.sec.gov/dei/2011/dei-2011-01-31.xsd#dei_CityAreaCode"
xlink:label="CityAreaCode"/>
<link:loc xlink:type="locator"
xlink:href="http://xbrl.sec.gov/dei/2011/dei-2011-01-31.xsd#dei_LocalPhoneNumber"
xlink:label="LocalPhoneNumber"/>
<link:loc xlink:type="locator"
xlink:href="http://xbrl.sec.gov/dei/2011/dei-2011-01-31.xsd#dei_Extension"
xlink:label="Extension"/>
<link:loc xlink:type="locator" xlink:href="flowthru-20111231.xsd#edgar_Form10KMember"
xlink:label="Form10KMember"/>
<link:loc xlink:type="locator" xlink:href="flowthru-20111231.xsd#edgar_Exhibit31Member"
xlink:label="Exhibit31Member"/>
<link:loc xlink:type="locator"
xlink:href="http://xbrl.sec.gov/dei/2011/dei-2011-01-31.xsd#dei_DocumentName"
xlink:label="DocumentName"/>
<link:loc xlink:type="locator"
xlink:href="http://xbrl.sec.gov/dei/2011/dei-2011-01-31.xsd#dei_DocumentTitle"
xlink:label="DocumentTitle"/>
<link:loc xlink:type="locator"
xlink:href="http://xbrl.sec.gov/dei/2011/dei-2011-01-31.xsd#dei_DocumentSubtitle"
xlink:label="DocumentSubtitle"/>
<link:loc xlink:type="locator"
xlink:href="http://xbrl.sec.gov/dei/2011/dei-2011-01-31.xsd#dei_DocumentSynopsis"
xlink:label="DocumentSynopsis"/>
<link:loc xlink:type="locator"
xlink:href="http://xbrl.sec.gov/dei/2011/dei-2011-01-31.xsd#dei_DocumentType"
xlink:label="DocumentType"/>
<link:loc xlink:type="locator"
xlink:href="http://xbrl.sec.gov/dei/2011/dei-2011-01-31.xsd#dei_AmendmentFlag"
xlink:label="AmendmentFlag"/>
<link:loc xlink:type="locator"
xlink:href="http://xbrl.sec.gov/dei/2011/dei-2011-01-31.xsd#dei_AmendmentDescription"
xlink:label="AmendmentDescription"/>
<link:loc xlink:type="locator"
xlink:href="http://xbrl.sec.gov/dei/2011/dei-2011-01-31.xsd#dei_DocumentDescription"
xlink:label="DocumentDescription"/>
<link:loc xlink:type="locator"
xlink:href="http://xbrl.sec.gov/dei/2011/dei-2011-01-31.xsd#dei_DocumentCreationDate"
xlink:label="DocumentCreationDate"/>
<link:loc xlink:type="locator"
xlink:href="http://xbrl.sec.gov/dei/2011/dei-2011-01-31.xsd#dei_DocumentEffectiveDate"
xlink:label="DocumentEffectiveDate"/>
<link:loc xlink:type="locator"
xlink:href="http://xbrl.sec.gov/dei/2011/dei-2011-01-31.xsd#dei_DocumentPeriodStartDate"
xlink:label="DocumentPeriodStartDate"/>
<link:loc xlink:type="locator"
xlink:href="http://xbrl.sec.gov/dei/2011/dei-2011-01-31.xsd#dei_DocumentPeriodEndDate"
xlink:label="DocumentPeriodEndDate"/>
<link:loc xlink:type="locator"
xlink:href="http://xbrl.sec.gov/dei/2011/dei-2011-01-31.xsd#dei_DocumentFiscalYearFocus"
xlink:label="DocumentFiscalYearFocus"/>
<link:loc xlink:type="locator"
xlink:href="http://xbrl.sec.gov/dei/2011/dei-2011-01-31.xsd#dei_DocumentFiscalPeriodFocus"
xlink:label="DocumentFiscalPeriodFocus"/>
<link:loc xlink:type="locator"
xlink:href="http://xbrl.sec.gov/dei/2011/dei-2011-01-31.xsd#dei_DocumentVersion"
xlink:label="DocumentVersion"/>
<link:loc xlink:type="locator"
xlink:href="http://xbrl.sec.gov/dei/2011/dei-2011-01-31.xsd#dei_DocumentCopyrightInformation"
xlink:label="DocumentCopyrightInformation"/>
<link:loc xlink:type="locator"
xlink:href="http://xbrl.sec.gov/dei/2011/dei-2011-01-31.xsd#dei_ContainedFileInformationFileName"
xlink:label="ContainedFileInformationFileName"/>
<link:loc xlink:type="locator"
xlink:href="http://xbrl.sec.gov/dei/2011/dei-2011-01-31.xsd#dei_ContainedFileInformationFileDescription"
xlink:label="ContainedFileInformationFileDescription"/>
<link:loc xlink:type="locator"
xlink:href="http://xbrl.sec.gov/dei/2011/dei-2011-01-31.xsd#dei_ContainedFileInformationFileType"
xlink:label="ContainedFileInformationFileType"/>
<link:loc xlink:type="locator"
xlink:href="http://xbrl.sec.gov/dei/2011/dei-2011-01-31.xsd#dei_ContainedFileInformationFileNumber"
xlink:label="ContainedFileInformationFileNumber"/>
<link:presentationArc xlink:type="arc" xlink:arcrole="http://www.xbrl.org/2003/arcrole/parent-child"
xlink:from="Top"
xlink:to="EntityTextBlock"
use="optional"
order="2.0"/>
<link:presentationArc xlink:type="arc" xlink:arcrole="http://www.xbrl.org/2003/arcrole/parent-child"
xlink:from="Top"
xlink:to="EntitiesTable"
use="optional"
order="3.0"/>
<link:presentationArc xlink:type="arc" xlink:arcrole="http://www.xbrl.org/2003/arcrole/parent-child"
xlink:from="EntitiesTable"
xlink:to="LegalEntityAxis"
use="optional"
order="1.0"/>
<link:presentationArc xlink:type="arc" xlink:arcrole="http://www.xbrl.org/2003/arcrole/parent-child"
xlink:from="LegalEntityAxis"
xlink:to="EntityDomain"
use="optional"
order="1.0"/>
<link:presentationArc xlink:type="arc" xlink:arcrole="http://www.xbrl.org/2003/arcrole/parent-child"
xlink:from="EntityDomain"
xlink:to="AbcfsMember"
use="optional"
order="1.0"/>
<link:presentationArc xlink:type="arc" xlink:arcrole="http://www.xbrl.org/2003/arcrole/parent-child"
xlink:from="EntityDomain"
xlink:to="AbcMember"
use="optional"
order="2.0"/>
<link:presentationArc xlink:type="arc" xlink:arcrole="http://www.xbrl.org/2003/arcrole/parent-child"
xlink:from="EntitiesTable"
xlink:to="EntityInformationLineItems"
use="optional"
order="2.0"/>
<link:presentationArc xlink:type="arc" xlink:arcrole="http://www.xbrl.org/2003/arcrole/parent-child"
xlink:from="EntityInformationLineItems"
xlink:to="EntityRegistrantName"
use="optional"
order="1.0"/>
<link:presentationArc xlink:type="arc" xlink:arcrole="http://www.xbrl.org/2003/arcrole/parent-child"
xlink:from="EntityInformationLineItems"
xlink:to="EntityCentralIndexKey"
use="optional"
order="2.0"/>
<link:presentationArc xlink:type="arc" xlink:arcrole="http://www.xbrl.org/2003/arcrole/parent-child"
xlink:from="EntityInformationLineItems"
xlink:to="EntityTaxIdentificationNumber"
use="optional"
order="3.0"/>
<link:presentationArc xlink:type="arc" xlink:arcrole="http://www.xbrl.org/2003/arcrole/parent-child"
xlink:from="EntityInformationLineItems"
xlink:to="EntityDataUniversalNumberingSystemNumber"
use="optional"
order="4.0"/>
<link:presentationArc xlink:type="arc" xlink:arcrole="http://www.xbrl.org/2003/arcrole/parent-child"
xlink:from="EntityInformationLineItems"
xlink:to="EntityOtherIdentificationType"
use="optional"
order="5.0"/>
<link:presentationArc xlink:type="arc" xlink:arcrole="http://www.xbrl.org/2003/arcrole/parent-child"
xlink:from="EntityInformationLineItems"
xlink:to="EntityOtherIdentificationValue"
use="optional"
order="6.0"/>
<link:presentationArc xlink:type="arc" xlink:arcrole="http://www.xbrl.org/2003/arcrole/parent-child"
xlink:from="EntityInformationLineItems"
xlink:to="EntityInformationFormerLegalOrRegisteredName"
use="optional"
order="7.0"/>
<link:presentationArc xlink:type="arc" xlink:arcrole="http://www.xbrl.org/2003/arcrole/parent-child"
xlink:from="EntityInformationLineItems"
xlink:to="EntityInformationDateToChangeFormerLegalOrRegisteredName"
use="optional"
order="8.0"/>
<link:presentationArc xlink:type="arc" xlink:arcrole="http://www.xbrl.org/2003/arcrole/parent-child"
xlink:from="EntityInformationLineItems"
xlink:to="EntityHomeCountryISOCode"
use="optional"
order="10.0"/>
<link:presentationArc xlink:type="arc" xlink:arcrole="http://www.xbrl.org/2003/arcrole/parent-child"
xlink:from="EntityInformationLineItems"
xlink:to="ParentEntityLegalName"
use="optional"
order="11.0"/>
<link:presentationArc xlink:type="arc" xlink:arcrole="http://www.xbrl.org/2003/arcrole/parent-child"
xlink:from="EntityInformationLineItems"
xlink:to="EntityAccountingStandard"
use="optional"
order="12.0"/>
<link:presentationArc xlink:type="arc" xlink:arcrole="http://www.xbrl.org/2003/arcrole/parent-child"
xlink:from="EntityInformationLineItems"
xlink:to="EntityReportingCurrencyISOCode"
use="optional"
order="13.0"/>
<link:presentationArc xlink:type="arc" xlink:arcrole="http://www.xbrl.org/2003/arcrole/parent-child"
xlink:from="EntityInformationLineItems"
xlink:to="EntityIncorporationStateCountryName"
use="optional"
order="14.0"/>
<link:presentationArc xlink:type="arc" xlink:arcrole="http://www.xbrl.org/2003/arcrole/parent-child"
xlink:from="EntityInformationLineItems"
xlink:to="EntityIncorporationDateOfIncorporation"
use="optional"
order="15.0"/>
<link:presentationArc xlink:type="arc" xlink:arcrole="http://www.xbrl.org/2003/arcrole/parent-child"
xlink:from="EntityInformationLineItems"
xlink:to="EntityNumberOfEmployees"
use="optional"
order="16.0"/>
<link:presentationArc xlink:type="arc" xlink:arcrole="http://www.xbrl.org/2003/arcrole/parent-child"
xlink:from="EntityInformationLineItems"
xlink:to="CurrentFiscalYearEndDate"
use="optional"
order="17.0"/>
<link:presentationArc xlink:type="arc" xlink:arcrole="http://www.xbrl.org/2003/arcrole/parent-child"
xlink:from="EntityInformationLineItems"
xlink:to="EntityCommonStockSharesOutstanding"
use="optional"
order="24.0"/>
<link:presentationArc xlink:type="arc" xlink:arcrole="http://www.xbrl.org/2003/arcrole/parent-child"
xlink:from="EntityInformationLineItems"
xlink:to="EntityPublicFloat"
use="optional"
order="23.0"/>
<link:presentationArc xlink:type="arc" xlink:arcrole="http://www.xbrl.org/2003/arcrole/parent-child"
xlink:from="EntityInformationLineItems"
xlink:to="EntityFilerCategory"
use="optional"
order="22.0"/>
<link:presentationArc xlink:type="arc" xlink:arcrole="http://www.xbrl.org/2003/arcrole/parent-child"
xlink:from="EntityInformationLineItems"
xlink:to="EntityCurrentReportingStatus"
use="optional"
order="21.0"/>
<link:presentationArc xlink:type="arc" xlink:arcrole="http://www.xbrl.org/2003/arcrole/parent-child"
xlink:from="EntityInformationLineItems"
xlink:to="EntityVoluntaryFilers"
use="optional"
order="20.0"/>
<link:presentationArc xlink:type="arc" xlink:arcrole="http://www.xbrl.org/2003/arcrole/parent-child"
xlink:from="EntityInformationLineItems"
xlink:to="EntityWellKnownSeasonedIssuer"
use="optional"
order="19.0"/>
<link:presentationArc xlink:type="arc" xlink:arcrole="http://www.xbrl.org/2003/arcrole/parent-child"
xlink:from="EntityInformationLineItems"
xlink:to="FormerFiscalYearEndDate"
use="optional"
order="18.0"/>
<link:presentationArc xlink:type="arc" xlink:arcrole="http://www.xbrl.org/2003/arcrole/parent-child"
xlink:from="EntityInformationLineItems"
xlink:to="EntityLegalForm"
use="optional"
order="9.0"/>
<link:presentationArc xlink:type="arc" xlink:arcrole="http://www.xbrl.org/2003/arcrole/parent-child"
xlink:from="Top"
xlink:to="EntityContactPersonnelTable"
use="optional"
order="4.0"/>
<link:presentationArc xlink:type="arc" xlink:arcrole="http://www.xbrl.org/2003/arcrole/parent-child"
xlink:from="EntityContactPersonnelTable"
xlink:to="LegalEntityAxis"
use="optional"
order="1.0"/>
<link:presentationArc xlink:type="arc" xlink:arcrole="http://www.xbrl.org/2003/arcrole/parent-child"
xlink:from="EntityContactPersonnelTable"
xlink:to="EntityContactPersonnelContactPersonTypeAxis"
use="optional"
order="2.0"/>
<link:presentationArc xlink:type="arc" xlink:arcrole="http://www.xbrl.org/2003/arcrole/parent-child"
xlink:from="EntityContactPersonnelContactPersonTypeAxis"
xlink:to="ContactPersonTypeDomain"
use="optional"
order="1.0"/>
<link:presentationArc xlink:type="arc" xlink:arcrole="http://www.xbrl.org/2003/arcrole/parent-child"
xlink:from="ContactPersonTypeDomain"
xlink:to="DocumentContactMember"
use="optional"
order="1.0"/>
<link:presentationArc xlink:type="arc" xlink:arcrole="http://www.xbrl.org/2003/arcrole/parent-child"
xlink:from="ContactPersonTypeDomain"
xlink:to="LegalContactMember"
use="optional"
order="2.0"/>
<link:presentationArc xlink:type="arc" xlink:arcrole="http://www.xbrl.org/2003/arcrole/parent-child"
xlink:from="ContactPersonTypeDomain"
xlink:to="AccountingContactMember"
use="optional"
order="3.0"/>
<link:presentationArc xlink:type="arc" xlink:arcrole="http://www.xbrl.org/2003/arcrole/parent-child"
xlink:from="ContactPersonTypeDomain"
xlink:to="InvestorRelationsContactMember"
use="optional"
order="4.0"/>
<link:presentationArc xlink:type="arc" xlink:arcrole="http://www.xbrl.org/2003/arcrole/parent-child"
xlink:from="ContactPersonTypeDomain"
xlink:to="HumanResourcesContactMember"
use="optional"
order="5.0"/>
<link:presentationArc xlink:type="arc" xlink:arcrole="http://www.xbrl.org/2003/arcrole/parent-child"
xlink:from="EntityContactPersonnelTable"
xlink:to="EntityContactPersonnelLineItems"
use="optional"
order="3.0"/>
<link:presentationArc xlink:type="arc" xlink:arcrole="http://www.xbrl.org/2003/arcrole/parent-child"
xlink:from="EntityContactPersonnelLineItems"
xlink:to="ContactPersonnelName"
use="optional"
order="1.0"/>
<link:presentationArc xlink:type="arc" xlink:arcrole="http://www.xbrl.org/2003/arcrole/parent-child"
xlink:from="EntityContactPersonnelLineItems"
xlink:to="ContactPersonnelEmailAddress"
use="optional"
order="2.0"/>
<link:presentationArc xlink:type="arc" xlink:arcrole="http://www.xbrl.org/2003/arcrole/parent-child"
xlink:from="Top"
xlink:to="EntityAddressesTable"
use="optional"
order="5.0"/>
<link:presentationArc xlink:type="arc" xlink:arcrole="http://www.xbrl.org/2003/arcrole/parent-child"
xlink:from="EntityAddressesTable"
xlink:to="LegalEntityAxis"
use="optional"
order="1.0"/>
<link:presentationArc xlink:type="arc" xlink:arcrole="http://www.xbrl.org/2003/arcrole/parent-child"
xlink:from="EntityAddressesTable"
xlink:to="EntityAddressesAddressTypeAxis"
use="optional"
order="2.0"/>
<link:presentationArc xlink:type="arc" xlink:arcrole="http://www.xbrl.org/2003/arcrole/parent-child"
xlink:from="EntityAddressesAddressTypeAxis"
xlink:to="AddressTypeDomain"
use="optional"
order="1.0"/>
<link:presentationArc xlink:type="arc" xlink:arcrole="http://www.xbrl.org/2003/arcrole/parent-child"
xlink:from="AddressTypeDomain"
xlink:to="MailingAddressMember"
use="optional"
order="1.0"/>
<link:presentationArc xlink:type="arc" xlink:arcrole="http://www.xbrl.org/2003/arcrole/parent-child"
xlink:from="AddressTypeDomain"
xlink:to="PrincipalAddressMember"
use="optional"
order="2.0"/>
<link:presentationArc xlink:type="arc" xlink:arcrole="http://www.xbrl.org/2003/arcrole/parent-child"
xlink:from="AddressTypeDomain"
xlink:to="OtherAddressMember"
use="optional"
order="3.0"/>
<link:presentationArc xlink:type="arc" xlink:arcrole="http://www.xbrl.org/2003/arcrole/parent-child"
xlink:from="AddressTypeDomain"
xlink:to="LegalAddressMember"
use="optional"
order="4.0"/>
<link:presentationArc xlink:type="arc" xlink:arcrole="http://www.xbrl.org/2003/arcrole/parent-child"
xlink:from="AddressTypeDomain"
xlink:to="AccountingAddressMember"
use="optional"
order="5.0"/>
<link:presentationArc xlink:type="arc" xlink:arcrole="http://www.xbrl.org/2003/arcrole/parent-child"
xlink:from="AddressTypeDomain"
xlink:to="ContactAddressMember"
use="optional"
order="6.0"/>
<link:presentationArc xlink:type="arc" xlink:arcrole="http://www.xbrl.org/2003/arcrole/parent-child"
xlink:from="EntityAddressesTable"
xlink:to="EntityAddressesLineItems"
use="optional"
order="3.0"/>
<link:presentationArc xlink:type="arc" xlink:arcrole="http://www.xbrl.org/2003/arcrole/parent-child"
xlink:from="EntityAddressesLineItems"
xlink:to="EntityAddressAddressDescription"
use="optional"
order="1.0"/>
<link:presentationArc xlink:type="arc" xlink:arcrole="http://www.xbrl.org/2003/arcrole/parent-child"
xlink:from="EntityAddressesLineItems"
xlink:to="EntityAddressAddressLine1"
use="optional"
order="2.0"/>
<link:presentationArc xlink:type="arc" xlink:arcrole="http://www.xbrl.org/2003/arcrole/parent-child"
xlink:from="EntityAddressesLineItems"
xlink:to="EntityAddressAddressLine2"
use="optional"
order="3.0"/>
<link:presentationArc xlink:type="arc" xlink:arcrole="http://www.xbrl.org/2003/arcrole/parent-child"
xlink:from="EntityAddressesLineItems"
xlink:to="EntityAddressAddressLine3"
use="optional"
order="4.0"/>
<link:presentationArc xlink:type="arc" xlink:arcrole="http://www.xbrl.org/2003/arcrole/parent-child"
xlink:from="EntityAddressesLineItems"
xlink:to="EntityAddressCityOrTown"
use="optional"
order="5.0"/>
<link:presentationArc xlink:type="arc" xlink:arcrole="http://www.xbrl.org/2003/arcrole/parent-child"
xlink:from="EntityAddressesLineItems"
xlink:to="EntityAddressStateOrProvince"
use="optional"
order="6.0"/>
<link:presentationArc xlink:type="arc" xlink:arcrole="http://www.xbrl.org/2003/arcrole/parent-child"
xlink:from="EntityAddressesLineItems"
xlink:to="EntityAddressRegion"
use="optional"
order="7.0"/>
<link:presentationArc xlink:type="arc" xlink:arcrole="http://www.xbrl.org/2003/arcrole/parent-child"
xlink:from="EntityAddressesLineItems"
xlink:to="EntityAddressCountry"
use="optional"
order="8.0"/>
<link:presentationArc xlink:type="arc" xlink:arcrole="http://www.xbrl.org/2003/arcrole/parent-child"
xlink:from="EntityAddressesLineItems"
xlink:to="EntityAddressPostalZipCode"
use="optional"
order="9.0"/>
<link:presentationArc xlink:type="arc" xlink:arcrole="http://www.xbrl.org/2003/arcrole/parent-child"
xlink:from="Top"
xlink:to="EntityPhoneFaxNumbersTable"
use="optional"
order="6.0"/>
<link:presentationArc xlink:type="arc" xlink:arcrole="http://www.xbrl.org/2003/arcrole/parent-child"
xlink:from="EntityPhoneFaxNumbersTable"
xlink:to="LegalEntityAxis"
use="optional"
order="1.0"/>
<link:presentationArc xlink:type="arc" xlink:arcrole="http://www.xbrl.org/2003/arcrole/parent-child"
xlink:from="EntityPhoneFaxNumbersTable"
xlink:to="EntityPhoneFaxNumbersPhoneFaxNumberTypeAxis"
use="optional"
order="2.0"/>
<link:presentationArc xlink:type="arc" xlink:arcrole="http://www.xbrl.org/2003/arcrole/parent-child"
xlink:from="EntityPhoneFaxNumbersPhoneFaxNumberTypeAxis"
xlink:to="PhoneFaxNumberTypeDomain"
use="optional"
order="1.0"/>
<link:presentationArc xlink:type="arc" xlink:arcrole="http://www.xbrl.org/2003/arcrole/parent-child"
xlink:from="PhoneFaxNumberTypeDomain"
xlink:to="InvestorRelationsPhoneMember"
use="optional"
order="1.0"/>
<link:presentationArc xlink:type="arc" xlink:arcrole="http://www.xbrl.org/2003/arcrole/parent-child"
xlink:from="PhoneFaxNumberTypeDomain"
xlink:to="InvestorRelationsFaxMember"
use="optional"
order="2.0"/>
<link:presentationArc xlink:type="arc" xlink:arcrole="http://www.xbrl.org/2003/arcrole/parent-child"
xlink:from="PhoneFaxNumberTypeDomain"
xlink:to="GeneralPhoneMember"
use="optional"
order="3.0"/>
<link:presentationArc xlink:type="arc" xlink:arcrole="http://www.xbrl.org/2003/arcrole/parent-child"
xlink:from="PhoneFaxNumberTypeDomain"
xlink:to="GeneralFaxMember"
use="optional"
order="4.0"/>
<link:presentationArc xlink:type="arc" xlink:arcrole="http://www.xbrl.org/2003/arcrole/parent-child"
xlink:from="PhoneFaxNumberTypeDomain"
xlink:to="LegalPhoneMember"
use="optional"
order="5.0"/>
<link:presentationArc xlink:type="arc" xlink:arcrole="http://www.xbrl.org/2003/arcrole/parent-child"
xlink:from="PhoneFaxNumberTypeDomain"
xlink:to="LegalFaxMember"
use="optional"
order="6.0"/>
<link:presentationArc xlink:type="arc" xlink:arcrole="http://www.xbrl.org/2003/arcrole/parent-child"
xlink:from="PhoneFaxNumberTypeDomain"
xlink:to="AccountingPhoneMember"
use="optional"
order="7.0"/>
<link:presentationArc xlink:type="arc" xlink:arcrole="http://www.xbrl.org/2003/arcrole/parent-child"
xlink:from="PhoneFaxNumberTypeDomain"
xlink:to="AccountingFaxMember"
use="optional"
order="8.0"/>
<link:presentationArc xlink:type="arc" xlink:arcrole="http://www.xbrl.org/2003/arcrole/parent-child"
xlink:from="PhoneFaxNumberTypeDomain"
xlink:to="ContactPhoneMember"
use="optional"
order="9.0"/>
<link:presentationArc xlink:type="arc" xlink:arcrole="http://www.xbrl.org/2003/arcrole/parent-child"
xlink:from="PhoneFaxNumberTypeDomain"
xlink:to="ContactFaxMember"
use="optional"
order="10.0"/>
<link:presentationArc xlink:type="arc" xlink:arcrole="http://www.xbrl.org/2003/arcrole/parent-child"
xlink:from="EntityPhoneFaxNumbersTable"
xlink:to="EntityPhoneFaxNumbersLineItems"
use="optional"
order="3.0"/>
<link:presentationArc xlink:type="arc" xlink:arcrole="http://www.xbrl.org/2003/arcrole/parent-child"
xlink:from="EntityPhoneFaxNumbersLineItems"
xlink:to="PhoneFaxNumberDescription"
use="optional"
order="1.0"/>
<link:presentationArc xlink:type="arc" xlink:arcrole="http://www.xbrl.org/2003/arcrole/parent-child"
xlink:from="EntityPhoneFaxNumbersLineItems"
xlink:to="CountryRegion"
use="optional"
order="2.0"/>
<link:presentationArc xlink:type="arc" xlink:arcrole="http://www.xbrl.org/2003/arcrole/parent-child"
xlink:from="EntityPhoneFaxNumbersLineItems"
xlink:to="CityAreaCode"
use="optional"
order="3.0"/>
<link:presentationArc xlink:type="arc" xlink:arcrole="http://www.xbrl.org/2003/arcrole/parent-child"
xlink:from="EntityPhoneFaxNumbersLineItems"
xlink:to="LocalPhoneNumber"
use="optional"
order="4.0"/>
<link:presentationArc xlink:type="arc" xlink:arcrole="http://www.xbrl.org/2003/arcrole/parent-child"
xlink:from="EntityPhoneFaxNumbersLineItems"
xlink:to="Extension"
use="optional"
order="5.0"/>
<link:presentationArc xlink:type="arc" xlink:arcrole="http://www.xbrl.org/2003/arcrole/parent-child"
xlink:from="Top"
xlink:to="DocumentInformationTextBlock"
order="1.0"/>
<link:presentationArc xlink:type="arc" xlink:arcrole="http://www.xbrl.org/2003/arcrole/parent-child"
xlink:from="DocumentInformationTextBlock"
xlink:to="DocumentInformationTable"
use="optional"
order="1.0"/>
<link:presentationArc xlink:type="arc" xlink:arcrole="http://www.xbrl.org/2003/arcrole/parent-child"
xlink:from="DocumentInformationTable"
xlink:to="DocumentInformationDocumentAxis"
use="optional"
order="1.0"/>
<link:presentationArc xlink:type="arc" xlink:arcrole="http://www.xbrl.org/2003/arcrole/parent-child"
xlink:from="DocumentInformationDocumentAxis"
xlink:to="DocumentDomain"
use="optional"
order="1.0"/>
<link:presentationArc xlink:type="arc" xlink:arcrole="http://www.xbrl.org/2003/arcrole/parent-child"
xlink:from="DocumentDomain"
xlink:to="Form10KMember"
use="optional"
order="1.0"/>
<link:presentationArc xlink:type="arc" xlink:arcrole="http://www.xbrl.org/2003/arcrole/parent-child"
xlink:from="DocumentDomain"
xlink:to="Exhibit31Member"
use="optional"
order="2.0"/>
<link:presentationArc xlink:type="arc" xlink:arcrole="http://www.xbrl.org/2003/arcrole/parent-child"
xlink:from="DocumentInformationTable"
xlink:to="DocumentInformationLineItems"
use="optional"
order="2.0"/>
<link:presentationArc xlink:type="arc" xlink:arcrole="http://www.xbrl.org/2003/arcrole/parent-child"
xlink:from="DocumentInformationLineItems"
xlink:to="DocumentName"
use="optional"
order="1.0"/>
<link:presentationArc xlink:type="arc" xlink:arcrole="http://www.xbrl.org/2003/arcrole/parent-child"
xlink:from="DocumentInformationLineItems"
xlink:to="DocumentTitle"
use="optional"
order="2.0"/>
<link:presentationArc xlink:type="arc" xlink:arcrole="http://www.xbrl.org/2003/arcrole/parent-child"
xlink:from="DocumentInformationLineItems"
xlink:to="DocumentSubtitle"
use="optional"
order="3.0"/>
<link:presentationArc xlink:type="arc" xlink:arcrole="http://www.xbrl.org/2003/arcrole/parent-child"
xlink:from="DocumentInformationLineItems"
xlink:to="DocumentSynopsis"
use="optional"
order="4.0"/>
<link:presentationArc xlink:type="arc" xlink:arcrole="http://www.xbrl.org/2003/arcrole/parent-child"
xlink:from="DocumentInformationLineItems"
xlink:to="DocumentType"
use="optional"
order="5.0"/>
<link:presentationArc xlink:type="arc" xlink:arcrole="http://www.xbrl.org/2003/arcrole/parent-child"
xlink:from="DocumentInformationLineItems"
xlink:to="AmendmentFlag"
use="optional"
order="6.0"/>
<link:presentationArc xlink:type="arc" xlink:arcrole="http://www.xbrl.org/2003/arcrole/parent-child"
xlink:from="DocumentInformationLineItems"
xlink:to="AmendmentDescription"
use="optional"
order="7.0"/>
<link:presentationArc xlink:type="arc" xlink:arcrole="http://www.xbrl.org/2003/arcrole/parent-child"
xlink:from="DocumentInformationLineItems"
xlink:to="DocumentDescription"
use="optional"
order="8.0"/>
<link:presentationArc xlink:type="arc" xlink:arcrole="http://www.xbrl.org/2003/arcrole/parent-child"
xlink:from="DocumentInformationLineItems"
xlink:to="DocumentCreationDate"
use="optional"
order="9.0"/>
<link:presentationArc xlink:type="arc" xlink:arcrole="http://www.xbrl.org/2003/arcrole/parent-child"
xlink:from="DocumentInformationLineItems"
xlink:to="DocumentEffectiveDate"
use="optional"
order="10.0"/>
<link:presentationArc xlink:type="arc" xlink:arcrole="http://www.xbrl.org/2003/arcrole/parent-child"
xlink:from="DocumentInformationLineItems"
xlink:to="DocumentPeriodStartDate"
use="optional"
order="11.0"/>
<link:presentationArc xlink:type="arc" xlink:arcrole="http://www.xbrl.org/2003/arcrole/parent-child"
xlink:from="DocumentInformationLineItems"
xlink:to="DocumentPeriodEndDate"
use="optional"
order="12.0"/>
<link:presentationArc xlink:type="arc" xlink:arcrole="http://www.xbrl.org/2003/arcrole/parent-child"
xlink:from="DocumentInformationLineItems"
xlink:to="DocumentFiscalYearFocus"
use="optional"
order="13.0"/>
<link:presentationArc xlink:type="arc" xlink:arcrole="http://www.xbrl.org/2003/arcrole/parent-child"
xlink:from="DocumentInformationLineItems"
xlink:to="DocumentFiscalPeriodFocus"
use="optional"
order="14.0"/>
<link:presentationArc xlink:type="arc" xlink:arcrole="http://www.xbrl.org/2003/arcrole/parent-child"
xlink:from="DocumentInformationLineItems"
xlink:to="DocumentVersion"
use="optional"
order="15.0"/>
<link:presentationArc xlink:type="arc" xlink:arcrole="http://www.xbrl.org/2003/arcrole/parent-child"
xlink:from="DocumentInformationLineItems"
xlink:to="DocumentCopyrightInformation"
use="optional"
order="16.0"/>
<link:presentationArc xlink:type="arc" xlink:arcrole="http://www.xbrl.org/2003/arcrole/parent-child"
xlink:from="DocumentInformationLineItems"
xlink:to="ContainedFileInformationFileName"
use="optional"
order="17.0"/>
<link:presentationArc xlink:type="arc" xlink:arcrole="http://www.xbrl.org/2003/arcrole/parent-child"
xlink:from="DocumentInformationLineItems"
xlink:to="ContainedFileInformationFileDescription"
use="optional"
order="18.0"/>
<link:presentationArc xlink:type="arc" xlink:arcrole="http://www.xbrl.org/2003/arcrole/parent-child"
xlink:from="DocumentInformationLineItems"
xlink:to="ContainedFileInformationFileType"
use="optional"
order="19.0"/>
<link:presentationArc xlink:type="arc" xlink:arcrole="http://www.xbrl.org/2003/arcrole/parent-child"
xlink:from="DocumentInformationLineItems"
xlink:to="ContainedFileInformationFileNumber"
use="optional"
order="20.0"/>
</link:presentationLink>
<link:presentationLink xlink:type="extended" xlink:role="http://edgar/role/MoreInformation">
<link:loc xlink:type="locator" xlink:href="flowthru-20111231.xsd#edgar_Top"
xlink:label="Top"/>
<link:loc xlink:type="locator"
xlink:href="http://xbrl.fasb.org/us-gaap/2011/elts/us-gaap-2011-01-31.xsd#us-gaap_AccumulatedDistributionsInExcessOfNetIncome"
xlink:label="AccumulatedDistributionsInExcessOfNetIncome"/>
<link:loc xlink:type="locator"
xlink:href="http://xbrl.fasb.org/us-gaap/2011/elts/us-gaap-2011-01-31.xsd#us-gaap_AmountAvailableForDividendDistributionWithoutPriorApprovalFromRegulatoryAgency"
xlink:label="AmountAvailableForDividendDistributionWithoutPriorApprovalFromRegulatoryAgency"/>
<link:loc xlink:type="locator"
xlink:href="http://xbrl.fasb.org/us-gaap/2011/elts/us-gaap-2011-01-31.xsd#us-gaap_AmountAvailableForDividendDistributionWithApprovalFromRegulatoryAgencies"
xlink:label="AmountAvailableForDividendDistributionWithApprovalFromRegulatoryAgencies"/>
<link:presentationArc xlink:type="arc" xlink:arcrole="http://www.xbrl.org/2003/arcrole/parent-child"
xlink:from="Top"
xlink:to="AccumulatedDistributionsInExcessOfNetIncome"
use="optional"
order="1.0"/>
<link:presentationArc xlink:type="arc" xlink:arcrole="http://www.xbrl.org/2003/arcrole/parent-child"
xlink:from="Top"
xlink:to="AmountAvailableForDividendDistributionWithoutPriorApprovalFromRegulatoryAgency"
use="optional"
order="3.0"/>
<link:presentationArc xlink:type="arc" xlink:arcrole="http://www.xbrl.org/2003/arcrole/parent-child"
xlink:from="Top"
xlink:to="AmountAvailableForDividendDistributionWithApprovalFromRegulatoryAgencies"
use="optional"
order="2.0"/>
</link:presentationLink>
</link:linkbase>