<?xml version="1.0" encoding="US-ASCII"?>
<xbrli:xbrl xmlns:restated="http://restated/20111231"
xmlns:us-gaap="http://fasb.org/us-gaap/2011-01-31"
xmlns:country="http://xbrl.sec.gov/country/draft-2010-08-31"
xmlns:ref="http://www.xbrl.org/2006/ref"
xmlns:xbrldt="http://xbrl.org/2005/xbrldt"
xmlns:nonnum="http://www.xbrl.org/dtr/type/non-numeric"
xmlns:link="http://www.xbrl.org/2003/linkbase"
xmlns:dei="http://xbrl.sec.gov/dei/2011-01-31"
xmlns:us-roles="http://fasb.org/us-roles/2011-01-31"
xmlns:invest="http://xbrl.sec.gov/invest/2011-01-31"
xmlns:num="http://www.xbrl.org/dtr/type/numeric"
xmlns:xlink="http://www.w3.org/1999/xlink"
xmlns:iso4217="http://www.xbrl.org/2003/iso4217"
xmlns:us-types="http://fasb.org/us-types/2011-01-31"
xmlns:xbrldi="http://xbrl.org/2006/xbrldi"
xmlns:negated="http://www.xbrl.org/2009/role/negated"
xmlns:xsi="http://www.w3.org/2001/XMLSchema-instance"
xmlns:xbrli="http://www.xbrl.org/2003/instance">
<link:schemaRef xlink:type="simple" xlink:href="restated-20111231.xsd"/>
<xbrli:context id="I2009">
<xbrli:entity>
<xbrli:identifier scheme="http://www.sec.gov/CIK">9876543210</xbrli:identifier>
</xbrli:entity>
<xbrli:period>
<xbrli:instant>2009-06-30</xbrli:instant>
</xbrli:period>
</xbrli:context>
<xbrli:context id="I2008">
<xbrli:entity>
<xbrli:identifier scheme="http://www.sec.gov/CIK">9876543210</xbrli:identifier>
</xbrli:entity>
<xbrli:period>
<xbrli:instant>2008-06-30</xbrli:instant>
</xbrli:period>
</xbrli:context>
<xbrli:context id="D2009">
<xbrli:entity>
<xbrli:identifier scheme="http://www.sec.gov/CIK">9876543210</xbrli:identifier>
</xbrli:entity>
<xbrli:period>
<xbrli:startDate>2008-07-01</xbrli:startDate>
<xbrli:endDate>2009-06-30</xbrli:endDate>
</xbrli:period>
</xbrli:context>
<xbrli:context id="I2007">
<xbrli:entity>
<xbrli:identifier scheme="http://www.sec.gov/CIK">9876543210</xbrli:identifier>
</xbrli:entity>
<xbrli:period>
<xbrli:instant>2007-06-30</xbrli:instant>
</xbrli:period>
</xbrli:context>
<xbrli:context id="D2008">
<xbrli:entity>
<xbrli:identifier scheme="http://www.sec.gov/CIK">9876543210</xbrli:identifier>
</xbrli:entity>
<xbrli:period>
<xbrli:startDate>2007-07-01</xbrli:startDate>
<xbrli:endDate>2008-06-30</xbrli:endDate>
</xbrli:period>
</xbrli:context>
<xbrli:context id="I2010">
<xbrli:entity>
<xbrli:identifier scheme="http://www.sec.gov/CIK">9876543210</xbrli:identifier>
</xbrli:entity>
<xbrli:period>
<xbrli:instant>2010-06-30</xbrli:instant>
</xbrli:period>
</xbrli:context>
<xbrli:context id="I2010_CommonStockMember">
<xbrli:entity>
<xbrli:identifier scheme="http://www.sec.gov/CIK">9876543210</xbrli:identifier>
<xbrli:segment>
<xbrldi:explicitMember dimension="us-gaap:StatementEquityComponentsAxis">us-gaap:CommonStockMember</xbrldi:explicitMember>
</xbrli:segment>
</xbrli:entity>
<xbrli:period>
<xbrli:instant>2010-06-30</xbrli:instant>
</xbrli:period>
</xbrli:context>
<xbrli:context id="I2010_RetainedEarningsMember">
<xbrli:entity>
<xbrli:identifier scheme="http://www.sec.gov/CIK">9876543210</xbrli:identifier>
<xbrli:segment>
<xbrldi:explicitMember dimension="us-gaap:StatementEquityComponentsAxis">us-gaap:RetainedEarningsMember</xbrldi:explicitMember>
</xbrli:segment>
</xbrli:entity>
<xbrli:period>
<xbrli:instant>2010-06-30</xbrli:instant>
</xbrli:period>
</xbrli:context>
<xbrli:context id="I2010_AccumulatedOtherComprehensiveIncomeMember">
<xbrli:entity>
<xbrli:identifier scheme="http://www.sec.gov/CIK">9876543210</xbrli:identifier>
<xbrli:segment>
<xbrldi:explicitMember dimension="us-gaap:StatementEquityComponentsAxis">us-gaap:AccumulatedOtherComprehensiveIncomeMember</xbrldi:explicitMember>
</xbrli:segment>
</xbrli:entity>
<xbrli:period>
<xbrli:instant>2010-06-30</xbrli:instant>
</xbrli:period>
</xbrli:context>
<xbrli:context id="I2010_NoncontrollingInterestMember">
<xbrli:entity>
<xbrli:identifier scheme="http://www.sec.gov/CIK">9876543210</xbrli:identifier>
<xbrli:segment>
<xbrldi:explicitMember dimension="us-gaap:StatementEquityComponentsAxis">us-gaap:NoncontrollingInterestMember</xbrldi:explicitMember>
</xbrli:segment>
</xbrli:entity>
<xbrli:period>
<xbrli:instant>2010-06-30</xbrli:instant>
</xbrli:period>
</xbrli:context>
<xbrli:context id="I2007_CommonStockMember">
<xbrli:entity>
<xbrli:identifier scheme="http://www.sec.gov/CIK">9876543210</xbrli:identifier>
<xbrli:segment>
<xbrldi:explicitMember dimension="us-gaap:StatementEquityComponentsAxis">us-gaap:CommonStockMember</xbrldi:explicitMember>
</xbrli:segment>
</xbrli:entity>
<xbrli:period>
<xbrli:instant>2007-06-30</xbrli:instant>
</xbrli:period>
</xbrli:context>
<xbrli:context id="I2007_RetainedEarningsMember">
<xbrli:entity>
<xbrli:identifier scheme="http://www.sec.gov/CIK">9876543210</xbrli:identifier>
<xbrli:segment>
<xbrldi:explicitMember dimension="us-gaap:StatementEquityComponentsAxis">us-gaap:RetainedEarningsMember</xbrldi:explicitMember>
</xbrli:segment>
</xbrli:entity>
<xbrli:period>
<xbrli:instant>2007-06-30</xbrli:instant>
</xbrli:period>
</xbrli:context>
<xbrli:context id="I2007_AccumulatedOtherComprehensiveIncomeMember">
<xbrli:entity>
<xbrli:identifier scheme="http://www.sec.gov/CIK">9876543210</xbrli:identifier>
<xbrli:segment>
<xbrldi:explicitMember dimension="us-gaap:StatementEquityComponentsAxis">us-gaap:AccumulatedOtherComprehensiveIncomeMember</xbrldi:explicitMember>
</xbrli:segment>
</xbrli:entity>
<xbrli:period>
<xbrli:instant>2007-06-30</xbrli:instant>
</xbrli:period>
</xbrli:context>
<xbrli:context id="I2007_NoncontrollingInterestMember">
<xbrli:entity>
<xbrli:identifier scheme="http://www.sec.gov/CIK">9876543210</xbrli:identifier>
<xbrli:segment>
<xbrldi:explicitMember dimension="us-gaap:StatementEquityComponentsAxis">us-gaap:NoncontrollingInterestMember</xbrldi:explicitMember>
</xbrli:segment>
</xbrli:entity>
<xbrli:period>
<xbrli:instant>2007-06-30</xbrli:instant>
</xbrli:period>
</xbrli:context>
<xbrli:context id="D2010_CommonStockMember">
<xbrli:entity>
<xbrli:identifier scheme="http://www.sec.gov/CIK">9876543210</xbrli:identifier>
<xbrli:segment>
<xbrldi:explicitMember dimension="us-gaap:StatementEquityComponentsAxis">us-gaap:CommonStockMember</xbrldi:explicitMember>
</xbrli:segment>
</xbrli:entity>
<xbrli:period>
<xbrli:startDate>2009-07-01</xbrli:startDate>
<xbrli:endDate>2010-06-30</xbrli:endDate>
</xbrli:period>
</xbrli:context>
<xbrli:context id="D2010_RetainedEarningsMember">
<xbrli:entity>
<xbrli:identifier scheme="http://www.sec.gov/CIK">9876543210</xbrli:identifier>
<xbrli:segment>
<xbrldi:explicitMember dimension="us-gaap:StatementEquityComponentsAxis">us-gaap:RetainedEarningsMember</xbrldi:explicitMember>
</xbrli:segment>
</xbrli:entity>
<xbrli:period>
<xbrli:startDate>2009-07-01</xbrli:startDate>
<xbrli:endDate>2010-06-30</xbrli:endDate>
</xbrli:period>
</xbrli:context>
<xbrli:context id="D2010_AccumulatedOtherComprehensiveIncomeMember">
<xbrli:entity>
<xbrli:identifier scheme="http://www.sec.gov/CIK">9876543210</xbrli:identifier>
<xbrli:segment>
<xbrldi:explicitMember dimension="us-gaap:StatementEquityComponentsAxis">us-gaap:AccumulatedOtherComprehensiveIncomeMember</xbrldi:explicitMember>
</xbrli:segment>
</xbrli:entity>
<xbrli:period>
<xbrli:startDate>2009-07-01</xbrli:startDate>
<xbrli:endDate>2010-06-30</xbrli:endDate>
</xbrli:period>
</xbrli:context>
<xbrli:context id="D2010_NoncontrollingInterestMember">
<xbrli:entity>
<xbrli:identifier scheme="http://www.sec.gov/CIK">9876543210</xbrli:identifier>
<xbrli:segment>
<xbrldi:explicitMember dimension="us-gaap:StatementEquityComponentsAxis">us-gaap:NoncontrollingInterestMember</xbrldi:explicitMember>
</xbrli:segment>
</xbrli:entity>
<xbrli:period>
<xbrli:startDate>2009-07-01</xbrli:startDate>
<xbrli:endDate>2010-06-30</xbrli:endDate>
</xbrli:period>
</xbrli:context>
<xbrli:context id="D2008_CommonStockMember">
<xbrli:entity>
<xbrli:identifier scheme="http://www.sec.gov/CIK">9876543210</xbrli:identifier>
<xbrli:segment>
<xbrldi:explicitMember dimension="us-gaap:StatementEquityComponentsAxis">us-gaap:CommonStockMember</xbrldi:explicitMember>
</xbrli:segment>
</xbrli:entity>
<xbrli:period>
<xbrli:startDate>2007-07-01</xbrli:startDate>
<xbrli:endDate>2008-06-30</xbrli:endDate>
</xbrli:period>
</xbrli:context>
<xbrli:context id="D2008_RetainedEarningsMember">
<xbrli:entity>
<xbrli:identifier scheme="http://www.sec.gov/CIK">9876543210</xbrli:identifier>
<xbrli:segment>
<xbrldi:explicitMember dimension="us-gaap:StatementEquityComponentsAxis">us-gaap:RetainedEarningsMember</xbrldi:explicitMember>
</xbrli:segment>
</xbrli:entity>
<xbrli:period>
<xbrli:startDate>2007-07-01</xbrli:startDate>
<xbrli:endDate>2008-06-30</xbrli:endDate>
</xbrli:period>
</xbrli:context>
<xbrli:context id="D2008_AccumulatedOtherComprehensiveIncomeMember">
<xbrli:entity>
<xbrli:identifier scheme="http://www.sec.gov/CIK">9876543210</xbrli:identifier>
<xbrli:segment>
<xbrldi:explicitMember dimension="us-gaap:StatementEquityComponentsAxis">us-gaap:AccumulatedOtherComprehensiveIncomeMember</xbrldi:explicitMember>
</xbrli:segment>
</xbrli:entity>
<xbrli:period>
<xbrli:startDate>2007-07-01</xbrli:startDate>
<xbrli:endDate>2008-06-30</xbrli:endDate>
</xbrli:period>
</xbrli:context>
<xbrli:context id="D2008_NoncontrollingInterestMember">
<xbrli:entity>
<xbrli:identifier scheme="http://www.sec.gov/CIK">9876543210</xbrli:identifier>
<xbrli:segment>
<xbrldi:explicitMember dimension="us-gaap:StatementEquityComponentsAxis">us-gaap:NoncontrollingInterestMember</xbrldi:explicitMember>
</xbrli:segment>
</xbrli:entity>
<xbrli:period>
<xbrli:startDate>2007-07-01</xbrli:startDate>
<xbrli:endDate>2008-06-30</xbrli:endDate>
</xbrli:period>
</xbrli:context>
<xbrli:context id="I2008_CommonStockMember">
<xbrli:entity>
<xbrli:identifier scheme="http://www.sec.gov/CIK">9876543210</xbrli:identifier>
<xbrli:segment>
<xbrldi:explicitMember dimension="us-gaap:StatementEquityComponentsAxis">us-gaap:CommonStockMember</xbrldi:explicitMember>
</xbrli:segment>
</xbrli:entity>
<xbrli:period>
<xbrli:instant>2008-06-30</xbrli:instant>
</xbrli:period>
</xbrli:context>
<xbrli:context id="I2008_RetainedEarningsMember">
<xbrli:entity>
<xbrli:identifier scheme="http://www.sec.gov/CIK">9876543210</xbrli:identifier>
<xbrli:segment>
<xbrldi:explicitMember dimension="us-gaap:StatementEquityComponentsAxis">us-gaap:RetainedEarningsMember</xbrldi:explicitMember>
</xbrli:segment>
</xbrli:entity>
<xbrli:period>
<xbrli:instant>2008-06-30</xbrli:instant>
</xbrli:period>
</xbrli:context>
<xbrli:context id="I2008_AccumulatedOtherComprehensiveIncomeMember">
<xbrli:entity>
<xbrli:identifier scheme="http://www.sec.gov/CIK">9876543210</xbrli:identifier>
<xbrli:segment>
<xbrldi:explicitMember dimension="us-gaap:StatementEquityComponentsAxis">us-gaap:AccumulatedOtherComprehensiveIncomeMember</xbrldi:explicitMember>
</xbrli:segment>
</xbrli:entity>
<xbrli:period>
<xbrli:instant>2008-06-30</xbrli:instant>
</xbrli:period>
</xbrli:context>
<xbrli:context id="I2008_NoncontrollingInterestMember">
<xbrli:entity>
<xbrli:identifier scheme="http://www.sec.gov/CIK">9876543210</xbrli:identifier>
<xbrli:segment>
<xbrldi:explicitMember dimension="us-gaap:StatementEquityComponentsAxis">us-gaap:NoncontrollingInterestMember</xbrldi:explicitMember>
</xbrli:segment>
</xbrli:entity>
<xbrli:period>
<xbrli:instant>2008-06-30</xbrli:instant>
</xbrli:period>
</xbrli:context>
<xbrli:context id="I2009_CommonStockMember">
<xbrli:entity>
<xbrli:identifier scheme="http://www.sec.gov/CIK">9876543210</xbrli:identifier>
<xbrli:segment>
<xbrldi:explicitMember dimension="us-gaap:StatementEquityComponentsAxis">us-gaap:CommonStockMember</xbrldi:explicitMember>
</xbrli:segment>
</xbrli:entity>
<xbrli:period>
<xbrli:instant>2009-06-30</xbrli:instant>
</xbrli:period>
</xbrli:context>
<xbrli:context id="I2009_RetainedEarningsMember">
<xbrli:entity>
<xbrli:identifier scheme="http://www.sec.gov/CIK">9876543210</xbrli:identifier>
<xbrli:segment>
<xbrldi:explicitMember dimension="us-gaap:StatementEquityComponentsAxis">us-gaap:RetainedEarningsMember</xbrldi:explicitMember>
</xbrli:segment>
</xbrli:entity>
<xbrli:period>
<xbrli:instant>2009-06-30</xbrli:instant>
</xbrli:period>
</xbrli:context>
<xbrli:context id="I2009_AccumulatedOtherComprehensiveIncomeMember">
<xbrli:entity>
<xbrli:identifier scheme="http://www.sec.gov/CIK">9876543210</xbrli:identifier>
<xbrli:segment>
<xbrldi:explicitMember dimension="us-gaap:StatementEquityComponentsAxis">us-gaap:AccumulatedOtherComprehensiveIncomeMember</xbrldi:explicitMember>
</xbrli:segment>
</xbrli:entity>
<xbrli:period>
<xbrli:instant>2009-06-30</xbrli:instant>
</xbrli:period>
</xbrli:context>
<xbrli:context id="I2009_NoncontrollingInterestMember">
<xbrli:entity>
<xbrli:identifier scheme="http://www.sec.gov/CIK">9876543210</xbrli:identifier>
<xbrli:segment>
<xbrldi:explicitMember dimension="us-gaap:StatementEquityComponentsAxis">us-gaap:NoncontrollingInterestMember</xbrldi:explicitMember>
</xbrli:segment>
</xbrli:entity>
<xbrli:period>
<xbrli:instant>2009-06-30</xbrli:instant>
</xbrli:period>
</xbrli:context>
<xbrli:context id="D2009_CommonStockMember">
<xbrli:entity>
<xbrli:identifier scheme="http://www.sec.gov/CIK">9876543210</xbrli:identifier>
<xbrli:segment>
<xbrldi:explicitMember dimension="us-gaap:StatementEquityComponentsAxis">us-gaap:CommonStockMember</xbrldi:explicitMember>
</xbrli:segment>
</xbrli:entity>
<xbrli:period>
<xbrli:startDate>2008-07-01</xbrli:startDate>
<xbrli:endDate>2009-06-30</xbrli:endDate>
</xbrli:period>
</xbrli:context>
<xbrli:context id="D2009_RetainedEarningsMember">
<xbrli:entity>
<xbrli:identifier scheme="http://www.sec.gov/CIK">9876543210</xbrli:identifier>
<xbrli:segment>
<xbrldi:explicitMember dimension="us-gaap:StatementEquityComponentsAxis">us-gaap:RetainedEarningsMember</xbrldi:explicitMember>
</xbrli:segment>
</xbrli:entity>
<xbrli:period>
<xbrli:startDate>2008-07-01</xbrli:startDate>
<xbrli:endDate>2009-06-30</xbrli:endDate>
</xbrli:period>
</xbrli:context>
<xbrli:context id="D2009_AccumulatedOtherComprehensiveIncomeMember">
<xbrli:entity>
<xbrli:identifier scheme="http://www.sec.gov/CIK">9876543210</xbrli:identifier>
<xbrli:segment>
<xbrldi:explicitMember dimension="us-gaap:StatementEquityComponentsAxis">us-gaap:AccumulatedOtherComprehensiveIncomeMember</xbrldi:explicitMember>
</xbrli:segment>
</xbrli:entity>
<xbrli:period>
<xbrli:startDate>2008-07-01</xbrli:startDate>
<xbrli:endDate>2009-06-30</xbrli:endDate>
</xbrli:period>
</xbrli:context>
<xbrli:context id="D2009_NoncontrollingInterestMember">
<xbrli:entity>
<xbrli:identifier scheme="http://www.sec.gov/CIK">9876543210</xbrli:identifier>
<xbrli:segment>
<xbrldi:explicitMember dimension="us-gaap:StatementEquityComponentsAxis">us-gaap:NoncontrollingInterestMember</xbrldi:explicitMember>
</xbrli:segment>
</xbrli:entity>
<xbrli:period>
<xbrli:startDate>2008-07-01</xbrli:startDate>
<xbrli:endDate>2009-06-30</xbrli:endDate>
</xbrli:period>
</xbrli:context>
<xbrli:context id="D2010">
<xbrli:entity>
<xbrli:identifier scheme="http://www.sec.gov/CIK">9876543210</xbrli:identifier>
</xbrli:entity>
<xbrli:period>
<xbrli:startDate>2009-07-01</xbrli:startDate>
<xbrli:endDate>2010-06-30</xbrli:endDate>
</xbrli:period>
</xbrli:context>
<xbrli:context id="D2009_ComprehensiveIncomeMember">
<xbrli:entity>
<xbrli:identifier scheme="http://www.sec.gov/CIK">9876543210</xbrli:identifier>
<xbrli:segment>
<xbrldi:explicitMember dimension="us-gaap:StatementEquityComponentsAxis">us-gaap:ComprehensiveIncomeMember</xbrldi:explicitMember>
</xbrli:segment>
</xbrli:entity>
<xbrli:period>
<xbrli:startDate>2008-07-01</xbrli:startDate>
<xbrli:endDate>2009-06-30</xbrli:endDate>
</xbrli:period>
</xbrli:context>
<xbrli:context id="D2010_ComprehensiveIncomeMember">
<xbrli:entity>
<xbrli:identifier scheme="http://www.sec.gov/CIK">9876543210</xbrli:identifier>
<xbrli:segment>
<xbrldi:explicitMember dimension="us-gaap:StatementEquityComponentsAxis">us-gaap:ComprehensiveIncomeMember</xbrldi:explicitMember>
</xbrli:segment>
</xbrli:entity>
<xbrli:period>
<xbrli:startDate>2009-07-01</xbrli:startDate>
<xbrli:endDate>2010-06-30</xbrli:endDate>
</xbrli:period>
</xbrli:context>
<xbrli:context id="D2008_ComprehensiveIncomeMember">
<xbrli:entity>
<xbrli:identifier scheme="http://www.sec.gov/CIK">9876543210</xbrli:identifier>
<xbrli:segment>
<xbrldi:explicitMember dimension="us-gaap:StatementEquityComponentsAxis">us-gaap:ComprehensiveIncomeMember</xbrldi:explicitMember>
</xbrli:segment>
</xbrli:entity>
<xbrli:period>
<xbrli:startDate>2007-07-01</xbrli:startDate>
<xbrli:endDate>2008-06-30</xbrli:endDate>
</xbrli:period>
</xbrli:context>
<xbrli:context id="Context_Instant_RetainedEarningsMember_ScenarioPreviouslyReportedMember2008">
<xbrli:entity>
<xbrli:identifier scheme="http://www.sec.gov/CIK">9876543210</xbrli:identifier>
<xbrli:segment>
<xbrldi:explicitMember dimension="us-gaap:StatementEquityComponentsAxis">us-gaap:RetainedEarningsMember</xbrldi:explicitMember>
<xbrldi:explicitMember dimension="us-gaap:StatementScenarioAxis">us-gaap:ScenarioPreviouslyReportedMember</xbrldi:explicitMember>
</xbrli:segment>
</xbrli:entity>
<xbrli:period>
<xbrli:instant>2008-06-30</xbrli:instant>
</xbrli:period>
</xbrli:context>
<xbrli:context id="Context_Instant_RetainedEarningsMember_RestatementAdjustmentMember2008">
<xbrli:entity>
<xbrli:identifier scheme="http://www.sec.gov/CIK">9876543210</xbrli:identifier>
<xbrli:segment>
<xbrldi:explicitMember dimension="us-gaap:StatementEquityComponentsAxis">us-gaap:RetainedEarningsMember</xbrldi:explicitMember>
<xbrldi:explicitMember dimension="us-gaap:StatementScenarioAxis">us-gaap:RestatementAdjustmentMember</xbrldi:explicitMember>
</xbrli:segment>
</xbrli:entity>
<xbrli:period>
<xbrli:instant>2008-06-30</xbrli:instant>
</xbrli:period>
</xbrli:context>
<xbrli:context id="Context_Instant_FAS158Member_RetainedEarningsMember_RestatementAdjustmentMember2008">
<xbrli:entity>
<xbrli:identifier scheme="http://www.sec.gov/CIK">9876543210</xbrli:identifier>
<xbrli:segment>
<xbrldi:explicitMember dimension="us-gaap:AdjustmentsForNewAccountingPronouncementsAxis">us-gaap:FAS158Member</xbrldi:explicitMember>
<xbrldi:explicitMember dimension="us-gaap:StatementEquityComponentsAxis">us-gaap:RetainedEarningsMember</xbrldi:explicitMember>
<xbrldi:explicitMember dimension="us-gaap:StatementScenarioAxis">us-gaap:RestatementAdjustmentMember</xbrldi:explicitMember>
</xbrli:segment>
</xbrli:entity>
<xbrli:period>
<xbrli:instant>2008-06-30</xbrli:instant>
</xbrli:period>
</xbrli:context>
<xbrli:context id="Context_Instant_AccountingStandardsUpdate200908Member_RetainedEarningsMember_RestatementAdjustmentMember2008">
<xbrli:entity>
<xbrli:identifier scheme="http://www.sec.gov/CIK">9876543210</xbrli:identifier>
<xbrli:segment>
<xbrldi:explicitMember dimension="us-gaap:AdjustmentsForNewAccountingPronouncementsAxis">us-gaap:AccountingStandardsUpdate200908Member</xbrldi:explicitMember>
<xbrldi:explicitMember dimension="us-gaap:StatementEquityComponentsAxis">us-gaap:RetainedEarningsMember</xbrldi:explicitMember>
<xbrldi:explicitMember dimension="us-gaap:StatementScenarioAxis">us-gaap:RestatementAdjustmentMember</xbrldi:explicitMember>
</xbrli:segment>
</xbrli:entity>
<xbrli:period>
<xbrli:instant>2008-06-30</xbrli:instant>
</xbrli:period>
</xbrli:context>
<xbrli:context id="Context_Instant_SoftwareCostsErrorMember_RetainedEarningsMember_RestatementAdjustmentMember2008">
<xbrli:entity>
<xbrli:identifier scheme="http://www.sec.gov/CIK">9876543210</xbrli:identifier>
<xbrli:segment>
<xbrldi:explicitMember dimension="us-gaap:ErrorCorrectionsAndPriorPeriodAdjustmentsRestatementByRestatementPeriodAndAmountAxis">restated:SoftwareCostsErrorMember</xbrldi:explicitMember>
<xbrldi:explicitMember dimension="us-gaap:StatementEquityComponentsAxis">us-gaap:RetainedEarningsMember</xbrldi:explicitMember>
<xbrldi:explicitMember dimension="us-gaap:StatementScenarioAxis">us-gaap:RestatementAdjustmentMember</xbrldi:explicitMember>
</xbrli:segment>
</xbrli:entity>
<xbrli:period>
<xbrli:instant>2008-06-30</xbrli:instant>
</xbrli:period>
</xbrli:context>
<xbrli:context id="Context_Instant_InventoryValuationMethodMember_RetainedEarningsMember_RestatementAdjustmentMember2008">
<xbrli:entity>
<xbrli:identifier scheme="http://www.sec.gov/CIK">9876543210</xbrli:identifier>
<xbrli:segment>
<xbrldi:explicitMember dimension="us-gaap:AdjustmentsForChangeInAccountingPrincipleAxis">restated:InventoryValuationMethodMember</xbrldi:explicitMember>
<xbrldi:explicitMember dimension="us-gaap:StatementEquityComponentsAxis">us-gaap:RetainedEarningsMember</xbrldi:explicitMember>
<xbrldi:explicitMember dimension="us-gaap:StatementScenarioAxis">us-gaap:RestatementAdjustmentMember</xbrldi:explicitMember>
</xbrli:segment>
</xbrli:entity>
<xbrli:period>
<xbrli:instant>2008-06-30</xbrli:instant>
</xbrli:period>
</xbrli:context>
<xbrli:context id="Context_Instant_RetainedEarningsMember_ScenarioPreviouslyReportedMember">
<xbrli:entity>
<xbrli:identifier scheme="http://www.sec.gov/CIK">9876543210</xbrli:identifier>
<xbrli:segment>
<xbrldi:explicitMember dimension="us-gaap:StatementEquityComponentsAxis">us-gaap:RetainedEarningsMember</xbrldi:explicitMember>
<xbrldi:explicitMember dimension="us-gaap:StatementScenarioAxis">us-gaap:ScenarioPreviouslyReportedMember</xbrldi:explicitMember>
</xbrli:segment>
</xbrli:entity>
<xbrli:period>
<xbrli:instant>2010-06-30</xbrli:instant>
</xbrli:period>
</xbrli:context>
<xbrli:context id="Context_Instant_RetainedEarningsMember_RestatementAdjustmentMember">
<xbrli:entity>
<xbrli:identifier scheme="http://www.sec.gov/CIK">9876543210</xbrli:identifier>
<xbrli:segment>
<xbrldi:explicitMember dimension="us-gaap:StatementEquityComponentsAxis">us-gaap:RetainedEarningsMember</xbrldi:explicitMember>
<xbrldi:explicitMember dimension="us-gaap:StatementScenarioAxis">us-gaap:RestatementAdjustmentMember</xbrldi:explicitMember>
</xbrli:segment>
</xbrli:entity>
<xbrli:period>
<xbrli:instant>2010-06-30</xbrli:instant>
</xbrli:period>
</xbrli:context>
<xbrli:context id="Context_Instant_FAS158Member_RetainedEarningsMember_RestatementAdjustmentMember">
<xbrli:entity>
<xbrli:identifier scheme="http://www.sec.gov/CIK">9876543210</xbrli:identifier>
<xbrli:segment>
<xbrldi:explicitMember dimension="us-gaap:AdjustmentsForNewAccountingPronouncementsAxis">us-gaap:FAS158Member</xbrldi:explicitMember>
<xbrldi:explicitMember dimension="us-gaap:StatementEquityComponentsAxis">us-gaap:RetainedEarningsMember</xbrldi:explicitMember>
<xbrldi:explicitMember dimension="us-gaap:StatementScenarioAxis">us-gaap:RestatementAdjustmentMember</xbrldi:explicitMember>
</xbrli:segment>
</xbrli:entity>
<xbrli:period>
<xbrli:instant>2010-06-30</xbrli:instant>
</xbrli:period>
</xbrli:context>
<xbrli:context id="Context_Instant_AccountingStandardsUpdate200908Member_RetainedEarningsMember_RestatementAdjustmentMember">
<xbrli:entity>
<xbrli:identifier scheme="http://www.sec.gov/CIK">9876543210</xbrli:identifier>
<xbrli:segment>
<xbrldi:explicitMember dimension="us-gaap:AdjustmentsForNewAccountingPronouncementsAxis">us-gaap:AccountingStandardsUpdate200908Member</xbrldi:explicitMember>
<xbrldi:explicitMember dimension="us-gaap:StatementEquityComponentsAxis">us-gaap:RetainedEarningsMember</xbrldi:explicitMember>
<xbrldi:explicitMember dimension="us-gaap:StatementScenarioAxis">us-gaap:RestatementAdjustmentMember</xbrldi:explicitMember>
</xbrli:segment>
</xbrli:entity>
<xbrli:period>
<xbrli:instant>2010-06-30</xbrli:instant>
</xbrli:period>
</xbrli:context>
<xbrli:context id="Context_Instant_SoftwareCostsErrorMember_RetainedEarningsMember_RestatementAdjustmentMember">
<xbrli:entity>
<xbrli:identifier scheme="http://www.sec.gov/CIK">9876543210</xbrli:identifier>
<xbrli:segment>
<xbrldi:explicitMember dimension="us-gaap:ErrorCorrectionsAndPriorPeriodAdjustmentsRestatementByRestatementPeriodAndAmountAxis">restated:SoftwareCostsErrorMember</xbrldi:explicitMember>
<xbrldi:explicitMember dimension="us-gaap:StatementEquityComponentsAxis">us-gaap:RetainedEarningsMember</xbrldi:explicitMember>
<xbrldi:explicitMember dimension="us-gaap:StatementScenarioAxis">us-gaap:RestatementAdjustmentMember</xbrldi:explicitMember>
</xbrli:segment>
</xbrli:entity>
<xbrli:period>
<xbrli:instant>2010-06-30</xbrli:instant>
</xbrli:period>
</xbrli:context>
<xbrli:context id="Context_Instant_InventoryValuationMethodMember_RetainedEarningsMember_RestatementAdjustmentMember">
<xbrli:entity>
<xbrli:identifier scheme="http://www.sec.gov/CIK">9876543210</xbrli:identifier>
<xbrli:segment>
<xbrldi:explicitMember dimension="us-gaap:AdjustmentsForChangeInAccountingPrincipleAxis">restated:InventoryValuationMethodMember</xbrldi:explicitMember>
<xbrldi:explicitMember dimension="us-gaap:StatementEquityComponentsAxis">us-gaap:RetainedEarningsMember</xbrldi:explicitMember>
<xbrldi:explicitMember dimension="us-gaap:StatementScenarioAxis">us-gaap:RestatementAdjustmentMember</xbrldi:explicitMember>
</xbrli:segment>
</xbrli:entity>
<xbrli:period>
<xbrli:instant>2010-06-30</xbrli:instant>
</xbrli:period>
</xbrli:context>
<xbrli:unit id="USD">
<xbrli:measure>iso4217:USD</xbrli:measure>
</xbrli:unit>
<xbrli:unit id="Shares">
<xbrli:measure>xbrli:shares</xbrli:measure>
</xbrli:unit>
<us-gaap:StockholdersEquityIncludingPortionAttributableToNoncontrollingInterest decimals="-6"
contextRef="Context_Instant_RetainedEarningsMember_ScenarioPreviouslyReportedMember2008"
unitRef="USD">7000000000</us-gaap:StockholdersEquityIncludingPortionAttributableToNoncontrollingInterest>
<us-gaap:StockholdersEquityIncludingPortionAttributableToNoncontrollingInterest decimals="-6"
contextRef="Context_Instant_RetainedEarningsMember_RestatementAdjustmentMember2008"
unitRef="USD">463000000</us-gaap:StockholdersEquityIncludingPortionAttributableToNoncontrollingInterest>
<us-gaap:StockholdersEquityIncludingPortionAttributableToNoncontrollingInterest decimals="-6"
contextRef="Context_Instant_FAS158Member_RetainedEarningsMember_RestatementAdjustmentMember2008"
unitRef="USD">310000000</us-gaap:StockholdersEquityIncludingPortionAttributableToNoncontrollingInterest>
<us-gaap:StockholdersEquityIncludingPortionAttributableToNoncontrollingInterest decimals="-6"
contextRef="Context_Instant_AccountingStandardsUpdate200908Member_RetainedEarningsMember_RestatementAdjustmentMember2008"
unitRef="USD">3000000</us-gaap:StockholdersEquityIncludingPortionAttributableToNoncontrollingInterest>
<us-gaap:StockholdersEquityIncludingPortionAttributableToNoncontrollingInterest decimals="-6"
contextRef="Context_Instant_SoftwareCostsErrorMember_RetainedEarningsMember_RestatementAdjustmentMember2008"
unitRef="USD">100000000</us-gaap:StockholdersEquityIncludingPortionAttributableToNoncontrollingInterest>
<us-gaap:StockholdersEquityIncludingPortionAttributableToNoncontrollingInterest decimals="-6"
contextRef="Context_Instant_InventoryValuationMethodMember_RetainedEarningsMember_RestatementAdjustmentMember2008"
unitRef="USD">50000000</us-gaap:StockholdersEquityIncludingPortionAttributableToNoncontrollingInterest>
<us-gaap:StockholdersEquityIncludingPortionAttributableToNoncontrollingInterest decimals="-6" contextRef="I2007_CommonStockMember" unitRef="USD">5272000000</us-gaap:StockholdersEquityIncludingPortionAttributableToNoncontrollingInterest>
<us-gaap:SharesIssued decimals="-6" contextRef="I2007_CommonStockMember" unitRef="Shares">643000000</us-gaap:SharesIssued>
<us-gaap:StockholdersEquityIncludingPortionAttributableToNoncontrollingInterest decimals="-6" contextRef="I2007_RetainedEarningsMember" unitRef="USD">5974000000</us-gaap:StockholdersEquityIncludingPortionAttributableToNoncontrollingInterest>
<us-gaap:StockholdersEquityIncludingPortionAttributableToNoncontrollingInterest decimals="-6" contextRef="I2007_AccumulatedOtherComprehensiveIncomeMember"
unitRef="USD">181000000</us-gaap:StockholdersEquityIncludingPortionAttributableToNoncontrollingInterest>
<us-gaap:StockholdersEquityIncludingPortionAttributableToNoncontrollingInterest decimals="-6" contextRef="I2007_NoncontrollingInterestMember" unitRef="USD">19000000</us-gaap:StockholdersEquityIncludingPortionAttributableToNoncontrollingInterest>
<us-gaap:StockholdersEquityIncludingPortionAttributableToNoncontrollingInterest decimals="-6" contextRef="I2007" unitRef="USD">11446000000</us-gaap:StockholdersEquityIncludingPortionAttributableToNoncontrollingInterest>
<us-gaap:TreasuryStockSharesAcquired decimals="-6" contextRef="D2008_CommonStockMember" unitRef="Shares">2000000</us-gaap:TreasuryStockSharesAcquired>
<us-gaap:TreasuryStockValueAcquiredCostMethod decimals="-6" contextRef="D2008_CommonStockMember" unitRef="USD">61000000</us-gaap:TreasuryStockValueAcquiredCostMethod>
<restated:ForwardContractComponentOfEquityUnits decimals="-6" contextRef="D2008_CommonStockMember" unitRef="USD">110000000</restated:ForwardContractComponentOfEquityUnits>
<us-gaap:StockholdersEquityOther decimals="-6" contextRef="D2008_CommonStockMember" unitRef="USD">-50000000</us-gaap:StockholdersEquityOther>
<us-gaap:StockholdersEquityOtherShares decimals="-6" contextRef="D2008_CommonStockMember" unitRef="Shares">-3000000</us-gaap:StockholdersEquityOtherShares>
<us-gaap:ProfitLoss decimals="-6" contextRef="D2008_RetainedEarningsMember" unitRef="USD">1780000000</us-gaap:ProfitLoss>
<us-gaap:DividendsCommonStockCash decimals="-6" contextRef="D2008_RetainedEarningsMember" unitRef="USD">316000000</us-gaap:DividendsCommonStockCash>
<us-gaap:StockholdersEquityOther decimals="-6" contextRef="D2008_RetainedEarningsMember" unitRef="USD">-25000000</us-gaap:StockholdersEquityOther>
<us-gaap:OtherComprehensiveIncomeLossNetOfTaxPeriodIncreaseDecrease decimals="-6" contextRef="D2008_AccumulatedOtherComprehensiveIncomeMember"
unitRef="USD">776000000</us-gaap:OtherComprehensiveIncomeLossNetOfTaxPeriodIncreaseDecrease>
<us-gaap:ProfitLoss decimals="-6" contextRef="D2008_NoncontrollingInterestMember" unitRef="USD">6000000</us-gaap:ProfitLoss>
<us-gaap:ComprehensiveIncomeNetOfTaxIncludingPortionAttributableToNoncontrollingInterest decimals="-6" contextRef="D2008" unitRef="USD">2562000000</us-gaap:ComprehensiveIncomeNetOfTaxIncludingPortionAttributableToNoncontrollingInterest>
<us-gaap:DividendsCommonStockCash decimals="-6" contextRef="D2008" unitRef="USD">316000000</us-gaap:DividendsCommonStockCash>
<us-gaap:TreasuryStockValueAcquiredCostMethod decimals="-6" contextRef="D2008" unitRef="USD">61000000</us-gaap:TreasuryStockValueAcquiredCostMethod>
<restated:ForwardContractComponentOfEquityUnits decimals="-6" contextRef="D2008" unitRef="USD">110000000</restated:ForwardContractComponentOfEquityUnits>
<us-gaap:StockholdersEquityOther decimals="-6" contextRef="D2008" unitRef="USD">-75000000</us-gaap:StockholdersEquityOther>
<us-gaap:SharesIssued decimals="-6" contextRef="I2008_CommonStockMember" unitRef="Shares">644000000</us-gaap:SharesIssued>
<us-gaap:StockholdersEquityIncludingPortionAttributableToNoncontrollingInterest decimals="-6" contextRef="I2008_CommonStockMember" unitRef="USD">5221000000</us-gaap:StockholdersEquityIncludingPortionAttributableToNoncontrollingInterest>
<us-gaap:StockholdersEquityIncludingPortionAttributableToNoncontrollingInterest decimals="-6" contextRef="I2008_RetainedEarningsMember" unitRef="USD">7463000000</us-gaap:StockholdersEquityIncludingPortionAttributableToNoncontrollingInterest>
<us-gaap:StockholdersEquityIncludingPortionAttributableToNoncontrollingInterest decimals="-6" contextRef="I2008_AccumulatedOtherComprehensiveIncomeMember"
unitRef="USD">957000000</us-gaap:StockholdersEquityIncludingPortionAttributableToNoncontrollingInterest>
<us-gaap:StockholdersEquityIncludingPortionAttributableToNoncontrollingInterest decimals="-6" contextRef="I2008_NoncontrollingInterestMember" unitRef="USD">25000000</us-gaap:StockholdersEquityIncludingPortionAttributableToNoncontrollingInterest>
<us-gaap:StockholdersEquityIncludingPortionAttributableToNoncontrollingInterest decimals="-6" contextRef="I2008" unitRef="USD">13666000000</us-gaap:StockholdersEquityIncludingPortionAttributableToNoncontrollingInterest>
<us-gaap:TreasuryStockValueAcquiredCostMethod decimals="-6" contextRef="D2009_CommonStockMember" unitRef="USD">100000000</us-gaap:TreasuryStockValueAcquiredCostMethod>
<us-gaap:TreasuryStockSharesAcquired decimals="-6" contextRef="D2009_CommonStockMember" unitRef="Shares">4000000</us-gaap:TreasuryStockSharesAcquired>
<us-gaap:StockholdersEquityOtherShares decimals="-6" contextRef="D2009_CommonStockMember" unitRef="Shares">-2000000</us-gaap:StockholdersEquityOtherShares>
<us-gaap:StockholdersEquityOther decimals="-6" contextRef="D2009_CommonStockMember" unitRef="USD">-18000000</us-gaap:StockholdersEquityOther>
<us-gaap:ProfitLoss decimals="-6" contextRef="D2009_RetainedEarningsMember" unitRef="USD">1684000000</us-gaap:ProfitLoss>
<us-gaap:DividendsCommonStockCash decimals="-6" contextRef="D2009_RetainedEarningsMember" unitRef="USD">347000000</us-gaap:DividendsCommonStockCash>
<us-gaap:NewAccountingPronouncementOrChangeInAccountingPrincipleCumulativeEffectOfChangeOnEquityOrNetAssets decimals="-6" contextRef="D2009_RetainedEarningsMember" unitRef="USD">-21000000</us-gaap:NewAccountingPronouncementOrChangeInAccountingPrincipleCumulativeEffectOfChangeOnEquityOrNetAssets>
<us-gaap:StockholdersEquityOther decimals="-6" contextRef="D2009_RetainedEarningsMember" unitRef="USD">1000000</us-gaap:StockholdersEquityOther>
<us-gaap:OtherComprehensiveIncomeLossNetOfTaxPeriodIncreaseDecrease decimals="-6" contextRef="D2009_AccumulatedOtherComprehensiveIncomeMember"
unitRef="USD">-1312000000</us-gaap:OtherComprehensiveIncomeLossNetOfTaxPeriodIncreaseDecrease>
<us-gaap:ProfitLoss decimals="-6" contextRef="D2009_NoncontrollingInterestMember" unitRef="USD">4000000</us-gaap:ProfitLoss>
<us-gaap:DividendsCommonStockCash decimals="-6" contextRef="D2009" unitRef="USD">347000000</us-gaap:DividendsCommonStockCash>
<us-gaap:TreasuryStockValueAcquiredCostMethod decimals="-6" contextRef="D2009" unitRef="USD">100000000</us-gaap:TreasuryStockValueAcquiredCostMethod>
<us-gaap:ComprehensiveIncomeNetOfTaxIncludingPortionAttributableToNoncontrollingInterest decimals="-6" contextRef="D2009" unitRef="USD">376000000</us-gaap:ComprehensiveIncomeNetOfTaxIncludingPortionAttributableToNoncontrollingInterest>
<us-gaap:NewAccountingPronouncementOrChangeInAccountingPrincipleCumulativeEffectOfChangeOnEquityOrNetAssets decimals="-6" contextRef="D2009" unitRef="USD">-21000000</us-gaap:NewAccountingPronouncementOrChangeInAccountingPrincipleCumulativeEffectOfChangeOnEquityOrNetAssets>
<us-gaap:StockholdersEquityOther decimals="-6" contextRef="D2009" unitRef="USD">-14000000</us-gaap:StockholdersEquityOther>
<us-gaap:SharesIssued decimals="-6" contextRef="I2009_CommonStockMember" unitRef="Shares">642000000</us-gaap:SharesIssued>
<us-gaap:StockholdersEquityIncludingPortionAttributableToNoncontrollingInterest decimals="-6" contextRef="I2009_CommonStockMember" unitRef="USD">5204000000</us-gaap:StockholdersEquityIncludingPortionAttributableToNoncontrollingInterest>
<us-gaap:StockholdersEquityIncludingPortionAttributableToNoncontrollingInterest decimals="-6" contextRef="I2009_RetainedEarningsMember" unitRef="USD">8778000000</us-gaap:StockholdersEquityIncludingPortionAttributableToNoncontrollingInterest>
<us-gaap:StockholdersEquityIncludingPortionAttributableToNoncontrollingInterest decimals="-6" contextRef="I2009_AccumulatedOtherComprehensiveIncomeMember"
unitRef="USD">-355000000</us-gaap:StockholdersEquityIncludingPortionAttributableToNoncontrollingInterest>
<us-gaap:StockholdersEquityIncludingPortionAttributableToNoncontrollingInterest decimals="-6" contextRef="I2009_NoncontrollingInterestMember" unitRef="USD">26000000</us-gaap:StockholdersEquityIncludingPortionAttributableToNoncontrollingInterest>
<us-gaap:ProfitLoss decimals="-6" contextRef="D2010_RetainedEarningsMember" unitRef="USD">1930000000</us-gaap:ProfitLoss>
<us-gaap:ProfitLoss decimals="-6" contextRef="D2010_NoncontrollingInterestMember" unitRef="USD">-11000000</us-gaap:ProfitLoss>
<us-gaap:TreasuryStockValueAcquiredCostMethod decimals="-6" contextRef="D2010_CommonStockMember" unitRef="USD">100000000</us-gaap:TreasuryStockValueAcquiredCostMethod>
<us-gaap:TreasuryStockSharesAcquired decimals="-6" contextRef="D2010_CommonStockMember" unitRef="Shares">4000000</us-gaap:TreasuryStockSharesAcquired>
<us-gaap:StockholdersEquityOther decimals="-6" contextRef="D2010_CommonStockMember" unitRef="USD">-2000000</us-gaap:StockholdersEquityOther>
<us-gaap:StockholdersEquityOtherShares decimals="-6" contextRef="D2010_CommonStockMember" unitRef="Shares">-1000000</us-gaap:StockholdersEquityOtherShares>
<us-gaap:StockholdersEquityIncludingPortionAttributableToNoncontrollingInterest decimals="-6" contextRef="I2010_CommonStockMember" unitRef="USD">5151000000</us-gaap:StockholdersEquityIncludingPortionAttributableToNoncontrollingInterest>
<us-gaap:StockholdersEquityIncludingPortionAttributableToNoncontrollingInterest decimals="-6" contextRef="I2010_RetainedEarningsMember" unitRef="USD">10357000000</us-gaap:StockholdersEquityIncludingPortionAttributableToNoncontrollingInterest>
<us-gaap:StockholdersEquityIncludingPortionAttributableToNoncontrollingInterest decimals="-6" contextRef="I2010_AccumulatedOtherComprehensiveIncomeMember"
unitRef="USD">-899000000</us-gaap:StockholdersEquityIncludingPortionAttributableToNoncontrollingInterest>
<us-gaap:StockholdersEquityIncludingPortionAttributableToNoncontrollingInterest decimals="-6" contextRef="I2010_NoncontrollingInterestMember" unitRef="USD">22000000</us-gaap:StockholdersEquityIncludingPortionAttributableToNoncontrollingInterest>
<us-gaap:SharesIssued decimals="-6" contextRef="I2010_CommonStockMember" unitRef="Shares">639000000</us-gaap:SharesIssued>
<us-gaap:StockholdersEquityOther decimals="-6" contextRef="D2009_NoncontrollingInterestMember" unitRef="USD">3000000</us-gaap:StockholdersEquityOther>
<us-gaap:ProfitLoss decimals="-6" contextRef="D2009_ComprehensiveIncomeMember" unitRef="USD">1688000000</us-gaap:ProfitLoss>
<us-gaap:OtherComprehensiveIncomeLossNetOfTaxPeriodIncreaseDecrease decimals="-6" contextRef="D2010_AccumulatedOtherComprehensiveIncomeMember"
unitRef="USD">-544000000</us-gaap:OtherComprehensiveIncomeLossNetOfTaxPeriodIncreaseDecrease>
<us-gaap:ComprehensiveIncomeNetOfTaxIncludingPortionAttributableToNoncontrollingInterest decimals="-6" contextRef="D2009_ComprehensiveIncomeMember" unitRef="USD">376000000</us-gaap:ComprehensiveIncomeNetOfTaxIncludingPortionAttributableToNoncontrollingInterest>
<us-gaap:ProfitLoss decimals="-6" contextRef="D2008_ComprehensiveIncomeMember" unitRef="USD">1786000000</us-gaap:ProfitLoss>
<us-gaap:OtherComprehensiveIncomeLossNetOfTaxPeriodIncreaseDecrease decimals="-6" contextRef="D2008_ComprehensiveIncomeMember" unitRef="USD">776000000</us-gaap:OtherComprehensiveIncomeLossNetOfTaxPeriodIncreaseDecrease>
<us-gaap:ComprehensiveIncomeNetOfTaxIncludingPortionAttributableToNoncontrollingInterest decimals="-6" contextRef="D2008_ComprehensiveIncomeMember" unitRef="USD">2562000000</us-gaap:ComprehensiveIncomeNetOfTaxIncludingPortionAttributableToNoncontrollingInterest>
<us-gaap:ProfitLoss decimals="-6" contextRef="D2010_ComprehensiveIncomeMember" unitRef="USD">1919000000</us-gaap:ProfitLoss>
<us-gaap:OtherComprehensiveIncomeLossNetOfTaxPeriodIncreaseDecrease decimals="-6" contextRef="D2010_ComprehensiveIncomeMember" unitRef="USD">-544000000</us-gaap:OtherComprehensiveIncomeLossNetOfTaxPeriodIncreaseDecrease>
<us-gaap:ComprehensiveIncomeNetOfTaxIncludingPortionAttributableToNoncontrollingInterest decimals="-6" contextRef="D2010_ComprehensiveIncomeMember" unitRef="USD">1375000000</us-gaap:ComprehensiveIncomeNetOfTaxIncludingPortionAttributableToNoncontrollingInterest>
<us-gaap:ComprehensiveIncomeNetOfTaxIncludingPortionAttributableToNoncontrollingInterest decimals="-6" contextRef="D2010" unitRef="USD">1375000000</us-gaap:ComprehensiveIncomeNetOfTaxIncludingPortionAttributableToNoncontrollingInterest>
<us-gaap:DividendsCommonStockCash decimals="-6" contextRef="D2010_RetainedEarningsMember" unitRef="USD">372000000</us-gaap:DividendsCommonStockCash>
<us-gaap:DividendsCommonStockCash decimals="-6" contextRef="D2010" unitRef="USD">372000000</us-gaap:DividendsCommonStockCash>
<us-gaap:TreasuryStockValueAcquiredCostMethod decimals="-6" contextRef="D2010" unitRef="USD">100000000</us-gaap:TreasuryStockValueAcquiredCostMethod>
<us-gaap:StockholdersEquityOther decimals="-6" contextRef="D2010_RetainedEarningsMember" unitRef="USD">-21000000</us-gaap:StockholdersEquityOther>
<us-gaap:StockholdersEquityOther decimals="-6" contextRef="D2010_NoncontrollingInterestMember" unitRef="USD">-7000000</us-gaap:StockholdersEquityOther>
<us-gaap:StockholdersEquityOther decimals="-6" contextRef="D2010" unitRef="USD">-30000000</us-gaap:StockholdersEquityOther>
<us-gaap:OtherComprehensiveIncomeLossNetOfTaxPeriodIncreaseDecrease decimals="-6" contextRef="D2009_ComprehensiveIncomeMember" unitRef="USD">-1312000000</us-gaap:OtherComprehensiveIncomeLossNetOfTaxPeriodIncreaseDecrease>
<us-gaap:StockholdersEquityIncludingPortionAttributableToNoncontrollingInterest decimals="-6" contextRef="I2010" unitRef="USD">14631000000</us-gaap:StockholdersEquityIncludingPortionAttributableToNoncontrollingInterest>
<us-gaap:StockholdersEquityIncludingPortionAttributableToNoncontrollingInterest decimals="-6" contextRef="I2009" unitRef="USD">13653000000</us-gaap:StockholdersEquityIncludingPortionAttributableToNoncontrollingInterest>
<us-gaap:ProfitLoss decimals="-6" contextRef="D2010" unitRef="USD">1919000000</us-gaap:ProfitLoss>
<us-gaap:ProfitLoss decimals="-6" contextRef="D2009" unitRef="USD">1688000000</us-gaap:ProfitLoss>
<us-gaap:ProfitLoss decimals="-6" contextRef="D2008" unitRef="USD">1786000000</us-gaap:ProfitLoss>
<us-gaap:AdjustmentsToAdditionalPaidInCapitalSharebasedCompensationRequisiteServicePeriodRecognitionValue decimals="-6" contextRef="D2008_CommonStockMember" unitRef="USD">70000000</us-gaap:AdjustmentsToAdditionalPaidInCapitalSharebasedCompensationRequisiteServicePeriodRecognitionValue>
<us-gaap:AdjustmentsToAdditionalPaidInCapitalSharebasedCompensationRequisiteServicePeriodRecognitionValue decimals="-6" contextRef="D2008" unitRef="USD">70000000</us-gaap:AdjustmentsToAdditionalPaidInCapitalSharebasedCompensationRequisiteServicePeriodRecognitionValue>
<us-gaap:AdjustmentsToAdditionalPaidInCapitalSharebasedCompensationRequisiteServicePeriodRecognitionValue decimals="-6" contextRef="D2009_CommonStockMember" unitRef="USD">65000000</us-gaap:AdjustmentsToAdditionalPaidInCapitalSharebasedCompensationRequisiteServicePeriodRecognitionValue>
<us-gaap:AdjustmentsToAdditionalPaidInCapitalSharebasedCompensationRequisiteServicePeriodRecognitionValue decimals="-6" contextRef="D2009" unitRef="USD">65000000</us-gaap:AdjustmentsToAdditionalPaidInCapitalSharebasedCompensationRequisiteServicePeriodRecognitionValue>
<us-gaap:AdjustmentsToAdditionalPaidInCapitalSharebasedCompensationRequisiteServicePeriodRecognitionValue decimals="-6" contextRef="D2010_CommonStockMember" unitRef="USD">45000000</us-gaap:AdjustmentsToAdditionalPaidInCapitalSharebasedCompensationRequisiteServicePeriodRecognitionValue>
<us-gaap:AdjustmentsToAdditionalPaidInCapitalSharebasedCompensationRequisiteServicePeriodRecognitionValue decimals="-6" contextRef="D2010" unitRef="USD">45000000</us-gaap:AdjustmentsToAdditionalPaidInCapitalSharebasedCompensationRequisiteServicePeriodRecognitionValue>
<us-gaap:OtherComprehensiveIncomeLossNetOfTaxPeriodIncreaseDecrease decimals="-6" contextRef="D2010" unitRef="USD">-544000000</us-gaap:OtherComprehensiveIncomeLossNetOfTaxPeriodIncreaseDecrease>
<us-gaap:OtherComprehensiveIncomeLossNetOfTaxPeriodIncreaseDecrease decimals="-6" contextRef="D2009" unitRef="USD">-1312000000</us-gaap:OtherComprehensiveIncomeLossNetOfTaxPeriodIncreaseDecrease>
<us-gaap:OtherComprehensiveIncomeLossNetOfTaxPeriodIncreaseDecrease decimals="-6" contextRef="D2008" unitRef="USD">776000000</us-gaap:OtherComprehensiveIncomeLossNetOfTaxPeriodIncreaseDecrease>
<us-gaap:StockholdersEquityIncludingPortionAttributableToNoncontrollingInterest decimals="-6"
contextRef="Context_Instant_RetainedEarningsMember_ScenarioPreviouslyReportedMember"
unitRef="USD">10000000000</us-gaap:StockholdersEquityIncludingPortionAttributableToNoncontrollingInterest>
<us-gaap:StockholdersEquityIncludingPortionAttributableToNoncontrollingInterest decimals="-6"
contextRef="Context_Instant_RetainedEarningsMember_RestatementAdjustmentMember"
unitRef="USD">357000000</us-gaap:StockholdersEquityIncludingPortionAttributableToNoncontrollingInterest>
<us-gaap:StockholdersEquityIncludingPortionAttributableToNoncontrollingInterest decimals="-6"
contextRef="Context_Instant_FAS158Member_RetainedEarningsMember_RestatementAdjustmentMember"
unitRef="USD">100000000</us-gaap:StockholdersEquityIncludingPortionAttributableToNoncontrollingInterest>
<us-gaap:StockholdersEquityIncludingPortionAttributableToNoncontrollingInterest decimals="-6"
contextRef="Context_Instant_AccountingStandardsUpdate200908Member_RetainedEarningsMember_RestatementAdjustmentMember"
unitRef="USD">100000000</us-gaap:StockholdersEquityIncludingPortionAttributableToNoncontrollingInterest>
<us-gaap:StockholdersEquityIncludingPortionAttributableToNoncontrollingInterest decimals="-6"
contextRef="Context_Instant_SoftwareCostsErrorMember_RetainedEarningsMember_RestatementAdjustmentMember"
unitRef="USD">100000000</us-gaap:StockholdersEquityIncludingPortionAttributableToNoncontrollingInterest>
<us-gaap:StockholdersEquityIncludingPortionAttributableToNoncontrollingInterest decimals="-6"
contextRef="Context_Instant_InventoryValuationMethodMember_RetainedEarningsMember_RestatementAdjustmentMember"
unitRef="USD">57000000</us-gaap:StockholdersEquityIncludingPortionAttributableToNoncontrollingInterest>
<dei:DocumentType contextRef="D2010">8-K</dei:DocumentType>
<dei:AmendmentFlag contextRef="D2010">false</dei:AmendmentFlag>
<dei:EntityRegistrantName contextRef="D2010">RESTATED</dei:EntityRegistrantName>
<dei:EntityCentralIndexKey contextRef="D2010">9876543210</dei:EntityCentralIndexKey>
<dei:DocumentPeriodEndDate contextRef="D2010">2010-06-30</dei:DocumentPeriodEndDate>
<dei:DocumentFiscalYearFocus contextRef="D2010">2010</dei:DocumentFiscalYearFocus>
<dei:DocumentFiscalPeriodFocus contextRef="D2010">FY</dei:DocumentFiscalPeriodFocus>
</xbrli:xbrl>