<?xml version="1.0" encoding="US-ASCII"?>
<xbrli:xbrl xmlns:dei="http://xbrl.us/dei/2009-01-31"
xmlns:ixt="http://www.xbrl.org/2008/inlineXBRL/transformation"
xmlns:iso4217="http://www.xbrl.org/2003/iso4217"
xmlns:xbrli="http://www.xbrl.org/2003/instance"
xmlns:rr="http://xbrl.sec.gov/rr/2010-02-28"
xmlns:link="http://www.xbrl.org/2003/linkbase"
xmlns:xlink="http://www.w3.org/1999/xlink"
xmlns:xsi="http://www.w3.org/2001/XMLSchema-instance"
xmlns:xbrldt="http://xbrl.org/2005/xbrldt"
xmlns:xbrldi="http://xbrl.org/2006/xbrldi"
xmlns:embedding="http://embedding/20090501">
<link:schemaRef xlink:type="simple" xlink:href="embedding-20090501.xsd"/>
<dei:DocumentType contextRef="c">485BPOS</dei:DocumentType>
<dei:EntityRegistrantName contextRef="c">ALFALFA FUNDS</dei:EntityRegistrantName>
<dei:EntityCentralIndexKey contextRef="c">9876543210</dei:EntityCentralIndexKey>
<dei:AmendmentFlag contextRef="c">false</dei:AmendmentFlag>
<rr:RiskReturnHeading contextRef="c_S013456789">RISK/RETURN</rr:RiskReturnHeading>
<rr:ObjectiveHeading contextRef="c_S013456789">
Investment objective
</rr:ObjectiveHeading>
<rr:ObjectivePrimaryTextBlock contextRef="c_S013456789">
*** ****** ********** ********* ** ** ******* *** **** ********* ****** ** 
********
</rr:ObjectivePrimaryTextBlock>
<rr:ExpenseHeading contextRef="c_S013456789">
Fees and expenses of the fund
</rr:ExpenseHeading>
<rr:ExpenseNarrativeTextBlock contextRef="c_S013456789">
**** ***** ********* *** **** *** ******** **** *** *** *** ** *** *** *** **** 
****** ** *** ***** *** *** ******* *** ***** ****** ********* ** *** *** ****
****** ******* ** ***** ** 25,000 ** *** ******* ** ***** ******* ** *** ******* ******
****** **** *********** ***** ***** *** ***** ********* ** ********* **** **** 
********* ************ *** ** *** ****** ****** ********** *** ******** ******* 
** **** ** ** *** ****** *********** *** ** **** ** ** *** ****** ********* ** 
********** ************
</rr:ExpenseNarrativeTextBlock>
<rr:ExpenseBreakpointDiscounts contextRef="c_S013456789">*** *** ******* *** ***** ****** ********* ** *** *** ****
****** ******* ** ***** ** 25,000 ** *** ******* ** ***** ******* ** *** ******* ******</rr:ExpenseBreakpointDiscounts>
<rr:ExpenseBreakpointMinimumInvestmentRequiredAmount contextRef="c_S013456789" unitRef="USD" decimals="0">25000</rr:ExpenseBreakpointMinimumInvestmentRequiredAmount>
<rr:ShareholderFeesCaption contextRef="c_S013456789">
SHAREHOLDER FEES (PAID DIRECTLY FROM YOUR INVESTMENT)
</rr:ShareholderFeesCaption>
<rr:ShareholderFeesTableTextBlock contextRef="c_S013456789">~
http://xbrl.sec.gov/rr/role/ShareholderFeesData 
column rr_ProspectusShareClassAxis compact * 
row primary compact * ~ 
0
0
0.0000
0.0000
0.0000
0.0000
0
0
0
0.0000
0.0000
0.0000
10
10
10
</rr:ShareholderFeesTableTextBlock>
<rr:MaximumCumulativeSalesChargeOverOfferingPrice contextRef="c_S013456789_C012345601" unitRef="Ratio" decimals="INF">0</rr:MaximumCumulativeSalesChargeOverOfferingPrice>
<rr:MaximumCumulativeSalesChargeOverOfferingPrice contextRef="c_S013456789_C012345602" unitRef="Ratio" decimals="INF">0</rr:MaximumCumulativeSalesChargeOverOfferingPrice>
<rr:MaximumDeferredSalesChargeOverOther contextRef="c_S013456789_C012345600" unitRef="Ratio" decimals="INF">0.0000</rr:MaximumDeferredSalesChargeOverOther>
<rr:MaximumSalesChargeOnReinvestedDividendsAndDistributionsOverOther contextRef="c_S013456789_C012345600" unitRef="Ratio" decimals="INF">0.0000</rr:MaximumSalesChargeOnReinvestedDividendsAndDistributionsOverOther>
<rr:MaximumSalesChargeOnReinvestedDividendsAndDistributionsOverOther contextRef="c_S013456789_C012345601" unitRef="Ratio" decimals="INF">0.0000</rr:MaximumSalesChargeOnReinvestedDividendsAndDistributionsOverOther>
<rr:MaximumSalesChargeOnReinvestedDividendsAndDistributionsOverOther contextRef="c_S013456789_C012345602" unitRef="Ratio" decimals="INF">0.0000</rr:MaximumSalesChargeOnReinvestedDividendsAndDistributionsOverOther>
<rr:RedemptionFee contextRef="c_S013456789_C012345600" unitRef="USD" decimals="INF">0</rr:RedemptionFee>
<rr:RedemptionFee contextRef="c_S013456789_C012345601" unitRef="USD" decimals="INF">0</rr:RedemptionFee>
<rr:RedemptionFee contextRef="c_S013456789_C012345602" unitRef="USD" decimals="INF">0</rr:RedemptionFee>
<rr:ExchangeFeeOverRedemption contextRef="c_S013456789_C012345600" unitRef="Ratio" decimals="INF">0.0000</rr:ExchangeFeeOverRedemption>
<rr:ExchangeFeeOverRedemption contextRef="c_S013456789_C012345601" unitRef="Ratio" decimals="INF">0.0000</rr:ExchangeFeeOverRedemption>
<rr:ExchangeFeeOverRedemption contextRef="c_S013456789_C012345602" unitRef="Ratio" decimals="INF">0.0000</rr:ExchangeFeeOverRedemption>
<rr:MaximumAccountFee contextRef="c_S013456789_C012345600" unitRef="USD" decimals="0">10</rr:MaximumAccountFee>
<rr:MaximumAccountFee contextRef="c_S013456789_C012345601" unitRef="USD" decimals="0">10</rr:MaximumAccountFee>
<rr:MaximumAccountFee contextRef="c_S013456789_C012345602" unitRef="USD" decimals="0">10</rr:MaximumAccountFee>
<rr:MaximumCumulativeSalesChargeOverOfferingPrice contextRef="c_S013456789_C012345600" unitRef="Ratio" decimals="INF">0.0475</rr:MaximumCumulativeSalesChargeOverOfferingPrice>
<rr:MaximumDeferredSalesChargeOverOther contextRef="c_S013456789_C012345601" unitRef="Ratio" decimals="INF">0.0400</rr:MaximumDeferredSalesChargeOverOther>
<rr:MaximumDeferredSalesChargeOverOther contextRef="c_S013456789_C012345602" unitRef="Ratio" decimals="INF">0.0100</rr:MaximumDeferredSalesChargeOverOther>
<rr:OperatingExpensesCaption contextRef="c_S013456789">
ANNUAL FUND OPERATING EXPENSES (EXPENSES THAT YOU PAY EACH YEAR AS A
PERCENTAGE OF THE VALUE OF YOUR INVESTMENT)
</rr:OperatingExpensesCaption>
<rr:AnnualFundOperatingExpensesTableTextBlock contextRef="c_S013456789">
~ http://xbrl.sec.gov/rr/role/OperatingExpensesData 
column rr_ProspectusShareClassAxis compact * 
row primary compact * ~
</rr:AnnualFundOperatingExpensesTableTextBlock>
<rr:ManagementFeesOverAssets contextRef="c_S013456789_C012345600" unitRef="Ratio" decimals="INF">0.0028</rr:ManagementFeesOverAssets>
<rr:ManagementFeesOverAssets contextRef="c_S013456789_C012345601" unitRef="Ratio" decimals="INF">0.0028</rr:ManagementFeesOverAssets>
<rr:ManagementFeesOverAssets contextRef="c_S013456789_C012345602" unitRef="Ratio" decimals="INF">0.0028</rr:ManagementFeesOverAssets>
<rr:DistributionAndService12b1FeesOverAssets contextRef="c_S013456789_C012345600" unitRef="Ratio" decimals="INF">0.0028</rr:DistributionAndService12b1FeesOverAssets>
<rr:DistributionAndService12b1FeesOverAssets contextRef="c_S013456789_C012345601" unitRef="Ratio" decimals="INF">0.0100</rr:DistributionAndService12b1FeesOverAssets>
<rr:DistributionAndService12b1FeesOverAssets contextRef="c_S013456789_C012345602" unitRef="Ratio" decimals="INF">0.0100</rr:DistributionAndService12b1FeesOverAssets>
<rr:OtherExpensesOverAssets contextRef="c_S013456789_C012345600" unitRef="Ratio" decimals="INF">0.0013</rr:OtherExpensesOverAssets>
<rr:OtherExpensesOverAssets contextRef="c_S013456789_C012345601" unitRef="Ratio" decimals="INF">0.0012</rr:OtherExpensesOverAssets>
<rr:OtherExpensesOverAssets contextRef="c_S013456789_C012345602" unitRef="Ratio" decimals="INF">0.0014</rr:OtherExpensesOverAssets>
<rr:ExpensesOverAssets contextRef="c_S013456789_C012345600" unitRef="Ratio" decimals="INF">0.0069</rr:ExpensesOverAssets>
<rr:ExpensesOverAssets contextRef="c_S013456789_C012345601" unitRef="Ratio" decimals="INF">0.0140</rr:ExpensesOverAssets>
<rr:ExpensesOverAssets contextRef="c_S013456789_C012345602" unitRef="Ratio" decimals="INF">0.0142</rr:ExpensesOverAssets>
<rr:OtherExpensesNewFundBasedOnEstimates contextRef="c_S013456789">Based on estimated amounts for the current fiscal year.</rr:OtherExpensesNewFundBasedOnEstimates>
<rr:ExpenseExampleHeading contextRef="c_S013456789">
EXAMPLE
</rr:ExpenseExampleHeading>
<rr:ExpenseExampleNarrativeTextBlock contextRef="c_S013456789">
**** ******* ** ******** ** **** *** ******* *** **** ** ********* ** *** **** **** 
*** **** ** ********* ** ***** ****** ****** 

*** ******* ******* **** *** ****** ******* ** *** **** *** *** **** ******* 
********* *** **** ****** *** ** **** ****** ** *** *** ** ***** ******** *** 
******* **** *******  **** **** ********** *** * ** ****** **** ***** **** *** 
********* *** ******* **** ************* *** *********** **** *** *** *** 
******* ******* ** ********** ******** ***** ******* *** **** *** ****** 
********* ******** ****** *** ***** ******** **** ****** ***** *** ** ****** ** 
****** ***** ** ***** ************ **** ***** ***** ***
</rr:ExpenseExampleNarrativeTextBlock>
<rr:ExpenseExampleWithRedemptionTableTextBlock contextRef="c_S013456789">
~ http://xbrl.sec.gov/rr/role/ExpenseExample 
column rr_ProspectusShareClassAxis compact * 
row primary compact * ~
</rr:ExpenseExampleWithRedemptionTableTextBlock>
<rr:ExpenseExampleYear01 contextRef="c_S013456789_C012345600" unitRef="USD" decimals="0">542</rr:ExpenseExampleYear01>
<rr:ExpenseExampleYear03 contextRef="c_S013456789_C012345600" unitRef="USD" decimals="0">686</rr:ExpenseExampleYear03>
<rr:ExpenseExampleYear05 contextRef="c_S013456789_C012345600" unitRef="USD" decimals="0">842</rr:ExpenseExampleYear05>
<rr:ExpenseExampleYear10 contextRef="c_S013456789_C012345600" unitRef="USD" decimals="0">1295</rr:ExpenseExampleYear10>
<rr:ExpenseExampleYear01 contextRef="c_S013456789_C012345601" unitRef="USD" decimals="0">557</rr:ExpenseExampleYear01>
<rr:ExpenseExampleYear03 contextRef="c_S013456789_C012345601" unitRef="USD" decimals="0">888</rr:ExpenseExampleYear03>
<rr:ExpenseExampleYear05 contextRef="c_S013456789_C012345601" unitRef="USD" decimals="0">1243</rr:ExpenseExampleYear05>
<rr:ExpenseExampleYear10 contextRef="c_S013456789_C012345601" unitRef="USD" decimals="0">2246</rr:ExpenseExampleYear10>
<rr:ExpenseExampleYear01 contextRef="c_S013456789_C012345602" unitRef="USD" decimals="0">248</rr:ExpenseExampleYear01>
<rr:ExpenseExampleYear03 contextRef="c_S013456789_C012345602" unitRef="USD" decimals="0">561</rr:ExpenseExampleYear03>
<rr:ExpenseExampleYear05 contextRef="c_S013456789_C012345602" unitRef="USD" decimals="0">896</rr:ExpenseExampleYear05>
<rr:ExpenseExampleYear10 contextRef="c_S013456789_C012345602" unitRef="USD" decimals="0">1843</rr:ExpenseExampleYear10>
<rr:ExpenseExampleNoRedemptionNarrativeTextBlock contextRef="c_S013456789">
For the share classes listed below you would pay the following if you did not
redeem your shares:
</rr:ExpenseExampleNoRedemptionNarrativeTextBlock>
<rr:ExpenseExampleNoRedemptionTableTextBlock contextRef="c_S013456789">
~ http://xbrl.sec.gov/rr/role/ExpenseExampleNoRedemption 
column primary compact * 
row rr_ProspectusShareClassAxis compact * ~
</rr:ExpenseExampleNoRedemptionTableTextBlock>
<rr:ExpenseExampleNoRedemptionYear01 contextRef="c_S013456789_C012345601" unitRef="USD" decimals="0">143</rr:ExpenseExampleNoRedemptionYear01>
<rr:ExpenseExampleNoRedemptionYear03 contextRef="c_S013456789_C012345601" unitRef="USD" decimals="0">444</rr:ExpenseExampleNoRedemptionYear03>
<rr:ExpenseExampleNoRedemptionYear05 contextRef="c_S013456789_C012345601" unitRef="USD" decimals="0">767</rr:ExpenseExampleNoRedemptionYear05>
<rr:ExpenseExampleNoRedemptionYear10 contextRef="c_S013456789_C012345601" unitRef="USD" decimals="0">1679</rr:ExpenseExampleNoRedemptionYear10>
<rr:ExpenseExampleNoRedemptionYear01 contextRef="c_S013456789_C012345602" unitRef="USD" decimals="0">145</rr:ExpenseExampleNoRedemptionYear01>
<rr:ExpenseExampleNoRedemptionYear03 contextRef="c_S013456789_C012345602" unitRef="USD" decimals="0">450</rr:ExpenseExampleNoRedemptionYear03>
<rr:ExpenseExampleNoRedemptionYear05 contextRef="c_S013456789_C012345602" unitRef="USD" decimals="0">777</rr:ExpenseExampleNoRedemptionYear05>
<rr:ExpenseExampleNoRedemptionYear10 contextRef="c_S013456789_C012345602" unitRef="USD" decimals="0">1701</rr:ExpenseExampleNoRedemptionYear10>
<rr:PortfolioTurnoverHeading contextRef="c_S013456789">
Portfolio turnover
</rr:PortfolioTurnoverHeading>
<rr:PortfolioTurnoverTextBlock contextRef="c_S013456789">
*** **** **** *********** ****** **** ** ************ **** ** **** *** ***** 
********** *** ****** ***** *** *********** * ****** ********* ******** **** *** 
******** ****** *********** ***** *** *** ****** ** ****** ***** **** **** 
****** *** **** ** * ******* ******** ***** ****** ***** *** *** ********* ** 
****** **** ********* ******** ** ** *** ******** ****** *** ****** ************ 
****** *** **** ****** ****** ***** *** ****** ********* ******** **** *** 23% 
** *** ******* ***** ** *** **********
</rr:PortfolioTurnoverTextBlock>
<rr:PortfolioTurnoverRate contextRef="c_S013456789" unitRef="Ratio" decimals="INF">0.23</rr:PortfolioTurnoverRate>
<rr:StrategyHeading contextRef="c_S013456789">
Principal investment strategies
</rr:StrategyHeading>
<rr:StrategyNarrativeTextBlock contextRef="c_S013456789">
*** **** ******* ********* ** ****** ****** ** ******* ******* ** *** **** **** 
* ****** ** ************* ********* *******
</rr:StrategyNarrativeTextBlock>
<rr:StrategyPortfolioConcentration contextRef="c_S013456789">** ******* ******* ** *** **** **** 
* ****** ** *************</rr:StrategyPortfolioConcentration>
<rr:RiskHeading contextRef="c_S013456789">
Principal risks
</rr:RiskHeading>
<rr:RiskNarrativeTextBlock contextRef="c_S013456789">

*** *** **** ***** ** ********* ** *** ***** *** ********** ** **** *** ** 
******* ** *** ****** *** * ******* ****** ** *****

********* ** *** **** ****** **** * ********* *********** **** *** ******** ** 
**** ** ******** *********** ****** ********** ******** ** ******

*** ****** ** ********** **** ** *** **** *** ******* ** ******** ** ******* 
****** ****** ***** ****** *** ****** ********* ***** ******** ********* *** 
********* ***** ********** *** ***** ** *** ***** ********** ********* *** 
******* ******** ******* ****** ******** ****** ******** ** ****** ********** 
****** ** ******** ************ *** ********* ******** **** *** ********* ***** 
*************

**** ********** ** *** **** ** *** * **** ******* *** ** *** ******* ** 
********** ** *** ******* ******* ********* *********** ** *** ***** ********** 
******* ****** ** *******
</rr:RiskNarrativeTextBlock>
<rr:RiskLoseMoney contextRef="c_S013456789">
*** *** **** ***** ** ********* ** *** *****</rr:RiskLoseMoney>
<rr:RiskNotInsuredDepositoryInstitution contextRef="c_S013456789">
**** ********** ** *** **** ** *** * **** ******* *** ** *** ******* ** 
********** ** *** ******* ******* ********* *********** ** *** ***** ********** 
******* ****** ** *******</rr:RiskNotInsuredDepositoryInstitution>
<rr:BarChartAndPerformanceTableHeading contextRef="c_S013456789">
Investment results
</rr:BarChartAndPerformanceTableHeading>
<rr:PerformanceNarrativeTextBlock contextRef="c_S013456789">
*** *** ***** ***** ***** *** *** ****** ********** ******* **** ****** **** 
**** *********** ******** **** ********** ** *** ***** ** ********* ** *** *****
******* ****** ***** ******* *** ******* ******* ******* **** ********* ***** 
******** ** ****** ************ **** *********** ******** **** ********** ** *** 
***** ** ********* ** *** ***** *** **** ******* ******* *** ************ ** 
********* *** ******* **** ************** ** **** ****** ********* ****** **** 
******* ******* *** *** ******* ****** ******* ************** ** ****** ****** 
*** ****** ********** **** ******* ******* *** **** ******* ******* *** ***** ****** *** *** ********** 
** ****** ********
</rr:PerformanceNarrativeTextBlock>
<rr:PerformanceInformationIllustratesVariabilityOfReturns contextRef="c_S013456789">**** *********** ******** **** ********** ** *** ***** ** ********* ** *** *****</rr:PerformanceInformationIllustratesVariabilityOfReturns>
<rr:PerformancePastDoesNotIndicateFuture contextRef="c_S013456789">**** ******* ******* *** ***** ****** *** *** ********** 
** ****** ********</rr:PerformancePastDoesNotIndicateFuture>
<rr:BarChartHeading contextRef="c_S013456789">
Calendar year total returns for Class A shares  
(Results do not include a sales charge)
</rr:BarChartHeading>
<rr:BarChartDoesNotReflectSalesLoads contextRef="c_S013456789">(Results do not include a sales charge)</rr:BarChartDoesNotReflectSalesLoads>
<rr:BarChartTableTextBlock contextRef="c_S013456789">
~ http://xbrl.sec.gov/rr/role/BarChartData 
column rr_ProspectusShareClassAxis 
compact * row primary compact * ~
</rr:BarChartTableTextBlock>
<rr:AnnualReturn1999 contextRef="c_S013456789_C012345600" unitRef="Ratio" decimals="INF">0.1878</rr:AnnualReturn1999>
<rr:AnnualReturn2000 contextRef="c_S013456789_C012345600" unitRef="Ratio" decimals="INF">0.0650</rr:AnnualReturn2000>
<rr:AnnualReturn2001 contextRef="c_S013456789_C012345600" unitRef="Ratio" decimals="INF">-0.0401</rr:AnnualReturn2001>
<rr:AnnualReturn2002 contextRef="c_S013456789_C012345600" unitRef="Ratio" decimals="INF">-0.1766</rr:AnnualReturn2002>
<rr:AnnualReturn2003 contextRef="c_S013456789_C012345600" unitRef="Ratio" decimals="INF">0.2864</rr:AnnualReturn2003>
<rr:AnnualReturn2004 contextRef="c_S013456789_C012345600" unitRef="Ratio" decimals="INF">0.0880</rr:AnnualReturn2004>
<rr:AnnualReturn2005 contextRef="c_S013456789_C012345600" unitRef="Ratio" decimals="INF">0.0598</rr:AnnualReturn2005>
<rr:AnnualReturn2006 contextRef="c_S013456789_C012345600" unitRef="Ratio" decimals="INF">0.0763</rr:AnnualReturn2006>
<rr:AnnualReturn2007 contextRef="c_S013456789_C012345600" unitRef="Ratio" decimals="INF">0.0650</rr:AnnualReturn2007>
<rr:AnnualReturn2008 contextRef="c_S013456789_C012345600" unitRef="Ratio" decimals="INF">-0.3868</rr:AnnualReturn2008>
<rr:BarChartClosingTextBlock contextRef="c_S013456789">
*** ****** ***** ****** *** *** ***** ****** ***** ***** *** **** *** *******  

*** ************** ********* ******* ****** **** **** ****** ***** **** *** 
******* ***** **** *** ***** ****** *** **** *** ******* ***** ******** *** 
***** ********
</rr:BarChartClosingTextBlock>
<rr:BarChartHighestQuarterlyReturn contextRef="c_S013456789_C012345600" unitRef="Ratio" decimals="INF">0.1562</rr:BarChartHighestQuarterlyReturn>
<rr:HighestQuarterlyReturnLabel contextRef="c_S013456789_C012345600">(quarter ended June 30, 2003)</rr:HighestQuarterlyReturnLabel>
<rr:BarChartHighestQuarterlyReturnDate contextRef="c_S013456789_C012345600">2003-06-30</rr:BarChartHighestQuarterlyReturnDate>
<rr:BarChartLowestQuarterlyReturn contextRef="c_S013456789_C012345600" unitRef="Ratio" decimals="INF">-0.2253</rr:BarChartLowestQuarterlyReturn>
<rr:LowestQuarterlyReturnLabel contextRef="c_S013456789_C012345600">(quarter ended December 31, 2008)</rr:LowestQuarterlyReturnLabel>
<rr:BarChartLowestQuarterlyReturnDate contextRef="c_S013456789_C012345600">2008-12-31</rr:BarChartLowestQuarterlyReturnDate>
<rr:YearToDateReturnLabel contextRef="c_S013456789_C012345600">
The fund's total return for the three months ended March 31, 2009</rr:YearToDateReturnLabel>
<dei:DocumentPeriodEndDate contextRef="c">2009-03-31</dei:DocumentPeriodEndDate>
<rr:BarChartYearToDateReturn contextRef="c_S013456789_C012345600" unitRef="Ratio" decimals="INF">-0.0505</rr:BarChartYearToDateReturn>
<rr:PerformanceTableDoesReflectSalesLoads contextRef="c_S013456789">(WITH MAXIMUM SALES CHARGES)</rr:PerformanceTableDoesReflectSalesLoads>
<rr:PerformanceTableHeading contextRef="c_S013456789">
AVERAGE ANNUAL TOTAL RETURNS FOR PERIODS ENDED DECEMBER 31, 2008:
</rr:PerformanceTableHeading>
<rr:PerformanceTableTextBlock contextRef="c_S013456789">
~ http://xbrl.sec.gov/rr/role/PerformanceTableData 
column dei_LegalEntityAxis compact * 
column rr_ProspectusShareClassAxiss compact * 
column rr_PerformanceMeasureAxis compact * 
row primary compact * ~
</rr:PerformanceTableTextBlock>
<rr:AverageAnnualReturnInceptionDate contextRef="c_S013456789_C012345600">1976-05-01</rr:AverageAnnualReturnInceptionDate>
<rr:AverageAnnualReturnYear01 contextRef="c_S013456789_C012345600" unitRef="Ratio" decimals="INF">-0.4026</rr:AverageAnnualReturnYear01>
<rr:AverageAnnualReturnYear05 contextRef="c_S013456789_C012345600" unitRef="Ratio" decimals="INF">-0.0423</rr:AverageAnnualReturnYear05>
<rr:AverageAnnualReturnYear10 contextRef="c_S013456789_C012345600" unitRef="Ratio" decimals="INF">0.0088</rr:AverageAnnualReturnYear10>
<rr:AverageAnnualReturnSinceInception contextRef="c_S013456789_C012345600" unitRef="Ratio" decimals="INF">0.1050</rr:AverageAnnualReturnSinceInception>
<rr:AverageAnnualReturnYear01 contextRef="c_S013456789_C012345600_AfterTaxesOnDistributions" unitRef="Ratio"
decimals="INF">-0.4071</rr:AverageAnnualReturnYear01>
<rr:AverageAnnualReturnYear05 contextRef="c_S013456789_C012345600_AfterTaxesOnDistributions" unitRef="Ratio"
decimals="INF">-0.0473</rr:AverageAnnualReturnYear05>
<rr:AverageAnnualReturnYear10 contextRef="c_S013456789_C012345600_AfterTaxesOnDistributions" unitRef="Ratio"
decimals="INF">-0.0037</rr:AverageAnnualReturnYear10>
<rr:AverageAnnualReturnSinceInception contextRef="c_S013456789_C012345600_AfterTaxesOnDistributions" unitRef="Ratio"
xsi:nil="true"/>
<rr:AverageAnnualReturnYear01 contextRef="c_S013456789_C012345600_AfterTaxesOnDistributionsAndSales"
unitRef="Ratio"
decimals="INF">-0.2607</rr:AverageAnnualReturnYear01>
<rr:AverageAnnualReturnYear05 contextRef="c_S013456789_C012345600_AfterTaxesOnDistributionsAndSales"
unitRef="Ratio"
decimals="INF">-0.0331</rr:AverageAnnualReturnYear05>
<rr:AverageAnnualReturnYear10 contextRef="c_S013456789_C012345600_AfterTaxesOnDistributionsAndSales"
unitRef="Ratio"
decimals="INF">0.0043</rr:AverageAnnualReturnYear10>
<rr:AverageAnnualReturnSinceInception contextRef="c_S013456789_C012345600_AfterTaxesOnDistributionsAndSales"
unitRef="Ratio"
xsi:nil="true"/>
<rr:AverageAnnualReturnInceptionDate contextRef="c_S013456789_C012345601">2099-03-15</rr:AverageAnnualReturnInceptionDate>
<rr:AverageAnnualReturnYear01 contextRef="c_S013456789_C012345601" unitRef="Ratio" decimals="INF">-0.4112</rr:AverageAnnualReturnYear01>
<rr:AverageAnnualReturnYear05 contextRef="c_S013456789_C012345601" unitRef="Ratio" decimals="INF">-0.0416</rr:AverageAnnualReturnYear05>
<rr:AverageAnnualReturnSinceInception contextRef="c_S013456789_C012345601" unitRef="Ratio" decimals="INF">-0.0180</rr:AverageAnnualReturnSinceInception>
<rr:AverageAnnualReturnInceptionDate contextRef="c_S013456789_C012345602">2000-03-03</rr:AverageAnnualReturnInceptionDate>
<rr:AverageAnnualReturnYear01 contextRef="c_S013456789_C012345602" unitRef="Ratio" decimals="INF">-0.3786</rr:AverageAnnualReturnYear01>
<rr:AverageAnnualReturnYear05 contextRef="c_S013456789_C012345602" unitRef="Ratio" decimals="INF">-0.0389</rr:AverageAnnualReturnYear05>
<rr:AverageAnnualReturnSinceInception contextRef="c_S013456789_C012345602" unitRef="Ratio" decimals="INF">-0.0194</rr:AverageAnnualReturnSinceInception>
<rr:AverageAnnualReturnYear01 contextRef="c_S013456789__SnPIndex" unitRef="Ratio" decimals="INF">-0.3699</rr:AverageAnnualReturnYear01>
<rr:AverageAnnualReturnYear05 contextRef="c_S013456789__SnPIndex" unitRef="Ratio" decimals="INF">-0.0219</rr:AverageAnnualReturnYear05>
<rr:AverageAnnualReturnYear10 contextRef="c_S013456789__SnPIndex" unitRef="Ratio" decimals="INF">-0.0138</rr:AverageAnnualReturnYear10>
<rr:AverageAnnualReturnSinceInception contextRef="c_S013456789__SnPIndex" unitRef="Ratio" decimals="INF">0.0901</rr:AverageAnnualReturnSinceInception>
<rr:PerformanceTableClosingTextBlock contextRef="c_S013456789">
********* ******* *** ***** **** *** ***** * ******* ********* ******* *** ***** 
***** ******* **** ***** ********* ******* *** ********** ***** *** ******* ********** ******* ****** 
*** ***** ** ****** ****** **** **** ** *** ******* ***** **** ** *** ******* 
***** *** ** *** ******* *** ****** ** ***** *** ***** ****** **** ****** 
********* ******* ****** ** **** ********** *** ********* *** ****** **** ****** 
**** *** ******* ***** ****** ** ********* ********* ******* *** *** ** ********
** *** **** **** **** ****** ******* * ************ ************ **** ** * ****** 
***** ********** ********** ******* ***** ** *** ******* ******* ****</rr:PerformanceTableClosingTextBlock>
<rr:PerformanceTableUsesHighestFederalRate contextRef="c_S013456789">********* ******* *** ********** ***** *** ******* ********** ******* ****** 
*** ***** ** ****** ****** **** **** ** *** ******* *****</rr:PerformanceTableUsesHighestFederalRate>
<rr:PerformanceTableNotRelevantToTaxDeferred contextRef="c_S013456789">********* ******* *** *** ** ********
** *** **** **** **** ****** ******* * ************ ************ **** ** * ****** 
***** ********** ********** ******* ***** ** *** ******* ******* ****</rr:PerformanceTableNotRelevantToTaxDeferred>
<xbrli:context id="c">
<xbrli:entity>
<xbrli:identifier scheme="http://www.sec.gov/CIK">9876543210</xbrli:identifier>
</xbrli:entity>
<xbrli:period>
<xbrli:startDate>2009-05-01</xbrli:startDate>
<xbrli:endDate>2009-05-01</xbrli:endDate>
</xbrli:period>
</xbrli:context>
<xbrli:context id="c_S013456789">
<xbrli:entity>
<xbrli:identifier scheme="http://www.sec.gov/CIK">9876543210</xbrli:identifier>
<xbrli:segment>
<xbrldi:explicitMember dimension="dei:LegalEntityAxis">embedding:S013456789Member</xbrldi:explicitMember>
</xbrli:segment>
</xbrli:entity>
<xbrli:period>
<xbrli:startDate>2009-05-01</xbrli:startDate>
<xbrli:endDate>2009-05-01</xbrli:endDate>
</xbrli:period>
</xbrli:context>
<xbrli:context id="c_S013456789_C012345600">
<xbrli:entity>
<xbrli:identifier scheme="http://www.sec.gov/CIK">9876543210</xbrli:identifier>
<xbrli:segment>
<xbrldi:explicitMember dimension="dei:LegalEntityAxis">embedding:S013456789Member</xbrldi:explicitMember>
<xbrldi:explicitMember dimension="rr:ProspectusShareClassAxis">embedding:C012345600Member</xbrldi:explicitMember>
</xbrli:segment>
</xbrli:entity>
<xbrli:period>
<xbrli:startDate>2009-05-01</xbrli:startDate>
<xbrli:endDate>2009-05-01</xbrli:endDate>
</xbrli:period>
</xbrli:context>
<xbrli:context id="c_S013456789_C012345601">
<xbrli:entity>
<xbrli:identifier scheme="http://www.sec.gov/CIK">9876543210</xbrli:identifier>
<xbrli:segment>
<xbrldi:explicitMember dimension="dei:LegalEntityAxis">embedding:S013456789Member</xbrldi:explicitMember>
<xbrldi:explicitMember dimension="rr:ProspectusShareClassAxis">embedding:C012345601Member</xbrldi:explicitMember>
</xbrli:segment>
</xbrli:entity>
<xbrli:period>
<xbrli:startDate>2009-05-01</xbrli:startDate>
<xbrli:endDate>2009-05-01</xbrli:endDate>
</xbrli:period>
</xbrli:context>
<xbrli:context id="c_S013456789_C012345602">
<xbrli:entity>
<xbrli:identifier scheme="http://www.sec.gov/CIK">9876543210</xbrli:identifier>
<xbrli:segment>
<xbrldi:explicitMember dimension="dei:LegalEntityAxis">embedding:S013456789Member</xbrldi:explicitMember>
<xbrldi:explicitMember dimension="rr:ProspectusShareClassAxis">embedding:C012345602Member</xbrldi:explicitMember>
</xbrli:segment>
</xbrli:entity>
<xbrli:period>
<xbrli:startDate>2009-05-01</xbrli:startDate>
<xbrli:endDate>2009-05-01</xbrli:endDate>
</xbrli:period>
</xbrli:context>
<xbrli:context id="c_S013456789_C012345600_AfterTaxesOnDistributions">
<xbrli:entity>
<xbrli:identifier scheme="http://www.sec.gov/CIK">9876543210</xbrli:identifier>
<xbrli:segment>
<xbrldi:explicitMember dimension="dei:LegalEntityAxis">embedding:S013456789Member</xbrldi:explicitMember>
<xbrldi:explicitMember dimension="rr:ProspectusShareClassAxis">embedding:C012345600Member</xbrldi:explicitMember>
<xbrldi:explicitMember dimension="rr:PerformanceMeasureAxis">rr:AfterTaxesOnDistributionsMember</xbrldi:explicitMember>
</xbrli:segment>
</xbrli:entity>
<xbrli:period>
<xbrli:startDate>2009-05-01</xbrli:startDate>
<xbrli:endDate>2009-05-01</xbrli:endDate>
</xbrli:period>
</xbrli:context>
<xbrli:context id="c_S013456789_C012345600_AfterTaxesOnDistributionsAndSales">
<xbrli:entity>
<xbrli:identifier scheme="http://www.sec.gov/CIK">9876543210</xbrli:identifier>
<xbrli:segment>
<xbrldi:explicitMember dimension="dei:LegalEntityAxis">embedding:S013456789Member</xbrldi:explicitMember>
<xbrldi:explicitMember dimension="rr:ProspectusShareClassAxis">embedding:C012345600Member</xbrldi:explicitMember>
<xbrldi:explicitMember dimension="rr:PerformanceMeasureAxis">rr:AfterTaxesOnDistributionsAndSalesMember</xbrldi:explicitMember>
</xbrli:segment>
</xbrli:entity>
<xbrli:period>
<xbrli:startDate>2009-05-01</xbrli:startDate>
<xbrli:endDate>2009-05-01</xbrli:endDate>
</xbrli:period>
</xbrli:context>
<xbrli:context id="c_S013456789__SnPIndex">
<xbrli:entity>
<xbrli:identifier scheme="http://www.sec.gov/CIK">9876543210</xbrli:identifier>
<xbrli:segment>
<xbrldi:explicitMember dimension="dei:LegalEntityAxis">embedding:S013456789Member</xbrldi:explicitMember>
<xbrldi:explicitMember dimension="rr:PerformanceMeasureAxis">embedding:SnPIndexMember</xbrldi:explicitMember>
</xbrli:segment>
</xbrli:entity>
<xbrli:period>
<xbrli:startDate>2009-05-01</xbrli:startDate>
<xbrli:endDate>2009-05-01</xbrli:endDate>
</xbrli:period>
</xbrli:context>
<xbrli:unit id="USD">
<xbrli:measure>iso4217:USD</xbrli:measure>
</xbrli:unit>
<xbrli:unit id="Ratio">
<xbrli:measure>xbrli:pure</xbrli:measure>
</xbrli:unit>
</xbrli:xbrl>