<?xml version="1.0" encoding="US-ASCII"?>
<link:linkbase xmlns:embedding="http://embedding/20090501"
xmlns:link="http://www.xbrl.org/2003/linkbase"
xmlns:us-types="http://xbrl.us/us-types/2009-01-31"
xmlns:xbrldt="http://xbrl.org/2005/xbrldt"
xmlns:rr="http://xbrl.sec.gov/rr/2010-02-28"
xmlns:dei="http://xbrl.us/dei/2009-01-31"
xmlns:xbrldi="http://xbrl.org/2006/xbrldi"
xmlns:xsi="http://www.w3.org/2001/XMLSchema-instance"
xmlns:xbrli="http://www.xbrl.org/2003/instance"
xmlns:iso4217="http://www.xbrl.org/2003/iso4217"
xmlns:xlink="http://www.w3.org/1999/xlink">
<link:roleRef roleURI="http://xbrl.sec.gov/rr/role/Series" xlink:type="simple"
xlink:href="http://xbrl.sec.gov/rr/2010/rr-2010-02-28.xsd#SeriesOnly"/>
<link:roleRef roleURI="http://xbrl.sec.gov/rr/role/Class" xlink:type="simple"
xlink:href="http://xbrl.sec.gov/rr/2010/rr-2010-02-28.xsd#ClassOnly"/>
<link:roleRef roleURI="http://xbrl.sec.gov/rr/role/PerformanceMeasure" xlink:type="simple"
xlink:href="http://xbrl.sec.gov/rr/2010/rr-2010-02-28.xsd#PerformanceMeasureOnly"/>
<link:roleRef roleURI="http://xbrl.sec.gov/rr/role/Prospectus" xlink:type="simple"
xlink:href="http://xbrl.sec.gov/rr/2010/rr-2010-02-28.xsd#ProspectusOnly"/>
<link:roleRef roleURI="http://xbrl.sec.gov/rr/role/ExpenseExample" xlink:type="simple"
xlink:href="http://xbrl.sec.gov/rr/2010/rr-2010-02-28.xsd#ExpenseExample"/>
<link:roleRef roleURI="http://xbrl.sec.gov/rr/role/ExpenseExampleNoRedemption"
xlink:type="simple"
xlink:href="http://xbrl.sec.gov/rr/2010/rr-2010-02-28.xsd#ExpenseExampleNoRedemption"/>
<link:presentationLink xlink:type="extended" xlink:role="http://xbrl.sec.gov/rr/role/ExpenseExample">
<link:loc xlink:type="locator"
xlink:href="http://xbrl.sec.gov/rr/2010/rr-2010-02-28.xsd#rr_ExpenseExampleAbstract"
xlink:label="ExpenseExampleAbstract"/>
<link:loc xlink:type="locator"
xlink:href="http://xbrl.sec.gov/rr/2010/rr-2010-02-28.xsd#rr_ExpenseExampleYear01"
xlink:label="ExpenseExampleYear01"/>
<link:loc xlink:type="locator"
xlink:href="http://xbrl.sec.gov/rr/2010/rr-2010-02-28.xsd#rr_ExpenseExampleYear03"
xlink:label="ExpenseExampleYear03"/>
<link:loc xlink:type="locator"
xlink:href="http://xbrl.sec.gov/rr/2010/rr-2010-02-28.xsd#rr_ExpenseExampleYear05"
xlink:label="ExpenseExampleYear05"/>
<link:loc xlink:type="locator"
xlink:href="http://xbrl.sec.gov/rr/2010/rr-2010-02-28.xsd#rr_ExpenseExampleYear10"
xlink:label="ExpenseExampleYear10"/>
<link:presentationArc xlink:type="arc" xlink:arcrole="http://www.xbrl.org/2003/arcrole/parent-child"
xlink:from="ExpenseExampleAbstract"
xlink:to="ExpenseExampleYear01"
use="prohibited"
priority="0"
order="2.0"/>
<link:presentationArc xlink:type="arc" xlink:arcrole="http://www.xbrl.org/2003/arcrole/parent-child"
xlink:from="ExpenseExampleAbstract"
xlink:to="ExpenseExampleYear03"
use="prohibited"
priority="0"
order="3.0"/>
<link:presentationArc xlink:type="arc" xlink:arcrole="http://www.xbrl.org/2003/arcrole/parent-child"
xlink:from="ExpenseExampleAbstract"
xlink:to="ExpenseExampleYear05"
use="prohibited"
priority="0"
order="4.0"/>
<link:presentationArc xlink:type="arc" xlink:arcrole="http://www.xbrl.org/2003/arcrole/parent-child"
xlink:from="ExpenseExampleAbstract"
xlink:to="ExpenseExampleYear10"
use="prohibited"
priority="0"
order="5.0"/>
</link:presentationLink>
<link:presentationLink xlink:type="extended" xlink:role="http://xbrl.sec.gov/rr/role/ExpenseExample">
<link:loc xlink:type="locator"
xlink:href="http://xbrl.sec.gov/rr/2010/rr-2010-02-28.xsd#rr_ExpenseExampleAbstract"
xlink:label="ExpenseExampleAbstract"/>
<link:loc xlink:type="locator"
xlink:href="http://xbrl.sec.gov/rr/2010/rr-2010-02-28.xsd#rr_ExpenseExampleYear01"
xlink:label="ExpenseExampleYear01"/>
<link:loc xlink:type="locator"
xlink:href="http://xbrl.sec.gov/rr/2010/rr-2010-02-28.xsd#rr_ExpenseExampleYear03"
xlink:label="ExpenseExampleYear03"/>
<link:loc xlink:type="locator"
xlink:href="http://xbrl.sec.gov/rr/2010/rr-2010-02-28.xsd#rr_ExpenseExampleYear05"
xlink:label="ExpenseExampleYear05"/>
<link:loc xlink:type="locator"
xlink:href="http://xbrl.sec.gov/rr/2010/rr-2010-02-28.xsd#rr_ExpenseExampleYear10"
xlink:label="ExpenseExampleYear10"/>
<link:presentationArc xlink:type="arc" xlink:arcrole="http://www.xbrl.org/2003/arcrole/parent-child"
xlink:from="ExpenseExampleAbstract"
xlink:to="ExpenseExampleYear01"
priority="1"
order="6.0"
preferredLabel="http://www.xbrl.org/2003/role/terseLabel"/>
<link:presentationArc xlink:type="arc" xlink:arcrole="http://www.xbrl.org/2003/arcrole/parent-child"
xlink:from="ExpenseExampleAbstract"
xlink:to="ExpenseExampleYear03"
priority="1"
order="7.0"
preferredLabel="http://www.xbrl.org/2003/role/terseLabel"/>
<link:presentationArc xlink:type="arc" xlink:arcrole="http://www.xbrl.org/2003/arcrole/parent-child"
xlink:from="ExpenseExampleAbstract"
xlink:to="ExpenseExampleYear05"
priority="1"
order="8.0"
preferredLabel="http://www.xbrl.org/2003/role/terseLabel"/>
<link:presentationArc xlink:type="arc" xlink:arcrole="http://www.xbrl.org/2003/arcrole/parent-child"
xlink:from="ExpenseExampleAbstract"
xlink:to="ExpenseExampleYear10"
priority="1"
order="9.0"
preferredLabel="http://www.xbrl.org/2003/role/terseLabel"/>
</link:presentationLink>
<link:presentationLink xlink:type="extended"
xlink:role="http://xbrl.sec.gov/rr/role/ExpenseExampleNoRedemption">
<link:loc xlink:type="locator"
xlink:href="http://xbrl.sec.gov/rr/2010/rr-2010-02-28.xsd#rr_ExpenseExampleNoRedemptionAbstract"
xlink:label="ExpenseExampleNoRedemptionAbstract"/>
<link:loc xlink:type="locator"
xlink:href="http://xbrl.sec.gov/rr/2010/rr-2010-02-28.xsd#rr_ExpenseExampleNoRedemptionYear01"
xlink:label="ExpenseExampleNoRedemptionYear01"/>
<link:loc xlink:type="locator"
xlink:href="http://xbrl.sec.gov/rr/2010/rr-2010-02-28.xsd#rr_ExpenseExampleNoRedemptionYear03"
xlink:label="ExpenseExampleNoRedemptionYear03"/>
<link:loc xlink:type="locator"
xlink:href="http://xbrl.sec.gov/rr/2010/rr-2010-02-28.xsd#rr_ExpenseExampleNoRedemptionYear05"
xlink:label="ExpenseExampleNoRedemptionYear05"/>
<link:loc xlink:type="locator"
xlink:href="http://xbrl.sec.gov/rr/2010/rr-2010-02-28.xsd#rr_ExpenseExampleNoRedemptionYear10"
xlink:label="ExpenseExampleNoRedemptionYear10"/>
<link:presentationArc xlink:type="arc" xlink:arcrole="http://www.xbrl.org/2003/arcrole/parent-child"
xlink:from="ExpenseExampleNoRedemptionAbstract"
xlink:to="ExpenseExampleNoRedemptionYear01"
use="prohibited"
priority="0"
order="2.0"/>
<link:presentationArc xlink:type="arc" xlink:arcrole="http://www.xbrl.org/2003/arcrole/parent-child"
xlink:from="ExpenseExampleNoRedemptionAbstract"
xlink:to="ExpenseExampleNoRedemptionYear03"
use="prohibited"
priority="0"
order="3.0"/>
<link:presentationArc xlink:type="arc" xlink:arcrole="http://www.xbrl.org/2003/arcrole/parent-child"
xlink:from="ExpenseExampleNoRedemptionAbstract"
xlink:to="ExpenseExampleNoRedemptionYear05"
use="prohibited"
priority="0"
order="4.0"/>
<link:presentationArc xlink:type="arc" xlink:arcrole="http://www.xbrl.org/2003/arcrole/parent-child"
xlink:from="ExpenseExampleNoRedemptionAbstract"
xlink:to="ExpenseExampleNoRedemptionYear10"
use="prohibited"
priority="0"
order="5.0"/>
</link:presentationLink>
<link:presentationLink xlink:type="extended"
xlink:role="http://xbrl.sec.gov/rr/role/ExpenseExampleNoRedemption">
<link:loc xlink:type="locator"
xlink:href="http://xbrl.sec.gov/rr/2010/rr-2010-02-28.xsd#rr_ExpenseExampleNoRedemptionAbstract"
xlink:label="ExpenseExampleNoRedemptionAbstract"/>
<link:loc xlink:type="locator"
xlink:href="http://xbrl.sec.gov/rr/2010/rr-2010-02-28.xsd#rr_ExpenseExampleNoRedemptionYear01"
xlink:label="ExpenseExampleNoRedemptionYear01"/>
<link:loc xlink:type="locator"
xlink:href="http://xbrl.sec.gov/rr/2010/rr-2010-02-28.xsd#rr_ExpenseExampleNoRedemptionYear03"
xlink:label="ExpenseExampleNoRedemptionYear03"/>
<link:loc xlink:type="locator"
xlink:href="http://xbrl.sec.gov/rr/2010/rr-2010-02-28.xsd#rr_ExpenseExampleNoRedemptionYear05"
xlink:label="ExpenseExampleNoRedemptionYear05"/>
<link:loc xlink:type="locator"
xlink:href="http://xbrl.sec.gov/rr/2010/rr-2010-02-28.xsd#rr_ExpenseExampleNoRedemptionYear10"
xlink:label="ExpenseExampleNoRedemptionYear10"/>
<link:presentationArc xlink:type="arc" xlink:arcrole="http://www.xbrl.org/2003/arcrole/parent-child"
xlink:from="ExpenseExampleNoRedemptionAbstract"
xlink:to="ExpenseExampleNoRedemptionYear01"
priority="1"
order="6.0"
preferredLabel="http://www.xbrl.org/2003/role/terseLabel"/>
<link:presentationArc xlink:type="arc" xlink:arcrole="http://www.xbrl.org/2003/arcrole/parent-child"
xlink:from="ExpenseExampleNoRedemptionAbstract"
xlink:to="ExpenseExampleNoRedemptionYear03"
priority="1"
order="7.0"
preferredLabel="http://www.xbrl.org/2003/role/terseLabel"/>
<link:presentationArc xlink:type="arc" xlink:arcrole="http://www.xbrl.org/2003/arcrole/parent-child"
xlink:from="ExpenseExampleNoRedemptionAbstract"
xlink:to="ExpenseExampleNoRedemptionYear05"
priority="1"
order="8.0"
preferredLabel="http://www.xbrl.org/2003/role/terseLabel"/>
<link:presentationArc xlink:type="arc" xlink:arcrole="http://www.xbrl.org/2003/arcrole/parent-child"
xlink:from="ExpenseExampleNoRedemptionAbstract"
xlink:to="ExpenseExampleNoRedemptionYear10"
priority="1"
order="9.0"
preferredLabel="http://www.xbrl.org/2003/role/terseLabel"/>
</link:presentationLink>
<link:presentationLink xlink:type="extended" xlink:role="http://xbrl.sec.gov/rr/role/Series">
<link:loc xlink:type="locator"
xlink:href="http://taxonomies.xbrl.us/us-gaap/2009/non-gaap/dei-2009-01-31.xsd#dei_LegalEntityAxis"
xlink:label="LegalEntityAxis"/>
<link:loc xlink:type="locator"
xlink:href="embedding-20090501.xsd#embedding_S013456789Member"
xlink:label="S013456789Member"/>
<link:presentationArc xlink:type="arc" xlink:arcrole="http://www.xbrl.org/2003/arcrole/parent-child"
xlink:from="LegalEntityAxis"
xlink:to="S013456789Member"
order="2.0"/>
</link:presentationLink>
<link:presentationLink xlink:type="extended" xlink:role="http://xbrl.sec.gov/rr/role/Class">
<link:loc xlink:type="locator"
xlink:href="http://xbrl.sec.gov/rr/2010/rr-2010-02-28.xsd#rr_ProspectusShareClassAxis"
xlink:label="ProspectusShareClassAxis"/>
<link:loc xlink:type="locator"
xlink:href="embedding-20090501.xsd#embedding_C012345600Member"
xlink:label="C012345600Member"/>
<link:presentationArc xlink:type="arc" xlink:arcrole="http://www.xbrl.org/2003/arcrole/parent-child"
xlink:from="ProspectusShareClassAxis"
xlink:to="C012345600Member"
order="2.0"/>
</link:presentationLink>
<link:presentationLink xlink:type="extended" xlink:role="http://xbrl.sec.gov/rr/role/Class">
<link:loc xlink:type="locator"
xlink:href="http://xbrl.sec.gov/rr/2010/rr-2010-02-28.xsd#rr_ProspectusShareClassAxis"
xlink:label="ProspectusShareClassAxis"/>
<link:loc xlink:type="locator"
xlink:href="embedding-20090501.xsd#embedding_C012345601Member"
xlink:label="C012345601Member"/>
<link:presentationArc xlink:type="arc" xlink:arcrole="http://www.xbrl.org/2003/arcrole/parent-child"
xlink:from="ProspectusShareClassAxis"
xlink:to="C012345601Member"
order="3.0"/>
</link:presentationLink>
<link:presentationLink xlink:type="extended" xlink:role="http://xbrl.sec.gov/rr/role/Class">
<link:loc xlink:type="locator"
xlink:href="http://xbrl.sec.gov/rr/2010/rr-2010-02-28.xsd#rr_ProspectusShareClassAxis"
xlink:label="ProspectusShareClassAxis"/>
<link:loc xlink:type="locator"
xlink:href="embedding-20090501.xsd#embedding_C012345602Member"
xlink:label="C012345602Member"/>
<link:presentationArc xlink:type="arc" xlink:arcrole="http://www.xbrl.org/2003/arcrole/parent-child"
xlink:from="ProspectusShareClassAxis"
xlink:to="C012345602Member"
order="4.0"/>
</link:presentationLink>
<link:presentationLink xlink:type="extended"
xlink:role="http://xbrl.sec.gov/rr/role/PerformanceMeasure">
<link:loc xlink:type="locator"
xlink:href="http://xbrl.sec.gov/rr/2010/rr-2010-02-28.xsd#rr_PerformanceMeasureAxis"
xlink:label="PerformanceMeasureAxis"/>
<link:loc xlink:type="locator"
xlink:href="embedding-20090501.xsd#embedding_SnPIndexMember"
xlink:label="SnPIndexMember"/>
<link:presentationArc xlink:type="arc" xlink:arcrole="http://www.xbrl.org/2003/arcrole/parent-child"
xlink:from="PerformanceMeasureAxis"
xlink:to="SnPIndexMember"
order="4.0"/>
</link:presentationLink>
</link:linkbase>