<?xml version="1.0" encoding="US-ASCII"?>
<link:linkbase xmlns:embedding="http://embedding/20090501"
xmlns:link="http://www.xbrl.org/2003/linkbase"
xmlns:us-types="http://xbrl.us/us-types/2009-01-31"
xmlns:xbrldt="http://xbrl.org/2005/xbrldt"
xmlns:rr="http://xbrl.sec.gov/rr/2010-02-28"
xmlns:dei="http://xbrl.us/dei/2009-01-31"
xmlns:xbrldi="http://xbrl.org/2006/xbrldi"
xmlns:xsi="http://www.w3.org/2001/XMLSchema-instance"
xmlns:xbrli="http://www.xbrl.org/2003/instance"
xmlns:iso4217="http://www.xbrl.org/2003/iso4217"
xmlns:xlink="http://www.w3.org/1999/xlink">
<link:roleRef roleURI="http://xbrl.sec.gov/rr/role/Series" xlink:type="simple"
xlink:href="http://xbrl.sec.gov/rr/2010/rr-2010-02-28.xsd#SeriesOnly"/>
<link:roleRef roleURI="http://xbrl.sec.gov/rr/role/Class" xlink:type="simple"
xlink:href="http://xbrl.sec.gov/rr/2010/rr-2010-02-28.xsd#ClassOnly"/>
<link:roleRef roleURI="http://xbrl.sec.gov/rr/role/PerformanceMeasure" xlink:type="simple"
xlink:href="http://xbrl.sec.gov/rr/2010/rr-2010-02-28.xsd#PerformanceMeasureOnly"/>
<link:roleRef roleURI="http://xbrl.sec.gov/rr/role/Prospectus" xlink:type="simple"
xlink:href="http://xbrl.sec.gov/rr/2010/rr-2010-02-28.xsd#ProspectusOnly"/>
<link:arcroleRef arcroleURI="http://xbrl.org/int/dim/arcrole/domain-member" xlink:type="simple"
xlink:href="http://www.xbrl.org/2005/xbrldt-2005.xsd#domain-member"/>
<link:definitionLink xlink:type="extended" xlink:role="http://xbrl.sec.gov/rr/role/Series">
<link:loc xlink:type="locator"
xlink:href="http://taxonomies.xbrl.us/us-gaap/2009/non-gaap/dei-2009-01-31.xsd#dei_EntityDomain"
xlink:label="EntityDomain"/>
<link:loc xlink:type="locator"
xlink:href="embedding-20090501.xsd#embedding_S013456789Member"
xlink:label="S013456789Member"/>
<link:definitionArc xlink:type="arc" xlink:arcrole="http://xbrl.org/int/dim/arcrole/domain-member"
xlink:from="EntityDomain"
xlink:to="S013456789Member"
order="1.0"/>
</link:definitionLink>
<link:definitionLink xlink:type="extended" xlink:role="http://xbrl.sec.gov/rr/role/Class">
<link:loc xlink:type="locator"
xlink:href="http://xbrl.sec.gov/rr/2010/rr-2010-02-28.xsd#rr_ShareClassDomain"
xlink:label="ShareClassDomain"/>
<link:loc xlink:type="locator"
xlink:href="embedding-20090501.xsd#embedding_C012345600Member"
xlink:label="C012345600Member"/>
<link:definitionArc xlink:type="arc" xlink:arcrole="http://xbrl.org/int/dim/arcrole/domain-member"
xlink:from="ShareClassDomain"
xlink:to="C012345600Member"
order="1.0"/>
</link:definitionLink>
<link:definitionLink xlink:type="extended" xlink:role="http://xbrl.sec.gov/rr/role/Class">
<link:loc xlink:type="locator"
xlink:href="http://xbrl.sec.gov/rr/2010/rr-2010-02-28.xsd#rr_ShareClassDomain"
xlink:label="ShareClassDomain"/>
<link:loc xlink:type="locator"
xlink:href="embedding-20090501.xsd#embedding_C012345601Member"
xlink:label="C012345601Member"/>
<link:definitionArc xlink:type="arc" xlink:arcrole="http://xbrl.org/int/dim/arcrole/domain-member"
xlink:from="ShareClassDomain"
xlink:to="C012345601Member"
order="2.0"/>
</link:definitionLink>
<link:definitionLink xlink:type="extended" xlink:role="http://xbrl.sec.gov/rr/role/Class">
<link:loc xlink:type="locator"
xlink:href="http://xbrl.sec.gov/rr/2010/rr-2010-02-28.xsd#rr_ShareClassDomain"
xlink:label="ShareClassDomain"/>
<link:loc xlink:type="locator"
xlink:href="embedding-20090501.xsd#embedding_C012345602Member"
xlink:label="C012345602Member"/>
<link:definitionArc xlink:type="arc" xlink:arcrole="http://xbrl.org/int/dim/arcrole/domain-member"
xlink:from="ShareClassDomain"
xlink:to="C012345602Member"
order="3.0"/>
</link:definitionLink>
<link:definitionLink xlink:type="extended"
xlink:role="http://xbrl.sec.gov/rr/role/PerformanceMeasure">
<link:loc xlink:type="locator"
xlink:href="http://xbrl.sec.gov/rr/2010/rr-2010-02-28.xsd#rr_PerformanceMeasureDomain"
xlink:label="PerformanceMeasureDomain"/>
<link:loc xlink:type="locator"
xlink:href="embedding-20090501.xsd#embedding_SnPIndexMember"
xlink:label="SnPIndexMember"/>
<link:definitionArc xlink:type="arc" xlink:arcrole="http://xbrl.org/int/dim/arcrole/domain-member"
xlink:from="PerformanceMeasureDomain"
xlink:to="SnPIndexMember"
order="3.0"/>
</link:definitionLink>
</link:linkbase>