<?xml version="1.0" encoding="UTF-8"?><!--
Taxonomy Calculation Linkbase based on XBRL Spec 2.1.
--><linkbase xmlns="http://www.xbrl.org/2003/linkbase" xmlns:link="http://www.xbrl.org/2003/linkbase" xmlns:xlink="http://www.w3.org/1999/xlink" xmlns:xsi="http://www.w3.org/2001/XMLSchema-instance" xsi:schemaLocation="http://www.xbrl.org/2003/linkbase http://www.xbrl.org/2003/xbrl-linkbase-2003-12-31.xsd">
   <roleRef roleURI="http://www.xbrl-uk.org/ExtendedLinkRoles/AE-Further-Calculations" xlink:href="uk-gaap-ae-2009-06-21.xsd#AE-Further-Calculations" xlink:type="simple"/>
   <roleRef roleURI="http://www.xbrl-uk.org/ExtendedLinkRoles/AE-Notes-to-Accounts" xlink:href="uk-gaap-ae-2009-06-21.xsd#AE-Notes-to-Accounts" xlink:type="simple"/>
   <roleRef roleURI="http://www.xbrl-uk.org/ExtendedLinkRoles/AE-Income-Statement" xlink:href="uk-gaap-ae-2009-06-21.xsd#AE-Income-Statement" xlink:type="simple"/>
   <roleRef roleURI="http://www.xbrl-uk.org/ExtendedLinkRoles/AE-Balance-Sheet" xlink:href="uk-gaap-ae-2009-06-21.xsd#AE-Balance-Sheet" xlink:type="simple"/>
   <calculationLink xlink:role="http://www.xbrl-uk.org/ExtendedLinkRoles/AE-Balance-Sheet" xlink:title="AE - Balance Sheet" xlink:type="extended">
      <loc xlink:href="../../pt/2004-12-01/uk-gaap-pt-2004-12-01.xsd#uk-gaap-pt_NetAssetsLiabilitiesIncludingPensionAssetLiability" xlink:label="uk-gaap-pt_NetAssetsLiabilitiesIncludingPensionAssetLiability" xlink:type="locator"/>
      <loc xlink:href="../../pt/2004-12-01/uk-gaap-pt-2004-12-01.xsd#uk-gaap-pt_ProvisionsForLiabilitiesCharges" xlink:label="uk-gaap-pt_ProvisionsForLiabilitiesCharges" xlink:type="locator"/>
      <calculationArc order="1.0" use="optional" weight="-1.0" xlink:arcrole="http://www.xbrl.org/2003/arcrole/summation-item" xlink:from="uk-gaap-pt_NetAssetsLiabilitiesIncludingPensionAssetLiability" xlink:to="uk-gaap-pt_ProvisionsForLiabilitiesCharges" xlink:type="arc"/>
      <loc xlink:href="../../pt/2004-12-01/uk-gaap-pt-2004-12-01.xsd#uk-gaap-pt_CreditorsDueAfterOneYearTotalNoncurrentLiabilities" xlink:label="uk-gaap-pt_CreditorsDueAfterOneYearTotalNoncurrentLiabilities" xlink:type="locator"/>
      <calculationArc order="2.0" use="optional" weight="-1.0" xlink:arcrole="http://www.xbrl.org/2003/arcrole/summation-item" xlink:from="uk-gaap-pt_NetAssetsLiabilitiesIncludingPensionAssetLiability" xlink:to="uk-gaap-pt_CreditorsDueAfterOneYearTotalNoncurrentLiabilities" xlink:type="arc"/>
      <loc xlink:href="../../pt/2004-12-01/uk-gaap-pt-2004-12-01.xsd#uk-gaap-pt_BankLoansOverdraftsAfterOneYear" xlink:label="uk-gaap-pt_BankLoansOverdraftsAfterOneYear" xlink:type="locator"/>
      <calculationArc order="1.0" use="optional" weight="1.0" xlink:arcrole="http://www.xbrl.org/2003/arcrole/summation-item" xlink:from="uk-gaap-pt_CreditorsDueAfterOneYearTotalNoncurrentLiabilities" xlink:to="uk-gaap-pt_BankLoansOverdraftsAfterOneYear" xlink:type="arc"/>
      <loc xlink:href="../../pt/2004-12-01/uk-gaap-pt-2004-12-01.xsd#uk-gaap-pt_ObligationsUnderFinanceLeaseHirePurchaseContractsAfterOneYear" xlink:label="uk-gaap-pt_ObligationsUnderFinanceLeaseHirePurchaseContractsAfterOneYear" xlink:type="locator"/>
      <calculationArc order="2.0" use="optional" weight="1.0" xlink:arcrole="http://www.xbrl.org/2003/arcrole/summation-item" xlink:from="uk-gaap-pt_CreditorsDueAfterOneYearTotalNoncurrentLiabilities" xlink:to="uk-gaap-pt_ObligationsUnderFinanceLeaseHirePurchaseContractsAfterOneYear" xlink:type="arc"/>
      <loc xlink:href="../../pt/2004-12-01/uk-gaap-pt-2004-12-01.xsd#uk-gaap-pt_TotalAssetsLessCurrentLiabilities" xlink:label="uk-gaap-pt_TotalAssetsLessCurrentLiabilities" xlink:type="locator"/>
      <calculationArc order="3.0" use="optional" weight="1.0" xlink:arcrole="http://www.xbrl.org/2003/arcrole/summation-item" xlink:from="uk-gaap-pt_NetAssetsLiabilitiesIncludingPensionAssetLiability" xlink:to="uk-gaap-pt_TotalAssetsLessCurrentLiabilities" xlink:type="arc"/>
      <loc xlink:href="../../pt/2004-12-01/uk-gaap-pt-2004-12-01.xsd#uk-gaap-pt_NetCurrentAssetsLiabilities" xlink:label="uk-gaap-pt_NetCurrentAssetsLiabilities" xlink:type="locator"/>
      <calculationArc order="1.0" use="optional" weight="1.0" xlink:arcrole="http://www.xbrl.org/2003/arcrole/summation-item" xlink:from="uk-gaap-pt_TotalAssetsLessCurrentLiabilities" xlink:to="uk-gaap-pt_NetCurrentAssetsLiabilities" xlink:type="arc"/>
      <loc xlink:href="../../pt/2004-12-01/uk-gaap-pt-2004-12-01.xsd#uk-gaap-pt_CreditorsDueWithinOneYearTotalCurrentLiabilities" xlink:label="uk-gaap-pt_CreditorsDueWithinOneYearTotalCurrentLiabilities" xlink:type="locator"/>
      <calculationArc order="1.0" use="optional" weight="-1.0" xlink:arcrole="http://www.xbrl.org/2003/arcrole/summation-item" xlink:from="uk-gaap-pt_NetCurrentAssetsLiabilities" xlink:to="uk-gaap-pt_CreditorsDueWithinOneYearTotalCurrentLiabilities" xlink:type="arc"/>
      <loc xlink:href="../../pt/2004-12-01/uk-gaap-pt-2004-12-01.xsd#uk-gaap-pt_BankLoansOverdraftsWithinOneYear" xlink:label="uk-gaap-pt_BankLoansOverdraftsWithinOneYear" xlink:type="locator"/>
      <calculationArc order="1.0" use="optional" weight="1.0" xlink:arcrole="http://www.xbrl.org/2003/arcrole/summation-item" xlink:from="uk-gaap-pt_CreditorsDueWithinOneYearTotalCurrentLiabilities" xlink:to="uk-gaap-pt_BankLoansOverdraftsWithinOneYear" xlink:type="arc"/>
      <loc xlink:href="../../pt/2004-12-01/uk-gaap-pt-2004-12-01.xsd#uk-gaap-pt_TradeCreditorsWithinOneYear" xlink:label="uk-gaap-pt_TradeCreditorsWithinOneYear" xlink:type="locator"/>
      <calculationArc order="2.0" use="optional" weight="1.0" xlink:arcrole="http://www.xbrl.org/2003/arcrole/summation-item" xlink:from="uk-gaap-pt_CreditorsDueWithinOneYearTotalCurrentLiabilities" xlink:to="uk-gaap-pt_TradeCreditorsWithinOneYear" xlink:type="arc"/>
      <loc xlink:href="../../pt/2004-12-01/uk-gaap-pt-2004-12-01.xsd#uk-gaap-pt_AccrualsDeferredIncomeWithinOneYear" xlink:label="uk-gaap-pt_AccrualsDeferredIncomeWithinOneYear" xlink:type="locator"/>
      <calculationArc order="3.0" use="optional" weight="1.0" xlink:arcrole="http://www.xbrl.org/2003/arcrole/summation-item" xlink:from="uk-gaap-pt_CreditorsDueWithinOneYearTotalCurrentLiabilities" xlink:to="uk-gaap-pt_AccrualsDeferredIncomeWithinOneYear" xlink:type="arc"/>
      <loc xlink:href="../../pt/2004-12-01/uk-gaap-pt-2004-12-01.xsd#uk-gaap-pt_TaxationSocialSecurityDueWithinOneYear" xlink:label="uk-gaap-pt_TaxationSocialSecurityDueWithinOneYear" xlink:type="locator"/>
      <calculationArc order="4.0" use="optional" weight="1.0" xlink:arcrole="http://www.xbrl.org/2003/arcrole/summation-item" xlink:from="uk-gaap-pt_CreditorsDueWithinOneYearTotalCurrentLiabilities" xlink:to="uk-gaap-pt_TaxationSocialSecurityDueWithinOneYear" xlink:type="arc"/>
      <loc xlink:href="../../pt/2004-12-01/uk-gaap-pt-2004-12-01.xsd#uk-gaap-pt_OtherCreditorsDueWithinOneYear" xlink:label="uk-gaap-pt_OtherCreditorsDueWithinOneYear" xlink:type="locator"/>
      <calculationArc order="5.0" use="optional" weight="1.0" xlink:arcrole="http://www.xbrl.org/2003/arcrole/summation-item" xlink:from="uk-gaap-pt_CreditorsDueWithinOneYearTotalCurrentLiabilities" xlink:to="uk-gaap-pt_OtherCreditorsDueWithinOneYear" xlink:type="arc"/>
      <loc xlink:href="../../pt/2004-12-01/uk-gaap-pt-2004-12-01.xsd#uk-gaap-pt_CurrentAssets" xlink:label="uk-gaap-pt_CurrentAssets" xlink:type="locator"/>
      <calculationArc order="2.0" use="optional" weight="1.0" xlink:arcrole="http://www.xbrl.org/2003/arcrole/summation-item" xlink:from="uk-gaap-pt_NetCurrentAssetsLiabilities" xlink:to="uk-gaap-pt_CurrentAssets" xlink:type="arc"/>
      <loc xlink:href="../../pt/2004-12-01/uk-gaap-pt-2004-12-01.xsd#uk-gaap-pt_Debtors" xlink:label="uk-gaap-pt_Debtors" xlink:type="locator"/>
      <calculationArc order="1.0" use="optional" weight="1.0" xlink:arcrole="http://www.xbrl.org/2003/arcrole/summation-item" xlink:from="uk-gaap-pt_CurrentAssets" xlink:to="uk-gaap-pt_Debtors" xlink:type="arc"/>
      <loc xlink:href="../../pt/2004-12-01/uk-gaap-pt-2004-12-01.xsd#uk-gaap-pt_TradeDebtors" xlink:label="uk-gaap-pt_TradeDebtors" xlink:type="locator"/>
      <calculationArc order="1.0" use="optional" weight="1.0" xlink:arcrole="http://www.xbrl.org/2003/arcrole/summation-item" xlink:from="uk-gaap-pt_Debtors" xlink:to="uk-gaap-pt_TradeDebtors" xlink:type="arc"/>
      <loc xlink:href="../../pt/2004-12-01/uk-gaap-pt-2004-12-01.xsd#uk-gaap-pt_OtherDebtors" xlink:label="uk-gaap-pt_OtherDebtors" xlink:type="locator"/>
      <calculationArc order="2.0" use="optional" weight="1.0" xlink:arcrole="http://www.xbrl.org/2003/arcrole/summation-item" xlink:from="uk-gaap-pt_Debtors" xlink:to="uk-gaap-pt_OtherDebtors" xlink:type="arc"/>
      <loc xlink:href="../../pt/2004-12-01/uk-gaap-pt-2004-12-01.xsd#uk-gaap-pt_PrepaymentsAccruedIncomeCurrentAsset" xlink:label="uk-gaap-pt_PrepaymentsAccruedIncomeCurrentAsset" xlink:type="locator"/>
      <calculationArc order="3.0" use="optional" weight="1.0" xlink:arcrole="http://www.xbrl.org/2003/arcrole/summation-item" xlink:from="uk-gaap-pt_Debtors" xlink:to="uk-gaap-pt_PrepaymentsAccruedIncomeCurrentAsset" xlink:type="arc"/>
      <loc xlink:href="../../pt/2004-12-01/uk-gaap-pt-2004-12-01.xsd#uk-gaap-pt_CalledUpShareCapitalNotPaidCurrentAsset" xlink:label="uk-gaap-pt_CalledUpShareCapitalNotPaidCurrentAsset" xlink:type="locator"/>
      <calculationArc order="4.0" use="optional" weight="1.0" xlink:arcrole="http://www.xbrl.org/2003/arcrole/summation-item" xlink:from="uk-gaap-pt_Debtors" xlink:to="uk-gaap-pt_CalledUpShareCapitalNotPaidCurrentAsset" xlink:type="arc"/>
      <loc xlink:href="../../pt/2004-12-01/uk-gaap-pt-2004-12-01.xsd#uk-gaap-pt_StocksInventory" xlink:label="uk-gaap-pt_StocksInventory" xlink:type="locator"/>
      <calculationArc order="2.0" use="optional" weight="1.0" xlink:arcrole="http://www.xbrl.org/2003/arcrole/summation-item" xlink:from="uk-gaap-pt_CurrentAssets" xlink:to="uk-gaap-pt_StocksInventory" xlink:type="arc"/>
      <loc xlink:href="../../pt/2004-12-01/uk-gaap-pt-2004-12-01.xsd#uk-gaap-pt_CashBankInHand" xlink:label="uk-gaap-pt_CashBankInHand" xlink:type="locator"/>
      <calculationArc order="3.0" use="optional" weight="1.0" xlink:arcrole="http://www.xbrl.org/2003/arcrole/summation-item" xlink:from="uk-gaap-pt_CurrentAssets" xlink:to="uk-gaap-pt_CashBankInHand" xlink:type="arc"/>
      <loc xlink:href="../../pt/2004-12-01/uk-gaap-pt-2004-12-01.xsd#uk-gaap-pt_InvestmentsCurrentAssets" xlink:label="uk-gaap-pt_InvestmentsCurrentAssets" xlink:type="locator"/>
      <calculationArc order="4.0" use="optional" weight="1.0" xlink:arcrole="http://www.xbrl.org/2003/arcrole/summation-item" xlink:from="uk-gaap-pt_CurrentAssets" xlink:to="uk-gaap-pt_InvestmentsCurrentAssets" xlink:type="arc"/>
      <loc xlink:href="../../pt/2004-12-01/uk-gaap-pt-2004-12-01.xsd#uk-gaap-pt_PrepaymentsAccruedIncomeNotExpressedWithinCurrentAssetSub-total" xlink:label="uk-gaap-pt_PrepaymentsAccruedIncomeNotExpressedWithinCurrentAssetSub-total" xlink:type="locator"/>
      <calculationArc order="3.0" use="optional" weight="1.0" xlink:arcrole="http://www.xbrl.org/2003/arcrole/summation-item" xlink:from="uk-gaap-pt_NetCurrentAssetsLiabilities" xlink:to="uk-gaap-pt_PrepaymentsAccruedIncomeNotExpressedWithinCurrentAssetSub-total" xlink:type="arc"/>
      <loc xlink:href="../../pt/2004-12-01/uk-gaap-pt-2004-12-01.xsd#uk-gaap-pt_FixedAssets" xlink:label="uk-gaap-pt_FixedAssets" xlink:type="locator"/>
      <calculationArc order="2.0" use="optional" weight="1.0" xlink:arcrole="http://www.xbrl.org/2003/arcrole/summation-item" xlink:from="uk-gaap-pt_TotalAssetsLessCurrentLiabilities" xlink:to="uk-gaap-pt_FixedAssets" xlink:type="arc"/>
      <loc xlink:href="../../pt/2004-12-01/uk-gaap-pt-2004-12-01.xsd#uk-gaap-pt_TangibleFixedAssets" xlink:label="uk-gaap-pt_TangibleFixedAssets" xlink:type="locator"/>
      <calculationArc order="1.0" use="optional" weight="1.0" xlink:arcrole="http://www.xbrl.org/2003/arcrole/summation-item" xlink:from="uk-gaap-pt_FixedAssets" xlink:to="uk-gaap-pt_TangibleFixedAssets" xlink:type="arc"/>
      <loc xlink:href="../../pt/2004-12-01/uk-gaap-pt-2004-12-01.xsd#uk-gaap-pt_LandBuildings" xlink:label="uk-gaap-pt_LandBuildings" xlink:type="locator"/>
      <calculationArc order="1.0" use="optional" weight="1.0" xlink:arcrole="http://www.xbrl.org/2003/arcrole/summation-item" xlink:from="uk-gaap-pt_TangibleFixedAssets" xlink:to="uk-gaap-pt_LandBuildings" xlink:type="arc"/>
      <loc xlink:href="../../pt/2004-12-01/uk-gaap-pt-2004-12-01.xsd#uk-gaap-pt_LandBuildingsCostOrValuation" xlink:label="uk-gaap-pt_LandBuildingsCostOrValuation" xlink:type="locator"/>
      <calculationArc order="1.0" use="optional" weight="1.0" xlink:arcrole="http://www.xbrl.org/2003/arcrole/summation-item" xlink:from="uk-gaap-pt_LandBuildings" xlink:to="uk-gaap-pt_LandBuildingsCostOrValuation" xlink:type="arc"/>
      <loc xlink:href="../../pt/2004-12-01/uk-gaap-pt-2004-12-01.xsd#uk-gaap-pt_LandBuildingsDepreciation" xlink:label="uk-gaap-pt_LandBuildingsDepreciation" xlink:type="locator"/>
      <calculationArc order="2.0" use="optional" weight="-1.0" xlink:arcrole="http://www.xbrl.org/2003/arcrole/summation-item" xlink:from="uk-gaap-pt_LandBuildings" xlink:to="uk-gaap-pt_LandBuildingsDepreciation" xlink:type="arc"/>
      <loc xlink:href="../../pt/2004-12-01/uk-gaap-pt-2004-12-01.xsd#uk-gaap-pt_PlantMachinery" xlink:label="uk-gaap-pt_PlantMachinery" xlink:type="locator"/>
      <calculationArc order="2.0" use="optional" weight="1.0" xlink:arcrole="http://www.xbrl.org/2003/arcrole/summation-item" xlink:from="uk-gaap-pt_TangibleFixedAssets" xlink:to="uk-gaap-pt_PlantMachinery" xlink:type="arc"/>
      <loc xlink:href="../../pt/2004-12-01/uk-gaap-pt-2004-12-01.xsd#uk-gaap-pt_PlantMachineryCostOrValuation" xlink:label="uk-gaap-pt_PlantMachineryCostOrValuation" xlink:type="locator"/>
      <calculationArc order="1.0" use="optional" weight="1.0" xlink:arcrole="http://www.xbrl.org/2003/arcrole/summation-item" xlink:from="uk-gaap-pt_PlantMachinery" xlink:to="uk-gaap-pt_PlantMachineryCostOrValuation" xlink:type="arc"/>
      <loc xlink:href="../../pt/2004-12-01/uk-gaap-pt-2004-12-01.xsd#uk-gaap-pt_PlantMachineryDepreciation" xlink:label="uk-gaap-pt_PlantMachineryDepreciation" xlink:type="locator"/>
      <calculationArc order="2.0" use="optional" weight="-1.0" xlink:arcrole="http://www.xbrl.org/2003/arcrole/summation-item" xlink:from="uk-gaap-pt_PlantMachinery" xlink:to="uk-gaap-pt_PlantMachineryDepreciation" xlink:type="arc"/>
      <loc xlink:href="../../pt/2004-12-01/uk-gaap-pt-2004-12-01.xsd#uk-gaap-pt_FixturesFittingsToolsEquipment" xlink:label="uk-gaap-pt_FixturesFittingsToolsEquipment" xlink:type="locator"/>
      <calculationArc order="3.0" use="optional" weight="1.0" xlink:arcrole="http://www.xbrl.org/2003/arcrole/summation-item" xlink:from="uk-gaap-pt_TangibleFixedAssets" xlink:to="uk-gaap-pt_FixturesFittingsToolsEquipment" xlink:type="arc"/>
      <loc xlink:href="../../pt/2004-12-01/uk-gaap-pt-2004-12-01.xsd#uk-gaap-pt_FixturesFittingsToolsEquipmentCostOrValuation" xlink:label="uk-gaap-pt_FixturesFittingsToolsEquipmentCostOrValuation" xlink:type="locator"/>
      <calculationArc order="1.0" use="optional" weight="1.0" xlink:arcrole="http://www.xbrl.org/2003/arcrole/summation-item" xlink:from="uk-gaap-pt_FixturesFittingsToolsEquipment" xlink:to="uk-gaap-pt_FixturesFittingsToolsEquipmentCostOrValuation" xlink:type="arc"/>
      <loc xlink:href="../../pt/2004-12-01/uk-gaap-pt-2004-12-01.xsd#uk-gaap-pt_FixturesFittingsToolsEquipmentDepreciation" xlink:label="uk-gaap-pt_FixturesFittingsToolsEquipmentDepreciation" xlink:type="locator"/>
      <calculationArc order="2.0" use="optional" weight="-1.0" xlink:arcrole="http://www.xbrl.org/2003/arcrole/summation-item" xlink:from="uk-gaap-pt_FixturesFittingsToolsEquipment" xlink:to="uk-gaap-pt_FixturesFittingsToolsEquipmentDepreciation" xlink:type="arc"/>
      <loc xlink:href="uk-gaap-ae-2009-06-21.xsd#uk-gaap-ae_OtherTangibleFixedAsset" xlink:label="uk-gaap-ae_OtherTangibleFixedAsset" xlink:type="locator"/>
      <calculationArc order="4.0" use="optional" weight="1.0" xlink:arcrole="http://www.xbrl.org/2003/arcrole/summation-item" xlink:from="uk-gaap-pt_TangibleFixedAssets" xlink:to="uk-gaap-ae_OtherTangibleFixedAsset" xlink:type="arc"/>
      <loc xlink:href="uk-gaap-ae-2009-06-21.xsd#uk-gaap-ae_OtherTangibleFixedAssetCostOrValuation" xlink:label="uk-gaap-ae_OtherTangibleFixedAssetCostOrValuation" xlink:type="locator"/>
      <calculationArc order="1.0" use="optional" weight="1.0" xlink:arcrole="http://www.xbrl.org/2003/arcrole/summation-item" xlink:from="uk-gaap-ae_OtherTangibleFixedAsset" xlink:to="uk-gaap-ae_OtherTangibleFixedAssetCostOrValuation" xlink:type="arc"/>
      <loc xlink:href="uk-gaap-ae-2009-06-21.xsd#uk-gaap-ae_OtherTangibleFixedAssetDepreciation" xlink:label="uk-gaap-ae_OtherTangibleFixedAssetDepreciation" xlink:type="locator"/>
      <calculationArc order="2.0" use="optional" weight="-1.0" xlink:arcrole="http://www.xbrl.org/2003/arcrole/summation-item" xlink:from="uk-gaap-ae_OtherTangibleFixedAsset" xlink:to="uk-gaap-ae_OtherTangibleFixedAssetDepreciation" xlink:type="arc"/>
      <loc xlink:href="../../pt/2004-12-01/uk-gaap-pt-2004-12-01.xsd#uk-gaap-pt_IntangibleFixedAssets" xlink:label="uk-gaap-pt_IntangibleFixedAssets" xlink:type="locator"/>
      <calculationArc order="2.0" use="optional" weight="1.0" xlink:arcrole="http://www.xbrl.org/2003/arcrole/summation-item" xlink:from="uk-gaap-pt_FixedAssets" xlink:to="uk-gaap-pt_IntangibleFixedAssets" xlink:type="arc"/>
      <loc xlink:href="../../pt/2004-12-01/uk-gaap-pt-2004-12-01.xsd#uk-gaap-pt_IntangibleFixedAssetsCostOrValuation" xlink:label="uk-gaap-pt_IntangibleFixedAssetsCostOrValuation" xlink:type="locator"/>
      <calculationArc order="1.0" use="optional" weight="1.0" xlink:arcrole="http://www.xbrl.org/2003/arcrole/summation-item" xlink:from="uk-gaap-pt_IntangibleFixedAssets" xlink:to="uk-gaap-pt_IntangibleFixedAssetsCostOrValuation" xlink:type="arc"/>
      <loc xlink:href="../../pt/2004-12-01/uk-gaap-pt-2004-12-01.xsd#uk-gaap-pt_IntangibleFixedAssetsAggregateAmortisationImpairment" xlink:label="uk-gaap-pt_IntangibleFixedAssetsAggregateAmortisationImpairment" xlink:type="locator"/>
      <calculationArc order="2.0" use="optional" weight="-1.0" xlink:arcrole="http://www.xbrl.org/2003/arcrole/summation-item" xlink:from="uk-gaap-pt_IntangibleFixedAssets" xlink:to="uk-gaap-pt_IntangibleFixedAssetsAggregateAmortisationImpairment" xlink:type="arc"/>
      <loc xlink:href="../../pt/2004-12-01/uk-gaap-pt-2004-12-01.xsd#uk-gaap-pt_TotalInvestmentsFixedAssets" xlink:label="uk-gaap-pt_TotalInvestmentsFixedAssets" xlink:type="locator"/>
      <calculationArc order="3.0" use="optional" weight="1.0" xlink:arcrole="http://www.xbrl.org/2003/arcrole/summation-item" xlink:from="uk-gaap-pt_FixedAssets" xlink:to="uk-gaap-pt_TotalInvestmentsFixedAssets" xlink:type="arc"/>
      <loc xlink:href="../../pt/2004-12-01/uk-gaap-pt-2004-12-01.xsd#uk-gaap-pt_CalledUpShareCapitalNotPaidNotExpressedAsCurrentAsset" xlink:label="uk-gaap-pt_CalledUpShareCapitalNotPaidNotExpressedAsCurrentAsset" xlink:type="locator"/>
      <calculationArc order="3.0" use="optional" weight="1.0" xlink:arcrole="http://www.xbrl.org/2003/arcrole/summation-item" xlink:from="uk-gaap-pt_TotalAssetsLessCurrentLiabilities" xlink:to="uk-gaap-pt_CalledUpShareCapitalNotPaidNotExpressedAsCurrentAsset" xlink:type="arc"/>
      <loc xlink:href="../../pt/2004-12-01/uk-gaap-pt-2004-12-01.xsd#uk-gaap-pt_AccrualsDeferredIncome" xlink:label="uk-gaap-pt_AccrualsDeferredIncome" xlink:type="locator"/>
      <calculationArc order="4.0" use="optional" weight="-1.0" xlink:arcrole="http://www.xbrl.org/2003/arcrole/summation-item" xlink:from="uk-gaap-pt_NetAssetsLiabilitiesIncludingPensionAssetLiability" xlink:to="uk-gaap-pt_AccrualsDeferredIncome" xlink:type="arc"/>
      <loc xlink:href="../../pt/2004-12-01/uk-gaap-pt-2004-12-01.xsd#uk-gaap-pt_ShareholderFunds" xlink:label="uk-gaap-pt_ShareholderFunds" xlink:type="locator"/>
      <loc xlink:href="../../pt/2004-12-01/uk-gaap-pt-2004-12-01.xsd#uk-gaap-pt_CalledUpShareCapital" xlink:label="uk-gaap-pt_CalledUpShareCapital" xlink:type="locator"/>
      <calculationArc order="1.0" use="optional" weight="1.0" xlink:arcrole="http://www.xbrl.org/2003/arcrole/summation-item" xlink:from="uk-gaap-pt_ShareholderFunds" xlink:to="uk-gaap-pt_CalledUpShareCapital" xlink:type="arc"/>
      <loc xlink:href="../../pt/2004-12-01/uk-gaap-pt-2004-12-01.xsd#uk-gaap-pt_ProfitLossAccountReserve" xlink:label="uk-gaap-pt_ProfitLossAccountReserve" xlink:type="locator"/>
      <calculationArc order="2.0" use="optional" weight="1.0" xlink:arcrole="http://www.xbrl.org/2003/arcrole/summation-item" xlink:from="uk-gaap-pt_ShareholderFunds" xlink:to="uk-gaap-pt_ProfitLossAccountReserve" xlink:type="arc"/>
      <loc xlink:href="../../pt/2004-12-01/uk-gaap-pt-2004-12-01.xsd#uk-gaap-pt_RevaluationReserve" xlink:label="uk-gaap-pt_RevaluationReserve" xlink:type="locator"/>
      <calculationArc order="3.0" use="optional" weight="1.0" xlink:arcrole="http://www.xbrl.org/2003/arcrole/summation-item" xlink:from="uk-gaap-pt_ShareholderFunds" xlink:to="uk-gaap-pt_RevaluationReserve" xlink:type="arc"/>
      <loc xlink:href="../../pt/2004-12-01/uk-gaap-pt-2004-12-01.xsd#uk-gaap-pt_SharePremiumAccount" xlink:label="uk-gaap-pt_SharePremiumAccount" xlink:type="locator"/>
      <calculationArc order="4.0" use="optional" weight="1.0" xlink:arcrole="http://www.xbrl.org/2003/arcrole/summation-item" xlink:from="uk-gaap-pt_ShareholderFunds" xlink:to="uk-gaap-pt_SharePremiumAccount" xlink:type="arc"/>
      <loc xlink:href="../../pt/2004-12-01/uk-gaap-pt-2004-12-01.xsd#uk-gaap-pt_OtherAggregateReserves" xlink:label="uk-gaap-pt_OtherAggregateReserves" xlink:type="locator"/>
      <calculationArc order="5.0" use="optional" weight="1.0" xlink:arcrole="http://www.xbrl.org/2003/arcrole/summation-item" xlink:from="uk-gaap-pt_ShareholderFunds" xlink:to="uk-gaap-pt_OtherAggregateReserves" xlink:type="arc"/>
      <link:loc xlink:href="../../pt/2004-12-01/uk-gaap-pt-2004-12-01.xsd#uk-gaap-pt_OtherCreditorsAfterOneYear" xlink:label="uk-gaap-pt_OtherCreditorsAfterOneYear" xlink:type="locator"/>
      <link:calculationArc order="3.0" weight="1.0" xlink:arcrole="http://www.xbrl.org/2003/arcrole/summation-item" xlink:from="uk-gaap-pt_CreditorsDueAfterOneYearTotalNoncurrentLiabilities" xlink:to="uk-gaap-pt_OtherCreditorsAfterOneYear" xlink:type="arc"/>
      <link:loc xlink:href="uk-gaap-ae-2009-06-21.xsd#uk-gaap-ae_LoansFromDirectors" xlink:label="uk-gaap-pt_LoansFromDirectors" xlink:type="locator"/>
      <link:calculationArc order="4.0" weight="1.0" xlink:arcrole="http://www.xbrl.org/2003/arcrole/summation-item" xlink:from="uk-gaap-pt_CreditorsDueAfterOneYearTotalNoncurrentLiabilities" xlink:to="uk-gaap-pt_LoansFromDirectors" xlink:type="arc"/>
      <link:loc xlink:href="../../pt/2004-12-01/uk-gaap-pt-2004-12-01.xsd#uk-gaap-pt_InvestmentProperties" xlink:label="lbl_InvestmentProperties" xlink:type="locator"/>
      <link:calculationArc order="4.0" weight="1.0" xlink:arcrole="http://www.xbrl.org/2003/arcrole/summation-item" xlink:from="uk-gaap-pt_FixedAssets" xlink:to="lbl_InvestmentProperties" xlink:type="arc"/>
   </calculationLink>
   <calculationLink xlink:role="http://www.xbrl-uk.org/ExtendedLinkRoles/AE-Income-Statement" xlink:title="AE - Income Statement" xlink:type="extended">
      <loc xlink:href="../../pt/2004-12-01/uk-gaap-pt-2004-12-01.xsd#uk-gaap-pt_RetainedProfitLossForFinancialYearTransferredToReserves" xlink:label="uk-gaap-pt_RetainedProfitLossForFinancialYearTransferredToReserves" xlink:type="locator"/>
      <loc xlink:href="../../pt/2004-12-01/uk-gaap-pt-2004-12-01.xsd#uk-gaap-pt_GrossDividendPayment-AllShares" xlink:label="uk-gaap-pt_GrossDividendPayment-AllShares" xlink:type="locator"/>
      <calculationArc order="1.0" use="optional" weight="-1.0" xlink:arcrole="http://www.xbrl.org/2003/arcrole/summation-item" xlink:from="uk-gaap-pt_RetainedProfitLossForFinancialYearTransferredToReserves" xlink:to="uk-gaap-pt_GrossDividendPayment-AllShares" xlink:type="arc"/>
      <loc xlink:href="../../pt/2004-12-01/uk-gaap-pt-2004-12-01.xsd#uk-gaap-pt_EquitySharesTotalDividendPayment" xlink:label="uk-gaap-pt_EquitySharesTotalDividendPayment" xlink:type="locator"/>
      <calculationArc order="1.0" use="optional" weight="1.0" xlink:arcrole="http://www.xbrl.org/2003/arcrole/summation-item" xlink:from="uk-gaap-pt_GrossDividendPayment-AllShares" xlink:to="uk-gaap-pt_EquitySharesTotalDividendPayment" xlink:type="arc"/>
      <loc xlink:href="../../pt/2004-12-01/uk-gaap-pt-2004-12-01.xsd#uk-gaap-pt_NonEquitySharesTotalDividendPayment" xlink:label="uk-gaap-pt_NonEquitySharesTotalDividendPayment" xlink:type="locator"/>
      <calculationArc order="2.0" use="optional" weight="1.0" xlink:arcrole="http://www.xbrl.org/2003/arcrole/summation-item" xlink:from="uk-gaap-pt_GrossDividendPayment-AllShares" xlink:to="uk-gaap-pt_NonEquitySharesTotalDividendPayment" xlink:type="arc"/>
      <loc xlink:href="../../pt/2004-12-01/uk-gaap-pt-2004-12-01.xsd#uk-gaap-pt_ProfitLossOnOrdinaryActivitiesAfterTax" xlink:label="uk-gaap-pt_ProfitLossOnOrdinaryActivitiesAfterTax" xlink:type="locator"/>
      <calculationArc order="2.0" use="optional" weight="1.0" xlink:arcrole="http://www.xbrl.org/2003/arcrole/summation-item" xlink:from="uk-gaap-pt_RetainedProfitLossForFinancialYearTransferredToReserves" xlink:to="uk-gaap-pt_ProfitLossOnOrdinaryActivitiesAfterTax" xlink:type="arc"/>
      <loc xlink:href="../../pt/2004-12-01/uk-gaap-pt-2004-12-01.xsd#uk-gaap-pt_TaxRelatedToProfitOrLossOnOrdinaryActivities" xlink:label="uk-gaap-pt_TaxRelatedToProfitOrLossOnOrdinaryActivities" xlink:type="locator"/>
      <calculationArc order="1.0" use="optional" weight="-1.0" xlink:arcrole="http://www.xbrl.org/2003/arcrole/summation-item" xlink:from="uk-gaap-pt_ProfitLossOnOrdinaryActivitiesAfterTax" xlink:to="uk-gaap-pt_TaxRelatedToProfitOrLossOnOrdinaryActivities" xlink:type="arc"/>
      <loc xlink:href="../../pt/2004-12-01/uk-gaap-pt-2004-12-01.xsd#uk-gaap-pt_TotalUKCurrentCorporationTax" xlink:label="uk-gaap-pt_TotalUKCurrentCorporationTax" xlink:type="locator"/>
      <calculationArc order="1.0" use="optional" weight="1.0" xlink:arcrole="http://www.xbrl.org/2003/arcrole/summation-item" xlink:from="uk-gaap-pt_TaxRelatedToProfitOrLossOnOrdinaryActivities" xlink:to="uk-gaap-pt_TotalUKCurrentCorporationTax" xlink:type="arc"/>
      <loc xlink:href="../../pt/2004-12-01/uk-gaap-pt-2004-12-01.xsd#uk-gaap-pt_TotalDeferredTax" xlink:label="uk-gaap-pt_TotalDeferredTax" xlink:type="locator"/>
      <calculationArc order="2.0" use="optional" weight="1.0" xlink:arcrole="http://www.xbrl.org/2003/arcrole/summation-item" xlink:from="uk-gaap-pt_TaxRelatedToProfitOrLossOnOrdinaryActivities" xlink:to="uk-gaap-pt_TotalDeferredTax" xlink:type="arc"/>
      <loc xlink:href="../../pt/2004-12-01/uk-gaap-pt-2004-12-01.xsd#uk-gaap-pt_ProfitLossOnOrdinaryActivitiesBeforeTax" xlink:label="uk-gaap-pt_ProfitLossOnOrdinaryActivitiesBeforeTax" xlink:type="locator"/>
      <calculationArc order="2.0" use="optional" weight="1.0" xlink:arcrole="http://www.xbrl.org/2003/arcrole/summation-item" xlink:from="uk-gaap-pt_ProfitLossOnOrdinaryActivitiesAfterTax" xlink:to="uk-gaap-pt_ProfitLossOnOrdinaryActivitiesBeforeTax" xlink:type="arc"/>
      <loc xlink:href="../../pt/2004-12-01/uk-gaap-pt-2004-12-01.xsd#uk-gaap-pt_TotalOperatingProfitLoss" xlink:label="uk-gaap-pt_TotalOperatingProfitLoss" xlink:type="locator"/>
      <calculationArc order="2.0" use="optional" weight="1.0" xlink:arcrole="http://www.xbrl.org/2003/arcrole/summation-item" xlink:from="uk-gaap-pt_ProfitLossOnOrdinaryActivitiesBeforeTax" xlink:to="uk-gaap-pt_TotalOperatingProfitLoss" xlink:type="arc"/>
      <loc xlink:href="../../pt/2004-12-01/uk-gaap-pt-2004-12-01.xsd#uk-gaap-pt_AdministrativeExpenses" xlink:label="uk-gaap-pt_AdministrativeExpenses" xlink:type="locator"/>
      <calculationArc order="1.0" use="optional" weight="-1.0" xlink:arcrole="http://www.xbrl.org/2003/arcrole/summation-item" xlink:from="uk-gaap-pt_TotalOperatingProfitLoss" xlink:to="uk-gaap-pt_AdministrativeExpenses" xlink:type="arc"/>
      <loc xlink:href="../../pt/2004-12-01/uk-gaap-pt-2004-12-01.xsd#uk-gaap-pt_DistributionCosts" xlink:label="uk-gaap-pt_DistributionCosts" xlink:type="locator"/>
      <calculationArc order="2.0" use="optional" weight="-1.0" xlink:arcrole="http://www.xbrl.org/2003/arcrole/summation-item" xlink:from="uk-gaap-pt_TotalOperatingProfitLoss" xlink:to="uk-gaap-pt_DistributionCosts" xlink:type="arc"/>
      <loc xlink:href="../../pt/2004-12-01/uk-gaap-pt-2004-12-01.xsd#uk-gaap-pt_GrossProfitLoss" xlink:label="uk-gaap-pt_GrossProfitLoss" xlink:type="locator"/>
      <calculationArc order="3.0" use="optional" weight="1.0" xlink:arcrole="http://www.xbrl.org/2003/arcrole/summation-item" xlink:from="uk-gaap-pt_TotalOperatingProfitLoss" xlink:to="uk-gaap-pt_GrossProfitLoss" xlink:type="arc"/>
      <loc xlink:href="../../pt/2004-12-01/uk-gaap-pt-2004-12-01.xsd#uk-gaap-pt_CostSales" xlink:label="uk-gaap-pt_CostSales" xlink:type="locator"/>
      <calculationArc order="1.0" use="optional" weight="-1.0" xlink:arcrole="http://www.xbrl.org/2003/arcrole/summation-item" xlink:from="uk-gaap-pt_GrossProfitLoss" xlink:to="uk-gaap-pt_CostSales" xlink:type="arc"/>
      <loc xlink:href="../../pt/2004-12-01/uk-gaap-pt-2004-12-01.xsd#uk-gaap-pt_TurnoverGrossOperatingRevenue" xlink:label="uk-gaap-pt_TurnoverGrossOperatingRevenue" xlink:type="locator"/>
      <calculationArc order="2.0" use="optional" weight="1.0" xlink:arcrole="http://www.xbrl.org/2003/arcrole/summation-item" xlink:from="uk-gaap-pt_GrossProfitLoss" xlink:to="uk-gaap-pt_TurnoverGrossOperatingRevenue" xlink:type="arc"/>
      <link:loc xlink:href="../../pt/2004-12-01/uk-gaap-pt-2004-12-01.xsd#uk-gaap-pt_TotalInterestPayableReceivableNet" xlink:label="uk-gaap-pt_TotalInterestPayableReceivableNet" xlink:type="locator"/>
      <link:calculationArc order="1.0" weight="-1.0" xlink:arcrole="http://www.xbrl.org/2003/arcrole/summation-item" xlink:from="uk-gaap-pt_ProfitLossOnOrdinaryActivitiesBeforeTax" xlink:to="uk-gaap-pt_TotalInterestPayableReceivableNet" xlink:type="arc"/>
   </calculationLink>
   <calculationLink xlink:role="http://www.xbrl-uk.org/ExtendedLinkRoles/AE-Notes-to-Accounts" xlink:title="AE - Notes to Accounts" xlink:type="extended">
      <loc xlink:href="uk-gaap-ae-2009-06-21.xsd#uk-gaap-ae_ChargesBeforeOperatingProfit" xlink:label="uk-gaap-ae_ChargesBeforeOperatingProfit" xlink:type="locator"/>
      <loc xlink:href="../../pt/2004-12-01/uk-gaap-pt-2004-12-01.xsd#uk-gaap-pt_DepreciationAmountsWrittenOffFixedAssets" xlink:label="uk-gaap-pt_DepreciationAmountsWrittenOffFixedAssets" xlink:type="locator"/>
      <calculationArc order="1.0" use="optional" weight="1.0" xlink:arcrole="http://www.xbrl.org/2003/arcrole/summation-item" xlink:from="uk-gaap-ae_ChargesBeforeOperatingProfit" xlink:to="uk-gaap-pt_DepreciationAmountsWrittenOffFixedAssets" xlink:type="arc"/>
      <loc xlink:href="../../pt/2004-12-01/uk-gaap-pt-2004-12-01.xsd#uk-gaap-pt_OperatingLeaseExpenditure" xlink:label="uk-gaap-pt_OperatingLeaseExpenditure" xlink:type="locator"/>
      <calculationArc order="2.0" use="optional" weight="1.0" xlink:arcrole="http://www.xbrl.org/2003/arcrole/summation-item" xlink:from="uk-gaap-ae_ChargesBeforeOperatingProfit" xlink:to="uk-gaap-pt_OperatingLeaseExpenditure" xlink:type="arc"/>
      <loc xlink:href="../../pt/2004-12-01/uk-gaap-pt-2004-12-01.xsd#uk-gaap-pt_TotalFeesToAuditors" xlink:label="uk-gaap-pt_TotalFeesToAuditors" xlink:type="locator"/>
      <calculationArc order="3.0" use="optional" weight="1.0" xlink:arcrole="http://www.xbrl.org/2003/arcrole/summation-item" xlink:from="uk-gaap-ae_ChargesBeforeOperatingProfit" xlink:to="uk-gaap-pt_TotalFeesToAuditors" xlink:type="arc"/>
      <link:loc xlink:href="../../pt/2004-12-01/uk-gaap-pt-2004-12-01.xsd#uk-gaap-pt_LandBuildingsCostOrValuation" xlink:label="lbl_LandBuildingsCostOrValuation" xlink:type="locator"/>
      <link:loc xlink:href="../../pt/2004-12-01/uk-gaap-pt-2004-12-01.xsd#uk-gaap-pt_TangibleFixedAssetsCostOrValuation" xlink:label="lbl_TangibleFixedAssetsCostOrValuation" xlink:type="locator"/>
      <link:calculationArc order="1.0" weight="1.0" xlink:arcrole="http://www.xbrl.org/2003/arcrole/summation-item" xlink:from="lbl_TangibleFixedAssetsCostOrValuation" xlink:to="lbl_LandBuildingsCostOrValuation" xlink:type="arc"/>
      <link:loc xlink:href="../../pt/2004-12-01/uk-gaap-pt-2004-12-01.xsd#uk-gaap-pt_PlantMachineryCostOrValuation" xlink:label="lbl_PlantMachineryCostOrValuation" xlink:type="locator"/>
      <link:calculationArc order="2.0" weight="1.0" xlink:arcrole="http://www.xbrl.org/2003/arcrole/summation-item" xlink:from="lbl_TangibleFixedAssetsCostOrValuation" xlink:to="lbl_PlantMachineryCostOrValuation" xlink:type="arc"/>
      <link:loc xlink:href="../../pt/2004-12-01/uk-gaap-pt-2004-12-01.xsd#uk-gaap-pt_FixturesFittingsToolsEquipmentCostOrValuation" xlink:label="lbl_FixturesFittingsToolsEquipmentCostOrValuation" xlink:type="locator"/>
      <link:calculationArc order="3.0" weight="1.0" xlink:arcrole="http://www.xbrl.org/2003/arcrole/summation-item" xlink:from="lbl_TangibleFixedAssetsCostOrValuation" xlink:to="lbl_FixturesFittingsToolsEquipmentCostOrValuation" xlink:type="arc"/>
      <link:loc xlink:href="uk-gaap-ae-2009-06-21.xsd#uk-gaap-ae_OtherTangibleFixedAssetCostOrValuation" xlink:label="lbl_OtherTangibleFixedAssetCostOrValuation" xlink:type="locator"/>
      <link:calculationArc order="4.0" weight="1.0" xlink:arcrole="http://www.xbrl.org/2003/arcrole/summation-item" xlink:from="lbl_TangibleFixedAssetsCostOrValuation" xlink:to="lbl_OtherTangibleFixedAssetCostOrValuation" xlink:type="arc"/>
      <link:loc xlink:href="../../pt/2004-12-01/uk-gaap-pt-2004-12-01.xsd#uk-gaap-pt_LandBuildingsAdditions" xlink:label="lbl_LandBuildingsAdditions" xlink:type="locator"/>
      <link:loc xlink:href="../../pt/2004-12-01/uk-gaap-pt-2004-12-01.xsd#uk-gaap-pt_TangibleFixedAssetsAdditions" xlink:label="lbl_TangibleFixedAssetsAdditions" xlink:type="locator"/>
      <link:calculationArc order="1.0" weight="1.0" xlink:arcrole="http://www.xbrl.org/2003/arcrole/summation-item" xlink:from="lbl_TangibleFixedAssetsAdditions" xlink:to="lbl_LandBuildingsAdditions" xlink:type="arc"/>
      <link:loc xlink:href="../../pt/2004-12-01/uk-gaap-pt-2004-12-01.xsd#uk-gaap-pt_FixturesFittingsToolsEquipmentAdditions" xlink:label="lbl_FixturesFittingsToolsEquipmentAdditions" xlink:type="locator"/>
      <link:calculationArc order="2.0" weight="1.0" xlink:arcrole="http://www.xbrl.org/2003/arcrole/summation-item" xlink:from="lbl_TangibleFixedAssetsAdditions" xlink:to="lbl_FixturesFittingsToolsEquipmentAdditions" xlink:type="arc"/>
      <link:loc xlink:href="../../pt/2004-12-01/uk-gaap-pt-2004-12-01.xsd#uk-gaap-pt_PlantMachineryAdditions" xlink:label="lbl_PlantMachineryAdditions" xlink:type="locator"/>
      <link:calculationArc order="1.5" weight="1.0" xlink:arcrole="http://www.xbrl.org/2003/arcrole/summation-item" xlink:from="lbl_TangibleFixedAssetsAdditions" xlink:to="lbl_PlantMachineryAdditions" xlink:type="arc"/>
      <link:loc xlink:href="uk-gaap-ae-2009-06-21.xsd#uk-gaap-ae_OtherTangibleFixedAssetAdditions" xlink:label="lbl_OtherTangibleFixedAssetAdditions" xlink:type="locator"/>
      <link:calculationArc order="3.0" weight="1.0" xlink:arcrole="http://www.xbrl.org/2003/arcrole/summation-item" xlink:from="lbl_TangibleFixedAssetsAdditions" xlink:to="lbl_OtherTangibleFixedAssetAdditions" xlink:type="arc"/>
      <link:loc xlink:href="../../pt/2004-12-01/uk-gaap-pt-2004-12-01.xsd#uk-gaap-pt_LandBuildingsDisposals" xlink:label="lbl_LandBuildingsDisposals" xlink:type="locator"/>
      <link:loc xlink:href="../../pt/2004-12-01/uk-gaap-pt-2004-12-01.xsd#uk-gaap-pt_TangibleFixedAssetsDisposals" xlink:label="lbl_TangibleFixedAssetsDisposals" xlink:type="locator"/>
      <link:calculationArc order="1.0" weight="1.0" xlink:arcrole="http://www.xbrl.org/2003/arcrole/summation-item" xlink:from="lbl_TangibleFixedAssetsDisposals" xlink:to="lbl_LandBuildingsDisposals" xlink:type="arc"/>
      <link:loc xlink:href="../../pt/2004-12-01/uk-gaap-pt-2004-12-01.xsd#uk-gaap-pt_PlantMachineryDisposals" xlink:label="lbl_PlantMachineryDisposals" xlink:type="locator"/>
      <link:calculationArc order="2.0" weight="1.0" xlink:arcrole="http://www.xbrl.org/2003/arcrole/summation-item" xlink:from="lbl_TangibleFixedAssetsDisposals" xlink:to="lbl_PlantMachineryDisposals" xlink:type="arc"/>
      <link:loc xlink:href="../../pt/2004-12-01/uk-gaap-pt-2004-12-01.xsd#uk-gaap-pt_FixturesFittingsToolsEquipmentDisposals" xlink:label="lbl_FixturesFittingsToolsEquipmentDisposals" xlink:type="locator"/>
      <link:calculationArc order="3.0" weight="1.0" xlink:arcrole="http://www.xbrl.org/2003/arcrole/summation-item" xlink:from="lbl_TangibleFixedAssetsDisposals" xlink:to="lbl_FixturesFittingsToolsEquipmentDisposals" xlink:type="arc"/>
      <link:loc xlink:href="uk-gaap-ae-2009-06-21.xsd#uk-gaap-ae_OtherTangibleFixedAssetDisposals" xlink:label="lbl_OtherTangibleFixedAssetDisposals" xlink:type="locator"/>
      <link:calculationArc order="4.0" weight="1.0" xlink:arcrole="http://www.xbrl.org/2003/arcrole/summation-item" xlink:from="lbl_TangibleFixedAssetsDisposals" xlink:to="lbl_OtherTangibleFixedAssetDisposals" xlink:type="arc"/>
      <link:loc xlink:href="../../pt/2004-12-01/uk-gaap-pt-2004-12-01.xsd#uk-gaap-pt_LandBuildingsIncreaseDecreaseFromRevaluations" xlink:label="lbl_LandBuildingsIncreaseDecreaseFromRevaluations" xlink:type="locator"/>
      <link:loc xlink:href="../../pt/2004-12-01/uk-gaap-pt-2004-12-01.xsd#uk-gaap-pt_TangibleFixedAssetsIncreaseDecreaseFromRevaluations" xlink:label="lbl_TangibleFixedAssetsIncreaseDecreaseFromRevaluations" xlink:type="locator"/>
      <link:calculationArc order="1.0" weight="1.0" xlink:arcrole="http://www.xbrl.org/2003/arcrole/summation-item" xlink:from="lbl_TangibleFixedAssetsIncreaseDecreaseFromRevaluations" xlink:to="lbl_LandBuildingsIncreaseDecreaseFromRevaluations" xlink:type="arc"/>
      <link:loc xlink:href="../../pt/2004-12-01/uk-gaap-pt-2004-12-01.xsd#uk-gaap-pt_LandBuildingsIncreaseDecreaseFromTransfersBetweenItems" xlink:label="lbl_LandBuildingsIncreaseDecreaseFromTransfersBetweenItems" xlink:type="locator"/>
      <link:loc xlink:href="../../pt/2004-12-01/uk-gaap-pt-2004-12-01.xsd#uk-gaap-pt_TangibleFixedAssetsIncreaseDecreaseFromTransfersBetweenItems" xlink:label="lbl_TangibleFixedAssetsIncreaseDecreaseFromTransfersBetweenItems" xlink:type="locator"/>
      <link:calculationArc order="1.0" weight="1.0" xlink:arcrole="http://www.xbrl.org/2003/arcrole/summation-item" xlink:from="lbl_TangibleFixedAssetsIncreaseDecreaseFromTransfersBetweenItems" xlink:to="lbl_LandBuildingsIncreaseDecreaseFromTransfersBetweenItems" xlink:type="arc"/>
      <link:loc xlink:href="../../pt/2004-12-01/uk-gaap-pt-2004-12-01.xsd#uk-gaap-pt_PlantMachineryIncreaseDecreaseFromRevaluations" xlink:label="lbl_PlantMachineryIncreaseDecreaseFromRevaluations" xlink:type="locator"/>
      <link:calculationArc order="2.0" weight="1.0" xlink:arcrole="http://www.xbrl.org/2003/arcrole/summation-item" xlink:from="lbl_TangibleFixedAssetsIncreaseDecreaseFromRevaluations" xlink:to="lbl_PlantMachineryIncreaseDecreaseFromRevaluations" xlink:type="arc"/>
      <link:loc xlink:href="../../pt/2004-12-01/uk-gaap-pt-2004-12-01.xsd#uk-gaap-pt_PlantMachineryIncreaseDecreaseFromTransfersBetweenItems" xlink:label="lbl_PlantMachineryIncreaseDecreaseFromTransfersBetweenItems" xlink:type="locator"/>
      <link:calculationArc order="2.0" weight="1.0" xlink:arcrole="http://www.xbrl.org/2003/arcrole/summation-item" xlink:from="lbl_TangibleFixedAssetsIncreaseDecreaseFromTransfersBetweenItems" xlink:to="lbl_PlantMachineryIncreaseDecreaseFromTransfersBetweenItems" xlink:type="arc"/>
      <link:loc xlink:href="../../pt/2004-12-01/uk-gaap-pt-2004-12-01.xsd#uk-gaap-pt_FixturesFittingsToolsEquipmentIncreaseDecreaseFromRevaluations" xlink:label="lbl_FixturesFittingsToolsEquipmentIncreaseDecreaseFromRevaluations" xlink:type="locator"/>
      <link:calculationArc order="3.0" weight="1.0" xlink:arcrole="http://www.xbrl.org/2003/arcrole/summation-item" xlink:from="lbl_TangibleFixedAssetsIncreaseDecreaseFromRevaluations" xlink:to="lbl_FixturesFittingsToolsEquipmentIncreaseDecreaseFromRevaluations" xlink:type="arc"/>
      <link:loc xlink:href="../../pt/2004-12-01/uk-gaap-pt-2004-12-01.xsd#uk-gaap-pt_FixturesFittingsToolsEquipmentIncreaseDecreaseFromTransfersBetweenItems" xlink:label="lbl_FixturesFittingsToolsEquipmentIncreaseDecreaseFromTransfersBetweenItems" xlink:type="locator"/>
      <link:calculationArc order="3.0" weight="1.0" xlink:arcrole="http://www.xbrl.org/2003/arcrole/summation-item" xlink:from="lbl_TangibleFixedAssetsIncreaseDecreaseFromTransfersBetweenItems" xlink:to="lbl_FixturesFittingsToolsEquipmentIncreaseDecreaseFromTransfersBetweenItems" xlink:type="arc"/>
      <link:loc xlink:href="uk-gaap-ae-2009-06-21.xsd#uk-gaap-ae_OtherTangibleFixedAssetRevaluation" xlink:label="lbl_OtherTangibleFixedAssetRevaluation" xlink:type="locator"/>
      <link:calculationArc order="4.0" weight="1.0" xlink:arcrole="http://www.xbrl.org/2003/arcrole/summation-item" xlink:from="lbl_TangibleFixedAssetsIncreaseDecreaseFromRevaluations" xlink:to="lbl_OtherTangibleFixedAssetRevaluation" xlink:type="arc"/>
      <link:loc xlink:href="uk-gaap-ae-2009-06-21.xsd#uk-gaap-ae_OtherTangibleFixedAssetTransfers" xlink:label="lbl_OtherTangibleFixedAssetTransfers" xlink:type="locator"/>
      <link:calculationArc order="4.0" weight="1.0" xlink:arcrole="http://www.xbrl.org/2003/arcrole/summation-item" xlink:from="lbl_TangibleFixedAssetsIncreaseDecreaseFromTransfersBetweenItems" xlink:to="lbl_OtherTangibleFixedAssetTransfers" xlink:type="arc"/>
      <link:loc xlink:href="../../pt/2004-12-01/uk-gaap-pt-2004-12-01.xsd#uk-gaap-pt_TangibleFixedAssetsDepreciation" xlink:label="lbl_TangibleFixedAssetsDepreciation" xlink:type="locator"/>
      <link:loc xlink:href="../../pt/2004-12-01/uk-gaap-pt-2004-12-01.xsd#uk-gaap-pt_LandBuildingsDepreciation" xlink:label="lbl_LandBuildingsDepreciation" xlink:type="locator"/>
      <link:calculationArc order="1.0" weight="1.0" xlink:arcrole="http://www.xbrl.org/2003/arcrole/summation-item" xlink:from="lbl_TangibleFixedAssetsDepreciation" xlink:to="lbl_LandBuildingsDepreciation" xlink:type="arc"/>
      <link:loc xlink:href="../../pt/2004-12-01/uk-gaap-pt-2004-12-01.xsd#uk-gaap-pt_PlantMachineryDepreciation" xlink:label="lbl_PlantMachineryDepreciation" xlink:type="locator"/>
      <link:calculationArc order="2.0" weight="1.0" xlink:arcrole="http://www.xbrl.org/2003/arcrole/summation-item" xlink:from="lbl_TangibleFixedAssetsDepreciation" xlink:to="lbl_PlantMachineryDepreciation" xlink:type="arc"/>
      <link:loc xlink:href="../../pt/2004-12-01/uk-gaap-pt-2004-12-01.xsd#uk-gaap-pt_FixturesFittingsToolsEquipmentDepreciation" xlink:label="lbl_FixturesFittingsToolsEquipmentDepreciation" xlink:type="locator"/>
      <link:calculationArc order="3.0" weight="1.0" xlink:arcrole="http://www.xbrl.org/2003/arcrole/summation-item" xlink:from="lbl_TangibleFixedAssetsDepreciation" xlink:to="lbl_FixturesFittingsToolsEquipmentDepreciation" xlink:type="arc"/>
      <link:loc xlink:href="uk-gaap-ae-2009-06-21.xsd#uk-gaap-ae_OtherTangibleFixedAssetDepreciation" xlink:label="lbl_OtherTangibleFixedAssetDepreciation" xlink:type="locator"/>
      <link:calculationArc order="4.0" weight="1.0" xlink:arcrole="http://www.xbrl.org/2003/arcrole/summation-item" xlink:from="lbl_TangibleFixedAssetsDepreciation" xlink:to="lbl_OtherTangibleFixedAssetDepreciation" xlink:type="arc"/>
      <link:loc xlink:href="../../pt/2004-12-01/uk-gaap-pt-2004-12-01.xsd#uk-gaap-pt_LandBuildingsDepreciationChargeForPeriod" xlink:label="lbl_LandBuildingsDepreciationChargeForPeriod" xlink:type="locator"/>
      <link:loc xlink:href="../../pt/2004-12-01/uk-gaap-pt-2004-12-01.xsd#uk-gaap-pt_TangibleFixedAssetsDepreciationChargeForPeriod" xlink:label="lbl_TangibleFixedAssetsDepreciationChargeForPeriod" xlink:type="locator"/>
      <link:calculationArc order="1.0" weight="1.0" xlink:arcrole="http://www.xbrl.org/2003/arcrole/summation-item" xlink:from="lbl_TangibleFixedAssetsDepreciationChargeForPeriod" xlink:to="lbl_LandBuildingsDepreciationChargeForPeriod" xlink:type="arc"/>
      <link:loc xlink:href="../../pt/2004-12-01/uk-gaap-pt-2004-12-01.xsd#uk-gaap-pt_PlantMachineryDepreciationChargeForPeriod" xlink:label="lbl_PlantMachineryDepreciationChargeForPeriod" xlink:type="locator"/>
      <link:calculationArc order="2.0" weight="1.0" xlink:arcrole="http://www.xbrl.org/2003/arcrole/summation-item" xlink:from="lbl_TangibleFixedAssetsDepreciationChargeForPeriod" xlink:to="lbl_PlantMachineryDepreciationChargeForPeriod" xlink:type="arc"/>
      <link:loc xlink:href="../../pt/2004-12-01/uk-gaap-pt-2004-12-01.xsd#uk-gaap-pt_FixturesFittingsToolsEquipmentDepreciationChargeForPeriod" xlink:label="lbl_FixturesFittingsToolsEquipmentDepreciationChargeForPeriod" xlink:type="locator"/>
      <link:calculationArc order="3.0" weight="1.0" xlink:arcrole="http://www.xbrl.org/2003/arcrole/summation-item" xlink:from="lbl_TangibleFixedAssetsDepreciationChargeForPeriod" xlink:to="lbl_FixturesFittingsToolsEquipmentDepreciationChargeForPeriod" xlink:type="arc"/>
      <link:loc xlink:href="uk-gaap-ae-2009-06-21.xsd#uk-gaap-ae_OtherTangibleFixedAssetDepreciationChargeForPeriod" xlink:label="lbl_OtherTangibleFixedAssetDepreciationChargeForPeriod" xlink:type="locator"/>
      <link:calculationArc order="4.0" weight="1.0" xlink:arcrole="http://www.xbrl.org/2003/arcrole/summation-item" xlink:from="lbl_TangibleFixedAssetsDepreciationChargeForPeriod" xlink:to="lbl_OtherTangibleFixedAssetDepreciationChargeForPeriod" xlink:type="arc"/>
      <link:loc xlink:href="../../pt/2004-12-01/uk-gaap-pt-2004-12-01.xsd#uk-gaap-pt_LandBuildingsDepreciationDisposals" xlink:label="lbl_LandBuildingsDepreciationDisposals" xlink:type="locator"/>
      <link:loc xlink:href="../../pt/2004-12-01/uk-gaap-pt-2004-12-01.xsd#uk-gaap-pt_TangibleFixedAssetsDepreciationDisposals" xlink:label="lbl_TangibleFixedAssetsDepreciationDisposals" xlink:type="locator"/>
      <link:calculationArc order="1.0" weight="1.0" xlink:arcrole="http://www.xbrl.org/2003/arcrole/summation-item" xlink:from="lbl_TangibleFixedAssetsDepreciationDisposals" xlink:to="lbl_LandBuildingsDepreciationDisposals" xlink:type="arc"/>
      <link:loc xlink:href="../../pt/2004-12-01/uk-gaap-pt-2004-12-01.xsd#uk-gaap-pt_PlantMachineryDepreciationDisposals" xlink:label="lbl_PlantMachineryDepreciationDisposals" xlink:type="locator"/>
      <link:calculationArc order="2.0" weight="1.0" xlink:arcrole="http://www.xbrl.org/2003/arcrole/summation-item" xlink:from="lbl_TangibleFixedAssetsDepreciationDisposals" xlink:to="lbl_PlantMachineryDepreciationDisposals" xlink:type="arc"/>
      <link:loc xlink:href="../../pt/2004-12-01/uk-gaap-pt-2004-12-01.xsd#uk-gaap-pt_FixturesFittingsToolsEquipmentDepreciationDisposals" xlink:label="lbl_FixturesFittingsToolsEquipmentDepreciationDisposals" xlink:type="locator"/>
      <link:calculationArc order="3.0" weight="1.0" xlink:arcrole="http://www.xbrl.org/2003/arcrole/summation-item" xlink:from="lbl_TangibleFixedAssetsDepreciationDisposals" xlink:to="lbl_FixturesFittingsToolsEquipmentDepreciationDisposals" xlink:type="arc"/>
      <link:loc xlink:href="uk-gaap-ae-2009-06-21.xsd#uk-gaap-ae_OtherTangibleFixedAssetDepreciationDisposals" xlink:label="lbl_OtherTangibleFixedAssetDepreciationDisposals" xlink:type="locator"/>
      <link:calculationArc order="4.0" weight="1.0" xlink:arcrole="http://www.xbrl.org/2003/arcrole/summation-item" xlink:from="lbl_TangibleFixedAssetsDepreciationDisposals" xlink:to="lbl_OtherTangibleFixedAssetDepreciationDisposals" xlink:type="arc"/>
      <link:loc xlink:href="../../pt/2004-12-01/uk-gaap-pt-2004-12-01.xsd#uk-gaap-pt_LandBuildingsDepreciationIncreaseDecreaseFromTransfersBetweenItems" xlink:label="lbl_LandBuildingsDepreciationIncreaseDecreaseFromTransfersBetweenItems" xlink:type="locator"/>
      <link:loc xlink:href="../../pt/2004-12-01/uk-gaap-pt-2004-12-01.xsd#uk-gaap-pt_TangibleFixedAssetsDepreciationIncreaseDecreaseFromTransfersBetweenItems" xlink:label="lbl_TangibleFixedAssetsDepreciationIncreaseDecreaseFromTransfersBetweenItems" xlink:type="locator"/>
      <link:calculationArc order="1.0" weight="1.0" xlink:arcrole="http://www.xbrl.org/2003/arcrole/summation-item" xlink:from="lbl_TangibleFixedAssetsDepreciationIncreaseDecreaseFromTransfersBetweenItems" xlink:to="lbl_LandBuildingsDepreciationIncreaseDecreaseFromTransfersBetweenItems" xlink:type="arc"/>
      <link:loc xlink:href="../../pt/2004-12-01/uk-gaap-pt-2004-12-01.xsd#uk-gaap-pt_PlantMachineryDepreciationIncreaseDecreaseFromTransfersBetweenItems" xlink:label="lbl_PlantMachineryDepreciationIncreaseDecreaseFromTransfersBetweenItems" xlink:type="locator"/>
      <link:calculationArc order="2.0" weight="1.0" xlink:arcrole="http://www.xbrl.org/2003/arcrole/summation-item" xlink:from="lbl_TangibleFixedAssetsDepreciationIncreaseDecreaseFromTransfersBetweenItems" xlink:to="lbl_PlantMachineryDepreciationIncreaseDecreaseFromTransfersBetweenItems" xlink:type="arc"/>
      <link:loc xlink:href="../../pt/2004-12-01/uk-gaap-pt-2004-12-01.xsd#uk-gaap-pt_FixturesFittingsToolsEquipmentDepreciationIncreaseDecreaseFromTransfersBetweenItems" xlink:label="lbl_FixturesFittingsToolsEquipmentDepreciationIncreaseDecreaseFromTransfersBetweenItems" xlink:type="locator"/>
      <link:calculationArc order="3.0" weight="1.0" xlink:arcrole="http://www.xbrl.org/2003/arcrole/summation-item" xlink:from="lbl_TangibleFixedAssetsDepreciationIncreaseDecreaseFromTransfersBetweenItems" xlink:to="lbl_FixturesFittingsToolsEquipmentDepreciationIncreaseDecreaseFromTransfersBetweenItems" xlink:type="arc"/>
      <link:loc xlink:href="uk-gaap-ae-2009-06-21.xsd#uk-gaap-ae_OtherTangibleFixedAssetDepreciationTransfers" xlink:label="lbl_OtherTangibleFixedAssetDepreciationTransfers" xlink:type="locator"/>
      <link:calculationArc order="4.0" weight="1.0" xlink:arcrole="http://www.xbrl.org/2003/arcrole/summation-item" xlink:from="lbl_TangibleFixedAssetsDepreciationIncreaseDecreaseFromTransfersBetweenItems" xlink:to="lbl_OtherTangibleFixedAssetDepreciationTransfers" xlink:type="arc"/>
      <link:loc xlink:href="uk-gaap-ae-2009-06-21.xsd#uk-gaap-ae_TangibleFixedAssetsDepreciationOtherAdjustments" xlink:label="lbl_TangibleFixedAssetsDepreciationOtherAdjustments" xlink:type="locator"/>
      <link:calculationArc order="1.0" weight="1.0" xlink:arcrole="http://www.xbrl.org/2003/arcrole/summation-item" xlink:from="lbl_TangibleFixedAssetsDepreciationOtherAdjustments" xlink:to="lbl_LandBuildingsDepreciationOtherAdjustments" xlink:type="arc"/>
      <link:calculationArc order="2.0" weight="1.0" xlink:arcrole="http://www.xbrl.org/2003/arcrole/summation-item" xlink:from="lbl_TangibleFixedAssetsDepreciationOtherAdjustments" xlink:to="lbl_PlantMachineryDepreciationOtherAdjustments" xlink:type="arc"/>
      <link:calculationArc order="3.0" weight="1.0" xlink:arcrole="http://www.xbrl.org/2003/arcrole/summation-item" xlink:from="lbl_TangibleFixedAssetsDepreciationOtherAdjustments" xlink:to="lbl_FixturesFittingsToolsEquipmentDepreciationOtherAdjustments" xlink:type="arc"/>
      <link:loc xlink:href="uk-gaap-ae-2009-06-21.xsd#uk-gaap-ae_OtherTangibleFixedAssetDepreciationOtherAdjustments" xlink:label="lbl_OtherTangibleFixedAssetDepreciationOtherAdjustments" xlink:type="locator"/>
      <link:calculationArc order="4.0" weight="1.0" xlink:arcrole="http://www.xbrl.org/2003/arcrole/summation-item" xlink:from="lbl_TangibleFixedAssetsDepreciationOtherAdjustments" xlink:to="lbl_OtherTangibleFixedAssetDepreciationOtherAdjustments" xlink:type="arc"/>
      <link:loc xlink:href="../../pt/2004-12-01/uk-gaap-pt-2004-12-01.xsd#uk-gaap-pt_TangibleFixedAssets" xlink:label="lbl_TangibleFixedAssets" xlink:type="locator"/>
      <link:calculationArc order="1.0" weight="1.0" xlink:arcrole="http://www.xbrl.org/2003/arcrole/summation-item" xlink:from="lbl_TangibleFixedAssets" xlink:to="lbl_TangibleFixedAssetsCostOrValuation" xlink:type="arc"/>
      <link:calculationArc order="2.0" weight="-1.0" xlink:arcrole="http://www.xbrl.org/2003/arcrole/summation-item" xlink:from="lbl_TangibleFixedAssets" xlink:to="lbl_TangibleFixedAssetsDepreciation" xlink:type="arc"/>
      <link:loc xlink:href="../../pt/2004-12-01/uk-gaap-pt-2004-12-01.xsd#uk-gaap-pt_TotalFixedAssetInvestmentsCostOrValuation" xlink:label="lbl_TotalFixedAssetInvestmentsCostOrValuation" xlink:type="locator"/>
      <link:loc xlink:href="../../pt/2004-12-01/uk-gaap-pt-2004-12-01.xsd#uk-gaap-pt_TotalInvestmentsFixedAssets" xlink:label="lbl_TotalInvestmentsFixedAssets" xlink:type="locator"/>
      <link:calculationArc order="1.0" weight="1.0" xlink:arcrole="http://www.xbrl.org/2003/arcrole/summation-item" xlink:from="lbl_TotalInvestmentsFixedAssets" xlink:to="lbl_TotalFixedAssetInvestmentsCostOrValuation" xlink:type="arc"/>
      <link:loc xlink:href="uk-gaap-ae-2009-06-21.xsd#uk-gaap-ae_InvestmentsFixedAssetsDepreciation" xlink:label="lbl_InvestmentsFixedAssetsDepreciation" xlink:type="locator"/>
      <link:calculationArc order="2.0" weight="-1.0" xlink:arcrole="http://www.xbrl.org/2003/arcrole/summation-item" xlink:from="lbl_TotalInvestmentsFixedAssets" xlink:to="lbl_InvestmentsFixedAssetsDepreciation" xlink:type="arc"/>
      <link:loc xlink:href="../../pt/2004-12-01/uk-gaap-pt-2004-12-01.xsd#uk-gaap-pt_InvestmentPropertiesCostOrValuation" xlink:label="lbl_InvestmentPropertiesCostOrValuation" xlink:type="locator"/>
      <link:loc xlink:href="../../pt/2004-12-01/uk-gaap-pt-2004-12-01.xsd#uk-gaap-pt_InvestmentProperties" xlink:label="lbl_InvestmentProperties" xlink:type="locator"/>
      <link:calculationArc order="1.0" weight="1.0" xlink:arcrole="http://www.xbrl.org/2003/arcrole/summation-item" xlink:from="lbl_InvestmentProperties" xlink:to="lbl_InvestmentPropertiesCostOrValuation" xlink:type="arc"/>
      <link:loc xlink:href="../../pt/2004-12-01/uk-gaap-pt-2004-12-01.xsd#uk-gaap-pt_InvestmentPropertiesDepreciation" xlink:label="lbl_InvestmentPropertiesDepreciation" xlink:type="locator"/>
      <link:calculationArc order="2.0" weight="-1.0" xlink:arcrole="http://www.xbrl.org/2003/arcrole/summation-item" xlink:from="lbl_InvestmentProperties" xlink:to="lbl_InvestmentPropertiesDepreciation" xlink:type="arc"/>
      <link:loc xlink:href="../../pt/2004-12-01/uk-gaap-pt-2004-12-01.xsd#uk-gaap-pt_IntangibleFixedAssetsCostOrValuation" xlink:label="lbl_IntangibleFixedAssetsCostOrValuation" xlink:type="locator"/>
      <link:loc xlink:href="uk-gaap-ae-2009-06-21.xsd#uk-gaap-ae_TotalFixedAssetsCostOrValuation" xlink:label="lbl_TotalFixedAssetsCostOrValuation" xlink:type="locator"/>
      <link:calculationArc order="1.0" weight="1.0" xlink:arcrole="http://www.xbrl.org/2003/arcrole/summation-item" xlink:from="lbl_TotalFixedAssetsCostOrValuation" xlink:to="lbl_IntangibleFixedAssetsCostOrValuation" xlink:type="arc"/>
      <link:calculationArc order="2.0" weight="1.0" xlink:arcrole="http://www.xbrl.org/2003/arcrole/summation-item" xlink:from="lbl_TotalFixedAssetsCostOrValuation" xlink:to="lbl_TangibleFixedAssetsCostOrValuation" xlink:type="arc"/>
      <link:calculationArc order="3.0" weight="1.0" xlink:arcrole="http://www.xbrl.org/2003/arcrole/summation-item" xlink:from="lbl_TotalFixedAssetsCostOrValuation" xlink:to="lbl_TotalFixedAssetInvestmentsCostOrValuation" xlink:type="arc"/>
      <link:calculationArc order="4.0" weight="1.0" xlink:arcrole="http://www.xbrl.org/2003/arcrole/summation-item" xlink:from="lbl_TotalFixedAssetsCostOrValuation" xlink:to="lbl_InvestmentPropertiesCostOrValuation" xlink:type="arc"/>
      <link:loc xlink:href="../../pt/2004-12-01/uk-gaap-pt-2004-12-01.xsd#uk-gaap-pt_IntangibleFixedAssetsAdditions" xlink:label="lbl_IntangibleFixedAssetsAdditions" xlink:type="locator"/>
      <link:loc xlink:href="uk-gaap-ae-2009-06-21.xsd#uk-gaap-ae_TotalFixedAssetsAdditions" xlink:label="lbl_TotalFixedAssetsAdditions" xlink:type="locator"/>
      <link:calculationArc order="1.0" weight="1.0" xlink:arcrole="http://www.xbrl.org/2003/arcrole/summation-item" xlink:from="lbl_TotalFixedAssetsAdditions" xlink:to="lbl_IntangibleFixedAssetsAdditions" xlink:type="arc"/>
      <link:calculationArc order="2.0" weight="1.0" xlink:arcrole="http://www.xbrl.org/2003/arcrole/summation-item" xlink:from="lbl_TotalFixedAssetsAdditions" xlink:to="lbl_TangibleFixedAssetsAdditions" xlink:type="arc"/>
      <link:loc xlink:href="../../pt/2004-12-01/uk-gaap-pt-2004-12-01.xsd#uk-gaap-pt_InvestmentPropertiesAdditions" xlink:label="lbl_InvestmentPropertiesAdditions" xlink:type="locator"/>
      <link:calculationArc order="3.0" weight="1.0" xlink:arcrole="http://www.xbrl.org/2003/arcrole/summation-item" xlink:from="lbl_TotalFixedAssetsAdditions" xlink:to="lbl_InvestmentPropertiesAdditions" xlink:type="arc"/>
      <link:loc xlink:href="../../pt/2004-12-01/uk-gaap-pt-2004-12-01.xsd#uk-gaap-pt_TotalFixedAssetInvestmentsAdditions" xlink:label="lbl_TotalFixedAssetInvestmentsAdditions" xlink:type="locator"/>
      <link:calculationArc order="2.5" weight="1.0" xlink:arcrole="http://www.xbrl.org/2003/arcrole/summation-item" xlink:from="lbl_TotalFixedAssetsAdditions" xlink:to="lbl_TotalFixedAssetInvestmentsAdditions" xlink:type="arc"/>
      <link:loc xlink:href="../../pt/2004-12-01/uk-gaap-pt-2004-12-01.xsd#uk-gaap-pt_IntangibleFixedAssetsDisposals" xlink:label="lbl_IntangibleFixedAssetsDisposals" xlink:type="locator"/>
      <link:loc xlink:href="uk-gaap-ae-2009-06-21.xsd#uk-gaap-ae_TotalFixedAssetsDisposals" xlink:label="lbl_TotalFixedAssetsDisposals" xlink:type="locator"/>
      <link:calculationArc order="1.0" weight="1.0" xlink:arcrole="http://www.xbrl.org/2003/arcrole/summation-item" xlink:from="lbl_TotalFixedAssetsDisposals" xlink:to="lbl_IntangibleFixedAssetsDisposals" xlink:type="arc"/>
      <link:calculationArc order="2.0" weight="1.0" xlink:arcrole="http://www.xbrl.org/2003/arcrole/summation-item" xlink:from="lbl_TotalFixedAssetsDisposals" xlink:to="lbl_TangibleFixedAssetsDisposals" xlink:type="arc"/>
      <link:loc xlink:href="../../pt/2004-12-01/uk-gaap-pt-2004-12-01.xsd#uk-gaap-pt_TotalFixedAssetInvestmentsDisposals" xlink:label="lbl_TotalFixedAssetInvestmentsDisposals" xlink:type="locator"/>
      <link:calculationArc order="3.0" weight="1.0" xlink:arcrole="http://www.xbrl.org/2003/arcrole/summation-item" xlink:from="lbl_TotalFixedAssetsDisposals" xlink:to="lbl_TotalFixedAssetInvestmentsDisposals" xlink:type="arc"/>
      <link:loc xlink:href="../../pt/2004-12-01/uk-gaap-pt-2004-12-01.xsd#uk-gaap-pt_InvestmentPropertiesDisposals" xlink:label="lbl_InvestmentPropertiesDisposals" xlink:type="locator"/>
      <link:calculationArc order="4.0" weight="1.0" xlink:arcrole="http://www.xbrl.org/2003/arcrole/summation-item" xlink:from="lbl_TotalFixedAssetsDisposals" xlink:to="lbl_InvestmentPropertiesDisposals" xlink:type="arc"/>
      <link:loc xlink:href="uk-gaap-ae-2009-06-21.xsd#uk-gaap-ae_IntangibleFixedAssetsRevaluation" xlink:label="lbl_IntangibleFixedAssetsRevaluation" xlink:type="locator"/>
      <link:loc xlink:href="uk-gaap-ae-2009-06-21.xsd#uk-gaap-ae_TotalFixedAssetsRevaluation" xlink:label="lbl_TotalFixedAssetsRevaluation" xlink:type="locator"/>
      <link:calculationArc order="1.0" weight="1.0" xlink:arcrole="http://www.xbrl.org/2003/arcrole/summation-item" xlink:from="lbl_TotalFixedAssetsRevaluation" xlink:to="lbl_IntangibleFixedAssetsRevaluation" xlink:type="arc"/>
      <link:calculationArc order="2.0" weight="1.0" xlink:arcrole="http://www.xbrl.org/2003/arcrole/summation-item" xlink:from="lbl_TotalFixedAssetsRevaluation" xlink:to="lbl_TangibleFixedAssetsIncreaseDecreaseFromRevaluations" xlink:type="arc"/>
      <link:calculationArc order="3.0" weight="1.0" xlink:arcrole="http://www.xbrl.org/2003/arcrole/summation-item" xlink:from="lbl_TotalFixedAssetsRevaluation" xlink:to="lbl_InvestmentsFixedAssetsRevaluations" xlink:type="arc"/>
      <link:loc xlink:href="../../pt/2004-12-01/uk-gaap-pt-2004-12-01.xsd#uk-gaap-pt_IntangibleFixedAssetsIncreaseDecreaseFromTransfersBetweenItems" xlink:label="lbl_IntangibleFixedAssetsIncreaseDecreaseFromTransfersBetweenItems" xlink:type="locator"/>
      <link:loc xlink:href="uk-gaap-ae-2009-06-21.xsd#uk-gaap-ae_TotalFixedAssetsIncreaseDecreaseFromTransfersBetweenItems" xlink:label="lbl_TotalFixedAssetsIncreaseDecreaseFromTransfersBetweenItems" xlink:type="locator"/>
      <link:calculationArc order="1.0" weight="1.0" xlink:arcrole="http://www.xbrl.org/2003/arcrole/summation-item" xlink:from="lbl_TotalFixedAssetsIncreaseDecreaseFromTransfersBetweenItems" xlink:to="lbl_IntangibleFixedAssetsIncreaseDecreaseFromTransfersBetweenItems" xlink:type="arc"/>
      <link:calculationArc order="2.0" weight="1.0" xlink:arcrole="http://www.xbrl.org/2003/arcrole/summation-item" xlink:from="lbl_TotalFixedAssetsIncreaseDecreaseFromTransfersBetweenItems" xlink:to="lbl_TangibleFixedAssetsIncreaseDecreaseFromTransfersBetweenItems" xlink:type="arc"/>
      <link:calculationArc order="3.0" weight="1.0" xlink:arcrole="http://www.xbrl.org/2003/arcrole/summation-item" xlink:from="lbl_TotalFixedAssetsIncreaseDecreaseFromTransfersBetweenItems" xlink:to="lbl_InvestmentsFixedAssetsIncreaseDecreaseFromTransfersBetweenItems" xlink:type="arc"/>
      <link:loc xlink:href="../../pt/2004-12-01/uk-gaap-pt-2004-12-01.xsd#uk-gaap-pt_InvestmentPropertiesIncreaseDecreaseFromTransfersBetweenItems" xlink:label="lbl_InvestmentPropertiesIncreaseDecreaseFromTransfersBetweenItems" xlink:type="locator"/>
      <link:calculationArc order="4.0" weight="1.0" xlink:arcrole="http://www.xbrl.org/2003/arcrole/summation-item" xlink:from="lbl_TotalFixedAssetsIncreaseDecreaseFromTransfersBetweenItems" xlink:to="lbl_InvestmentPropertiesIncreaseDecreaseFromTransfersBetweenItems" xlink:type="arc"/>
      <link:loc xlink:href="uk-gaap-ae-2009-06-21.xsd#uk-gaap-ae_TotalFixedAssetsDepreciation" xlink:label="lbl_TotalFixedAssetsDepreciation" xlink:type="locator"/>
      <link:loc xlink:href="../../pt/2004-12-01/uk-gaap-pt-2004-12-01.xsd#uk-gaap-pt_IntangibleFixedAssetsAmortisationChargedInPeriod" xlink:label="lbl_IntangibleFixedAssetsAmortisationChargedInPeriod" xlink:type="locator"/>
      <link:loc xlink:href="uk-gaap-ae-2009-06-21.xsd#uk-gaap-ae_TotalFixedAssetsDepreciationChargeInPeriod" xlink:label="lbl_TotalFixedAssetsDepreciationChargeInPeriod" xlink:type="locator"/>
      <link:calculationArc order="1.0" weight="1.0" xlink:arcrole="http://www.xbrl.org/2003/arcrole/summation-item" xlink:from="lbl_TotalFixedAssetsDepreciationChargeInPeriod" xlink:to="lbl_IntangibleFixedAssetsAmortisationChargedInPeriod" xlink:type="arc"/>
      <link:loc xlink:href="uk-gaap-ae-2009-06-21.xsd#uk-gaap-ae_InvestmentsFixedAssetsDepreciationChargedInPeriod" xlink:label="lbl_InvestmentsFixedAssetsDepreciationChargedInPeriod" xlink:type="locator"/>
      <link:calculationArc order="3.0" weight="1.0" xlink:arcrole="http://www.xbrl.org/2003/arcrole/summation-item" xlink:from="lbl_TotalFixedAssetsDepreciationChargeInPeriod" xlink:to="lbl_InvestmentsFixedAssetsDepreciationChargedInPeriod" xlink:type="arc"/>
      <link:loc xlink:href="../../pt/2004-12-01/uk-gaap-pt-2004-12-01.xsd#uk-gaap-pt_InvestmentPropertiesDepreciationChargeForPeriod" xlink:label="lbl_InvestmentPropertiesDepreciationChargeForPeriod" xlink:type="locator"/>
      <link:calculationArc order="4.0" weight="1.0" xlink:arcrole="http://www.xbrl.org/2003/arcrole/summation-item" xlink:from="lbl_TotalFixedAssetsDepreciationChargeInPeriod" xlink:to="lbl_InvestmentPropertiesDepreciationChargeForPeriod" xlink:type="arc"/>
      <link:calculationArc order="2.0" weight="1.0" xlink:arcrole="http://www.xbrl.org/2003/arcrole/summation-item" xlink:from="lbl_TotalFixedAssetsDepreciationChargeInPeriod" xlink:to="lbl_TangibleFixedAssetsDepreciationChargeForPeriod" xlink:type="arc"/>
      <link:loc xlink:href="../../pt/2004-12-01/uk-gaap-pt-2004-12-01.xsd#uk-gaap-pt_IntangibleFixedAssetsAmortisationOnDisposals" xlink:label="lbl_IntangibleFixedAssetsAmortisationOnDisposals" xlink:type="locator"/>
      <link:loc xlink:href="uk-gaap-ae-2009-06-21.xsd#uk-gaap-ae_TotalFixedAssetsDepreciationDisposals" xlink:label="lbl_TotalFixedAssetsDepreciationDisposals" xlink:type="locator"/>
      <link:calculationArc order="1.0" weight="1.0" xlink:arcrole="http://www.xbrl.org/2003/arcrole/summation-item" xlink:from="lbl_TotalFixedAssetsDepreciationDisposals" xlink:to="lbl_IntangibleFixedAssetsAmortisationOnDisposals" xlink:type="arc"/>
      <link:calculationArc order="2.0" weight="1.0" xlink:arcrole="http://www.xbrl.org/2003/arcrole/summation-item" xlink:from="lbl_TotalFixedAssetsDepreciationDisposals" xlink:to="lbl_TangibleFixedAssetsDepreciationDisposals" xlink:type="arc"/>
      <link:loc xlink:href="uk-gaap-ae-2009-06-21.xsd#uk-gaap-ae_InvestmentsFixedAssetsDepreciationOnDisposals" xlink:label="lbl_InvestmentsFixedAssetsDepreciationOnDisposals" xlink:type="locator"/>
      <link:calculationArc order="3.0" weight="1.0" xlink:arcrole="http://www.xbrl.org/2003/arcrole/summation-item" xlink:from="lbl_TotalFixedAssetsDepreciationDisposals" xlink:to="lbl_InvestmentsFixedAssetsDepreciationOnDisposals" xlink:type="arc"/>
      <link:loc xlink:href="../../pt/2004-12-01/uk-gaap-pt-2004-12-01.xsd#uk-gaap-pt_InvestmentPropertiesDepreciationDisposals" xlink:label="lbl_InvestmentPropertiesDepreciationDisposals" xlink:type="locator"/>
      <link:calculationArc order="4.0" weight="1.0" xlink:arcrole="http://www.xbrl.org/2003/arcrole/summation-item" xlink:from="lbl_TotalFixedAssetsDepreciationDisposals" xlink:to="lbl_InvestmentPropertiesDepreciationDisposals" xlink:type="arc"/>
      <link:loc xlink:href="../../pt/2004-12-01/uk-gaap-pt-2004-12-01.xsd#uk-gaap-pt_IntangibleFixedAssetsAmortisationIncreaseDecreaseFromTransfersBetweenItems" xlink:label="lbl_IntangibleFixedAssetsAmortisationIncreaseDecreaseFromTransfersBetweenItems" xlink:type="locator"/>
      <link:loc xlink:href="uk-gaap-ae-2009-06-21.xsd#uk-gaap-ae_TotalFixedAssetsDepreciationOnTransfers" xlink:label="lbl_TotalFixedAssetsDepreciationOnTransfers" xlink:type="locator"/>
      <link:calculationArc order="1.0" weight="1.0" xlink:arcrole="http://www.xbrl.org/2003/arcrole/summation-item" xlink:from="lbl_TotalFixedAssetsDepreciationOnTransfers" xlink:to="lbl_IntangibleFixedAssetsAmortisationIncreaseDecreaseFromTransfersBetweenItems" xlink:type="arc"/>
      <link:calculationArc order="2.0" weight="1.0" xlink:arcrole="http://www.xbrl.org/2003/arcrole/summation-item" xlink:from="lbl_TotalFixedAssetsDepreciationOnTransfers" xlink:to="lbl_TangibleFixedAssetsDepreciationIncreaseDecreaseFromTransfersBetweenItems" xlink:type="arc"/>
      <link:loc xlink:href="uk-gaap-ae-2009-06-21.xsd#uk-gaap-ae_InvestmentsFixedAssetsDepreciationOnTransfers" xlink:label="lbl_InvestmentsFixedAssetsDepreciationOnTransfers" xlink:type="locator"/>
      <link:calculationArc order="3.0" weight="1.0" xlink:arcrole="http://www.xbrl.org/2003/arcrole/summation-item" xlink:from="lbl_TotalFixedAssetsDepreciationOnTransfers" xlink:to="lbl_InvestmentsFixedAssetsDepreciationOnTransfers" xlink:type="arc"/>
      <link:loc xlink:href="../../pt/2004-12-01/uk-gaap-pt-2004-12-01.xsd#uk-gaap-pt_InvestmentPropertiesDepreciationIncreaseDecreaseFromTransfersBetweenItems" xlink:label="lbl_InvestmentPropertiesDepreciationIncreaseDecreaseFromTransfersBetweenItems" xlink:type="locator"/>
      <link:calculationArc order="4.0" weight="1.0" xlink:arcrole="http://www.xbrl.org/2003/arcrole/summation-item" xlink:from="lbl_TotalFixedAssetsDepreciationOnTransfers" xlink:to="lbl_InvestmentPropertiesDepreciationIncreaseDecreaseFromTransfersBetweenItems" xlink:type="arc"/>
      <link:loc xlink:href="uk-gaap-ae-2009-06-21.xsd#uk-gaap-ae_IntangibleFixedAssetsAmortisationOtherAdjustments" xlink:label="lbl_IntangibleFixedAssetsAmortisationOtherAdjustments" xlink:type="locator"/>
      <link:loc xlink:href="uk-gaap-ae-2009-06-21.xsd#uk-gaap-ae_LandBuildingsDepreciationOtherAdjustments" xlink:label="lbl_LandBuildingsDepreciationOtherAdjustments" xlink:type="locator"/>
      <link:loc xlink:href="uk-gaap-ae-2009-06-21.xsd#uk-gaap-ae_PlantMachineryDepreciationOtherAdjustments" xlink:label="lbl_PlantMachineryDepreciationOtherAdjustments" xlink:type="locator"/>
      <link:loc xlink:href="uk-gaap-ae-2009-06-21.xsd#uk-gaap-ae_FixturesFittingsToolsEquipmentDepreciationOtherAdjustments" xlink:label="lbl_FixturesFittingsToolsEquipmentDepreciationOtherAdjustments" xlink:type="locator"/>
      <link:loc xlink:href="uk-gaap-ae-2009-06-21.xsd#uk-gaap-ae_InvestmentsFixedAssetsRevaluations" xlink:label="lbl_InvestmentsFixedAssetsRevaluations" xlink:type="locator"/>
      <link:loc xlink:href="uk-gaap-ae-2009-06-21.xsd#uk-gaap-ae_InvestmentsFixedAssetsIncreaseDecreaseFromTransfersBetweenItems" xlink:label="lbl_InvestmentsFixedAssetsIncreaseDecreaseFromTransfersBetweenItems" xlink:type="locator"/>
      <link:loc xlink:href="../../pt/2004-12-01/uk-gaap-pt-2004-12-01.xsd#uk-gaap-pt_InvestmentPropertiesIncreaseDecreaseFromRevaluations" xlink:label="lbl_InvestmentPropertiesIncreaseDecreaseFromRevaluations" xlink:type="locator"/>
      <link:calculationArc order="4.0" weight="1.0" xlink:arcrole="http://www.xbrl.org/2003/arcrole/summation-item" xlink:from="lbl_TotalFixedAssetsRevaluation" xlink:to="lbl_InvestmentPropertiesIncreaseDecreaseFromRevaluations" xlink:type="arc"/>
      <link:loc xlink:href="uk-gaap-ae-2009-06-21.xsd#uk-gaap-ae_TotalFixedAssetsDepreciationOtherAdjustments" xlink:label="lbl_TotalFixedAssetsDepreciationOtherAdjustments" xlink:type="locator"/>
      <link:calculationArc order="1.0" weight="1.0" xlink:arcrole="http://www.xbrl.org/2003/arcrole/summation-item" xlink:from="lbl_TotalFixedAssetsDepreciationOtherAdjustments" xlink:to="lbl_IntangibleFixedAssetsAmortisationOtherAdjustments" xlink:type="arc"/>
      <link:calculationArc order="2.0" weight="1.0" xlink:arcrole="http://www.xbrl.org/2003/arcrole/summation-item" xlink:from="lbl_TotalFixedAssetsDepreciationOtherAdjustments" xlink:to="lbl_TangibleFixedAssetsDepreciationOtherAdjustments" xlink:type="arc"/>
      <link:loc xlink:href="uk-gaap-ae-2009-06-21.xsd#uk-gaap-ae_InvestmentsFixedAssetsDepreciationOtherAdjustments" xlink:label="lbl_InvestmentsFixedAssetsDepreciationOtherAdjustments" xlink:type="locator"/>
      <link:calculationArc order="4.0" weight="1.0" xlink:arcrole="http://www.xbrl.org/2003/arcrole/summation-item" xlink:from="lbl_TotalFixedAssetsDepreciationOtherAdjustments" xlink:to="lbl_InvestmentsFixedAssetsDepreciationOtherAdjustments" xlink:type="arc"/>
      <link:loc xlink:href="uk-gaap-ae-2009-06-21.xsd#uk-gaap-ae_InvestmentPropertyDepreciationOtherAdjustments" xlink:label="lbl_InvestmentPropertyDepreciationOtherAdjustments" xlink:type="locator"/>
      <link:calculationArc order="3.0" weight="1.0" xlink:arcrole="http://www.xbrl.org/2003/arcrole/summation-item" xlink:from="lbl_TotalFixedAssetsDepreciationOtherAdjustments" xlink:to="lbl_InvestmentPropertyDepreciationOtherAdjustments" xlink:type="arc"/>
      <link:loc xlink:href="../../pt/2004-12-01/uk-gaap-pt-2004-12-01.xsd#uk-gaap-pt_IntangibleFixedAssetsAggregateAmortisationImpairment" xlink:label="lbl_IntangibleFixedAssetsAggregateAmortisationImpairment" xlink:type="locator"/>
      <link:calculationArc order="1.0" weight="1.0" xlink:arcrole="http://www.xbrl.org/2003/arcrole/summation-item" xlink:from="lbl_TotalFixedAssetsDepreciation" xlink:to="lbl_IntangibleFixedAssetsAggregateAmortisationImpairment" xlink:type="arc"/>
      <link:calculationArc order="2.0" weight="1.0" xlink:arcrole="http://www.xbrl.org/2003/arcrole/summation-item" xlink:from="lbl_TotalFixedAssetsDepreciation" xlink:to="lbl_TangibleFixedAssetsDepreciation" xlink:type="arc"/>
      <link:calculationArc order="3.0" weight="1.0" xlink:arcrole="http://www.xbrl.org/2003/arcrole/summation-item" xlink:from="lbl_TotalFixedAssetsDepreciation" xlink:to="lbl_InvestmentsFixedAssetsDepreciation" xlink:type="arc"/>
      <link:calculationArc order="4.0" weight="1.0" xlink:arcrole="http://www.xbrl.org/2003/arcrole/summation-item" xlink:from="lbl_TotalFixedAssetsDepreciation" xlink:to="lbl_InvestmentPropertiesDepreciation" xlink:type="arc"/>
      <link:loc xlink:href="../../pt/2004-12-01/uk-gaap-pt-2004-12-01.xsd#uk-gaap-pt_FixedAssets" xlink:label="lbl_FixedAssets" xlink:type="locator"/>
      <link:calculationArc order="1.0" weight="1.0" xlink:arcrole="http://www.xbrl.org/2003/arcrole/summation-item" xlink:from="lbl_FixedAssets" xlink:to="lbl_TotalFixedAssetsCostOrValuation" xlink:type="arc"/>
      <link:calculationArc order="2.0" weight="-1.0" xlink:arcrole="http://www.xbrl.org/2003/arcrole/summation-item" xlink:from="lbl_FixedAssets" xlink:to="lbl_TotalFixedAssetsDepreciation" xlink:type="arc"/>
   </calculationLink>
   <calculationLink xlink:role="http://www.xbrl-uk.org/ExtendedLinkRoles/AE-Further-Calculations" xlink:title="AE - Further Calculations" xlink:type="extended">
      <loc xlink:href="../../pt/2004-12-01/uk-gaap-pt-2004-12-01.xsd#uk-gaap-pt_ShareholderFunds" xlink:label="uk-gaap-pt_ShareholderFunds" xlink:type="locator"/>
      <loc xlink:href="../../pt/2004-12-01/uk-gaap-pt-2004-12-01.xsd#uk-gaap-pt_EquityShareholdersFunds" xlink:label="uk-gaap-pt_EquityShareholdersFunds" xlink:type="locator"/>
      <calculationArc order="1.0" use="optional" weight="1.0" xlink:arcrole="http://www.xbrl.org/2003/arcrole/summation-item" xlink:from="uk-gaap-pt_ShareholderFunds" xlink:to="uk-gaap-pt_EquityShareholdersFunds" xlink:type="arc"/>
      <loc xlink:href="../../pt/2004-12-01/uk-gaap-pt-2004-12-01.xsd#uk-gaap-pt_NonEquityShareholdersFunds" xlink:label="uk-gaap-pt_NonEquityShareholdersFunds" xlink:type="locator"/>
      <calculationArc order="2.0" use="optional" weight="1.0" xlink:arcrole="http://www.xbrl.org/2003/arcrole/summation-item" xlink:from="uk-gaap-pt_ShareholderFunds" xlink:to="uk-gaap-pt_NonEquityShareholdersFunds" xlink:type="arc"/>
   </calculationLink>
</linkbase>
