<?xml version="1.0" encoding="UTF-8" standalone="no"?>

<!--
(c) XBRL US, Inc. 2007-2010; Financial Accounting Foundation, Inc. 2010-2011.  All Rights Reserved.
Notice: Authorized Uses are Set Forth at http://xbrl.fasb.org/terms/TaxonomiesTermsConditions.html
  -->
<link:linkbase xmlns:link='http://www.xbrl.org/2003/linkbase' xmlns:xlink='http://www.w3.org/1999/xlink' xmlns:xsi='http://www.w3.org/2001/XMLSchema-instance' xsi:schemaLocation='http://www.xbrl.org/2003/linkbase http://www.xbrl.org/2003/xbrl-linkbase-2003-12-31.xsd'>
<link:roleRef roleURI='http://fasb.org/us-gaap/role/statement/StatementOfFinancialPositionUnclassified-SecuritiesBasedOperationsSecondAlternative' xlink:href='../elts/us-roles-2011-01-31.xsd#sfp-sbo2' xlink:type='simple' />
<calculationLink xlink:role='http://fasb.org/us-gaap/role/statement/StatementOfFinancialPositionUnclassified-SecuritiesBasedOperationsSecondAlternative' xlink:type='extended' xmlns='http://www.xbrl.org/2003/linkbase'>
<link:loc xlink:href='../elts/us-gaap-2011-01-31.xsd#us-gaap_PartnersCapitalIncludingPortionAttributableToNoncontrollingInterest' xlink:label='loc_PartnersCapitalIncludingPortionAttributableToNoncontrollingInterest' xlink:type='locator' />
<link:loc xlink:href='../elts/us-gaap-2011-01-31.xsd#us-gaap_PartnersCapital' xlink:label='loc_PartnersCapital' xlink:type='locator' />
<link:loc xlink:href='../elts/us-gaap-2011-01-31.xsd#us-gaap_GeneralPartnersCapitalAccount' xlink:label='loc_GeneralPartnersCapitalAccount' xlink:type='locator' />
<link:loc xlink:href='../elts/us-gaap-2011-01-31.xsd#us-gaap_LimitedPartnersCapitalAccount' xlink:label='loc_LimitedPartnersCapitalAccount' xlink:type='locator' />
<link:loc xlink:href='../elts/us-gaap-2011-01-31.xsd#us-gaap_PreferredUnitsPreferredPartnersCapitalAccounts' xlink:label='loc_PreferredUnitsPreferredPartnersCapitalAccounts' xlink:type='locator' />
<link:loc xlink:href='../elts/us-gaap-2011-01-31.xsd#us-gaap_PartnersCapitalDeferredCompensation' xlink:label='loc_PartnersCapitalDeferredCompensation' xlink:type='locator' />
<link:loc xlink:href='../elts/us-gaap-2011-01-31.xsd#us-gaap_PartnersCapitalDeferredCompensationOnRestrictedUnit' xlink:label='loc_PartnersCapitalDeferredCompensationOnRestrictedUnit' xlink:type='locator' />
<link:loc xlink:href='../elts/us-gaap-2011-01-31.xsd#us-gaap_PartnersCapitalOtherDeferredCompensation' xlink:label='loc_PartnersCapitalOtherDeferredCompensation' xlink:type='locator' />
<link:loc xlink:href='../elts/us-gaap-2011-01-31.xsd#us-gaap_OtherPartnersCapital' xlink:label='loc_OtherPartnersCapital' xlink:type='locator' />
<link:loc xlink:href='../elts/us-gaap-2011-01-31.xsd#us-gaap_PartnersCapitalAllocatedForIncomeTaxAndOtherWithdrawals' xlink:label='loc_PartnersCapitalAllocatedForIncomeTaxAndOtherWithdrawals' xlink:type='locator' />
<link:loc xlink:href='../elts/us-gaap-2011-01-31.xsd#us-gaap_OtherOwnershipInterestsCapitalAccount' xlink:label='loc_OtherOwnershipInterestsCapitalAccount' xlink:type='locator' />
<link:loc xlink:href='../elts/us-gaap-2011-01-31.xsd#us-gaap_AccumulatedOtherComprehensiveIncomeLossNetOfTax' xlink:label='loc_AccumulatedOtherComprehensiveIncomeLossNetOfTax' xlink:type='locator' />
<link:loc xlink:href='../elts/us-gaap-2011-01-31.xsd#us-gaap_AccumulatedOtherComprehensiveIncomeLossForeignCurrencyTranslationAdjustmentNetOfTax' xlink:label='loc_AccumulatedOtherComprehensiveIncomeLossForeignCurrencyTranslationAdjustmentNetOfTax' xlink:type='locator' />
<link:loc xlink:href='../elts/us-gaap-2011-01-31.xsd#us-gaap_AccumulatedOtherComprehensiveIncomeLossAvailableForSaleSecuritiesAdjustmentNetOfTax' xlink:label='loc_AccumulatedOtherComprehensiveIncomeLossAvailableForSaleSecuritiesAdjustmentNetOfTax' xlink:type='locator' />
<link:loc xlink:href='../elts/us-gaap-2011-01-31.xsd#us-gaap_AccumulatedOtherComprehensiveIncomeLossOtherThanTemporaryImpairmentNotCreditLossNetOfTaxDebtSecurities' xlink:label='loc_AccumulatedOtherComprehensiveIncomeLossOtherThanTemporaryImpairmentNotCreditLossNetOfTaxDebtSecurities' xlink:type='locator' />
<link:loc xlink:href='../elts/us-gaap-2011-01-31.xsd#us-gaap_AccumulatedOtherComprehensiveIncomeLossOtherThanTemporaryImpairmentNotCreditLossNetOfTaxAvailableforsaleDebtSecurities' xlink:label='loc_AccumulatedOtherComprehensiveIncomeLossOtherThanTemporaryImpairmentNotCreditLossNetOfTaxAvailableforsaleDebtSecurities' xlink:type='locator' />
<link:loc xlink:href='../elts/us-gaap-2011-01-31.xsd#us-gaap_AccumulatedOtherComprehensiveIncomeLossOtherThanTemporaryImpairmentNotCreditLossNetOfTaxHeldtomaturityDebtSecurities' xlink:label='loc_AccumulatedOtherComprehensiveIncomeLossOtherThanTemporaryImpairmentNotCreditLossNetOfTaxHeldtomaturityDebtSecurities' xlink:type='locator' />
<link:loc xlink:href='../elts/us-gaap-2011-01-31.xsd#us-gaap_AccumulatedOtherComprehensiveIncomeLossCumulativeChangesInNetGainLossFromCashFlowHedgesEffectNetOfTax' xlink:label='loc_AccumulatedOtherComprehensiveIncomeLossCumulativeChangesInNetGainLossFromCashFlowHedgesEffectNetOfTax' xlink:type='locator' />
<link:loc xlink:href='../elts/us-gaap-2011-01-31.xsd#us-gaap_AccumulatedOtherComprehensiveIncomeLossDefinedBenefitPensionAndOtherPostretirementPlansNetOfTax' xlink:label='loc_AccumulatedOtherComprehensiveIncomeLossDefinedBenefitPensionAndOtherPostretirementPlansNetOfTax' xlink:type='locator' />
<link:loc xlink:href='../elts/us-gaap-2011-01-31.xsd#us-gaap_OfferingCostsPartnershipInterests' xlink:label='loc_OfferingCostsPartnershipInterests' xlink:type='locator' />
<link:loc xlink:href='../elts/us-gaap-2011-01-31.xsd#us-gaap_PartnersCapitalAttributableToNoncontrollingInterest' xlink:label='loc_PartnersCapitalAttributableToNoncontrollingInterest' xlink:type='locator' />
<calculationArc order='10' weight='1.0' xlink:arcrole='http://www.xbrl.org/2003/arcrole/summation-item' xlink:from='loc_PartnersCapitalIncludingPortionAttributableToNoncontrollingInterest' xlink:to='loc_PartnersCapital' xlink:type='arc' />
<calculationArc order='10' weight='1.0' xlink:arcrole='http://www.xbrl.org/2003/arcrole/summation-item' xlink:from='loc_PartnersCapital' xlink:to='loc_GeneralPartnersCapitalAccount' xlink:type='arc' />
<calculationArc order='20' weight='1.0' xlink:arcrole='http://www.xbrl.org/2003/arcrole/summation-item' xlink:from='loc_PartnersCapital' xlink:to='loc_LimitedPartnersCapitalAccount' xlink:type='arc' />
<calculationArc order='30' weight='1.0' xlink:arcrole='http://www.xbrl.org/2003/arcrole/summation-item' xlink:from='loc_PartnersCapital' xlink:to='loc_PreferredUnitsPreferredPartnersCapitalAccounts' xlink:type='arc' />
<calculationArc order='40' weight='-1.0' xlink:arcrole='http://www.xbrl.org/2003/arcrole/summation-item' xlink:from='loc_PartnersCapital' xlink:to='loc_PartnersCapitalDeferredCompensation' xlink:type='arc' />
<calculationArc order='10' weight='1.0' xlink:arcrole='http://www.xbrl.org/2003/arcrole/summation-item' xlink:from='loc_PartnersCapitalDeferredCompensation' xlink:to='loc_PartnersCapitalDeferredCompensationOnRestrictedUnit' xlink:type='arc' />
<calculationArc order='20' weight='1.0' xlink:arcrole='http://www.xbrl.org/2003/arcrole/summation-item' xlink:from='loc_PartnersCapitalDeferredCompensation' xlink:to='loc_PartnersCapitalOtherDeferredCompensation' xlink:type='arc' />
<calculationArc order='50' weight='1.0' xlink:arcrole='http://www.xbrl.org/2003/arcrole/summation-item' xlink:from='loc_PartnersCapital' xlink:to='loc_OtherPartnersCapital' xlink:type='arc' />
<calculationArc order='60' weight='1.0' xlink:arcrole='http://www.xbrl.org/2003/arcrole/summation-item' xlink:from='loc_PartnersCapital' xlink:to='loc_PartnersCapitalAllocatedForIncomeTaxAndOtherWithdrawals' xlink:type='arc' />
<calculationArc order='70' weight='1.0' xlink:arcrole='http://www.xbrl.org/2003/arcrole/summation-item' xlink:from='loc_PartnersCapital' xlink:to='loc_OtherOwnershipInterestsCapitalAccount' xlink:type='arc' />
<calculationArc order='80' weight='1.0' xlink:arcrole='http://www.xbrl.org/2003/arcrole/summation-item' xlink:from='loc_PartnersCapital' xlink:to='loc_AccumulatedOtherComprehensiveIncomeLossNetOfTax' xlink:type='arc' />
<calculationArc order='10' weight='1.0' xlink:arcrole='http://www.xbrl.org/2003/arcrole/summation-item' xlink:from='loc_AccumulatedOtherComprehensiveIncomeLossNetOfTax' xlink:to='loc_AccumulatedOtherComprehensiveIncomeLossForeignCurrencyTranslationAdjustmentNetOfTax' xlink:type='arc' />
<calculationArc order='20' weight='1.0' xlink:arcrole='http://www.xbrl.org/2003/arcrole/summation-item' xlink:from='loc_AccumulatedOtherComprehensiveIncomeLossNetOfTax' xlink:to='loc_AccumulatedOtherComprehensiveIncomeLossAvailableForSaleSecuritiesAdjustmentNetOfTax' xlink:type='arc' />
<calculationArc order='30' weight='-1.0' xlink:arcrole='http://www.xbrl.org/2003/arcrole/summation-item' xlink:from='loc_AccumulatedOtherComprehensiveIncomeLossNetOfTax' xlink:to='loc_AccumulatedOtherComprehensiveIncomeLossOtherThanTemporaryImpairmentNotCreditLossNetOfTaxDebtSecurities' xlink:type='arc' />
<calculationArc order='10' weight='1.0' xlink:arcrole='http://www.xbrl.org/2003/arcrole/summation-item' xlink:from='loc_AccumulatedOtherComprehensiveIncomeLossOtherThanTemporaryImpairmentNotCreditLossNetOfTaxDebtSecurities' xlink:to='loc_AccumulatedOtherComprehensiveIncomeLossOtherThanTemporaryImpairmentNotCreditLossNetOfTaxAvailableforsaleDebtSecurities' xlink:type='arc' />
<calculationArc order='20' weight='1.0' xlink:arcrole='http://www.xbrl.org/2003/arcrole/summation-item' xlink:from='loc_AccumulatedOtherComprehensiveIncomeLossOtherThanTemporaryImpairmentNotCreditLossNetOfTaxDebtSecurities' xlink:to='loc_AccumulatedOtherComprehensiveIncomeLossOtherThanTemporaryImpairmentNotCreditLossNetOfTaxHeldtomaturityDebtSecurities' xlink:type='arc' />
<calculationArc order='40' weight='1.0' xlink:arcrole='http://www.xbrl.org/2003/arcrole/summation-item' xlink:from='loc_AccumulatedOtherComprehensiveIncomeLossNetOfTax' xlink:to='loc_AccumulatedOtherComprehensiveIncomeLossCumulativeChangesInNetGainLossFromCashFlowHedgesEffectNetOfTax' xlink:type='arc' />
<calculationArc order='50' weight='-1.0' xlink:arcrole='http://www.xbrl.org/2003/arcrole/summation-item' xlink:from='loc_AccumulatedOtherComprehensiveIncomeLossNetOfTax' xlink:to='loc_AccumulatedOtherComprehensiveIncomeLossDefinedBenefitPensionAndOtherPostretirementPlansNetOfTax' xlink:type='arc' />
<calculationArc order='90' weight='-1.0' xlink:arcrole='http://www.xbrl.org/2003/arcrole/summation-item' xlink:from='loc_PartnersCapital' xlink:to='loc_OfferingCostsPartnershipInterests' xlink:type='arc' />
<calculationArc order='20' weight='1.0' xlink:arcrole='http://www.xbrl.org/2003/arcrole/summation-item' xlink:from='loc_PartnersCapitalIncludingPortionAttributableToNoncontrollingInterest' xlink:to='loc_PartnersCapitalAttributableToNoncontrollingInterest' xlink:type='arc' />
</calculationLink>
</link:linkbase>
