<?xml version="1.0" encoding="utf-8"?>
<!--
Taxonomy Presentation Links linkbase based on XBRL standard Version 2.1.
Created by UBmatrix Taxonomy Designer 3.0.3.2433 (2009-05-15 09:36).  
Contact www.ubmatrix.com
Copyright (c) 2002-2011 UBmatrix inc., All Rights Reserved
Produced on 2011-07-30 09:05:47
-->
<linkbase
  xmlns="http://www.xbrl.org/2003/linkbase"
  xmlns:xsi="http://www.w3.org/2001/XMLSchema-instance"
  xmlns:xlink="http://www.w3.org/1999/xlink"
  xsi:schemaLocation="
    http://www.xbrl.org/2003/linkbase 
      http://www.xbrl.org/2003/xbrl-linkbase-2003-12-31.xsd
    ">
  <roleRef xlink:type="simple"
    xlink:href="http://www.xbrlsite.com/Schemas/brlm/2011-07-15/brm.xsd#ReportFlow"
    roleURI="http://www.xbrlsite.com/Schemas/brm/roles/Flow" />
  <roleRef xlink:type="simple"
    xlink:href="gaap.xsd#SalesAnanysisSchedule"
    roleURI="http://xasb.org/gaap/role/schedule/SalesAnanysisSchedule" />
  <roleRef xlink:type="simple"
    xlink:href="gaap.xsd#FinancialHighlightsSchedule"
    roleURI="http://xasb.org/gaap/role/schedule/FinancialHighlightsSchedule" />
  <roleRef xlink:type="simple"
    xlink:href="gaap.xsd#BalanceSheetSchedule"
    roleURI="http://xasb.org/gaap/role/schedule/BalanceSheetSchedule" />
  <roleRef xlink:type="simple"
    xlink:href="gaap.xsd#ClassesOfPreferredStockSchedule"
    roleURI="http://xasb.org/gaap/role/schedule/ClassesOfPreferredStockSchedule" />
  <roleRef xlink:type="simple"
    xlink:href="gaap.xsd#ClassesOfCommonStockSchedule"
    roleURI="http://xasb.org/gaap/role/schedule/ClassesOfCommonStockSchedule" />
  <roleRef xlink:type="simple"
    xlink:href="gaap.xsd#IncomeStatementSchedule"
    roleURI="http://xasb.org/gaap/role/schedule/IncomeStatementSchedule" />
  <roleRef xlink:type="simple"
    xlink:href="gaap.xsd#EarningsPerShare"
    roleURI="http://xasb.org/gaap/role/schedule/EarningsPerShare" />
  <roleRef xlink:type="simple"
    xlink:href="gaap.xsd#CashFlowDirectSchedule"
    roleURI="http://xasb.org/gaap/role/schedule/CashFlowDirectSchedule" />
  <roleRef xlink:type="simple"
    xlink:href="gaap.xsd#PriorPeriodAdjustments"
    roleURI="http://xasb.org/gaap/role/schedule/PriorPeriodAdjustments" />
  <roleRef xlink:type="simple"
    xlink:href="gaap.xsd#StatementOfEquitySchedule"
    roleURI="http://xasb.org/gaap/role/schedule/StatementOfEquitySchedule" />
  <roleRef xlink:type="simple"
    xlink:href="gaap.xsd#StatementOfEquityPreferredTopic"
    roleURI="http://xasb.org/gaap/role/schedule/StatementOfEquityPreferredSchedule" />
  <roleRef xlink:type="simple"
    xlink:href="gaap.xsd#StatementOfCommonEquityTopic"
    roleURI="http://xasb.org/gaap/role/schedule/StatementOfEquityCommonSchedule" />
  <roleRef xlink:type="simple"
    xlink:href="gaap.xsd#OtherOverallFinancialReportingPresentationAndDisplayMattersTopic"
    roleURI="http://xasb.org/gaap/role/schedule/OtherOverallFinancialReportingPresentationAndDisplayMattersSchedule" />
  <roleRef xlink:type="simple"
    xlink:href="gaap.xsd#AccountingPoliciesSchedule"
    roleURI="http://xasb.org/gaap/role/schedule/AccountingPoliciesSchedule" />
  <roleRef xlink:type="simple"
    xlink:href="gaap.xsd#CashCashEquivalentsSchedule"
    roleURI="http://xasb.org/gaap/role/schedule/CashCashEquivalentsSchedule" />
  <roleRef xlink:type="simple"
    xlink:href="gaap.xsd#CashCashEquivalentsDetails"
    roleURI="http://xasb.org/gaap/role/schedule/CashCashEquivalentsDetails" />
  <roleRef xlink:type="simple"
    xlink:href="gaap.xsd#ReceivablesSchedule"
    roleURI="http://xasb.org/gaap/role/schedule/ReceivablesSchedule" />
  <roleRef xlink:type="simple"
    xlink:href="gaap.xsd#ReceivablesCNB"
    roleURI="http://xasb.org/gaap/role/suppport/ReceivablesCNB" />
  <roleRef xlink:type="simple"
    xlink:href="gaap.xsd#ReceivablesGNB"
    roleURI="http://xasb.org/gaap/role/support/ReceivablesGNB" />
  <roleRef xlink:type="simple"
    xlink:href="gaap.xsd#ReceivablesCOM"
    roleURI="http://xasb.org/gaap/role/support/ReceivablesCOM" />
  <roleRef xlink:type="simple"
    xlink:href="gaap.xsd#InventorySchedule"
    roleURI="http://xasb.org/gaap/role/schedule/InventorySchedule" />
  <roleRef xlink:type="simple"
    xlink:href="gaap.xsd#PrepaidExpensesSchedule"
    roleURI="http://xasb.org/gaap/role/schedule/PrepaidExpensesSchedule" />
  <roleRef xlink:type="simple"
    xlink:href="gaap.xsd#PropertyPlantAndEquipmentSchedule"
    roleURI="http://xasb.org/gaap/role/schedule/PropertyPlantAndEquipmentSchedule" />
  <roleRef xlink:type="simple"
    xlink:href="gaap.xsd#PropertyPlantAndEquipmentDetails"
    roleURI="http://xasb.org/gaap/role/schedule/PropertyPlantAndEquipmentDetails" />
  <roleRef xlink:type="simple"
    xlink:href="gaap.xsd#PropertyPlantAndEquipmentMovementsSchedule"
    roleURI="http://xasb.org/gaap/role/schedule/PropertyPlantAndEquipmentMovementsSchedule" />
  <roleRef xlink:type="simple"
    xlink:href="gaap.xsd#PropertyPlantAndEquipmentSupport"
    roleURI="http://xasb.org/gaap/role/support/PropertyPlantAndEquipmentSupport" />
  <roleRef xlink:type="simple"
    xlink:href="gaap.xsd#PropertyPlantAndEquipmentAxissDetails"
    roleURI="http://xasb.org/gaap/role/support/PropertyPlantAndEquipmentAxissDetails" />
  <roleRef xlink:type="simple"
    xlink:href="gaap.xsd#LeaseholdLandAndBuildingsSchedule"
    roleURI="http://xasb.org/gaap/role/schedule/LeaseholdLandAndBuildingsSchedule" />
  <roleRef xlink:type="simple"
    xlink:href="gaap.xsd#OtherAssetsSchedule"
    roleURI="http://xasb.org/gaap/role/schedule/OtherAssetsSchedule" />
  <roleRef xlink:type="simple"
    xlink:href="gaap.xsd#OtherAssetsDetails"
    roleURI="http://xasb.org/gaap/role/schedule/OtherAssetsDetails" />
  <roleRef xlink:type="simple"
    xlink:href="gaap.xsd#PayablesAndAccrualsSchedule"
    roleURI="http://xasb.org/gaap/role/schedule/PayablesAndAccrualsSchedule" />
  <roleRef xlink:type="simple"
    xlink:href="gaap.xsd#PayablesAndAccrualsDetails"
    roleURI="http://xasb.org/gaap/role/schedule/PayablesAndAccrualsDetails" />
  <roleRef xlink:type="simple"
    xlink:href="gaap.xsd#DebtSchedule"
    roleURI="http://xasb.org/gaap/role/schedule/DebtSchedule" />
  <roleRef xlink:type="simple"
    xlink:href="gaap.xsd#DebtDetails"
    roleURI="http://xasb.org/gaap/role/schedule/DebtDetails" />
  <roleRef xlink:type="simple"
    xlink:href="gaap.xsd#DebtCNB"
    roleURI="http://xasb.org/gaap/role/support/DebtCNB" />
  <roleRef xlink:type="simple"
    xlink:href="gaap.xsd#LongTermDebtMaturitiesSchedule"
    roleURI="http://xasb.org/gaap/role/schedule/LongTermDebtMaturitiesSchedule" />
  <roleRef xlink:type="simple"
    xlink:href="gaap.xsd#DebtInstrumentsSchedule"
    roleURI="http://xasb.org/gaap/role/schedule/DebtInstrumentsSchedule" />
  <roleRef xlink:type="simple"
    xlink:href="gaap.xsd#OtherLiabilitiesSchedule"
    roleURI="http://xasb.org/gaap/role/schedule/OtherLiabilitiesSchedule" />
  <roleRef xlink:type="simple"
    xlink:href="gaap.xsd#OtherLiabilitiesDetails"
    roleURI="http://xasb.org/gaap/role/schedule/OtherLiabilitiesDetails" />
  <roleRef xlink:type="simple"
    xlink:href="gaap.xsd#EquitySchedule"
    roleURI="http://xasb.org/gaap/role/schedule/EquitySchedule" />
  <roleRef xlink:type="simple"
    xlink:href="gaap.xsd#IncomeTaxesSchedule"
    roleURI="http://xasb.org/gaap/role/schedule/IncomeTaxesSchedule" />
  <roleRef xlink:type="simple"
    xlink:href="gaap.xsd#IncomeTaxesDetails"
    roleURI="http://xasb.org/gaap/role/schedule/IncomeTaxesDetails" />
  <roleRef xlink:type="simple"
    xlink:href="gaap.xsd#SubsequentEventsSchedule"
    roleURI="http://xasb.org/gaap/role/schedule/SubsequentEventsSchedule" />
  <roleRef xlink:type="simple"
    xlink:href="gaap.xsd#BusinessSegmentsSchedule"
    roleURI="http://xasb.org/gaap/role/schedule/BusinessSegmentsSchedule" />
  <roleRef xlink:type="simple"
    xlink:href="gaap.xsd#RelatedPartiesSchedule"
    roleURI="http://xasb.org/gaap/role/schedule/RelatedPartiesSchedule" />
  <roleRef xlink:type="simple"
    xlink:href="gaap.xsd#DirectorCompensationSchedule"
    roleURI="http://xasb.org/gaap/role/schedule/DirectorCompensationSchedule" />
  <roleRef xlink:type="simple"
    xlink:href="gaap.xsd#ShareOwnershipPlansSchedule"
    roleURI="http://xasb.org/gaap/role/schedule/ShareOwnershipPlansSchedule" />
  <roleRef xlink:type="simple"
    xlink:href="gaap.xsd#OtherMattersSchedule"
    roleURI="http://xasb.org/gaap/role/schedule/ReconciliationOfCashSummarySchedule" />
  <roleRef xlink:type="simple"
    xlink:href="gaap.xsd#ReconciliationOfCashAndCashEquivalentsSchedule"
    roleURI="http://xasb.org/gaap/role/schedule/ReconciliationOfCashDetailSchedule" />
  <roleRef xlink:type="simple"
    xlink:href="gaap.xsd#PortfolioOfInvestmentsSchedule"
    roleURI="http://xasb.org/gaap/role/schedule/PortfolioOfInvestmentsSchedule" />
  <roleRef xlink:type="simple"
    xlink:href="gaap.xsd#DocumentInformationSchedule"
    roleURI="http://xasb.org/gaap/role/schedule/DocumentInformationSchedule" />
  <roleRef xlink:type="simple"
    xlink:href="gaap.xsd#RelatedPartyTransactionsSchedule"
    roleURI="http://xasb.org/gaap/role/schedule/RelatedPartyTransactionsSchedule" />
  <roleRef xlink:type="simple"
    xlink:href="company.xsd#VarianceAnalysis"
    roleURI="http://www.ABCCompany.com/company/VarianceAnalysis" />
  <presentationLink xlink:type="extended"
    xlink:role="http://www.xbrlsite.com/Schemas/brm/roles/Flow">
    <loc xlink:type="locator"
      xlink:label="company_FinancialReportFlow"
      xlink:href="company.xsd#company_FinancialReportFlow" />
    <loc xlink:type="locator"
      xlink:label="company_PrimaryFinancialsSchedule"
      xlink:href="company.xsd#company_PrimaryFinancialsSchedule" />
    <presentationArc xlink:type="arc"
      xlink:arcrole="http://www.xbrl.org/2003/arcrole/parent-child"
      xlink:from="company_FinancialReportFlow"
      xlink:to="company_PrimaryFinancialsSchedule"
      order="1"
      use="optional" />
    <loc xlink:type="locator"
      xlink:label="company_FinancialHighlightsSchedule"
      xlink:href="company.xsd#company_FinancialHighlightsSchedule" />
    <presentationArc xlink:type="arc"
      xlink:arcrole="http://www.xbrl.org/2003/arcrole/parent-child"
      xlink:from="company_PrimaryFinancialsSchedule"
      xlink:to="company_FinancialHighlightsSchedule"
      order="1"
      use="optional" />
    <loc xlink:type="locator"
      xlink:label="gaap_FinancialHighlightsTable"
      xlink:href="gaap.xsd#gaap_FinancialHighlightsTable" />
    <presentationArc xlink:type="arc"
      xlink:arcrole="http://www.xbrl.org/2003/arcrole/parent-child"
      xlink:from="company_FinancialHighlightsSchedule"
      xlink:to="gaap_FinancialHighlightsTable"
      order="1"
      use="optional" />
    <loc xlink:type="locator"
      xlink:label="company_ConsolidatedBalanceSheetsSchedule"
      xlink:href="company.xsd#company_ConsolidatedBalanceSheetsSchedule" />
    <presentationArc xlink:type="arc"
      xlink:arcrole="http://www.xbrl.org/2003/arcrole/parent-child"
      xlink:from="company_PrimaryFinancialsSchedule"
      xlink:to="company_ConsolidatedBalanceSheetsSchedule"
      order="2"
      use="optional" />
    <loc xlink:type="locator"
      xlink:label="gaap_BalanceSheetTable"
      xlink:href="gaap.xsd#gaap_BalanceSheetTable" />
    <presentationArc xlink:type="arc"
      xlink:arcrole="http://www.xbrl.org/2003/arcrole/parent-child"
      xlink:from="company_ConsolidatedBalanceSheetsSchedule"
      xlink:to="gaap_BalanceSheetTable"
      order="1"
      use="optional" />
    <loc xlink:type="locator"
      xlink:label="gaap_PreferredStockByClassTable"
      xlink:href="gaap.xsd#gaap_PreferredStockByClassTable" />
    <presentationArc xlink:type="arc"
      xlink:arcrole="http://www.xbrl.org/2003/arcrole/parent-child"
      xlink:from="company_ConsolidatedBalanceSheetsSchedule"
      xlink:to="gaap_PreferredStockByClassTable"
      order="2"
      use="optional" />
    <loc xlink:type="locator"
      xlink:label="gaap_CommonStockByClassTable"
      xlink:href="gaap.xsd#gaap_CommonStockByClassTable" />
    <presentationArc xlink:type="arc"
      xlink:arcrole="http://www.xbrl.org/2003/arcrole/parent-child"
      xlink:from="company_ConsolidatedBalanceSheetsSchedule"
      xlink:to="gaap_CommonStockByClassTable"
      order="3"
      use="optional" />
    <loc xlink:type="locator"
      xlink:label="company_ConsolidatedIncomeStatementsSchedule"
      xlink:href="company.xsd#company_ConsolidatedIncomeStatementsSchedule" />
    <presentationArc xlink:type="arc"
      xlink:arcrole="http://www.xbrl.org/2003/arcrole/parent-child"
      xlink:from="company_PrimaryFinancialsSchedule"
      xlink:to="company_ConsolidatedIncomeStatementsSchedule"
      order="3"
      use="optional" />
    <loc xlink:type="locator"
      xlink:label="gaap_IncomeStatementTable"
      xlink:href="gaap.xsd#gaap_IncomeStatementTable" />
    <presentationArc xlink:type="arc"
      xlink:arcrole="http://www.xbrl.org/2003/arcrole/parent-child"
      xlink:from="company_ConsolidatedIncomeStatementsSchedule"
      xlink:to="gaap_IncomeStatementTable"
      order="1"
      use="optional" />
    <loc xlink:type="locator"
      xlink:label="gaap_EarningsPerShareTable"
      xlink:href="gaap.xsd#gaap_EarningsPerShareTable" />
    <presentationArc xlink:type="arc"
      xlink:arcrole="http://www.xbrl.org/2003/arcrole/parent-child"
      xlink:from="company_ConsolidatedIncomeStatementsSchedule"
      xlink:to="gaap_EarningsPerShareTable"
      order="2"
      use="optional" />
    <loc xlink:type="locator"
      xlink:label="company_ConsolidatedCashFlowStatementSchedule"
      xlink:href="company.xsd#company_ConsolidatedCashFlowStatementSchedule" />
    <presentationArc xlink:type="arc"
      xlink:arcrole="http://www.xbrl.org/2003/arcrole/parent-child"
      xlink:from="company_PrimaryFinancialsSchedule"
      xlink:to="company_ConsolidatedCashFlowStatementSchedule"
      order="4"
      use="optional" />
    <loc xlink:type="locator"
      xlink:label="gaap_CashFlowStatementDirectMethodTable"
      xlink:href="gaap.xsd#gaap_CashFlowStatementDirectMethodTable" />
    <presentationArc xlink:type="arc"
      xlink:arcrole="http://www.xbrl.org/2003/arcrole/parent-child"
      xlink:from="company_ConsolidatedCashFlowStatementSchedule"
      xlink:to="gaap_CashFlowStatementDirectMethodTable"
      order="1"
      use="optional" />
    <loc xlink:type="locator"
      xlink:label="company_ConsolidatedStatementChangesInEquitySchedule"
      xlink:href="company.xsd#company_ConsolidatedStatementChangesInEquitySchedule" />
    <presentationArc xlink:type="arc"
      xlink:arcrole="http://www.xbrl.org/2003/arcrole/parent-child"
      xlink:from="company_PrimaryFinancialsSchedule"
      xlink:to="company_ConsolidatedStatementChangesInEquitySchedule"
      order="5"
      use="optional" />
    <loc xlink:type="locator"
      xlink:label="gaap_StatementOfChangesInEquityTable"
      xlink:href="gaap.xsd#gaap_StatementOfChangesInEquityTable" />
    <presentationArc xlink:type="arc"
      xlink:arcrole="http://www.xbrl.org/2003/arcrole/parent-child"
      xlink:from="company_ConsolidatedStatementChangesInEquitySchedule"
      xlink:to="gaap_StatementOfChangesInEquityTable"
      order="1"
      use="optional" />
    <loc xlink:type="locator"
      xlink:label="gaap_StatementOfChangesInEquityPreferredStockByClassTable"
      xlink:href="gaap.xsd#gaap_StatementOfChangesInEquityPreferredStockByClassTable" />
    <presentationArc xlink:type="arc"
      xlink:arcrole="http://www.xbrl.org/2003/arcrole/parent-child"
      xlink:from="company_ConsolidatedStatementChangesInEquitySchedule"
      xlink:to="gaap_StatementOfChangesInEquityPreferredStockByClassTable"
      order="2"
      use="optional" />
    <loc xlink:type="locator"
      xlink:label="gaap_StatementOfChangesInEquityCommonStockByClassTable"
      xlink:href="gaap.xsd#gaap_StatementOfChangesInEquityCommonStockByClassTable" />
    <presentationArc xlink:type="arc"
      xlink:arcrole="http://www.xbrl.org/2003/arcrole/parent-child"
      xlink:from="company_ConsolidatedStatementChangesInEquitySchedule"
      xlink:to="gaap_StatementOfChangesInEquityCommonStockByClassTable"
      order="3"
      use="optional" />
    <loc xlink:type="locator"
      xlink:label="company_NotesToConsolidatedFinancialStatementsSchedule"
      xlink:href="company.xsd#company_NotesToConsolidatedFinancialStatementsSchedule" />
    <presentationArc xlink:type="arc"
      xlink:arcrole="http://www.xbrl.org/2003/arcrole/parent-child"
      xlink:from="company_FinancialReportFlow"
      xlink:to="company_NotesToConsolidatedFinancialStatementsSchedule"
      order="2"
      use="optional" />
    <loc xlink:type="locator"
      xlink:label="company_Note1GeneralSchedule"
      xlink:href="company.xsd#company_Note1GeneralSchedule" />
    <presentationArc xlink:type="arc"
      xlink:arcrole="http://www.xbrl.org/2003/arcrole/parent-child"
      xlink:from="company_NotesToConsolidatedFinancialStatementsSchedule"
      xlink:to="company_Note1GeneralSchedule"
      order="1"
      use="optional" />
    <loc xlink:type="locator"
      xlink:label="gaap_OverallFinancialReportingPresentationAndDisplayMattersTable"
      xlink:href="gaap.xsd#gaap_OverallFinancialReportingPresentationAndDisplayMattersTable" />
    <presentationArc xlink:type="arc"
      xlink:arcrole="http://www.xbrl.org/2003/arcrole/parent-child"
      xlink:from="company_Note1GeneralSchedule"
      xlink:to="gaap_OverallFinancialReportingPresentationAndDisplayMattersTable"
      order="1"
      use="optional" />
    <loc xlink:type="locator"
      xlink:label="company_Note2SignificantAccountingPoliciesSchedule"
      xlink:href="company.xsd#company_Note2SignificantAccountingPoliciesSchedule" />
    <presentationArc xlink:type="arc"
      xlink:arcrole="http://www.xbrl.org/2003/arcrole/parent-child"
      xlink:from="company_NotesToConsolidatedFinancialStatementsSchedule"
      xlink:to="company_Note2SignificantAccountingPoliciesSchedule"
      order="2"
      use="optional" />
    <loc xlink:type="locator"
      xlink:label="gaap_AccountingPoliciesTable"
      xlink:href="gaap.xsd#gaap_AccountingPoliciesTable" />
    <presentationArc xlink:type="arc"
      xlink:arcrole="http://www.xbrl.org/2003/arcrole/parent-child"
      xlink:from="company_Note2SignificantAccountingPoliciesSchedule"
      xlink:to="gaap_AccountingPoliciesTable"
      order="1"
      use="optional" />
    <loc xlink:type="locator"
      xlink:label="company_Note3CashEquivalentsInvestmentsSchedule"
      xlink:href="company.xsd#company_Note3CashEquivalentsInvestmentsSchedule" />
    <presentationArc xlink:type="arc"
      xlink:arcrole="http://www.xbrl.org/2003/arcrole/parent-child"
      xlink:from="company_NotesToConsolidatedFinancialStatementsSchedule"
      xlink:to="company_Note3CashEquivalentsInvestmentsSchedule"
      order="3"
      use="optional" />
    <loc xlink:type="locator"
      xlink:label="gaap_CashCashEquivalentsDisclosuresTable"
      xlink:href="gaap.xsd#gaap_CashCashEquivalentsDisclosuresTable" />
    <presentationArc xlink:type="arc"
      xlink:arcrole="http://www.xbrl.org/2003/arcrole/parent-child"
      xlink:from="company_Note3CashEquivalentsInvestmentsSchedule"
      xlink:to="gaap_CashCashEquivalentsDisclosuresTable"
      order="1"
      use="optional" />
    <loc xlink:type="locator"
      xlink:label="gaap_CashCashEquivalentsDetailsTable"
      xlink:href="gaap.xsd#gaap_CashCashEquivalentsDetailsTable" />
    <presentationArc xlink:type="arc"
      xlink:arcrole="http://www.xbrl.org/2003/arcrole/parent-child"
      xlink:from="company_Note3CashEquivalentsInvestmentsSchedule"
      xlink:to="gaap_CashCashEquivalentsDetailsTable"
      order="2"
      use="optional" />
    <loc xlink:type="locator"
      xlink:label="gaap_ReconciliationOfCashSummaryTable"
      xlink:href="gaap.xsd#gaap_ReconciliationOfCashSummaryTable" />
    <presentationArc xlink:type="arc"
      xlink:arcrole="http://www.xbrl.org/2003/arcrole/parent-child"
      xlink:from="company_Note3CashEquivalentsInvestmentsSchedule"
      xlink:to="gaap_ReconciliationOfCashSummaryTable"
      order="3"
      use="optional" />
    <loc xlink:type="locator"
      xlink:label="gaap_ReconcilingItemOfCashAndCashEquivalentsTable"
      xlink:href="gaap.xsd#gaap_ReconcilingItemOfCashAndCashEquivalentsTable" />
    <presentationArc xlink:type="arc"
      xlink:arcrole="http://www.xbrl.org/2003/arcrole/parent-child"
      xlink:from="company_Note3CashEquivalentsInvestmentsSchedule"
      xlink:to="gaap_ReconcilingItemOfCashAndCashEquivalentsTable"
      order="4"
      use="optional" />
    <loc xlink:type="locator"
      xlink:label="gaap_InvestmentTable"
      xlink:href="gaap.xsd#gaap_InvestmentTable" />
    <presentationArc xlink:type="arc"
      xlink:arcrole="http://www.xbrl.org/2003/arcrole/parent-child"
      xlink:from="company_Note3CashEquivalentsInvestmentsSchedule"
      xlink:to="gaap_InvestmentTable"
      order="5"
      use="optional" />
    <loc xlink:type="locator"
      xlink:label="company_Note4ReceivablesSchedule"
      xlink:href="company.xsd#company_Note4ReceivablesSchedule" />
    <presentationArc xlink:type="arc"
      xlink:arcrole="http://www.xbrl.org/2003/arcrole/parent-child"
      xlink:from="company_NotesToConsolidatedFinancialStatementsSchedule"
      xlink:to="company_Note4ReceivablesSchedule"
      order="4"
      use="optional" />
    <loc xlink:type="locator"
      xlink:label="gaap_ReceivablesDisclosuresTable"
      xlink:href="gaap.xsd#gaap_ReceivablesDisclosuresTable" />
    <presentationArc xlink:type="arc"
      xlink:arcrole="http://www.xbrl.org/2003/arcrole/parent-child"
      xlink:from="company_Note4ReceivablesSchedule"
      xlink:to="gaap_ReceivablesDisclosuresTable"
      order="1"
      use="optional" />
    <loc xlink:type="locator"
      xlink:label="gaap_ReceivablesDetailsCurrentNoncurrentTable"
      xlink:href="gaap.xsd#gaap_ReceivablesDetailsCurrentNoncurrentTable" />
    <presentationArc xlink:type="arc"
      xlink:arcrole="http://www.xbrl.org/2003/arcrole/parent-child"
      xlink:from="company_Note4ReceivablesSchedule"
      xlink:to="gaap_ReceivablesDetailsCurrentNoncurrentTable"
      order="2"
      use="optional" />
    <loc xlink:type="locator"
      xlink:label="gaap_ReceivablesDetailsGrossNetTable"
      xlink:href="gaap.xsd#gaap_ReceivablesDetailsGrossNetTable" />
    <presentationArc xlink:type="arc"
      xlink:arcrole="http://www.xbrl.org/2003/arcrole/parent-child"
      xlink:from="company_Note4ReceivablesSchedule"
      xlink:to="gaap_ReceivablesDetailsGrossNetTable"
      order="3"
      use="optional" />
    <loc xlink:type="locator"
      xlink:label="gaap_ReceivablesDetailsByCompomentTable"
      xlink:href="gaap.xsd#gaap_ReceivablesDetailsByCompomentTable" />
    <presentationArc xlink:type="arc"
      xlink:arcrole="http://www.xbrl.org/2003/arcrole/parent-child"
      xlink:from="company_Note4ReceivablesSchedule"
      xlink:to="gaap_ReceivablesDetailsByCompomentTable"
      order="4"
      use="optional" />
    <loc xlink:type="locator"
      xlink:label="company_Note5InventoriesSchedule"
      xlink:href="company.xsd#company_Note5InventoriesSchedule" />
    <presentationArc xlink:type="arc"
      xlink:arcrole="http://www.xbrl.org/2003/arcrole/parent-child"
      xlink:from="company_NotesToConsolidatedFinancialStatementsSchedule"
      xlink:to="company_Note5InventoriesSchedule"
      order="5"
      use="optional" />
    <loc xlink:type="locator"
      xlink:label="gaap_InventoryTable"
      xlink:href="gaap.xsd#gaap_InventoryTable" />
    <presentationArc xlink:type="arc"
      xlink:arcrole="http://www.xbrl.org/2003/arcrole/parent-child"
      xlink:from="company_Note5InventoriesSchedule"
      xlink:to="gaap_InventoryTable"
      order="1"
      use="optional" />
    <loc xlink:type="locator"
      xlink:label="company_Note6PrepaidExpensesSchedule"
      xlink:href="company.xsd#company_Note6PrepaidExpensesSchedule" />
    <presentationArc xlink:type="arc"
      xlink:arcrole="http://www.xbrl.org/2003/arcrole/parent-child"
      xlink:from="company_NotesToConsolidatedFinancialStatementsSchedule"
      xlink:to="company_Note6PrepaidExpensesSchedule"
      order="6"
      use="optional" />
    <loc xlink:type="locator"
      xlink:label="gaap_PrepaidExpensesTable"
      xlink:href="gaap.xsd#gaap_PrepaidExpensesTable" />
    <presentationArc xlink:type="arc"
      xlink:arcrole="http://www.xbrl.org/2003/arcrole/parent-child"
      xlink:from="company_Note6PrepaidExpensesSchedule"
      xlink:to="gaap_PrepaidExpensesTable"
      order="1"
      use="optional" />
    <loc xlink:type="locator"
      xlink:label="company_Note7PropertyPlantEquipmentSchedule"
      xlink:href="company.xsd#company_Note7PropertyPlantEquipmentSchedule" />
    <presentationArc xlink:type="arc"
      xlink:arcrole="http://www.xbrl.org/2003/arcrole/parent-child"
      xlink:from="company_NotesToConsolidatedFinancialStatementsSchedule"
      xlink:to="company_Note7PropertyPlantEquipmentSchedule"
      order="7"
      use="optional" />
    <loc xlink:type="locator"
      xlink:label="gaap_PropertyPlantEquipmentDisclosuresTable"
      xlink:href="gaap.xsd#gaap_PropertyPlantEquipmentDisclosuresTable" />
    <presentationArc xlink:type="arc"
      xlink:arcrole="http://www.xbrl.org/2003/arcrole/parent-child"
      xlink:from="company_Note7PropertyPlantEquipmentSchedule"
      xlink:to="gaap_PropertyPlantEquipmentDisclosuresTable"
      order="1"
      use="optional" />
    <loc xlink:type="locator"
      xlink:label="gaap_PropertyPlantEquipmentDetailsTable"
      xlink:href="gaap.xsd#gaap_PropertyPlantEquipmentDetailsTable" />
    <presentationArc xlink:type="arc"
      xlink:arcrole="http://www.xbrl.org/2003/arcrole/parent-child"
      xlink:from="company_Note7PropertyPlantEquipmentSchedule"
      xlink:to="gaap_PropertyPlantEquipmentDetailsTable"
      order="2"
      use="optional" />
    <loc xlink:type="locator"
      xlink:label="gaap_PropertyPlantEquipmentMovementTable"
      xlink:href="gaap.xsd#gaap_PropertyPlantEquipmentMovementTable" />
    <presentationArc xlink:type="arc"
      xlink:arcrole="http://www.xbrl.org/2003/arcrole/parent-child"
      xlink:from="company_Note7PropertyPlantEquipmentSchedule"
      xlink:to="gaap_PropertyPlantEquipmentMovementTable"
      order="3"
      use="optional" />
    <loc xlink:type="locator"
      xlink:label="gaap_PropertyPlantEquipmentDisclosuresClassAsAxisTable"
      xlink:href="gaap.xsd#gaap_PropertyPlantEquipmentDisclosuresClassAsAxisTable" />
    <presentationArc xlink:type="arc"
      xlink:arcrole="http://www.xbrl.org/2003/arcrole/parent-child"
      xlink:from="company_Note7PropertyPlantEquipmentSchedule"
      xlink:to="gaap_PropertyPlantEquipmentDisclosuresClassAsAxisTable"
      order="4"
      use="optional" />
    <loc xlink:type="locator"
      xlink:label="gaap_PropertyPlantEquipmentDetailsClassAsAxisTable"
      xlink:href="gaap.xsd#gaap_PropertyPlantEquipmentDetailsClassAsAxisTable" />
    <presentationArc xlink:type="arc"
      xlink:arcrole="http://www.xbrl.org/2003/arcrole/parent-child"
      xlink:from="company_Note7PropertyPlantEquipmentSchedule"
      xlink:to="gaap_PropertyPlantEquipmentDetailsClassAsAxisTable"
      order="5"
      use="optional" />
    <loc xlink:type="locator"
      xlink:label="gaap_LeaseholdLandAndBuildingTable"
      xlink:href="gaap.xsd#gaap_LeaseholdLandAndBuildingTable" />
    <presentationArc xlink:type="arc"
      xlink:arcrole="http://www.xbrl.org/2003/arcrole/parent-child"
      xlink:from="company_Note7PropertyPlantEquipmentSchedule"
      xlink:to="gaap_LeaseholdLandAndBuildingTable"
      order="6"
      use="optional" />
    <loc xlink:type="locator"
      xlink:label="company_Note8OtherAssetsSchedule"
      xlink:href="company.xsd#company_Note8OtherAssetsSchedule" />
    <presentationArc xlink:type="arc"
      xlink:arcrole="http://www.xbrl.org/2003/arcrole/parent-child"
      xlink:from="company_NotesToConsolidatedFinancialStatementsSchedule"
      xlink:to="company_Note8OtherAssetsSchedule"
      order="8"
      use="optional" />
    <loc xlink:type="locator"
      xlink:label="gaap_OtherAssetsDisclosuresTable"
      xlink:href="gaap.xsd#gaap_OtherAssetsDisclosuresTable" />
    <presentationArc xlink:type="arc"
      xlink:arcrole="http://www.xbrl.org/2003/arcrole/parent-child"
      xlink:from="company_Note8OtherAssetsSchedule"
      xlink:to="gaap_OtherAssetsDisclosuresTable"
      order="1"
      use="optional" />
    <loc xlink:type="locator"
      xlink:label="gaap_OtherAssetsDetailsTable"
      xlink:href="gaap.xsd#gaap_OtherAssetsDetailsTable" />
    <presentationArc xlink:type="arc"
      xlink:arcrole="http://www.xbrl.org/2003/arcrole/parent-child"
      xlink:from="company_Note8OtherAssetsSchedule"
      xlink:to="gaap_OtherAssetsDetailsTable"
      order="2"
      use="optional" />
    <loc xlink:type="locator"
      xlink:label="company_Note9PayablesAccrualsCurrentLiabilitiesSchedule"
      xlink:href="company.xsd#company_Note9PayablesAccrualsCurrentLiabilitiesSchedule" />
    <presentationArc xlink:type="arc"
      xlink:arcrole="http://www.xbrl.org/2003/arcrole/parent-child"
      xlink:from="company_NotesToConsolidatedFinancialStatementsSchedule"
      xlink:to="company_Note9PayablesAccrualsCurrentLiabilitiesSchedule"
      order="9"
      use="optional" />
    <loc xlink:type="locator"
      xlink:label="gaap_PayablesAccrualsDisclosuresTable"
      xlink:href="gaap.xsd#gaap_PayablesAccrualsDisclosuresTable" />
    <presentationArc xlink:type="arc"
      xlink:arcrole="http://www.xbrl.org/2003/arcrole/parent-child"
      xlink:from="company_Note9PayablesAccrualsCurrentLiabilitiesSchedule"
      xlink:to="gaap_PayablesAccrualsDisclosuresTable"
      order="1"
      use="optional" />
    <loc xlink:type="locator"
      xlink:label="gaap_PayablesAccrualsDetailsTable"
      xlink:href="gaap.xsd#gaap_PayablesAccrualsDetailsTable" />
    <presentationArc xlink:type="arc"
      xlink:arcrole="http://www.xbrl.org/2003/arcrole/parent-child"
      xlink:from="company_Note9PayablesAccrualsCurrentLiabilitiesSchedule"
      xlink:to="gaap_PayablesAccrualsDetailsTable"
      order="2"
      use="optional" />
    <loc xlink:type="locator"
      xlink:label="company_Note10DebtSchedule"
      xlink:href="company.xsd#company_Note10DebtSchedule" />
    <presentationArc xlink:type="arc"
      xlink:arcrole="http://www.xbrl.org/2003/arcrole/parent-child"
      xlink:from="company_NotesToConsolidatedFinancialStatementsSchedule"
      xlink:to="company_Note10DebtSchedule"
      order="10"
      use="optional" />
    <loc xlink:type="locator"
      xlink:label="gaap_DebtDisclosuresTable"
      xlink:href="gaap.xsd#gaap_DebtDisclosuresTable" />
    <presentationArc xlink:type="arc"
      xlink:arcrole="http://www.xbrl.org/2003/arcrole/parent-child"
      xlink:from="company_Note10DebtSchedule"
      xlink:to="gaap_DebtDisclosuresTable"
      order="1"
      use="optional" />
    <loc xlink:type="locator"
      xlink:label="gaap_DebtDetailsTable"
      xlink:href="gaap.xsd#gaap_DebtDetailsTable" />
    <presentationArc xlink:type="arc"
      xlink:arcrole="http://www.xbrl.org/2003/arcrole/parent-child"
      xlink:from="company_Note10DebtSchedule"
      xlink:to="gaap_DebtDetailsTable"
      order="2"
      use="optional" />
    <loc xlink:type="locator"
      xlink:label="gaap_Long-TermDebtMaturitiesTable"
      xlink:href="gaap.xsd#gaap_Long-TermDebtMaturitiesTable" />
    <presentationArc xlink:type="arc"
      xlink:arcrole="http://www.xbrl.org/2003/arcrole/parent-child"
      xlink:from="company_Note10DebtSchedule"
      xlink:to="gaap_Long-TermDebtMaturitiesTable"
      order="3"
      use="optional" />
    <loc xlink:type="locator"
      xlink:label="gaap_DebtInstrumentTable"
      xlink:href="gaap.xsd#gaap_DebtInstrumentTable" />
    <presentationArc xlink:type="arc"
      xlink:arcrole="http://www.xbrl.org/2003/arcrole/parent-child"
      xlink:from="company_Note10DebtSchedule"
      xlink:to="gaap_DebtInstrumentTable"
      order="4"
      use="optional" />
    <loc xlink:type="locator"
      xlink:label="company_Note11OtherLiabilitiesSchedule"
      xlink:href="company.xsd#company_Note11OtherLiabilitiesSchedule" />
    <presentationArc xlink:type="arc"
      xlink:arcrole="http://www.xbrl.org/2003/arcrole/parent-child"
      xlink:from="company_NotesToConsolidatedFinancialStatementsSchedule"
      xlink:to="company_Note11OtherLiabilitiesSchedule"
      order="11"
      use="optional" />
    <loc xlink:type="locator"
      xlink:label="gaap_OtherLiabilitiesDisclosuresTable"
      xlink:href="gaap.xsd#gaap_OtherLiabilitiesDisclosuresTable" />
    <presentationArc xlink:type="arc"
      xlink:arcrole="http://www.xbrl.org/2003/arcrole/parent-child"
      xlink:from="company_Note11OtherLiabilitiesSchedule"
      xlink:to="gaap_OtherLiabilitiesDisclosuresTable"
      order="1"
      use="optional" />
    <loc xlink:type="locator"
      xlink:label="gaap_OtherLiabilitiesDetailsTable"
      xlink:href="gaap.xsd#gaap_OtherLiabilitiesDetailsTable" />
    <presentationArc xlink:type="arc"
      xlink:arcrole="http://www.xbrl.org/2003/arcrole/parent-child"
      xlink:from="company_Note11OtherLiabilitiesSchedule"
      xlink:to="gaap_OtherLiabilitiesDetailsTable"
      order="2"
      use="optional" />
    <loc xlink:type="locator"
      xlink:label="company_Note12EquitySchedule"
      xlink:href="company.xsd#company_Note12EquitySchedule" />
    <presentationArc xlink:type="arc"
      xlink:arcrole="http://www.xbrl.org/2003/arcrole/parent-child"
      xlink:from="company_NotesToConsolidatedFinancialStatementsSchedule"
      xlink:to="company_Note12EquitySchedule"
      order="12"
      use="optional" />
    <loc xlink:type="locator"
      xlink:label="gaap_EquityDisclosuresTable"
      xlink:href="gaap.xsd#gaap_EquityDisclosuresTable" />
    <presentationArc xlink:type="arc"
      xlink:arcrole="http://www.xbrl.org/2003/arcrole/parent-child"
      xlink:from="company_Note12EquitySchedule"
      xlink:to="gaap_EquityDisclosuresTable"
      order="1"
      use="optional" />
    <loc xlink:type="locator"
      xlink:label="company_Note13IncomeTaxesSchedule"
      xlink:href="company.xsd#company_Note13IncomeTaxesSchedule" />
    <presentationArc xlink:type="arc"
      xlink:arcrole="http://www.xbrl.org/2003/arcrole/parent-child"
      xlink:from="company_NotesToConsolidatedFinancialStatementsSchedule"
      xlink:to="company_Note13IncomeTaxesSchedule"
      order="13"
      use="optional" />
    <loc xlink:type="locator"
      xlink:label="gaap_IncomeTaxesDisclosuresTable"
      xlink:href="gaap.xsd#gaap_IncomeTaxesDisclosuresTable" />
    <presentationArc xlink:type="arc"
      xlink:arcrole="http://www.xbrl.org/2003/arcrole/parent-child"
      xlink:from="company_Note13IncomeTaxesSchedule"
      xlink:to="gaap_IncomeTaxesDisclosuresTable"
      order="1"
      use="optional" />
    <loc xlink:type="locator"
      xlink:label="gaap_IncomeTaxExpenseBenefitDetailsTable"
      xlink:href="gaap.xsd#gaap_IncomeTaxExpenseBenefitDetailsTable" />
    <presentationArc xlink:type="arc"
      xlink:arcrole="http://www.xbrl.org/2003/arcrole/parent-child"
      xlink:from="company_Note13IncomeTaxesSchedule"
      xlink:to="gaap_IncomeTaxExpenseBenefitDetailsTable"
      order="2"
      use="optional" />
    <loc xlink:type="locator"
      xlink:label="company_Note14SubsequentEventsSchedule"
      xlink:href="company.xsd#company_Note14SubsequentEventsSchedule" />
    <presentationArc xlink:type="arc"
      xlink:arcrole="http://www.xbrl.org/2003/arcrole/parent-child"
      xlink:from="company_NotesToConsolidatedFinancialStatementsSchedule"
      xlink:to="company_Note14SubsequentEventsSchedule"
      order="14"
      use="optional" />
    <loc xlink:type="locator"
      xlink:label="gaap_SubsequentEventTable"
      xlink:href="gaap.xsd#gaap_SubsequentEventTable" />
    <presentationArc xlink:type="arc"
      xlink:arcrole="http://www.xbrl.org/2003/arcrole/parent-child"
      xlink:from="company_Note14SubsequentEventsSchedule"
      xlink:to="gaap_SubsequentEventTable"
      order="1"
      use="optional" />
    <loc xlink:type="locator"
      xlink:label="company_Note15BusinessSegmentsSchedule"
      xlink:href="company.xsd#company_Note15BusinessSegmentsSchedule" />
    <presentationArc xlink:type="arc"
      xlink:arcrole="http://www.xbrl.org/2003/arcrole/parent-child"
      xlink:from="company_NotesToConsolidatedFinancialStatementsSchedule"
      xlink:to="company_Note15BusinessSegmentsSchedule"
      order="15"
      use="optional" />
    <loc xlink:type="locator"
      xlink:label="gaap_BusinessSegmentsTable"
      xlink:href="gaap.xsd#gaap_BusinessSegmentsTable" />
    <presentationArc xlink:type="arc"
      xlink:arcrole="http://www.xbrl.org/2003/arcrole/parent-child"
      xlink:from="company_Note15BusinessSegmentsSchedule"
      xlink:to="gaap_BusinessSegmentsTable"
      order="1"
      use="optional" />
    <loc xlink:type="locator"
      xlink:label="company_Note16RelatedPartyTransactionsSchedule"
      xlink:href="company.xsd#company_Note16RelatedPartyTransactionsSchedule" />
    <presentationArc xlink:type="arc"
      xlink:arcrole="http://www.xbrl.org/2003/arcrole/parent-child"
      xlink:from="company_NotesToConsolidatedFinancialStatementsSchedule"
      xlink:to="company_Note16RelatedPartyTransactionsSchedule"
      order="16"
      use="optional" />
    <loc xlink:type="locator"
      xlink:label="gaap_RelatedPartyTable"
      xlink:href="gaap.xsd#gaap_RelatedPartyTable" />
    <presentationArc xlink:type="arc"
      xlink:arcrole="http://www.xbrl.org/2003/arcrole/parent-child"
      xlink:from="company_Note16RelatedPartyTransactionsSchedule"
      xlink:to="gaap_RelatedPartyTable"
      order="1"
      use="optional" />
    <loc xlink:type="locator"
      xlink:label="gaap_RelatedPartyTransactionTable"
      xlink:href="gaap.xsd#gaap_RelatedPartyTransactionTable" />
    <presentationArc xlink:type="arc"
      xlink:arcrole="http://www.xbrl.org/2003/arcrole/parent-child"
      xlink:from="company_Note16RelatedPartyTransactionsSchedule"
      xlink:to="gaap_RelatedPartyTransactionTable"
      order="2"
      use="optional" />
    <loc xlink:type="locator"
      xlink:label="company_Note17DirectorCompensationSchedule"
      xlink:href="company.xsd#company_Note17DirectorCompensationSchedule" />
    <presentationArc xlink:type="arc"
      xlink:arcrole="http://www.xbrl.org/2003/arcrole/parent-child"
      xlink:from="company_NotesToConsolidatedFinancialStatementsSchedule"
      xlink:to="company_Note17DirectorCompensationSchedule"
      order="17"
      use="optional" />
    <loc xlink:type="locator"
      xlink:label="gaap_DirectorCompensationTable"
      xlink:href="gaap.xsd#gaap_DirectorCompensationTable" />
    <presentationArc xlink:type="arc"
      xlink:arcrole="http://www.xbrl.org/2003/arcrole/parent-child"
      xlink:from="company_Note17DirectorCompensationSchedule"
      xlink:to="gaap_DirectorCompensationTable"
      order="1"
      use="optional" />
    <loc xlink:type="locator"
      xlink:label="company_Note18ShareOwnershipPlansSchedule"
      xlink:href="company.xsd#company_Note18ShareOwnershipPlansSchedule" />
    <presentationArc xlink:type="arc"
      xlink:arcrole="http://www.xbrl.org/2003/arcrole/parent-child"
      xlink:from="company_NotesToConsolidatedFinancialStatementsSchedule"
      xlink:to="company_Note18ShareOwnershipPlansSchedule"
      order="18"
      use="optional" />
    <loc xlink:type="locator"
      xlink:label="gaap_ShareOwnershipPlanTable"
      xlink:href="gaap.xsd#gaap_ShareOwnershipPlanTable" />
    <presentationArc xlink:type="arc"
      xlink:arcrole="http://www.xbrl.org/2003/arcrole/parent-child"
      xlink:from="company_Note18ShareOwnershipPlansSchedule"
      xlink:to="gaap_ShareOwnershipPlanTable"
      order="1"
      use="optional" />
    <loc xlink:type="locator"
      xlink:label="company_Note19OtherMattersSchedule"
      xlink:href="company.xsd#company_Note19OtherMattersSchedule" />
    <presentationArc xlink:type="arc"
      xlink:arcrole="http://www.xbrl.org/2003/arcrole/parent-child"
      xlink:from="company_NotesToConsolidatedFinancialStatementsSchedule"
      xlink:to="company_Note19OtherMattersSchedule"
      order="19"
      use="optional" />
    <loc xlink:type="locator"
      xlink:label="gaap_SalesAnalysisByCustomerTable"
      xlink:href="gaap.xsd#gaap_SalesAnalysisByCustomerTable" />
    <presentationArc xlink:type="arc"
      xlink:arcrole="http://www.xbrl.org/2003/arcrole/parent-child"
      xlink:from="company_Note19OtherMattersSchedule"
      xlink:to="gaap_SalesAnalysisByCustomerTable"
      order="1"
      use="optional" />
    <loc xlink:type="locator"
      xlink:label="company_VarianceAnalysisGrossProfitTable"
      xlink:href="company.xsd#company_VarianceAnalysisGrossProfitTable" />
    <presentationArc xlink:type="arc"
      xlink:arcrole="http://www.xbrl.org/2003/arcrole/parent-child"
      xlink:from="company_Note19OtherMattersSchedule"
      xlink:to="company_VarianceAnalysisGrossProfitTable"
      order="2"
      use="optional" />
    <loc xlink:type="locator"
      xlink:label="company_SupplementaryInformationSchedule"
      xlink:href="company.xsd#company_SupplementaryInformationSchedule" />
    <presentationArc xlink:type="arc"
      xlink:arcrole="http://www.xbrl.org/2003/arcrole/parent-child"
      xlink:from="company_FinancialReportFlow"
      xlink:to="company_SupplementaryInformationSchedule"
      order="3"
      use="optional" />
    <loc xlink:type="locator"
      xlink:label="gaap_DocumentInformationTable"
      xlink:href="gaap.xsd#gaap_DocumentInformationTable" />
    <presentationArc xlink:type="arc"
      xlink:arcrole="http://www.xbrl.org/2003/arcrole/parent-child"
      xlink:from="company_SupplementaryInformationSchedule"
      xlink:to="gaap_DocumentInformationTable"
      order="1"
      use="optional" />
    <loc xlink:type="locator"
      xlink:label="gaap_AddressTable"
      xlink:href="gaap.xsd#gaap_AddressTable" />
    <presentationArc xlink:type="arc"
      xlink:arcrole="http://www.xbrl.org/2003/arcrole/parent-child"
      xlink:from="company_SupplementaryInformationSchedule"
      xlink:to="gaap_AddressTable"
      order="2"
      use="optional" />
  </presentationLink>
  <presentationLink xlink:type="extended"
    xlink:role="http://xasb.org/gaap/role/schedule/SalesAnanysisSchedule">
    <loc xlink:type="locator"
      xlink:label="frm_ReportDateAxis"
      xlink:href="http://www.xbrlsite.com/Schemas/brlm/2011-07-15/frm.xsd#frm_ReportDateAxis" />
    <loc xlink:type="locator"
      xlink:label="company_ReportedAsOfMarch182011Member"
      xlink:href="company.xsd#company_ReportedAsOfMarch182011Member" />
    <presentationArc xlink:type="arc"
      xlink:arcrole="http://www.xbrl.org/2003/arcrole/parent-child"
      xlink:from="frm_ReportDateAxis" xlink:to="company_ReportedAsOfMarch182011Member"
      order="1"
      use="optional" />
    <loc xlink:type="locator"
      xlink:label="gaap_AllCustomersMember"
      xlink:href="gaap.xsd#gaap_AllCustomersMember" />
    <loc xlink:type="locator"
      xlink:label="company_CustomerAMember"
      xlink:href="company.xsd#company_CustomerAMember" />
    <presentationArc xlink:type="arc"
      xlink:arcrole="http://www.xbrl.org/2003/arcrole/parent-child"
      xlink:from="gaap_AllCustomersMember" xlink:to="company_CustomerAMember"
      order="1"
      use="optional" />
    <loc xlink:type="locator"
      xlink:label="company_CustomerBMember"
      xlink:href="company.xsd#company_CustomerBMember" />
    <presentationArc xlink:type="arc"
      xlink:arcrole="http://www.xbrl.org/2003/arcrole/parent-child"
      xlink:from="gaap_AllCustomersMember" xlink:to="company_CustomerBMember"
      order="2"
      use="optional" />
    <loc xlink:type="locator"
      xlink:label="company_CustomerCMember"
      xlink:href="company.xsd#company_CustomerCMember" />
    <presentationArc xlink:type="arc"
      xlink:arcrole="http://www.xbrl.org/2003/arcrole/parent-child"
      xlink:from="gaap_AllCustomersMember" xlink:to="company_CustomerCMember"
      order="3"
      use="optional" />
  </presentationLink>
  <presentationLink xlink:type="extended"
    xlink:role="http://xasb.org/gaap/role/schedule/FinancialHighlightsSchedule">
    <loc xlink:type="locator"
      xlink:label="frm_ReportDateAxis"
      xlink:href="http://www.xbrlsite.com/Schemas/brlm/2011-07-15/frm.xsd#frm_ReportDateAxis" />
    <loc xlink:type="locator"
      xlink:label="company_ReportedAsOfMarch182011Member"
      xlink:href="company.xsd#company_ReportedAsOfMarch182011Member" />
    <presentationArc xlink:type="arc"
      xlink:arcrole="http://www.xbrl.org/2003/arcrole/parent-child"
      xlink:from="frm_ReportDateAxis" xlink:to="company_ReportedAsOfMarch182011Member"
      order="1"
      use="optional" />
  </presentationLink>
  <presentationLink xlink:type="extended"
    xlink:role="http://xasb.org/gaap/role/schedule/BalanceSheetSchedule">
    <loc xlink:type="locator"
      xlink:label="frm_ReportDateAxis"
      xlink:href="http://www.xbrlsite.com/Schemas/brlm/2011-07-15/frm.xsd#frm_ReportDateAxis" />
    <loc xlink:type="locator"
      xlink:label="company_ReportedAsOfMarch182011Member"
      xlink:href="company.xsd#company_ReportedAsOfMarch182011Member" />
    <presentationArc xlink:type="arc"
      xlink:arcrole="http://www.xbrl.org/2003/arcrole/parent-child"
      xlink:from="frm_ReportDateAxis" xlink:to="company_ReportedAsOfMarch182011Member"
      order="1"
      use="optional" />
  </presentationLink>
  <presentationLink xlink:type="extended"
    xlink:role="http://xasb.org/gaap/role/schedule/ClassesOfPreferredStockSchedule">
    <loc xlink:type="locator"
      xlink:label="frm_ReportDateAxis"
      xlink:href="http://www.xbrlsite.com/Schemas/brlm/2011-07-15/frm.xsd#frm_ReportDateAxis" />
    <loc xlink:type="locator"
      xlink:label="company_ReportedAsOfMarch182011Member"
      xlink:href="company.xsd#company_ReportedAsOfMarch182011Member" />
    <presentationArc xlink:type="arc"
      xlink:arcrole="http://www.xbrl.org/2003/arcrole/parent-child"
      xlink:from="frm_ReportDateAxis" xlink:to="company_ReportedAsOfMarch182011Member"
      order="1"
      use="optional" />
    <loc xlink:type="locator"
      xlink:label="gaap_AllClassesOfPreferredStockMember"
      xlink:href="gaap.xsd#gaap_AllClassesOfPreferredStockMember" />
    <loc xlink:type="locator"
      xlink:label="company_ClassAPreferredStockMember"
      xlink:href="company.xsd#company_ClassAPreferredStockMember" />
    <presentationArc xlink:type="arc"
      xlink:arcrole="http://www.xbrl.org/2003/arcrole/parent-child"
      xlink:from="gaap_AllClassesOfPreferredStockMember"
      xlink:to="company_ClassAPreferredStockMember"
      order="1"
      use="optional" />
  </presentationLink>
  <presentationLink xlink:type="extended"
    xlink:role="http://xasb.org/gaap/role/schedule/ClassesOfCommonStockSchedule">
    <loc xlink:type="locator"
      xlink:label="frm_ReportDateAxis"
      xlink:href="http://www.xbrlsite.com/Schemas/brlm/2011-07-15/frm.xsd#frm_ReportDateAxis" />
    <loc xlink:type="locator"
      xlink:label="company_ReportedAsOfMarch182011Member"
      xlink:href="company.xsd#company_ReportedAsOfMarch182011Member" />
    <presentationArc xlink:type="arc"
      xlink:arcrole="http://www.xbrl.org/2003/arcrole/parent-child"
      xlink:from="frm_ReportDateAxis" xlink:to="company_ReportedAsOfMarch182011Member"
      order="1"
      use="optional" />
    <loc xlink:type="locator"
      xlink:label="gaap_AllClassesOfCommonStockMember"
      xlink:href="gaap.xsd#gaap_AllClassesOfCommonStockMember" />
    <loc xlink:type="locator"
      xlink:label="company_ClassACommonStockMember"
      xlink:href="company.xsd#company_ClassACommonStockMember" />
    <presentationArc xlink:type="arc"
      xlink:arcrole="http://www.xbrl.org/2003/arcrole/parent-child"
      xlink:from="gaap_AllClassesOfCommonStockMember"
      xlink:to="company_ClassACommonStockMember"
      order="1"
      use="optional" />
    <loc xlink:type="locator"
      xlink:label="company_ClassBCommonStockMember"
      xlink:href="company.xsd#company_ClassBCommonStockMember" />
    <presentationArc xlink:type="arc"
      xlink:arcrole="http://www.xbrl.org/2003/arcrole/parent-child"
      xlink:from="gaap_AllClassesOfCommonStockMember"
      xlink:to="company_ClassBCommonStockMember"
      order="2"
      use="optional" />
  </presentationLink>
  <presentationLink xlink:type="extended"
    xlink:role="http://xasb.org/gaap/role/schedule/IncomeStatementSchedule">
    <loc xlink:type="locator"
      xlink:label="frm_ReportDateAxis"
      xlink:href="http://www.xbrlsite.com/Schemas/brlm/2011-07-15/frm.xsd#frm_ReportDateAxis" />
    <loc xlink:type="locator"
      xlink:label="company_ReportedAsOfMarch182011Member"
      xlink:href="company.xsd#company_ReportedAsOfMarch182011Member" />
    <presentationArc xlink:type="arc"
      xlink:arcrole="http://www.xbrl.org/2003/arcrole/parent-child"
      xlink:from="frm_ReportDateAxis" xlink:to="company_ReportedAsOfMarch182011Member"
      order="1"
      use="optional" />
  </presentationLink>
  <presentationLink xlink:type="extended"
    xlink:role="http://xasb.org/gaap/role/schedule/EarningsPerShare">
    <loc xlink:type="locator"
      xlink:label="frm_ReportDateAxis"
      xlink:href="http://www.xbrlsite.com/Schemas/brlm/2011-07-15/frm.xsd#frm_ReportDateAxis" />
    <loc xlink:type="locator"
      xlink:label="company_ReportedAsOfMarch182011Member"
      xlink:href="company.xsd#company_ReportedAsOfMarch182011Member" />
    <presentationArc xlink:type="arc"
      xlink:arcrole="http://www.xbrl.org/2003/arcrole/parent-child"
      xlink:from="frm_ReportDateAxis" xlink:to="company_ReportedAsOfMarch182011Member"
      order="1"
      use="optional" />
  </presentationLink>
  <presentationLink xlink:type="extended"
    xlink:role="http://xasb.org/gaap/role/schedule/CashFlowDirectSchedule">
    <loc xlink:type="locator"
      xlink:label="frm_ReportDateAxis"
      xlink:href="http://www.xbrlsite.com/Schemas/brlm/2011-07-15/frm.xsd#frm_ReportDateAxis" />
    <loc xlink:type="locator"
      xlink:label="company_ReportedAsOfMarch182011Member"
      xlink:href="company.xsd#company_ReportedAsOfMarch182011Member" />
    <presentationArc xlink:type="arc"
      xlink:arcrole="http://www.xbrl.org/2003/arcrole/parent-child"
      xlink:from="frm_ReportDateAxis" xlink:to="company_ReportedAsOfMarch182011Member"
      order="1"
      use="optional" />
  </presentationLink>
  <presentationLink xlink:type="extended"
    xlink:role="http://xasb.org/gaap/role/schedule/PriorPeriodAdjustments">
    <loc xlink:type="locator"
      xlink:label="frm_ReportDateAxis"
      xlink:href="http://www.xbrlsite.com/Schemas/brlm/2011-07-15/frm.xsd#frm_ReportDateAxis" />
    <loc xlink:type="locator"
      xlink:label="company_ReportedAsOfFebruary222010Member"
      xlink:href="company.xsd#company_ReportedAsOfFebruary222010Member" />
    <presentationArc xlink:type="arc"
      xlink:arcrole="http://www.xbrl.org/2003/arcrole/parent-child"
      xlink:from="frm_ReportDateAxis" xlink:to="company_ReportedAsOfFebruary222010Member"
      order="1"
      use="optional" />
    <loc xlink:type="locator"
      xlink:label="company_ReportedAsOfMarch182011Member"
      xlink:href="company.xsd#company_ReportedAsOfMarch182011Member" />
    <presentationArc xlink:type="arc"
      xlink:arcrole="http://www.xbrl.org/2003/arcrole/parent-child"
      xlink:from="frm_ReportDateAxis" xlink:to="company_ReportedAsOfMarch182011Member"
      order="2"
      use="optional" />
  </presentationLink>
  <presentationLink xlink:type="extended"
    xlink:role="http://xasb.org/gaap/role/schedule/StatementOfEquitySchedule">
    <loc xlink:type="locator"
      xlink:label="frm_ReportDateAxis"
      xlink:href="http://www.xbrlsite.com/Schemas/brlm/2011-07-15/frm.xsd#frm_ReportDateAxis" />
    <loc xlink:type="locator"
      xlink:label="company_ReportedAsOfMarch182011Member"
      xlink:href="company.xsd#company_ReportedAsOfMarch182011Member" />
    <presentationArc xlink:type="arc"
      xlink:arcrole="http://www.xbrl.org/2003/arcrole/parent-child"
      xlink:from="frm_ReportDateAxis" xlink:to="company_ReportedAsOfMarch182011Member"
      order="1"
      use="optional" />
  </presentationLink>
  <presentationLink xlink:type="extended"
    xlink:role="http://xasb.org/gaap/role/schedule/StatementOfEquityPreferredSchedule">
    <loc xlink:type="locator"
      xlink:label="frm_ReportDateAxis"
      xlink:href="http://www.xbrlsite.com/Schemas/brlm/2011-07-15/frm.xsd#frm_ReportDateAxis" />
    <loc xlink:type="locator"
      xlink:label="company_ReportedAsOfMarch182011Member"
      xlink:href="company.xsd#company_ReportedAsOfMarch182011Member" />
    <presentationArc xlink:type="arc"
      xlink:arcrole="http://www.xbrl.org/2003/arcrole/parent-child"
      xlink:from="frm_ReportDateAxis" xlink:to="company_ReportedAsOfMarch182011Member"
      order="1"
      use="optional" />
    <loc xlink:type="locator"
      xlink:label="gaap_AllClassesOfPreferredStockMember"
      xlink:href="gaap.xsd#gaap_AllClassesOfPreferredStockMember" />
    <loc xlink:type="locator"
      xlink:label="company_ClassAPreferredStockMember"
      xlink:href="company.xsd#company_ClassAPreferredStockMember" />
    <presentationArc xlink:type="arc"
      xlink:arcrole="http://www.xbrl.org/2003/arcrole/parent-child"
      xlink:from="gaap_AllClassesOfPreferredStockMember"
      xlink:to="company_ClassAPreferredStockMember"
      order="1"
      use="optional" />
  </presentationLink>
  <presentationLink xlink:type="extended"
    xlink:role="http://xasb.org/gaap/role/schedule/StatementOfEquityCommonSchedule">
    <loc xlink:type="locator"
      xlink:label="frm_ReportDateAxis"
      xlink:href="http://www.xbrlsite.com/Schemas/brlm/2011-07-15/frm.xsd#frm_ReportDateAxis" />
    <loc xlink:type="locator"
      xlink:label="company_ReportedAsOfMarch182011Member"
      xlink:href="company.xsd#company_ReportedAsOfMarch182011Member" />
    <presentationArc xlink:type="arc"
      xlink:arcrole="http://www.xbrl.org/2003/arcrole/parent-child"
      xlink:from="frm_ReportDateAxis" xlink:to="company_ReportedAsOfMarch182011Member"
      order="1"
      use="optional" />
    <loc xlink:type="locator"
      xlink:label="gaap_AllClassesOfCommonStockMember"
      xlink:href="gaap.xsd#gaap_AllClassesOfCommonStockMember" />
    <loc xlink:type="locator"
      xlink:label="company_ClassACommonStockMember"
      xlink:href="company.xsd#company_ClassACommonStockMember" />
    <presentationArc xlink:type="arc"
      xlink:arcrole="http://www.xbrl.org/2003/arcrole/parent-child"
      xlink:from="gaap_AllClassesOfCommonStockMember"
      xlink:to="company_ClassACommonStockMember"
      order="1"
      use="optional" />
    <loc xlink:type="locator"
      xlink:label="company_ClassBCommonStockMember"
      xlink:href="company.xsd#company_ClassBCommonStockMember" />
    <presentationArc xlink:type="arc"
      xlink:arcrole="http://www.xbrl.org/2003/arcrole/parent-child"
      xlink:from="gaap_AllClassesOfCommonStockMember"
      xlink:to="company_ClassBCommonStockMember"
      order="2"
      use="optional" />
  </presentationLink>
  <presentationLink xlink:type="extended"
    xlink:role="http://xasb.org/gaap/role/schedule/OtherOverallFinancialReportingPresentationAndDisplayMattersSchedule">
    <loc xlink:type="locator"
      xlink:label="frm_ReportDateAxis"
      xlink:href="http://www.xbrlsite.com/Schemas/brlm/2011-07-15/frm.xsd#frm_ReportDateAxis" />
    <loc xlink:type="locator"
      xlink:label="company_ReportedAsOfMarch182011Member"
      xlink:href="company.xsd#company_ReportedAsOfMarch182011Member" />
    <presentationArc xlink:type="arc"
      xlink:arcrole="http://www.xbrl.org/2003/arcrole/parent-child"
      xlink:from="frm_ReportDateAxis" xlink:to="company_ReportedAsOfMarch182011Member"
      order="1"
      use="optional" />
  </presentationLink>
  <presentationLink xlink:type="extended"
    xlink:role="http://xasb.org/gaap/role/schedule/AccountingPoliciesSchedule">
    <loc xlink:type="locator"
      xlink:label="frm_ReportDateAxis"
      xlink:href="http://www.xbrlsite.com/Schemas/brlm/2011-07-15/frm.xsd#frm_ReportDateAxis" />
    <loc xlink:type="locator"
      xlink:label="company_ReportedAsOfMarch182011Member"
      xlink:href="company.xsd#company_ReportedAsOfMarch182011Member" />
    <presentationArc xlink:type="arc"
      xlink:arcrole="http://www.xbrl.org/2003/arcrole/parent-child"
      xlink:from="frm_ReportDateAxis" xlink:to="company_ReportedAsOfMarch182011Member"
      order="1"
      use="optional" />
  </presentationLink>
  <presentationLink xlink:type="extended"
    xlink:role="http://xasb.org/gaap/role/schedule/CashCashEquivalentsSchedule">
    <loc xlink:type="locator"
      xlink:label="frm_ReportDateAxis"
      xlink:href="http://www.xbrlsite.com/Schemas/brlm/2011-07-15/frm.xsd#frm_ReportDateAxis" />
    <loc xlink:type="locator"
      xlink:label="company_ReportedAsOfMarch182011Member"
      xlink:href="company.xsd#company_ReportedAsOfMarch182011Member" />
    <presentationArc xlink:type="arc"
      xlink:arcrole="http://www.xbrl.org/2003/arcrole/parent-child"
      xlink:from="frm_ReportDateAxis" xlink:to="company_ReportedAsOfMarch182011Member"
      order="1"
      use="optional" />
  </presentationLink>
  <presentationLink xlink:type="extended"
    xlink:role="http://xasb.org/gaap/role/schedule/CashCashEquivalentsDetails">
    <loc xlink:type="locator"
      xlink:label="frm_ReportDateAxis"
      xlink:href="http://www.xbrlsite.com/Schemas/brlm/2011-07-15/frm.xsd#frm_ReportDateAxis" />
    <loc xlink:type="locator"
      xlink:label="company_ReportedAsOfMarch182011Member"
      xlink:href="company.xsd#company_ReportedAsOfMarch182011Member" />
    <presentationArc xlink:type="arc"
      xlink:arcrole="http://www.xbrl.org/2003/arcrole/parent-child"
      xlink:from="frm_ReportDateAxis" xlink:to="company_ReportedAsOfMarch182011Member"
      order="1"
      use="optional" />
  </presentationLink>
  <presentationLink xlink:type="extended"
    xlink:role="http://xasb.org/gaap/role/schedule/ReceivablesSchedule">
    <loc xlink:type="locator"
      xlink:label="frm_ReportDateAxis"
      xlink:href="http://www.xbrlsite.com/Schemas/brlm/2011-07-15/frm.xsd#frm_ReportDateAxis" />
    <loc xlink:type="locator"
      xlink:label="company_ReportedAsOfMarch182011Member"
      xlink:href="company.xsd#company_ReportedAsOfMarch182011Member" />
    <presentationArc xlink:type="arc"
      xlink:arcrole="http://www.xbrl.org/2003/arcrole/parent-child"
      xlink:from="frm_ReportDateAxis" xlink:to="company_ReportedAsOfMarch182011Member"
      order="1"
      use="optional" />
  </presentationLink>
  <presentationLink xlink:type="extended"
    xlink:role="http://xasb.org/gaap/role/suppport/ReceivablesCNB">
    <loc xlink:type="locator"
      xlink:label="frm_ReportDateAxis"
      xlink:href="http://www.xbrlsite.com/Schemas/brlm/2011-07-15/frm.xsd#frm_ReportDateAxis" />
    <loc xlink:type="locator"
      xlink:label="company_ReportedAsOfMarch182011Member"
      xlink:href="company.xsd#company_ReportedAsOfMarch182011Member" />
    <presentationArc xlink:type="arc"
      xlink:arcrole="http://www.xbrl.org/2003/arcrole/parent-child"
      xlink:from="frm_ReportDateAxis" xlink:to="company_ReportedAsOfMarch182011Member"
      order="1"
      use="optional" />
  </presentationLink>
  <presentationLink xlink:type="extended"
    xlink:role="http://xasb.org/gaap/role/support/ReceivablesGNB">
    <loc xlink:type="locator"
      xlink:label="frm_ReportDateAxis"
      xlink:href="http://www.xbrlsite.com/Schemas/brlm/2011-07-15/frm.xsd#frm_ReportDateAxis" />
    <loc xlink:type="locator"
      xlink:label="company_ReportedAsOfMarch182011Member"
      xlink:href="company.xsd#company_ReportedAsOfMarch182011Member" />
    <presentationArc xlink:type="arc"
      xlink:arcrole="http://www.xbrl.org/2003/arcrole/parent-child"
      xlink:from="frm_ReportDateAxis" xlink:to="company_ReportedAsOfMarch182011Member"
      order="1"
      use="optional" />
  </presentationLink>
  <presentationLink xlink:type="extended"
    xlink:role="http://xasb.org/gaap/role/support/ReceivablesCOM">
    <loc xlink:type="locator"
      xlink:label="frm_ReportDateAxis"
      xlink:href="http://www.xbrlsite.com/Schemas/brlm/2011-07-15/frm.xsd#frm_ReportDateAxis" />
    <loc xlink:type="locator"
      xlink:label="company_ReportedAsOfMarch182011Member"
      xlink:href="company.xsd#company_ReportedAsOfMarch182011Member" />
    <presentationArc xlink:type="arc"
      xlink:arcrole="http://www.xbrl.org/2003/arcrole/parent-child"
      xlink:from="frm_ReportDateAxis" xlink:to="company_ReportedAsOfMarch182011Member"
      order="1"
      use="optional" />
  </presentationLink>
  <presentationLink xlink:type="extended"
    xlink:role="http://xasb.org/gaap/role/schedule/InventorySchedule">
    <loc xlink:type="locator"
      xlink:label="frm_ReportDateAxis"
      xlink:href="http://www.xbrlsite.com/Schemas/brlm/2011-07-15/frm.xsd#frm_ReportDateAxis" />
    <loc xlink:type="locator"
      xlink:label="company_ReportedAsOfMarch182011Member"
      xlink:href="company.xsd#company_ReportedAsOfMarch182011Member" />
    <presentationArc xlink:type="arc"
      xlink:arcrole="http://www.xbrl.org/2003/arcrole/parent-child"
      xlink:from="frm_ReportDateAxis" xlink:to="company_ReportedAsOfMarch182011Member"
      order="1"
      use="optional" />
  </presentationLink>
  <presentationLink xlink:type="extended"
    xlink:role="http://xasb.org/gaap/role/schedule/PrepaidExpensesSchedule">
    <loc xlink:type="locator"
      xlink:label="frm_ReportDateAxis"
      xlink:href="http://www.xbrlsite.com/Schemas/brlm/2011-07-15/frm.xsd#frm_ReportDateAxis" />
    <loc xlink:type="locator"
      xlink:label="company_ReportedAsOfMarch182011Member"
      xlink:href="company.xsd#company_ReportedAsOfMarch182011Member" />
    <presentationArc xlink:type="arc"
      xlink:arcrole="http://www.xbrl.org/2003/arcrole/parent-child"
      xlink:from="frm_ReportDateAxis" xlink:to="company_ReportedAsOfMarch182011Member"
      order="1"
      use="optional" />
  </presentationLink>
  <presentationLink xlink:type="extended"
    xlink:role="http://xasb.org/gaap/role/schedule/PropertyPlantAndEquipmentSchedule">
    <loc xlink:type="locator"
      xlink:label="frm_ReportDateAxis"
      xlink:href="http://www.xbrlsite.com/Schemas/brlm/2011-07-15/frm.xsd#frm_ReportDateAxis" />
    <loc xlink:type="locator"
      xlink:label="company_ReportedAsOfMarch182011Member"
      xlink:href="company.xsd#company_ReportedAsOfMarch182011Member" />
    <presentationArc xlink:type="arc"
      xlink:arcrole="http://www.xbrl.org/2003/arcrole/parent-child"
      xlink:from="frm_ReportDateAxis" xlink:to="company_ReportedAsOfMarch182011Member"
      order="1"
      use="optional" />
  </presentationLink>
  <presentationLink xlink:type="extended"
    xlink:role="http://xasb.org/gaap/role/schedule/PropertyPlantAndEquipmentDetails">
    <loc xlink:type="locator"
      xlink:label="frm_ReportDateAxis"
      xlink:href="http://www.xbrlsite.com/Schemas/brlm/2011-07-15/frm.xsd#frm_ReportDateAxis" />
    <loc xlink:type="locator"
      xlink:label="company_ReportedAsOfMarch182011Member"
      xlink:href="company.xsd#company_ReportedAsOfMarch182011Member" />
    <presentationArc xlink:type="arc"
      xlink:arcrole="http://www.xbrl.org/2003/arcrole/parent-child"
      xlink:from="frm_ReportDateAxis" xlink:to="company_ReportedAsOfMarch182011Member"
      order="1"
      use="optional" />
  </presentationLink>
  <presentationLink xlink:type="extended"
    xlink:role="http://xasb.org/gaap/role/schedule/PropertyPlantAndEquipmentMovementsSchedule">
    <loc xlink:type="locator"
      xlink:label="frm_ReportDateAxis"
      xlink:href="http://www.xbrlsite.com/Schemas/brlm/2011-07-15/frm.xsd#frm_ReportDateAxis" />
    <loc xlink:type="locator"
      xlink:label="company_ReportedAsOfMarch182011Member"
      xlink:href="company.xsd#company_ReportedAsOfMarch182011Member" />
    <presentationArc xlink:type="arc"
      xlink:arcrole="http://www.xbrl.org/2003/arcrole/parent-child"
      xlink:from="frm_ReportDateAxis" xlink:to="company_ReportedAsOfMarch182011Member"
      order="1"
      use="optional" />
  </presentationLink>
  <presentationLink xlink:type="extended"
    xlink:role="http://xasb.org/gaap/role/support/PropertyPlantAndEquipmentSupport">
    <loc xlink:type="locator"
      xlink:label="frm_ReportDateAxis"
      xlink:href="http://www.xbrlsite.com/Schemas/brlm/2011-07-15/frm.xsd#frm_ReportDateAxis" />
    <loc xlink:type="locator"
      xlink:label="company_ReportedAsOfMarch182011Member"
      xlink:href="company.xsd#company_ReportedAsOfMarch182011Member" />
    <presentationArc xlink:type="arc"
      xlink:arcrole="http://www.xbrl.org/2003/arcrole/parent-child"
      xlink:from="frm_ReportDateAxis" xlink:to="company_ReportedAsOfMarch182011Member"
      order="1"
      use="optional" />
  </presentationLink>
  <presentationLink xlink:type="extended"
    xlink:role="http://xasb.org/gaap/role/support/PropertyPlantAndEquipmentAxissDetails">
    <loc xlink:type="locator"
      xlink:label="frm_ReportDateAxis"
      xlink:href="http://www.xbrlsite.com/Schemas/brlm/2011-07-15/frm.xsd#frm_ReportDateAxis" />
    <loc xlink:type="locator"
      xlink:label="company_ReportedAsOfMarch182011Member"
      xlink:href="company.xsd#company_ReportedAsOfMarch182011Member" />
    <presentationArc xlink:type="arc"
      xlink:arcrole="http://www.xbrl.org/2003/arcrole/parent-child"
      xlink:from="frm_ReportDateAxis" xlink:to="company_ReportedAsOfMarch182011Member"
      order="1"
      use="optional" />
  </presentationLink>
  <presentationLink xlink:type="extended"
    xlink:role="http://xasb.org/gaap/role/schedule/LeaseholdLandAndBuildingsSchedule">
    <loc xlink:type="locator"
      xlink:label="frm_ReportDateAxis"
      xlink:href="http://www.xbrlsite.com/Schemas/brlm/2011-07-15/frm.xsd#frm_ReportDateAxis" />
    <loc xlink:type="locator"
      xlink:label="company_ReportedAsOfMarch182011Member"
      xlink:href="company.xsd#company_ReportedAsOfMarch182011Member" />
    <presentationArc xlink:type="arc"
      xlink:arcrole="http://www.xbrl.org/2003/arcrole/parent-child"
      xlink:from="frm_ReportDateAxis" xlink:to="company_ReportedAsOfMarch182011Member"
      order="1"
      use="optional" />
    <loc xlink:type="locator"
      xlink:label="gaap_AllLeaseholdIdentifiersMember"
      xlink:href="gaap.xsd#gaap_AllLeaseholdIdentifiersMember" />
    <loc xlink:type="locator"
      xlink:label="company_LeaseholdAMember"
      xlink:href="company.xsd#company_LeaseholdAMember" />
    <presentationArc xlink:type="arc"
      xlink:arcrole="http://www.xbrl.org/2003/arcrole/parent-child"
      xlink:from="gaap_AllLeaseholdIdentifiersMember"
      xlink:to="company_LeaseholdAMember"
      order="1"
      use="optional" />
    <loc xlink:type="locator"
      xlink:label="company_LeaseholdBMember"
      xlink:href="company.xsd#company_LeaseholdBMember" />
    <presentationArc xlink:type="arc"
      xlink:arcrole="http://www.xbrl.org/2003/arcrole/parent-child"
      xlink:from="gaap_AllLeaseholdIdentifiersMember"
      xlink:to="company_LeaseholdBMember"
      order="2"
      use="optional" />
  </presentationLink>
  <presentationLink xlink:type="extended"
    xlink:role="http://xasb.org/gaap/role/schedule/OtherAssetsSchedule">
    <loc xlink:type="locator"
      xlink:label="frm_ReportDateAxis"
      xlink:href="http://www.xbrlsite.com/Schemas/brlm/2011-07-15/frm.xsd#frm_ReportDateAxis" />
    <loc xlink:type="locator"
      xlink:label="company_ReportedAsOfMarch182011Member"
      xlink:href="company.xsd#company_ReportedAsOfMarch182011Member" />
    <presentationArc xlink:type="arc"
      xlink:arcrole="http://www.xbrl.org/2003/arcrole/parent-child"
      xlink:from="frm_ReportDateAxis" xlink:to="company_ReportedAsOfMarch182011Member"
      order="1"
      use="optional" />
  </presentationLink>
  <presentationLink xlink:type="extended"
    xlink:role="http://xasb.org/gaap/role/schedule/OtherAssetsDetails">
    <loc xlink:type="locator"
      xlink:label="frm_ReportDateAxis"
      xlink:href="http://www.xbrlsite.com/Schemas/brlm/2011-07-15/frm.xsd#frm_ReportDateAxis" />
    <loc xlink:type="locator"
      xlink:label="company_ReportedAsOfMarch182011Member"
      xlink:href="company.xsd#company_ReportedAsOfMarch182011Member" />
    <presentationArc xlink:type="arc"
      xlink:arcrole="http://www.xbrl.org/2003/arcrole/parent-child"
      xlink:from="frm_ReportDateAxis" xlink:to="company_ReportedAsOfMarch182011Member"
      order="1"
      use="optional" />
  </presentationLink>
  <presentationLink xlink:type="extended"
    xlink:role="http://xasb.org/gaap/role/schedule/PayablesAndAccrualsSchedule">
    <loc xlink:type="locator"
      xlink:label="frm_ReportDateAxis"
      xlink:href="http://www.xbrlsite.com/Schemas/brlm/2011-07-15/frm.xsd#frm_ReportDateAxis" />
    <loc xlink:type="locator"
      xlink:label="company_ReportedAsOfMarch182011Member"
      xlink:href="company.xsd#company_ReportedAsOfMarch182011Member" />
    <presentationArc xlink:type="arc"
      xlink:arcrole="http://www.xbrl.org/2003/arcrole/parent-child"
      xlink:from="frm_ReportDateAxis" xlink:to="company_ReportedAsOfMarch182011Member"
      order="1"
      use="optional" />
  </presentationLink>
  <presentationLink xlink:type="extended"
    xlink:role="http://xasb.org/gaap/role/schedule/PayablesAndAccrualsDetails">
    <loc xlink:type="locator"
      xlink:label="frm_ReportDateAxis"
      xlink:href="http://www.xbrlsite.com/Schemas/brlm/2011-07-15/frm.xsd#frm_ReportDateAxis" />
    <loc xlink:type="locator"
      xlink:label="company_ReportedAsOfMarch182011Member"
      xlink:href="company.xsd#company_ReportedAsOfMarch182011Member" />
    <presentationArc xlink:type="arc"
      xlink:arcrole="http://www.xbrl.org/2003/arcrole/parent-child"
      xlink:from="frm_ReportDateAxis" xlink:to="company_ReportedAsOfMarch182011Member"
      order="1"
      use="optional" />
  </presentationLink>
  <presentationLink xlink:type="extended"
    xlink:role="http://xasb.org/gaap/role/schedule/DebtSchedule">
    <loc xlink:type="locator"
      xlink:label="frm_ReportDateAxis"
      xlink:href="http://www.xbrlsite.com/Schemas/brlm/2011-07-15/frm.xsd#frm_ReportDateAxis" />
    <loc xlink:type="locator"
      xlink:label="company_ReportedAsOfMarch182011Member"
      xlink:href="company.xsd#company_ReportedAsOfMarch182011Member" />
    <presentationArc xlink:type="arc"
      xlink:arcrole="http://www.xbrl.org/2003/arcrole/parent-child"
      xlink:from="frm_ReportDateAxis" xlink:to="company_ReportedAsOfMarch182011Member"
      order="1"
      use="optional" />
  </presentationLink>
  <presentationLink xlink:type="extended"
    xlink:role="http://xasb.org/gaap/role/schedule/DebtDetails">
    <loc xlink:type="locator"
      xlink:label="frm_ReportDateAxis"
      xlink:href="http://www.xbrlsite.com/Schemas/brlm/2011-07-15/frm.xsd#frm_ReportDateAxis" />
    <loc xlink:type="locator"
      xlink:label="company_ReportedAsOfMarch182011Member"
      xlink:href="company.xsd#company_ReportedAsOfMarch182011Member" />
    <presentationArc xlink:type="arc"
      xlink:arcrole="http://www.xbrl.org/2003/arcrole/parent-child"
      xlink:from="frm_ReportDateAxis" xlink:to="company_ReportedAsOfMarch182011Member"
      order="1"
      use="optional" />
  </presentationLink>
  <presentationLink xlink:type="extended"
    xlink:role="http://xasb.org/gaap/role/support/DebtCNB">
    <loc xlink:type="locator"
      xlink:label="frm_ReportDateAxis"
      xlink:href="http://www.xbrlsite.com/Schemas/brlm/2011-07-15/frm.xsd#frm_ReportDateAxis" />
    <loc xlink:type="locator"
      xlink:label="company_ReportedAsOfMarch182011Member"
      xlink:href="company.xsd#company_ReportedAsOfMarch182011Member" />
    <presentationArc xlink:type="arc"
      xlink:arcrole="http://www.xbrl.org/2003/arcrole/parent-child"
      xlink:from="frm_ReportDateAxis" xlink:to="company_ReportedAsOfMarch182011Member"
      order="1"
      use="optional" />
  </presentationLink>
  <presentationLink xlink:type="extended"
    xlink:role="http://xasb.org/gaap/role/schedule/LongTermDebtMaturitiesSchedule">
    <loc xlink:type="locator"
      xlink:label="frm_ReportDateAxis"
      xlink:href="http://www.xbrlsite.com/Schemas/brlm/2011-07-15/frm.xsd#frm_ReportDateAxis" />
    <loc xlink:type="locator"
      xlink:label="company_ReportedAsOfMarch182011Member"
      xlink:href="company.xsd#company_ReportedAsOfMarch182011Member" />
    <presentationArc xlink:type="arc"
      xlink:arcrole="http://www.xbrl.org/2003/arcrole/parent-child"
      xlink:from="frm_ReportDateAxis" xlink:to="company_ReportedAsOfMarch182011Member"
      order="1"
      use="optional" />
  </presentationLink>
  <presentationLink xlink:type="extended"
    xlink:role="http://xasb.org/gaap/role/schedule/DebtInstrumentsSchedule">
    <loc xlink:type="locator"
      xlink:label="frm_ReportDateAxis"
      xlink:href="http://www.xbrlsite.com/Schemas/brlm/2011-07-15/frm.xsd#frm_ReportDateAxis" />
    <loc xlink:type="locator"
      xlink:label="company_ReportedAsOfMarch182011Member"
      xlink:href="company.xsd#company_ReportedAsOfMarch182011Member" />
    <presentationArc xlink:type="arc"
      xlink:arcrole="http://www.xbrl.org/2003/arcrole/parent-child"
      xlink:from="frm_ReportDateAxis" xlink:to="company_ReportedAsOfMarch182011Member"
      order="1"
      use="optional" />
    <loc xlink:type="locator"
      xlink:label="gaap_AllDebtInstrumentsMember"
      xlink:href="gaap.xsd#gaap_AllDebtInstrumentsMember" />
    <loc xlink:type="locator"
      xlink:label="company_DebtInstrumentAMember"
      xlink:href="company.xsd#company_DebtInstrumentAMember" />
    <presentationArc xlink:type="arc"
      xlink:arcrole="http://www.xbrl.org/2003/arcrole/parent-child"
      xlink:from="gaap_AllDebtInstrumentsMember"
      xlink:to="company_DebtInstrumentAMember"
      order="1"
      use="optional" />
    <loc xlink:type="locator"
      xlink:label="company_DebtInstrumentBMember"
      xlink:href="company.xsd#company_DebtInstrumentBMember" />
    <presentationArc xlink:type="arc"
      xlink:arcrole="http://www.xbrl.org/2003/arcrole/parent-child"
      xlink:from="gaap_AllDebtInstrumentsMember"
      xlink:to="company_DebtInstrumentBMember"
      order="2"
      use="optional" />
    <loc xlink:type="locator"
      xlink:label="company_DebtInstrumentCMember"
      xlink:href="company.xsd#company_DebtInstrumentCMember" />
    <presentationArc xlink:type="arc"
      xlink:arcrole="http://www.xbrl.org/2003/arcrole/parent-child"
      xlink:from="gaap_AllDebtInstrumentsMember"
      xlink:to="company_DebtInstrumentCMember"
      order="3"
      use="optional" />
  </presentationLink>
  <presentationLink xlink:type="extended"
    xlink:role="http://xasb.org/gaap/role/schedule/OtherLiabilitiesSchedule">
    <loc xlink:type="locator"
      xlink:label="frm_ReportDateAxis"
      xlink:href="http://www.xbrlsite.com/Schemas/brlm/2011-07-15/frm.xsd#frm_ReportDateAxis" />
    <loc xlink:type="locator"
      xlink:label="company_ReportedAsOfMarch182011Member"
      xlink:href="company.xsd#company_ReportedAsOfMarch182011Member" />
    <presentationArc xlink:type="arc"
      xlink:arcrole="http://www.xbrl.org/2003/arcrole/parent-child"
      xlink:from="frm_ReportDateAxis" xlink:to="company_ReportedAsOfMarch182011Member"
      order="1"
      use="optional" />
  </presentationLink>
  <presentationLink xlink:type="extended"
    xlink:role="http://xasb.org/gaap/role/schedule/OtherLiabilitiesDetails">
    <loc xlink:type="locator"
      xlink:label="frm_ReportDateAxis"
      xlink:href="http://www.xbrlsite.com/Schemas/brlm/2011-07-15/frm.xsd#frm_ReportDateAxis" />
    <loc xlink:type="locator"
      xlink:label="company_ReportedAsOfMarch182011Member"
      xlink:href="company.xsd#company_ReportedAsOfMarch182011Member" />
    <presentationArc xlink:type="arc"
      xlink:arcrole="http://www.xbrl.org/2003/arcrole/parent-child"
      xlink:from="frm_ReportDateAxis" xlink:to="company_ReportedAsOfMarch182011Member"
      order="1"
      use="optional" />
  </presentationLink>
  <presentationLink xlink:type="extended"
    xlink:role="http://xasb.org/gaap/role/schedule/EquitySchedule">
    <loc xlink:type="locator"
      xlink:label="frm_ReportDateAxis"
      xlink:href="http://www.xbrlsite.com/Schemas/brlm/2011-07-15/frm.xsd#frm_ReportDateAxis" />
    <loc xlink:type="locator"
      xlink:label="company_ReportedAsOfMarch182011Member"
      xlink:href="company.xsd#company_ReportedAsOfMarch182011Member" />
    <presentationArc xlink:type="arc"
      xlink:arcrole="http://www.xbrl.org/2003/arcrole/parent-child"
      xlink:from="frm_ReportDateAxis" xlink:to="company_ReportedAsOfMarch182011Member"
      order="1"
      use="optional" />
  </presentationLink>
  <presentationLink xlink:type="extended"
    xlink:role="http://xasb.org/gaap/role/schedule/IncomeTaxesSchedule">
    <loc xlink:type="locator"
      xlink:label="frm_ReportDateAxis"
      xlink:href="http://www.xbrlsite.com/Schemas/brlm/2011-07-15/frm.xsd#frm_ReportDateAxis" />
    <loc xlink:type="locator"
      xlink:label="company_ReportedAsOfMarch182011Member"
      xlink:href="company.xsd#company_ReportedAsOfMarch182011Member" />
    <presentationArc xlink:type="arc"
      xlink:arcrole="http://www.xbrl.org/2003/arcrole/parent-child"
      xlink:from="frm_ReportDateAxis" xlink:to="company_ReportedAsOfMarch182011Member"
      order="1"
      use="optional" />
  </presentationLink>
  <presentationLink xlink:type="extended"
    xlink:role="http://xasb.org/gaap/role/schedule/IncomeTaxesDetails">
    <loc xlink:type="locator"
      xlink:label="frm_ReportDateAxis"
      xlink:href="http://www.xbrlsite.com/Schemas/brlm/2011-07-15/frm.xsd#frm_ReportDateAxis" />
    <loc xlink:type="locator"
      xlink:label="company_ReportedAsOfMarch182011Member"
      xlink:href="company.xsd#company_ReportedAsOfMarch182011Member" />
    <presentationArc xlink:type="arc"
      xlink:arcrole="http://www.xbrl.org/2003/arcrole/parent-child"
      xlink:from="frm_ReportDateAxis" xlink:to="company_ReportedAsOfMarch182011Member"
      order="1"
      use="optional" />
  </presentationLink>
  <presentationLink xlink:type="extended"
    xlink:role="http://xasb.org/gaap/role/schedule/SubsequentEventsSchedule">
    <loc xlink:type="locator"
      xlink:label="frm_ReportDateAxis"
      xlink:href="http://www.xbrlsite.com/Schemas/brlm/2011-07-15/frm.xsd#frm_ReportDateAxis" />
    <loc xlink:type="locator"
      xlink:label="company_ReportedAsOfMarch182011Member"
      xlink:href="company.xsd#company_ReportedAsOfMarch182011Member" />
    <presentationArc xlink:type="arc"
      xlink:arcrole="http://www.xbrl.org/2003/arcrole/parent-child"
      xlink:from="frm_ReportDateAxis" xlink:to="company_ReportedAsOfMarch182011Member"
      order="1"
      use="optional" />
  </presentationLink>
  <presentationLink xlink:type="extended"
    xlink:role="http://xasb.org/gaap/role/schedule/BusinessSegmentsSchedule">
    <loc xlink:type="locator"
      xlink:label="frm_ReportDateAxis"
      xlink:href="http://www.xbrlsite.com/Schemas/brlm/2011-07-15/frm.xsd#frm_ReportDateAxis" />
    <loc xlink:type="locator"
      xlink:label="company_ReportedAsOfMarch182011Member"
      xlink:href="company.xsd#company_ReportedAsOfMarch182011Member" />
    <presentationArc xlink:type="arc"
      xlink:arcrole="http://www.xbrl.org/2003/arcrole/parent-child"
      xlink:from="frm_ReportDateAxis" xlink:to="company_ReportedAsOfMarch182011Member"
      order="1"
      use="optional" />
    <loc xlink:type="locator"
      xlink:label="gaap_ContinuingOperationsMember"
      xlink:href="gaap.xsd#gaap_ContinuingOperationsMember" />
    <loc xlink:type="locator"
      xlink:label="company_BusinessSegmentOneMember"
      xlink:href="company.xsd#company_BusinessSegmentOneMember" />
    <presentationArc xlink:type="arc"
      xlink:arcrole="http://www.xbrl.org/2003/arcrole/parent-child"
      xlink:from="gaap_ContinuingOperationsMember"
      xlink:to="company_BusinessSegmentOneMember"
      order="1"
      use="optional" />
    <loc xlink:type="locator"
      xlink:label="company_BusinessSegmentTwoMember"
      xlink:href="company.xsd#company_BusinessSegmentTwoMember" />
    <presentationArc xlink:type="arc"
      xlink:arcrole="http://www.xbrl.org/2003/arcrole/parent-child"
      xlink:from="gaap_ContinuingOperationsMember"
      xlink:to="company_BusinessSegmentTwoMember"
      order="2"
      use="optional" />
  </presentationLink>
  <presentationLink xlink:type="extended"
    xlink:role="http://xasb.org/gaap/role/schedule/RelatedPartiesSchedule">
    <loc xlink:type="locator"
      xlink:label="frm_ReportDateAxis"
      xlink:href="http://www.xbrlsite.com/Schemas/brlm/2011-07-15/frm.xsd#frm_ReportDateAxis" />
    <loc xlink:type="locator"
      xlink:label="company_ReportedAsOfMarch182011Member"
      xlink:href="company.xsd#company_ReportedAsOfMarch182011Member" />
    <presentationArc xlink:type="arc"
      xlink:arcrole="http://www.xbrl.org/2003/arcrole/parent-child"
      xlink:from="frm_ReportDateAxis" xlink:to="company_ReportedAsOfMarch182011Member"
      order="1"
      use="optional" />
    <loc xlink:type="locator"
      xlink:label="gaap_AllRelatedPartiesMember"
      xlink:href="gaap.xsd#gaap_AllRelatedPartiesMember" />
    <loc xlink:type="locator"
      xlink:label="company_RelatedParty1Member"
      xlink:href="company.xsd#company_RelatedParty1Member" />
    <presentationArc xlink:type="arc"
      xlink:arcrole="http://www.xbrl.org/2003/arcrole/parent-child"
      xlink:from="gaap_AllRelatedPartiesMember"
      xlink:to="company_RelatedParty1Member"
      order="1"
      use="optional" />
    <loc xlink:type="locator"
      xlink:label="company_RelatedParty2Member"
      xlink:href="company.xsd#company_RelatedParty2Member" />
    <presentationArc xlink:type="arc"
      xlink:arcrole="http://www.xbrl.org/2003/arcrole/parent-child"
      xlink:from="gaap_AllRelatedPartiesMember"
      xlink:to="company_RelatedParty2Member"
      order="2"
      use="optional" />
  </presentationLink>
  <presentationLink xlink:type="extended"
    xlink:role="http://xasb.org/gaap/role/schedule/DirectorCompensationSchedule">
    <loc xlink:type="locator"
      xlink:label="frm_ReportDateAxis"
      xlink:href="http://www.xbrlsite.com/Schemas/brlm/2011-07-15/frm.xsd#frm_ReportDateAxis" />
    <loc xlink:type="locator"
      xlink:label="company_ReportedAsOfMarch182011Member"
      xlink:href="company.xsd#company_ReportedAsOfMarch182011Member" />
    <presentationArc xlink:type="arc"
      xlink:arcrole="http://www.xbrl.org/2003/arcrole/parent-child"
      xlink:from="frm_ReportDateAxis" xlink:to="company_ReportedAsOfMarch182011Member"
      order="1"
      use="optional" />
    <loc xlink:type="locator"
      xlink:label="gaap_AllDirectorsMember"
      xlink:href="gaap.xsd#gaap_AllDirectorsMember" />
    <loc xlink:type="locator"
      xlink:label="company_Director1Member"
      xlink:href="company.xsd#company_Director1Member" />
    <presentationArc xlink:type="arc"
      xlink:arcrole="http://www.xbrl.org/2003/arcrole/parent-child"
      xlink:from="gaap_AllDirectorsMember" xlink:to="company_Director1Member"
      order="3"
      use="optional" />
    <loc xlink:type="locator"
      xlink:label="company_Director2Member"
      xlink:href="company.xsd#company_Director2Member" />
    <presentationArc xlink:type="arc"
      xlink:arcrole="http://www.xbrl.org/2003/arcrole/parent-child"
      xlink:from="gaap_AllDirectorsMember" xlink:to="company_Director2Member"
      order="4"
      use="optional" />
  </presentationLink>
  <presentationLink xlink:type="extended"
    xlink:role="http://xasb.org/gaap/role/schedule/ShareOwnershipPlansSchedule">
    <loc xlink:type="locator"
      xlink:label="frm_ReportDateAxis"
      xlink:href="http://www.xbrlsite.com/Schemas/brlm/2011-07-15/frm.xsd#frm_ReportDateAxis" />
    <loc xlink:type="locator"
      xlink:label="company_ReportedAsOfMarch182011Member"
      xlink:href="company.xsd#company_ReportedAsOfMarch182011Member" />
    <presentationArc xlink:type="arc"
      xlink:arcrole="http://www.xbrl.org/2003/arcrole/parent-child"
      xlink:from="frm_ReportDateAxis" xlink:to="company_ReportedAsOfMarch182011Member"
      order="1"
      use="optional" />
    <loc xlink:type="locator"
      xlink:label="gaap_AllShareOwnershipPlansMember"
      xlink:href="gaap.xsd#gaap_AllShareOwnershipPlansMember" />
    <loc xlink:type="locator"
      xlink:label="company_ShareOwnershipPlan1Member"
      xlink:href="company.xsd#company_ShareOwnershipPlan1Member" />
    <presentationArc xlink:type="arc"
      xlink:arcrole="http://www.xbrl.org/2003/arcrole/parent-child"
      xlink:from="gaap_AllShareOwnershipPlansMember"
      xlink:to="company_ShareOwnershipPlan1Member"
      order="1"
      use="optional" />
    <loc xlink:type="locator"
      xlink:label="company_ShareOwnershipPlan2Member"
      xlink:href="company.xsd#company_ShareOwnershipPlan2Member" />
    <presentationArc xlink:type="arc"
      xlink:arcrole="http://www.xbrl.org/2003/arcrole/parent-child"
      xlink:from="gaap_AllShareOwnershipPlansMember"
      xlink:to="company_ShareOwnershipPlan2Member"
      order="2"
      use="optional" />
  </presentationLink>
  <presentationLink xlink:type="extended"
    xlink:role="http://xasb.org/gaap/role/schedule/ReconciliationOfCashSummarySchedule">
    <loc xlink:type="locator"
      xlink:label="frm_ReportDateAxis"
      xlink:href="http://www.xbrlsite.com/Schemas/brlm/2011-07-15/frm.xsd#frm_ReportDateAxis" />
    <loc xlink:type="locator"
      xlink:label="company_ReportedAsOfMarch182011Member"
      xlink:href="company.xsd#company_ReportedAsOfMarch182011Member" />
    <presentationArc xlink:type="arc"
      xlink:arcrole="http://www.xbrl.org/2003/arcrole/parent-child"
      xlink:from="frm_ReportDateAxis" xlink:to="company_ReportedAsOfMarch182011Member"
      order="1"
      use="optional" />
  </presentationLink>
  <presentationLink xlink:type="extended"
    xlink:role="http://xasb.org/gaap/role/schedule/ReconciliationOfCashDetailSchedule">
    <loc xlink:type="locator"
      xlink:label="frm_ReportDateAxis"
      xlink:href="http://www.xbrlsite.com/Schemas/brlm/2011-07-15/frm.xsd#frm_ReportDateAxis" />
    <loc xlink:type="locator"
      xlink:label="company_ReportedAsOfMarch182011Member"
      xlink:href="company.xsd#company_ReportedAsOfMarch182011Member" />
    <presentationArc xlink:type="arc"
      xlink:arcrole="http://www.xbrl.org/2003/arcrole/parent-child"
      xlink:from="frm_ReportDateAxis" xlink:to="company_ReportedAsOfMarch182011Member"
      order="1"
      use="optional" />
    <loc xlink:type="locator"
      xlink:label="gaap_AllReconcilingItemsOfCashAndCashEquivalentsMember"
      xlink:href="gaap.xsd#gaap_AllReconcilingItemsOfCashAndCashEquivalentsMember" />
    <loc xlink:type="locator"
      xlink:label="company_ReconcilingItemTypeAMember"
      xlink:href="company.xsd#company_ReconcilingItemTypeAMember" />
    <presentationArc xlink:type="arc"
      xlink:arcrole="http://www.xbrl.org/2003/arcrole/parent-child"
      xlink:from="gaap_AllReconcilingItemsOfCashAndCashEquivalentsMember"
      xlink:to="company_ReconcilingItemTypeAMember"
      order="1"
      use="optional" />
    <loc xlink:type="locator"
      xlink:label="company_ReconcilingItemTypeBMember"
      xlink:href="company.xsd#company_ReconcilingItemTypeBMember" />
    <presentationArc xlink:type="arc"
      xlink:arcrole="http://www.xbrl.org/2003/arcrole/parent-child"
      xlink:from="gaap_AllReconcilingItemsOfCashAndCashEquivalentsMember"
      xlink:to="company_ReconcilingItemTypeBMember"
      order="2"
      use="optional" />
  </presentationLink>
  <presentationLink xlink:type="extended"
    xlink:role="http://xasb.org/gaap/role/schedule/PortfolioOfInvestmentsSchedule">
    <loc xlink:type="locator"
      xlink:label="frm_ReportDateAxis"
      xlink:href="http://www.xbrlsite.com/Schemas/brlm/2011-07-15/frm.xsd#frm_ReportDateAxis" />
    <loc xlink:type="locator"
      xlink:label="company_ReportedAsOfMarch182011Member"
      xlink:href="company.xsd#company_ReportedAsOfMarch182011Member" />
    <presentationArc xlink:type="arc"
      xlink:arcrole="http://www.xbrl.org/2003/arcrole/parent-child"
      xlink:from="frm_ReportDateAxis" xlink:to="company_ReportedAsOfMarch182011Member"
      order="1"
      use="optional" />
    <loc xlink:type="locator"
      xlink:label="gaap_AllInvestmentsMember"
      xlink:href="gaap.xsd#gaap_AllInvestmentsMember" />
    <loc xlink:type="locator"
      xlink:label="company_TreasuryBills3.4712010Member"
      xlink:href="company.xsd#company_TreasuryBills3.4712010Member" />
    <presentationArc xlink:type="arc"
      xlink:arcrole="http://www.xbrl.org/2003/arcrole/parent-child"
      xlink:from="gaap_AllInvestmentsMember"
      xlink:to="company_TreasuryBills3.4712010Member"
      order="1"
      use="optional" />
    <loc xlink:type="locator"
      xlink:label="company_TreasuryBills3.3712011Member"
      xlink:href="company.xsd#company_TreasuryBills3.3712011Member" />
    <presentationArc xlink:type="arc"
      xlink:arcrole="http://www.xbrl.org/2003/arcrole/parent-child"
      xlink:from="gaap_AllInvestmentsMember"
      xlink:to="company_TreasuryBills3.3712011Member"
      order="2"
      use="optional" />
  </presentationLink>
  <presentationLink xlink:type="extended"
    xlink:role="http://xasb.org/gaap/role/schedule/DocumentInformationSchedule">
    <loc xlink:type="locator"
      xlink:label="frm_ReportDateAxis"
      xlink:href="http://www.xbrlsite.com/Schemas/brlm/2011-07-15/frm.xsd#frm_ReportDateAxis" />
    <loc xlink:type="locator"
      xlink:label="company_ReportedAsOfMarch182011Member"
      xlink:href="company.xsd#company_ReportedAsOfMarch182011Member" />
    <presentationArc xlink:type="arc"
      xlink:arcrole="http://www.xbrl.org/2003/arcrole/parent-child"
      xlink:from="frm_ReportDateAxis" xlink:to="company_ReportedAsOfMarch182011Member"
      order="1"
      use="optional" />
  </presentationLink>
  <presentationLink xlink:type="extended"
    xlink:role="http://xasb.org/gaap/role/schedule/RelatedPartyTransactionsSchedule">
    <loc xlink:type="locator"
      xlink:label="frm_ReportDateAxis"
      xlink:href="http://www.xbrlsite.com/Schemas/brlm/2011-07-15/frm.xsd#frm_ReportDateAxis" />
    <loc xlink:type="locator"
      xlink:label="company_ReportedAsOfMarch182011Member"
      xlink:href="company.xsd#company_ReportedAsOfMarch182011Member" />
    <presentationArc xlink:type="arc"
      xlink:arcrole="http://www.xbrl.org/2003/arcrole/parent-child"
      xlink:from="frm_ReportDateAxis" xlink:to="company_ReportedAsOfMarch182011Member"
      order="1"
      use="optional" />
    <loc xlink:type="locator"
      xlink:label="gaap_AllRelatedPartiesMember"
      xlink:href="gaap.xsd#gaap_AllRelatedPartiesMember" />
    <loc xlink:type="locator"
      xlink:label="company_RelatedParty1Member"
      xlink:href="company.xsd#company_RelatedParty1Member" />
    <presentationArc xlink:type="arc"
      xlink:arcrole="http://www.xbrl.org/2003/arcrole/parent-child"
      xlink:from="gaap_AllRelatedPartiesMember"
      xlink:to="company_RelatedParty1Member"
      order="1"
      use="optional" />
    <loc xlink:type="locator"
      xlink:label="company_RelatedParty2Member"
      xlink:href="company.xsd#company_RelatedParty2Member" />
    <presentationArc xlink:type="arc"
      xlink:arcrole="http://www.xbrl.org/2003/arcrole/parent-child"
      xlink:from="gaap_AllRelatedPartiesMember"
      xlink:to="company_RelatedParty2Member"
      order="2"
      use="optional" />
  </presentationLink>
  <presentationLink xlink:type="extended"
    xlink:role="http://www.ABCCompany.com/company/VarianceAnalysis">
    <loc xlink:type="locator"
      xlink:label="company_VarianceAnalysisGrossProfitTable"
      xlink:href="company.xsd#company_VarianceAnalysisGrossProfitTable" />
    <loc xlink:type="locator"
      xlink:label="frm_LegalEntityAxis"
      xlink:href="http://www.xbrlsite.com/Schemas/brlm/2011-07-15/frm.xsd#frm_LegalEntityAxis" />
    <presentationArc xlink:type="arc"
      xlink:arcrole="http://www.xbrl.org/2003/arcrole/parent-child"
      xlink:from="company_VarianceAnalysisGrossProfitTable"
      xlink:to="frm_LegalEntityAxis"
      order="1"
      use="optional" />
    <loc xlink:type="locator"
      xlink:label="frm_ConsolidatedEntityMember"
      xlink:href="http://www.xbrlsite.com/Schemas/brlm/2011-07-15/frm.xsd#frm_ConsolidatedEntityMember" />
    <presentationArc xlink:type="arc"
      xlink:arcrole="http://www.xbrl.org/2003/arcrole/parent-child"
      xlink:from="frm_LegalEntityAxis" xlink:to="frm_ConsolidatedEntityMember"
      order="1"
      use="optional" />
    <loc xlink:type="locator"
      xlink:label="frm_ReportDateAxis"
      xlink:href="http://www.xbrlsite.com/Schemas/brlm/2011-07-15/frm.xsd#frm_ReportDateAxis" />
    <presentationArc xlink:type="arc"
      xlink:arcrole="http://www.xbrl.org/2003/arcrole/parent-child"
      xlink:from="company_VarianceAnalysisGrossProfitTable"
      xlink:to="frm_ReportDateAxis"
      order="2"
      use="optional" />
    <loc xlink:type="locator"
      xlink:label="company_ReportedAsOfMarch182011Member"
      xlink:href="company.xsd#company_ReportedAsOfMarch182011Member" />
    <presentationArc xlink:type="arc"
      xlink:arcrole="http://www.xbrl.org/2003/arcrole/parent-child"
      xlink:from="frm_ReportDateAxis" xlink:to="company_ReportedAsOfMarch182011Member"
      order="1"
      use="optional" />
    <loc xlink:type="locator"
      xlink:label="frm_ReportingScenarioAxis"
      xlink:href="http://www.xbrlsite.com/Schemas/brlm/2011-07-15/frm.xsd#frm_ReportingScenarioAxis" />
    <presentationArc xlink:type="arc"
      xlink:arcrole="http://www.xbrl.org/2003/arcrole/parent-child"
      xlink:from="company_VarianceAnalysisGrossProfitTable"
      xlink:to="frm_ReportingScenarioAxis"
      order="3"
      use="optional" />
    <loc xlink:type="locator"
      xlink:label="frm_ReportingScenariosAllMember"
      xlink:href="http://www.xbrlsite.com/Schemas/brlm/2011-07-15/frm.xsd#frm_ReportingScenariosAllMember" />
    <presentationArc xlink:type="arc"
      xlink:arcrole="http://www.xbrl.org/2003/arcrole/parent-child"
      xlink:from="frm_ReportingScenarioAxis"
      xlink:to="frm_ReportingScenariosAllMember"
      order="1"
      use="optional" />
    <loc xlink:type="locator"
      xlink:label="frm_ActualMember"
      xlink:href="http://www.xbrlsite.com/Schemas/brlm/2011-07-15/frm.xsd#frm_ActualMember" />
    <presentationArc xlink:type="arc"
      xlink:arcrole="http://www.xbrl.org/2003/arcrole/parent-child"
      xlink:from="frm_ReportingScenariosAllMember"
      xlink:to="frm_ActualMember"
      order="1"
      use="optional" />
    <loc xlink:type="locator"
      xlink:label="frm_BudgetedMember"
      xlink:href="http://www.xbrlsite.com/Schemas/brlm/2011-07-15/frm.xsd#frm_BudgetedMember" />
    <presentationArc xlink:type="arc"
      xlink:arcrole="http://www.xbrl.org/2003/arcrole/parent-child"
      xlink:from="frm_ReportingScenariosAllMember"
      xlink:to="frm_BudgetedMember"
      order="2"
      use="optional" />
    <loc xlink:type="locator"
      xlink:label="company_VarianceAnalysisGrossProfitLineItems"
      xlink:href="company.xsd#company_VarianceAnalysisGrossProfitLineItems" />
    <presentationArc xlink:type="arc"
      xlink:arcrole="http://www.xbrl.org/2003/arcrole/parent-child"
      xlink:from="company_VarianceAnalysisGrossProfitTable"
      xlink:to="company_VarianceAnalysisGrossProfitLineItems"
      order="4"
      use="optional" />
    <loc xlink:type="locator"
      xlink:label="gaap_GrossProfitLossRollUp"
      xlink:href="gaap.xsd#gaap_GrossProfitLossRollUp" />
    <presentationArc xlink:type="arc"
      xlink:arcrole="http://www.xbrl.org/2003/arcrole/parent-child"
      xlink:from="company_VarianceAnalysisGrossProfitLineItems"
      xlink:to="gaap_GrossProfitLossRollUp"
      order="1"
      use="optional" />
    <loc xlink:type="locator"
      xlink:label="gaap_RevenuesNet"
      xlink:href="gaap.xsd#gaap_RevenuesNet" />
    <presentationArc xlink:type="arc"
      xlink:arcrole="http://www.xbrl.org/2003/arcrole/parent-child"
      xlink:from="gaap_GrossProfitLossRollUp"
      xlink:to="gaap_RevenuesNet"
      order="4"
      use="optional" />
    <loc xlink:type="locator"
      xlink:label="gaap_CostOfSales"
      xlink:href="gaap.xsd#gaap_CostOfSales" />
    <presentationArc xlink:type="arc"
      xlink:arcrole="http://www.xbrl.org/2003/arcrole/parent-child"
      xlink:from="gaap_GrossProfitLossRollUp"
      xlink:to="gaap_CostOfSales"
      order="5"
      use="optional" />
    <loc xlink:type="locator"
      xlink:label="gaap_GrossProfitLoss"
      xlink:href="gaap.xsd#gaap_GrossProfitLoss" />
    <presentationArc xlink:type="arc"
      xlink:arcrole="http://www.xbrl.org/2003/arcrole/parent-child"
      xlink:from="gaap_GrossProfitLossRollUp"
      xlink:to="gaap_GrossProfitLoss"
      order="6"
      use="optional" />
  </presentationLink>
</linkbase>