<?xml version="1.0" encoding="utf-8"?>
<!--
Taxonomy Label Links linkbase based on XBRL standard Version 2.1.
Created by UBmatrix Taxonomy Designer 3.0.3.2433 (2009-05-15 09:36).  
Contact www.ubmatrix.com
Copyright (c) 2002-2011 UBmatrix inc., All Rights Reserved
Produced on 2011-07-30 09:05:47
-->
<linkbase
  xmlns="http://www.xbrl.org/2003/linkbase"
  xmlns:xsi="http://www.w3.org/2001/XMLSchema-instance"
  xmlns:xlink="http://www.w3.org/1999/xlink"
  xsi:schemaLocation="
    http://www.xbrl.org/2003/linkbase 
      http://www.xbrl.org/2003/xbrl-linkbase-2003-12-31.xsd
    ">
  <labelLink xlink:type="extended"
    xlink:role="http://www.xbrl.org/2003/role/link">
    <loc xlink:type="locator"
      xlink:label="company_BusinessSegmentOneMember"
      xlink:href="company.xsd#company_BusinessSegmentOneMember" />
    <labelArc xlink:type="arc"
      xlink:arcrole="http://www.xbrl.org/2003/arcrole/concept-label"
      xlink:from="company_BusinessSegmentOneMember"
      xlink:to="company_BusinessSegmentOneMember_lbl" />
    <label xlink:type="resource"
      xlink:label="company_BusinessSegmentOneMember_lbl"
      xml:lang="en"
      xlink:role="http://www.xbrl.org/2003/role/documentation">Nam rhoncus mi. Nunc eu dui non mauris interdum tincidunt. Nullam leo.</label>
    <label xlink:type="resource"
      xlink:label="company_BusinessSegmentOneMember_lbl"
      xml:lang="en"
      xlink:role="http://www.xbrl.org/2003/role/label">Business Segment One [Member]</label>
    <loc xlink:type="locator"
      xlink:label="company_BusinessSegmentTwoMember"
      xlink:href="company.xsd#company_BusinessSegmentTwoMember" />
    <labelArc xlink:type="arc"
      xlink:arcrole="http://www.xbrl.org/2003/arcrole/concept-label"
      xlink:from="company_BusinessSegmentTwoMember"
      xlink:to="company_BusinessSegmentTwoMember_lbl" />
    <label xlink:type="resource"
      xlink:label="company_BusinessSegmentTwoMember_lbl"
      xml:lang="en"
      xlink:role="http://www.xbrl.org/2003/role/documentation">Proin feugiat lobortis mi. Nunc congue. Fusce venenatis. Maecenas tincidunt, ipsum in fringilla hendrerit, dolor metus eleifend neque, vel tincidunt mi nunc a purus.</label>
    <label xlink:type="resource"
      xlink:label="company_BusinessSegmentTwoMember_lbl"
      xml:lang="en"
      xlink:role="http://www.xbrl.org/2003/role/label">Business Segment Two [Member]</label>
    <loc xlink:type="locator"
      xlink:label="company_ClassACommonStockMember"
      xlink:href="company.xsd#company_ClassACommonStockMember" />
    <labelArc xlink:type="arc"
      xlink:arcrole="http://www.xbrl.org/2003/arcrole/concept-label"
      xlink:from="company_ClassACommonStockMember"
      xlink:to="company_ClassACommonStockMember_lbl" />
    <label xlink:type="resource"
      xlink:label="company_ClassACommonStockMember_lbl"
      xml:lang="en"
      xlink:role="http://www.xbrl.org/2003/role/documentation">Sed lobortis. Maecenas scelerisque ullamcorper libero. Aliquam porta leo imperdiet pede.</label>
    <label xlink:type="resource"
      xlink:label="company_ClassACommonStockMember_lbl"
      xml:lang="en"
      xlink:role="http://www.xbrl.org/2003/role/label">Class A Common Stock [Member]</label>
    <loc xlink:type="locator"
      xlink:label="company_ClassAPreferredStockMember"
      xlink:href="company.xsd#company_ClassAPreferredStockMember" />
    <labelArc xlink:type="arc"
      xlink:arcrole="http://www.xbrl.org/2003/arcrole/concept-label"
      xlink:from="company_ClassAPreferredStockMember"
      xlink:to="company_ClassAPreferredStockMember_lbl" />
    <label xlink:type="resource"
      xlink:label="company_ClassAPreferredStockMember_lbl"
      xml:lang="en"
      xlink:role="http://www.xbrl.org/2003/role/documentation">Nulla sit amet nibh. Sed elementum feugiat augue. Nam non tortor non leo porta bibendum.</label>
    <label xlink:type="resource"
      xlink:label="company_ClassAPreferredStockMember_lbl"
      xml:lang="en"
      xlink:role="http://www.xbrl.org/2003/role/label">Class A Preferred Stock [Member]</label>
    <loc xlink:type="locator"
      xlink:label="company_ClassBCommonStockMember"
      xlink:href="company.xsd#company_ClassBCommonStockMember" />
    <labelArc xlink:type="arc"
      xlink:arcrole="http://www.xbrl.org/2003/arcrole/concept-label"
      xlink:from="company_ClassBCommonStockMember"
      xlink:to="company_ClassBCommonStockMember_lbl" />
    <label xlink:type="resource"
      xlink:label="company_ClassBCommonStockMember_lbl"
      xml:lang="en"
      xlink:role="http://www.xbrl.org/2003/role/documentation">Aliquam porta leo imperdiet pede.</label>
    <label xlink:type="resource"
      xlink:label="company_ClassBCommonStockMember_lbl"
      xml:lang="en"
      xlink:role="http://www.xbrl.org/2003/role/label">Class B Common Stock [Member]</label>
    <loc xlink:type="locator"
      xlink:label="company_ConsolidatedBalanceSheetsSchedule"
      xlink:href="company.xsd#company_ConsolidatedBalanceSheetsSchedule" />
    <labelArc xlink:type="arc"
      xlink:arcrole="http://www.xbrl.org/2003/arcrole/concept-label"
      xlink:from="company_ConsolidatedBalanceSheetsSchedule"
      xlink:to="company_ConsolidatedBalanceSheetsSchedule_lbl" />
    <label xlink:type="resource"
      xlink:label="company_ConsolidatedBalanceSheetsSchedule_lbl"
      xml:lang="en"
      xlink:role="http://www.xbrl.org/2003/role/documentation">Fusce suscipit pede ut erat. Sed rutrum. Pellentesque eget mi. In enim.</label>
    <label xlink:type="resource"
      xlink:label="company_ConsolidatedBalanceSheetsSchedule_lbl"
      xml:lang="en"
      xlink:role="http://www.xbrl.org/2003/role/label">Consolidated Balance Sheets [Schedule]</label>
    <loc xlink:type="locator"
      xlink:label="company_ConsolidatedCashFlowStatementSchedule"
      xlink:href="company.xsd#company_ConsolidatedCashFlowStatementSchedule" />
    <labelArc xlink:type="arc"
      xlink:arcrole="http://www.xbrl.org/2003/arcrole/concept-label"
      xlink:from="company_ConsolidatedCashFlowStatementSchedule"
      xlink:to="company_ConsolidatedCashFlowStatementSchedule_lbl" />
    <label xlink:type="resource"
      xlink:label="company_ConsolidatedCashFlowStatementSchedule_lbl"
      xml:lang="en"
      xlink:role="http://www.xbrl.org/2003/role/documentation">Nullam nibh dui, molestie vitae, imperdiet non, ornare at, elit.</label>
    <label xlink:type="resource"
      xlink:label="company_ConsolidatedCashFlowStatementSchedule_lbl"
      xml:lang="en"
      xlink:role="http://www.xbrl.org/2003/role/label">Consolidated Cash Flow Statement [Schedule]</label>
    <loc xlink:type="locator"
      xlink:label="company_ConsolidatedIncomeStatementsSchedule"
      xlink:href="company.xsd#company_ConsolidatedIncomeStatementsSchedule" />
    <labelArc xlink:type="arc"
      xlink:arcrole="http://www.xbrl.org/2003/arcrole/concept-label"
      xlink:from="company_ConsolidatedIncomeStatementsSchedule"
      xlink:to="company_ConsolidatedIncomeStatementsSchedule_lbl" />
    <label xlink:type="resource"
      xlink:label="company_ConsolidatedIncomeStatementsSchedule_lbl"
      xml:lang="en"
      xlink:role="http://www.xbrl.org/2003/role/documentation">Duis metus. Donec pulvinar nonummy erat. In vel justo at urna rutrum ultrices.</label>
    <label xlink:type="resource"
      xlink:label="company_ConsolidatedIncomeStatementsSchedule_lbl"
      xml:lang="en"
      xlink:role="http://www.xbrl.org/2003/role/label">Consolidated Income Statements [Schedule]</label>
    <loc xlink:type="locator"
      xlink:label="company_ConsolidatedStatementChangesInEquitySchedule"
      xlink:href="company.xsd#company_ConsolidatedStatementChangesInEquitySchedule" />
    <labelArc xlink:type="arc"
      xlink:arcrole="http://www.xbrl.org/2003/arcrole/concept-label"
      xlink:from="company_ConsolidatedStatementChangesInEquitySchedule"
      xlink:to="company_ConsolidatedStatementChangesInEquitySchedule_lbl" />
    <label xlink:type="resource"
      xlink:label="company_ConsolidatedStatementChangesInEquitySchedule_lbl"
      xml:lang="en"
      xlink:role="http://www.xbrl.org/2003/role/documentation">Donec malesuada lorem id mi. Nunc ut purus ac nisl tempus accumsan.</label>
    <label xlink:type="resource"
      xlink:label="company_ConsolidatedStatementChangesInEquitySchedule_lbl"
      xml:lang="en"
      xlink:role="http://www.xbrl.org/2003/role/label">Consolidated Statement of Changes in Equity [Schedule]</label>
    <loc xlink:type="locator"
      xlink:label="company_CustomerAMember"
      xlink:href="company.xsd#company_CustomerAMember" />
    <labelArc xlink:type="arc"
      xlink:arcrole="http://www.xbrl.org/2003/arcrole/concept-label"
      xlink:from="company_CustomerAMember" xlink:to="company_CustomerAMember_lbl" />
    <label xlink:type="resource"
      xlink:label="company_CustomerAMember_lbl"
      xml:lang="en"
      xlink:role="http://www.xbrl.org/2003/role/documentation">Fusce gravida, ligula a placerat placerat, leo erat euismod lectus, et lacinia justo libero non pede.</label>
    <label xlink:type="resource"
      xlink:label="company_CustomerAMember_lbl"
      xml:lang="en"
      xlink:role="http://www.xbrl.org/2003/role/label">Customer A [Member]</label>
    <loc xlink:type="locator"
      xlink:label="company_CustomerBMember"
      xlink:href="company.xsd#company_CustomerBMember" />
    <labelArc xlink:type="arc"
      xlink:arcrole="http://www.xbrl.org/2003/arcrole/concept-label"
      xlink:from="company_CustomerBMember" xlink:to="company_CustomerBMember_lbl" />
    <label xlink:type="resource"
      xlink:label="company_CustomerBMember_lbl"
      xml:lang="en"
      xlink:role="http://www.xbrl.org/2003/role/documentation">Sed elementum feugiat augue. Nam non tortor non leo porta bibendum. Morbi eu pede.</label>
    <label xlink:type="resource"
      xlink:label="company_CustomerBMember_lbl"
      xml:lang="en"
      xlink:role="http://www.xbrl.org/2003/role/label">Customer B [Member]</label>
    <loc xlink:type="locator"
      xlink:label="company_CustomerCMember"
      xlink:href="company.xsd#company_CustomerCMember" />
    <labelArc xlink:type="arc"
      xlink:arcrole="http://www.xbrl.org/2003/arcrole/concept-label"
      xlink:from="company_CustomerCMember" xlink:to="company_CustomerCMember_lbl" />
    <label xlink:type="resource"
      xlink:label="company_CustomerCMember_lbl"
      xml:lang="en"
      xlink:role="http://www.xbrl.org/2003/role/documentation">Mauris commodo ultrices elit. Sed id orci.</label>
    <label xlink:type="resource"
      xlink:label="company_CustomerCMember_lbl"
      xml:lang="en"
      xlink:role="http://www.xbrl.org/2003/role/label">Customer C [Member]</label>
    <loc xlink:type="locator"
      xlink:label="company_DebtInstrumentAMember"
      xlink:href="company.xsd#company_DebtInstrumentAMember" />
    <labelArc xlink:type="arc"
      xlink:arcrole="http://www.xbrl.org/2003/arcrole/concept-label"
      xlink:from="company_DebtInstrumentAMember"
      xlink:to="company_DebtInstrumentAMember_lbl" />
    <label xlink:type="resource"
      xlink:label="company_DebtInstrumentAMember_lbl"
      xml:lang="en"
      xlink:role="http://www.xbrl.org/2003/role/documentation">Nulla sit amet nibh. Sed elementum feugiat augue. Nam non tortor non leo porta bibendum.</label>
    <label xlink:type="resource"
      xlink:label="company_DebtInstrumentAMember_lbl"
      xml:lang="en"
      xlink:role="http://www.xbrl.org/2003/role/label">Debt Instrument A [Member]</label>
    <loc xlink:type="locator"
      xlink:label="company_DebtInstrumentBMember"
      xlink:href="company.xsd#company_DebtInstrumentBMember" />
    <labelArc xlink:type="arc"
      xlink:arcrole="http://www.xbrl.org/2003/arcrole/concept-label"
      xlink:from="company_DebtInstrumentBMember"
      xlink:to="company_DebtInstrumentBMember_lbl" />
    <label xlink:type="resource"
      xlink:label="company_DebtInstrumentBMember_lbl"
      xml:lang="en"
      xlink:role="http://www.xbrl.org/2003/role/documentation">Nullam nibh dui, molestie vitae, imperdiet non, ornare at, elit.</label>
    <label xlink:type="resource"
      xlink:label="company_DebtInstrumentBMember_lbl"
      xml:lang="en"
      xlink:role="http://www.xbrl.org/2003/role/label">Debt Instrument B [Member]</label>
    <loc xlink:type="locator"
      xlink:label="company_DebtInstrumentCMember"
      xlink:href="company.xsd#company_DebtInstrumentCMember" />
    <labelArc xlink:type="arc"
      xlink:arcrole="http://www.xbrl.org/2003/arcrole/concept-label"
      xlink:from="company_DebtInstrumentCMember"
      xlink:to="company_DebtInstrumentCMember_lbl" />
    <label xlink:type="resource"
      xlink:label="company_DebtInstrumentCMember_lbl"
      xml:lang="en"
      xlink:role="http://www.xbrl.org/2003/role/documentation">Donec malesuada lorem id mi. Nunc ut purus ac nisl tempus accumsan.</label>
    <label xlink:type="resource"
      xlink:label="company_DebtInstrumentCMember_lbl"
      xml:lang="en"
      xlink:role="http://www.xbrl.org/2003/role/label">Debt Instrument C [Member]</label>
    <loc xlink:type="locator"
      xlink:label="company_Director1Member"
      xlink:href="company.xsd#company_Director1Member" />
    <labelArc xlink:type="arc"
      xlink:arcrole="http://www.xbrl.org/2003/arcrole/concept-label"
      xlink:from="company_Director1Member" xlink:to="company_Director1Member_lbl" />
    <label xlink:type="resource"
      xlink:label="company_Director1Member_lbl"
      xml:lang="en"
      xlink:role="http://www.xbrl.org/2003/role/documentation">Sed mauris. Nulla facilisi. Fusce tristique posuere ipsum. Nulla facilisi. Aliquam viverra risus vitae ante.</label>
    <label xlink:type="resource"
      xlink:label="company_Director1Member_lbl"
      xml:lang="en"
      xlink:role="http://www.xbrl.org/2003/role/label">Director 1 [Member]</label>
    <loc xlink:type="locator"
      xlink:label="company_Director2Member"
      xlink:href="company.xsd#company_Director2Member" />
    <labelArc xlink:type="arc"
      xlink:arcrole="http://www.xbrl.org/2003/arcrole/concept-label"
      xlink:from="company_Director2Member" xlink:to="company_Director2Member_lbl" />
    <label xlink:type="resource"
      xlink:label="company_Director2Member_lbl"
      xml:lang="en"
      xlink:role="http://www.xbrl.org/2003/role/documentation">Fusce gravida, ligula a placerat placerat, leo erat euismod lectus, et lacinia justo libero non pede. Vivamus ac velit vel magna nonummy pretium.</label>
    <label xlink:type="resource"
      xlink:label="company_Director2Member_lbl"
      xml:lang="en"
      xlink:role="http://www.xbrl.org/2003/role/label">Director 2 [Member]</label>
    <loc xlink:type="locator"
      xlink:label="company_FinancialHighlightsSchedule"
      xlink:href="company.xsd#company_FinancialHighlightsSchedule" />
    <labelArc xlink:type="arc"
      xlink:arcrole="http://www.xbrl.org/2003/arcrole/concept-label"
      xlink:from="company_FinancialHighlightsSchedule"
      xlink:to="company_FinancialHighlightsSchedule_lbl" />
    <label xlink:type="resource"
      xlink:label="company_FinancialHighlightsSchedule_lbl"
      xml:lang="en"
      xlink:role="http://www.xbrl.org/2003/role/documentation">Sed magna felis, accumsan a, fermentum quis, varius sed, ipsum. Nullam leo. Donec eros.</label>
    <label xlink:type="resource"
      xlink:label="company_FinancialHighlightsSchedule_lbl"
      xml:lang="en"
      xlink:role="http://www.xbrl.org/2003/role/label">Financial Highlights [Schedule]</label>
    <loc xlink:type="locator"
      xlink:label="company_FinancialReportFlow"
      xlink:href="company.xsd#company_FinancialReportFlow" />
    <labelArc xlink:type="arc"
      xlink:arcrole="http://www.xbrl.org/2003/arcrole/concept-label"
      xlink:from="company_FinancialReportFlow"
      xlink:to="company_FinancialReportFlow_lbl" />
    <label xlink:type="resource"
      xlink:label="company_FinancialReportFlow_lbl"
      xml:lang="en"
      xlink:role="http://www.xbrl.org/2003/role/documentation">Suspendisse vestibulum augue eu justo. Pellentesque habitant morbi tristique senectus et netus et malesuada fames ac turpis egestas.</label>
    <label xlink:type="resource"
      xlink:label="company_FinancialReportFlow_lbl"
      xml:lang="en"
      xlink:role="http://www.xbrl.org/2003/role/label">Financial Report [Flow]</label>
    <loc xlink:type="locator"
      xlink:label="company_LeaseholdAMember"
      xlink:href="company.xsd#company_LeaseholdAMember" />
    <labelArc xlink:type="arc"
      xlink:arcrole="http://www.xbrl.org/2003/arcrole/concept-label"
      xlink:from="company_LeaseholdAMember"
      xlink:to="company_LeaseholdAMember_lbl" />
    <label xlink:type="resource"
      xlink:label="company_LeaseholdAMember_lbl"
      xml:lang="en"
      xlink:role="http://www.xbrl.org/2003/role/documentation">Aliquam porta leo imperdiet pede.</label>
    <label xlink:type="resource"
      xlink:label="company_LeaseholdAMember_lbl"
      xml:lang="en"
      xlink:role="http://www.xbrl.org/2003/role/label">Leasehold A [Member]</label>
    <loc xlink:type="locator"
      xlink:label="company_LeaseholdBMember"
      xlink:href="company.xsd#company_LeaseholdBMember" />
    <labelArc xlink:type="arc"
      xlink:arcrole="http://www.xbrl.org/2003/arcrole/concept-label"
      xlink:from="company_LeaseholdBMember"
      xlink:to="company_LeaseholdBMember_lbl" />
    <label xlink:type="resource"
      xlink:label="company_LeaseholdBMember_lbl"
      xml:lang="en"
      xlink:role="http://www.xbrl.org/2003/role/documentation">Fusce suscipit pede ut erat. Sed rutrum. Pellentesque eget mi. In enim.</label>
    <label xlink:type="resource"
      xlink:label="company_LeaseholdBMember_lbl"
      xml:lang="en"
      xlink:role="http://www.xbrl.org/2003/role/label">Leasehold B [Member]</label>
    <loc xlink:type="locator"
      xlink:label="company_Note10DebtSchedule"
      xlink:href="company.xsd#company_Note10DebtSchedule" />
    <labelArc xlink:type="arc"
      xlink:arcrole="http://www.xbrl.org/2003/arcrole/concept-label"
      xlink:from="company_Note10DebtSchedule"
      xlink:to="company_Note10DebtSchedule_lbl" />
    <label xlink:type="resource"
      xlink:label="company_Note10DebtSchedule_lbl"
      xml:lang="en"
      xlink:role="http://www.xbrl.org/2003/role/documentation">Proin feugiat lobortis mi. Nunc congue. Fusce venenatis. Maecenas tincidunt, ipsum in fringilla hendrerit, dolor metus eleifend neque, vel tincidunt mi nunc a purus.</label>
    <label xlink:type="resource"
      xlink:label="company_Note10DebtSchedule_lbl"
      xml:lang="en"
      xlink:role="http://www.xbrl.org/2003/role/label">Note 10, Debt [Schedule]</label>
    <loc xlink:type="locator"
      xlink:label="company_Note11OtherLiabilitiesSchedule"
      xlink:href="company.xsd#company_Note11OtherLiabilitiesSchedule" />
    <labelArc xlink:type="arc"
      xlink:arcrole="http://www.xbrl.org/2003/arcrole/concept-label"
      xlink:from="company_Note11OtherLiabilitiesSchedule"
      xlink:to="company_Note11OtherLiabilitiesSchedule_lbl" />
    <label xlink:type="resource"
      xlink:label="company_Note11OtherLiabilitiesSchedule_lbl"
      xml:lang="en"
      xlink:role="http://www.xbrl.org/2003/role/documentation">Sed elementum feugiat augue. Nam non tortor non leo porta bibendum. Morbi eu pede.</label>
    <label xlink:type="resource"
      xlink:label="company_Note11OtherLiabilitiesSchedule_lbl"
      xml:lang="en"
      xlink:role="http://www.xbrl.org/2003/role/label">Note 11, Other Liabilities [Schedule]</label>
    <loc xlink:type="locator"
      xlink:label="company_Note12EquitySchedule"
      xlink:href="company.xsd#company_Note12EquitySchedule" />
    <labelArc xlink:type="arc"
      xlink:arcrole="http://www.xbrl.org/2003/arcrole/concept-label"
      xlink:from="company_Note12EquitySchedule"
      xlink:to="company_Note12EquitySchedule_lbl" />
    <label xlink:type="resource"
      xlink:label="company_Note12EquitySchedule_lbl"
      xml:lang="en"
      xlink:role="http://www.xbrl.org/2003/role/documentation">Mauris commodo ultrices elit. Sed id orci.</label>
    <label xlink:type="resource"
      xlink:label="company_Note12EquitySchedule_lbl"
      xml:lang="en"
      xlink:role="http://www.xbrl.org/2003/role/label">Note 12, Equity [Schedule]</label>
    <loc xlink:type="locator"
      xlink:label="company_Note13IncomeTaxesSchedule"
      xlink:href="company.xsd#company_Note13IncomeTaxesSchedule" />
    <labelArc xlink:type="arc"
      xlink:arcrole="http://www.xbrl.org/2003/arcrole/concept-label"
      xlink:from="company_Note13IncomeTaxesSchedule"
      xlink:to="company_Note13IncomeTaxesSchedule_lbl" />
    <label xlink:type="resource"
      xlink:label="company_Note13IncomeTaxesSchedule_lbl"
      xml:lang="en"
      xlink:role="http://www.xbrl.org/2003/role/documentation">Fusce gravida, ligula a placerat placerat, leo erat euismod lectus, et lacinia justo libero non pede.</label>
    <label xlink:type="resource"
      xlink:label="company_Note13IncomeTaxesSchedule_lbl"
      xml:lang="en"
      xlink:role="http://www.xbrl.org/2003/role/label">Note 13, Income Taxes [Schedule]</label>
    <loc xlink:type="locator"
      xlink:label="company_Note14SubsequentEventsSchedule"
      xlink:href="company.xsd#company_Note14SubsequentEventsSchedule" />
    <labelArc xlink:type="arc"
      xlink:arcrole="http://www.xbrl.org/2003/arcrole/concept-label"
      xlink:from="company_Note14SubsequentEventsSchedule"
      xlink:to="company_Note14SubsequentEventsSchedule_lbl" />
    <label xlink:type="resource"
      xlink:label="company_Note14SubsequentEventsSchedule_lbl"
      xml:lang="en"
      xlink:role="http://www.xbrl.org/2003/role/documentation">Nam rhoncus mi. Nunc eu dui non mauris interdum tincidunt. Sed magna felis, accumsan a, fermentum quis, varius sed, ipsum.</label>
    <label xlink:type="resource"
      xlink:label="company_Note14SubsequentEventsSchedule_lbl"
      xml:lang="en"
      xlink:role="http://www.xbrl.org/2003/role/label">Note 14, Subsequent Events [Schedule]</label>
    <loc xlink:type="locator"
      xlink:label="company_Note15BusinessSegmentsSchedule"
      xlink:href="company.xsd#company_Note15BusinessSegmentsSchedule" />
    <labelArc xlink:type="arc"
      xlink:arcrole="http://www.xbrl.org/2003/arcrole/concept-label"
      xlink:from="company_Note15BusinessSegmentsSchedule"
      xlink:to="company_Note15BusinessSegmentsSchedule_lbl" />
    <label xlink:type="resource"
      xlink:label="company_Note15BusinessSegmentsSchedule_lbl"
      xml:lang="en"
      xlink:role="http://www.xbrl.org/2003/role/documentation">Praesent id mauris. Sed dapibus dui quis lectus. Donec id sem. Integer sit amet diam ac nibh consequat vestibulum.</label>
    <label xlink:type="resource"
      xlink:label="company_Note15BusinessSegmentsSchedule_lbl"
      xml:lang="en"
      xlink:role="http://www.xbrl.org/2003/role/label">Note 15, Business Segments [Schedule]</label>
    <loc xlink:type="locator"
      xlink:label="company_Note16RelatedPartyTransactionsSchedule"
      xlink:href="company.xsd#company_Note16RelatedPartyTransactionsSchedule" />
    <labelArc xlink:type="arc"
      xlink:arcrole="http://www.xbrl.org/2003/arcrole/concept-label"
      xlink:from="company_Note16RelatedPartyTransactionsSchedule"
      xlink:to="company_Note16RelatedPartyTransactionsSchedule_lbl" />
    <label xlink:type="resource"
      xlink:label="company_Note16RelatedPartyTransactionsSchedule_lbl"
      xml:lang="en"
      xlink:role="http://www.xbrl.org/2003/role/documentation">Sed lobortis. Maecenas scelerisque ullamcorper libero. Aliquam porta leo imperdiet pede.</label>
    <label xlink:type="resource"
      xlink:label="company_Note16RelatedPartyTransactionsSchedule_lbl"
      xml:lang="en"
      xlink:role="http://www.xbrl.org/2003/role/label">Note 16, Related Party Transactions [Schedule]</label>
    <loc xlink:type="locator"
      xlink:label="company_Note17DirectorCompensationSchedule"
      xlink:href="company.xsd#company_Note17DirectorCompensationSchedule" />
    <labelArc xlink:type="arc"
      xlink:arcrole="http://www.xbrl.org/2003/arcrole/concept-label"
      xlink:from="company_Note17DirectorCompensationSchedule"
      xlink:to="company_Note17DirectorCompensationSchedule_lbl" />
    <label xlink:type="resource"
      xlink:label="company_Note17DirectorCompensationSchedule_lbl"
      xml:lang="en"
      xlink:role="http://www.xbrl.org/2003/role/documentation">Class aptent taciti sociosqu ad litora torquent per conubia nostra, per inceptos hymenaeos.</label>
    <label xlink:type="resource"
      xlink:label="company_Note17DirectorCompensationSchedule_lbl"
      xml:lang="en"
      xlink:role="http://www.xbrl.org/2003/role/label">Note 17, Director Compensation [Schedule]</label>
    <loc xlink:type="locator"
      xlink:label="company_Note18ShareOwnershipPlansSchedule"
      xlink:href="company.xsd#company_Note18ShareOwnershipPlansSchedule" />
    <labelArc xlink:type="arc"
      xlink:arcrole="http://www.xbrl.org/2003/arcrole/concept-label"
      xlink:from="company_Note18ShareOwnershipPlansSchedule"
      xlink:to="company_Note18ShareOwnershipPlansSchedule_lbl" />
    <label xlink:type="resource"
      xlink:label="company_Note18ShareOwnershipPlansSchedule_lbl"
      xml:lang="en"
      xlink:role="http://www.xbrl.org/2003/role/documentation">Sed magna felis, accumsan a, fermentum quis, varius sed, ipsum. Nullam leo. Donec eros.</label>
    <label xlink:type="resource"
      xlink:label="company_Note18ShareOwnershipPlansSchedule_lbl"
      xml:lang="en"
      xlink:role="http://www.xbrl.org/2003/role/label">Note 18, Share Ownership Plans [Schedule]</label>
    <loc xlink:type="locator"
      xlink:label="company_Note19OtherMattersSchedule"
      xlink:href="company.xsd#company_Note19OtherMattersSchedule" />
    <labelArc xlink:type="arc"
      xlink:arcrole="http://www.xbrl.org/2003/arcrole/concept-label"
      xlink:from="company_Note19OtherMattersSchedule"
      xlink:to="company_Note19OtherMattersSchedule_lbl" />
    <label xlink:type="resource"
      xlink:label="company_Note19OtherMattersSchedule_lbl"
      xml:lang="en"
      xlink:role="http://www.xbrl.org/2003/role/documentation">Fusce suscipit pede ut erat. Sed rutrum. Pellentesque eget mi. In enim.</label>
    <label xlink:type="resource"
      xlink:label="company_Note19OtherMattersSchedule_lbl"
      xml:lang="en"
      xlink:role="http://www.xbrl.org/2003/role/label">Note 19, Other Matters [Schedule]</label>
    <loc xlink:type="locator"
      xlink:label="company_Note1GeneralSchedule"
      xlink:href="company.xsd#company_Note1GeneralSchedule" />
    <labelArc xlink:type="arc"
      xlink:arcrole="http://www.xbrl.org/2003/arcrole/concept-label"
      xlink:from="company_Note1GeneralSchedule"
      xlink:to="company_Note1GeneralSchedule_lbl" />
    <label xlink:type="resource"
      xlink:label="company_Note1GeneralSchedule_lbl"
      xml:lang="en"
      xlink:role="http://www.xbrl.org/2003/role/documentation">Sed mauris. Nulla facilisi. Fusce tristique posuere ipsum. Nulla facilisi. Aliquam viverra risus vitae ante.</label>
    <label xlink:type="resource"
      xlink:label="company_Note1GeneralSchedule_lbl"
      xml:lang="en"
      xlink:role="http://www.xbrl.org/2003/role/label">Note 1, General [Schedule]</label>
    <loc xlink:type="locator"
      xlink:label="company_Note2SignificantAccountingPoliciesSchedule"
      xlink:href="company.xsd#company_Note2SignificantAccountingPoliciesSchedule" />
    <labelArc xlink:type="arc"
      xlink:arcrole="http://www.xbrl.org/2003/arcrole/concept-label"
      xlink:from="company_Note2SignificantAccountingPoliciesSchedule"
      xlink:to="company_Note2SignificantAccountingPoliciesSchedule_lbl" />
    <label xlink:type="resource"
      xlink:label="company_Note2SignificantAccountingPoliciesSchedule_lbl"
      xml:lang="en"
      xlink:role="http://www.xbrl.org/2003/role/documentation">Fusce gravida, ligula a placerat placerat, leo erat euismod lectus, et lacinia justo libero non pede. Vivamus ac velit vel magna nonummy pretium.</label>
    <label xlink:type="resource"
      xlink:label="company_Note2SignificantAccountingPoliciesSchedule_lbl"
      xml:lang="en"
      xlink:role="http://www.xbrl.org/2003/role/label">Note 2, Significant Accounting Policies [Schedule]</label>
    <loc xlink:type="locator"
      xlink:label="company_Note3CashEquivalentsInvestmentsSchedule"
      xlink:href="company.xsd#company_Note3CashEquivalentsInvestmentsSchedule" />
    <labelArc xlink:type="arc"
      xlink:arcrole="http://www.xbrl.org/2003/arcrole/concept-label"
      xlink:from="company_Note3CashEquivalentsInvestmentsSchedule"
      xlink:to="company_Note3CashEquivalentsInvestmentsSchedule_lbl" />
    <label xlink:type="resource"
      xlink:label="company_Note3CashEquivalentsInvestmentsSchedule_lbl"
      xml:lang="en"
      xlink:role="http://www.xbrl.org/2003/role/documentation">Aliquam porta leo imperdiet pede.</label>
    <label xlink:type="resource"
      xlink:label="company_Note3CashEquivalentsInvestmentsSchedule_lbl"
      xml:lang="en"
      xlink:role="http://www.xbrl.org/2003/role/label">Note 3, Cash Equivalents and Investments [Schedule]</label>
    <loc xlink:type="locator"
      xlink:label="company_Note4ReceivablesSchedule"
      xlink:href="company.xsd#company_Note4ReceivablesSchedule" />
    <labelArc xlink:type="arc"
      xlink:arcrole="http://www.xbrl.org/2003/arcrole/concept-label"
      xlink:from="company_Note4ReceivablesSchedule"
      xlink:to="company_Note4ReceivablesSchedule_lbl" />
    <label xlink:type="resource"
      xlink:label="company_Note4ReceivablesSchedule_lbl"
      xml:lang="en"
      xlink:role="http://www.xbrl.org/2003/role/documentation">Nullam nibh dui, molestie vitae, imperdiet non, ornare at, elit.</label>
    <label xlink:type="resource"
      xlink:label="company_Note4ReceivablesSchedule_lbl"
      xml:lang="en"
      xlink:role="http://www.xbrl.org/2003/role/label">Note 4, Receivables [Schedule]</label>
    <loc xlink:type="locator"
      xlink:label="company_Note5InventoriesSchedule"
      xlink:href="company.xsd#company_Note5InventoriesSchedule" />
    <labelArc xlink:type="arc"
      xlink:arcrole="http://www.xbrl.org/2003/arcrole/concept-label"
      xlink:from="company_Note5InventoriesSchedule"
      xlink:to="company_Note5InventoriesSchedule_lbl" />
    <label xlink:type="resource"
      xlink:label="company_Note5InventoriesSchedule_lbl"
      xml:lang="en"
      xlink:role="http://www.xbrl.org/2003/role/documentation">Praesent id mauris. Sed dapibus dui quis lectus. Donec id sem. Integer sit amet diam ac nibh consequat vestibulum.</label>
    <label xlink:type="resource"
      xlink:label="company_Note5InventoriesSchedule_lbl"
      xml:lang="en"
      xlink:role="http://www.xbrl.org/2003/role/label">Note 5, Inventories [Schedule]</label>
    <loc xlink:type="locator"
      xlink:label="company_Note6PrepaidExpensesSchedule"
      xlink:href="company.xsd#company_Note6PrepaidExpensesSchedule" />
    <labelArc xlink:type="arc"
      xlink:arcrole="http://www.xbrl.org/2003/arcrole/concept-label"
      xlink:from="company_Note6PrepaidExpensesSchedule"
      xlink:to="company_Note6PrepaidExpensesSchedule_lbl" />
    <label xlink:type="resource"
      xlink:label="company_Note6PrepaidExpensesSchedule_lbl"
      xml:lang="en"
      xlink:role="http://www.xbrl.org/2003/role/documentation">Nulla sit amet nibh. Sed elementum feugiat augue. Nam non tortor non leo porta bibendum.</label>
    <label xlink:type="resource"
      xlink:label="company_Note6PrepaidExpensesSchedule_lbl"
      xml:lang="en"
      xlink:role="http://www.xbrl.org/2003/role/label">Note 6, Prepaid Expenses [Schedule]</label>
    <loc xlink:type="locator"
      xlink:label="company_Note7PropertyPlantEquipmentSchedule"
      xlink:href="company.xsd#company_Note7PropertyPlantEquipmentSchedule" />
    <labelArc xlink:type="arc"
      xlink:arcrole="http://www.xbrl.org/2003/arcrole/concept-label"
      xlink:from="company_Note7PropertyPlantEquipmentSchedule"
      xlink:to="company_Note7PropertyPlantEquipmentSchedule_lbl" />
    <label xlink:type="resource"
      xlink:label="company_Note7PropertyPlantEquipmentSchedule_lbl"
      xml:lang="en"
      xlink:role="http://www.xbrl.org/2003/role/documentation">Suspendisse vestibulum augue eu justo. Pellentesque habitant morbi tristique senectus et netus et malesuada fames ac turpis egestas.</label>
    <label xlink:type="resource"
      xlink:label="company_Note7PropertyPlantEquipmentSchedule_lbl"
      xml:lang="en"
      xlink:role="http://www.xbrl.org/2003/role/label">Note 7, Property, Plant and Equipment [Schedule]</label>
    <loc xlink:type="locator"
      xlink:label="company_Note8OtherAssetsSchedule"
      xlink:href="company.xsd#company_Note8OtherAssetsSchedule" />
    <labelArc xlink:type="arc"
      xlink:arcrole="http://www.xbrl.org/2003/arcrole/concept-label"
      xlink:from="company_Note8OtherAssetsSchedule"
      xlink:to="company_Note8OtherAssetsSchedule_lbl" />
    <label xlink:type="resource"
      xlink:label="company_Note8OtherAssetsSchedule_lbl"
      xml:lang="en"
      xlink:role="http://www.xbrl.org/2003/role/documentation">Class aptent taciti sociosqu ad litora torquent per conubia nostra, per inceptos hymenaeos.</label>
    <label xlink:type="resource"
      xlink:label="company_Note8OtherAssetsSchedule_lbl"
      xml:lang="en"
      xlink:role="http://www.xbrl.org/2003/role/label">Note 8, Other Assets [Schedule]</label>
    <loc xlink:type="locator"
      xlink:label="company_Note9PayablesAccrualsCurrentLiabilitiesSchedule"
      xlink:href="company.xsd#company_Note9PayablesAccrualsCurrentLiabilitiesSchedule" />
    <labelArc xlink:type="arc"
      xlink:arcrole="http://www.xbrl.org/2003/arcrole/concept-label"
      xlink:from="company_Note9PayablesAccrualsCurrentLiabilitiesSchedule"
      xlink:to="company_Note9PayablesAccrualsCurrentLiabilitiesSchedule_lbl" />
    <label xlink:type="resource"
      xlink:label="company_Note9PayablesAccrualsCurrentLiabilitiesSchedule_lbl"
      xml:lang="en"
      xlink:role="http://www.xbrl.org/2003/role/documentation">Pellentesque pede felis, rhoncus accumsan, luctus ut, facilisis vitae, tortor. Suspendisse potenti.</label>
    <label xlink:type="resource"
      xlink:label="company_Note9PayablesAccrualsCurrentLiabilitiesSchedule_lbl"
      xml:lang="en"
      xlink:role="http://www.xbrl.org/2003/role/label">Note 9, Payables and AccrualsCurrent Liabilities [Schedule]</label>
    <loc xlink:type="locator"
      xlink:label="company_NotesToConsolidatedFinancialStatementsSchedule"
      xlink:href="company.xsd#company_NotesToConsolidatedFinancialStatementsSchedule" />
    <labelArc xlink:type="arc"
      xlink:arcrole="http://www.xbrl.org/2003/arcrole/concept-label"
      xlink:from="company_NotesToConsolidatedFinancialStatementsSchedule"
      xlink:to="company_NotesToConsolidatedFinancialStatementsSchedule_lbl" />
    <label xlink:type="resource"
      xlink:label="company_NotesToConsolidatedFinancialStatementsSchedule_lbl"
      xml:lang="en"
      xlink:role="http://www.xbrl.org/2003/role/documentation">Pellentesque pede felis, rhoncus accumsan, luctus ut, facilisis vitae, tortor. Suspendisse potenti.</label>
    <label xlink:type="resource"
      xlink:label="company_NotesToConsolidatedFinancialStatementsSchedule_lbl"
      xml:lang="en"
      xlink:role="http://www.xbrl.org/2003/role/label">Notes to Consolidated Financial Statements [Schedule]</label>
    <loc xlink:type="locator"
      xlink:label="company_PrimaryFinancialsSchedule"
      xlink:href="company.xsd#company_PrimaryFinancialsSchedule" />
    <labelArc xlink:type="arc"
      xlink:arcrole="http://www.xbrl.org/2003/arcrole/concept-label"
      xlink:from="company_PrimaryFinancialsSchedule"
      xlink:to="company_PrimaryFinancialsSchedule_lbl" />
    <label xlink:type="resource"
      xlink:label="company_PrimaryFinancialsSchedule_lbl"
      xml:lang="en"
      xlink:role="http://www.xbrl.org/2003/role/documentation">Duis metus. Donec pulvinar nonummy erat. In vel justo at urna rutrum ultrices.</label>
    <label xlink:type="resource"
      xlink:label="company_PrimaryFinancialsSchedule_lbl"
      xml:lang="en"
      xlink:role="http://www.xbrl.org/2003/role/label">Primary Financials [Schedule]</label>
    <loc xlink:type="locator"
      xlink:label="company_ReconcilingItemTypeAMember"
      xlink:href="company.xsd#company_ReconcilingItemTypeAMember" />
    <labelArc xlink:type="arc"
      xlink:arcrole="http://www.xbrl.org/2003/arcrole/concept-label"
      xlink:from="company_ReconcilingItemTypeAMember"
      xlink:to="company_ReconcilingItemTypeAMember_lbl" />
    <label xlink:type="resource"
      xlink:label="company_ReconcilingItemTypeAMember_lbl"
      xml:lang="en"
      xlink:role="http://www.xbrl.org/2003/role/documentation">Sed lobortis. Maecenas scelerisque ullamcorper libero. Aliquam porta leo imperdiet pede.</label>
    <label xlink:type="resource"
      xlink:label="company_ReconcilingItemTypeAMember_lbl"
      xml:lang="en"
      xlink:role="http://www.xbrl.org/2003/role/label">Reconciling Item Type A [Member]</label>
    <loc xlink:type="locator"
      xlink:label="company_ReconcilingItemTypeBMember"
      xlink:href="company.xsd#company_ReconcilingItemTypeBMember" />
    <labelArc xlink:type="arc"
      xlink:arcrole="http://www.xbrl.org/2003/arcrole/concept-label"
      xlink:from="company_ReconcilingItemTypeBMember"
      xlink:to="company_ReconcilingItemTypeBMember_lbl" />
    <label xlink:type="resource"
      xlink:label="company_ReconcilingItemTypeBMember_lbl"
      xml:lang="en"
      xlink:role="http://www.xbrl.org/2003/role/documentation">Donec malesuada lorem id mi. Nunc ut purus ac nisl tempus accumsan.</label>
    <label xlink:type="resource"
      xlink:label="company_ReconcilingItemTypeBMember_lbl"
      xml:lang="en"
      xlink:role="http://www.xbrl.org/2003/role/label">Reconciling Item Type B [Member]</label>
    <loc xlink:type="locator"
      xlink:label="company_RelatedParty1Member"
      xlink:href="company.xsd#company_RelatedParty1Member" />
    <labelArc xlink:type="arc"
      xlink:arcrole="http://www.xbrl.org/2003/arcrole/concept-label"
      xlink:from="company_RelatedParty1Member"
      xlink:to="company_RelatedParty1Member_lbl" />
    <label xlink:type="resource"
      xlink:label="company_RelatedParty1Member_lbl"
      xml:lang="en"
      xlink:role="http://www.xbrl.org/2003/role/documentation">Sed mauris. Nulla facilisi. Fusce tristique posuere ipsum. Nulla facilisi. Aliquam viverra risus vitae ante.</label>
    <label xlink:type="resource"
      xlink:label="company_RelatedParty1Member_lbl"
      xml:lang="en"
      xlink:role="http://www.xbrl.org/2003/role/label">Related Party 1 [Member]</label>
    <loc xlink:type="locator"
      xlink:label="company_RelatedParty2Member"
      xlink:href="company.xsd#company_RelatedParty2Member" />
    <labelArc xlink:type="arc"
      xlink:arcrole="http://www.xbrl.org/2003/arcrole/concept-label"
      xlink:from="company_RelatedParty2Member"
      xlink:to="company_RelatedParty2Member_lbl" />
    <label xlink:type="resource"
      xlink:label="company_RelatedParty2Member_lbl"
      xml:lang="en"
      xlink:role="http://www.xbrl.org/2003/role/documentation">Fusce venenatis. Maecenas tincidunt, ipsum in fringilla hendrerit, dolor metus eleifend neque, vel tincidunt mi nunc a purus.</label>
    <label xlink:type="resource"
      xlink:label="company_RelatedParty2Member_lbl"
      xml:lang="en"
      xlink:role="http://www.xbrl.org/2003/role/label">Related Party 2 [Member]</label>
    <loc xlink:type="locator"
      xlink:label="company_ReportedAsOfFebruary222010Member"
      xlink:href="company.xsd#company_ReportedAsOfFebruary222010Member" />
    <labelArc xlink:type="arc"
      xlink:arcrole="http://www.xbrl.org/2003/arcrole/concept-label"
      xlink:from="company_ReportedAsOfFebruary222010Member"
      xlink:to="company_ReportedAsOfFebruary222010Member_lbl" />
    <label xlink:type="resource"
      xlink:label="company_ReportedAsOfFebruary222010Member_lbl"
      xml:lang="en"
      xlink:role="http://www.xbrl.org/2003/role/documentation">Mauris commodo ultrices elit. Sed id orci.</label>
    <label xlink:type="resource"
      xlink:label="company_ReportedAsOfFebruary222010Member_lbl"
      xml:lang="en"
      xlink:role="http://www.xbrl.org/2003/role/label">Reported as of February 22, 2010 [Member]</label>
    <loc xlink:type="locator"
      xlink:label="company_ReportedAsOfMarch182011Member"
      xlink:href="company.xsd#company_ReportedAsOfMarch182011Member" />
    <labelArc xlink:type="arc"
      xlink:arcrole="http://www.xbrl.org/2003/arcrole/concept-label"
      xlink:from="company_ReportedAsOfMarch182011Member"
      xlink:to="company_ReportedAsOfMarch182011Member_lbl" />
    <label xlink:type="resource"
      xlink:label="company_ReportedAsOfMarch182011Member_lbl"
      xml:lang="en"
      xlink:role="http://www.xbrl.org/2003/role/documentation">Class aptent taciti sociosqu ad litora torquent per conubia nostra, per inceptos hymenaeos.</label>
    <label xlink:type="resource"
      xlink:label="company_ReportedAsOfMarch182011Member_lbl"
      xml:lang="en"
      xlink:role="http://www.xbrl.org/2003/role/label">Reported as of March 18, 2011 [Member]</label>
    <loc xlink:type="locator"
      xlink:label="company_ShareOwnershipPlan1Member"
      xlink:href="company.xsd#company_ShareOwnershipPlan1Member" />
    <labelArc xlink:type="arc"
      xlink:arcrole="http://www.xbrl.org/2003/arcrole/concept-label"
      xlink:from="company_ShareOwnershipPlan1Member"
      xlink:to="company_ShareOwnershipPlan1Member_lbl" />
    <label xlink:type="resource"
      xlink:label="company_ShareOwnershipPlan1Member_lbl"
      xml:lang="en"
      xlink:role="http://www.xbrl.org/2003/role/documentation">Fusce gravida, ligula a placerat placerat, leo erat euismod lectus, et lacinia justo libero non pede.</label>
    <label xlink:type="resource"
      xlink:label="company_ShareOwnershipPlan1Member_lbl"
      xml:lang="en"
      xlink:role="http://www.xbrl.org/2003/role/label">Share Ownership Plan 1 [Member]</label>
    <loc xlink:type="locator"
      xlink:label="company_ShareOwnershipPlan2Member"
      xlink:href="company.xsd#company_ShareOwnershipPlan2Member" />
    <labelArc xlink:type="arc"
      xlink:arcrole="http://www.xbrl.org/2003/arcrole/concept-label"
      xlink:from="company_ShareOwnershipPlan2Member"
      xlink:to="company_ShareOwnershipPlan2Member_lbl" />
    <label xlink:type="resource"
      xlink:label="company_ShareOwnershipPlan2Member_lbl"
      xml:lang="en"
      xlink:role="http://www.xbrl.org/2003/role/documentation">Sed elementum feugiat augue. Nam non tortor non leo porta bibendum. Morbi eu pede.</label>
    <label xlink:type="resource"
      xlink:label="company_ShareOwnershipPlan2Member_lbl"
      xml:lang="en"
      xlink:role="http://www.xbrl.org/2003/role/label">Share Ownership Plan 2 [Member]</label>
    <loc xlink:type="locator"
      xlink:label="company_SupplementaryInformationSchedule"
      xlink:href="company.xsd#company_SupplementaryInformationSchedule" />
    <labelArc xlink:type="arc"
      xlink:arcrole="http://www.xbrl.org/2003/arcrole/concept-label"
      xlink:from="company_SupplementaryInformationSchedule"
      xlink:to="company_SupplementaryInformationSchedule_lbl" />
    <label xlink:type="resource"
      xlink:label="company_SupplementaryInformationSchedule_lbl"
      xml:lang="en"
      xlink:role="http://www.xbrl.org/2003/role/documentation">Duis metus. Donec pulvinar nonummy erat. In vel justo at urna rutrum ultrices.</label>
    <label xlink:type="resource"
      xlink:label="company_SupplementaryInformationSchedule_lbl"
      xml:lang="en"
      xlink:role="http://www.xbrl.org/2003/role/label">Supplementary Information [Schedule]</label>
    <loc xlink:type="locator"
      xlink:label="company_TreasuryBills3.3712011Member"
      xlink:href="company.xsd#company_TreasuryBills3.3712011Member" />
    <labelArc xlink:type="arc"
      xlink:arcrole="http://www.xbrl.org/2003/arcrole/concept-label"
      xlink:from="company_TreasuryBills3.3712011Member"
      xlink:to="company_TreasuryBills3.3712011Member_lbl" />
    <label xlink:type="resource"
      xlink:label="company_TreasuryBills3.3712011Member_lbl"
      xml:lang="en"
      xlink:role="http://www.xbrl.org/2003/role/documentation">Fusce gravida, ligula a placerat placerat, leo erat euismod lectus, et lacinia justo libero non pede. Vivamus ac velit vel magna nonummy pretium.</label>
    <label xlink:type="resource"
      xlink:label="company_TreasuryBills3.3712011Member_lbl"
      xml:lang="en"
      xlink:role="http://www.xbrl.org/2003/role/label">Treasury Bills, 3.3 %, 7/1/2011 [Member]</label>
    <loc xlink:type="locator"
      xlink:label="company_TreasuryBills3.4712010Member"
      xlink:href="company.xsd#company_TreasuryBills3.4712010Member" />
    <labelArc xlink:type="arc"
      xlink:arcrole="http://www.xbrl.org/2003/arcrole/concept-label"
      xlink:from="company_TreasuryBills3.4712010Member"
      xlink:to="company_TreasuryBills3.4712010Member_lbl" />
    <label xlink:type="resource"
      xlink:label="company_TreasuryBills3.4712010Member_lbl"
      xml:lang="en"
      xlink:role="http://www.xbrl.org/2003/role/documentation">Sed magna felis, accumsan a, fermentum quis, varius sed, ipsum. Nullam leo.</label>
    <label xlink:type="resource"
      xlink:label="company_TreasuryBills3.4712010Member_lbl"
      xml:lang="en"
      xlink:role="http://www.xbrl.org/2003/role/label">Treasury Bills, 3.4 %, 7/1/2010 [Member]</label>
    <loc xlink:type="locator"
      xlink:label="company_VarianceAnalysisGrossProfitLineItems"
      xlink:href="company.xsd#company_VarianceAnalysisGrossProfitLineItems" />
    <labelArc xlink:type="arc"
      xlink:arcrole="http://www.xbrl.org/2003/arcrole/concept-label"
      xlink:from="company_VarianceAnalysisGrossProfitLineItems"
      xlink:to="company_VarianceAnalysisGrossProfitLineItems_lbl" />
    <label xlink:type="resource"
      xlink:label="company_VarianceAnalysisGrossProfitLineItems_lbl"
      xml:lang="en"
      xlink:role="http://www.xbrl.org/2003/role/documentation">Suspendisse vestibulum augue eu justo. Pellentesque habitant morbi tristique senectus et netus et malesuada fames ac turpis egestas.</label>
    <label xlink:type="resource"
      xlink:label="company_VarianceAnalysisGrossProfitLineItems_lbl"
      xml:lang="en"
      xlink:role="http://www.xbrl.org/2003/role/label">Variance Analysis, Gross Profit [Line Items]</label>
    <loc xlink:type="locator"
      xlink:label="company_VarianceAnalysisGrossProfitTable"
      xlink:href="company.xsd#company_VarianceAnalysisGrossProfitTable" />
    <labelArc xlink:type="arc"
      xlink:arcrole="http://www.xbrl.org/2003/arcrole/concept-label"
      xlink:from="company_VarianceAnalysisGrossProfitTable"
      xlink:to="company_VarianceAnalysisGrossProfitTable_lbl" />
    <label xlink:type="resource"
      xlink:label="company_VarianceAnalysisGrossProfitTable_lbl"
      xml:lang="en"
      xlink:role="http://www.xbrl.org/2003/role/documentation">Praesent id mauris. Sed dapibus dui quis lectus. Donec id sem. Integer sit amet diam ac nibh consequat vestibulum.</label>
    <label xlink:type="resource"
      xlink:label="company_VarianceAnalysisGrossProfitTable_lbl"
      xml:lang="en"
      xlink:role="http://www.xbrl.org/2003/role/label">Variance Analysis, Gross Profit [Table]</label>
  </labelLink>
</linkbase>