<?xml version="1.0" encoding="utf-8"?>
<!--
Taxonomy Definition Links linkbase based on XBRL standard Version 2.1.
Created by UBmatrix Taxonomy Designer 3.0.3.2433 (2009-05-15 09:36).  
Contact www.ubmatrix.com
Copyright (c) 2002-2011 UBmatrix inc., All Rights Reserved
Produced on 2011-07-30 09:05:47
-->
<linkbase
  xmlns="http://www.xbrl.org/2003/linkbase"
  xmlns:xsi="http://www.w3.org/2001/XMLSchema-instance"
  xmlns:xlink="http://www.w3.org/1999/xlink"
  xmlns:xbrldt="http://xbrl.org/2005/xbrldt"
  xsi:schemaLocation="
    http://www.xbrl.org/2003/linkbase 
      http://www.xbrl.org/2003/xbrl-linkbase-2003-12-31.xsd
    http://xbrl.org/2005/xbrldt  http://www.xbrl.org/2005/xbrldt-2005.xsd
    ">
  <roleRef xlink:type="simple"
    xlink:href="gaap.xsd#SalesAnanysisSchedule"
    roleURI="http://xasb.org/gaap/role/schedule/SalesAnanysisSchedule" />
  <arcroleRef xlink:type="simple"
    xlink:href="http://www.xbrl.org/2005/xbrldt-2005.xsd#dimension-domain"
    arcroleURI="http://xbrl.org/int/dim/arcrole/dimension-domain" />
  <arcroleRef xlink:type="simple"
    xlink:href="http://www.xbrl.org/2005/xbrldt-2005.xsd#domain-member"
    arcroleURI="http://xbrl.org/int/dim/arcrole/domain-member" />
  <roleRef xlink:type="simple"
    xlink:href="gaap.xsd#FinancialHighlightsSchedule"
    roleURI="http://xasb.org/gaap/role/schedule/FinancialHighlightsSchedule" />
  <roleRef xlink:type="simple"
    xlink:href="gaap.xsd#ClassesOfPreferredStockSchedule"
    roleURI="http://xasb.org/gaap/role/schedule/ClassesOfPreferredStockSchedule" />
  <roleRef xlink:type="simple"
    xlink:href="gaap.xsd#ClassesOfCommonStockSchedule"
    roleURI="http://xasb.org/gaap/role/schedule/ClassesOfCommonStockSchedule" />
  <roleRef xlink:type="simple"
    xlink:href="gaap.xsd#IncomeStatementSchedule"
    roleURI="http://xasb.org/gaap/role/schedule/IncomeStatementSchedule" />
  <roleRef xlink:type="simple"
    xlink:href="gaap.xsd#EarningsPerShare"
    roleURI="http://xasb.org/gaap/role/schedule/EarningsPerShare" />
  <roleRef xlink:type="simple"
    xlink:href="gaap.xsd#CashFlowDirectSchedule"
    roleURI="http://xasb.org/gaap/role/schedule/CashFlowDirectSchedule" />
  <roleRef xlink:type="simple"
    xlink:href="gaap.xsd#PriorPeriodAdjustments"
    roleURI="http://xasb.org/gaap/role/schedule/PriorPeriodAdjustments" />
  <roleRef xlink:type="simple"
    xlink:href="gaap.xsd#StatementOfEquitySchedule"
    roleURI="http://xasb.org/gaap/role/schedule/StatementOfEquitySchedule" />
  <roleRef xlink:type="simple"
    xlink:href="gaap.xsd#StatementOfEquityPreferredTopic"
    roleURI="http://xasb.org/gaap/role/schedule/StatementOfEquityPreferredSchedule" />
  <roleRef xlink:type="simple"
    xlink:href="gaap.xsd#StatementOfCommonEquityTopic"
    roleURI="http://xasb.org/gaap/role/schedule/StatementOfEquityCommonSchedule" />
  <roleRef xlink:type="simple"
    xlink:href="gaap.xsd#OtherOverallFinancialReportingPresentationAndDisplayMattersTopic"
    roleURI="http://xasb.org/gaap/role/schedule/OtherOverallFinancialReportingPresentationAndDisplayMattersSchedule" />
  <roleRef xlink:type="simple"
    xlink:href="gaap.xsd#AccountingPoliciesSchedule"
    roleURI="http://xasb.org/gaap/role/schedule/AccountingPoliciesSchedule" />
  <roleRef xlink:type="simple"
    xlink:href="gaap.xsd#CashCashEquivalentsSchedule"
    roleURI="http://xasb.org/gaap/role/schedule/CashCashEquivalentsSchedule" />
  <roleRef xlink:type="simple"
    xlink:href="gaap.xsd#CashCashEquivalentsDetails"
    roleURI="http://xasb.org/gaap/role/schedule/CashCashEquivalentsDetails" />
  <roleRef xlink:type="simple"
    xlink:href="gaap.xsd#ReceivablesSchedule"
    roleURI="http://xasb.org/gaap/role/schedule/ReceivablesSchedule" />
  <roleRef xlink:type="simple"
    xlink:href="gaap.xsd#ReceivablesCNB"
    roleURI="http://xasb.org/gaap/role/suppport/ReceivablesCNB" />
  <roleRef xlink:type="simple"
    xlink:href="gaap.xsd#ReceivablesGNB"
    roleURI="http://xasb.org/gaap/role/support/ReceivablesGNB" />
  <roleRef xlink:type="simple"
    xlink:href="gaap.xsd#ReceivablesCOM"
    roleURI="http://xasb.org/gaap/role/support/ReceivablesCOM" />
  <roleRef xlink:type="simple"
    xlink:href="gaap.xsd#InventorySchedule"
    roleURI="http://xasb.org/gaap/role/schedule/InventorySchedule" />
  <roleRef xlink:type="simple"
    xlink:href="gaap.xsd#PrepaidExpensesSchedule"
    roleURI="http://xasb.org/gaap/role/schedule/PrepaidExpensesSchedule" />
  <roleRef xlink:type="simple"
    xlink:href="gaap.xsd#PropertyPlantAndEquipmentSchedule"
    roleURI="http://xasb.org/gaap/role/schedule/PropertyPlantAndEquipmentSchedule" />
  <roleRef xlink:type="simple"
    xlink:href="gaap.xsd#PropertyPlantAndEquipmentDetails"
    roleURI="http://xasb.org/gaap/role/schedule/PropertyPlantAndEquipmentDetails" />
  <roleRef xlink:type="simple"
    xlink:href="gaap.xsd#PropertyPlantAndEquipmentMovementsSchedule"
    roleURI="http://xasb.org/gaap/role/schedule/PropertyPlantAndEquipmentMovementsSchedule" />
  <roleRef xlink:type="simple"
    xlink:href="gaap.xsd#PropertyPlantAndEquipmentSupport"
    roleURI="http://xasb.org/gaap/role/support/PropertyPlantAndEquipmentSupport" />
  <roleRef xlink:type="simple"
    xlink:href="gaap.xsd#PropertyPlantAndEquipmentAxissDetails"
    roleURI="http://xasb.org/gaap/role/support/PropertyPlantAndEquipmentAxissDetails" />
  <roleRef xlink:type="simple"
    xlink:href="gaap.xsd#LeaseholdLandAndBuildingsSchedule"
    roleURI="http://xasb.org/gaap/role/schedule/LeaseholdLandAndBuildingsSchedule" />
  <roleRef xlink:type="simple"
    xlink:href="gaap.xsd#OtherAssetsSchedule"
    roleURI="http://xasb.org/gaap/role/schedule/OtherAssetsSchedule" />
  <roleRef xlink:type="simple"
    xlink:href="gaap.xsd#OtherAssetsDetails"
    roleURI="http://xasb.org/gaap/role/schedule/OtherAssetsDetails" />
  <roleRef xlink:type="simple"
    xlink:href="gaap.xsd#PayablesAndAccrualsSchedule"
    roleURI="http://xasb.org/gaap/role/schedule/PayablesAndAccrualsSchedule" />
  <roleRef xlink:type="simple"
    xlink:href="gaap.xsd#PayablesAndAccrualsDetails"
    roleURI="http://xasb.org/gaap/role/schedule/PayablesAndAccrualsDetails" />
  <roleRef xlink:type="simple"
    xlink:href="gaap.xsd#DebtSchedule"
    roleURI="http://xasb.org/gaap/role/schedule/DebtSchedule" />
  <roleRef xlink:type="simple"
    xlink:href="gaap.xsd#DebtDetails"
    roleURI="http://xasb.org/gaap/role/schedule/DebtDetails" />
  <roleRef xlink:type="simple"
    xlink:href="gaap.xsd#DebtCNB"
    roleURI="http://xasb.org/gaap/role/support/DebtCNB" />
  <roleRef xlink:type="simple"
    xlink:href="gaap.xsd#LongTermDebtMaturitiesSchedule"
    roleURI="http://xasb.org/gaap/role/schedule/LongTermDebtMaturitiesSchedule" />
  <roleRef xlink:type="simple"
    xlink:href="gaap.xsd#DebtInstrumentsSchedule"
    roleURI="http://xasb.org/gaap/role/schedule/DebtInstrumentsSchedule" />
  <roleRef xlink:type="simple"
    xlink:href="gaap.xsd#OtherLiabilitiesSchedule"
    roleURI="http://xasb.org/gaap/role/schedule/OtherLiabilitiesSchedule" />
  <roleRef xlink:type="simple"
    xlink:href="gaap.xsd#OtherLiabilitiesDetails"
    roleURI="http://xasb.org/gaap/role/schedule/OtherLiabilitiesDetails" />
  <roleRef xlink:type="simple"
    xlink:href="gaap.xsd#EquitySchedule"
    roleURI="http://xasb.org/gaap/role/schedule/EquitySchedule" />
  <roleRef xlink:type="simple"
    xlink:href="gaap.xsd#IncomeTaxesSchedule"
    roleURI="http://xasb.org/gaap/role/schedule/IncomeTaxesSchedule" />
  <roleRef xlink:type="simple"
    xlink:href="gaap.xsd#IncomeTaxesDetails"
    roleURI="http://xasb.org/gaap/role/schedule/IncomeTaxesDetails" />
  <roleRef xlink:type="simple"
    xlink:href="gaap.xsd#SubsequentEventsSchedule"
    roleURI="http://xasb.org/gaap/role/schedule/SubsequentEventsSchedule" />
  <roleRef xlink:type="simple"
    xlink:href="gaap.xsd#BusinessSegmentsSchedule"
    roleURI="http://xasb.org/gaap/role/schedule/BusinessSegmentsSchedule" />
  <roleRef xlink:type="simple"
    xlink:href="gaap.xsd#RelatedPartiesSchedule"
    roleURI="http://xasb.org/gaap/role/schedule/RelatedPartiesSchedule" />
  <roleRef xlink:type="simple"
    xlink:href="gaap.xsd#RelatedPartyTransactionsSchedule"
    roleURI="http://xasb.org/gaap/role/schedule/RelatedPartyTransactionsSchedule" />
  <roleRef xlink:type="simple"
    xlink:href="gaap.xsd#DirectorCompensationSchedule"
    roleURI="http://xasb.org/gaap/role/schedule/DirectorCompensationSchedule" />
  <roleRef xlink:type="simple"
    xlink:href="gaap.xsd#ShareOwnershipPlansSchedule"
    roleURI="http://xasb.org/gaap/role/schedule/ShareOwnershipPlansSchedule" />
  <roleRef xlink:type="simple"
    xlink:href="gaap.xsd#OtherMattersSchedule"
    roleURI="http://xasb.org/gaap/role/schedule/ReconciliationOfCashSummarySchedule" />
  <roleRef xlink:type="simple"
    xlink:href="gaap.xsd#ReconciliationOfCashAndCashEquivalentsSchedule"
    roleURI="http://xasb.org/gaap/role/schedule/ReconciliationOfCashDetailSchedule" />
  <roleRef xlink:type="simple"
    xlink:href="gaap.xsd#PortfolioOfInvestmentsSchedule"
    roleURI="http://xasb.org/gaap/role/schedule/PortfolioOfInvestmentsSchedule" />
  <roleRef xlink:type="simple"
    xlink:href="gaap.xsd#DocumentInformationSchedule"
    roleURI="http://xasb.org/gaap/role/schedule/DocumentInformationSchedule" />
  <roleRef xlink:type="simple"
    xlink:href="company.xsd#VarianceAnalysis"
    roleURI="http://www.ABCCompany.com/company/VarianceAnalysis" />
  <arcroleRef xlink:type="simple"
    xlink:href="http://www.xbrl.org/2005/xbrldt-2005.xsd#all"
    arcroleURI="http://xbrl.org/int/dim/arcrole/all" />
  <arcroleRef xlink:type="simple"
    xlink:href="http://www.xbrl.org/2005/xbrldt-2005.xsd#hypercube-dimension"
    arcroleURI="http://xbrl.org/int/dim/arcrole/hypercube-dimension" />
  <arcroleRef xlink:type="simple"
    xlink:href="http://www.xbrl.org/2005/xbrldt-2005.xsd#dimension-default"
    arcroleURI="http://xbrl.org/int/dim/arcrole/dimension-default" />
  <roleRef xlink:type="simple"
    xlink:href="gaap.xsd#BalanceSheetSchedule"
    roleURI="http://xasb.org/gaap/role/schedule/BalanceSheetSchedule" />
  <definitionLink xlink:type="extended"
    xlink:role="http://xasb.org/gaap/role/schedule/SalesAnanysisSchedule">
    <loc xlink:type="locator"
      xlink:label="frm_ReportDateAxis"
      xlink:href="http://www.xbrlsite.com/Schemas/brlm/2011-07-15/frm.xsd#frm_ReportDateAxis" />
    <loc xlink:type="locator"
      xlink:label="company_ReportedAsOfMarch182011Member"
      xlink:href="company.xsd#company_ReportedAsOfMarch182011Member" />
    <definitionArc xlink:type="arc"
      xlink:arcrole="http://xbrl.org/int/dim/arcrole/dimension-domain"
      xlink:from="frm_ReportDateAxis" xlink:to="company_ReportedAsOfMarch182011Member"
      order="1"
      use="optional" />
    <loc xlink:type="locator"
      xlink:label="gaap_AllCustomersMember"
      xlink:href="gaap.xsd#gaap_AllCustomersMember" />
    <loc xlink:type="locator"
      xlink:label="company_CustomerAMember"
      xlink:href="company.xsd#company_CustomerAMember" />
    <definitionArc xlink:type="arc"
      xlink:arcrole="http://xbrl.org/int/dim/arcrole/domain-member"
      xlink:from="gaap_AllCustomersMember" xlink:to="company_CustomerAMember"
      order="1"
      use="optional" />
    <loc xlink:type="locator"
      xlink:label="company_CustomerBMember"
      xlink:href="company.xsd#company_CustomerBMember" />
    <definitionArc xlink:type="arc"
      xlink:arcrole="http://xbrl.org/int/dim/arcrole/domain-member"
      xlink:from="gaap_AllCustomersMember" xlink:to="company_CustomerBMember"
      order="2"
      use="optional" />
    <loc xlink:type="locator"
      xlink:label="company_CustomerCMember"
      xlink:href="company.xsd#company_CustomerCMember" />
    <definitionArc xlink:type="arc"
      xlink:arcrole="http://xbrl.org/int/dim/arcrole/domain-member"
      xlink:from="gaap_AllCustomersMember" xlink:to="company_CustomerCMember"
      order="3"
      use="optional" />
  </definitionLink>
  <definitionLink xlink:type="extended"
    xlink:role="http://xasb.org/gaap/role/schedule/FinancialHighlightsSchedule">
    <loc xlink:type="locator"
      xlink:label="frm_ReportDateAxis"
      xlink:href="http://www.xbrlsite.com/Schemas/brlm/2011-07-15/frm.xsd#frm_ReportDateAxis" />
    <loc xlink:type="locator"
      xlink:label="company_ReportedAsOfMarch182011Member"
      xlink:href="company.xsd#company_ReportedAsOfMarch182011Member" />
    <definitionArc xlink:type="arc"
      xlink:arcrole="http://xbrl.org/int/dim/arcrole/dimension-domain"
      xlink:from="frm_ReportDateAxis" xlink:to="company_ReportedAsOfMarch182011Member"
      order="1"
      use="optional" />
  </definitionLink>
  <definitionLink xlink:type="extended"
    xlink:role="http://xasb.org/gaap/role/schedule/ClassesOfPreferredStockSchedule">
    <loc xlink:type="locator"
      xlink:label="frm_ReportDateAxis"
      xlink:href="http://www.xbrlsite.com/Schemas/brlm/2011-07-15/frm.xsd#frm_ReportDateAxis" />
    <loc xlink:type="locator"
      xlink:label="company_ReportedAsOfMarch182011Member"
      xlink:href="company.xsd#company_ReportedAsOfMarch182011Member" />
    <definitionArc xlink:type="arc"
      xlink:arcrole="http://xbrl.org/int/dim/arcrole/dimension-domain"
      xlink:from="frm_ReportDateAxis" xlink:to="company_ReportedAsOfMarch182011Member"
      order="1"
      use="optional" />
    <loc xlink:type="locator"
      xlink:label="gaap_AllClassesOfPreferredStockMember"
      xlink:href="gaap.xsd#gaap_AllClassesOfPreferredStockMember" />
    <loc xlink:type="locator"
      xlink:label="company_ClassAPreferredStockMember"
      xlink:href="company.xsd#company_ClassAPreferredStockMember" />
    <definitionArc xlink:type="arc"
      xlink:arcrole="http://xbrl.org/int/dim/arcrole/domain-member"
      xlink:from="gaap_AllClassesOfPreferredStockMember"
      xlink:to="company_ClassAPreferredStockMember"
      order="1"
      use="optional" />
  </definitionLink>
  <definitionLink xlink:type="extended"
    xlink:role="http://xasb.org/gaap/role/schedule/ClassesOfCommonStockSchedule">
    <loc xlink:type="locator"
      xlink:label="frm_ReportDateAxis"
      xlink:href="http://www.xbrlsite.com/Schemas/brlm/2011-07-15/frm.xsd#frm_ReportDateAxis" />
    <loc xlink:type="locator"
      xlink:label="company_ReportedAsOfMarch182011Member"
      xlink:href="company.xsd#company_ReportedAsOfMarch182011Member" />
    <definitionArc xlink:type="arc"
      xlink:arcrole="http://xbrl.org/int/dim/arcrole/dimension-domain"
      xlink:from="frm_ReportDateAxis" xlink:to="company_ReportedAsOfMarch182011Member"
      order="1"
      use="optional" />
    <loc xlink:type="locator"
      xlink:label="gaap_AllClassesOfCommonStockMember"
      xlink:href="gaap.xsd#gaap_AllClassesOfCommonStockMember" />
    <loc xlink:type="locator"
      xlink:label="company_ClassACommonStockMember"
      xlink:href="company.xsd#company_ClassACommonStockMember" />
    <definitionArc xlink:type="arc"
      xlink:arcrole="http://xbrl.org/int/dim/arcrole/domain-member"
      xlink:from="gaap_AllClassesOfCommonStockMember"
      xlink:to="company_ClassACommonStockMember"
      order="1"
      use="optional" />
    <loc xlink:type="locator"
      xlink:label="company_ClassBCommonStockMember"
      xlink:href="company.xsd#company_ClassBCommonStockMember" />
    <definitionArc xlink:type="arc"
      xlink:arcrole="http://xbrl.org/int/dim/arcrole/domain-member"
      xlink:from="gaap_AllClassesOfCommonStockMember"
      xlink:to="company_ClassBCommonStockMember"
      order="2"
      use="optional" />
  </definitionLink>
  <definitionLink xlink:type="extended"
    xlink:role="http://xasb.org/gaap/role/schedule/IncomeStatementSchedule">
    <loc xlink:type="locator"
      xlink:label="frm_ReportDateAxis"
      xlink:href="http://www.xbrlsite.com/Schemas/brlm/2011-07-15/frm.xsd#frm_ReportDateAxis" />
    <loc xlink:type="locator"
      xlink:label="company_ReportedAsOfMarch182011Member"
      xlink:href="company.xsd#company_ReportedAsOfMarch182011Member" />
    <definitionArc xlink:type="arc"
      xlink:arcrole="http://xbrl.org/int/dim/arcrole/dimension-domain"
      xlink:from="frm_ReportDateAxis" xlink:to="company_ReportedAsOfMarch182011Member"
      order="1"
      use="optional" />
  </definitionLink>
  <definitionLink xlink:type="extended"
    xlink:role="http://xasb.org/gaap/role/schedule/EarningsPerShare">
    <loc xlink:type="locator"
      xlink:label="frm_ReportDateAxis"
      xlink:href="http://www.xbrlsite.com/Schemas/brlm/2011-07-15/frm.xsd#frm_ReportDateAxis" />
    <loc xlink:type="locator"
      xlink:label="company_ReportedAsOfMarch182011Member"
      xlink:href="company.xsd#company_ReportedAsOfMarch182011Member" />
    <definitionArc xlink:type="arc"
      xlink:arcrole="http://xbrl.org/int/dim/arcrole/dimension-domain"
      xlink:from="frm_ReportDateAxis" xlink:to="company_ReportedAsOfMarch182011Member"
      order="1"
      use="optional" />
  </definitionLink>
  <definitionLink xlink:type="extended"
    xlink:role="http://xasb.org/gaap/role/schedule/CashFlowDirectSchedule">
    <loc xlink:type="locator"
      xlink:label="frm_ReportDateAxis"
      xlink:href="http://www.xbrlsite.com/Schemas/brlm/2011-07-15/frm.xsd#frm_ReportDateAxis" />
    <loc xlink:type="locator"
      xlink:label="company_ReportedAsOfMarch182011Member"
      xlink:href="company.xsd#company_ReportedAsOfMarch182011Member" />
    <definitionArc xlink:type="arc"
      xlink:arcrole="http://xbrl.org/int/dim/arcrole/dimension-domain"
      xlink:from="frm_ReportDateAxis" xlink:to="company_ReportedAsOfMarch182011Member"
      order="1"
      use="optional" />
  </definitionLink>
  <definitionLink xlink:type="extended"
    xlink:role="http://xasb.org/gaap/role/schedule/PriorPeriodAdjustments">
    <loc xlink:type="locator"
      xlink:label="frm_ReportDateAxis"
      xlink:href="http://www.xbrlsite.com/Schemas/brlm/2011-07-15/frm.xsd#frm_ReportDateAxis" />
    <loc xlink:type="locator"
      xlink:label="company_ReportedAsOfFebruary222010Member"
      xlink:href="company.xsd#company_ReportedAsOfFebruary222010Member" />
    <definitionArc xlink:type="arc"
      xlink:arcrole="http://xbrl.org/int/dim/arcrole/dimension-domain"
      xlink:from="frm_ReportDateAxis" xlink:to="company_ReportedAsOfFebruary222010Member"
      order="1"
      use="optional" />
    <loc xlink:type="locator"
      xlink:label="company_ReportedAsOfMarch182011Member"
      xlink:href="company.xsd#company_ReportedAsOfMarch182011Member" />
    <definitionArc xlink:type="arc"
      xlink:arcrole="http://xbrl.org/int/dim/arcrole/dimension-domain"
      xlink:from="frm_ReportDateAxis" xlink:to="company_ReportedAsOfMarch182011Member"
      order="2"
      use="optional" />
  </definitionLink>
  <definitionLink xlink:type="extended"
    xlink:role="http://xasb.org/gaap/role/schedule/StatementOfEquitySchedule">
    <loc xlink:type="locator"
      xlink:label="frm_ReportDateAxis"
      xlink:href="http://www.xbrlsite.com/Schemas/brlm/2011-07-15/frm.xsd#frm_ReportDateAxis" />
    <loc xlink:type="locator"
      xlink:label="company_ReportedAsOfMarch182011Member"
      xlink:href="company.xsd#company_ReportedAsOfMarch182011Member" />
    <definitionArc xlink:type="arc"
      xlink:arcrole="http://xbrl.org/int/dim/arcrole/dimension-domain"
      xlink:from="frm_ReportDateAxis" xlink:to="company_ReportedAsOfMarch182011Member"
      order="1"
      use="optional" />
  </definitionLink>
  <definitionLink xlink:type="extended"
    xlink:role="http://xasb.org/gaap/role/schedule/StatementOfEquityPreferredSchedule">
    <loc xlink:type="locator"
      xlink:label="frm_ReportDateAxis"
      xlink:href="http://www.xbrlsite.com/Schemas/brlm/2011-07-15/frm.xsd#frm_ReportDateAxis" />
    <loc xlink:type="locator"
      xlink:label="company_ReportedAsOfMarch182011Member"
      xlink:href="company.xsd#company_ReportedAsOfMarch182011Member" />
    <definitionArc xlink:type="arc"
      xlink:arcrole="http://xbrl.org/int/dim/arcrole/dimension-domain"
      xlink:from="frm_ReportDateAxis" xlink:to="company_ReportedAsOfMarch182011Member"
      order="1"
      use="optional" />
    <loc xlink:type="locator"
      xlink:label="gaap_AllClassesOfPreferredStockMember"
      xlink:href="gaap.xsd#gaap_AllClassesOfPreferredStockMember" />
    <loc xlink:type="locator"
      xlink:label="company_ClassAPreferredStockMember"
      xlink:href="company.xsd#company_ClassAPreferredStockMember" />
    <definitionArc xlink:type="arc"
      xlink:arcrole="http://xbrl.org/int/dim/arcrole/domain-member"
      xlink:from="gaap_AllClassesOfPreferredStockMember"
      xlink:to="company_ClassAPreferredStockMember"
      order="1"
      use="optional" />
  </definitionLink>
  <definitionLink xlink:type="extended"
    xlink:role="http://xasb.org/gaap/role/schedule/StatementOfEquityCommonSchedule">
    <loc xlink:type="locator"
      xlink:label="frm_ReportDateAxis"
      xlink:href="http://www.xbrlsite.com/Schemas/brlm/2011-07-15/frm.xsd#frm_ReportDateAxis" />
    <loc xlink:type="locator"
      xlink:label="company_ReportedAsOfMarch182011Member"
      xlink:href="company.xsd#company_ReportedAsOfMarch182011Member" />
    <definitionArc xlink:type="arc"
      xlink:arcrole="http://xbrl.org/int/dim/arcrole/dimension-domain"
      xlink:from="frm_ReportDateAxis" xlink:to="company_ReportedAsOfMarch182011Member"
      order="1"
      use="optional" />
    <loc xlink:type="locator"
      xlink:label="gaap_AllClassesOfCommonStockMember"
      xlink:href="gaap.xsd#gaap_AllClassesOfCommonStockMember" />
    <loc xlink:type="locator"
      xlink:label="company_ClassACommonStockMember"
      xlink:href="company.xsd#company_ClassACommonStockMember" />
    <definitionArc xlink:type="arc"
      xlink:arcrole="http://xbrl.org/int/dim/arcrole/domain-member"
      xlink:from="gaap_AllClassesOfCommonStockMember"
      xlink:to="company_ClassACommonStockMember"
      order="1"
      use="optional" />
    <loc xlink:type="locator"
      xlink:label="company_ClassBCommonStockMember"
      xlink:href="company.xsd#company_ClassBCommonStockMember" />
    <definitionArc xlink:type="arc"
      xlink:arcrole="http://xbrl.org/int/dim/arcrole/domain-member"
      xlink:from="gaap_AllClassesOfCommonStockMember"
      xlink:to="company_ClassBCommonStockMember"
      order="2"
      use="optional" />
  </definitionLink>
  <definitionLink xlink:type="extended"
    xlink:role="http://xasb.org/gaap/role/schedule/OtherOverallFinancialReportingPresentationAndDisplayMattersSchedule">
    <loc xlink:type="locator"
      xlink:label="frm_ReportDateAxis"
      xlink:href="http://www.xbrlsite.com/Schemas/brlm/2011-07-15/frm.xsd#frm_ReportDateAxis" />
    <loc xlink:type="locator"
      xlink:label="company_ReportedAsOfMarch182011Member"
      xlink:href="company.xsd#company_ReportedAsOfMarch182011Member" />
    <definitionArc xlink:type="arc"
      xlink:arcrole="http://xbrl.org/int/dim/arcrole/dimension-domain"
      xlink:from="frm_ReportDateAxis" xlink:to="company_ReportedAsOfMarch182011Member"
      order="1"
      use="optional" />
  </definitionLink>
  <definitionLink xlink:type="extended"
    xlink:role="http://xasb.org/gaap/role/schedule/AccountingPoliciesSchedule">
    <loc xlink:type="locator"
      xlink:label="frm_ReportDateAxis"
      xlink:href="http://www.xbrlsite.com/Schemas/brlm/2011-07-15/frm.xsd#frm_ReportDateAxis" />
    <loc xlink:type="locator"
      xlink:label="company_ReportedAsOfMarch182011Member"
      xlink:href="company.xsd#company_ReportedAsOfMarch182011Member" />
    <definitionArc xlink:type="arc"
      xlink:arcrole="http://xbrl.org/int/dim/arcrole/dimension-domain"
      xlink:from="frm_ReportDateAxis" xlink:to="company_ReportedAsOfMarch182011Member"
      order="1"
      use="optional" />
  </definitionLink>
  <definitionLink xlink:type="extended"
    xlink:role="http://xasb.org/gaap/role/schedule/CashCashEquivalentsSchedule">
    <loc xlink:type="locator"
      xlink:label="frm_ReportDateAxis"
      xlink:href="http://www.xbrlsite.com/Schemas/brlm/2011-07-15/frm.xsd#frm_ReportDateAxis" />
    <loc xlink:type="locator"
      xlink:label="company_ReportedAsOfMarch182011Member"
      xlink:href="company.xsd#company_ReportedAsOfMarch182011Member" />
    <definitionArc xlink:type="arc"
      xlink:arcrole="http://xbrl.org/int/dim/arcrole/dimension-domain"
      xlink:from="frm_ReportDateAxis" xlink:to="company_ReportedAsOfMarch182011Member"
      order="1"
      use="optional" />
  </definitionLink>
  <definitionLink xlink:type="extended"
    xlink:role="http://xasb.org/gaap/role/schedule/CashCashEquivalentsDetails">
    <loc xlink:type="locator"
      xlink:label="frm_ReportDateAxis"
      xlink:href="http://www.xbrlsite.com/Schemas/brlm/2011-07-15/frm.xsd#frm_ReportDateAxis" />
    <loc xlink:type="locator"
      xlink:label="company_ReportedAsOfMarch182011Member"
      xlink:href="company.xsd#company_ReportedAsOfMarch182011Member" />
    <definitionArc xlink:type="arc"
      xlink:arcrole="http://xbrl.org/int/dim/arcrole/dimension-domain"
      xlink:from="frm_ReportDateAxis" xlink:to="company_ReportedAsOfMarch182011Member"
      order="1"
      use="optional" />
  </definitionLink>
  <definitionLink xlink:type="extended"
    xlink:role="http://xasb.org/gaap/role/schedule/ReceivablesSchedule">
    <loc xlink:type="locator"
      xlink:label="frm_ReportDateAxis"
      xlink:href="http://www.xbrlsite.com/Schemas/brlm/2011-07-15/frm.xsd#frm_ReportDateAxis" />
    <loc xlink:type="locator"
      xlink:label="company_ReportedAsOfMarch182011Member"
      xlink:href="company.xsd#company_ReportedAsOfMarch182011Member" />
    <definitionArc xlink:type="arc"
      xlink:arcrole="http://xbrl.org/int/dim/arcrole/dimension-domain"
      xlink:from="frm_ReportDateAxis" xlink:to="company_ReportedAsOfMarch182011Member"
      order="1"
      use="optional" />
  </definitionLink>
  <definitionLink xlink:type="extended"
    xlink:role="http://xasb.org/gaap/role/suppport/ReceivablesCNB">
    <loc xlink:type="locator"
      xlink:label="frm_ReportDateAxis"
      xlink:href="http://www.xbrlsite.com/Schemas/brlm/2011-07-15/frm.xsd#frm_ReportDateAxis" />
    <loc xlink:type="locator"
      xlink:label="company_ReportedAsOfMarch182011Member"
      xlink:href="company.xsd#company_ReportedAsOfMarch182011Member" />
    <definitionArc xlink:type="arc"
      xlink:arcrole="http://xbrl.org/int/dim/arcrole/dimension-domain"
      xlink:from="frm_ReportDateAxis" xlink:to="company_ReportedAsOfMarch182011Member"
      order="1"
      use="optional" />
  </definitionLink>
  <definitionLink xlink:type="extended"
    xlink:role="http://xasb.org/gaap/role/support/ReceivablesGNB">
    <loc xlink:type="locator"
      xlink:label="frm_ReportDateAxis"
      xlink:href="http://www.xbrlsite.com/Schemas/brlm/2011-07-15/frm.xsd#frm_ReportDateAxis" />
    <loc xlink:type="locator"
      xlink:label="company_ReportedAsOfMarch182011Member"
      xlink:href="company.xsd#company_ReportedAsOfMarch182011Member" />
    <definitionArc xlink:type="arc"
      xlink:arcrole="http://xbrl.org/int/dim/arcrole/dimension-domain"
      xlink:from="frm_ReportDateAxis" xlink:to="company_ReportedAsOfMarch182011Member"
      order="1"
      use="optional" />
  </definitionLink>
  <definitionLink xlink:type="extended"
    xlink:role="http://xasb.org/gaap/role/support/ReceivablesCOM">
    <loc xlink:type="locator"
      xlink:label="frm_ReportDateAxis"
      xlink:href="http://www.xbrlsite.com/Schemas/brlm/2011-07-15/frm.xsd#frm_ReportDateAxis" />
    <loc xlink:type="locator"
      xlink:label="company_ReportedAsOfMarch182011Member"
      xlink:href="company.xsd#company_ReportedAsOfMarch182011Member" />
    <definitionArc xlink:type="arc"
      xlink:arcrole="http://xbrl.org/int/dim/arcrole/dimension-domain"
      xlink:from="frm_ReportDateAxis" xlink:to="company_ReportedAsOfMarch182011Member"
      order="1"
      use="optional" />
  </definitionLink>
  <definitionLink xlink:type="extended"
    xlink:role="http://xasb.org/gaap/role/schedule/InventorySchedule">
    <loc xlink:type="locator"
      xlink:label="frm_ReportDateAxis"
      xlink:href="http://www.xbrlsite.com/Schemas/brlm/2011-07-15/frm.xsd#frm_ReportDateAxis" />
    <loc xlink:type="locator"
      xlink:label="company_ReportedAsOfMarch182011Member"
      xlink:href="company.xsd#company_ReportedAsOfMarch182011Member" />
    <definitionArc xlink:type="arc"
      xlink:arcrole="http://xbrl.org/int/dim/arcrole/dimension-domain"
      xlink:from="frm_ReportDateAxis" xlink:to="company_ReportedAsOfMarch182011Member"
      order="1"
      use="optional" />
  </definitionLink>
  <definitionLink xlink:type="extended"
    xlink:role="http://xasb.org/gaap/role/schedule/PrepaidExpensesSchedule">
    <loc xlink:type="locator"
      xlink:label="frm_ReportDateAxis"
      xlink:href="http://www.xbrlsite.com/Schemas/brlm/2011-07-15/frm.xsd#frm_ReportDateAxis" />
    <loc xlink:type="locator"
      xlink:label="company_ReportedAsOfMarch182011Member"
      xlink:href="company.xsd#company_ReportedAsOfMarch182011Member" />
    <definitionArc xlink:type="arc"
      xlink:arcrole="http://xbrl.org/int/dim/arcrole/dimension-domain"
      xlink:from="frm_ReportDateAxis" xlink:to="company_ReportedAsOfMarch182011Member"
      order="1"
      use="optional" />
  </definitionLink>
  <definitionLink xlink:type="extended"
    xlink:role="http://xasb.org/gaap/role/schedule/PropertyPlantAndEquipmentSchedule">
    <loc xlink:type="locator"
      xlink:label="frm_ReportDateAxis"
      xlink:href="http://www.xbrlsite.com/Schemas/brlm/2011-07-15/frm.xsd#frm_ReportDateAxis" />
    <loc xlink:type="locator"
      xlink:label="company_ReportedAsOfMarch182011Member"
      xlink:href="company.xsd#company_ReportedAsOfMarch182011Member" />
    <definitionArc xlink:type="arc"
      xlink:arcrole="http://xbrl.org/int/dim/arcrole/dimension-domain"
      xlink:from="frm_ReportDateAxis" xlink:to="company_ReportedAsOfMarch182011Member"
      order="1"
      use="optional" />
  </definitionLink>
  <definitionLink xlink:type="extended"
    xlink:role="http://xasb.org/gaap/role/schedule/PropertyPlantAndEquipmentDetails">
    <loc xlink:type="locator"
      xlink:label="frm_ReportDateAxis"
      xlink:href="http://www.xbrlsite.com/Schemas/brlm/2011-07-15/frm.xsd#frm_ReportDateAxis" />
    <loc xlink:type="locator"
      xlink:label="company_ReportedAsOfMarch182011Member"
      xlink:href="company.xsd#company_ReportedAsOfMarch182011Member" />
    <definitionArc xlink:type="arc"
      xlink:arcrole="http://xbrl.org/int/dim/arcrole/dimension-domain"
      xlink:from="frm_ReportDateAxis" xlink:to="company_ReportedAsOfMarch182011Member"
      order="1"
      use="optional" />
  </definitionLink>
  <definitionLink xlink:type="extended"
    xlink:role="http://xasb.org/gaap/role/schedule/PropertyPlantAndEquipmentMovementsSchedule">
    <loc xlink:type="locator"
      xlink:label="frm_ReportDateAxis"
      xlink:href="http://www.xbrlsite.com/Schemas/brlm/2011-07-15/frm.xsd#frm_ReportDateAxis" />
    <loc xlink:type="locator"
      xlink:label="company_ReportedAsOfMarch182011Member"
      xlink:href="company.xsd#company_ReportedAsOfMarch182011Member" />
    <definitionArc xlink:type="arc"
      xlink:arcrole="http://xbrl.org/int/dim/arcrole/dimension-domain"
      xlink:from="frm_ReportDateAxis" xlink:to="company_ReportedAsOfMarch182011Member"
      order="1"
      use="optional" />
  </definitionLink>
  <definitionLink xlink:type="extended"
    xlink:role="http://xasb.org/gaap/role/support/PropertyPlantAndEquipmentSupport">
    <loc xlink:type="locator"
      xlink:label="frm_ReportDateAxis"
      xlink:href="http://www.xbrlsite.com/Schemas/brlm/2011-07-15/frm.xsd#frm_ReportDateAxis" />
    <loc xlink:type="locator"
      xlink:label="company_ReportedAsOfMarch182011Member"
      xlink:href="company.xsd#company_ReportedAsOfMarch182011Member" />
    <definitionArc xlink:type="arc"
      xlink:arcrole="http://xbrl.org/int/dim/arcrole/dimension-domain"
      xlink:from="frm_ReportDateAxis" xlink:to="company_ReportedAsOfMarch182011Member"
      order="1"
      use="optional" />
  </definitionLink>
  <definitionLink xlink:type="extended"
    xlink:role="http://xasb.org/gaap/role/support/PropertyPlantAndEquipmentAxissDetails">
    <loc xlink:type="locator"
      xlink:label="frm_ReportDateAxis"
      xlink:href="http://www.xbrlsite.com/Schemas/brlm/2011-07-15/frm.xsd#frm_ReportDateAxis" />
    <loc xlink:type="locator"
      xlink:label="company_ReportedAsOfMarch182011Member"
      xlink:href="company.xsd#company_ReportedAsOfMarch182011Member" />
    <definitionArc xlink:type="arc"
      xlink:arcrole="http://xbrl.org/int/dim/arcrole/dimension-domain"
      xlink:from="frm_ReportDateAxis" xlink:to="company_ReportedAsOfMarch182011Member"
      order="1"
      use="optional" />
  </definitionLink>
  <definitionLink xlink:type="extended"
    xlink:role="http://xasb.org/gaap/role/schedule/LeaseholdLandAndBuildingsSchedule">
    <loc xlink:type="locator"
      xlink:label="frm_ReportDateAxis"
      xlink:href="http://www.xbrlsite.com/Schemas/brlm/2011-07-15/frm.xsd#frm_ReportDateAxis" />
    <loc xlink:type="locator"
      xlink:label="company_ReportedAsOfMarch182011Member"
      xlink:href="company.xsd#company_ReportedAsOfMarch182011Member" />
    <definitionArc xlink:type="arc"
      xlink:arcrole="http://xbrl.org/int/dim/arcrole/dimension-domain"
      xlink:from="frm_ReportDateAxis" xlink:to="company_ReportedAsOfMarch182011Member"
      order="1"
      use="optional" />
    <loc xlink:type="locator"
      xlink:label="gaap_AllLeaseholdIdentifiersMember"
      xlink:href="gaap.xsd#gaap_AllLeaseholdIdentifiersMember" />
    <loc xlink:type="locator"
      xlink:label="company_LeaseholdAMember"
      xlink:href="company.xsd#company_LeaseholdAMember" />
    <definitionArc xlink:type="arc"
      xlink:arcrole="http://xbrl.org/int/dim/arcrole/domain-member"
      xlink:from="gaap_AllLeaseholdIdentifiersMember"
      xlink:to="company_LeaseholdAMember"
      order="1"
      use="optional" />
    <loc xlink:type="locator"
      xlink:label="company_LeaseholdBMember"
      xlink:href="company.xsd#company_LeaseholdBMember" />
    <definitionArc xlink:type="arc"
      xlink:arcrole="http://xbrl.org/int/dim/arcrole/domain-member"
      xlink:from="gaap_AllLeaseholdIdentifiersMember"
      xlink:to="company_LeaseholdBMember"
      order="2"
      use="optional" />
  </definitionLink>
  <definitionLink xlink:type="extended"
    xlink:role="http://xasb.org/gaap/role/schedule/OtherAssetsSchedule">
    <loc xlink:type="locator"
      xlink:label="frm_ReportDateAxis"
      xlink:href="http://www.xbrlsite.com/Schemas/brlm/2011-07-15/frm.xsd#frm_ReportDateAxis" />
    <loc xlink:type="locator"
      xlink:label="company_ReportedAsOfMarch182011Member"
      xlink:href="company.xsd#company_ReportedAsOfMarch182011Member" />
    <definitionArc xlink:type="arc"
      xlink:arcrole="http://xbrl.org/int/dim/arcrole/dimension-domain"
      xlink:from="frm_ReportDateAxis" xlink:to="company_ReportedAsOfMarch182011Member"
      order="1"
      use="optional" />
  </definitionLink>
  <definitionLink xlink:type="extended"
    xlink:role="http://xasb.org/gaap/role/schedule/OtherAssetsDetails">
    <loc xlink:type="locator"
      xlink:label="frm_ReportDateAxis"
      xlink:href="http://www.xbrlsite.com/Schemas/brlm/2011-07-15/frm.xsd#frm_ReportDateAxis" />
    <loc xlink:type="locator"
      xlink:label="company_ReportedAsOfMarch182011Member"
      xlink:href="company.xsd#company_ReportedAsOfMarch182011Member" />
    <definitionArc xlink:type="arc"
      xlink:arcrole="http://xbrl.org/int/dim/arcrole/dimension-domain"
      xlink:from="frm_ReportDateAxis" xlink:to="company_ReportedAsOfMarch182011Member"
      order="1"
      use="optional" />
  </definitionLink>
  <definitionLink xlink:type="extended"
    xlink:role="http://xasb.org/gaap/role/schedule/PayablesAndAccrualsSchedule">
    <loc xlink:type="locator"
      xlink:label="frm_ReportDateAxis"
      xlink:href="http://www.xbrlsite.com/Schemas/brlm/2011-07-15/frm.xsd#frm_ReportDateAxis" />
    <loc xlink:type="locator"
      xlink:label="company_ReportedAsOfMarch182011Member"
      xlink:href="company.xsd#company_ReportedAsOfMarch182011Member" />
    <definitionArc xlink:type="arc"
      xlink:arcrole="http://xbrl.org/int/dim/arcrole/dimension-domain"
      xlink:from="frm_ReportDateAxis" xlink:to="company_ReportedAsOfMarch182011Member"
      order="1"
      use="optional" />
  </definitionLink>
  <definitionLink xlink:type="extended"
    xlink:role="http://xasb.org/gaap/role/schedule/PayablesAndAccrualsDetails">
    <loc xlink:type="locator"
      xlink:label="frm_ReportDateAxis"
      xlink:href="http://www.xbrlsite.com/Schemas/brlm/2011-07-15/frm.xsd#frm_ReportDateAxis" />
    <loc xlink:type="locator"
      xlink:label="company_ReportedAsOfMarch182011Member"
      xlink:href="company.xsd#company_ReportedAsOfMarch182011Member" />
    <definitionArc xlink:type="arc"
      xlink:arcrole="http://xbrl.org/int/dim/arcrole/dimension-domain"
      xlink:from="frm_ReportDateAxis" xlink:to="company_ReportedAsOfMarch182011Member"
      order="1"
      use="optional" />
  </definitionLink>
  <definitionLink xlink:type="extended"
    xlink:role="http://xasb.org/gaap/role/schedule/DebtSchedule">
    <loc xlink:type="locator"
      xlink:label="frm_ReportDateAxis"
      xlink:href="http://www.xbrlsite.com/Schemas/brlm/2011-07-15/frm.xsd#frm_ReportDateAxis" />
    <loc xlink:type="locator"
      xlink:label="company_ReportedAsOfMarch182011Member"
      xlink:href="company.xsd#company_ReportedAsOfMarch182011Member" />
    <definitionArc xlink:type="arc"
      xlink:arcrole="http://xbrl.org/int/dim/arcrole/dimension-domain"
      xlink:from="frm_ReportDateAxis" xlink:to="company_ReportedAsOfMarch182011Member"
      order="1"
      use="optional" />
  </definitionLink>
  <definitionLink xlink:type="extended"
    xlink:role="http://xasb.org/gaap/role/schedule/DebtDetails">
    <loc xlink:type="locator"
      xlink:label="frm_ReportDateAxis"
      xlink:href="http://www.xbrlsite.com/Schemas/brlm/2011-07-15/frm.xsd#frm_ReportDateAxis" />
    <loc xlink:type="locator"
      xlink:label="company_ReportedAsOfMarch182011Member"
      xlink:href="company.xsd#company_ReportedAsOfMarch182011Member" />
    <definitionArc xlink:type="arc"
      xlink:arcrole="http://xbrl.org/int/dim/arcrole/dimension-domain"
      xlink:from="frm_ReportDateAxis" xlink:to="company_ReportedAsOfMarch182011Member"
      order="1"
      use="optional" />
  </definitionLink>
  <definitionLink xlink:type="extended"
    xlink:role="http://xasb.org/gaap/role/support/DebtCNB">
    <loc xlink:type="locator"
      xlink:label="frm_ReportDateAxis"
      xlink:href="http://www.xbrlsite.com/Schemas/brlm/2011-07-15/frm.xsd#frm_ReportDateAxis" />
    <loc xlink:type="locator"
      xlink:label="company_ReportedAsOfMarch182011Member"
      xlink:href="company.xsd#company_ReportedAsOfMarch182011Member" />
    <definitionArc xlink:type="arc"
      xlink:arcrole="http://xbrl.org/int/dim/arcrole/dimension-domain"
      xlink:from="frm_ReportDateAxis" xlink:to="company_ReportedAsOfMarch182011Member"
      order="1"
      use="optional" />
  </definitionLink>
  <definitionLink xlink:type="extended"
    xlink:role="http://xasb.org/gaap/role/schedule/LongTermDebtMaturitiesSchedule">
    <loc xlink:type="locator"
      xlink:label="frm_ReportDateAxis"
      xlink:href="http://www.xbrlsite.com/Schemas/brlm/2011-07-15/frm.xsd#frm_ReportDateAxis" />
    <loc xlink:type="locator"
      xlink:label="company_ReportedAsOfMarch182011Member"
      xlink:href="company.xsd#company_ReportedAsOfMarch182011Member" />
    <definitionArc xlink:type="arc"
      xlink:arcrole="http://xbrl.org/int/dim/arcrole/dimension-domain"
      xlink:from="frm_ReportDateAxis" xlink:to="company_ReportedAsOfMarch182011Member"
      order="1"
      use="optional" />
  </definitionLink>
  <definitionLink xlink:type="extended"
    xlink:role="http://xasb.org/gaap/role/schedule/DebtInstrumentsSchedule">
    <loc xlink:type="locator"
      xlink:label="frm_ReportDateAxis"
      xlink:href="http://www.xbrlsite.com/Schemas/brlm/2011-07-15/frm.xsd#frm_ReportDateAxis" />
    <loc xlink:type="locator"
      xlink:label="company_ReportedAsOfMarch182011Member"
      xlink:href="company.xsd#company_ReportedAsOfMarch182011Member" />
    <definitionArc xlink:type="arc"
      xlink:arcrole="http://xbrl.org/int/dim/arcrole/dimension-domain"
      xlink:from="frm_ReportDateAxis" xlink:to="company_ReportedAsOfMarch182011Member"
      order="1"
      use="optional" />
    <loc xlink:type="locator"
      xlink:label="gaap_AllDebtInstrumentsMember"
      xlink:href="gaap.xsd#gaap_AllDebtInstrumentsMember" />
    <loc xlink:type="locator"
      xlink:label="company_DebtInstrumentAMember"
      xlink:href="company.xsd#company_DebtInstrumentAMember" />
    <definitionArc xlink:type="arc"
      xlink:arcrole="http://xbrl.org/int/dim/arcrole/domain-member"
      xlink:from="gaap_AllDebtInstrumentsMember"
      xlink:to="company_DebtInstrumentAMember"
      order="1"
      use="optional" />
    <loc xlink:type="locator"
      xlink:label="company_DebtInstrumentBMember"
      xlink:href="company.xsd#company_DebtInstrumentBMember" />
    <definitionArc xlink:type="arc"
      xlink:arcrole="http://xbrl.org/int/dim/arcrole/domain-member"
      xlink:from="gaap_AllDebtInstrumentsMember"
      xlink:to="company_DebtInstrumentBMember"
      order="2"
      use="optional" />
    <loc xlink:type="locator"
      xlink:label="company_DebtInstrumentCMember"
      xlink:href="company.xsd#company_DebtInstrumentCMember" />
    <definitionArc xlink:type="arc"
      xlink:arcrole="http://xbrl.org/int/dim/arcrole/domain-member"
      xlink:from="gaap_AllDebtInstrumentsMember"
      xlink:to="company_DebtInstrumentCMember"
      order="3"
      use="optional" />
  </definitionLink>
  <definitionLink xlink:type="extended"
    xlink:role="http://xasb.org/gaap/role/schedule/OtherLiabilitiesSchedule">
    <loc xlink:type="locator"
      xlink:label="frm_ReportDateAxis"
      xlink:href="http://www.xbrlsite.com/Schemas/brlm/2011-07-15/frm.xsd#frm_ReportDateAxis" />
    <loc xlink:type="locator"
      xlink:label="company_ReportedAsOfMarch182011Member"
      xlink:href="company.xsd#company_ReportedAsOfMarch182011Member" />
    <definitionArc xlink:type="arc"
      xlink:arcrole="http://xbrl.org/int/dim/arcrole/dimension-domain"
      xlink:from="frm_ReportDateAxis" xlink:to="company_ReportedAsOfMarch182011Member"
      order="1"
      use="optional" />
  </definitionLink>
  <definitionLink xlink:type="extended"
    xlink:role="http://xasb.org/gaap/role/schedule/OtherLiabilitiesDetails">
    <loc xlink:type="locator"
      xlink:label="frm_ReportDateAxis"
      xlink:href="http://www.xbrlsite.com/Schemas/brlm/2011-07-15/frm.xsd#frm_ReportDateAxis" />
    <loc xlink:type="locator"
      xlink:label="company_ReportedAsOfMarch182011Member"
      xlink:href="company.xsd#company_ReportedAsOfMarch182011Member" />
    <definitionArc xlink:type="arc"
      xlink:arcrole="http://xbrl.org/int/dim/arcrole/dimension-domain"
      xlink:from="frm_ReportDateAxis" xlink:to="company_ReportedAsOfMarch182011Member"
      order="1"
      use="optional" />
  </definitionLink>
  <definitionLink xlink:type="extended"
    xlink:role="http://xasb.org/gaap/role/schedule/EquitySchedule">
    <loc xlink:type="locator"
      xlink:label="frm_ReportDateAxis"
      xlink:href="http://www.xbrlsite.com/Schemas/brlm/2011-07-15/frm.xsd#frm_ReportDateAxis" />
    <loc xlink:type="locator"
      xlink:label="company_ReportedAsOfMarch182011Member"
      xlink:href="company.xsd#company_ReportedAsOfMarch182011Member" />
    <definitionArc xlink:type="arc"
      xlink:arcrole="http://xbrl.org/int/dim/arcrole/dimension-domain"
      xlink:from="frm_ReportDateAxis" xlink:to="company_ReportedAsOfMarch182011Member"
      order="1"
      use="optional" />
  </definitionLink>
  <definitionLink xlink:type="extended"
    xlink:role="http://xasb.org/gaap/role/schedule/IncomeTaxesSchedule">
    <loc xlink:type="locator"
      xlink:label="frm_ReportDateAxis"
      xlink:href="http://www.xbrlsite.com/Schemas/brlm/2011-07-15/frm.xsd#frm_ReportDateAxis" />
    <loc xlink:type="locator"
      xlink:label="company_ReportedAsOfMarch182011Member"
      xlink:href="company.xsd#company_ReportedAsOfMarch182011Member" />
    <definitionArc xlink:type="arc"
      xlink:arcrole="http://xbrl.org/int/dim/arcrole/dimension-domain"
      xlink:from="frm_ReportDateAxis" xlink:to="company_ReportedAsOfMarch182011Member"
      order="1"
      use="optional" />
  </definitionLink>
  <definitionLink xlink:type="extended"
    xlink:role="http://xasb.org/gaap/role/schedule/IncomeTaxesDetails">
    <loc xlink:type="locator"
      xlink:label="frm_ReportDateAxis"
      xlink:href="http://www.xbrlsite.com/Schemas/brlm/2011-07-15/frm.xsd#frm_ReportDateAxis" />
    <loc xlink:type="locator"
      xlink:label="company_ReportedAsOfMarch182011Member"
      xlink:href="company.xsd#company_ReportedAsOfMarch182011Member" />
    <definitionArc xlink:type="arc"
      xlink:arcrole="http://xbrl.org/int/dim/arcrole/dimension-domain"
      xlink:from="frm_ReportDateAxis" xlink:to="company_ReportedAsOfMarch182011Member"
      order="1"
      use="optional" />
  </definitionLink>
  <definitionLink xlink:type="extended"
    xlink:role="http://xasb.org/gaap/role/schedule/SubsequentEventsSchedule">
    <loc xlink:type="locator"
      xlink:label="frm_ReportDateAxis"
      xlink:href="http://www.xbrlsite.com/Schemas/brlm/2011-07-15/frm.xsd#frm_ReportDateAxis" />
    <loc xlink:type="locator"
      xlink:label="company_ReportedAsOfMarch182011Member"
      xlink:href="company.xsd#company_ReportedAsOfMarch182011Member" />
    <definitionArc xlink:type="arc"
      xlink:arcrole="http://xbrl.org/int/dim/arcrole/dimension-domain"
      xlink:from="frm_ReportDateAxis" xlink:to="company_ReportedAsOfMarch182011Member"
      order="1"
      use="optional" />
  </definitionLink>
  <definitionLink xlink:type="extended"
    xlink:role="http://xasb.org/gaap/role/schedule/BusinessSegmentsSchedule">
    <loc xlink:type="locator"
      xlink:label="frm_ReportDateAxis"
      xlink:href="http://www.xbrlsite.com/Schemas/brlm/2011-07-15/frm.xsd#frm_ReportDateAxis" />
    <loc xlink:type="locator"
      xlink:label="company_ReportedAsOfMarch182011Member"
      xlink:href="company.xsd#company_ReportedAsOfMarch182011Member" />
    <definitionArc xlink:type="arc"
      xlink:arcrole="http://xbrl.org/int/dim/arcrole/dimension-domain"
      xlink:from="frm_ReportDateAxis" xlink:to="company_ReportedAsOfMarch182011Member"
      order="1"
      use="optional" />
    <loc xlink:type="locator"
      xlink:label="gaap_ContinuingOperationsMember"
      xlink:href="gaap.xsd#gaap_ContinuingOperationsMember" />
    <loc xlink:type="locator"
      xlink:label="company_BusinessSegmentOneMember"
      xlink:href="company.xsd#company_BusinessSegmentOneMember" />
    <definitionArc xlink:type="arc"
      xlink:arcrole="http://xbrl.org/int/dim/arcrole/domain-member"
      xlink:from="gaap_ContinuingOperationsMember"
      xlink:to="company_BusinessSegmentOneMember"
      order="1"
      use="optional" />
    <loc xlink:type="locator"
      xlink:label="company_BusinessSegmentTwoMember"
      xlink:href="company.xsd#company_BusinessSegmentTwoMember" />
    <definitionArc xlink:type="arc"
      xlink:arcrole="http://xbrl.org/int/dim/arcrole/domain-member"
      xlink:from="gaap_ContinuingOperationsMember"
      xlink:to="company_BusinessSegmentTwoMember"
      order="2"
      use="optional" />
  </definitionLink>
  <definitionLink xlink:type="extended"
    xlink:role="http://xasb.org/gaap/role/schedule/RelatedPartiesSchedule">
    <loc xlink:type="locator"
      xlink:label="frm_ReportDateAxis"
      xlink:href="http://www.xbrlsite.com/Schemas/brlm/2011-07-15/frm.xsd#frm_ReportDateAxis" />
    <loc xlink:type="locator"
      xlink:label="company_ReportedAsOfMarch182011Member"
      xlink:href="company.xsd#company_ReportedAsOfMarch182011Member" />
    <definitionArc xlink:type="arc"
      xlink:arcrole="http://xbrl.org/int/dim/arcrole/dimension-domain"
      xlink:from="frm_ReportDateAxis" xlink:to="company_ReportedAsOfMarch182011Member"
      order="1"
      use="optional" />
    <loc xlink:type="locator"
      xlink:label="gaap_AllRelatedPartiesMember"
      xlink:href="gaap.xsd#gaap_AllRelatedPartiesMember" />
    <loc xlink:type="locator"
      xlink:label="company_RelatedParty1Member"
      xlink:href="company.xsd#company_RelatedParty1Member" />
    <definitionArc xlink:type="arc"
      xlink:arcrole="http://xbrl.org/int/dim/arcrole/domain-member"
      xlink:from="gaap_AllRelatedPartiesMember"
      xlink:to="company_RelatedParty1Member"
      order="1"
      use="optional" />
    <loc xlink:type="locator"
      xlink:label="company_RelatedParty2Member"
      xlink:href="company.xsd#company_RelatedParty2Member" />
    <definitionArc xlink:type="arc"
      xlink:arcrole="http://xbrl.org/int/dim/arcrole/domain-member"
      xlink:from="gaap_AllRelatedPartiesMember"
      xlink:to="company_RelatedParty2Member"
      order="2"
      use="optional" />
  </definitionLink>
  <definitionLink xlink:type="extended"
    xlink:role="http://xasb.org/gaap/role/schedule/RelatedPartyTransactionsSchedule">
    <loc xlink:type="locator"
      xlink:label="frm_ReportDateAxis"
      xlink:href="http://www.xbrlsite.com/Schemas/brlm/2011-07-15/frm.xsd#frm_ReportDateAxis" />
    <loc xlink:type="locator"
      xlink:label="company_ReportedAsOfMarch182011Member"
      xlink:href="company.xsd#company_ReportedAsOfMarch182011Member" />
    <definitionArc xlink:type="arc"
      xlink:arcrole="http://xbrl.org/int/dim/arcrole/dimension-domain"
      xlink:from="frm_ReportDateAxis" xlink:to="company_ReportedAsOfMarch182011Member"
      order="1"
      use="optional" />
    <loc xlink:type="locator"
      xlink:label="gaap_AllRelatedPartiesMember"
      xlink:href="gaap.xsd#gaap_AllRelatedPartiesMember" />
    <loc xlink:type="locator"
      xlink:label="company_RelatedParty1Member"
      xlink:href="company.xsd#company_RelatedParty1Member" />
    <definitionArc xlink:type="arc"
      xlink:arcrole="http://xbrl.org/int/dim/arcrole/domain-member"
      xlink:from="gaap_AllRelatedPartiesMember"
      xlink:to="company_RelatedParty1Member"
      order="1"
      use="optional" />
    <loc xlink:type="locator"
      xlink:label="company_RelatedParty2Member"
      xlink:href="company.xsd#company_RelatedParty2Member" />
    <definitionArc xlink:type="arc"
      xlink:arcrole="http://xbrl.org/int/dim/arcrole/domain-member"
      xlink:from="gaap_AllRelatedPartiesMember"
      xlink:to="company_RelatedParty2Member"
      order="2"
      use="optional" />
  </definitionLink>
  <definitionLink xlink:type="extended"
    xlink:role="http://xasb.org/gaap/role/schedule/DirectorCompensationSchedule">
    <loc xlink:type="locator"
      xlink:label="frm_ReportDateAxis"
      xlink:href="http://www.xbrlsite.com/Schemas/brlm/2011-07-15/frm.xsd#frm_ReportDateAxis" />
    <loc xlink:type="locator"
      xlink:label="company_ReportedAsOfMarch182011Member"
      xlink:href="company.xsd#company_ReportedAsOfMarch182011Member" />
    <definitionArc xlink:type="arc"
      xlink:arcrole="http://xbrl.org/int/dim/arcrole/dimension-domain"
      xlink:from="frm_ReportDateAxis" xlink:to="company_ReportedAsOfMarch182011Member"
      order="1"
      use="optional" />
    <loc xlink:type="locator"
      xlink:label="gaap_AllDirectorsMember"
      xlink:href="gaap.xsd#gaap_AllDirectorsMember" />
    <loc xlink:type="locator"
      xlink:label="company_Director1Member"
      xlink:href="company.xsd#company_Director1Member" />
    <definitionArc xlink:type="arc"
      xlink:arcrole="http://xbrl.org/int/dim/arcrole/domain-member"
      xlink:from="gaap_AllDirectorsMember" xlink:to="company_Director1Member"
      order="3"
      use="optional" />
    <loc xlink:type="locator"
      xlink:label="company_Director2Member"
      xlink:href="company.xsd#company_Director2Member" />
    <definitionArc xlink:type="arc"
      xlink:arcrole="http://xbrl.org/int/dim/arcrole/domain-member"
      xlink:from="gaap_AllDirectorsMember" xlink:to="company_Director2Member"
      order="4"
      use="optional" />
  </definitionLink>
  <definitionLink xlink:type="extended"
    xlink:role="http://xasb.org/gaap/role/schedule/ShareOwnershipPlansSchedule">
    <loc xlink:type="locator"
      xlink:label="frm_ReportDateAxis"
      xlink:href="http://www.xbrlsite.com/Schemas/brlm/2011-07-15/frm.xsd#frm_ReportDateAxis" />
    <loc xlink:type="locator"
      xlink:label="company_ReportedAsOfMarch182011Member"
      xlink:href="company.xsd#company_ReportedAsOfMarch182011Member" />
    <definitionArc xlink:type="arc"
      xlink:arcrole="http://xbrl.org/int/dim/arcrole/dimension-domain"
      xlink:from="frm_ReportDateAxis" xlink:to="company_ReportedAsOfMarch182011Member"
      order="1"
      use="optional" />
    <loc xlink:type="locator"
      xlink:label="gaap_AllShareOwnershipPlansMember"
      xlink:href="gaap.xsd#gaap_AllShareOwnershipPlansMember" />
    <loc xlink:type="locator"
      xlink:label="company_ShareOwnershipPlan1Member"
      xlink:href="company.xsd#company_ShareOwnershipPlan1Member" />
    <definitionArc xlink:type="arc"
      xlink:arcrole="http://xbrl.org/int/dim/arcrole/domain-member"
      xlink:from="gaap_AllShareOwnershipPlansMember"
      xlink:to="company_ShareOwnershipPlan1Member"
      order="1"
      use="optional" />
    <loc xlink:type="locator"
      xlink:label="company_ShareOwnershipPlan2Member"
      xlink:href="company.xsd#company_ShareOwnershipPlan2Member" />
    <definitionArc xlink:type="arc"
      xlink:arcrole="http://xbrl.org/int/dim/arcrole/domain-member"
      xlink:from="gaap_AllShareOwnershipPlansMember"
      xlink:to="company_ShareOwnershipPlan2Member"
      order="2"
      use="optional" />
  </definitionLink>
  <definitionLink xlink:type="extended"
    xlink:role="http://xasb.org/gaap/role/schedule/ReconciliationOfCashSummarySchedule">
    <loc xlink:type="locator"
      xlink:label="frm_ReportDateAxis"
      xlink:href="http://www.xbrlsite.com/Schemas/brlm/2011-07-15/frm.xsd#frm_ReportDateAxis" />
    <loc xlink:type="locator"
      xlink:label="company_ReportedAsOfMarch182011Member"
      xlink:href="company.xsd#company_ReportedAsOfMarch182011Member" />
    <definitionArc xlink:type="arc"
      xlink:arcrole="http://xbrl.org/int/dim/arcrole/dimension-domain"
      xlink:from="frm_ReportDateAxis" xlink:to="company_ReportedAsOfMarch182011Member"
      order="1"
      use="optional" />
  </definitionLink>
  <definitionLink xlink:type="extended"
    xlink:role="http://xasb.org/gaap/role/schedule/ReconciliationOfCashDetailSchedule">
    <loc xlink:type="locator"
      xlink:label="frm_ReportDateAxis"
      xlink:href="http://www.xbrlsite.com/Schemas/brlm/2011-07-15/frm.xsd#frm_ReportDateAxis" />
    <loc xlink:type="locator"
      xlink:label="company_ReportedAsOfMarch182011Member"
      xlink:href="company.xsd#company_ReportedAsOfMarch182011Member" />
    <definitionArc xlink:type="arc"
      xlink:arcrole="http://xbrl.org/int/dim/arcrole/dimension-domain"
      xlink:from="frm_ReportDateAxis" xlink:to="company_ReportedAsOfMarch182011Member"
      order="1"
      use="optional" />
    <loc xlink:type="locator"
      xlink:label="gaap_AllReconcilingItemsOfCashAndCashEquivalentsMember"
      xlink:href="gaap.xsd#gaap_AllReconcilingItemsOfCashAndCashEquivalentsMember" />
    <loc xlink:type="locator"
      xlink:label="company_ReconcilingItemTypeAMember"
      xlink:href="company.xsd#company_ReconcilingItemTypeAMember" />
    <definitionArc xlink:type="arc"
      xlink:arcrole="http://xbrl.org/int/dim/arcrole/domain-member"
      xlink:from="gaap_AllReconcilingItemsOfCashAndCashEquivalentsMember"
      xlink:to="company_ReconcilingItemTypeAMember"
      order="1"
      use="optional" />
    <loc xlink:type="locator"
      xlink:label="company_ReconcilingItemTypeBMember"
      xlink:href="company.xsd#company_ReconcilingItemTypeBMember" />
    <definitionArc xlink:type="arc"
      xlink:arcrole="http://xbrl.org/int/dim/arcrole/domain-member"
      xlink:from="gaap_AllReconcilingItemsOfCashAndCashEquivalentsMember"
      xlink:to="company_ReconcilingItemTypeBMember"
      order="2"
      use="optional" />
  </definitionLink>
  <definitionLink xlink:type="extended"
    xlink:role="http://xasb.org/gaap/role/schedule/PortfolioOfInvestmentsSchedule">
    <loc xlink:type="locator"
      xlink:label="frm_ReportDateAxis"
      xlink:href="http://www.xbrlsite.com/Schemas/brlm/2011-07-15/frm.xsd#frm_ReportDateAxis" />
    <loc xlink:type="locator"
      xlink:label="company_ReportedAsOfMarch182011Member"
      xlink:href="company.xsd#company_ReportedAsOfMarch182011Member" />
    <definitionArc xlink:type="arc"
      xlink:arcrole="http://xbrl.org/int/dim/arcrole/dimension-domain"
      xlink:from="frm_ReportDateAxis" xlink:to="company_ReportedAsOfMarch182011Member"
      order="1"
      use="optional" />
    <loc xlink:type="locator"
      xlink:label="gaap_AllInvestmentsMember"
      xlink:href="gaap.xsd#gaap_AllInvestmentsMember" />
    <loc xlink:type="locator"
      xlink:label="company_TreasuryBills3.4712010Member"
      xlink:href="company.xsd#company_TreasuryBills3.4712010Member" />
    <definitionArc xlink:type="arc"
      xlink:arcrole="http://xbrl.org/int/dim/arcrole/domain-member"
      xlink:from="gaap_AllInvestmentsMember"
      xlink:to="company_TreasuryBills3.4712010Member"
      order="1"
      use="optional" />
    <loc xlink:type="locator"
      xlink:label="company_TreasuryBills3.3712011Member"
      xlink:href="company.xsd#company_TreasuryBills3.3712011Member" />
    <definitionArc xlink:type="arc"
      xlink:arcrole="http://xbrl.org/int/dim/arcrole/domain-member"
      xlink:from="gaap_AllInvestmentsMember"
      xlink:to="company_TreasuryBills3.3712011Member"
      order="2"
      use="optional" />
  </definitionLink>
  <definitionLink xlink:type="extended"
    xlink:role="http://xasb.org/gaap/role/schedule/DocumentInformationSchedule">
    <loc xlink:type="locator"
      xlink:label="frm_ReportDateAxis"
      xlink:href="http://www.xbrlsite.com/Schemas/brlm/2011-07-15/frm.xsd#frm_ReportDateAxis" />
    <loc xlink:type="locator"
      xlink:label="company_ReportedAsOfMarch182011Member"
      xlink:href="company.xsd#company_ReportedAsOfMarch182011Member" />
    <definitionArc xlink:type="arc"
      xlink:arcrole="http://xbrl.org/int/dim/arcrole/dimension-domain"
      xlink:from="frm_ReportDateAxis" xlink:to="company_ReportedAsOfMarch182011Member"
      order="1"
      use="optional" />
  </definitionLink>
  <definitionLink xlink:type="extended"
    xlink:role="http://www.ABCCompany.com/company/VarianceAnalysis">
    <loc xlink:type="locator"
      xlink:label="company_VarianceAnalysisGrossProfitLineItems"
      xlink:href="company.xsd#company_VarianceAnalysisGrossProfitLineItems" />
    <loc xlink:type="locator"
      xlink:label="gaap_GrossProfitLossRollUp"
      xlink:href="gaap.xsd#gaap_GrossProfitLossRollUp" />
    <definitionArc xlink:type="arc"
      xlink:arcrole="http://xbrl.org/int/dim/arcrole/domain-member"
      xlink:from="company_VarianceAnalysisGrossProfitLineItems"
      xlink:to="gaap_GrossProfitLossRollUp"
      order="1"
      use="optional" />
    <loc xlink:type="locator"
      xlink:label="gaap_RevenuesNet"
      xlink:href="gaap.xsd#gaap_RevenuesNet" />
    <definitionArc xlink:type="arc"
      xlink:arcrole="http://xbrl.org/int/dim/arcrole/domain-member"
      xlink:from="gaap_GrossProfitLossRollUp"
      xlink:to="gaap_RevenuesNet"
      order="4"
      use="optional" />
    <loc xlink:type="locator"
      xlink:label="gaap_CostOfSales"
      xlink:href="gaap.xsd#gaap_CostOfSales" />
    <definitionArc xlink:type="arc"
      xlink:arcrole="http://xbrl.org/int/dim/arcrole/domain-member"
      xlink:from="gaap_GrossProfitLossRollUp"
      xlink:to="gaap_CostOfSales"
      order="5"
      use="optional" />
    <loc xlink:type="locator"
      xlink:label="gaap_GrossProfitLoss"
      xlink:href="gaap.xsd#gaap_GrossProfitLoss" />
    <definitionArc xlink:type="arc"
      xlink:arcrole="http://xbrl.org/int/dim/arcrole/domain-member"
      xlink:from="gaap_GrossProfitLossRollUp"
      xlink:to="gaap_GrossProfitLoss"
      order="6"
      use="optional" />
    <loc xlink:type="locator"
      xlink:label="company_VarianceAnalysisGrossProfitTable"
      xlink:href="company.xsd#company_VarianceAnalysisGrossProfitTable" />
    <definitionArc xlink:type="arc"
      xlink:arcrole="http://xbrl.org/int/dim/arcrole/all"
      xlink:from="company_VarianceAnalysisGrossProfitLineItems"
      xlink:to="company_VarianceAnalysisGrossProfitTable"
      order="2"
      use="optional"
      xbrldt:contextElement="segment"
      xbrldt:closed="true" />
    <loc xlink:type="locator"
      xlink:label="frm_LegalEntityAxis"
      xlink:href="http://www.xbrlsite.com/Schemas/brlm/2011-07-15/frm.xsd#frm_LegalEntityAxis" />
    <definitionArc xlink:type="arc"
      xlink:arcrole="http://xbrl.org/int/dim/arcrole/hypercube-dimension"
      xlink:from="company_VarianceAnalysisGrossProfitTable"
      xlink:to="frm_LegalEntityAxis"
      order="1"
      use="optional" />
    <loc xlink:type="locator"
      xlink:label="frm_ConsolidatedEntityMember"
      xlink:href="http://www.xbrlsite.com/Schemas/brlm/2011-07-15/frm.xsd#frm_ConsolidatedEntityMember" />
    <definitionArc xlink:type="arc"
      xlink:arcrole="http://xbrl.org/int/dim/arcrole/dimension-domain"
      xlink:from="frm_LegalEntityAxis" xlink:to="frm_ConsolidatedEntityMember"
      order="1"
      use="optional" />
    <loc xlink:type="locator"
      xlink:label="frm_ReportDateAxis"
      xlink:href="http://www.xbrlsite.com/Schemas/brlm/2011-07-15/frm.xsd#frm_ReportDateAxis" />
    <definitionArc xlink:type="arc"
      xlink:arcrole="http://xbrl.org/int/dim/arcrole/hypercube-dimension"
      xlink:from="company_VarianceAnalysisGrossProfitTable"
      xlink:to="frm_ReportDateAxis"
      order="2"
      use="optional" />
    <loc xlink:type="locator"
      xlink:label="company_ReportedAsOfMarch182011Member"
      xlink:href="company.xsd#company_ReportedAsOfMarch182011Member" />
    <definitionArc xlink:type="arc"
      xlink:arcrole="http://xbrl.org/int/dim/arcrole/dimension-domain"
      xlink:from="frm_ReportDateAxis" xlink:to="company_ReportedAsOfMarch182011Member"
      order="1"
      use="optional" />
    <loc xlink:type="locator"
      xlink:label="frm_ReportingScenarioAxis"
      xlink:href="http://www.xbrlsite.com/Schemas/brlm/2011-07-15/frm.xsd#frm_ReportingScenarioAxis" />
    <definitionArc xlink:type="arc"
      xlink:arcrole="http://xbrl.org/int/dim/arcrole/hypercube-dimension"
      xlink:from="company_VarianceAnalysisGrossProfitTable"
      xlink:to="frm_ReportingScenarioAxis"
      order="3"
      use="optional" />
    <loc xlink:type="locator"
      xlink:label="frm_ActualMember"
      xlink:href="http://www.xbrlsite.com/Schemas/brlm/2011-07-15/frm.xsd#frm_ActualMember" />
    <definitionArc xlink:type="arc"
      xlink:arcrole="http://xbrl.org/int/dim/arcrole/dimension-domain"
      xlink:from="frm_ReportingScenarioAxis"
      xlink:to="frm_ActualMember"
      order="0.5"
      use="optional" />
    <loc xlink:type="locator"
      xlink:label="frm_BudgetedMember"
      xlink:href="http://www.xbrlsite.com/Schemas/brlm/2011-07-15/frm.xsd#frm_BudgetedMember" />
    <definitionArc xlink:type="arc"
      xlink:arcrole="http://xbrl.org/int/dim/arcrole/dimension-domain"
      xlink:from="frm_ReportingScenarioAxis"
      xlink:to="frm_BudgetedMember"
      order="54"
      use="optional" />
    <loc xlink:type="locator"
      xlink:label="frm_ReportingScenariosAllMember"
      xlink:href="http://www.xbrlsite.com/Schemas/brlm/2011-07-15/frm.xsd#frm_ReportingScenariosAllMember" />
    <definitionArc xlink:type="arc"
      xlink:arcrole="http://xbrl.org/int/dim/arcrole/dimension-domain"
      xlink:from="frm_ReportingScenarioAxis"
      xlink:to="frm_ReportingScenariosAllMember"
      order="55"
      use="optional" />
  </definitionLink>
  <definitionLink xlink:type="extended"
    xlink:role="http://www.ABCCompany.com/company/VarianceAnalysis">
    <loc xlink:type="locator"
      xlink:label="frm_LegalEntityAxis"
      xlink:href="http://www.xbrlsite.com/Schemas/brlm/2011-07-15/frm.xsd#frm_LegalEntityAxis" />
    <loc xlink:type="locator"
      xlink:label="frm_ConsolidatedEntityMember"
      xlink:href="http://www.xbrlsite.com/Schemas/brlm/2011-07-15/frm.xsd#frm_ConsolidatedEntityMember" />
    <definitionArc xlink:type="arc"
      xlink:arcrole="http://xbrl.org/int/dim/arcrole/dimension-default"
      xlink:from="frm_LegalEntityAxis" xlink:to="frm_ConsolidatedEntityMember"
      order="108"
      use="optional" />
  </definitionLink>
  <definitionLink xlink:type="extended"
    xlink:role="http://xasb.org/gaap/role/schedule/BalanceSheetSchedule">
    <loc xlink:type="locator"
      xlink:label="frm_ReportDateAxis"
      xlink:href="http://www.xbrlsite.com/Schemas/brlm/2011-07-15/frm.xsd#frm_ReportDateAxis" />
    <loc xlink:type="locator"
      xlink:label="company_ReportedAsOfMarch182011Member"
      xlink:href="company.xsd#company_ReportedAsOfMarch182011Member" />
    <definitionArc xlink:type="arc"
      xlink:arcrole="http://xbrl.org/int/dim/arcrole/dimension-domain"
      xlink:from="frm_ReportDateAxis" xlink:to="company_ReportedAsOfMarch182011Member"
      order="1"
      use="optional" />
  </definitionLink>
</linkbase>