<?xml version="1.0" encoding="us-ascii"?>
<!--XBRL document created with Dragon Tag (R) XBRL Enabler by Rivet Software version 3.1.0.74-->
<!--Based on XBRL 2.1-->
<!--Created on: 11/28/2011 3:32:24 PM-->
<xbrl xmlns="http://www.xbrl.org/2003/instance" xmlns:link="http://www.xbrl.org/2003/linkbase" xmlns:xlink="http://www.w3.org/1999/xlink" xmlns:cfainstitute="http://www.cfainstitute.org" xmlns:iso4217="http://www.xbrl.org/2003/iso4217" xmlns:us-gaap="http://fasb.org/us-gaap/2011-01-31">
  <link:schemaRef xlink:type="simple" xlink:href="CFAInstituteTaxonomy_2011.xsd" />
  <!--Context Section-->
  <context id="TwelveMonthsEnded_31Aug20112">
    <entity>
      <identifier scheme="http://www.irs.gov">54-1386480</identifier>
    </entity>
    <period>
      <instant>2011-08-31</instant>
    </period>
  </context>
  <context id="TwelveMonthsEnded_31Aug20102">
    <entity>
      <identifier scheme="http://www.irs.gov">54-1386480</identifier>
    </entity>
    <period>
      <instant>2010-08-31</instant>
    </period>
  </context>
  <context id="TwelveMonthsEnded_31Aug2011">
    <entity>
      <identifier scheme="http://www.irs.gov">54-1386480</identifier>
    </entity>
    <period>
      <startDate>2010-09-01</startDate>
      <endDate>2011-08-31</endDate>
    </period>
  </context>
  <context id="TwelveMonthsEnded_31Aug2010">
    <entity>
      <identifier scheme="http://www.irs.gov">54-1386480</identifier>
    </entity>
    <period>
      <startDate>2009-09-01</startDate>
      <endDate>2010-08-31</endDate>
    </period>
  </context>
  <!--Unit Section-->
  <unit id="USD">
    <measure>iso4217:USD</measure>
  </unit>
  <!--Tuple Section-->
  <!--Element Section-->
  <cfainstitute:CandidateFees contextRef="TwelveMonthsEnded_31Aug2010" unitRef="USD" decimals="-3">122861000</cfainstitute:CandidateFees>
  <cfainstitute:CandidateFees contextRef="TwelveMonthsEnded_31Aug2011" unitRef="USD" decimals="-3">130000000</cfainstitute:CandidateFees>
  <cfainstitute:CashAndCashEquivalentsBeginningOfYear contextRef="TwelveMonthsEnded_31Aug2010" unitRef="USD" decimals="-3">31096000</cfainstitute:CashAndCashEquivalentsBeginningOfYear>
  <cfainstitute:CashAndCashEquivalentsBeginningOfYear contextRef="TwelveMonthsEnded_31Aug2011" unitRef="USD" decimals="-3">35698000</cfainstitute:CashAndCashEquivalentsBeginningOfYear>
  <cfainstitute:CashAndCashEquivalentsEndOfYear contextRef="TwelveMonthsEnded_31Aug2010" unitRef="USD" decimals="-3">35698000</cfainstitute:CashAndCashEquivalentsEndOfYear>
  <cfainstitute:CashAndCashEquivalentsEndOfYear contextRef="TwelveMonthsEnded_31Aug2011" unitRef="USD" decimals="-3">13630000</cfainstitute:CashAndCashEquivalentsEndOfYear>
  <cfainstitute:CertificationAndCertificatePrograms contextRef="TwelveMonthsEnded_31Aug2010" unitRef="USD" decimals="-3">41488000</cfainstitute:CertificationAndCertificatePrograms>
  <cfainstitute:CertificationAndCertificatePrograms contextRef="TwelveMonthsEnded_31Aug2011" unitRef="USD" decimals="-3">47169000</cfainstitute:CertificationAndCertificatePrograms>
  <cfainstitute:ChangeInNetAssets contextRef="TwelveMonthsEnded_31Aug2010" unitRef="USD" decimals="-3">18271000</cfainstitute:ChangeInNetAssets>
  <cfainstitute:ChangeInNetAssets contextRef="TwelveMonthsEnded_31Aug2011" unitRef="USD" decimals="-3">20588000</cfainstitute:ChangeInNetAssets>
  <cfainstitute:ChangeInNetAssetsFromOperations contextRef="TwelveMonthsEnded_31Aug2010" unitRef="USD" decimals="-3">13016000</cfainstitute:ChangeInNetAssetsFromOperations>
  <cfainstitute:ChangeInNetAssetsFromOperations contextRef="TwelveMonthsEnded_31Aug2011" unitRef="USD" decimals="-3">9739000</cfainstitute:ChangeInNetAssetsFromOperations>
  <cfainstitute:Contributions contextRef="TwelveMonthsEnded_31Aug2010" unitRef="USD" decimals="-3">33000</cfainstitute:Contributions>
  <cfainstitute:Contributions contextRef="TwelveMonthsEnded_31Aug2011" unitRef="USD" decimals="-3">23000</cfainstitute:Contributions>
  <cfainstitute:EducationalContentAndProducts contextRef="TwelveMonthsEnded_31Aug2010" unitRef="USD" decimals="-3">55520000</cfainstitute:EducationalContentAndProducts>
  <cfainstitute:EducationalContentAndProducts contextRef="TwelveMonthsEnded_31Aug2011" unitRef="USD" decimals="-3">49485000</cfainstitute:EducationalContentAndProducts>
  <cfainstitute:EducationalProducts contextRef="TwelveMonthsEnded_31Aug2010" unitRef="USD" decimals="-3">47199000</cfainstitute:EducationalProducts>
  <cfainstitute:EducationalProducts contextRef="TwelveMonthsEnded_31Aug2011" unitRef="USD" decimals="-3">52137000</cfainstitute:EducationalProducts>
  <cfainstitute:IncomeFromOperations contextRef="TwelveMonthsEnded_31Aug2010" unitRef="USD" decimals="-3">5350000</cfainstitute:IncomeFromOperations>
  <cfainstitute:IncomeFromOperations contextRef="TwelveMonthsEnded_31Aug2011" unitRef="USD" decimals="-3">544000</cfainstitute:IncomeFromOperations>
  <cfainstitute:InternationalOperations contextRef="TwelveMonthsEnded_31Aug2010" unitRef="USD" decimals="-3">11199000</cfainstitute:InternationalOperations>
  <cfainstitute:InternationalOperations contextRef="TwelveMonthsEnded_31Aug2011" unitRef="USD" decimals="-3">12659000</cfainstitute:InternationalOperations>
  <cfainstitute:ManagementAndGeneralExpenses contextRef="TwelveMonthsEnded_31Aug2010" unitRef="USD" decimals="-3">41407000</cfainstitute:ManagementAndGeneralExpenses>
  <cfainstitute:ManagementAndGeneralExpenses contextRef="TwelveMonthsEnded_31Aug2011" unitRef="USD" decimals="-3">49857000</cfainstitute:ManagementAndGeneralExpenses>
  <cfainstitute:MarketingAndCommunications contextRef="TwelveMonthsEnded_31Aug2010" unitRef="USD" decimals="-3">14793000</cfainstitute:MarketingAndCommunications>
  <cfainstitute:MarketingAndCommunications contextRef="TwelveMonthsEnded_31Aug2011" unitRef="USD" decimals="-3">23923000</cfainstitute:MarketingAndCommunications>
  <cfainstitute:MemberAndSocietyServices contextRef="TwelveMonthsEnded_31Aug2010" unitRef="USD" decimals="-3">16188000</cfainstitute:MemberAndSocietyServices>
  <cfainstitute:MemberAndSocietyServices contextRef="TwelveMonthsEnded_31Aug2011" unitRef="USD" decimals="-3">19670000</cfainstitute:MemberAndSocietyServices>
  <cfainstitute:MemberDuesAndOther contextRef="TwelveMonthsEnded_31Aug2010" unitRef="USD" decimals="-3">23008000</cfainstitute:MemberDuesAndOther>
  <cfainstitute:MemberDuesAndOther contextRef="TwelveMonthsEnded_31Aug2011" unitRef="USD" decimals="-3">29295000</cfainstitute:MemberDuesAndOther>
  <cfainstitute:NetAssetsBeginningOfYear contextRef="TwelveMonthsEnded_31Aug2010" unitRef="USD" decimals="-3">113487000</cfainstitute:NetAssetsBeginningOfYear>
  <cfainstitute:NetAssetsBeginningOfYear contextRef="TwelveMonthsEnded_31Aug2011" unitRef="USD" decimals="-3">131758000</cfainstitute:NetAssetsBeginningOfYear>
  <cfainstitute:NetAssetsEndOfYear contextRef="TwelveMonthsEnded_31Aug2010" unitRef="USD" decimals="-3">131758000</cfainstitute:NetAssetsEndOfYear>
  <cfainstitute:NetAssetsEndOfYear contextRef="TwelveMonthsEnded_31Aug2011" unitRef="USD" decimals="-3">152346000</cfainstitute:NetAssetsEndOfYear>
  <cfainstitute:NetCashProvidedByUsedInInvestingActivitiesContinuingOperationsTotal contextRef="TwelveMonthsEnded_31Aug2010" unitRef="USD" decimals="-3">-20910000</cfainstitute:NetCashProvidedByUsedInInvestingActivitiesContinuingOperationsTotal>
  <cfainstitute:NetCashProvidedByUsedInInvestingActivitiesContinuingOperationsTotal contextRef="TwelveMonthsEnded_31Aug2011" unitRef="USD" decimals="-3">-45214000</cfainstitute:NetCashProvidedByUsedInInvestingActivitiesContinuingOperationsTotal>
  <cfainstitute:PaymentsForCertificationAndCertificatePrograms contextRef="TwelveMonthsEnded_31Aug2010" unitRef="USD" decimals="-3">42586000</cfainstitute:PaymentsForCertificationAndCertificatePrograms>
  <cfainstitute:PaymentsForCertificationAndCertificatePrograms contextRef="TwelveMonthsEnded_31Aug2011" unitRef="USD" decimals="-3">45358000</cfainstitute:PaymentsForCertificationAndCertificatePrograms>
  <cfainstitute:PaymentsForEducationalContentAndProducts contextRef="TwelveMonthsEnded_31Aug2010" unitRef="USD" decimals="-3">53288000</cfainstitute:PaymentsForEducationalContentAndProducts>
  <cfainstitute:PaymentsForEducationalContentAndProducts contextRef="TwelveMonthsEnded_31Aug2011" unitRef="USD" decimals="-3">52173000</cfainstitute:PaymentsForEducationalContentAndProducts>
  <cfainstitute:PaymentsForFacilityRentPlanningAndOperations contextRef="TwelveMonthsEnded_31Aug2010" unitRef="USD" decimals="-3">4201000</cfainstitute:PaymentsForFacilityRentPlanningAndOperations>
  <cfainstitute:PaymentsForFacilityRentPlanningAndOperations contextRef="TwelveMonthsEnded_31Aug2011" unitRef="USD" decimals="-3">5047000</cfainstitute:PaymentsForFacilityRentPlanningAndOperations>
  <cfainstitute:PaymentsForFinancialOperationsAndExecutive contextRef="TwelveMonthsEnded_31Aug2010" unitRef="USD" decimals="-3">11439000</cfainstitute:PaymentsForFinancialOperationsAndExecutive>
  <cfainstitute:PaymentsForFinancialOperationsAndExecutive contextRef="TwelveMonthsEnded_31Aug2011" unitRef="USD" decimals="-3">15325000</cfainstitute:PaymentsForFinancialOperationsAndExecutive>
  <cfainstitute:PaymentsForFundraising contextRef="TwelveMonthsEnded_31Aug2010" unitRef="USD" decimals="-3">20000</cfainstitute:PaymentsForFundraising>
  <cfainstitute:PaymentsForFundraising contextRef="TwelveMonthsEnded_31Aug2011" unitRef="USD" decimals="-3">12000</cfainstitute:PaymentsForFundraising>
  <cfainstitute:PaymentsForHumanResources contextRef="TwelveMonthsEnded_31Aug2010" unitRef="USD" decimals="-3">3607000</cfainstitute:PaymentsForHumanResources>
  <cfainstitute:PaymentsForHumanResources contextRef="TwelveMonthsEnded_31Aug2011" unitRef="USD" decimals="-3">4310000</cfainstitute:PaymentsForHumanResources>
  <cfainstitute:PaymentsForInformationTechnology contextRef="TwelveMonthsEnded_31Aug2010" unitRef="USD" decimals="-3">10658000</cfainstitute:PaymentsForInformationTechnology>
  <cfainstitute:PaymentsForInformationTechnology contextRef="TwelveMonthsEnded_31Aug2011" unitRef="USD" decimals="-3">12409000</cfainstitute:PaymentsForInformationTechnology>
  <cfainstitute:PaymentsForInternationalOperations contextRef="TwelveMonthsEnded_31Aug2010" unitRef="USD" decimals="-3">11031000</cfainstitute:PaymentsForInternationalOperations>
  <cfainstitute:PaymentsForInternationalOperations contextRef="TwelveMonthsEnded_31Aug2011" unitRef="USD" decimals="-3">11999000</cfainstitute:PaymentsForInternationalOperations>
  <cfainstitute:PaymentsForMarketingAndCommunications contextRef="TwelveMonthsEnded_31Aug2010" unitRef="USD" decimals="-3">14101000</cfainstitute:PaymentsForMarketingAndCommunications>
  <cfainstitute:PaymentsForMarketingAndCommunications contextRef="TwelveMonthsEnded_31Aug2011" unitRef="USD" decimals="-3">21473000</cfainstitute:PaymentsForMarketingAndCommunications>
  <cfainstitute:PaymentsForMemberAndSocietyServices contextRef="TwelveMonthsEnded_31Aug2010" unitRef="USD" decimals="-3">23948000</cfainstitute:PaymentsForMemberAndSocietyServices>
  <cfainstitute:PaymentsForMemberAndSocietyServices contextRef="TwelveMonthsEnded_31Aug2011" unitRef="USD" decimals="-3">29601000</cfainstitute:PaymentsForMemberAndSocietyServices>
  <cfainstitute:PaymentsForOfficeOfGeneralCounsel contextRef="TwelveMonthsEnded_31Aug2010" unitRef="USD" decimals="-3">3755000</cfainstitute:PaymentsForOfficeOfGeneralCounsel>
  <cfainstitute:PaymentsForOfficeOfGeneralCounsel contextRef="TwelveMonthsEnded_31Aug2011" unitRef="USD" decimals="-3">3210000</cfainstitute:PaymentsForOfficeOfGeneralCounsel>
  <cfainstitute:PaymentsForOtherSupportServices contextRef="TwelveMonthsEnded_31Aug2010" unitRef="USD" decimals="-3">1086000</cfainstitute:PaymentsForOtherSupportServices>
  <cfainstitute:PaymentsForOtherSupportServices contextRef="TwelveMonthsEnded_31Aug2011" unitRef="USD" decimals="-3">975000</cfainstitute:PaymentsForOtherSupportServices>
  <cfainstitute:PaymentsForPublishingAndContentServices contextRef="TwelveMonthsEnded_31Aug2010" unitRef="USD" decimals="-3">1380000</cfainstitute:PaymentsForPublishingAndContentServices>
  <cfainstitute:PaymentsForPublishingAndContentServices contextRef="TwelveMonthsEnded_31Aug2011" unitRef="USD" decimals="-3">1549000</cfainstitute:PaymentsForPublishingAndContentServices>
  <cfainstitute:PaymentsForScholarshipExpenses contextRef="TwelveMonthsEnded_31Aug2010" unitRef="USD" decimals="-3">149000</cfainstitute:PaymentsForScholarshipExpenses>
  <cfainstitute:PaymentsForScholarshipExpenses contextRef="TwelveMonthsEnded_31Aug2011" unitRef="USD" decimals="-3">126000</cfainstitute:PaymentsForScholarshipExpenses>
  <cfainstitute:PaymentsForStandardsAndFinancialMarketIntegrity contextRef="TwelveMonthsEnded_31Aug2010" unitRef="USD" decimals="-3">6788000</cfainstitute:PaymentsForStandardsAndFinancialMarketIntegrity>
  <cfainstitute:PaymentsForStandardsAndFinancialMarketIntegrity contextRef="TwelveMonthsEnded_31Aug2011" unitRef="USD" decimals="-3">7781000</cfainstitute:PaymentsForStandardsAndFinancialMarketIntegrity>
  <cfainstitute:PaymentsForTravelSupportAndEventManagement contextRef="TwelveMonthsEnded_31Aug2010" unitRef="USD" decimals="-3">1449000</cfainstitute:PaymentsForTravelSupportAndEventManagement>
  <cfainstitute:PaymentsForTravelSupportAndEventManagement contextRef="TwelveMonthsEnded_31Aug2011" unitRef="USD" decimals="-3">1698000</cfainstitute:PaymentsForTravelSupportAndEventManagement>
  <cfainstitute:PaymentsToAcquireIntangibleAssets contextRef="TwelveMonthsEnded_31Aug2010" unitRef="USD" decimals="-3">-6538000</cfainstitute:PaymentsToAcquireIntangibleAssets>
  <cfainstitute:PaymentsToAcquireIntangibleAssets contextRef="TwelveMonthsEnded_31Aug2011" unitRef="USD" decimals="-3">-931000</cfainstitute:PaymentsToAcquireIntangibleAssets>
  <cfainstitute:PaymentsToAcquireInvestments contextRef="TwelveMonthsEnded_31Aug2010" unitRef="USD" decimals="-3">-54446000</cfainstitute:PaymentsToAcquireInvestments>
  <cfainstitute:PaymentsToAcquireInvestments contextRef="TwelveMonthsEnded_31Aug2011" unitRef="USD" decimals="-3">-82702000</cfainstitute:PaymentsToAcquireInvestments>
  <cfainstitute:PaymentsToAcquirePropertyPlantAndEquipment contextRef="TwelveMonthsEnded_31Aug2010" unitRef="USD" decimals="-3">-2438000</cfainstitute:PaymentsToAcquirePropertyPlantAndEquipment>
  <cfainstitute:PaymentsToAcquirePropertyPlantAndEquipment contextRef="TwelveMonthsEnded_31Aug2011" unitRef="USD" decimals="-3">-3911000</cfainstitute:PaymentsToAcquirePropertyPlantAndEquipment>
  <cfainstitute:ProceedsFromCandidateFees contextRef="TwelveMonthsEnded_31Aug2010" unitRef="USD" decimals="-3">126500000</cfainstitute:ProceedsFromCandidateFees>
  <cfainstitute:ProceedsFromCandidateFees contextRef="TwelveMonthsEnded_31Aug2011" unitRef="USD" decimals="-3">135045000</cfainstitute:ProceedsFromCandidateFees>
  <cfainstitute:ProceedsFromContributions contextRef="TwelveMonthsEnded_31Aug2010" unitRef="USD" decimals="-3">33000</cfainstitute:ProceedsFromContributions>
  <cfainstitute:ProceedsFromContributions contextRef="TwelveMonthsEnded_31Aug2011" unitRef="USD" decimals="-3">35000</cfainstitute:ProceedsFromContributions>
  <cfainstitute:ProceedsFromEducationalProducts contextRef="TwelveMonthsEnded_31Aug2010" unitRef="USD" decimals="-3">47060000</cfainstitute:ProceedsFromEducationalProducts>
  <cfainstitute:ProceedsFromEducationalProducts contextRef="TwelveMonthsEnded_31Aug2011" unitRef="USD" decimals="-3">51567000</cfainstitute:ProceedsFromEducationalProducts>
  <cfainstitute:ProceedsFromMemberAndSocietyDues contextRef="TwelveMonthsEnded_31Aug2010" unitRef="USD" decimals="-3">36057000</cfainstitute:ProceedsFromMemberAndSocietyDues>
  <cfainstitute:ProceedsFromMemberAndSocietyDues contextRef="TwelveMonthsEnded_31Aug2011" unitRef="USD" decimals="-3">43085000</cfainstitute:ProceedsFromMemberAndSocietyDues>
  <cfainstitute:ProceedsFromSaleMaturityAndCollectionsOfInvestments contextRef="TwelveMonthsEnded_31Aug2010" unitRef="USD" decimals="-3">42510000</cfainstitute:ProceedsFromSaleMaturityAndCollectionsOfInvestments>
  <cfainstitute:ProceedsFromSaleMaturityAndCollectionsOfInvestments contextRef="TwelveMonthsEnded_31Aug2011" unitRef="USD" decimals="-3">42330000</cfainstitute:ProceedsFromSaleMaturityAndCollectionsOfInvestments>
  <cfainstitute:ProceedsFromSaleOfPropertyPlantAndEquipment contextRef="TwelveMonthsEnded_31Aug2010" unitRef="USD" decimals="-3">2000</cfainstitute:ProceedsFromSaleOfPropertyPlantAndEquipment>
  <cfainstitute:ProceedsFromSaleOfPropertyPlantAndEquipment contextRef="TwelveMonthsEnded_31Aug2011" unitRef="USD" decimals="-3">0</cfainstitute:ProceedsFromSaleOfPropertyPlantAndEquipment>
  <cfainstitute:RealizedGainsLossesInterestAndDividends contextRef="TwelveMonthsEnded_31Aug2010" unitRef="USD" decimals="-3">7666000</cfainstitute:RealizedGainsLossesInterestAndDividends>
  <cfainstitute:RealizedGainsLossesInterestAndDividends contextRef="TwelveMonthsEnded_31Aug2011" unitRef="USD" decimals="-3">9195000</cfainstitute:RealizedGainsLossesInterestAndDividends>
  <cfainstitute:Scholarships contextRef="TwelveMonthsEnded_31Aug2010" unitRef="USD" decimals="-3">149000</cfainstitute:Scholarships>
  <cfainstitute:Scholarships contextRef="TwelveMonthsEnded_31Aug2011" unitRef="USD" decimals="-3">123000</cfainstitute:Scholarships>
  <cfainstitute:StandardsAndFinancialMarketIntegrity contextRef="TwelveMonthsEnded_31Aug2010" unitRef="USD" decimals="-3">7007000</cfainstitute:StandardsAndFinancialMarketIntegrity>
  <cfainstitute:StandardsAndFinancialMarketIntegrity contextRef="TwelveMonthsEnded_31Aug2011" unitRef="USD" decimals="-3">8025000</cfainstitute:StandardsAndFinancialMarketIntegrity>
  <cfainstitute:TotalOperatingExpenses contextRef="TwelveMonthsEnded_31Aug2010" unitRef="USD" decimals="-3">187751000</cfainstitute:TotalOperatingExpenses>
  <cfainstitute:TotalOperatingExpenses contextRef="TwelveMonthsEnded_31Aug2011" unitRef="USD" decimals="-3">210911000</cfainstitute:TotalOperatingExpenses>
  <cfainstitute:TotalOperatingRevenues contextRef="TwelveMonthsEnded_31Aug2010" unitRef="USD" decimals="-3">193101000</cfainstitute:TotalOperatingRevenues>
  <cfainstitute:TotalOperatingRevenues contextRef="TwelveMonthsEnded_31Aug2011" unitRef="USD" decimals="-3">211455000</cfainstitute:TotalOperatingRevenues>
  <cfainstitute:TotalUnrestrictedNetAssets contextRef="TwelveMonthsEnded_31Aug20102" unitRef="USD" decimals="-3">131758000</cfainstitute:TotalUnrestrictedNetAssets>
  <cfainstitute:TotalUnrestrictedNetAssets contextRef="TwelveMonthsEnded_31Aug20112" unitRef="USD" decimals="-3">152346000</cfainstitute:TotalUnrestrictedNetAssets>
  <cfainstitute:UnrealizedGainsLossesOnInvestments contextRef="TwelveMonthsEnded_31Aug2010" unitRef="USD" decimals="-3">5255000</cfainstitute:UnrealizedGainsLossesOnInvestments>
  <cfainstitute:UnrealizedGainsLossesOnInvestments contextRef="TwelveMonthsEnded_31Aug2011" unitRef="USD" decimals="-3">10849000</cfainstitute:UnrealizedGainsLossesOnInvestments>
  <cfainstitute:UnrestrictedNetAssetsDesignated contextRef="TwelveMonthsEnded_31Aug20102" unitRef="USD" decimals="-3">1813000</cfainstitute:UnrestrictedNetAssetsDesignated>
  <cfainstitute:UnrestrictedNetAssetsDesignated contextRef="TwelveMonthsEnded_31Aug20112" unitRef="USD" decimals="-3">1725000</cfainstitute:UnrestrictedNetAssetsDesignated>
  <cfainstitute:UnrestrictedNetAssetsUndesignated contextRef="TwelveMonthsEnded_31Aug20102" unitRef="USD" decimals="-3">129945000</cfainstitute:UnrestrictedNetAssetsUndesignated>
  <cfainstitute:UnrestrictedNetAssetsUndesignated contextRef="TwelveMonthsEnded_31Aug20112" unitRef="USD" decimals="-3">150621000</cfainstitute:UnrestrictedNetAssetsUndesignated>
  <us-gaap:AccountsAndOtherReceivablesNetCurrent contextRef="TwelveMonthsEnded_31Aug20102" unitRef="USD" decimals="-3">583000</us-gaap:AccountsAndOtherReceivablesNetCurrent>
  <us-gaap:AccountsAndOtherReceivablesNetCurrent contextRef="TwelveMonthsEnded_31Aug20112" unitRef="USD" decimals="-3">1021000</us-gaap:AccountsAndOtherReceivablesNetCurrent>
  <us-gaap:AccountsPayableCurrent contextRef="TwelveMonthsEnded_31Aug20102" unitRef="USD" decimals="-3">21951000</us-gaap:AccountsPayableCurrent>
  <us-gaap:AccountsPayableCurrent contextRef="TwelveMonthsEnded_31Aug20112" unitRef="USD" decimals="-3">29152000</us-gaap:AccountsPayableCurrent>
  <us-gaap:Assets contextRef="TwelveMonthsEnded_31Aug20102" unitRef="USD" decimals="-3">266362000</us-gaap:Assets>
  <us-gaap:Assets contextRef="TwelveMonthsEnded_31Aug20112" unitRef="USD" decimals="-3">302004000</us-gaap:Assets>
  <us-gaap:AssetsCurrent contextRef="TwelveMonthsEnded_31Aug20102" unitRef="USD" decimals="-3">50171000</us-gaap:AssetsCurrent>
  <us-gaap:AssetsCurrent contextRef="TwelveMonthsEnded_31Aug20112" unitRef="USD" decimals="-3">59071000</us-gaap:AssetsCurrent>
  <us-gaap:AssetsNoncurrent contextRef="TwelveMonthsEnded_31Aug20102" unitRef="USD" decimals="-3">216191000</us-gaap:AssetsNoncurrent>
  <us-gaap:AssetsNoncurrent contextRef="TwelveMonthsEnded_31Aug20112" unitRef="USD" decimals="-3">242933000</us-gaap:AssetsNoncurrent>
  <us-gaap:CashAndCashEquivalentsAtCarryingValue contextRef="TwelveMonthsEnded_31Aug20102" unitRef="USD" decimals="-3">35698000</us-gaap:CashAndCashEquivalentsAtCarryingValue>
  <us-gaap:CashAndCashEquivalentsAtCarryingValue contextRef="TwelveMonthsEnded_31Aug20112" unitRef="USD" decimals="-3">13630000</us-gaap:CashAndCashEquivalentsAtCarryingValue>
  <us-gaap:DeferredRevenueCurrent contextRef="TwelveMonthsEnded_31Aug20102" unitRef="USD" decimals="-3">82167000</us-gaap:DeferredRevenueCurrent>
  <us-gaap:DeferredRevenueCurrent contextRef="TwelveMonthsEnded_31Aug20112" unitRef="USD" decimals="-3">87319000</us-gaap:DeferredRevenueCurrent>
  <us-gaap:DeferredRevenueNoncurrent contextRef="TwelveMonthsEnded_31Aug20102" unitRef="USD" decimals="-3">29004000</us-gaap:DeferredRevenueNoncurrent>
  <us-gaap:DeferredRevenueNoncurrent contextRef="TwelveMonthsEnded_31Aug20112" unitRef="USD" decimals="-3">31124000</us-gaap:DeferredRevenueNoncurrent>
  <us-gaap:IntangibleAssetsNetExcludingGoodwill contextRef="TwelveMonthsEnded_31Aug20102" unitRef="USD" decimals="-3">9942000</us-gaap:IntangibleAssetsNetExcludingGoodwill>
  <us-gaap:IntangibleAssetsNetExcludingGoodwill contextRef="TwelveMonthsEnded_31Aug20112" unitRef="USD" decimals="-3">6720000</us-gaap:IntangibleAssetsNetExcludingGoodwill>
  <us-gaap:InventoryNet contextRef="TwelveMonthsEnded_31Aug20102" unitRef="USD" decimals="-3">6215000</us-gaap:InventoryNet>
  <us-gaap:InventoryNet contextRef="TwelveMonthsEnded_31Aug20112" unitRef="USD" decimals="-3">10517000</us-gaap:InventoryNet>
  <us-gaap:Liabilities contextRef="TwelveMonthsEnded_31Aug20102" unitRef="USD" decimals="-3">134604000</us-gaap:Liabilities>
  <us-gaap:Liabilities contextRef="TwelveMonthsEnded_31Aug20112" unitRef="USD" decimals="-3">149658000</us-gaap:Liabilities>
  <us-gaap:LiabilitiesCurrent contextRef="TwelveMonthsEnded_31Aug20102" unitRef="USD" decimals="-3">104118000</us-gaap:LiabilitiesCurrent>
  <us-gaap:LiabilitiesCurrent contextRef="TwelveMonthsEnded_31Aug20112" unitRef="USD" decimals="-3">116471000</us-gaap:LiabilitiesCurrent>
  <us-gaap:LiabilitiesNoncurrent contextRef="TwelveMonthsEnded_31Aug20102" unitRef="USD" decimals="-3">30486000</us-gaap:LiabilitiesNoncurrent>
  <us-gaap:LiabilitiesNoncurrent contextRef="TwelveMonthsEnded_31Aug20112" unitRef="USD" decimals="-3">33187000</us-gaap:LiabilitiesNoncurrent>
  <us-gaap:NetCashProvidedByUsedInOperatingActivities contextRef="TwelveMonthsEnded_31Aug2010" unitRef="USD" decimals="-3">4602000</us-gaap:NetCashProvidedByUsedInOperatingActivities>
  <us-gaap:NetCashProvidedByUsedInOperatingActivities contextRef="TwelveMonthsEnded_31Aug2011" unitRef="USD" decimals="-3">-22068000</us-gaap:NetCashProvidedByUsedInOperatingActivities>
  <us-gaap:NetCashProvidedByUsedInOperatingActivitiesContinuingOperations contextRef="TwelveMonthsEnded_31Aug2010" unitRef="USD" decimals="-3">25512000</us-gaap:NetCashProvidedByUsedInOperatingActivitiesContinuingOperations>
  <us-gaap:NetCashProvidedByUsedInOperatingActivitiesContinuingOperations contextRef="TwelveMonthsEnded_31Aug2011" unitRef="USD" decimals="-3">23146000</us-gaap:NetCashProvidedByUsedInOperatingActivitiesContinuingOperations>
  <us-gaap:OtherAssetsCurrent contextRef="TwelveMonthsEnded_31Aug20102" unitRef="USD" decimals="-3">1044000</us-gaap:OtherAssetsCurrent>
  <us-gaap:OtherAssetsCurrent contextRef="TwelveMonthsEnded_31Aug20112" unitRef="USD" decimals="-3">812000</us-gaap:OtherAssetsCurrent>
  <us-gaap:OtherAssetsNoncurrent contextRef="TwelveMonthsEnded_31Aug20102" unitRef="USD" decimals="-3">717000</us-gaap:OtherAssetsNoncurrent>
  <us-gaap:OtherAssetsNoncurrent contextRef="TwelveMonthsEnded_31Aug20112" unitRef="USD" decimals="-3">941000</us-gaap:OtherAssetsNoncurrent>
  <us-gaap:OtherLiabilitiesNoncurrent contextRef="TwelveMonthsEnded_31Aug20102" unitRef="USD" decimals="-3">1482000</us-gaap:OtherLiabilitiesNoncurrent>
  <us-gaap:OtherLiabilitiesNoncurrent contextRef="TwelveMonthsEnded_31Aug20112" unitRef="USD" decimals="-3">2063000</us-gaap:OtherLiabilitiesNoncurrent>
  <us-gaap:OtherLongTermInvestments contextRef="TwelveMonthsEnded_31Aug20102" unitRef="USD" decimals="-3">198238000</us-gaap:OtherLongTermInvestments>
  <us-gaap:OtherLongTermInvestments contextRef="TwelveMonthsEnded_31Aug20112" unitRef="USD" decimals="-3">226298000</us-gaap:OtherLongTermInvestments>
  <us-gaap:OtherPrepaidExpenseCurrent contextRef="TwelveMonthsEnded_31Aug20102" unitRef="USD" decimals="-3">6631000</us-gaap:OtherPrepaidExpenseCurrent>
  <us-gaap:OtherPrepaidExpenseCurrent contextRef="TwelveMonthsEnded_31Aug20112" unitRef="USD" decimals="-3">7196000</us-gaap:OtherPrepaidExpenseCurrent>
  <us-gaap:PaymentsForOperatingActivities contextRef="TwelveMonthsEnded_31Aug2010" unitRef="USD" decimals="-3">189486000</us-gaap:PaymentsForOperatingActivities>
  <us-gaap:PaymentsForOperatingActivities contextRef="TwelveMonthsEnded_31Aug2011" unitRef="USD" decimals="-3">213046000</us-gaap:PaymentsForOperatingActivities>
  <us-gaap:ProceedsFromInterestAndDividendsReceived contextRef="TwelveMonthsEnded_31Aug2010" unitRef="USD" decimals="-3">5348000</us-gaap:ProceedsFromInterestAndDividendsReceived>
  <us-gaap:ProceedsFromInterestAndDividendsReceived contextRef="TwelveMonthsEnded_31Aug2011" unitRef="USD" decimals="-3">6460000</us-gaap:ProceedsFromInterestAndDividendsReceived>
  <us-gaap:ProceedsFromOperatingActivities contextRef="TwelveMonthsEnded_31Aug2010" unitRef="USD" decimals="-3">214998000</us-gaap:ProceedsFromOperatingActivities>
  <us-gaap:ProceedsFromOperatingActivities contextRef="TwelveMonthsEnded_31Aug2011" unitRef="USD" decimals="-3">236192000</us-gaap:ProceedsFromOperatingActivities>
  <us-gaap:PropertyPlantAndEquipmentNet contextRef="TwelveMonthsEnded_31Aug20102" unitRef="USD" decimals="-3">6800000</us-gaap:PropertyPlantAndEquipmentNet>
  <us-gaap:PropertyPlantAndEquipmentNet contextRef="TwelveMonthsEnded_31Aug20112" unitRef="USD" decimals="-3">8231000</us-gaap:PropertyPlantAndEquipmentNet>
  <us-gaap:RestrictedCashAndCashEquivalentsNoncurrent contextRef="TwelveMonthsEnded_31Aug20102" unitRef="USD" decimals="-3">494000</us-gaap:RestrictedCashAndCashEquivalentsNoncurrent>
  <us-gaap:RestrictedCashAndCashEquivalentsNoncurrent contextRef="TwelveMonthsEnded_31Aug20112" unitRef="USD" decimals="-3">743000</us-gaap:RestrictedCashAndCashEquivalentsNoncurrent>
  <us-gaap:ShortTermInvestments contextRef="TwelveMonthsEnded_31Aug20102" unitRef="USD" decimals="-3">0</us-gaap:ShortTermInvestments>
  <us-gaap:ShortTermInvestments contextRef="TwelveMonthsEnded_31Aug20112" unitRef="USD" decimals="-3">25895000</us-gaap:ShortTermInvestments>
  <us-gaap:StockholdersEquityIncludingPortionAttributableToNoncontrollingInterest contextRef="TwelveMonthsEnded_31Aug20102" unitRef="USD" decimals="-3">266362000</us-gaap:StockholdersEquityIncludingPortionAttributableToNoncontrollingInterest>
  <us-gaap:StockholdersEquityIncludingPortionAttributableToNoncontrollingInterest contextRef="TwelveMonthsEnded_31Aug20112" unitRef="USD" decimals="-3">302004000</us-gaap:StockholdersEquityIncludingPortionAttributableToNoncontrollingInterest>
  <!--Footnote Section-->
</xbrl>