<?xml version="1.0" encoding="us-ascii"?>
<!--XBRL document created with Dragon Tag (R) XBRL Enabler by Rivet Software version 3.1.0.74-->
<!--Based on XBRL 2.1-->
<!--Created on: 11/28/2011 4:14:29 PM-->
<!--Modified on: 11/28/2011 4:14:29 PM-->
<linkbase xmlns="http://www.xbrl.org/2003/linkbase" xmlns:xsi="http://www.w3.org/2001/XMLSchema-instance" xmlns:xlink="http://www.w3.org/1999/xlink" xsi:schemaLocation="http://www.xbrl.org/2003/linkbase http://www.xbrl.org/2003/xbrl-linkbase-2003-12-31.xsd">
  <labelLink xlink:type="extended" xlink:role="http://www.xbrl.org/2003/role/link">
    <loc xlink:type="locator" xlink:href="http://taxonomies.xbrl.us/us-gaap/2009/elts/us-gaap-2009-01-31.xsd#us-gaap_LiabilitiesAndStockholdersEquityAbstract" xlink:label="us-gaap_LiabilitiesAndStockholdersEquityAbstract" />
    <labelArc xlink:type="arc" xlink:arcrole="http://www.xbrl.org/2003/arcrole/concept-label" xlink:from="us-gaap_LiabilitiesAndStockholdersEquityAbstract" xlink:to="us-gaap_LiabilitiesAndStockholdersEquityAbstract_lbl" />
    <label xlink:type="resource" xlink:role="http://www.xbrl.org/2003/role/label" xlink:label="us-gaap_LiabilitiesAndStockholdersEquityAbstract_lbl" xml:lang="en-US">Liabilities and Net Assets [Abstract]</label>
    <loc xlink:type="locator" xlink:href="http://taxonomies.xbrl.us/us-gaap/2009/elts/us-gaap-2009-01-31.xsd#us-gaap_StockholdersEquityIncludingPortionAttributableToNoncontrollingInterestAbstract" xlink:label="us-gaap_StockholdersEquityIncludingPortionAttributableToNoncontrollingInterestAbstract" />
    <labelArc xlink:type="arc" xlink:arcrole="http://www.xbrl.org/2003/arcrole/concept-label" xlink:from="us-gaap_StockholdersEquityIncludingPortionAttributableToNoncontrollingInterestAbstract" xlink:to="us-gaap_StockholdersEquityIncludingPortionAttributableToNoncontrollingInterestAbstract_lbl" />
    <label xlink:type="resource" xlink:role="http://www.xbrl.org/2003/role/label" xlink:label="us-gaap_StockholdersEquityIncludingPortionAttributableToNoncontrollingInterestAbstract_lbl" xml:lang="en-US">Net Assets [Abstract]</label>
    <loc xlink:type="locator" xlink:href="http://taxonomies.xbrl.us/us-gaap/2009/elts/us-gaap-2009-01-31.xsd#us-gaap_StockholdersEquityAbstract" xlink:label="us-gaap_StockholdersEquityAbstract" />
    <labelArc xlink:type="arc" xlink:arcrole="http://www.xbrl.org/2003/arcrole/concept-label" xlink:from="us-gaap_StockholdersEquityAbstract" xlink:to="us-gaap_StockholdersEquityAbstract_lbl" />
    <label xlink:type="resource" xlink:role="http://www.xbrl.org/2003/role/label" xlink:label="us-gaap_StockholdersEquityAbstract_lbl" xml:lang="en-US">Net Assets  Attributable to Controlling Interest [Abstract]</label>
    <loc xlink:type="locator" xlink:href="http://taxonomies.xbrl.us/us-gaap/2009/elts/us-gaap-2009-01-31.xsd#us-gaap_MinorityInterest" xlink:label="us-gaap_MinorityInterest" />
    <labelArc xlink:type="arc" xlink:arcrole="http://www.xbrl.org/2003/arcrole/concept-label" xlink:from="us-gaap_MinorityInterest" xlink:to="us-gaap_MinorityInterest_lbl" />
    <label xlink:type="resource" xlink:role="http://www.xbrl.org/2003/role/label" xlink:label="us-gaap_MinorityInterest_lbl" xml:lang="en-US">Net Assets Attributable to Noncontrolling Interest</label>
    <loc xlink:type="locator" xlink:href="http://taxonomies.xbrl.us/us-gaap/2009/elts/us-gaap-2009-01-31.xsd#us-gaap_StockholdersEquityIncludingPortionAttributableToNoncontrollingInterest" xlink:label="us-gaap_StockholdersEquityIncludingPortionAttributableToNoncontrollingInterest" />
    <labelArc xlink:type="arc" xlink:arcrole="http://www.xbrl.org/2003/arcrole/concept-label" xlink:from="us-gaap_StockholdersEquityIncludingPortionAttributableToNoncontrollingInterest" xlink:to="us-gaap_StockholdersEquityIncludingPortionAttributableToNoncontrollingInterest_lbl" />
    <label xlink:type="resource" xlink:role="http://www.xbrl.org/2003/role/totalLabel" xlink:label="us-gaap_StockholdersEquityIncludingPortionAttributableToNoncontrollingInterest_lbl" xml:lang="en-US">Net Assets, Total</label>
    <loc xlink:type="locator" xlink:href="http://taxonomies.xbrl.us/us-gaap/2009/elts/us-gaap-2009-01-31.xsd#us-gaap_StockholdersEquityNumberOfSharesParValueAndOtherDisclosuresAbstract" xlink:label="us-gaap_StockholdersEquityNumberOfSharesParValueAndOtherDisclosuresAbstract" />
    <labelArc xlink:type="arc" xlink:arcrole="http://www.xbrl.org/2003/arcrole/concept-label" xlink:from="us-gaap_StockholdersEquityNumberOfSharesParValueAndOtherDisclosuresAbstract" xlink:to="us-gaap_StockholdersEquityNumberOfSharesParValueAndOtherDisclosuresAbstract_lbl" />
    <label xlink:type="resource" xlink:role="http://www.xbrl.org/2003/role/label" xlink:label="us-gaap_StockholdersEquityNumberOfSharesParValueAndOtherDisclosuresAbstract_lbl" xml:lang="en-US">Net Assets, Number of Shares, Par Value and Other Disclosures [Abstract]</label>
    <loc xlink:type="locator" xlink:href="http://taxonomies.xbrl.us/us-gaap/2009/elts/us-gaap-2009-01-31.xsd#us-gaap_LiabilitiesAndStockholdersEquity" xlink:label="us-gaap_LiabilitiesAndStockholdersEquity" />
    <labelArc xlink:type="arc" xlink:arcrole="http://www.xbrl.org/2003/arcrole/concept-label" xlink:from="us-gaap_LiabilitiesAndStockholdersEquity" xlink:to="us-gaap_LiabilitiesAndStockholdersEquity_lbl" />
    <label xlink:type="resource" xlink:role="http://www.xbrl.org/2003/role/totalLabel" xlink:label="us-gaap_LiabilitiesAndStockholdersEquity_lbl" xml:lang="en-US">Liabilities and Net Assets, Total</label>
    <loc xlink:type="locator" xlink:href="http://taxonomies.xbrl.us/us-gaap/2009/elts/us-gaap-2009-01-31.xsd#us-gaap_IncomeStatementAbstract" xlink:label="us-gaap_IncomeStatementAbstract" />
    <labelArc xlink:type="arc" xlink:arcrole="http://www.xbrl.org/2003/arcrole/concept-label" xlink:from="us-gaap_IncomeStatementAbstract" xlink:to="us-gaap_IncomeStatementAbstract_lbl" />
    <label xlink:type="resource" xlink:role="http://www.xbrl.org/2003/role/label" xlink:label="us-gaap_IncomeStatementAbstract_lbl" xml:lang="en-US">Statement of Activities [Abstract]</label>
    <loc xlink:type="locator" xlink:href="http://taxonomies.xbrl.us/us-gaap/2009/elts/us-gaap-2009-01-31.xsd#us-gaap_NetIncomeLossAvailableToCommonStockholdersBasicAbstract" xlink:label="us-gaap_NetIncomeLossAvailableToCommonStockholdersBasicAbstract" />
    <labelArc xlink:type="arc" xlink:arcrole="http://www.xbrl.org/2003/arcrole/concept-label" xlink:from="us-gaap_NetIncomeLossAvailableToCommonStockholdersBasicAbstract" xlink:to="us-gaap_NetIncomeLossAvailableToCommonStockholdersBasicAbstract_lbl" />
    <label xlink:type="resource" xlink:role="http://www.xbrl.org/2003/role/label" xlink:label="us-gaap_NetIncomeLossAvailableToCommonStockholdersBasicAbstract_lbl" xml:lang="en-US">Change in Net Assets [Abstract]</label>
    <loc xlink:type="locator" xlink:href="http://taxonomies.xbrl.us/us-gaap/2009/elts/us-gaap-2009-01-31.xsd#us-gaap_NetIncomeLossAbstract" xlink:label="us-gaap_NetIncomeLossAbstract" />
    <labelArc xlink:type="arc" xlink:arcrole="http://www.xbrl.org/2003/arcrole/concept-label" xlink:from="us-gaap_NetIncomeLossAbstract" xlink:to="us-gaap_NetIncomeLossAbstract_lbl" />
    <label xlink:type="resource" xlink:role="http://www.xbrl.org/2003/role/label" xlink:label="us-gaap_NetIncomeLossAbstract_lbl" xml:lang="en-US">Change in Net Assets Attributable to Parent [Abstract]</label>
    <loc xlink:type="locator" xlink:href="http://taxonomies.xbrl.us/us-gaap/2009/elts/us-gaap-2009-01-31.xsd#us-gaap_CashAndCashEquivalentsAtCarryingValue" xlink:label="us-gaap_CashAndCashEquivalentsAtCarryingValue" />
    <labelArc xlink:type="arc" xlink:arcrole="http://www.xbrl.org/2003/arcrole/concept-label" xlink:from="us-gaap_CashAndCashEquivalentsAtCarryingValue" xlink:to="us-gaap_CashAndCashEquivalentsAtCarryingValue_lbl" />
    <label xlink:type="resource" xlink:role="http://www.xbrl.org/2003/role/label" xlink:label="us-gaap_CashAndCashEquivalentsAtCarryingValue_lbl" xml:lang="en-US">Cash and Cash Equivalents, at Carrying Value</label>
    <loc xlink:type="locator" xlink:href="http://taxonomies.xbrl.us/us-gaap/2009/elts/us-gaap-2009-01-31.xsd#us-gaap_ReceivablesNetCurrent" xlink:label="us-gaap_ReceivablesNetCurrent" />
    <labelArc xlink:type="arc" xlink:arcrole="http://www.xbrl.org/2003/arcrole/concept-label" xlink:from="us-gaap_ReceivablesNetCurrent" xlink:to="us-gaap_ReceivablesNetCurrent_lbl" />
    <label xlink:type="resource" xlink:role="http://www.xbrl.org/2003/role/label" xlink:label="us-gaap_ReceivablesNetCurrent_lbl" xml:lang="en-US">Receivables, Net, Current</label>
    <loc xlink:type="locator" xlink:href="http://taxonomies.xbrl.us/us-gaap/2009/elts/us-gaap-2009-01-31.xsd#us-gaap_InventoryNet" xlink:label="us-gaap_InventoryNet" />
    <labelArc xlink:type="arc" xlink:arcrole="http://www.xbrl.org/2003/arcrole/concept-label" xlink:from="us-gaap_InventoryNet" xlink:to="us-gaap_InventoryNet_lbl" />
    <label xlink:type="resource" xlink:role="http://www.xbrl.org/2003/role/label" xlink:label="us-gaap_InventoryNet_lbl" xml:lang="en-US">Inventory, Net</label>
    <loc xlink:type="locator" xlink:href="http://taxonomies.xbrl.us/us-gaap/2009/elts/us-gaap-2009-01-31.xsd#us-gaap_PrepaidExpenseCurrent" xlink:label="us-gaap_PrepaidExpenseCurrent" />
    <labelArc xlink:type="arc" xlink:arcrole="http://www.xbrl.org/2003/arcrole/concept-label" xlink:from="us-gaap_PrepaidExpenseCurrent" xlink:to="us-gaap_PrepaidExpenseCurrent_lbl" />
    <label xlink:type="resource" xlink:role="http://www.xbrl.org/2003/role/label" xlink:label="us-gaap_PrepaidExpenseCurrent_lbl" xml:lang="en-US">Prepaid Expense, Current</label>
    <loc xlink:type="locator" xlink:href="http://taxonomies.xbrl.us/us-gaap/2009/elts/us-gaap-2009-01-31.xsd#us-gaap_DeferredCostsCurrent" xlink:label="us-gaap_DeferredCostsCurrent" />
    <labelArc xlink:type="arc" xlink:arcrole="http://www.xbrl.org/2003/arcrole/concept-label" xlink:from="us-gaap_DeferredCostsCurrent" xlink:to="us-gaap_DeferredCostsCurrent_lbl" />
    <label xlink:type="resource" xlink:role="http://www.xbrl.org/2003/role/label" xlink:label="us-gaap_DeferredCostsCurrent_lbl" xml:lang="en-US">Deferred Costs, Current</label>
    <loc xlink:type="locator" xlink:href="http://taxonomies.xbrl.us/us-gaap/2009/elts/us-gaap-2009-01-31.xsd#us-gaap_AccountsReceivableNetCurrent" xlink:label="us-gaap_AccountsReceivableNetCurrent" />
    <labelArc xlink:type="arc" xlink:arcrole="http://www.xbrl.org/2003/arcrole/concept-label" xlink:from="us-gaap_AccountsReceivableNetCurrent" xlink:to="us-gaap_AccountsReceivableNetCurrent_lbl" />
    <label xlink:type="resource" xlink:role="http://www.xbrl.org/2003/role/label" xlink:label="us-gaap_AccountsReceivableNetCurrent_lbl" xml:lang="en-US">Accounts Receivable, Net, Current</label>
    <loc xlink:type="locator" xlink:href="http://taxonomies.xbrl.us/us-gaap/2009/elts/us-gaap-2009-01-31.xsd#us-gaap_OtherAssetsCurrent" xlink:label="us-gaap_OtherAssetsCurrent" />
    <labelArc xlink:type="arc" xlink:arcrole="http://www.xbrl.org/2003/arcrole/concept-label" xlink:from="us-gaap_OtherAssetsCurrent" xlink:to="us-gaap_OtherAssetsCurrent_lbl" />
    <label xlink:type="resource" xlink:role="http://www.xbrl.org/2003/role/totalLabel" xlink:label="us-gaap_OtherAssetsCurrent_lbl" xml:lang="en-US">Other Assets, Current</label>
    <loc xlink:type="locator" xlink:href="http://taxonomies.xbrl.us/us-gaap/2009/elts/us-gaap-2009-01-31.xsd#us-gaap_PropertyPlantAndEquipmentGross" xlink:label="us-gaap_PropertyPlantAndEquipmentGross" />
    <labelArc xlink:type="arc" xlink:arcrole="http://www.xbrl.org/2003/arcrole/concept-label" xlink:from="us-gaap_PropertyPlantAndEquipmentGross" xlink:to="us-gaap_PropertyPlantAndEquipmentGross_lbl" />
    <label xlink:type="resource" xlink:role="http://www.xbrl.org/2003/role/label" xlink:label="us-gaap_PropertyPlantAndEquipmentGross_lbl" xml:lang="en-US">Property, Plant and Equipment, Gross</label>
    <loc xlink:type="locator" xlink:href="http://taxonomies.xbrl.us/us-gaap/2009/elts/us-gaap-2009-01-31.xsd#us-gaap_AccumulatedDepreciationDepletionAndAmortizationPropertyPlantAndEquipment" xlink:label="us-gaap_AccumulatedDepreciationDepletionAndAmortizationPropertyPlantAndEquipment" />
    <labelArc xlink:type="arc" xlink:arcrole="http://www.xbrl.org/2003/arcrole/concept-label" xlink:from="us-gaap_AccumulatedDepreciationDepletionAndAmortizationPropertyPlantAndEquipment" xlink:to="us-gaap_AccumulatedDepreciationDepletionAndAmortizationPropertyPlantAndEquipment_lbl" />
    <label xlink:type="resource" xlink:role="http://www.xbrl.org/2003/role/totalLabel" xlink:label="us-gaap_AccumulatedDepreciationDepletionAndAmortizationPropertyPlantAndEquipment_lbl" xml:lang="en-US">Accumulated Depreciation, Depletion and Amortization, Property, Plant, and Equipment, Total</label>
    <loc xlink:type="locator" xlink:href="http://taxonomies.xbrl.us/us-gaap/2009/elts/us-gaap-2009-01-31.xsd#us-gaap_LongTermInvestments" xlink:label="us-gaap_LongTermInvestments" />
    <labelArc xlink:type="arc" xlink:arcrole="http://www.xbrl.org/2003/arcrole/concept-label" xlink:from="us-gaap_LongTermInvestments" xlink:to="us-gaap_LongTermInvestments_lbl" />
    <label xlink:type="resource" xlink:role="http://www.xbrl.org/2003/role/label" xlink:label="us-gaap_LongTermInvestments_lbl" xml:lang="en-US">Long-term Investments</label>
    <loc xlink:type="locator" xlink:href="http://taxonomies.xbrl.us/us-gaap/2009/elts/us-gaap-2009-01-31.xsd#us-gaap_IntangibleAssetsNetExcludingGoodwill" xlink:label="us-gaap_IntangibleAssetsNetExcludingGoodwill" />
    <labelArc xlink:type="arc" xlink:arcrole="http://www.xbrl.org/2003/arcrole/concept-label" xlink:from="us-gaap_IntangibleAssetsNetExcludingGoodwill" xlink:to="us-gaap_IntangibleAssetsNetExcludingGoodwill_lbl" />
    <label xlink:type="resource" xlink:role="http://www.xbrl.org/2003/role/label" xlink:label="us-gaap_IntangibleAssetsNetExcludingGoodwill_lbl" xml:lang="en-US">Intangible Assets, Net (Excluding Goodwill)</label>
    <loc xlink:type="locator" xlink:href="http://taxonomies.xbrl.us/us-gaap/2009/elts/us-gaap-2009-01-31.xsd#us-gaap_OtherAssetsNoncurrent" xlink:label="us-gaap_OtherAssetsNoncurrent" />
    <labelArc xlink:type="arc" xlink:arcrole="http://www.xbrl.org/2003/arcrole/concept-label" xlink:from="us-gaap_OtherAssetsNoncurrent" xlink:to="us-gaap_OtherAssetsNoncurrent_lbl" />
    <label xlink:type="resource" xlink:role="http://www.xbrl.org/2003/role/totalLabel" xlink:label="us-gaap_OtherAssetsNoncurrent_lbl" xml:lang="en-US">Other Assets, Noncurrent, Total</label>
    <loc xlink:type="locator" xlink:href="http://taxonomies.xbrl.us/us-gaap/2009/elts/us-gaap-2009-01-31.xsd#us-gaap_DeferredRevenueNoncurrent" xlink:label="us-gaap_DeferredRevenueNoncurrent" />
    <labelArc xlink:type="arc" xlink:arcrole="http://www.xbrl.org/2003/arcrole/concept-label" xlink:from="us-gaap_DeferredRevenueNoncurrent" xlink:to="us-gaap_DeferredRevenueNoncurrent_lbl" />
    <label xlink:type="resource" xlink:role="http://www.xbrl.org/2003/role/totalLabel" xlink:label="us-gaap_DeferredRevenueNoncurrent_lbl" xml:lang="en-US">Deferred Revenue, Noncurrent, Total</label>
    <loc xlink:type="locator" xlink:href="http://taxonomies.xbrl.us/us-gaap/2009/elts/us-gaap-2009-01-31.xsd#us-gaap_DeferredRevenueCurrent" xlink:label="us-gaap_DeferredRevenueCurrent" />
    <labelArc xlink:type="arc" xlink:arcrole="http://www.xbrl.org/2003/arcrole/concept-label" xlink:from="us-gaap_DeferredRevenueCurrent" xlink:to="us-gaap_DeferredRevenueCurrent_lbl" />
    <label xlink:type="resource" xlink:role="http://www.xbrl.org/2003/role/totalLabel" xlink:label="us-gaap_DeferredRevenueCurrent_lbl" xml:lang="en-US">Deferred Revenue, Current, Total</label>
    <loc xlink:type="locator" xlink:href="http://taxonomies.xbrl.us/us-gaap/2009/elts/us-gaap-2009-01-31.xsd#us-gaap_ProceedsFromOtherOperatingActivities" xlink:label="us-gaap_ProceedsFromOtherOperatingActivities" />
    <labelArc xlink:type="arc" xlink:arcrole="http://www.xbrl.org/2003/arcrole/concept-label" xlink:from="us-gaap_ProceedsFromOtherOperatingActivities" xlink:to="us-gaap_ProceedsFromOtherOperatingActivities_lbl" />
    <label xlink:type="resource" xlink:role="http://www.xbrl.org/2003/role/totalLabel" xlink:label="us-gaap_ProceedsFromOtherOperatingActivities_lbl" xml:lang="en-US">Proceeds from Other Operating Activities</label>
    <loc xlink:type="locator" xlink:href="http://taxonomies.xbrl.us/us-gaap/2009/elts/us-gaap-2009-01-31.xsd#us-gaap_PaymentsForOtherOperatingActivities" xlink:label="us-gaap_PaymentsForOtherOperatingActivities" />
    <labelArc xlink:type="arc" xlink:arcrole="http://www.xbrl.org/2003/arcrole/concept-label" xlink:from="us-gaap_PaymentsForOtherOperatingActivities" xlink:to="us-gaap_PaymentsForOtherOperatingActivities_lbl" />
    <label xlink:type="resource" xlink:role="http://www.xbrl.org/2003/role/totalLabel" xlink:label="us-gaap_PaymentsForOtherOperatingActivities_lbl" xml:lang="en-US">Payments for Other Operating Activities</label>
    <loc xlink:type="locator" xlink:href="http://taxonomies.xbrl.us/us-gaap/2009/elts/us-gaap-2009-01-31.xsd#us-gaap_ProceedsFromInterestAndDividendsReceived" xlink:label="us-gaap_ProceedsFromInterestAndDividendsReceived" />
    <labelArc xlink:type="arc" xlink:arcrole="http://www.xbrl.org/2003/arcrole/concept-label" xlink:from="us-gaap_ProceedsFromInterestAndDividendsReceived" xlink:to="us-gaap_ProceedsFromInterestAndDividendsReceived_lbl" />
    <label xlink:type="resource" xlink:role="http://www.xbrl.org/2003/role/label" xlink:label="us-gaap_ProceedsFromInterestAndDividendsReceived_lbl" xml:lang="en-US">Proceeds from Interest and Dividends Received</label>
    <loc xlink:type="locator" xlink:href="http://taxonomies.xbrl.us/us-gaap/2009/elts/us-gaap-2009-01-31.xsd#us-gaap_PaymentsToAcquirePropertyPlantAndEquipment" xlink:label="us-gaap_PaymentsToAcquirePropertyPlantAndEquipment" />
    <labelArc xlink:type="arc" xlink:arcrole="http://www.xbrl.org/2003/arcrole/concept-label" xlink:from="us-gaap_PaymentsToAcquirePropertyPlantAndEquipment" xlink:to="us-gaap_PaymentsToAcquirePropertyPlantAndEquipment_lbl" />
    <label xlink:type="resource" xlink:role="http://www.xbrl.org/2003/role/label" xlink:label="us-gaap_PaymentsToAcquirePropertyPlantAndEquipment_lbl" xml:lang="en-US">Payments to Acquire Property, Plant, and Equipment</label>
    <loc xlink:type="locator" xlink:href="http://taxonomies.xbrl.us/us-gaap/2009/elts/us-gaap-2009-01-31.xsd#us-gaap_ProceedsFromSaleOfPropertyPlantAndEquipment" xlink:label="us-gaap_ProceedsFromSaleOfPropertyPlantAndEquipment" />
    <labelArc xlink:type="arc" xlink:arcrole="http://www.xbrl.org/2003/arcrole/concept-label" xlink:from="us-gaap_ProceedsFromSaleOfPropertyPlantAndEquipment" xlink:to="us-gaap_ProceedsFromSaleOfPropertyPlantAndEquipment_lbl" />
    <label xlink:type="resource" xlink:role="http://www.xbrl.org/2003/role/label" xlink:label="us-gaap_ProceedsFromSaleOfPropertyPlantAndEquipment_lbl" xml:lang="en-US">Proceeds from Sale of Property, Plant, and Equipment</label>
    <loc xlink:type="locator" xlink:href="http://taxonomies.xbrl.us/us-gaap/2009/elts/us-gaap-2009-01-31.xsd#us-gaap_PaymentsToAcquireInvestments" xlink:label="us-gaap_PaymentsToAcquireInvestments" />
    <labelArc xlink:type="arc" xlink:arcrole="http://www.xbrl.org/2003/arcrole/concept-label" xlink:from="us-gaap_PaymentsToAcquireInvestments" xlink:to="us-gaap_PaymentsToAcquireInvestments_lbl" />
    <label xlink:type="resource" xlink:role="http://www.xbrl.org/2003/role/label" xlink:label="us-gaap_PaymentsToAcquireInvestments_lbl" xml:lang="en-US">Payments to Acquire Investments</label>
    <loc xlink:type="locator" xlink:href="http://taxonomies.xbrl.us/us-gaap/2009/elts/us-gaap-2009-01-31.xsd#us-gaap_ProceedsFromSaleMaturityAndCollectionsOfInvestments" xlink:label="us-gaap_ProceedsFromSaleMaturityAndCollectionsOfInvestments" />
    <labelArc xlink:type="arc" xlink:arcrole="http://www.xbrl.org/2003/arcrole/concept-label" xlink:from="us-gaap_ProceedsFromSaleMaturityAndCollectionsOfInvestments" xlink:to="us-gaap_ProceedsFromSaleMaturityAndCollectionsOfInvestments_lbl" />
    <label xlink:type="resource" xlink:role="http://www.xbrl.org/2003/role/label" xlink:label="us-gaap_ProceedsFromSaleMaturityAndCollectionsOfInvestments_lbl" xml:lang="en-US">Proceeds from Sale, Maturity and Collections of Investments</label>
    <label xlink:type="resource" xlink:role="http://www.xbrl.org/2003/role/totalLabel" xlink:label="us-gaap_ProceedsFromSaleMaturityAndCollectionsOfInvestments_lbl" xml:lang="en-US">Proceeds from Sale, Maturity and Collections of Investments, Total</label>
    <loc xlink:type="locator" xlink:href="http://taxonomies.xbrl.us/us-gaap/2009/elts/us-gaap-2009-01-31.xsd#us-gaap_NetCashProvidedByUsedInInvestingActivitiesContinuingOperations" xlink:label="us-gaap_NetCashProvidedByUsedInInvestingActivitiesContinuingOperations" />
    <labelArc xlink:type="arc" xlink:arcrole="http://www.xbrl.org/2003/arcrole/concept-label" xlink:from="us-gaap_NetCashProvidedByUsedInInvestingActivitiesContinuingOperations" xlink:to="us-gaap_NetCashProvidedByUsedInInvestingActivitiesContinuingOperations_lbl" />
    <label xlink:type="resource" xlink:role="http://www.xbrl.org/2003/role/label" xlink:label="us-gaap_NetCashProvidedByUsedInInvestingActivitiesContinuingOperations_lbl" xml:lang="en-US">Net Cash Provided by (Used in) Investing Activities, Continuing Operations</label>
    <loc xlink:type="locator" xlink:href="http://taxonomies.xbrl.us/us-gaap/2009/elts/us-gaap-2009-01-31.xsd#us-gaap_CashAndCashEquivalentsPeriodIncreaseDecrease" xlink:label="us-gaap_CashAndCashEquivalentsPeriodIncreaseDecrease" />
    <labelArc xlink:type="arc" xlink:arcrole="http://www.xbrl.org/2003/arcrole/concept-label" xlink:from="us-gaap_CashAndCashEquivalentsPeriodIncreaseDecrease" xlink:to="us-gaap_CashAndCashEquivalentsPeriodIncreaseDecrease_lbl" />
    <label xlink:type="resource" xlink:role="http://www.xbrl.org/2003/role/label" xlink:label="us-gaap_CashAndCashEquivalentsPeriodIncreaseDecrease_lbl" xml:lang="en-US">Cash and Cash Equivalents, Period Increase (Decrease)</label>
    <loc xlink:type="locator" xlink:href="http://taxonomies.xbrl.us/us-gaap/2009/elts/us-gaap-2009-01-31.xsd#us-gaap_IncomeLossFromDiscontinuedOperationsNetOfTaxAttributableToReportingEntity" xlink:label="us-gaap_IncomeLossFromDiscontinuedOperationsNetOfTaxAttributableToReportingEntity" />
    <labelArc xlink:type="arc" xlink:arcrole="http://www.xbrl.org/2003/arcrole/concept-label" xlink:from="us-gaap_IncomeLossFromDiscontinuedOperationsNetOfTaxAttributableToReportingEntity" xlink:to="us-gaap_IncomeLossFromDiscontinuedOperationsNetOfTaxAttributableToReportingEntity_lbl" />
    <label xlink:type="resource" xlink:role="http://www.xbrl.org/2003/role/label" xlink:label="us-gaap_IncomeLossFromDiscontinuedOperationsNetOfTaxAttributableToReportingEntity_lbl" xml:lang="en-US">Income (Loss) from Discontinued Operations, Net of Tax, Attributable to Parent</label>
    <loc xlink:type="locator" xlink:href="http://taxonomies.xbrl.us/us-gaap/2009/elts/us-gaap-2009-01-31.xsd#us-gaap_ScheduleOfNewAccountingPronouncementsAndChangesInAccountingPrinciplesTextBlock" xlink:label="us-gaap_ScheduleOfNewAccountingPronouncementsAndChangesInAccountingPrinciplesTextBlock" />
    <labelArc xlink:type="arc" xlink:arcrole="http://www.xbrl.org/2003/arcrole/concept-label" xlink:from="us-gaap_ScheduleOfNewAccountingPronouncementsAndChangesInAccountingPrinciplesTextBlock" xlink:to="us-gaap_ScheduleOfNewAccountingPronouncementsAndChangesInAccountingPrinciplesTextBlock_lbl" />
    <label xlink:type="resource" xlink:role="http://www.xbrl.org/2003/role/label" xlink:label="us-gaap_ScheduleOfNewAccountingPronouncementsAndChangesInAccountingPrinciplesTextBlock_lbl" xml:lang="en-US">Description of New Accounting Pronouncements and Changes in Accounting Principles [Text Block]</label>
    <loc xlink:type="locator" xlink:href="http://taxonomies.xbrl.us/us-gaap/2009/elts/us-gaap-2009-01-31.xsd#us-gaap_StockholdersEquityNoteDisclosureTextBlock" xlink:label="us-gaap_StockholdersEquityNoteDisclosureTextBlock" />
    <labelArc xlink:type="arc" xlink:arcrole="http://www.xbrl.org/2003/arcrole/concept-label" xlink:from="us-gaap_StockholdersEquityNoteDisclosureTextBlock" xlink:to="us-gaap_StockholdersEquityNoteDisclosureTextBlock_lbl" />
    <label xlink:type="resource" xlink:role="http://www.xbrl.org/2003/role/label" xlink:label="us-gaap_StockholdersEquityNoteDisclosureTextBlock_lbl" xml:lang="en-US">Net Assets Note Disclosure [Text Block]</label>
    <loc xlink:type="locator" xlink:href="http://taxonomies.xbrl.us/us-gaap/2009/elts/us-gaap-2009-01-31.xsd#us-gaap_EquityAbstract" xlink:label="us-gaap_EquityAbstract" />
    <labelArc xlink:type="arc" xlink:arcrole="http://www.xbrl.org/2003/arcrole/concept-label" xlink:from="us-gaap_EquityAbstract" xlink:to="us-gaap_EquityAbstract_lbl" />
    <label xlink:type="resource" xlink:role="http://www.xbrl.org/2003/role/label" xlink:label="us-gaap_EquityAbstract_lbl" xml:lang="en-US">Net Assets [Abstract]</label>
    <loc xlink:type="locator" xlink:href="http://taxonomies.xbrl.us/us-gaap/2009/elts/us-gaap-2009-01-31.xsd#us-gaap_OtherLiabilitiesNoncurrent" xlink:label="us-gaap_OtherLiabilitiesNoncurrent" />
    <labelArc xlink:type="arc" xlink:arcrole="http://www.xbrl.org/2003/arcrole/concept-label" xlink:from="us-gaap_OtherLiabilitiesNoncurrent" xlink:to="us-gaap_OtherLiabilitiesNoncurrent_lbl" />
    <label xlink:type="resource" xlink:role="http://www.xbrl.org/2003/role/totalLabel" xlink:label="us-gaap_OtherLiabilitiesNoncurrent_lbl" xml:lang="en-US">Other Liabilities, Noncurrent, Total</label>
    <label xlink:type="resource" xlink:role="http://www.xbrl.org/2003/role/label" xlink:label="us-gaap_DeferredRevenueNoncurrent_lbl" xml:lang="en-US">Deferred Revenue, Noncurrent</label>
    <label xlink:type="resource" xlink:role="http://www.xbrl.org/2003/role/totalLabel" xlink:label="us-gaap_CashAndCashEquivalentsPeriodIncreaseDecrease_lbl" xml:lang="en-US">Cash and Cash Equivalents, Period Increase (Decrease), Total</label>
    <label xlink:type="resource" xlink:role="http://www.xbrl.org/2003/role/totalLabel" xlink:label="us-gaap_NetCashProvidedByUsedInInvestingActivitiesContinuingOperations_lbl" xml:lang="en-US">Net Cash Provided by (Used in) Investing Activities, Continuing Operations, Total</label>
  </labelLink>
</linkbase>