<?xml version="1.0" encoding="us-ascii"?>
<!--XBRL document created with Dragon Tag (R) XBRL Enabler by Rivet Software version 3.1.0.74-->
<!--Based on XBRL 2.1-->
<!--Created on: 11/18/2011 1:07:46 PM-->
<!--Modified on: 11/18/2011 1:07:46 PM-->
<linkbase xmlns="http://www.xbrl.org/2003/linkbase" xmlns:xsi="http://www.w3.org/2001/XMLSchema-instance" xmlns:xlink="http://www.w3.org/1999/xlink" xsi:schemaLocation="http://www.xbrl.org/2003/linkbase http://www.xbrl.org/2003/xbrl-linkbase-2003-12-31.xsd">
  <roleRef xlink:type="simple" xlink:href="http://taxonomies.xbrl.us/us-gaap/2009/elts/us-roles-2009-01-31.xsd#sfp-cls" roleURI="http://xbrl.us/us-gaap/role/statement/StatementOfFinancialPositionClassified" />
  <roleRef xlink:type="simple" xlink:href="CFAInstituteTaxonomy_2010.xsd#StatementStatementOfActivities" roleURI="http://www.cfainstitute.org/role/StatementStatementOfActivities" />
  <roleRef xlink:type="simple" xlink:href="http://taxonomies.xbrl.us/us-gaap/2009/elts/us-roles-2009-01-31.xsd#scf-dir" roleURI="http://xbrl.us/us-gaap/role/statement/StatementOfCashFlowsDirect" />
  <calculationLink xlink:role="http://xbrl.us/us-gaap/role/statement/StatementOfFinancialPositionClassified" xlink:type="extended" xlink:title="104000 - Statement - Statement of Financial Position, Classified">
    <loc xlink:type="locator" xlink:href="http://taxonomies.xbrl.us/us-gaap/2009/elts/us-gaap-2009-01-31.xsd#us-gaap_StockholdersEquity" xlink:label="loc_StockholdersEquity" />
    <loc xlink:type="locator" xlink:href="CFAInstituteTaxonomy_2010.xsd#cfainstitute_UnrestrictedNetAssetsUndesignated" xlink:label="cfainstitute_UnrestrictedNetAssetsUndesignated" />
    <calculationArc xlink:type="arc" xlink:arcrole="http://www.xbrl.org/2003/arcrole/summation-item" xlink:from="loc_StockholdersEquity" xlink:to="cfainstitute_UnrestrictedNetAssetsUndesignated" order="5" use="optional" weight="1" priority="1" />
    <loc xlink:type="locator" xlink:href="CFAInstituteTaxonomy_2010.xsd#cfainstitute_UnrestrictedNetAssetsDesignated" xlink:label="cfainstitute_UnrestrictedNetAssetsDesignated" />
    <calculationArc xlink:type="arc" xlink:arcrole="http://www.xbrl.org/2003/arcrole/summation-item" xlink:from="loc_StockholdersEquity" xlink:to="cfainstitute_UnrestrictedNetAssetsDesignated" order="7.5" use="optional" weight="1" priority="1" />
    <loc xlink:type="locator" xlink:href="http://taxonomies.xbrl.us/us-gaap/2009/elts/us-gaap-2009-01-31.xsd#us-gaap_CashCashEquivalentsAndShortTermInvestments" xlink:label="loc_CashCashEquivalentsAndShortTermInvestments" />
    <loc xlink:type="locator" xlink:href="http://taxonomies.xbrl.us/us-gaap/2009/elts/us-gaap-2009-01-31.xsd#us-gaap_CashAndCashEquivalentsAtCarryingValue" xlink:label="loc_CashAndCashEquivalentsAtCarryingValue" />
    <calculationArc xlink:type="arc" xlink:arcrole="http://www.xbrl.org/2003/arcrole/summation-item" xlink:from="loc_CashCashEquivalentsAndShortTermInvestments" xlink:to="loc_CashAndCashEquivalentsAtCarryingValue" order="10" priority="1" use="prohibited" weight="1.0" />
    <loc xlink:type="locator" xlink:href="http://taxonomies.xbrl.us/us-gaap/2009/elts/us-gaap-2009-01-31.xsd#us-gaap_LongTermInvestmentsAndReceivablesNet" xlink:label="loc_LongTermInvestmentsAndReceivablesNet" />
    <loc xlink:type="locator" xlink:href="http://taxonomies.xbrl.us/us-gaap/2009/elts/us-gaap-2009-01-31.xsd#us-gaap_LongTermInvestments" xlink:label="loc_LongTermInvestments" />
    <calculationArc xlink:type="arc" xlink:arcrole="http://www.xbrl.org/2003/arcrole/summation-item" xlink:from="loc_LongTermInvestmentsAndReceivablesNet" xlink:to="loc_LongTermInvestments" order="10" priority="1" use="prohibited" weight="1.0" />
    <loc xlink:type="locator" xlink:href="http://taxonomies.xbrl.us/us-gaap/2009/elts/us-gaap-2009-01-31.xsd#us-gaap_AssetsNoncurrent" xlink:label="loc_AssetsNoncurrent" />
    <loc xlink:type="locator" xlink:href="http://taxonomies.xbrl.us/us-gaap/2009/elts/us-gaap-2009-01-31.xsd#us-gaap_LongTermInvestments" xlink:label="us-gaap_LongTermInvestments_634253740470309224" />
    <calculationArc xlink:type="arc" xlink:arcrole="http://www.xbrl.org/2003/arcrole/summation-item" xlink:from="loc_AssetsNoncurrent" xlink:to="us-gaap_LongTermInvestments_634253740470309224" order="25" use="optional" weight="1" priority="1" />
    <loc xlink:type="locator" xlink:href="http://taxonomies.xbrl.us/us-gaap/2009/elts/us-gaap-2009-01-31.xsd#us-gaap_AssetsCurrent" xlink:label="loc_AssetsCurrent" />
    <loc xlink:type="locator" xlink:href="http://taxonomies.xbrl.us/us-gaap/2009/elts/us-gaap-2009-01-31.xsd#us-gaap_CashAndCashEquivalentsAtCarryingValue" xlink:label="us-gaap_CashAndCashEquivalentsAtCarryingValue_634253740983929270" />
    <calculationArc xlink:type="arc" xlink:arcrole="http://www.xbrl.org/2003/arcrole/summation-item" xlink:from="loc_AssetsCurrent" xlink:to="us-gaap_CashAndCashEquivalentsAtCarryingValue_634253740983929270" order="5" use="optional" weight="1" priority="3" />
    <loc xlink:type="locator" xlink:href="http://taxonomies.xbrl.us/us-gaap/2009/elts/us-gaap-2009-01-31.xsd#us-gaap_AccountsNotesAndLoansReceivableNetCurrent" xlink:label="loc_AccountsNotesAndLoansReceivableNetCurrent" />
    <loc xlink:type="locator" xlink:href="http://taxonomies.xbrl.us/us-gaap/2009/elts/us-gaap-2009-01-31.xsd#us-gaap_AccountsReceivableNetCurrent" xlink:label="loc_AccountsReceivableNetCurrent" />
    <calculationArc xlink:type="arc" xlink:arcrole="http://www.xbrl.org/2003/arcrole/summation-item" xlink:from="loc_AccountsNotesAndLoansReceivableNetCurrent" xlink:to="loc_AccountsReceivableNetCurrent" order="20" priority="1" use="prohibited" weight="1.0" />
    <loc xlink:type="locator" xlink:href="http://taxonomies.xbrl.us/us-gaap/2009/elts/us-gaap-2009-01-31.xsd#us-gaap_AccountsReceivableNetCurrent" xlink:label="us-gaap_AccountsReceivableNetCurrent_634253742210398312" />
    <calculationArc xlink:type="arc" xlink:arcrole="http://www.xbrl.org/2003/arcrole/summation-item" xlink:from="loc_AssetsCurrent" xlink:to="us-gaap_AccountsReceivableNetCurrent_634253742210398312" order="15" use="optional" weight="1" priority="1" />
    <loc xlink:type="locator" xlink:href="CFAInstituteTaxonomy_2010.xsd#cfainstitute_TemporarilyRestrictedNetAssets" xlink:label="cfainstitute_TemporarilyRestrictedNetAssets" />
    <calculationArc xlink:type="arc" xlink:arcrole="http://www.xbrl.org/2003/arcrole/summation-item" xlink:from="loc_StockholdersEquity" xlink:to="cfainstitute_TemporarilyRestrictedNetAssets" order="3.75" use="optional" weight="1" priority="1" />
  </calculationLink>
  <calculationLink xlink:role="http://www.cfainstitute.org/role/StatementStatementOfActivities" xlink:type="extended" xlink:title="124999 - Statement - Statement of Activities">
    <loc xlink:type="locator" xlink:href="http://taxonomies.xbrl.us/us-gaap/2009/elts/us-gaap-2009-01-31.xsd#us-gaap_IncomeLossFromContinuingOperations" xlink:label="us-gaap_IncomeLossFromContinuingOperations_634253503040252315" />
    <loc xlink:type="locator" xlink:href="CFAInstituteTaxonomy_2010.xsd#cfainstitute_NetAssetsBeginningOfYear" xlink:label="cfainstitute_NetAssetsBeginningOfYear" />
    <loc xlink:type="locator" xlink:href="CFAInstituteTaxonomy_2010.xsd#cfainstitute_NetAssetsEndOfYear" xlink:label="cfainstitute_NetAssetsEndOfYear" />
    <loc xlink:type="locator" xlink:href="CFAInstituteTaxonomy_2010.xsd#cfainstitute_ChangesInUnrestrictedNetAssets" xlink:label="cfainstitute_ChangesInUnrestrictedNetAssets" />
    <calculationArc xlink:type="arc" xlink:arcrole="http://www.xbrl.org/2003/arcrole/summation-item" xlink:from="us-gaap_IncomeLossFromContinuingOperations_634253503040252315" xlink:to="cfainstitute_ChangesInUnrestrictedNetAssets" order="5" use="optional" weight="1" priority="1" />
    <loc xlink:type="locator" xlink:href="CFAInstituteTaxonomy_2010.xsd#cfainstitute_OperatingCostsCfaAndCipmPrograms" xlink:label="cfainstitute_OperatingCostsCfaAndCipmPrograms" />
    <calculationArc xlink:type="arc" xlink:arcrole="http://www.xbrl.org/2003/arcrole/summation-item" xlink:from="cfainstitute_ChangesInUnrestrictedNetAssets" xlink:to="cfainstitute_OperatingCostsCfaAndCipmPrograms" order="1.5" use="optional" weight="1" priority="1" />
    <loc xlink:type="locator" xlink:href="CFAInstituteTaxonomy_2010.xsd#cfainstitute_UnrealizedGainsLossesOnInvestments" xlink:label="cfainstitute_UnrealizedGainsLossesOnInvestments" />
    <calculationArc xlink:type="arc" xlink:arcrole="http://www.xbrl.org/2003/arcrole/summation-item" xlink:from="cfainstitute_ChangesInUnrestrictedNetAssets" xlink:to="cfainstitute_UnrealizedGainsLossesOnInvestments" order="0.5" use="optional" weight="1" priority="1" />
  </calculationLink>
  <calculationLink xlink:role="http://xbrl.us/us-gaap/role/statement/StatementOfCashFlowsDirect" xlink:type="extended" xlink:title="172600 - Statement - Statement of Cash Flows, Direct Method Operating Activities">
    <loc xlink:type="locator" xlink:href="http://taxonomies.xbrl.us/us-gaap/2009/elts/us-gaap-2009-01-31.xsd#us-gaap_ProceedsFromOperatingActivities" xlink:label="loc_ProceedsFromOperatingActivities" />
    <loc xlink:type="locator" xlink:href="CFAInstituteTaxonomy_2010.xsd#cfainstitute_ProceedsFromCandidateFees" xlink:label="cfainstitute_ProceedsFromCandidateFees" />
    <calculationArc xlink:type="arc" xlink:arcrole="http://www.xbrl.org/2003/arcrole/summation-item" xlink:from="loc_ProceedsFromOperatingActivities" xlink:to="cfainstitute_ProceedsFromCandidateFees" order="5" use="optional" weight="1" priority="1" />
    <loc xlink:type="locator" xlink:href="CFAInstituteTaxonomy_2010.xsd#cfainstitute_ProceedsFromMemberAndSocietyDues" xlink:label="cfainstitute_ProceedsFromMemberAndSocietyDues" />
    <calculationArc xlink:type="arc" xlink:arcrole="http://www.xbrl.org/2003/arcrole/summation-item" xlink:from="loc_ProceedsFromOperatingActivities" xlink:to="cfainstitute_ProceedsFromMemberAndSocietyDues" order="7.5" use="optional" weight="1" priority="1" />
    <loc xlink:type="locator" xlink:href="CFAInstituteTaxonomy_2010.xsd#cfainstitute_ProceedsFromPublications" xlink:label="cfainstitute_ProceedsFromPublications" />
    <calculationArc xlink:type="arc" xlink:arcrole="http://www.xbrl.org/2003/arcrole/summation-item" xlink:from="loc_ProceedsFromOperatingActivities" xlink:to="cfainstitute_ProceedsFromPublications" order="8.75" use="optional" weight="1" priority="1" />
    <loc xlink:type="locator" xlink:href="CFAInstituteTaxonomy_2010.xsd#cfainstitute_ProceedsFromConferenceRegistrations" xlink:label="cfainstitute_ProceedsFromConferenceRegistrations" />
    <calculationArc xlink:type="arc" xlink:arcrole="http://www.xbrl.org/2003/arcrole/summation-item" xlink:from="loc_ProceedsFromOperatingActivities" xlink:to="cfainstitute_ProceedsFromConferenceRegistrations" order="9.375" use="optional" weight="1" priority="1" />
    <loc xlink:type="locator" xlink:href="CFAInstituteTaxonomy_2010.xsd#cfainstitute_ProceedsFromFundraising" xlink:label="cfainstitute_ProceedsFromFundraising" />
    <calculationArc xlink:type="arc" xlink:arcrole="http://www.xbrl.org/2003/arcrole/summation-item" xlink:from="loc_ProceedsFromOperatingActivities" xlink:to="cfainstitute_ProceedsFromFundraising" order="9.6875" use="optional" weight="1" priority="1" />
    <loc xlink:type="locator" xlink:href="http://taxonomies.xbrl.us/us-gaap/2009/elts/us-gaap-2009-01-31.xsd#us-gaap_PaymentsForOperatingActivities" xlink:label="loc_PaymentsForOperatingActivities" />
    <loc xlink:type="locator" xlink:href="CFAInstituteTaxonomy_2010.xsd#cfainstitute_PaymentsForEmployeeSalariesAndBenefits" xlink:label="cfainstitute_PaymentsForEmployeeSalariesAndBenefits" />
    <calculationArc xlink:type="arc" xlink:arcrole="http://www.xbrl.org/2003/arcrole/summation-item" xlink:from="loc_PaymentsForOperatingActivities" xlink:to="cfainstitute_PaymentsForEmployeeSalariesAndBenefits" order="15" use="optional" weight="1" priority="1" />
    <loc xlink:type="locator" xlink:href="CFAInstituteTaxonomy_2010.xsd#cfainstitute_PaymentsForExamRelatedExpenses" xlink:label="cfainstitute_PaymentsForExamRelatedExpenses" />
    <calculationArc xlink:type="arc" xlink:arcrole="http://www.xbrl.org/2003/arcrole/summation-item" xlink:from="loc_PaymentsForOperatingActivities" xlink:to="cfainstitute_PaymentsForExamRelatedExpenses" order="17.5" use="optional" weight="1" priority="1" />
    <loc xlink:type="locator" xlink:href="CFAInstituteTaxonomy_2010.xsd#cfainstitute_PaymentsForGraderRelatedExpenses" xlink:label="cfainstitute_PaymentsForGraderRelatedExpenses" />
    <calculationArc xlink:type="arc" xlink:arcrole="http://www.xbrl.org/2003/arcrole/summation-item" xlink:from="loc_PaymentsForOperatingActivities" xlink:to="cfainstitute_PaymentsForGraderRelatedExpenses" order="18.75" use="optional" weight="1" priority="1" />
    <loc xlink:type="locator" xlink:href="CFAInstituteTaxonomy_2010.xsd#cfainstitute_PaymentsForMemberRelatedExpenses" xlink:label="cfainstitute_PaymentsForMemberRelatedExpenses" />
    <calculationArc xlink:type="arc" xlink:arcrole="http://www.xbrl.org/2003/arcrole/summation-item" xlink:from="loc_PaymentsForOperatingActivities" xlink:to="cfainstitute_PaymentsForMemberRelatedExpenses" order="19.375" use="optional" weight="1" priority="1" />
    <loc xlink:type="locator" xlink:href="CFAInstituteTaxonomy_2010.xsd#cfainstitute_PaymentsForSocietyDuesRelatedExpenses" xlink:label="cfainstitute_PaymentsForSocietyDuesRelatedExpenses" />
    <calculationArc xlink:type="arc" xlink:arcrole="http://www.xbrl.org/2003/arcrole/summation-item" xlink:from="loc_PaymentsForOperatingActivities" xlink:to="cfainstitute_PaymentsForSocietyDuesRelatedExpenses" order="19.6875" use="optional" weight="1" priority="1" />
    <loc xlink:type="locator" xlink:href="CFAInstituteTaxonomy_2010.xsd#cfainstitute_PaymentsForInventoryAndPublications" xlink:label="cfainstitute_PaymentsForInventoryAndPublications" />
    <calculationArc xlink:type="arc" xlink:arcrole="http://www.xbrl.org/2003/arcrole/summation-item" xlink:from="loc_PaymentsForOperatingActivities" xlink:to="cfainstitute_PaymentsForInventoryAndPublications" order="19.84375" use="optional" weight="1" priority="1" />
    <loc xlink:type="locator" xlink:href="CFAInstituteTaxonomy_2010.xsd#cfainstitute_PaymentsForConferences" xlink:label="cfainstitute_PaymentsForConferences" />
    <calculationArc xlink:type="arc" xlink:arcrole="http://www.xbrl.org/2003/arcrole/summation-item" xlink:from="loc_PaymentsForOperatingActivities" xlink:to="cfainstitute_PaymentsForConferences" order="19.921875" use="optional" weight="1" priority="1" />
    <loc xlink:type="locator" xlink:href="CFAInstituteTaxonomy_2010.xsd#cfainstitute_PaymentsForAdvertisingAndPromotionExpenses" xlink:label="cfainstitute_PaymentsForAdvertisingAndPromotionExpenses" />
    <calculationArc xlink:type="arc" xlink:arcrole="http://www.xbrl.org/2003/arcrole/summation-item" xlink:from="loc_PaymentsForOperatingActivities" xlink:to="cfainstitute_PaymentsForAdvertisingAndPromotionExpenses" order="19.9609375" use="optional" weight="1" priority="1" />
    <loc xlink:type="locator" xlink:href="CFAInstituteTaxonomy_2010.xsd#cfainstitute_PaymentsForResearchRelatedExpenses" xlink:label="cfainstitute_PaymentsForResearchRelatedExpenses" />
    <calculationArc xlink:type="arc" xlink:arcrole="http://www.xbrl.org/2003/arcrole/summation-item" xlink:from="loc_PaymentsForOperatingActivities" xlink:to="cfainstitute_PaymentsForResearchRelatedExpenses" order="19.98046875" use="optional" weight="1" priority="1" />
    <loc xlink:type="locator" xlink:href="CFAInstituteTaxonomy_2010.xsd#cfainstitute_PaymentsForScholarshipExpenses" xlink:label="cfainstitute_PaymentsForScholarshipExpenses" />
    <calculationArc xlink:type="arc" xlink:arcrole="http://www.xbrl.org/2003/arcrole/summation-item" xlink:from="loc_PaymentsForOperatingActivities" xlink:to="cfainstitute_PaymentsForScholarshipExpenses" order="19.990234375" use="optional" weight="1" priority="1" />
    <loc xlink:type="locator" xlink:href="CFAInstituteTaxonomy_2010.xsd#cfainstitute_PaymentsForCreditCardFees" xlink:label="cfainstitute_PaymentsForCreditCardFees" />
    <calculationArc xlink:type="arc" xlink:arcrole="http://www.xbrl.org/2003/arcrole/summation-item" xlink:from="loc_PaymentsForOperatingActivities" xlink:to="cfainstitute_PaymentsForCreditCardFees" order="19.9951171875" use="optional" weight="1" priority="1" />
    <loc xlink:type="locator" xlink:href="CFAInstituteTaxonomy_2010.xsd#cfainstitute_PaymentsForTaxes" xlink:label="cfainstitute_PaymentsForTaxes" />
    <calculationArc xlink:type="arc" xlink:arcrole="http://www.xbrl.org/2003/arcrole/summation-item" xlink:from="loc_PaymentsForOperatingActivities" xlink:to="cfainstitute_PaymentsForTaxes" order="75" use="optional" weight="1" priority="1" />
    <loc xlink:type="locator" xlink:href="CFAInstituteTaxonomy_2010.xsd#cfainstitute_PaymentsForTravelOther" xlink:label="cfainstitute_PaymentsForTravelOther" />
    <calculationArc xlink:type="arc" xlink:arcrole="http://www.xbrl.org/2003/arcrole/summation-item" xlink:from="loc_PaymentsForOperatingActivities" xlink:to="cfainstitute_PaymentsForTravelOther" order="19.99755859375" use="optional" weight="1" priority="1" />
    <loc xlink:type="locator" xlink:href="CFAInstituteTaxonomy_2010.xsd#cfainstitute_PaymentsForConsultingServices" xlink:label="cfainstitute_PaymentsForConsultingServices" />
    <calculationArc xlink:type="arc" xlink:arcrole="http://www.xbrl.org/2003/arcrole/summation-item" xlink:from="loc_PaymentsForOperatingActivities" xlink:to="cfainstitute_PaymentsForConsultingServices" order="19.998779296875" use="optional" weight="1" priority="1" />
    <loc xlink:type="locator" xlink:href="CFAInstituteTaxonomy_2010.xsd#cfainstitute_PaymentsForOutsideCounsel" xlink:label="cfainstitute_PaymentsForOutsideCounsel" />
    <calculationArc xlink:type="arc" xlink:arcrole="http://www.xbrl.org/2003/arcrole/summation-item" xlink:from="loc_PaymentsForOperatingActivities" xlink:to="cfainstitute_PaymentsForOutsideCounsel" order="19.9993896484375" use="optional" weight="1" priority="1" />
    <loc xlink:type="locator" xlink:href="CFAInstituteTaxonomy_2010.xsd#cfainstitute_PaymentsForComputerMaintenance" xlink:label="cfainstitute_PaymentsForComputerMaintenance" />
    <calculationArc xlink:type="arc" xlink:arcrole="http://www.xbrl.org/2003/arcrole/summation-item" xlink:from="loc_PaymentsForOperatingActivities" xlink:to="cfainstitute_PaymentsForComputerMaintenance" order="19.9996948242188" use="optional" weight="1" priority="1" />
    <loc xlink:type="locator" xlink:href="CFAInstituteTaxonomy_2010.xsd#cfainstitute_PaymentsForProfessionalServices" xlink:label="cfainstitute_PaymentsForProfessionalServices" />
    <calculationArc xlink:type="arc" xlink:arcrole="http://www.xbrl.org/2003/arcrole/summation-item" xlink:from="loc_PaymentsForOperatingActivities" xlink:to="cfainstitute_PaymentsForProfessionalServices" order="19.9998474121094" use="optional" weight="1" priority="1" />
  </calculationLink>
</linkbase>