<?xml version="1.0" encoding="US-ASCII"?>
<link:linkbase xmlns:xsi="http://www.w3.org/2001/XMLSchema-instance"
xmlns:e="http://edgar/20110131"
xmlns:link="http://www.xbrl.org/2003/linkbase"
xmlns:xbrli="http://www.xbrl.org/2003/instance"
xmlns:xlink="http://www.w3.org/1999/xlink"
xsi:schemaLocation="http://www.xbrl.org/2003/linkbase http://www.xbrl.org/2003/xbrl-linkbase-2003-12-31.xsd">
<link:labelLink xlink:type="extended" xlink:role="http://www.xbrl.org/2003/role/link">
<link:loc xlink:type="locator" xlink:href="dropzero-20111231.xsd#e_Form10KMember"
xlink:label="Form10KMember"/>
<link:loc xlink:type="locator" xlink:href="dropzero-20111231.xsd#e_Exhibit31Member"
xlink:label="Exhibit31Member"/>
<link:loc xlink:type="locator" xlink:href="dropzero-20111231.xsd#e_AbcfsMember"
xlink:label="AbcfsMember"/>
<link:loc xlink:type="locator" xlink:href="dropzero-20111231.xsd#e_AbcMember"
xlink:label="AbcMember"/>
<link:loc xlink:type="locator" xlink:href="dropzero-20111231.xsd#e_Top" xlink:label="Top"/>
<link:loc xlink:type="locator"
xlink:href="http://xbrl.sec.gov/dei/2011/dei-2011-01-31.xsd#dei_DocumentType"
xlink:label="DocumentType"/>
<link:loc xlink:type="locator"
xlink:href="http://xbrl.sec.gov/dei/2011/dei-2011-01-31.xsd#dei_AmendmentFlag"
xlink:label="AmendmentFlag"/>
<link:loc xlink:type="locator"
xlink:href="http://xbrl.sec.gov/dei/2011/dei-2011-01-31.xsd#dei_AmendmentDescription"
xlink:label="AmendmentDescription"/>
<link:loc xlink:type="locator"
xlink:href="http://xbrl.sec.gov/dei/2011/dei-2011-01-31.xsd#dei_DocumentPeriodEndDate"
xlink:label="DocumentPeriodEndDate"/>
<link:loc xlink:type="locator"
xlink:href="http://xbrl.sec.gov/dei/2011/dei-2011-01-31.xsd#dei_EntityRegistrantName"
xlink:label="EntityRegistrantName"/>
<link:loc xlink:type="locator"
xlink:href="http://xbrl.sec.gov/dei/2011/dei-2011-01-31.xsd#dei_EntityCentralIndexKey"
xlink:label="EntityCentralIndexKey"/>
<link:loc xlink:type="locator"
xlink:href="http://xbrl.sec.gov/dei/2011/dei-2011-01-31.xsd#dei_CurrentFiscalYearEndDate"
xlink:label="CurrentFiscalYearEndDate"/>
<link:loc xlink:type="locator" xlink:href="dropzero-20111231.xsd#e_A" xlink:label="A"/>
<link:loc xlink:type="locator" xlink:href="dropzero-20111231.xsd#e_B" xlink:label="B"/>
<link:loc xlink:type="locator" xlink:href="dropzero-20111231.xsd#e_C" xlink:label="C"/>
<link:loc xlink:type="locator" xlink:href="dropzero-20111231.xsd#e_D" xlink:label="D"/>
<link:loc xlink:type="locator" xlink:href="dropzero-20111231.xsd#e_E" xlink:label="E"/>
<link:loc xlink:type="locator" xlink:href="dropzero-20111231.xsd#e_F" xlink:label="F"/>
<link:label xlink:type="resource" xlink:label="label_Form10KMember"
xlink:role="http://www.xbrl.org/2003/role/label"
xml:lang="en-US"
id="label_Form10KMember">Form 10K [Member]</link:label>
<link:label xlink:type="resource" xlink:label="label_Exhibit31Member"
xlink:role="http://www.xbrl.org/2003/role/label"
xml:lang="en-US"
id="label_Exhibit31Member">Exhibit 31 [Member]</link:label>
<link:label xlink:type="resource" xlink:label="label_AbcfsMember"
xlink:role="http://www.xbrl.org/2003/role/label"
xml:lang="en-US"
id="label_AbcfsMember">ABCFS [Member]</link:label>
<link:label xlink:type="resource" xlink:label="label_AbcMember"
xlink:role="http://www.xbrl.org/2003/role/label"
xml:lang="en-US"
id="label_AbcMember">ABC [Member]</link:label>
<link:label xlink:type="resource" xlink:label="label_Top"
xlink:role="http://www.xbrl.org/2003/role/label"
xml:lang="en-US"
id="label_Top">Top</link:label>
<link:label xlink:type="resource" xlink:label="label_DocumentType"
xlink:role="http://www.xbrl.org/2003/role/label"
xml:lang="en-US"
id="label_DocumentType">Document Type</link:label>
<link:label xlink:type="resource" xlink:label="label_AmendmentFlag"
xlink:role="http://www.xbrl.org/2003/role/label"
xml:lang="en-US"
id="label_AmendmentFlag">Amendment Flag</link:label>
<link:label xlink:type="resource" xlink:label="label_AmendmentDescription"
xlink:role="http://www.xbrl.org/2003/role/label"
xml:lang="en-US"
id="label_AmendmentDescription">Amendment Description</link:label>
<link:label xlink:type="resource" xlink:label="label_DocumentPeriodEndDate"
xlink:role="http://www.xbrl.org/2003/role/label"
xml:lang="en-US"
id="label_DocumentPeriodEndDate">Document Period End Date</link:label>
<link:label xlink:type="resource" xlink:label="label_EntityRegistrantName"
xlink:role="http://www.xbrl.org/2003/role/label"
xml:lang="en-US"
id="label_EntityRegistrantName">Registrant Name</link:label>
<link:label xlink:type="resource" xlink:label="label_EntityCentralIndexKey"
xlink:role="http://www.xbrl.org/2003/role/label"
xml:lang="en-US"
id="label_EntityCentralIndexKey">Central Index Key</link:label>
<link:label xlink:type="resource" xlink:label="label_CurrentFiscalYearEndDate"
xlink:role="http://www.xbrl.org/2003/role/label"
xml:lang="en-US"
id="label_CurrentFiscalYearEndDate">Current Fiscal Year End Date</link:label>
<link:label xlink:type="resource" xlink:label="label_A"
xlink:role="http://www.xbrl.org/2003/role/label"
xml:lang="en-US"
id="label_A">A</link:label>
<link:label xlink:type="resource" xlink:label="label_B"
xlink:role="http://www.xbrl.org/2003/role/label"
xml:lang="en-US"
id="label_B">B</link:label>
<link:label xlink:type="resource" xlink:label="label_C"
xlink:role="http://www.xbrl.org/2003/role/label"
xml:lang="en-US"
id="label_C">C</link:label>
<link:label xlink:type="resource" xlink:label="label_D"
xlink:role="http://www.xbrl.org/2003/role/label"
xml:lang="en-US"
id="label_D">D</link:label>
<link:label xlink:type="resource" xlink:label="label_E"
xlink:role="http://www.xbrl.org/2003/role/label"
xml:lang="en-US"
id="label_E">E</link:label>
<link:label xlink:type="resource" xlink:label="label_F"
xlink:role="http://www.xbrl.org/2003/role/label"
xml:lang="en-US"
id="label_F">F</link:label>
<link:labelArc xlink:type="arc" xlink:arcrole="http://www.xbrl.org/2003/arcrole/concept-label"
xlink:from="Form10KMember"
xlink:to="label_Form10KMember"/>
<link:labelArc xlink:type="arc" xlink:arcrole="http://www.xbrl.org/2003/arcrole/concept-label"
xlink:from="Exhibit31Member"
xlink:to="label_Exhibit31Member"/>
<link:labelArc xlink:type="arc" xlink:arcrole="http://www.xbrl.org/2003/arcrole/concept-label"
xlink:from="AbcfsMember"
xlink:to="label_AbcfsMember"/>
<link:labelArc xlink:type="arc" xlink:arcrole="http://www.xbrl.org/2003/arcrole/concept-label"
xlink:from="AbcMember"
xlink:to="label_AbcMember"/>
<link:labelArc xlink:type="arc" xlink:arcrole="http://www.xbrl.org/2003/arcrole/concept-label"
xlink:from="Top"
xlink:to="label_Top"/>
<link:labelArc xlink:type="arc" xlink:arcrole="http://www.xbrl.org/2003/arcrole/concept-label"
xlink:from="DocumentType"
xlink:to="label_DocumentType"/>
<link:labelArc xlink:type="arc" xlink:arcrole="http://www.xbrl.org/2003/arcrole/concept-label"
xlink:from="AmendmentFlag"
xlink:to="label_AmendmentFlag"/>
<link:labelArc xlink:type="arc" xlink:arcrole="http://www.xbrl.org/2003/arcrole/concept-label"
xlink:from="AmendmentDescription"
xlink:to="label_AmendmentDescription"/>
<link:labelArc xlink:type="arc" xlink:arcrole="http://www.xbrl.org/2003/arcrole/concept-label"
xlink:from="DocumentPeriodEndDate"
xlink:to="label_DocumentPeriodEndDate"/>
<link:labelArc xlink:type="arc" xlink:arcrole="http://www.xbrl.org/2003/arcrole/concept-label"
xlink:from="EntityRegistrantName"
xlink:to="label_EntityRegistrantName"/>
<link:labelArc xlink:type="arc" xlink:arcrole="http://www.xbrl.org/2003/arcrole/concept-label"
xlink:from="EntityCentralIndexKey"
xlink:to="label_EntityCentralIndexKey"/>
<link:labelArc xlink:type="arc" xlink:arcrole="http://www.xbrl.org/2003/arcrole/concept-label"
xlink:from="CurrentFiscalYearEndDate"
xlink:to="label_CurrentFiscalYearEndDate"/>
<link:labelArc xlink:type="arc" xlink:arcrole="http://www.xbrl.org/2003/arcrole/concept-label"
xlink:from="A"
xlink:to="label_A"/>
<link:labelArc xlink:type="arc" xlink:arcrole="http://www.xbrl.org/2003/arcrole/concept-label"
xlink:from="B"
xlink:to="label_B"/>
<link:labelArc xlink:type="arc" xlink:arcrole="http://www.xbrl.org/2003/arcrole/concept-label"
xlink:from="C"
xlink:to="label_C"/>
<link:labelArc xlink:type="arc" xlink:arcrole="http://www.xbrl.org/2003/arcrole/concept-label"
xlink:from="D"
xlink:to="label_D"/>
<link:labelArc xlink:type="arc" xlink:arcrole="http://www.xbrl.org/2003/arcrole/concept-label"
xlink:from="E"
xlink:to="label_E"/>
<link:labelArc xlink:type="arc" xlink:arcrole="http://www.xbrl.org/2003/arcrole/concept-label"
xlink:from="F"
xlink:to="label_F"/>
</link:labelLink>
</link:linkbase>