<?xml version="1.0" encoding="US-ASCII"?>
<link:linkbase xmlns:xsi="http://www.w3.org/2001/XMLSchema-instance"
xmlns:e="http://edgar/20110131"
xmlns:link="http://www.xbrl.org/2003/linkbase"
xmlns:xbrli="http://www.xbrl.org/2003/instance"
xmlns:xlink="http://www.w3.org/1999/xlink"
xsi:schemaLocation="http://www.xbrl.org/2003/linkbase http://www.xbrl.org/2003/xbrl-linkbase-2003-12-31.xsd">
<link:roleRef roleURI="http://edgar/role/OtherInformation" xlink:type="simple"
xlink:href="dropzero-20111231.xsd#OtherInformation"/>
<link:calculationLink xlink:type="extended" xlink:role="http://edgar/role/OtherInformation">
<link:loc xlink:type="locator" xlink:href="dropzero-20111231.xsd#e_F" xlink:label="F"/>
<link:loc xlink:type="locator" xlink:href="dropzero-20111231.xsd#e_A" xlink:label="A"/>
<link:loc xlink:type="locator" xlink:href="dropzero-20111231.xsd#e_B" xlink:label="B"/>
<link:loc xlink:type="locator" xlink:href="dropzero-20111231.xsd#e_C" xlink:label="C"/>
<link:loc xlink:type="locator" xlink:href="dropzero-20111231.xsd#e_D" xlink:label="D"/>
<link:loc xlink:type="locator" xlink:href="dropzero-20111231.xsd#e_E" xlink:label="E"/>
<link:calculationArc xlink:type="arc"
xlink:arcrole="http://www.xbrl.org/2003/arcrole/summation-item"
xlink:from="F"
xlink:to="A"
use="optional"
order="1.0"
weight="1.0"/>
<link:calculationArc xlink:type="arc"
xlink:arcrole="http://www.xbrl.org/2003/arcrole/summation-item"
xlink:from="F"
xlink:to="B"
use="optional"
order="2.0"
weight="1.0"/>
<link:calculationArc xlink:type="arc"
xlink:arcrole="http://www.xbrl.org/2003/arcrole/summation-item"
xlink:from="F"
xlink:to="C"
use="optional"
order="3.0"
weight="1.0"/>
<link:calculationArc xlink:type="arc"
xlink:arcrole="http://www.xbrl.org/2003/arcrole/summation-item"
xlink:from="F"
xlink:to="D"
use="optional"
order="4.0"
weight="1.0"/>
<link:calculationArc xlink:type="arc"
xlink:arcrole="http://www.xbrl.org/2003/arcrole/summation-item"
xlink:from="F"
xlink:to="E"
use="optional"
order="5.0"
weight="1.0"/>
</link:calculationLink>
</link:linkbase>