<?xml version="1.0" encoding="US-ASCII"?>
<xbrli:xbrl xmlns:xsi="http://www.w3.org/2001/XMLSchema-instance"
xmlns:e="http://edgar/20110131"
xmlns:link="http://www.xbrl.org/2003/linkbase"
xmlns:num="http://www.xbrl.org/dtr/type/numeric"
xmlns:nonnum="http://www.xbrl.org/dtr/type/non-numeric"
xmlns:xbrldt="http://xbrl.org/2005/xbrldt"
xmlns:xbrldi="http://xbrl.org/2006/xbrldi"
xmlns:xbrli="http://www.xbrl.org/2003/instance"
xmlns:iso4217="http://www.xbrl.org/2003/iso4217"
xmlns:dei="http://xbrl.sec.gov/dei/2011-01-31"
xmlns:xlink="http://www.w3.org/1999/xlink"
xsi:schemaLocation="http://xbrl.org/2006/xbrldi http://www.xbrl.org/2006/xbrldi-2006.xsd">
<link:schemaRef xlink:type="simple" xlink:href="dropzero-20111231.xsd"/>
<xbrli:context id="fy11">
<xbrli:entity>
<xbrli:identifier scheme="http://www.sec.gov/CIK">9876543210</xbrli:identifier>
</xbrli:entity>
<xbrli:period>
<xbrli:startDate>2011-01-01</xbrli:startDate>
<xbrli:endDate>2011-12-31</xbrli:endDate>
</xbrli:period>
</xbrli:context>
<xbrli:context id="fy10">
<xbrli:entity>
<xbrli:identifier scheme="http://www.sec.gov/CIK">9876543210</xbrli:identifier>
</xbrli:entity>
<xbrli:period>
<xbrli:startDate>2010-01-01</xbrli:startDate>
<xbrli:endDate>2010-12-31</xbrli:endDate>
</xbrli:period>
</xbrli:context>
<xbrli:context id="fy09">
<xbrli:entity>
<xbrli:identifier scheme="http://www.sec.gov/CIK">9876543210</xbrli:identifier>
</xbrli:entity>
<xbrli:period>
<xbrli:startDate>2009-01-01</xbrli:startDate>
<xbrli:endDate>2009-12-31</xbrli:endDate>
</xbrli:period>
</xbrli:context>
<xbrli:unit id="USD">
<xbrli:measure>iso4217:USD</xbrli:measure>
</xbrli:unit>
<dei:DocumentType contextRef="fy11">8-K</dei:DocumentType>
<dei:AmendmentFlag contextRef="fy11">false</dei:AmendmentFlag>
<dei:DocumentPeriodEndDate contextRef="fy11">2011-12-31</dei:DocumentPeriodEndDate>
<dei:EntityRegistrantName contextRef="fy11">DROPZERO</dei:EntityRegistrantName>
<dei:EntityCentralIndexKey contextRef="fy11">9876543210</dei:EntityCentralIndexKey>
<dei:CurrentFiscalYearEndDate contextRef="fy11">--12-31</dei:CurrentFiscalYearEndDate>
<e:A decimals="-6" contextRef="fy11" unitRef="USD">11000000</e:A>
<e:B decimals="-6" contextRef="fy11" unitRef="USD">11000000</e:B>
<e:C decimals="-7" contextRef="fy11" unitRef="USD">110000000</e:C>
<e:D decimals="-5" contextRef="fy11" unitRef="USD">11100000</e:D>
<e:E decimals="-6" contextRef="fy11" unitRef="USD">11000000</e:E>
<e:F decimals="-5" contextRef="fy11" unitRef="USD">154100000</e:F>
<e:A decimals="-9" contextRef="fy10" unitRef="USD">11000000000</e:A>
<e:B decimals="-9" contextRef="fy10" unitRef="USD">1000000000</e:B>
<e:D decimals="-6" contextRef="fy10" unitRef="USD">11000000</e:D>
<e:E decimals="0" contextRef="fy10" unitRef="USD">1100000</e:E>
<e:F decimals="-4" contextRef="fy10" unitRef="USD">12023100000.0</e:F>
<e:A decimals="-6" contextRef="fy09" unitRef="USD">11000000</e:A>
<e:B decimals="-6" contextRef="fy09" unitRef="USD">11000000</e:B>
<e:D decimals="-8" contextRef="fy09" unitRef="USD">1100000000</e:D>
<e:E decimals="-6" contextRef="fy09" unitRef="USD">11000000</e:E>
<e:F decimals="-6" contextRef="fy09" unitRef="USD">1133000000</e:F>
<e:C decimals="-6" contextRef="fy10" unitRef="USD">11000000</e:C>
</xbrli:xbrl>